date,open,high,low,close,volume
2015-01-05,20.145353317260742,20.222097396850586,19.70407485961914,19.713666915893555,9929169
2015-01-06,19.713666915893555,19.80959701538086,19.483434677124023,19.5122127532959,8117706
2015-01-07,19.646516799926758,19.780818939208984,19.42587661743164,19.4450626373291,7055473
2015-01-08,19.646516799926758,19.867155075073242,19.493026733398438,19.819189071655273,7873870
2015-01-09,19.70407485961914,19.780818939208984,19.368318557739258,19.464248657226562,9413084
2015-01-12,19.521806716918945,19.656108856201172,19.33953857421875,19.42587661743164,7972909
2015-01-13,19.23401641845703,19.502620697021484,19.186050415039062,19.40669059753418,12148518
2015-01-14,19.23401641845703,19.310760498046875,18.86948013305664,18.89826011657715,12479986
2015-01-15,19.06134033203125,19.090120315551758,16.57674789428711,17.200294494628906,65026743
2015-01-16,16.941282272338867,16.941282272338867,16.097095489501953,16.145061492919922,33007989
2015-01-19,16.308143615722656,16.682270050048828,16.173839569091797,16.49040985107422,16992346
2015-01-20,16.567155838012695,16.61511993408203,16.260177612304688,16.432851791381836,15809102
2015-01-21,16.40407371520996,16.413665771484375,16.068317413330078,16.346515655517578,14062058
2015-01-22,16.40407371520996,16.711050033569336,16.221805572509766,16.682270050048828,15753434
2015-01-23,16.711050033569336,16.78779411315918,16.567155838012695,16.76860809326172,12867459
2015-01-26,16.64389991760254,17.133142471313477,16.586341857910156,17.094770431518555,11686167
2015-01-27,17.1715145111084,17.36337661743164,16.80698013305664,17.04680633544922,12049532
2015-01-28,17.113956451416016,17.152328491210938,16.80698013305664,16.960468292236328,9887999
2015-01-29,16.93168830871582,17.113956451416016,16.749422073364258,17.037212371826172,8900838
2015-01-30,17.056398391723633,17.181108474731445,16.845352172851562,16.989248275756836,11353140
2015-02-02,17.037212371826172,17.267444610595703,17.027620315551758,17.20988655090332,9035143
2015-02-03,17.334596633911133,17.593608856201172,17.305816650390625,17.55523681640625,13349444
2015-02-04,17.57442283630371,17.737503051757812,17.46889877319336,17.737503051757812,10415414
2015-02-05,17.267444610595703,18.15000343322754,16.8261661529541,18.015701293945312,18675501
2015-02-06,18.006107330322266,18.313085556030273,17.95814323425293,18.15000343322754,9226018
2015-02-09,17.99651527404785,18.313085556030273,17.95814323425293,18.293899536132812,10299522
2015-02-10,18.39942169189453,18.581689834594727,18.34186363220215,18.409015655517578,11304993
2015-02-11,18.476167678833008,18.581689834594727,18.36104965209961,18.39942169189453,8853193
2015-02-12,18.49535369873047,18.811922073364258,18.485759735107422,18.70639991760254,10910875
2015-02-13,18.811922073364258,19.12849235534668,18.67761993408203,19.070934295654297,9107721
2015-02-16,18.984596252441406,19.224422454833984,18.946224212646484,19.138084411621094,5734493
2015-02-17,19.013376235961914,19.176456451416016,18.907852172851562,19.04215431213379,7659997
2015-02-18,19.12849235534668,19.329946517944336,19.070934295654297,19.310760498046875,6829626
2015-02-19,19.21483039855957,19.38750457763672,19.12849235534668,19.377910614013672,8816008
2015-02-20,19.310760498046875,19.521806716918945,19.243608474731445,19.435468673706055,9509424
2015-02-23,19.5122127532959,19.540992736816406,19.32035255432129,19.540992736816406,5829166
2015-02-24,19.56977081298828,19.61773681640625,19.435468673706055,19.56977081298828,6195893
2015-02-25,19.473840713500977,19.53139877319336,19.243608474731445,19.493026733398438,7833670
2015-02-26,19.464248657226562,19.675294876098633,19.435468673706055,19.61773681640625,8320171
2015-02-27,19.560178756713867,19.68488883972168,19.5122127532959,19.61773681640625,7072071
2015-03-02,19.627330780029297,19.761632919311523,19.55058479309082,19.752038955688477,7169026
2015-03-03,19.84796905517578,19.867155075073242,19.454654693603516,19.502620697021484,7160078
2015-03-04,19.521806716918945,19.66570281982422,19.291574478149414,19.502620697021484,6835952
2015-03-05,19.588958740234375,19.752038955688477,19.473840713500977,19.68488883972168,5983308
2015-03-06,19.68488883972168,19.886341094970703,19.63692283630371,19.7232608795166,7037643
2015-03-09,19.63692283630371,19.742446899414062,19.560178756713867,19.579364776611328,6067890
2015-03-10,19.55058479309082,19.675294876098633,19.310760498046875,19.416282653808594,7704186
2015-03-11,19.416282653808594,19.608144760131836,19.329946517944336,19.540992736816406,7194167
2015-03-12,19.483434677124023,19.521806716918945,19.310760498046875,19.35872459411621,7660221
2015-03-13,19.397096633911133,19.5122127532959,19.301166534423828,19.368318557739258,5628164
2015-03-16,19.435468673706055,19.70407485961914,19.42587661743164,19.63692283630371,7357918
2015-03-17,19.61773681640625,19.694480895996094,19.53139877319336,19.56977081298828,7424024
2015-03-18,19.63692283630371,19.876747131347656,19.588958740234375,19.732852935791016,7581090
2015-03-19,19.800003051757812,20.12616729736328,19.732852935791016,19.857561111450195,12264715
2015-03-20,19.943899154663086,20.08779525756836,19.819189071655273,20.05901527404785,14411512
2015-03-23,20.00145721435547,20.174131393432617,19.982271194458008,20.049423217773438,7404822
2015-03-24,19.963085174560547,20.12616729736328,19.84796905517578,19.972679138183594,6618804
2015-03-25,19.915119171142578,20.02064323425293,19.819189071655273,19.838375091552734,5700744
2015-03-26,19.66570281982422,19.742446899414062,19.483434677124023,19.694480895996094,9467908
2015-03-27,19.66570281982422,19.761632919311523,19.53139877319336,19.59855079650879,6911078
2015-03-30,19.742446899414062,19.963085174560547,19.66570281982422,19.943899154663086,6678120
2015-03-31,19.876747131347656,19.972679138183594,19.761632919311523,19.7904109954834,7267036
2015-04-01,19.752038955688477,20.011051177978516,19.70407485961914,19.876747131347656,6415133
2015-04-02,19.80959701538086,19.895933151245117,19.752038955688477,19.895933151245117,3639455
2015-04-07,19.857561111450195,20.174131393432617,19.800003051757812,20.10698127746582,6781015
2015-04-08,20.03982925415039,20.164539337158203,19.963085174560547,19.972679138183594,6358001
2015-04-09,19.982271194458008,20.289247512817383,19.982271194458008,20.154945373535156,8335983
2015-04-10,20.154945373535156,20.270061492919922,20.030237197875977,20.222097396850586,8290938
2015-04-13,20.270061492919922,20.31802749633789,20.193317413330078,20.27965545654297,4994645
2015-04-14,20.164539337158203,20.356399536132812,20.154945373535156,20.308433532714844,6496371
2015-04-15,20.308433532714844,20.538667678833008,20.308433532714844,20.461923599243164,6768897
2015-04-16,20.423551559448242,20.55785369873047,20.241283416748047,20.289247512817383,6282198
2015-04-17,20.33721351623535,20.36599349975586,19.867155075073242,19.943899154663086,12970012
2015-04-20,20.03982925415039,20.183725357055664,20.00145721435547,20.116573333740234,5603425
2015-04-21,20.289247512817383,20.433143615722656,20.21250343322754,20.27965545654297,8904916
2015-04-22,20.33721351623535,20.375585556030273,20.145353317260742,20.31802749633789,7890101
2015-04-23,20.394771575927734,20.423551559448242,19.876747131347656,19.972679138183594,11391735
2015-04-24,20.049423217773438,20.10698127746582,19.761632919311523,19.838375091552734,10346871
2015-04-27,19.915119171142578,20.202911376953125,19.761632919311523,20.202911376953125,10194137
2015-04-28,20.154945373535156,20.241283416748047,20.011051177978516,20.222097396850586,11196280
2015-04-29,20.33721351623535,20.59622573852539,19.915119171142578,20.03982925415039,10771176
2015-04-30,19.982271194458008,20.049423217773438,19.483434677124023,19.742446899414062,11589562
2015-05-04,19.68488883972168,19.7904109954834,19.56977081298828,19.70407485961914,9121650
2015-05-05,19.186050415039062,19.368318557739258,19.022968292236328,19.090120315551758,12256328
2015-05-06,19.099712371826172,19.186050415039062,18.879074096679688,18.984596252441406,11535925
2015-05-07,18.859888076782227,19.051748275756836,18.572097778320312,18.927038192749023,12537117
2015-05-08,19.118898391723633,19.61773681640625,19.04215431213379,19.560178756713867,13320864
2015-05-11,19.56977081298828,19.70407485961914,19.540992736816406,19.646516799926758,7529690
2015-05-12,19.540992736816406,19.588958740234375,19.291574478149414,19.4450626373291,9564924
2015-05-13,19.464248657226562,19.656108856201172,19.42587661743164,19.454654693603516,6629743
2015-05-15,19.454654693603516,19.66570281982422,19.368318557739258,19.5122127532959,9875278
2015-05-18,19.55058479309082,19.732852935791016,19.540992736816406,19.675294876098633,5739017
2015-05-19,19.70407485961914,19.867155075073242,19.560178756713867,19.59855079650879,8743563
2015-05-20,19.579364776611328,19.70407485961914,19.483434677124023,19.579364776611328,7398020
2015-05-21,19.483434677124023,19.761632919311523,19.483434677124023,19.742446899414062,6215600
2015-05-22,19.780818939208984,19.780818939208984,19.588958740234375,19.61773681640625,6201041
2015-05-26,19.579364776611328,19.895933151245117,19.53139877319336,19.742446899414062,8427138
2015-05-27,19.84796905517578,20.078201293945312,19.80959701538086,20.049423217773438,9848733
2015-05-28,20.00145721435547,20.05901527404785,19.943899154663086,19.991865158081055,7116036
2015-05-29,19.963085174560547,20.02064323425293,19.7232608795166,19.7232608795166,14449726
2015-06-01,19.752038955688477,19.800003051757812,19.61773681640625,19.7232608795166,7477774
2015-06-02,19.771224975585938,19.886341094970703,19.70407485961914,19.7904109954834,10307133
2015-06-03,19.80959701538086,20.164539337158203,19.800003051757812,20.164539337158203,13451762
2015-06-04,20.05901527404785,21.25814437866211,20.02064323425293,20.884016036987305,26714626
2015-06-05,20.826457977294922,20.884016036987305,20.481109619140625,20.663375854492188,16675360
2015-06-08,20.644189834594727,20.672969818115234,20.289247512817383,20.3468074798584,9496754
2015-06-09,20.289247512817383,20.394771575927734,20.145353317260742,20.308433532714844,12845021
2015-06-10,20.308433532714844,20.586631774902344,20.260469436645508,20.52907371520996,8756696
2015-06-11,20.433143615722656,20.59622573852539,20.289247512817383,20.40436553955078,12256432
2015-06-12,20.29884147644043,20.538667678833008,20.25087547302246,20.327621459960938,9042042
2015-06-15,20.145353317260742,20.231689453125,20.03982925415039,20.12616729736328,7278903
2015-06-16,20.00145721435547,20.308433532714844,19.982271194458008,20.25087547302246,9429271
2015-06-17,20.222097396850586,20.3468074798584,20.164539337158203,20.193317413330078,7474788
2015-06-18,19.713666915893555,19.7904109954834,19.281980514526367,19.540992736816406,20826926
2015-06-19,19.675294876098633,19.991865158081055,19.63692283630371,19.771224975585938,24348462
2015-06-22,19.867155075073242,20.05901527404785,19.800003051757812,19.924713134765625,10284701
2015-06-23,19.953493118286133,20.164539337158203,19.905527114868164,19.93430519104004,11367978
2015-06-24,19.895933151245117,19.972679138183594,19.59855079650879,19.66570281982422,12054727
2015-06-25,19.502620697021484,19.694480895996094,19.416282653808594,19.493026733398438,8967057
2015-06-26,19.377910614013672,19.473840713500977,19.176456451416016,19.454654693603516,7346341
2015-06-29,18.946224212646484,19.33953857421875,18.879074096679688,19.195642471313477,9317710
2015-06-30,18.994190216064453,19.08052635192871,18.78314208984375,18.78314208984375,11868358
2015-07-01,18.8886661529541,19.21483039855957,18.821516036987305,19.022968292236328,7719633
2015-07-02,18.975004196166992,19.06134033203125,18.859888076782227,18.879074096679688,6430922
2015-07-03,18.83110809326172,18.86948013305664,18.581689834594727,18.754364013671875,5414899
2015-07-06,18.524131774902344,18.687213897705078,18.4473876953125,18.600875854492188,5519857
2015-07-07,18.600875854492188,18.63924789428711,18.197969436645508,18.23634147644043,7461403
2015-07-08,18.27471351623535,18.504945755004883,18.245933532714844,18.370643615722656,7348917
2015-07-09,18.418607711791992,18.51453971862793,18.27471351623535,18.370643615722656,7512046
2015-07-10,18.715991973876953,18.715991973876953,18.485759735107422,18.600875854492188,5142346
2015-07-13,18.70639991760254,19.022968292236328,18.687213897705078,18.95581817626953,7509851
2015-07-14,18.95581817626953,19.099712371826172,18.86948013305664,19.051748275756836,5342747
2015-07-15,18.946224212646484,18.95581817626953,18.648841857910156,18.811922073364258,10074555
2015-07-16,18.85029411315918,19.205236434936523,18.83110809326172,19.14767837524414,10213507
2015-07-17,19.090120315551758,19.1668643951416,19.032562255859375,19.118898391723633,7526383
2015-07-20,19.138084411621094,19.23401641845703,19.08052635192871,19.23401641845703,5261360
2015-07-21,19.243608474731445,19.272388458251953,19.04215431213379,19.08052635192871,5708939
2015-07-22,19.013376235961914,19.04215431213379,18.648841857910156,18.859888076782227,9265386
2015-07-23,19.473840713500977,19.761632919311523,19.186050415039062,19.186050415039062,12955857
2015-07-24,19.12849235534668,19.21483039855957,18.735177993774414,18.811922073364258,9454531
2015-07-27,18.610469818115234,18.62006187438965,18.102039337158203,18.18837547302246,11137448
2015-07-28,18.303491592407227,18.332271575927734,18.197969436645508,18.303491592407227,7929643
2015-07-29,18.332271575927734,18.49535369873047,18.284305572509766,18.4473876953125,5713759
2015-07-30,18.572097778320312,18.80232810974121,18.485759735107422,18.70639991760254,6564816
2015-07-31,18.735177993774414,18.83110809326172,18.668027877807617,18.83110809326172,5288587
2015-08-03,18.78314208984375,18.927038192749023,18.715991973876953,18.792736053466797,4322972
2015-08-04,18.773550033569336,18.93663215637207,18.7255859375,18.859888076782227,5707245
2015-08-05,18.86948013305664,19.694480895996094,18.754364013671875,19.281980514526367,15722322
2015-08-06,19.272388458251953,19.4450626373291,19.1668643951416,19.224422454833984,5665542
2015-08-07,19.205236434936523,19.483434677124023,19.186050415039062,19.377910614013672,6787430
2015-08-10,19.38750457763672,19.61773681640625,19.205236434936523,19.56977081298828,6813295
2015-08-11,19.32035255432129,19.560178756713867,19.243608474731445,19.291574478149414,7814589
2015-08-12,19.157270431518555,19.157270431518555,18.65843391418457,18.754364013671875,10437366
2015-08-13,19.04215431213379,19.04215431213379,18.754364013671875,18.83110809326172,7223498
2015-08-14,18.89826011657715,18.965410232543945,18.668027877807617,18.70639991760254,6686746
2015-08-17,18.78314208984375,18.83110809326172,18.63924789428711,18.754364013671875,5020801
2015-08-18,18.687213897705078,18.744770050048828,18.629655838012695,18.668027877807617,4788531
2015-08-19,18.572097778320312,18.600875854492188,18.293899536132812,18.322677612304688,8752386
2015-08-20,18.226747512817383,18.34186363220215,17.929363250732422,17.99651527404785,10215555
2015-08-21,17.641572952270508,17.900585174560547,17.564828872680664,17.57442283630371,12462427
2015-08-24,17.123550415039062,17.22907257080078,16.413665771484375,16.922096252441406,19049147
2015-08-25,17.123550415039062,17.478492736816406,17.027620315551758,17.3825626373291,14450600
2015-08-26,17.1715145111084,17.3825626373291,16.922096252441406,17.152328491210938,11388478
2015-08-27,17.55523681640625,17.8909912109375,17.4497127532959,17.74709701538086,9408369
2015-08-28,17.823841094970703,17.881399154663086,17.55523681640625,17.804655075073242,7297019
2015-08-31,17.699132919311523,17.91017723083496,17.57442283630371,17.91017723083496,5504782
2015-09-01,17.74709701538086,17.833433151245117,17.55523681640625,17.651166915893555,11178514
2015-09-02,17.651166915893555,17.795061111450195,17.353782653808594,17.430526733398438,7831022
2015-09-03,17.603200912475586,17.78546905517578,17.478492736816406,17.67994499206543,8352266
2015-09-04,17.4497127532959,17.459306716918945,17.075584411621094,17.20988655090332,10108624
2015-09-07,17.334596633911133,17.478492736816406,17.1715145111084,17.238666534423828,5390819
2015-09-08,17.622386932373047,17.948549270629883,17.622386932373047,17.78546905517578,11091694
2015-09-09,18.169189453125,18.245933532714844,17.775875091552734,17.775875091552734,9901094
2015-09-10,17.631980895996094,17.67994499206543,17.334596633911133,17.420934677124023,9927201
2015-09-11,17.497678756713867,17.55523681640625,17.411340713500977,17.478492736816406,7915754
2015-09-14,17.420934677124023,17.57442283630371,17.219480514526367,17.29622459411621,6355271
2015-09-15,17.27703857421875,17.411340713500977,17.037212371826172,17.372968673706055,6865434
2015-09-16,17.4497127532959,17.57442283630371,17.3825626373291,17.46889877319336,7532331
2015-09-17,17.4497127532959,17.459306716918945,17.20988655090332,17.36337661743164,7880050
2015-09-18,17.142736434936523,17.267444610595703,16.76860809326172,16.797386169433594,23810773
2015-09-21,16.797386169433594,17.008434295654297,16.70145606994629,16.950876235961914,8242243
2015-09-22,16.778200149536133,16.8261661529541,16.432851791381836,16.49040985107422,14437192
2015-09-23,16.452037811279297,16.55756187438965,16.33692169189453,16.33692169189453,7228849
2015-09-24,16.33692169189453,16.40407371520996,15.953201293945312,16.03953742980957,13108802
2015-09-25,16.288957595825195,16.394479751586914,16.221805572509766,16.27936363220215,8185493
2015-09-28,16.260177612304688,16.356107711791992,16.077909469604492,16.106689453125,8608248
2015-09-29,15.953201293945312,16.31773567199707,15.818899154663086,16.231399536132812,10122424
2015-09-30,16.50959587097168,16.61511993408203,16.375293731689453,16.519189834594727,8434531
2015-10-01,16.691864013671875,16.73982810974121,16.36570167541504,16.423259735107422,8599835
2015-10-02,16.5479679107666,16.682270050048828,16.240991592407227,16.423259735107422,7199915
2015-10-05,16.61511993408203,16.97965431213379,16.586341857910156,16.902910232543945,9943987
2015-10-06,16.970062255859375,17.133142471313477,16.778200149536133,17.027620315551758,8122893
2015-10-07,17.027620315551758,17.334596633911133,16.97965431213379,17.075584411621094,7069593
2015-10-08,17.06599235534668,17.29622459411621,17.01802635192871,17.248258590698242,6212927
2015-10-09,17.4497127532959,17.67994499206543,17.401748657226562,17.50727081298828,6740443
2015-10-12,17.57442283630371,17.651166915893555,17.25785255432129,17.32500457763672,5987571
2015-10-13,17.238666534423828,17.267444610595703,16.960468292236328,17.075584411621094,5995710
2015-10-14,17.01802635192871,17.123550415039062,16.8933162689209,16.941282272338867,5826329
2015-10-15,17.027620315551758,17.027620315551758,16.78779411315918,16.93168830871582,6975828
2015-10-16,17.04680633544922,17.113956451416016,16.480817794799805,16.653491973876953,12584226
2015-10-19,16.624713897705078,16.80698013305664,16.375293731689453,16.40407371520996,9676113
2015-10-20,16.423259735107422,16.624713897705078,16.240991592407227,16.586341857910156,8181305
2015-10-21,16.864538192749023,17.06599235534668,16.5479679107666,16.59593391418457,10532489
2015-10-22,16.634305953979492,16.960468292236328,16.500003814697266,16.883724212646484,9785595
2015-10-23,17.027620315551758,17.564828872680664,16.960468292236328,17.411340713500977,11432972
2015-10-26,17.392154693603516,17.689537048339844,17.36337661743164,17.46889877319336,6052496
2015-10-27,17.401748657226562,17.55523681640625,17.27703857421875,17.4497127532959,6928824
2015-10-28,17.459306716918945,17.87180519104004,17.334596633911133,17.78546905517578,8245735
2015-10-29,17.804655075073242,17.929363250732422,17.66075897216797,17.823841094970703,6501077
2015-10-30,17.862213134765625,17.97732925415039,17.833433151245117,17.900585174560547,7024290
2015-11-02,17.78546905517578,18.111631393432617,17.7279109954834,18.015701293945312,5898640
2015-11-03,18.092445373535156,18.140411376953125,17.97732925415039,18.102039337158203,4955679
2015-11-04,18.15000343322754,18.389829635620117,18.140411376953125,18.284305572509766,7383843
2015-11-05,18.322677612304688,18.39942169189453,18.207561492919922,18.25552749633789,5358534
2015-11-06,18.25552749633789,18.55291175842285,18.169189453125,18.389829635620117,6626160
2015-11-09,18.46657371520996,18.600875854492188,18.245933532714844,18.265119552612305,7047567
2015-11-10,18.293899536132812,18.332271575927734,18.06366539001465,18.130817413330078,7931324
2015-11-11,18.18837547302246,18.456981658935547,18.140411376953125,18.18837547302246,4939225
2015-11-12,18.207561492919922,18.34186363220215,17.804655075073242,17.929363250732422,7781366
2015-11-13,17.833433151245117,17.948549270629883,17.612794876098633,17.74709701538086,6868128
2015-11-16,17.593608856201172,17.91017723083496,17.593608856201172,17.689537048339844,5966528
2015-11-17,17.95814323425293,18.293899536132812,17.881399154663086,18.18837547302246,8154954
2015-11-18,18.102039337158203,18.303491592407227,18.044479370117188,18.245933532714844,5395285
2015-11-19,18.34186363220215,18.504945755004883,18.169189453125,18.284305572509766,7088189
2015-11-20,18.409015655517578,18.504945755004883,18.303491592407227,18.42820167541504,6401990
2015-11-23,18.38023567199707,18.38023567199707,18.15000343322754,18.207561492919922,6534846
2015-11-24,18.121225357055664,18.245933532714844,17.862213134765625,18.178783416748047,6802870
2015-11-25,18.197969436645508,18.543317794799805,18.130817413330078,18.42820167541504,6763035
2015-11-26,18.409015655517578,18.600875854492188,18.36104965209961,18.524131774902344,4866677
2015-11-27,18.42820167541504,18.543317794799805,18.245933532714844,18.51453971862793,5100236
2015-11-30,18.36104965209961,18.754364013671875,18.351457595825195,18.715991973876953,10089780
2015-12-01,18.610469818115234,18.715991973876953,18.303491592407227,18.36104965209961,8785646
2015-12-02,18.332271575927734,18.36104965209961,18.140411376953125,18.293899536132812,6656804
2015-12-03,18.207561492919922,18.437793731689453,17.95814323425293,18.025293350219727,10256466
2015-12-04,17.881399154663086,17.97732925415039,17.689537048339844,17.843027114868164,9660798
2015-12-07,17.900585174560547,18.044479370117188,17.756689071655273,17.814247131347656,5500881
2015-12-08,17.66075897216797,17.670352935791016,17.25785255432129,17.46889877319336,8311568
2015-12-09,17.411340713500977,17.57442283630371,17.19070053100586,17.401748657226562,9668866
2015-12-10,17.315410614013672,17.392154693603516,17.161922454833984,17.219480514526367,9114226
2015-12-11,17.267444610595703,17.315410614013672,16.835758209228516,16.950876235961914,9370676
2015-12-14,16.960468292236328,17.152328491210938,16.78779411315918,16.797386169433594,7767385
2015-12-15,16.902910232543945,17.19070053100586,16.835758209228516,17.113956451416016,7643137
2015-12-16,17.113956451416016,17.161922454833984,16.8933162689209,16.91250228881836,11769704
2015-12-17,17.1715145111084,17.36337661743164,16.989248275756836,17.04680633544922,6380368
2015-12-18,16.941282272338867,16.970062255859375,16.76860809326172,16.76860809326172,17779033
2015-12-21,16.73982810974121,16.97965431213379,16.691864013671875,16.691864013671875,5698947
2015-12-22,16.78779411315918,16.797386169433594,16.567155838012695,16.711050033569336,4944527
2015-12-23,16.874130249023438,17.1715145111084,16.874130249023438,17.113956451416016,5174770
2015-12-28,17.1715145111084,17.372968673706055,17.133142471313477,17.181108474731445,3407037
2015-12-29,17.248258590698242,17.420934677124023,17.238666534423828,17.372968673706055,3875179
2015-12-30,17.430526733398438,17.440120697021484,17.219480514526367,17.22907257080078,5303846
2016-01-04,16.970062255859375,16.97965431213379,16.634305953979492,16.730236053466797,7408193
2016-01-05,16.61511993408203,16.778200149536133,16.50959587097168,16.624713897705078,6956639
2016-01-06,16.567155838012695,16.634305953979492,16.3848876953125,16.461631774902344,8101925
2016-01-07,16.19302749633789,16.21221351623535,15.866864204406738,16.145061492919922,9787112
2016-01-08,16.00116539001465,16.19302749633789,15.761340141296387,15.761340141296387,10254706
2016-01-11,15.6078519821167,15.962794303894043,15.550293922424316,15.694189071655273,8848036
2016-01-12,15.655817031860352,16.116281509399414,15.598258972167969,15.943608283996582,10528122
2016-01-13,16.097095489501953,16.269771575927734,16.049131393432617,16.097095489501953,7198137
2016-01-14,15.876457214355469,16.173839569091797,15.684596061706543,16.106689453125,11116482
2016-01-15,15.953201293945312,16.049131393432617,15.454363822937012,15.521514892578125,10601473
2016-01-18,15.473549842834473,15.713375091552734,15.396804809570312,15.444770812988281,5665174
2016-01-19,15.991573333740234,16.08750343322754,15.703782081604004,15.790119171142578,8637899
2016-01-20,15.483142852783203,15.559886932373047,15.291281700134277,15.387211799621582,10265200
2016-01-21,15.473549842834473,15.684596061706543,15.3296537399292,15.559886932373047,7788704
2016-01-22,15.90523624420166,16.288957595825195,15.857271194458008,16.08750343322754,7643342
2016-01-25,16.145061492919922,16.183433532714844,15.876457214355469,15.943608283996582,5849521
2016-01-26,15.732561111450195,16.29854965209961,15.684596061706543,16.260177612304688,7812067
2016-01-27,16.260177612304688,16.653491973876953,16.154653549194336,16.61511993408203,11195076
2016-01-28,16.61511993408203,16.797386169433594,16.394479751586914,16.461631774902344,8371593
2016-01-29,16.682270050048828,16.91250228881836,16.567155838012695,16.854944229125977,10828251
2016-02-01,17.027620315551758,17.027620315551758,16.605527877807617,16.8261661529541,6108724
2016-02-02,16.835758209228516,16.854944229125977,16.423259735107422,16.64389991760254,9056840
2016-02-03,17.1715145111084,17.315410614013672,16.308143615722656,16.55756187438965,12413022
2016-02-04,16.691864013671875,16.93168830871582,16.413665771484375,16.816572189331055,9761732
2016-02-05,16.845352172851562,17.08517837524414,16.70145606994629,16.883724212646484,7792021
2016-02-08,16.950876235961914,16.970062255859375,16.145061492919922,16.21221351623535,10549645
2016-02-09,16.08750343322754,16.29854965209961,15.665410041809082,15.857271194458008,11095352
2016-02-10,15.972387313842773,16.240991592407227,15.780526161193848,15.972387313842773,8801845
2016-02-11,15.818899154663086,15.838085174560547,15.320060729980469,15.473549842834473,9073055
2016-02-12,15.675003051757812,15.91482925415039,15.598258972167969,15.89564323425293,10108436
2016-02-15,16.164247512817383,16.452037811279297,16.135467529296875,16.413665771484375,6503645
2016-02-16,16.52878189086914,16.61511993408203,16.36570167541504,16.49040985107422,6917053
2016-02-17,16.6630859375,17.1043643951416,16.64389991760254,17.027620315551758,9317586
2016-02-18,17.075584411621094,17.248258590698242,16.950876235961914,17.1043643951416,8896415
2016-02-19,17.01802635192871,17.152328491210938,16.883724212646484,17.008434295654297,10419838
2016-02-22,17.075584411621094,17.25785255432129,17.06599235534668,17.142736434936523,5299455
2016-02-23,17.027620315551758,17.1715145111084,16.80698013305664,16.854944229125977,7065317
2016-02-24,16.854944229125977,16.854944229125977,16.36570167541504,16.854944229125977,7673027
2016-02-25,16.730236053466797,16.902910232543945,16.59593391418457,16.816572189331055,6460823
2016-02-26,17.06599235534668,17.22907257080078,16.99884033203125,17.06599235534668,5373753
2016-02-29,16.941282272338867,17.22907257080078,16.8261661529541,17.1715145111084,7441045
2016-03-01,17.20988655090332,17.372968673706055,17.142736434936523,17.34419059753418,5383063
2016-03-02,17.420934677124023,17.497678756713867,17.22907257080078,17.411340713500977,6033972
2016-03-03,17.564828872680664,17.708724975585938,17.4497127532959,17.55523681640625,6238785
2016-03-04,17.55523681640625,17.631980895996094,17.32500457763672,17.55523681640625,5778915
2016-03-07,17.55523681640625,17.67994499206543,17.478492736816406,17.67994499206543,4591563
2016-03-08,17.526456832885742,17.641572952270508,17.3825626373291,17.420934677124023,5610240
2016-03-09,17.53605079650879,17.641572952270508,17.3825626373291,17.478492736816406,4402410
2016-03-10,17.46889877319336,17.7279109954834,17.219480514526367,17.219480514526367,7955861
2016-03-11,17.353782653808594,17.631980895996094,17.34419059753418,17.593608856201172,5843345
2016-03-14,17.641572952270508,17.7279109954834,17.459306716918945,17.50727081298828,5155264
2016-03-15,17.459306716918945,17.478492736816406,17.315410614013672,17.36337661743164,6156832
2016-03-16,17.603200912475586,17.823841094970703,17.545642852783203,17.737503051757812,11421900
2016-03-17,17.91017723083496,18.169189453125,17.651166915893555,18.054073333740234,10839524
2016-03-18,18.197969436645508,18.21715545654297,17.986921310424805,18.082853317260742,34431513
2016-03-21,17.97732925415039,18.06366539001465,17.843027114868164,17.99651527404785,6278584
2016-03-22,17.91017723083496,18.015701293945312,17.718318939208984,18.015701293945312,5404727
2016-03-23,18.044479370117188,18.121225357055664,17.862213134765625,17.99651527404785,5830296
2016-03-24,17.843027114868164,17.852619171142578,17.603200912475586,17.689537048339844,4616777
2016-03-29,17.823841094970703,17.87180519104004,17.612794876098633,17.76628303527832,6081322
2016-03-30,17.87180519104004,18.169189453125,17.87180519104004,18.121225357055664,6457059
2016-03-31,18.082853317260742,18.082853317260742,17.8909912109375,17.97732925415039,5086908
2016-04-01,17.756689071655273,17.775875091552734,17.50727081298828,17.689537048339844,5948997
2016-04-04,17.651166915893555,18.111631393432617,17.603200912475586,17.948549270629883,6501489
2016-04-05,17.718318939208984,17.756689071655273,17.440120697021484,17.631980895996094,6050444
2016-04-06,17.478492736816406,17.631980895996094,17.401748657226562,17.593608856201172,6225596
2016-04-07,17.651166915893555,17.775875091552734,17.46889877319336,17.478492736816406,4702173
2016-04-08,17.603200912475586,17.843027114868164,17.53605079650879,17.814247131347656,5518245
2016-04-11,17.795061111450195,18.015701293945312,17.612794876098633,17.862213134765625,5860938
2016-04-12,17.8909912109375,18.15000343322754,17.775875091552734,18.102039337158203,6907911
2016-04-13,18.178783416748047,18.322677612304688,18.15000343322754,18.293899536132812,7340018
2016-04-14,18.303491592407227,18.504945755004883,18.265119552612305,18.4473876953125,4241546
2016-04-15,18.42820167541504,18.49535369873047,18.303491592407227,18.485759735107422,7246331
2016-04-18,18.265119552612305,18.49535369873047,18.169189453125,18.485759735107422,4378616
2016-04-19,18.51453971862793,18.792736053466797,18.504945755004883,18.735177993774414,7012865
2016-04-20,19.186050415039062,19.579364776611328,19.138084411621094,19.454654693603516,18084019
2016-04-21,19.5122127532959,19.579364776611328,19.205236434936523,19.464248657226562,9563328
2016-04-22,19.38750457763672,19.5122127532959,19.349132537841797,19.493026733398438,5967531
2016-04-25,19.493026733398438,19.55058479309082,19.1668643951416,19.329946517944336,6370713
2016-04-26,19.397096633911133,19.579364776611328,19.397096633911133,19.560178756713867,10205115
2016-04-27,19.521806716918945,19.70407485961914,19.5122127532959,19.656108856201172,9161913
2016-04-28,19.521806716918945,19.656108856201172,19.377910614013672,19.646516799926758,5713757
2016-04-29,19.397096633911133,19.560178756713867,19.32035255432129,19.454654693603516,7065213
2016-05-02,19.502620697021484,19.61773681640625,19.38750457763672,19.473840713500977,3996605
2016-05-03,19.368318557739258,19.397096633911133,19.157270431518555,19.310760498046875,6403856
2016-05-04,19.272388458251953,19.40669059753418,19.06134033203125,19.06134033203125,4411457
2016-05-06,19.14767837524414,19.253202438354492,19.04215431213379,19.186050415039062,5044777
2016-05-09,19.224422454833984,19.32035255432129,19.022968292236328,19.070934295654297,5803162
2016-05-10,19.118898391723633,19.349132537841797,19.090120315551758,19.291574478149414,6445958
2016-05-11,19.310760498046875,19.464248657226562,19.243608474731445,19.416282653808594,5986700
2016-05-12,19.291574478149414,19.5122127532959,19.21483039855957,19.253202438354492,5742137
2016-05-13,19.10930633544922,19.195642471313477,18.8886661529541,19.118898391723633,8819192
2016-05-17,19.176456451416016,19.377910614013672,19.138084411621094,19.23401641845703,6369648
2016-05-18,19.118898391723633,19.377910614013672,19.099712371826172,19.377910614013672,6357137
2016-05-19,19.21483039855957,19.32035255432129,19.138084411621094,19.176456451416016,6138382
2016-05-20,19.253202438354492,19.483434677124023,19.253202438354492,19.4450626373291,7444559
2016-05-23,19.473840713500977,19.608144760131836,19.301166534423828,19.59855079650879,6014963
2016-05-24,19.435468673706055,19.646516799926758,19.35872459411621,19.59855079650879,8196471
2016-05-25,19.66570281982422,19.771224975585938,19.61773681640625,19.656108856201172,6098994
2016-05-26,19.752038955688477,20.02064323425293,19.752038955688477,19.963085174560547,7991050
2016-05-27,19.905527114868164,20.12616729736328,19.867155075073242,20.10698127746582,7810110
2016-05-30,20.0686092376709,20.145353317260742,20.05901527404785,20.10698127746582,3533127
2016-05-31,20.03982925415039,20.0686092376709,19.780818939208984,19.838375091552734,24775250
2016-06-01,19.761632919311523,19.924713134765625,19.646516799926758,19.7904109954834,6750806
2016-06-02,19.752038955688477,19.895933151245117,19.70407485961914,19.752038955688477,6377218
2016-06-03,19.7904109954834,19.876747131347656,19.560178756713867,19.646516799926758,6177519
2016-06-06,19.7232608795166,19.924713134765625,19.66570281982422,19.838375091552734,5422327
2016-06-07,19.82878303527832,20.049423217773438,19.80959701538086,20.030237197875977,6321809
2016-06-08,19.924713134765625,19.943899154663086,19.742446899414062,19.80959701538086,6541925
2016-06-09,19.742446899414062,19.7904109954834,19.4450626373291,19.540992736816406,6739954
2016-06-10,19.493026733398438,19.493026733398438,19.21483039855957,19.243608474731445,8730581
2016-06-13,19.070934295654297,19.118898391723633,18.78314208984375,18.927038192749023,9098519
2016-06-14,18.744770050048828,18.821516036987305,18.591283798217773,18.648841857910156,9283512
2016-06-15,18.735177993774414,19.013376235961914,18.715991973876953,18.879074096679688,8085300
2016-06-16,18.610469818115234,18.840702056884766,18.51453971862793,18.63924789428711,9219986
2016-06-17,18.859888076782227,19.013376235961914,18.792736053466797,18.840702056884766,17582022
2016-06-20,19.205236434936523,19.464248657226562,19.195642471313477,19.464248657226562,9563797
2016-06-21,19.38750457763672,19.608144760131836,19.32035255432129,19.560178756713867,7621354
2016-06-22,19.627330780029297,19.732852935791016,19.435468673706055,19.68488883972168,5068584
2016-06-23,19.694480895996094,19.972679138183594,19.656108856201172,19.7904109954834,4639816
2016-06-24,18.46657371520996,19.04215431213379,18.313085556030273,18.80232810974121,16989058
2016-06-27,18.53372573852539,18.65843391418457,17.948549270629883,18.06366539001465,10509126
2016-06-28,18.38023567199707,18.42820167541504,18.054073333740234,18.054073333740234,9563824
2016-06-29,18.27471351623535,18.293899536132812,17.99651527404785,18.27471351623535,9226864
2016-06-30,18.245933532714844,18.370643615722656,18.092445373535156,18.34186363220215,8874491
2016-07-01,18.476167678833008,18.63924789428711,18.34186363220215,18.591283798217773,5811597
2016-07-04,18.687213897705078,18.70639991760254,18.322677612304688,18.42820167541504,3024222
2016-07-05,18.39942169189453,18.39942169189453,18.034887313842773,18.130817413330078,5098457
2016-07-06,18.102039337158203,18.21715545654297,17.833433151245117,17.948549270629883,6272021
2016-07-07,18.006107330322266,18.293899536132812,17.99651527404785,18.178783416748047,6464170
2016-07-08,18.178783416748047,18.524131774902344,18.121225357055664,18.51453971862793,7155984
2016-07-11,17.948549270629883,18.370643615722656,17.93895721435547,18.351457595825195,7078166
2016-07-12,18.34186363220215,18.55291175842285,18.293899536132812,18.4473876953125,6298399
2016-07-13,18.4473876953125,18.629655838012695,18.409015655517578,18.524131774902344,4900654
2016-07-14,18.562503814697266,18.89826011657715,18.543317794799805,18.811922073364258,5916022
2016-07-15,18.687213897705078,18.859888076782227,18.591283798217773,18.859888076782227,5929690
2016-07-18,18.8886661529541,19.003782272338867,18.78314208984375,18.85029411315918,4872386
2016-07-19,18.80232810974121,19.08052635192871,18.687213897705078,19.08052635192871,6940893
2016-07-20,19.138084411621094,19.32035255432129,19.06134033203125,19.253202438354492,6789572
2016-07-21,19.483434677124023,19.819189071655273,19.454654693603516,19.68488883972168,10885102
2016-07-22,19.56977081298828,19.943899154663086,19.56977081298828,19.742446899414062,7461764
2016-07-25,19.713666915893555,19.93430519104004,19.656108856201172,19.732852935791016,6795185
2016-07-26,19.713666915893555,19.924713134765625,19.675294876098633,19.905527114868164,6271934
2016-07-27,19.953493118286133,20.0686092376709,19.838375091552734,19.867155075073242,6474329
2016-07-28,19.780818939208984,19.972679138183594,19.780818939208984,19.7904109954834,8526505
2016-07-29,19.82878303527832,19.924713134765625,19.742446899414062,19.761632919311523,7141703
2016-08-02,19.761632919311523,19.819189071655273,19.502620697021484,19.560178756713867,7926055
2016-08-03,19.560178756713867,19.627330780029297,19.4450626373291,19.55058479309082,4151633
2016-08-04,19.66570281982422,19.867155075073242,19.646516799926758,19.867155075073242,5321012
2016-08-05,19.80959701538086,20.05901527404785,19.80959701538086,20.049423217773438,4676021
2016-08-08,20.08779525756836,20.21250343322754,20.030237197875977,20.193317413330078,4924525
2016-08-09,20.174131393432617,20.433143615722656,20.164539337158203,20.38517951965332,4254241
2016-08-10,20.260469436645508,20.59622573852539,20.260469436645508,20.538667678833008,5656321
2016-08-11,20.567445755004883,20.61541175842285,20.471515655517578,20.59622573852539,3951110
2016-08-12,20.59622573852539,20.701749801635742,20.55785369873047,20.701749801635742,4639023
2016-08-15,20.672969818115234,20.720935821533203,20.61541175842285,20.672969818115234,2668981
2016-08-16,20.52907371520996,20.586631774902344,20.38517951965332,20.423551559448242,4168564
2016-08-17,20.433143615722656,20.5098876953125,20.154945373535156,20.29884147644043,3569888
2016-08-18,20.40436553955078,20.538667678833008,20.40436553955078,20.538667678833008,4225863
2016-08-19,20.452329635620117,20.481109619140625,20.164539337158203,20.29884147644043,5630504
2016-08-22,20.289247512817383,20.548259735107422,20.202911376953125,20.260469436645508,4004577
2016-08-23,20.327621459960938,20.500295639038086,20.31802749633789,20.423551559448242,2974856
2016-08-24,20.31802749633789,20.481109619140625,20.260469436645508,20.471515655517578,2966264
2016-08-25,20.3468074798584,20.49070167541504,20.270061492919922,20.433143615722656,3560378
2016-08-26,20.442737579345703,20.605817794799805,20.356399536132812,20.567445755004883,2855349
2016-08-29,20.5098876953125,20.663375854492188,20.442737579345703,20.567445755004883,1986689
2016-08-30,20.586631774902344,20.711341857910156,20.52907371520996,20.538667678833008,3844392
2016-08-31,20.52907371520996,20.634597778320312,20.423551559448242,20.442737579345703,3847094
2016-09-01,20.452329635620117,20.567445755004883,20.31802749633789,20.375585556030273,4038850
2016-09-02,20.644189834594727,20.91279411315918,20.586631774902344,20.91279411315918,6553859
2016-09-05,20.903202056884766,21.008724212646484,20.903202056884766,20.941574096679688,2725064
2016-09-06,21.008724212646484,21.104656219482422,20.97994613647461,21.037504196166992,6292172
2016-09-07,21.075876235961914,21.21017837524414,20.989538192749023,21.075876235961914,7648925
2016-09-08,21.047096252441406,21.200586318969727,20.941574096679688,21.152620315551758,6513983
2016-09-09,21.123842239379883,21.267736434936523,20.9511661529541,20.97994613647461,7017703
2016-09-12,20.634597778320312,20.730527877807617,20.49070167541504,20.730527877807617,6863264
2016-09-13,20.855236053466797,21.037504196166992,20.759307861328125,20.83605194091797,6728263
2016-09-14,21.027910232543945,21.123842239379883,20.692155838012695,20.711341857910156,8921498
2016-09-15,20.605817794799805,20.7880859375,20.57703971862793,20.778493881225586,6427588
2016-09-16,20.826457977294922,20.855236053466797,20.471515655517578,20.605817794799805,20585161
2016-09-19,20.68256187438965,20.816865921020508,20.663375854492188,20.76889991760254,4777810
2016-09-20,20.720935821533203,21.01831817626953,20.644189834594727,20.864830017089844,4346888
2016-09-21,21.01831817626953,21.066282272338867,20.83605194091797,20.941574096679688,6576122
2016-09-22,21.056690216064453,21.25814437866211,21.047096252441406,21.200586318969727,5385074
2016-09-23,21.27733039855957,21.27733039855957,21.17180633544922,21.219772338867188,5845762
2016-09-26,21.08547019958496,21.08547019958496,20.941574096679688,20.97994613647461,5535841
2016-09-27,21.095062255859375,21.29651641845703,20.7880859375,20.884016036987305,6752797
2016-09-28,21.008724212646484,21.143028259277344,20.941574096679688,20.989538192749023,5355001
2016-09-29,21.200586318969727,21.248550415039062,20.855236053466797,20.903202056884766,4927717
2016-09-30,20.692155838012695,20.970352172851562,20.605817794799805,20.922388076782227,8184767
2016-10-03,20.99913215637207,21.19099235534668,20.97994613647461,21.08547019958496,5404594
2016-10-04,21.056690216064453,21.430818557739258,20.96076011657715,21.373260498046875,9040095
2016-10-05,21.286922454833984,21.344480514526367,21.095062255859375,21.286922454833984,6841322
2016-10-06,21.42122459411621,21.545934677124023,21.315702438354492,21.46919059753418,5604642
2016-10-07,21.440410614013672,21.565120697021484,21.325294494628906,21.40203857421875,5941469
2016-10-10,21.392446517944336,21.584306716918945,21.334888458251953,21.57471466064453,5184365
2016-10-11,21.5075626373291,21.603492736816406,21.286922454833984,21.286922454833984,5702563
2016-10-12,21.27733039855957,21.373260498046875,21.19099235534668,21.2293643951416,4260837
2016-10-13,21.162214279174805,21.219772338867188,20.922388076782227,21.01831817626953,5410157
2016-10-14,21.104656219482422,21.344480514526367,21.104656219482422,21.25814437866211,4976068
2016-10-17,21.21017837524414,21.325294494628906,21.162214279174805,21.19099235534668,4051122
2016-10-18,21.306108474731445,21.363666534423828,21.152620315551758,21.29651641845703,4320040
2016-10-19,21.23895835876465,21.373260498046875,21.123842239379883,21.306108474731445,4718124
2016-10-20,21.373260498046875,21.373260498046875,21.181400299072266,21.286922454833984,4118228
2016-10-21,21.334888458251953,21.373260498046875,21.200586318969727,21.27733039855957,3942277
2016-10-24,21.38285255432129,21.497970581054688,21.17180633544922,21.2293643951416,3987253
2016-10-25,21.267736434936523,21.306108474731445,21.095062255859375,21.104656219482422,4900369
2016-10-26,21.095062255859375,21.17180633544922,20.99913215637207,21.104656219482422,6453397
2016-10-27,20.00145721435547,20.097387313842773,19.53139877319336,19.713666915893555,21975560
2016-10-28,19.521806716918945,19.63692283630371,19.416282653808594,19.61773681640625,9500669
2016-10-31,19.464248657226562,19.63692283630371,19.435468673706055,19.56977081298828,7436365
2016-11-01,19.694480895996094,19.742446899414062,19.272388458251953,19.301166534423828,7098194
2016-11-02,19.186050415039062,19.253202438354492,19.022968292236328,19.138084411621094,8381744
2016-11-03,19.003782272338867,19.291574478149414,19.003782272338867,19.14767837524414,6894195
2016-11-04,19.022968292236328,19.14767837524414,18.91744613647461,19.14767837524414,7276220
2016-11-07,19.368318557739258,19.588958740234375,19.329946517944336,19.53139877319336,8091082
2016-11-08,19.53139877319336,19.627330780029297,19.349132537841797,19.502620697021484,4805962
2016-11-09,18.965410232543945,20.02064323425293,18.946224212646484,19.93430519104004,13158018
2016-11-10,20.097387313842773,20.40436553955078,19.982271194458008,20.164539337158203,11138836
2016-11-11,20.241283416748047,20.327621459960938,20.03982925415039,20.154945373535156,8239722
2016-11-14,20.270061492919922,20.471515655517578,20.12616729736328,20.260469436645508,7021983
2016-11-15,20.260469436645508,20.308433532714844,20.030237197875977,20.260469436645508,6653841
2016-11-16,20.260469436645508,20.375585556030273,20.116573333740234,20.154945373535156,5856711
2016-11-17,20.12616729736328,20.27965545654297,20.078201293945312,20.154945373535156,3855406
2016-11-18,20.21250343322754,20.222097396850586,19.953493118286133,20.03982925415039,5948577
2016-11-21,20.135759353637695,20.154945373535156,19.819189071655273,20.00145721435547,5994025
2016-11-22,20.10698127746582,20.145353317260742,19.93430519104004,20.03982925415039,5752394
2016-11-23,20.049423217773438,20.145353317260742,19.924713134765625,20.02064323425293,4272315
2016-11-24,20.011051177978516,20.097387313842773,19.982271194458008,20.00145721435547,3649749
2016-11-25,19.972679138183594,20.116573333740234,19.857561111450195,20.078201293945312,3993500
2016-11-28,20.011051177978516,20.03982925415039,19.819189071655273,19.876747131347656,4257115
2016-11-29,19.819189071655273,19.905527114868164,19.713666915893555,19.838375091552734,3982600
2016-11-30,19.84796905517578,19.991865158081055,19.771224975585938,19.876747131347656,20910103
2016-12-01,19.895933151245117,20.02064323425293,19.82878303527832,20.02064323425293,7218405
2016-12-02,19.943899154663086,20.05901527404785,19.800003051757812,19.991865158081055,5491357
2016-12-05,19.886341094970703,20.442737579345703,19.876747131347656,20.356399536132812,8211858
2016-12-06,20.270061492919922,20.394771575927734,20.202911376953125,20.29884147644043,4548853
2016-12-07,20.394771575927734,20.5098876953125,20.174131393432617,20.270061492919922,5633602
2016-12-08,20.308433532714844,20.38517951965332,20.241283416748047,20.36599349975586,6279131
2016-12-09,20.38517951965332,20.5098876953125,20.270061492919922,20.413957595825195,4846349
2016-12-12,20.59622573852539,20.759307861328125,20.548259735107422,20.644189834594727,8568935
2016-12-13,20.52907371520996,20.57703971862793,20.260469436645508,20.57703971862793,8632674
2016-12-14,20.605817794799805,20.749713897705078,20.538667678833008,20.625003814697266,7344203
2016-12-15,20.586631774902344,20.740121841430664,20.500295639038086,20.720935821533203,7366809
2016-12-16,20.605817794799805,20.749713897705078,20.605817794799805,20.701749801635742,10354895
2016-12-19,20.701749801635742,20.759307861328125,20.605817794799805,20.672969818115234,4074442
2016-12-20,20.720935821533203,20.855236053466797,20.692155838012695,20.80727195739746,4602924
2016-12-21,20.749713897705078,20.855236053466797,20.59622573852539,20.740121841430664,4239897
2016-12-22,20.625003814697266,20.759307861328125,20.625003814697266,20.730527877807617,3542020
2016-12-23,20.797679901123047,20.884016036987305,20.663375854492188,20.76889991760254,2497444
2016-12-27,20.749713897705078,20.816865921020508,20.692155838012695,20.778493881225586,2035974
2016-12-28,20.759307861328125,20.96076011657715,20.749713897705078,20.903202056884766,3904215
2016-12-29,20.76889991760254,20.903202056884766,20.672969818115234,20.903202056884766,3035837
2016-12-30,20.740121841430664,20.76889991760254,20.55785369873047,20.605817794799805,4034595
2017-01-03,20.778493881225586,20.97994613647461,20.740121841430664,20.845643997192383,5374664
2017-01-04,20.903202056884766,20.903202056884766,20.759307861328125,20.874422073364258,4191464
2017-01-05,20.884016036987305,20.903202056884766,20.701749801635742,20.884016036987305,5614873
2017-01-06,20.816865921020508,21.075876235961914,20.778493881225586,21.047096252441406,4374898
2017-01-09,21.008724212646484,21.066282272338867,20.80727195739746,20.96076011657715,5013980
2017-01-10,20.93198013305664,21.219772338867188,20.93198013305664,21.219772338867188,5608511
2017-01-11,21.497970581054688,21.862504959106445,21.459598541259766,21.689830780029297,12827248
2017-01-12,21.593900680541992,21.689830780029297,21.411632537841797,21.459598541259766,8432476
2017-01-13,21.53634262084961,21.7857608795166,21.478784561157227,21.74738883972168,5888325
2017-01-16,21.670644760131836,21.85291290283203,21.2293643951416,21.55552864074707,10873663
2017-01-17,21.51715660095215,21.584306716918945,21.248550415039062,21.497970581054688,6974889
2017-01-18,21.565120697021484,21.584306716918945,21.363666534423828,21.565120697021484,5287608
2017-01-19,21.57471466064453,21.804946899414062,21.526748657226562,21.74738883972168,6935045
2017-01-20,21.776166915893555,21.95843505859375,21.689830780029297,21.900876998901367,9962079
2017-01-23,21.83372688293457,21.900876998901367,21.66105079650879,21.756980895996094,6106827
2017-01-24,21.76657485961914,22.015993118286133,21.76657485961914,21.91046905517578,5544674
2017-01-25,22.06395721435547,22.5723876953125,22.006399154663086,22.524423599243164,12380052
2017-01-26,22.63953971862793,22.89855194091797,22.543609619140625,22.783435821533203,13926219
2017-01-27,22.773841857910156,22.8505859375,22.697097778320312,22.783435821533203,8013686
2017-01-30,22.773841857910156,22.86977195739746,22.543609619140625,22.562795639038086,6163445
2017-01-31,22.5723876953125,22.783435821533203,22.4093074798584,22.476457595825195,8434439
2017-02-01,22.735469818115234,22.812213897705078,22.524423599243164,22.524423599243164,6971531
2017-02-02,22.505237579345703,22.581981658935547,22.265411376953125,22.476457595825195,5563750
2017-02-03,22.46686553955078,22.55320167541504,22.370935440063477,22.495643615722656,4817584
2017-02-06,22.486051559448242,22.534015655517578,22.1311092376709,22.23663330078125,5926615
2017-02-07,22.179073333740234,22.514829635620117,22.111923217773438,22.370935440063477,6466318
2017-02-08,21.929655075073242,21.968027114868164,21.497970581054688,21.613086700439453,15521992
2017-02-09,21.689830780029297,21.929655075073242,21.689830780029297,21.85291290283203,9705703
2017-02-10,21.891284942626953,22.10232925415039,21.718608856201172,21.85291290283203,11419951
2017-02-13,22.044771194458008,22.111923217773438,22.006399154663086,22.06395721435547,5017138
2017-02-14,22.140701293945312,22.15029525756836,21.929655075073242,21.968027114868164,5564417
2017-02-15,22.06395721435547,22.073551177978516,21.862504959106445,22.044771194458008,4899403
2017-02-16,22.08314323425293,22.092737197875977,21.891284942626953,22.006399154663086,4599209
2017-02-17,22.015993118286133,22.035179138183594,21.737794876098633,21.83372688293457,9498238
2017-02-20,22.044771194458008,22.054365158081055,21.843318939208984,21.872098922729492,3588341
2017-02-21,21.900876998901367,22.246225357055664,21.85291290283203,22.198259353637695,7882392
2017-02-22,22.246225357055664,22.38052749633789,22.054365158081055,22.092737197875977,7226662
2017-02-23,22.207853317260742,22.21744728088379,21.987213134765625,21.996807098388672,5970984
2017-02-24,21.97762107849121,22.006399154663086,21.497970581054688,21.69942283630371,7025873
2017-02-27,21.776166915893555,21.7857608795166,21.565120697021484,21.709016799926758,4957352
2017-02-28,21.72820281982422,21.83372688293457,21.69942283630371,21.795352935791016,5244558
2017-03-01,21.824132919311523,22.198259353637695,21.824132919311523,22.140701293945312,6561413
2017-03-02,22.25581932067871,22.332563400268555,22.044771194458008,22.10232925415039,4718920
2017-03-03,21.996807098388672,22.015993118286133,21.891284942626953,21.97762107849121,5726843
2017-03-06,21.881690979003906,21.91046905517578,21.709016799926758,21.862504959106445,4700997
2017-03-07,21.872098922729492,22.015993118286133,21.76657485961914,21.91046905517578,6207545
2017-03-08,21.97762107849121,22.035179138183594,21.824132919311523,22.006399154663086,5681787
2017-03-09,21.929655075073242,21.929655075073242,21.603492736816406,21.718608856201172,8055128
2017-03-10,21.69942283630371,21.891284942626953,21.66105079650879,21.824132919311523,5282817
2017-03-13,21.862504959106445,21.97762107849121,21.76657485961914,21.7857608795166,5202157
2017-03-14,21.83372688293457,21.862504959106445,21.756980895996094,21.814538955688477,6595635
2017-03-15,21.804946899414062,22.006399154663086,21.804946899414062,21.968027114868164,5253174
2017-03-16,22.111923217773438,22.275005340576172,21.987213134765625,22.08314323425293,7813421
2017-03-17,22.111923217773438,22.294191360473633,21.996807098388672,22.265411376953125,16968004
2017-03-20,22.246225357055664,22.418899536132812,22.246225357055664,22.34215545654297,4511391
2017-03-21,22.34215545654297,22.46686553955078,22.08314323425293,22.159887313842773,7359369
2017-03-22,22.044771194458008,22.044771194458008,21.69942283630371,22.025585174560547,11371882
2017-03-23,21.996807098388672,22.351749420166016,21.900876998901367,22.332563400268555,5335782
2017-03-24,22.265411376953125,22.36134147644043,22.054365158081055,22.23663330078125,5802991
2017-03-27,22.06395721435547,22.073551177978516,21.824132919311523,21.996807098388672,6173455
2017-03-28,22.12151527404785,22.265411376953125,22.073551177978516,22.207853317260742,6488011
2017-03-29,22.332563400268555,22.351749420166016,22.227039337158203,22.275005340576172,5067215
2017-03-30,22.246225357055664,22.42849349975586,22.179073333740234,22.418899536132812,5304454
2017-03-31,22.44767951965332,22.486051559448242,22.16948127746582,22.476457595825195,6273793
2017-04-03,22.534015655517578,22.610761642456055,22.265411376953125,22.34215545654297,5982186
2017-04-04,22.4093074798584,22.591575622558594,22.275005340576172,22.46686553955078,6707574
2017-04-05,22.4093074798584,22.562795639038086,22.16948127746582,22.390121459960938,6932968
2017-04-06,22.246225357055664,22.534015655517578,22.207853317260742,22.514829635620117,5983621
2017-04-07,22.4093074798584,22.55320167541504,22.303783416748047,22.55320167541504,4475720
2017-04-10,22.62035369873047,22.62035369873047,22.351749420166016,22.351749420166016,7858315
2017-04-11,22.06395721435547,22.23663330078125,21.968027114868164,22.207853317260742,9812878
2017-04-12,22.140701293945312,22.275005340576172,22.092737197875977,22.159887313842773,9413765
2017-04-13,22.073551177978516,22.16948127746582,21.95843505859375,22.054365158081055,8252302
2017-04-18,22.035179138183594,22.092737197875977,21.641864776611328,21.804946899414062,10782099
2017-04-19,21.219772338867188,21.46919059753418,21.19099235534668,21.373260498046875,11707689
2017-04-20,21.565120697021484,21.862504959106445,21.478784561157227,21.804946899414062,9132838
2017-04-21,22.035179138183594,22.246225357055664,22.035179138183594,22.227039337158203,13820084
2017-04-24,22.5723876953125,22.821807861328125,22.5723876953125,22.793027877807617,10997033
2017-04-25,22.821807861328125,23.02326011657715,22.610761642456055,22.984888076782227,9897251
2017-04-26,23.013668060302734,23.27267837524414,22.927330017089844,23.23430633544922,7540131
2017-04-27,23.071226119995117,23.397388458251953,23.004074096679688,23.35901641845703,6636826
2017-04-28,23.330236434936523,23.464540481567383,23.27267837524414,23.368610382080078,7107621
2017-05-02,23.406982421875,23.445354461669922,23.311050415039062,23.416574478149414,7644648
2017-05-03,23.397388458251953,23.406982421875,23.243900299072266,23.349424362182617,5910361
2017-05-04,23.406982421875,23.474132537841797,23.30145835876465,23.416574478149414,5393265
2017-05-05,23.27267837524414,23.493318557739258,23.243900299072266,23.464540481567383,4835828
2017-05-08,23.493318557739258,23.493318557739258,23.243900299072266,23.464540481567383,5047038
2017-05-09,23.502912521362305,23.781110763549805,23.502912521362305,23.694772720336914,5791134
2017-05-10,23.59884262084961,23.761924743652344,23.502912521362305,23.752330780029297,5203808
2017-05-11,23.82907485961914,23.87704086303711,23.61802864074707,23.704364776611328,5922701
2017-05-12,23.761924743652344,23.781110763549805,23.57965660095215,23.704364776611328,7393418
2017-05-15,23.761924743652344,23.761924743652344,23.474132537841797,23.675586700439453,4044757
2017-05-16,23.723552703857422,23.85785484313965,23.57965660095215,23.771516799926758,5874404
2017-05-17,23.656400680541992,23.723552703857422,23.205528259277344,23.311050415039062,7556358
2017-05-18,23.23430633544922,23.30145835876465,22.86977195739746,23.1287841796875,9900327
2017-05-19,23.215120315551758,23.435760498046875,23.186342239379883,23.311050415039062,8299125
2017-05-22,23.416574478149414,23.464540481567383,23.30145835876465,23.378202438354492,5856717
2017-05-23,23.243900299072266,23.2918643951416,23.04244613647461,23.263086318969727,6254144
2017-05-24,23.119190216064453,23.42616844177246,23.119190216064453,23.38779640197754,5077362
2017-05-26,23.282272338867188,23.35901641845703,23.10959815979004,23.330236434936523,5272367
2017-05-29,23.27267837524414,23.42616844177246,23.224714279174805,23.368610382080078,2100485
2017-05-30,23.282272338867188,23.378202438354492,23.25349235534668,23.32064437866211,4937658
2017-05-31,23.2918643951416,23.483726501464844,23.176748275756836,23.33983039855957,14139476
2017-06-01,23.330236434936523,23.560470581054688,23.30145835876465,23.397388458251953,5009249
2017-06-02,23.502912521362305,23.838668823242188,23.464540481567383,23.819482803344727,7801180
2017-06-06,23.627620697021484,23.733144760131836,23.522098541259766,23.55087661743164,7620615
2017-06-07,23.53169059753418,23.5700626373291,23.38779640197754,23.38779640197754,6982349
2017-06-08,23.406982421875,23.560470581054688,23.378202438354492,23.474132537841797,5518037
2017-06-09,23.464540481567383,23.665992736816406,23.464540481567383,23.57965660095215,3585468
2017-06-12,23.55087661743164,23.55087661743164,23.157562255859375,23.243900299072266,5099558
2017-06-13,23.224714279174805,23.493318557739258,23.167156219482422,23.435760498046875,6430704
2017-06-14,23.522098541259766,23.694772720336914,23.368610382080078,23.368610382080078,5984005
2017-06-15,23.330236434936523,23.330236434936523,23.10959815979004,23.25349235534668,7545940
2017-06-16,23.464540481567383,23.502912521362305,23.224714279174805,23.502912521362305,12210522
2017-06-19,23.694772720336914,23.771516799926758,23.608434677124023,23.761924743652344,5483401
2017-06-20,23.82907485961914,23.87704086303711,23.493318557739258,23.493318557739258,6795365
2017-06-21,23.42616844177246,23.627620697021484,23.23430633544922,23.608434677124023,6278275
2017-06-22,23.522098541259766,23.59884262084961,23.416574478149414,23.57965660095215,6968616
2017-06-23,23.560470581054688,23.608434677124023,23.406982421875,23.5700626373291,3291349
2017-06-26,23.627620697021484,23.771516799926758,23.55087661743164,23.627620697021484,4112661
2017-06-27,23.5700626373291,23.608434677124023,23.406982421875,23.406982421875,6477181
2017-06-28,23.32064437866211,23.32064437866211,22.965702056884766,23.090412139892578,10004117
2017-06-29,23.205528259277344,23.25349235534668,22.668319702148438,22.668319702148438,7315080
2017-06-30,22.697097778320312,22.927330017089844,22.65872573852539,22.716283798217773,7536710
2017-07-03,22.83139991760254,23.052040100097656,22.83139991760254,22.984888076782227,5262307
2017-07-04,22.840993881225586,22.917736053466797,22.754655838012695,22.754655838012695,3068111
2017-07-05,22.70669174194336,22.917736053466797,22.65872573852539,22.917736053466797,5047803
2017-07-06,22.860179901123047,22.917736053466797,22.601167678833008,22.83139991760254,5779045
2017-07-07,22.793027877807617,22.86977195739746,22.668319702148438,22.735469818115234,5289651
2017-07-10,22.908143997192383,22.946516036987305,22.812213897705078,22.83139991760254,5673386
2017-07-11,22.936922073364258,23.04244613647461,22.793027877807617,22.879365921020508,4987024
2017-07-12,22.879365921020508,23.33983039855957,22.879365921020508,23.311050415039062,5258941
2017-07-13,23.27267837524414,23.42616844177246,23.138376235961914,23.138376235961914,5911411
2017-07-14,23.08081817626953,23.14797019958496,22.975296020507812,23.138376235961914,4595888
2017-07-17,23.195934295654297,23.282272338867188,23.013668060302734,23.14797019958496,4493952
2017-07-18,23.052040100097656,23.167156219482422,22.74506378173828,22.812213897705078,5253159
2017-07-19,22.888957977294922,23.04244613647461,22.812213897705078,22.927330017089844,5525698
2017-07-20,22.4093074798584,22.457271575927734,22.111923217773438,22.294191360473633,14188729
2017-07-21,22.073551177978516,22.12151527404785,21.526748657226562,21.622678756713867,15441236
2017-07-24,21.51715660095215,21.632272720336914,21.286922454833984,21.286922454833984,10239207
2017-07-25,21.27733039855957,21.430818557739258,21.267736434936523,21.392446517944336,8492581
2017-07-26,21.344480514526367,21.603492736816406,21.334888458251953,21.411632537841797,7255064
2017-07-27,21.392446517944336,21.632272720336914,21.392446517944336,21.55552864074707,6229790
2017-07-28,21.613086700439453,21.795352935791016,21.526748657226562,21.74738883972168,7171263
2017-07-31,21.795352935791016,21.891284942626953,21.69942283630371,21.776166915893555,5602180
2017-08-02,21.968027114868164,22.006399154663086,21.776166915893555,21.872098922729492,8258350
2017-08-03,21.929655075073242,21.95843505859375,21.74738883972168,21.83372688293457,5807476
2017-08-04,21.83372688293457,21.900876998901367,21.776166915893555,21.824132919311523,5279506
2017-08-07,21.83372688293457,21.900876998901367,21.613086700439453,21.69942283630371,5225067
2017-08-08,21.756980895996094,21.996807098388672,21.737794876098633,21.862504959106445,7250345
2017-08-09,21.69942283630371,21.718608856201172,21.38285255432129,21.440410614013672,6872966
2017-08-10,21.45000457763672,21.478784561157227,21.181400299072266,21.181400299072266,5239929
2017-08-11,21.104656219482422,21.200586318969727,20.96076011657715,21.08547019958496,6182713
2017-08-14,21.21017837524414,21.459598541259766,21.200586318969727,21.38285255432129,4323363
2017-08-15,21.45000457763672,21.545934677124023,21.27733039855957,21.38285255432129,3827929
2017-08-16,21.29651641845703,21.613086700439453,21.29651641845703,21.565120697021484,6232890
2017-08-17,21.46919059753418,21.565120697021484,21.27733039855957,21.565120697021484,4139780
2017-08-18,21.200586318969727,21.21017837524414,20.989538192749023,21.047096252441406,5615196
2017-08-21,20.9511661529541,21.133434295654297,20.884016036987305,20.99913215637207,5881033
2017-08-22,21.143028259277344,21.45000457763672,21.133434295654297,21.40203857421875,5965953
2017-08-23,21.373260498046875,21.46919059753418,21.354074478149414,21.42122459411621,4350823
2017-08-24,21.53634262084961,21.651458740234375,21.315702438354492,21.38285255432129,4392417
2017-08-25,21.42122459411621,21.5075626373291,21.29651641845703,21.354074478149414,3505527
2017-08-28,21.334888458251953,21.354074478149414,21.143028259277344,21.181400299072266,3261844
2017-08-29,20.989538192749023,21.01831817626953,20.76889991760254,20.826457977294922,5880224
2017-08-30,20.989538192749023,21.056690216064453,20.864830017089844,21.008724212646484,5402474
2017-08-31,21.123842239379883,21.334888458251953,21.123842239379883,21.29651641845703,6145794
2017-09-01,21.344480514526367,21.57471466064453,21.344480514526367,21.497970581054688,5043430
2017-09-04,21.354074478149414,21.57471466064453,21.315702438354492,21.53634262084961,4583491
2017-09-05,21.526748657226562,21.900876998901367,21.526748657226562,21.689830780029297,7193490
2017-09-06,21.593900680541992,21.862504959106445,21.526748657226562,21.804946899414062,5987593
2017-09-07,21.891284942626953,21.900876998901367,21.68023681640625,21.843318939208984,5629963
2017-09-08,21.72820281982422,21.881690979003906,21.689830780029297,21.824132919311523,4127320
2017-09-11,21.929655075073242,22.21744728088379,21.91046905517578,22.140701293945312,6353811
2017-09-12,22.198259353637695,22.438085556030273,22.159887313842773,22.39971351623535,7020335
2017-09-13,22.418899536132812,22.46686553955078,22.332563400268555,22.46686553955078,4500961
2017-09-14,22.44767951965332,22.649133682250977,22.438085556030273,22.62035369873047,6406924
2017-09-15,22.629947662353516,22.697097778320312,22.38052749633789,22.476457595825195,11802267
2017-09-18,22.591575622558594,22.610761642456055,22.514829635620117,22.601167678833008,3844376
2017-09-19,22.63953971862793,22.793027877807617,22.629947662353516,22.697097778320312,5461170
2017-09-20,22.610761642456055,22.802621841430664,22.610761642456055,22.735469818115234,4721389
2017-09-21,22.83139991760254,23.013668060302734,22.802621841430664,23.004074096679688,6103402
2017-09-22,22.984888076782227,22.984888076782227,22.840993881225586,22.95610809326172,5047016
2017-09-25,22.89855194091797,23.10959815979004,22.888957977294922,22.95610809326172,7200873
2017-09-26,22.8505859375,22.946516036987305,22.783435821533203,22.812213897705078,5678486
2017-09-27,22.879365921020508,22.965702056884766,22.783435821533203,22.89855194091797,6836529
2017-09-28,22.879365921020508,22.917736053466797,22.74506378173828,22.89855194091797,6225047
2017-09-29,22.927330017089844,22.965702056884766,22.773841857910156,22.965702056884766,5270595
2017-10-02,23.04244613647461,23.195934295654297,23.04244613647461,23.195934295654297,5767659
2017-10-03,23.2918643951416,23.397388458251953,23.282272338867188,23.30145835876465,6888077
2017-10-04,23.32064437866211,23.483726501464844,23.157562255859375,23.483726501464844,6283004
2017-10-05,23.42616844177246,23.53169059753418,23.416574478149414,23.474132537841797,4371424
2017-10-06,23.474132537841797,23.51250457763672,23.38779640197754,23.454946517944336,5047166
2017-10-09,23.464540481567383,23.541284561157227,23.397388458251953,23.502912521362305,3230223
2017-10-10,23.445354461669922,23.522098541259766,23.38779640197754,23.416574478149414,3676818
2017-10-11,23.416574478149414,23.51250457763672,23.32064437866211,23.454946517944336,3726416
2017-10-12,23.406982421875,23.474132537841797,23.282272338867188,23.349424362182617,5164145
2017-10-13,23.416574478149414,23.464540481567383,23.33983039855957,23.435760498046875,4208577
2017-10-16,23.435760498046875,23.464540481567383,23.2918643951416,23.311050415039062,3587987
2017-10-17,23.378202438354492,23.464540481567383,23.263086318969727,23.416574478149414,4581321
2017-10-18,23.435760498046875,23.483726501464844,23.32064437866211,23.483726501464844,5263031
2017-10-19,23.493318557739258,23.742738723754883,23.397388458251953,23.742738723754883,7189416
2017-10-20,23.867446899414062,24.10727310180664,23.838668823242188,23.97296905517578,8109717
2017-10-23,23.953784942626953,24.04012107849121,23.87704086303711,23.905818939208984,5126364
2017-10-24,23.89622688293457,23.944190979003906,23.704364776611328,23.79070281982422,5583090
2017-10-25,23.761924743652344,23.944190979003906,23.656400680541992,23.752330780029297,4901110
2017-10-26,23.963376998901367,24.52936553955078,23.925004959106445,24.289539337158203,11333817
2017-10-27,24.1936092376709,24.375877380371094,24.1264591217041,24.260761260986328,6183467
2017-10-30,24.184017181396484,24.289539337158203,24.116865158081055,24.203203201293945,6023780
2017-10-31,24.55814552307129,25.10494613647461,24.481401443481445,25.01861000061035,14588587
2017-11-01,25.25843620300293,25.459888458251953,25.162504196166992,25.1912841796875,8242401
2017-11-02,25.14331817626953,25.181690216064453,24.826749801635742,24.989831924438477,7254367
2017-11-03,25.028202056884766,25.220064163208008,24.913087844848633,25.114540100097656,5144346
2017-11-06,25.114540100097656,25.21047019958496,25.028202056884766,25.056982040405273,4452098
2017-11-07,25.114540100097656,25.14331817626953,24.989831924438477,25.076168060302734,6313375
2017-11-08,25.12413215637207,25.181690216064453,24.96105194091797,25.066574096679688,5854406
2017-11-09,25.009017944335938,25.028202056884766,24.44302749633789,24.55814552307129,8009004
2017-11-10,24.452621459960938,24.481401443481445,24.068899154663086,24.136051177978516,7723397
2017-11-13,24.222389221191406,24.366283416748047,24.049713134765625,24.241575241088867,5685740
2017-11-14,24.088085174560547,24.184017181396484,23.89622688293457,24.04012107849121,6983200
2017-11-15,23.934598922729492,23.992155075073242,23.656400680541992,23.867446899414062,5141472
2017-11-16,23.925004959106445,24.116865158081055,23.771516799926758,24.011341094970703,6072897
2017-11-17,23.97296905517578,24.02093505859375,23.742738723754883,23.87704086303711,6915440
2017-11-20,23.85785484313965,24.1936092376709,23.723552703857422,24.116865158081055,5913706
2017-11-21,24.088085174560547,24.42384147644043,23.944190979003906,24.241575241088867,7142487
2017-11-22,24.203203201293945,24.25116729736328,23.89622688293457,23.89622688293457,4893964
2017-11-23,23.838668823242188,24.011341094970703,23.771516799926758,23.886632919311523,4150151
2017-11-24,23.953784942626953,24.10727310180664,23.867446899414062,24.059307098388672,4725691
2017-11-27,24.059307098388672,24.145645141601562,23.934598922729492,24.04012107849121,5671884
2017-11-28,24.097679138183594,24.308725357055664,24.097679138183594,24.29913330078125,5969213
2017-11-29,24.31831932067871,24.347097396850586,24.088085174560547,24.097679138183594,5788699
2017-11-30,24.164831161499023,24.29913330078125,23.97296905517578,24.164831161499023,20496592
2017-12-01,24.1936092376709,24.289539337158203,23.905818939208984,23.905818939208984,6457781
2017-12-04,24.222389221191406,24.519773483276367,24.136051177978516,24.40465545654297,9938638
2017-12-05,24.347097396850586,24.46221351623535,24.1936092376709,24.241575241088867,6756191
2017-12-06,24.02093505859375,24.414249420166016,23.963376998901367,24.395063400268555,6112229
2017-12-07,24.395063400268555,24.538959503173828,24.356691360473633,24.49099349975586,7856820
2017-12-08,24.644481658935547,24.903493881225586,24.59651756286621,24.865121841430664,7858800
2017-12-11,24.836341857910156,24.87471580505371,24.586923599243164,24.70203971862793,5249486
2017-12-12,24.692447662353516,24.74041175842285,24.548551559448242,24.74041175842285,3929136
2017-12-13,24.634889602661133,24.74041175842285,24.57733154296875,24.644481658935547,6058046
2017-12-14,24.644481658935547,24.932273864746094,24.433435440063477,24.797969818115234,6708992
2017-12-15,24.797969818115234,24.865121841430664,24.55814552307129,24.72122573852539,14326704
2017-12-18,24.797969818115234,25.095354080200195,24.797969818115234,25.056982040405273,6266170
2017-12-19,25.056982040405273,25.200876235961914,24.989831924438477,25.056982040405273,4586231
2017-12-20,24.778783798217773,25.1912841796875,24.778783798217773,25.076168060302734,5735419
2017-12-21,25.037796020507812,25.27762222290039,24.85552978515625,25.23925018310547,5244331
2017-12-22,25.21047019958496,25.268028259277344,25.133726119995117,25.200876235961914,2415886
2017-12-27,25.14331817626953,25.335180282592773,25.14331817626953,25.325586318969727,2505097
2017-12-28,25.248842239379883,25.27762222290039,25.12413215637207,25.152912139892578,2513189
2017-12-29,25.181690216064453,25.181690216064453,24.913087844848633,25.056982040405273,3026354
2018-01-03,25.152912139892578,25.392738342285156,25.133726119995117,25.354366302490234,5519259
2018-01-04,25.507854461669922,25.66134262084961,25.392738342285156,25.632564544677734,5738092
2018-01-05,25.613378524780273,25.824424743652344,25.565412521362305,25.824424743652344,4435594
2018-01-08,25.843610763549805,25.89157485961914,25.613378524780273,25.834016799926758,5029780
2018-01-09,25.68052864074707,25.968318939208984,25.632564544677734,25.968318939208984,6974533
2018-01-10,25.901168823242188,25.92035484313965,25.709308624267578,25.786052703857422,4184285
2018-01-11,25.87238883972168,25.9107608795166,25.670936584472656,25.814830780029297,4243023
2018-01-12,25.89157485961914,26.073843002319336,25.85320281982422,26.02587890625,4182604
2018-01-15,26.04506492614746,26.04506492614746,25.805238723754883,25.843610763549805,3545666
2018-01-16,25.901168823242188,26.13140106201172,25.89157485961914,25.997098922729492,4641653
2018-01-17,25.862796783447266,25.95872688293457,25.670936584472656,25.670936584472656,5522731
2018-01-18,25.76686668395996,25.881982803344727,25.670936584472656,25.72849464416504,4695775
2018-01-19,25.670936584472656,25.901168823242188,25.670936584472656,25.881982803344727,6371859
2018-01-22,25.814830780029297,25.901168823242188,25.72849464416504,25.805238723754883,3399885
2018-01-23,25.901168823242188,26.035470962524414,25.76686668395996,25.901168823242188,4315913
2018-01-24,25.9107608795166,26.08343505859375,25.814830780029297,25.814830780029297,5587098
2018-01-25,25.738086700439453,25.862796783447266,25.373552322387695,25.411924362182617,5226405
2018-01-26,25.527040481567383,25.603784561157227,25.42151641845703,25.479074478149414,4996972
2018-01-29,25.59419059753418,25.738086700439453,25.248842239379883,25.25843620300293,4313236
2018-01-30,25.133726119995117,25.268028259277344,24.99942398071289,25.10494613647461,4817070
2018-01-31,25.17209815979004,25.354366302490234,24.87471580505371,24.893901824951172,6929438
2018-02-01,24.96105194091797,25.133726119995117,24.913087844848633,24.970645904541016,5745187
2018-02-02,24.903493881225586,24.970645904541016,24.625295639038086,24.625295639038086,5181034
2018-02-05,24.375877380371094,24.375877380371094,24.030527114868164,24.1264591217041,7277496
2018-02-06,23.25349235534668,23.646806716918945,22.908143997192383,23.2918643951416,11875976
2018-02-07,23.522098541259766,23.867446899414062,23.215120315551758,23.723552703857422,9000741
2018-02-08,23.406982421875,23.416574478149414,22.015993118286133,22.1311092376709,17639303
2018-02-09,22.025585174560547,22.198259353637695,21.641864776611328,21.776166915893555,16499267
2018-02-12,22.06395721435547,22.313377380371094,21.97762107849121,22.06395721435547,11416148
2018-02-13,22.06395721435547,22.140701293945312,21.776166915893555,21.776166915893555,8770711
2018-02-14,22.025585174560547,22.140701293945312,21.565120697021484,22.054365158081055,12260421
2018-02-15,22.38052749633789,22.629947662353516,22.370935440063477,22.476457595825195,11650484
2018-02-16,22.649133682250977,22.773841857910156,22.44767951965332,22.649133682250977,8477082
2018-02-19,22.72587776184082,22.754655838012695,22.46686553955078,22.524423599243164,4500464
2018-02-20,22.601167678833008,22.8505859375,22.4093074798584,22.773841857910156,7512287
2018-02-21,22.649133682250977,22.697097778320312,22.42849349975586,22.629947662353516,8096261
2018-02-22,22.418899536132812,22.44767951965332,22.16948127746582,22.438085556030273,6861318
2018-02-23,22.543609619140625,22.543609619140625,22.275005340576172,22.36134147644043,4155180
2018-02-26,22.46686553955078,22.534015655517578,22.207853317260742,22.39971351623535,4857599
2018-02-27,22.514829635620117,22.562795639038086,22.246225357055664,22.42849349975586,6458351
2018-02-28,22.284597396850586,22.38052749633789,22.10232925415039,22.12151527404785,5782564
2018-03-01,22.015993118286133,22.111923217773438,21.795352935791016,21.91046905517578,6731022
2018-03-02,21.776166915893555,21.776166915893555,21.315702438354492,21.411632537841797,8978792
2018-03-05,21.42122459411621,21.795352935791016,21.373260498046875,21.756980895996094,6674386
2018-03-06,22.044771194458008,22.092737197875977,21.872098922729492,21.872098922729492,5373343
2018-03-07,21.824132919311523,21.85291290283203,21.593900680541992,21.814538955688477,4505251
2018-03-08,21.756980895996094,22.111923217773438,21.756980895996094,22.111923217773438,9143772
2018-03-09,22.16948127746582,22.36134147644043,22.08314323425293,22.36134147644043,4717563
2018-03-12,22.495643615722656,22.495643615722656,22.08314323425293,22.21744728088379,4526945
2018-03-13,22.25581932067871,22.418899536132812,21.95843505859375,22.025585174560547,5756709
2018-03-14,22.044771194458008,22.18866729736328,21.843318939208984,21.920063018798828,5265350
2018-03-15,22.015993118286133,22.092737197875977,21.814538955688477,22.044771194458008,6159910
2018-03-16,22.073551177978516,22.207853317260742,21.948841094970703,22.15029525756836,16067058
2018-03-19,22.08314323425293,22.111923217773438,21.756980895996094,21.795352935791016,5600266
2018-03-20,21.85291290283203,21.987213134765625,21.756980895996094,21.987213134765625,5016300
2018-03-21,21.968027114868164,22.015993118286133,21.776166915893555,21.843318939208984,8434881
2018-03-22,21.72820281982422,21.76657485961914,21.23895835876465,21.363666534423828,7186103
2018-03-23,21.200586318969727,21.373260498046875,21.047096252441406,21.200586318969727,7752345
2018-03-26,21.25814437866211,21.440410614013672,20.89360809326172,20.970352172851562,4764269
2018-03-27,21.411632537841797,21.55552864074707,21.306108474731445,21.48837661743164,9374108
2018-03-28,21.325294494628906,21.584306716918945,21.123842239379883,21.565120697021484,9215410
2018-03-29,21.584306716918945,21.91046905517578,21.526748657226562,21.795352935791016,9025807
2018-04-03,21.55552864074707,21.584306716918945,21.21017837524414,21.334888458251953,10815047
2018-04-04,20.720935821533203,20.759307861328125,20.116573333740234,20.202911376953125,12493557
2018-04-05,20.634597778320312,20.97994613647461,20.586631774902344,20.922388076782227,11917299
2018-04-06,20.922388076782227,20.922388076782227,20.634597778320312,20.634597778320312,10305370
2018-04-09,20.740121841430664,21.047096252441406,20.692155838012695,20.855236053466797,7806009
2018-04-10,21.075876235961914,21.21017837524414,20.989538192749023,21.104656219482422,14679725
2018-04-11,21.104656219482422,21.19099235534668,20.83605194091797,20.922388076782227,6335780
2018-04-12,20.941574096679688,21.181400299072266,20.845643997192383,21.037504196166992,7327059
2018-04-13,21.114248275756836,21.354074478149414,21.056690216064453,21.17180633544922,6057615
2018-04-16,21.219772338867188,21.315702438354492,21.123842239379883,21.200586318969727,6108316
2018-04-17,21.315702438354492,21.632272720336914,21.25814437866211,21.565120697021484,9094280
2018-04-18,21.584306716918945,21.670644760131836,21.363666534423828,21.651458740234375,7718905
2018-04-19,22.562795639038086,22.840993881225586,22.457271575927734,22.63953971862793,14527391
2018-04-20,22.754655838012695,22.95610809326172,22.668319702148438,22.716283798217773,10271800
2018-04-23,22.74506378173828,22.821807861328125,22.534015655517578,22.821807861328125,5124078
2018-04-24,22.840993881225586,22.89855194091797,22.562795639038086,22.67791175842285,7033055
2018-04-25,22.486051559448242,22.534015655517578,21.872098922729492,22.015993118286133,15108785
2018-04-26,22.015993118286133,22.351749420166016,21.987213134765625,22.198259353637695,6303267
2018-04-27,22.207853317260742,22.23663330078125,21.987213134765625,22.092737197875977,4900316
2018-04-30,22.08314323425293,22.332563400268555,22.08314323425293,22.294191360473633,4876585
2018-05-02,22.322969436645508,22.5723876953125,22.265411376953125,22.534015655517578,6490957
2018-05-03,22.438085556030273,22.495643615722656,22.18866729736328,22.227039337158203,4676107
2018-05-04,22.390121459960938,22.524423599243164,22.207853317260742,22.438085556030273,4476985
2018-05-07,22.534015655517578,22.860179901123047,22.46686553955078,22.8505859375,6286498
2018-05-08,22.802621841430664,23.013668060302734,22.764249801635742,22.975296020507812,6897472
2018-05-09,22.95610809326172,23.138376235961914,22.840993881225586,22.946516036987305,5537410
2018-05-11,23.167156219482422,23.243900299072266,23.052040100097656,23.100004196166992,4515348
2018-05-14,23.100004196166992,23.119190216064453,22.802621841430664,22.908143997192383,3745134
2018-05-15,22.888957977294922,23.013668060302734,22.764249801635742,22.860179901123047,3856730
2018-05-16,22.89855194091797,23.06163215637207,22.86977195739746,22.984888076782227,4825555
2018-05-17,23.013668060302734,23.138376235961914,22.888957977294922,23.119190216064453,4608534
2018-05-18,23.14797019958496,23.35901641845703,23.10959815979004,23.349424362182617,8532260
2018-05-22,23.454946517944336,23.59884262084961,23.42616844177246,23.522098541259766,5823343
2018-05-23,23.35901641845703,23.378202438354492,22.783435821533203,22.8505859375,12697689
2018-05-24,22.86977195739746,22.936922073364258,22.39971351623535,22.543609619140625,5832623
2018-05-25,22.6875057220459,22.812213897705078,22.370935440063477,22.4093074798584,5430717
2018-05-28,22.505237579345703,22.668319702148438,22.38052749633789,22.38052749633789,2747727
2018-05-29,22.275005340576172,22.313377380371094,21.843318939208984,21.95843505859375,8569447
2018-05-30,21.97762107849121,21.97762107849121,21.651458740234375,21.76657485961914,6688727
2018-05-31,21.91046905517578,22.025585174560547,21.334888458251953,21.38285255432129,11883086
2018-06-01,21.72820281982422,22.054365158081055,21.651458740234375,21.948841094970703,6690632
2018-06-04,22.06395721435547,22.10232925415039,21.74738883972168,21.91046905517578,4502668
2018-06-05,21.83372688293457,22.044771194458008,21.709016799926758,21.804946899414062,5702151
2018-06-06,21.756980895996094,21.900876998901367,21.603492736816406,21.7857608795166,3869934
2018-06-07,21.93924903869629,22.054365158081055,21.68023681640625,21.76657485961914,4554286
2018-06-08,21.584306716918945,21.85291290283203,21.45000457763672,21.737794876098633,4927694
2018-06-11,21.872098922729492,21.97762107849121,21.7857608795166,21.948841094970703,3803741
2018-06-12,22.006399154663086,22.111923217773438,21.881690979003906,21.948841094970703,5552395
2018-06-13,22.08314323425293,22.1311092376709,21.968027114868164,22.06395721435547,7628923
2018-06-14,21.95843505859375,22.486051559448242,21.920063018798828,22.418899536132812,8240364
2018-06-15,22.4093074798584,22.42849349975586,21.968027114868164,21.97762107849121,18573352
2018-06-18,21.881690979003906,21.881690979003906,21.45000457763672,21.593900680541992,6473040
2018-06-19,21.392446517944336,21.392446517944336,21.181400299072266,21.325294494628906,8091379
2018-06-20,21.373260498046875,21.55552864074707,21.334888458251953,21.45000457763672,6152520
2018-06-21,21.5075626373291,21.53634262084961,20.99913215637207,21.047096252441406,5182728
2018-06-22,21.075876235961914,21.29651641845703,20.97994613647461,21.29651641845703,5051551
2018-06-25,21.114248275756836,21.114248275756836,20.567445755004883,20.567445755004883,8291215
2018-06-26,20.57703971862793,20.605817794799805,20.33721351623535,20.567445755004883,6451218
2018-06-27,20.538667678833008,20.845643997192383,20.21250343322754,20.663375854492188,6685117
2018-06-28,20.57703971862793,20.68256187438965,20.25087547302246,20.375585556030273,7113521
2018-06-29,20.625003814697266,20.903202056884766,20.605817794799805,20.826457977294922,8178695
2018-07-02,20.519481658935547,20.586631774902344,20.33721351623535,20.500295639038086,5481639
2018-07-03,20.586631774902344,20.653783798217773,20.423551559448242,20.567445755004883,7461626
2018-07-04,20.538667678833008,20.538667678833008,20.25087547302246,20.308433532714844,7030717
2018-07-05,20.31802749633789,20.548259735107422,20.270061492919922,20.356399536132812,4391865
2018-07-06,20.38517951965332,20.423551559448242,20.10698127746582,20.356399536132812,5830642
2018-07-09,20.442737579345703,20.778493881225586,20.433143615722656,20.720935821533203,6754921
2018-07-10,20.7880859375,20.83605194091797,20.653783798217773,20.80727195739746,4038448
2018-07-11,20.625003814697266,20.692155838012695,20.356399536132812,20.567445755004883,6811661
2018-07-12,20.57703971862793,20.644189834594727,20.327621459960938,20.605817794799805,6328484
2018-07-13,20.634597778320312,20.83605194091797,20.61541175842285,20.778493881225586,5122997
2018-07-16,20.720935821533203,20.9511661529541,20.711341857910156,20.816865921020508,4450197
2018-07-17,20.80727195739746,20.855236053466797,20.653783798217773,20.80727195739746,5038328
2018-07-18,20.845643997192383,21.123842239379883,20.7880859375,21.075876235961914,6048819
2018-07-19,22.044771194458008,22.25581932067871,21.670644760131836,21.670644760131836,13826214
2018-07-20,21.670644760131836,21.670644760131836,21.056690216064453,21.363666534423828,10513744
2018-07-23,21.306108474731445,21.325294494628906,21.143028259277344,21.2293643951416,5515900
2018-07-24,21.29651641845703,21.545934677124023,21.25814437866211,21.42122459411621,5333636
2018-07-25,21.430818557739258,21.478784561157227,21.19099235534668,21.267736434936523,4837030
2018-07-26,21.459598541259766,21.74738883972168,21.42122459411621,21.689830780029297,7214215
2018-07-27,21.7857608795166,21.93924903869629,21.72820281982422,21.824132919311523,3907998
2018-07-30,21.7857608795166,21.83372688293457,21.670644760131836,21.737794876098633,3276199
2018-07-31,21.670644760131836,21.900876998901367,21.593900680541992,21.7857608795166,5626812
2018-08-02,21.689830780029297,21.718608856201172,21.315702438354492,21.411632537841797,7696031
2018-08-03,21.459598541259766,21.69942283630371,21.42122459411621,21.57471466064453,4612479
2018-08-06,21.718608856201172,22.10232925415039,21.651458740234375,21.900876998901367,7183254
2018-08-07,21.968027114868164,22.179073333740234,21.968027114868164,22.006399154663086,4555648
2018-08-08,22.06395721435547,22.265411376953125,21.987213134765625,22.140701293945312,4878816
2018-08-09,22.092737197875977,22.10232925415039,21.881690979003906,21.91046905517578,4419095
2018-08-10,21.756980895996094,21.7857608795166,21.526748657226562,21.632272720336914,5276403
2018-08-13,21.545934677124023,21.66105079650879,21.45000457763672,21.565120697021484,3205094
2018-08-14,21.66105079650879,21.68023681640625,21.38285255432129,21.497970581054688,3693722
2018-08-15,21.5075626373291,21.593900680541992,21.037504196166992,21.095062255859375,6445684
2018-08-16,21.21017837524414,21.42122459411621,21.21017837524414,21.334888458251953,7003032
2018-08-17,21.440410614013672,21.545934677124023,21.325294494628906,21.459598541259766,3998208
2018-08-20,21.51715660095215,21.804946899414062,21.51715660095215,21.68023681640625,4064135
2018-08-21,21.57471466064453,21.85291290283203,21.51715660095215,21.795352935791016,4682276
2018-08-22,21.718608856201172,21.891284942626953,21.66105079650879,21.776166915893555,3337731
2018-08-23,21.756980895996094,22.284597396850586,21.74738883972168,22.15029525756836,8334924
2018-08-24,22.179073333740234,22.332563400268555,22.044771194458008,22.179073333740234,5682515
2018-08-27,22.25581932067871,22.42849349975586,22.16948127746582,22.42849349975586,4169924
2018-08-28,22.44767951965332,22.486051559448242,22.246225357055664,22.39971351623535,4317299
2018-08-29,22.303783416748047,22.44767951965332,22.25581932067871,22.36134147644043,3360323
2018-08-30,22.313377380371094,22.34215545654297,22.035179138183594,22.1311092376709,4899743
2018-08-31,22.073551177978516,22.08314323425293,21.824132919311523,21.920063018798828,5809194
2018-09-03,21.900876998901367,22.025585174560547,21.881690979003906,21.97762107849121,3449058
2018-09-04,22.351749420166016,22.42849349975586,21.920063018798828,21.948841094970703,7863300
2018-09-05,21.872098922729492,21.948841094970703,21.756980895996094,21.756980895996094,7201827
2018-09-06,21.709016799926758,21.948841094970703,21.622678756713867,21.69942283630371,5336266
2018-09-07,21.76657485961914,21.76657485961914,21.478784561157227,21.593900680541992,4957199
2018-09-10,21.69942283630371,21.948841094970703,21.593900680541992,21.85291290283203,4801147
2018-09-11,21.83372688293457,21.891284942626953,21.651458740234375,21.7857608795166,4024790
2018-09-12,21.776166915893555,22.140701293945312,21.776166915893555,22.073551177978516,6171610
2018-09-13,22.06395721435547,22.390121459960938,21.97762107849121,22.207853317260742,6207618
2018-09-14,22.39971351623535,22.44767951965332,22.23663330078125,22.294191360473633,5781870
2018-09-17,22.207853317260742,22.313377380371094,22.073551177978516,22.265411376953125,4214038
2018-09-18,22.25581932067871,22.38052749633789,21.996807098388672,22.159887313842773,5295929
2018-09-19,22.207853317260742,22.534015655517578,22.179073333740234,22.390121459960938,5537299
2018-09-20,22.4093074798584,22.42849349975586,22.294191360473633,22.38052749633789,5598723
2018-09-21,22.524423599243164,22.581981658935547,22.4093074798584,22.418899536132812,14312443
2018-09-24,22.38052749633789,22.505237579345703,22.16948127746582,22.246225357055664,5523063
2018-09-25,22.23663330078125,22.303783416748047,22.073551177978516,22.16948127746582,4613097
2018-09-26,22.159887313842773,22.18866729736328,21.95843505859375,22.18866729736328,4562436
2018-09-27,22.044771194458008,22.370935440063477,21.91046905517578,22.313377380371094,4278346
2018-09-28,22.246225357055664,22.322969436645508,22.025585174560547,22.246225357055664,5057209
2018-10-01,22.38052749633789,22.38052749633789,22.035179138183594,22.12151527404785,5236130
2018-10-02,21.97762107849121,22.025585174560547,21.69942283630371,21.862504959106445,7244034
2018-10-03,21.948841094970703,22.1311092376709,21.93924903869629,22.054365158081055,4524410
2018-10-04,21.872098922729492,21.93924903869629,21.74738883972168,21.872098922729492,4786079
2018-10-05,21.804946899414062,21.824132919311523,21.584306716918945,21.603492736816406,4753521
2018-10-08,21.5075626373291,21.565120697021484,21.27733039855957,21.315702438354492,5306513
2018-10-09,21.344480514526367,21.5075626373291,21.143028259277344,21.334888458251953,3748389
2018-10-10,21.325294494628906,21.325294494628906,20.692155838012695,20.720935821533203,9232854
2018-10-11,20.40436553955078,20.500295639038086,20.154945373535156,20.308433532714844,11574369
2018-10-12,20.5098876953125,20.55785369873047,20.231689453125,20.241283416748047,5840705
2018-10-15,20.135759353637695,20.164539337158203,19.819189071655273,20.08779525756836,6420068
2018-10-16,20.049423217773438,20.394771575927734,19.972679138183594,20.38517951965332,5157555
2018-10-17,20.433143615722656,20.471515655517578,20.222097396850586,20.308433532714844,4523148
2018-10-18,20.442737579345703,20.567445755004883,20.27965545654297,20.29884147644043,7723387
2018-10-19,20.375585556030273,20.413957595825195,19.972679138183594,20.135759353637695,8756491
2018-10-22,20.260469436645508,20.40436553955078,20.011051177978516,20.078201293945312,4095823
2018-10-23,19.857561111450195,19.857561111450195,19.59855079650879,19.742446899414062,9700781
2018-10-24,19.761632919311523,19.819189071655273,19.310760498046875,19.4450626373291,11393098
2018-10-25,18.70639991760254,19.272388458251953,18.504945755004883,19.262794494628906,12735231
2018-10-26,18.89826011657715,18.89826011657715,18.298696517944336,18.7255859375,14905481
2018-10-29,18.77834701538086,19.133289337158203,18.644044876098633,18.835905075073242,9492555
2018-10-30,18.8886661529541,18.984596252441406,18.644044876098633,18.979799270629883,9121329
2018-10-31,19.262794494628906,19.59855079650879,19.224422454833984,19.473840713500977,9162438
2018-11-01,19.473840713500977,19.656108856201172,19.33953857421875,19.55058479309082,5896531
2018-11-02,19.819189071655273,20.00145721435547,19.752038955688477,19.752038955688477,7294823
2018-11-05,19.732852935791016,19.732852935791016,19.5122127532959,19.608144760131836,4943566
2018-11-06,19.694480895996094,19.742446899414062,19.55058479309082,19.675294876098633,4769010
2018-11-07,19.780818939208984,19.905527114868164,19.588958740234375,19.713666915893555,4478112
2018-11-08,19.800003051757812,19.905527114868164,19.70407485961914,19.7232608795166,4450236
2018-11-09,19.63692283630371,19.63692283630371,19.38750457763672,19.4450626373291,5983889
2018-11-12,19.521806716918945,19.61773681640625,19.07573127746582,19.085323333740234,8321319
2018-11-13,19.12849235534668,19.349132537841797,19.018173217773438,19.253202438354492,6159889
2018-11-14,19.10930633544922,19.243608474731445,18.845497131347656,19.104509353637695,5548447
2018-11-15,19.10930633544922,19.272388458251953,18.859888076782227,18.95581817626953,5978856
2018-11-16,19.53139877319336,19.7232608795166,19.152475357055664,19.243608474731445,11556244
2018-11-19,19.464248657226562,19.61773681640625,19.06134033203125,19.066137313842773,7587733
2018-11-20,18.965410232543945,18.975004196166992,18.600875854492188,18.83110809326172,6743682
2018-11-21,18.946224212646484,19.21483039855957,18.94142723083496,19.21483039855957,7158537
2018-11-22,19.05654525756836,19.085323333740234,18.86948013305664,18.984596252441406,3946493
2018-11-23,18.93663215637207,19.066137313842773,18.927038192749023,19.066137313842773,4219866
2018-11-26,19.18125343322754,19.540992736816406,19.157270431518555,19.38750457763672,5778213
2018-11-27,19.35872459411621,19.473840713500977,19.138084411621094,19.23401641845703,5693414
2018-11-28,19.281980514526367,19.473840713500977,19.1668643951416,19.262794494628906,6124129
2018-11-29,19.42587661743164,19.588958740234375,19.33953857421875,19.483434677124023,5562323
2018-11-30,19.454654693603516,19.53139877319336,19.310760498046875,19.38750457763672,6432040
2018-12-03,19.761632919311523,19.80959701538086,19.473840713500977,19.473840713500977,7489543
2018-12-04,19.397096633911133,19.483434677124023,19.224422454833984,19.262794494628906,5567009
2018-12-05,19.05654525756836,19.104509353637695,18.78314208984375,18.807125091552734,6467364
2018-12-06,18.65843391418457,18.65843391418457,18.106834411621094,18.106834411621094,9913773
2018-12-07,18.265119552612305,18.385032653808594,18.15000343322754,18.173986434936523,5624988
2018-12-10,18.121225357055664,18.293899536132812,17.852619171142578,17.8574161529541,7575962
2018-12-11,18.145206451416016,18.35625457763672,17.948549270629883,18.212358474731445,6867117
2018-12-12,18.154800415039062,19.07573127746582,17.914974212646484,18.946224212646484,15854691
2018-12-13,19.07573127746582,19.195642471313477,18.960613250732422,18.965410232543945,5578767
2018-12-14,18.730382919311523,18.960613250732422,18.624858856201172,18.792736053466797,4618345
2018-12-17,19.281980514526367,19.281980514526367,18.437793731689453,18.461776733398438,11674741
2018-12-18,18.38023567199707,18.749568939208984,18.284305572509766,18.55291175842285,8154474
2018-12-19,18.55291175842285,18.663230895996094,18.471370697021484,18.51933479309082,8076900
2018-12-20,18.130817413330078,18.178783416748047,17.867008209228516,17.982126235961914,11496801
2018-12-21,17.93895721435547,18.01090431213379,17.76628303527832,17.843027114868164,17821089
2018-12-27,18.30828857421875,18.36104965209961,17.29622459411621,17.440120697021484,7243133
2018-12-28,17.631980895996094,18.092445373535156,17.603200912475586,17.934160232543945,6821275
2019-01-03,17.79985809326172,17.991718292236328,17.699132919311523,17.718318939208984,7183136
2019-01-04,17.814247131347656,18.260324478149414,17.756689071655273,18.164392471313477,6281482
2019-01-07,18.32747459411621,18.370643615722656,17.91017723083496,18.034887313842773,5075554
2019-01-08,18.51453971862793,18.591283798217773,18.284305572509766,18.284305572509766,8181542
2019-01-09,18.456981658935547,18.644044876098633,18.293899536132812,18.53372573852539,7764630
2019-01-10,18.337068557739258,18.720788955688477,18.245933532714844,18.6920108795166,5839047
2019-01-11,18.60567283630371,18.6920108795166,18.22195053100586,18.332271575927734,11851993
2019-01-14,18.22195053100586,18.24113655090332,18.082853317260742,18.159597396850586,6339732
2019-01-15,18.351457595825195,18.490556716918945,18.21715545654297,18.24113655090332,6362753
2019-01-16,18.370643615722656,18.4138126373291,18.068462371826172,18.178783416748047,7938426
2019-01-17,18.102039337158203,18.126020431518555,17.948549270629883,18.07805633544922,8220353
2019-01-18,18.30828857421875,18.53372573852539,18.245933532714844,18.471370697021484,11473448
2019-01-21,18.490556716918945,18.70639991760254,18.442590713500977,18.53852081298828,5088948
2019-01-22,18.50014877319336,18.56730079650879,18.22195053100586,18.35625457763672,5834794
2019-01-23,18.34186363220215,18.42820167541504,18.1356143951416,18.18837547302246,5058122
2019-01-24,18.2027645111084,18.226747512817383,18.044479370117188,18.22195053100586,6496849
2019-01-25,18.269916534423828,18.60567283630371,18.245933532714844,18.56730079650879,7415270
2019-01-28,18.32747459411621,18.36104965209961,18.154800415039062,18.21715545654297,9016376
2019-01-29,18.21715545654297,18.337068557739258,18.068462371826172,18.18837547302246,7527275
2019-01-30,18.269916534423828,18.32747459411621,18.173986434936523,18.27471351623535,4540470
2019-01-31,18.35625457763672,18.485759735107422,18.09724235534668,18.183578491210938,9855960
2019-02-01,18.279510498046875,18.51453971862793,18.250730514526367,18.38023567199707,5620071
2019-02-04,18.37544059753418,18.437793731689453,18.260324478149414,18.4138126373291,4621081
2019-02-05,18.51933479309082,18.855091094970703,18.51453971862793,18.79753303527832,7240864
2019-02-06,18.787939071655273,18.907852172851562,18.65363883972168,18.855091094970703,4970147
2019-02-07,18.792736053466797,18.855091094970703,18.543317794799805,18.543317794799805,6869728
2019-02-08,18.504945755004883,18.53372573852539,18.164392471313477,18.24113655090332,7080759
2019-02-11,18.39942169189453,18.437793731689453,18.284305572509766,18.322677612304688,5377377
2019-02-12,18.346660614013672,18.452184677124023,18.265119552612305,18.39942169189453,5745683
2019-02-13,18.432998657226562,18.58648681640625,18.365846633911133,18.528928756713867,4982991
2019-02-14,18.668027877807617,18.845497131347656,18.572097778320312,18.65363883972168,6760629
2019-02-15,18.687213897705078,19.066137313842773,18.543317794799805,18.97020721435547,9260491
2019-02-18,19.00857925415039,19.0373592376709,18.91744613647461,18.91744613647461,4252260
2019-02-19,18.89826011657715,18.994190216064453,18.735177993774414,18.94142723083496,6260294
2019-02-20,18.965410232543945,19.262794494628906,18.965410232543945,19.224422454833984,5789008
2019-02-21,19.32035255432129,19.416282653808594,19.18125343322754,19.32035255432129,6295176
2019-02-22,19.416282653808594,19.42587661743164,19.272388458251953,19.40669059753418,5725538
2019-02-25,19.473840713500977,19.56977081298828,19.35872459411621,19.521806716918945,7183500
2019-02-26,19.502620697021484,19.63692283630371,19.42587661743164,19.627330780029297,4726676
2019-02-27,19.55058479309082,19.56977081298828,19.329946517944336,19.435468673706055,8474567
2019-02-28,19.61773681640625,19.61773681640625,18.811922073364258,18.960613250732422,13719097
2019-03-01,18.95581817626953,19.02776527404785,18.711196899414062,18.720788955688477,11418108
2019-03-04,18.864683151245117,18.89826011657715,18.596078872680664,18.610469818115234,10582935
2019-03-05,18.610469818115234,18.754364013671875,18.51453971862793,18.687213897705078,10103744
2019-03-06,18.668027877807617,18.7255859375,18.596078872680664,18.65843391418457,4660657
2019-03-07,18.644044876098633,18.65363883972168,18.226747512817383,18.32747459411621,8036867
2019-03-08,18.212358474731445,18.250730514526367,17.972532272338867,18.126020431518555,7026135
2019-03-11,18.207561492919922,18.351457595825195,18.106834411621094,18.34186363220215,2853511
2019-03-12,18.461776733398438,18.51453971862793,18.24113655090332,18.313085556030273,3662220
2019-03-13,18.303491592407227,18.437793731689453,18.24113655090332,18.423404693603516,2843345
2019-03-14,18.423404693603516,18.581689834594727,18.351457595825195,18.456981658935547,3595442
2019-03-15,18.504945755004883,18.576892852783203,18.404218673706055,18.442590713500977,10232341
2019-03-18,18.50014877319336,18.739974975585938,18.456981658935547,18.6920108795166,4027547
2019-03-19,18.67761993408203,18.89826011657715,18.663230895996094,18.821516036987305,3311418
2019-03-20,18.80232810974121,18.80232810974121,18.53372573852539,18.55291175842285,2971691
2019-03-21,18.485759735107422,18.557706832885742,18.298696517944336,18.385032653808594,2801777
2019-03-22,18.34186363220215,18.39462661743164,17.756689071655273,17.756689071655273,6536638
2019-03-25,17.67994499206543,17.780672073364258,17.564828872680664,17.67514991760254,3975579
2019-03-26,17.756689071655273,17.790264129638672,17.48808479309082,17.67514991760254,4214647
2019-03-27,17.790264129638672,17.847822189331055,17.655963897705078,17.684741973876953,3180587
2019-03-28,17.761486053466797,17.833433151245117,17.684741973876953,17.74709701538086,3230225
2019-03-29,17.83823013305664,18.034887313842773,17.780672073364258,18.006107330322266,4300939
2019-04-01,18.087648391723633,18.35625457763672,17.962940216064453,18.27471351623535,8418448
2019-04-02,18.298696517944336,18.485759735107422,18.284305572509766,18.409015655517578,5550813
2019-04-03,18.548114776611328,18.855091094970703,18.53852081298828,18.80232810974121,8926838
2019-04-04,18.78314208984375,18.907852172851562,18.67761993408203,18.85029411315918,5156754
2019-04-05,18.931835174560547,19.003782272338867,18.807125091552734,18.811922073364258,4389426
2019-04-08,18.787939071655273,18.874277114868164,18.7591609954834,18.859888076782227,4859021
2019-04-09,18.864683151245117,18.907852172851562,18.6920108795166,18.76395606994629,7368592
2019-04-10,18.711196899414062,18.76395606994629,18.600875854492188,18.682416915893555,6558363
2019-04-11,18.6920108795166,18.821516036987305,18.576892852783203,18.739974975585938,5059165
2019-04-12,18.77834701538086,19.138084411621094,18.70639991760254,18.97020721435547,6793813
2019-04-15,19.123695373535156,19.14767837524414,19.00857925415039,19.00857925415039,4772850
2019-04-16,19.09491729736328,19.329946517944336,19.04215431213379,19.291574478149414,7370370
2019-04-17,20.164539337158203,20.57703971862793,19.963085174560547,20.33721351623535,25013746
2019-04-18,20.33721351623535,20.433143615722656,20.10698127746582,20.29884147644043,9684993
2019-04-23,20.270061492919922,20.29884147644043,19.819189071655273,20.260469436645508,10006227
2019-04-24,20.145353317260742,20.27965545654297,20.10698127746582,20.25087547302246,7080530
2019-04-25,20.231689453125,20.29884147644043,20.011051177978516,20.116573333740234,7579358
2019-04-26,20.078201293945312,20.10698127746582,19.905527114868164,20.097387313842773,5291965
2019-04-29,20.145353317260742,20.25087547302246,20.05901527404785,20.183725357055664,7136552
2019-04-30,20.231689453125,20.231689453125,20.03982925415039,20.116573333740234,7647726
2019-05-02,20.078201293945312,20.097387313842773,19.876747131347656,19.93430519104004,6591381
2019-05-03,19.915119171142578,19.982271194458008,19.732852935791016,19.867155075073242,8533701
2019-05-06,18.951021194458008,19.138084411621094,18.77834701538086,19.12849235534668,8245068
2019-05-07,19.118898391723633,19.138084411621094,18.682416915893555,18.77834701538086,7728036
2019-05-08,18.63924789428711,18.931835174560547,18.63924789428711,18.735177993774414,6857909
2019-05-09,18.63924789428711,18.644044876098633,18.30828857421875,18.351457595825195,8981027
2019-05-10,18.65843391418457,18.78314208984375,18.51453971862793,18.557706832885742,9891499
2019-05-13,18.548114776611328,18.557706832885742,18.034887313842773,18.126020431518555,8705768
2019-05-14,18.284305572509766,18.303491592407227,18.006107330322266,18.159597396850586,6286103
2019-05-15,18.22195053100586,18.317882537841797,17.91017723083496,18.317882537841797,6767812
2019-05-16,18.34186363220215,18.65843391418457,18.245933532714844,18.65843391418457,6685309
2019-05-17,18.682416915893555,18.754364013671875,18.49535369873047,18.591283798217773,5491140
2019-05-20,18.504945755004883,18.53372573852539,18.121225357055664,18.284305572509766,7228005
2019-05-21,18.370643615722656,18.49535369873047,18.332271575927734,18.432998657226562,5212010
2019-05-22,18.385032653808594,18.418607711791992,18.212358474731445,18.37544059753418,5866048
2019-05-23,18.250730514526367,18.313085556030273,17.962940216064453,18.034887313842773,10653142
2019-05-24,18.15000343322754,18.18837547302246,18.01090431213379,18.04927635192871,4018594
2019-05-27,18.207561492919922,18.27471351623535,18.087648391723633,18.106834411621094,2877320
2019-05-28,18.15000343322754,18.2027645111084,18.025293350219727,18.087648391723633,7889963
2019-05-29,17.876602172851562,17.90538215637207,17.7279109954834,17.75189208984375,8118559
2019-05-31,17.718318939208984,17.718318939208984,17.550439834594727,17.62718391418457,7644735
2019-06-03,17.497678756713867,17.708724975585938,17.339393615722656,17.67514991760254,5787205
2019-06-04,17.603200912475586,17.986921310424805,17.564828872680664,17.986921310424805,6564776
2019-06-05,17.934160232543945,18.207561492919922,17.929363250732422,18.039684295654297,5133740
2019-06-06,18.068462371826172,18.322677612304688,18.015701293945312,18.073259353637695,6499613
2019-06-07,18.279510498046875,18.39942169189453,18.164392471313477,18.313085556030273,6380950
2019-06-11,18.490556716918945,18.70639991760254,18.42820167541504,18.562503814697266,6955373
2019-06-12,18.432998657226562,18.528928756713867,18.35625457763672,18.49535369873047,4711385
2019-06-13,18.485759735107422,18.572097778320312,18.389829635620117,18.442590713500977,3941299
2019-06-14,18.197969436645508,18.32747459411621,17.97732925415039,18.06366539001465,8898127
2019-06-17,18.015701293945312,18.102039337158203,17.986921310424805,18.04927635192871,3595804
2019-06-18,17.982126235961914,18.456981658935547,17.900585174560547,18.4138126373291,8084398
2019-06-19,18.42820167541504,18.600875854492188,18.39462661743164,18.46657371520996,6311934
2019-06-20,18.562503814697266,18.76395606994629,18.562503814697266,18.62006187438965,9767238
2019-06-21,18.701602935791016,18.86948013305664,18.65843391418457,18.749568939208984,14455657
2019-06-24,18.735177993774414,18.855091094970703,18.648841857910156,18.67282485961914,5027770
2019-06-25,18.67282485961914,18.735177993774414,18.49535369873047,18.548114776611328,3145132
2019-06-26,18.548114776611328,18.701602935791016,18.46657371520996,18.581689834594727,3253906
2019-06-27,18.744770050048828,18.840702056884766,18.615264892578125,18.687213897705078,4432987
2019-06-28,18.696805953979492,18.792736053466797,18.624858856201172,18.792736053466797,5362433
2019-07-01,18.946224212646484,19.186050415039062,18.946224212646484,19.123695373535156,6891960
2019-07-02,19.176456451416016,19.195642471313477,19.022968292236328,19.12849235534668,6616245
2019-07-03,19.0373592376709,19.09491729736328,18.874277114868164,18.912649154663086,8315154
2019-07-04,18.975004196166992,19.018173217773438,18.946224212646484,18.98939323425293,4554367
2019-07-05,18.89826011657715,18.89826011657715,18.140411376953125,18.370643615722656,16533280
2019-07-08,18.34186363220215,18.423404693603516,18.169189453125,18.279510498046875,7000115
2019-07-09,18.183578491210938,18.193172454833984,17.804655075073242,17.862213134765625,11910412
2019-07-10,17.833433151245117,17.99651527404785,17.75189208984375,17.823841094970703,12893784
2019-07-11,17.83823013305664,17.895788192749023,17.603200912475586,17.713520050048828,9425503
2019-07-12,17.723114013671875,17.943754196166992,17.723114013671875,17.78546905517578,14688987
2019-07-15,17.867008209228516,18.001312255859375,17.77107810974121,17.91017723083496,5035343
2019-07-16,17.847822189331055,18.073259353637695,17.847822189331055,18.01090431213379,4943457
2019-07-17,17.953346252441406,18.24113655090332,17.900585174560547,17.90538215637207,6942636
2019-07-18,17.790264129638672,17.790264129638672,17.641572952270508,17.703927993774414,8236326
2019-07-19,17.78546905517578,17.8574161529541,17.7279109954834,17.814247131347656,6013682
2019-07-22,17.83823013305664,17.948549270629883,17.790264129638672,17.833433151245117,5081586
2019-07-23,17.948549270629883,18.207561492919922,17.948549270629883,18.111631393432617,7688473
2019-07-24,18.284305572509766,18.346660614013672,18.039684295654297,18.183578491210938,9142300
2019-07-25,18.461776733398438,18.701602935791016,17.67514991760254,17.79985809326172,13865115
2019-07-26,17.87180519104004,17.95814323425293,17.775875091552734,17.914974212646484,7454486
2019-07-29,17.795061111450195,17.828636169433594,17.58881187438965,17.67994499206543,7990189
2019-07-30,17.843027114868164,18.159597396850586,17.66075897216797,17.919771194458008,12751409
2019-07-31,17.92456817626953,18.159597396850586,17.8574161529541,18.039684295654297,9582375
2019-08-02,17.742300033569336,17.75189208984375,17.339393615722656,17.579219818115234,17688596
2019-08-05,17.36337661743164,17.55523681640625,16.99884033203125,17.075584411621094,10867283
2019-08-06,16.97965431213379,17.05160140991211,16.763811111450195,16.797386169433594,9250082
2019-08-07,16.835758209228516,16.994043350219727,16.5479679107666,16.677473068237305,10637774
2019-08-08,16.97965431213379,16.994043350219727,16.78779411315918,16.94607925415039,5576087
2019-08-09,16.94607925415039,16.960468292236328,16.682270050048828,16.816572189331055,6738302
2019-08-12,17.267444610595703,17.55523681640625,17.233869552612305,17.32979965209961,17775637
2019-08-13,17.315410614013672,17.78546905517578,17.20988655090332,17.579219818115234,12195910
2019-08-14,17.550439834594727,17.550439834594727,17.142736434936523,17.253055572509766,11393943
2019-08-15,17.286630630493164,17.315410614013672,16.994043350219727,17.142736434936523,9291103
2019-08-16,17.195497512817383,17.43532371520996,17.152328491210938,17.32979965209961,9285150
2019-08-19,17.497678756713867,17.636777877807617,17.377765655517578,17.55523681640625,6944270
2019-08-20,17.516864776611328,17.617591857910156,17.411340713500977,17.411340713500977,6215407
2019-08-21,17.464101791381836,17.6943359375,17.459306716918945,17.617591857910156,6565123
2019-08-22,17.58881187438965,17.73270606994629,17.526456832885742,17.58881187438965,4691506
2019-08-23,17.7279109954834,17.780672073364258,17.4161376953125,17.425729751586914,4823834
2019-08-26,17.372968673706055,17.531253814697266,17.248258590698242,17.36817169189453,3805062
2019-08-27,17.392154693603516,17.531253814697266,17.262649536132812,17.411340713500977,5992822
2019-08-28,17.334596633911133,17.43532371520996,17.147533416748047,17.43532371520996,5105099
2019-08-29,17.32979965209961,17.795061111450195,17.301021575927734,17.790264129638672,7399442
2019-08-30,17.823841094970703,18.1356143951416,17.823841094970703,17.986921310424805,10332682
2019-09-02,18.054073333740234,18.11642837524414,17.91017723083496,17.95814323425293,4866400
2019-09-03,17.83823013305664,18.058870315551758,17.718318939208984,17.742300033569336,5419217
2019-09-04,17.847822189331055,17.991718292236328,17.833433151245117,17.87180519104004,6440287
2019-09-05,17.986921310424805,18.351457595825195,17.986921310424805,18.28910255432129,9686170
2019-09-06,18.303491592407227,18.42820167541504,18.269916534423828,18.42820167541504,6379408
2019-09-09,18.476167678833008,18.67282485961914,18.452184677124023,18.67282485961914,7025629
2019-09-10,18.701602935791016,19.032562255859375,18.60567283630371,18.975004196166992,10435748
2019-09-11,19.085323333740234,19.281980514526367,19.0373592376709,19.23401641845703,8526053
2019-09-12,19.32035255432129,19.42587661743164,19.133289337158203,19.291574478149414,9879815
2019-09-13,19.23401641845703,19.4450626373291,19.224422454833984,19.42587661743164,4555937
2019-09-16,19.224422454833984,19.416282653808594,19.18125343322754,19.35872459411621,5825297
2019-09-17,19.281980514526367,19.368318557739258,19.23401641845703,19.33953857421875,5006725
2019-09-18,19.310760498046875,19.416282653808594,19.281980514526367,19.329946517944336,4523962
2019-09-19,19.253202438354492,19.42587661743164,19.23401641845703,19.301166534423828,6391477
2019-09-20,19.377910614013672,19.377910614013672,19.138084411621094,19.253202438354492,10542101
2019-09-23,19.090120315551758,19.152475357055664,18.7255859375,18.893463134765625,7498937
2019-09-24,18.874277114868164,18.965410232543945,18.63924789428711,18.67282485961914,6342764
2019-09-25,18.51453971862793,18.53372573852539,18.212358474731445,18.37544059753418,9630917
2019-09-26,18.432998657226562,18.62006187438965,18.432998657226562,18.50014877319336,5606320
2019-09-27,18.56730079650879,18.682416915893555,18.490556716918945,18.63924789428711,4110898
2019-09-30,18.687213897705078,18.83110809326172,18.600875854492188,18.811922073364258,5148653
2019-10-01,18.811922073364258,18.9222412109375,18.46657371520996,18.490556716918945,7599306
2019-10-02,18.35625457763672,18.35625457763672,17.77107810974121,17.77107810974121,15234908
2019-10-03,17.75189208984375,17.75189208984375,17.238666534423828,17.440120697021484,12911534
2019-10-04,17.526456832885742,17.526456832885742,17.19070053100586,17.334596633911133,9306261
2019-10-07,17.36337661743164,17.43532371520996,17.109159469604492,17.334596633911133,8251509
2019-10-08,17.29622459411621,17.430526733398438,17.008434295654297,17.161922454833984,8545241
2019-10-09,17.094770431518555,17.36337661743164,17.003637313842773,17.18590545654297,7917879
2019-10-10,17.147533416748047,17.440120697021484,17.080381393432617,17.387357711791992,8019569
2019-10-11,17.444915771484375,17.761486053466797,17.43532371520996,17.723114013671875,9384668
2019-10-14,17.723114013671875,17.742300033569336,17.483287811279297,17.723114013671875,5311842
2019-10-15,17.843027114868164,18.082853317260742,17.761486053466797,18.015701293945312,6776978
2019-10-16,18.01090431213379,18.06366539001465,17.881399154663086,18.044479370117188,4097871
2019-10-17,17.953346252441406,18.197969436645508,17.8909912109375,18.034887313842773,5113205
2019-10-18,18.034887313842773,18.22195053100586,17.867008209228516,18.034887313842773,7296529
2019-10-21,18.082853317260742,18.581689834594727,18.039684295654297,18.53372573852539,11017057
2019-10-22,18.370643615722656,18.720788955688477,18.370643615722656,18.461776733398438,8419489
2019-10-23,18.715991973876953,19.23401641845703,18.65363883972168,19.104509353637695,20485590
2019-10-24,19.281980514526367,19.752038955688477,19.186050415039062,19.732852935791016,13185123
2019-10-25,19.7232608795166,20.08779525756836,19.656108856201172,20.08779525756836,11020686
2019-10-28,20.030237197875977,20.270061492919922,20.030237197875977,20.222097396850586,8109709
2019-10-29,20.116573333740234,20.21250343322754,20.00145721435547,20.145353317260742,8479501
2019-10-30,20.164539337158203,20.21250343322754,19.895933151245117,20.0686092376709,9020875
2019-10-31,20.12616729736328,20.12616729736328,19.780818939208984,19.84796905517578,9873157
2019-11-01,19.991865158081055,20.02064323425293,19.867155075073242,19.93430519104004,6646507
2019-11-04,20.030237197875977,20.375585556030273,19.953493118286133,20.375585556030273,8116480
2019-11-05,20.38517951965332,20.519481658935547,20.356399536132812,20.423551559448242,8089079
2019-11-06,20.52907371520996,20.701749801635742,20.500295639038086,20.59622573852539,9603880
2019-11-07,20.68256187438965,20.845643997192383,20.68256187438965,20.68256187438965,7531811
2019-11-08,20.68256187438965,20.740121841430664,20.52907371520996,20.672969818115234,6086309
2019-11-11,20.625003814697266,20.711341857910156,20.538667678833008,20.625003814697266,4767501
2019-11-12,20.625003814697266,20.826457977294922,20.567445755004883,20.826457977294922,5407749
2019-11-13,20.663375854492188,20.749713897705078,20.481109619140625,20.749713897705078,7004939
2019-11-14,20.68256187438965,20.797679901123047,20.634597778320312,20.740121841430664,5418608
2019-11-15,20.91279411315918,21.056690216064453,20.855236053466797,21.027910232543945,8172509
2019-11-18,20.922388076782227,21.047096252441406,20.759307861328125,20.91279411315918,7022296
2019-11-19,21.037504196166992,21.066282272338867,20.759307861328125,20.826457977294922,6134832
2019-11-20,20.672969818115234,20.826457977294922,20.49070167541504,20.778493881225586,5544103
2019-11-21,20.586631774902344,20.711341857910156,20.49070167541504,20.68256187438965,5265783
2019-11-22,20.672969818115234,20.903202056884766,20.625003814697266,20.797679901123047,5709965
2019-11-25,20.903202056884766,21.075876235961914,20.83605194091797,20.970352172851562,6015604
2019-11-26,21.027910232543945,21.143028259277344,20.989538192749023,21.056690216064453,8480957
2019-11-27,21.095062255859375,21.267736434936523,21.047096252441406,21.104656219482422,5768827
2019-11-28,21.066282272338867,21.19099235534668,20.970352172851562,21.047096252441406,3380742
2019-11-29,20.91279411315918,21.056690216064453,20.855236053466797,20.97994613647461,4882859
2019-12-02,20.941574096679688,21.21017837524414,20.720935821533203,20.7880859375,8819340
2019-12-03,20.701749801635742,20.83605194091797,20.461923599243164,20.57703971862793,11964734
2019-12-04,20.55785369873047,21.200586318969727,20.55785369873047,21.066282272338867,10138602
2019-12-05,21.066282272338867,21.40203857421875,21.066282272338867,21.219772338867188,7722827
2019-12-06,21.267736434936523,21.497970581054688,21.133434295654297,21.42122459411621,7589093
2019-12-09,21.38285255432129,21.622678756713867,21.325294494628906,21.392446517944336,7163762
2019-12-10,21.68023681640625,21.709016799926758,21.066282272338867,21.48837661743164,9779649
2019-12-11,21.48837661743164,21.72820281982422,21.344480514526367,21.72820281982422,9605099
2019-12-12,21.7857608795166,22.322969436645508,21.72820281982422,22.275005340576172,13484048
2019-12-13,22.543609619140625,22.735469818115234,22.322969436645508,22.322969436645508,13547982
2019-12-16,22.36134147644043,22.581981658935547,22.294191360473633,22.581981658935547,8660309
2019-12-17,22.486051559448242,22.668319702148438,22.44767951965332,22.610761642456055,12055266
2019-12-18,22.543609619140625,22.65872573852539,22.505237579345703,22.601167678833008,9680651
2019-12-19,22.629947662353516,22.668319702148438,22.514829635620117,22.63953971862793,7348490
2019-12-20,22.74506378173828,22.793027877807617,22.591575622558594,22.629947662353516,10725598
2019-12-23,22.495643615722656,22.6875057220459,22.418899536132812,22.62035369873047,4900542
2019-12-27,22.70669174194336,22.735469818115234,22.591575622558594,22.668319702148438,3539504
2019-12-30,22.67791175842285,22.697097778320312,22.370935440063477,22.418899536132812,3762329
2020-01-03,22.36134147644043,22.629947662353516,22.351749420166016,22.601167678833008,8061086
2020-01-06,22.534015655517578,22.668319702148438,22.294191360473633,22.668319702148438,6023278
2020-01-07,22.629947662353516,22.821807861328125,22.514829635620117,22.67791175842285,4973585
2020-01-08,22.486051559448242,22.697097778320312,22.38052749633789,22.6875057220459,4390365
2020-01-09,22.927330017089844,22.984888076782227,22.562795639038086,22.562795639038086,5595621
2020-01-10,22.629947662353516,22.629947662353516,22.457271575927734,22.457271575927734,8441119
2020-01-13,22.524423599243164,22.55320167541504,22.18866729736328,22.246225357055664,7365046
2020-01-14,22.15029525756836,22.227039337158203,21.920063018798828,22.198259353637695,8994305
2020-01-15,22.140701293945312,22.313377380371094,22.08314323425293,22.111923217773438,6842497
2020-01-16,22.054365158081055,22.275005340576172,21.929655075073242,22.159887313842773,5015754
2020-01-17,22.275005340576172,22.390121459960938,22.207853317260742,22.246225357055664,10124060
2020-01-20,22.198259353637695,22.322969436645508,22.111923217773438,22.198259353637695,4674824
2020-01-21,22.1311092376709,22.23663330078125,21.91046905517578,22.179073333740234,7668745
2020-01-22,22.36134147644043,22.610761642456055,22.265411376953125,22.313377380371094,5634728
2020-01-23,22.18866729736328,22.303783416748047,21.929655075073242,22.006399154663086,6320214
2020-01-24,22.246225357055664,22.524423599243164,22.140701293945312,22.457271575927734,7641714
2020-01-27,22.140701293945312,22.18866729736328,21.69942283630371,21.69942283630371,9808086
2020-01-28,21.795352935791016,21.872098922729492,21.497970581054688,21.756980895996094,7737946
2020-01-29,21.85291290283203,22.111923217773438,21.76657485961914,22.092737197875977,5171518
2020-01-30,21.824132919311523,21.93924903869629,21.68023681640625,21.795352935791016,6816760
2020-01-31,21.987213134765625,22.015993118286133,21.5075626373291,21.593900680541992,7725008
2020-02-03,21.613086700439453,21.83372688293457,21.53634262084961,21.69942283630371,5353860
2020-02-04,21.776166915893555,22.39971351623535,21.709016799926758,22.36134147644043,8716830
2020-02-05,22.25581932067871,23.665992736816406,22.140701293945312,23.435760498046875,22928654
2020-02-06,23.502912521362305,23.685178756713867,23.157562255859375,23.167156219482422,12810544
2020-02-07,23.119190216064453,23.1287841796875,22.773841857910156,22.879365921020508,13274270
2020-02-10,22.783435821533203,22.908143997192383,22.6875057220459,22.764249801635742,6504076
2020-02-11,22.994482040405273,23.195934295654297,22.83139991760254,23.167156219482422,7787848
2020-02-12,23.195934295654297,23.27267837524414,23.032854080200195,23.119190216064453,4557236
2020-02-13,23.167156219482422,23.215120315551758,22.840993881225586,22.888957977294922,7469341
2020-02-14,22.946516036987305,22.994482040405273,22.764249801635742,22.821807861328125,4536887
2020-02-17,22.821807861328125,23.013668060302734,22.793027877807617,22.946516036987305,4118978
2020-02-18,22.764249801635742,22.879365921020508,22.649133682250977,22.773841857910156,5590481
2020-02-19,22.965702056884766,23.08081817626953,22.83139991760254,23.08081817626953,6974872
2020-02-20,23.08081817626953,23.195934295654297,22.927330017089844,22.927330017089844,7966507
2020-02-21,22.783435821533203,22.83139991760254,22.4093074798584,22.55320167541504,9315031
2020-02-24,21.72820281982422,21.920063018798828,21.25814437866211,21.478784561157227,18999032
2020-02-25,21.565120697021484,21.670644760131836,21.133434295654297,21.219772338867188,12340338
2020-02-26,21.056690216064453,21.430818557739258,20.519481658935547,21.40203857421875,12851246
2020-02-27,21.104656219482422,21.248550415039062,20.308433532714844,20.730527877807617,15074982
2020-02-28,20.12616729736328,20.25087547302246,19.608144760131836,19.963085174560547,22483434
2020-03-02,20.202911376953125,20.442737579345703,19.454654693603516,19.93430519104004,17188156
2020-03-03,20.289247512817383,20.59622573852539,20.05901527404785,20.05901527404785,16423392
2020-03-04,20.049423217773438,20.27965545654297,19.886341094970703,20.030237197875977,11389060
2020-03-05,20.21250343322754,20.260469436645508,19.435468673706055,19.675294876098633,10734758
2020-03-06,19.281980514526367,19.42587661743164,18.624858856201172,18.821516036987305,17341187
2020-03-09,16.883724212646484,17.703927993774414,16.883724212646484,17.420934677124023,30450669
2020-03-10,17.550439834594727,18.260324478149414,17.109159469604492,17.25785255432129,22451217
2020-03-11,17.579219818115234,17.881399154663086,17.094770431518555,17.181108474731445,15529801
2020-03-12,16.31773567199707,16.43764877319336,14.950730323791504,15.099422454833984,31335772
2020-03-13,15.651021003723145,16.423259735107422,14.792445182800293,15.123403549194336,26182549
2020-03-16,14.269624710083008,14.71570110321045,13.535758018493652,14.543025970458984,23979864
2020-03-17,15.15697956085205,15.15697956085205,13.842735290527344,14.92674732208252,13558985
2020-03-18,14.399130821228027,14.686922073364258,14.092153549194336,14.432705879211426,26151277
2020-03-19,14.677328109741211,15.176165580749512,14.207269668579102,15.14738655090332,21945042
2020-03-20,16.02035140991211,16.116281509399414,15.34883975982666,15.34883975982666,30040865
2020-03-23,14.758869171142578,15.185758590698242,14.072967529296875,14.31758975982666,17402852
2020-03-24,14.869189262390137,15.89564323425293,14.701311111450195,15.89564323425293,18146677
2020-03-25,16.308143615722656,17.094770431518555,15.838085174560547,16.605527877807617,18862515
2020-03-26,16.380090713500977,17.617591857910156,16.255380630493164,17.617591857910156,16555080
2020-03-27,17.1715145111084,17.281835556030273,16.562358856201172,16.941282272338867,15346531
2020-03-30,16.31773567199707,16.356107711791992,15.732561111450195,15.962794303894043,14365708
2020-03-31,16.164247512817383,16.432851791381836,15.876457214355469,16.312938690185547,16564466
2020-04-01,15.761340141296387,15.938811302185059,15.47834587097168,15.603055000305176,12259569
2020-04-02,15.761340141296387,16.025148391723633,15.48793888092041,15.794916152954102,8882108
2020-04-03,15.742154121398926,15.95799732208252,15.550293922424316,15.559886932373047,7414923
2020-04-06,16.00116539001465,16.461631774902344,15.924422264099121,16.3848876953125,10281078
2020-04-07,16.76860809326172,17.248258590698242,16.70145606994629,16.888521194458008,11061542
2020-04-08,16.66788101196289,16.763811111450195,16.327329635620117,16.50480079650879,10186685
2020-04-09,16.76860809326172,17.06599235534668,16.586341857910156,16.883724212646484,8074491
2020-04-14,16.97965431213379,17.07078742980957,16.711050033569336,16.888521194458008,7777619
2020-04-15,16.78779411315918,16.80698013305664,16.010759353637695,16.05392837524414,10164694
2020-04-16,16.164247512817383,16.293752670288086,15.737358093261719,15.91482925415039,8299473
2020-04-17,16.447242736816406,16.50959587097168,16.188230514526367,16.288957595825195,13255520
2020-04-20,16.399276733398438,16.500003814697266,16.03474235534668,16.49040985107422,6718039
2020-04-21,16.260177612304688,16.308143615722656,15.780526161193848,15.838085174560547,6559266
2020-04-22,15.770933151245117,16.05872344970703,15.698986053466797,15.876457214355469,6452848
2020-04-23,16.02035140991211,16.312938690185547,15.833288192749023,16.121078491210938,6386603
2020-04-24,15.924422264099121,16.269771575927734,15.833288192749023,16.130672454833984,7832360
2020-04-27,16.452037811279297,16.658287048339844,16.423259735107422,16.658287048339844,8486715
2020-04-28,17.1043643951416,17.67994499206543,17.075584411621094,17.540847778320312,15234681
2020-04-29,17.564828872680664,18.087648391723633,17.459306716918945,17.972532272338867,12265912
2020-04-30,18.04927635192871,18.23634147644043,17.569625854492188,17.579219818115234,13855860
2020-05-04,16.883724212646484,17.022823333740234,16.605527877807617,16.634305953979492,11957956
2020-05-05,17.01802635192871,17.11875343322754,16.864538192749023,16.950876235961914,9250315
2020-05-06,16.78779411315918,16.922096252441406,16.61511993408203,16.64389991760254,8761343
2020-05-07,16.835758209228516,16.8597412109375,16.5479679107666,16.78779411315918,7767870
2020-05-08,16.989248275756836,17.037212371826172,16.811777114868164,17.037212371826172,5755824
2020-05-11,17.123550415039062,17.181108474731445,16.94607925415039,17.042009353637695,5346906
2020-05-12,16.97965431213379,17.18590545654297,16.941282272338867,17.1043643951416,4907631
2020-05-13,16.845352172851562,17.05160140991211,16.691864013671875,16.802183151245117,7351573
2020-05-14,16.57674789428711,16.64869499206543,15.718172073364258,16.135467529296875,12475308
2020-05-15,16.375293731689453,16.605527877807617,16.24578857421875,16.389684677124023,7998151
2020-05-18,16.711050033569336,17.440120697021484,16.696659088134766,17.372968673706055,9378598
2020-05-19,17.641572952270508,17.708724975585938,17.372968673706055,17.603200912475586,10233130
2020-05-20,17.36337661743164,17.756689071655273,17.248258590698242,17.718318939208984,6909895
2020-05-22,17.22427749633789,17.531253814697266,17.113956451416016,17.497678756713867,9521808
2020-05-25,17.603200912475586,17.900585174560547,17.516864776611328,17.900585174560547,5701116
2020-05-26,18.034887313842773,18.21715545654297,17.986921310424805,18.183578491210938,8200420
2020-05-27,18.178783416748047,18.476167678833008,18.006107330322266,18.1356143951416,9043596
2020-05-28,18.293899536132812,18.51453971862793,18.226747512817383,18.50014877319336,8775931
2020-05-29,18.207561492919922,18.456981658935547,18.025293350219727,18.121225357055664,10009923
2020-06-02,18.442590713500977,19.06134033203125,18.442590713500977,18.80232810974121,13191898
2020-06-03,19.176456451416016,19.905527114868164,19.018173217773438,19.761632919311523,16561078
2020-06-04,19.732852935791016,19.943899154663086,19.55058479309082,19.68488883972168,11914882
2020-06-05,19.905527114868164,20.29884147644043,19.7232608795166,20.164539337158203,10705880
2020-06-08,19.905527114868164,20.12616729736328,19.819189071655273,20.10698127746582,8116087
2020-06-09,20.12616729736328,20.231689453125,19.502620697021484,19.82878303527832,9819574
2020-06-10,19.886341094970703,20.12616729736328,19.56977081298828,19.7904109954834,12122927
2020-06-11,19.397096633911133,19.588958740234375,18.94142723083496,18.975004196166992,12875353
2020-06-12,18.663230895996094,19.42587661743164,18.55291175842285,18.951021194458008,9296803
2020-06-15,18.610469818115234,19.118898391723633,18.50014877319336,19.032562255859375,9755087
2020-06-16,19.473840713500977,19.752038955688477,19.253202438354492,19.473840713500977,12215042
2020-06-17,19.483434677124023,19.838375091552734,19.416282653808594,19.61773681640625,7436020
2020-06-18,19.521806716918945,19.732852935791016,19.397096633911133,19.540992736816406,7807189
2020-06-19,20.02064323425293,20.02064323425293,19.55058479309082,19.800003051757812,22036561
2020-06-22,19.38750457763672,19.905527114868164,19.33953857421875,19.84796905517578,10649542
2020-06-23,20.0686092376709,20.31802749633789,19.924713134765625,20.145353317260742,10389012
2020-06-24,19.943899154663086,20.174131393432617,19.84796905517578,19.963085174560547,10764975
2020-06-25,19.80959701538086,20.08779525756836,19.675294876098633,19.982271194458008,9339736
2020-06-26,20.183725357055664,20.423551559448242,19.924713134765625,19.991865158081055,9854125
2020-06-29,19.895933151245117,20.40436553955078,19.7904109954834,20.289247512817383,8087836
2020-06-30,20.33721351623535,20.49070167541504,20.174131393432617,20.461923599243164,8883508
2020-07-01,20.423551559448242,21.200586318969727,20.423551559448242,20.989538192749023,14753378
2020-07-02,21.162214279174805,21.5075626373291,21.104656219482422,21.392446517944336,12583894
2020-07-03,21.478784561157227,21.545934677124023,21.363666534423828,21.363666534423828,5639231
2020-07-06,21.613086700439453,21.85291290283203,21.46919059753418,21.85291290283203,9063874
2020-07-07,21.814538955688477,22.015993118286133,21.584306716918945,21.93924903869629,7700999
2020-07-08,21.670644760131836,22.1311092376709,21.66105079650879,22.06395721435547,9206641
2020-07-09,22.159887313842773,22.284597396850586,21.843318939208984,21.872098922729492,8582889
2020-07-10,21.737794876098633,22.073551177978516,21.69942283630371,22.025585174560547,7319157
2020-07-13,22.111923217773438,22.111923217773438,21.83372688293457,22.035179138183594,7439781
2020-07-14,21.891284942626953,22.140701293945312,21.756980895996094,22.10232925415039,8091553
2020-07-15,22.418899536132812,22.495643615722656,22.18866729736328,22.34215545654297,10781691
2020-07-16,22.275005340576172,22.476457595825195,22.140701293945312,22.438085556030273,9219010
2020-07-17,22.476457595825195,22.495643615722656,22.140701293945312,22.265411376953125,7146233
2020-07-20,22.159887313842773,22.438085556030273,22.044771194458008,22.390121459960938,6718931
2020-07-21,22.38052749633789,22.55320167541504,22.313377380371094,22.390121459960938,8509827
2020-07-22,22.83139991760254,23.14797019958496,22.773841857910156,23.02326011657715,13926201
2020-07-23,23.263086318969727,23.30145835876465,22.965702056884766,23.195934295654297,9731761
2020-07-24,22.840993881225586,22.975296020507812,22.649133682250977,22.812213897705078,9216275
2020-07-27,22.63953971862793,23.14797019958496,22.601167678833008,22.917736053466797,6343450
2020-07-28,22.89855194091797,23.04244613647461,22.67791175842285,22.802621841430664,8138601
2020-07-29,22.668319702148438,22.793027877807617,22.63953971862793,22.70669174194336,7145465
2020-07-30,22.591575622558594,22.629947662353516,21.872098922729492,22.159887313842773,9887394
2020-07-31,22.246225357055664,22.38052749633789,21.804946899414062,21.843318939208984,8668919
2020-08-03,21.91046905517578,22.793027877807617,21.891284942626953,22.74506378173828,9657711
2020-08-04,22.783435821533203,22.860179901123047,22.39971351623535,22.505237579345703,6635468
2020-08-05,22.505237579345703,22.783435821533203,22.44767951965332,22.591575622558594,6005983
2020-08-06,22.63953971862793,22.812213897705078,22.38052749633789,22.62035369873047,7180411
2020-08-07,22.591575622558594,22.984888076782227,22.514829635620117,22.70669174194336,5507374
2020-08-10,22.735469818115234,22.927330017089844,22.716283798217773,22.783435821533203,3565862
2020-08-11,22.927330017089844,23.176748275756836,22.879365921020508,23.052040100097656,6541543
2020-08-12,22.946516036987305,23.243900299072266,22.8505859375,23.215120315551758,4857224
2020-08-13,23.052040100097656,23.368610382080078,23.04244613647461,23.157562255859375,6117640
2020-08-14,23.090412139892578,23.14797019958496,22.70669174194336,22.879365921020508,5642247
2020-08-17,22.840993881225586,23.176748275756836,22.812213897705078,23.119190216064453,6691280
2020-08-18,23.004074096679688,23.23430633544922,22.8505859375,22.927330017089844,6106214
2020-08-19,22.927330017089844,23.10959815979004,22.793027877807617,23.10959815979004,5744660
2020-08-20,22.793027877807617,22.83139991760254,22.5723876953125,22.629947662353516,7089826
2020-08-21,22.591575622558594,22.754655838012695,22.294191360473633,22.543609619140625,6212417
2020-08-24,22.773841857910156,22.917736053466797,22.6875057220459,22.735469818115234,5984711
2020-08-25,22.783435821533203,22.860179901123047,22.55320167541504,22.55320167541504,7953084
2020-08-26,22.486051559448242,22.74506378173828,22.34215545654297,22.74506378173828,6038263
2020-08-27,22.74506378173828,22.783435821533203,22.418899536132812,22.418899536132812,7319117
2020-08-28,22.390121459960938,22.457271575927734,22.16948127746582,22.322969436645508,6483127
2020-08-31,22.34215545654297,22.42849349975586,22.035179138183594,22.035179138183594,7046757
2020-09-01,22.159887313842773,22.351749420166016,22.054365158081055,22.246225357055664,6685172
2020-09-02,22.524423599243164,22.74506378173828,22.370935440063477,22.438085556030273,8700453
2020-09-03,22.543609619140625,22.581981658935547,21.996807098388672,22.015993118286133,12159922
2020-09-04,21.929655075073242,22.581981658935547,21.7857608795166,22.284597396850586,13700776
2020-09-07,22.39971351623535,22.8505859375,22.34215545654297,22.74506378173828,7418872
2020-09-08,22.821807861328125,22.840993881225586,22.42849349975586,22.697097778320312,10053391
2020-09-09,22.70669174194336,23.090412139892578,22.70669174194336,23.06163215637207,9550373
2020-09-10,22.994482040405273,23.08081817626953,22.860179901123047,22.95610809326172,11291990
2020-09-11,22.802621841430664,22.936922073364258,22.62035369873047,22.86977195739746,6931642
2020-09-14,22.984888076782227,23.100004196166992,22.812213897705078,22.812213897705078,5614998
2020-09-15,22.879365921020508,23.1287841796875,22.812213897705078,22.83139991760254,5428123
2020-09-16,22.821807861328125,23.052040100097656,22.812213897705078,22.946516036987305,7787749
2020-09-17,22.65872573852539,22.802621841430664,22.55320167541504,22.735469818115234,10169387
2020-09-18,22.697097778320312,22.908143997192383,22.601167678833008,22.8505859375,19212518
2020-09-21,22.601167678833008,22.629947662353516,21.91046905517578,21.987213134765625,10958920
2020-09-22,22.015993118286133,22.227039337158203,21.987213134765625,22.140701293945312,9018674
2020-09-23,22.313377380371094,22.495643615722656,22.207853317260742,22.294191360473633,5645470
2020-09-24,21.891284942626953,22.303783416748047,21.862504959106445,22.179073333740234,6477025
2020-09-25,22.265411376953125,22.36134147644043,21.881690979003906,22.21744728088379,7245095
2020-09-28,22.55320167541504,22.67791175842285,22.294191360473633,22.562795639038086,6762273
2020-09-29,22.438085556030273,22.74506378173828,22.4093074798584,22.629947662353516,5310704
2020-09-30,22.46686553955078,22.67791175842285,22.46686553955078,22.495643615722656,7703560
2020-10-01,22.562795639038086,22.735469818115234,22.457271575927734,22.65872573852539,6533990
2020-10-02,22.38052749633789,22.67791175842285,22.23663330078125,22.668319702148438,7781861
2020-10-05,22.83139991760254,23.004074096679688,22.783435821533203,22.965702056884766,6643104
2020-10-06,23.02326011657715,23.205528259277344,22.879365921020508,22.975296020507812,4981918
2020-10-07,22.994482040405273,23.157562255859375,22.879365921020508,23.090412139892578,5212718
2020-10-08,23.100004196166992,23.397388458251953,23.100004196166992,23.243900299072266,5044992
2020-10-09,23.32064437866211,23.38779640197754,23.243900299072266,23.35901641845703,4531971
2020-10-12,23.406982421875,23.53169059753418,23.378202438354492,23.454946517944336,6918098
2020-10-13,23.464540481567383,23.646806716918945,23.35901641845703,23.454946517944336,5093246
2020-10-14,23.464540481567383,23.723552703857422,23.454946517944336,23.541284561157227,3901575
2020-10-15,23.27267837524414,23.282272338867188,22.984888076782227,23.195934295654297,11237449
2020-10-16,23.33983039855957,23.541284561157227,23.186342239379883,23.493318557739258,10441756
2020-10-19,23.55087661743164,23.627620697021484,23.311050415039062,23.311050415039062,5911317
2020-10-20,23.224714279174805,23.42616844177246,23.119190216064453,23.25349235534668,9771071
2020-10-21,23.176748275756836,23.224714279174805,22.840993881225586,22.984888076782227,12404035
2020-10-22,22.95610809326172,23.10959815979004,22.754655838012695,23.04244613647461,7455735
2020-10-23,22.936922073364258,23.157562255859375,22.265411376953125,22.649133682250977,13516533
2020-10-26,22.25581932067871,22.629947662353516,22.21744728088379,22.543609619140625,8700816
2020-10-27,22.495643615722656,22.668319702148438,22.265411376953125,22.370935440063477,12453888
2020-10-28,22.140701293945312,22.179073333740234,21.40203857421875,21.478784561157227,14147044
2020-10-29,21.430818557739258,21.565120697021484,21.17180633544922,21.2293643951416,11366765
2020-10-30,21.037504196166992,21.51715660095215,20.96076011657715,21.344480514526367,11022718
2020-11-02,21.315702438354492,22.092737197875977,21.200586318969727,21.93924903869629,9292037
2020-11-03,22.1311092376709,22.390121459960938,21.920063018798828,22.303783416748047,10990862
2020-11-04,21.968027114868164,22.581981658935547,21.776166915893555,22.543609619140625,12896792
2020-11-05,22.65872573852539,22.89855194091797,22.543609619140625,22.86977195739746,11464831
2020-11-06,22.802621841430664,23.090412139892578,22.67791175842285,23.052040100097656,8035427
2020-11-09,23.368610382080078,24.155237197875977,23.30145835876465,23.80988883972168,14118805
2020-11-10,23.685178756713867,23.867446899414062,23.53169059753418,23.82907485961914,11266204
2020-11-11,23.838668823242188,23.944190979003906,23.694772720336914,23.87704086303711,5622260
2020-11-12,23.627620697021484,23.925004959106445,23.57965660095215,23.665992736816406,5263263
2020-11-13,23.483726501464844,23.608434677124023,23.435760498046875,23.53169059753418,6783352
2020-11-16,23.53169059753418,23.925004959106445,23.464540481567383,23.89622688293457,7066366
2020-11-17,23.886632919311523,24.184017181396484,23.781110763549805,24.174423217773438,7910756
2020-11-18,24.155237197875977,24.46221351623535,24.030527114868164,24.27994728088379,7961884
2020-11-19,23.742738723754883,23.80988883972168,23.406982421875,23.541284561157227,14097512
2020-11-20,23.454946517944336,23.493318557739258,23.167156219482422,23.263086318969727,14580130
2020-11-23,23.38779640197754,23.474132537841797,23.23430633544922,23.25349235534668,7714342
2020-11-24,23.42616844177246,23.502912521362305,23.25349235534668,23.25349235534668,7896279
2020-11-25,23.378202438354492,23.445354461669922,23.119190216064453,23.195934295654297,8460324
2020-11-26,23.205528259277344,23.27267837524414,23.119190216064453,23.176748275756836,6664186
2020-11-27,23.02326011657715,23.186342239379883,22.984888076782227,23.167156219482422,7991642
2020-11-30,22.975296020507812,23.282272338867188,22.860179901123047,22.994482040405273,8444098
2020-12-01,23.04244613647461,23.23430633544922,22.89855194091797,23.119190216064453,7997918
2020-12-02,22.917736053466797,23.157562255859375,22.83139991760254,22.917736053466797,10748342
2020-12-03,22.86977195739746,23.071226119995117,22.821807861328125,23.013668060302734,10345078
2020-12-04,23.100004196166992,23.176748275756836,22.888957977294922,23.06163215637207,7135718
2020-12-07,23.06163215637207,23.176748275756836,22.946516036987305,23.04244613647461,6662754
2020-12-08,23.04244613647461,23.167156219482422,22.840993881225586,23.052040100097656,6273864
2020-12-09,23.08081817626953,23.25349235534668,23.04244613647461,23.052040100097656,5843695
2020-12-10,23.052040100097656,23.167156219482422,22.888957977294922,22.975296020507812,8455397
2020-12-11,22.83139991760254,23.013668060302734,22.697097778320312,22.89855194091797,7967459
2020-12-14,23.02326011657715,23.157562255859375,22.908143997192383,22.908143997192383,6747724
2020-12-15,22.812213897705078,23.052040100097656,22.783435821533203,23.032854080200195,7596360
2020-12-16,23.119190216064453,23.215120315551758,22.821807861328125,23.032854080200195,11277656
2020-12-17,23.10959815979004,23.330236434936523,22.994482040405273,23.186342239379883,8218995
2020-12-18,23.10959815979004,23.378202438354492,23.08081817626953,23.157562255859375,19583417
2020-12-21,22.86977195739746,23.205528259277344,22.764249801635742,23.090412139892578,9903464
2020-12-22,23.215120315551758,23.32064437866211,23.100004196166992,23.215120315551758,5232636
2020-12-23,23.119190216064453,23.397388458251953,23.119190216064453,23.397388458251953,4375445
2020-12-28,23.51250457763672,23.91541290283203,23.502912521362305,23.91541290283203,4062125
2020-12-29,23.91541290283203,23.97296905517578,23.704364776611328,23.781110763549805,4886274
2020-12-30,23.781110763549805,23.819482803344727,23.61802864074707,23.704364776611328,3747446
2021-01-04,23.963376998901367,24.270353317260742,23.905818939208984,24.059307098388672,10170486
2021-01-05,23.944190979003906,24.356691360473633,23.905818939208984,24.308725357055664,7653681
2021-01-06,24.42384147644043,25.23925018310547,24.308725357055664,25.23925018310547,11769815
2021-01-07,24.932273864746094,25.546226501464844,24.903493881225586,25.459888458251953,10674290
2021-01-08,25.670936584472656,25.814830780029297,25.565412521362305,25.651750564575195,8157790
2021-01-11,25.757272720336914,25.757272720336914,25.373552322387695,25.632564544677734,6109687
2021-01-12,25.709308624267578,25.881982803344727,25.603784561157227,25.795644760131836,7171700
2021-01-13,25.862796783447266,26.08343505859375,25.76686668395996,25.881982803344727,6905617
2021-01-14,25.901168823242188,26.093029022216797,25.824424743652344,26.04506492614746,8057643
2021-01-15,25.805238723754883,25.9107608795166,25.076168060302734,25.17209815979004,11613721
2021-01-18,25.066574096679688,25.14331817626953,24.893901824951172,25.14331817626953,4366436
2021-01-19,25.25843620300293,25.315994262695312,25.01861000061035,25.12413215637207,4911095
2021-01-20,25.229656219482422,25.45029640197754,25.152912139892578,25.29680824279785,3863956
2021-01-21,25.45029640197754,25.651750564575195,25.354366302490234,25.45029640197754,4972969
2021-01-22,25.440702438354492,25.670936584472656,25.354366302490234,25.622970581054688,7380555
2021-01-25,25.87238883972168,25.949132919311523,25.40233039855957,25.507854461669922,6148704
2021-01-26,25.527040481567383,25.968318939208984,25.459888458251953,25.690122604370117,5516716
2021-01-27,25.757272720336914,25.795644760131836,25.14331817626953,25.527040481567383,9434711
2021-01-28,25.40233039855957,25.709308624267578,24.826749801635742,25.59419059753418,8256511
2021-01-29,25.27762222290039,25.603784561157227,25.14331817626953,25.268028259277344,7914006
2021-02-01,25.1912841796875,25.66134262084961,25.1912841796875,25.632564544677734,3855387
2021-02-02,25.901168823242188,26.15058708190918,25.862796783447266,26.15058708190918,7558165
2021-02-03,26.236923217773438,26.400005340576172,26.121807098388672,26.34244728088379,7088251
2021-02-04,25.632564544677734,25.92035484313965,24.922679901123047,25.028202056884766,15139015
2021-02-05,25.114540100097656,25.229656219482422,24.817155838012695,24.845935821533203,10731069
2021-02-08,24.99942398071289,25.306400299072266,24.893901824951172,25.01861000061035,9171598
2021-02-09,24.941865921020508,25.114540100097656,24.797969818115234,25.028202056884766,6460152
2021-02-10,25.076168060302734,25.133726119995117,24.730819702148438,24.884307861328125,6198746
2021-02-11,24.922679901123047,25.133726119995117,24.865121841430664,24.865121841430664,6585913
2021-02-12,24.80756378173828,25.181690216064453,24.78837776184082,25.133726119995117,6055296
2021-02-15,25.25843620300293,25.354366302490234,25.162504196166992,25.248842239379883,4429530
2021-02-16,25.1912841796875,25.64215660095215,25.162504196166992,25.517446517944336,5512023
2021-02-17,25.392738342285156,25.459888458251953,25.152912139892578,25.1912841796875,5274667
2021-02-18,25.200876235961914,25.613378524780273,25.181690216064453,25.344772338867188,9052277
2021-02-19,25.507854461669922,26.04506492614746,25.469482421875,25.97791290283203,9238138
2021-02-22,25.968318939208984,25.997098922729492,25.555818557739258,25.7476806640625,6823882
2021-02-23,25.632564544677734,25.738086700439453,24.7500057220459,25.181690216064453,8259088
2021-02-24,25.325586318969727,25.709308624267578,25.315994262695312,25.690122604370117,7219735
2021-02-25,25.824424743652344,25.987506866455078,25.66134262084961,25.66134262084961,6013367
2021-02-26,25.335180282592773,25.57500457763672,24.951459884643555,25.056982040405273,8118072
2021-03-01,25.38314437866211,25.824424743652344,25.335180282592773,25.69971466064453,7282271
2021-03-02,25.66134262084961,26.323261260986328,25.651750564575195,26.00669288635254,6599230
2021-03-03,26.140993118286133,26.390413284301758,25.85320281982422,26.10262107849121,7523569
2021-03-04,26.160179138183594,26.390413284301758,26.04506492614746,26.29448127746582,6829531
2021-03-05,26.064250946044922,26.198551177978516,25.843610763549805,25.95872688293457,7011710
2021-03-08,26.332853317260742,27.119483947753906,26.236923217773438,27.119483947753906,9047229
2021-03-09,27.090702056884766,27.244192123413086,26.841285705566406,27.186634063720703,5461518
2021-03-10,27.071517944335938,27.292156219482422,26.908435821533203,27.2537841796875,5083726
2021-03-11,27.34012222290039,27.503204345703125,27.225006103515625,27.503204345703125,5002747
2021-03-12,27.34012222290039,27.42645835876465,27.225006103515625,27.30175018310547,3877118
2021-03-15,27.30175018310547,27.493610382080078,27.186634063720703,27.244192123413086,5265901
2021-03-16,27.589540481567383,27.85814666748047,27.397680282592773,27.474424362182617,5518795
2021-03-17,27.416866302490234,27.455238342285156,27.205820083618164,27.407272338867188,4615524
2021-03-18,27.46483039855957,27.886924743652344,27.42645835876465,27.771808624267578,6661089
2021-03-19,27.51279640197754,28.011634826660156,27.44564437866211,28.011634826660156,21027478
2021-03-22,27.819772720336914,28.117156982421875,27.647098541259766,28.117156982421875,7499620
2021-03-23,28.02122688293457,28.289831161499023,27.771808624267578,28.097970962524414,7873848
2021-03-24,27.886924743652344,28.10756492614746,27.76221466064453,27.867738723754883,7355244
2021-03-25,27.72384262084961,27.89651870727539,27.34012222290039,27.63750648498535,5927319
2021-03-26,28.14593505859375,28.289831161499023,27.992448806762695,28.097970962524414,6400093
2021-03-29,27.397680282592773,27.416866302490234,27.167448043823242,27.282564163208008,5426265
2021-03-30,27.397680282592773,27.51279640197754,27.090702056884766,27.35930824279785,4447758
2021-03-31,27.407272338867188,27.608726501464844,27.349714279174805,27.397680282592773,4428814
2021-04-01,27.656692504882812,27.781400680541992,27.484018325805664,27.61832046508789,4215445
2021-04-06,27.91570472717285,28.117156982421875,27.819772720336914,28.059598922729492,6835207
2021-04-07,27.963668823242188,28.059598922729492,27.74302864074707,27.781400680541992,4590315
2021-04-08,27.867738723754883,28.10756492614746,27.848552703857422,27.98285484313965,3840277
2021-04-09,28.097970962524414,28.356983184814453,27.963668823242188,28.328203201293945,4525953
2021-04-12,28.395355224609375,28.44331932067871,28.04041290283203,28.136343002319336,4012343
2021-04-13,28.08837890625,28.23227310180664,27.8101806640625,27.934890747070312,4654223
2021-04-14,27.963668823242188,28.126750946044922,27.944482803344727,28.08837890625,6750374
2021-04-15,28.615995407104492,29.239540100097656,28.615995407104492,28.970935821533203,8733316
2021-04-16,29.114831924438477,29.440994262695312,28.89419174194336,29.440994262695312,9703595
2021-04-19,29.594482421875,29.61366844177246,29.076459884643555,29.201168060302734,4945803
2021-04-20,29.105239868164062,29.21076202392578,28.520063400268555,28.520063400268555,5131729
2021-04-21,28.644773483276367,28.78866958618164,28.376169204711914,28.606401443481445,4190131
2021-04-22,28.520063400268555,28.625587463378906,28.395355224609375,28.539249420166016,4708776
2021-04-23,28.42413330078125,28.731111526489258,28.337797164916992,28.731111526489258,4279125
2021-04-26,28.692739486694336,28.711925506591797,28.47209930419922,28.673553466796875,4172645
2021-04-27,29.17238998413086,29.33547019958496,28.93256378173828,28.942157745361328,4550209
2021-04-28,29.239540100097656,29.287506103515625,29.06686782836914,29.124425888061523,5118784
2021-04-29,29.287506103515625,29.4314022064209,28.75029754638672,28.8750057220459,5240268
2021-04-30,28.922971725463867,28.951749801635742,28.433727264404297,28.44331932067871,4559758
2021-05-03,28.452913284301758,28.8078556060791,28.366575241088867,28.711925506591797,4292380
2021-05-04,28.76948356628418,28.798261642456055,28.241867065429688,28.289831161499023,5469659
2021-05-05,28.577621459960938,29.45058822631836,28.520063400268555,29.373844146728516,6358366
2021-05-06,29.325878143310547,29.40262222290039,29.06686782836914,29.29709815979004,4102736
2021-05-07,29.40262222290039,29.57529640197754,29.268320083618164,29.36425018310547,3190905
2021-05-10,29.584890365600586,29.584890365600586,29.057273864746094,29.143611907958984,3657479
2021-05-11,28.779075622558594,28.846227645874023,28.481691360473633,28.76948356628418,5156678
2021-05-12,28.740703582763672,28.951749801635742,28.587215423583984,28.70233154296875,4783344
2021-05-14,28.951749801635742,29.460180282592773,28.91337776184082,29.460180282592773,5969811
2021-05-17,29.556110382080078,29.565704345703125,29.1532039642334,29.19157600402832,4268476
2021-05-18,29.4314022064209,29.556110382080078,29.162797927856445,29.19157600402832,4774510
2021-05-19,28.96134376525879,28.96134376525879,28.136343002319336,28.328203201293945,6408124
2021-05-20,28.568029403686523,28.711925506591797,28.395355224609375,28.615995407104492,4159182
2021-05-21,28.70233154296875,29.04768180847168,28.606401443481445,28.922971725463867,3918701
2021-05-25,28.990123748779297,29.143611907958984,28.865413665771484,28.951749801635742,3802698
2021-05-26,28.970935821533203,29.018901824951172,28.759889602661133,28.922971725463867,3286664
2021-05-27,28.827041625976562,29.42180824279785,28.827041625976562,29.29709815979004,14939091
2021-05-28,29.546518325805664,29.623262405395508,29.393030166625977,29.4314022064209,4858174
2021-05-31,29.46977424621582,29.61366844177246,29.40262222290039,29.42180824279785,2913077
2021-06-01,29.546518325805664,30.016576766967773,29.517738342285156,29.786344528198242,4044130
2021-06-02,29.901460647583008,30.04535484313965,29.623262405395508,30.026168823242188,3069838
2021-06-03,29.911052703857422,30.10291290283203,29.719192504882812,30.06454086303711,2822956
2021-06-04,29.987796783447266,30.160472869873047,29.949424743652344,30.13169288635254,2319190
2021-06-07,30.208436965942383,30.48663330078125,30.189250946044922,30.189250946044922,3087961
2021-06-08,30.15087890625,30.27558708190918,30.026168823242188,30.026168823242188,4065889
2021-06-09,30.035762786865234,30.06454086303711,29.738378524780273,29.882274627685547,2983932
2021-06-10,29.85349464416504,29.8726806640625,29.604076385498047,29.671226501464844,3041803
2021-06-11,29.57529640197754,29.882274627685547,29.517738342285156,29.690412521362305,2853982
2021-06-14,29.834308624267578,29.911052703857422,29.64244842529297,29.76715850830078,2644303
2021-06-15,29.92064666748047,30.179658889770508,29.834308624267578,29.997390747070312,4622628
2021-06-16,30.08372688293457,30.08372688293457,29.671226501464844,29.671226501464844,5134745
2021-06-17,29.556110382080078,29.604076385498047,29.36425018310547,29.460180282592773,5290999
2021-06-18,29.479366302490234,29.805530548095703,29.057273864746094,29.057273864746094,17451833
2021-06-21,28.922971725463867,29.623262405395508,28.75029754638672,29.565704345703125,4755296
2021-06-22,29.66163444519043,29.930238723754883,29.40262222290039,29.901460647583008,3504992
2021-06-23,29.949424743652344,30.04535484313965,29.690412521362305,29.719192504882812,2933081
2021-06-24,29.795936584472656,30.17006492614746,29.652040481567383,30.122100830078125,5662823
2021-06-25,30.304367065429688,30.419483184814453,30.19884490966797,30.36192512512207,2713819
2021-06-28,30.246809005737305,30.409889221191406,30.13169288635254,30.246809005737305,2600644
2021-06-29,30.32355308532715,30.726459503173828,30.32355308532715,30.505821228027344,3960343
2021-06-30,30.505821228027344,30.515413284301758,29.95901870727539,30.112506866455078,3889683
2021-07-01,30.285181045532227,30.3139591217041,29.863088607788086,30.074134826660156,3221482
2021-07-02,30.46744728088379,30.841575622558594,30.36192512512207,30.438669204711914,5629990
2021-07-05,30.36192512512207,30.630529403686523,30.227622985839844,30.582565307617188,2473392
2021-07-06,30.57297134399414,30.793611526489258,30.438669204711914,30.505821228027344,3642263
2021-07-07,30.62093734741211,31.119773864746094,30.60175132751465,31.100587844848633,3381206
2021-07-08,30.985471725463867,31.071809768676758,30.505821228027344,30.860761642456055,4173947
2021-07-09,30.956693649291992,31.580238342285156,30.947099685668945,31.51308822631836,4865374
2021-07-12,31.541866302490234,31.676170349121094,31.225297927856445,31.48430824279785,3101153
2021-07-13,31.44593620300293,31.541866302490234,31.388378143310547,31.48430824279785,2896876
2021-07-14,31.225297927856445,31.42675018310547,31.177331924438477,31.378786087036133,2530187
2021-07-15,31.32122802734375,31.46512222290039,31.12936782836914,31.359600067138672,2847916
2021-07-16,31.44593620300293,31.474716186523438,30.93750762939453,31.1485538482666,3924561
2021-07-19,30.889541625976562,30.889541625976562,30.10291290283203,30.32355308532715,4420113
2021-07-20,30.668901443481445,31.04302978515625,30.429075241088867,30.841575622558594,4243148
2021-07-21,31.11018180847168,31.417158126831055,30.8703556060791,31.34041404724121,3639159
2021-07-22,31.848844528198242,32.270938873291016,31.55146026611328,31.800878524780273,5245105
2021-07-23,32.376461029052734,32.5587272644043,32.10785675048828,32.29971694946289,4224128
2021-07-26,32.29971694946289,32.5587272644043,32.21337890625,32.31890106201172,3038979
2021-07-27,32.232566833496094,32.35727310180664,31.925588607788086,32.25175094604492,2652210
2021-07-28,32.290122985839844,32.33808898925781,32.050296783447266,32.136634826660156,1977241
2021-07-29,32.232566833496094,32.33808898925781,32.050296783447266,32.079078674316406,3486361
2021-07-30,31.906402587890625,31.973552703857422,31.609018325805664,31.781692504882812,5793730
2021-08-02,32.040706634521484,32.098262786865234,31.61861228942871,31.714542388916016,3341675
2021-08-03,31.61861228942871,32.10785675048828,31.51308822631836,31.963960647583008,4078346
2021-08-04,32.136634826660156,32.520355224609375,31.973552703857422,32.328495025634766,3351548
2021-08-05,32.20378494262695,32.45320510864258,32.20378494262695,32.414833068847656,2519496
2021-08-06,32.33808898925781,32.568321228027344,32.30930709838867,32.376461029052734,2000461
2021-08-09,32.30930709838867,32.45320510864258,32.26134490966797,32.33808898925781,1856587
2021-08-10,32.39564514160156,32.77936935424805,32.376461029052734,32.77936935424805,3457127
2021-08-11,32.87529754638672,33.08634567260742,32.73140335083008,33.00960159301758,3612676
2021-08-12,33.028785705566406,33.220645904541016,32.87529754638672,33.124717712402344,4892004
2021-08-13,33.19186782836914,33.354949951171875,33.06715774536133,33.211055755615234,2705065
2021-08-16,33.0959358215332,33.20146179199219,33.00960159301758,33.1151237487793,3080717
2021-08-17,32.95204162597656,33.23023986816406,32.78895950317383,33.00960159301758,3106578
2021-08-18,33.00000762939453,33.3741340637207,32.95204162597656,33.326171875,3004105
2021-08-19,33.00000762939453,33.124717712402344,32.54913330078125,32.904075622558594,3508268
2021-08-20,32.846519470214844,33.076751708984375,32.57791519165039,33.00000762939453,3164782
2021-08-23,33.27820587158203,33.29738998413086,32.942447662353516,33.17268371582031,2631932
2021-08-24,33.268611907958984,33.268611907958984,33.076751708984375,33.211055755615234,3045152
2021-08-25,33.15349578857422,33.15349578857422,32.64506530761719,32.72180938720703,3571684
2021-08-26,32.61628723144531,32.942447662353516,32.57791519165039,32.942447662353516,2882795
2021-08-27,32.92326354980469,33.0479736328125,32.80814743041992,32.80814743041992,3366847
2021-08-30,32.70262145996094,33.00000762939453,32.59709930419922,32.95204162597656,3123396
2021-08-31,33.0479736328125,33.23023986816406,32.472389221191406,32.53954315185547,6789580
2021-09-01,32.693031311035156,32.712215423583984,32.376461029052734,32.61628723144531,3134837
2021-09-02,32.64506530761719,32.990413665771484,32.64506530761719,32.96163558959961,2499583
2021-09-03,32.990413665771484,33.06715774536133,32.77936935424805,33.01919174194336,2179786
2021-09-06,33.0959358215332,33.19186782836914,32.971229553222656,33.1151237487793,1809374
2021-09-07,32.96163558959961,32.990413665771484,32.53954315185547,32.64506530761719,2774400
2021-09-08,32.376461029052734,32.520355224609375,32.1462287902832,32.242156982421875,3283690
2021-09-09,32.011924743652344,32.45320510864258,31.91599464416504,32.22297286987305,3248834
2021-09-10,32.25175094604492,32.57791519165039,32.22297286987305,32.33808898925781,2231033
2021-09-13,32.35727310180664,32.769775390625,32.290122985839844,32.44361114501953,2489914
2021-09-14,32.53954315185547,32.70262145996094,32.39564514160156,32.54913330078125,2989263
2021-09-15,32.472389221191406,32.50117111206055,32.136634826660156,32.19419479370117,4455675
2021-09-16,32.22297286987305,32.64506530761719,32.19419479370117,32.38605499267578,4012866
2021-09-17,32.68343734741211,32.78895950317383,31.752914428710938,31.752914428710938,16089706
2021-09-20,31.177331924438477,31.282855987548828,30.716867446899414,30.860761642456055,5970576
2021-09-21,30.85116958618164,31.55146026611328,30.85116958618164,30.8703556060791,4317184
2021-09-22,31.177331924438477,31.273263931274414,30.841575622558594,31.23488998413086,4471711
2021-09-23,31.599424362182617,31.800878524780273,31.42675018310547,31.628204345703125,3233131
2021-09-24,31.609018325805664,31.609018325805664,30.860761642456055,31.014251708984375,3836820
2021-09-27,31.167739868164062,31.244483947753906,30.496227264404297,30.697681427001953,3294020
2021-09-28,30.505821228027344,30.630529403686523,29.795936584472656,29.997390747070312,4321563
2021-09-29,30.15087890625,30.438669204711914,30.035762786865234,30.093320846557617,3833120
2021-09-30,30.457855224609375,30.48663330078125,30.006982803344727,30.112506866455078,5332971
2021-10-01,29.440994262695312,29.719192504882812,29.19157600402832,29.36425018310547,5549571
2021-10-04,29.40262222290039,29.565704345703125,29.114831924438477,29.134017944335938,5303238
2021-10-05,29.095645904541016,29.42180824279785,28.922971725463867,29.354656219482422,3463913
2021-10-06,29.143611907958984,29.354656219482422,28.481691360473633,28.91337776184082,4239598
2021-10-07,29.345064163208008,29.68082046508789,29.21076202392578,29.632854461669922,5573799
2021-10-08,29.70000648498535,29.757564544677734,29.393030166625977,29.440994262695312,4380346
2021-10-11,29.3162841796875,29.393030166625977,29.076459884643555,29.277912139892578,2608353
2021-10-12,28.970935821533203,29.623262405395508,28.884599685668945,29.527332305908203,4322441
2021-10-13,29.354656219482422,30.122100830078125,29.29709815979004,30.054948806762695,3754517
2021-10-14,30.227622985839844,30.438669204711914,29.97820472717285,30.390703201293945,6088745
2021-10-15,30.563379287719727,30.707273483276367,30.3139591217041,30.611343383789062,4315500
2021-10-18,30.429075241088867,30.505821228027344,30.13169288635254,30.265995025634766,3152362
2021-10-19,30.38111114501953,30.62093734741211,30.265995025634766,30.582565307617188,3333514
2021-10-20,30.582565307617188,31.014251708984375,30.563379287719727,30.793611526489258,4007706
2021-10-21,29.354656219482422,29.85349464416504,28.635181427001953,28.8750057220459,11392254
2021-10-22,29.018901824951172,29.201168060302734,28.78866958618164,29.057273864746094,6296866
2021-10-25,29.181983947753906,29.181983947753906,28.5296573638916,28.836633682250977,6622521
2021-10-26,28.692739486694336,29.29709815979004,28.635181427001953,29.0860538482666,5421091
2021-10-27,29.04768180847168,29.325878143310547,28.99971580505371,29.239540100097656,3587708
2021-10-28,29.1532039642334,29.268320083618164,28.731111526489258,29.057273864746094,4840262
2021-10-29,28.970935821533203,29.105239868164062,28.615995407104492,29.057273864746094,4021409
2021-11-01,29.1532039642334,29.268320083618164,29.02849578857422,29.0860538482666,4545608
2021-11-02,29.0860538482666,29.671226501464844,28.96134376525879,29.565704345703125,4684636
2021-11-03,29.89186668395996,30.285181045532227,29.76715850830078,30.227622985839844,5025237
2021-11-04,30.630529403686523,30.65930938720703,30.246809005737305,30.352331161499023,3896055
2021-11-05,30.36192512512207,30.515413284301758,30.160472869873047,30.208436965942383,4388091
2021-11-08,30.122100830078125,30.611343383789062,30.093320846557617,30.57297134399414,2993629
2021-11-09,30.525007247924805,30.716867446899414,30.419483184814453,30.5921573638916,3203835
2021-11-10,30.678495407104492,30.78401756286621,30.477041244506836,30.668901443481445,4800261
2021-11-11,30.582565307617188,30.93750762939453,30.515413284301758,30.755239486694336,3049764
2021-11-12,30.803203582763672,31.014251708984375,30.668901443481445,30.985471725463867,3248818
2021-11-15,30.91832160949707,31.004657745361328,30.83198356628418,30.927913665771484,2286417
2021-11-16,30.985471725463867,31.378786087036133,30.83198356628418,31.32122802734375,3583905
2021-11-17,31.273263931274414,31.839250564575195,31.12936782836914,31.70494842529297,5731231
2021-11-18,31.800878524780273,31.9351806640625,31.561052322387695,31.666576385498047,4159063
2021-11-19,31.839250564575195,32.10785675048828,31.676170349121094,31.896808624267578,5611223
2021-11-22,31.877622604370117,32.21337890625,31.733728408813477,32.15582275390625,4577733
2021-11-23,31.887216567993164,32.05989074707031,31.637798309326172,31.76250648498535,4282738
2021-11-24,32.011924743652344,32.079078674316406,31.34041404724121,31.570646286010742,4097863
2021-11-25,31.61861228942871,31.72413444519043,31.42675018310547,31.55146026611328,2195173
2021-11-26,30.38111114501953,30.62093734741211,30.160472869873047,30.21803092956543,6020114
2021-11-29,30.19884490966797,30.89913558959961,30.19884490966797,30.64012336730957,4656839
2021-11-30,30.32355308532715,30.841575622558594,29.719192504882812,30.5921573638916,14379014
2021-12-01,30.78401756286621,31.138959884643555,30.57297134399414,30.966285705566406,5464403
2021-12-02,30.525007247924805,31.052623748779297,30.112506866455078,31.033437728881836,6221453
2021-12-03,31.119773864746094,31.74332046508789,31.014251708984375,31.09099578857422,6224884
2021-12-06,31.350006103515625,31.887216567993164,31.196517944335938,31.887216567993164,4650604
2021-12-07,32.17500686645508,32.472389221191406,31.628204345703125,32.19419479370117,6369874
2021-12-08,32.328495025634766,32.750587463378906,32.2805290222168,32.4244270324707,4916642
2021-12-09,32.606693267822266,32.72180938720703,32.35727310180664,32.54913330078125,3413654
2021-12-10,32.462799072265625,32.61628723144531,32.21337890625,32.35727310180664,3354049
2021-12-13,32.414833068847656,32.76018142700195,32.290122985839844,32.40523910522461,4013435
2021-12-14,32.664249420166016,32.89448547363281,32.03111267089844,32.03111267089844,4550392
2021-12-15,32.011924743652344,32.30930709838867,31.74332046508789,32.16541290283203,4991421
2021-12-16,32.712215423583984,33.33576202392578,32.712215423583984,33.13431167602539,5812591
2021-12-17,33.10552978515625,33.19186782836914,32.5587272644043,32.750587463378906,10908440
2021-12-20,32.1462287902832,32.36686706542969,31.781692504882812,32.050296783447266,3921227
2021-12-21,32.4915771484375,32.59709930419922,32.2805290222168,32.5587272644043,3051066
2021-12-22,32.61628723144531,32.712215423583984,32.19419479370117,32.53954315185547,2878266
2021-12-23,32.72180938720703,33.28779983520508,32.664249420166016,33.220645904541016,3105946
2021-12-27,33.1151237487793,33.633148193359375,33.03837966918945,33.52762222290039,1891423
2021-12-28,33.57558822631836,33.834598541259766,33.51803207397461,33.719482421875,1676110
2021-12-29,33.719482421875,33.863380432128906,33.59477615356445,33.74826431274414,2221864
2021-12-30,33.719482421875,33.796226501464844,33.47965621948242,33.47965621948242,2982187
2022-01-03,33.633148193359375,34.13198471069336,33.56599426269531,33.84419250488281,3156359
2022-01-04,33.9305305480957,34.32384490966797,33.863380432128906,34.15116882324219,3093650
2022-01-05,34.23750686645508,34.333438873291016,34.074424743652344,34.333438873291016,3331716
2022-01-06,33.585182189941406,33.911346435546875,33.45087814331055,33.72907638549805,3153794
2022-01-07,33.76744842529297,33.825008392333984,33.364540100097656,33.585182189941406,3745289
2022-01-10,33.53721618652344,33.604366302490234,32.4244270324707,32.4244270324707,5903123
2022-01-11,32.750587463378906,32.990413665771484,32.72180938720703,32.846519470214844,4686372
2022-01-12,33.28779983520508,33.920936584472656,33.220645904541016,33.690704345703125,5001336
2022-01-13,33.6715202331543,33.738670349121094,33.23983383178711,33.43169403076172,3608592
2022-01-14,33.10552978515625,33.163089752197266,32.462799072265625,32.52994918823242,4195286
2022-01-17,32.58750534057617,32.884891510009766,32.38605499267578,32.750587463378906,2498377
2022-01-18,32.434017181396484,32.462799072265625,32.040706634521484,32.15582275390625,4326728
2022-01-19,32.15582275390625,32.904075622558594,32.02151870727539,32.61628723144531,5068835
2022-01-20,32.76018142700195,33.03837966918945,32.48198318481445,32.990413665771484,3478431
2022-01-21,32.462799072265625,32.53954315185547,31.858436584472656,32.21337890625,6491387
2022-01-24,32.011924743652344,32.29971694946289,30.544193267822266,30.707273483276367,6244156
2022-01-25,31.02384376525879,31.292449951171875,30.707273483276367,30.908727645874023,4606938
2022-01-26,31.196517944335938,31.868030548095703,31.09099578857422,31.522680282592773,4521103
2022-01-27,30.736053466796875,31.61861228942871,30.707273483276367,31.167739868164062,5517163
2022-01-28,30.85116958618164,31.167739868164062,29.57529640197754,29.863088607788086,7080474
2022-01-31,30.265995025634766,30.76483154296875,30.15087890625,30.419483184814453,5525146
2022-02-01,30.89913558959961,31.1485538482666,30.726459503173828,30.83198356628418,4837799
2022-02-02,31.09099578857422,31.369192123413086,30.966285705566406,31.254077911376953,4908326
2022-02-03,30.889541625976562,31.177331924438477,30.208436965942383,30.48663330078125,6430875
2022-02-04,30.505821228027344,30.62093734741211,29.997390747070312,30.074134826660156,4955940
2022-02-07,30.246809005737305,30.91832160949707,30.179658889770508,30.774425506591797,5065934
2022-02-08,30.908727645874023,31.04302978515625,30.697681427001953,30.927913665771484,3978502
2022-02-09,31.2157039642334,31.76250648498535,31.177331924438477,31.628204345703125,4501400
2022-02-10,31.7721004486084,31.887216567993164,31.397972106933594,31.589832305908203,5541931
2022-02-11,31.167739868164062,31.330820083618164,30.860761642456055,31.119773864746094,3947719
2022-02-14,30.122100830078125,30.265995025634766,29.776750564575195,30.122100830078125,5946103
2022-02-15,30.026168823242188,31.119773864746094,29.949424743652344,30.995065689086914,5006386
2022-02-16,31.100587844848633,31.34041404724121,30.85116958618164,31.052623748779297,3888856
2022-02-17,31.11018180847168,31.273263931274414,30.62093734741211,30.697681427001953,4352997
2022-02-18,30.755239486694336,30.81279754638672,30.29477310180664,30.400297164916992,4870838
2022-02-21,30.477041244506836,30.5921573638916,29.46977424621582,29.728784561157227,5130568
2022-02-22,28.922971725463867,30.13169288635254,28.8750057220459,29.92064666748047,6354835
2022-02-23,29.95901870727539,30.419483184814453,29.38343620300293,29.40262222290039,5196188
2022-02-24,27.867738723754883,28.846227645874023,27.647098541259766,28.740703582763672,9033585
2022-02-25,29.162797927856445,29.728784561157227,28.827041625976562,29.66163444519043,7019985
2022-02-28,28.98052978515625,29.89186668395996,28.942157745361328,29.882274627685547,6630391
2022-03-01,29.968610763549805,30.08372688293457,29.124425888061523,29.345064163208008,5856412
2022-03-02,28.68314552307129,29.64244842529297,28.328203201293945,29.508146286010742,7521165
2022-03-03,29.3162841796875,29.76715850830078,29.181983947753906,29.220354080200195,5143469
2022-03-04,28.817447662353516,29.124425888061523,27.70465660095215,27.70465660095215,9285398
2022-03-07,26.72616958618164,27.867738723754883,26.419191360473633,27.570354461669922,10237181
2022-03-08,27.282564163208008,28.568029403686523,27.282564163208008,28.184307098388672,8610556
2022-03-09,29.1532039642334,29.546518325805664,28.644773483276367,29.45058822631836,7315981
2022-03-10,29.57529640197754,29.786344528198242,29.134017944335938,29.229948043823242,6988514
2022-03-11,29.268320083618164,30.054948806762695,29.21076202392578,29.498552322387695,7128549
2022-03-14,29.834308624267578,30.34273910522461,29.815122604370117,30.13169288635254,4497079
2022-03-15,29.89186668395996,30.093320846557617,29.277912139892578,29.834308624267578,7120466
2022-03-16,30.60175132751465,31.167739868164062,30.457855224609375,31.167739868164062,6140098
2022-03-17,31.561052322387695,31.76250648498535,31.244483947753906,31.55146026611328,4896938
2022-03-18,31.820064544677734,31.820064544677734,31.1485538482666,31.46512222290039,12378464
2022-03-21,31.407564163208008,31.599424362182617,31.263669967651367,31.4939022064209,3409218
2022-03-22,31.378786087036133,31.74332046508789,31.282855987548828,31.46512222290039,3860612
2022-03-23,31.580238342285156,31.781692504882812,31.138959884643555,31.407564163208008,3702441
2022-03-24,31.46512222290039,31.46512222290039,30.736053466796875,30.78401756286621,4908667
2022-03-25,31.177331924438477,31.273263931274414,30.285181045532227,30.48663330078125,4078944
2022-03-28,29.757564544677734,30.06454086303711,29.719192504882812,29.843902587890625,4549775
2022-03-29,30.227622985839844,30.304367065429688,29.76715850830078,30.21803092956543,6674702
2022-03-30,30.026168823242188,30.074134826660156,28.93256378173828,29.02849578857422,6809756
2022-03-31,29.277912139892578,29.45058822631836,28.846227645874023,28.942157745361328,5376285
2022-04-01,28.865413665771484,29.258726119995117,28.587215423583984,29.057273864746094,3730167
2022-04-04,29.181983947753906,29.287506103515625,28.42413330078125,29.287506103515625,4349955
2022-04-05,29.057273864746094,29.479366302490234,28.817447662353516,28.903785705566406,3986200
2022-04-06,28.625587463378906,28.798261642456055,27.992448806762695,28.270645141601562,6054260
2022-04-07,28.452913284301758,28.558435440063477,28.222679138183594,28.29942512512207,4437688
2022-04-08,28.625587463378906,29.06686782836914,28.539249420166016,28.8078556060791,5376092
2022-04-11,28.68314552307129,28.91337776184082,28.126750946044922,28.126750946044922,5857577
2022-04-12,27.85814666748047,28.00204086303711,27.675878524780273,27.867738723754883,6764373
2022-04-13,27.57994842529297,27.89651870727539,27.560762405395508,27.85814666748047,3638206
2022-04-14,27.963668823242188,28.385761260986328,27.838958740234375,28.174715042114258,5157246
2022-04-19,28.174715042114258,28.72151756286621,28.00204086303711,28.587215423583984,5056767
2022-04-20,28.644773483276367,29.277912139892578,28.558435440063477,28.846227645874023,4967146
2022-04-21,29.546518325805664,30.736053466796875,29.3162841796875,30.265995025634766,9460169
2022-04-22,30.035762786865234,30.246809005737305,29.124425888061523,29.220354080200195,7608487
2022-04-25,28.356983184814453,28.663959503173828,28.030820846557617,28.059598922729492,6946360
2022-04-26,28.433727264404297,28.759889602661133,27.714250564575195,27.72384262084961,7420238
2022-04-27,27.627912521362305,27.944482803344727,27.349714279174805,27.656692504882812,5160365
2022-04-28,27.819772720336914,28.059598922729492,27.51279640197754,27.714250564575195,3884040
2022-04-29,28.136343002319336,28.673553466796875,28.117156982421875,28.395355224609375,3457564
2022-05-02,28.059598922729492,28.203493118286133,27.244192123413086,27.57994842529297,3954906
2022-05-03,27.85814666748047,28.2514591217041,27.666284561157227,27.934890747070312,4543870
2022-05-04,27.934890747070312,28.270645141601562,27.838958740234375,27.867738723754883,3403541
2022-05-05,28.587215423583984,28.817447662353516,27.91570472717285,28.06919288635254,4460928
2022-05-06,27.87733268737793,27.954076766967773,27.215412139892578,27.503204345703125,5247420
2022-05-09,27.388086318969727,27.608726501464844,26.72616958618164,26.72616958618164,5004795
2022-05-10,27.033145904541016,27.531982421875,26.946807861328125,27.04273796081543,4447143
2022-05-11,27.42645835876465,27.484018325805664,26.83169174194336,27.244192123413086,4702855
2022-05-12,26.649423599243164,27.23459815979004,26.27529525756836,27.08111000061035,5286453
2022-05-13,27.30175018310547,27.714250564575195,27.186634063720703,27.647098541259766,3716139
2022-05-16,27.61832046508789,27.72384262084961,27.157854080200195,27.157854080200195,4766275
2022-05-17,27.627912521362305,27.819772720336914,27.42645835876465,27.819772720336914,3884491
2022-05-18,27.886924743652344,28.241867065429688,27.675878524780273,27.675878524780273,4826773
2022-05-19,27.244192123413086,27.330528259277344,26.764541625976562,27.2537841796875,5122271
2022-05-20,27.666284561157227,27.973262786865234,27.349714279174805,27.44564437866211,5085080
2022-05-23,27.934890747070312,28.06919288635254,27.493610382080078,27.848552703857422,4605763
2022-05-24,27.59913444519043,27.91570472717285,27.531982421875,27.57994842529297,3715452
2022-05-25,27.87733268737793,27.944482803344727,27.493610382080078,27.627912521362305,3701395
2022-05-27,28.02122688293457,28.2514591217041,27.89651870727539,28.16512107849121,4031173
2022-05-30,28.51047134399414,28.990123748779297,28.462505340576172,28.855819702148438,2736374
2022-05-31,28.568029403686523,28.779075622558594,28.184307098388672,28.184307098388672,10162892
2022-06-01,28.615995407104492,28.673553466796875,28.241867065429688,28.366575241088867,3413406
2022-06-02,28.385761260986328,29.0860538482666,28.347389221191406,29.0860538482666,3427155
2022-06-03,29.412216186523438,29.546518325805664,29.057273864746094,29.0860538482666,3506884
2022-06-07,29.373844146728516,29.45058822631836,29.02849578857422,29.249134063720703,3829598
2022-06-08,29.393030166625977,29.440994262695312,28.798261642456055,28.865413665771484,3997868
2022-06-09,28.779075622558594,28.865413665771484,28.356983184814453,28.42413330078125,4024591
2022-06-10,28.08837890625,28.337797164916992,27.627912521362305,27.627912521362305,4684500
2022-06-13,27.205820083618164,27.44564437866211,26.62064552307129,26.649423599243164,4735110
2022-06-14,26.841285705566406,26.927621841430664,26.112215042114258,26.352041244506836,4857140
2022-06-15,26.697389602661133,27.06192398071289,26.400005340576172,26.860471725463867,4284870
2022-06-16,26.697389602661133,26.7453556060791,25.440702438354492,25.632564544677734,6729181
2022-06-17,24.711633682250977,25.622970581054688,24.70203971862793,24.99942398071289,18272580
2022-06-20,24.941865921020508,24.98023796081543,24.49099349975586,24.673261642456055,3848092
2022-06-21,24.7500057220459,25.162504196166992,24.711633682250977,24.903493881225586,3687226
2022-06-22,24.46221351623535,24.46221351623535,24.011341094970703,24.356691360473633,5708788
2022-06-23,24.10727310180664,24.31831932067871,23.838668823242188,23.953784942626953,4537050
2022-06-24,24.145645141601562,24.615703582763672,24.059307098388672,24.42384147644043,6508447
2022-06-27,24.654075622558594,25.12413215637207,24.57733154296875,24.884307861328125,5705898
2022-06-28,25.066574096679688,25.38314437866211,24.85552978515625,24.98023796081543,4971210
2022-06-29,24.634889602661133,24.884307861328125,24.55814552307129,24.644481658935547,4746375
2022-06-30,24.72122573852539,24.72122573852539,23.91541290283203,24.42384147644043,6565065
2022-07-01,24.270353317260742,24.51017951965332,23.934598922729492,24.222389221191406,4378960
2022-07-04,24.327911376953125,24.80756378173828,24.327911376953125,24.52936553955078,2830652
2022-07-05,24.865121841430664,24.99942398071289,23.97296905517578,24.068899154663086,4254971
2022-07-06,23.87704086303711,24.4718074798584,23.867446899414062,24.375877380371094,4714277
2022-07-07,24.759597778320312,25.162504196166992,24.644481658935547,25.152912139892578,3703558
2022-07-08,25.14331817626953,25.48866844177246,24.99942398071289,25.42151641845703,3833182
2022-07-11,24.74041175842285,25.21047019958496,24.59651756286621,24.932273864746094,3725668
2022-07-12,24.80756378173828,25.25843620300293,24.663667678833008,25.25843620300293,2631719
2022-07-13,24.99942398071289,25.354366302490234,24.59651756286621,24.893901824951172,4043015
2022-07-14,25.10494613647461,25.25843620300293,24.606109619140625,24.76919174194336,3181274
2022-07-15,24.836341857910156,25.27762222290039,24.778783798217773,25.248842239379883,3794038
2022-07-18,25.42151641845703,25.834016799926758,25.325586318969727,25.64215660095215,2704694
2022-07-19,25.392738342285156,26.121807098388672,25.268028259277344,26.016284942626953,3312717
2022-07-20,26.1889591217041,26.42878532409668,26.016284942626953,26.208145141601562,3957173
2022-07-21,26.38081932067871,26.783727645874023,26.15058708190918,26.630237579345703,5448120
2022-07-22,26.476749420166016,26.65901756286621,26.352041244506836,26.42878532409668,3423718
2022-07-25,26.36163330078125,26.563087463378906,26.121807098388672,26.40959930419922,2915425
2022-07-26,26.486343383789062,26.563087463378906,26.179365158081055,26.27529525756836,3080772
2022-07-27,26.4671573638916,26.649423599243164,26.236923217773438,26.40959930419922,2252810
2022-07-28,26.754947662353516,26.975587844848633,26.687795639038086,26.85087776184082,3554806
2022-07-29,27.08111000061035,27.59913444519043,27.013959884643555,27.59913444519043,3860377
2022-08-02,27.436052322387695,27.44564437866211,27.033145904541016,27.349714279174805,3655833
2022-08-03,27.378494262695312,27.503204345703125,27.157854080200195,27.42645835876465,2455494
2022-08-04,27.388086318969727,27.82936668395996,27.35930824279785,27.70465660095215,2156233
2022-08-05,27.656692504882812,27.771808624267578,27.196226119995117,27.2537841796875,2138763
2022-08-08,27.522390365600586,27.925296783447266,27.205820083618164,27.292156219482422,3184656
2022-08-09,27.292156219482422,27.292156219482422,26.764541625976562,26.908435821533203,2693336
2022-08-10,26.764541625976562,27.541576385498047,26.611051559448242,27.541576385498047,3034848
2022-08-11,27.675878524780273,27.781400680541992,27.474424362182617,27.675878524780273,2206234
2022-08-12,27.647098541259766,27.752622604370117,27.436052322387695,27.61832046508789,2274651
2022-08-15,27.800586700439453,27.800586700439453,27.484018325805664,27.63750648498535,1505821
2022-08-16,27.752622604370117,27.819772720336914,27.503204345703125,27.819772720336914,2306261
2022-08-17,27.8101806640625,27.87733268737793,27.34012222290039,27.34012222290039,2327784
2022-08-18,27.330528259277344,27.8101806640625,27.30175018310547,27.695064544677734,2432409
2022-08-19,27.570354461669922,27.752622604370117,27.32093620300293,27.378494262695312,3246723
2022-08-22,27.23459815979004,27.2537841796875,26.31366729736328,26.40959930419922,3032761
2022-08-23,26.265703201293945,26.59186553955078,26.064250946044922,26.36163330078125,2990227
2022-08-24,26.29448127746582,26.59186553955078,26.08343505859375,26.55349349975586,1943326
2022-08-25,26.697389602661133,26.802913665771484,26.419191360473633,26.697389602661133,2009754
2022-08-26,26.889249801635742,26.889249801635742,26.34244728088379,26.40959930419922,3859142
2022-08-29,26.016284942626953,26.390413284301758,25.795644760131836,26.31366729736328,4325804
2022-08-30,26.457563400268555,26.83169174194336,26.13140106201172,26.217737197875977,3195595
2022-08-31,26.34244728088379,26.390413284301758,25.85320281982422,25.87238883972168,5346844
2022-09-01,25.64215660095215,25.68052864074707,25.344772338867188,25.40233039855957,3677836
2022-09-02,25.546226501464844,26.31366729736328,25.498260498046875,26.29448127746582,4246974
2022-09-05,25.66134262084961,25.738086700439453,25.373552322387695,25.64215660095215,2605203
2022-09-06,25.632564544677734,26.13140106201172,25.622970581054688,25.93954086303711,3211927
2022-09-07,25.795644760131836,26.02587890625,25.565412521362305,26.00669288635254,3173492
2022-09-08,26.064250946044922,26.236923217773438,25.555818557739258,26.016284942626953,2979136
2022-09-09,26.112215042114258,26.438377380371094,26.112215042114258,26.265703201293945,2460903
2022-09-12,26.457563400268555,26.879657745361328,26.38081932067871,26.774133682250977,3154682
2022-09-13,26.91802978515625,27.071517944335938,26.2561092376709,26.27529525756836,3550471
2022-09-14,26.15058708190918,26.198551177978516,25.527040481567383,25.87238883972168,4767355
2022-09-15,25.814830780029297,26.208145141601562,25.786052703857422,25.87238883972168,2988238
2022-09-16,25.64215660095215,25.709308624267578,25.08576011657715,25.08576011657715,11169949
2022-09-19,24.951459884643555,25.344772338867188,24.663667678833008,25.1912841796875,2707961
2022-09-20,25.45029640197754,25.565412521362305,24.778783798217773,24.932273864746094,3616519
2022-09-21,24.586923599243164,25.12413215637207,24.51017951965332,25.066574096679688,2665131
2022-09-22,24.46221351623535,25.133726119995117,24.375877380371094,24.55814552307129,3338353
2022-09-23,24.29913330078125,24.481401443481445,24.02093505859375,24.174423217773438,3467272
2022-09-26,24.04012107849121,24.40465545654297,23.963376998901367,24.203203201293945,3643483
2022-09-27,24.46221351623535,24.615703582763672,24.136051177978516,24.452621459960938,6187589
2022-09-28,23.886632919311523,24.606109619140625,23.838668823242188,24.59651756286621,7014908
2022-09-29,24.42384147644043,24.44302749633789,24.068899154663086,24.31831932067871,4394987
2022-09-30,24.385469436645508,24.87471580505371,24.203203201293945,24.7500057220459,5385384
2022-10-03,24.850000381469727,25.040000915527344,24.059999465942383,24.350000381469727,5083092
2022-10-04,24.530000686645508,25.860000610351562,24.5,25.850000381469727,6644409
2022-10-05,25.139999389648438,25.899999618530273,25.1299991607666,25.549999237060547,3197146
2022-10-06,25.739999771118164,25.799999237060547,25.489999771118164,25.510000228881836,2575594
2022-10-07,25.360000610351562,25.59000015258789,24.920000076293945,24.979999542236328,2862570
2022-10-10,24.75,25.290000915527344,24.700000762939453,25.059999465942383,2222934
2022-10-11,24.809999465942383,25.06999969482422,24.649999618530273,24.899999618530273,2593732
2022-10-12,24.889999389648438,25.15999984741211,24.760000228881836,24.979999542236328,3129312
2022-10-13,24.790000915527344,25.690000534057617,24.549999237060547,25.690000534057617,5227422
2022-10-14,26.030000686645508,26.229999542236328,25.43000030517578,25.530000686645508,3781855
2022-10-17,25.540000915527344,26.309999465942383,25.25,26.149999618530273,3130069
2022-10-18,26.5,27.079999923706055,26.43000030517578,26.65999984741211,3817332
2022-10-19,26.989999771118164,27.280000686645508,26.709999084472656,26.760000228881836,4575330
2022-10-20,26.899999618530273,26.969999313354492,26.200000762939453,26.829999923706055,4774943
2022-10-21,26.700000762939453,27.18000030517578,26.299999237060547,27.049999237060547,4588534
2022-10-24,27.049999237060547,27.610000610351562,26.81999969482422,27.389999389648438,4203470
2022-10-25,27.549999237060547,27.8799991607666,27.15999984741211,27.809999465942383,3684114
2022-10-26,27.739999771118164,28.110000610351562,27.6200008392334,28.020000457763672,2707032
2022-10-27,27.920000076293945,27.93000030517578,27.450000762939453,27.75,2830796
2022-10-28,27.520000457763672,27.770000457763672,27.329999923706055,27.719999313354492,2394441
2022-10-31,27.709999084472656,27.950000762939453,27.56999969482422,27.84000015258789,3981275
2022-11-01,28.059999465942383,28.459999084472656,27.889999389648438,27.989999771118164,3195703
2022-11-02,28.1299991607666,28.219999313354492,27.760000228881836,27.790000915527344,3096190
2022-11-03,27.280000686645508,27.68000030517578,27.149999618530273,27.68000030517578,3246024
2022-11-04,27.649999618530273,28.43000030517578,27.649999618530273,28.229999542236328,3626923
2022-11-07,28.190000534057617,28.559999465942383,28.079999923706055,28.559999465942383,2940552
2022-11-08,28.520000457763672,28.809999465942383,28.299999237060547,28.780000686645508,3069435
2022-11-09,28.670000076293945,29.049999237060547,28.579999923706055,28.739999771118164,3034073
2022-11-10,28.420000076293945,29.579999923706055,28.420000076293945,29.450000762939453,4446307
2022-11-11,29.450000762939453,29.84000015258789,29.260000228881836,29.68000030517578,3976528
2022-11-14,29.760000228881836,29.899999618530273,29.530000686645508,29.799999237060547,3592981
2022-11-15,29.780000686645508,29.90999984741211,29.440000534057617,29.780000686645508,2815481
2022-11-16,29.729999542236328,29.860000610351562,29.020000457763672,29.18000030517578,3328304
2022-11-17,29.489999771118164,29.6299991607666,28.969999313354492,29.049999237060547,2947535
2022-11-18,29.149999618530273,29.450000762939453,29.0,29.280000686645508,4330851
2022-11-21,29.200000762939453,29.489999771118164,29.100000381469727,29.399999618530273,3738152
2022-11-22,29.459999084472656,29.6200008392334,29.229999542236328,29.540000915527344,2058646
2022-11-23,29.600000381469727,29.75,29.3799991607666,29.6200008392334,2552286
2022-11-24,29.639999389648438,29.940000534057617,29.600000381469727,29.860000610351562,1596443
2022-11-25,29.940000534057617,30.049999237060547,29.780000686645508,29.90999984741211,2175029
2022-11-28,29.75,29.860000610351562,29.489999771118164,29.489999771118164,2617810
2022-11-29,29.420000076293945,29.799999237060547,29.420000076293945,29.43000030517578,2399633
2022-11-30,29.34000015258789,29.65999984741211,29.18000030517578,29.360000610351562,9735248
2022-12-01,29.56999969482422,29.8799991607666,29.350000381469727,29.540000915527344,3447774
2022-12-02,29.670000076293945,29.739999771118164,29.110000610351562,29.6299991607666,3087855
2022-12-05,29.530000686645508,29.690000534057617,29.43000030517578,29.5,2415059
2022-12-06,29.440000534057617,29.600000381469727,29.139999389648438,29.200000762939453,4555849
2022-12-07,29.1299991607666,29.18000030517578,28.889999389648438,28.989999771118164,3707320
2022-12-08,28.940000534057617,29.020000457763672,28.690000534057617,28.770000457763672,2686735
2022-12-09,28.90999984741211,29.219999313354492,28.829999923706055,29.18000030517578,2877952
2022-12-12,29.09000015258789,29.09000015258789,28.940000534057617,29.040000915527344,2056665
2022-12-13,29.15999984741211,29.799999237060547,29.079999923706055,29.59000015258789,2945124
2022-12-14,29.530000686645508,29.579999923706055,29.329999923706055,29.5,1987768
2022-12-15,29.200000762939453,29.290000915527344,28.420000076293945,28.420000076293945,4728925
2022-12-16,28.440000534057617,28.579999923706055,27.950000762939453,28.1200008392334,7806740
2022-12-19,28.15999984741211,28.270000457763672,28.030000686645508,28.18000030517578,2749309
2022-12-20,27.81999969482422,28.040000915527344,27.780000686645508,27.899999618530273,2930934
2022-12-21,27.950000762939453,28.25,27.93000030517578,28.239999771118164,3014627
2022-12-22,28.270000457763672,28.40999984741211,27.860000610351562,27.93000030517578,2403982
2022-12-23,28.040000915527344,28.260000228881836,27.989999771118164,28.170000076293945,1605834
2022-12-27,28.350000381469727,28.56999969482422,28.34000015258789,28.510000228881836,1820420
2022-12-28,28.540000915527344,28.579999923706055,28.15999984741211,28.229999542236328,2258921
2022-12-29,28.1200008392334,28.489999771118164,28.079999923706055,28.459999084472656,1652077
2022-12-30,28.34000015258789,28.459999084472656,28.059999465942383,28.059999465942383,2387244
2023-01-03,28.3799991607666,28.860000610351562,28.229999542236328,28.739999771118164,3103295
2023-01-04,28.959999084472656,29.760000228881836,28.799999237060547,29.709999084472656,5088804
2023-01-05,29.709999084472656,29.829999923706055,29.450000762939453,29.729999542236328,4388238
2023-01-06,29.809999465942383,30.010000228881836,29.559999465942383,30.010000228881836,2638284
2023-01-09,30.0,30.540000915527344,30.0,30.440000534057617,3819373
2023-01-10,30.270000457763672,30.309999465942383,29.940000534057617,30.239999771118164,2098647
2023-01-11,30.299999237060547,30.979999542236328,30.25,30.899999618530273,3657503
2023-01-12,31.0,31.34000015258789,30.850000381469727,31.170000076293945,3223090
2023-01-13,31.030000686645508,31.200000762939453,30.920000076293945,30.959999084472656,2697779
2023-01-16,31.049999237060547,31.190000534057617,30.889999389648438,31.170000076293945,3115198
2023-01-17,31.31999969482422,31.790000915527344,31.25,31.579999923706055,5341210
2023-01-18,31.520000457763672,31.649999618530273,31.329999923706055,31.40999984741211,3725196
2023-01-19,31.170000076293945,31.280000686645508,30.68000030517578,30.68000030517578,3822791
2023-01-20,30.84000015258789,31.1200008392334,30.770000457763672,31.06999969482422,3190565
2023-01-23,31.219999313354492,31.56999969482422,31.170000076293945,31.56999969482422,2884402
2023-01-24,31.610000610351562,31.770000457763672,31.389999389648438,31.540000915527344,3010286
2023-01-25,31.700000762939453,31.739999771118164,31.239999771118164,31.40999984741211,2532947
2023-01-26,31.600000381469727,31.860000610351562,31.5,31.829999923706055,3413292
2023-01-27,31.899999618530273,32.02000045776367,31.760000228881836,31.93000030517578,3270318
2023-01-30,31.719999313354492,32.029998779296875,31.579999923706055,32.029998779296875,4024390
2023-01-31,31.920000076293945,32.060001373291016,31.670000076293945,31.75,4178614
2023-02-01,31.860000610351562,32.220001220703125,31.829999923706055,31.969999313354492,3576257
2023-02-02,31.049999237060547,31.719999313354492,30.469999313354492,31.079999923706055,6585374
2023-02-03,31.0,31.959999084472656,30.850000381469727,31.8799991607666,4209217
2023-02-06,31.690000534057617,31.760000228881836,31.239999771118164,31.43000030517578,3073133
2023-02-07,31.68000030517578,31.700000762939453,31.059999465942383,31.09000015258789,3601675
2023-02-08,31.43000030517578,31.469999313354492,30.670000076293945,30.700000762939453,3441239
2023-02-09,31.030000686645508,31.510000228881836,31.020000457763672,31.18000030517578,3515153
2023-02-10,30.950000762939453,31.100000381469727,30.610000610351562,30.93000030517578,2756726
2023-02-13,31.030000686645508,31.290000915527344,30.950000762939453,31.270000457763672,1867092
2023-02-14,31.280000686645508,31.450000762939453,31.049999237060547,31.110000610351562,2957004
2023-02-15,31.059999465942383,31.75,31.040000915527344,31.75,3094412
2023-02-16,31.969999313354492,32.040000915527344,31.280000686645508,31.520000457763672,3016540
2023-02-17,31.40999984741211,31.59000015258789,31.049999237060547,31.559999465942383,2949539
2023-02-20,31.639999389648438,31.68000030517578,31.329999923706055,31.450000762939453,1983850
2023-02-21,31.420000076293945,31.489999771118164,30.950000762939453,31.190000534057617,3039706
2023-02-22,31.1299991607666,31.280000686645508,30.850000381469727,31.190000534057617,1957147
2023-02-23,31.219999313354492,31.510000228881836,31.190000534057617,31.399999618530273,2021588
2023-02-24,31.530000686645508,31.6299991607666,30.950000762939453,31.079999923706055,2499506
2023-02-27,31.280000686645508,31.5,31.25,31.350000381469727,2950156
2023-02-28,31.15999984741211,31.469999313354492,31.059999465942383,31.280000686645508,3917253
2023-03-01,31.440000534057617,31.709999084472656,31.3799991607666,31.469999313354492,2556731
2023-03-02,31.25,31.469999313354492,31.09000015258789,31.469999313354492,1846797
2023-03-03,31.639999389648438,31.739999771118164,31.450000762939453,31.719999313354492,2948103
2023-03-06,31.790000915527344,31.93000030517578,31.719999313354492,31.899999618530273,2001838
2023-03-07,31.84000015258789,32.06999969482422,31.639999389648438,31.729999542236328,2751879
2023-03-08,31.670000076293945,31.93000030517578,31.579999923706055,31.8799991607666,2585118
2023-03-09,31.860000610351562,32.2599983215332,31.639999389648438,32.209999084472656,2326378
2023-03-10,31.489999771118164,31.670000076293945,30.8799991607666,30.969999313354492,3636062
2023-03-13,30.850000381469727,30.8799991607666,29.6299991607666,30.049999237060547,5803546
2023-03-14,30.030000686645508,30.889999389648438,29.829999923706055,30.809999465942383,4135334
2023-03-15,30.809999465942383,30.8700008392334,29.309999465942383,29.309999465942383,5348281
2023-03-16,29.889999389648438,30.149999618530273,29.170000076293945,30.09000015258789,5149663
2023-03-17,30.479999542236328,30.559999465942383,29.530000686645508,29.670000076293945,20499379
2023-03-20,29.479999542236328,30.309999465942383,29.239999771118164,30.100000381469727,4901151
2023-03-21,30.399999618530273,30.809999465942383,30.360000610351562,30.649999618530273,3706376
2023-03-22,30.690000534057617,31.09000015258789,30.6200008392334,30.90999984741211,5544717
2023-03-23,30.75,30.850000381469727,30.3700008392334,30.760000228881836,3146771
2023-03-24,30.510000228881836,30.68000030517578,29.360000610351562,29.790000915527344,8913061
2023-03-27,29.75,29.81999969482422,29.18000030517578,29.43000030517578,3862804
2023-03-28,29.670000076293945,29.84000015258789,29.520000457763672,29.75,2946539
2023-03-29,29.899999618530273,30.1200008392334,29.8799991607666,30.079999923706055,2734346
2023-03-30,30.31999969482422,30.860000610351562,30.31999969482422,30.81999969482422,2786600
2023-03-31,31.0,31.3700008392334,30.8799991607666,31.3700008392334,3981678
2023-04-03,31.5,31.6299991607666,31.34000015258789,31.3799991607666,4067337
2023-04-04,31.56999969482422,31.6200008392334,30.950000762939453,30.969999313354492,3767633
2023-04-05,30.829999923706055,30.84000015258789,29.989999771118164,30.049999237060547,4071008
2023-04-06,29.989999771118164,30.06999969482422,29.65999984741211,29.8700008392334,3350344
2023-04-11,30.190000534057617,30.65999984741211,30.139999389648438,30.65999984741211,3870799
2023-04-12,30.8700008392334,31.079999923706055,30.75,31.049999237060547,3699343
2023-04-13,30.8799991607666,31.149999618530273,30.559999465942383,30.84000015258789,3708395
2023-04-14,30.989999771118164,31.600000381469727,30.950000762939453,31.510000228881836,5949815
2023-04-17,31.579999923706055,31.739999771118164,31.510000228881836,31.68000030517578,3232804
2023-04-18,31.739999771118164,31.979999542236328,31.65999984741211,31.850000381469727,3430210
2023-04-19,31.479999542236328,31.68000030517578,31.43000030517578,31.579999923706055,4007359
2023-04-20,31.360000610351562,31.639999389648438,31.360000610351562,31.530000686645508,2728902
2023-04-21,31.540000915527344,31.649999618530273,31.229999542236328,31.56999969482422,4156760
2023-04-24,31.549999237060547,31.829999923706055,31.43000030517578,31.670000076293945,3151776
2023-04-25,32.619998931884766,32.90999984741211,32.34000015258789,32.779998779296875,8095155
2023-04-26,32.790000915527344,32.84000015258789,31.649999618530273,31.920000076293945,6327522
2023-04-27,31.920000076293945,32.31999969482422,31.579999923706055,32.25,4447993
2023-04-28,32.56999969482422,32.599998474121094,31.84000015258789,32.119998931884766,4563295
2023-05-02,32.20000076293945,32.2599983215332,31.850000381469727,31.93000030517578,2723351
2023-05-03,32.150001525878906,32.25,31.950000762939453,32.04999923706055,3320896
2023-05-04,31.81999969482422,32.02000045776367,31.59000015258789,31.729999542236328,3510649
2023-05-05,31.860000610351562,32.040000915527344,31.670000076293945,32.040000915527344,3147091
2023-05-08,32.0,32.380001068115234,31.899999618530273,32.220001220703125,1925730
2023-05-09,32.529998779296875,32.529998779296875,32.09000015258789,32.529998779296875,3535091
2023-05-10,32.66999816894531,32.72999954223633,32.279998779296875,32.599998474121094,4089681
2023-05-11,32.630001068115234,32.95000076293945,32.5099983215332,32.939998626708984,4172686
2023-05-12,32.959999084472656,33.25,32.86000061035156,33.119998931884766,3771903
2023-05-15,33.150001525878906,33.20000076293945,32.86000061035156,33.099998474121094,2587366
2023-05-16,33.130001068115234,33.18000030517578,32.810001373291016,32.93000030517578,2757502
2023-05-17,32.869998931884766,33.16999816894531,32.849998474121094,33.130001068115234,2490159
2023-05-19,33.54999923706055,34.11000061035156,33.470001220703125,33.88999938964844,5221751
2023-05-22,33.66999816894531,33.7599983215332,33.45000076293945,33.689998626708984,3321411
2023-05-23,33.369998931884766,33.52000045776367,33.22999954223633,33.27000045776367,3725560
2023-05-24,33.040000915527344,33.040000915527344,32.529998779296875,32.779998779296875,3185670
2023-05-25,32.84000015258789,33.349998474121094,32.72999954223633,33.18000030517578,3785209
2023-05-26,33.33000183105469,33.72999954223633,33.279998779296875,33.70000076293945,2707401
2023-05-30,33.66999816894531,34.0,33.529998779296875,33.689998626708984,3945620
2023-05-31,33.439998626708984,33.81999969482422,33.130001068115234,33.2599983215332,5387133
2023-06-01,33.40999984741211,33.61000061035156,33.279998779296875,33.52000045776367,2326325
2023-06-02,33.720001220703125,33.9900016784668,33.52000045776367,33.939998626708984,2835758
2023-06-05,33.9900016784668,34.13999938964844,33.790000915527344,33.93000030517578,2026319
2023-06-06,34.0,34.040000915527344,33.81999969482422,34.0,1495822
2023-06-07,33.849998474121094,34.119998931884766,33.810001373291016,34.099998474121094,2387972
2023-06-08,34.08000183105469,34.349998474121094,33.97999954223633,34.2400016784668,3650498
2023-06-09,34.20000076293945,34.5,34.099998474121094,34.5,5723488
2023-06-12,34.65999984741211,34.86000061035156,34.529998779296875,34.810001373291016,3882272
2023-06-13,35.0,35.290000915527344,34.79999923706055,35.279998779296875,3844571
2023-06-14,35.29999923706055,35.59000015258789,35.25,35.40999984741211,2958947
2023-06-15,35.40999984741211,35.7400016784668,34.970001220703125,35.470001220703125,3447739
2023-06-16,35.369998931884766,35.56999969482422,35.27000045776367,35.4900016784668,6480474
2023-06-19,35.34000015258789,35.40999984741211,35.060001373291016,35.2400016784668,1781893
2023-06-20,35.119998931884766,35.15999984741211,34.7400016784668,34.7400016784668,3629928
2023-06-21,34.79999923706055,35.060001373291016,34.58000183105469,34.63999938964844,2436158
2023-06-22,34.310001373291016,34.47999954223633,33.86000061035156,34.459999084472656,2683450
2023-06-23,34.290000915527344,34.439998626708984,34.11000061035156,34.29999923706055,1730927
2023-06-26,34.27000045776367,34.47999954223633,33.93000030517578,34.380001068115234,1990652
2023-06-27,34.4900016784668,34.79999923706055,34.369998931884766,34.75,2083445
2023-06-28,35.099998474121094,35.36000061035156,34.86000061035156,35.0,2753878
2023-06-29,35.060001373291016,35.06999969482422,34.310001373291016,34.470001220703125,3161335
2023-06-30,34.540000915527344,35.290000915527344,34.43000030517578,35.18000030517578,3665043
2023-07-03,35.16999816894531,35.25,34.56999969482422,34.61000061035156,2673414
2023-07-04,34.75,34.79999923706055,34.209999084472656,34.400001525878906,2057799
2023-07-05,34.279998779296875,34.38999938964844,34.099998474121094,34.2599983215332,3948514
2023-07-06,34.0,34.29999923706055,33.5099983215332,33.689998626708984,2974306
2023-07-07,33.65999984741211,33.70000076293945,33.349998474121094,33.56999969482422,2131991
2023-07-10,33.40999984741211,33.630001068115234,33.31999969482422,33.56999969482422,5984029
2023-07-11,33.77000045776367,33.849998474121094,33.54999923706055,33.65999984741211,3476014
2023-07-12,33.72999954223633,34.2400016784668,33.66999816894531,34.209999084472656,2093496
2023-07-13,34.18000030517578,34.18000030517578,33.849998474121094,34.0099983215332,2163782
2023-07-14,33.90999984741211,34.18000030517578,33.90999984741211,34.099998474121094,2289837
2023-07-17,34.09000015258789,34.209999084472656,33.709999084472656,33.88999938964844,1809322
2023-07-18,33.900001525878906,34.08000183105469,33.779998779296875,34.029998779296875,1881580
2023-07-19,34.20000076293945,34.20000076293945,33.349998474121094,33.45000076293945,2800439
2023-07-20,33.0,34.68000030517578,32.77000045776367,34.58000183105469,3355124
2023-07-21,34.68000030517578,35.279998779296875,34.4900016784668,34.900001525878906,3428403
2023-07-24,34.900001525878906,35.25,34.79999923706055,35.099998474121094,2757033
2023-07-25,35.189998626708984,35.2400016784668,34.790000915527344,35.150001525878906,2619802
2023-07-26,35.119998931884766,35.220001220703125,34.470001220703125,34.689998626708984,2767932
2023-07-27,34.880001068115234,35.54999923706055,34.5,35.29999923706055,3862663
2023-07-28,35.0,35.060001373291016,34.66999816894531,34.900001525878906,3696833
2023-07-31,34.849998474121094,35.060001373291016,34.7599983215332,34.86000061035156,3208926
2023-08-02,34.369998931884766,34.77000045776367,34.02000045776367,34.7599983215332,4165357
2023-08-03,34.54999923706055,34.63999938964844,33.97999954223633,34.25,3348124
2023-08-04,34.36000061035156,34.540000915527344,34.150001525878906,34.52000045776367,1959214
2023-08-07,34.599998474121094,34.68000030517578,34.15999984741211,34.560001373291016,2414673
2023-08-08,34.400001525878906,34.54999923706055,34.0099983215332,34.13999938964844,2186285
2023-08-09,34.36000061035156,34.650001525878906,34.27000045776367,34.400001525878906,1760481
2023-08-10,34.400001525878906,34.599998474121094,33.38999938964844,33.650001525878906,4414499
2023-08-11,33.61000061035156,33.880001068115234,33.47999954223633,33.810001373291016,2489003
2023-08-14,33.70000076293945,33.9900016784668,33.61000061035156,33.9900016784668,1288116
2023-08-15,33.9900016784668,34.0,33.369998931884766,33.54999923706055,1492113
2023-08-16,33.459999084472656,33.7400016784668,33.34000015258789,33.40999984741211,2370677
2023-08-17,33.150001525878906,33.15999984741211,32.5,32.5,3217735
2023-08-18,32.470001220703125,32.56999969482422,32.22999954223633,32.56999969482422,2901889
2023-08-21,32.529998779296875,32.79999923706055,32.45000076293945,32.45000076293945,2158408
2023-08-22,32.7400016784668,32.93000030517578,32.58000183105469,32.7400016784668,2238613
2023-08-23,32.88999938964844,33.0,32.75,32.88999938964844,2211931
2023-08-24,33.20000076293945,33.290000915527344,32.790000915527344,32.79999923706055,1852715
2023-08-25,32.72999954223633,33.130001068115234,32.709999084472656,32.90999984741211,2406848
2023-08-28,33.130001068115234,33.459999084472656,33.130001068115234,33.349998474121094,1542651
2023-08-29,33.5,33.650001525878906,33.369998931884766,33.630001068115234,2174073
2023-08-30,33.61000061035156,33.79999923706055,33.38999938964844,33.63999938964844,1528670
2023-08-31,33.709999084472656,33.81999969482422,33.52000045776367,33.689998626708984,8833188
2023-09-01,33.59000015258789,33.70000076293945,33.27000045776367,33.310001373291016,1879899
2023-09-04,33.29999923706055,33.560001373291016,33.29999923706055,33.31999969482422,1430679
2023-09-05,33.09000015258789,33.220001220703125,32.83000183105469,33.02000045776367,1808005
2023-09-06,32.72999954223633,33.619998931884766,32.720001220703125,33.47999954223633,1890998
2023-09-07,33.47999954223633,33.650001525878906,33.130001068115234,33.349998474121094,3510283
2023-09-08,33.43000030517578,33.459999084472656,32.689998626708984,32.869998931884766,2371388
2023-09-11,33.0,33.13999938964844,32.86000061035156,33.0,1678351
2023-09-12,33.029998779296875,33.08000183105469,32.790000915527344,32.939998626708984,1985112
2023-09-13,32.68000030517578,32.689998626708984,31.940000534057617,32.189998626708984,2702799
2023-09-14,32.18000030517578,32.59000015258789,32.0099983215332,32.5099983215332,2718070
2023-09-15,32.779998779296875,32.95000076293945,32.63999938964844,32.779998779296875,8030402
2023-09-18,32.7400016784668,33.029998779296875,32.4900016784668,33.029998779296875,2201492
2023-09-19,33.0099983215332,33.0099983215332,32.52000045776367,32.63999938964844,2265618
2023-09-20,32.77000045776367,33.060001373291016,32.63999938964844,32.880001068115234,1778024
2023-09-21,32.61000061035156,33.040000915527344,32.47999954223633,32.619998931884766,2145209
2023-09-22,32.4900016784668,32.599998474121094,32.11000061035156,32.2599983215332,1989440
2023-09-25,32.220001220703125,32.5099983215332,32.08000183105469,32.470001220703125,2311105
2023-09-26,32.16999816894531,32.31999969482422,31.84000015258789,32.04999923706055,3381525
2023-09-27,32.189998626708984,32.779998779296875,32.099998474121094,32.529998779296875,2617017
2023-09-28,32.619998931884766,32.91999816894531,32.369998931884766,32.91999816894531,2058081
2023-09-29,33.040000915527344,33.209999084472656,32.7599983215332,32.79999923706055,3665180
2023-10-02,32.90999984741211,33.27000045776367,32.86000061035156,32.95000076293945,3762291
2023-10-03,32.86000061035156,33.029998779296875,32.470001220703125,32.650001525878906,2387440
2023-10-04,32.400001525878906,32.869998931884766,32.2599983215332,32.61000061035156,2754119
2023-10-05,32.720001220703125,33.0,32.63999938964844,32.65999984741211,2291122
2023-10-06,32.790000915527344,33.16999816894531,32.66999816894531,33.16999816894531,2909417
2023-10-09,33.040000915527344,33.040000915527344,32.40999984741211,32.470001220703125,2489565
2023-10-10,32.709999084472656,33.2400016784668,32.70000076293945,33.189998626708984,2648936
2023-10-11,33.06999969482422,33.439998626708984,33.0,33.380001068115234,2500997
2023-10-12,33.61000061035156,33.77000045776367,33.43000030517578,33.43000030517578,2300309
2023-10-13,33.68000030517578,33.72999954223633,32.939998626708984,32.95000076293945,2680693
2023-10-16,32.939998626708984,33.02000045776367,32.56999969482422,32.70000076293945,4066989
2023-10-17,32.7400016784668,32.790000915527344,32.34000015258789,32.65999984741211,2895878
2023-10-18,31.399999618530273,31.489999771118164,30.280000686645508,30.549999237060547,8385946
2023-10-19,30.200000762939453,30.479999542236328,29.90999984741211,30.260000228881836,4461165
2023-10-20,29.850000381469727,30.06999969482422,29.450000762939453,29.540000915527344,5601222
2023-10-23,29.5,29.889999389648438,29.40999984741211,29.889999389648438,3914744
2023-10-24,29.889999389648438,29.93000030517578,29.5,29.610000610351562,3033217
2023-10-25,29.5,29.8799991607666,29.329999923706055,29.799999237060547,2739061
2023-10-26,29.3799991607666,29.899999618530273,29.1299991607666,29.809999465942383,3103491
2023-10-27,29.81999969482422,29.959999084472656,29.600000381469727,29.959999084472656,2109412
2023-10-30,30.0,30.149999618530273,29.81999969482422,29.93000030517578,2048536
2023-10-31,29.940000534057617,30.530000686645508,29.93000030517578,30.440000534057617,3019639
2023-11-01,30.469999313354492,30.700000762939453,30.18000030517578,30.489999771118164,2300785
2023-11-02,30.780000686645508,31.18000030517578,30.719999313354492,30.950000762939453,3342380
2023-11-03,31.1299991607666,31.34000015258789,31.030000686645508,31.1200008392334,2422519
2023-11-06,31.25,31.299999237060547,30.959999084472656,31.09000015258789,2588095
2023-11-07,30.969999313354492,31.200000762939453,30.889999389648438,31.020000457763672,2051943
2023-11-08,30.90999984741211,31.459999084472656,30.770000457763672,31.290000915527344,3875227
2023-11-09,31.40999984741211,32.58000183105469,31.40999984741211,32.45000076293945,4135550
2023-11-10,32.29999923706055,32.29999923706055,31.940000534057617,32.13999938964844,2800619
2023-11-13,32.279998779296875,32.540000915527344,32.189998626708984,32.529998779296875,3376650
2023-11-14,32.560001373291016,33.38999938964844,32.540000915527344,33.349998474121094,3350975
2023-11-15,33.310001373291016,33.709999084472656,33.279998779296875,33.540000915527344,2495666
2023-11-16,33.70000076293945,34.040000915527344,33.599998474121094,33.599998474121094,3193257
2023-11-17,33.61000061035156,33.900001525878906,33.61000061035156,33.779998779296875,5304235
2023-11-20,33.790000915527344,33.97999954223633,33.58000183105469,33.63999938964844,3622011
2023-11-21,33.70000076293945,33.93000030517578,33.59000015258789,33.7599983215332,2497785
2023-11-22,33.900001525878906,34.060001373291016,33.7599983215332,33.959999084472656,2404780
2023-11-23,34.0,34.099998474121094,33.86000061035156,33.88999938964844,1309412
2023-11-24,33.91999816894531,34.18000030517578,33.810001373291016,34.130001068115234,1752202
2023-11-27,34.0,34.099998474121094,33.720001220703125,33.88999938964844,2628719
2023-11-28,33.77000045776367,33.939998626708984,33.72999954223633,33.880001068115234,3361084
2023-11-29,33.88999938964844,34.209999084472656,33.86000061035156,34.09000015258789,2427047
2023-11-30,34.22999954223633,34.93000030517578,34.209999084472656,34.709999084472656,7931635
2023-12-01,34.900001525878906,35.31999969482422,34.900001525878906,35.18000030517578,3021139
2023-12-04,35.119998931884766,35.150001525878906,34.720001220703125,34.86000061035156,2588015
2023-12-05,34.560001373291016,35.41999816894531,34.560001373291016,35.380001068115234,2860494
2023-12-06,35.41999816894531,35.65999984741211,35.2599983215332,35.459999084472656,3366563
2023-12-07,35.400001525878906,35.59000015258789,35.279998779296875,35.5,2015850
2023-12-08,35.54999923706055,36.11000061035156,35.47999954223633,35.970001220703125,2794675
2023-12-11,36.380001068115234,36.970001220703125,36.220001220703125,36.970001220703125,3629907
2023-12-12,37.0,37.06999969482422,36.689998626708984,36.90999984741211,4706395
2023-12-13,37.0,37.38999938964844,36.959999084472656,36.959999084472656,3199606
2023-12-14,37.439998626708984,37.560001373291016,37.15999984741211,37.45000076293945,3683592
2023-12-15,37.59000015258789,37.869998931884766,37.5,37.77000045776367,7513141
2023-12-18,37.5,37.779998779296875,37.220001220703125,37.45000076293945,3098389
2023-12-19,37.279998779296875,37.75,37.2400016784668,37.56999969482422,2525242
2023-12-20,37.63999938964844,37.66999816894531,37.380001068115234,37.5099983215332,2893059
2023-12-21,37.40999984741211,37.4900016784668,37.11000061035156,37.290000915527344,2304783
2023-12-22,37.20000076293945,37.36000061035156,37.150001525878906,37.2599983215332,1729441
2023-12-27,37.310001373291016,37.40999984741211,37.11000061035156,37.29999923706055,1708447
2023-12-28,37.310001373291016,37.369998931884766,37.040000915527344,37.04999923706055,1593899
2023-12-29,37.2400016784668,37.31999969482422,37.119998931884766,37.29999923706055,1810717
2024-01-03,37.2599983215332,37.2599983215332,35.95000076293945,36.119998931884766,4365665
2024-01-04,35.9900016784668,36.52000045776367,35.95000076293945,36.470001220703125,3560633
2024-01-05,36.25,36.31999969482422,35.709999084472656,35.97999954223633,2519254
2024-01-08,35.83000183105469,36.29999923706055,35.77000045776367,36.29999923706055,2224328
2024-01-09,36.33000183105469,36.369998931884766,36.0,36.20000076293945,2304037
2024-01-10,36.2599983215332,36.47999954223633,36.22999954223633,36.349998474121094,2471410
2024-01-11,36.560001373291016,36.810001373291016,36.18000030517578,36.279998779296875,2005136
2024-01-12,36.4900016784668,36.7599983215332,36.36000061035156,36.619998931884766,2270106
2024-01-15,36.560001373291016,36.599998474121094,36.369998931884766,36.41999816894531,1491268
2024-01-16,36.25,36.41999816894531,36.08000183105469,36.310001373291016,1727731
2024-01-17,35.900001525878906,36.11000061035156,35.75,36.099998474121094,2637629
2024-01-18,36.13999938964844,36.619998931884766,35.97999954223633,36.619998931884766,2527249
2024-01-19,36.06999969482422,36.29999923706055,35.150001525878906,35.279998779296875,7465675
2024-01-22,35.65999984741211,36.349998474121094,35.65999984741211,36.2599983215332,3410554
2024-01-23,36.5,36.5099983215332,35.90999984741211,35.939998626708984,2500911
2024-01-24,36.45000076293945,36.5,35.9900016784668,36.279998779296875,2352757
2024-01-25,36.11000061035156,36.59000015258789,36.029998779296875,36.58000183105469,2542097
2024-01-26,36.310001373291016,36.77000045776367,36.2400016784668,36.7599983215332,2168594
2024-01-29,36.599998474121094,37.0099983215332,36.5,36.95000076293945,4224290
2024-01-30,37.20000076293945,37.349998474121094,37.06999969482422,37.310001373291016,2437790
2024-01-31,37.400001525878906,37.619998931884766,36.66999816894531,36.689998626708984,5227687
2024-02-01,36.599998474121094,37.709999084472656,36.470001220703125,37.29999923706055,4050181
2024-02-02,37.84000015258789,37.93000030517578,37.22999954223633,37.77000045776367,3616888
2024-02-05,37.709999084472656,37.77000045776367,37.099998474121094,37.29999923706055,3029993
2024-02-06,37.630001068115234,37.70000076293945,37.150001525878906,37.560001373291016,2373370
2024-02-07,37.58000183105469,38.04999923706055,37.540000915527344,37.88999938964844,2249002
2024-02-08,38.09000015258789,38.29999923706055,37.86000061035156,38.040000915527344,1864003
2024-02-09,38.029998779296875,38.29999923706055,38.0099983215332,38.13999938964844,1630977
2024-02-12,38.400001525878906,38.5,38.220001220703125,38.43000030517578,2069224
2024-02-13,38.5,38.599998474121094,37.790000915527344,38.13999938964844,3019237
2024-02-14,38.209999084472656,39.040000915527344,38.18000030517578,38.91999816894531,2548236
2024-02-15,39.2599983215332,39.529998779296875,39.130001068115234,39.38999938964844,3363302
2024-02-16,39.36000061035156,40.06999969482422,39.36000061035156,40.040000915527344,3407730
2024-02-19,39.709999084472656,40.04999923706055,39.59000015258789,40.029998779296875,2135191
2024-02-20,40.029998779296875,40.220001220703125,39.90999984741211,40.150001525878906,1897271
2024-02-21,40.119998931884766,40.310001373291016,39.849998474121094,40.18000030517578,2185464
2024-02-22,40.41999816894531,40.810001373291016,40.41999816894531,40.619998931884766,2669863
2024-02-23,39.97999954223633,40.619998931884766,39.310001373291016,40.369998931884766,3059851
2024-02-26,40.150001525878906,40.47999954223633,40.029998779296875,40.34000015258789,2992766
2024-02-27,40.34000015258789,40.459999084472656,40.0099983215332,40.189998626708984,2526448
2024-02-28,40.18000030517578,40.349998474121094,40.099998474121094,40.349998474121094,2889255
2024-02-29,40.349998474121094,40.720001220703125,40.33000183105469,40.720001220703125,5427356
2024-03-01,40.88999938964844,41.099998474121094,40.650001525878906,40.7400016784668,2333676
2024-03-04,40.70000076293945,40.81999969482422,40.52000045776367,40.81999969482422,2880288
2024-03-05,40.779998779296875,40.88999938964844,40.2599983215332,40.380001068115234,2714691
2024-03-06,40.31999969482422,40.70000076293945,40.16999816894531,40.70000076293945,2951136
2024-03-07,40.599998474121094,40.91999816894531,40.349998474121094,40.84000015258789,3480086
2024-03-08,40.790000915527344,41.060001373291016,40.7599983215332,40.9900016784668,4069419
2024-03-11,40.61000061035156,40.95000076293945,40.27000045776367,40.95000076293945,3025226
2024-03-12,41.02000045776367,41.52000045776367,40.689998626708984,41.52000045776367,4394509
2024-03-13,41.689998626708984,42.08000183105469,41.5,42.04999923706055,4401158
2024-03-14,42.150001525878906,42.720001220703125,42.09000015258789,42.310001373291016,5325771
2024-03-15,42.27000045776367,42.400001525878906,41.91999816894531,42.400001525878906,14619323
2024-03-18,42.41999816894531,42.470001220703125,42.189998626708984,42.29999923706055,3170244
2024-03-19,42.290000915527344,42.54999923706055,41.34000015258789,41.93000030517578,5324521
2024-03-20,42.099998474121094,42.56999969482422,41.939998626708984,42.189998626708984,3282915
2024-03-21,42.849998474121094,42.90999984741211,42.27000045776367,42.869998931884766,3765828
2024-03-22,42.72999954223633,42.939998626708984,42.33000183105469,42.810001373291016,3390825
2024-03-25,42.0099983215332,42.27000045776367,41.61000061035156,41.810001373291016,3231991
2024-03-26,41.79999923706055,42.36000061035156,41.709999084472656,42.220001220703125,2943150
2024-03-27,42.04999923706055,42.40999984741211,41.36000061035156,42.029998779296875,3423072
2024-03-28,42.04999923706055,42.189998626708984,41.81999969482422,41.88999938964844,3129983
2024-04-02,41.849998474121094,42.290000915527344,41.59000015258789,41.650001525878906,3168884
2024-04-03,41.70000076293945,42.04999923706055,41.61000061035156,41.959999084472656,3325272
2024-04-04,42.119998931884766,42.33000183105469,41.900001525878906,42.33000183105469,3172229
2024-04-05,41.790000915527344,41.83000183105469,41.2599983215332,41.79999923706055,2933139
2024-04-08,41.900001525878906,42.31999969482422,41.84000015258789,42.09000015258789,2520658
2024-04-09,42.04999923706055,42.380001068115234,41.77000045776367,41.93000030517578,2643835
2024-04-10,42.11000061035156,42.43000030517578,41.650001525878906,42.400001525878906,2514408
2024-04-11,42.380001068115234,42.630001068115234,41.619998931884766,42.119998931884766,2903534
2024-04-12,42.47999954223633,42.68000030517578,41.689998626708984,41.869998931884766,2677173
2024-04-15,41.81999969482422,42.689998626708984,41.689998626708984,42.20000076293945,3025968
2024-04-16,41.70000076293945,41.779998779296875,41.2599983215332,41.45000076293945,3414244
2024-04-17,41.45000076293945,41.9900016784668,41.45000076293945,41.720001220703125,2761254
2024-04-18,43.560001373291016,44.400001525878906,43.540000915527344,44.33000183105469,6713891
2024-04-19,43.75,44.70000076293945,43.45000076293945,44.63999938964844,4913532
2024-04-22,44.86000061035156,44.9900016784668,43.9900016784668,44.08000183105469,3636494
2024-04-23,44.310001373291016,44.529998779296875,44.04999923706055,44.470001220703125,2705970
2024-04-24,44.560001373291016,45.040000915527344,44.5099983215332,44.54999923706055,2595094
2024-04-25,44.58000183105469,44.7599983215332,44.13999938964844,44.5099983215332,2994462
2024-04-26,44.72999954223633,45.04999923706055,44.560001373291016,44.939998626708984,2485486
2024-04-29,45.11000061035156,45.36000061035156,45.02000045776367,45.310001373291016,2907170
2024-04-30,45.5,45.54999923706055,44.599998474121094,44.88999938964844,3767616
2024-05-02,45.09000015258789,45.16999816894531,44.63999938964844,45.060001373291016,2839652
2024-05-03,45.11000061035156,45.209999084472656,44.56999969482422,45.02000045776367,2432527
2024-05-06,45.08000183105469,45.470001220703125,45.0,45.470001220703125,2844949
2024-05-07,45.54999923706055,45.849998474121094,44.970001220703125,45.72999954223633,3194034
2024-05-08,46.04999923706055,46.59000015258789,45.97999954223633,46.56999969482422,3450221
2024-05-10,46.970001220703125,47.27000045776367,46.63999938964844,47.15999984741211,3167241
2024-05-13,47.029998779296875,47.810001373291016,46.970001220703125,47.810001373291016,3850471
2024-05-14,47.63999938964844,47.86000061035156,47.099998474121094,47.560001373291016,2821482
2024-05-15,47.83000183105469,48.290000915527344,47.63999938964844,48.20000076293945,3205707
2024-05-16,48.33000183105469,48.33000183105469,47.560001373291016,47.650001525878906,2542158
2024-05-17,47.689998626708984,47.689998626708984,46.959999084472656,47.40999984741211,3403633
2024-05-21,47.630001068115234,48.459999084472656,47.599998474121094,48.459999084472656,3051971
2024-05-22,48.5,48.58000183105469,47.790000915527344,48.11000061035156,2739711
2024-05-23,48.22999954223633,49.18000030517578,48.22999954223633,48.970001220703125,3171004
2024-05-24,48.7599983215332,49.31999969482422,48.63999938964844,49.31999969482422,2571037
2024-05-27,49.34000015258789,49.81999969482422,49.220001220703125,49.81999969482422,2457774
2024-05-28,49.79999923706055,49.9900016784668,49.189998626708984,49.599998474121094,2203729
2024-05-29,49.38999938964844,49.79999923706055,49.279998779296875,49.369998931884766,2864371
2024-05-30,49.20000076293945,49.369998931884766,49.04999923706055,49.31999969482422,2178603
2024-05-31,49.38999938964844,49.63999938964844,49.119998931884766,49.400001525878906,18342629
2024-06-03,49.34000015258789,50.13999938964844,49.34000015258789,49.790000915527344,4735406
2024-06-04,49.7599983215332,49.7599983215332,48.68000030517578,49.130001068115234,4261424
2024-06-05,49.4900016784668,50.220001220703125,49.34000015258789,50.220001220703125,2503454
2024-06-06,50.63999938964844,50.84000015258789,50.459999084472656,50.619998931884766,3268860
2024-06-07,50.47999954223633,50.560001373291016,49.849998474121094,50.439998626708984,3279785
2024-06-10,50.13999938964844,50.459999084472656,49.77000045776367,50.36000061035156,2450256
2024-06-11,50.400001525878906,50.58000183105469,49.720001220703125,50.08000183105469,2276548
2024-06-12,50.36000061035156,51.65999984741211,50.220001220703125,51.52000045776367,2809285
2024-06-13,51.400001525878906,51.779998779296875,50.540000915527344,50.68000030517578,3798190
2024-06-14,50.560001373291016,50.65999984741211,49.56999969482422,49.88999938964844,3153171
2024-06-17,50.15999984741211,50.5,50.02000045776367,50.31999969482422,1899127
2024-06-18,50.70000076293945,51.15999984741211,50.599998474121094,51.15999984741211,2490229
2024-06-19,51.400001525878906,51.439998626708984,50.70000076293945,50.84000015258789,1906951
2024-06-20,50.41999816894531,51.34000015258789,50.400001525878906,51.2400016784668,2532104
2024-06-21,50.5,50.619998931884766,49.56999969482422,49.790000915527344,10420869
2024-06-24,49.529998779296875,50.459999084472656,49.459999084472656,50.119998931884766,3090141
2024-06-25,49.70000076293945,49.900001525878906,49.45000076293945,49.66999816894531,2640832
2024-06-26,50.060001373291016,50.20000076293945,49.279998779296875,49.65999984741211,2604747
2024-06-27,49.97999954223633,50.119998931884766,49.7400016784668,49.79999923706055,2377925
2024-06-28,50.13999938964844,50.34000015258789,49.560001373291016,49.91999816894531,2383356
2024-07-01,50.31999969482422,50.52000045776367,50.040000915527344,50.380001068115234,2150395
2024-07-02,50.02000045776367,50.040000915527344,49.22999954223633,49.779998779296875,2864472
2024-07-03,50.2599983215332,50.400001525878906,50.0,50.29999923706055,3057375
2024-07-04,50.540000915527344,50.70000076293945,50.2599983215332,50.52000045776367,2303831
2024-07-05,50.70000076293945,50.81999969482422,49.709999084472656,49.72999954223633,2109467
2024-07-08,49.689998626708984,50.380001068115234,49.59000015258789,50.18000030517578,1768968
2024-07-09,50.0,50.540000915527344,49.630001068115234,49.939998626708984,2068722
2024-07-10,50.18000030517578,50.380001068115234,49.650001525878906,50.380001068115234,1481746
2024-07-11,50.619998931884766,50.91999816894531,50.380001068115234,50.79999923706055,2291377
2024-07-12,50.7400016784668,51.959999084472656,50.560001373291016,51.84000015258789,2008675
2024-07-15,51.79999923706055,52.459999084472656,51.540000915527344,51.70000076293945,1906881
2024-07-16,51.439998626708984,51.84000015258789,51.20000076293945,51.70000076293945,1964334
2024-07-17,51.400001525878906,51.540000915527344,50.939998626708984,51.18000030517578,2248847
2024-07-18,48.5,48.939998626708984,47.56999969482422,48.29999923706055,5140938
2024-07-19,48.2400016784668,48.810001373291016,47.9900016784668,48.290000915527344,2417716
2024-07-22,48.400001525878906,49.0099983215332,48.209999084472656,48.61000061035156,1974719
2024-07-23,49.06999969482422,49.4900016784668,48.880001068115234,49.38999938964844,1863543
2024-07-24,49.060001373291016,49.43000030517578,48.209999084472656,48.369998931884766,2182085
2024-07-25,47.470001220703125,47.470001220703125,46.33000183105469,47.2400016784668,3120878
2024-07-26,47.220001220703125,48.290000915527344,47.18000030517578,48.220001220703125,1671611
2024-07-29,48.40999984741211,48.4900016784668,47.709999084472656,47.77000045776367,1704290
2024-07-30,47.95000076293945,48.31999969482422,47.790000915527344,48.06999969482422,1550159
2024-07-31,48.529998779296875,48.86000061035156,48.290000915527344,48.779998779296875,2631377
2024-08-02,46.90999984741211,46.90999984741211,44.369998931884766,44.689998626708984,4768631
2024-08-05,41.369998931884766,43.939998626708984,40.77000045776367,43.650001525878906,5967316
2024-08-06,44.29999923706055,44.349998474121094,43.06999969482422,43.619998931884766,3691877
2024-08-07,44.06999969482422,45.09000015258789,43.79999923706055,44.970001220703125,2783140
2024-08-08,44.2599983215332,45.33000183105469,44.04999923706055,45.22999954223633,3124078
2024-08-09,45.40999984741211,45.75,45.09000015258789,45.2599983215332,1808048
2024-08-12,45.599998474121094,45.779998779296875,45.380001068115234,45.5099983215332,1489857
2024-08-13,45.709999084472656,46.060001373291016,45.45000076293945,45.97999954223633,1751775
2024-08-14,46.400001525878906,46.720001220703125,46.27000045776367,46.470001220703125,2051111
2024-08-15,46.70000076293945,47.349998474121094,46.5,47.25,1758092
2024-08-16,47.4900016784668,47.529998779296875,47.130001068115234,47.279998779296875,1653592
2024-08-19,47.310001373291016,47.939998626708984,47.220001220703125,47.810001373291016,2050741
2024-08-20,48.0,48.279998779296875,47.779998779296875,47.91999816894531,1905511
2024-08-21,47.959999084472656,48.02000045776367,47.7599983215332,47.880001068115234,1588642
2024-08-22,47.869998931884766,48.209999084472656,47.790000915527344,47.90999984741211,1551630
2024-08-23,47.86000061035156,48.22999954223633,47.68000030517578,48.08000183105469,1784871
2024-08-26,48.0,48.18000030517578,47.84000015258789,47.95000076293945,1118793
2024-08-27,47.900001525878906,47.95000076293945,47.38999938964844,47.83000183105469,1619871
2024-08-28,48.0,48.34000015258789,47.66999816894531,47.9900016784668,1723853
2024-08-29,47.90999984741211,48.650001525878906,47.880001068115234,48.43000030517578,2081966
2024-08-30,48.380001068115234,48.70000076293945,48.27000045776367,48.630001068115234,3344909
2024-09-02,48.650001525878906,48.970001220703125,47.91999816894531,48.970001220703125,1964768
2024-09-03,48.95000076293945,49.2400016784668,47.91999816894531,48.290000915527344,2247840
2024-09-04,46.13999938964844,47.380001068115234,46.09000015258789,47.22999954223633,3082563
2024-09-05,46.93000030517578,47.310001373291016,46.31999969482422,46.31999969482422,2310712
2024-09-06,46.04999923706055,46.43000030517578,45.119998931884766,45.16999816894531,2293528
2024-09-09,45.5,46.36000061035156,45.5,46.06999969482422,1636772
2024-09-10,46.0,46.5099983215332,45.84000015258789,46.09000015258789,2018735
2024-09-11,46.220001220703125,46.5099983215332,45.650001525878906,46.02000045776367,2197860
2024-09-12,46.810001373291016,47.22999954223633,46.2599983215332,46.86000061035156,2469848
2024-09-13,47.040000915527344,47.189998626708984,46.849998474121094,47.040000915527344,2629019
2024-09-16,46.81999969482422,47.150001525878906,46.630001068115234,46.88999938964844,1628132
2024-09-17,47.099998474121094,48.06999969482422,47.06999969482422,47.79999923706055,2643546
2024-09-18,47.75,47.779998779296875,47.310001373291016,47.540000915527344,1657563
2024-09-19,47.9900016784668,48.849998474121094,47.91999816894531,48.56999969482422,2570754
2024-09-20,48.29999923706055,49.0,47.79999923706055,48.040000915527344,5169719
2024-09-23,48.130001068115234,48.459999084472656,47.959999084472656,48.09000015258789,2246937
2024-09-24,48.5,48.939998626708984,47.84000015258789,48.59000015258789,2288379
2024-09-25,48.40999984741211,49.72999954223633,48.25,49.72999954223633,2724229
2024-09-26,50.20000076293945,50.52000045776367,49.619998931884766,50.220001220703125,2936422
2024-09-27,50.02000045776367,50.13999938964844,49.29999923706055,49.369998931884766,2431242
2024-09-30,49.119998931884766,49.20000076293945,48.40999984741211,48.9900016784668,2661306
2024-10-01,49.119998931884766,49.95000076293945,48.7599983215332,48.9900016784668,2144869
2024-10-02,49.33000183105469,49.599998474121094,48.959999084472656,49.349998474121094,2037247
2024-10-03,49.369998931884766,49.470001220703125,48.72999954223633,48.97999954223633,1767537
2024-10-04,48.79999923706055,49.529998779296875,48.31999969482422,49.150001525878906,1946713
2024-10-07,49.20000076293945,49.41999816894531,48.58000183105469,49.029998779296875,1876914
2024-10-08,48.79999923706055,49.619998931884766,48.59000015258789,49.40999984741211,1957409
2024-10-09,49.34000015258789,49.95000076293945,49.16999816894531,49.95000076293945,1665513
2024-10-10,49.779998779296875,49.84000015258789,48.970001220703125,49.16999816894531,1982188
2024-10-11,49.2599983215332,49.95000076293945,49.099998474121094,49.81999969482422,1842073
2024-10-14,49.91999816894531,50.560001373291016,49.91999816894531,50.52000045776367,2250305
2024-10-15,50.7400016784668,51.02000045776367,49.279998779296875,49.58000183105469,3535571
2024-10-16,49.06999969482422,49.38999938964844,48.810001373291016,49.150001525878906,2735999
2024-10-17,48.5,51.060001373291016,48.400001525878906,50.34000015258789,3499943
2024-10-18,49.849998474121094,50.31999969482422,49.34000015258789,49.540000915527344,2739050
2024-10-21,49.41999816894531,49.63999938964844,49.0099983215332,49.119998931884766,1942999
2024-10-22,49.0,49.11000061035156,48.439998626708984,49.099998474121094,1458646
2024-10-23,49.099998474121094,49.130001068115234,48.18000030517578,48.38999938964844,2683306
2024-10-24,48.439998626708984,48.790000915527344,48.2400016784668,48.369998931884766,2345697
2024-10-25,48.36000061035156,48.900001525878906,48.349998474121094,48.75,1786164
2024-10-28,48.790000915527344,49.189998626708984,48.540000915527344,49.15999984741211,2264848
2024-10-29,49.0,49.09000015258789,48.540000915527344,48.79999923706055,3380268
2024-10-30,48.61000061035156,49.0,48.220001220703125,48.56999969482422,3821037
2024-10-31,48.029998779296875,48.2400016784668,47.619998931884766,47.900001525878906,3655310
2024-11-01,48.290000915527344,48.619998931884766,48.119998931884766,48.40999984741211,1968617
2024-11-04,48.29999923706055,48.619998931884766,48.150001525878906,48.2599983215332,1839274
2024-11-05,48.2599983215332,49.470001220703125,48.0099983215332,49.470001220703125,1716176
2024-11-06,50.439998626708984,51.599998474121094,50.08000183105469,50.20000076293945,4086353
2024-11-07,50.20000076293945,50.560001373291016,49.470001220703125,50.13999938964844,2835719
2024-11-08,50.41999816894531,50.619998931884766,49.58000183105469,50.0,2080037
2024-11-11,50.29999923706055,50.959999084472656,50.29999923706055,50.65999984741211,1738389
2024-11-12,50.279998779296875,50.63999938964844,49.31999969482422,49.5,2738026
2024-11-13,49.33000183105469,49.709999084472656,49.13999938964844,49.709999084472656,2336818
2024-11-14,49.84000015258789,50.400001525878906,49.77000045776367,50.2400016784668,1957598
2024-11-15,49.81999969482422,50.2599983215332,49.720001220703125,49.849998474121094,1986745
2024-11-18,49.77000045776367,49.79999923706055,48.93000030517578,49.279998779296875,1579578
2024-11-19,49.22999954223633,49.400001525878906,48.02000045776367,49.0099983215332,2073532
2024-11-20,49.65999984741211,49.72999954223633,48.91999816894531,49.04999923706055,2165103
2024-11-21,49.08000183105469,49.58000183105469,48.709999084472656,49.58000183105469,1784442
2024-11-22,49.66999816894531,50.439998626708984,49.25,50.15999984741211,2368889
2024-11-25,50.380001068115234,50.619998931884766,49.75,49.959999084472656,5413077
2024-11-26,49.400001525878906,49.720001220703125,49.189998626708984,49.540000915527344,2298666
2024-11-27,49.130001068115234,49.349998474121094,48.79999923706055,49.02000045776367,2255173
2024-11-28,49.52000045776367,49.630001068115234,49.189998626708984,49.47999954223633,1059696
2024-11-29,49.790000915527344,50.36000061035156,49.63999938964844,50.279998779296875,3262084
2024-12-02,50.08000183105469,51.15999984741211,49.959999084472656,51.02000045776367,2452918
2024-12-03,50.97999954223633,51.41999816894531,50.84000015258789,51.2599983215332,2881846
2024-12-04,51.5,52.15999984741211,51.41999816894531,52.119998931884766,3216532
2024-12-05,52.0,52.2400016784668,51.7400016784668,52.060001373291016,2267678
2024-12-06,51.79999923706055,52.099998474121094,51.65999984741211,52.0,1558494
2024-12-09,52.34000015258789,52.47999954223633,51.7400016784668,51.939998626708984,2063061
2024-12-10,51.7599983215332,51.939998626708984,51.279998779296875,51.279998779296875,2390335
2024-12-11,51.279998779296875,51.959999084472656,51.18000030517578,51.939998626708984,2182900
2024-12-12,52.0,52.459999084472656,51.63999938964844,51.81999969482422,2354868
2024-12-13,51.68000030517578,52.15999984741211,51.52000045776367,51.599998474121094,1489213
2024-12-16,51.5,52.0,51.380001068115234,51.97999954223633,2295787
2024-12-17,52.02000045776367,52.20000076293945,51.619998931884766,51.880001068115234,2196666
2024-12-18,51.880001068115234,52.29999923706055,51.459999084472656,51.52000045776367,2811997
2024-12-19,49.880001068115234,50.08000183105469,48.68000030517578,48.72999954223633,3775494
2024-12-20,48.0,49.0099983215332,47.86000061035156,48.86000061035156,7180992
2024-12-23,48.86000061035156,49.29999923706055,48.720001220703125,49.189998626708984,1367512
2024-12-27,49.20000076293945,49.619998931884766,49.189998626708984,49.540000915527344,1420844
2024-12-30,49.31999969482422,49.31999969482422,48.72999954223633,49.06999969482422,1749120
2025-01-03,49.2599983215332,49.38999938964844,48.88999938964844,49.15999984741211,2249590
2025-01-06,49.0,49.61000061035156,48.65999984741211,49.61000061035156,1891664
2025-01-07,49.61000061035156,49.84000015258789,48.83000183105469,49.47999954223633,2372179
2025-01-08,49.40999984741211,50.540000915527344,49.34000015258789,49.880001068115234,2413962
2025-01-09,49.779998779296875,50.220001220703125,49.630001068115234,49.970001220703125,1311158
2025-01-10,49.810001373291016,49.939998626708984,49.13999938964844,49.25,1926448
2025-01-13,48.869998931884766,48.900001525878906,48.34000015258789,48.630001068115234,1617249
2025-01-14,49.20000076293945,49.400001525878906,48.7400016784668,48.95000076293945,1882805
2025-01-15,48.939998626708984,49.689998626708984,48.75,49.56999969482422,2208440
2025-01-16,49.81999969482422,49.86000061035156,49.04999923706055,49.65999984741211,2280395
2025-01-17,49.880001068115234,50.7599983215332,49.810001373291016,50.70000076293945,2433639
2025-01-20,50.65999984741211,50.97999954223633,50.619998931884766,50.97999954223633,1352212
2025-01-21,50.7400016784668,51.63999938964844,50.619998931884766,51.63999938964844,2075781
2025-01-22,51.97999954223633,53.619998931884766,51.939998626708984,53.560001373291016,3785848
2025-01-23,53.599998474121094,53.599998474121094,53.15999984741211,53.58000183105469,2217357
2025-01-24,53.70000076293945,54.0,53.63999938964844,54.0,2319081
2025-01-27,52.29999923706055,52.5,50.34000015258789,50.84000015258789,5773939
2025-01-28,51.459999084472656,51.459999084472656,49.95000076293945,50.0,3759102
2025-01-29,51.08000183105469,51.58000183105469,50.880001068115234,51.08000183105469,3044162
2025-01-30,51.86000061035156,52.959999084472656,49.7599983215332,50.13999938964844,5049772
2025-01-31,50.29999923706055,50.619998931884766,49.72999954223633,49.95000076293945,4528522
2025-02-03,48.209999084472656,49.08000183105469,48.15999984741211,49.029998779296875,2329915
2025-02-04,48.849998474121094,49.52000045776367,48.40999984741211,49.349998474121094,2456039
2025-02-05,49.27000045776367,49.27000045776367,48.650001525878906,49.029998779296875,1716360
2025-02-06,49.060001373291016,49.63999938964844,48.93000030517578,49.599998474121094,1580567
2025-02-07,49.810001373291016,50.2400016784668,49.66999816894531,49.68000030517578,2368593
2025-02-10,49.63999938964844,50.20000076293945,49.31999969482422,50.08000183105469,2151424
2025-02-11,50.15999984741211,50.7599983215332,50.02000045776367,50.599998474121094,2129758
2025-02-12,50.63999938964844,51.81999969482422,49.79999923706055,50.52000045776367,3410595
2025-02-13,51.099998474121094,51.400001525878906,50.34000015258789,51.29999923706055,2800557
2025-02-14,51.13999938964844,51.599998474121094,51.0,51.220001220703125,2828851
2025-02-17,51.41999816894531,51.959999084472656,51.220001220703125,51.86000061035156,1662665
2025-02-18,51.81999969482422,52.939998626708984,51.58000183105469,52.900001525878906,3226705
2025-02-19,52.939998626708984,53.20000076293945,51.880001068115234,52.02000045776367,2834672
2025-02-20,52.7599983215332,53.2599983215332,52.2599983215332,52.36000061035156,2794783
2025-02-21,52.79999923706055,52.81999969482422,52.119998931884766,52.2599983215332,3481700
2025-02-24,51.79999923706055,51.939998626708984,49.560001373291016,49.810001373291016,3478276
2025-02-25,49.36000061035156,49.79999923706055,48.65999984741211,48.970001220703125,4013296
2025-02-26,49.959999084472656,50.400001525878906,49.400001525878906,49.5,4854930
2025-02-27,49.5,49.66999816894531,48.47999954223633,48.959999084472656,3096070
2025-02-28,48.220001220703125,48.65999984741211,48.20000076293945,48.310001373291016,6569542
2025-03-03,48.5099983215332,49.599998474121094,48.439998626708984,48.7400016784668,4645359
2025-03-04,47.70000076293945,48.220001220703125,46.459999084472656,46.88999938964844,3551446
2025-03-05,48.459999084472656,49.290000915527344,48.25,48.65999984741211,3799690
2025-03-06,49.18000030517578,49.459999084472656,48.130001068115234,48.91999816894531,3525840
2025-03-07,48.2400016784668,49.81999969482422,48.220001220703125,49.22999954223633,3247850
2025-03-10,49.5,49.54999923706055,47.66999816894531,48.20000076293945,3202469
2025-03-11,49.099998474121094,49.5099983215332,48.41999816894531,48.849998474121094,3586449
2025-03-12,49.56999969482422,49.869998931884766,49.040000915527344,49.369998931884766,2282478
2025-03-13,49.04999923706055,49.130001068115234,47.88999938964844,48.18000030517578,3579774
2025-03-14,48.15999984741211,49.34000015258789,47.900001525878906,48.900001525878906,3638374
2025-03-17,49.09000015258789,49.560001373291016,48.79999923706055,49.33000183105469,1770836
2025-03-18,49.540000915527344,49.970001220703125,49.20000076293945,49.58000183105469,2470660
2025-03-19,49.45000076293945,51.29999923706055,49.349998474121094,50.97999954223633,3174690
2025-03-20,50.79999923706055,51.52000045776367,50.29999923706055,50.81999969482422,2477189
2025-03-21,50.439998626708984,50.70000076293945,49.91999816894531,49.9900016784668,6155090
2025-03-24,50.36000061035156,50.540000915527344,49.83000183105469,50.0,2082997
2025-03-25,49.97999954223633,50.15999984741211,49.150001525878906,49.61000061035156,2705039
2025-03-26,50.040000915527344,50.13999938964844,48.540000915527344,48.7400016784668,2975467
2025-03-27,47.90999984741211,48.310001373291016,47.56999969482422,48.2599983215332,3342496
2025-03-28,47.70000076293945,47.93000030517578,46.95000076293945,46.959999084472656,3943725
2025-03-31,45.81999969482422,45.81999969482422,44.93000030517578,45.220001220703125,4281217
2025-04-01,45.66999816894531,45.97999954223633,45.310001373291016,45.86000061035156,2803559
2025-04-02,46.119998931884766,46.310001373291016,44.939998626708984,45.72999954223633,3067365
2025-04-03,44.13999938964844,44.59000015258789,42.880001068115234,42.880001068115234,4881007
2025-04-04,42.040000915527344,42.66999816894531,39.90999984741211,41.04999923706055,5482988
2025-04-07,38.380001068115234,41.779998779296875,37.25,39.40999984741211,8543722
2025-04-08,40.41999816894531,41.68000030517578,40.099998474121094,41.04999923706055,6140551
2025-04-09,39.40999984741211,40.400001525878906,38.4900016784668,39.13999938964844,4387014
2025-04-10,43.849998474121094,44.13999938964844,41.08000183105469,41.18000030517578,4772648
2025-04-11,41.52000045776367,41.560001373291016,39.33000183105469,40.27000045776367,3830033
2025-04-14,41.61000061035156,41.77000045776367,40.880001068115234,41.369998931884766,3520557
2025-04-15,41.439998626708984,42.06999969482422,41.29999923706055,41.77000045776367,3539252
2025-04-16,41.29999923706055,41.599998474121094,40.790000915527344,41.599998474121094,3117220
2025-04-17,43.599998474121094,43.70000076293945,41.650001525878906,42.20000076293945,4123211
2025-04-22,41.720001220703125,41.83000183105469,40.7400016784668,41.29999923706055,3833108
2025-04-23,42.0,42.970001220703125,41.86000061035156,42.16999816894531,5253669
2025-04-24,42.09000015258789,42.470001220703125,41.77000045776367,42.310001373291016,4690430
2025-04-25,43.150001525878906,43.470001220703125,42.810001373291016,43.25,3048973
2025-04-28,43.25,43.619998931884766,42.779998779296875,43.38999938964844,2864263
2025-04-29,43.189998626708984,43.310001373291016,42.400001525878906,42.540000915527344,3340610
2025-04-30,42.810001373291016,43.56999969482422,42.54999923706055,43.189998626708984,4350270
2025-05-02,44.47999954223633,45.369998931884766,44.189998626708984,45.189998626708984,5783963
2025-05-05,44.7599983215332,45.41999816894531,44.720001220703125,45.38999938964844,5373472
2025-05-06,45.349998474121094,45.4900016784668,44.20000076293945,44.689998626708984,3437926
2025-05-07,44.349998474121094,44.81999969482422,44.20000076293945,44.31999969482422,2759316
2025-05-08,45.02000045776367,45.470001220703125,44.86000061035156,45.04999923706055,2918903
2025-05-09,45.380001068115234,45.529998779296875,44.689998626708984,45.06999969482422,1948667
2025-05-12,45.849998474121094,46.91999816894531,45.83000183105469,46.630001068115234,3270242
2025-05-13,46.77000045776367,47.220001220703125,46.400001525878906,47.15999984741211,2549783
2025-05-14,47.29999923706055,47.38999938964844,46.689998626708984,47.290000915527344,2106374
2025-05-15,46.97999954223633,47.619998931884766,46.779998779296875,47.619998931884766,2769019
2025-05-16,47.650001525878906,47.7599983215332,47.189998626708984,47.599998474121094,3935426
2025-05-19,47.220001220703125,47.529998779296875,46.79999923706055,47.529998779296875,2450547
2025-05-20,47.70000076293945,48.150001525878906,47.470001220703125,47.84000015258789,2212977
2025-05-21,47.61000061035156,47.81999969482422,47.15999984741211,47.59000015258789,2377592
2025-05-22,47.04999923706055,47.529998779296875,46.93000030517578,47.33000183105469,2102153
2025-05-23,47.439998626708984,47.86000061035156,45.88999938964844,46.7599983215332,2981921
2025-05-26,47.56999969482422,47.63999938964844,47.16999816894531,47.31999969482422,1334031
2025-05-27,47.220001220703125,48.0,47.15999984741211,47.84000015258789,2455857
2025-05-28,47.75,47.91999816894531,47.29999923706055,47.29999923706055,1956263
2025-05-30,47.290000915527344,47.5099983215332,46.439998626708984,46.540000915527344,5416651
2025-06-02,46.400001525878906,46.4900016784668,45.65999984741211,46.119998931884766,1923217
2025-06-03,46.349998474121094,46.689998626708984,46.060001373291016,46.68000030517578,1780911
2025-06-04,46.869998931884766,47.560001373291016,46.630001068115234,47.220001220703125,1666073
2025-06-05,47.16999816894531,47.59000015258789,47.02000045776367,47.2400016784668,1731949
2025-06-06,47.380001068115234,47.43000030517578,47.02000045776367,47.27000045776367,1592763
2025-06-10,47.33000183105469,47.810001373291016,46.9900016784668,47.689998626708984,1605280
2025-06-11,47.58000183105469,47.970001220703125,46.5099983215332,47.29999923706055,2537385
2025-06-12,46.93000030517578,48.0,46.75,47.689998626708984,2169512
2025-06-13,46.790000915527344,48.029998779296875,46.790000915527344,47.619998931884766,3489592
2025-06-16,47.83000183105469,48.869998931884766,47.81999969482422,48.72999954223633,1870133
2025-06-17,47.91999816894531,48.189998626708984,47.43000030517578,47.689998626708984,2476820
2025-06-18,47.77000045776367,47.900001525878906,47.20000076293945,47.41999816894531,2021920
2025-06-19,47.11000061035156,47.29999923706055,46.849998474121094,47.0,1489300
2025-06-20,47.29999923706055,47.5,46.959999084472656,46.9900016784668,5426814
2025-06-23,46.68000030517578,46.9900016784668,46.09000015258789,46.119998931884766,2965374
2025-06-24,47.529998779296875,47.77000045776367,45.970001220703125,46.310001373291016,4633670
2025-06-25,46.599998474121094,47.0,45.7599983215332,45.86000061035156,2998518
2025-06-26,45.90999984741211,46.13999938964844,45.290000915527344,45.83000183105469,2781427
2025-06-27,46.220001220703125,47.790000915527344,46.20000076293945,47.790000915527344,3417841
2025-06-30,48.189998626708984,48.22999954223633,47.11000061035156,47.310001373291016,3312826
2025-07-01,47.56999969482422,47.630001068115234,46.56999969482422,46.689998626708984,1703434
2025-07-02,46.689998626708984,47.27000045776367,46.52000045776367,47.060001373291016,2219287
2025-07-03,47.22999954223633,47.630001068115234,47.0099983215332,47.470001220703125,2085969
2025-07-04,47.189998626708984,47.349998474121094,46.619998931884766,46.779998779296875,1288637
2025-07-07,46.880001068115234,47.189998626708984,46.720001220703125,47.09000015258789,1274028
2025-07-08,47.369998931884766,47.45000076293945,46.97999954223633,47.06999969482422,2088972
2025-07-09,47.040000915527344,47.7400016784668,46.52000045776367,47.25,2081832
2025-07-10,47.439998626708984,48.439998626708984,47.43000030517578,47.91999816894531,2344176
2025-07-11,47.650001525878906,47.70000076293945,47.08000183105469,47.540000915527344,1590356
2025-07-14,47.25,47.540000915527344,47.08000183105469,47.540000915527344,1758117
2025-07-15,47.70000076293945,48.40999984741211,47.529998779296875,48.18000030517578,2057006
2025-07-16,48.220001220703125,48.2400016784668,47.16999816894531,47.40999984741211,2609612
2025-07-17,50.060001373291016,52.099998474121094,49.79999923706055,52.099998474121094,6186481
2025-07-18,53.02000045776367,53.099998474121094,51.939998626708984,52.2400016784668,4227393
2025-07-21,53.0,53.29999923706055,52.47999954223633,52.58000183105469,2514963
2025-07-22,52.36000061035156,52.47999954223633,51.31999969482422,51.52000045776367,2234729
2025-07-23,52.02000045776367,52.86000061035156,51.84000015258789,52.720001220703125,2811019
2025-07-24,53.560001373291016,53.959999084472656,53.099998474121094,53.380001068115234,2885333
2025-07-25,53.2400016784668,53.29999923706055,52.7400016784668,53.15999984741211,1626824
2025-07-28,53.79999923706055,53.86000061035156,52.720001220703125,52.900001525878906,2886337
2025-07-29,53.20000076293945,53.7400016784668,52.959999084472656,53.0,1689174
2025-07-30,52.7599983215332,53.91999816894531,52.70000076293945,53.47999954223633,1976973
2025-07-31,53.97999954223633,54.400001525878906,53.52000045776367,53.52000045776367,2645594
2025-08-04,52.040000915527344,53.119998931884766,51.81999969482422,53.099998474121094,2876977
2025-08-05,53.36000061035156,53.619998931884766,52.7400016784668,53.02000045776367,1563006
2025-08-06,53.400001525878906,53.41999816894531,52.040000915527344,52.47999954223633,2898354
2025-08-07,53.02000045776367,53.70000076293945,52.7599983215332,53.279998779296875,1851209
2025-08-08,53.380001068115234,53.779998779296875,53.2400016784668,53.779998779296875,1269120
2025-08-11,53.79999923706055,53.81999969482422,52.900001525878906,53.2599983215332,1212470
2025-08-12,53.560001373291016,54.15999984741211,53.52000045776367,54.119998931884766,1573668
2025-08-13,54.380001068115234,54.52000045776367,53.7599983215332,53.86000061035156,2034705
2025-08-14,54.060001373291016,54.18000030517578,53.70000076293945,54.099998474121094,1475705
2025-08-15,54.36000061035156,54.36000061035156,53.81999969482422,53.86000061035156,1100468
2025-08-18,53.97999954223633,53.97999954223633,53.400001525878906,53.7400016784668,1318476
2025-08-19,53.720001220703125,54.380001068115234,53.68000030517578,54.279998779296875,1410006
2025-08-20,53.68000030517578,54.29999923706055,53.36000061035156,53.599998474121094,1583254
2025-08-21,53.70000076293945,53.79999923706055,53.15999984741211,53.41999816894531,1653536
2025-08-22,53.119998931884766,54.2599983215332,53.119998931884766,54.18000030517578,1038666
2025-08-25,53.86000061035156,54.119998931884766,53.779998779296875,53.880001068115234,1005113
2025-08-26,53.68000030517578,54.220001220703125,53.5,54.08000183105469,3017034
2025-08-27,54.040000915527344,54.08000183105469,53.619998931884766,53.79999923706055,1471501
2025-08-28,54.08000183105469,54.380001068115234,53.400001525878906,54.380001068115234,1514426
2025-08-29,54.29999923706055,54.380001068115234,53.65999984741211,53.68000030517578,2492671
2025-09-01,53.540000915527344,53.939998626708984,53.52000045776367,53.7400016784668,1144742
2025-09-02,54.13999938964844,54.220001220703125,52.65999984741211,52.7599983215332,1582763
2025-09-03,53.5,53.939998626708984,53.0,53.540000915527344,1849278
2025-09-04,54.47999954223633,55.20000076293945,54.20000076293945,55.060001373291016,2828808
2025-09-05,55.29999923706055,55.720001220703125,54.939998626708984,55.08000183105469,2025772
2025-09-08,55.31999969482422,55.97999954223633,55.2599983215332,55.939998626708984,1749446
2025-09-09,55.900001525878906,56.08000183105469,55.599998474121094,55.70000076293945,2154778
2025-09-10,56.880001068115234,57.02000045776367,56.02000045776367,56.619998931884766,1895901
2025-09-11,56.63999938964844,57.119998931884766,56.34000015258789,56.720001220703125,1477812
2025-09-12,57.0,57.060001373291016,56.540000915527344,56.79999923706055,2922241
2025-09-15,57.0,57.099998474121094,56.41999816894531,56.720001220703125,1400647
2025-09-16,56.84000015258789,56.959999084472656,55.70000076293945,55.779998779296875,1943671
2025-09-17,55.68000030517578,55.939998626708984,55.040000915527344,55.220001220703125,2097934
2025-09-18,55.619998931884766,56.2599983215332,55.540000915527344,55.86000061035156,2036721
2025-09-19,55.91999816894531,56.279998779296875,55.599998474121094,56.060001373291016,4619821
2025-09-22,56.15999984741211,56.68000030517578,56.08000183105469,56.63999938964844,1667134
2025-09-23,57.040000915527344,57.560001373291016,56.84000015258789,57.099998474121094,1861817
2025-09-24,56.65999984741211,57.060001373291016,56.52000045776367,56.65999984741211,2057880
2025-09-25,56.7400016784668,56.79999923706055,55.79999923706055,56.220001220703125,1858263
2025-09-26,56.34000015258789,57.540000915527344,56.34000015258789,56.720001220703125,1484612
2025-09-29,57.380001068115234,57.41999816894531,56.880001068115234,57.0,1932304
2025-09-30,57.0,57.31999969482422,56.599998474121094,57.31999969482422,2289908
2025-10-01,56.880001068115234,57.5,56.439998626708984,57.5,2243331
2025-10-02,57.779998779296875,58.58000183105469,57.779998779296875,58.34000015258789,1773966
2025-10-03,58.880001068115234,59.099998474121094,58.540000915527344,58.63999938964844,1499381
2025-10-06,58.65999984741211,59.2400016784668,58.459999084472656,58.86000061035156,2069958
2025-10-07,58.540000915527344,59.119998931884766,58.459999084472656,58.459999084472656,2062849
2025-10-08,60.0,60.400001525878906,57.79999923706055,58.939998626708984,4077012
2025-10-09,59.13999938964844,59.279998779296875,58.779998779296875,58.86000061035156,1820665
2025-10-10,58.84000015258789,59.15999984741211,58.2400016784668,58.29999923706055,2430441
2025-10-13,58.18000030517578,59.400001525878906,58.15999984741211,58.720001220703125,2740781
2025-10-14,58.279998779296875,58.560001373291016,57.47999954223633,58.560001373291016,3380492
2025-10-15,59.02000045776367,59.599998474121094,58.939998626708984,59.560001373291016,3295034
2025-10-16,60.5,61.060001373291016,58.619998931884766,59.18000030517578,4061526
2025-10-17,58.18000030517578,59.0,57.540000915527344,58.400001525878906,3144189
2025-10-20,59.0,59.0,58.5,58.97999954223633,1953211
2025-10-21,59.0,59.0,58.0,58.5,2069275
2025-10-22,58.459999084472656,59.5,57.52000045776367,57.65999984741211,3566406
2025-10-23,57.880001068115234,58.599998474121094,57.7400016784668,58.560001373291016,1531406
2025-10-24,58.91999816894531,59.20000076293945,58.58000183105469,59.20000076293945,1868364
2025-10-27,59.380001068115234,59.63999938964844,59.18000030517578,59.47999954223633,1764319
2025-10-28,59.41999816894531,59.63999938964844,59.02000045776367,59.63999938964844,1856977
2025-10-29,59.439998626708984,59.7400016784668,59.220001220703125,59.599998474121094,1404566
2025-10-30,59.79999923706055,60.15999984741211,59.02000045776367,59.959999084472656,2427954
2025-10-31,59.779998779296875,60.18000030517578,59.63999938964844,59.65999984741211,1653753
2025-11-03,59.70000076293945,59.84000015258789,59.2400016784668,59.400001525878906,1981228
2025-11-04,58.47999954223633,58.720001220703125,57.52000045776367,58.13999938964844,2717528
2025-11-05,58.02000045776367,58.36000061035156,57.29999923706055,57.86000061035156,2986794
2025-11-06,57.13999938964844,57.20000076293945,56.34000015258789,56.58000183105469,2823210
2025-11-07,56.939998626708984,56.959999084472656,55.81999969482422,56.119998931884766,1819854
2025-11-10,57.060001373291016,57.20000076293945,56.81999969482422,56.81999969482422,2038767
2025-11-11,57.0,57.2599983215332,56.880001068115234,57.08000183105469,1940075
2025-11-12,57.34000015258789,57.959999084472656,57.2400016784668,57.41999816894531,2188433
2025-11-13,57.31999969482422,57.400001525878906,55.97999954223633,56.15999984741211,2185809
2025-11-14,55.31999969482422,56.41999816894531,55.20000076293945,56.41999816894531,2048863
2025-11-17,56.20000076293945,56.560001373291016,55.939998626708984,56.400001525878906,2341422
2025-11-18,54.2599983215332,54.70000076293945,53.779998779296875,54.099998474121094,3544834
2025-11-19,54.0,54.86000061035156,53.880001068115234,54.459999084472656,2217380
2025-11-20,55.459999084472656,56.2599983215332,55.459999084472656,55.63999938964844,2418857
2025-11-21,54.29999923706055,55.040000915527344,54.220001220703125,54.619998931884766,3054772
2025-11-24,55.380001068115234,55.91999816894531,55.220001220703125,55.7599983215332,5311609
2025-11-25,55.619998931884766,56.08000183105469,55.13999938964844,55.7599983215332,2161739
2025-11-26,56.2599983215332,56.91999816894531,55.97999954223633,56.779998779296875,2354367
2025-11-27,56.880001068115234,57.36000061035156,56.7599983215332,57.119998931884766,1737279
2025-11-28,57.15999984741211,58.040000915527344,57.060001373291016,57.720001220703125,2804172
2025-12-01,57.41999816894531,57.52000045776367,56.939998626708984,57.220001220703125,2153223
2025-12-02,57.2400016784668,57.939998626708984,57.220001220703125,57.439998626708984,1958817
2025-12-03,57.7599983215332,57.7599983215332,56.5,57.02000045776367,1739738
2025-12-04,57.7400016784668,58.380001068115234,57.5,58.31999969482422,2935748
2025-12-05,58.779998779296875,58.91999816894531,58.2599983215332,58.68000030517578,2610506
2025-12-08,58.86000061035156,59.439998626708984,58.560001373291016,59.279998779296875,1627647
2025-12-09,59.41999816894531,59.58000183105469,58.5,58.68000030517578,2392232
2025-12-10,58.52000045776367,59.220001220703125,58.47999954223633,58.84000015258789,1917714
2025-12-11,59.099998474121094,59.20000076293945,58.380001068115234,58.619998931884766,1932213
2025-12-12,59.099998474121094,59.68000030517578,57.939998626708984,58.2599983215332,2179638
2025-12-15,58.41999816894531,58.939998626708984,58.34000015258789,58.939998626708984,2033785
2025-12-16,58.2400016784668,58.70000076293945,58.099998474121094,58.400001525878906,2118288
2025-12-17,58.70000076293945,58.70000076293945,57.29999923706055,57.29999923706055,2604764
2025-12-18,57.060001373291016,58.119998931884766,57.0,58.119998931884766,2508208
2025-12-19,57.7400016784668,58.619998931884766,57.7400016784668,58.619998931884766,5034721
2025-12-22,58.720001220703125,58.880001068115234,58.380001068115234,58.84000015258789,1459412
2025-12-23,58.619998931884766,59.220001220703125,58.540000915527344,59.13999938964844,1683091
2025-12-29,59.099998474121094,59.31999969482422,58.65999984741211,59.0,1573541
2025-12-30,58.720001220703125,59.380001068115234,58.720001220703125,59.220001220703125,1334019
2026-01-05,59.599998474121094,61.540000915527344,59.540000915527344,61.2400016784668,4131744
2026-01-06,61.400001525878906,61.439998626708984,59.81999969482422,60.65999984741211,2642156
2026-01-07,60.86000061035156,61.439998626708984,60.560001373291016,61.13999938964844,3326101
2026-01-08,60.70000076293945,60.91999816894531,59.220001220703125,59.2400016784668,2725106
2026-01-09,59.36000061035156,60.18000030517578,59.36000061035156,60.15999984741211,1824054
2026-01-12,60.119998931884766,60.63999938964844,59.959999084472656,60.63999938964844,1377719
2026-01-13,60.880001068115234,60.97999954223633,60.02000045776367,60.880001068115234,1566954
2026-01-14,60.84000015258789,61.2599983215332,60.099998474121094,60.20000076293945,2645420
2026-01-15,60.79999923706055,61.84000015258789,60.63999938964844,61.7400016784668,2612076
2026-01-16,61.68000030517578,61.7599983215332,61.220001220703125,61.599998474121094,3076902
2026-01-19,60.52000045776367,60.7400016784668,59.880001068115234,60.279998779296875,1921219
2026-01-20,59.81999969482422,60.040000915527344,58.7599983215332,59.900001525878906,2162827
2026-01-21,59.7400016784668,60.08000183105469,58.939998626708984,59.7599983215332,3490489
2026-01-22,60.13999938964844,60.47999954223633,59.5,59.5,2943288
2026-01-23,59.29999923706055,60.0,58.91999816894531,59.7599983215332,1859534
2026-01-26,59.36000061035156,60.400001525878906,59.34000015258789,60.400001525878906,2664259
2026-01-27,61.0,61.70000076293945,60.900001525878906,61.459999084472656,2408005
2026-01-28,61.68000030517578,62.13999938964844,61.02000045776367,61.20000076293945,2684480
2026-01-29,65.16000366210938,68.05999755859375,64.63999938964844,66.37999725341797,7631211
2026-01-30,66.5199966430664,66.94000244140625,66.0199966430664,66.66000366210938,3037515
2026-02-02,65.80000305175781,67.73999786376953,65.63999938964844,67.5999984741211,2523320
2026-02-03,68.73999786376953,69.05999755859375,66.9800033569336,68.04000091552734,3077121
2026-02-04,68.5999984741211,68.86000061035156,67.16000366210938,67.16000366210938,3433382
2026-02-05,67.0999984741211,67.81999969482422,65.69999694824219,66.44000244140625,2987682
2026-02-06,66.5199966430664,66.91999816894531,65.81999969482422,66.9000015258789,3006117
2026-02-09,67.69999694824219,68.41999816894531,67.12000274658203,68.33999633789062,2366413
2026-02-10,68.5199966430664,68.77999877929688,68.18000030517578,68.62000274658203,3033393
2026-02-11,68.69999694824219,70.0,68.41999816894531,69.5199966430664,2746421
2026-02-12,70.08000183105469,70.54000091552734,69.23999786376953,69.5,2547256
2026-02-13,69.16000366210938,70.04000091552734,68.76000213623047,69.9800033569336,3929057
2026-02-16,70.30000305175781,70.66000366210938,70.16000366210938,70.62000274658203,2220540
2026-02-17,70.0999984741211,70.36000061035156,68.76000213623047,69.80000305175781,1853323
2026-02-18,69.77999877929688,70.66000366210938,69.45999908447266,70.5999984741211,1546552
2026-02-19,70.69999694824219,70.69999694824219,69.72000122070312,69.91999816894531,2046081
2026-02-20,70.27999877929688,70.83999633789062,69.69999694824219,70.27999877929688,3058314
2026-02-23,69.72000122070312,70.12000274658203,69.22000122070312,69.80000305175781,2248964
2026-02-24,69.86000061035156,70.83999633789062,69.44000244140625,70.62000274658203,2245676
2026-02-25,71.04000091552734,71.9000015258789,71.04000091552734,71.4000015258789,1945291
2026-02-26,71.41999816894531,72.08000183105469,70.18000030517578,71.04000091552734,2038833
2026-02-27,71.27999877929688,72.12000274658203,71.08000183105469,71.81999969482422,4795503
2026-03-02,70.5,70.77999877929688,69.5,70.63999938964844,2492076
2026-03-03,68.9800033569336,69.41999816894531,66.5999984741211,67.19999694824219,3902415
2026-03-04,66.91999816894531,68.68000030517578,66.83999633789062,67.95999908447266,2319468
2026-03-05,67.73999786376953,68.5199966430664,66.4800033569336,66.58000183105469,2230949
2026-03-06,67.0,67.23999786376953,65.08000183105469,66.41999816894531,2798429
2026-03-09,63.060001373291016,65.27999877929688,62.91999816894531,65.27999877929688,3236775
2026-03-10,68.22000122070312,68.58000183105469,67.0199966430664,68.0199966430664,2631636
2026-03-11,67.5,67.91999816894531,66.80000305175781,67.66000366210938,1767566
2026-03-12,67.66000366210938,68.16000366210938,66.63999938964844,67.72000122070312,2047225
2026-03-13,66.9000015258789,68.04000091552734,66.26000213623047,66.44000244140625,3014348
2026-03-16,66.16000366210938,66.95999908447266,65.44000244140625,66.44000244140625,1588657
2026-03-17,65.91999816894531,67.12000274658203,65.62000274658203,66.58000183105469,2288810
2026-03-18,67.0,68.5999984741211,66.91999816894531,67.5,2859489
2026-03-19,66.36000061035156,66.45999908447266,64.80000305175781,65.83999633789062,2910682
2026-03-20,66.04000091552734,66.58000183105469,64.12000274658203,64.45999908447266,6069006
2026-03-23,62.29999923706055,65.77999877929688,61.52000045776367,64.77999877929688,3440976
2026-03-24,64.91999816894531,65.4800033569336,63.7400016784668,65.44000244140625,2151976
2026-03-25,66.5199966430664,67.18000030517578,66.08000183105469,67.04000091552734,2420993
2026-03-26,66.37999725341797,66.80000305175781,64.63999938964844,64.63999938964844,3460252
2026-03-27,64.0999984741211,64.36000061035156,62.040000915527344,63.13999938964844,2693979
2026-03-30,62.70000076293945,63.619998931884766,62.18000030517578,62.18000030517578,3019070
2026-03-31,62.0,63.84000015258789,61.70000076293945,63.2400016784668,2811724
2026-04-01,66.0,66.5999984741211,65.16000366210938,66.27999877929688,2716018
2026-04-02,64.26000213623047,66.19999694824219,64.22000122070312,65.83999633789062,2398007
2026-04-07,65.72000122070312,66.23999786376953,64.68000030517578,64.91999816894531,2322399
2026-04-08,70.76000213623047,71.0,68.9800033569336,70.0999984741211,3415942
2026-04-09,69.68000030517578,70.80000305175781,69.63999938964844,70.80000305175781,2331884
2026-04-10,71.36000061035156,72.16000366210938,71.12000274658203,71.83999633789062,2260774
2026-04-13,70.73999786376953,71.72000122070312,70.54000091552734,71.58000183105469,2076737
2026-04-14,71.91999816894531,72.63999938964844,71.83999633789062,72.19999694824219,2113956
2026-04-15,71.91999816894531,72.5199966430664,71.83999633789062,72.4000015258789,2049114
2026-04-16,72.9000015258789,73.0,72.05999755859375,72.44000244140625,1520108
2026-04-17,72.0,75.4800033569336,72.0,75.4800033569336,4595555
2026-04-20,74.26000213623047,74.68000030517578,73.80000305175781,74.26000213623047,3083678
2026-04-21,74.87999725341797,74.91999816894531,73.58000183105469,74.19999694824219,2709877
2026-04-22,78.19999694824219,78.81999969482422,75.27999877929688,76.72000122070312,3585894
2026-04-23,76.5,78.5999984741211,76.27999877929688,78.0999984741211,2856498
2026-04-24,77.0999984741211,77.95999908447266,76.4000015258789,77.9000015258789,2374359
2026-04-27,78.0,78.66000366210938,77.0,77.62000274658203,2866433
2026-04-28,77.54000091552734,77.73999786376953,76.05999755859375,76.41999816894531,2276436
2026-04-29,76.23999786376953,77.12000274658203,76.23999786376953,76.68000030517578,1786597
2026-04-30,75.94000244140625,78.72000122070312,75.81999969482422,78.44000244140625,2289706
2026-05-04,78.5,79.72000122070312,78.23999786376953,78.41999816894531,2624464
2026-05-05,78.37999725341797,80.77999877929688,78.26000213623047,80.58000183105469,2084529
2026-05-06,81.5,83.05999755859375,81.26000213623047,82.4000015258789,2892008
2026-05-07,82.55999755859375,83.4800033569336,81.22000122070312,81.22000122070312,2455016
2026-05-08,80.9000015258789,82.5,80.81999969482422,82.0199966430664,1759576
2026-05-11,82.63999938964844,83.63999938964844,82.08000183105469,83.55999755859375,2772845
2026-05-12,82.5199966430664,83.69999694824219,80.87999725341797,81.16000366210938,2242330
2026-05-13,82.30000305175781,83.12000274658203,81.83999633789062,82.86000061035156,1867924
2026-05-15,81.69999694824219,82.04000091552734,80.77999877929688,82.04000091552734,3422952
2026-05-18,81.22000122070312,82.73999786376953,80.54000091552734,81.05999755859375,2110582
2026-05-19,80.55999755859375,81.83999633789062,78.81999969482422,79.68000030517578,2448831
2026-05-20,79.87999725341797,82.22000122070312,79.87999725341797,81.33999633789062,2614623
2026-05-21,81.30000305175781,82.44000244140625,81.26000213623047,82.22000122070312,2003026
2026-05-22,83.0,84.0199966430664,82.73999786376953,83.80000305175781,1577414
2026-05-26,84.87999725341797,85.18000030517578,83.76000213623047,84.91999816894531,2148952
2026-05-27,85.36000061035156,85.37999725341797,82.5999984741211,83.68000030517578,2096198
2026-05-28,83.45999908447266,84.22000122070312,82.69999694824219,83.44000244140625,1482076
2026-05-29,83.26000213623047,84.0,82.91999816894531,83.62000274658203,4126073
2026-06-01,84.0999984741211,84.5999984741211,82.5,83.41999816894531,1743613
2026-06-02,84.41999816894531,86.4800033569336,84.26000213623047,86.0999984741211,2055758
2026-06-03,85.80000305175781,85.91999816894531,85.13999938964844,85.55999755859375,1791081
2026-06-04,85.31999969482422,85.81999969482422,83.41999816894531,84.66000366210938,2081105
2026-06-05,84.36000061035156,84.36000061035156,82.58000183105469,83.0999984741211,1740267
2026-06-08,81.5,82.9800033569336,81.27999877929688,82.68000030517578,1630328
2026-06-09,82.62000274658203,83.83999633789062,80.5,80.5199966430664,2287602
2026-06-10,80.5199966430664,80.91999816894531,79.13999938964844,79.5999984741211,3349054
2026-06-11,79.81999969482422,81.77999877929688,79.81999969482422,81.27999877929688,2358941
2026-06-12,82.81999969482422,82.81999969482422,81.12000274658203,81.62000274658203,2340510
2026-06-15,83.5199966430664,83.87999725341797,82.41999816894531,82.58000183105469,2268916
2026-06-16,83.16000366210938,84.73999786376953,83.12000274658203,84.0199966430664,2365687
2026-06-17,83.81999969482422,86.26000213623047,83.68000030517578,85.37999725341797,2482769
2026-06-18,86.23999786376953,87.54000091552734,85.94000244140625,86.86000061035156,3438499
2026-06-19,86.55999755859375,87.54000091552734,86.23999786376953,87.0999984741211,6763044
2026-06-22,86.81999969482422,89.13999938964844,86.5999984741211,88.55999755859375,2031420
2026-06-23,86.69999694824219,87.05999755859375,85.27999877929688,86.0999984741211,2514892
2026-06-24,86.19999694824219,86.91999816894531,85.13999938964844,86.58000183105469,2144456
2026-06-25,87.41999816894531,87.62000274658203,85.73999786376953,86.72000122070312,2155441
2026-06-26,87.18000030517578,87.18000030517578,84.16000366210938,84.5199966430664,3080447
2026-06-29,84.73999786376953,85.44000244140625,84.05999755859375,85.44000244140625,1744621
2026-06-30,86.4000015258789,87.69999694824219,86.4000015258789,87.58000183105469,2812174
2026-07-01,87.91999816894531,87.94000244140625,84.9800033569336,86.18000030517578,2213505
2026-07-02,84.73999786376953,86.66000366210938,84.30000305175781,84.91999816894531,2837926
2026-07-03,85.69999694824219,87.4000015258789,85.30000305175781,87.37999725341797,2098591
2026-07-06,86.80000305175781,87.0999984741211,84.81999969482422,87.0999984741211,2351548
2026-07-07,85.0999984741211,85.41999816894531,82.95999908447266,83.36000061035156,2638034
2026-07-08,83.30000305175781,83.4800033569336,81.5,82.36000061035156,2168988
2026-07-09,84.16000366210938,85.66000366210938,84.16000366210938,84.68000030517578,2179941
2026-07-10,84.37999725341797,84.54000091552734,83.22000122070312,83.58000183105469,2190300
2026-07-13,82.5,84.08000183105469,82.4800033569336,83.81999969482422,1863768
2026-07-14,83.04000091552734,85.55999755859375,82.73999786376953,85.4800033569336,2285497
2026-07-15,85.4800033569336,85.5,83.0999984741211,83.18000030517578,3267421
2026-07-16,83.9000015258789,83.9000015258789,78.26000213623047,78.26000213623047,4377550
2026-07-17,77.4000015258789,79.19999694824219,76.5,79.19999694824219,4600652
