date,open,high,low,close,volume
2016-07-18,1665.0,1673.0,1651.5,1658.5,1184
2016-07-19,1658.5,1663.0,1635.0,1644.0,1084
2016-07-20,1644.0,1648.0,1611.0,1622.0,1701
2016-07-21,1622.0,1633.0,1598.0,1602.0,1371
2016-07-22,1602.0,1622.0,1599.5,1611.0,1274
2016-07-25,1612.0,1620.0,1596.5,1610.0,1020
2016-07-26,1610.0,1612.5,1592.0,1596.0,1205
2016-07-27,1596.0,1602.0,1588.0,1595.0,1156
2016-07-28,1595.0,1611.0,1592.0,1609.0,1406
2016-07-29,1609.0,1644.0,1606.0,1639.5,1996
2016-08-01,1641.5,1663.0,1628.0,1634.0,1502
2016-08-02,1634.0,1652.0,1621.0,1621.0,2041
2016-08-03,1621.0,1648.5,1614.0,1643.0,1665
2016-08-04,1641.0,1644.0,1619.5,1623.0,1373
2016-08-05,1623.0,1649.0,1623.0,1645.0,1404
2016-08-08,1649.5,1659.0,1636.0,1641.0,964
2016-08-09,1641.0,1646.0,1634.0,1644.0,665
2016-08-10,1644.0,1666.5,1639.5,1642.0,1069
2016-08-11,1642.0,1658.0,1642.0,1652.0,860
2016-08-12,1652.0,1658.0,1640.0,1651.0,1258
2016-08-15,1651.0,1678.0,1647.0,1675.0,1095
2016-08-16,1675.0,1693.0,1670.0,1693.0,1260
2016-08-17,1692.5,1697.5,1683.5,1694.5,1130
2016-08-18,1694.5,1709.0,1680.0,1683.0,1589
2016-08-19,1683.0,1687.0,1655.5,1669.0,1454
2016-08-22,1669.0,1669.0,1655.0,1667.5,1137
2016-08-23,1667.5,1674.0,1661.0,1670.0,806
2016-08-24,1667.0,1672.0,1642.0,1649.0,1309
2016-08-25,1650.5,1653.5,1632.0,1644.0,1004
2016-08-26,1644.0,1654.5,1638.5,1647.5,1000
2016-08-30,1648.0,1648.0,1625.5,1631.5,1332
2016-08-31,1629.5,1636.0,1611.0,1615.0,2712
2016-09-01,1615.0,1623.0,1598.5,1617.0,1550
2016-09-02,1617.0,1620.0,1592.5,1594.0,1766
2016-09-05,1594.0,1603.5,1575.5,1579.5,1193
2016-09-06,1579.5,1594.0,1579.0,1588.0,1246
2016-09-07,1590.0,1606.0,1589.0,1590.0,1172
2016-09-08,1590.0,1596.0,1581.0,1593.0,1148
2016-09-09,1593.0,1593.5,1574.5,1575.5,814
2016-09-12,1576.0,1578.0,1564.0,1569.5,2161
2016-09-13,1569.5,1578.5,1559.0,1565.0,1319
2016-09-14,1565.0,1591.5,1560.0,1586.0,1713
2016-09-15,1586.0,1597.0,1563.5,1574.0,1386
2016-09-16,1570.0,1590.0,1566.0,1576.0,1311
2016-09-19,1576.0,1584.5,1570.0,1584.0,1012
2016-09-20,1584.0,1588.0,1573.0,1573.0,1055
2016-09-21,1573.0,1587.0,1573.0,1581.0,1319
2016-09-22,1581.0,1633.0,1581.0,1630.0,2022
2016-09-23,1630.0,1652.5,1626.0,1636.5,2058
2016-09-26,1636.5,1666.0,1618.0,1660.0,1859
2016-09-27,1660.0,1673.0,1640.5,1647.0,2052
2016-09-28,1646.0,1666.5,1643.5,1660.0,1367
2016-09-29,1664.0,1674.0,1656.5,1668.5,1436
2016-09-30,1668.5,1675.0,1657.0,1673.0,1363
2016-10-03,1670.0,1679.0,1657.5,1678.0,1412
2016-10-04,1678.0,1679.5,1666.0,1669.0,1355
2016-10-05,1668.0,1678.0,1661.5,1674.0,1056
2016-10-06,1673.0,1680.0,1665.0,1677.0,1109
2016-10-07,1677.0,1682.5,1672.5,1674.0,1000
2016-10-10,1674.0,1691.0,1671.0,1691.0,1143
2016-10-11,1691.0,1693.0,1665.0,1680.5,1762
2016-10-12,1685.0,1690.0,1671.0,1677.0,999
2016-10-13,1677.0,1694.5,1675.5,1694.5,1430
2016-10-14,1690.0,1694.5,1667.0,1673.0,998
2016-10-17,1673.0,1674.0,1647.0,1666.0,1579
2016-10-18,1666.0,1682.0,1637.0,1642.5,1726
2016-10-19,1642.5,1654.5,1620.0,1632.5,1710
2016-10-20,1632.5,1636.0,1608.0,1617.0,1508
2016-10-21,1617.0,1629.0,1613.5,1626.5,1446
2016-10-24,1626.5,1638.0,1626.0,1634.5,1352
2016-10-25,1634.5,1686.0,1634.0,1670.0,2495
2016-10-26,1669.0,1685.0,1666.0,1682.0,1690
2016-10-27,1682.0,1701.5,1671.0,1692.5,1597
2016-10-28,1694.0,1719.0,1694.0,1715.5,1443
2016-10-31,1713.0,1738.0,1709.0,1736.5,1711
2016-11-01,1732.0,1740.0,1718.0,1733.0,1659
2016-11-02,1732.0,1732.5,1696.0,1716.0,2655
2016-11-03,1717.0,1737.0,1712.0,1728.5,1489
2016-11-04,1725.0,1730.5,1715.0,1719.5,1225
2016-11-07,1716.0,1729.0,1711.0,1728.5,1448
2016-11-08,1729.0,1735.0,1708.0,1731.0,1955
2016-11-09,1731.0,1760.5,1705.0,1754.0,3306
2016-11-10,1750.5,1783.0,1746.5,1768.5,2894
2016-11-11,1769.0,1794.5,1737.0,1749.5,4358
2016-11-14,1743.0,1783.0,1722.0,1734.5,3196
2016-11-15,1735.0,1755.0,1711.5,1731.0,3265
2016-11-16,1731.0,1735.0,1694.0,1699.5,2012
2016-11-17,1699.5,1702.5,1680.5,1694.0,1913
2016-11-18,1694.0,1702.5,1682.5,1695.0,1537
2016-11-21,1695.0,1724.0,1695.0,1718.5,1445
2016-11-22,1718.5,1763.0,1718.5,1760.5,2100
2016-11-23,1758.5,1786.0,1741.0,1779.0,2347
2016-11-24,1778.0,1789.0,1760.0,1761.0,1883
2016-11-25,1761.0,1770.0,1740.0,1766.0,1755
2016-11-28,1757.0,1785.0,1727.0,1735.0,2759
2016-11-29,1735.0,1741.5,1708.5,1719.0,2260
2016-11-30,1711.0,1744.0,1703.0,1731.0,2688
2016-12-01,1732.0,1746.0,1713.0,1720.0,1934
2016-12-02,1715.5,1729.0,1706.0,1718.0,1648
2016-12-05,1718.0,1736.0,1711.0,1726.0,1305
2016-12-06,1725.0,1732.0,1699.0,1707.0,1434
2016-12-07,1707.0,1736.0,1700.0,1712.0,1866
2016-12-08,1712.0,1731.5,1707.0,1727.5,1544
2016-12-09,1725.0,1755.0,1725.0,1743.5,1460
2016-12-12,1754.5,1762.5,1731.0,1733.0,1471
2016-12-13,1733.0,1748.0,1729.0,1740.0,1463
2016-12-14,1741.0,1748.0,1726.0,1740.0,1848
2016-12-15,1740.0,1746.5,1727.0,1741.5,1369
2016-12-16,1736.5,1743.5,1712.0,1716.0,1302
2016-12-19,1716.0,1721.5,1705.0,1709.0,1977
2016-12-20,1709.0,1725.0,1703.5,1725.0,1108
2016-12-21,1721.0,1731.0,1718.0,1727.0,908
2016-12-22,1727.0,1729.0,1713.5,1724.0,1380
2016-12-23,1724.0,1725.0,1715.0,1715.0,858
2016-12-27,1715.0,1715.0,1715.0,1715.0,1
2016-12-28,1721.0,1733.0,1702.0,1704.0,1576
2016-12-29,1705.0,1706.0,1678.5,1684.0,1345
2016-12-30,1684.0,1708.0,1684.0,1688.0,1448
2017-01-03,1692.5,1703.5,1676.5,1687.0,1648
2017-01-04,1687.0,1695.0,1680.0,1688.0,1734
2017-01-05,1691.0,1712.0,1689.5,1698.5,1191
2017-01-06,1698.5,1719.0,1694.0,1718.0,1276
2017-01-09,1718.0,1727.0,1703.5,1722.0,1215
2017-01-10,1720.0,1752.0,1716.0,1740.5,1643
2017-01-11,1744.0,1760.0,1741.0,1757.0,1766
2017-01-12,1755.0,1795.0,1755.0,1789.0,2465
2017-01-13,1789.0,1813.0,1780.0,1813.0,1590
2017-01-16,1810.0,1819.0,1783.5,1786.0,1754
2017-01-17,1786.0,1808.0,1760.0,1798.0,2037
2017-01-18,1798.0,1835.0,1791.0,1817.5,1644
2017-01-19,1817.5,1829.0,1811.0,1818.0,1567
2017-01-20,1818.0,1858.0,1811.0,1845.0,1879
2017-01-23,1845.0,1873.0,1841.0,1850.0,1776
2017-01-24,1850.0,1883.0,1834.0,1866.0,2216
2017-01-25,1864.0,1876.0,1823.5,1833.5,2621
2017-01-26,1840.0,1858.0,1815.0,1818.0,2042
2017-01-27,1821.0,1830.0,1810.0,1824.0,1215
2017-01-30,1824.0,1827.0,1801.0,1810.0,1410
2017-01-31,1810.0,1824.5,1802.0,1822.0,1285
2017-02-01,1820.0,1830.0,1804.5,1820.0,1849
2017-02-02,1820.0,1833.0,1815.0,1832.5,1084
2017-02-03,1832.5,1840.0,1813.5,1840.0,1954
2017-02-06,1836.0,1842.0,1819.0,1834.0,1286
2017-02-07,1833.0,1835.5,1820.5,1830.5,1086
2017-02-08,1830.0,1856.0,1828.5,1848.5,1321
2017-02-09,1848.5,1858.5,1842.0,1852.0,1232
2017-02-10,1852.0,1879.0,1836.5,1876.0,1679
2017-02-13,1878.0,1889.5,1867.0,1871.0,1967
2017-02-14,1872.5,1907.0,1871.5,1887.0,2374
2017-02-15,1887.0,1916.0,1880.0,1915.0,1829
2017-02-16,1912.0,1914.5,1886.5,1904.0,1965
2017-02-17,1903.0,1903.0,1868.0,1884.5,2156
2017-02-20,1884.5,1906.5,1877.0,1901.0,1456
2017-02-21,1900.5,1905.5,1878.0,1882.5,1309
2017-02-22,1880.0,1893.0,1867.5,1893.0,1880
2017-02-23,1893.0,1893.0,1858.0,1865.5,4951
2017-02-24,1865.5,1889.0,1860.0,1885.0,1786
2017-02-27,1885.5,1909.5,1877.0,1897.0,2252
2017-02-28,1897.0,1924.0,1892.0,1921.0,1530
2017-03-01,1919.0,1957.0,1915.0,1942.0,2738
2017-03-02,1943.0,1945.0,1904.0,1910.5,2015
2017-03-03,1904.0,1920.0,1879.0,1890.5,1748
2017-03-06,1888.0,1895.0,1861.0,1877.0,2419
2017-03-07,1881.0,1885.0,1864.5,1884.0,1573
2017-03-08,1882.0,1891.0,1870.5,1872.0,1795
2017-03-09,1870.0,1876.5,1848.0,1874.0,1918
2017-03-10,1874.0,1905.5,1868.5,1881.0,2019
2017-03-13,1881.0,1897.0,1876.5,1880.0,1614
2017-03-14,1883.0,1883.5,1855.0,1865.0,1836
2017-03-15,1865.0,1887.0,1863.0,1885.0,1384
2017-03-16,1884.0,1912.5,1884.0,1903.0,1384
2017-03-17,1905.0,1919.5,1888.0,1915.0,1589
2017-03-20,1910.0,1930.0,1900.0,1920.0,1697
2017-03-21,1915.0,1941.0,1909.0,1923.0,1551
2017-03-22,1923.0,1935.5,1906.5,1925.0,1679
2017-03-23,1925.0,1933.5,1916.0,1933.0,1435
2017-03-24,1930.0,1940.0,1919.0,1938.5,1369
2017-03-27,1934.0,1935.5,1915.0,1930.0,2668
2017-03-28,1926.0,1948.5,1917.5,1940.0,1465
2017-03-29,1942.5,1961.0,1935.5,1955.0,2041
2017-03-30,1953.0,1981.0,1951.0,1965.0,1312
2017-03-31,1965.0,1975.0,1950.5,1960.5,1524
2017-04-03,1965.0,1972.0,1946.0,1947.5,1990
2017-04-04,1950.0,1953.5,1936.0,1938.5,967
2017-04-05,1938.5,1980.0,1938.5,1966.0,1788
2017-04-06,1966.0,1973.5,1951.0,1953.0,1466
2017-04-07,1953.0,1967.0,1931.0,1962.0,1896
2017-04-10,1959.0,1962.5,1921.0,1921.0,1966
2017-04-11,1921.0,1930.5,1911.0,1922.0,1627
2017-04-12,1922.0,1929.0,1895.5,1898.5,1436
2017-04-13,1902.0,1925.0,1898.0,1918.5,1746
2017-04-14,1902.0,1925.0,1898.0,1918.5,1746
2017-04-18,1940.0,1958.5,1892.0,1898.0,3084
2017-04-19,1896.0,1916.0,1896.0,1913.0,1758
2017-04-20,1910.5,1950.0,1907.5,1949.0,2002
2017-04-21,1943.0,1964.0,1932.0,1935.5,1797
2017-04-24,1937.0,1951.0,1933.0,1950.0,1780
2017-04-25,1946.0,1967.5,1943.0,1962.0,1617
2017-04-26,1962.0,1969.5,1953.5,1969.5,1118
2017-04-27,1969.5,1973.0,1921.0,1926.0,1645
2017-04-28,1928.0,1938.0,1908.0,1918.0,1912
2017-05-01,1928.0,1938.0,1908.0,1918.0,1912
2017-05-02,1920.0,1933.0,1904.0,1931.5,1947
2017-05-03,1931.5,1931.5,1912.0,1920.0,1827
2017-05-04,1919.5,1923.0,1900.0,1917.0,1540
2017-05-05,1916.0,1922.5,1895.5,1900.0,1444
2017-05-08,1900.0,1904.0,1874.0,1879.5,1710
2017-05-09,1879.5,1884.0,1870.0,1871.5,1066
2017-05-10,1871.5,1879.0,1862.5,1866.5,1414
2017-05-11,1869.0,1894.5,1864.0,1873.5,1603
2017-05-12,1873.5,1893.5,1871.5,1886.0,1279
2017-05-15,1886.0,1911.5,1884.5,1908.0,1321
2017-05-16,1908.0,1930.5,1897.0,1929.0,1542
2017-05-17,1929.0,1932.0,1917.5,1928.0,1305
2017-05-18,1924.5,1927.5,1901.0,1924.0,1459
2017-05-19,1924.0,1947.0,1914.0,1943.0,1620
2017-05-22,1943.0,1946.5,1931.0,1938.5,1858
2017-05-23,1938.5,1950.0,1922.5,1950.0,1252
2017-05-24,1943.5,1958.0,1932.5,1948.0,1284
2017-05-25,1948.0,1962.5,1941.0,1960.0,1218
2017-05-26,1958.0,1968.0,1948.0,1952.0,1121
2017-05-30,1952.0,1957.0,1916.0,1931.0,1393
2017-05-31,1931.0,1936.0,1909.0,1930.5,1973
2017-06-01,1928.0,1944.0,1919.0,1932.5,3248
2017-06-02,1932.0,1935.0,1910.0,1931.5,2125
2017-06-05,1928.0,1933.5,1901.0,1903.0,1307
2017-06-06,1903.0,1910.5,1887.0,1905.0,1742
2017-06-07,1905.0,1917.5,1896.5,1904.0,1536
2017-06-08,1904.0,1922.0,1899.0,1905.0,1215
2017-06-09,1905.0,1912.0,1889.0,1908.5,1287
2017-06-12,1908.0,1911.5,1885.5,1888.5,858
2017-06-13,1888.5,1895.5,1879.0,1894.0,1202
2017-06-14,1891.0,1899.5,1878.0,1880.0,1158
2017-06-15,1880.0,1886.0,1870.5,1876.5,1097
2017-06-16,1877.0,1881.5,1867.0,1874.0,841
2017-06-19,1874.0,1893.0,1870.5,1889.0,1286
2017-06-20,1889.0,1910.0,1883.0,1887.5,1502
2017-06-21,1887.5,1892.0,1866.0,1866.0,1665
2017-06-22,1866.0,1883.5,1866.0,1870.0,1485
2017-06-23,1870.0,1881.0,1865.0,1865.5,1017
2017-06-26,1865.5,1877.0,1855.0,1865.5,1020
2017-06-27,1866.0,1890.0,1858.0,1888.5,1325
2017-06-28,1888.5,1897.0,1880.5,1896.0,1157
2017-06-29,1896.0,1917.5,1895.0,1911.0,1415
2017-06-30,1911.0,1923.0,1901.0,1923.0,1304
2017-07-03,1918.0,1931.0,1915.5,1927.0,1385
2017-07-04,1927.0,1930.5,1912.0,1927.5,775
2017-07-05,1927.5,1933.0,1918.0,1931.0,1234
2017-07-06,1927.0,1948.0,1923.5,1940.0,1385
2017-07-07,1940.0,1945.5,1924.0,1931.0,1338
2017-07-10,1929.0,1934.5,1892.5,1896.0,1740
2017-07-11,1895.0,1906.0,1887.5,1900.0,1325
2017-07-12,1900.5,1905.0,1881.5,1889.0,1314
2017-07-13,1888.0,1943.0,1888.0,1923.5,2095
2017-07-14,1921.5,1932.5,1918.0,1926.0,1145
2017-07-17,1927.0,1941.0,1898.0,1912.5,1421
2017-07-18,1912.5,1934.5,1899.5,1930.0,1347
2017-07-19,1930.0,1939.5,1915.0,1920.0,1064
2017-07-20,1920.0,1930.0,1912.5,1921.0,1033
2017-07-21,1916.0,1935.0,1913.0,1916.0,1027
2017-07-24,1915.5,1925.0,1909.5,1912.5,831
2017-07-25,1910.0,1949.0,1910.0,1939.5,1740
2017-07-26,1938.5,1963.5,1931.0,1935.5,1981
2017-07-27,1936.0,1957.5,1932.0,1934.0,1499
2017-07-28,1937.0,1943.0,1907.0,1911.5,1724
2017-07-31,1912.0,1926.5,1911.0,1918.0,1532
2017-08-01,1918.0,1919.5,1903.0,1909.5,1165
2017-08-02,1909.0,1936.5,1908.5,1926.0,1733
2017-08-03,1926.0,1932.0,1910.0,1913.0,984
2017-08-04,1913.0,1920.5,1903.0,1908.0,1344
2017-08-07,1909.5,1978.5,1907.0,1973.5,2391
2017-08-08,1970.0,2035.0,1968.0,2028.0,3261
2017-08-09,2022.0,2043.0,2012.0,2024.0,2728
2017-08-10,2022.0,2046.5,2017.0,2034.5,2691
2017-08-11,2034.0,2048.0,2018.0,2044.0,2526
2017-08-14,2044.0,2047.5,2022.5,2027.0,2048
2017-08-15,2027.0,2056.0,2020.0,2048.5,1795
2017-08-16,2045.0,2104.5,2045.0,2091.0,3220
2017-08-17,2091.0,2112.0,2065.0,2066.5,2440
2017-08-18,2068.0,2100.0,2057.5,2063.0,2691
2017-08-21,2063.0,2098.5,2063.0,2087.0,2464
2017-08-22,2082.0,2088.0,2063.5,2075.5,2025
2017-08-23,2075.5,2122.0,2056.5,2109.0,1996
2017-08-24,2109.0,2122.5,2088.5,2098.0,1817
2017-08-25,2104.0,2112.0,2065.0,2071.5,1863
2017-08-28,2071.5,2071.5,2071.5,2071.5,1
2017-08-29,2072.0,2105.0,2069.0,2092.0,2031
2017-08-30,2090.0,2103.0,2082.5,2093.0,1481
2017-08-31,2088.5,2139.0,2086.5,2128.0,1962
2017-09-01,2125.0,2145.0,2120.0,2141.0,2102
2017-09-04,2143.0,2143.5,2103.0,2117.5,1746
2017-09-05,2117.5,2123.0,2087.0,2092.5,2326
2017-09-06,2095.0,2115.0,2072.0,2115.0,2025
2017-09-07,2110.0,2119.0,2088.0,2114.0,2024
2017-09-08,2114.0,2124.0,2085.0,2091.5,2935
2017-09-11,2091.5,2138.0,2091.0,2121.5,2175
2017-09-12,2121.5,2143.0,2108.0,2138.5,2036
2017-09-13,2141.0,2145.5,2103.5,2109.0,2283
2017-09-14,2109.0,2128.0,2080.0,2104.0,1935
2017-09-15,2104.0,2107.5,2071.0,2089.5,2394
2017-09-18,2089.5,2106.0,2082.5,2092.0,1613
2017-09-19,2097.0,2136.0,2094.0,2128.5,2397
2017-09-20,2128.5,2194.5,2122.0,2188.0,3578
2017-09-21,2178.5,2199.0,2140.0,2157.0,3739
2017-09-22,2158.0,2170.0,2112.5,2160.0,3433
2017-09-25,2159.0,2174.0,2133.0,2151.0,1992
2017-09-26,2151.0,2159.5,2122.0,2124.0,1649
2017-09-27,2124.0,2147.0,2122.0,2129.5,1656
2017-09-28,2129.5,2145.0,2118.0,2138.0,1898
2017-09-29,2138.0,2141.0,2102.0,2106.0,1370
2017-10-02,2112.0,2114.0,2082.0,2103.5,1596
2017-10-03,2106.0,2144.5,2100.0,2143.5,1546
2017-10-04,2138.0,2169.0,2138.0,2163.0,1814
2017-10-05,2160.0,2173.0,2145.5,2169.5,1133
2017-10-06,2168.0,2171.0,2136.5,2146.5,1151
2017-10-09,2148.5,2175.0,2143.0,2171.0,1532
2017-10-10,2171.0,2172.0,2148.0,2162.5,1423
2017-10-11,2162.5,2166.0,2130.0,2135.0,1948
2017-10-12,2135.0,2151.5,2130.0,2148.0,1509
2017-10-13,2148.0,2172.0,2126.0,2137.0,2106
2017-10-16,2136.0,2162.0,2127.0,2136.0,2643
2017-10-17,2136.0,2154.0,2130.0,2142.0,2052
2017-10-18,2142.0,2149.5,2114.5,2119.0,1856
2017-10-19,2119.0,2157.0,2118.0,2149.0,1844
2017-10-20,2149.0,2169.0,2130.0,2135.0,1956
2017-10-23,2135.0,2149.0,2130.0,2141.0,1189
2017-10-24,2141.0,2165.0,2136.5,2161.0,1480
2017-10-25,2157.0,2190.0,2149.0,2190.0,1530
2017-10-26,2185.0,2215.0,2176.5,2190.0,2023
2017-10-27,2187.0,2194.0,2131.5,2185.0,2539
2017-10-30,2176.0,2183.0,2155.0,2155.5,1720
2017-10-31,2162.0,2177.0,2145.5,2166.0,1732
2017-11-01,2161.5,2215.0,2158.0,2173.0,3139
2017-11-02,2170.0,2186.0,2157.5,2171.0,1941
2017-11-03,2175.0,2193.0,2165.5,2184.0,1737
2017-11-06,2185.5,2186.0,2160.0,2169.0,1615
2017-11-07,2168.0,2174.5,2132.0,2135.0,2088
2017-11-08,2138.0,2144.0,2101.5,2107.0,2480
2017-11-09,2108.0,2112.5,2078.0,2095.0,2479
2017-11-10,2095.0,2110.0,2083.0,2105.5,1762
2017-11-13,2110.0,2123.5,2097.0,2110.5,1716
2017-11-14,2110.5,2114.5,2082.0,2090.0,1960
2017-11-15,2090.0,2120.0,2068.5,2104.0,2501
2017-11-16,2104.0,2135.0,2099.5,2112.0,1836
2017-11-17,2112.0,2115.5,2085.5,2109.5,1650
2017-11-20,2109.5,2110.0,2074.5,2085.5,2222
2017-11-21,2082.0,2089.0,2072.5,2089.0,1470
2017-11-22,2086.5,2112.0,2086.5,2102.0,1808
2017-11-23,2102.0,2117.0,2098.0,2110.0,906
2017-11-24,2110.0,2136.0,2102.5,2130.0,1357
2017-11-27,2130.0,2140.0,2107.0,2131.5,1669
2017-11-28,2131.5,2135.0,2093.5,2099.0,2410
2017-11-29,2102.0,2110.0,2050.0,2053.0,2742
2017-11-30,2053.0,2066.5,2039.0,2044.0,2136
2017-12-01,2046.5,2086.0,2042.5,2075.0,2318
2017-12-04,2075.0,2081.5,2063.0,2070.0,1540
2017-12-05,2070.0,2077.0,2048.0,2055.5,2090
2017-12-06,2055.5,2055.5,2017.0,2023.5,1951
2017-12-07,2028.0,2029.5,1998.5,2016.5,2116
2017-12-08,2016.5,2027.0,2004.5,2017.0,2018
2017-12-11,2017.0,2029.0,2003.0,2028.0,1780
2017-12-12,2028.0,2028.0,2008.0,2017.0,1798
2017-12-13,2017.0,2023.0,2000.0,2017.5,1330
2017-12-14,2018.0,2054.5,2015.0,2044.0,1713
2017-12-15,2044.0,2075.0,2036.0,2061.0,1764
2017-12-18,2061.0,2076.5,2060.0,2075.0,1258
2017-12-19,2075.0,2103.5,2067.5,2102.0,1746
2017-12-20,2102.0,2123.0,2090.5,2123.0,1704
2017-12-21,2123.0,2151.0,2113.5,2149.5,2306
2017-12-22,2149.5,2204.0,2130.0,2183.0,2712
2017-12-27,2190.0,2254.0,2170.0,2254.0,3016
2017-12-28,2254.0,2284.0,2228.0,2277.0,2796
2017-12-29,2270.5,2290.5,2251.0,2280.0,2841
2018-01-02,2280.0,2290.0,2252.5,2265.0,2707
2018-01-03,2258.0,2267.0,2226.0,2229.5,2046
2018-01-04,2228.0,2256.0,2212.0,2245.5,2336
2018-01-05,2245.0,2252.5,2201.0,2205.5,2150
2018-01-08,2205.5,2214.5,2171.0,2174.0,2240
2018-01-09,2174.0,2184.0,2149.5,2155.5,1683
2018-01-10,2155.0,2190.0,2155.0,2186.0,2083
2018-01-11,2183.0,2208.5,2170.0,2182.0,2144
2018-01-12,2180.5,2230.0,2180.5,2220.0,2518
2018-01-15,2220.0,2250.0,2218.5,2226.0,1766
2018-01-16,2226.0,2229.0,2170.0,2196.0,2733
2018-01-17,2196.0,2199.0,2181.0,2195.0,1841
2018-01-18,2190.5,2244.0,2185.0,2244.0,2143
2018-01-19,2244.0,2270.5,2214.5,2215.0,2873
2018-01-22,2215.0,2250.5,2214.0,2247.5,1616
2018-01-23,2246.0,2248.0,2206.5,2228.0,1731
2018-01-24,2228.0,2254.5,2208.5,2247.0,2446
2018-01-25,2248.0,2270.0,2232.0,2232.5,2105
2018-01-26,2231.0,2264.0,2224.0,2260.0,1747
2018-01-29,2260.0,2270.0,2222.0,2228.0,1529
2018-01-30,2228.0,2239.5,2195.0,2224.0,2254
2018-01-31,2222.0,2232.0,2208.5,2209.5,1889
2018-02-01,2212.0,2235.0,2188.5,2232.0,2064
2018-02-02,2230.5,2235.0,2206.0,2214.5,1664
2018-02-05,2214.0,2215.0,2192.0,2207.0,2023
2018-02-06,2201.5,2202.0,2170.0,2170.0,2357
2018-02-07,2177.5,2210.0,2152.0,2160.5,2882
2018-02-08,2160.0,2176.0,2148.0,2169.5,2394
2018-02-09,2165.0,2172.5,2121.0,2121.5,3107
2018-02-12,2127.5,2152.0,2117.0,2133.0,2318
2018-02-13,2133.0,2151.0,2123.0,2139.5,2450
2018-02-14,2133.5,2201.0,2112.5,2187.5,3409
2018-02-15,2133.5,2201.0,2133.5,2154.0,2334
2018-02-16,2154.0,2217.0,2154.0,2199.5,2505
2018-02-19,2199.5,2228.0,2165.5,2201.0,1754
2018-02-20,2201.0,2218.0,2182.0,2187.0,1864
2018-02-21,2187.0,2208.0,2160.0,2207.5,1777
2018-02-22,2200.0,2200.0,2161.0,2185.5,2498
2018-02-23,2179.0,2196.0,2140.0,2147.5,2514
2018-02-26,2150.0,2169.5,2137.0,2139.0,1797
2018-02-27,2139.0,2159.5,2136.5,2148.0,1779
2018-02-28,2148.0,2153.5,2129.0,2131.5,1862
2018-03-01,2131.5,2164.5,2118.0,2148.0,2809
2018-03-02,2148.0,2162.0,2137.0,2148.5,1576
2018-03-05,2148.5,2158.0,2134.5,2146.5,1754
2018-03-06,2146.5,2157.0,2138.0,2141.0,1473
2018-03-07,2143.0,2147.0,2097.0,2100.0,2418
2018-03-08,2101.0,2115.0,2093.0,2107.5,2013
2018-03-09,2107.5,2134.0,2093.0,2120.0,1934
2018-03-12,2121.0,2124.0,2091.0,2095.0,1549
2018-03-13,2094.0,2107.0,2087.5,2104.0,1734
2018-03-14,2103.0,2126.5,2087.0,2089.0,1945
2018-03-15,2091.0,2104.0,2070.5,2086.5,1757
2018-03-16,2081.0,2098.5,2076.5,2087.0,1405
2018-03-19,2083.0,2096.5,2069.0,2089.0,1419
2018-03-20,2085.0,2096.5,2071.0,2080.5,1576
2018-03-21,2080.0,2092.0,2062.5,2080.0,1597
2018-03-22,2083.0,2105.5,2063.0,2069.5,1759
2018-03-23,2073.0,2074.5,2049.0,2054.0,1750
2018-03-26,2055.5,2063.5,2043.5,2048.5,1696
2018-03-27,2048.5,2071.5,2041.5,2045.0,1688
2018-03-28,2045.0,2046.5,2019.0,2032.5,1910
2018-03-29,2032.5,2045.0,1996.0,2005.0,2505
2018-03-30,2032.5,2045.0,1996.0,2005.0,18801
2018-04-02,2005.0,2005.0,2005.0,2005.0,3
2018-04-03,2015.0,2039.0,1978.0,1998.0,3261
2018-04-04,1998.0,2000.5,1980.0,1993.0,2602
2018-04-05,1994.0,2020.0,1977.0,2007.0,1879
2018-04-06,2010.0,2063.0,1987.0,2054.0,2341
2018-04-09,2061.0,2144.0,2059.5,2132.5,5477
2018-04-10,2132.5,2242.0,2125.0,2211.0,5016
2018-04-11,2207.0,2277.5,2200.0,2248.5,5271
2018-04-12,2248.5,2331.0,2202.5,2283.5,5589
2018-04-13,2283.5,2340.0,2271.0,2275.5,5821
2018-04-16,2275.5,2403.0,2275.0,2382.0,4177
2018-04-17,2382.0,2435.0,2346.0,2411.0,5341
2018-04-18,2411.0,2559.0,2389.5,2550.0,6316
2018-04-19,2550.0,2718.0,2397.0,2477.0,8858
2018-04-20,2477.0,2531.0,2415.0,2489.0,5578
2018-04-23,2480.0,2534.5,2237.0,2254.5,7394
2018-04-24,2254.5,2291.0,2175.0,2211.5,5805
2018-04-25,2211.5,2273.0,2186.0,2234.5,3769
2018-04-26,2234.5,2316.0,2195.0,2270.0,4539
2018-04-27,2270.0,2295.0,2205.0,2225.5,3837
2018-04-30,2250.0,2255.0,2243.0,2250.0,60
2018-05-01,2250.0,2270.0,2223.0,2244.0,2227
2018-05-02,2245.0,2330.0,2240.0,2320.0,3422
2018-05-03,2320.0,2354.0,2258.0,2281.0,2706
2018-05-04,2288.0,2367.5,2282.0,2343.0,2834
2018-05-08,2343.0,2374.5,2317.0,2354.5,2499
2018-05-09,2354.5,2370.0,2280.0,2355.0,3709
2018-05-10,2355.0,2355.0,2306.0,2310.5,2204
2018-05-11,2326.0,2326.0,2263.5,2275.5,2348
2018-05-14,2275.5,2325.0,2264.0,2315.0,2174
2018-05-15,2315.0,2331.5,2274.0,2325.0,2188
2018-05-16,2325.0,2338.0,2302.0,2311.5,1775
2018-05-17,2311.5,2334.5,2248.5,2290.0,2741
2018-05-18,2290.0,2311.5,2245.0,2265.0,2259
2018-05-21,2265.0,2292.0,2254.5,2276.5,1537
2018-05-22,2276.5,2290.5,2256.5,2261.0,1864
2018-05-23,2261.0,2277.0,2239.0,2270.5,1775
2018-05-24,2265.5,2293.5,2255.0,2292.0,1718
2018-05-25,2290.0,2314.5,2248.0,2266.5,1814
2018-05-29,2266.5,2276.0,2247.5,2269.0,1909
2018-05-30,2269.0,2284.0,2254.0,2267.0,2097
2018-05-31,2267.0,2304.5,2264.0,2292.5,2128
2018-06-01,2292.5,2305.0,2263.5,2299.0,2196
2018-06-04,2299.0,2343.0,2291.0,2308.5,2499
2018-06-05,2309.5,2340.0,2305.5,2316.5,1906
2018-06-06,2311.0,2345.0,2307.0,2331.0,1875
2018-06-07,2331.0,2353.0,2281.0,2285.0,2579
2018-06-08,2283.0,2324.5,2283.0,2310.0,1785
2018-06-11,2310.0,2325.0,2285.0,2309.0,1566
2018-06-12,2315.0,2327.0,2290.0,2292.5,1384
2018-06-13,2299.5,2299.5,2265.5,2279.0,1610
2018-06-14,2275.0,2280.0,2252.0,2252.5,1291
2018-06-15,2252.5,2258.0,2200.5,2212.5,1876
2018-06-18,2212.5,2228.5,2193.5,2228.0,1636
2018-06-19,2228.0,2229.5,2167.5,2179.0,1987
2018-06-20,2179.0,2198.5,2165.0,2175.0,1458
2018-06-21,2171.0,2193.0,2162.0,2187.5,1446
2018-06-22,2184.0,2188.5,2164.0,2176.5,1197
2018-06-25,2176.5,2185.5,2149.5,2149.5,1347
2018-06-26,2149.5,2195.0,2135.0,2194.0,1844
2018-06-27,2194.0,2203.5,2151.5,2165.0,2597
2018-06-28,2165.0,2177.0,2142.0,2153.0,1469
2018-06-29,2153.0,2168.5,2130.0,2132.0,1723
2018-07-02,2136.0,2142.0,2098.0,2114.0,2412
2018-07-03,2114.0,2135.0,2080.0,2090.0,2607
2018-07-04,2090.0,2118.0,2083.0,2103.0,1731
2018-07-05,2093.0,2112.0,2077.5,2080.0,2372
2018-07-06,2083.0,2095.0,2071.0,2086.5,1525
2018-07-09,2086.5,2134.5,2083.5,2103.5,1804
2018-07-10,2107.0,2126.5,2081.5,2085.5,2173
2018-07-11,2082.5,2086.5,2053.0,2060.5,2202
2018-07-12,2060.5,2080.0,2032.0,2041.5,2535
2018-07-13,2041.5,2058.0,2021.5,2036.0,1737
2018-07-16,2036.0,2074.0,2029.0,2062.5,2248
2018-07-17,2062.5,2132.0,2030.5,2031.5,2235
2018-07-18,2034.0,2045.0,2022.0,2035.5,1850
2018-07-19,2030.5,2052.0,2001.0,2006.0,2752
2018-07-20,2006.0,2047.0,2003.0,2042.5,3093
2018-07-23,2042.5,2081.0,2029.0,2065.0,3107
2018-07-24,2065.0,2114.0,2051.5,2078.5,3170
2018-07-25,2077.0,2087.5,2053.0,2064.0,2527
2018-07-26,2067.0,2092.0,2053.0,2068.0,2135
2018-07-27,2068.0,2079.0,2051.0,2053.0,1874
2018-07-30,2053.0,2095.0,2052.0,2077.5,1793
2018-07-31,2080.0,2094.0,2068.0,2078.0,2618
2018-08-01,2078.0,2080.0,2047.5,2052.0,1851
2018-08-02,2052.0,2063.0,2035.0,2037.5,2070
2018-08-03,2037.0,2049.0,2024.5,2027.5,1898
2018-08-06,2035.0,2053.0,2023.5,2053.0,1440
2018-08-07,2046.0,2067.0,2032.5,2033.0,1678
2018-08-08,2041.0,2117.5,2034.0,2116.5,2623
2018-08-09,2116.5,2147.5,2068.5,2069.0,3627
2018-08-10,2069.0,2117.0,2056.0,2078.5,3398
2018-08-13,2078.5,2094.0,2070.0,2080.0,1847
2018-08-14,2080.0,2089.5,2045.0,2069.5,2119
2018-08-15,2069.5,2069.5,2007.0,2022.0,2513
2018-08-16,2022.0,2056.0,2020.0,2038.0,2589
2018-08-17,2038.0,2052.0,2018.5,2032.0,1985
2018-08-20,2037.5,2084.5,2036.0,2058.5,2249
2018-08-21,2058.5,2078.0,2050.5,2064.5,1452
2018-08-22,2064.5,2080.5,2055.0,2065.0,1472
2018-08-23,2068.0,2075.0,2042.0,2070.0,1630
2018-08-24,2070.0,2109.0,2063.5,2084.0,1863
2018-08-28,2084.0,2142.0,2084.0,2133.0,2311
2018-08-29,2132.0,2178.0,2122.5,2157.0,3142
2018-08-30,2157.0,2177.0,2111.0,2128.0,2855
2018-08-31,2133.0,2153.5,2116.0,2118.0,2152
2018-09-03,2120.0,2124.0,2087.0,2089.5,1805
2018-09-04,2089.5,2105.0,2056.0,2063.0,2652
2018-09-05,2066.0,2087.0,2051.0,2060.0,2440
2018-09-06,2060.0,2083.0,2035.0,2046.5,2084
2018-09-07,2040.5,2080.0,2040.5,2063.0,2194
2018-09-10,2063.0,2109.0,2035.5,2077.0,2781
2018-09-11,2077.0,2095.0,2042.0,2050.0,2139
2018-09-12,2050.0,2079.0,2010.0,2057.5,3127
2018-09-13,2057.0,2080.0,2033.5,2044.5,2200
2018-09-14,2044.5,2064.5,2029.5,2034.0,1740
2018-09-17,2020.0,2043.0,2007.0,2033.5,2705
2018-09-18,2027.5,2056.5,2024.0,2029.0,2421
2018-09-19,2031.0,2047.0,2015.0,2030.0,1880
2018-09-20,2030.0,2061.0,2028.0,2056.5,1876
2018-09-21,2056.5,2098.0,2044.0,2081.0,2250
2018-09-24,2075.0,2092.0,2043.0,2044.0,1834
2018-09-25,2044.0,2073.5,2033.5,2064.5,1877
2018-09-26,2064.5,2090.0,2054.5,2055.0,1863
2018-09-27,2055.0,2063.0,2025.0,2025.0,1931
2018-09-28,2025.0,2085.0,2016.0,2054.0,3307
2018-10-01,2054.0,2085.0,2045.0,2082.0,1935
2018-10-02,2082.0,2133.5,2074.0,2110.0,3109
2018-10-03,2110.0,2245.0,2104.0,2245.0,3668
2018-10-04,2245.0,2267.0,2157.0,2173.0,4176
2018-10-05,2173.0,2192.0,2105.5,2105.5,3455
2018-10-08,2098.0,2098.0,2044.5,2068.0,3545
2018-10-09,2068.0,2073.5,2031.0,2056.5,2199
2018-10-10,2056.5,2066.0,2030.0,2037.5,1936
2018-10-11,2037.5,2044.5,2017.5,2025.0,2070
2018-10-12,2024.0,2059.0,2022.5,2030.5,1930
2018-10-15,2033.0,2054.5,2026.0,2033.0,2332
2018-10-16,2036.0,2039.5,2014.0,2037.5,2222
2018-10-17,2028.5,2044.5,2015.0,2023.5,2123
2018-10-18,2023.5,2029.5,2008.0,2008.0,2189
2018-10-19,2019.0,2026.0,1996.5,2006.5,1535
2018-10-22,2006.5,2032.0,2002.0,2010.0,1499
2018-10-23,2010.0,2017.0,1998.0,2003.0,1689
2018-10-24,2008.0,2017.0,1996.0,2004.0,1249
2018-10-25,2001.0,2008.5,1990.0,1990.5,1413
2018-10-26,1991.0,2006.0,1975.0,2006.0,1608
2018-10-29,2006.0,2006.0,1978.5,1980.5,1166
2018-10-30,1979.0,1989.0,1966.0,1966.5,1586
2018-10-31,1965.0,1981.0,1953.0,1955.0,1576
2018-11-01,1955.5,1998.5,1955.5,1970.5,2691
2018-11-02,1970.5,2005.5,1969.5,1978.0,2436
2018-11-05,1987.0,1991.0,1963.5,1974.5,1801
2018-11-06,1974.5,1984.0,1950.0,1954.0,1490
2018-11-07,1955.0,1993.5,1952.0,1985.5,1680
2018-11-08,1985.0,2002.0,1977.0,1981.0,0
2018-11-09,1985.5,1986.5,1954.0,1955.0,0
2018-11-12,1955.0,1963.0,1937.0,1937.0,1235
2018-11-13,1938.0,1961.0,1928.0,1937.5,0
2018-11-14,1936.0,1948.0,1933.0,1942.0,1525
2018-11-15,1942.5,1964.5,1925.0,1938.0,1932
2018-11-16,1938.0,1950.0,1930.5,1947.0,1461
2018-11-19,1947.0,1953.0,1928.5,1931.5,1697
2018-11-20,1931.5,1946.0,1931.0,1942.0,1779
2018-11-21,1942.0,1960.5,1940.0,1954.5,1570
2018-11-22,1955.0,1963.0,1945.5,1948.5,885
2018-11-23,1948.5,1954.0,1931.0,1942.0,1371
2018-11-26,1942.0,1951.5,1928.5,1949.0,1341
2018-11-27,1949.0,1949.0,1918.0,1924.5,1117
2018-11-28,1924.5,1939.0,1917.0,1937.5,1028
2018-11-29,1937.5,1948.5,1931.0,1933.5,1287
2018-11-30,1933.0,1959.0,1930.0,1950.0,1680
2018-12-03,1960.0,1996.0,1960.0,1974.0,2536
2018-12-04,1971.0,1985.0,1963.0,1970.0,2100
2018-12-05,1972.0,1975.5,1966.5,1973.0,1349
2018-12-06,1973.0,1973.0,1933.5,1941.0,2054
2018-12-07,1941.0,1977.0,1941.0,1963.0,1684
2018-12-10,1963.0,1963.0,1935.0,1947.0,1324
2018-12-11,1942.0,1965.0,1931.0,1936.0,2019
2018-12-12,1936.0,1942.5,1930.0,1936.0,1270
2018-12-13,1936.0,1946.0,1922.5,1930.0,1374
2018-12-14,1930.0,1936.0,1918.0,1925.5,1034
2018-12-17,1925.5,1942.0,1920.0,1936.0,1388
2018-12-18,1936.0,1953.5,1924.0,1926.5,1304
2018-12-19,1926.5,1934.0,1906.5,1908.0,1499
2018-12-20,1910.0,1935.0,1905.5,1915.5,2116
2018-12-21,1915.5,1923.5,1904.0,1907.0,1382
2018-12-24,1910.0,1913.0,1881.5,1883.0,1019
2018-12-25,1910.0,1913.0,1881.5,1883.0,1019
2018-12-27,1890.0,1912.0,1850.0,1860.0,1833
2018-12-28,1860.0,1874.0,1831.5,1847.5,1816
2018-12-31,1849.0,1856.0,1830.0,1853.0,1140
2019-01-01,1853.0,1853.0,1853.0,1853.0,1
2019-01-02,1853.0,1865.0,1786.0,1794.5,2427
2019-01-03,1794.5,1849.0,1785.5,1848.5,2580
2019-01-04,1848.5,1881.0,1836.5,1868.0,2472
2019-01-07,1868.0,1885.0,1862.0,1878.0,1453
2019-01-08,1878.0,1878.0,1853.5,1858.5,1573
2019-01-09,1858.5,1881.5,1837.5,1853.0,1839
2019-01-10,1853.0,1867.0,1845.0,1852.0,1365
2019-01-11,1852.0,1865.0,1831.0,1833.5,1296
2019-01-14,1833.5,1843.5,1807.5,1830.0,1822
2019-01-15,1830.0,1862.0,1828.5,1851.5,1878
2019-01-16,1851.5,1880.0,1836.0,1841.5,1953
2019-01-17,1841.0,1864.5,1822.5,1852.0,2070
2019-01-18,1852.0,1879.5,1850.5,1870.0,1740
2019-01-21,1870.0,1886.0,1846.0,1849.5,1283
2019-01-22,1849.5,1896.5,1847.0,1893.0,2738
2019-01-23,1893.0,1917.0,1885.0,1896.0,2391
2019-01-24,1896.0,1904.5,1867.0,1885.5,2118
2019-01-25,1885.5,1920.0,1881.5,1905.0,1819
2019-01-28,1905.0,1914.5,1863.0,1868.0,1884
2019-01-29,1868.0,1901.0,1863.0,1898.0,1720
2019-01-30,1898.0,1911.0,1887.0,1905.0,1771
2019-01-31,1905.0,1921.0,1898.5,1906.5,1674
2019-02-01,1909.0,1911.0,1873.5,1875.0,1735
2019-02-04,1875.0,1921.0,1868.5,1920.5,2749
2019-02-05,1920.5,1935.5,1914.0,1924.5,1799
2019-02-06,1930.0,1936.0,1905.0,1908.0,1403
2019-02-07,1908.0,1911.5,1886.5,1893.5,1444
2019-02-08,1893.5,1907.0,1876.0,1878.0,1246
2019-02-11,1878.0,1886.0,1862.0,1878.0,1575
2019-02-12,1880.0,1883.0,1854.0,1855.0,1303
2019-02-13,1860.0,1877.0,1854.5,1865.0,1806
2019-02-14,1865.0,1867.5,1846.0,1849.5,1304
2019-02-15,1854.0,1874.5,1851.5,1855.5,1369
2019-02-18,1855.5,1868.0,1847.0,1854.0,1186
2019-02-19,1854.0,1871.0,1846.0,1857.0,1890
2019-02-20,1855.0,1876.5,1855.0,1876.0,1194
2019-02-21,1870.0,1908.5,1870.0,1906.5,1745
2019-02-22,1906.5,1925.0,1897.0,1914.5,1542
2019-02-25,1915.0,1925.0,1903.0,1903.0,1438
2019-02-26,1907.0,1917.0,1891.0,1917.0,1440
2019-02-27,1917.0,1930.0,1912.0,1922.0,1272
2019-02-28,1922.0,1922.5,1905.0,1905.0,1308
2019-03-01,1905.0,1918.5,1898.5,1910.5,1919
2019-03-04,1910.5,1919.0,1861.0,1872.0,2684
2019-03-05,1875.0,1893.0,1871.0,1871.0,1260
2019-03-06,1871.0,1878.0,1860.0,1862.5,995
2019-03-07,1862.5,1868.5,1857.0,1863.0,998
2019-03-08,1863.0,1888.5,1859.0,1865.0,1311
2019-03-11,1865.0,1876.0,1845.0,1851.0,1559
2019-03-12,1855.5,1881.5,1855.5,1877.0,1454
2019-03-13,1877.5,1909.0,1873.5,1904.0,1790
2019-03-14,1903.5,1913.5,1893.0,1906.0,1461
2019-03-15,1902.0,1914.0,1887.0,1901.0,1315
2019-03-18,1896.0,1928.5,1880.5,1924.5,1687
2019-03-19,1924.5,1946.0,1919.0,1940.5,1850
2019-03-20,1940.0,1951.0,1931.0,1934.5,1504
2019-03-21,1932.5,1944.5,1896.0,1903.5,1812
2019-03-22,1903.5,1912.5,1880.0,1901.5,2198
2019-03-25,1902.5,1902.5,1879.0,1886.0,1260
2019-03-26,1885.0,1904.0,1874.5,1899.5,1209
2019-03-27,1902.0,1919.5,1893.5,1902.0,1650
2019-03-28,1903.0,1915.0,1896.0,1904.0,1673
2019-03-29,1905.0,1925.0,1896.5,1913.5,1850
2019-04-01,1912.0,1931.0,1890.0,1892.0,2375
2019-04-02,1892.0,1900.5,1881.0,1883.5,1561
2019-04-03,1883.5,1904.5,1880.0,1895.5,1717
2019-04-04,1895.5,1909.0,1887.5,1909.0,1205
2019-04-05,1909.0,1915.0,1880.0,1882.5,1284
2019-04-08,1882.5,1895.5,1866.0,1873.0,1458
2019-04-09,1872.0,1883.0,1867.0,1879.0,1537
2019-04-10,1879.0,1885.5,1862.0,1866.5,1188
2019-04-11,1866.5,1870.0,1854.0,1859.0,1091
2019-04-12,1859.0,1872.0,1846.0,1864.0,1659
2019-04-15,1864.0,1868.0,1851.0,1863.0,1419
2019-04-16,1863.0,1869.0,1850.0,1853.5,1225
2019-04-17,1856.0,1872.5,1850.0,1852.5,1382
2019-04-18,1852.0,1869.5,1844.5,1868.0,1379
2019-04-19,1852.0,1869.5,1844.5,1868.0,1379
2019-04-22,1868.0,1868.0,1868.0,1868.0,1
2019-04-23,1869.0,1886.0,1865.5,1876.0,1817
2019-04-24,1873.0,1877.5,1865.0,1871.5,1123
2019-04-25,1871.0,1876.0,1855.0,1858.5,926
2019-04-26,1858.5,1864.5,1836.0,1846.5,1259
2019-04-29,1846.0,1847.0,1826.0,1828.0,1176
2019-04-30,1828.0,1830.0,1795.0,1804.5,2337
2019-05-01,1804.5,1826.5,1785.0,1825.5,1998
2019-05-02,1825.5,1839.0,1807.0,1818.0,2477
2019-05-03,1818.0,1829.0,1795.5,1799.0,1701
2019-05-07,1805.0,1820.5,1792.0,1818.0,1904
2019-05-08,1818.0,1836.5,1793.0,1799.0,1859
2019-05-09,1800.0,1810.0,1784.0,1806.5,1483
2019-05-10,1810.0,1821.0,1795.0,1815.0,1469
2019-05-13,1815.0,1815.0,1795.5,1810.5,1579
2019-05-14,1810.5,1846.5,1807.0,1839.0,1669
2019-05-15,1839.0,1856.0,1827.5,1851.5,1754
2019-05-16,1850.0,1871.0,1847.5,1855.0,1983
2019-05-17,1855.0,1855.5,1826.5,1831.5,1420
2019-05-20,1831.5,1836.0,1787.0,1789.5,1556
2019-05-21,1789.5,1804.5,1784.5,1793.5,1540
2019-05-22,1793.5,1801.0,1776.5,1781.0,1346
2019-05-23,1781.0,1798.5,1765.5,1796.0,1445
2019-05-24,1795.0,1808.0,1793.5,1802.0,977
2019-05-28,1802.0,1814.5,1799.0,1803.0,1307
2019-05-29,1803.0,1807.0,1794.0,1796.0,1039
2019-05-30,1796.0,1798.0,1778.0,1781.0,1063
2019-05-31,1781.0,1811.5,1781.0,1794.0,1767
2019-06-03,1794.0,1801.5,1770.0,1773.0,15698
2019-06-04,1773.0,1778.5,1771.5,1774.5,504
2019-06-05,1786.0,1803.5,1767.5,1770.0,1587
2019-06-06,1770.0,1789.0,1765.0,1776.5,1235
2019-06-07,1774.5,1781.5,1757.0,1761.5,1215
2019-06-10,1760.5,1778.5,1752.5,1775.5,1036
2019-06-11,1778.0,1797.5,1774.5,1778.0,1281
2019-06-12,1778.0,1792.0,1768.0,1788.0,1203
2019-06-13,1790.0,1795.0,1776.5,1786.0,7237
2019-06-14,1786.0,1787.5,1758.0,1758.0,8544
2019-06-17,1760.0,1763.5,1745.0,1757.5,9915
2019-06-18,1756.0,1780.5,1756.0,1778.0,10093
2019-06-19,1778.0,1788.0,1773.5,1776.5,9409
2019-06-20,1785.0,1807.5,1779.5,1780.0,15709
2019-06-21,1782.0,1788.0,1763.0,1767.5,9290
2019-06-24,1769.0,1802.0,1766.5,1769.0,11364
2019-06-25,1800.0,1821.5,1795.0,1812.0,13590
2019-06-26,1813.0,1838.0,1806.5,1814.0,16190
2019-06-27,1815.0,1825.0,1788.0,1797.0,11737
2019-06-28,1798.0,1812.5,1789.5,1793.0,11068
2019-07-01,1799.0,1811.0,1790.5,1791.5,12166
2019-07-02,1794.0,1798.5,1771.5,1779.0,10851
2019-07-03,1777.0,1793.0,1774.0,1788.0,9195
2019-07-04,1788.0,1810.0,1786.0,1809.0,6569
2019-07-05,1807.5,1810.5,1791.0,1802.0,6634
2019-07-08,1805.0,1810.0,1796.0,1804.5,7741
2019-07-09,1805.5,1821.0,1798.0,1818.5,11024
2019-07-10,1818.5,1852.5,1815.5,1850.0,18383
2019-07-11,1850.0,1850.5,1821.0,1821.0,15447
2019-07-12,1821.0,1829.0,1808.0,1828.0,11373
2019-07-15,1823.5,1843.0,1822.5,1842.0,11789
2019-07-16,1842.0,1856.5,1835.0,1842.5,13291
2019-07-17,1844.0,1848.0,1836.0,1847.0,8407
2019-07-18,1845.0,1857.0,1838.0,1849.5,10233
2019-07-19,1849.0,1866.0,1845.0,1846.5,13103
2019-07-22,1846.0,1847.5,1813.0,1813.5,12792
2019-07-23,1816.0,1827.0,1809.5,1821.0,10592
2019-07-24,1814.0,1833.0,1814.0,1824.5,6217
2019-07-25,1827.0,1832.0,1818.0,1825.0,6327
2019-07-26,1825.0,1828.0,1794.0,1803.0,12785
2019-07-29,1806.5,1816.5,1796.0,1811.5,8682
2019-07-30,1815.0,1819.5,1801.0,1802.0,8087
2019-07-31,1802.0,1815.5,1796.0,1799.0,10354
2019-08-01,1798.0,1799.0,1776.0,1776.0,15397
2019-08-02,1775.0,1784.0,1770.0,1773.0,13664
2019-08-05,1774.0,1777.5,1760.0,1765.0,15225
2019-08-06,1765.5,1773.0,1759.5,1762.0,11211
2019-08-07,1761.0,1767.5,1745.5,1759.0,14490
2019-08-08,1756.0,1783.0,1755.0,1777.5,11486
2019-08-09,1776.5,1784.0,1770.0,1774.0,8085
2019-08-12,1775.0,1793.0,1765.5,1768.0,11439
2019-08-13,1769.0,1793.0,1761.5,1785.5,12417
2019-08-14,1786.5,1789.0,1769.0,1784.5,11714
2019-08-15,1779.5,1787.5,1772.5,1784.0,8297
2019-08-16,1782.0,1805.5,1781.0,1795.5,12377
2019-08-19,1795.5,1807.5,1788.5,1791.5,8867
2019-08-20,1794.0,1798.5,1773.0,1781.0,8782
2019-08-21,1785.0,1790.5,1774.5,1778.0,7732
2019-08-22,1780.0,1782.5,1762.0,1767.0,9976
2019-08-23,1769.0,1779.0,1764.0,1767.5,8967
2019-08-27,1768.5,1776.5,1758.0,1759.5,9958
2019-08-28,1762.0,1763.0,1746.5,1748.0,11212
2019-08-29,1749.5,1755.5,1734.0,1754.0,14269
2019-08-30,1754.5,1757.0,1736.5,1755.5,9832
2019-09-02,1756.0,1757.0,1742.0,1748.5,7434
2019-09-03,1749.0,1755.0,1736.5,1754.5,13905
2019-09-04,1753.0,1779.0,1751.5,1769.5,13488
2019-09-05,1772.5,1793.0,1765.0,1791.0,15065
2019-09-06,1787.5,1794.5,1775.0,1782.0,10637
2019-09-09,1785.0,1803.5,1777.5,1799.0,11387
2019-09-10,1798.0,1825.0,1796.0,1821.5,14681
2019-09-11,1819.0,1830.0,1815.5,1816.0,14583
2019-09-12,1820.0,1826.0,1792.0,1793.0,15372
2019-09-13,1796.0,1814.5,1792.0,1808.5,10786
2019-09-16,1810.5,1818.5,1787.0,1787.0,14617
2019-09-17,1788.5,1794.0,1778.0,1793.0,11600
2019-09-18,1792.0,1798.0,1780.5,1791.5,9770
2019-09-19,1791.0,1803.0,1783.0,1794.0,8914
2019-09-20,1795.5,1801.0,1785.5,1785.5,7960
2019-09-23,1788.5,1791.0,1777.0,1784.5,8659
2019-09-24,1785.5,1787.0,1760.0,1762.0,11450
2019-09-25,1763.0,1766.5,1750.0,1752.0,11828
2019-09-26,1752.0,1756.5,1737.0,1738.0,11055
2019-09-27,1739.5,1744.0,1721.5,1739.5,16278
2019-09-30,1740.0,1748.0,1718.0,1718.0,12458
2019-10-01,1719.0,1743.0,1713.5,1742.0,15238
2019-10-02,1742.0,1744.0,1706.0,1710.5,14648
2019-10-03,1712.5,1719.5,1705.0,1718.0,11406
2019-10-04,1718.5,1728.0,1712.0,1726.0,8876
2019-10-07,1726.5,1751.0,1714.0,1748.5,10544
2019-10-08,1744.0,1760.0,1738.0,1743.5,9579
2019-10-09,1745.0,1749.0,1734.5,1743.5,8261
2019-10-10,1742.5,1758.0,1738.5,1749.0,8292
2019-10-11,1754.0,1754.0,1720.0,1721.0,11618
2019-10-14,1724.5,1729.0,1710.0,1719.0,9881
2019-10-15,1719.5,1732.0,1710.5,1727.0,10765
2019-10-16,1726.5,1732.0,1714.0,1725.0,9401
2019-10-17,1727.0,1733.0,1722.0,1728.0,8063
2019-10-18,1727.0,1743.0,1723.0,1735.5,9159
2019-10-21,1736.0,1745.0,1721.0,1723.5,8249
2019-10-22,1724.5,1730.0,1716.0,1718.5,8000
2019-10-23,1717.5,1733.5,1715.5,1725.0,7846
2019-10-24,1729.5,1730.0,1717.0,1717.0,5280
2019-10-25,1717.5,1734.0,1717.0,1732.0,6433
2019-10-28,1731.5,1740.0,1728.0,1736.5,5785
2019-10-29,1735.5,1755.0,1734.5,1751.0,9185
2019-10-30,1752.0,1763.5,1745.0,1751.0,10532
2019-10-31,1753.0,1759.0,1733.0,1756.5,12727
2019-11-01,1759.5,1790.0,1752.5,1789.0,18725
2019-11-04,1784.0,1816.0,1777.0,1810.0,23759
2019-11-05,1810.0,1818.0,1806.0,1807.5,17044
2019-11-06,1806.5,1815.0,1796.0,1803.0,15016
2019-11-07,1804.0,1819.0,1797.0,1810.0,14125
2019-11-08,1812.0,1822.0,1806.0,1807.0,11275
2019-11-11,1809.5,1810.5,1778.0,1778.0,14075
2019-11-12,1779.5,1786.0,1765.0,1779.0,12605
2019-11-13,1778.5,1783.5,1762.0,1765.5,8946
2019-11-14,1767.0,1772.0,1742.5,1747.0,13800
2019-11-15,1750.0,1757.5,1733.0,1756.0,18182
2019-11-18,1757.0,1761.0,1736.0,1736.5,12797
2019-11-19,1738.0,1745.5,1728.0,1734.5,14895
2019-11-20,1736.0,1747.0,1732.0,1742.0,10416
2019-11-21,1742.0,1747.0,1733.0,1742.0,8612
2019-11-22,1744.0,1745.0,1735.5,1738.5,6639
2019-11-25,1738.5,1746.0,1733.0,1740.5,5870
2019-11-26,1739.0,1760.0,1735.5,1758.5,8924
2019-11-27,1760.0,1775.0,1755.0,1771.5,10642
2019-11-28,1769.0,1770.5,1752.5,1757.5,6312
2019-11-29,1759.5,1770.0,1751.5,1760.0,9905
2019-12-02,1763.0,1793.0,1752.5,1790.0,14907
2019-12-03,1790.0,1795.0,1761.0,1767.0,15969
2019-12-04,1762.0,1773.0,1748.0,1757.5,11276
2019-12-05,1759.5,1763.5,1743.5,1747.5,7906
2019-12-06,1749.0,1764.5,1735.0,1761.0,11537
2019-12-09,1763.5,1773.5,1756.0,1759.0,10369
2019-12-10,1759.5,1767.0,1749.0,1752.0,7861
2019-12-11,1754.0,1764.0,1751.0,1759.5,7007
2019-12-12,1760.0,1779.5,1759.0,1771.5,9963
2019-12-13,1775.0,1782.5,1762.5,1764.5,10627
2019-12-16,1767.5,1784.0,1763.5,1776.0,8609
2019-12-17,1775.5,1779.0,1761.5,1764.0,9837
2019-12-18,1766.5,1783.0,1766.0,1780.0,8877
2019-12-19,1781.5,1802.5,1776.5,1800.0,11240
2019-12-20,1803.0,1805.0,1793.0,1800.5,12805
2019-12-23,1801.0,1810.0,1793.5,1805.5,8707
2019-12-24,1806.0,1819.0,1805.0,1817.0,9509
2019-12-27,1814.0,1825.0,1806.5,1822.0,13234
2019-12-30,1817.0,1830.0,1815.0,1823.5,11582
2019-12-31,1824.0,1830.0,1803.0,1803.0,11074
2020-01-02,1805.5,1817.0,1786.0,1800.0,16929
2020-01-03,1804.0,1829.5,1788.5,1819.0,16416
2020-01-06,1818.0,1835.0,1809.5,1832.0,15558
2020-01-07,1832.0,1833.5,1813.0,1817.5,11937
2020-01-08,1815.0,1823.0,1791.5,1799.5,16326
2020-01-09,1798.0,1817.0,1794.0,1802.0,12775
2020-01-10,1804.0,1813.0,1796.0,1809.5,10290
2020-01-13,1811.5,1811.5,1788.5,1795.5,12720
2020-01-14,1797.0,1810.5,1792.0,1808.5,9894
2020-01-15,1808.0,1812.0,1798.5,1800.0,11867
2020-01-16,1799.0,1818.0,1799.0,1808.0,9983
2020-01-17,1809.5,1815.0,1803.0,1804.0,8071
2020-01-20,1805.0,1818.0,1802.0,1815.5,7855
2020-01-21,1816.5,1827.0,1805.0,1825.0,14054
2020-01-22,1824.5,1834.0,1808.0,1809.5,13305
2020-01-23,1810.0,1811.5,1787.0,1794.0,15085
2020-01-24,1793.5,1796.5,1780.5,1782.5,10314
2020-01-27,1784.0,1784.0,1763.0,1766.5,17926
2020-01-28,1764.5,1772.0,1752.0,1752.0,16701
2020-01-29,1755.0,1758.0,1732.5,1739.5,17934
2020-01-30,1739.5,1746.0,1728.0,1728.5,16210
2020-01-31,1731.0,1737.0,1714.0,1725.0,18884
2020-02-03,1729.5,1737.0,1686.0,1697.0,26141
2020-02-04,1698.5,1721.0,1685.0,1698.0,27908
2020-02-05,1697.0,1728.0,1696.0,1723.0,18697
2020-02-06,1723.5,1751.0,1714.0,1739.5,14770
2020-02-07,1740.5,1746.0,1706.5,1718.5,13610
2020-02-10,1721.5,1732.0,1697.5,1705.5,12472
2020-02-11,1709.0,1742.0,1709.0,1737.5,13719
2020-02-12,1735.5,1740.5,1728.5,1733.5,10267
2020-02-13,1730.0,1755.0,1723.5,1752.0,12679
2020-02-14,1751.5,1751.5,1720.0,1720.0,9284
2020-02-17,1722.5,1726.5,1706.5,1717.0,10888
2020-02-18,1718.0,1727.0,1707.0,1721.0,9014
2020-02-19,1720.0,1725.0,1710.5,1723.5,7324
2020-02-20,1723.0,1724.5,1708.0,1712.0,5772
2020-02-21,1713.0,1718.0,1701.0,1711.0,7866
2020-02-24,1709.0,1710.5,1691.5,1697.5,10287
2020-02-25,1700.0,1715.0,1697.0,1702.0,9067
2020-02-26,1702.5,1707.0,1690.5,1700.0,9832
2020-02-27,1699.5,1700.5,1682.5,1689.0,12248
2020-02-28,1689.0,1705.0,1665.0,1699.0,24065
2020-03-02,1687.0,1719.5,1684.0,1716.0,18609
2020-03-03,1716.5,1734.0,1712.5,1727.0,20058
2020-03-04,1728.5,1734.0,1717.0,1723.5,10693
2020-03-05,1726.0,1733.0,1717.0,1717.0,8861
2020-03-06,1718.0,1718.5,1682.5,1685.5,15980
2020-03-09,1678.0,1694.0,1644.0,1688.5,27946
2020-03-10,1687.0,1714.0,1677.0,1700.0,21265
2020-03-11,1700.0,1701.0,1671.0,1672.0,18585
2020-03-12,1669.0,1675.0,1652.0,1660.0,21034
2020-03-13,1660.0,1712.5,1650.0,1687.5,26474
2020-03-16,1685.5,1691.0,1654.0,1681.0,22838
2020-03-17,1680.5,1684.5,1639.0,1643.0,24060
2020-03-18,1650.0,1651.5,1613.0,1635.5,30079
2020-03-19,1645.0,1645.0,1579.5,1628.5,32518
2020-03-20,1628.5,1640.0,1575.0,1577.5,22448
2020-03-23,1575.0,1580.0,1538.5,1558.5,35564
2020-03-24,1563.5,1579.0,1543.0,1552.5,14441
2020-03-25,1554.5,1569.5,1535.0,1546.5,14809
2020-03-26,1550.0,1550.0,1528.0,1540.0,13456
2020-03-27,1543.0,1556.5,1535.0,1550.0,14434
2020-03-30,1548.0,1549.5,1522.0,1528.0,13601
2020-03-31,1529.0,1537.0,1507.0,1525.5,15645
2020-04-01,1527.0,1529.5,1483.5,1494.5,16638
2020-04-02,1495.5,1507.0,1481.0,1504.0,16716
2020-04-03,1501.0,1505.0,1479.0,1479.0,9442
2020-04-06,1480.0,1485.0,1459.5,1473.5,10897
2020-04-07,1475.0,1500.0,1475.0,1478.0,16274
2020-04-08,1479.0,1485.5,1455.0,1468.5,14462
2020-04-09,1468.5,1488.0,1465.0,1481.0,13533
2020-04-14,1490.5,1510.0,1490.0,1491.5,7003
2020-04-15,1512.0,1529.0,1503.0,1508.5,14017
2020-04-16,1512.5,1523.0,1507.5,1513.0,11325
2020-04-17,1517.0,1534.0,1503.5,1505.5,15376
2020-04-20,1505.0,1520.0,1487.0,1503.5,15191
2020-04-21,1501.5,1504.5,1479.5,1490.0,13374
2020-04-22,1490.5,1523.5,1486.5,1520.0,12013
2020-04-23,1520.0,1530.0,1503.0,1510.0,11066
2020-04-24,1510.5,1519.0,1504.5,1514.5,9242
2020-04-27,1511.0,1523.0,1502.5,1505.0,9582
2020-04-28,1508.0,1517.0,1497.0,1504.0,15139
2020-04-29,1504.0,1515.5,1501.0,1504.0,12297
2020-04-30,1506.0,1513.0,1485.0,1495.0,17696
2020-05-01,1494.0,1494.0,1473.5,1483.0,11061
2020-05-04,1482.5,1486.5,1472.0,1484.0,9226
2020-05-05,1484.5,1490.5,1475.0,1489.0,10582
2020-05-06,1488.0,1496.5,1477.0,1480.0,13714
2020-05-07,1480.5,1494.0,1479.0,1490.0,13550
2020-05-11,1487.5,1500.0,1487.5,1496.5,12522
2020-05-12,1496.0,1499.5,1475.5,1478.0,10738
2020-05-13,1478.5,1486.0,1471.0,1476.0,10395
2020-05-14,1475.5,1482.0,1467.5,1475.0,11916
2020-05-15,1476.0,1485.0,1460.0,1460.0,10718
2020-05-18,1463.0,1500.0,1463.0,1499.0,18311
2020-05-19,1500.0,1502.0,1482.5,1487.5,12293
2020-05-20,1485.5,1515.0,1484.5,1513.0,15144
2020-05-21,1513.0,1524.5,1507.0,1521.0,15590
2020-05-22,1520.5,1521.5,1493.0,1503.0,11744
2020-05-26,1507.0,1524.0,1503.5,1521.5,11174
2020-05-27,1520.0,1534.0,1516.5,1529.0,16158
2020-05-28,1528.0,1541.0,1523.0,1538.0,12477
2020-05-29,1538.0,1549.0,1531.0,1547.0,16006
2020-06-01,1548.0,1552.0,1534.5,1537.0,14404
2020-06-02,1536.0,1559.0,1526.0,1557.5,17665
2020-06-03,1554.0,1570.0,1546.0,1565.0,13907
2020-06-04,1565.5,1577.5,1554.0,1563.0,13106
2020-06-05,1560.0,1595.0,1560.0,1592.0,17445
2020-06-08,1595.0,1614.5,1589.0,1605.0,16333
2020-06-09,1606.5,1614.5,1587.0,1602.5,11936
2020-06-10,1603.0,1640.0,1602.0,1627.0,21835
2020-06-11,1627.0,1629.5,1592.5,1594.0,15308
2020-06-12,1592.5,1598.5,1576.0,1576.0,14737
2020-06-15,1575.0,1588.0,1564.5,1586.5,14073
2020-06-16,1587.5,1613.5,1586.0,1602.0,18060
2020-06-17,1602.5,1613.5,1591.0,1607.0,11397
2020-06-18,1607.0,1615.5,1599.5,1599.5,8329
2020-06-19,1600.0,1605.5,1584.0,1585.0,9518
2020-06-22,1592.0,1605.5,1581.5,1600.5,10285
2020-06-23,1600.0,1603.5,1590.0,1591.0,10080
2020-06-24,1590.0,1598.0,1569.5,1575.5,10741
2020-06-25,1575.5,1578.5,1562.0,1571.0,9648
2020-06-26,1571.5,1608.5,1571.0,1597.5,14278
2020-06-29,1597.5,1614.5,1597.0,1612.0,12002
2020-06-30,1613.0,1626.0,1607.0,1616.5,14869
2020-07-01,1617.5,1627.0,1609.5,1623.5,14171
2020-07-02,1624.0,1630.0,1613.0,1624.0,12060
2020-07-03,1623.5,1626.0,1612.0,1612.0,7413
2020-07-06,1615.5,1636.0,1613.5,1634.0,10416
2020-07-07,1634.5,1639.0,1625.5,1635.0,10263
2020-07-08,1633.0,1674.0,1633.0,1665.0,19882
2020-07-09,1666.0,1695.5,1649.0,1649.0,19397
2020-07-10,1649.5,1692.0,1649.5,1687.5,13863
2020-07-13,1690.5,1705.0,1685.0,1689.0,18278
2020-07-14,1688.5,1692.0,1672.5,1682.5,13751
2020-07-15,1683.0,1692.0,1673.5,1677.0,11042
2020-07-16,1679.0,1682.0,1656.0,1668.0,13979
2020-07-17,1669.0,1669.5,1652.0,1663.0,8984
2020-07-20,1661.0,1670.0,1654.0,1662.5,9883
2020-07-21,1665.0,1702.0,1665.0,1699.0,12600
2020-07-22,1699.0,1703.0,1675.0,1688.0,13790
2020-07-23,1689.0,1709.0,1682.5,1706.5,11776
2020-07-24,1706.0,1706.0,1685.5,1696.0,13633
2020-07-27,1696.5,1710.0,1696.5,1709.5,7818
2020-07-28,1710.0,1728.0,1705.5,1725.5,11082
2020-07-29,1724.0,1730.0,1717.5,1727.0,9454
2020-07-30,1727.0,1731.5,1711.0,1723.5,11772
2020-07-31,1724.5,1730.5,1704.5,1708.0,17216
2020-08-03,1709.5,1754.0,1704.5,1744.5,23468
2020-08-04,1747.0,1771.0,1740.5,1766.5,16868
2020-08-05,1768.0,1782.5,1758.0,1758.5,16735
2020-08-06,1759.0,1781.5,1756.0,1776.5,12873
2020-08-07,1782.0,1783.0,1757.0,1757.0,12251
2020-08-10,1761.0,1790.0,1751.0,1781.5,12130
2020-08-11,1777.5,1792.5,1772.0,1785.5,13790
2020-08-12,1782.5,1792.0,1776.0,1784.5,10696
2020-08-13,1785.0,1791.5,1756.0,1761.5,13025
2020-08-14,1765.0,1773.0,1740.5,1741.0,10182
2020-08-17,1743.0,1763.5,1743.0,1757.0,11182
2020-08-18,1757.5,1785.0,1757.0,1773.0,11201
2020-08-19,1773.5,1798.0,1770.0,1791.0,13434
2020-08-20,1786.0,1804.5,1778.0,1783.0,14024
2020-08-21,1785.0,1798.5,1759.0,1766.5,14738
2020-08-24,1768.0,1782.0,1766.0,1768.5,8854
2020-08-25,1770.0,1780.0,1765.0,1777.5,8123
2020-08-26,1780.0,1787.0,1776.0,1777.0,8549
2020-08-27,1776.0,1784.0,1762.0,1777.5,9813
2020-08-28,1777.0,1806.0,1776.5,1798.0,14391
2020-09-01,1803.0,1824.0,1801.0,1818.5,17508
2020-09-02,1818.0,1823.0,1784.0,1789.0,19301
2020-09-03,1791.0,1799.0,1769.5,1776.0,12955
2020-09-04,1776.0,1794.0,1773.5,1790.0,9490
2020-09-07,1792.0,1809.0,1788.5,1795.0,7507
2020-09-08,1795.5,1802.0,1775.0,1795.0,11274
2020-09-09,1793.5,1794.0,1773.5,1783.0,10838
2020-09-10,1784.0,1794.0,1766.5,1778.0,11260
2020-09-11,1779.0,1790.0,1771.5,1775.0,8996
2020-09-14,1778.0,1805.0,1775.5,1801.5,13069
2020-09-15,1801.0,1810.5,1787.0,1793.0,11191
2020-09-16,1793.0,1804.5,1789.5,1792.0,9254
2020-09-17,1793.0,1795.5,1779.5,1781.0,10425
2020-09-18,1782.5,1796.0,1782.5,1795.0,10554
2020-09-21,1794.5,1804.0,1775.5,1780.5,12698
2020-09-22,1782.0,1792.5,1774.5,1778.5,10614
2020-09-23,1778.0,1778.5,1751.5,1754.5,16166
2020-09-24,1751.5,1756.0,1726.0,1747.5,18833
2020-09-25,1750.0,1763.0,1744.0,1759.5,12953
2020-09-28,1760.5,1784.5,1757.0,1783.0,12533
2020-09-29,1784.5,1785.5,1772.0,1777.0,11057
2020-09-30,1778.0,1784.0,1762.0,1763.0,14200
2020-10-01,1767.0,1769.0,1730.5,1736.5,15070
2020-10-02,1738.5,1774.5,1725.0,1759.0,18994
2020-10-05,1760.0,1782.5,1759.0,1779.5,10399
2020-10-06,1779.5,1789.0,1760.0,1768.5,12173
2020-10-07,1765.0,1793.0,1764.0,1785.0,11166
2020-10-08,1784.0,1808.0,1783.5,1799.0,12075
2020-10-09,1802.0,1855.5,1801.0,1845.0,21087
2020-10-12,1843.0,1856.5,1837.0,1855.0,14205
2020-10-13,1854.5,1858.5,1844.5,1852.5,12823
2020-10-14,1852.0,1858.5,1843.5,1845.0,11312
2020-10-15,1844.0,1856.0,1833.5,1854.5,11630
2020-10-16,1854.5,1872.5,1851.0,1863.0,14596
2020-10-19,1863.0,1868.0,1842.0,1843.5,12376
2020-10-20,1845.0,1853.0,1830.0,1839.5,13302
2020-10-21,1840.0,1859.5,1839.0,1847.0,11026
2020-10-22,1847.0,1850.0,1837.0,1848.0,7573
2020-10-23,1848.0,1849.0,1836.5,1842.0,7538
2020-10-26,1844.5,1849.0,1821.5,1821.5,10955
2020-10-27,1824.0,1835.0,1812.0,1818.5,10466
2020-10-28,1819.0,1823.0,1802.5,1809.5,12400
2020-10-29,1813.0,1817.0,1793.0,1804.0,12182
2020-10-30,1803.5,1852.5,1799.0,1848.0,16376
2020-11-02,1844.5,1875.0,1834.5,1871.0,14758
2020-11-03,1870.0,1907.0,1862.5,1893.0,19475
2020-11-04,1891.0,1913.0,1854.5,1907.0,20186
2020-11-05,1907.5,1907.5,1885.0,1892.5,12592
2020-11-06,1894.0,1915.0,1891.5,1899.0,11831
2020-11-09,1905.0,1935.0,1889.0,1901.0,16877
2020-11-10,1900.0,1913.5,1893.0,1911.0,10022
2020-11-11,1910.0,1929.5,1910.0,1915.5,11415
2020-11-12,1917.0,1935.5,1915.0,1927.5,9254
2020-11-13,1924.0,1943.5,1922.0,1932.5,9978
2020-11-16,1938.0,1958.5,1936.0,1951.0,13109
2020-11-17,1953.0,1982.0,1947.0,1979.5,13811
2020-11-18,1978.0,2000.0,1972.0,1989.5,13965
2020-11-19,1989.5,1996.5,1981.0,1987.5,9970
2020-11-20,1988.0,2003.5,1984.0,1987.0,11937
2020-11-23,1989.0,1996.5,1966.0,1967.0,11810
2020-11-24,1968.5,1990.0,1968.5,1985.5,11742
2020-11-25,1987.0,1998.0,1966.0,1967.0,13651
2020-11-26,1970.0,1985.0,1968.5,1975.5,9531
2020-11-27,1979.0,2003.0,1977.0,1997.0,15580
2020-11-30,1994.0,2047.5,1994.0,2038.5,23087
2020-12-01,2040.0,2069.0,2035.0,2059.0,19888
2020-12-02,2059.5,2080.0,2032.5,2059.0,18350
2020-12-03,2060.0,2062.5,2010.0,2013.5,17584
2020-12-04,2020.0,2054.0,2015.5,2041.0,9922
2020-12-07,2044.0,2049.5,2012.0,2013.0,9542
2020-12-08,2015.5,2022.5,1987.0,1998.0,13200
2020-12-09,1999.0,2046.0,1999.0,2035.5,12859
2020-12-10,2036.5,2066.5,2032.0,2047.0,10372
2020-12-11,2048.5,2069.5,2016.0,2031.5,11062
2020-12-14,2028.5,2055.0,2028.0,2047.5,10642
2020-12-15,2045.0,2048.0,2025.0,2026.0,9489
2020-12-16,2027.5,2051.5,2024.0,2025.0,11899
2020-12-17,2029.0,2096.0,2028.0,2066.0,20286
2020-12-18,2066.0,2090.0,2044.5,2055.0,12192
2020-12-21,2055.0,2055.0,2009.0,2055.0,13973
2020-12-22,2027.0,2029.5,1990.0,1993.5,14991
2020-12-23,1994.0,2023.5,1984.5,2004.0,12081
2020-12-24,2005.0,2034.5,2002.0,2021.5,5435
2020-12-29,2016.0,2016.5,1982.0,1982.0,12546
2020-12-30,1987.0,2008.0,1983.0,1995.0,6946
2020-12-31,1998.0,2000.5,1976.0,1980.5,8455
2021-01-04,1980.0,2038.0,1978.0,2029.0,16544
2021-01-05,2030.5,2050.5,2021.0,2046.5,12068
2021-01-06,2042.0,2074.5,2030.5,2030.5,16131
2021-01-07,2035.0,2049.0,2013.0,2026.0,11344
2021-01-08,2030.0,2040.0,2013.0,2015.5,10626
2021-01-11,2015.0,2019.0,1998.5,2009.0,12714
2021-01-12,2010.5,2029.5,2001.5,2024.5,12259
2021-01-13,2026.0,2028.0,2002.0,2013.5,11636
2021-01-14,2016.0,2019.0,2002.0,2008.0,10932
2021-01-15,2011.0,2015.5,1982.0,1982.0,13340
2021-01-18,1983.5,1997.0,1969.5,1970.0,12358
2021-01-19,1974.0,1976.0,1945.0,1973.0,15346
2021-01-20,1974.0,1988.5,1970.0,1987.0,10314
2021-01-21,1988.5,2006.5,1983.5,1998.0,11708
2021-01-22,1996.5,1998.0,1971.0,1994.5,13655
2021-01-25,1995.5,2020.0,1990.5,2018.5,12744
2021-01-26,2018.5,2025.5,2003.0,2023.0,11067
2021-01-27,2022.0,2023.0,1985.5,1986.0,12530
2021-01-28,1986.0,2007.0,1969.0,1981.0,13164
2021-01-29,1980.5,2007.5,1975.0,1975.0,16876
2021-02-01,1979.0,1996.5,1960.5,1960.5,14728
2021-02-02,1964.0,1979.0,1953.0,1970.5,13550
2021-02-03,1974.0,1982.0,1959.0,1974.0,10202
2021-02-04,1977.5,1997.0,1975.5,1994.0,11644
2021-02-05,1996.0,2020.0,1995.0,2017.0,10682
2021-02-08,2017.0,2040.0,2017.0,2027.0,10813
2021-02-09,2029.0,2064.0,2029.0,2061.5,13141
2021-02-10,2061.5,2084.5,2057.5,2068.5,12329
2021-02-11,2063.5,2083.5,2061.5,2079.5,9505
2021-02-12,2082.5,2091.5,2067.0,2089.0,10035
2021-02-15,2091.5,2095.5,2070.0,2080.0,8245
2021-02-16,2082.5,2089.5,2072.0,2085.5,8513
2021-02-17,2086.0,2117.0,2081.0,2112.5,12740
2021-02-18,2112.0,2167.0,2112.0,2141.5,20371
2021-02-19,2138.0,2162.0,2126.0,2136.0,15511
2021-02-22,2138.0,2177.5,2138.0,2174.5,15947
2021-02-23,2171.0,2180.0,2126.5,2154.0,20134
2021-02-24,2154.0,2205.0,2137.5,2200.5,17895
2021-02-25,2198.0,2243.0,2198.0,2217.0,33320
2021-02-26,2217.0,2222.5,2152.0,2157.0,30411
2021-03-01,2155.0,2184.5,2106.5,2121.0,24716
2021-03-02,2124.5,2227.5,2110.0,2223.0,27347
2021-03-03,2220.0,2241.5,2193.0,2213.5,21732
2021-03-04,2207.0,2217.0,2130.0,2130.0,27307
2021-03-05,2140.0,2185.0,2132.0,2181.5,14292
2021-03-08,2190.0,2205.0,2152.5,2172.5,13314
2021-03-09,2173.5,2179.5,2123.0,2164.0,16895
2021-03-10,2167.0,2187.0,2159.0,2165.0,13402
2021-03-11,2168.0,2198.0,2157.0,2185.5,20611
2021-03-12,2187.5,2193.0,2149.0,2171.5,13489
2021-03-15,2175.0,2235.0,2175.0,2220.0,18079
2021-03-16,2225.0,2227.0,2183.5,2195.5,12622
2021-03-17,2199.0,2249.5,2187.0,2230.0,13927
2021-03-18,2238.0,2242.0,2203.0,2215.0,16323
2021-03-19,2216.5,2279.0,2188.0,2274.0,19012
2021-03-22,2271.5,2289.5,2252.0,2273.0,17801
2021-03-23,2272.0,2280.0,2190.5,2214.0,22528
2021-03-24,2205.0,2261.0,2205.0,2248.0,12221
2021-03-25,2247.0,2260.0,2225.0,2256.0,16218
2021-03-26,2256.0,2301.0,2251.0,2273.0,15635
2021-03-29,2277.0,2299.0,2263.5,2273.0,11376
2021-03-30,2276.0,2277.0,2226.5,2227.0,11561
2021-03-31,2228.5,2239.5,2206.0,2212.5,15094
2021-04-01,2215.0,2239.0,2213.0,2230.0,11531
2021-04-06,2240.0,2273.5,2240.0,2260.0,15023
2021-04-07,2260.0,2265.5,2248.0,2257.5,9285
2021-04-08,2257.0,2289.0,2255.0,2285.0,12034
2021-04-09,2285.5,2285.5,2255.0,2269.0,8826
2021-04-12,2265.0,2272.0,2240.0,2265.5,9712
2021-04-13,2267.0,2305.0,2261.0,2304.0,11089
2021-04-14,2305.0,2330.0,2296.5,2327.0,12619
2021-04-15,2325.0,2359.0,2322.0,2336.0,16736
2021-04-16,2340.5,2346.0,2312.5,2319.5,11404
2021-04-19,2312.0,2356.0,2312.0,2328.0,10601
2021-04-20,2331.0,2344.5,2305.5,2312.5,11729
2021-04-21,2317.0,2369.5,2309.5,2363.5,13393
2021-04-22,2365.0,2375.0,2345.0,2358.5,10621
2021-04-23,2360.0,2389.0,2357.0,2369.0,10167
2021-04-26,2368.0,2407.0,2368.0,2402.0,10567
2021-04-27,2402.0,2412.0,2381.0,2397.5,12089
2021-04-28,2393.0,2405.5,2380.0,2399.5,9927
2021-04-29,2400.0,2433.0,2400.0,2414.0,15998
2021-04-30,2414.0,2440.0,2392.5,2417.0,14463
2021-05-04,2421.0,2441.5,2421.0,2429.0,14090
2021-05-05,2430.0,2448.0,2428.0,2446.5,11181
2021-05-06,2445.0,2516.0,2440.0,2509.5,18870
2021-05-07,2508.0,2550.5,2505.5,2532.0,21560
2021-05-10,2542.0,2603.0,2505.0,2528.5,30132
2021-05-11,2532.0,2583.0,2518.5,2532.0,21118
2021-05-12,2534.0,2547.0,2476.5,2493.5,23779
2021-05-13,2493.0,2512.5,2423.5,2454.0,24288
2021-05-14,2450.0,2476.0,2407.0,2446.0,22614
2021-05-17,2451.0,2516.5,2445.0,2494.5,17470
2021-05-18,2500.0,2517.5,2463.5,2465.0,14520
2021-05-19,2462.0,2482.0,2402.0,2429.0,23155
2021-05-20,2423.0,2440.0,2333.0,2370.0,17523
2021-05-21,2375.0,2450.0,2344.5,2377.5,31165
2021-05-24,2378.5,2404.5,2304.5,2390.0,29430
2021-05-25,2393.0,2397.0,2352.0,2383.5,15402
2021-05-26,2380.5,2416.0,2369.0,2413.5,12178
2021-05-27,2413.0,2489.0,2400.5,2484.5,18029
2021-05-28,2480.0,2507.5,2427.0,2506.0,22604
2021-06-01,2501.0,2508.0,2461.5,2482.0,18147
2021-06-02,2480.0,2484.5,2432.5,2434.0,14514
2021-06-03,2440.0,2453.5,2390.5,2403.5,11616
2021-06-04,2405.0,2459.5,2396.0,2455.0,11458
2021-06-07,2455.0,2462.5,2416.0,2420.5,12500
2021-06-08,2422.0,2454.5,2411.5,2448.5,11851
2021-06-09,2450.0,2463.0,2437.5,2451.5,10596
2021-06-10,2456.0,2478.5,2410.0,2476.5,15138
2021-06-11,2473.0,2505.0,2460.0,2461.5,14681
2021-06-14,2465.0,2497.0,2464.5,2488.5,9654
2021-06-15,2490.0,2491.5,2440.0,2448.5,13521
2021-06-16,2451.0,2476.0,2427.0,2471.0,13377
2021-06-17,2459.5,2463.0,2352.0,2362.0,22048
2021-06-18,2375.5,2409.0,2368.5,2382.5,16770
2021-06-21,2381.0,2413.5,2355.0,2400.0,12969
2021-06-22,2402.5,2429.0,2393.0,2423.5,12339
2021-06-23,2427.5,2443.0,2412.0,2433.0,11152
2021-06-24,2432.0,2445.0,2410.0,2440.0,13598
2021-06-25,2440.0,2498.0,2435.5,2494.0,21136
2021-06-28,2490.5,2544.0,2471.0,2531.0,15933
2021-06-29,2525.0,2555.0,2509.0,2530.0,16317
2021-06-30,2543.0,2559.0,2494.0,2522.0,18683
2021-07-01,2523.0,2526.0,2491.5,2507.5,12181
2021-07-02,2507.5,2564.5,2506.0,2557.0,12606
2021-07-05,2560.0,2581.5,2544.5,2558.0,8810
2021-07-06,2558.0,2564.0,2500.0,2505.5,14652
2021-07-07,2504.0,2533.0,2484.0,2487.0,17225
2021-07-08,2488.0,2492.0,2432.0,2450.5,16645
2021-07-09,2453.5,2511.5,2453.5,2494.0,12929
2021-07-12,2499.5,2508.5,2466.5,2493.5,13058
2021-07-13,2492.5,2547.0,2480.0,2535.5,15912
2021-07-14,2537.0,2537.0,2514.0,2517.0,8744
2021-07-15,2520.5,2538.0,2502.5,2510.0,11470
2021-07-16,2511.0,2529.0,2484.0,2486.5,10146
2021-07-19,2487.0,2495.0,2416.0,2417.0,17851
2021-07-20,2424.0,2471.0,2421.5,2444.0,20169
2021-07-21,2449.0,2465.0,2424.5,2456.5,13914
2021-07-22,2455.0,2489.0,2448.5,2465.0,11735
2021-07-23,2470.0,2510.0,2470.0,2505.0,10425
2021-07-26,2510.5,2526.0,2481.0,2502.0,14670
2021-07-27,2505.0,2525.0,2479.5,2485.0,12683
2021-07-28,2487.0,2544.5,2476.0,2521.0,14859
2021-07-29,2523.0,2596.5,2518.0,2593.5,16451
2021-07-30,2594.5,2642.0,2582.0,2597.0,22983
2021-08-02,2600.0,2632.0,2597.0,2613.0,13710
2021-08-03,2613.0,2617.5,2583.0,2588.5,14846
2021-08-04,2586.0,2595.5,2562.0,2562.5,10423
2021-08-05,2566.0,2596.0,2565.5,2586.0,9480
2021-08-06,2587.0,2624.0,2574.5,2583.5,11449
2021-08-09,2574.5,2597.0,2538.0,2552.5,15276
2021-08-10,2554.0,2592.0,2551.5,2584.5,14003
2021-08-11,2584.5,2594.0,2574.0,2585.5,9071
2021-08-12,2585.5,2607.5,2567.0,2573.5,10911
2021-08-13,2577.5,2622.5,2574.0,2609.0,11461
2021-08-16,2611.0,2629.5,2591.0,2604.5,13411
2021-08-17,2604.5,2638.0,2569.5,2575.5,18251
2021-08-18,2587.0,2605.0,2551.5,2562.5,15351
2021-08-19,2563.0,2572.0,2516.0,2540.5,20509
2021-08-20,2544.5,2580.0,2541.5,2552.5,12972
2021-08-23,2557.5,2605.0,2557.5,2593.5,14773
2021-08-24,2592.0,2636.5,2592.0,2604.0,17480
2021-08-25,2604.5,2634.5,2601.0,2618.0,10264
2021-08-26,2620.0,2639.0,2593.5,2619.5,14594
2021-08-27,2622.0,2697.0,2618.5,2652.0,25289
2021-08-31,2686.0,2726.5,2681.0,2706.0,24614
2021-09-01,2710.0,2721.5,2661.0,2690.5,21156
2021-09-02,2693.0,2734.5,2682.5,2699.0,22784
2021-09-03,2695.0,2733.5,2678.0,2731.0,14991
2021-09-06,2737.0,2782.0,2734.0,2767.5,15043
2021-09-07,2765.0,2779.5,2752.0,2764.5,9526
2021-09-08,2765.0,2810.0,2758.0,2791.0,18900
2021-09-09,2795.5,2848.0,2795.5,2835.0,19176
2021-09-10,2840.0,2937.0,2832.5,2922.5,24638
2021-09-13,2921.0,3000.0,2858.0,2888.0,28635
2021-09-14,2892.0,2910.0,2824.0,2826.5,24533
2021-09-15,2831.5,2924.0,2829.0,2893.0,18852
2021-09-16,2890.0,2910.0,2850.0,2887.0,16316
2021-09-17,2887.0,2933.0,2867.0,2871.0,14915
2021-09-20,2868.5,2887.5,2831.0,2860.0,15481
2021-09-21,2866.0,2901.0,2834.5,2848.0,16439
2021-09-22,2853.0,2942.0,2851.0,2937.0,23296
2021-09-23,2932.5,2977.5,2921.5,2955.5,19418
2021-09-24,2968.0,2968.0,2877.0,2924.5,15791
2021-09-27,2941.0,2949.5,2880.0,2901.5,15310
2021-09-28,2903.5,2946.5,2869.0,2932.0,21921
2021-09-29,2937.0,2945.0,2903.0,2910.0,14458
2021-09-30,2914.0,2930.0,2828.0,2856.0,23738
2021-10-01,2860.0,2889.0,2825.0,2868.0,13931
2021-10-04,2856.0,2929.0,2856.0,2913.0,10416
2021-10-05,2915.0,2929.0,2893.0,2921.5,10667
2021-10-06,2922.0,2922.5,2872.0,2897.0,15134
2021-10-07,2900.0,2957.5,2900.0,2941.0,14989
2021-10-08,2943.0,2989.0,2912.5,2959.0,21131
2021-10-11,2958.5,3072.5,2945.0,3040.5,24426
2021-10-12,3046.5,3114.5,3010.0,3066.0,22889
2021-10-13,3040.0,3118.5,2996.0,3052.0,21602
2021-10-14,3055.0,3174.0,3028.0,3137.5,25863
2021-10-15,3127.0,3215.0,3091.0,3170.0,23932
2021-10-18,3180.0,3229.0,3138.0,3169.0,23775
2021-10-19,3174.5,3225.5,3101.0,3103.0,23882
2021-10-20,3101.0,3121.0,3003.0,3095.0,27746
2021-10-21,3093.5,3132.0,2901.0,2903.5,35550
2021-10-22,2912.5,2969.5,2856.0,2875.0,37759
2021-10-25,2900.0,2959.5,2870.0,2890.0,18999
2021-10-26,2893.0,2900.0,2815.5,2832.0,23949
2021-10-27,2835.0,2840.0,2655.5,2662.5,43201
2021-10-28,2667.0,2778.0,2602.0,2748.0,32395
2021-10-29,2749.0,2771.0,2664.5,2733.5,27389
2021-11-01,2742.0,2767.0,2701.0,2719.5,13859
2021-11-02,2722.0,2747.0,2660.5,2680.0,18299
2021-11-03,2682.0,2738.5,2648.0,2686.0,21195
2021-11-04,2680.5,2708.0,2538.5,2551.0,25599
2021-11-05,2558.0,2582.0,2510.0,2548.5,22262
2021-11-08,2565.0,2610.0,2523.0,2599.0,14704
2021-11-09,2602.5,2613.0,2541.5,2561.5,16452
2021-11-10,2563.5,2608.0,2548.0,2576.5,15707
2021-11-11,2575.0,2678.0,2569.0,2655.0,17214
2021-11-12,2663.5,2714.0,2639.0,2697.5,14772
2021-11-15,2714.0,2714.0,2632.5,2634.5,14844
2021-11-16,2636.5,2667.0,2562.0,2573.0,14421
2021-11-17,2575.5,2629.5,2567.5,2609.0,12736
2021-11-18,2610.0,2627.5,2572.5,2623.5,10047
2021-11-19,2621.0,2697.5,2619.0,2681.0,15800
2021-11-22,2675.5,2708.0,2643.0,2689.5,12279
2021-11-23,2689.0,2710.0,2665.5,2672.0,8368
2021-11-24,2673.0,2710.0,2668.0,2703.0,11526
2021-11-25,2698.0,2736.0,2697.0,2714.5,9561
2021-11-26,2717.5,2721.5,2592.0,2592.0,19122
2021-11-29,2602.5,2664.0,2602.5,2646.0,16869
2021-11-30,2647.0,2660.0,2610.5,2625.0,18983
2021-12-01,2621.0,2677.5,2615.0,2646.0,20539
2021-12-02,2648.5,2668.5,2594.5,2606.0,19986
2021-12-03,2611.0,2647.5,2608.0,2613.0,11592
2021-12-06,2622.5,2633.0,2581.5,2594.0,11732
2021-12-07,2592.0,2633.5,2586.5,2624.0,10270
2021-12-08,2625.0,2638.0,2606.0,2631.5,8320
2021-12-09,2622.0,2650.0,2616.0,2627.0,10294
2021-12-10,2625.0,2645.0,2604.0,2607.0,8832
2021-12-13,2612.0,2662.5,2608.0,2655.5,13118
2021-12-14,2655.0,2665.0,2622.0,2622.0,9966
2021-12-15,2630.0,2630.5,2585.0,2596.0,15255
2021-12-16,2605.0,2690.5,2604.5,2681.0,16221
2021-12-17,2676.0,2749.0,2674.0,2733.5,17387
2021-12-20,2730.5,2737.5,2662.0,2663.0,12402
2021-12-21,2675.0,2775.0,2675.0,2764.0,13686
2021-12-22,2760.0,2849.0,2751.0,2822.0,21910
2021-12-23,2817.5,2850.0,2817.5,2847.0,14630
2021-12-24,2845.0,2851.0,2814.5,2820.0,5767
2021-12-29,2821.0,2828.0,2787.0,2812.0,20596
2021-12-30,2813.5,2830.5,2804.5,2812.0,12761
2021-12-31,2811.0,2832.0,2792.0,2813.0,8478
2022-01-04,2820.0,2847.0,2777.0,2832.0,20611
2022-01-05,2833.0,2938.5,2823.0,2911.0,25249
2022-01-06,2906.0,2930.5,2877.0,2930.0,17804
2022-01-07,2930.0,2980.0,2898.0,2922.5,17950
2022-01-10,2920.0,2958.0,2914.5,2933.0,13582
2022-01-11,2953.5,2985.0,2932.0,2981.0,16135
2022-01-12,2976.0,3030.0,2943.5,2944.0,21135
2022-01-13,2950.5,2977.0,2937.0,2958.0,13213
2022-01-14,2958.0,2996.0,2937.0,2986.5,18138
2022-01-17,2986.0,3010.0,2955.0,2999.5,9995
2022-01-18,2995.0,3043.0,2986.0,3016.5,16084
2022-01-19,3012.0,3054.5,3006.5,3047.5,17025
2022-01-20,3047.0,3123.0,3017.0,3113.0,18057
2022-01-21,3105.0,3105.0,3022.0,3022.5,20909
2022-01-24,3030.0,3046.5,3009.0,3038.0,14928
2022-01-25,3039.5,3099.0,3030.0,3093.5,16222
2022-01-26,3090.0,3125.0,3066.0,3095.5,13400
2022-01-27,3093.5,3117.0,3064.0,3098.5,13288
2022-01-28,3099.5,3134.0,3040.0,3060.0,14289
2022-01-31,3061.0,3084.5,3017.5,3025.5,13241
2022-02-01,3037.5,3070.0,3028.0,3035.0,11677
2022-02-02,3040.0,3057.5,2964.0,2995.0,20650
2022-02-03,2994.0,3055.0,2994.0,3036.0,10935
2022-02-04,3035.0,3087.0,3035.0,3084.5,10934
2022-02-07,3090.0,3138.0,3089.0,3134.0,16616
2022-02-08,3136.0,3236.0,3131.5,3188.0,24148
2022-02-09,3192.0,3272.0,3162.0,3263.0,17963
2022-02-10,3263.0,3333.0,3234.0,3236.0,22476
2022-02-11,3238.0,3240.0,3108.0,3194.5,24634
2022-02-14,3189.5,3241.0,3155.0,3223.5,19304
2022-02-15,3223.0,3233.0,3170.0,3194.0,15998
2022-02-16,3191.0,3262.0,3187.0,3248.5,15243
2022-02-17,3250.0,3282.0,3224.0,3258.5,13687
2022-02-18,3257.0,3280.5,3239.5,3266.5,11689
2022-02-21,3265.5,3292.0,3241.0,3288.0,9325
2022-02-22,3285.0,3380.0,3285.0,3300.5,22335
2022-02-23,3305.0,3313.5,3252.0,3291.0,14838
2022-02-24,3288.0,3480.0,3287.0,3362.0,35052
2022-02-25,3376.0,3403.0,3297.0,3377.5,20632
2022-02-28,3407.0,3525.0,3363.5,3402.0,31242
2022-03-01,3390.0,3498.0,3359.5,3485.0,22966
2022-03-02,3487.0,3597.0,3468.0,3575.5,24960
2022-03-03,3575.5,3779.5,3569.0,3766.0,33692
2022-03-04,3765.0,3867.0,3763.0,3840.5,24255
2022-03-07,3876.0,4073.5,3665.5,3737.5,27984
2022-03-08,3740.0,3900.0,3434.0,3671.0,32473
2022-03-09,3680.0,3680.0,3300.0,3300.0,21544
2022-03-10,3302.0,3557.5,3302.0,3395.0,18306
2022-03-11,3400.0,3515.0,3387.5,3480.0,11310
2022-03-14,3497.0,3497.0,3302.0,3306.0,12951
2022-03-15,3315.0,3351.5,3219.5,3292.5,15508
2022-03-16,3288.0,3375.0,3245.0,3258.5,13651
2022-03-17,3250.0,3409.0,3250.0,3383.0,10612
2022-03-18,3380.5,3460.0,3357.0,3388.0,10867
2022-03-21,3417.0,3574.0,3416.0,3522.0,13643
2022-03-22,3521.0,3579.0,3478.0,3504.0,11861
2022-03-23,3505.0,3722.0,3499.0,3676.0,11418
2022-03-24,3670.0,3742.0,3555.0,3565.5,11629
2022-03-25,3575.0,3630.0,3558.0,3616.0,7589
2022-03-28,3616.5,3633.5,3580.0,3605.0,6690
2022-03-29,3607.0,3660.0,3404.5,3448.0,20772
2022-03-30,3470.5,3562.5,3450.0,3545.0,7899
2022-03-31,3540.5,3609.0,3459.5,3465.0,12682
2022-04-01,3475.0,3530.0,3434.5,3436.5,9611
2022-04-04,3424.0,3500.0,3403.0,3415.0,8477
2022-04-05,3450.0,3515.0,3408.0,3451.5,9746
2022-04-06,3450.5,3500.0,3425.5,3431.5,10985
2022-04-07,3436.0,3455.0,3340.0,3393.5,12309
2022-04-08,3392.0,3427.5,3354.0,3369.5,6929
2022-04-11,3361.0,3372.0,3221.0,3240.0,16494
2022-04-12,3250.0,3288.0,3225.5,3274.0,11669
2022-04-13,3280.0,3307.0,3224.5,3252.0,11403
2022-04-14,3257.0,3314.0,3240.0,3291.0,9894
2022-04-19,3295.0,3355.0,3237.5,3250.0,11997
2022-04-20,3263.0,3278.5,3225.5,3263.0,7122
2022-04-21,3269.0,3313.5,3248.0,3301.0,7631
2022-04-22,3301.0,3313.0,3230.0,3244.0,10501
2022-04-25,3230.0,3237.0,3061.0,3082.0,18017
2022-04-26,3087.0,3161.0,3038.0,3078.5,11726
2022-04-27,3071.5,3117.0,3055.5,3111.5,9053
2022-04-28,3107.0,3135.0,3009.0,3040.0,10141
2022-04-29,3038.0,3077.5,3010.0,3013.0,11171
2022-05-03,3007.0,3041.5,2900.0,2928.0,21509
2022-05-04,2924.0,3003.0,2891.5,2985.0,13095
2022-05-05,2997.0,3035.0,2892.5,2933.5,14999
2022-05-06,2936.0,2945.0,2832.0,2832.5,15765
2022-05-09,2850.0,2859.0,2748.0,2749.0,18866
2022-05-10,2748.0,2782.0,2697.5,2765.0,16424
2022-05-11,2758.0,2811.0,2751.0,2776.5,14310
2022-05-12,2778.0,2802.0,2717.0,2785.5,15862
2022-05-13,2785.0,2839.5,2735.0,2828.0,13854
2022-05-16,2824.5,2865.0,2802.0,2834.0,10877
2022-05-17,2839.0,2895.0,2813.0,2882.0,12853
2022-05-18,2881.0,2929.0,2822.5,2824.0,13166
2022-05-19,2825.0,2939.0,2823.0,2938.0,13480
2022-05-20,2935.0,2993.5,2910.0,2965.5,13806
2022-05-23,2975.0,2998.0,2930.0,2953.5,11806
2022-05-24,2957.0,2964.0,2872.0,2877.0,11160
2022-05-25,2889.5,2895.0,2821.0,2866.5,12003
2022-05-26,2875.0,2897.0,2845.0,2866.0,7768
2022-05-27,2867.0,2892.5,2850.0,2868.5,8000
2022-05-30,2885.0,2919.0,2858.5,2880.0,7278
2022-05-31,2885.0,2896.5,2783.0,2784.5,15240
2022-06-01,2792.5,2815.0,2720.0,2724.0,21316
2022-06-06,2758.0,2813.0,2731.5,2788.0,16962
2022-06-07,2787.5,2799.0,2736.0,2786.0,15287
2022-06-08,2788.0,2846.5,2767.0,2835.0,13250
2022-06-09,2836.0,2851.0,2749.5,2756.0,14745
2022-06-10,2760.0,2763.0,2667.0,2680.0,16333
2022-06-13,2674.0,2686.0,2595.0,2637.0,21257
2022-06-14,2637.0,2647.5,2556.0,2558.0,19395
2022-06-15,2567.0,2627.5,2559.0,2615.0,17412
2022-06-16,2619.0,2650.0,2487.0,2521.5,23444
2022-06-17,2518.0,2538.0,2488.0,2498.0,13820
2022-06-20,2500.0,2541.5,2479.5,2512.0,9110
2022-06-21,2515.0,2560.0,2512.5,2527.0,12061
2022-06-22,2524.5,2541.0,2462.0,2539.0,16172
2022-06-23,2520.5,2531.5,2463.0,2465.5,18948
2022-06-24,2468.0,2497.5,2421.0,2450.0,19406
2022-06-27,2455.0,2508.0,2447.5,2486.5,12084
2022-06-28,2488.0,2536.0,2476.5,2486.0,14545
2022-06-29,2491.0,2497.5,2443.0,2472.5,14609
2022-06-30,2472.0,2482.5,2402.0,2444.0,19208
2022-07-01,2435.5,2475.0,2380.0,2469.0,23248
2022-07-04,2475.0,2492.0,2441.5,2456.5,8525
2022-07-05,2462.5,2477.0,2364.0,2367.0,18711
2022-07-06,2375.0,2423.5,2355.0,2398.0,17801
2022-07-07,2407.0,2483.0,2368.0,2445.0,20419
2022-07-08,2449.0,2460.0,2387.5,2442.5,10458
2022-07-11,2436.5,2436.5,2372.0,2375.5,13422
2022-07-12,2372.0,2395.0,2352.0,2360.0,14255
2022-07-13,2360.5,2385.0,2336.0,2357.5,16424
2022-07-14,2357.5,2373.0,2322.0,2327.0,11097
2022-07-15,2335.0,2367.0,2310.0,2339.0,13450
2022-07-18,2336.5,2464.0,2331.0,2426.5,20474
2022-07-19,2430.5,2435.0,2382.0,2384.5,11895
2022-07-20,2389.0,2462.0,2387.0,2420.5,15201
2022-07-21,2427.0,2451.5,2405.0,2438.5,11642
2022-07-22,2437.0,2480.0,2432.0,2458.5,11453
2022-07-25,2459.0,2467.5,2395.0,2406.5,13386
2022-07-26,2406.5,2440.0,2403.5,2422.0,10475
2022-07-27,2423.5,2435.0,2371.0,2422.5,10806
2022-07-28,2430.0,2496.0,2430.0,2464.5,14393
2022-07-29,2462.0,2494.0,2437.5,2481.0,16974
2022-08-01,2481.5,2481.5,2418.5,2445.5,13223
2022-08-02,2445.5,2453.5,2405.0,2413.0,14578
2022-08-03,2405.0,2423.5,2376.0,2385.0,12981
2022-08-04,2385.0,2412.0,2358.0,2403.0,13773
2022-08-05,2403.0,2454.0,2403.0,2421.0,12756
2022-08-08,2419.0,2452.0,2408.5,2440.0,7417
2022-08-09,2448.5,2507.5,2439.0,2472.0,13383
2022-08-10,2468.0,2500.0,2443.0,2494.0,14819
2022-08-11,2495.5,2525.5,2486.0,2516.5,13114
2022-08-12,2522.5,2527.0,2430.0,2433.0,14024
2022-08-15,2439.5,2448.5,2380.0,2402.0,17304
2022-08-16,2409.0,2459.0,2388.5,2397.5,17954
2022-08-17,2400.0,2440.5,2391.0,2413.5,12673
2022-08-18,2411.0,2426.0,2381.0,2405.0,12763
2022-08-19,2404.0,2411.0,2375.0,2390.5,11650
2022-08-22,2405.0,2409.0,2374.0,2388.0,11296
2022-08-23,2392.5,2442.0,2392.5,2425.0,13672
2022-08-24,2405.0,2452.0,2405.0,2425.0,13344
2022-08-25,2426.5,2445.0,2418.0,2434.0,10360
2022-08-26,2430.0,2515.0,2425.5,2489.0,17287
2022-08-30,2475.0,2478.0,2384.0,2384.0,19165
2022-08-31,2390.0,2417.5,2339.0,2362.5,19930
2022-09-01,2360.5,2363.0,2288.0,2303.0,22828
2022-09-02,2310.5,2329.0,2290.0,2301.0,14715
2022-09-05,2302.0,2315.0,2281.0,2287.5,10586
2022-09-06,2289.5,2304.0,2257.5,2260.0,17442
2022-09-07,2263.0,2273.0,2233.0,2240.0,16898
2022-09-08,2241.0,2284.0,2241.0,2276.0,13277
2022-09-09,2268.5,2343.5,2264.5,2284.5,16427
2022-09-12,2289.5,2320.0,2276.0,2292.5,9325
2022-09-13,2298.0,2344.0,2294.0,2308.0,15049
2022-09-14,2309.5,2318.0,2243.5,2274.0,16049
2022-09-15,2276.0,2320.0,2271.5,2315.0,15828
2022-09-16,2312.5,2312.5,2248.0,2283.0,12863
2022-09-19,2284.0,2293.0,2246.0,2247.5,8197
2022-09-20,2256.0,2271.0,2241.0,2253.5,11823
2022-09-21,2250.5,2259.5,2198.0,2203.0,16743
2022-09-22,2200.5,2243.0,2200.5,2223.0,14662
2022-09-23,2222.0,2233.0,2158.0,2166.5,14621
2022-09-26,2169.0,2173.5,2130.0,2133.5,12865
2022-09-27,2136.0,2153.0,2102.0,2102.0,13537
2022-09-28,2109.0,2140.5,2080.5,2133.5,17455
2022-09-29,2134.0,2305.0,2117.5,2232.0,29301
2022-09-30,2227.0,2243.5,2137.0,2141.0,17008
2022-10-03,2148.5,2234.0,2137.0,2223.0,15300
2022-10-04,2220.5,2350.0,2220.5,2346.0,22432
2022-10-05,2343.0,2378.5,2285.0,2357.0,18186
2022-10-06,2372.5,2420.0,2307.0,2328.0,15387
2022-10-07,2355.0,2366.0,2286.0,2286.0,11607
2022-10-10,2285.0,2312.0,2250.0,2255.0,11390
2022-10-11,2255.0,2267.5,2191.0,2246.0,13900
2022-10-12,2240.0,2400.0,2197.5,2335.0,15313
2022-10-13,2327.0,2395.0,2275.5,2348.0,23903
2022-10-14,2330.0,2393.0,2287.0,2290.0,12773
2022-10-17,2301.0,2307.0,2214.0,2244.0,15161
2022-10-18,2245.0,2258.0,2178.5,2180.0,15457
2022-10-19,2186.0,2209.5,2162.0,2184.5,12412
2022-10-20,2186.5,2244.0,2178.0,2215.5,12652
2022-10-21,2218.0,2240.5,2165.5,2217.0,11944
2022-10-24,2227.5,2234.5,2170.5,2175.5,9760
2022-10-25,2180.0,2250.0,2156.5,2216.5,13102
2022-10-26,2222.0,2343.5,2217.5,2328.0,17909
2022-10-27,2333.5,2341.5,2275.0,2286.5,16162
2022-10-28,2284.5,2285.0,2191.0,2234.0,13090
2022-10-31,2230.5,2241.0,2188.5,2225.5,12994
2022-11-01,2227.0,2275.0,2218.0,2257.0,11719
2022-11-02,2252.5,2276.5,2233.0,2250.0,11596
2022-11-03,2249.5,2271.5,2217.5,2260.0,9779
2022-11-04,2262.5,2363.5,2259.0,2349.0,16448
2022-11-07,2344.0,2356.0,2281.5,2339.0,13232
2022-11-08,2333.0,2380.0,2314.0,2339.5,13143
2022-11-09,2345.0,2394.0,2307.0,2307.0,13632
2022-11-10,2313.0,2351.0,2268.0,2321.5,15857
2022-11-11,2325.0,2486.5,2325.0,2458.0,26163
2022-11-14,2464.0,2478.0,2408.0,2439.0,18120
2022-11-15,2438.0,2478.0,2422.0,2436.5,13698
2022-11-16,2440.0,2459.0,2385.0,2405.0,11495
2022-11-17,2412.0,2419.5,2361.0,2394.5,13299
2022-11-18,2395.0,2440.0,2376.5,2413.0,10911
2022-11-21,2406.0,2408.5,2355.0,2380.0,10189
2022-11-22,2387.0,2440.0,2369.0,2435.5,10854
2022-11-23,2433.0,2441.0,2387.5,2390.0,9970
2022-11-24,2394.0,2420.0,2365.0,2368.0,6376
2022-11-25,2380.0,2395.5,2347.5,2365.0,8945
2022-11-28,2352.0,2379.0,2338.0,2372.0,9171
2022-11-29,2371.0,2405.5,2366.0,2379.0,9842
2022-11-30,2377.5,2500.0,2372.0,2491.0,19869
2022-12-01,2491.5,2527.0,2455.0,2473.0,20865
2022-12-02,2477.0,2568.0,2445.5,2555.5,19746
2022-12-05,2565.0,2577.0,2503.0,2505.0,17016
2022-12-06,2505.0,2529.5,2476.5,2496.0,12869
2022-12-07,2501.0,2512.5,2462.0,2501.0,11616
2022-12-08,2500.0,2530.0,2483.0,2498.5,10283
2022-12-09,2499.5,2517.0,2470.0,2470.0,10549
2022-12-12,2468.0,2468.0,2402.0,2410.5,13042
2022-12-13,2418.0,2485.0,2407.0,2453.0,13896
2022-12-14,2455.0,2466.5,2423.0,2451.5,8739
2022-12-15,2446.0,2450.0,2375.5,2385.5,12892
2022-12-16,2390.0,2421.0,2372.0,2379.0,14189
2022-12-19,2394.0,2402.5,2358.5,2370.0,10649
2022-12-20,2370.0,2410.0,2363.5,2372.0,12170
2022-12-21,2377.0,2418.0,2376.0,2391.5,9696
2022-12-22,2396.0,2411.0,2380.0,2385.5,8362
2022-12-23,2391.5,2410.0,2363.0,2391.5,8318
2022-12-28,2408.0,2433.0,2371.0,2376.0,11242
2022-12-29,2376.0,2417.0,2372.0,2408.0,8119
2022-12-30,2406.0,2427.0,2374.5,2382.5,8270
2023-01-03,2391.0,2399.0,2305.0,2311.0,19236
2023-01-04,2318.5,2330.0,2263.5,2267.0,18317
2023-01-05,2270.0,2321.5,2251.5,2256.0,15887
2023-01-06,2259.5,2315.0,2255.0,2307.5,17157
2023-01-09,2313.0,2445.5,2302.0,2423.0,23142
2023-01-10,2423.0,2471.0,2408.5,2457.0,18067
2023-01-11,2458.5,2515.0,2447.0,2487.0,17579
2023-01-12,2488.5,2570.0,2453.5,2557.5,20884
2023-01-13,2552.0,2616.0,2531.0,2590.0,22750
2023-01-16,2600.0,2630.0,2583.0,2606.0,18107
2023-01-17,2608.0,2625.0,2584.0,2619.5,15365
2023-01-18,2620.0,2679.5,2575.0,2611.5,23062
2023-01-19,2612.0,2625.0,2555.0,2585.5,16930
2023-01-20,2587.0,2627.0,2578.0,2588.0,11257
2023-01-23,2593.0,2642.5,2593.0,2628.0,8298
2023-01-24,2630.0,2663.5,2623.0,2656.5,10033
2023-01-25,2659.0,2661.5,2624.0,2649.5,9499
2023-01-26,2651.5,2664.0,2631.5,2640.5,10974
2023-01-27,2640.0,2650.0,2607.0,2627.5,11189
2023-01-30,2631.5,2640.0,2555.0,2560.0,13786
2023-01-31,2572.0,2649.5,2555.0,2648.0,0
2023-02-01,2641.5,2647.5,2585.0,2605.5,0
2023-02-02,2626.5,2649.0,2588.0,2604.5,0
2023-02-03,2607.0,2614.0,2564.0,2566.0,0
2023-02-06,2571.5,2585.0,2503.0,2544.0,0
2023-02-07,2547.5,2555.5,2505.0,2534.5,0
2023-02-08,2535.5,2548.0,2471.0,2487.5,0
2023-02-09,2488.0,2514.5,2460.0,2507.0,0
2023-02-10,2504.0,2504.0,2422.0,2448.0,0
2023-02-13,2459.5,2464.0,2409.0,2426.0,0
2023-02-14,2425.0,2444.0,2402.0,2408.5,14878
2023-02-15,2414.0,2420.0,2380.0,2383.5,17230
2023-02-16,2389.0,2422.0,2367.0,2417.0,16761
2023-02-17,2413.0,2414.0,2372.0,2390.0,11971
2023-02-20,2395.0,2468.5,2395.0,2456.0,11543
2023-02-21,2455.0,2485.0,2437.0,2459.0,15137
2023-02-22,2458.5,2459.0,2404.5,2413.0,13690
2023-02-23,2415.0,2424.5,2377.0,2390.5,13564
2023-02-24,2389.5,2399.0,2321.5,2340.5,22010
2023-02-27,2344.0,2376.5,2329.5,2372.5,14225
2023-02-28,2370.0,2376.5,2338.0,2370.5,14055
2023-03-01,2370.0,2448.5,2365.0,2441.0,16598
2023-03-02,2441.5,2455.0,2384.0,2395.0,16593
2023-03-03,2398.0,2422.0,2393.0,2394.0,11402
2023-03-06,2398.0,2409.0,2356.5,2387.0,12635
2023-03-07,2385.0,2390.5,2343.0,2346.0,13342
2023-03-08,2351.0,2369.0,2317.0,2360.0,15975
2023-03-09,2361.5,2364.5,2317.0,2318.5,12090
2023-03-10,2324.0,2328.0,2285.0,2305.0,23080
2023-03-13,2310.0,2342.0,2275.0,2320.0,25025
2023-03-14,2321.0,2357.0,2301.5,2352.0,18144
2023-03-15,2349.0,2380.0,2261.0,2277.0,26581
2023-03-16,2285.0,2308.0,2266.0,2280.0,19191
2023-03-17,2280.5,2314.5,2262.5,2277.5,17268
2023-03-20,2284.5,2300.0,2254.0,2280.0,14237
2023-03-21,2284.0,2296.5,2264.0,2268.5,12663
2023-03-22,2275.0,2295.0,2261.0,2288.0,12757
2023-03-23,2291.0,2345.5,2287.0,2325.5,16918
2023-03-24,2329.0,2364.5,2312.5,2340.5,17514
2023-03-27,2341.0,2372.0,2323.0,2365.0,12611
2023-03-28,2360.5,2393.0,2349.0,2382.5,13136
2023-03-29,2383.0,2423.0,2366.5,2380.5,16801
2023-03-30,2380.5,2400.0,2369.5,2392.0,11020
2023-03-31,2389.0,2420.0,2368.5,2417.0,15030
2023-04-03,2415.0,2434.0,2385.0,2388.0,20665
2023-04-04,2390.0,2398.0,2353.0,2375.0,18739
2023-04-05,2372.0,2372.0,2325.0,2340.5,14358
2023-04-06,2342.0,2367.0,2327.0,2340.0,12842
2023-04-11,2337.5,2344.0,2296.0,2303.0,15707
2023-04-12,2306.5,2333.0,2290.5,2324.0,16490
2023-04-13,2330.5,2385.0,2321.0,2363.0,17163
2023-04-14,2362.0,2410.0,2362.0,2386.0,15946
2023-04-17,2386.0,2394.0,2353.0,2372.0,14151
2023-04-18,2377.0,2441.5,2373.0,2436.5,23596
2023-04-19,2436.0,2450.0,2400.5,2448.0,21434
2023-04-20,2445.0,2462.0,2414.5,2421.5,19670
2023-04-21,2422.5,2425.5,2381.0,2397.5,13823
2023-04-24,2399.0,2400.0,2364.0,2381.5,12311
2023-04-25,2381.5,2385.5,2323.0,2331.5,18526
2023-04-26,2332.0,2359.5,2322.0,2331.0,16201
2023-04-27,2332.0,2338.0,2292.0,2324.0,18671
2023-04-28,2324.0,2374.0,2309.0,2349.5,17223
2023-05-02,2365.0,2387.0,2338.0,2354.5,18685
2023-05-03,2355.0,2360.0,2316.5,2318.0,12551
2023-05-04,2320.0,2334.5,2284.0,2295.0,17288
2023-05-05,2297.0,2324.0,2277.5,2319.0,15261
2023-05-09,2327.0,2338.5,2293.0,2314.5,17203
2023-05-10,2321.0,2325.0,2266.0,2267.0,19896
2023-05-11,2275.5,2282.0,2202.0,2211.5,33653
2023-05-12,2214.0,2245.0,2203.5,2241.0,20591
2023-05-15,2243.0,2280.0,2221.5,2266.0,17847
2023-05-16,2265.5,2273.0,2237.5,2264.5,15825
2023-05-17,2261.0,2308.0,2258.5,2300.0,19199
2023-05-18,2300.5,2309.0,2264.5,2281.5,15902
2023-05-19,2281.0,2312.5,2267.5,2283.5,12655
2023-05-22,2288.0,2289.5,2249.5,2263.5,14493
2023-05-23,2266.0,2270.0,2216.0,2220.0,21062
2023-05-24,2225.0,2236.5,2190.0,2206.0,24243
2023-05-25,2209.0,2239.0,2193.0,2213.0,18792
2023-05-26,2219.0,2265.0,2209.5,2242.5,15893
2023-05-30,2235.5,2238.0,2197.5,2224.5,17834
2023-05-31,2227.5,2249.0,2201.0,2245.5,17768
2023-06-01,2243.5,2292.5,2233.5,2269.0,19288
2023-06-02,2275.0,2314.5,2256.0,2264.5,22373
2023-06-05,2267.5,2273.5,2233.0,2239.0,17785
2023-06-06,2238.0,2246.0,2205.0,2205.5,19446
2023-06-07,2208.0,2233.0,2208.0,2212.5,15354
2023-06-08,2211.5,2263.5,2211.0,2260.5,15737
2023-06-09,2261.0,2284.5,2249.0,2262.0,14693
2023-06-12,2268.0,2268.0,2221.5,2221.5,13211
2023-06-13,2225.5,2249.0,2225.0,2232.0,13430
2023-06-14,2230.5,2262.5,2230.5,2252.5,16797
2023-06-15,2250.5,2254.5,2216.0,2249.0,16714
2023-06-16,2251.0,2294.5,2251.0,2268.0,19364
2023-06-19,2268.5,2272.5,2232.0,2235.0,12635
2023-06-20,2239.5,2248.0,2223.0,2231.5,13053
2023-06-21,2231.0,2241.0,2201.0,2235.5,16926
2023-06-22,2234.5,2246.0,2196.0,2202.0,13917
2023-06-23,2208.5,2209.0,2163.5,2171.0,18536
2023-06-26,2178.0,2189.0,2142.5,2145.5,18840
2023-06-27,2147.0,2202.0,2147.0,2192.0,21983
2023-06-28,2192.0,2212.0,2163.0,2173.0,16376
2023-06-29,2174.5,2183.0,2148.0,2160.5,13332
2023-06-30,2161.5,2179.0,2134.0,2154.0,17408
2023-07-03,2157.0,2173.0,2140.0,2160.5,13255
2023-07-04,2162.0,2170.0,2150.0,2166.0,8783
2023-07-05,2169.5,2170.0,2135.5,2137.0,17439
2023-07-06,2139.5,2153.0,2127.0,2130.0,13690
2023-07-07,2134.0,2151.0,2127.0,2141.0,12930
2023-07-10,2143.5,2162.5,2140.5,2152.0,11033
2023-07-11,2153.5,2191.0,2153.0,2170.0,14269
2023-07-12,2171.5,2242.5,2164.0,2235.5,24076
2023-07-13,2234.0,2290.0,2225.0,2280.5,25909
2023-07-14,2279.0,2292.0,2263.0,2270.5,17177
2023-07-17,2269.0,2272.0,2235.0,2257.0,13833
2023-07-18,2255.0,2262.0,2201.0,2204.0,15460
2023-07-19,2206.0,2214.0,2180.0,2185.5,16575
2023-07-20,2192.0,2222.0,2190.5,2192.0,13379
2023-07-21,2193.5,2215.5,2190.5,2208.0,10651
2023-07-24,2207.5,2213.5,2185.0,2207.5,11326
2023-07-25,2205.5,2246.5,2204.0,2236.5,14676
2023-07-26,2238.0,2240.0,2206.0,2207.5,13627
2023-07-27,2215.0,2244.5,2196.5,2206.5,14829
2023-07-28,2204.5,2229.0,2195.0,2227.0,11193
2023-07-31,2225.0,2289.0,2223.5,2287.0,20687
2023-08-01,2285.5,2286.0,2244.0,2253.0,19755
2023-08-02,2252.5,2257.0,2203.0,2210.0,20064
2023-08-03,2213.0,2233.0,2197.0,2230.5,16777
2023-08-04,2224.0,2243.5,2205.0,2237.0,13929
2023-08-07,2232.0,2242.0,2220.0,2226.0,8498
2023-08-08,2230.0,2233.0,2190.5,2197.5,16367
2023-08-09,2204.0,2222.0,2193.5,2197.5,13243
2023-08-10,2197.0,2220.5,2195.5,2202.5,14070
2023-08-11,2197.0,2206.0,2166.0,2177.0,14131
2023-08-14,2180.0,2180.0,2143.0,2143.5,16050
2023-08-15,2147.0,2171.5,2136.5,2141.5,17479
2023-08-16,2142.0,2151.5,2130.0,2140.0,13746
2023-08-17,2132.0,2186.0,2132.0,2143.0,18072
2023-08-18,2144.0,2159.0,2135.0,2138.5,12387
2023-08-21,2147.0,2150.5,2115.0,2145.5,16430
2023-08-22,2144.5,2186.0,2139.0,2179.5,20441
2023-08-23,2179.0,2192.5,2171.5,2175.0,13226
2023-08-24,2177.0,2182.5,2154.0,2154.5,12449
2023-08-25,2155.0,2178.5,2147.0,2150.0,12737
2023-08-29,2152.0,2179.5,2152.0,2167.0,14294
2023-08-30,2172.5,2207.0,2164.5,2200.5,16824
2023-08-31,2201.5,2229.0,2199.5,2201.5,22236
2023-09-01,2206.0,2260.0,2206.0,2237.5,25576
2023-09-04,2238.0,2242.0,2195.0,2200.5,11481
2023-09-05,2200.5,2212.0,2181.0,2190.5,13681
2023-09-06,2193.0,2219.5,2186.0,2191.5,16109
2023-09-07,2193.0,2199.0,2176.5,2195.5,15140
2023-09-08,2194.5,2195.0,2171.0,2181.0,13377
2023-09-11,2184.5,2210.5,2184.0,2204.0,13762
2023-09-12,2204.5,2213.5,2186.5,2195.5,11359
2023-09-13,2199.0,2220.0,2191.0,2208.0,13312
2023-09-14,2211.0,2239.0,2206.5,2219.0,16003
2023-09-15,2220.5,2231.5,2187.0,2193.0,17870
2023-09-18,2192.5,2222.5,2185.0,2216.0,18363
2023-09-19,2219.5,2225.0,2205.0,2214.5,14471
2023-09-20,2212.0,2258.5,2212.0,2254.0,22046
2023-09-21,2248.0,2248.5,2202.0,2221.5,18999
2023-09-22,2220.0,2250.0,2214.0,2244.5,16833
2023-09-25,2241.5,2241.5,2212.0,2233.0,12894
2023-09-26,2235.5,2249.5,2222.0,2240.0,12574
2023-09-27,2239.5,2246.0,2220.0,2237.5,16042
2023-09-28,2240.0,2290.5,2234.0,2279.5,22947
2023-09-29,2278.0,2355.0,2276.0,2349.0,32351
2023-10-02,2349.0,2367.0,2311.5,2325.0,23382
2023-10-03,2316.0,2324.0,2284.0,2292.0,19282
2023-10-04,2292.0,2295.0,2237.5,2242.5,23462
2023-10-05,2249.0,2253.0,2225.5,2232.0,12954
2023-10-06,2232.0,2248.0,2222.5,2240.5,14250
2023-10-09,2237.0,2252.0,2220.0,2245.0,16008
2023-10-10,2242.5,2249.5,2211.0,2211.0,14226
2023-10-11,2214.5,2227.0,2206.0,2213.5,11982
2023-10-12,2215.0,2228.5,2195.0,2201.0,12824
2023-10-13,2204.0,2212.0,2190.0,2190.0,13675
2023-10-16,2193.0,2205.0,2179.0,2181.0,15173
2023-10-17,2183.5,2186.0,2158.5,2177.0,17278
2023-10-18,2180.0,2199.0,2178.5,2188.5,11162
2023-10-19,2193.5,2195.5,2178.5,2187.5,12339
2023-10-20,2188.0,2190.5,2169.0,2180.0,9947
2023-10-23,2181.5,2189.0,2162.0,2176.0,10900
2023-10-24,2178.0,2207.0,2165.0,2205.0,15653
2023-10-25,2202.0,2223.0,2199.5,2211.5,15841
2023-10-26,2214.0,2228.0,2193.0,2196.5,14943
2023-10-27,2200.0,2227.5,2187.0,2225.0,15359
2023-10-30,2224.0,2269.0,2221.5,2263.5,20742
2023-10-31,2261.5,2265.5,2242.0,2247.0,17201
2023-11-01,2246.0,2257.0,2233.5,2234.5,14100
2023-11-02,2244.5,2251.5,2224.5,2233.5,14047
2023-11-03,2232.5,2260.0,2229.5,2256.5,13301
2023-11-06,2253.0,2295.0,2243.0,2283.5,16911
2023-11-07,2286.0,2286.0,2253.0,2275.5,16664
2023-11-08,2273.5,2279.0,2262.0,2264.0,11385
2023-11-09,2261.5,2266.0,2233.0,2238.0,14449
2023-11-10,2237.0,2244.0,2209.5,2220.5,19231
2023-11-13,2222.5,2235.0,2203.0,2229.5,18056
2023-11-14,2235.0,2244.5,2214.0,2224.0,18007
2023-11-15,2225.5,2238.5,2221.0,2233.5,15520
2023-11-16,2233.0,2234.0,2211.5,2211.5,15852
2023-11-17,2212.5,2218.0,2196.0,2213.0,16662
2023-11-20,2213.0,2247.0,2211.0,2243.0,18781
2023-11-21,2244.5,2264.0,2233.5,2255.0,18884
2023-11-22,2256.5,2257.5,2216.5,2221.5,19380
2023-11-23,2223.0,2233.0,2215.0,2222.0,7750
2023-11-24,2228.0,2228.0,2213.5,2222.0,9668
2023-11-27,2221.5,2235.0,2209.0,2211.5,14181
2023-11-28,2213.0,2225.5,2199.5,2218.0,17713
2023-11-29,2224.0,2231.5,2207.5,2217.5,15617
2023-11-30,2218.5,2219.0,2187.0,2194.0,19003
2023-12-01,2198.0,2217.0,2183.0,2200.0,21386
2023-12-04,2204.0,2213.0,2174.0,2184.0,19138
2023-12-05,2185.0,2186.5,2150.5,2165.5,21839
2023-12-06,2165.5,2169.5,2140.0,2141.0,16164
2023-12-07,2146.0,2156.5,2131.0,2131.0,17128
2023-12-08,2137.0,2161.5,2130.0,2134.0,18393
2023-12-11,2139.0,2141.0,2116.0,2123.0,16374
2023-12-12,2121.0,2143.0,2116.0,2123.0,17507
2023-12-13,2122.5,2147.0,2109.0,2144.5,15955
2023-12-14,2151.0,2220.0,2151.0,2210.0,35363
2023-12-15,2214.0,2269.5,2193.0,2239.5,40289
2023-12-18,2240.5,2286.0,2233.0,2282.0,27660
2023-12-19,2283.0,2283.0,2257.0,2264.5,21372
2023-12-20,2272.0,2279.0,2237.5,2244.0,21175
2023-12-21,2237.0,2248.0,2222.0,2246.0,13696
2023-12-22,2246.0,2332.0,2246.0,2324.0,29297
2023-12-27,2321.0,2400.0,2300.5,2395.0,29691
2023-12-28,2393.5,2394.5,2353.5,2367.0,22806
2023-12-29,2368.0,2394.5,2363.0,2387.5,13383
2024-01-02,2388.5,2398.0,2316.5,2324.0,23413
2024-01-03,2326.0,2337.5,2287.0,2306.0,23270
2024-01-04,2304.0,2316.5,2269.0,2284.0,16079
2024-01-05,2279.0,2294.5,2251.0,2271.5,17518
2024-01-08,2274.5,2276.0,2234.0,2237.0,20328
2024-01-09,2239.0,2257.5,2227.0,2242.0,18004
2024-01-10,2243.5,2258.5,2230.5,2233.5,15721
2024-01-11,2234.0,2252.0,2229.5,2235.0,18275
2024-01-12,2239.0,2245.0,2206.0,2216.0,19184
2024-01-15,2221.5,2230.0,2198.0,2200.0,15791
2024-01-16,2201.5,2217.5,2195.0,2214.0,17438
2024-01-17,2215.0,2217.0,2175.0,2176.0,20056
2024-01-18,2180.0,2192.5,2162.0,2167.0,20346
2024-01-19,2172.0,2182.0,2158.5,2172.5,17134
2024-01-22,2174.0,2180.0,2152.5,2154.5,16131
2024-01-23,2159.0,2237.0,2156.0,2232.0,31918
2024-01-24,2231.0,2268.0,2222.0,2222.0,29117
2024-01-25,2222.5,2244.0,2205.0,2232.0,19805
2024-01-26,2234.0,2283.0,2233.5,2257.5,20401
2024-01-29,2261.5,2268.0,2237.0,2251.0,18297
2024-01-30,2254.5,2277.5,2247.5,2270.0,16699
2024-01-31,2271.0,2297.0,2261.0,2283.0,18998
2024-02-01,2274.0,2276.5,2244.0,2247.0,16972
2024-02-02,2247.0,2253.0,2226.0,2235.5,17820
2024-02-05,2236.5,2236.5,2203.0,2203.0,15554
2024-02-06,2206.0,2242.0,2203.0,2229.0,19761
2024-02-07,2230.5,2234.0,2214.5,2220.0,15152
2024-02-08,2222.0,2251.0,2215.5,2222.0,18275
2024-02-09,2227.0,2228.0,2204.0,2216.0,16509
2024-02-12,2214.0,2234.0,2203.0,2229.0,13915
2024-02-13,2232.0,2250.0,2215.5,2217.0,13105
2024-02-14,2222.5,2244.5,2207.5,2237.0,16057
2024-02-15,2240.0,2244.5,2217.5,2224.0,14158
2024-02-16,2220.0,2238.5,2214.0,2216.0,17889
2024-02-19,2218.0,2229.5,2192.0,2197.5,18167
2024-02-20,2195.5,2236.0,2180.0,2223.5,23304
2024-02-21,2227.0,2269.0,2216.0,2220.0,34163
2024-02-22,2225.0,2234.5,2187.5,2200.5,24990
2024-02-23,2202.0,2213.0,2175.0,2183.0,22870
2024-02-26,2182.0,2195.0,2175.0,2181.5,15300
2024-02-27,2185.0,2208.5,2185.0,2200.0,15893
2024-02-28,2203.5,2203.5,2177.0,2191.0,15425
2024-02-29,2193.5,2230.5,2186.0,2223.5,22966
2024-03-01,2224.5,2248.5,2208.0,2235.5,23950
2024-03-04,2235.0,2242.0,2216.5,2234.5,15308
2024-03-05,2237.0,2241.5,2223.0,2226.0,15108
2024-03-06,2226.5,2243.5,2220.0,2223.0,16532
2024-03-07,2225.0,2265.0,2225.0,2251.5,23162
2024-03-08,2246.5,2267.0,2233.5,2236.0,18122
2024-03-11,2236.0,2260.5,2231.5,2251.0,16731
2024-03-12,2250.0,2270.0,2242.5,2261.5,18232
2024-03-13,2261.0,2274.5,2254.0,2261.5,16674
2024-03-14,2261.0,2272.5,2244.5,2253.5,15480
2024-03-15,2245.0,2281.5,2245.0,2275.5,21721
2024-03-18,2272.5,2294.0,2261.0,2276.0,22554
2024-03-19,2276.5,2279.0,2248.0,2269.0,26165
2024-03-20,2268.0,2287.0,2264.5,2281.0,19904
2024-03-21,2290.0,2313.5,2285.5,2306.5,31050
2024-03-22,2310.0,2312.5,2281.0,2307.5,24737
2024-03-25,2305.0,2331.0,2294.0,2326.0,22854
2024-03-26,2329.0,2331.0,2296.5,2300.0,22531
2024-03-27,2303.0,2309.5,2276.0,2303.0,18324
2024-03-28,2300.5,2340.0,2292.0,2335.0,22012
2024-04-02,2342.0,2387.5,2332.0,2372.0,37236
2024-04-03,2372.0,2440.0,2360.0,2437.5,40574
2024-04-04,2435.0,2461.5,2410.0,2444.0,38019
2024-04-05,2435.0,2455.5,2418.5,2449.5,28361
2024-04-08,2442.0,2470.0,2426.0,2459.0,33402
2024-04-09,2460.0,2470.0,2437.0,2458.5,29115
2024-04-10,2459.5,2494.0,2437.0,2469.5,29008
2024-04-11,2463.0,2482.0,2443.0,2454.5,19252
2024-04-12,2457.5,2512.0,2454.0,2478.5,29950
2024-04-15,2550.0,2728.0,2535.0,2546.5,60694
2024-04-16,2555.0,2569.0,2517.0,2556.5,30913
2024-04-17,2550.0,2597.0,2549.0,2569.5,29971
2024-04-18,2570.0,2620.0,2561.5,2610.0,29023
2024-04-19,2610.0,2684.0,2608.5,2659.5,37672
2024-04-22,2661.0,2688.0,2648.5,2658.0,27602
2024-04-23,2661.5,2669.5,2562.5,2575.5,37639
2024-04-24,2580.0,2614.5,2563.0,2584.0,26792
2024-04-25,2584.0,2612.0,2560.5,2567.5,23561
2024-04-26,2572.5,2600.5,2555.5,2560.0,19510
2024-04-29,2567.0,2595.5,2542.5,2588.0,19784
2024-04-30,2587.0,2594.0,2557.0,2581.5,20020
2024-05-01,2584.0,2594.0,2557.5,2578.5,15108
2024-05-02,2585.0,2590.0,2522.0,2536.5,24037
2024-05-03,2530.5,2572.0,2526.0,2550.5,19268
2024-05-07,2550.5,2593.0,2547.0,2566.5,21440
2024-05-08,2573.0,2573.0,2519.0,2543.0,19493
2024-05-09,2547.5,2571.5,2532.0,2568.0,12236
2024-05-10,2570.0,2589.5,2517.0,2519.0,25163
2024-05-13,2520.5,2556.5,2508.0,2547.5,24624
2024-05-14,2548.0,2559.0,2519.0,2548.0,23175
2024-05-15,2550.5,2620.0,2539.0,2598.0,33127
2024-05-16,2596.0,2627.0,2563.0,2588.0,29628
2024-05-17,2586.0,2623.0,2582.0,2620.0,17483
2024-05-20,2621.0,2648.0,2605.0,2625.5,22744
2024-05-21,2628.0,2765.5,2607.0,2715.5,43122
2024-05-22,2715.5,2749.0,2621.0,2640.5,31314
2024-05-23,2638.0,2645.5,2586.5,2614.0,23236
2024-05-24,2608.5,2675.0,2603.0,2656.0,17669
2024-05-28,2656.0,2741.5,2656.0,2732.0,21243
2024-05-29,2732.0,2798.0,2724.0,2792.0,26469
2024-05-30,2787.5,2799.0,2683.0,2704.0,31676
2024-05-31,2705.5,2737.0,2643.0,2654.5,25615
2024-06-03,2662.5,2691.0,2637.5,2662.0,19137
2024-06-04,2662.0,2686.5,2635.0,2658.5,22405
2024-06-05,2658.5,2663.0,2615.0,2634.0,19961
2024-06-06,2633.5,2673.0,2628.5,2645.0,16558
2024-06-07,2649.0,2658.5,2568.0,2576.0,21355
2024-06-10,2576.0,2586.5,2550.5,2582.0,19648
2024-06-11,2575.5,2589.0,2529.0,2541.5,23483
2024-06-12,2541.5,2581.5,2520.0,2567.5,20752
2024-06-13,2566.0,2591.0,2528.5,2544.0,20552
2024-06-14,2544.0,2552.5,2502.0,2521.0,16257
2024-06-17,2519.5,2523.5,2476.5,2506.0,20928
2024-06-18,2506.0,2520.0,2470.0,2493.0,18758
2024-06-19,2495.0,2520.0,2484.0,2489.5,12893
2024-06-20,2493.0,2525.5,2491.0,2521.0,14785
2024-06-21,2522.5,2537.5,2501.0,2510.5,12935
2024-06-24,2510.5,2531.0,2495.5,2497.0,14678
2024-06-25,2497.0,2513.0,2491.0,2495.5,12081
2024-06-26,2496.0,2516.0,2482.0,2508.5,14861
2024-06-27,2506.5,2519.5,2486.0,2494.5,12606
2024-06-28,2498.0,2543.0,2494.0,2517.5,16238
2024-07-01,2510.0,2547.5,2510.0,2517.5,13161
2024-07-02,2517.5,2537.0,2513.0,2515.0,12475
2024-07-03,2515.0,2561.5,2514.5,2548.0,15778
2024-07-04,2547.0,2552.0,2518.0,2527.0,8945
2024-07-05,2527.0,2557.0,2521.5,2537.5,14834
2024-07-08,2537.0,2541.0,2520.0,2529.0,11627
2024-07-09,2534.0,2536.5,2490.5,2497.0,15058
2024-07-10,2495.5,2501.5,2476.5,2477.0,18595
2024-07-11,2480.0,2508.5,2474.0,2474.5,18659
2024-07-12,2481.0,2489.5,2465.0,2481.0,15326
2024-07-15,2479.5,2489.5,2458.0,2458.5,19175
2024-07-16,2461.0,2462.0,2403.0,2415.0,29293
2024-07-17,2415.5,2424.0,2397.0,2405.0,22503
2024-07-18,2405.5,2430.0,2380.0,2385.5,21529
2024-07-19,2381.5,2385.5,2350.0,2350.0,21806
2024-07-22,2354.0,2364.5,2296.0,2313.0,29420
2024-07-23,2319.0,2327.0,2293.0,2298.0,25938
2024-07-24,2296.0,2320.5,2286.0,2295.0,22616
2024-07-25,2298.0,2303.0,2266.0,2276.0,34032
2024-07-26,2275.0,2298.5,2270.0,2278.0,20925
2024-07-29,2287.0,2299.0,2239.5,2246.5,22418
2024-07-30,2246.5,2253.0,2209.5,2238.0,28209
2024-07-31,2238.0,2324.5,2229.5,2311.5,29512
2024-08-01,2311.5,2327.5,2272.5,2273.5,21046
2024-08-02,2279.0,2304.0,2257.0,2261.5,19890
2024-08-05,2261.0,2283.0,2227.0,2260.0,29023
2024-08-06,2263.5,2305.0,2238.0,2301.0,21165
2024-08-07,2297.5,2300.0,2247.5,2270.5,21204
2024-08-08,2270.5,2285.0,2256.0,2283.0,15220
2024-08-09,2280.0,2329.5,2280.0,2295.0,16062
2024-08-12,2295.0,2331.5,2295.0,2308.5,13224
2024-08-13,2306.5,2340.0,2290.0,2325.5,16678
2024-08-14,2332.5,2365.0,2319.0,2327.0,18896
2024-08-15,2325.0,2370.0,2321.5,2355.5,15021
2024-08-16,2355.5,2374.0,2338.5,2368.0,14010
2024-08-19,2367.0,2449.5,2365.0,2429.5,26776
2024-08-20,2430.0,2506.0,2418.0,2476.0,34545
2024-08-21,2476.0,2495.0,2452.5,2479.0,24424
2024-08-22,2479.0,2531.0,2466.0,2466.5,24247
2024-08-23,2475.0,2547.5,2473.5,2533.5,22379
2024-08-27,2533.5,2554.0,2502.5,2544.0,26717
2024-08-28,2544.0,2548.5,2484.0,2484.0,18626
2024-08-29,2486.5,2486.5,2450.0,2465.5,17825
2024-08-30,2460.0,2498.0,2440.5,2446.0,19575
2024-09-02,2449.5,2456.5,2411.0,2423.5,12255
2024-09-03,2424.0,2428.5,2394.0,2415.5,17210
2024-09-04,2412.5,2418.5,2370.5,2397.0,16132
2024-09-05,2392.0,2410.0,2363.0,2378.0,18938
2024-09-06,2384.0,2394.0,2340.0,2340.0,21902
2024-09-09,2344.5,2365.0,2326.5,2361.5,19794
2024-09-10,2364.0,2375.0,2332.5,2342.0,19024
2024-09-11,2342.0,2379.5,2337.0,2377.5,16740
2024-09-12,2377.5,2427.5,2374.5,2411.5,16829
2024-09-13,2415.5,2487.0,2415.5,2472.5,15594
2024-09-16,2472.0,2545.0,2467.0,2515.0,26702
2024-09-17,2517.0,2539.5,2505.5,2506.5,23389
2024-09-18,2506.5,2542.0,2485.0,2522.0,27697
2024-09-19,2521.5,2569.0,2506.0,2539.0,23520
2024-09-20,2536.5,2551.0,2478.0,2486.0,20893
2024-09-23,2485.0,2499.5,2456.0,2486.0,18870
2024-09-24,2489.0,2568.0,2483.0,2489.0,27466
2024-09-25,2557.0,2580.0,2516.0,2539.0,23335
2024-09-26,2535.0,2622.0,2532.0,2617.5,30623
2024-09-27,2618.0,2659.0,2614.0,2632.5,27341
2024-09-30,2650.0,2654.0,2585.0,2605.0,24115
2024-10-01,2602.0,2652.0,2596.0,2631.5,17796
2024-10-02,2635.0,2686.0,2634.0,2682.5,18582
2024-10-03,2682.0,2694.0,2606.0,2635.5,17655
2024-10-04,2631.0,2678.5,2630.0,2663.5,16260
2024-10-07,2662.5,2669.0,2641.5,2654.0,10963
2024-10-08,2655.0,2664.0,2564.0,2568.5,23673
2024-10-09,2571.5,2579.0,2505.0,2544.0,21803
2024-10-10,2545.0,2595.0,2539.0,2590.0,17264
2024-10-11,2592.0,2663.0,2588.5,2636.0,28399
2024-10-14,2634.0,2640.0,2582.0,2595.0,21986
2024-10-15,2595.0,2606.0,2535.5,2571.0,17721
2024-10-16,2585.0,2601.5,2571.0,2585.0,16159
2024-10-17,2581.5,2598.0,2543.0,2557.0,16746
2024-10-18,2560.0,2616.0,2548.0,2612.5,16049
2024-10-21,2615.5,2656.5,2592.0,2595.5,17417
2024-10-22,2591.5,2647.5,2588.0,2635.5,15583
2024-10-23,2632.5,2684.0,2626.0,2656.5,19742
2024-10-24,2663.0,2715.0,2613.0,2639.0,24945
2024-10-25,2639.0,2685.5,2593.5,2670.0,22038
2024-10-28,2663.5,2681.5,2633.0,2650.5,14844
2024-10-29,2647.5,2682.5,2632.0,2659.5,15836
2024-10-30,2660.5,2677.5,2612.5,2614.0,17944
2024-10-31,2614.0,2650.0,2606.5,2624.5,17121
2024-11-01,2622.0,2654.0,2582.5,2603.0,19641
2024-11-04,2601.0,2630.0,2595.5,2621.0,13219
2024-11-05,2620.0,2663.0,2612.0,2657.0,17742
2024-11-06,2639.0,2653.0,2568.5,2615.0,25170
2024-11-07,2615.0,2732.0,2614.5,2703.5,31196
2024-11-08,2704.0,2711.5,2616.0,2626.5,26032
2024-11-11,2629.0,2634.0,2571.5,2572.0,16482
2024-11-12,2576.0,2585.5,2544.0,2564.0,21715
2024-11-13,2564.0,2569.0,2518.0,2528.0,19485
2024-11-14,2529.5,2563.0,2485.0,2522.0,28948
2024-11-15,2522.5,2730.0,2521.5,2656.5,48577
2024-11-18,2651.5,2689.0,2576.0,2611.0,30559
2024-11-19,2609.5,2655.0,2606.0,2645.5,19520
2024-11-20,2651.5,2692.5,2630.0,2630.0,19592
2024-11-21,2634.0,2650.0,2620.0,2633.0,14173
2024-11-22,2632.5,2643.0,2610.0,2629.5,12886
2024-11-25,2635.0,2679.0,2635.0,2647.5,17756
2024-11-26,2643.0,2643.5,2600.5,2607.0,16345
2024-11-27,2607.0,2630.0,2581.0,2600.0,14206
2024-11-28,2597.0,2603.0,2563.0,2588.0,11622
2024-11-29,2594.0,2620.0,2586.0,2596.5,13721
2024-12-02,2594.5,2612.0,2574.5,2600.0,12982
2024-12-03,2597.5,2617.0,2575.0,2607.0,16632
2024-12-04,2607.0,2648.5,2603.0,2636.0,16269
2024-12-05,2638.0,2649.0,2626.0,2637.5,11548
2024-12-06,2633.0,2637.5,2584.0,2604.5,17462
2024-12-09,2604.0,2622.5,2584.0,2596.5,17333
2024-12-10,2590.5,2619.5,2570.0,2615.0,17262
2024-12-11,2616.0,2625.0,2576.0,2605.5,13457
2024-12-12,2605.0,2623.0,2589.0,2603.5,15393
2024-12-13,2602.0,2618.0,2586.0,2615.0,11874
2024-12-16,2615.0,2615.5,2559.5,2563.5,19261
2024-12-17,2563.5,2566.0,2526.0,2536.5,18562
2024-12-18,2544.0,2549.0,2526.0,2527.5,12734
2024-12-19,2524.0,2527.5,2505.5,2515.0,17450
2024-12-20,2516.0,2544.5,2511.5,2540.0,15561
2024-12-23,2540.0,2562.5,2515.0,2538.0,12441
2024-12-24,2535.0,2575.5,2526.5,2556.0,11652
2024-12-27,2553.0,2562.0,2533.5,2557.0,12507
2024-12-30,2551.0,2567.0,2544.5,2549.0,7951
2024-12-31,2550.0,2562.5,2537.0,2552.5,7424
2025-01-02,2554.0,2574.5,2527.5,2529.0,14961
2025-01-03,2530.0,2536.5,2491.0,2494.0,18178
2025-01-06,2496.0,2514.5,2477.0,2491.0,20839
2025-01-07,2491.0,2524.0,2484.0,2521.0,19185
2025-01-08,2522.0,2529.0,2490.0,2507.5,16434
2025-01-09,2505.0,2548.0,2502.0,2548.0,16348
2025-01-10,2545.0,2596.0,2539.0,2567.5,23146
2025-01-13,2561.0,2591.5,2561.0,2571.5,16983
2025-01-14,2575.0,2602.0,2553.0,2573.0,22557
2025-01-15,2573.0,2607.0,2553.0,2603.5,18983
2025-01-16,2603.5,2647.0,2594.5,2633.5,25583
2025-01-17,2631.5,2692.0,2631.5,2678.5,32201
2025-01-20,2680.0,2705.0,2667.0,2687.0,25552
2025-01-21,2681.0,2692.0,2632.0,2649.5,25310
2025-01-22,2649.5,2653.0,2609.0,2632.5,16024
2025-01-23,2628.5,2632.0,2605.5,2627.5,13874
2025-01-24,2628.0,2660.5,2622.0,2631.5,15025
2025-01-27,2631.5,2638.5,2591.5,2608.0,16660
2025-01-28,2608.0,2608.5,2570.0,2571.0,15594
2025-01-29,2573.5,2635.0,2561.0,2620.0,18968
2025-01-30,2622.0,2634.0,2610.5,2611.5,12729
2025-01-31,2611.5,2613.5,2588.5,2592.0,13863
2025-02-03,2560.0,2633.5,2553.5,2617.5,21834
2025-02-04,2622.0,2644.5,2611.0,2629.0,17965
2025-02-05,2629.0,2638.0,2592.0,2629.0,21495
2025-02-06,2620.0,2640.0,2608.5,2623.0,13854
2025-02-07,2623.0,2651.0,2621.5,2627.0,16849
2025-02-10,2643.0,2664.5,2614.0,2658.5,15403
2025-02-11,2658.5,2668.0,2631.5,2636.5,18168
2025-02-12,2635.5,2637.5,2607.0,2624.0,19867
2025-02-13,2624.0,2634.5,2583.5,2603.5,20829
2025-02-14,2606.0,2649.5,2606.0,2635.0,22079
2025-02-17,2635.0,2651.0,2613.0,2646.5,15539
2025-02-18,2646.5,2674.5,2627.0,2670.0,17735
2025-02-19,2670.0,2704.0,2655.5,2680.0,27891
2025-02-20,2687.0,2730.0,2686.5,2728.5,22739
2025-02-21,2726.0,2736.0,2672.0,2675.5,21806
2025-02-24,2677.0,2679.0,2641.0,2652.5,18766
2025-02-25,2650.0,2669.0,2627.0,2637.5,22381
2025-02-26,2643.0,2665.0,2621.0,2629.0,20701
2025-02-27,2633.5,2652.0,2620.0,2630.0,16166
2025-02-28,2632.5,2641.0,2600.0,2603.5,19893
2025-03-03,2605.5,2630.0,2602.5,2612.0,15962
2025-03-04,2613.0,2626.0,2597.5,2622.0,18402
2025-03-05,2620.0,2670.0,2609.5,2664.0,24753
2025-03-06,2664.5,2703.5,2663.5,2702.0,22633
2025-03-07,2699.0,2711.0,2675.5,2688.0,20891
2025-03-10,2688.0,2707.5,2683.5,2686.5,13775
2025-03-11,2685.0,2711.0,2669.0,2704.0,17074
2025-03-12,2704.0,2726.0,2692.5,2699.0,20387
2025-03-13,2701.0,2707.5,2666.5,2702.0,17757
2025-03-14,2703.0,2707.5,2677.5,2686.0,14873
2025-03-17,2690.0,2705.0,2678.0,2690.5,17881
2025-03-18,2690.0,2699.0,2650.0,2650.5,20142
2025-03-19,2650.5,2678.0,2646.0,2671.0,14594
2025-03-20,2674.0,2691.0,2653.0,2657.0,22112
2025-03-21,2662.0,2668.0,2620.5,2624.0,21589
2025-03-24,2622.5,2645.0,2605.0,2612.0,46801
2025-03-25,2612.0,2630.5,2605.0,2608.0,81095
2025-03-26,2612.0,2628.0,2600.5,2604.5,71462
2025-03-27,2605.0,2620.0,2555.0,2559.0,119531
2025-03-28,2563.5,2570.5,2545.0,2549.5,73398
2025-03-31,2552.5,2560.5,2525.0,2536.0,22804
2025-04-01,2542.0,2551.5,2502.0,2502.5,28831
2025-04-02,2509.0,2510.0,2485.0,2489.0,31539
2025-04-03,2480.0,2488.0,2445.0,2458.5,47442
2025-04-04,2459.0,2459.0,2370.0,2387.5,45195
2025-04-07,2363.0,2427.5,2320.0,2372.0,60296
2025-04-08,2372.0,2407.5,2335.0,2337.5,38475
2025-04-09,2335.0,2373.0,2300.0,2356.5,45489
2025-04-10,2356.5,2415.0,2351.0,2366.0,40030
2025-04-11,2366.0,2419.0,2355.0,2397.0,23548
2025-04-14,2400.0,2425.0,2372.0,2378.0,21412
2025-04-15,2378.0,2393.0,2369.5,2372.0,19063
2025-04-16,2372.0,2390.0,2352.5,2387.0,23171
2025-04-17,2385.0,2396.0,2363.0,2382.5,16398
2025-04-22,2386.5,2403.0,2372.0,2389.5,16862
2025-04-23,2397.5,2451.0,2397.0,2440.5,28171
2025-04-24,2441.0,2461.0,2429.0,2457.5,17000
2025-04-25,2458.5,2468.0,2426.0,2435.5,18913
2025-04-28,2437.0,2443.0,2421.5,2435.5,12160
2025-04-29,2435.5,2471.0,2429.0,2468.5,16619
2025-04-30,2469.5,2471.5,2391.5,2392.0,24367
2025-05-01,2391.0,2423.0,2391.0,2408.5,15567
2025-05-02,2410.0,2449.0,2407.0,2434.0,19160
2025-05-06,2444.0,2460.0,2415.0,2426.0,17916
2025-05-07,2431.0,2444.0,2377.0,2380.0,23758
2025-05-08,2380.0,2415.0,2377.0,2407.0,20194
2025-05-09,2408.0,2440.0,2399.0,2418.0,19326
2025-05-12,2426.0,2495.0,2420.0,2470.0,29526
2025-05-13,2471.5,2494.0,2467.5,2489.5,20371
2025-05-14,2490.0,2543.5,2486.0,2521.0,33766
2025-05-15,2519.0,2524.0,2481.0,2497.5,21466
2025-05-16,2500.0,2504.0,2461.5,2482.5,19718
2025-05-19,2485.0,2492.0,2432.0,2436.0,20538
2025-05-20,2438.0,2484.0,2429.0,2479.5,19173
2025-05-21,2479.5,2497.5,2464.0,2473.0,14638
2025-05-22,2474.5,2486.5,2445.0,2456.0,16073
2025-05-23,2456.0,2473.0,2440.0,2465.5,17653
2025-05-27,2465.5,2488.5,2442.5,2482.5,21581
2025-05-28,2482.5,2495.5,2460.0,2463.0,15853
2025-05-29,2465.0,2489.0,2447.5,2450.0,15178
2025-05-30,2450.0,2456.0,2436.0,2448.0,14191
2025-06-02,2448.0,2476.5,2425.5,2473.0,19486
2025-06-03,2473.0,2475.0,2432.0,2470.5,19587
2025-06-04,2470.5,2495.0,2469.5,2487.0,18285
2025-06-05,2485.0,2493.0,2471.0,2474.0,18610
2025-06-06,2477.0,2482.5,2437.0,2451.5,21097
2025-06-09,2452.5,2484.0,2445.0,2483.0,16257
2025-06-10,2481.0,2494.5,2462.0,2492.5,18479
2025-06-11,2492.5,2527.5,2489.0,2516.5,25802
2025-06-12,2514.0,2529.5,2505.5,2519.5,18831
2025-06-13,2517.0,2526.5,2471.0,2503.0,24594
2025-06-16,2497.5,2521.5,2483.0,2516.5,16474
2025-06-17,2515.5,2554.0,2504.0,2545.0,29699
2025-06-18,2545.0,2560.5,2537.5,2543.0,17118
2025-06-19,2544.0,2549.5,2515.0,2525.0,12974
2025-06-20,2525.0,2564.0,2513.0,2525.0,12874
2025-06-23,2554.0,2640.5,2545.5,2592.0,32696
2025-06-24,2583.0,2588.0,2542.5,2568.0,29232
2025-06-25,2569.0,2578.5,2556.0,2566.5,19438
2025-06-26,2567.0,2592.5,2563.5,2584.5,17420
2025-06-27,2580.0,2598.5,2570.0,2595.0,14732
2025-06-30,2594.0,2602.5,2588.5,2597.0,16739
2025-07-01,2595.0,2617.0,2595.0,2601.5,18771
2025-07-02,2601.5,2624.5,2587.0,2614.5,23755
2025-07-03,2616.5,2624.0,2599.5,2604.0,19487
2025-07-04,2604.0,2608.5,2582.0,2592.0,10434
2025-07-07,2592.0,2601.0,2555.5,2563.5,16585
2025-07-08,2572.0,2600.0,2569.5,2576.5,16188
2025-07-09,2579.5,2605.0,2568.0,2601.5,15508
2025-07-10,2600.5,2619.5,2597.0,2606.0,16835
2025-07-11,2607.0,2613.5,2589.5,2600.5,12984
2025-07-14,2603.0,2604.5,2574.0,2595.5,16481
2025-07-15,2595.5,2604.5,2574.5,2583.0,16429
2025-07-16,2582.0,2585.5,2562.0,2574.0,16485
2025-07-17,2573.5,2590.0,2558.0,2587.0,13103
2025-07-18,2589.5,2638.5,2582.5,2636.0,26221
2025-07-21,2636.0,2651.5,2629.0,2639.0,19734
2025-07-22,2639.0,2660.0,2631.5,2651.0,18599
2025-07-23,2648.5,2659.0,2632.5,2639.0,16356
2025-07-24,2643.5,2664.5,2637.5,2646.0,15145
2025-07-25,2646.0,2659.5,2630.5,2630.5,11536
2025-07-28,2637.0,2642.0,2624.0,2631.0,13721
2025-07-29,2634.0,2634.0,2601.0,2605.0,13148
2025-07-30,2607.5,2621.0,2599.5,2608.0,15134
2025-07-31,2599.0,2609.0,2562.5,2562.5,20388
2025-08-01,2565.0,2576.0,2543.0,2571.0,23346
2025-08-04,2571.0,2587.5,2551.0,2569.0,16506
2025-08-05,2569.0,2579.5,2559.0,2565.5,12439
2025-08-06,2566.0,2624.5,2560.0,2621.5,25542
2025-08-07,2619.0,2641.5,2601.0,2610.5,18263
2025-08-08,2612.5,2621.5,2605.0,2614.0,9406
2025-08-11,2606.0,2624.0,2583.0,2586.0,11096
2025-08-12,2582.0,2631.0,2582.0,2622.5,17752
2025-08-13,2622.5,2640.0,2608.0,2608.5,11911
2025-08-14,2606.0,2627.5,2606.0,2624.0,11351
2025-08-15,2621.5,2631.5,2592.5,2603.0,12672
2025-08-18,2602.5,2607.0,2580.5,2587.5,13414
2025-08-19,2587.5,2587.5,2561.0,2565.5,17271
2025-08-20,2569.0,2584.5,2558.0,2576.0,15564
2025-08-21,2576.0,2594.5,2568.5,2591.5,11726
2025-08-22,2593.0,2626.0,2581.0,2620.5,14410
2025-08-26,2622.5,2639.5,2601.0,2636.5,18905
2025-08-27,2635.0,2646.0,2594.5,2603.0,18759
2025-08-28,2603.0,2623.0,2599.5,2605.5,13620
2025-08-29,2608.5,2622.0,2606.5,2618.0,12318
2025-09-01,2614.0,2620.0,2605.0,2617.5,8838
2025-09-02,2617.5,2625.0,2600.0,2619.5,15971
2025-09-03,2623.0,2623.0,2607.0,2613.0,11837
2025-09-04,2612.5,2614.0,2588.0,2589.5,16917
2025-09-05,2592.0,2624.5,2590.0,2602.5,17111
2025-09-08,2609.5,2624.5,2600.5,2609.5,18272
2025-09-09,2610.0,2629.5,2610.0,2628.0,15658
2025-09-10,2622.5,2631.5,2618.0,2621.5,12271
2025-09-11,2622.0,2679.5,2621.5,2677.5,31848
2025-09-12,2676.5,2703.5,2673.0,2700.5,29275
2025-09-15,2700.5,2705.0,2680.0,2700.0,21212
2025-09-16,2701.0,2720.0,2691.0,2709.5,22836
2025-09-17,2712.5,2716.0,2679.0,2686.5,26768
2025-09-18,2681.0,2705.0,2666.5,2702.5,21426
2025-09-19,2698.5,2702.0,2666.0,2676.0,17860
2025-09-22,2676.0,2682.5,2635.0,2654.0,19409
2025-09-23,2652.5,2657.5,2633.0,2646.0,14691
2025-09-24,2642.5,2660.0,2625.5,2653.5,19589
2025-09-25,2653.5,2670.0,2638.5,2664.0,18715
2025-09-26,2660.5,2668.0,2643.0,2648.0,12271
2025-09-29,2649.0,2687.5,2649.0,2670.0,17151
2025-09-30,2670.0,2689.5,2661.5,2687.0,14858
2025-10-01,2685.0,2696.0,2680.0,2693.0,15142
2025-10-02,2690.0,2714.0,2678.0,2687.0,15306
2025-10-03,2687.5,2713.0,2686.0,2702.0,15373
2025-10-06,2708.0,2729.5,2694.5,2714.0,23025
2025-10-07,2714.5,2748.0,2711.5,2742.0,22921
2025-10-08,2742.0,2762.0,2737.5,2750.0,22830
2025-10-09,2750.0,2807.5,2746.5,2782.5,38031
2025-10-10,2786.0,2794.0,2736.0,2746.0,30619
2025-10-13,2746.0,2775.5,2744.0,2757.0,22673
2025-10-14,2759.5,2778.5,2714.5,2739.5,24457
2025-10-15,2739.5,2760.0,2732.5,2744.5,17636
2025-10-16,2737.0,2799.0,2737.0,2795.5,19845
2025-10-17,2795.0,2798.5,2741.5,2778.0,25800
2025-10-20,2777.5,2787.5,2761.0,2766.5,14854
2025-10-21,2768.0,2798.5,2764.0,2780.5,20440
2025-10-22,2780.5,2822.0,2775.0,2805.5,20095
2025-10-23,2805.0,2874.5,2804.5,2864.0,29532
2025-10-24,2863.0,2883.5,2833.0,2856.5,26575
2025-10-27,2869.0,2889.0,2862.0,2877.5,20449
2025-10-28,2877.5,2897.0,2846.5,2894.0,20666
2025-10-29,2894.0,2917.0,2870.0,2870.0,21313
2025-10-30,2870.0,2880.0,2837.0,2869.5,23676
2025-10-31,2869.5,2895.5,2844.5,2888.0,27724
2025-11-03,2888.0,2920.0,2880.5,2907.0,23672
2025-11-04,2905.0,2905.5,2841.5,2865.5,24843
2025-11-05,2865.5,2874.0,2840.0,2843.0,20510
2025-11-06,2846.0,2882.5,2831.5,2843.0,23021
2025-11-07,2844.5,2868.0,2838.5,2860.5,15407
2025-11-10,2862.5,2895.0,2860.0,2879.0,20411
2025-11-11,2885.0,2891.0,2862.0,2878.0,18629
2025-11-12,2877.0,2902.5,2872.5,2886.0,21414
2025-11-13,2886.0,2911.5,2873.0,2875.5,22158
2025-11-14,2880.5,2883.5,2834.5,2856.5,27342
2025-11-17,2857.5,2858.5,2805.0,2806.0,23763
2025-11-18,2805.0,2812.5,2770.0,2787.5,30423
2025-11-19,2786.0,2819.5,2783.0,2814.5,22603
2025-11-20,2815.0,2829.5,2801.0,2806.5,20876
2025-11-21,2803.0,2812.0,2773.0,2806.0,24526
2025-11-24,2802.5,2817.5,2796.0,2812.0,14999
2025-11-25,2807.0,2828.0,2791.0,2800.5,18391
2025-11-26,2805.0,2869.5,2804.0,2864.0,27151
2025-11-27,2856.0,2867.5,2822.0,2829.5,16349
2025-11-28,2830.0,2879.5,2826.5,2863.5,19613
2025-12-01,2877.5,2895.5,2866.0,2886.5,22220
2025-12-02,2885.0,2904.5,2850.5,2854.5,20145
2025-12-03,2854.5,2903.5,2854.5,2896.5,26588
2025-12-04,2896.0,2910.5,2877.5,2886.0,25990
2025-12-05,2893.0,2920.0,2882.0,2900.5,22743
2025-12-08,2897.0,2914.5,2871.0,2885.0,19439
2025-12-09,2885.0,2893.0,2843.0,2845.5,26300
2025-12-10,2853.0,2886.0,2846.5,2862.5,16025
2025-12-11,2877.0,2907.0,2867.5,2895.5,20627
2025-12-12,2892.5,2908.0,2856.5,2873.0,23393
2025-12-15,2869.0,2889.0,2859.5,2873.5,19866
2025-12-16,2873.5,2886.0,2850.5,2882.0,22608
2025-12-17,2882.0,2908.0,2876.0,2904.5,16844
2025-12-18,2896.0,2918.0,2887.5,2916.0,17175
2025-12-19,2916.0,2960.0,2909.5,2955.0,21404
2025-12-22,2955.0,2968.0,2938.0,2939.5,14859
2025-12-23,2943.5,2966.0,2926.5,2939.0,15860
2025-12-24,2947.0,2969.5,2943.5,2953.0,11706
2025-12-29,2966.0,2997.5,2939.0,2950.5,27581
2025-12-30,2950.5,2986.5,2948.0,2982.5,18069
2025-12-31,2982.5,2997.0,2970.5,2995.0,12859
2026-01-02,2996.0,3025.0,2986.0,3021.0,21268
2026-01-05,3024.0,3093.0,3023.5,3090.0,38905
2026-01-06,3080.5,3138.0,3080.5,3134.0,42699
2026-01-07,3080.5,3141.5,3074.5,3082.5,31814
2026-01-08,3081.0,3101.5,3049.0,3087.5,32838
2026-01-09,3081.0,3161.0,3081.0,3148.0,37747
2026-01-12,3157.0,3200.0,3143.0,3189.0,35717
2026-01-13,3189.0,3215.5,3157.5,3195.0,30852
2026-01-14,3195.0,3225.0,3176.0,3187.0,28834
2026-01-15,3187.0,3187.0,3136.0,3170.0,29782
2026-01-16,3166.5,3174.0,3113.0,3130.0,29179
2026-01-19,3142.5,3167.5,3124.5,3163.5,18098
2026-01-20,3163.5,3164.5,3096.0,3118.5,24903
2026-01-21,3116.0,3151.5,3104.5,3117.5,24310
2026-01-22,3120.0,3145.5,3106.5,3137.0,22395
2026-01-23,3140.0,3180.5,3129.5,3171.5,28227
2026-01-26,3169.0,3204.0,3159.5,3196.0,25480
2026-01-27,3182.5,3213.5,3153.0,3211.5,23691
2026-01-28,3220.0,3314.0,3219.0,3261.5,47276
2026-01-29,3285.0,3356.0,3191.0,3232.0,61209
2026-01-30,3240.0,3241.0,3057.0,3132.5,58699
2026-02-02,3127.5,3127.5,2979.5,3056.5,52536
2026-02-03,3070.0,3124.5,3042.0,3098.0,33377
2026-02-04,3108.5,3133.5,3050.0,3108.5,25932
2026-02-05,3065.0,3075.0,3014.5,3026.0,25678
2026-02-06,3021.0,3119.5,2990.0,3109.0,28499
2026-02-09,3113.5,3136.0,3077.5,3130.0,24898
2026-02-10,3121.5,3125.0,3086.5,3102.0,16496
2026-02-11,3102.0,3138.5,3094.0,3116.5,19191
2026-02-12,3117.0,3163.5,3088.5,3095.5,29602
2026-02-13,3091.0,3106.0,3015.5,3090.5,36294
2026-02-16,3076.5,3098.5,3036.5,3043.0,12645
2026-02-17,3042.5,3068.0,3028.0,3037.0,18114
2026-02-18,3029.0,3097.5,3029.0,3083.5,18058
2026-02-19,3076.5,3093.5,3036.5,3066.0,19249
2026-02-20,3074.0,3119.0,3067.0,3105.5,19121
2026-02-23,3103.0,3116.0,3081.0,3089.5,13400
2026-02-24,3097.0,3127.5,3090.0,3108.5,18149
2026-02-25,3106.0,3175.0,3102.0,3173.5,21034
2026-02-26,3173.5,3173.5,3113.5,3138.5,21480
2026-02-27,3144.5,3173.0,3128.5,3139.0,20651
2026-03-02,3169.0,3254.0,3167.0,3182.5,43660
2026-03-03,3182.5,3315.0,3151.0,3275.0,58038
2026-03-04,3258.0,3418.0,3255.0,3330.5,59498
2026-03-05,3315.0,3400.5,3269.0,3292.5,53446
2026-03-06,3294.5,3449.5,3277.5,3431.0,42183
2026-03-09,3443.5,3543.5,3362.0,3385.0,55933
2026-03-10,3350.0,3412.0,3265.5,3394.5,40813
2026-03-11,3400.0,3487.0,3396.5,3450.5,34666
2026-03-12,3461.0,3546.5,3452.0,3461.0,42462
2026-03-13,3521.5,3528.5,3420.5,3439.0,34006
2026-03-16,3456.0,3494.5,3372.0,3391.0,32689
2026-03-17,3391.0,3430.0,3359.0,3362.0,28568
2026-03-18,3370.0,3419.5,3336.0,3416.5,36207
2026-03-19,3427.0,3432.0,3115.0,3242.0,65415
2026-03-20,3256.0,3299.0,3181.0,3192.0,32581
2026-03-23,3178.0,3234.0,3162.5,3225.5,29210
2026-03-24,3223.0,3268.0,3177.5,3245.5,25450
2026-03-25,3260.0,3264.5,3219.0,3239.5,20052
2026-03-26,3240.0,3298.5,3212.0,3255.0,25197
2026-03-27,3262.0,3303.0,3229.0,3282.5,17966
2026-03-30,3400.0,3492.0,3375.0,3442.0,45501
2026-03-31,3435.5,3536.0,3418.5,3435.5,49804
2026-04-01,3435.5,3537.0,3425.0,3527.0,48284
2026-04-02,3523.5,3525.5,3428.0,3465.0,34487
2026-04-07,3468.0,3520.0,3456.5,3466.5,23164
2026-04-08,3466.5,3512.0,3443.0,3475.0,30386
2026-04-09,3466.5,3477.0,3433.0,3447.5,25916
2026-04-10,3447.5,3518.0,3439.0,3509.0,25015
2026-04-13,3493.5,3655.0,3492.5,3624.5,35465
2026-04-14,3616.0,3649.0,3552.0,3584.0,31669
2026-04-15,3584.0,3634.0,3552.0,3620.5,24728
2026-04-16,3618.0,3672.0,3612.5,3643.5,18733
2026-04-17,3643.5,3655.0,3435.0,3545.0,32319
2026-04-20,3580.0,3592.5,3523.0,3546.5,19378
2026-04-21,3557.5,3579.5,3511.5,3530.0,15699
2026-04-22,3545.0,3629.0,3534.0,3618.5,23510
2026-04-23,3618.5,3629.5,3575.5,3598.0,17283
2026-04-24,3597.0,3627.0,3577.5,3591.0,17803
2026-04-27,3592.5,3629.5,3565.0,3572.5,14661
2026-04-28,3588.5,3588.5,3514.0,3536.5,23068
2026-04-29,3527.5,3560.0,3472.5,3487.5,17051
2026-04-30,3498.0,3501.5,3451.5,3478.5,19631
2026-05-01,3482.5,3534.0,3482.0,3504.0,14732
2026-05-05,3508.5,3595.5,3489.0,3571.0,18366
2026-05-06,3571.5,3597.0,3515.0,3536.5,20315
2026-05-07,3527.5,3537.5,3477.0,3490.0,17075
2026-05-08,3486.5,3525.0,3479.0,3500.0,16274
2026-05-11,3500.0,3584.5,3500.0,3581.5,22582
2026-05-12,3584.5,3584.5,3538.0,3572.5,16699
2026-05-13,3579.0,3690.0,3573.0,3651.0,34385
2026-05-14,3651.0,3686.5,3615.5,3658.0,22998
2026-05-15,3660.0,3660.0,3550.0,3571.0,29552
2026-05-18,3571.0,3591.0,3535.0,3557.5,18607
2026-05-19,3566.5,3622.0,3552.5,3587.0,20636
2026-05-20,3593.0,3635.0,3585.5,3628.0,17347
2026-05-21,3628.0,3684.0,3601.5,3638.0,22451
2026-05-22,3635.0,3671.5,3634.5,3655.5,11422
2026-05-26,3633.0,3707.5,3622.5,3671.5,21636
2026-05-27,3675.5,3699.5,3612.0,3626.0,20474
2026-05-28,3625.0,3684.5,3607.5,3681.0,19934
2026-05-29,3681.0,3683.0,3639.5,3670.5,20652
2026-06-01,3667.0,3734.0,3666.5,3667.0,21718
2026-06-02,3725.5,3787.5,3724.5,3760.0,23019
2026-06-03,3755.0,3764.5,3686.0,3704.5,22534
2026-06-04,3695.0,3709.5,3648.5,3670.0,18741
2026-06-05,3673.0,3676.0,3587.0,3603.0,27826
2026-06-08,3602.0,3615.5,3578.0,3605.5,18817
2026-06-09,3598.5,3621.0,3512.0,3530.5,31584
2026-06-10,3537.0,3540.0,3461.0,3494.0,40686
2026-06-11,3480.0,3537.0,3468.5,3524.5,27432
2026-06-12,3529.5,3550.0,3498.5,3541.5,23940
2026-06-15,3541.5,3560.0,3357.0,3381.5,49341
2026-06-16,3400.0,3400.0,3334.0,3389.0,42915
2026-06-17,3391.5,3433.0,3389.0,3421.0,21066
2026-06-18,3397.0,3420.5,3369.0,3394.0,23649
2026-06-19,3409.0,3409.5,3386.0,3395.5,10187
2026-06-22,3402.5,3426.5,3359.0,3360.0,21852
2026-06-23,3363.5,3363.5,3225.5,3256.5,51712
2026-06-24,3259.5,3264.0,3110.0,3259.5,52081
2026-06-25,3127.0,3187.5,3113.5,3181.5,27929
2026-06-26,3174.0,3202.5,3150.0,3198.0,21602
2026-06-29,3196.0,3207.5,3085.0,3098.5,27834
2026-06-30,3096.0,3141.5,3082.0,3105.0,36103
2026-07-01,3103.0,3103.0,3045.5,3092.0,31662
2026-07-02,3092.0,3103.0,3040.0,3083.0,25676
2026-07-03,3083.0,3130.0,3077.5,3088.5,20932
2026-07-06,3088.5,3124.5,3088.5,3112.0,15242
2026-07-07,3112.0,3152.0,3103.0,3139.0,20266
2026-07-08,3140.0,3165.0,3125.5,3138.0,21302
2026-07-09,3144.5,3213.5,3123.5,3210.5,25376
2026-07-10,3205.0,3224.5,3135.0,3144.0,23202
2026-07-13,3153.0,3172.5,3122.5,3155.0,17363
2026-07-14,3155.0,3203.5,3152.0,3167.0,16750
2026-07-15,3165.0,3196.0,3144.0,3151.5,11621
2026-07-16,3150.5,3191.5,3144.0,3177.5,15459
2026-07-17,3180.5,3181.5,3140.5,3166.5,12710
