date,open,high,low,close,volume
2015-01-05,1.69,1.98,1.67,1.98,305108.38
2015-01-06,2.13,2.23,2.0,2.07,564957.03
2015-01-07,2.05,2.33,2.0,2.19,415685.62
2015-01-08,2.15,2.2,2.02,2.09,247315.32
2015-01-09,2.05,2.22,2.04,2.07,315784.02
2015-01-12,1.99,2.05,1.91,2.01,206291.34
2015-01-13,2.01,2.05,1.9,1.91,193576.4
2015-01-14,1.93,1.95,1.78,1.83,217685.14
2015-01-15,1.8,1.87,1.76,1.86,187709.68
2015-01-16,1.9,1.98,1.86,1.97,338628.72
2015-01-19,1.79,1.9,1.65,1.74,241504.56
2015-01-20,1.77,1.82,1.72,1.8,145366.49
2015-01-21,1.81,2.1,1.81,2.0,454624.89
2015-01-22,2.01,2.33,1.97,2.33,608139.82
2015-01-23,2.37,2.56,2.33,2.41,687994.4
2015-01-26,2.37,2.52,2.3,2.49,475765.65
2015-01-27,2.45,2.83,2.43,2.68,546382.52
2015-01-28,2.6,2.63,2.5,2.53,281843.12
2015-01-29,2.47,2.51,2.34,2.44,240299.84
2015-01-30,2.44,2.6,2.41,2.45,294558.36
2015-02-02,2.4,2.56,2.32,2.5,196895.21
2015-02-03,2.54,2.57,2.37,2.51,218118.7
2015-02-04,2.49,2.74,2.48,2.68,400083.98
2015-02-05,2.77,2.91,2.54,2.55,330420.35
2015-02-06,2.45,2.54,2.3,2.36,225229.14
2015-02-09,2.36,2.41,2.31,2.34,124628.76
2015-02-10,2.32,2.46,2.31,2.44,118878.85
2015-02-11,2.43,2.49,2.34,2.41,152897.83
2015-02-12,2.42,2.43,2.29,2.35,142242.94
2015-02-13,2.4,2.63,2.38,2.53,287238.2
2015-02-16,2.56,2.6,2.48,2.6,180237.11
2015-02-17,2.59,2.66,2.55,2.56,151159.52
2015-02-25,2.57,2.57,2.44,2.46,140937.02
2015-02-26,2.46,2.83,2.44,2.83,299977.42
2015-02-27,2.85,3.16,2.75,2.96,461119.64
2015-03-02,3.06,3.2,2.95,3.03,405838.43
2015-03-03,2.99,3.23,2.92,2.97,377340.48
2015-03-04,2.94,3.03,2.81,2.94,298982.51
2015-03-05,2.89,3.12,2.86,3.07,283782.18
2015-03-06,3.03,3.35,2.98,3.14,343724.74
2015-03-09,3.1,3.12,2.91,3.09,214229.73
2015-03-10,3.07,3.23,3.04,3.07,174100.63
2015-03-11,3.07,3.18,2.94,3.02,165508.81
2015-03-12,3.02,3.08,2.94,3.03,128768.87
2015-03-13,3.02,3.27,2.97,3.15,184893.37
2015-03-16,3.17,3.33,3.12,3.33,229528.8
2015-03-17,3.34,3.42,3.24,3.28,259421.52
2015-03-18,3.25,3.34,3.24,3.34,217550.18
2015-03-19,3.34,3.47,3.27,3.3,244449.5
2015-03-20,3.3,3.3,3.19,3.28,205280.85
2015-03-23,3.36,3.47,3.28,3.31,254149.17
2015-03-24,3.32,3.39,3.14,3.25,268390.16
2015-03-25,3.21,3.24,3.04,3.09,275913.1
2015-03-26,3.09,3.26,3.0,3.19,291114.23
2015-03-27,3.22,3.26,3.19,3.2,216859.74
2015-03-30,3.21,3.3,3.17,3.28,274583.01
2015-03-31,3.29,3.47,3.26,3.3,369002.7
2015-04-01,3.3,3.39,3.25,3.37,222921.7
2015-04-02,3.4,3.57,3.31,3.55,383982.96
2015-04-03,3.46,3.64,3.44,3.53,278215.08
2015-04-07,3.53,3.69,3.49,3.59,289010.88
2015-04-08,3.59,3.6,3.31,3.37,318306.9
2015-04-09,3.38,3.4,3.05,3.16,233281.55
2015-04-10,3.16,3.28,3.16,3.24,170933.88
2015-04-13,3.24,3.45,3.21,3.43,264635.37
2015-04-14,3.43,3.43,3.26,3.32,219781.81
2015-04-15,3.27,3.34,3.14,3.17,169992.18
2015-04-16,3.1,3.3,3.04,3.22,132308.37
2015-04-17,3.25,3.54,3.23,3.49,405313.1
2015-04-20,3.54,3.6,3.3,3.32,447358.2
2015-04-21,3.32,3.46,3.23,3.45,232709.94
2015-04-22,3.42,3.85,3.4,3.81,506323.59
2015-04-23,3.77,4.31,3.64,4.31,695208.3
2015-04-24,4.31,4.63,4.06,4.41,644027.54
2015-04-27,4.37,4.37,4.14,4.22,396264.36
2015-04-28,4.15,4.18,3.79,3.8,408143.58
2015-04-29,3.99,4.31,3.98,4.31,260046.99
2015-04-30,4.86,4.86,4.25,4.27,690695.39
2015-05-04,4.1,4.14,3.86,4.02,361444.85
2015-05-05,3.96,4.09,3.67,3.7,290793.07
2015-05-06,3.7,3.93,3.6,3.7,210192.08
2015-05-07,3.63,3.84,3.6,3.75,174196.51
2015-05-08,3.79,3.88,3.74,3.88,194983.02
2015-05-11,3.95,4.06,3.9,4.02,271522.5
2015-05-12,4.03,4.16,3.87,4.13,328141.69
2015-05-13,4.03,4.23,4.02,4.09,331135.19
2015-05-14,4.05,4.23,3.83,4.2,373353.01
2015-05-15,4.22,4.44,4.06,4.06,456072.6
2015-05-18,3.9,3.94,3.79,3.84,250553.73
2015-05-19,3.81,3.97,3.8,3.96,230420.36
2015-05-20,3.94,4.09,3.9,3.94,262787.01
2015-05-21,3.94,3.99,3.88,3.98,217826.16
2015-05-22,3.99,4.27,3.99,4.27,410605.9
2015-05-25,4.27,4.41,4.2,4.36,384891.07
2015-05-26,4.47,4.62,4.28,4.52,400290.79
2015-05-27,4.49,4.68,4.29,4.61,432359.51
2015-05-28,4.55,4.83,4.02,4.03,458752.48
2015-05-29,3.93,4.1,3.64,3.84,272883.09
2015-06-01,3.83,4.23,3.82,4.17,257083.26
2015-06-02,4.17,4.36,4.08,4.33,270554.18
2015-06-03,4.34,4.34,4.1,4.19,241402.0
2015-06-04,4.18,4.73,3.85,4.73,520337.57
2015-06-05,4.93,5.31,4.73,4.99,790220.53
2015-06-08,4.87,4.96,4.7,4.8,424772.85
2015-06-09,4.72,4.99,4.72,4.87,334383.21
2015-06-10,4.74,5.04,4.64,4.8,291121.29
2015-06-11,4.77,4.83,4.64,4.73,220196.42
2015-06-12,4.68,4.86,4.68,4.77,269889.75
2015-06-15,4.76,5.04,4.67,4.91,441137.86
2015-06-16,4.76,4.78,4.3,4.3,356916.64
2015-06-17,4.2,4.49,4.01,4.41,287145.69
2015-06-18,4.37,4.49,4.07,4.17,218715.23
2015-06-19,4.1,4.3,3.78,3.79,188122.29
2015-06-23,3.8,3.88,3.29,3.84,207228.91
2015-06-24,3.88,4.04,3.77,4.02,270226.17
2015-06-25,4.0,4.0,3.52,3.59,236599.12
2015-06-26,3.41,3.5,3.11,3.11,205801.42
2015-06-29,3.22,3.23,2.67,2.67,431768.18
2015-06-30,2.41,2.94,2.28,2.89,462153.37
2015-07-01,2.77,2.91,2.48,2.49,343790.43
2015-07-02,2.5,2.51,2.12,2.12,509907.13
2015-07-03,2.46,2.46,2.39,2.46,1104594.95
2015-07-06,2.83,2.83,2.74,2.83,2182817.49
2015-07-07,2.66,2.82,2.42,2.55,2582409.51
2015-07-08,2.17,2.37,2.17,2.17,1514014.18
2015-07-09,2.0,2.51,1.87,2.51,1144605.13
2015-07-10,2.89,2.89,2.72,2.89,563511.45
2015-07-13,3.3,3.3,3.17,3.3,1060797.27
2015-07-14,3.48,3.75,3.42,3.75,3010160.38
2015-07-15,3.63,3.86,3.26,3.26,2309081.53
2015-07-16,3.04,3.71,2.9,3.71,1988557.29
2015-07-17,3.84,4.2,3.77,4.01,2990875.97
2015-07-20,3.77,4.13,3.77,4.03,2202906.65
2015-07-21,3.94,4.56,3.87,4.56,2562638.78
2015-07-22,4.6,4.68,4.1,4.4,2272918.17
2015-07-23,4.39,4.62,4.33,4.46,1445667.41
2015-07-24,4.4,4.9,4.23,4.62,2292018.73
2015-07-27,4.41,4.77,4.04,4.04,1834687.46
2015-07-28,3.69,4.31,3.55,4.14,1780298.59
2015-07-29,4.25,4.43,3.7,4.37,1635818.4
2015-07-30,4.2,4.36,3.85,3.93,1270318.15
2015-07-31,3.83,4.23,3.8,3.97,1110239.72
2015-08-03,3.76,3.89,3.46,3.46,1221082.49
2015-08-04,3.52,3.86,3.43,3.83,1118167.13
2015-08-05,3.76,3.83,3.56,3.61,948460.18
2015-08-06,3.44,3.66,3.42,3.48,643723.46
2015-08-07,3.57,3.79,3.57,3.67,837245.42
2015-08-10,3.76,4.15,3.69,4.06,1340474.55
2015-08-11,4.04,4.23,3.98,4.08,1328061.67
2015-08-12,4.0,4.1,3.86,3.86,875217.51
2015-08-13,3.86,4.37,3.85,4.37,1764235.41
2015-08-14,4.51,4.52,4.17,4.23,1610053.99
2015-08-17,4.22,4.29,4.06,4.27,970430.31
2015-08-18,4.23,4.27,3.72,3.72,1135492.88
2015-08-19,3.54,3.84,3.28,3.74,939745.68
2015-08-20,3.66,4.02,3.55,3.63,884419.59
2015-08-21,3.5,3.66,3.25,3.31,756254.69
2015-08-24,3.13,3.16,2.86,2.86,633703.31
2015-08-25,2.49,2.73,2.46,2.46,702942.58
2015-08-26,2.52,2.79,2.37,2.45,1049251.33
2015-08-27,2.61,2.73,2.43,2.71,860780.71
2015-08-28,2.8,3.1,2.72,3.09,1003004.02
2015-08-31,2.93,2.96,2.69,2.94,1116818.69
2015-09-01,2.83,2.88,2.53,2.85,947654.09
2015-09-02,2.6,3.0,2.55,2.91,1041394.2
2015-09-07,2.9,3.23,2.85,2.88,462587.32
2015-09-08,2.88,3.06,2.63,3.01,427484.92
2015-09-09,3.0,3.19,2.96,3.13,627212.29
2015-09-10,3.04,3.13,2.94,2.96,375656.33
2015-09-11,2.96,3.02,2.86,2.98,296276.11
2015-09-14,3.0,3.02,2.56,2.56,454987.09
2015-09-15,2.5,2.51,2.19,2.19,436691.41
2015-09-16,2.2,2.53,2.16,2.49,476406.1
2015-09-17,2.47,2.66,2.37,2.39,530604.78
2015-09-18,2.45,2.49,2.35,2.45,287413.41
2015-09-21,2.36,2.66,2.35,2.62,434341.77
2015-09-22,2.61,2.71,2.53,2.6,448717.4
2015-09-23,2.47,2.68,2.46,2.61,489159.25
2015-09-24,2.61,2.71,2.59,2.66,441804.61
2015-09-25,2.63,2.66,2.33,2.37,463527.62
2015-09-28,2.39,2.45,2.32,2.44,201390.56
2015-09-29,2.35,2.39,2.27,2.29,244722.75
2015-09-30,2.33,2.38,2.3,2.31,169207.87
2015-10-08,2.49,2.51,2.41,2.42,349802.68
2015-10-09,2.44,2.64,2.4,2.57,504773.17
2015-10-12,2.58,2.92,2.57,2.83,678594.59
2015-10-13,2.76,2.82,2.71,2.79,493223.46
2015-10-14,2.77,2.98,2.75,2.82,587426.86
2015-10-15,2.78,2.93,2.78,2.91,465037.59
2015-10-16,2.92,2.96,2.82,2.91,487769.14
2015-10-19,2.91,3.13,2.86,3.0,666443.81
2015-10-20,2.97,3.05,2.94,3.01,502473.8
2015-10-21,3.02,3.04,2.59,2.59,614040.94
2015-10-22,2.63,2.81,2.6,2.76,433658.69
2015-10-23,2.76,2.89,2.74,2.88,377327.14
2015-10-26,2.93,3.08,2.9,2.97,529561.84
2015-10-27,2.91,3.39,2.9,3.39,1083776.23
2015-10-28,3.37,3.37,3.11,3.15,735032.12
2015-10-29,3.2,3.35,3.17,3.22,470491.94
2015-10-30,3.22,3.48,3.16,3.34,631316.9
2015-11-02,3.16,3.31,3.07,3.11,563619.21
2015-11-03,3.17,3.29,3.13,3.18,377950.02
2015-11-04,3.18,3.6,3.18,3.42,860354.7
2015-11-05,3.41,3.56,3.37,3.46,851819.1
2015-11-06,3.46,3.61,3.41,3.6,729331.42
2015-11-09,3.62,3.72,3.5,3.56,983028.92
2015-11-10,3.52,3.86,3.49,3.61,1216428.75
2015-11-11,3.67,3.69,3.54,3.58,748754.38
2015-11-12,3.6,3.78,3.55,3.6,1185018.32
2015-11-13,3.68,4.02,3.6,3.8,1960926.18
2015-11-16,3.41,3.5,3.3,3.48,3290207.93
2015-11-17,3.51,3.54,3.37,3.38,2480046.16
2015-11-18,3.38,3.68,3.26,3.44,2500810.59
2015-11-19,3.44,3.56,3.33,3.5,1944665.88
2015-11-20,3.51,3.97,3.46,3.97,2943320.1
2015-11-23,4.32,4.48,4.22,4.48,5903886.62
2015-11-24,4.44,4.44,4.02,4.26,4933302.23
2015-11-25,4.26,4.68,4.23,4.41,4590390.6
2015-11-26,4.32,4.62,4.18,4.37,3569292.43
2015-11-27,4.24,4.41,3.88,4.0,2931818.94
2015-11-30,3.96,4.11,3.53,3.92,2293480.83
2015-12-01,3.92,3.92,3.78,3.85,1467857.62
2015-12-02,3.84,3.84,3.63,3.82,1118129.91
2015-12-03,3.81,3.97,3.77,3.91,1315442.98
2015-12-04,3.9,3.95,3.81,3.85,1282511.76
2015-12-07,3.84,3.88,3.78,3.82,991107.78
2015-12-08,3.77,3.78,3.61,3.63,1300663.19
2015-12-09,3.58,3.61,3.49,3.5,964952.33
2015-12-10,3.5,3.68,3.48,3.53,841020.23
2015-12-11,3.54,3.68,3.38,3.58,1217823.59
2015-12-14,3.49,3.74,3.45,3.69,1304217.15
2015-12-15,3.67,3.67,3.58,3.61,980706.7
2015-12-16,3.59,3.67,3.58,3.59,788206.7
2015-12-17,3.6,3.68,3.59,3.64,1134092.63
2015-12-18,3.63,3.63,3.5,3.55,1057677.25
2015-12-21,3.53,3.57,3.48,3.55,730182.55
2015-12-22,3.55,3.59,3.51,3.55,750477.77
2015-12-23,3.54,3.54,3.45,3.46,872847.48
2015-12-24,3.45,3.49,3.4,3.44,588835.35
2015-12-25,3.44,3.52,3.41,3.48,611250.21
2015-12-28,3.47,3.48,3.37,3.38,747345.83
2015-12-29,3.37,3.38,3.3,3.35,581231.97
2015-12-30,3.37,3.37,3.29,3.31,463441.23
2015-12-31,3.31,3.34,3.28,3.29,439077.42
2016-01-04,3.3,3.3,2.84,2.85,673675.34
2016-01-05,2.74,2.88,2.46,2.77,860155.89
2016-01-06,2.78,3.16,2.78,3.16,1510880.38
2016-01-07,3.01,3.1,2.73,2.73,431171.95
2016-01-08,2.83,3.03,2.65,2.92,1430969.03
2016-01-11,2.83,2.88,2.65,2.67,977357.02
2016-01-12,2.83,3.05,2.69,2.93,1884820.25
2016-01-13,2.82,2.87,2.71,2.77,1349441.98
2016-01-14,2.63,2.91,2.58,2.85,883751.85
2016-01-15,2.82,2.82,2.61,2.66,808135.48
2016-01-18,2.61,2.7,2.55,2.65,486071.01
2016-01-19,2.65,2.73,2.59,2.73,714121.21
2016-01-20,2.7,2.76,2.64,2.67,559170.72
2016-01-21,2.61,2.67,2.51,2.52,518235.99
2016-01-22,2.53,2.61,2.49,2.56,419699.99
2016-01-25,2.54,2.62,2.54,2.57,397033.52
2016-01-26,2.54,2.54,2.2,2.23,658862.1
2016-01-27,2.22,2.28,1.93,2.11,612315.9
2016-01-28,2.05,2.09,1.87,1.89,451929.09
2016-01-29,1.89,2.13,1.87,2.03,548002.19
2016-02-01,1.98,2.0,1.89,1.93,408396.22
2016-02-02,1.93,2.02,1.93,2.0,395588.67
2016-02-03,1.97,2.07,1.94,2.03,401480.18
2016-02-04,2.04,2.27,2.04,2.19,849985.77
2016-02-05,2.19,2.2,2.09,2.1,551830.64
2016-02-15,2.02,2.3,1.96,2.23,783060.48
2016-02-16,2.22,2.32,2.17,2.28,861026.51
2016-02-17,2.26,2.27,2.21,2.26,595944.65
2016-02-18,2.3,2.6,2.25,2.42,1659705.72
2016-02-19,2.32,2.39,2.31,2.34,938323.04
2016-02-22,2.38,2.52,2.37,2.45,831881.8
2016-02-23,2.42,2.51,2.41,2.45,652283.45
2016-02-24,2.46,2.47,2.36,2.41,542287.85
2016-02-25,2.42,2.44,2.06,2.09,809048.86
2016-02-26,2.09,2.18,2.07,2.15,496774.91
2016-02-29,2.12,2.17,1.91,2.05,539480.85
2016-03-01,2.04,2.23,2.03,2.16,614184.67
2016-03-02,2.13,2.39,2.03,2.36,1162690.81
2016-03-03,2.35,2.56,2.31,2.39,1349887.02
2016-03-04,2.37,2.5,2.21,2.33,1026869.78
2016-03-07,2.42,2.58,2.36,2.53,1316829.99
2016-03-08,2.55,2.55,2.38,2.45,1047057.48
2016-03-09,2.28,2.33,2.23,2.26,726565.45
2016-03-10,2.28,2.33,2.19,2.21,376617.53
2016-03-11,2.21,2.25,2.16,2.21,279757.12
2016-03-14,2.25,2.31,2.22,2.28,581884.98
2016-03-15,2.25,2.26,2.18,2.21,438585.32
2016-03-16,2.21,2.23,2.15,2.17,327838.71
2016-03-17,2.2,2.24,2.17,2.23,485656.31
2016-03-18,2.23,2.37,2.23,2.34,952072.19
2016-03-21,2.34,2.4,2.31,2.39,1018093.02
2016-03-22,2.37,2.38,2.31,2.33,687700.36
2016-03-23,2.32,2.57,2.29,2.42,1180233.58
2016-03-24,2.33,2.36,2.29,2.3,869934.44
2016-03-25,2.28,2.33,2.24,2.29,450262.76
2016-03-28,2.29,2.37,2.26,2.31,589873.22
2016-03-29,2.32,2.36,2.27,2.28,566349.72
2016-03-30,2.3,2.37,2.29,2.34,654226.88
2016-03-31,2.35,2.49,2.32,2.41,1340704.76
2016-04-01,2.37,2.42,2.33,2.37,738606.13
2016-04-05,2.37,2.44,2.33,2.43,1010726.01
2016-04-06,2.42,2.49,2.39,2.42,862033.69
2016-04-07,2.44,2.45,2.33,2.34,714459.13
2016-04-08,2.32,2.32,2.25,2.28,541102.45
2016-04-11,2.3,2.37,2.3,2.34,505956.12
2016-04-12,2.34,2.35,2.27,2.3,391402.33
2016-04-13,2.35,2.51,2.35,2.43,2101174.68
2016-04-14,2.44,2.44,2.36,2.4,1014146.49
2016-04-15,2.4,2.42,2.35,2.37,546762.41
2016-04-18,2.35,2.35,2.3,2.32,488800.16
2016-04-19,2.34,2.38,2.32,2.32,401944.26
2016-04-20,2.35,2.36,2.05,2.18,859404.76
2016-04-21,2.19,2.31,2.15,2.22,739438.26
2016-04-22,2.16,2.2,2.13,2.18,375062.29
2016-04-25,2.17,2.19,2.13,2.18,245536.98
2016-04-26,2.17,2.19,2.13,2.18,259276.06
2016-04-27,2.18,2.3,2.15,2.2,517870.85
2016-05-26,2.54,2.54,2.54,2.54,199910.6
2016-05-27,2.91,2.91,2.66,2.67,3531922.43
2016-05-30,2.53,2.67,2.49,2.52,1486083.77
2016-05-31,2.55,2.7,2.52,2.69,1723611.25
2016-06-01,2.68,3.08,2.63,3.08,2345413.66
2016-06-02,3.21,3.51,3.13,3.36,4411746.44
2016-06-03,3.33,3.38,3.16,3.28,2351737.94
2016-06-06,3.3,3.37,3.21,3.29,1591920.1
2016-06-07,3.29,3.48,3.23,3.32,2169514.5
2016-06-08,3.27,3.29,3.15,3.21,1607255.77
2016-06-13,3.15,3.3,3.06,3.07,1686530.58
2016-06-14,3.05,3.18,2.93,3.03,1329579.16
2016-06-15,2.96,3.43,2.93,3.27,2021675.21
2016-06-16,3.26,3.5,3.23,3.47,3006787.58
2016-06-17,3.51,3.57,3.29,3.33,1965221.14
2016-06-20,3.33,3.37,3.19,3.26,1034183.68
2016-06-21,3.25,3.31,3.07,3.13,1316499.2
2016-06-22,3.09,3.26,3.09,3.19,676503.57
2016-06-23,3.15,3.21,3.03,3.08,1006052.18
2016-06-24,3.08,3.1,2.86,2.97,1256097.44
2016-06-27,2.91,3.06,2.9,3.04,892107.85
2016-06-28,3.02,3.04,2.93,3.03,890189.31
2016-06-29,3.05,3.13,2.99,3.07,1110444.97
2016-06-30,3.09,3.09,2.93,2.98,845728.69
2016-07-01,2.98,3.03,2.95,2.98,480194.53
2016-07-04,2.95,3.19,2.95,3.11,1520263.25
2016-07-05,3.09,3.17,3.07,3.13,989446.14
2016-07-06,3.1,3.32,3.08,3.31,2031440.86
2016-07-07,3.37,3.73,3.37,3.58,3706817.19
2016-07-08,3.51,3.52,3.34,3.35,1661980.69
2016-07-11,3.32,3.56,3.29,3.38,1944879.3
2016-07-12,3.3,3.51,3.28,3.4,1254649.01
2016-07-13,3.41,3.49,3.35,3.41,957680.88
2016-07-14,3.42,3.42,3.27,3.31,916546.65
2016-07-15,3.29,3.31,3.23,3.26,674571.77
2016-07-18,3.26,3.29,3.24,3.25,410268.56
2016-07-19,3.25,3.28,3.15,3.21,696978.0
2016-07-20,3.2,3.24,3.18,3.21,411280.85
2016-07-21,3.21,3.22,3.1,3.19,770862.28
2016-07-22,3.17,3.17,3.09,3.1,639790.95
2016-07-25,3.06,3.11,3.03,3.07,470881.62
2016-07-26,3.07,3.14,3.07,3.13,371794.84
2016-07-27,3.13,3.14,2.87,2.94,859537.18
2016-07-28,2.94,2.98,2.87,2.96,421421.06
2016-07-29,2.96,3.02,2.89,2.91,342437.0
2016-08-01,2.92,2.93,2.81,2.85,375737.34
2016-08-02,2.86,2.88,2.81,2.86,282423.36
2016-08-03,2.86,2.89,2.82,2.85,258669.74
2016-08-04,2.86,2.95,2.82,2.92,405834.5
2016-08-05,2.91,2.92,2.87,2.88,246113.9
2016-08-08,2.88,2.92,2.85,2.91,280121.11
2016-08-09,2.91,2.93,2.91,2.93,321285.71
2016-08-10,2.93,3.06,2.92,3.04,727394.4
2016-08-11,3.05,3.06,2.93,2.95,508833.21
2016-08-12,2.95,2.97,2.89,2.96,388994.57
2016-08-15,2.95,3.03,2.92,3.01,627680.03
2016-08-16,3.0,3.04,2.99,3.02,552626.89
2016-08-17,3.01,3.02,2.94,2.97,406261.46
2016-08-18,2.96,2.99,2.94,2.96,352061.03
2016-08-19,2.95,2.97,2.91,2.95,387937.38
2016-08-22,2.95,2.96,2.91,2.92,265884.01
2016-08-23,2.91,2.94,2.9,2.92,239776.68
2016-08-24,2.91,2.93,2.9,2.91,175806.0
2016-08-25,2.9,2.9,2.84,2.87,306635.7
2016-08-26,2.88,2.9,2.87,2.87,167769.8
2016-08-29,2.86,2.89,2.85,2.86,226166.06
2016-08-30,2.87,2.88,2.84,2.85,200227.1
2016-08-31,2.86,2.91,2.83,2.9,313231.69
2016-09-01,2.91,2.91,2.86,2.86,206238.43
2016-09-02,2.85,2.89,2.85,2.86,209743.43
2016-09-05,2.86,2.9,2.86,2.87,287356.65
2016-09-06,2.87,2.88,2.83,2.88,271484.9
2016-09-07,2.89,2.91,2.86,2.88,387739.32
2016-09-08,2.88,2.88,2.84,2.85,244690.91
2016-09-09,2.86,2.88,2.84,2.84,233829.8
2016-09-12,2.82,2.83,2.7,2.73,486194.02
2016-09-13,2.73,2.75,2.69,2.71,246347.5
2016-09-14,2.66,2.7,2.64,2.66,228082.06
2016-09-19,2.66,2.7,2.66,2.69,156521.63
2016-09-20,2.71,2.71,2.68,2.69,109379.31
2016-09-21,2.7,2.72,2.68,2.69,128938.57
2016-09-22,2.7,2.72,2.69,2.7,197384.48
2016-09-23,2.71,2.71,2.66,2.68,193281.93
2016-09-26,2.69,2.69,2.55,2.56,292778.82
2016-09-27,2.56,2.57,2.51,2.55,216293.27
2016-09-28,2.57,2.62,2.53,2.57,219432.87
2016-09-29,2.58,2.61,2.56,2.57,138352.46
2016-09-30,2.58,2.59,2.55,2.57,131831.05
2016-10-10,2.6,2.65,2.6,2.64,241466.57
2016-10-11,2.65,2.66,2.62,2.65,237360.0
2016-10-12,2.64,2.64,2.61,2.62,224668.93
2016-10-13,2.63,2.63,2.59,2.61,208232.59
2016-10-14,2.61,2.61,2.56,2.58,196490.18
2016-10-17,2.6,2.63,2.57,2.59,255878.99
2016-10-18,2.57,2.62,2.57,2.62,221809.27
2016-10-19,2.62,2.91,2.61,2.8,1248946.44
2016-10-20,2.78,2.78,2.71,2.75,640622.33
2016-10-21,2.75,2.76,2.68,2.72,365772.25
2016-10-24,2.72,2.74,2.66,2.74,448749.48
2016-10-25,2.74,2.77,2.71,2.75,361819.51
2016-10-26,2.76,2.76,2.71,2.72,307913.2
2016-10-27,2.72,2.73,2.66,2.69,257110.44
2016-10-28,2.68,2.69,2.66,2.68,190228.16
2016-10-31,2.68,2.71,2.64,2.7,355249.49
2016-11-01,2.7,2.71,2.67,2.7,288569.96
2016-11-02,2.69,2.73,2.66,2.71,438876.6
2016-11-03,2.69,2.72,2.67,2.7,361841.65
2016-11-04,2.7,2.7,2.67,2.67,225523.13
2016-11-07,2.67,2.8,2.65,2.75,834904.47
2016-11-08,2.74,2.74,2.7,2.71,378102.34
2016-11-09,2.71,2.74,2.67,2.74,475975.08
2016-11-10,2.82,2.88,2.79,2.8,1172506.83
2016-11-11,2.8,3.19,2.78,3.19,3227667.25
2016-11-14,3.21,3.34,3.09,3.27,3639278.12
2016-11-15,3.21,3.24,3.08,3.11,1611805.25
2016-11-16,3.09,3.15,2.99,3.03,1206684.52
2016-11-17,3.03,3.12,3.01,3.06,856813.86
2016-11-18,3.09,3.09,2.96,3.02,959623.68
2016-11-21,2.99,3.09,2.96,3.01,797363.81
2016-11-22,3.01,3.12,3.01,3.08,1085298.38
2016-11-23,3.07,3.07,2.98,2.99,687520.29
2016-11-24,3.01,3.23,3.01,3.13,1810004.4
2016-11-25,3.15,3.19,3.0,3.08,860150.59
2016-11-28,3.07,3.24,3.05,3.17,1470163.66
2016-11-29,3.13,3.14,3.02,3.03,1187791.36
2016-11-30,2.99,3.0,2.9,2.93,898739.33
2016-12-01,2.94,2.97,2.93,2.96,381220.41
2016-12-02,2.96,2.96,2.84,2.86,544350.47
2016-12-05,2.81,2.87,2.79,2.85,320446.52
2016-12-06,2.87,2.9,2.83,2.84,251897.96
2016-12-07,2.84,2.96,2.83,2.94,632058.43
2016-12-08,2.91,3.01,2.89,2.91,467141.77
2016-12-09,2.89,2.93,2.87,2.92,323414.66
2016-12-12,2.91,2.92,2.75,2.76,496550.78
2016-12-13,2.74,2.85,2.7,2.79,313628.64
2016-12-14,2.76,2.79,2.73,2.75,236080.15
2016-12-15,2.73,2.8,2.73,2.78,240266.48
2016-12-16,2.76,2.79,2.74,2.77,159658.47
2016-12-19,2.77,2.77,2.69,2.71,270580.31
2016-12-20,2.69,2.73,2.65,2.71,283891.3
2016-12-21,2.68,2.73,2.68,2.72,234163.67
2016-12-22,2.72,2.72,2.68,2.7,174650.63
2016-12-23,2.72,2.75,2.71,2.72,312590.68
2016-12-26,2.69,2.7,2.63,2.69,234999.53
2016-12-27,2.69,2.69,2.64,2.66,210612.51
2016-12-28,2.66,2.68,2.63,2.64,155944.8
2016-12-29,2.64,2.64,2.58,2.6,243700.99
2016-12-30,2.6,2.62,2.57,2.58,196686.87
2017-01-03,2.58,2.62,2.57,2.61,193998.3
2017-01-04,2.61,2.66,2.59,2.66,295050.81
2017-01-05,2.64,2.68,2.63,2.66,236272.31
2017-01-06,2.65,2.67,2.61,2.63,279386.43
2017-01-09,2.62,2.66,2.61,2.65,177582.03
2017-01-10,2.65,2.7,2.64,2.69,321719.91
2017-01-11,2.7,3.04,2.7,2.83,1370161.36
2017-01-12,2.78,2.81,2.73,2.75,592705.31
2017-01-13,2.75,2.92,2.75,2.78,669399.1
2017-01-16,2.78,2.86,2.69,2.85,855179.47
2017-01-17,2.82,2.88,2.78,2.86,461732.43
2017-01-18,2.85,2.87,2.76,2.77,501571.56
2017-01-19,2.77,2.8,2.74,2.79,331892.42
2017-01-20,2.76,2.8,2.76,2.78,279256.9
2017-01-23,2.79,2.96,2.78,2.88,810590.81
2017-01-24,2.88,2.96,2.85,2.9,711353.84
2017-01-25,2.9,2.95,2.88,2.91,396979.3
2017-01-26,2.9,3.0,2.9,2.99,889181.5
2017-02-03,3.01,3.02,2.91,2.92,450358.46
2017-02-06,2.91,2.95,2.86,2.92,472475.62
2017-02-07,2.93,3.0,2.92,2.96,446445.7
2017-02-08,2.95,2.99,2.94,2.97,409613.61
2017-02-09,3.0,3.02,2.93,2.96,614131.8
2017-02-10,2.95,3.08,2.94,3.01,1098551.25
2017-02-13,3.16,3.43,3.12,3.3,3084216.03
2017-02-14,3.25,3.41,3.21,3.37,2031409.08
2017-02-15,3.29,3.34,3.17,3.18,1147245.04
2017-02-16,3.21,3.61,3.2,3.61,3640096.65
2017-02-17,3.66,3.66,3.45,3.56,2752265.51
2017-02-20,3.47,3.71,3.44,3.59,1623944.75
2017-02-21,3.61,3.98,3.51,3.86,2225560.11
2017-02-22,3.87,4.13,3.84,3.86,2191896.75
2017-02-23,4.0,4.36,3.89,4.36,3908617.58
2017-02-24,4.16,4.28,4.01,4.11,2764013.43
2017-02-27,4.05,4.3,4.01,4.04,2348388.93
2017-02-28,4.03,4.31,4.03,4.15,2443279.83
2017-03-01,4.08,4.16,3.97,4.06,2056822.3
2017-03-02,4.04,4.16,4.02,4.08,1494129.32
2017-03-03,4.05,4.12,3.72,3.8,2764348.3
2017-03-06,3.75,3.94,3.7,3.85,1982267.05
2017-03-07,3.84,3.85,3.68,3.71,1709289.05
2017-03-08,3.71,3.78,3.67,3.74,1045728.46
2017-03-09,3.78,3.89,3.75,3.77,1764053.99
2017-03-10,3.7,3.79,3.68,3.72,1203341.14
2017-03-13,3.7,3.78,3.68,3.77,1020357.39
2017-03-14,3.78,3.88,3.75,3.79,1406602.67
2017-03-15,3.75,3.83,3.71,3.81,1149626.63
2017-03-16,3.85,3.87,3.77,3.85,1041345.97
2017-03-17,3.84,3.85,3.66,3.68,1352731.77
2017-03-20,3.69,3.72,3.42,3.54,1645208.51
2017-03-21,3.51,3.52,3.45,3.5,793601.72
2017-03-22,3.48,3.52,3.46,3.48,655437.27
2017-03-23,3.5,3.51,3.42,3.47,760501.32
2017-03-24,3.47,3.49,3.36,3.4,922841.17
2017-03-27,3.39,3.44,3.37,3.42,584943.68
2017-03-28,3.42,3.54,3.38,3.5,1095998.64
2017-03-29,3.52,3.53,3.4,3.41,800994.62
2017-03-30,3.4,3.42,3.32,3.34,672951.12
2017-03-31,3.36,3.68,3.36,3.57,1942014.59
2017-04-05,3.51,4.04,3.49,4.04,3733513.18
2017-04-06,4.09,4.09,3.9,4.0,1986165.85
2017-04-07,3.96,4.15,3.89,3.96,1671066.78
2017-04-10,3.95,4.01,3.74,3.77,1757305.65
2017-04-11,3.73,3.89,3.66,3.84,1347250.47
2017-04-12,3.8,4.04,3.78,3.89,1652829.38
2017-04-13,3.84,3.91,3.76,3.85,856370.88
2017-04-14,3.82,3.98,3.79,3.81,862537.34
2017-04-17,3.78,3.99,3.71,3.91,1230285.03
2017-04-18,3.88,3.94,3.77,3.78,715207.82
2017-04-19,3.74,3.75,3.37,3.48,1373146.45
2017-04-20,3.48,3.55,3.36,3.46,735589.62
2017-04-21,3.49,3.52,3.34,3.35,630483.95
2017-04-24,3.34,3.34,3.05,3.07,1168976.68
2017-04-25,3.05,3.12,3.02,3.09,720569.41
2017-04-26,3.1,3.19,3.07,3.13,647952.37
2017-04-27,3.11,3.28,2.98,3.24,1000082.72
2017-04-28,3.28,3.32,3.22,3.26,524088.66
2017-05-02,3.27,3.53,3.22,3.38,885554.4
2017-05-03,3.33,3.5,3.33,3.36,580899.24
2017-05-04,3.33,3.36,3.22,3.25,725058.21
2017-05-05,3.19,3.19,3.02,3.16,694798.48
2017-05-08,3.12,3.2,3.1,3.18,472102.93
2017-05-09,3.15,3.19,3.1,3.18,454320.39
2017-05-10,3.15,3.21,3.01,3.03,461484.83
2017-05-11,3.01,3.07,2.9,3.06,692210.34
2017-05-12,3.02,3.06,2.98,3.01,377695.79
2017-05-15,3.02,3.13,3.01,3.07,391838.0
2017-05-16,3.06,3.29,3.02,3.27,937217.15
2017-05-17,3.24,3.29,3.21,3.24,503000.96
2017-05-18,3.21,3.26,3.17,3.2,376425.58
2017-05-19,3.36,3.39,3.17,3.21,659750.07
2017-05-22,3.14,3.21,3.09,3.13,453152.99
2017-05-23,3.14,3.16,3.01,3.15,498882.89
2017-05-24,3.1,3.18,3.04,3.18,383354.65
2017-05-25,3.15,3.21,3.05,3.18,708989.62
2017-05-26,3.15,3.18,3.09,3.12,387977.18
2017-05-31,3.15,3.18,3.09,3.1,397165.38
2017-06-01,3.09,3.09,2.92,2.96,796608.39
2017-06-02,2.92,2.97,2.85,2.93,570928.21
2017-06-05,2.93,2.98,2.92,2.96,285603.0
2017-06-06,2.94,2.99,2.93,2.98,213113.77
2017-06-07,2.99,3.06,2.95,3.05,467401.94
2017-06-08,3.04,3.13,3.02,3.06,541598.52
2017-06-09,3.06,3.13,3.04,3.09,458171.39
2017-06-12,3.09,3.21,3.06,3.11,697432.06
2017-06-13,3.11,3.5,3.11,3.39,2059551.38
2017-06-14,3.49,3.67,3.4,3.44,1832916.19
2017-06-15,3.44,3.59,3.42,3.51,1484589.85
2017-06-16,3.57,3.97,3.51,3.93,3944755.17
2017-06-19,3.86,3.9,3.77,3.84,2116082.14
2017-06-20,3.87,3.92,3.77,3.86,2026985.01
2017-06-21,3.84,3.88,3.74,3.87,1360768.91
2017-06-22,3.86,3.9,3.66,3.75,1860724.81
2017-06-23,3.71,3.81,3.58,3.72,1453166.46
2017-06-26,3.77,3.81,3.69,3.76,1515051.33
2017-06-27,3.73,3.85,3.66,3.81,1412679.94
2017-06-28,3.77,3.8,3.69,3.73,948203.88
2017-06-29,3.73,3.94,3.7,3.86,1710907.06
2017-06-30,3.85,4.0,3.78,3.95,1326580.48
2017-07-03,3.97,4.07,3.95,3.96,1235946.36
2017-07-04,3.96,4.03,3.68,3.74,1763446.29
2017-07-05,3.73,4.19,3.71,4.08,2368252.52
2017-07-06,4.06,4.6,4.03,4.6,4554520.77
2017-07-07,4.6,5.01,4.47,4.86,3916099.11
2017-07-10,4.91,5.46,4.82,5.4,4023034.49
2017-07-11,5.24,5.24,4.82,4.98,3784413.01
2017-07-12,4.98,5.07,4.74,5.05,3286537.88
2017-07-13,5.19,5.24,4.84,4.86,3545210.41
2017-07-14,4.79,5.36,4.68,5.19,3972273.57
2017-07-17,5.1,5.62,4.79,5.32,4279428.84
2017-07-18,5.2,5.54,5.1,5.5,3353932.51
2017-07-19,5.39,6.16,5.36,6.05,5712355.72
2017-07-20,5.96,6.4,5.9,6.04,4945330.68
2017-07-21,5.96,6.29,5.91,6.25,3233692.87
2017-07-24,6.26,6.56,5.94,6.11,3786919.85
2017-07-25,6.0,6.11,5.69,5.93,3427613.71
2017-07-26,6.05,6.1,5.73,5.97,3450435.38
2017-07-27,5.87,5.91,5.28,5.49,4120999.47
2017-07-28,5.44,6.04,5.38,5.9,4027343.17
2017-07-31,5.8,6.24,5.77,6.12,4375364.94
2017-08-01,6.06,6.14,5.8,5.94,2824045.92
2017-08-02,5.9,6.43,5.81,6.05,4430692.26
2017-08-03,6.24,6.49,6.05,6.36,4862818.0
2017-08-04,6.29,6.36,5.89,5.9,4381935.04
2017-08-07,5.92,6.15,5.77,6.09,2770280.21
2017-08-08,6.08,6.34,5.92,6.02,3103473.17
2017-08-09,6.02,6.06,5.81,6.0,2005027.43
2017-08-10,5.97,5.97,5.62,5.64,2576790.16
2017-08-11,5.57,5.71,5.01,5.1,2763040.88
2017-08-14,5.14,5.44,5.1,5.34,1838513.18
2017-08-15,5.26,5.35,5.2,5.29,1307893.93
2017-08-16,5.28,5.35,5.05,5.11,1416905.7
2017-08-17,5.31,5.35,5.12,5.15,1396515.51
2017-08-18,5.06,5.08,4.91,5.01,1498947.34
2017-08-21,5.02,5.21,4.95,5.15,1403360.26
2017-08-22,5.11,5.72,5.09,5.56,3525157.01
2017-08-23,5.5,5.54,5.25,5.37,1876408.69
2017-08-24,5.43,5.45,5.2,5.25,1218098.6
2017-08-25,5.28,5.59,5.21,5.47,2051984.0
2017-08-28,5.38,5.71,5.35,5.55,2272466.7
2017-08-29,5.56,5.86,5.49,5.73,2483928.9
2017-08-30,5.71,5.88,5.64,5.81,2235085.19
2017-08-31,5.86,6.5,5.79,6.42,4892529.49
2017-09-01,6.37,6.65,6.23,6.32,4501593.87
2017-09-04,6.35,6.65,6.3,6.41,2667067.6
2017-09-05,6.44,6.47,5.97,6.21,2913155.25
2017-09-06,6.11,6.89,6.03,6.65,4358777.6
2017-09-07,6.63,6.69,6.34,6.47,2560175.9
2017-09-08,6.44,6.93,6.41,6.66,3144142.78
2017-09-11,6.69,7.44,6.59,7.43,5738384.62
2017-09-12,7.39,7.79,6.94,7.12,6340851.12
2017-09-13,7.06,7.38,6.95,7.32,3028185.42
2017-09-14,7.23,7.51,7.05,7.15,2684680.16
2017-09-15,7.04,7.13,6.67,6.68,2782555.98
2017-09-18,6.7,6.99,6.62,6.8,2178866.11
2017-09-19,6.74,6.88,6.6,6.75,1835244.51
2017-09-20,6.73,7.17,6.72,7.07,2940978.69
2017-09-21,7.02,7.03,6.68,6.74,2187165.52
2017-09-22,6.6,6.66,6.31,6.49,2011163.07
2017-09-25,6.51,6.52,6.26,6.28,1194006.18
2017-09-26,6.29,6.49,6.28,6.4,1138987.12
2017-09-27,6.39,6.75,6.34,6.66,1842718.6
2017-09-28,6.67,6.84,6.6,6.65,1422850.1
2017-09-29,6.73,6.79,6.58,6.73,1399416.92
2017-10-09,6.92,6.98,6.65,6.7,1602347.45
2017-10-10,6.7,6.7,6.32,6.43,1742952.26
2017-10-11,6.35,6.36,5.84,6.17,2032029.98
2017-10-12,6.09,6.12,5.89,6.03,1278717.72
2017-10-13,6.06,6.18,5.94,6.06,980801.66
2017-10-16,6.02,6.17,5.92,6.12,1282465.17
2017-10-17,6.06,6.12,5.95,5.96,790690.29
2017-10-18,5.94,6.01,5.59,5.63,1445126.52
2017-10-19,5.59,5.81,5.44,5.66,1111949.9
2017-10-20,5.61,6.08,5.58,6.03,1759017.66
2017-10-23,6.02,6.08,5.95,6.01,891650.16
2017-10-24,6.05,6.27,6.01,6.11,1308425.32
2017-10-25,6.0,6.14,5.95,6.09,935485.01
2017-10-26,6.05,6.37,5.97,6.25,1977770.43
2017-10-27,6.2,6.3,6.14,6.16,1025509.82
2017-10-30,5.99,5.99,5.6,5.75,1612321.41
2017-10-31,5.72,6.11,5.7,6.06,1584837.08
2017-11-01,6.1,6.23,6.09,6.14,1894031.75
2017-11-02,6.12,6.16,5.86,5.9,1457015.48
2017-11-03,5.79,5.95,5.67,5.79,1182469.42
2017-11-06,5.79,5.85,5.6,5.78,1010636.49
2017-11-07,5.74,5.89,5.64,5.79,1075284.51
2017-11-08,5.74,5.93,5.64,5.81,1389618.53
2017-11-09,5.83,5.93,5.7,5.77,904234.69
2017-11-10,5.77,5.77,5.64,5.65,988732.24
2017-11-13,5.65,5.68,5.45,5.6,1504341.78
2017-11-14,5.67,5.77,5.59,5.65,1544722.21
2017-11-15,5.56,5.57,5.24,5.29,1853472.3
2017-11-16,5.28,5.3,5.03,5.05,1605600.08
2017-11-17,5.05,5.16,4.89,4.93,1184012.22
2017-11-20,4.9,5.13,4.69,5.11,1193122.62
2017-11-21,5.13,5.13,4.96,5.0,876153.46
2017-11-22,5.0,5.12,4.99,5.07,925368.02
2017-11-23,5.06,5.34,5.05,5.16,1886779.28
2017-11-24,5.17,5.73,5.02,5.59,2374269.19
2017-11-27,5.54,5.79,5.37,5.44,2349626.11
2017-11-28,5.37,5.77,5.31,5.72,2102098.52
2017-11-29,5.72,6.04,5.67,5.9,2887183.44
2017-11-30,5.96,6.24,5.89,5.96,2262320.77
2017-12-01,5.99,6.08,5.7,5.99,1910572.38
2017-12-04,6.06,6.16,5.84,5.88,1637990.07
2017-12-05,5.88,5.88,5.39,5.5,1778146.82
2017-12-06,5.39,5.54,5.19,5.48,1603804.92
2017-12-07,5.39,5.48,5.24,5.27,1017537.81
2017-12-08,5.29,5.53,5.28,5.49,1239550.16
2017-12-11,5.57,5.73,5.52,5.67,1326993.49
2017-12-12,5.73,5.89,5.63,5.75,1801404.23
2017-12-13,5.68,5.68,5.55,5.65,1173932.3
2017-12-14,5.67,5.8,5.65,5.72,1078078.41
2017-12-15,5.67,5.77,5.45,5.52,1161834.3
2017-12-18,5.52,5.62,5.37,5.48,861071.11
2017-12-19,5.49,5.57,5.38,5.46,718336.38
2017-12-20,5.45,5.51,5.27,5.29,956134.05
2017-12-21,5.29,5.45,5.27,5.39,973528.91
2017-12-22,5.37,5.48,5.29,5.33,938561.04
2017-12-25,5.38,5.41,5.27,5.33,732407.27
2017-12-26,5.28,5.32,5.1,5.31,777182.78
2017-12-27,5.3,5.56,5.27,5.45,1483616.92
2017-12-28,5.44,5.97,5.39,5.9,3076336.31
2017-12-29,5.85,5.91,5.73,5.77,1393446.27
2018-01-02,5.79,5.88,5.71,5.83,1629839.12
2018-01-03,5.85,6.17,5.83,5.94,2747950.69
2018-01-04,5.87,6.13,5.86,6.12,2147913.54
2018-01-05,6.06,6.14,5.98,6.05,1787036.08
2018-01-08,6.0,6.32,5.97,6.19,2514386.37
2018-01-09,6.21,6.29,6.06,6.13,1584680.94
2018-01-10,6.13,6.21,5.97,6.1,1603055.23
2018-01-11,6.39,6.71,6.26,6.66,4154151.56
2018-01-12,6.59,6.74,6.5,6.53,2172152.1
2018-01-15,6.69,6.82,6.24,6.4,3018485.2
2018-01-16,6.39,7.02,6.33,6.98,3645980.71
2018-01-17,6.89,6.99,6.69,6.96,2752601.76
2018-01-18,7.07,7.24,6.89,6.97,2086011.44
2018-01-19,6.93,7.03,6.72,6.99,1942371.15
2018-01-22,6.97,7.26,6.92,7.21,2119011.68
2018-01-23,7.24,7.34,7.11,7.19,1897085.05
2018-01-24,7.11,7.16,6.92,7.05,1746934.12
2018-01-25,7.14,7.22,6.97,7.06,1789784.37
2018-01-26,6.89,6.91,6.66,6.67,2192794.07
2018-01-29,6.74,6.85,6.63,6.71,1606475.87
2018-01-30,6.6,6.61,6.27,6.34,2012474.76
2018-01-31,6.25,6.64,6.19,6.45,1836621.91
2018-02-01,6.39,6.6,6.25,6.34,1416367.94
2018-02-02,6.19,6.85,6.1,6.74,2035610.29
2018-02-05,6.58,6.84,6.52,6.76,1632959.23
2018-02-06,6.54,6.75,6.04,6.07,1892617.34
2018-02-07,6.31,6.36,5.82,5.89,1570040.02
2018-02-08,5.7,5.94,5.59,5.78,1078479.16
2018-02-09,5.48,5.62,5.09,5.09,1977915.24
2018-02-12,5.13,5.4,5.12,5.37,1273561.94
2018-02-13,5.49,5.63,5.45,5.47,1125135.66
2018-02-14,5.59,5.68,5.52,5.63,868005.77
2018-02-22,5.98,6.3,5.9,6.3,1047616.11
2018-02-23,6.98,6.98,6.61,6.91,4362487.77
2018-02-26,6.95,7.69,6.85,7.5,5056329.02
2018-02-27,7.36,7.42,7.06,7.12,3946309.92
2018-02-28,7.06,7.49,7.06,7.47,3849781.69
2018-03-01,7.26,7.49,7.23,7.32,2845918.59
2018-03-02,7.22,7.64,7.12,7.25,3336635.49
2018-03-05,7.31,7.96,7.14,7.89,4303335.21
2018-03-06,7.79,7.92,7.51,7.81,3309197.34
2018-03-07,7.77,7.9,7.59,7.62,2055969.14
2018-03-08,7.41,7.55,7.16,7.26,3136481.56
2018-03-09,7.19,7.46,7.16,7.32,2100080.85
2018-03-12,7.43,7.96,7.43,7.74,3853914.06
2018-03-13,7.74,8.34,7.63,8.19,3817094.4
2018-03-14,8.17,8.55,7.96,8.02,3915914.69
2018-03-15,8.21,8.53,8.01,8.35,3607246.8
2018-03-16,8.29,8.29,8.05,8.12,2383104.66
2018-03-19,8.01,8.69,7.93,8.58,3069310.44
2018-03-20,8.43,8.66,8.34,8.44,2250096.28
2018-03-21,8.39,8.5,8.01,8.12,2610688.4
2018-03-22,8.24,8.37,7.88,8.11,2318641.38
2018-03-23,7.55,7.84,7.19,7.21,3509300.97
2018-03-26,6.99,7.63,6.92,7.62,2840745.05
2018-03-27,7.7,7.86,7.56,7.77,2556602.01
2018-03-28,7.49,7.64,7.34,7.37,1927618.77
2018-03-29,7.35,7.49,7.02,7.39,1907553.29
2018-03-30,7.44,7.53,7.3,7.37,1582692.69
2018-04-02,7.3,7.3,7.01,7.11,1980133.19
2018-04-03,6.9,7.09,6.82,7.05,1178716.05
2018-04-04,7.1,7.13,6.84,6.85,1155191.33
2018-04-09,6.83,7.03,6.8,6.96,1087121.1
2018-04-10,7.0,7.49,6.97,7.48,2478854.1
2018-04-11,7.53,7.58,7.37,7.44,1730920.43
2018-04-12,7.39,7.42,7.09,7.15,1491450.62
2018-04-13,7.24,7.29,7.02,7.15,1045409.52
2018-04-16,7.06,7.23,7.02,7.05,848672.38
2018-04-17,7.05,7.05,6.41,6.54,2077745.1
2018-04-18,6.62,6.72,6.22,6.67,1425343.56
2018-04-19,6.71,6.87,6.61,6.75,1253347.51
2018-04-20,6.61,6.82,6.54,6.56,1081854.44
2018-04-23,6.57,6.66,6.39,6.54,769758.23
2018-04-24,6.56,6.98,6.56,6.89,1668381.54
2018-04-25,6.82,6.87,6.69,6.74,1047155.52
2018-04-26,6.71,6.78,6.45,6.46,937176.65
2018-04-27,6.54,6.57,6.43,6.47,653325.83
2018-05-02,6.84,6.89,6.62,6.65,1038341.81
2018-05-03,6.53,6.57,6.17,6.51,1130321.26
2018-05-04,6.39,6.55,6.36,6.39,681190.71
2018-05-07,6.34,6.66,6.32,6.62,1114494.66
2018-05-08,6.57,6.69,6.55,6.65,900488.57
2018-05-09,6.67,6.67,6.5,6.55,695079.64
2018-05-10,6.57,6.68,6.54,6.62,792023.73
2018-05-11,6.64,7.21,6.6,7.04,2838576.45
2018-05-14,7.06,7.34,6.9,7.18,2317934.42
2018-05-15,7.17,7.32,7.04,7.22,1353310.49
2018-05-16,7.12,7.21,7.05,7.07,1086636.31
2018-05-17,7.14,7.21,6.95,6.99,875668.67
2018-05-18,7.0,7.12,6.86,7.09,993193.52
2018-05-21,7.18,7.34,7.11,7.16,1318460.3
2018-05-22,7.06,7.06,6.81,7.0,1638603.15
2018-05-23,6.88,6.95,6.68,6.69,1276379.69
2018-05-24,6.62,6.74,6.61,6.66,640339.6
2018-05-25,6.65,6.7,6.4,6.42,890555.54
2018-05-28,6.44,6.53,6.27,6.42,621216.37
2018-05-29,6.42,6.48,6.31,6.36,718899.26
2018-05-30,6.23,6.23,5.7,5.9,1419489.54
2018-05-31,5.96,6.05,5.9,6.0,768348.15
2018-06-01,5.98,6.22,5.91,6.06,843125.01
2018-06-04,6.06,6.08,5.77,5.91,807813.22
2018-06-05,5.9,6.07,5.87,6.07,716987.28
2018-06-06,6.06,6.3,6.03,6.2,1150759.49
2018-06-07,6.27,6.29,6.11,6.12,724552.09
2018-06-08,6.07,6.09,5.91,5.99,646368.08
2018-06-11,6.01,6.11,5.97,6.02,548820.33
2018-06-12,5.98,6.02,5.81,6.0,642656.06
2018-06-13,5.89,5.97,5.85,5.85,508228.85
2018-06-14,5.79,5.96,5.76,5.85,509740.48
2018-06-15,5.85,5.91,5.6,5.72,897271.64
2018-06-19,5.51,5.51,5.04,5.04,1385414.15
2018-06-20,4.95,5.19,4.92,5.13,866203.27
2018-06-21,5.12,5.25,4.98,4.99,767324.58
2018-06-22,4.9,5.26,4.8,5.19,944925.45
2018-06-25,5.25,5.32,5.15,5.17,772691.81
2018-06-26,5.05,5.29,4.94,5.27,614099.87
2018-06-27,5.26,5.32,5.09,5.12,565417.26
2018-06-28,5.06,5.18,5.02,5.06,471852.62
2018-06-29,5.03,5.27,5.03,5.26,842905.54
2018-07-02,5.23,5.24,5.05,5.11,699425.2
2018-07-03,5.12,5.16,4.93,5.12,656011.36
2018-07-04,5.1,5.16,4.99,5.01,494165.45
2018-07-05,5.01,5.06,4.52,4.58,930418.67
2018-07-06,4.56,4.71,4.4,4.62,937056.07
2018-07-09,4.62,4.78,4.62,4.78,801719.14
2018-07-10,4.79,5.25,4.79,5.19,1628364.5
2018-07-11,4.97,5.44,4.95,5.26,1834153.79
2018-07-12,5.18,5.34,5.12,5.3,1191426.4
2018-07-13,5.3,5.67,5.21,5.5,1745651.88
2018-07-16,5.41,5.5,5.3,5.37,959453.32
2018-07-17,5.32,5.39,5.17,5.27,1007204.89
2018-07-18,5.26,5.29,5.08,5.11,930510.82
2018-07-19,4.96,5.1,4.88,4.93,1022011.08
2018-07-20,4.97,5.09,4.9,5.02,850547.03
2018-07-23,5.01,5.15,4.83,5.14,1091803.26
2018-07-24,5.07,5.33,4.98,5.14,3843727.71
2018-07-25,5.17,5.17,4.98,5.05,2447406.94
2018-07-26,5.02,5.04,4.8,4.84,2187307.62
2018-07-27,4.8,4.86,4.71,4.76,1231573.88
2018-07-30,4.81,4.93,4.76,4.85,1548097.02
2018-07-31,4.97,5.0,4.79,4.83,1655314.73
2018-08-01,4.84,4.88,4.62,4.63,1926320.79
2018-08-02,4.59,4.59,4.27,4.4,1946060.74
2018-08-03,4.37,4.41,4.18,4.19,1357935.1
2018-08-06,4.14,4.14,3.71,3.75,2447220.38
2018-08-07,3.79,3.9,3.58,3.89,1916600.85
2018-08-08,3.86,3.89,3.69,3.73,1329068.97
2018-08-09,3.76,4.04,3.74,3.96,2123209.37
2018-08-10,4.0,4.0,3.92,3.98,1276748.65
2018-08-13,3.87,4.05,3.83,4.02,1206045.8
2018-08-14,4.0,4.01,3.93,3.98,914444.47
2018-08-15,3.97,4.0,3.82,3.83,857979.75
2018-08-16,3.73,3.9,3.69,3.83,833831.71
2018-08-17,3.9,3.93,3.76,3.77,853834.3
2018-08-20,3.81,3.92,3.77,3.91,967959.15
2018-08-21,3.92,3.98,3.86,3.94,1133458.32
2018-08-22,3.92,3.93,3.8,3.81,875830.8
2018-08-23,3.82,3.9,3.79,3.87,771261.26
2018-08-24,3.85,3.85,3.76,3.78,856087.57
2018-08-27,3.81,3.89,3.79,3.88,1269619.3
2018-08-28,3.94,4.01,3.85,3.95,1773960.91
2018-08-29,3.94,3.94,3.86,3.87,919369.02
2018-08-30,3.88,3.89,3.77,3.78,1027990.71
2018-08-31,3.74,3.76,3.64,3.67,981559.65
2018-09-03,3.71,3.74,3.62,3.7,889190.99
2018-09-04,3.66,3.72,3.59,3.69,1005298.4
2018-09-05,3.66,3.66,3.52,3.53,916377.89
2018-09-06,3.5,3.57,3.41,3.45,848201.74
2018-09-07,3.47,3.54,3.4,3.45,792126.03
2018-09-10,3.44,3.44,3.25,3.26,904530.26
2018-09-11,3.25,3.29,3.16,3.26,840708.2
2018-09-12,3.25,3.4,3.21,3.34,1152931.38
2018-09-13,3.43,3.47,3.34,3.4,1025600.49
2018-09-14,3.4,3.5,3.37,3.4,1193152.31
2018-09-17,3.37,3.37,3.24,3.24,717177.7
2018-09-18,3.22,3.42,3.19,3.37,1018492.6
2018-09-19,3.37,3.49,3.34,3.45,1284112.91
2018-09-20,3.46,3.6,3.45,3.49,1532094.62
2018-09-21,3.53,3.69,3.43,3.62,1925316.93
2018-09-25,3.54,3.67,3.52,3.6,1064746.79
2018-09-26,3.6,3.66,3.57,3.6,1105709.46
2018-09-27,3.6,3.64,3.53,3.58,914657.1
2018-09-28,3.57,3.58,3.48,3.53,1486141.29
2018-10-08,3.42,3.44,3.25,3.27,1231569.11
2018-10-09,3.29,3.35,3.26,3.32,710813.41
2018-10-10,3.36,3.37,3.22,3.28,866964.27
2018-10-11,3.08,3.12,2.85,2.85,1976687.94
2018-10-12,2.78,2.84,2.51,2.76,1632700.42
2018-10-15,2.72,2.82,2.65,2.68,923112.03
2018-10-16,2.71,2.75,2.63,2.67,822165.72
2018-10-17,2.72,2.76,2.53,2.64,1232736.55
2018-10-18,2.57,2.61,2.52,2.54,797710.87
2018-10-19,2.47,2.65,2.41,2.62,959786.65
2018-10-22,2.66,2.97,2.62,2.89,1972140.54
2018-10-23,2.89,2.9,2.72,2.75,1237787.9
2018-10-24,2.71,2.85,2.71,2.8,1097898.25
2018-10-25,2.61,2.79,2.58,2.77,960993.23
2018-10-26,2.84,2.92,2.78,2.81,1429520.41
2018-10-29,2.79,2.8,2.71,2.73,740708.01
2018-10-30,2.77,2.89,2.75,2.85,1331322.45
2018-10-31,2.9,3.08,2.84,3.04,2282729.58
2018-11-01,3.03,3.09,2.96,2.98,2109748.44
2018-11-02,3.07,3.22,3.0,3.16,2785307.23
2018-11-05,3.09,3.17,3.05,3.1,1695284.11
2018-11-06,3.06,3.1,3.01,3.06,968787.98
2018-11-07,3.39,3.46,3.24,3.27,4036542.03
2018-11-08,3.27,3.29,3.17,3.18,1751205.65
2018-11-09,3.12,3.14,3.07,3.09,1125854.54
2018-11-12,3.04,3.15,3.01,3.14,1335948.02
2018-11-13,3.05,3.19,3.03,3.17,1639585.26
2018-11-14,3.15,3.19,3.1,3.11,1211976.5
2018-11-15,3.08,3.15,3.07,3.15,1121498.12
2018-11-16,3.16,3.19,3.12,3.15,1321265.68
2018-11-19,3.13,3.15,3.08,3.13,1062345.44
2018-11-20,3.09,3.2,3.07,3.09,1485568.74
2018-11-21,3.02,3.07,2.94,3.06,1011294.96
2018-11-22,3.07,3.1,3.02,3.03,607447.74
2018-11-23,3.03,3.05,2.82,2.84,1208750.11
2018-11-26,2.82,2.87,2.76,2.77,652097.89
2018-11-27,2.81,2.85,2.77,2.82,601282.35
2018-11-28,2.8,2.85,2.74,2.85,713245.08
2018-11-29,2.9,2.94,2.83,2.85,1055419.95
2018-11-30,2.83,3.0,2.79,2.94,1377406.37
2018-12-03,3.04,3.1,3.02,3.06,1385767.1
2018-12-04,3.06,3.06,3.0,3.04,889806.5
2018-12-05,2.97,3.16,2.94,3.1,1647659.45
2018-12-06,3.07,3.09,3.02,3.03,832440.41
2018-12-07,3.06,3.07,3.0,3.02,501397.75
2018-12-10,3.0,3.01,2.94,2.94,558335.4
2018-12-11,2.97,3.0,2.94,2.99,384069.24
2018-12-12,3.03,3.07,3.0,3.06,840131.33
2018-12-13,3.08,3.14,3.04,3.12,1010835.73
2018-12-14,3.1,3.15,3.04,3.05,1616632.3
2018-12-17,3.03,3.13,3.01,3.12,909726.84
2018-12-18,3.09,3.16,3.06,3.12,843287.28
2018-12-19,3.1,3.12,3.05,3.06,528254.22
2018-12-20,3.06,3.1,2.98,3.02,745642.26
2018-12-21,2.99,3.02,2.88,2.9,758383.74
2018-12-24,2.9,2.97,2.89,2.92,366199.58
2018-12-25,2.88,2.88,2.73,2.86,768911.07
2018-12-26,2.82,2.87,2.81,2.81,402453.58
2018-12-27,2.88,2.9,2.72,2.73,607804.62
2018-12-28,2.76,2.78,2.71,2.73,512829.72
2019-01-02,2.75,2.76,2.62,2.68,542696.61
2019-01-03,2.67,2.73,2.64,2.71,551981.67
2019-01-04,2.65,2.82,2.64,2.8,860509.38
2019-01-07,2.83,2.88,2.8,2.86,861046.96
2019-01-08,2.87,2.87,2.82,2.82,488644.8
2019-01-09,2.83,2.9,2.8,2.83,677065.9
2019-01-10,2.81,2.83,2.77,2.77,560124.12
2019-01-11,2.77,2.82,2.77,2.8,368865.0
2019-01-14,2.81,2.83,2.77,2.78,467984.43
2019-01-15,2.79,2.85,2.77,2.83,676370.47
2019-01-16,2.82,2.83,2.78,2.79,443858.22
2019-01-17,2.79,2.84,2.75,2.79,625544.15
2019-01-18,2.78,2.93,2.78,2.89,1460844.43
2019-01-21,2.94,2.94,2.88,2.89,872268.89
2019-01-22,2.88,2.89,2.82,2.83,649456.33
2019-01-23,2.82,2.86,2.8,2.86,420930.87
2019-01-24,2.85,2.86,2.8,2.83,440795.73
2019-01-25,2.83,2.86,2.8,2.82,503613.91
2019-01-28,2.84,2.86,2.8,2.81,502963.21
2019-01-29,2.8,2.8,2.59,2.76,741417.56
2019-01-30,2.73,2.8,2.7,2.76,397259.48
2019-01-31,2.82,2.87,2.75,2.81,961437.74
2019-02-01,2.83,2.88,2.8,2.87,744697.36
2019-02-11,2.87,3.05,2.86,3.03,1529362.55
2019-02-12,2.99,3.04,2.97,3.02,1218535.17
2019-02-13,3.02,3.24,3.0,3.16,2219592.12
2019-02-14,3.14,3.16,3.08,3.13,1237516.93
2019-02-15,3.11,3.23,3.09,3.13,1261206.84
2019-02-18,3.19,3.3,3.15,3.29,1995174.09
2019-02-19,3.3,3.41,3.21,3.28,1962003.06
2019-02-20,3.3,3.45,3.28,3.39,2525542.71
2019-02-21,3.39,3.43,3.29,3.31,1968130.5
2019-02-22,3.29,3.36,3.22,3.36,1587844.15
2019-02-25,3.43,3.75,3.43,3.75,3545060.5
2019-02-26,3.81,4.13,3.65,3.89,4384829.96
2019-02-27,3.82,3.95,3.67,3.77,2771506.75
2019-02-28,3.77,3.82,3.69,3.73,1378799.91
2019-03-01,3.78,3.81,3.66,3.76,1452321.48
2019-03-04,3.77,3.9,3.75,3.8,2540630.14
2019-03-05,3.76,3.85,3.7,3.85,2016524.51
2019-03-06,3.85,4.1,3.85,4.04,3865974.78
2019-03-07,4.01,4.31,3.93,4.12,3663595.9
2019-03-08,4.01,4.01,3.67,3.73,2927072.53
2019-03-11,3.73,3.83,3.66,3.82,1747854.84
2019-03-12,3.83,3.92,3.73,3.82,2082922.78
2019-03-13,3.81,3.89,3.72,3.8,1913375.27
2019-03-14,3.77,3.89,3.67,3.72,1775616.35
2019-03-15,3.81,3.84,3.7,3.73,1458064.35
2019-03-18,3.74,3.92,3.74,3.92,2330224.28
2019-03-19,3.89,3.94,3.84,3.9,1654261.65
2019-03-20,3.94,3.95,3.78,3.85,1614484.97
2019-03-21,3.85,3.91,3.82,3.84,1800054.19
2019-03-22,3.82,3.84,3.69,3.75,1795985.92
2019-03-25,3.64,3.67,3.58,3.58,1793810.91
2019-03-26,3.59,3.64,3.45,3.48,1353967.49
2019-03-27,3.5,3.53,3.4,3.45,914203.22
2019-03-28,3.45,3.57,3.4,3.5,1049218.55
2019-03-29,3.52,3.63,3.45,3.63,1462386.73
2019-04-01,3.66,4.0,3.66,3.92,3518611.73
2019-04-02,3.97,4.12,3.85,4.0,3559465.9
2019-04-03,3.95,4.02,3.88,3.98,2205528.43
2019-04-04,4.02,4.15,3.98,4.04,2720545.85
2019-04-08,4.15,4.19,4.0,4.06,2963372.34
2019-04-09,4.04,4.04,3.86,3.93,2199860.13
2019-04-10,3.88,3.95,3.85,3.92,1246151.62
2019-04-11,3.91,4.03,3.85,3.86,1673081.88
2019-04-12,3.82,3.88,3.77,3.82,1024947.31
2019-04-15,3.91,3.94,3.81,3.82,1175071.46
2019-04-16,3.78,3.93,3.73,3.93,1744537.14
2019-04-17,3.93,3.93,3.86,3.88,1279984.57
2019-04-18,3.88,3.91,3.78,3.79,1246219.37
2019-04-19,3.76,3.82,3.74,3.82,902117.07
2019-04-22,3.75,3.75,3.58,3.59,2211196.15
2019-04-23,3.59,3.61,3.48,3.52,1262970.65
2019-04-24,3.53,3.58,3.48,3.57,845820.47
2019-04-25,3.56,3.57,3.42,3.42,1012909.52
2019-04-26,3.39,3.42,3.34,3.34,773287.16
2019-04-29,3.34,3.37,3.09,3.14,1175475.04
2019-04-30,3.12,3.22,3.09,3.18,694018.15
2019-05-06,3.06,3.08,2.77,2.88,1303745.28
2019-05-07,2.92,2.98,2.87,2.94,770515.49
2019-05-08,2.85,2.99,2.82,2.94,712822.99
2019-05-09,2.9,2.97,2.87,2.9,585666.32
2019-05-10,2.92,2.99,2.85,2.97,901401.87
2019-05-13,2.94,2.96,2.88,2.88,546475.23
2019-05-14,2.84,2.92,2.82,2.86,503401.23
2019-05-15,2.89,2.92,2.88,2.9,526262.22
2019-05-16,2.91,3.04,2.9,3.02,1240672.42
2019-05-17,3.03,3.04,2.87,2.89,866835.71
2019-05-20,2.87,2.91,2.79,2.91,598171.55
2019-05-21,2.91,3.05,2.88,3.03,1022772.25
2019-05-22,3.02,3.04,2.94,2.98,760889.78
2019-05-23,2.97,2.97,2.88,2.89,542162.0
2019-05-24,2.87,2.92,2.84,2.85,523058.4
2019-05-27,2.86,2.93,2.85,2.91,509557.33
2019-05-28,2.9,2.93,2.86,2.92,734983.8
2019-05-29,2.9,3.0,2.88,2.97,911394.87
2019-05-30,2.94,3.07,2.89,3.07,1651762.82
2019-05-31,3.06,3.09,3.0,3.0,1087982.57
2019-06-03,3.01,3.03,2.94,2.95,649407.08
2019-06-04,2.93,2.98,2.85,2.87,643347.25
2019-06-05,2.9,2.93,2.87,2.88,417710.08
2019-06-06,2.88,2.89,2.83,2.83,447531.6
2019-06-10,2.86,2.9,2.83,2.88,465637.06
2019-06-11,2.88,3.01,2.86,3.01,1029935.27
2019-06-12,3.02,3.11,2.99,3.03,1317344.78
2019-06-13,3.0,3.02,2.95,3.02,687767.01
2019-06-14,3.02,3.08,2.97,2.99,775181.31
2019-06-17,2.96,3.04,2.95,2.99,476747.56
2019-06-18,2.97,2.99,2.89,2.93,631159.16
2019-06-19,2.99,3.02,2.96,2.97,583944.93
2019-06-20,2.99,3.04,2.95,3.03,955487.82
2019-06-21,3.02,3.12,3.01,3.08,1412103.86
2019-06-24,3.09,3.18,3.06,3.13,1241228.26
2019-06-25,3.12,3.17,3.04,3.13,1234356.61
2019-06-26,3.09,3.11,3.05,3.05,693448.56
2019-06-27,3.06,3.09,3.05,3.07,563975.92
2019-06-28,3.08,3.09,3.03,3.04,552492.41
2019-07-01,3.09,3.11,3.08,3.11,785663.84
2019-07-02,3.11,3.22,3.07,3.19,1361950.96
2019-07-03,3.18,3.18,3.11,3.11,897105.22
2019-07-04,3.12,3.14,3.09,3.1,551847.13
2019-07-05,3.1,3.11,3.07,3.09,315105.75
2019-07-08,3.07,3.08,2.96,2.97,702894.61
2019-07-09,2.97,2.99,2.94,2.98,397442.04
2019-07-10,2.99,3.0,2.93,2.94,307275.11
2019-07-11,2.96,3.0,2.92,2.94,377880.78
2019-07-12,2.95,2.96,2.92,2.93,348980.37
2019-07-15,2.93,2.97,2.87,2.94,511069.05
2019-07-16,2.94,2.98,2.93,2.95,354583.84
2019-07-17,2.95,2.96,2.93,2.93,322670.22
2019-07-18,2.94,2.96,2.91,2.91,439977.3
2019-07-19,2.93,2.99,2.92,2.96,508536.78
2019-07-22,2.94,2.95,2.82,2.83,604888.48
2019-07-23,2.84,2.86,2.83,2.86,253701.36
2019-07-24,2.88,2.9,2.79,2.82,1383454.32
2019-07-25,2.8,2.81,2.7,2.71,1521908.82
2019-07-26,2.73,2.74,2.62,2.69,1676157.59
2019-07-29,2.67,2.67,2.59,2.62,1503955.73
2019-07-30,2.61,2.65,2.6,2.62,922831.67
2019-07-31,2.61,2.74,2.55,2.7,1809122.23
2019-08-01,2.69,2.83,2.66,2.8,2776371.78
2019-08-02,2.71,2.78,2.69,2.73,1337374.99
2019-08-05,2.71,2.72,2.62,2.64,1304510.0
2019-08-06,2.54,2.59,2.44,2.47,1624662.4
2019-08-07,2.73,2.81,2.73,2.81,2908557.17
2019-08-08,2.95,3.1,2.8,2.82,5906440.14
2019-08-09,2.84,2.96,2.75,2.92,3204180.08
2019-08-12,2.84,2.87,2.76,2.8,1738009.02
2019-08-13,2.78,2.89,2.76,2.83,1655922.19
2019-08-14,2.86,2.98,2.79,2.93,2579072.54
2019-08-15,2.83,2.92,2.81,2.86,1485493.86
2019-08-16,2.86,2.87,2.81,2.81,1024652.33
2019-08-19,2.82,2.85,2.77,2.84,1197275.65
2019-08-20,2.82,2.9,2.8,2.84,1293226.84
2019-08-21,2.82,2.82,2.73,2.74,1444468.14
2019-08-22,2.75,2.76,2.68,2.74,986120.88
2019-08-23,2.74,2.75,2.65,2.66,988308.74
2019-08-26,2.6,2.73,2.58,2.68,1038476.13
2019-08-27,2.68,2.75,2.67,2.75,1000466.67
2019-08-28,2.71,2.76,2.69,2.69,607139.76
2019-08-29,2.72,2.72,2.66,2.66,484219.15
2019-08-30,2.68,2.71,2.64,2.67,693580.94
2019-09-02,2.72,2.74,2.7,2.71,694226.28
2019-09-03,2.72,2.81,2.69,2.79,1469055.02
2019-09-04,2.77,2.8,2.74,2.78,878798.47
2019-09-05,2.79,2.85,2.79,2.8,1550405.54
2019-09-06,2.82,2.82,2.75,2.78,949884.78
2019-09-09,2.79,2.82,2.76,2.82,1336580.31
2019-09-10,2.81,2.95,2.8,2.85,2041889.61
2019-09-11,2.86,2.89,2.83,2.85,1005958.86
2019-09-12,2.87,2.9,2.81,2.86,1020981.23
2019-09-16,2.95,2.97,2.89,2.91,1537688.09
2019-09-17,2.89,2.9,2.8,2.8,1031810.84
2019-09-18,2.8,2.83,2.79,2.8,568701.04
2019-09-19,2.82,2.84,2.79,2.81,648252.73
2019-09-20,2.82,2.82,2.78,2.81,586401.8
2019-09-23,2.8,2.8,2.74,2.75,513659.27
2019-09-24,2.75,2.81,2.72,2.77,823918.51
2019-09-25,2.75,2.91,2.72,2.85,1618418.2
2019-09-26,2.83,2.88,2.75,2.76,1094807.66
2019-09-27,2.76,2.8,2.74,2.75,635290.62
2019-09-30,2.75,2.76,2.69,2.72,508254.88
2019-10-08,2.7,2.73,2.67,2.69,464427.18
2019-10-09,2.67,2.71,2.66,2.7,352536.95
2019-10-10,2.7,2.71,2.67,2.69,492227.2
2019-10-11,2.69,2.72,2.66,2.7,530581.6
2019-10-14,2.73,2.76,2.71,2.73,537756.34
2019-10-15,2.74,2.74,2.67,2.68,498907.63
2019-10-16,2.68,2.69,2.64,2.64,369344.95
2019-10-17,2.63,2.65,2.62,2.64,320532.25
2019-10-18,2.64,2.65,2.58,2.58,436020.83
2019-10-21,2.56,2.57,2.52,2.54,376165.12
2019-10-22,2.55,2.57,2.53,2.55,336977.79
2019-10-23,2.56,2.56,2.52,2.53,274648.36
2019-10-24,2.53,2.55,2.52,2.54,364795.28
2019-10-25,2.54,2.55,2.51,2.55,304927.72
2019-10-28,2.54,2.6,2.53,2.57,576751.24
2019-10-29,2.57,2.57,2.52,2.52,367791.06
2019-10-30,2.49,2.52,2.47,2.48,389477.26
2019-10-31,2.49,2.51,2.46,2.48,335569.65
2019-11-01,2.48,2.5,2.46,2.5,383711.5
2019-11-04,2.5,2.55,2.49,2.53,537098.78
2019-11-05,2.54,2.68,2.51,2.62,1044882.56
2019-11-06,2.6,2.65,2.58,2.61,663431.83
2019-11-07,2.59,2.61,2.56,2.57,342942.64
2019-11-08,2.59,2.61,2.55,2.55,344868.24
2019-11-11,2.56,2.56,2.47,2.48,422111.88
2019-11-12,2.47,2.49,2.46,2.48,249177.12
2019-11-13,2.48,2.49,2.46,2.48,258926.71
2019-11-14,2.48,2.49,2.46,2.47,241910.24
2019-11-15,2.47,2.48,2.45,2.45,337944.41
2019-11-18,2.45,2.47,2.44,2.46,282940.95
2019-11-19,2.46,2.54,2.45,2.54,637002.79
2019-11-20,2.53,2.57,2.5,2.52,455854.15
2019-11-21,2.51,2.52,2.48,2.49,280933.66
2019-11-22,2.51,2.57,2.49,2.51,637896.04
2019-11-25,2.51,2.64,2.5,2.63,1329525.0
2019-11-26,2.62,2.62,2.56,2.56,974382.94
2019-11-27,2.58,2.76,2.58,2.71,2082538.54
2019-11-28,2.68,2.73,2.65,2.66,1061409.17
2019-11-29,2.66,2.69,2.61,2.64,543590.35
2019-12-02,2.63,2.65,2.56,2.58,786785.17
2019-12-03,2.56,2.61,2.55,2.59,473045.74
2019-12-04,2.57,2.72,2.56,2.69,1376617.06
2019-12-05,2.71,2.73,2.67,2.7,909080.88
2019-12-06,2.71,2.9,2.7,2.82,2590873.62
2019-12-09,2.85,2.87,2.8,2.82,1024100.29
2019-12-10,2.82,2.88,2.8,2.84,995815.4
2019-12-11,2.87,2.87,2.77,2.79,843236.3
2019-12-12,2.79,2.82,2.75,2.76,548256.13
2019-12-13,2.8,2.84,2.79,2.84,929439.05
2019-12-16,2.86,2.87,2.8,2.84,715347.77
2019-12-17,2.86,2.96,2.84,2.9,1806770.63
2019-12-18,2.89,2.92,2.86,2.89,875735.21
2019-12-19,2.88,2.92,2.87,2.88,701517.04
2019-12-20,2.9,2.91,2.8,2.81,615054.0
2019-12-23,2.81,2.9,2.79,2.81,910519.01
2019-12-24,2.82,3.18,2.81,3.18,4729428.78
2019-12-25,3.15,3.33,3.1,3.28,3728751.44
2019-12-26,3.28,3.31,3.16,3.24,1968750.66
2019-12-27,3.26,3.61,3.22,3.41,4261539.6
2019-12-30,3.43,3.58,3.38,3.46,2850261.98
2019-12-31,3.42,3.51,3.35,3.44,2046912.23
2020-01-02,3.47,3.53,3.39,3.45,2449631.22
2020-01-03,3.5,3.65,3.4,3.56,3113213.05
2020-01-06,3.54,3.73,3.52,3.57,3306883.03
2020-01-07,3.53,3.57,3.45,3.5,1834330.59
2020-01-08,3.5,3.59,3.46,3.54,2153188.38
2020-01-09,3.58,3.64,3.46,3.5,1930605.75
2020-01-10,3.51,3.51,3.32,3.46,2906158.48
2020-01-13,3.44,3.52,3.39,3.47,1254018.69
2020-01-14,3.53,3.91,3.5,3.79,4622908.11
2020-01-15,3.75,3.82,3.61,3.64,3019233.68
2020-01-16,3.66,3.7,3.54,3.57,1346024.58
2020-01-17,3.57,3.59,3.43,3.5,1405554.17
2020-01-20,3.49,3.5,3.39,3.46,1418837.54
2020-01-21,3.44,3.44,3.28,3.28,1352236.82
2020-01-22,3.27,3.45,3.22,3.41,1586856.82
2020-01-23,3.31,3.46,3.14,3.2,1824796.49
2020-02-03,2.79,2.79,2.79,2.79,517910.0
2020-02-04,2.64,2.94,2.64,2.86,2373530.75
2020-02-05,2.94,3.23,2.88,3.05,2733357.97
2020-02-06,2.98,3.07,2.91,3.05,2415279.81
2020-02-07,3.0,3.01,2.9,2.96,1436428.8
2020-02-10,2.91,3.2,2.89,3.16,2587332.34
2020-02-11,3.18,3.42,3.1,3.36,3807507.55
2020-02-12,3.3,3.79,3.26,3.79,4632595.54
2020-02-13,4.0,4.26,3.8,4.1,7865099.87
2020-02-14,4.19,4.6,4.13,4.5,8267794.39
2020-02-17,4.39,4.51,4.32,4.48,5307174.57
2020-02-18,4.41,4.5,4.25,4.33,4872484.83
2020-02-19,3.98,4.01,3.81,3.81,7489465.21
2020-02-20,3.86,3.9,3.67,3.76,4604363.95
2020-02-21,3.71,3.81,3.61,3.68,4286228.13
2020-02-24,3.61,3.62,3.34,3.49,4626075.52
2020-02-25,3.41,3.7,3.37,3.68,5526912.88
2020-02-26,3.58,3.62,3.43,3.46,3562476.97
2020-02-27,3.48,3.55,3.4,3.46,2121864.08
2020-02-28,3.31,3.39,3.12,3.15,2929729.34
2020-03-02,3.2,3.34,3.16,3.3,1959451.22
2020-03-03,3.34,3.49,3.31,3.35,2754018.05
2020-03-04,3.38,3.43,3.24,3.37,2431996.03
2020-03-05,3.39,3.41,3.31,3.4,2127439.52
2020-03-06,3.34,3.5,3.31,3.41,3100882.55
2020-03-09,3.44,3.47,3.22,3.25,2609100.02
2020-03-10,3.15,3.32,3.08,3.3,2371561.26
2020-03-11,3.31,3.31,3.16,3.16,1781246.21
2020-03-12,3.09,3.14,2.98,3.01,1827869.89
2020-03-13,2.77,2.97,2.72,2.93,1896947.33
2020-03-16,2.95,2.96,2.75,2.77,1544803.57
2020-03-17,2.78,2.86,2.67,2.83,1465418.06
2020-03-18,2.84,2.89,2.68,2.68,1777384.99
2020-03-19,2.67,2.72,2.57,2.64,1640169.46
2020-03-20,2.69,2.71,2.59,2.66,1087788.97
2020-03-23,2.55,2.58,2.47,2.49,1319892.49
2020-03-24,2.56,2.64,2.54,2.61,1546110.06
2020-03-25,2.7,2.72,2.64,2.68,1404459.16
2020-03-26,2.66,2.66,2.59,2.59,1090771.06
2020-03-27,2.63,2.64,2.54,2.55,1018814.71
2020-03-30,2.49,2.54,2.46,2.51,1002260.07
2020-03-31,2.54,2.57,2.47,2.55,1248020.52
2020-04-01,2.52,2.71,2.52,2.63,1829119.96
2020-04-02,2.6,2.68,2.59,2.68,1133176.48
2020-04-03,2.66,2.7,2.59,2.61,926185.83
2020-04-07,2.67,2.73,2.63,2.71,1392063.4
2020-04-08,2.68,2.8,2.64,2.72,1651314.19
2020-04-09,2.77,2.77,2.69,2.71,943665.3
2020-04-10,2.71,2.72,2.6,2.61,940708.52
2020-04-13,2.58,2.59,2.55,2.57,501152.78
2020-04-14,2.59,2.71,2.58,2.71,1349594.8
2020-04-15,2.7,2.7,2.64,2.65,927869.17
2020-04-16,2.62,2.67,2.61,2.63,803665.77
2020-04-17,2.65,2.7,2.63,2.65,990819.05
2020-04-20,2.65,2.66,2.59,2.61,799182.57
2020-04-21,2.59,2.6,2.53,2.54,977908.95
2020-04-22,2.52,2.58,2.5,2.56,590968.5
2020-04-23,2.58,2.6,2.53,2.55,666196.92
2020-04-24,2.54,2.57,2.5,2.51,654226.96
2020-04-27,2.51,2.56,2.48,2.5,586978.92
2020-04-28,2.5,2.51,2.35,2.43,858235.38
2020-04-29,2.42,2.45,2.4,2.43,467491.07
2020-04-30,2.48,2.57,2.48,2.56,1017201.44
2020-05-06,2.59,2.76,2.59,2.73,2384654.85
2020-05-07,2.69,2.76,2.68,2.69,1456490.34
2020-05-08,2.73,2.78,2.67,2.73,1373494.0
2020-05-11,2.73,2.74,2.65,2.66,1053165.31
2020-05-12,2.63,2.66,2.57,2.62,773634.94
2020-05-13,2.6,2.68,2.58,2.63,811047.98
2020-05-14,2.62,2.63,2.55,2.55,845176.46
2020-05-15,2.58,2.6,2.54,2.56,611825.13
2020-05-18,2.58,2.67,2.53,2.64,1119599.39
2020-05-19,2.66,2.67,2.61,2.63,695489.78
2020-05-20,2.64,2.69,2.62,2.63,904155.45
2020-05-21,2.62,2.63,2.56,2.57,649221.38
2020-05-22,2.56,2.56,2.48,2.5,741945.98
2020-05-25,2.5,2.53,2.43,2.45,920911.29
2020-05-26,2.46,2.5,2.45,2.5,464401.16
2020-05-27,2.49,2.5,2.45,2.46,447301.18
2020-05-28,2.47,2.52,2.46,2.51,663424.6
2020-05-29,2.49,2.55,2.47,2.5,695816.4
2020-06-01,2.53,2.62,2.51,2.62,1100387.42
2020-06-02,2.62,2.64,2.58,2.6,930347.81
2020-06-03,2.61,2.62,2.57,2.58,738795.59
2020-06-04,2.6,2.79,2.57,2.76,3195558.37
2020-06-05,2.74,2.75,2.66,2.69,1389380.15
2020-06-08,2.71,2.86,2.69,2.79,2383063.31
2020-06-09,2.8,2.85,2.75,2.8,1310645.68
2020-06-10,2.78,2.8,2.69,2.7,1036437.0
2020-06-11,2.73,2.79,2.67,2.69,1092714.76
2020-06-12,2.61,2.67,2.59,2.65,905440.37
2020-06-15,2.65,2.67,2.58,2.6,903205.51
2020-06-16,2.65,2.94,2.62,2.85,3742361.83
2020-06-17,2.87,2.99,2.83,2.86,2949557.06
2020-06-18,2.86,2.94,2.81,2.86,1721879.94
2020-06-19,2.88,2.93,2.84,2.87,1902580.81
2020-06-22,2.88,2.94,2.83,2.86,1697416.71
2020-06-23,2.86,2.88,2.79,2.82,1271037.65
2020-06-24,2.8,2.83,2.76,2.78,1147303.02
2020-06-29,2.77,2.81,2.71,2.74,990981.98
2020-06-30,2.75,2.83,2.74,2.79,876626.81
2020-07-01,2.8,2.9,2.79,2.87,1538729.34
2020-07-02,2.87,3.0,2.84,2.99,2727318.61
2020-07-03,3.04,3.37,3.03,3.19,4047612.98
2020-07-06,3.26,3.48,3.23,3.47,4643606.76
2020-07-07,3.55,3.65,3.37,3.43,4406334.65
2020-07-08,3.42,3.6,3.35,3.56,4231787.52
2020-07-09,3.57,3.67,3.52,3.64,3590753.26
2020-07-10,3.57,3.6,3.4,3.41,3252056.3
2020-07-13,3.52,3.84,3.51,3.84,4644250.48
2020-07-14,3.84,3.97,3.7,3.82,5629091.58
2020-07-15,3.9,3.94,3.45,3.53,4451855.11
2020-07-16,3.53,3.59,3.23,3.25,3185032.84
2020-07-17,3.24,3.32,3.17,3.24,2039102.57
2020-07-20,3.3,3.64,3.27,3.62,3477183.39
2020-07-21,3.7,3.72,3.52,3.58,2164101.04
2020-07-22,3.72,3.78,3.54,3.56,2732141.17
2020-07-23,3.51,3.65,3.47,3.56,2327963.1
2020-07-24,3.54,3.54,3.3,3.34,2520684.99
2020-07-27,3.35,3.59,3.34,3.51,2922445.28
2020-07-28,3.67,3.85,3.58,3.65,4678312.06
2020-07-29,3.66,3.69,3.55,3.67,2694806.75
2020-07-30,3.75,3.77,3.58,3.59,2797721.48
2020-07-31,3.48,3.57,3.43,3.52,2834421.62
2020-08-03,3.55,3.67,3.48,3.66,3083808.34
2020-08-04,3.81,3.92,3.71,3.8,4998931.21
2020-08-05,3.77,4.02,3.65,3.97,5969028.11
2020-08-06,3.99,4.13,3.9,4.04,5633057.29
2020-08-07,4.02,4.03,3.82,3.88,3738589.71
2020-08-10,3.77,3.78,3.63,3.69,3651774.97
2020-08-11,3.67,3.73,3.52,3.55,2452006.8
2020-08-12,3.47,3.53,3.32,3.5,2655711.29
2020-08-13,3.47,3.49,3.39,3.43,1342458.13
2020-08-14,3.41,3.5,3.39,3.47,1083398.26
2020-08-17,3.48,3.6,3.44,3.59,2099392.92
2020-08-18,3.61,3.66,3.55,3.57,1737563.49
2020-08-19,3.58,3.64,3.54,3.54,1816493.1
2020-08-20,3.67,3.73,3.58,3.6,2568285.38
2020-08-21,3.6,3.66,3.52,3.6,1839957.59
2020-08-24,3.59,3.59,3.48,3.52,1480999.72
2020-08-25,3.52,3.53,3.37,3.4,1760972.33
2020-08-26,3.37,3.44,3.26,3.28,1520100.5
2020-08-27,3.29,3.32,3.22,3.31,1313219.44
2020-08-28,3.29,3.35,3.25,3.35,1415980.24
2020-08-31,3.39,3.51,3.39,3.4,2053940.64
2020-09-01,3.38,3.5,3.36,3.49,1743691.27
2020-09-02,3.45,3.46,3.32,3.35,2017960.74
2020-09-03,3.35,3.37,3.29,3.31,900312.94
2020-09-04,3.25,3.3,3.22,3.29,801202.07
2020-09-07,3.27,3.35,3.22,3.24,1214871.52
2020-09-08,3.24,3.26,3.13,3.22,1371626.09
2020-09-09,3.16,3.19,3.12,3.14,1140668.51
2020-09-10,3.19,3.22,3.12,3.13,1087255.66
2020-09-11,3.12,3.15,3.05,3.1,1079742.98
2020-09-14,3.1,3.2,3.1,3.15,896021.59
2020-09-15,3.15,3.19,3.13,3.17,744229.18
2020-09-16,3.17,3.19,3.11,3.16,839696.01
2020-09-17,3.14,3.16,3.09,3.11,936428.72
2020-09-18,3.12,3.24,3.11,3.23,1489106.25
2020-09-21,3.25,3.26,3.17,3.19,951957.55
2020-09-22,3.16,3.17,3.07,3.1,1232532.37
2020-09-23,3.08,3.1,3.05,3.06,677921.17
2020-09-24,3.03,3.03,2.92,2.93,1120420.48
2020-09-25,2.95,2.96,2.84,2.88,962898.11
2020-09-28,2.89,2.91,2.83,2.84,620734.51
2020-09-29,2.87,2.9,2.86,2.87,609527.67
2020-09-30,2.88,2.88,2.8,2.84,801789.07
2020-10-09,2.94,3.02,2.92,3.0,1068098.42
2020-10-12,3.04,3.09,3.01,3.08,1058878.44
2020-10-13,3.08,3.08,3.03,3.07,621616.05
2020-10-14,3.06,3.07,3.0,3.01,641204.97
2020-10-15,3.01,3.05,3.0,3.01,516572.15
2020-10-16,3.02,3.05,3.0,3.02,603569.81
2020-10-19,3.02,3.08,3.01,3.03,557263.57
2020-10-20,3.02,3.11,2.99,3.1,1006140.42
2020-10-21,3.1,3.14,3.05,3.08,687506.52
2020-10-22,3.05,3.07,3.01,3.06,486783.51
2020-10-23,3.06,3.08,3.03,3.04,448200.27
2020-10-26,3.04,3.05,2.98,3.01,513031.49
2020-10-27,2.97,3.07,2.97,3.06,611833.37
2020-10-28,3.04,3.07,3.0,3.05,616695.23
2020-10-29,3.01,3.16,2.99,3.14,1499695.06
2020-10-30,3.11,3.13,3.06,3.07,1385499.87
2020-11-02,3.06,3.17,3.05,3.15,1163736.16
2020-11-03,3.17,3.36,3.15,3.31,2131494.16
2020-11-04,3.29,3.29,3.2,3.26,1312537.09
2020-11-05,3.28,3.37,3.24,3.32,1583630.16
2020-11-06,3.33,3.43,3.3,3.36,1694424.91
2020-11-09,3.41,3.51,3.34,3.46,2742181.57
2020-11-10,3.43,3.43,3.32,3.34,1732399.85
2020-11-11,3.34,3.39,3.31,3.32,1157356.88
2020-11-12,3.3,3.4,3.27,3.34,1160786.81
2020-11-13,3.32,3.49,3.32,3.47,3021050.76
2020-11-16,3.45,3.79,3.43,3.74,5285767.82
2020-11-17,3.68,3.75,3.54,3.6,3540166.15
2020-11-18,3.65,3.77,3.6,3.69,3164779.65
2020-11-19,3.68,3.82,3.6,3.69,2691527.07
2020-11-20,3.64,3.87,3.59,3.85,3697109.16
2020-11-23,3.91,4.05,3.84,3.92,4583541.4
2020-11-24,3.86,4.0,3.8,3.98,3241735.72
2020-11-25,3.98,4.01,3.75,3.75,2833961.48
2020-11-26,3.78,3.79,3.61,3.7,2363707.81
2020-11-27,3.69,3.74,3.56,3.69,2015285.63
2020-11-30,3.67,3.86,3.66,3.71,2614236.64
2020-12-01,3.7,3.75,3.59,3.73,1730893.99
2020-12-02,3.73,3.85,3.71,3.77,2077563.49
2020-12-03,3.72,3.75,3.64,3.65,1386208.96
2020-12-04,3.62,3.79,3.6,3.78,1801351.24
2020-12-07,3.78,3.83,3.68,3.68,1467383.22
2020-12-08,3.67,3.71,3.58,3.61,1489455.98
2020-12-09,3.62,3.77,3.6,3.65,2232561.98
2020-12-10,3.61,3.64,3.45,3.5,2138632.44
2020-12-11,3.58,3.63,3.39,3.43,1930712.05
2020-12-14,3.52,3.82,3.47,3.76,3900567.37
2020-12-15,3.77,3.84,3.68,3.84,2830514.64
2020-12-16,3.8,3.88,3.75,3.77,1827309.8
2020-12-17,3.75,4.24,3.73,4.24,7995447.64
2020-12-18,4.2,4.26,4.08,4.18,6430311.54
2020-12-21,4.19,4.35,4.1,4.3,5820475.63
2020-12-22,4.19,4.25,3.92,3.95,5937033.21
2020-12-23,3.94,4.14,3.92,4.0,3683941.5
2020-12-24,4.0,4.07,3.92,4.04,2353420.62
2020-12-25,3.99,4.53,3.94,4.53,7620359.06
2020-12-28,4.67,5.07,4.65,5.07,9334145.51
2020-12-29,5.27,5.3,4.67,4.83,8484483.76
2020-12-30,4.98,5.14,4.75,4.98,7710990.43
2020-12-31,4.95,5.5,4.93,5.37,7357855.46
2021-01-04,5.4,5.91,5.28,5.65,7653320.22
2021-01-05,5.47,5.6,5.24,5.49,6447619.06
2021-01-06,5.61,5.92,5.44,5.87,6710832.87
2021-01-07,5.88,6.55,5.81,6.48,9985869.91
2021-01-08,6.48,6.53,5.92,6.52,8704956.78
2021-01-11,6.32,6.43,5.78,5.88,7565011.0
2021-01-12,5.68,6.18,5.56,6.0,6078322.84
2021-01-13,5.99,6.16,5.42,5.56,6837053.39
2021-01-14,5.42,5.59,5.28,5.39,4937994.21
2021-01-15,5.42,5.59,5.22,5.48,4444216.69
2021-01-18,5.32,5.45,5.19,5.36,4167167.42
2021-01-19,5.38,5.51,4.94,5.01,5598691.87
2021-01-20,5.02,5.39,5.02,5.32,4843853.08
2021-01-21,5.28,5.59,5.17,5.43,5141551.83
2021-01-22,5.37,5.74,5.28,5.63,5519420.08
2021-01-25,5.68,6.08,5.53,5.82,5979892.62
2021-01-26,5.71,5.79,5.33,5.4,4085758.19
2021-01-27,5.42,5.59,5.12,5.49,3971862.68
2021-01-28,5.22,5.31,4.99,5.05,3968091.69
2021-01-29,5.16,5.29,4.85,5.18,3430915.35
2021-02-01,5.13,5.22,4.97,5.08,2767916.85
2021-02-02,5.14,5.31,5.08,5.29,3653813.23
2021-02-03,5.26,5.91,5.2,5.76,7274714.65
2021-02-04,5.62,5.65,5.15,5.28,5105188.31
2021-02-05,5.26,5.35,4.86,4.86,3894378.93
2021-02-08,4.87,5.27,4.74,5.2,3428118.56
2021-02-09,5.21,5.63,5.18,5.51,3951362.48
2021-02-10,5.6,5.83,5.4,5.7,3800487.66
2021-02-18,6.36,6.36,6.21,6.36,7903248.85
2021-02-19,6.27,6.4,5.95,6.25,7414409.0
2021-02-22,6.66,6.96,6.57,6.72,9649839.28
2021-02-23,6.47,6.96,6.4,6.59,6590877.52
2021-02-24,6.58,7.17,6.4,6.44,7258393.11
2021-02-25,6.87,6.89,6.32,6.42,6084747.82
2021-02-26,5.92,6.09,5.74,5.82,5768767.38
2021-03-01,5.84,6.19,5.65,6.18,5141031.01
2021-03-02,6.02,6.08,5.61,5.82,5070533.21
2021-03-03,5.81,6.07,5.75,5.94,3501773.32
2021-03-04,5.72,5.73,5.42,5.49,4119727.95
2021-03-05,5.19,5.26,5.01,5.2,3527786.02
2021-03-08,5.25,5.35,5.01,5.03,2870230.5
2021-03-09,5.02,5.25,4.72,5.08,3383987.01
2021-03-10,5.15,5.2,4.87,4.94,2899274.19
2021-03-11,4.94,5.27,4.88,5.27,4367226.22
2021-03-12,5.21,5.22,4.98,5.1,3309479.66
2021-03-15,5.03,5.22,4.99,5.08,2386710.4
2021-03-16,5.06,5.08,4.77,4.84,3180572.21
2021-03-17,4.75,4.89,4.62,4.87,2560210.75
2021-03-18,4.92,4.99,4.83,4.84,1958952.52
2021-03-19,4.7,4.78,4.62,4.68,2198434.83
2021-03-22,4.68,4.75,4.55,4.72,2028823.56
2021-03-23,4.69,4.71,4.43,4.49,2591440.06
2021-03-24,4.41,4.53,4.28,4.31,2483428.97
2021-03-25,4.31,4.43,4.3,4.35,1674916.28
2021-03-26,4.37,4.55,4.32,4.53,2323581.28
2021-03-29,4.55,4.56,4.44,4.49,1640570.69
2021-03-30,4.45,4.58,4.38,4.52,1890434.29
2021-03-31,4.5,4.53,4.36,4.4,1603682.18
2021-04-01,4.4,4.48,4.4,4.43,1195391.34
2021-04-02,4.44,4.48,4.33,4.47,1691442.71
2021-04-06,4.53,4.71,4.51,4.59,2530174.66
2021-04-07,4.57,4.72,4.49,4.72,2554494.91
2021-04-08,4.69,4.94,4.64,4.84,3558155.98
2021-04-09,4.85,4.88,4.66,4.7,2201678.11
2021-04-12,4.82,4.97,4.71,4.77,4264868.38
2021-04-13,4.77,4.87,4.64,4.67,2411564.86
2021-04-14,4.66,4.79,4.63,4.77,2264075.38
2021-04-15,4.76,4.81,4.63,4.79,2260153.71
2021-04-16,4.86,4.87,4.68,4.71,1959182.6
2021-04-19,4.67,4.93,4.6,4.89,3897105.81
2021-04-20,4.83,4.87,4.77,4.81,2286746.02
2021-04-21,4.75,4.77,4.67,4.72,1508614.61
2021-04-22,4.76,4.86,4.75,4.78,2059506.06
2021-04-23,4.73,4.91,4.7,4.89,2928325.67
2021-04-26,4.92,5.05,4.88,4.91,3275379.32
2021-04-27,4.97,5.0,4.8,4.88,2505236.36
2021-04-28,4.86,4.9,4.7,4.79,2153163.41
2021-04-29,4.83,4.94,4.72,4.9,2610077.87
2021-04-30,4.87,5.01,4.82,4.93,2634727.56
2021-05-06,5.12,5.19,4.94,5.1,4116079.11
2021-05-07,5.13,5.52,5.13,5.34,5554100.99
2021-05-10,5.49,5.66,5.35,5.65,4995271.83
2021-05-11,5.44,5.47,5.14,5.3,4156941.1
2021-05-12,5.23,5.38,5.18,5.3,2001810.16
2021-05-13,5.14,5.15,4.9,4.92,3259166.31
2021-05-14,4.92,4.98,4.79,4.88,2590565.65
2021-05-17,4.86,5.08,4.82,5.05,2760245.19
2021-05-18,5.08,5.21,5.0,5.12,2493395.3
2021-05-19,5.03,5.22,4.95,5.15,2746777.13
2021-05-20,4.88,4.9,4.79,4.84,2994532.39
2021-05-21,4.86,5.07,4.84,4.94,2236037.0
2021-05-24,4.9,4.92,4.73,4.75,2529454.19
2021-05-25,4.75,4.81,4.61,4.8,2214838.54
2021-05-26,4.77,4.8,4.7,4.77,2097336.11
2021-05-27,4.75,4.77,4.72,4.73,1825963.25
2021-05-28,4.8,4.96,4.8,4.86,3442695.76
2021-05-31,4.87,4.99,4.83,4.93,2502753.88
2021-06-01,4.88,4.89,4.74,4.87,2199981.8
2021-06-02,4.85,4.94,4.8,4.81,1926422.2
2021-06-03,4.8,4.93,4.78,4.83,2011794.19
2021-06-04,4.73,4.87,4.62,4.79,2609994.01
2021-06-07,4.79,4.84,4.69,4.71,1771205.74
2021-06-08,4.71,4.75,4.52,4.55,2438408.0
2021-06-09,4.56,4.63,4.54,4.58,1126727.55
2021-06-10,4.57,4.61,4.53,4.57,1243087.22
2021-06-11,4.58,4.61,4.44,4.57,1905108.05
2021-06-15,4.52,4.56,4.28,4.29,2479210.86
2021-06-16,4.27,4.33,4.16,4.17,1694521.2
2021-06-17,4.17,4.22,4.16,4.17,1075166.98
2021-06-18,4.1,4.31,4.0,4.31,2419364.2
2021-06-21,4.25,4.26,4.18,4.22,1586103.02
2021-06-22,4.22,4.28,4.2,4.24,1246603.42
2021-06-23,4.25,4.32,4.18,4.31,1866562.81
2021-06-24,4.32,4.37,4.26,4.28,1213217.7
2021-06-25,4.29,4.56,4.29,4.48,3310848.77
2021-06-28,4.47,4.51,4.35,4.39,1542725.66
2021-06-29,4.4,4.42,4.24,4.26,1205579.13
2021-06-30,4.27,4.35,4.25,4.28,1017204.11
2021-07-01,4.28,4.29,4.16,4.18,1021733.98
2021-07-02,4.2,4.29,4.16,4.23,1078461.14
2021-07-05,4.26,4.74,4.26,4.71,6142646.45
2021-07-06,4.71,4.97,4.66,4.86,5984977.13
2021-07-07,4.72,5.43,4.66,5.35,7998022.2
2021-07-08,5.25,5.6,5.21,5.44,6736831.77
2021-07-09,5.32,6.04,5.3,5.8,6712048.22
2021-07-12,5.84,6.25,5.76,6.05,6147112.26
2021-07-13,5.97,5.97,5.55,5.7,5156133.17
2021-07-14,5.81,6.11,5.53,5.77,5218864.48
2021-07-15,5.66,5.91,5.45,5.87,4195044.19
2021-07-16,5.78,6.23,5.7,5.88,5468580.68
2021-07-19,5.81,6.18,5.76,5.96,4055223.32
2021-07-20,5.8,5.87,5.58,5.85,3681865.9
2021-07-21,5.83,6.3,5.8,6.19,5305654.55
2021-07-22,6.18,6.24,5.98,6.06,3536130.93
2021-07-23,6.16,6.5,6.09,6.21,4635264.07
2021-07-26,6.38,6.55,6.08,6.44,5482345.5
2021-07-27,6.65,7.0,5.99,6.07,7852783.18
2021-07-28,5.82,6.09,5.54,5.63,5124939.84
2021-07-29,5.85,6.19,5.72,6.1,4181771.94
2021-07-30,6.1,6.22,5.82,6.06,3147965.53
2021-08-02,5.96,6.18,5.74,6.0,3955462.83
2021-08-03,5.89,5.89,5.32,5.35,5555046.36
2021-08-04,5.39,5.7,5.32,5.66,3707616.4
2021-08-05,5.58,5.62,5.39,5.46,3064775.12
2021-08-06,5.53,6.09,5.46,6.09,7089733.72
2021-08-09,6.16,6.44,5.98,6.35,7462674.83
2021-08-10,6.25,6.25,5.94,6.08,5294002.32
2021-08-11,6.05,6.08,5.81,5.95,3700484.89
2021-08-12,5.95,6.25,5.83,6.13,4728669.72
2021-08-13,6.05,6.5,5.96,6.41,6166159.53
2021-08-16,6.39,6.5,6.07,6.08,4922392.16
2021-08-17,6.01,6.45,5.98,6.21,5603281.37
2021-08-18,6.11,6.4,5.85,6.17,4706462.73
2021-08-19,6.05,6.05,5.64,5.89,5195747.92
2021-08-20,5.8,5.92,5.64,5.79,3555756.94
2021-08-23,5.82,5.97,5.72,5.89,3236537.71
2021-08-24,5.95,6.39,5.86,6.25,6553878.9
2021-08-25,6.39,6.54,6.11,6.47,5894629.22
2021-08-26,6.46,6.64,6.3,6.51,5409003.19
2021-08-27,6.42,6.91,6.33,6.91,6263204.36
2021-08-30,6.95,7.22,6.69,6.82,6955857.22
2021-08-31,6.72,6.98,6.56,6.97,4149005.63
2021-09-01,6.9,6.98,6.19,6.43,6417580.56
2021-09-02,6.31,6.61,6.27,6.52,3208881.43
2021-09-03,6.38,6.66,6.2,6.26,4027962.15
2021-09-06,6.26,6.36,5.9,6.27,3299494.75
2021-09-07,6.24,6.38,6.18,6.34,3326516.39
2021-09-08,6.31,6.36,6.14,6.2,3873760.42
2021-09-09,6.2,6.51,6.16,6.47,4417372.72
2021-09-10,6.45,7.2,6.4,7.09,13103022.62
2021-09-13,7.15,7.71,7.09,7.62,10985204.14
2021-09-14,7.35,7.41,7.0,7.04,6609137.93
2021-09-15,7.03,7.11,6.75,7.03,3918588.94
2021-09-16,7.04,7.22,6.69,6.74,4921679.0
2021-09-17,6.65,6.84,6.13,6.43,5456035.86
2021-09-22,6.17,6.39,6.08,6.32,2802316.84
2021-09-23,6.41,6.44,6.19,6.28,2390015.92
2021-09-24,6.28,6.33,5.93,5.97,3132599.67
2021-09-27,5.92,5.95,5.29,5.4,4577647.87
2021-09-28,5.44,5.47,5.3,5.39,2108908.33
2021-09-29,5.34,5.34,4.91,5.05,3312445.88
2021-09-30,5.11,5.24,5.02,5.19,2076711.49
2021-10-08,5.29,5.3,5.1,5.16,1829748.61
2021-10-11,5.28,5.56,5.22,5.5,3205529.65
2021-10-12,5.5,5.54,5.32,5.48,2090784.17
2021-10-13,5.4,5.46,5.35,5.41,1365100.78
2021-10-14,5.45,5.63,5.44,5.6,2247560.88
2021-10-15,5.64,5.86,5.51,5.55,2527024.92
2021-10-18,5.65,5.83,5.6,5.79,2494270.38
2021-10-19,5.74,5.83,5.64,5.8,1749015.68
2021-10-20,5.65,5.86,5.55,5.71,2133775.06
2021-10-21,5.8,5.88,5.67,5.68,2104377.17
2021-10-22,5.56,5.65,5.37,5.45,2272398.08
2021-10-25,5.42,5.58,5.33,5.58,1528162.02
2021-10-26,5.55,5.67,5.5,5.54,1423854.95
2021-10-27,5.53,5.59,5.36,5.4,1368470.28
2021-10-28,5.32,5.35,5.02,5.1,2582709.19
2021-10-29,5.08,5.22,5.02,5.14,1632670.75
2021-11-01,5.14,5.24,5.1,5.15,1317148.84
2021-11-02,5.16,5.17,4.88,4.99,1752902.91
2021-11-03,4.99,5.07,4.86,5.05,1245809.8
2021-11-04,5.05,5.06,4.77,4.82,2710774.88
2021-11-05,4.75,4.89,4.64,4.64,2408964.77
2021-11-08,4.64,4.87,4.63,4.8,2299295.76
2021-11-09,4.84,4.84,4.74,4.79,1134609.63
2021-11-10,4.77,4.77,4.61,4.71,1478708.27
2021-11-11,4.69,4.77,4.67,4.75,1185202.95
2021-11-12,4.78,4.83,4.68,4.7,1362056.7
2021-11-15,4.72,4.75,4.61,4.72,1273340.01
2021-11-16,4.71,4.71,4.53,4.56,1808907.81
2021-11-17,4.56,4.64,4.54,4.62,1602495.85
2021-11-18,4.59,4.73,4.56,4.68,1820829.94
2021-11-19,4.7,4.84,4.67,4.84,2464592.41
2021-11-22,4.85,5.17,4.85,5.03,3294675.15
2021-11-23,5.09,5.14,4.96,4.99,2018524.8
2021-11-24,4.99,5.12,4.92,5.09,2119386.0
2021-11-25,5.09,5.22,5.01,5.03,2030135.32
2021-11-26,5.0,5.15,4.96,5.04,2392058.65
2021-11-29,4.86,5.03,4.82,4.93,2653359.16
2021-11-30,5.02,5.19,4.96,5.04,2884888.02
2021-12-01,5.04,5.31,5.01,5.25,3624515.07
2021-12-02,5.27,5.33,5.12,5.17,2189401.19
2021-12-03,5.18,5.27,5.07,5.24,2305659.7
2021-12-06,5.24,5.29,5.09,5.12,2627658.79
2021-12-07,5.16,5.2,4.97,5.04,2195605.05
2021-12-08,5.09,5.16,5.04,5.13,1778797.37
2021-12-09,5.15,5.18,5.1,5.12,1755563.89
2021-12-10,5.08,5.11,4.99,5.06,1596419.44
2021-12-13,5.04,5.09,5.0,5.06,1650390.66
2021-12-14,5.03,5.04,4.81,4.83,2922383.41
2021-12-15,4.8,4.85,4.74,4.76,1644954.83
2021-12-16,4.76,4.88,4.75,4.87,1256663.57
2021-12-17,4.91,5.05,4.89,4.92,1922084.09
2021-12-20,4.89,4.91,4.77,4.78,1258929.17
2021-12-21,4.75,4.84,4.74,4.83,922194.68
2021-12-22,4.83,4.83,4.76,4.77,947326.46
2021-12-23,4.8,4.84,4.78,4.81,977958.36
2021-12-24,4.81,4.83,4.68,4.69,1177930.8
2021-12-27,4.69,4.72,4.66,4.67,763572.67
2021-12-28,4.7,4.76,4.67,4.72,970692.11
2021-12-29,4.7,4.74,4.67,4.68,877208.04
2021-12-30,4.69,4.71,4.67,4.68,737165.36
2021-12-31,4.7,4.75,4.68,4.73,862563.77
2022-01-04,4.77,4.79,4.7,4.79,1126523.22
2022-01-05,4.78,4.78,4.65,4.7,1040947.74
2022-01-06,4.66,4.72,4.66,4.7,874281.65
2022-01-07,4.72,4.74,4.67,4.7,929273.48
2022-01-10,4.69,4.74,4.67,4.73,871473.73
2022-01-11,4.72,4.75,4.67,4.7,1017794.17
2022-01-12,4.74,4.91,4.73,4.91,2636037.57
2022-01-13,4.94,5.03,4.86,4.87,2194298.6
2022-01-14,4.85,4.85,4.73,4.77,1474572.18
2022-01-17,4.73,4.76,4.67,4.72,991939.62
2022-01-18,4.71,4.78,4.67,4.73,879168.66
2022-01-19,4.72,4.77,4.7,4.72,850069.22
2022-01-20,4.77,4.82,4.72,4.8,1152333.79
2022-01-21,4.77,4.85,4.74,4.84,1189613.25
2022-01-24,4.84,4.86,4.75,4.81,889592.55
2022-01-25,4.76,4.81,4.61,4.61,1309513.49
2022-01-26,4.62,4.67,4.61,4.65,592521.1
2022-01-27,4.65,4.65,4.28,4.32,1582409.04
2022-01-28,4.38,4.41,4.17,4.32,1039081.71
2022-02-07,4.41,4.55,4.4,4.54,1228975.96
2022-02-08,4.54,4.59,4.47,4.58,992648.54
2022-02-09,4.6,4.78,4.58,4.76,1639370.03
2022-02-10,4.8,5.02,4.8,4.94,2719930.09
2022-02-11,4.94,5.02,4.89,4.94,1899950.05
2022-02-14,4.9,4.95,4.78,4.84,1265727.97
2022-02-15,4.85,4.86,4.75,4.83,927187.57
2022-02-16,4.83,4.92,4.82,4.84,789380.24
2022-02-17,4.85,4.97,4.82,4.94,1393328.37
2022-02-18,4.89,4.96,4.86,4.95,1001713.81
2022-02-21,4.93,4.96,4.86,4.88,854842.7
2022-02-22,4.85,4.92,4.81,4.91,897876.28
2022-02-23,4.94,4.96,4.87,4.95,1185717.16
2022-02-24,4.91,5.04,4.77,4.87,1727187.53
2022-02-25,4.86,5.0,4.84,4.89,1485125.03
2022-02-28,4.92,5.2,4.92,5.16,3929563.76
2022-03-01,5.15,5.16,4.99,5.07,2170340.17
2022-03-02,5.03,5.16,5.01,5.08,1979901.68
2022-03-03,5.13,5.28,5.13,5.17,3127672.9
2022-03-04,5.14,5.15,4.91,4.93,2450420.73
2022-03-07,5.01,5.1,4.83,4.88,2187420.49
2022-03-08,4.92,5.02,4.49,4.61,2702033.92
2022-03-09,4.55,4.55,4.16,4.4,2408113.68
2022-03-10,4.5,4.54,4.35,4.43,1759819.35
2022-03-11,4.33,4.37,4.21,4.36,1614190.73
2022-03-14,4.27,4.32,4.19,4.2,1167042.49
2022-03-15,4.15,4.16,3.75,3.77,2525321.15
2022-03-16,3.95,4.11,3.8,4.08,2174888.96
2022-03-17,4.16,4.3,4.12,4.24,1868463.75
2022-03-18,4.25,4.35,4.21,4.32,1545646.76
2022-03-21,4.37,4.46,4.31,4.37,1477005.8
2022-03-22,4.4,4.44,4.31,4.39,1203839.98
2022-03-23,4.43,4.48,4.4,4.46,1353123.11
2022-03-24,4.46,4.65,4.44,4.59,1804572.09
2022-03-25,4.58,4.75,4.55,4.62,1785473.83
2022-03-28,4.53,4.56,4.39,4.48,1085161.21
2022-03-29,4.45,4.54,4.42,4.48,757386.12
2022-03-30,4.51,4.51,4.38,4.45,880579.09
2022-03-31,4.46,4.47,4.33,4.36,984853.15
2022-04-01,4.35,4.46,4.28,4.43,796188.0
2022-04-06,4.42,4.5,4.35,4.49,888901.0
2022-04-07,4.47,4.48,4.4,4.41,637576.0
2022-04-08,4.4,4.64,4.38,4.56,1576968.0
2022-04-11,4.56,4.59,4.26,4.28,1408875.0
2022-04-12,4.28,4.36,4.16,4.36,941994.0
2022-04-13,4.33,4.73,4.32,4.6,2436190.0
2022-04-14,4.61,4.71,4.55,4.65,1278095.0
2022-04-15,4.63,4.79,4.59,4.67,1787455.0
2022-04-18,4.64,4.64,4.47,4.51,913596.0
2022-04-19,4.55,4.59,4.5,4.53,877704.0
2022-04-20,4.51,4.52,4.31,4.33,1113870.0
2022-04-21,4.32,4.33,4.03,4.07,1575429.0
2022-04-22,4.02,4.13,3.93,4.1,914263.0
2022-04-25,3.98,3.98,3.75,3.76,1341732.0
2022-04-26,3.76,3.79,3.38,3.42,1962819.0
2022-04-27,3.34,3.7,3.33,3.67,1530342.0
2022-04-28,3.67,3.69,3.56,3.61,1200749.0
2022-04-29,3.67,3.87,3.64,3.83,1371320.0
2022-05-05,3.86,3.94,3.8,3.89,1060921.0
2022-05-06,3.75,3.77,3.66,3.7,1042418.0
2022-05-09,3.65,3.72,3.6,3.65,854676.0
2022-05-10,3.57,3.64,3.47,3.59,1696454.0
2022-05-11,3.59,3.8,3.57,3.68,1621390.0
2022-05-12,3.61,3.67,3.54,3.6,1119792.0
2022-05-13,3.61,3.66,3.55,3.59,990462.0
2022-05-16,3.63,3.66,3.59,3.61,869124.0
2022-05-17,3.61,3.73,3.6,3.72,1364905.0
2022-05-18,3.73,3.73,3.64,3.67,878926.0
2022-05-19,3.59,3.63,3.54,3.62,1238014.0
2022-05-20,3.65,3.85,3.65,3.84,2222623.0
2022-05-23,3.82,3.95,3.8,3.9,1417511.0
2022-05-24,3.88,3.89,3.69,3.69,1306235.0
2022-05-25,3.76,3.9,3.74,3.86,1649450.0
2022-05-26,3.87,3.93,3.77,3.91,1241379.0
2022-05-27,3.92,3.98,3.87,3.9,1240446.0
2022-05-30,3.9,3.94,3.87,3.89,837289.0
2022-05-31,3.89,3.92,3.85,3.92,986598.0
2022-06-01,3.89,3.95,3.87,3.93,895217.0
2022-06-02,3.91,4.0,3.89,3.99,1008473.0
2022-06-06,4.05,4.21,4.01,4.19,1867944.0
2022-06-07,4.17,4.22,4.13,4.19,1091802.0
2022-06-08,4.2,4.33,4.11,4.32,1958703.0
2022-06-09,4.34,4.69,4.34,4.54,3792136.0
2022-06-10,4.47,4.91,4.47,4.83,3631654.0
2022-06-13,4.82,5.0,4.78,4.87,3786405.0
2022-06-14,4.81,4.95,4.74,4.94,2829569.0
2022-06-15,4.94,5.07,4.77,4.97,3561962.0
2022-06-16,4.97,5.13,4.87,4.97,2610069.0
2022-06-17,4.97,5.28,4.88,5.26,5065654.0
2022-06-20,5.27,5.27,4.66,4.91,7422123.0
2022-06-21,4.81,4.88,4.62,4.85,3684059.0
2022-06-22,4.9,5.42,4.87,5.27,11597554.0
2022-06-23,5.1,5.31,4.74,5.13,10181438.0
2022-06-24,5.02,5.24,4.88,4.9,4779828.0
2022-06-27,4.81,5.21,4.75,5.13,5886887.0
2022-06-28,5.17,5.2,4.98,5.05,3818027.0
2022-06-29,5.01,5.08,4.86,4.87,3396441.0
2022-06-30,4.85,4.96,4.77,4.88,2718378.0
2022-07-01,4.95,4.95,4.81,4.86,2090511.0
2022-07-04,4.78,4.87,4.73,4.78,2414188.0
2022-07-05,4.79,4.88,4.66,4.77,2444731.0
2022-07-06,4.68,4.73,4.31,4.42,4738667.0
2022-07-07,4.46,4.65,4.44,4.59,2307408.0
2022-07-08,4.64,4.85,4.63,4.73,3179666.0
2022-07-11,4.69,4.71,4.49,4.53,2202248.0
2022-07-12,4.53,4.56,4.44,4.45,1367228.0
2022-07-13,4.44,4.48,4.34,4.45,1210223.0
2022-07-14,4.42,4.44,4.34,4.36,1677118.0
2022-07-15,4.37,4.48,4.35,4.37,1646523.0
2022-07-18,4.4,4.55,4.39,4.53,1549551.0
2022-07-19,4.51,4.53,4.42,4.46,1180964.0
2022-07-20,4.48,4.66,4.47,4.66,1977545.0
2022-07-21,4.65,5.2,4.6,5.2,6429665.0
2022-07-22,4.92,5.0,4.73,4.78,6505218.0
2022-07-25,4.74,4.76,4.58,4.6,2280911.0
2022-07-26,4.61,4.74,4.56,4.69,1594079.0
2022-07-27,4.67,4.77,4.63,4.74,1324256.0
2022-07-28,4.78,4.78,4.68,4.7,1407259.0
2022-07-29,4.68,4.7,4.6,4.61,1456378.0
2022-08-01,4.56,4.67,4.4,4.66,1541922.0
2022-08-02,4.58,4.58,4.37,4.44,1862595.0
2022-08-03,4.43,4.52,4.37,4.39,1168510.0
2022-08-04,4.43,4.47,4.35,4.42,866639.0
2022-08-05,4.43,4.5,4.4,4.49,937084.0
2022-08-08,4.51,4.66,4.48,4.57,1441013.0
2022-08-09,4.56,4.6,4.52,4.58,921529.0
2022-08-10,4.62,4.72,4.55,4.59,1463452.0
2022-08-11,4.61,4.64,4.52,4.63,1451049.0
2022-08-12,4.62,4.72,4.59,4.68,1435046.0
2022-08-15,4.66,4.79,4.62,4.75,2296852.0
2022-08-16,4.73,4.74,4.6,4.63,1734928.0
2022-08-17,4.6,4.64,4.49,4.54,1604705.0
2022-08-18,4.48,4.53,4.43,4.48,1180819.0
2022-08-19,4.45,4.5,4.45,4.46,988726.0
2022-08-22,4.49,4.58,4.47,4.58,1375794.0
2022-08-23,4.57,4.63,4.52,4.55,1030825.0
2022-08-24,4.55,4.62,4.35,4.37,2052488.0
2022-08-25,4.37,4.45,4.33,4.44,1129909.0
2022-08-26,4.44,4.49,4.4,4.41,941710.0
2022-08-29,4.33,4.37,4.27,4.36,862761.0
2022-08-30,4.37,4.37,4.28,4.31,902958.0
2022-08-31,4.28,4.29,4.12,4.14,1633904.0
2022-09-01,4.14,4.2,4.1,4.15,700173.0
2022-09-02,4.16,4.18,4.1,4.12,746811.0
2022-09-05,4.12,4.17,4.08,4.17,720651.0
2022-09-06,4.18,4.28,4.17,4.27,923741.0
2022-09-07,4.25,4.35,4.24,4.34,896460.0
2022-09-08,4.33,4.37,4.3,4.33,756757.0
2022-09-09,4.36,4.46,4.33,4.4,966960.0
2022-09-13,4.45,4.5,4.42,4.44,1218400.0
2022-09-14,4.36,4.41,4.31,4.34,904931.0
2022-09-15,4.35,4.4,4.17,4.23,1142216.0
2022-09-16,4.24,4.25,4.07,4.07,1146792.0
2022-09-19,4.08,4.1,3.96,4.0,696587.0
2022-09-20,4.01,4.19,4.0,4.12,766159.0
2022-09-21,4.11,4.14,4.05,4.12,554851.0
2022-09-22,4.07,4.16,4.07,4.11,594647.0
2022-09-23,4.12,4.13,4.03,4.06,674335.0
2022-09-26,4.02,4.05,3.9,3.91,888960.0
2022-09-27,3.93,3.97,3.85,3.97,718621.0
2022-09-28,3.95,3.95,3.77,3.77,791636.0
2022-09-29,3.87,4.01,3.85,3.94,1272583.0
2022-09-30,3.94,4.07,3.91,3.94,1100332.0
2022-10-10,3.94,3.97,3.67,3.73,1381287.0
2022-10-11,3.76,3.86,3.72,3.78,817831.0
2022-10-12,3.72,3.74,3.4,3.64,3650062.0
2022-10-13,3.57,3.62,3.52,3.54,1895085.0
2022-10-14,3.59,3.7,3.56,3.68,2540589.0
2022-10-17,3.61,3.64,3.55,3.63,1829236.0
2022-10-18,3.64,3.66,3.58,3.6,1226215.0
2022-10-19,3.59,3.61,3.51,3.52,1444471.0
2022-10-20,3.48,3.55,3.43,3.49,1063449.0
2022-10-21,3.51,3.53,3.47,3.48,792480.0
2022-10-24,3.51,3.55,3.36,3.37,1620920.0
2022-10-25,3.37,3.48,3.27,3.44,1343289.0
2022-10-26,3.42,3.48,3.4,3.45,945835.0
2022-10-27,3.48,3.57,3.47,3.51,1367933.0
2022-10-28,3.51,3.51,3.37,3.39,1040222.0
2022-10-31,3.34,3.42,3.3,3.37,797825.0
2022-11-01,3.46,3.53,3.43,3.53,1371880.0
2022-11-02,3.53,3.64,3.5,3.6,1734658.0
2022-11-03,3.57,3.58,3.51,3.55,1135525.0
2022-11-04,3.57,3.72,3.55,3.7,2047950.0
2022-11-07,3.82,3.93,3.8,3.89,3032954.0
2022-11-08,3.86,3.94,3.83,3.89,1492831.0
2022-11-09,3.96,4.0,3.83,3.84,1218661.0
2022-11-10,3.81,3.82,3.73,3.78,1038559.0
2022-11-11,3.92,3.97,3.87,3.9,1770050.0
2022-11-14,3.95,4.03,3.88,3.92,1977295.0
2022-11-15,3.92,3.96,3.85,3.96,1188014.0
2022-11-16,3.96,4.12,3.92,4.04,1788846.0
2022-11-17,4.0,4.02,3.92,3.97,1138111.0
2022-11-18,3.95,3.99,3.91,3.91,805502.0
2022-11-21,3.89,3.89,3.79,3.88,687769.0
2022-11-22,3.84,3.93,3.83,3.86,629913.0
2022-11-23,3.88,3.91,3.83,3.85,524887.0
2022-11-24,3.89,3.9,3.85,3.86,506586.0
2022-11-25,3.85,3.89,3.83,3.87,490576.0
2022-11-28,3.83,3.83,3.7,3.78,857692.0
2022-11-29,3.76,3.94,3.76,3.93,1186900.0
2022-11-30,3.93,3.97,3.88,3.88,784792.0
2022-12-01,3.95,4.03,3.95,3.96,1301020.0
2022-12-02,3.95,3.97,3.88,3.88,839117.0
2022-12-05,3.92,4.07,3.92,4.04,1561760.0
2022-12-06,4.02,4.06,3.98,4.05,870872.0
2022-12-07,4.01,4.06,3.99,4.0,826048.0
2022-12-08,4.0,4.04,3.98,4.01,578507.0
2022-12-09,4.0,4.25,3.98,4.23,2401329.0
2022-12-12,4.2,4.2,4.1,4.12,1233295.0
2022-12-13,4.11,4.25,4.11,4.17,1044938.0
2022-12-14,4.17,4.23,4.1,4.11,811593.0
2022-12-15,4.09,4.12,4.0,4.05,844174.0
2022-12-16,3.99,4.04,3.97,4.01,530631.0
2022-12-19,4.03,4.06,3.85,3.89,907228.0
2022-12-20,3.86,3.88,3.8,3.84,523667.0
2022-12-21,3.87,3.88,3.8,3.82,431248.0
2022-12-22,3.86,3.87,3.73,3.75,502798.0
2022-12-23,3.72,3.78,3.7,3.76,365897.0
2022-12-26,3.77,3.78,3.72,3.75,490722.0
2022-12-27,3.78,3.85,3.77,3.84,489426.0
2022-12-28,3.81,3.92,3.78,3.87,645001.0
2022-12-29,3.83,3.87,3.78,3.79,631300.0
2022-12-30,3.81,3.84,3.77,3.77,434168.0
2023-01-03,3.75,3.87,3.62,3.85,859007.0
2023-01-04,3.83,3.85,3.75,3.79,624333.0
2023-01-05,3.81,3.86,3.77,3.82,861278.0
2023-01-06,3.82,3.87,3.8,3.84,863183.0
2023-01-09,3.88,4.1,3.88,4.06,1947036.0
2023-01-10,4.07,4.11,4.01,4.05,1010418.0
2023-01-11,4.09,4.15,4.07,4.09,895526.0
2023-01-12,4.18,4.28,4.12,4.14,1574014.0
2023-01-13,4.2,4.22,4.07,4.1,1035485.0
2023-01-16,4.11,4.17,4.09,4.1,1143313.0
2023-01-17,4.08,4.1,4.04,4.07,665183.0
2023-01-18,4.09,4.23,4.09,4.21,1405045.0
2023-01-19,4.18,4.26,4.17,4.26,817131.0
2023-01-20,4.27,4.39,4.26,4.35,1184477.0
2023-01-30,4.53,4.85,4.51,4.72,4609852.0
2023-01-31,4.74,4.96,4.71,4.89,3810586.0
2023-02-01,4.9,5.32,4.9,5.23,4733752.0
2023-02-02,5.18,5.2,5.01,5.14,2896911.0
2023-02-03,5.07,5.14,4.97,5.11,2172963.0
2023-02-06,5.02,5.02,4.82,4.93,2028554.0
2023-02-07,4.96,5.19,4.88,5.11,2050122.0
2023-02-08,5.09,5.22,5.02,5.05,1689919.0
2023-02-09,5.02,5.1,4.97,5.06,1124109.0
2023-02-10,5.06,5.09,4.95,4.98,1164601.0
2023-02-13,4.95,5.05,4.93,4.96,1312047.0
2023-02-14,5.02,5.27,5.01,5.15,3213951.0
2023-02-15,5.13,5.3,5.12,5.13,1687293.0
2023-02-16,5.06,5.15,4.92,4.99,1507437.0
2023-02-17,5.05,5.19,5.05,5.05,1507412.0
2023-02-20,5.03,5.25,5.0,5.2,2160262.0
2023-02-21,5.2,5.51,5.17,5.4,3893077.0
2023-02-22,5.35,5.43,5.29,5.36,1410720.0
2023-02-23,5.39,5.45,5.29,5.39,1472687.0
2023-02-24,5.33,5.35,5.17,5.21,1663133.0
2023-02-27,5.13,5.21,5.03,5.09,1432744.0
2023-02-28,5.13,5.17,5.05,5.12,923518.0
2023-03-01,5.14,5.29,5.11,5.28,1406813.0
2023-03-02,5.3,5.39,5.25,5.31,1345664.0
2023-03-03,5.33,5.33,5.12,5.2,1292847.0
2023-03-06,5.17,5.28,5.08,5.26,1265673.0
2023-03-07,5.25,5.38,5.18,5.19,1079716.0
2023-03-08,5.07,5.22,5.05,5.19,936669.0
2023-03-09,5.32,5.34,5.15,5.21,1066363.0
2023-03-10,5.12,5.17,5.09,5.09,669759.0
2023-03-13,5.09,5.2,5.05,5.14,1007999.0
2023-03-14,5.17,5.21,4.99,5.05,984115.0
2023-03-15,5.07,5.13,5.05,5.06,508934.0
2023-03-16,4.99,4.99,4.56,4.6,3161602.0
2023-03-17,4.64,4.72,4.55,4.59,2240372.0
2023-03-20,4.59,4.74,4.53,4.57,1978380.0
2023-03-21,4.62,4.99,4.6,4.92,2564618.0
2023-03-22,4.92,5.06,4.9,5.04,1599088.0
2023-03-23,5.04,5.09,4.99,5.06,818009.0
2023-03-24,5.05,5.14,5.02,5.11,1089765.0
2023-03-27,5.13,5.17,5.05,5.14,943528.0
2023-03-28,5.13,5.22,5.08,5.11,853142.0
2023-03-29,5.11,5.19,5.11,5.15,742316.0
2023-03-30,5.16,5.17,5.04,5.15,795071.0
2023-03-31,5.15,5.28,5.13,5.21,1203738.0
2023-04-03,5.21,5.22,5.06,5.13,1438784.0
2023-04-04,5.11,5.17,5.07,5.16,950675.0
2023-04-06,5.16,5.2,5.09,5.19,916548.0
2023-04-07,5.19,5.31,5.08,5.11,1211776.0
2023-04-10,5.13,5.25,5.11,5.17,1101686.0
2023-04-11,5.19,5.37,5.14,5.34,2024717.0
2023-04-12,5.37,5.46,5.33,5.39,1372320.0
2023-04-13,5.39,5.46,5.32,5.37,1072685.0
2023-04-14,5.44,5.64,5.43,5.63,2369159.0
2023-04-17,5.58,5.63,5.41,5.57,2195623.0
2023-04-18,5.53,5.61,5.45,5.55,1107085.0
2023-04-19,6.02,6.18,5.97,6.14,5121307.0
2023-04-20,6.13,6.16,5.84,5.93,2873812.0
2023-04-21,6.0,6.04,5.8,5.81,1436458.0
2023-04-24,5.79,5.8,5.42,5.48,2345966.0
2023-04-25,5.53,5.59,5.3,5.4,1476237.0
2023-04-26,5.33,5.39,5.22,5.29,1513026.0
2023-04-27,5.24,5.25,5.04,5.11,1759987.0
2023-04-28,5.14,5.27,5.13,5.18,1701643.0
2023-05-04,5.1,5.1,4.88,4.92,2806011.0
2023-05-05,4.93,5.02,4.81,4.84,1649038.0
2023-05-08,4.92,5.24,4.9,5.07,2156922.0
2023-05-09,5.08,5.26,5.06,5.08,1673957.0
2023-05-10,5.07,5.14,5.0,5.03,1063913.0
2023-05-11,5.01,5.03,4.85,4.88,1433910.0
2023-05-12,4.79,4.8,4.48,4.52,2858504.0
2023-05-15,4.51,4.71,4.51,4.68,1152230.0
2023-05-16,4.68,4.71,4.62,4.64,692701.0
2023-05-17,4.57,4.63,4.53,4.57,849966.0
2023-05-18,4.66,4.71,4.59,4.62,747832.0
2023-05-19,4.57,4.59,4.51,4.56,707384.0
2023-05-22,4.56,4.6,4.52,4.57,593974.0
2023-05-23,4.55,4.57,4.46,4.46,783718.0
2023-05-24,4.43,4.53,4.38,4.47,700006.0
2023-05-25,4.42,4.44,4.32,4.38,814328.0
2023-05-26,4.39,4.47,4.35,4.47,497551.0
2023-05-29,4.5,4.52,4.44,4.47,492795.0
2023-05-30,4.49,4.5,4.39,4.47,493538.0
2023-05-31,4.45,4.47,4.39,4.46,609221.0
2023-06-01,4.46,4.57,4.39,4.51,969223.0
2023-06-02,4.55,4.71,4.55,4.69,1538508.0
2023-06-05,4.69,4.7,4.61,4.66,682901.0
2023-06-06,4.68,4.75,4.59,4.6,901230.0
2023-06-07,4.62,4.71,4.56,4.61,626689.0
2023-06-08,4.59,4.69,4.58,4.63,517370.0
2023-06-09,4.67,4.68,4.61,4.62,678051.0
2023-06-12,4.62,4.63,4.52,4.61,921565.0
2023-06-13,4.59,4.6,4.55,4.59,519385.0
2023-06-14,4.66,4.85,4.65,4.73,2278438.0
2023-06-15,4.71,4.82,4.6,4.8,1634933.0
2023-06-16,4.8,4.89,4.76,4.88,1444112.0
2023-06-19,4.87,4.89,4.67,4.71,1381856.0
2023-06-20,4.71,4.79,4.66,4.74,819375.0
2023-06-21,4.72,4.75,4.55,4.56,1058396.0
2023-06-26,4.54,4.59,4.44,4.48,611223.0
2023-06-27,4.47,4.64,4.4,4.6,1093522.0
2023-06-28,4.58,4.64,4.53,4.59,695434.0
2023-06-29,4.58,4.61,4.52,4.53,778669.0
2023-06-30,4.51,4.6,4.5,4.55,564500.0
2023-07-03,4.59,4.79,4.57,4.78,1533497.0
2023-07-04,4.81,4.89,4.7,4.75,796460.0
2023-07-05,4.72,4.88,4.71,4.82,1260177.0
2023-07-06,4.82,4.83,4.7,4.73,842576.0
2023-07-07,4.73,4.75,4.64,4.71,707189.0
2023-07-10,4.74,4.82,4.73,4.78,689013.0
2023-07-11,4.78,4.85,4.72,4.84,759145.0
2023-07-12,4.84,4.89,4.81,4.83,875119.0
2023-07-13,4.94,5.16,4.92,5.11,2327191.0
2023-07-14,5.19,5.28,5.12,5.15,1380710.0
2023-07-17,5.0,5.19,4.94,5.07,1163168.0
2023-07-18,5.05,5.12,5.02,5.06,701985.0
2023-07-19,5.17,5.22,5.1,5.16,1334441.0
2023-07-20,5.16,5.25,5.12,5.16,1203841.0
2023-07-21,5.16,5.2,5.06,5.12,740564.0
2023-07-24,5.14,5.15,5.04,5.06,572314.0
2023-07-25,5.19,5.46,5.19,5.29,1470939.0
2023-07-26,5.32,5.39,5.26,5.34,859828.0
2023-07-27,5.34,5.35,5.22,5.23,768548.0
2023-07-28,5.18,5.35,5.15,5.34,1008836.0
2023-07-31,5.43,5.59,5.39,5.48,1574183.0
2023-08-01,5.6,5.79,5.52,5.56,1745871.0
2023-08-02,5.52,5.54,5.44,5.47,798324.0
2023-08-03,5.41,5.45,5.34,5.41,1071662.0
2023-08-04,5.5,5.62,5.38,5.41,1289754.0
2023-08-07,5.4,5.44,5.34,5.42,508326.0
2023-08-08,5.42,5.5,5.33,5.45,817447.0
2023-08-09,5.4,5.46,5.39,5.44,436584.0
2023-08-10,5.43,5.47,5.36,5.4,524362.0
2023-08-11,5.4,5.44,5.23,5.26,911549.0
2023-08-14,5.19,5.22,5.08,5.18,829698.0
2023-08-15,5.19,5.23,5.05,5.15,621765.0
2023-08-16,5.07,5.17,5.07,5.1,413253.0
2023-08-17,5.04,5.11,4.98,5.11,647073.0
2023-08-18,5.15,5.15,4.98,4.98,534265.0
2023-08-21,4.97,5.05,4.94,4.95,545946.0
2023-08-22,5.0,5.19,4.99,5.13,1136431.0
2023-08-23,5.14,5.14,5.0,5.0,861429.0
2023-08-24,5.09,5.26,5.08,5.16,1108312.0
2023-08-25,5.11,5.18,5.06,5.11,866897.0
2023-08-28,5.36,5.4,5.01,5.04,1427418.0
2023-08-29,5.07,5.15,4.94,5.08,1124630.0
2023-08-30,5.1,5.17,5.07,5.09,819484.0
2023-08-31,5.1,5.17,5.03,5.04,597301.0
2023-09-01,5.05,5.35,5.05,5.25,1322655.0
2023-09-04,5.41,5.54,5.37,5.48,1893215.0
2023-09-05,5.46,5.51,5.4,5.49,779828.0
2023-09-06,5.61,5.66,5.44,5.56,1277517.0
2023-09-07,5.57,5.59,5.45,5.47,769947.0
2023-09-08,5.45,5.46,5.38,5.39,380858.0
2023-09-11,5.41,5.56,5.4,5.5,908318.0
2023-09-12,5.53,5.6,5.47,5.48,692567.0
2023-09-13,5.48,5.51,5.4,5.46,588852.0
2023-09-14,5.49,5.59,5.46,5.57,1071234.0
2023-09-15,5.69,5.75,5.6,5.66,1533559.0
2023-09-18,5.66,5.69,5.5,5.56,862581.0
2023-09-19,5.54,5.62,5.5,5.61,716759.0
2023-09-20,5.58,5.61,5.52,5.54,451805.0
2023-09-21,5.5,5.54,5.42,5.45,711676.0
2023-09-22,5.39,5.46,5.35,5.4,967079.0
2023-09-25,5.41,5.44,5.37,5.39,502298.0
2023-09-26,5.4,5.47,5.36,5.39,448991.0
2023-09-27,5.38,5.4,5.28,5.32,846820.0
2023-09-28,5.32,5.36,5.16,5.22,987140.0
2023-10-09,5.19,5.3,5.09,5.29,781411.0
2023-10-10,5.29,5.31,5.18,5.2,580195.0
2023-10-11,5.23,5.24,5.12,5.15,762377.0
2023-10-12,5.18,5.28,5.18,5.22,744112.0
2023-10-13,5.18,5.18,5.08,5.09,572962.0
2023-10-16,5.1,5.14,5.07,5.09,550928.0
2023-10-17,5.09,5.12,5.04,5.05,569372.0
2023-10-18,5.06,5.06,4.92,4.93,748628.0
2023-10-19,4.89,4.91,4.82,4.83,657444.0
2023-10-20,4.81,4.86,4.66,4.69,1116111.0
2023-10-23,4.67,4.67,4.42,4.46,1072688.0
2023-10-24,4.51,4.64,4.51,4.62,1073850.0
2023-10-25,4.78,4.81,4.65,4.65,1004262.0
2023-10-26,4.61,4.68,4.55,4.66,810408.0
2023-10-27,4.65,4.77,4.57,4.74,946302.0
2023-10-30,4.78,4.97,4.75,4.93,1554640.0
2023-10-31,4.91,4.91,4.78,4.85,838818.0
2023-11-01,4.84,4.85,4.74,4.74,787446.0
2023-11-02,4.77,4.84,4.68,4.68,694156.0
2023-11-03,4.71,4.78,4.7,4.72,693507.0
2023-11-06,4.74,4.79,4.58,4.62,1798043.0
2023-11-07,4.62,4.62,4.54,4.58,953297.0
2023-11-08,4.56,4.57,4.46,4.49,1189619.0
2023-11-09,4.45,4.53,4.43,4.51,1031426.0
2023-11-10,4.49,4.49,4.43,4.46,684034.0
2023-11-13,4.48,4.55,4.46,4.54,812697.0
2023-11-14,4.54,4.56,4.48,4.53,694636.0
2023-11-15,4.58,4.69,4.57,4.68,1596873.0
2023-11-16,4.67,4.67,4.55,4.57,784788.0
2023-11-17,4.57,4.57,4.51,4.56,496865.0
2023-11-20,4.55,4.61,4.5,4.61,719810.0
2023-11-21,4.65,4.79,4.64,4.67,1415098.0
2023-11-22,4.67,4.71,4.61,4.61,670893.0
2023-11-23,4.6,4.64,4.56,4.63,499296.0
2023-11-24,4.62,4.64,4.56,4.59,469575.0
2023-11-27,4.57,4.59,4.51,4.56,583939.0
2023-11-28,4.57,4.57,4.5,4.56,584446.0
2023-11-29,4.58,4.62,4.54,4.56,592826.0
2023-11-30,4.55,4.55,4.49,4.52,516137.0
2023-12-01,4.52,4.6,4.51,4.59,790156.0
2023-12-04,4.65,4.76,4.47,4.48,2487214.0
2023-12-05,4.34,4.43,4.21,4.25,2004529.0
2023-12-06,4.23,4.38,4.22,4.33,1077143.0
2023-12-07,4.33,4.34,4.23,4.26,855535.0
2023-12-08,4.28,4.3,4.2,4.21,802089.0
2023-12-11,4.19,4.21,4.09,4.17,1444815.0
2023-12-12,4.15,4.17,4.07,4.15,1189739.0
2023-12-13,4.12,4.14,4.02,4.03,1092007.0
2023-12-14,4.08,4.11,4.02,4.02,890863.0
2023-12-15,4.07,4.16,4.06,4.08,1298670.0
2023-12-18,4.05,4.07,3.95,3.97,854246.0
2023-12-19,3.97,4.01,3.92,3.99,654349.0
2023-12-20,4.01,4.09,4.0,4.02,1131380.0
2023-12-21,3.99,4.16,3.96,4.15,1199718.0
2023-12-22,4.15,4.28,4.11,4.21,1210046.0
2023-12-25,4.21,4.26,4.18,4.24,761157.0
2023-12-26,4.24,4.25,4.2,4.23,566923.0
2023-12-27,4.22,4.43,4.22,4.39,1519666.0
2023-12-28,4.42,4.56,4.41,4.47,1634154.0
2023-12-29,4.44,4.53,4.44,4.51,987303.0
2024-01-02,4.52,4.66,4.51,4.6,1299762.0
2024-01-03,4.59,4.59,4.52,4.56,963158.0
2024-01-04,4.54,4.59,4.47,4.51,976386.0
2024-01-05,4.61,4.75,4.54,4.58,1905776.0
2024-01-08,4.63,4.73,4.56,4.63,1724967.0
2024-01-09,4.61,4.69,4.54,4.66,1409403.0
2024-01-10,4.63,4.71,4.59,4.6,996813.0
2024-01-11,4.61,4.63,4.57,4.6,905854.0
2024-01-12,4.58,4.66,4.55,4.63,885120.0
2024-01-15,4.61,4.67,4.55,4.65,940554.0
2024-01-16,4.64,4.75,4.63,4.66,1130605.0
2024-01-17,4.68,4.7,4.54,4.54,831549.0
2024-01-18,4.5,4.6,4.37,4.55,1457491.0
2024-01-19,4.52,4.53,4.44,4.5,918234.0
2024-01-22,4.49,4.5,4.28,4.33,1124194.0
2024-01-23,4.31,4.44,4.21,4.4,894336.0
2024-01-24,4.42,4.56,4.38,4.53,1068449.0
2024-01-25,4.56,4.74,4.51,4.73,1292029.0
2024-01-26,4.73,4.89,4.69,4.81,1716053.0
2024-01-29,4.8,4.85,4.75,4.79,915748.0
2024-01-30,4.75,4.84,4.72,4.74,862260.0
2024-01-31,4.71,4.79,4.65,4.68,931791.0
2024-02-01,4.65,4.83,4.63,4.78,1054240.0
2024-02-02,4.78,4.88,4.55,4.74,1276904.0
2024-02-05,4.69,4.84,4.62,4.78,1493760.0
2024-02-06,4.74,4.93,4.74,4.9,1140297.0
2024-02-07,4.91,4.96,4.82,4.88,1436941.0
2024-02-08,4.9,4.99,4.85,4.99,1421607.0
2024-02-19,5.0,5.3,4.96,5.28,1772754.0
2024-02-20,5.25,5.42,5.17,5.34,1270244.0
2024-02-21,5.3,5.43,5.29,5.31,977172.0
2024-02-22,5.29,5.46,5.26,5.45,1092536.0
2024-02-23,5.45,5.69,5.4,5.66,1500052.0
2024-02-26,5.63,5.72,5.43,5.44,1197351.0
2024-02-27,5.41,5.5,5.36,5.43,1283534.0
2024-02-28,5.43,5.44,5.32,5.32,1272519.0
2024-02-29,5.29,5.47,5.28,5.46,1064713.0
2024-03-01,5.45,5.58,5.42,5.54,960914.0
2024-03-04,5.6,5.67,5.55,5.59,1072404.0
2024-03-05,5.59,5.68,5.57,5.65,1087490.0
2024-03-06,5.64,5.76,5.59,5.67,970888.0
2024-03-07,5.68,6.14,5.68,5.93,1992260.0
2024-03-08,6.06,6.12,5.9,6.06,1328336.0
2024-03-11,6.03,6.15,5.96,6.08,1286037.0
2024-03-12,6.06,6.06,5.66,5.71,1883383.0
2024-03-13,5.91,6.26,5.87,6.11,3364333.0
2024-03-14,6.45,6.66,6.38,6.5,2982529.0
2024-03-15,6.5,7.06,6.42,7.05,2984265.0
2024-03-18,7.08,7.28,6.86,7.13,3138953.0
2024-03-19,7.06,7.22,6.96,7.0,2147424.0
2024-03-20,6.9,7.07,6.76,6.9,2182614.0
2024-03-21,7.07,7.14,6.95,7.05,1874981.0
2024-03-22,6.93,6.96,6.71,6.79,1823970.0
2024-03-25,6.92,7.29,6.89,7.13,2567794.0
2024-03-26,7.15,7.29,6.98,7.09,1811158.0
2024-03-27,7.05,7.36,7.0,7.2,2180957.0
2024-03-28,7.16,7.59,7.12,7.48,2056766.0
2024-03-29,7.54,7.76,7.43,7.63,2325382.0
2024-04-01,7.81,7.92,7.43,7.56,2504296.0
2024-04-02,7.53,7.76,7.51,7.65,1751025.0
2024-04-03,7.72,8.11,7.72,8.05,3007239.0
2024-04-08,8.06,8.46,7.77,7.95,4001447.0
2024-04-09,7.97,8.07,7.71,7.79,2439202.0
2024-04-10,7.85,8.16,7.79,8.05,2418460.0
2024-04-11,7.81,8.38,7.76,8.01,2602589.0
2024-04-12,8.01,8.39,7.95,8.27,2410410.0
2024-04-15,8.1,8.48,7.95,8.47,2243424.0
2024-04-16,8.39,8.67,8.08,8.16,2411538.0
2024-04-17,8.11,8.36,7.93,8.35,2191504.0
2024-04-18,8.28,8.78,8.2,8.78,2538144.0
2024-04-19,8.78,9.13,8.61,8.79,2269586.0
2024-04-22,8.94,9.18,8.46,8.5,2365433.0
2024-04-23,8.31,8.37,7.87,7.91,3738325.0
2024-04-24,7.87,8.19,7.87,8.16,2114432.0
2024-04-25,8.08,8.19,7.97,8.18,1522078.0
2024-04-26,8.28,8.68,8.18,8.59,2875259.0
2024-04-29,8.45,8.53,8.13,8.32,2719587.0
2024-04-30,8.41,8.54,8.12,8.29,2761737.0
2024-05-06,8.09,8.16,7.81,8.14,3138275.0
2024-05-07,8.18,8.46,8.1,8.14,2390332.0
2024-05-08,8.07,8.3,7.91,8.14,1906744.0
2024-05-09,8.1,8.44,8.06,8.35,1945466.0
2024-05-10,8.48,8.56,8.21,8.51,2036763.0
2024-05-13,8.37,8.65,8.29,8.57,1728339.0
2024-05-14,8.66,8.89,8.64,8.77,2332048.0
2024-05-15,8.7,8.76,8.39,8.44,2153753.0
2024-05-16,8.55,8.64,7.88,7.98,4882321.0
2024-05-17,8.11,8.12,7.7,8.0,3727730.0
2024-05-20,8.26,8.46,7.89,8.25,4585804.0
2024-05-21,8.23,8.29,7.66,7.73,3755911.0
2024-05-22,7.72,7.81,7.46,7.52,2836059.0
2024-05-23,7.31,7.6,7.19,7.48,2648442.0
2024-05-24,7.46,7.6,7.42,7.49,1534733.0
2024-05-27,7.46,7.89,7.46,7.85,2339394.0
2024-05-28,7.86,8.06,7.83,7.85,1821150.0
2024-05-29,7.81,8.19,7.79,8.07,1750979.0
2024-05-30,8.01,8.05,7.6,7.65,1883223.0
2024-05-31,7.63,7.76,7.52,7.65,1475442.0
2024-06-03,7.64,7.74,7.39,7.48,1752933.0
2024-06-04,7.56,7.88,7.46,7.71,1799858.0
2024-06-05,7.51,7.54,7.32,7.34,2218665.0
2024-06-06,7.46,7.73,7.43,7.58,2072796.0
2024-06-07,7.67,7.79,7.55,7.72,1744033.0
2024-06-11,7.5,7.58,7.37,7.44,1692862.0
2024-06-12,7.44,7.64,7.41,7.56,1116038.0
2024-06-13,7.51,7.62,7.32,7.41,1351029.0
2024-06-14,7.34,7.62,7.27,7.59,1361164.0
2024-06-17,7.51,7.68,7.37,7.5,1185268.0
2024-06-18,7.54,7.58,7.36,7.45,1089646.0
2024-06-19,7.5,7.84,7.48,7.71,1750246.0
2024-06-20,7.81,7.94,7.69,7.76,1517814.0
2024-06-21,7.86,7.91,7.61,7.64,1182056.0
2024-06-24,7.47,7.66,7.41,7.56,987919.0
2024-06-25,7.6,7.76,7.53,7.64,1067082.0
2024-06-26,7.57,7.65,7.4,7.61,1205450.0
2024-06-27,7.57,7.61,7.33,7.5,1189371.0
2024-06-28,7.47,7.88,7.46,7.81,1674825.0
2024-07-01,7.79,7.99,7.73,7.97,1261676.0
2024-07-02,7.97,8.04,7.74,7.85,1089952.0
2024-07-03,7.87,7.94,7.78,7.94,895871.0
2024-07-04,8.16,8.27,8.08,8.13,1861433.0
2024-07-05,8.17,8.44,8.11,8.4,1724360.0
2024-07-08,8.44,8.51,8.33,8.38,1384533.0
2024-07-09,8.38,8.57,8.29,8.55,1327437.0
2024-07-10,8.5,8.55,8.2,8.24,1443450.0
2024-07-11,8.28,8.56,8.2,8.51,1321690.0
2024-07-12,8.46,8.53,8.09,8.22,2003449.0
2024-07-15,8.35,8.71,8.27,8.59,2148397.0
2024-07-16,8.51,8.67,8.45,8.63,1201442.0
2024-07-17,8.54,8.62,7.92,8.02,2434526.0
2024-07-18,7.93,8.13,7.85,8.08,1361369.0
2024-07-19,7.74,7.93,7.47,7.87,1944621.0
2024-07-22,7.76,7.81,7.51,7.59,1670489.0
2024-07-23,7.61,7.67,7.01,7.02,2753228.0
2024-07-24,7.01,7.03,6.8,6.89,1852157.0
2024-07-25,6.7,6.78,6.45,6.48,2479744.0
2024-07-26,6.54,6.85,6.54,6.73,1889231.0
2024-07-29,6.8,6.92,6.71,6.82,1234250.0
2024-07-30,6.77,6.77,6.53,6.62,1274681.0
2024-07-31,6.7,6.97,6.62,6.93,1757303.0
2024-08-01,7.1,7.16,6.95,6.98,1259944.0
2024-08-02,6.75,6.78,6.6,6.68,1667835.0
2024-08-05,6.57,6.7,6.47,6.49,1565121.0
2024-08-06,6.49,6.58,6.36,6.44,1320244.0
2024-08-07,6.44,6.63,6.36,6.55,1024017.0
2024-08-08,6.48,6.49,6.31,6.41,1135669.0
2024-08-09,6.48,6.62,6.48,6.52,1194818.0
2024-08-12,6.52,6.64,6.51,6.58,783268.0
2024-08-13,6.64,6.68,6.53,6.64,855463.0
2024-08-14,6.63,6.69,6.52,6.56,823108.0
2024-08-15,6.54,6.73,6.48,6.69,1133649.0
2024-08-16,6.76,6.98,6.76,6.89,1730244.0
2024-08-19,6.94,7.08,6.9,6.97,1156337.0
2024-08-20,7.02,7.03,6.82,6.87,773985.0
2024-08-21,6.86,6.91,6.79,6.89,502838.0
2024-08-22,6.94,6.95,6.76,6.9,787528.0
2024-08-23,6.84,6.94,6.82,6.88,569585.0
2024-08-26,6.98,7.11,6.88,7.1,1558391.0
2024-08-27,7.09,7.14,6.89,7.0,978537.0
2024-08-28,7.0,7.12,6.82,6.89,974876.0
2024-08-29,6.75,6.96,6.71,6.88,772842.0
2024-08-30,6.88,7.03,6.76,6.95,1327680.0
2024-09-02,6.86,6.9,6.65,6.76,1075396.0
2024-09-03,6.75,6.88,6.71,6.76,716989.0
2024-09-04,6.55,6.55,6.32,6.4,1766411.0
2024-09-05,6.44,6.48,6.31,6.38,806865.0
2024-09-06,6.43,6.48,6.37,6.37,573472.0
2024-09-09,6.3,6.3,6.05,6.17,1451404.0
2024-09-10,6.22,6.25,6.09,6.18,692027.0
2024-09-11,6.14,6.16,5.94,6.02,1370828.0
2024-09-12,6.06,6.09,5.99,6.03,1086885.0
2024-09-13,6.12,6.19,5.98,5.99,1548157.0
2024-09-18,6.08,6.25,6.04,6.2,1622774.0
2024-09-19,6.23,6.66,6.16,6.62,2348686.0
2024-09-20,6.66,6.94,6.61,6.9,2087215.0
2024-09-23,6.85,7.01,6.81,6.85,1211241.0
2024-09-24,6.94,7.22,6.9,7.14,1886645.0
2024-09-25,7.34,7.68,7.22,7.24,2303914.0
2024-09-26,7.25,7.58,7.15,7.58,1752164.0
2024-09-27,7.82,7.94,7.69,7.83,1311331.0
2024-09-30,8.11,8.35,7.68,8.16,4991409.0
2024-10-08,8.94,9.01,7.71,8.09,6185235.0
2024-10-09,7.84,7.84,7.31,7.39,3355964.0
2024-10-10,7.47,7.85,7.41,7.66,2657196.0
2024-10-11,7.71,7.71,7.44,7.51,1430216.0
2024-10-14,7.55,7.89,7.51,7.86,2123389.0
2024-10-15,7.76,7.76,7.46,7.47,2150787.0
2024-10-16,7.37,7.52,7.27,7.48,1362595.0
2024-10-17,7.54,7.57,7.32,7.34,1207582.0
2024-10-18,7.37,7.55,7.29,7.46,1988287.0
2024-10-21,7.57,7.9,7.51,7.78,3195436.0
2024-10-22,7.68,7.81,7.53,7.79,1735913.0
2024-10-23,7.72,7.76,7.52,7.66,2255177.0
2024-10-24,7.56,7.57,7.39,7.48,1701601.0
2024-10-25,7.47,7.48,7.34,7.38,1671147.0
2024-10-28,7.35,7.38,7.22,7.38,1666840.0
2024-10-29,7.38,7.42,7.09,7.12,3060163.0
2024-10-30,7.14,7.32,7.12,7.2,1709335.0
2024-10-31,7.21,7.21,7.04,7.06,1871295.0
2024-11-01,7.06,7.6,6.97,7.39,4645775.0
2024-11-04,7.49,7.56,7.31,7.46,2498256.0
2024-11-05,7.44,7.7,7.39,7.64,2917545.0
2024-11-06,7.67,7.84,7.58,7.66,2920644.0
2024-11-07,7.41,7.63,7.26,7.59,2889317.0
2024-11-08,7.74,7.87,7.55,7.56,2649701.0
2024-11-11,7.47,7.5,7.26,7.38,2810830.0
2024-11-12,7.29,7.44,7.07,7.14,3131697.0
2024-11-13,7.06,7.2,7.04,7.13,1769396.0
2024-11-14,7.07,7.09,6.89,6.9,2011449.0
2024-11-15,6.9,7.09,6.87,6.92,1462023.0
2024-11-18,6.88,7.04,6.79,6.86,1716236.0
2024-11-19,7.0,7.11,6.9,7.1,1845657.0
2024-11-20,7.11,7.12,7.02,7.07,1009004.0
2024-11-21,7.06,7.1,7.02,7.07,881981.0
2024-11-22,7.04,7.07,6.78,6.78,1324820.0
2024-11-25,6.81,6.9,6.68,6.73,1056269.0
2024-11-26,6.71,6.85,6.7,6.75,687245.0
2024-11-27,6.71,6.76,6.6,6.76,1219261.0
2024-11-28,6.71,6.75,6.59,6.61,1140983.0
2024-11-29,6.61,6.81,6.53,6.74,1606559.0
2024-12-02,6.86,7.02,6.84,6.94,1773595.0
2024-12-03,6.96,6.98,6.87,6.92,1002023.0
2024-12-04,6.98,7.06,6.91,6.98,1307463.0
2024-12-05,6.94,6.95,6.81,6.83,1268282.0
2024-12-06,6.82,6.88,6.79,6.88,1309367.0
2024-12-09,6.88,6.93,6.79,6.85,1267602.0
2024-12-10,7.04,7.14,6.84,6.86,2000591.0
2024-12-11,6.87,7.03,6.8,6.96,1778293.0
2024-12-12,6.94,6.98,6.89,6.96,1390722.0
2024-12-13,6.89,6.9,6.63,6.68,3308930.0
2024-12-16,6.64,6.68,6.56,6.59,1409058.0
2024-12-17,6.56,6.67,6.52,6.53,1323011.0
2024-12-18,6.56,6.59,6.44,6.45,1547008.0
2024-12-19,6.35,6.49,6.26,6.47,1260855.0
2024-12-20,6.45,6.48,6.28,6.31,1779103.0
2024-12-23,6.32,6.4,6.3,6.37,1583747.0
2024-12-24,6.37,6.45,6.33,6.45,1260614.0
2024-12-25,6.44,6.45,6.31,6.35,894601.0
2024-12-26,6.34,6.46,6.32,6.41,936208.0
2024-12-27,6.42,6.48,6.28,6.28,1877092.0
2024-12-30,6.29,6.33,6.23,6.27,1363041.0
2024-12-31,6.25,6.26,6.11,6.11,1720009.0
2025-01-02,6.12,6.21,6.01,6.04,1846091.0
2025-01-03,6.07,6.43,6.07,6.23,3284325.0
2025-01-06,6.26,6.38,6.08,6.27,2040924.0
2025-01-07,6.31,6.6,6.28,6.5,2361999.0
2025-01-08,6.5,6.5,6.32,6.41,1624367.0
2025-01-09,6.46,6.46,6.34,6.4,1084833.0
2025-01-10,6.43,6.54,6.35,6.42,1701332.0
2025-01-13,6.35,6.52,6.32,6.4,1757409.0
2025-01-14,6.36,6.51,6.31,6.51,2012171.0
2025-01-15,6.47,6.51,6.27,6.36,1989507.0
2025-01-16,6.43,6.67,6.43,6.56,3055800.0
2025-01-17,6.55,6.66,6.51,6.62,1599257.0
2025-01-20,6.62,6.65,6.5,6.51,1591372.0
2025-01-21,6.55,6.56,6.44,6.53,1071220.0
2025-01-22,6.53,6.59,6.45,6.57,1535276.0
2025-01-23,6.68,6.86,6.58,6.6,2867619.0
2025-01-24,6.63,6.79,6.63,6.75,1577428.0
2025-01-27,6.75,6.8,6.7,6.7,1003474.0
2025-02-05,6.77,6.81,6.65,6.68,1864315.0
2025-02-06,6.74,6.76,6.65,6.69,1572779.0
2025-02-07,6.67,6.82,6.6,6.75,2594962.0
2025-02-10,6.79,7.06,6.77,6.95,3541012.0
2025-02-11,6.93,7.03,6.86,6.89,1897875.0
2025-02-12,6.85,6.86,6.67,6.75,1975256.0
2025-02-13,6.75,6.8,6.68,6.68,1421958.0
2025-02-14,6.72,6.8,6.68,6.78,1668857.0
2025-02-17,6.7,6.71,6.5,6.54,2575350.0
2025-02-18,6.5,6.52,6.38,6.4,1483511.0
2025-02-19,6.4,6.44,6.37,6.42,1136261.0
2025-02-20,6.4,6.42,6.34,6.39,1268774.0
2025-02-21,6.4,6.44,6.34,6.37,1515544.0
2025-02-24,6.36,6.4,6.28,6.38,1447328.0
2025-02-25,6.35,6.36,6.21,6.23,1799820.0
2025-02-26,6.25,6.38,6.24,6.31,1500653.0
2025-02-27,6.29,6.3,6.16,6.22,1629427.0
2025-02-28,6.17,6.18,6.08,6.1,1566484.0
2025-03-03,6.1,6.26,6.1,6.2,1467511.0
2025-03-04,6.16,6.26,6.14,6.25,1084264.0
2025-03-05,6.26,6.34,6.19,6.3,1324345.0
2025-03-06,6.39,6.6,6.39,6.55,3267718.0
2025-03-07,6.55,6.76,6.54,6.65,3038252.0
2025-03-10,6.76,7.31,6.76,7.27,7472752.0
2025-03-11,7.11,7.19,6.94,7.16,4958908.0
2025-03-12,7.28,7.4,7.17,7.26,4136682.0
2025-03-13,7.36,7.44,7.24,7.37,3288518.0
2025-03-14,7.55,7.67,7.3,7.38,3989849.0
2025-03-17,7.31,7.37,7.17,7.19,2514150.0
2025-03-18,7.22,7.39,7.16,7.32,2597821.0
2025-03-19,7.3,7.37,7.2,7.33,1588651.0
2025-03-20,7.44,7.54,7.33,7.37,2334142.0
2025-03-21,7.33,7.39,7.04,7.1,2130492.0
2025-03-24,7.19,7.56,7.15,7.47,4326516.0
2025-03-25,7.49,7.65,7.43,7.54,3074388.0
2025-03-26,7.68,7.85,7.39,7.44,4234444.0
2025-03-27,7.27,7.38,7.19,7.25,2667367.0
2025-03-28,7.2,7.25,7.11,7.17,1682115.0
2025-03-31,7.11,7.17,6.98,7.06,1760744.0
2025-04-01,7.07,7.15,7.02,7.05,1314715.0
2025-04-02,7.02,7.07,6.96,6.99,1214645.0
2025-04-03,6.8,6.84,6.66,6.69,2601767.0
2025-04-07,5.97,6.04,5.97,5.97,2510792.0
2025-04-08,5.97,5.97,5.54,5.67,5422425.0
2025-04-09,5.53,5.65,5.37,5.61,3927873.0
2025-04-10,5.92,6.14,5.83,6.04,4217054.0
2025-04-11,6.02,6.12,5.94,6.05,2163368.0
2025-04-14,6.16,6.49,6.16,6.34,3042533.0
2025-04-15,6.36,6.4,6.22,6.26,1739527.0
2025-04-16,6.26,6.26,6.02,6.11,1919011.0
2025-04-17,6.16,6.17,6.08,6.12,1285825.0
2025-04-18,6.12,6.19,6.08,6.18,1045470.0
2025-04-21,6.17,6.39,6.15,6.38,1543894.0
2025-04-22,6.44,6.81,6.4,6.66,4383713.0
2025-04-23,6.66,6.74,6.57,6.6,2278673.0
2025-04-24,6.54,6.66,6.5,6.52,1339693.0
2025-04-25,6.61,6.66,6.54,6.59,1459253.0
2025-04-28,6.66,6.69,6.56,6.62,1510041.0
2025-04-29,6.62,6.66,6.56,6.59,851025.0
2025-04-30,6.56,6.61,6.49,6.52,1160222.0
2025-05-06,6.56,6.58,6.47,6.56,1444227.0
2025-05-07,6.65,6.83,6.64,6.75,2773571.0
2025-05-08,6.65,6.66,6.6,6.63,1601308.0
2025-05-09,6.61,6.62,6.54,6.55,1152276.0
2025-05-12,6.62,6.74,6.56,6.74,1929355.0
2025-05-13,6.78,6.89,6.75,6.8,1634867.0
2025-05-14,6.85,6.9,6.79,6.9,1310242.0
2025-05-15,6.87,6.88,6.72,6.77,1149039.0
2025-05-16,6.76,6.83,6.71,6.78,738349.0
2025-05-19,6.75,6.76,6.62,6.65,875065.0
2025-05-20,6.66,6.74,6.65,6.72,893463.0
2025-05-21,6.76,6.95,6.74,6.94,1807783.0
2025-05-22,6.86,6.86,6.79,6.81,816934.0
2025-05-23,6.79,6.82,6.69,6.69,1336229.0
2025-05-26,6.77,6.96,6.77,6.87,1826200.0
2025-05-27,6.84,6.88,6.61,6.64,1863749.0
2025-05-28,6.64,6.74,6.64,6.68,806908.0
2025-05-29,6.64,6.78,6.63,6.72,924642.0
2025-05-30,6.69,6.71,6.58,6.66,1000040.0
2025-06-03,6.71,6.78,6.66,6.69,1232450.0
2025-06-04,6.74,6.98,6.73,6.84,2409168.0
2025-06-05,6.83,6.91,6.73,6.76,1396326.0
2025-06-06,6.84,7.06,6.83,7.05,3016455.0
2025-06-09,7.0,7.03,6.88,6.96,1977177.0
2025-06-10,7.03,7.05,6.91,6.96,1429113.0
2025-06-11,6.95,7.22,6.93,7.19,2544285.0
2025-06-12,7.13,7.33,7.1,7.3,1994989.0
2025-06-13,7.31,7.39,7.23,7.37,2036825.0
2025-06-16,7.35,7.44,7.26,7.31,1318481.0
2025-06-17,7.31,7.35,7.27,7.28,846771.0
2025-06-18,7.29,7.32,7.19,7.28,1059048.0
2025-06-19,7.27,7.32,7.17,7.21,1057412.0
2025-06-20,7.23,7.36,7.19,7.24,1252986.0
2025-06-23,7.27,7.41,7.25,7.31,1223309.0
2025-06-24,7.34,7.49,7.34,7.35,1820347.0
2025-06-25,7.36,7.4,7.33,7.39,1108337.0
2025-06-26,7.46,7.69,7.41,7.61,2141378.0
2025-06-27,7.8,8.13,7.73,8.01,4021678.0
2025-06-30,8.01,8.15,7.95,8.13,2008192.0
2025-07-01,8.23,8.24,8.01,8.23,1572484.0
2025-07-02,8.21,8.43,8.16,8.35,2189778.0
2025-07-03,8.42,8.43,8.25,8.37,1435808.0
2025-07-04,8.26,8.39,8.12,8.25,1941207.0
2025-07-07,8.14,8.24,8.1,8.13,1157514.0
2025-07-08,8.2,8.29,8.13,8.25,1157872.0
2025-07-09,8.37,8.37,7.74,7.77,4386534.0
2025-07-10,7.73,7.83,7.73,7.78,1840575.0
2025-07-11,7.82,8.01,7.79,7.83,2211888.0
2025-07-14,7.84,7.9,7.81,7.81,1574675.0
2025-07-15,7.88,7.94,7.73,7.81,1652978.0
2025-07-16,7.85,7.91,7.8,7.82,1011483.0
2025-07-17,7.82,7.84,7.76,7.8,1038756.0
2025-07-18,7.83,8.01,7.79,7.92,2172654.0
2025-07-21,7.97,8.42,7.97,8.34,3268086.0
2025-07-22,8.34,8.78,8.3,8.77,3591383.0
2025-07-23,8.81,8.82,8.61,8.71,2286216.0
2025-07-24,8.71,9.11,8.69,9.02,3181526.0
2025-07-25,8.95,9.03,8.84,8.92,1818861.0
2025-07-28,8.82,8.91,8.62,8.87,1881262.0
2025-07-29,8.83,8.96,8.79,8.96,1453169.0
2025-07-30,9.06,9.22,8.98,9.05,2137989.0
2025-07-31,8.77,8.92,8.58,8.65,2467556.0
2025-08-01,8.6,8.76,8.56,8.69,1408534.0
2025-08-04,8.68,8.99,8.67,8.97,1881276.0
2025-08-05,8.98,9.11,8.87,9.09,1712914.0
2025-08-06,9.03,9.26,9.03,9.22,1532281.0
2025-08-07,9.26,9.29,9.01,9.19,1275382.0
2025-08-08,9.21,9.59,9.2,9.47,1935937.0
2025-08-11,9.59,9.6,9.42,9.53,1624158.0
2025-08-12,9.5,9.71,9.41,9.56,1178784.0
2025-08-13,9.67,10.35,9.65,10.3,2903513.0
2025-08-14,10.31,10.61,10.29,10.38,2705369.0
2025-08-15,10.25,11.01,10.23,10.82,2982728.0
2025-08-18,11.01,11.07,10.46,10.48,3655857.0
2025-08-19,10.48,10.76,10.48,10.56,2430297.0
2025-08-20,10.39,10.74,10.38,10.66,1783167.0
2025-08-21,10.73,10.96,10.68,10.77,1803325.0
2025-08-22,10.8,10.96,10.68,10.82,1826152.0
2025-08-25,11.07,11.79,11.01,11.79,4023737.0
2025-08-26,11.72,11.92,11.49,11.76,2388548.0
2025-08-27,11.82,11.87,11.42,11.42,2396152.0
2025-08-28,11.37,11.58,11.18,11.57,2303688.0
2025-08-29,11.67,12.26,11.57,12.07,2552835.0
2025-09-01,12.31,13.28,11.94,13.24,3692157.0
2025-09-02,13.31,13.81,13.06,13.53,4348376.0
2025-09-03,13.68,13.81,12.91,13.36,3421302.0
2025-09-04,13.31,13.48,12.0,12.15,5285599.0
2025-09-05,12.01,12.68,12.0,12.61,3269344.0
2025-09-08,12.71,12.81,12.14,12.26,2898124.0
2025-09-09,12.2,12.62,12.12,12.29,2654532.0
2025-09-10,12.06,12.32,11.95,12.22,1830569.0
2025-09-11,12.27,12.71,12.21,12.71,2464969.0
2025-09-12,12.81,13.44,12.72,13.13,3290167.0
2025-09-15,13.14,13.26,12.98,13.06,1821980.0
2025-09-16,13.28,13.34,12.4,12.7,3080806.0
2025-09-17,12.56,12.63,12.36,12.51,2353028.0
2025-09-18,12.31,12.47,11.98,12.09,2664213.0
2025-09-19,12.09,12.39,12.09,12.22,1685894.0
2025-09-22,12.69,12.73,12.25,12.42,1948296.0
2025-09-23,12.46,12.73,11.98,12.23,1982046.0
2025-09-24,12.17,12.41,12.05,12.33,1486348.0
2025-09-25,13.41,13.59,13.19,13.58,6475526.0
2025-09-26,13.37,13.97,13.34,13.51,3944699.0
2025-09-29,13.61,14.58,13.43,14.45,3897719.0
2025-09-30,14.72,15.56,14.45,15.41,3698880.0
2025-10-09,16.08,16.98,15.71,16.98,3944932.0
2025-10-10,16.8,17.71,16.11,16.43,4525347.0
2025-10-13,15.22,17.01,15.22,16.95,4142808.0
2025-10-14,17.51,17.52,15.41,15.72,4393583.0
2025-10-15,15.96,16.04,15.19,16.02,3053893.0
2025-10-16,15.81,15.88,15.27,15.41,2434264.0
2025-10-17,15.44,15.56,14.71,14.75,2939694.0
2025-10-20,14.75,15.06,14.62,14.82,2089014.0
2025-10-21,14.96,15.55,14.83,15.16,2157256.0
2025-10-22,14.56,15.34,14.44,15.25,2008256.0
2025-10-23,15.22,15.69,14.96,15.61,2216680.0
2025-10-24,15.95,16.56,15.89,16.49,3292177.0
2025-10-27,17.2,17.53,16.71,17.0,3986409.0
2025-10-28,16.98,17.06,16.37,16.46,2809204.0
2025-10-29,16.69,17.27,16.64,17.26,2838427.0
2025-10-30,17.1,17.87,16.95,17.31,3084343.0
2025-10-31,17.3,17.35,16.65,16.75,2029173.0
2025-11-03,16.56,16.71,15.61,16.08,2739891.0
2025-11-04,15.86,16.01,15.27,15.44,2065628.0
2025-11-05,15.01,15.7,14.81,15.55,2144362.0
2025-11-06,15.61,16.31,15.61,16.28,2159989.0
2025-11-07,16.21,16.49,15.91,16.25,1622705.0
2025-11-10,16.49,16.67,15.91,16.07,1716326.0
2025-11-11,16.23,16.34,15.71,15.82,1354176.0
2025-11-12,15.7,16.13,15.52,15.79,1664534.0
2025-11-13,15.94,16.83,15.9,16.55,3051507.0
2025-11-14,16.32,16.78,15.91,16.49,1985143.0
2025-11-17,16.21,16.36,15.65,15.76,2298670.0
2025-11-18,15.61,15.68,15.04,15.27,1954405.0
2025-11-19,15.26,15.76,15.21,15.59,1665885.0
2025-11-20,15.67,15.83,15.46,15.5,1113538.0
2025-11-21,15.11,15.29,14.8,14.89,1621849.0
2025-11-24,15.02,15.25,14.78,15.06,1627371.0
2025-11-25,15.41,15.84,15.36,15.68,1955349.0
2025-11-26,15.79,15.94,15.57,15.69,1532233.0
2025-11-27,15.8,16.26,15.63,15.66,1654282.0
2025-11-28,15.66,16.04,15.5,15.94,1480675.0
2025-12-01,16.67,17.38,16.61,17.0,3773753.0
2025-12-02,16.9,17.07,16.69,16.9,1693165.0
2025-12-03,16.86,17.5,16.76,17.33,2491578.0
2025-12-04,18.11,18.37,17.5,17.61,2902053.0
2025-12-05,17.59,18.26,17.58,18.13,2424912.0
2025-12-08,18.14,18.49,17.66,18.4,2512071.0
2025-12-09,18.1,18.1,17.12,17.26,2693059.0
2025-12-10,17.26,17.5,17.1,17.34,1575981.0
2025-12-11,17.54,17.86,17.09,17.17,2077525.0
2025-12-12,17.56,17.64,17.1,17.29,2604229.0
2025-12-15,16.81,18.03,16.81,17.64,2545166.0
2025-12-16,17.71,18.06,17.14,17.21,2129180.0
2025-12-17,17.32,17.94,17.28,17.71,1906925.0
2025-12-18,17.61,18.06,17.51,17.6,1419405.0
2025-12-19,17.66,18.07,17.27,18.07,2123764.0
2025-12-22,18.21,18.58,18.08,18.33,2035654.0
2025-12-23,18.43,18.82,18.03,18.26,2121678.0
2025-12-24,18.46,18.55,18.06,18.39,1629962.0
2025-12-25,18.16,18.46,17.92,18.41,1384391.0
2025-12-26,18.75,19.7,18.69,19.46,2584065.0
2025-12-29,19.77,19.87,18.49,18.59,3392633.0
2025-12-30,17.98,19.26,17.92,19.23,2322145.0
2025-12-31,19.22,20.18,19.09,19.71,2503817.0
2026-01-05,19.91,20.26,19.58,20.15,2230480.0
2026-01-06,20.5,21.74,20.41,21.39,2722330.0
2026-01-07,21.61,22.17,21.21,21.68,2693693.0
2026-01-08,21.26,22.11,21.0,21.39,2159821.0
2026-01-09,21.16,22.6,21.06,22.49,2583076.0
2026-01-12,22.91,23.04,22.01,22.4,2996682.0
2026-01-13,22.34,22.97,22.07,22.51,2399236.0
2026-01-14,22.56,23.65,22.56,23.01,2814591.0
2026-01-15,23.01,24.26,22.91,23.76,3055939.0
2026-01-16,23.88,24.8,23.86,23.96,3304201.0
2026-01-19,23.98,24.08,22.57,23.02,3270154.0
2026-01-20,23.04,23.31,21.99,22.78,3100744.0
2026-01-21,22.59,22.98,22.26,22.94,2207454.0
2026-01-22,22.89,22.89,22.24,22.41,2192247.0
2026-01-23,22.7,22.75,22.22,22.47,2504397.0
2026-01-26,23.37,24.65,23.21,24.37,4731639.0
2026-01-27,24.13,25.51,23.51,24.19,4545616.0
2026-01-28,24.59,26.6,24.08,26.59,4994252.0
2026-01-29,27.28,28.49,25.11,26.74,6500438.0
2026-01-30,25.41,25.69,24.04,24.04,4976963.0
2026-02-02,21.61,23.41,21.61,21.8,5356229.0
2026-02-03,22.49,23.04,21.86,22.84,4075627.0
2026-02-04,23.76,23.76,22.98,23.38,2469906.0
2026-02-05,22.75,23.09,21.33,21.88,3306349.0
2026-02-06,20.71,22.08,20.57,21.7,2785154.0
2026-02-09,22.17,22.21,21.71,22.13,1899892.0
2026-02-10,22.2,22.71,22.04,22.26,1693348.0
2026-02-11,22.21,23.26,22.19,22.92,2474036.0
2026-02-12,22.91,23.35,22.74,22.87,2193364.0
2026-02-13,22.21,22.6,21.64,21.69,2801864.0
2026-02-24,22.66,22.89,22.41,22.57,2205473.0
2026-02-25,22.71,23.57,22.54,23.16,2951781.0
2026-02-26,23.44,23.46,22.61,22.74,2534802.0
2026-02-27,22.66,23.81,22.61,23.7,3383884.0
2026-03-02,24.11,24.59,23.05,24.51,4645289.0
2026-03-03,24.01,24.27,23.07,23.19,3436930.0
2026-03-04,22.25,23.36,22.16,22.7,2182368.0
2026-03-05,23.08,23.13,22.02,22.34,2275878.0
2026-03-06,21.96,22.16,21.39,21.73,2212504.0
2026-03-09,20.81,21.21,19.99,20.95,3403791.0
2026-03-10,21.33,21.66,21.16,21.45,1808884.0
2026-03-11,21.56,21.67,21.14,21.19,1741223.0
2026-03-12,20.9,21.08,20.03,20.37,3493862.0
2026-03-13,20.01,20.41,19.4,19.47,3530942.0
2026-03-16,18.91,19.29,18.51,19.07,3891131.0
2026-03-17,19.16,19.68,19.07,19.13,2345010.0
2026-03-18,19.09,19.25,18.74,19.12,1869144.0
2026-03-19,18.41,18.61,17.4,17.56,4936436.0
2026-03-20,17.51,17.98,17.21,17.26,3046370.0
2026-03-23,16.7,17.08,16.03,16.2,4182916.0
2026-03-24,16.62,17.09,16.41,17.08,3632464.0
2026-03-25,17.73,18.16,17.46,17.6,3621072.0
2026-03-26,17.61,17.79,17.11,17.2,2106786.0
2026-03-27,16.93,17.49,16.92,17.29,2202517.0
2026-03-30,16.96,17.16,16.68,17.14,2270102.0
2026-03-31,17.37,17.5,16.8,16.86,2030145.0
2026-04-01,17.61,18.08,17.54,17.95,3854035.0
2026-04-02,17.83,17.91,17.22,17.42,2594573.0
2026-04-03,17.42,17.51,17.15,17.23,1330522.0
2026-04-07,17.27,17.4,17.06,17.31,1424985.0
2026-04-08,18.2,19.0,18.19,18.85,4416136.0
2026-04-09,18.41,18.99,18.36,18.83,2509330.0
2026-04-10,19.1,19.14,18.62,18.67,2329313.0
2026-04-13,18.39,18.74,18.36,18.57,1680806.0
2026-04-14,19.16,19.49,19.03,19.27,2943798.0
2026-04-15,19.71,20.31,19.59,19.68,3604310.0
2026-04-16,19.69,20.05,19.69,20.0,2162132.0
2026-04-17,19.73,20.03,19.69,19.94,1638832.0
2026-04-20,19.89,20.36,19.82,19.95,2141238.0
2026-04-21,19.86,19.93,19.46,19.79,1583945.0
2026-04-22,19.65,19.96,19.51,19.8,1781570.0
2026-04-23,19.96,20.02,18.84,19.07,2619362.0
2026-04-24,18.79,19.2,18.58,19.08,1819807.0
2026-04-27,19.01,19.12,18.61,18.71,2150127.0
2026-04-28,18.47,18.55,18.04,18.19,2015012.0
2026-04-29,17.92,19.06,17.88,18.9,2116511.0
2026-04-30,18.71,18.71,18.17,18.33,2287585.0
2026-05-06,18.61,19.25,18.31,19.19,3123711.0
2026-05-07,19.61,20.06,19.24,19.57,3238594.0
2026-05-08,19.31,19.96,19.13,19.91,2959863.0
2026-05-11,19.8,19.86,19.45,19.72,2534701.0
2026-05-12,20.36,20.67,20.03,20.29,3657878.0
2026-05-13,20.7,21.16,20.43,20.7,3333955.0
2026-05-14,20.43,20.74,19.74,19.76,2314477.0
2026-05-15,19.53,19.55,18.29,18.59,3553484.0
2026-05-18,17.86,18.09,17.52,18.02,2309847.0
2026-05-19,18.07,18.16,17.58,17.89,1820965.0
2026-05-20,17.51,17.78,17.28,17.67,2219474.0
2026-05-21,18.09,18.33,17.31,17.35,2008529.0
2026-05-22,17.51,18.35,17.28,18.24,2258116.0
2026-05-25,18.66,19.25,18.61,19.05,2633020.0
2026-05-26,18.88,20.17,18.52,20.1,3787983.0
2026-05-27,20.0,20.16,19.28,19.32,2366340.0
2026-05-28,19.1,19.1,18.2,18.8,2368654.0
2026-05-29,19.27,19.32,18.5,18.51,2256553.0
2026-06-01,18.55,18.93,18.31,18.42,1611743.0
2026-06-02,18.71,19.78,18.52,19.74,3523745.0
2026-06-03,19.53,20.15,19.38,19.89,2919929.0
2026-06-04,19.48,19.48,18.62,18.74,2502340.0
2026-06-05,18.6,19.13,18.07,18.19,2197914.0
2026-06-08,17.1,17.45,16.66,16.89,2744704.0
2026-06-09,17.0,17.1,16.32,17.05,2685339.0
2026-06-10,16.45,16.97,16.18,16.79,2297224.0
2026-06-11,16.6,17.6,16.41,17.37,2665637.0
2026-06-12,18.36,19.11,18.0,19.11,4553240.0
2026-06-15,19.49,21.0,19.49,20.92,7313187.0
2026-06-16,20.4,20.72,19.93,20.03,5086036.0
2026-06-17,19.83,20.5,19.58,20.17,3505215.0
2026-06-18,19.77,21.14,19.71,20.04,4535583.0
2026-06-22,20.22,21.74,19.64,21.65,6947284.0
2026-06-23,21.6,21.61,19.49,19.49,5526689.0
2026-06-24,18.9,19.29,18.38,18.98,3969625.0
2026-06-25,18.38,18.48,17.93,18.07,3871195.0
2026-06-26,18.35,18.42,17.16,17.24,3367975.0
2026-06-29,17.25,18.2,17.18,18.0,3122241.0
2026-06-30,17.6,17.61,17.11,17.55,2434101.0
2026-07-01,17.38,17.98,17.2,17.73,2561093.0
2026-07-02,17.92,18.65,17.4,18.29,4374210.0
2026-07-03,18.8,19.3,18.5,18.52,3696062.0
2026-07-06,18.53,19.21,18.28,18.31,2996032.0
2026-07-07,18.1,18.2,17.6,17.69,1851166.0
2026-07-08,17.5,17.96,17.43,17.53,1550012.0
2026-07-09,17.33,17.58,16.41,17.19,2982736.0
2026-07-10,17.54,18.1,17.26,17.5,2603164.0
2026-07-13,17.24,17.24,16.77,16.86,1926366.0
2026-07-14,16.8,18.34,16.62,18.21,3135926.0
2026-07-15,18.22,18.46,17.78,17.91,2548141.0
2026-07-16,17.78,18.58,17.72,18.2,2563253.0
2026-07-17,17.84,17.9,17.19,17.41,2136253.0
