date,open,high,low,close,volume
2015-01-05,6.95,7.34,6.85,7.16,1380454.75
2015-01-06,7.23,7.73,7.08,7.37,1740637.69
2015-01-07,7.22,7.75,7.13,7.65,1845518.41
2015-01-08,7.57,7.7,7.12,7.13,1419482.2
2015-01-09,7.03,7.12,6.77,6.79,1425975.61
2015-01-12,6.57,6.61,6.25,6.29,1055006.32
2015-01-13,6.29,6.45,6.2,6.29,581241.39
2015-01-14,6.25,6.35,6.2,6.26,434315.36
2015-01-15,6.29,6.48,6.28,6.47,543947.3
2015-01-16,6.63,6.87,6.58,6.74,958886.69
2015-01-19,6.48,6.83,5.98,6.11,1164230.12
2015-01-20,6.15,6.38,6.15,6.29,691922.24
2015-01-21,6.31,6.58,6.23,6.55,786877.99
2015-01-22,6.56,6.6,6.37,6.53,646048.33
2015-01-23,6.59,6.74,6.47,6.58,829621.68
2015-01-26,6.52,6.63,6.5,6.62,506332.53
2015-01-27,6.61,6.7,6.4,6.6,663631.03
2015-01-28,6.51,6.54,6.35,6.38,514285.41
2015-01-29,6.32,6.37,6.17,6.31,510443.53
2015-01-30,6.35,6.43,6.22,6.23,492970.74
2015-02-02,6.15,6.15,5.83,5.85,548303.72
2015-02-03,5.89,6.0,5.81,5.97,432844.09
2015-02-04,6.02,6.03,5.77,5.82,480722.8
2015-02-05,5.94,5.97,5.57,5.58,591106.47
2015-02-06,5.53,5.57,5.3,5.39,581528.5
2015-02-09,5.34,5.47,5.26,5.38,414050.88
2015-02-10,5.39,5.48,5.34,5.45,434742.09
2015-02-11,5.48,5.58,5.43,5.57,340784.99
2015-02-12,5.57,5.64,5.49,5.57,254906.6
2015-02-13,5.59,5.75,5.59,5.65,383017.56
2015-02-16,5.65,5.73,5.64,5.7,254922.14
2015-02-17,5.75,5.77,5.68,5.71,285499.85
2015-02-25,5.75,5.76,5.62,5.71,299406.87
2015-02-26,5.69,6.35,5.67,6.18,942654.93
2015-02-27,6.18,6.24,6.08,6.15,502546.64
2015-03-02,6.26,6.27,6.1,6.23,511362.72
2015-03-03,6.22,6.26,6.07,6.1,585541.62
2015-03-04,6.15,6.2,6.04,6.13,333467.94
2015-03-05,6.09,6.12,5.87,5.98,432922.97
2015-03-06,6.0,6.03,5.9,5.92,291344.24
2015-03-09,5.88,6.0,5.77,5.97,375575.59
2015-03-10,5.94,6.06,5.93,5.97,318033.52
2015-03-11,5.99,6.09,5.98,6.02,324443.97
2015-03-12,6.05,6.07,5.99,6.06,347945.25
2015-03-13,6.09,6.21,6.09,6.12,401027.46
2015-03-16,6.17,6.21,6.11,6.2,505485.33
2015-03-17,6.25,6.57,6.21,6.42,1019172.0
2015-03-18,6.44,6.56,6.38,6.55,805016.82
2015-03-19,6.59,6.88,6.48,6.76,1258100.72
2015-03-20,6.92,7.06,6.75,6.82,1131505.31
2015-03-23,6.79,7.01,6.77,6.97,1043053.46
2015-03-24,6.98,7.01,6.6,6.79,1150323.77
2015-03-25,6.78,6.78,6.54,6.61,806576.43
2015-03-26,6.57,6.98,6.47,6.77,1039833.6
2015-03-27,6.77,6.96,6.69,6.86,925249.89
2015-03-30,6.96,7.48,6.96,7.39,1910480.93
2015-03-31,7.39,7.53,7.17,7.26,1394543.62
2015-04-01,7.26,8.06,7.19,7.81,2123602.95
2015-04-02,7.87,7.88,7.49,7.77,1729131.89
2015-04-03,7.67,7.77,7.48,7.63,998434.6
2015-04-07,7.64,7.71,7.57,7.67,1041648.57
2015-04-08,7.67,7.86,7.57,7.7,1315962.16
2015-04-09,7.68,7.68,7.1,7.23,1269625.39
2015-04-10,7.23,7.5,7.17,7.4,747602.96
2015-04-13,7.4,7.55,7.38,7.46,885174.52
2015-04-14,7.47,8.01,7.41,7.93,1907344.75
2015-04-15,7.95,8.36,7.6,8.07,2212530.5
2015-04-16,7.8,8.92,7.8,8.75,2419061.47
2015-04-17,8.82,9.36,8.79,8.95,2571231.72
2015-04-20,8.92,9.93,8.45,9.91,3142510.18
2015-04-21,9.87,10.45,9.57,9.81,2234547.03
2015-04-22,9.82,10.87,9.82,10.87,1409864.08
2015-04-23,11.16,12.03,10.97,11.45,2845491.13
2015-04-24,10.97,11.68,10.67,11.24,1796505.85
2015-04-27,11.24,11.82,11.06,11.78,2394027.7
2015-04-28,11.8,12.13,11.17,11.22,1965361.14
2015-04-29,10.87,10.97,10.28,10.61,1394387.15
2015-04-30,10.63,11.12,10.63,10.73,1245420.46
2015-05-04,10.57,11.12,10.19,10.73,1190298.53
2015-05-05,10.76,10.86,9.73,9.83,1227074.83
2015-05-06,9.83,10.05,9.09,9.28,1050322.07
2015-05-07,9.29,9.47,8.85,8.88,978794.13
2015-05-08,9.02,9.21,8.85,9.16,841450.91
2015-05-11,9.35,9.85,9.1,9.84,1091069.87
2015-05-12,9.94,10.91,9.86,10.91,1839321.57
2015-05-13,11.17,11.37,10.36,10.51,2192578.14
2015-05-14,10.43,11.17,10.19,10.69,1340609.14
2015-05-15,10.47,10.57,10.07,10.16,1011484.37
2015-05-18,10.12,10.51,9.95,10.03,891703.27
2015-05-19,9.83,10.82,9.78,10.74,1397498.35
2015-05-20,10.77,11.07,10.55,10.71,1529215.2
2015-05-21,10.77,10.95,10.52,10.93,1267230.93
2015-05-22,10.99,11.35,10.78,11.18,1750776.86
2015-05-25,11.18,11.66,11.12,11.58,1796673.81
2015-05-26,11.67,12.05,11.3,11.67,1963819.25
2015-05-27,11.63,11.67,11.05,11.13,1986298.06
2015-05-28,11.07,11.36,9.98,10.0,1569333.75
2015-05-29,10.0,10.26,9.12,9.79,1158513.74
2015-06-01,9.82,10.75,9.82,10.63,1024259.07
2015-06-02,10.67,11.15,10.57,10.95,1064486.28
2015-06-03,10.95,11.05,10.64,10.85,934483.2
2015-06-04,11.24,12.02,10.38,12.02,2673563.83
2015-06-05,12.67,13.31,12.17,13.31,4682831.2
2015-06-08,13.28,13.37,12.28,12.72,3169706.17
2015-06-09,12.74,13.22,12.37,12.99,2226490.6
2015-06-10,12.72,12.88,12.29,12.58,1433622.16
2015-06-11,12.35,12.55,12.14,12.51,1334442.02
2015-06-12,12.56,12.89,12.35,12.64,1675972.37
2015-06-15,12.71,13.66,12.19,12.69,2258167.47
2015-06-16,12.58,13.15,11.35,11.45,2563054.49
2015-06-17,11.55,12.17,11.12,12.04,1700475.29
2015-06-18,12.04,12.05,11.35,11.43,1050413.25
2015-06-19,11.05,11.32,10.27,10.33,1207318.78
2015-06-23,10.33,10.62,9.27,10.58,1068039.39
2015-06-24,10.71,11.42,10.62,11.17,1468583.81
2015-06-25,11.23,11.32,10.35,10.66,1202085.48
2015-06-26,10.27,10.45,9.52,9.52,1101217.9
2015-06-29,9.9,9.95,8.5,8.63,1363452.28
2015-06-30,8.65,9.54,7.73,9.52,1416937.91
2015-07-01,9.27,9.93,8.72,8.85,1246112.8
2015-07-02,8.99,9.17,7.93,8.1,1152511.46
2015-07-03,7.89,8.54,7.22,7.25,1309690.26
2015-07-06,8.05,8.05,6.67,7.35,1415227.44
2015-07-07,7.07,7.34,6.54,6.79,1812990.63
2015-07-08,6.04,6.15,6.04,6.04,1021943.23
2015-07-09,6.04,6.72,5.43,6.72,1581145.86
2015-07-10,7.07,7.47,6.73,7.47,1192755.53
2015-07-13,7.83,8.29,7.55,8.29,1750501.41
2015-07-14,8.09,8.57,7.74,7.84,1692833.46
2015-07-15,7.57,7.67,6.98,6.98,1064188.91
2015-07-16,6.98,7.47,6.47,7.22,884634.85
2015-07-17,7.26,7.87,7.25,7.76,808234.81
2015-07-20,7.93,8.61,7.76,8.52,1581838.85
2015-07-21,8.35,8.6,8.17,8.38,1212496.5
2015-07-22,8.35,8.44,7.95,8.28,1129546.22
2015-07-23,8.28,8.67,8.24,8.51,1148251.45
2015-07-24,8.52,8.83,8.14,8.28,1292808.51
2015-07-27,7.98,8.23,7.38,7.38,1078818.42
2015-07-28,7.02,7.47,6.59,7.02,1185770.92
2015-07-29,7.15,7.8,6.97,7.69,865312.58
2015-07-30,7.85,8.1,7.51,7.67,999657.28
2015-07-31,7.53,7.77,7.34,7.67,656176.43
2015-08-03,7.48,8.03,7.47,7.99,888014.91
2015-08-04,7.97,8.52,7.79,8.4,1016141.27
2015-08-05,8.31,8.42,7.94,7.98,778982.89
2015-08-06,7.8,8.02,7.7,7.78,472764.66
2015-08-07,7.9,8.33,7.9,8.1,799550.33
2015-08-10,8.25,8.77,8.18,8.66,1270966.81
2015-08-11,8.64,8.84,8.52,8.61,1085222.91
2015-08-12,8.79,9.12,8.62,8.67,1263438.58
2015-08-13,8.57,8.84,8.36,8.82,948918.06
2015-08-14,8.82,8.97,8.59,8.64,911808.66
2015-08-17,8.62,8.75,8.32,8.62,772015.82
2015-08-18,8.61,8.73,7.69,7.69,916708.05
2015-08-19,7.35,7.89,6.98,7.82,785416.73
2015-08-20,7.75,7.75,7.25,7.29,509874.41
2015-08-21,7.16,7.26,6.78,6.91,585387.71
2015-08-24,6.62,6.65,6.15,6.15,582514.3
2015-08-25,5.52,5.7,5.46,5.46,533700.13
2015-08-26,5.57,5.72,4.86,5.01,776900.4
2015-08-27,5.22,5.37,4.87,5.35,597697.32
2015-08-28,5.45,5.96,5.35,5.96,802908.87
2015-08-31,5.89,6.27,5.63,6.24,884268.05
2015-09-01,6.07,6.29,5.6,6.22,987174.03
2015-09-02,5.86,6.62,5.76,6.35,1090418.94
2015-09-07,6.33,6.76,6.23,6.29,401861.5
2015-09-08,6.29,6.57,5.95,6.46,337874.81
2015-09-09,6.49,6.66,6.41,6.51,449868.77
2015-09-10,6.41,6.57,6.23,6.24,304376.68
2015-09-11,6.24,6.37,6.03,6.18,225418.84
2015-09-14,6.32,6.39,5.51,5.61,360168.7
2015-09-15,5.52,5.66,5.08,5.15,324011.23
2015-09-16,5.22,5.74,5.18,5.68,402095.5
2015-09-17,5.71,5.91,5.46,5.47,394277.86
2015-09-18,5.56,5.65,5.42,5.58,251947.21
2015-09-21,5.49,5.81,5.44,5.77,280884.93
2015-09-22,5.91,5.96,5.77,5.84,310649.8
2015-09-23,5.69,5.76,5.51,5.56,279417.23
2015-09-24,5.63,5.69,5.53,5.63,165101.17
2015-09-25,5.63,5.65,5.35,5.42,207914.34
2015-09-28,5.43,5.47,5.31,5.45,120629.7
2015-09-29,5.36,5.39,5.27,5.29,143777.98
2015-09-30,5.35,5.38,5.29,5.34,101473.49
2015-10-08,5.57,5.68,5.5,5.61,240728.5
2015-10-09,5.55,5.76,5.55,5.72,262931.57
2015-10-12,5.72,6.14,5.72,6.0,439702.09
2015-10-13,5.97,6.14,5.86,6.09,425108.14
2015-10-14,6.08,6.09,5.9,5.91,306439.76
2015-10-15,5.88,6.16,5.85,6.12,403882.9
2015-10-16,6.19,6.47,6.16,6.3,551683.32
2015-10-19,6.37,6.45,6.1,6.21,447502.79
2015-10-20,6.25,6.44,6.16,6.43,396202.92
2015-10-21,6.4,6.63,5.87,5.97,651310.46
2015-10-22,5.99,6.14,5.88,6.13,338447.25
2015-10-23,6.14,6.24,6.03,6.2,344135.91
2015-10-26,6.29,6.47,6.22,6.43,495788.18
2015-10-27,6.37,6.37,5.99,6.26,381131.58
2015-10-28,6.24,6.3,5.97,6.08,329257.74
2015-10-29,6.08,6.15,6.03,6.08,226167.39
2015-10-30,6.08,6.13,5.98,6.0,215700.52
2015-11-02,5.95,6.01,5.72,5.74,260346.42
2015-11-03,5.73,5.81,5.67,5.71,164037.55
2015-11-04,5.75,6.18,5.74,6.1,352412.74
2015-11-05,6.14,6.78,6.09,6.47,1160074.44
2015-11-06,6.49,6.6,6.39,6.57,780239.68
2015-11-09,6.5,6.9,6.5,6.65,850693.31
2015-11-10,6.56,6.73,6.49,6.67,501157.07
2015-11-11,6.64,6.69,6.51,6.61,377154.43
2015-11-12,6.63,6.66,6.47,6.57,433105.16
2015-11-13,6.5,6.73,6.46,6.52,454037.31
2015-11-16,6.41,6.55,6.34,6.54,294981.93
2015-11-17,6.57,6.77,6.55,6.58,603930.62
2015-11-18,6.59,6.62,6.39,6.41,293876.15
2015-11-19,6.47,6.52,6.39,6.51,191767.72
2015-11-20,6.52,6.61,6.49,6.58,317528.83
2015-11-23,6.57,6.63,6.46,6.48,298086.89
2015-11-24,6.45,6.47,6.3,6.4,239554.19
2015-11-25,6.36,6.41,6.34,6.41,208038.4
2015-11-26,6.44,6.54,6.4,6.43,267621.49
2015-11-27,6.37,6.41,5.74,5.85,386834.37
2015-11-30,5.86,6.02,5.49,5.8,293818.28
2015-12-01,5.83,5.95,5.81,5.91,193674.07
2015-12-02,5.87,6.15,5.85,6.12,257880.67
2015-12-03,6.08,6.17,6.01,6.14,179486.73
2015-12-04,6.12,6.12,5.93,6.0,177802.82
2015-12-07,6.0,6.05,5.86,5.95,167106.93
2015-12-08,5.94,5.94,5.77,5.79,172887.05
2015-12-09,5.77,5.86,5.72,5.78,110780.07
2015-12-10,5.68,5.87,5.68,5.76,106812.59
2015-12-11,5.79,5.79,5.6,5.76,159702.18
2015-12-14,5.67,6.03,5.67,6.0,179664.79
2015-12-15,5.97,6.01,5.87,5.91,162217.2
2015-12-16,5.93,6.12,5.93,6.0,242531.4
2015-12-17,6.07,6.19,6.07,6.12,322793.14
2015-12-18,6.07,6.13,6.02,6.03,187333.76
2015-12-21,6.02,6.16,5.97,6.12,245757.32
2015-12-22,6.13,6.15,6.06,6.14,226698.63
2015-12-23,6.77,6.83,6.38,6.42,1037486.94
2015-12-24,6.34,6.37,6.18,6.27,398955.91
2015-12-25,6.25,6.4,6.21,6.33,282751.75
2015-12-28,6.35,6.42,6.15,6.15,275279.11
2015-12-29,6.13,6.18,6.05,6.17,164086.73
2015-12-30,6.17,6.2,6.1,6.14,149914.13
2015-12-31,6.14,6.19,6.08,6.08,138439.0
2016-01-04,6.09,6.1,5.47,5.5,188398.12
2016-01-05,5.23,5.63,5.16,5.44,271098.0
2016-01-06,5.47,5.6,5.44,5.58,244044.4
2016-01-07,5.49,5.49,5.0,5.03,54548.0
2016-01-08,5.2,5.32,4.95,5.2,248213.19
2016-01-11,5.09,5.41,4.93,4.96,268264.0
2016-01-12,4.98,5.13,4.86,5.03,204159.08
2016-01-13,5.03,5.1,4.87,4.88,162265.66
2016-01-14,4.73,5.01,4.62,4.96,159082.11
2016-01-15,4.92,4.96,4.62,4.67,181842.61
2016-01-18,4.62,4.76,4.57,4.67,126590.72
2016-01-19,4.66,5.05,4.64,4.95,241540.47
2016-01-20,4.93,5.09,4.88,4.95,258319.82
2016-01-21,4.84,4.96,4.57,4.71,201724.87
2016-01-22,4.79,4.85,4.64,4.77,128733.76
2016-01-25,4.82,4.86,4.75,4.81,111963.94
2016-01-26,4.76,4.88,4.55,4.6,234427.02
2016-01-27,4.56,4.69,4.28,4.51,201993.93
2016-01-28,4.58,4.58,4.28,4.31,133674.93
2016-01-29,4.32,4.51,4.32,4.47,150124.93
2016-02-01,4.44,4.44,4.26,4.33,127890.89
2016-02-02,4.32,4.51,4.32,4.45,116646.2
2016-02-03,4.38,4.58,4.32,4.51,156598.56
2016-02-04,4.5,4.63,4.45,4.59,133154.24
2016-02-05,4.65,4.67,4.53,4.54,88724.59
2016-02-15,4.33,4.48,4.32,4.43,78676.68
2016-02-16,4.47,4.63,4.46,4.6,135796.42
2016-02-17,4.61,4.82,4.59,4.7,191632.44
2016-02-18,4.73,4.75,4.64,4.66,129826.23
2016-02-19,4.64,4.7,4.62,4.67,86383.32
2016-02-22,4.71,4.8,4.71,4.78,178224.69
2016-02-23,4.82,4.83,4.68,4.72,132160.0
2016-02-24,4.7,4.89,4.68,4.87,235014.28
2016-02-25,4.86,4.88,4.31,4.36,261809.13
2016-02-26,4.42,4.46,4.36,4.45,130982.46
2016-02-29,4.44,4.45,4.23,4.38,172321.12
2016-03-01,4.38,4.46,4.31,4.43,152556.38
2016-03-02,4.43,4.66,4.38,4.65,265354.53
2016-03-03,4.62,4.71,4.59,4.67,206944.58
2016-03-04,4.69,4.84,4.64,4.79,368167.65
2016-03-07,4.78,4.9,4.73,4.8,162815.21
2016-03-08,4.77,4.86,4.61,4.84,143745.68
2016-03-09,4.76,4.85,4.67,4.85,125135.19
2016-03-10,4.83,4.84,4.69,4.74,82946.11
2016-03-11,4.67,4.73,4.64,4.67,71035.96
2016-03-14,4.74,4.83,4.67,4.79,107763.41
2016-03-15,4.79,4.8,4.68,4.75,97144.18
2016-03-16,4.76,4.83,4.74,4.81,202962.43
2016-03-17,4.82,4.86,4.76,4.85,140898.06
2016-03-18,4.85,4.95,4.83,4.87,345581.43
2016-03-21,4.91,5.04,4.88,4.95,324176.34
2016-03-22,4.94,5.15,4.89,5.09,371541.46
2016-03-23,5.05,5.09,4.96,5.02,203632.2
2016-03-24,5.0,5.03,4.88,4.88,153217.31
2016-03-25,4.87,4.92,4.83,4.89,120269.06
2016-03-28,4.91,4.96,4.8,4.83,122032.47
2016-03-29,4.83,4.86,4.73,4.76,106461.84
2016-03-30,4.79,4.92,4.79,4.9,121407.68
2016-03-31,4.94,4.97,4.88,4.89,137105.11
2016-04-01,4.89,4.98,4.82,4.98,164113.83
2016-04-05,4.98,5.1,4.95,5.04,289248.55
2016-04-06,5.02,5.05,4.95,5.0,176638.14
2016-04-07,5.01,5.03,4.84,4.86,177079.32
2016-04-08,4.86,4.87,4.77,4.82,137415.03
2016-04-11,4.86,4.98,4.83,4.92,136731.34
2016-04-12,4.92,4.96,4.88,4.93,121804.63
2016-04-13,5.01,5.09,4.96,5.02,293020.3
2016-04-14,5.05,5.07,4.98,5.04,126270.63
2016-04-15,5.03,5.07,4.99,5.04,127769.65
2016-04-18,5.02,5.05,4.92,4.95,100259.37
2016-04-19,4.96,5.0,4.91,4.96,92790.0
2016-04-20,4.98,5.0,4.66,4.86,220990.19
2016-04-21,4.8,4.87,4.77,4.79,94327.51
2016-04-22,4.78,4.82,4.75,4.8,73814.38
2016-04-25,4.8,4.85,4.71,4.8,89456.36
2016-04-26,4.8,4.83,4.79,4.83,56482.02
2016-04-27,4.85,4.87,4.81,4.82,84389.17
2016-04-28,4.8,4.84,4.73,4.76,95051.17
2016-04-29,4.75,4.77,4.71,4.72,80610.4
2016-05-03,4.77,4.84,4.73,4.82,111876.26
2016-05-04,4.85,4.89,4.8,4.87,124774.14
2016-05-05,4.99,5.23,4.96,4.98,441627.48
2016-05-06,4.93,5.03,4.77,4.79,281174.14
2016-05-09,4.74,4.74,4.62,4.63,164688.0
2016-05-10,4.6,4.69,4.55,4.61,112176.92
2016-05-11,4.62,4.65,4.51,4.6,146323.27
2016-05-12,4.53,4.58,4.45,4.56,130728.27
2016-05-13,4.56,4.58,4.52,4.56,76950.98
2016-05-16,4.53,4.59,4.5,4.58,111427.69
2016-05-17,4.56,4.59,4.55,4.56,71512.71
2016-05-18,4.56,4.56,4.41,4.53,116918.11
2016-05-19,4.5,4.57,4.49,4.51,65392.22
2016-05-20,4.51,4.6,4.49,4.59,71570.99
2016-05-23,4.61,4.63,4.55,4.6,69130.35
2016-05-24,4.59,4.59,4.52,4.53,49971.0
2016-05-25,4.55,4.6,4.49,4.49,61430.74
2016-05-26,4.51,4.53,4.44,4.5,51729.49
2016-05-27,4.5,4.53,4.46,4.5,43560.58
2016-05-30,4.5,4.54,4.45,4.49,39509.1
2016-05-31,4.49,4.66,4.47,4.65,135732.25
2016-06-01,4.66,4.67,4.61,4.62,107112.72
2016-06-02,4.61,4.64,4.58,4.63,83074.6
2016-06-03,4.65,4.68,4.63,4.67,104790.95
2016-06-06,4.7,4.71,4.63,4.63,67796.42
2016-06-07,4.65,4.66,4.62,4.65,46695.5
2016-06-08,4.64,4.67,4.62,4.66,66365.75
2016-06-13,4.63,4.69,4.54,4.56,97691.31
2016-06-14,4.51,4.54,4.45,4.48,82252.21
2016-06-15,4.43,4.58,4.42,4.56,79673.11
2016-06-16,4.55,4.58,4.49,4.54,89476.23
2016-06-17,4.54,4.59,4.49,4.52,105080.91
2016-06-20,4.53,4.54,4.44,4.47,97484.06
2016-06-21,4.49,4.52,4.43,4.45,107207.14
2016-06-22,4.44,4.48,4.42,4.47,84196.93
2016-06-23,4.47,4.48,4.41,4.44,119465.82
2016-06-24,4.45,4.46,4.32,4.37,112112.34
2016-06-27,4.37,4.43,4.35,4.42,62187.62
2016-06-28,4.41,4.43,4.38,4.43,134521.46
2016-06-29,4.42,4.57,4.42,4.5,163687.1
2016-06-30,4.49,4.5,4.46,4.48,80220.0
2016-07-01,4.48,4.51,4.46,4.47,82387.63
2016-07-04,4.46,4.57,4.45,4.55,141507.47
2016-07-05,4.55,4.77,4.54,4.67,291185.79
2016-07-06,4.62,4.63,4.56,4.61,143192.12
2016-07-07,4.61,4.63,4.57,4.6,87799.08
2016-07-08,4.6,4.6,4.54,4.57,84095.16
2016-07-11,4.58,4.62,4.56,4.56,108709.03
2016-07-12,4.56,4.68,4.56,4.67,190656.37
2016-07-13,4.69,4.82,4.67,4.75,294484.19
2016-07-14,4.74,4.8,4.7,4.76,171990.7
2016-07-15,4.79,4.8,4.72,4.76,106012.21
2016-07-18,4.75,4.77,4.69,4.7,110863.14
2016-07-19,4.71,4.74,4.67,4.72,85693.21
2016-07-20,4.7,4.76,4.69,4.73,104118.59
2016-07-21,4.72,4.79,4.72,4.76,110173.62
2016-07-22,4.74,4.79,4.7,4.71,107480.98
2016-07-25,4.71,4.75,4.68,4.7,62003.51
2016-07-26,4.71,4.79,4.71,4.78,131452.57
2016-07-27,4.79,4.81,4.56,4.69,204256.21
2016-07-28,4.65,4.74,4.62,4.71,129403.28
2016-07-29,4.69,4.74,4.64,4.66,101204.04
2016-08-01,4.65,4.66,4.53,4.57,82701.13
2016-08-02,4.57,4.66,4.55,4.61,76308.32
2016-08-03,4.61,4.62,4.57,4.59,64571.33
2016-08-04,4.59,4.6,4.55,4.58,60646.85
2016-08-05,4.57,4.6,4.57,4.58,52044.53
2016-08-08,4.57,4.62,4.55,4.61,94230.46
2016-08-09,4.61,4.66,4.6,4.65,117083.69
2016-08-10,4.64,4.69,4.63,4.66,117130.29
2016-08-11,4.66,4.68,4.6,4.61,68720.58
2016-08-12,4.61,4.77,4.59,4.73,150244.7
2016-08-15,4.76,4.88,4.73,4.84,262737.64
2016-08-16,4.84,4.91,4.8,4.84,161622.35
2016-08-17,4.86,4.88,4.8,4.86,123372.12
2016-08-18,4.87,4.9,4.8,4.82,137850.37
2016-08-19,4.81,4.95,4.76,4.9,190166.27
2016-08-22,4.87,4.88,4.77,4.77,115094.75
2016-08-23,4.78,4.83,4.74,4.77,96930.53
2016-08-24,4.78,4.79,4.69,4.74,93059.97
2016-08-25,4.72,4.74,4.62,4.7,75286.35
2016-08-26,4.7,4.74,4.69,4.7,60977.16
2016-08-29,4.7,4.74,4.66,4.72,66464.14
2016-08-30,4.7,4.74,4.69,4.7,69969.06
2016-08-31,4.7,4.71,4.68,4.7,63876.2
2016-09-01,4.69,4.71,4.65,4.66,79220.14
2016-09-02,4.66,4.74,4.63,4.73,126626.11
2016-09-05,4.71,4.74,4.7,4.7,71780.35
2016-09-06,4.71,4.79,4.67,4.77,113977.5
2016-09-07,4.76,4.82,4.75,4.78,106921.08
2016-09-08,4.77,4.83,4.76,4.78,69838.85
2016-09-09,4.79,4.81,4.74,4.75,89543.4
2016-09-12,4.68,4.81,4.64,4.8,200892.98
2016-09-13,4.78,4.81,4.75,4.79,99186.14
2016-09-14,4.76,4.79,4.68,4.75,112640.98
2016-09-19,4.74,4.83,4.72,4.83,116395.92
2016-09-20,4.83,4.83,4.76,4.77,73548.9
2016-09-21,4.8,4.8,4.74,4.75,66255.07
2016-09-22,4.77,4.8,4.75,4.76,64264.03
2016-09-23,4.76,4.78,4.72,4.73,45492.12
2016-09-26,4.71,4.73,4.58,4.58,99728.82
2016-09-27,4.59,4.62,4.56,4.61,75712.23
2016-09-28,4.59,4.63,4.57,4.58,46212.38
2016-09-29,4.58,4.62,4.57,4.57,65018.31
2016-09-30,4.58,4.6,4.54,4.58,69865.65
2016-10-10,4.61,4.66,4.6,4.65,75826.44
2016-10-11,4.65,4.68,4.64,4.67,76208.06
2016-10-12,4.66,4.71,4.65,4.69,68037.79
2016-10-13,4.69,4.76,4.67,4.76,120043.49
2016-10-14,4.75,4.82,4.72,4.8,179046.95
2016-10-17,4.8,4.83,4.75,4.76,163548.31
2016-10-18,4.76,4.91,4.73,4.88,216934.75
2016-10-19,4.88,4.9,4.81,4.85,134856.99
2016-10-20,4.84,4.87,4.79,4.8,115653.81
2016-10-21,4.8,5.1,4.76,4.93,480360.93
2016-10-24,4.9,5.17,4.89,5.04,479171.59
2016-10-25,5.08,5.08,4.94,5.05,262508.86
2016-10-26,5.02,5.06,4.98,5.0,156490.98
2016-10-27,5.0,5.03,4.94,4.96,109592.92
2016-10-28,4.96,5.01,4.86,4.86,135871.23
2016-10-31,4.84,4.91,4.84,4.89,107902.54
2016-11-01,4.89,4.92,4.86,4.9,96997.68
2016-11-02,4.88,4.94,4.84,4.87,131225.69
2016-11-03,4.89,5.05,4.85,4.98,240839.68
2016-11-04,4.97,4.99,4.87,4.89,165633.54
2016-11-07,4.87,4.9,4.83,4.87,130464.77
2016-11-08,4.87,4.94,4.84,4.9,172522.06
2016-11-09,4.89,4.89,4.76,4.82,209069.43
2016-11-10,4.84,5.36,4.83,5.14,579108.94
2016-11-11,5.14,5.31,5.06,5.18,712244.95
2016-11-14,5.2,5.45,5.18,5.36,624803.16
2016-11-15,5.33,5.35,5.27,5.32,254621.5
2016-11-16,5.33,5.34,5.24,5.28,211766.02
2016-11-17,5.25,5.46,5.19,5.4,354754.46
2016-11-18,5.39,5.45,5.24,5.25,271471.82
2016-11-21,5.22,5.46,5.22,5.34,370849.62
2016-11-22,5.36,5.66,5.32,5.48,479209.92
2016-11-23,5.48,5.55,5.38,5.41,298794.15
2016-11-24,5.37,5.44,5.34,5.37,148756.31
2016-11-25,5.36,5.44,5.23,5.43,203182.69
2016-11-28,5.46,5.59,5.4,5.5,349916.98
2016-11-29,5.44,5.86,5.41,5.71,831154.86
2016-11-30,5.66,5.72,5.41,5.45,569491.03
2016-12-01,5.47,5.58,5.43,5.56,357355.88
2016-12-02,5.55,5.62,5.36,5.43,448791.14
2016-12-05,5.25,5.34,5.19,5.25,406978.5
2016-12-06,5.23,5.33,5.16,5.17,228659.46
2016-12-07,5.15,5.22,5.11,5.19,223433.3
2016-12-08,5.19,5.2,5.08,5.1,190712.43
2016-12-09,5.1,5.17,5.07,5.12,341071.0
2016-12-12,5.11,5.11,4.88,4.99,384759.43
2016-12-13,4.96,5.06,4.92,5.05,181796.64
2016-12-14,5.04,5.07,4.93,4.98,176894.68
2016-12-15,4.95,5.17,4.95,5.06,267773.12
2016-12-16,5.06,5.13,5.03,5.1,125035.04
2016-12-19,5.09,5.15,4.99,5.03,142417.37
2016-12-20,5.02,5.04,4.97,4.99,81885.79
2016-12-21,5.02,5.15,4.99,5.11,196996.89
2016-12-22,5.11,5.2,5.09,5.15,182083.36
2016-12-23,5.15,5.15,5.06,5.07,119724.75
2016-12-26,5.05,5.23,4.96,5.18,172511.62
2016-12-27,5.17,5.2,5.11,5.13,131093.95
2016-12-28,5.14,5.15,5.04,5.05,102345.41
2016-12-29,5.04,5.1,5.01,5.05,79129.54
2016-12-30,5.09,5.1,4.96,4.99,137184.38
2017-01-03,4.99,5.06,4.98,5.05,81515.69
2017-01-04,5.03,5.17,5.02,5.16,205791.67
2017-01-05,5.14,5.19,5.12,5.15,127390.67
2017-01-06,5.16,5.21,5.13,5.14,165492.76
2017-01-09,5.14,5.25,5.13,5.25,221192.85
2017-01-10,5.23,5.27,5.19,5.2,144068.58
2017-01-11,5.21,5.28,5.17,5.23,209475.88
2017-01-12,5.21,5.23,5.08,5.1,178361.74
2017-01-13,5.08,5.19,5.02,5.16,156016.15
2017-01-16,5.19,5.29,4.99,5.24,427835.28
2017-01-17,5.2,5.26,5.17,5.25,119360.11
2017-01-18,5.25,5.35,5.22,5.28,201493.31
2017-01-19,5.26,5.35,5.22,5.23,129952.3
2017-01-20,5.21,5.34,5.2,5.31,178613.87
2017-01-23,5.31,5.38,5.29,5.36,166008.19
2017-01-24,5.35,5.36,5.31,5.34,82728.49
2017-01-25,5.32,5.36,5.3,5.32,84746.85
2017-01-26,5.33,5.35,5.27,5.32,104020.51
2017-02-03,5.32,5.33,5.28,5.3,61274.62
2017-02-06,5.31,5.34,5.25,5.31,114414.0
2017-02-07,5.31,5.32,5.24,5.29,104312.39
2017-02-08,5.26,5.3,5.22,5.29,98852.63
2017-02-09,5.29,5.35,5.27,5.32,230369.0
2017-02-10,5.34,5.55,5.32,5.44,437598.44
2017-02-13,5.46,5.52,5.39,5.47,405278.82
2017-02-14,5.46,5.54,5.42,5.51,239243.84
2017-02-15,5.5,5.56,5.42,5.45,335402.31
2017-02-16,5.44,5.59,5.42,5.59,390745.87
2017-02-17,5.61,5.63,5.51,5.52,384884.11
2017-02-20,5.5,5.57,5.49,5.56,318529.11
2017-02-21,5.56,5.59,5.51,5.54,174312.91
2017-02-22,5.54,5.55,5.46,5.51,215092.79
2017-02-23,5.51,5.53,5.45,5.46,155535.0
2017-02-24,5.46,5.47,5.41,5.45,146825.32
2017-02-27,5.45,5.49,5.41,5.42,142723.11
2017-02-28,5.4,5.45,5.4,5.45,131719.79
2017-03-01,5.43,5.48,5.42,5.46,131628.99
2017-03-02,5.47,5.54,5.43,5.44,176661.27
2017-03-03,5.42,5.44,5.32,5.34,199904.16
2017-03-06,5.33,5.39,5.32,5.37,88345.09
2017-03-07,5.35,5.42,5.35,5.41,127185.29
2017-03-08,5.41,5.41,5.33,5.4,96692.48
2017-03-09,5.38,5.39,5.31,5.32,99379.0
2017-03-10,5.31,5.35,5.3,5.32,53749.64
2017-03-13,5.31,5.35,5.26,5.34,134123.02
2017-03-14,5.31,5.37,5.31,5.32,79586.02
2017-03-15,5.32,5.35,5.29,5.33,96885.15
2017-03-16,5.33,5.4,5.33,5.4,118657.59
2017-03-17,5.41,5.42,5.31,5.32,123931.12
2017-03-20,5.29,5.39,5.29,5.38,104063.0
2017-03-21,5.36,5.46,5.36,5.46,183969.2
2017-03-22,5.45,5.56,5.41,5.49,277390.91
2017-03-23,5.5,5.56,5.44,5.51,210052.72
2017-03-24,5.5,5.69,5.49,5.65,454721.51
2017-03-27,5.65,5.68,5.56,5.57,314538.2
2017-03-28,5.57,5.6,5.54,5.56,176144.06
2017-03-29,5.56,5.7,5.51,5.59,411469.49
2017-03-30,5.55,6.21,5.55,5.82,994222.91
2017-03-31,5.73,5.89,5.69,5.78,586704.27
2017-04-05,5.71,6.06,5.71,5.98,530680.53
2017-04-06,5.94,6.14,5.91,5.97,530436.6
2017-04-07,5.98,6.26,5.93,6.18,628793.02
2017-04-10,6.13,6.29,6.06,6.09,431416.06
2017-04-11,6.03,6.28,5.91,6.23,584227.7
2017-04-12,6.18,6.18,5.92,5.97,399874.68
2017-04-13,5.9,6.12,5.88,6.02,281987.1
2017-04-14,5.96,6.12,5.86,5.92,302428.92
2017-04-17,5.89,6.08,5.89,5.93,253591.55
2017-04-18,6.0,6.0,5.88,5.89,232489.27
2017-04-19,5.86,5.94,5.68,5.79,299706.24
2017-04-20,5.78,5.88,5.71,5.88,244223.23
2017-04-21,5.86,5.94,5.72,5.78,201378.5
2017-04-24,5.79,5.8,5.37,5.39,361226.39
2017-04-25,5.43,5.49,5.31,5.36,240768.41
2017-04-26,5.34,5.42,5.32,5.38,127523.93
2017-04-27,5.35,5.45,5.12,5.42,256001.84
2017-04-28,5.39,5.49,5.33,5.48,188253.3
2017-05-02,5.48,5.6,5.48,5.53,191442.56
2017-05-03,5.52,5.57,5.41,5.46,171719.17
2017-05-04,5.45,5.66,5.38,5.59,310612.96
2017-05-05,5.55,5.62,5.47,5.55,280481.65
2017-05-08,5.52,5.55,5.26,5.32,284387.75
2017-05-09,5.3,5.49,5.17,5.45,210898.22
2017-05-10,5.42,5.45,5.25,5.26,185635.3
2017-05-11,5.22,5.29,5.01,5.2,228996.62
2017-05-12,5.21,5.21,5.09,5.11,149921.75
2017-05-15,5.16,5.18,5.01,5.06,149165.0
2017-05-16,5.03,5.11,4.91,5.11,211898.45
2017-05-17,5.09,5.16,5.07,5.12,128520.0
2017-05-18,5.04,5.13,5.03,5.05,84858.07
2017-05-19,5.03,5.08,4.99,5.0,96994.66
2017-05-22,4.97,5.01,4.73,4.81,233831.25
2017-05-23,4.76,4.82,4.59,4.63,191337.11
2017-05-24,4.62,4.79,4.54,4.76,176655.69
2017-05-25,4.76,4.81,4.62,4.76,204253.12
2017-05-26,4.76,4.85,4.73,4.77,145407.69
2017-05-31,4.82,4.86,4.71,4.75,225880.08
2017-06-01,4.73,4.74,4.64,4.67,113238.34
2017-06-02,4.65,4.76,4.64,4.74,105693.73
2017-06-05,4.76,4.87,4.74,4.85,164440.77
2017-06-06,4.84,4.89,4.81,4.86,105298.8
2017-06-07,4.88,4.93,4.86,4.92,136660.91
2017-06-08,4.92,4.93,4.86,4.87,129820.6
2017-06-09,4.88,4.95,4.86,4.93,128682.27
2017-06-12,4.93,4.95,4.87,4.91,137133.99
2017-06-13,4.89,4.94,4.89,4.92,112397.52
2017-06-14,4.92,4.97,4.91,4.93,121873.83
2017-06-15,4.93,4.98,4.92,4.96,110703.07
2017-06-16,4.96,4.97,4.84,4.89,109629.22
2017-06-19,4.89,4.95,4.88,4.93,92047.0
2017-06-20,4.94,4.95,4.87,4.94,91247.63
2017-06-21,4.94,4.99,4.94,4.98,94742.24
2017-06-22,4.97,5.03,4.97,4.98,134361.61
2017-06-23,4.97,4.98,4.89,4.94,94748.45
2017-06-26,4.96,5.05,4.93,5.04,130610.75
2017-06-27,5.05,5.1,5.02,5.09,109833.21
2017-06-28,5.08,5.13,5.04,5.09,85512.07
2017-06-29,5.09,5.1,5.03,5.04,127446.85
2017-06-30,5.02,5.09,5.0,5.07,108337.9
2017-07-03,5.05,5.15,5.05,5.09,123650.95
2017-07-04,5.1,5.13,5.05,5.05,124328.41
2017-07-05,5.05,5.08,5.05,5.08,113075.85
2017-07-06,5.09,5.09,5.0,5.05,140329.88
2017-07-07,5.04,5.07,5.03,5.05,89448.01
2017-07-10,5.03,5.11,5.03,5.09,123733.02
2017-07-11,5.08,5.09,5.03,5.04,118022.72
2017-07-12,5.03,5.05,4.98,5.01,126823.31
2017-07-13,5.01,5.1,4.99,5.08,145116.76
2017-07-14,5.07,5.08,5.02,5.05,100182.17
2017-07-17,5.05,5.05,4.71,4.87,193006.24
2017-07-18,4.85,4.92,4.82,4.91,110015.91
2017-07-19,4.9,5.06,4.88,5.06,193121.04
2017-07-20,5.06,5.12,5.04,5.07,191307.96
2017-07-21,5.07,5.19,5.05,5.16,254254.04
2017-07-24,5.14,5.33,5.13,5.21,282560.21
2017-07-25,5.2,5.24,5.13,5.15,132612.17
2017-07-26,5.18,5.2,5.12,5.17,119665.98
2017-07-27,5.15,5.16,5.09,5.14,135652.68
2017-07-28,5.14,5.18,5.11,5.15,101755.5
2017-07-31,5.14,5.2,5.13,5.19,169314.45
2017-08-01,5.18,5.25,5.17,5.18,148913.0
2017-08-02,5.19,5.2,5.11,5.12,124710.91
2017-08-03,5.11,5.18,5.1,5.16,110932.71
2017-08-04,5.17,5.2,5.14,5.15,149272.84
2017-08-07,5.14,5.19,5.1,5.19,105072.79
2017-08-08,5.18,5.25,5.17,5.21,119729.5
2017-08-09,5.21,5.38,5.19,5.35,270270.97
2017-08-10,5.35,5.42,5.24,5.3,198126.19
2017-08-11,5.25,5.27,5.1,5.13,195084.01
2017-08-14,5.13,5.2,5.11,5.19,89307.97
2017-08-15,5.16,5.21,5.09,5.1,133485.05
2017-08-16,5.1,5.13,5.06,5.11,70716.41
2017-08-17,5.11,5.2,5.11,5.18,101640.73
2017-08-18,5.17,5.19,5.13,5.16,87173.62
2017-08-21,5.18,5.25,5.16,5.22,90332.41
2017-08-22,5.23,5.25,5.17,5.19,93096.67
2017-08-23,5.2,5.2,5.14,5.14,58987.03
2017-08-24,5.14,5.16,5.09,5.09,61862.0
2017-08-25,5.09,5.2,5.09,5.18,89369.66
2017-08-28,5.18,5.24,5.17,5.22,136209.15
2017-08-29,5.23,5.24,5.16,5.18,94989.73
2017-08-30,5.18,5.24,5.16,5.2,93587.01
2017-08-31,5.21,5.27,5.19,5.24,118530.91
2017-09-01,5.26,5.27,5.19,5.22,145475.43
2017-09-04,5.21,5.23,5.18,5.22,108816.71
2017-09-05,5.21,5.22,5.18,5.19,101849.0
2017-09-06,5.17,5.44,5.16,5.35,352011.69
2017-09-07,5.3,5.34,5.22,5.24,204932.03
2017-09-08,5.24,5.25,5.18,5.19,115177.63
2017-09-11,5.18,5.25,5.18,5.22,83247.0
2017-09-12,5.22,5.25,5.19,5.21,107734.54
2017-09-13,5.2,5.21,5.19,5.21,64294.01
2017-09-14,5.21,5.24,5.18,5.2,92614.06
2017-09-15,5.19,5.2,5.15,5.17,96242.9
2017-09-18,5.16,5.19,5.15,5.17,83628.99
2017-09-19,5.17,5.18,5.14,5.15,79183.0
2017-09-20,5.16,5.17,5.13,5.16,59576.0
2017-09-21,5.16,5.25,5.14,5.18,169994.71
2017-09-22,5.2,5.2,5.09,5.12,103983.0
2017-09-25,5.11,5.11,4.98,4.99,147892.0
2017-09-26,5.01,5.04,4.98,4.99,67453.61
2017-09-27,4.99,5.04,4.99,5.01,72705.52
2017-09-28,5.02,5.03,4.93,4.95,91069.26
2017-09-29,4.95,4.98,4.94,4.97,51502.29
2017-10-09,5.02,5.03,4.97,4.99,92649.0
2017-10-10,4.99,5.03,4.99,5.03,62260.14
2017-10-11,5.03,5.04,5.01,5.02,65400.0
2017-10-12,5.02,5.03,4.97,5.0,69322.28
2017-10-13,5.0,5.04,4.99,5.03,57890.52
2017-10-16,5.02,5.04,5.0,5.0,80423.3
2017-10-17,5.02,5.02,4.97,4.99,47104.05
2017-10-18,5.0,5.0,4.92,4.93,81670.21
2017-10-19,4.94,4.94,4.8,4.81,80029.0
2017-10-20,4.82,4.87,4.79,4.86,42256.32
2017-10-23,4.86,4.88,4.84,4.88,44709.1
2017-10-24,4.88,4.88,4.82,4.85,73242.47
2017-10-25,4.84,4.87,4.82,4.87,54393.0
2017-10-26,4.86,4.98,4.85,4.94,121649.84
2017-10-27,4.93,4.97,4.91,4.92,62724.21
2017-10-30,4.88,4.92,4.82,4.83,89734.2
2017-10-31,4.78,4.79,4.68,4.73,154383.66
2017-11-01,4.72,4.74,4.66,4.68,142429.84
2017-11-02,4.69,4.69,4.55,4.58,187375.0
2017-11-03,4.57,4.6,4.42,4.47,190252.85
2017-11-06,4.47,4.51,4.46,4.5,114100.52
2017-11-07,4.48,4.54,4.47,4.54,94324.0
2017-11-08,4.54,4.57,4.52,4.55,113446.96
2017-11-09,4.55,4.56,4.52,4.54,73449.55
2017-11-10,4.52,4.55,4.46,4.55,156428.34
2017-11-13,4.53,4.54,4.5,4.51,82056.93
2017-11-14,4.52,4.52,4.44,4.46,94897.79
2017-11-15,4.46,4.48,4.41,4.44,56948.22
2017-11-16,4.44,4.46,4.33,4.35,135181.51
2017-11-17,4.34,4.37,4.21,4.23,168816.51
2017-11-20,4.21,4.22,4.07,4.21,106009.1
2017-11-21,4.2,4.21,4.16,4.19,77109.0
2017-11-22,4.19,4.25,4.16,4.22,109468.01
2017-11-23,4.22,4.22,4.1,4.11,92325.95
2017-11-24,4.09,4.11,4.07,4.11,56291.35
2017-11-27,4.11,4.12,4.02,4.04,93711.74
2017-11-28,4.04,4.07,4.01,4.06,76032.25
2017-11-29,4.08,4.13,4.03,4.1,94527.7
2017-11-30,4.09,4.09,4.03,4.03,62118.0
2017-12-01,4.03,4.07,4.02,4.07,54455.01
2017-12-04,4.07,4.08,3.99,4.01,66528.0
2017-12-05,4.01,4.01,3.86,3.87,137074.82
2017-12-06,3.86,3.89,3.82,3.88,76046.52
2017-12-07,3.88,3.93,3.85,3.91,71253.92
2017-12-08,3.9,3.94,3.88,3.93,56027.94
2017-12-11,3.92,3.98,3.91,3.98,71218.92
2017-12-12,3.97,3.97,3.88,3.89,51402.0
2017-12-13,3.89,3.92,3.87,3.91,39313.38
2017-12-14,3.91,3.97,3.89,3.95,73633.94
2017-12-15,3.94,3.95,3.88,3.92,61579.0
2017-12-18,3.92,3.93,3.86,3.89,64279.0
2017-12-19,3.88,3.91,3.86,3.89,71627.79
2017-12-20,3.89,3.89,3.85,3.86,47614.0
2017-12-21,3.83,3.84,3.77,3.79,87546.99
2017-12-22,3.79,3.82,3.78,3.81,39992.0
2017-12-25,3.81,3.82,3.77,3.78,57518.0
2017-12-26,3.78,3.86,3.76,3.85,76394.38
2017-12-27,3.83,3.85,3.8,3.82,57094.0
2017-12-28,3.8,3.85,3.79,3.83,55883.93
2017-12-29,3.84,3.88,3.82,3.88,55325.01
2018-01-02,3.88,3.94,3.86,3.93,71058.01
2018-01-03,3.94,3.98,3.92,3.97,67579.1
2018-01-04,3.97,4.1,3.94,4.02,164080.01
2018-01-05,4.02,4.07,3.99,4.04,107819.97
2018-01-08,4.05,4.07,4.01,4.02,79032.55
2018-01-09,4.08,4.1,4.02,4.05,105050.03
2018-01-10,4.03,4.04,3.97,4.0,103959.1
2018-01-11,4.01,4.01,3.94,3.98,67527.17
2018-01-12,3.99,4.0,3.96,3.98,51092.71
2018-01-15,3.97,3.98,3.88,3.9,67553.69
2018-01-16,3.92,3.94,3.91,3.94,42027.82
2018-01-17,3.94,4.04,3.92,4.01,93468.31
2018-01-18,3.99,4.1,3.99,4.07,134200.76
2018-01-19,4.07,4.07,4.02,4.04,83467.37
2018-01-22,4.0,4.1,4.0,4.05,77688.6
2018-01-23,4.08,4.18,4.05,4.17,198980.55
2018-01-24,4.18,4.29,4.16,4.18,197230.94
2018-01-25,4.17,4.24,4.13,4.2,122671.13
2018-01-26,4.19,4.24,4.18,4.2,73277.0
2018-01-29,4.22,4.22,4.12,4.13,115510.0
2018-01-30,4.11,4.17,4.1,4.13,69637.13
2018-01-31,4.12,4.12,4.02,4.04,77923.58
2018-02-01,4.06,4.06,3.89,3.9,96013.0
2018-02-02,3.89,3.9,3.82,3.87,69946.72
2018-02-05,3.87,3.91,3.83,3.9,57130.96
2018-02-06,3.86,3.87,3.71,3.72,102766.51
2018-02-07,3.78,3.8,3.71,3.74,69243.0
2018-02-08,3.75,3.79,3.72,3.77,55474.29
2018-02-09,3.71,3.71,3.48,3.54,148109.57
2018-02-12,3.56,3.6,3.51,3.55,83466.94
2018-02-13,3.57,3.6,3.53,3.55,67008.0
2018-02-14,3.56,3.57,3.54,3.56,37063.0
2018-02-22,3.58,3.61,3.56,3.61,48364.21
2018-02-23,3.59,3.64,3.59,3.62,39044.0
2018-02-26,3.64,3.69,3.62,3.69,64998.52
2018-02-27,3.69,3.7,3.65,3.66,49873.66
2018-02-28,3.65,3.69,3.62,3.67,61094.0
2018-03-01,3.65,3.69,3.63,3.69,46264.43
2018-03-02,3.66,3.73,3.66,3.71,46414.0
2018-03-05,3.72,3.73,3.68,3.7,33436.15
2018-03-06,3.7,3.74,3.69,3.74,42957.18
2018-03-07,3.74,3.75,3.71,3.71,38668.0
2018-03-08,3.71,3.74,3.69,3.72,29179.73
2018-03-09,3.72,3.76,3.71,3.75,50964.41
2018-03-12,3.76,3.81,3.75,3.8,60754.3
2018-03-13,3.8,3.8,3.75,3.77,45065.0
2018-03-14,3.76,3.76,3.72,3.72,34669.1
2018-03-15,3.72,3.75,3.7,3.72,40787.1
2018-03-16,3.71,3.73,3.69,3.7,43679.01
2018-03-19,3.71,3.71,3.64,3.65,63324.0
2018-03-20,3.62,3.63,3.58,3.61,72893.5
2018-03-21,3.61,3.66,3.61,3.63,60204.41
2018-03-22,3.63,3.77,3.59,3.7,94631.35
2018-03-23,3.63,3.63,3.48,3.53,138959.07
2018-03-26,3.49,3.52,3.42,3.52,70885.94
2018-03-27,3.54,3.59,3.54,3.57,58771.34
2018-03-28,3.54,3.57,3.52,3.56,44190.99
2018-03-29,3.57,3.59,3.54,3.58,40617.22
2018-03-30,3.58,3.68,3.58,3.68,99492.87
2018-04-02,3.66,3.67,3.63,3.63,49973.29
2018-04-03,3.6,3.6,3.55,3.58,46427.22
2018-04-04,3.59,3.6,3.56,3.57,31677.73
2018-04-09,3.54,3.55,3.49,3.53,62443.18
2018-04-10,3.52,3.57,3.51,3.56,45137.22
2018-04-11,3.56,3.59,3.55,3.57,54083.0
2018-04-12,3.57,3.57,3.52,3.53,33519.0
2018-04-13,3.55,3.55,3.52,3.52,28343.15
2018-04-16,3.48,3.51,3.47,3.49,43267.93
2018-04-17,3.48,3.51,3.44,3.45,56151.02
2018-04-18,3.46,3.47,3.39,3.42,72967.59
2018-04-19,3.43,3.45,3.42,3.44,72268.0
2018-04-20,3.43,3.43,3.38,3.39,58300.0
2018-04-23,3.38,3.43,3.37,3.4,54114.0
2018-04-24,3.41,3.48,3.4,3.44,67847.01
2018-04-25,3.43,3.45,3.42,3.43,29151.46
2018-04-26,3.44,3.44,3.36,3.37,57203.02
2018-04-27,3.39,3.39,3.34,3.36,48180.0
2018-05-02,3.36,3.4,3.35,3.36,36748.16
2018-05-03,3.36,3.39,3.34,3.38,31293.32
2018-05-04,3.39,3.39,3.35,3.36,29899.0
2018-05-07,3.36,3.42,3.35,3.41,49672.87
2018-05-08,3.42,3.42,3.4,3.42,33390.0
2018-05-09,3.43,3.46,3.41,3.43,57916.16
2018-05-10,3.44,3.45,3.39,3.43,36544.26
2018-05-11,3.43,3.43,3.39,3.4,32015.0
2018-05-14,3.41,3.41,3.38,3.4,39725.0
2018-05-15,3.39,3.41,3.37,3.4,40385.01
2018-05-16,3.39,3.4,3.36,3.37,54242.6
2018-05-17,3.37,3.38,3.35,3.38,28973.0
2018-05-18,3.37,3.4,3.35,3.4,87139.0
2018-05-21,3.4,3.46,3.4,3.45,89066.26
2018-05-22,3.45,3.46,3.43,3.45,49365.0
2018-05-23,3.44,3.45,3.42,3.43,41593.22
2018-05-24,3.42,3.44,3.41,3.42,26539.02
2018-05-25,3.42,3.42,3.36,3.37,40610.01
2018-05-28,3.37,3.39,3.35,3.35,37836.33
2018-05-29,3.35,3.36,3.34,3.34,45654.01
2018-05-30,3.32,3.33,3.19,3.2,90952.0
2018-05-31,3.22,3.26,3.21,3.24,48293.51
2018-06-01,3.24,3.27,3.22,3.25,43107.2
2018-06-04,3.26,3.29,3.25,3.26,28642.6
2018-06-05,3.25,3.3,3.24,3.29,33734.01
2018-06-06,3.29,3.46,3.27,3.37,81249.3
2018-06-07,3.36,3.42,3.36,3.39,51963.0
2018-06-08,3.38,3.44,3.33,3.42,83624.03
2018-06-11,3.42,3.44,3.33,3.36,42245.21
2018-06-12,3.36,3.42,3.36,3.37,44729.01
2018-06-13,3.38,3.39,3.34,3.35,32158.5
2018-06-14,3.37,3.38,3.29,3.3,46314.01
2018-06-15,3.32,3.33,3.19,3.29,58169.06
2018-06-19,3.22,3.25,2.96,3.02,82846.09
2018-06-20,3.01,3.08,3.01,3.06,39552.9
2018-06-21,3.07,3.08,2.98,3.01,46569.7
2018-06-22,2.99,3.04,2.94,3.04,35115.7
2018-06-25,3.03,3.06,2.94,2.98,42305.0
2018-06-26,2.95,3.01,2.92,2.98,42064.0
2018-06-27,2.98,3.03,2.94,2.96,39107.19
2018-06-28,2.96,2.99,2.92,2.93,36193.0
2018-06-29,2.95,2.99,2.93,2.98,55341.02
2018-07-02,2.97,2.98,2.88,2.89,52604.02
2018-07-03,2.9,2.95,2.88,2.94,52575.01
2018-07-04,2.92,2.96,2.91,2.93,37319.0
2018-07-05,2.92,2.95,2.89,2.89,38707.0
2018-07-06,2.89,2.94,2.83,2.9,55879.0
2018-07-09,2.92,2.96,2.9,2.96,22533.44
2018-07-10,2.96,2.98,2.93,2.96,29346.5
2018-07-11,2.94,2.97,2.9,2.93,54009.01
2018-07-12,2.93,3.0,2.93,2.99,43835.54
2018-07-13,3.0,3.01,2.98,3.0,30197.0
2018-07-16,3.0,3.02,2.98,3.01,23503.0
2018-07-17,3.01,3.02,2.94,2.97,47202.5
2018-07-18,2.98,3.07,2.97,3.04,72510.29
2018-07-19,3.02,3.04,2.99,3.01,36067.0
2018-07-20,3.0,3.12,2.99,3.08,57596.45
2018-07-23,3.09,3.2,3.06,3.17,138751.0
2018-07-24,3.15,3.24,3.15,3.19,153512.34
2018-07-25,3.17,3.18,3.12,3.13,79683.34
2018-07-26,3.12,3.18,3.1,3.17,68685.65
2018-07-27,3.16,3.17,3.12,3.13,35410.0
2018-07-30,3.13,3.19,3.11,3.12,50903.0
2018-07-31,3.12,3.16,3.1,3.16,42103.01
2018-08-01,3.16,3.19,3.06,3.08,74930.65
2018-08-02,3.1,3.1,2.9,2.95,86886.72
2018-08-03,2.94,2.98,2.92,2.94,31552.01
2018-08-06,2.95,2.99,2.92,2.95,35629.0
2018-08-07,2.95,3.07,2.93,3.06,63941.13
2018-08-08,3.05,3.06,3.01,3.03,48362.9
2018-08-09,3.02,3.11,3.01,3.08,53392.01
2018-08-10,3.1,3.11,3.07,3.09,38039.73
2018-08-13,3.08,3.12,3.05,3.11,56261.0
2018-08-14,3.08,3.12,3.08,3.1,36789.07
2018-08-15,3.1,3.13,3.04,3.05,39745.0
2018-08-16,3.04,3.11,3.02,3.05,45118.6
2018-08-17,3.06,3.09,2.97,2.98,41820.0
2018-08-20,2.99,3.01,2.93,2.98,42015.7
2018-08-21,2.98,3.05,2.97,3.03,37428.03
2018-08-22,3.02,3.07,3.01,3.06,42926.01
2018-08-23,3.06,3.1,3.03,3.06,47458.0
2018-08-24,3.07,3.1,3.04,3.08,41980.0
2018-08-27,3.09,3.11,3.06,3.1,68588.02
2018-08-28,3.09,3.14,3.09,3.1,41114.55
2018-08-29,3.11,3.12,3.06,3.1,48059.02
2018-08-30,3.06,3.07,2.97,2.97,78606.83
2018-08-31,2.98,2.99,2.95,2.96,47915.92
2018-09-03,2.96,2.97,2.9,2.94,48503.77
2018-09-04,2.93,2.99,2.93,2.97,31658.02
2018-09-05,2.96,2.98,2.94,2.96,36600.01
2018-09-06,2.94,2.96,2.91,2.93,24988.0
2018-09-07,2.94,2.98,2.93,2.95,28068.0
2018-09-10,3.17,3.21,3.02,3.04,147352.02
2018-09-11,3.06,3.12,2.96,3.03,200068.38
2018-09-12,3.04,3.09,2.96,2.98,140618.62
2018-09-13,3.0,3.03,2.97,3.02,122848.86
2018-09-14,3.02,3.07,3.01,3.05,80225.0
2018-09-17,3.04,3.07,3.01,3.04,64639.55
2018-09-18,3.01,3.13,3.01,3.12,115857.16
2018-09-19,3.12,3.15,3.07,3.09,167992.4
2018-09-20,3.1,3.11,3.07,3.09,52116.0
2018-09-21,3.1,3.13,3.03,3.12,119948.0
2018-09-25,3.1,3.11,3.07,3.09,49569.0
2018-09-26,3.11,3.33,3.08,3.22,336361.11
2018-09-27,3.22,3.25,3.17,3.21,141075.14
2018-09-28,3.23,3.25,3.19,3.22,137911.71
2018-10-08,3.14,3.18,3.07,3.1,103616.6
2018-10-09,3.1,3.12,3.07,3.09,67549.02
2018-10-10,3.08,3.13,3.08,3.13,66015.39
2018-10-11,3.06,3.06,2.78,2.81,163345.49
2018-10-12,2.81,2.83,2.71,2.79,85926.38
2018-10-15,2.8,2.83,2.7,2.71,86416.8
2018-10-16,2.71,2.75,2.67,2.68,48980.71
2018-10-17,2.7,2.73,2.65,2.72,46114.88
2018-10-18,2.71,2.73,2.67,2.69,46615.0
2018-10-19,2.67,2.77,2.66,2.76,46114.66
2018-10-22,2.79,2.95,2.79,2.9,93934.11
2018-10-23,2.92,2.92,2.83,2.85,46255.61
2018-10-24,2.85,2.91,2.83,2.88,32772.41
2018-10-25,2.85,2.89,2.81,2.88,49408.0
2018-10-26,2.87,2.93,2.87,2.91,53662.0
2018-10-29,2.92,2.96,2.84,2.86,53173.81
2018-10-30,2.85,2.91,2.84,2.9,47720.86
2018-10-31,2.89,3.0,2.88,2.98,66510.0
2018-11-01,2.98,3.03,2.98,3.0,86732.79
2018-11-02,3.05,3.15,3.04,3.11,113697.29
2018-11-05,3.09,3.2,3.07,3.1,92773.9
2018-11-06,3.09,3.15,3.08,3.11,53919.0
2018-11-07,3.11,3.17,3.08,3.09,66397.91
2018-11-08,3.15,3.15,3.06,3.06,53732.0
2018-11-09,3.06,3.1,3.03,3.05,44079.66
2018-11-12,3.04,3.12,3.01,3.11,67265.27
2018-11-13,3.08,3.2,3.06,3.15,89939.46
2018-11-14,3.14,3.19,3.12,3.14,77372.58
2018-11-15,3.14,3.24,3.11,3.23,110327.09
2018-11-16,3.23,3.25,3.17,3.18,88785.61
2018-11-19,3.17,3.21,3.13,3.19,78532.56
2018-11-20,3.16,3.17,3.07,3.09,94831.14
2018-11-21,3.06,3.1,3.05,3.07,53888.0
2018-11-22,3.07,3.1,3.03,3.06,49218.0
2018-11-23,3.04,3.06,2.92,2.94,76511.0
2018-11-26,2.95,2.98,2.92,2.92,40831.1
2018-11-27,2.94,3.01,2.94,2.98,67775.0
2018-11-28,2.98,3.08,2.93,3.02,69464.87
2018-11-29,3.05,3.11,3.03,3.04,90692.73
2018-11-30,3.04,3.1,3.02,3.04,63785.0
2018-12-03,3.11,3.15,3.08,3.1,104403.23
2018-12-04,3.09,3.14,3.08,3.12,70654.35
2018-12-05,3.08,3.12,3.07,3.09,47696.35
2018-12-06,3.09,3.17,3.05,3.12,120731.16
2018-12-07,3.1,3.15,3.08,3.13,77067.1
2018-12-10,3.11,3.15,3.06,3.11,68911.34
2018-12-11,3.12,3.14,3.09,3.12,38035.01
2018-12-12,3.11,3.13,3.09,3.11,48664.0
2018-12-13,3.11,3.2,3.1,3.15,94641.2
2018-12-14,3.18,3.2,3.07,3.09,93445.0
2018-12-17,3.07,3.13,3.03,3.11,82355.18
2018-12-18,3.12,3.15,3.1,3.11,89038.0
2018-12-19,3.1,3.12,3.04,3.07,75878.01
2018-12-20,3.06,3.08,2.97,3.0,67543.91
2018-12-21,2.98,3.02,2.91,2.96,76775.6
2018-12-24,2.94,2.99,2.92,2.95,53267.17
2018-12-25,2.95,2.95,2.86,2.92,72146.84
2018-12-26,2.96,3.08,2.96,3.01,105854.01
2018-12-27,3.03,3.06,2.95,2.96,67924.01
2018-12-28,2.96,2.96,2.91,2.92,64645.14
2019-01-02,2.93,2.97,2.89,2.93,57590.11
2019-01-03,2.92,3.02,2.91,2.99,75344.91
2019-01-04,2.99,3.19,2.97,3.15,229330.22
2019-01-07,3.2,3.41,3.16,3.34,349020.93
2019-01-08,3.34,3.4,3.27,3.35,263167.62
2019-01-09,3.39,3.43,3.31,3.32,229826.07
2019-01-10,3.4,3.56,3.36,3.4,345570.59
2019-01-11,3.43,3.53,3.38,3.42,155162.39
2019-01-14,3.45,3.48,3.38,3.4,116907.47
2019-01-15,3.44,3.46,3.35,3.42,140884.84
2019-01-16,3.45,3.54,3.37,3.38,140023.04
2019-01-17,3.39,3.44,3.35,3.35,106318.47
2019-01-18,3.37,3.38,3.3,3.34,99447.79
2019-01-21,3.35,3.38,3.33,3.33,75193.55
2019-01-22,3.36,3.36,3.3,3.3,74361.63
2019-01-23,3.28,3.33,3.26,3.3,71716.9
2019-01-24,3.3,3.35,3.27,3.31,87956.0
2019-01-25,3.31,3.32,3.26,3.28,75667.38
2019-01-28,3.31,3.38,3.27,3.28,87741.46
2019-01-29,3.27,3.28,3.14,3.23,186454.38
2019-01-30,3.19,3.28,3.19,3.27,80086.66
2019-01-31,3.29,3.29,3.2,3.2,69769.92
2019-02-01,3.22,3.36,3.22,3.36,119846.66
2019-02-11,3.39,3.43,3.36,3.4,123088.1
2019-02-12,3.44,3.45,3.38,3.4,98509.56
2019-02-13,3.39,3.48,3.38,3.46,175969.79
2019-02-14,3.46,3.49,3.42,3.46,136598.79
2019-02-15,3.45,3.46,3.39,3.39,90124.0
2019-02-18,3.41,3.5,3.41,3.49,138602.84
2019-02-19,3.51,3.52,3.41,3.44,124983.0
2019-02-20,3.43,3.47,3.41,3.43,79247.35
2019-02-21,3.43,3.47,3.38,3.4,128842.0
2019-02-22,3.42,3.46,3.37,3.46,118724.34
2019-02-25,3.49,3.85,3.46,3.74,390484.57
2019-02-26,3.76,3.92,3.7,3.74,343817.9
2019-02-27,3.76,3.88,3.74,3.78,284896.99
2019-02-28,3.79,3.82,3.67,3.7,164720.05
2019-03-01,3.73,3.76,3.64,3.75,175715.3
2019-03-04,3.78,3.91,3.76,3.8,340933.32
2019-03-05,3.78,3.89,3.77,3.87,228881.29
2019-03-06,3.88,3.91,3.82,3.91,282589.53
2019-03-07,3.91,4.0,3.87,3.91,338400.46
2019-03-08,3.85,3.85,3.62,3.62,310994.72
2019-03-11,3.59,4.03,3.59,4.03,609062.84
2019-03-12,4.46,4.48,4.22,4.31,1376928.81
2019-03-13,4.16,4.41,4.06,4.08,803885.6
2019-03-14,4.01,4.06,3.8,3.81,488886.18
2019-03-15,3.86,3.95,3.83,3.87,327272.09
2019-03-18,3.86,3.98,3.79,3.96,281397.07
2019-03-19,4.03,4.12,3.94,3.99,294101.44
2019-03-20,3.96,3.97,3.84,3.95,243493.18
2019-03-21,4.0,4.0,3.93,3.97,298758.26
2019-03-22,3.95,3.97,3.86,3.94,294604.13
2019-03-25,3.86,3.9,3.8,3.86,195349.32
2019-03-26,3.86,3.88,3.7,3.71,227533.92
2019-03-27,3.76,3.78,3.69,3.72,133077.91
2019-03-28,3.73,3.74,3.64,3.65,148455.8
2019-03-29,3.65,3.8,3.64,3.78,205682.31
2019-04-01,3.81,3.96,3.79,3.92,321474.97
2019-04-02,3.92,4.03,3.91,3.95,354040.29
2019-04-03,3.95,4.12,3.91,4.11,365133.15
2019-04-04,4.1,4.1,4.02,4.06,275112.68
2019-04-08,4.1,4.11,3.94,4.01,211114.03
2019-04-09,3.97,4.04,3.95,4.01,190860.34
2019-04-10,3.98,4.01,3.92,3.99,194873.62
2019-04-11,3.97,4.05,3.9,3.92,284860.82
2019-04-12,3.92,3.95,3.87,3.91,158484.52
2019-04-15,3.96,4.0,3.92,3.92,210425.59
2019-04-16,3.94,3.97,3.81,3.97,173237.07
2019-04-17,3.97,4.02,3.93,4.0,197389.89
2019-04-18,3.99,3.99,3.94,3.95,113763.32
2019-04-19,3.97,4.13,3.97,4.11,377051.08
2019-04-22,4.17,4.2,4.0,4.05,254270.27
2019-04-23,4.01,4.07,3.91,3.91,205044.7
2019-04-24,3.91,3.96,3.87,3.94,162132.56
2019-04-25,3.92,3.96,3.71,3.72,174659.45
2019-04-26,3.71,3.78,3.7,3.72,117928.01
2019-04-29,3.7,3.71,3.51,3.54,208695.69
2019-04-30,3.54,3.62,3.53,3.57,107097.08
2019-05-06,3.46,3.46,3.24,3.31,226438.98
2019-05-07,3.35,3.36,3.24,3.35,124471.51
2019-05-08,3.25,3.34,3.24,3.3,107413.0
2019-05-09,3.29,3.35,3.27,3.3,78340.94
2019-05-10,3.29,3.4,3.28,3.38,132454.87
2019-05-13,3.34,3.37,3.3,3.32,107292.07
2019-05-14,3.26,3.34,3.26,3.31,62052.2
2019-05-15,3.31,3.38,3.31,3.36,78129.6
2019-05-16,3.35,3.38,3.34,3.37,77381.79
2019-05-17,3.35,3.39,3.2,3.23,96784.49
2019-05-20,3.26,3.32,3.21,3.29,62189.59
2019-05-21,3.32,3.36,3.29,3.34,56299.51
2019-05-22,3.34,3.35,3.28,3.32,63153.0
2019-05-23,3.33,3.33,3.26,3.3,58465.0
2019-05-24,3.31,3.33,3.27,3.29,39841.51
2019-05-27,3.27,3.36,3.27,3.34,62319.5
2019-05-28,3.33,3.39,3.32,3.34,71871.44
2019-05-29,3.32,3.35,3.31,3.31,56006.0
2019-05-30,3.29,3.31,3.24,3.29,61736.27
2019-05-31,3.27,3.33,3.27,3.27,49938.68
2019-06-03,3.28,3.33,3.25,3.26,48463.51
2019-06-04,3.24,3.28,3.2,3.23,64230.0
2019-06-05,3.26,3.27,3.21,3.21,44401.0
2019-06-06,3.2,3.22,3.13,3.13,66072.71
2019-06-10,3.13,3.25,3.11,3.23,79600.59
2019-06-11,3.22,3.32,3.22,3.31,83599.0
2019-06-12,3.32,3.35,3.25,3.26,92138.13
2019-06-13,3.26,3.28,3.22,3.24,65775.0
2019-06-14,3.24,3.28,3.18,3.19,66260.9
2019-06-17,3.19,3.24,3.19,3.23,62790.69
2019-06-18,3.19,3.25,3.19,3.22,58000.77
2019-06-19,3.28,3.31,3.23,3.23,74961.59
2019-06-20,3.24,3.33,3.22,3.3,93669.06
2019-06-21,3.3,3.38,3.3,3.33,98949.0
2019-06-24,3.33,3.35,3.29,3.31,71788.63
2019-06-25,3.31,3.31,3.23,3.27,70397.66
2019-06-26,3.27,3.3,3.26,3.3,45552.65
2019-06-27,3.3,3.33,3.28,3.29,65892.17
2019-06-28,3.28,3.29,3.25,3.26,48716.25
2019-07-01,3.33,3.35,3.28,3.34,76032.57
2019-07-02,3.34,3.35,3.31,3.31,63381.74
2019-07-03,3.31,3.32,3.28,3.3,48171.81
2019-07-04,3.28,3.33,3.28,3.31,52643.74
2019-07-05,3.31,3.33,3.28,3.31,35317.0
2019-07-08,3.3,3.31,3.2,3.2,77783.26
2019-07-09,3.2,3.22,3.18,3.21,37819.64
2019-07-10,3.2,3.22,3.19,3.19,29450.9
2019-07-11,3.21,3.26,3.17,3.19,40676.57
2019-07-12,3.19,3.23,3.18,3.2,33360.98
2019-07-15,3.19,3.28,3.14,3.27,75740.59
2019-07-16,3.25,3.28,3.24,3.25,25165.0
2019-07-17,3.26,3.38,3.26,3.33,112851.64
2019-07-18,3.33,3.33,3.27,3.27,58274.0
2019-07-19,3.28,3.33,3.27,3.28,41329.77
2019-07-22,3.27,3.3,3.22,3.23,51323.52
2019-07-23,3.24,3.25,3.2,3.22,40097.0
2019-07-24,3.23,3.27,3.23,3.25,37635.77
2019-07-25,3.25,3.25,3.21,3.22,37701.78
2019-07-26,3.22,3.24,3.2,3.23,33988.0
2019-07-29,3.23,3.24,3.2,3.22,36269.14
2019-07-30,3.22,3.27,3.22,3.25,40288.67
2019-07-31,3.24,3.26,3.22,3.25,41242.56
2019-08-01,3.22,3.25,3.21,3.22,29309.0
2019-08-02,3.18,3.2,3.15,3.18,66774.59
2019-08-05,3.17,3.18,3.12,3.14,55888.51
2019-08-06,3.1,3.12,2.97,3.04,89074.14
2019-08-07,3.05,3.06,3.0,3.01,37708.16
2019-08-08,3.02,3.04,3.01,3.02,31485.0
2019-08-09,3.02,3.05,2.99,3.0,26936.42
2019-08-12,3.0,3.03,2.99,3.03,32757.08
2019-08-13,3.01,3.02,2.98,3.0,20798.0
2019-08-14,3.03,3.05,3.0,3.02,32832.08
2019-08-15,2.97,3.02,2.96,3.0,45423.0
2019-08-16,2.99,3.04,2.99,3.01,38757.0
2019-08-19,3.04,3.09,3.01,3.08,64725.29
2019-08-20,3.09,3.15,3.07,3.1,60883.02
2019-08-21,3.12,3.12,3.08,3.09,25276.0
2019-08-22,3.09,3.11,3.05,3.1,41191.05
2019-08-23,3.1,3.11,3.06,3.07,27520.99
2019-08-26,3.03,3.05,3.01,3.02,35901.88
2019-08-27,3.05,3.15,3.03,3.1,75061.97
2019-08-28,3.07,3.18,3.07,3.16,80170.87
2019-08-29,3.17,3.17,3.11,3.14,48670.89
2019-08-30,3.14,3.17,3.08,3.11,56858.0
2019-09-02,3.09,3.25,3.09,3.24,108750.02
2019-09-03,3.23,3.28,3.16,3.21,80088.0
2019-09-04,3.18,3.27,3.18,3.26,72524.31
2019-09-05,3.27,3.34,3.25,3.26,102985.46
2019-09-06,3.26,3.31,3.23,3.26,58882.01
2019-09-09,3.3,3.31,3.24,3.29,72834.3
2019-09-10,3.29,3.32,3.24,3.26,107636.86
2019-09-11,3.26,3.29,3.23,3.25,58871.89
2019-09-12,3.25,3.27,3.23,3.27,60283.93
2019-09-16,3.26,3.27,3.21,3.22,96324.89
2019-09-17,3.22,3.23,3.12,3.14,95408.0
2019-09-18,3.13,3.17,3.11,3.13,68306.29
2019-09-19,3.13,3.14,3.07,3.12,60247.09
2019-09-20,3.13,3.17,3.12,3.15,80089.03
2019-09-23,3.15,3.21,3.08,3.2,115636.84
2019-09-24,3.19,3.23,3.11,3.12,105738.0
2019-09-25,3.11,3.12,3.07,3.07,61616.0
2019-09-26,3.07,3.11,3.05,3.07,69141.15
2019-09-27,3.05,3.1,3.04,3.05,57058.11
2019-09-30,3.05,3.06,3.01,3.01,49186.01
2019-10-08,3.03,3.05,3.01,3.02,56805.78
2019-10-09,3.02,3.06,3.0,3.05,42088.7
2019-10-10,3.08,3.08,3.04,3.07,47463.0
2019-10-11,3.06,3.12,3.05,3.11,56542.02
2019-10-14,3.13,3.23,3.12,3.17,105738.28
2019-10-15,3.21,3.24,3.16,3.2,94815.72
2019-10-16,3.2,3.26,3.2,3.21,99992.22
2019-10-17,3.22,3.24,3.17,3.19,51030.19
2019-10-18,3.21,3.22,3.1,3.12,54361.33
2019-10-21,3.12,3.14,3.08,3.12,65369.53
2019-10-22,3.1,3.13,3.07,3.11,52400.33
2019-10-23,3.1,3.13,3.07,3.09,57931.7
2019-10-24,3.07,3.1,3.06,3.1,49918.42
2019-10-25,3.09,3.12,3.05,3.11,63122.73
2019-10-28,3.09,3.14,3.09,3.14,76636.82
2019-10-29,3.13,3.13,3.07,3.07,64149.15
2019-10-30,3.07,3.1,3.04,3.1,69062.96
2019-10-31,3.08,3.11,3.02,3.04,57813.0
2019-11-01,3.02,3.09,3.02,3.08,54156.29
2019-11-04,3.07,3.11,3.04,3.06,55796.78
2019-11-05,3.07,3.1,3.03,3.07,58444.73
2019-11-06,3.07,3.08,3.04,3.05,48730.0
2019-11-07,3.04,3.08,3.04,3.06,43457.63
2019-11-08,3.06,3.09,3.03,3.05,61186.18
2019-11-11,3.04,3.05,2.99,3.0,65361.0
2019-11-12,3.0,3.01,2.97,2.99,48614.37
2019-11-13,2.98,2.99,2.95,2.97,53247.78
2019-11-14,2.96,3.01,2.94,2.98,74108.3
2019-11-15,2.97,3.02,2.96,2.96,61036.0
2019-11-18,2.96,2.99,2.95,2.98,67867.85
2019-11-19,2.96,3.01,2.96,3.01,52746.11
2019-11-20,3.01,3.03,2.98,2.98,53472.0
2019-11-21,3.0,3.02,2.96,3.02,50452.11
2019-11-22,3.03,3.07,2.99,3.07,78828.66
2019-11-25,3.06,3.1,3.03,3.1,71180.53
2019-11-26,3.09,3.11,3.06,3.06,53092.06
2019-11-27,3.1,3.12,3.02,3.09,92967.0
2019-11-28,3.07,3.11,3.07,3.1,65283.01
2019-11-29,3.1,3.14,3.09,3.14,55590.22
2019-12-02,3.13,3.14,3.11,3.14,44113.79
2019-12-03,3.14,3.14,3.1,3.13,38612.67
2019-12-04,3.12,3.17,3.11,3.15,53044.21
2019-12-05,3.17,3.19,3.16,3.17,56941.5
2019-12-06,3.17,3.19,3.14,3.18,44648.0
2019-12-09,3.17,3.21,3.16,3.21,58342.01
2019-12-10,3.19,3.21,3.16,3.19,46538.17
2019-12-11,3.18,3.2,3.13,3.16,48926.07
2019-12-12,3.16,3.2,3.14,3.19,58254.51
2019-12-13,3.18,3.24,3.18,3.21,74189.28
2019-12-16,3.22,3.23,3.16,3.2,72172.22
2019-12-17,3.19,3.24,3.18,3.22,81715.01
2019-12-18,3.23,3.23,3.2,3.22,58707.0
2019-12-19,3.2,3.23,3.19,3.22,56449.46
2019-12-20,3.23,3.25,3.2,3.23,68314.08
2019-12-23,3.21,3.22,3.12,3.13,86807.01
2019-12-24,3.12,3.17,3.12,3.14,66570.91
2019-12-25,3.15,3.16,3.11,3.13,72058.43
2019-12-26,3.15,3.17,3.13,3.16,48775.39
2019-12-27,3.16,3.23,3.15,3.21,73163.9
2019-12-30,3.19,3.25,3.18,3.24,73085.43
2019-12-31,3.22,3.25,3.21,3.23,43570.61
2020-01-02,3.26,3.3,3.24,3.26,79673.95
2020-01-03,3.26,3.28,3.23,3.25,63405.29
2020-01-06,3.22,3.33,3.22,3.28,119610.55
2020-01-07,3.27,3.34,3.27,3.32,71928.38
2020-01-08,3.3,3.33,3.23,3.25,61666.0
2020-01-09,3.27,3.3,3.25,3.27,48422.23
2020-01-10,3.28,3.29,3.2,3.22,56039.39
2020-01-13,3.23,3.32,3.19,3.32,90300.8
2020-01-14,3.33,3.34,3.28,3.3,62568.0
2020-01-15,3.3,3.31,3.23,3.23,51549.0
2020-01-16,3.25,3.26,3.21,3.23,47032.71
2020-01-17,3.22,3.26,3.19,3.2,55359.57
2020-01-20,3.2,3.25,3.2,3.24,64466.2
2020-01-21,3.24,3.26,3.15,3.18,83532.22
2020-01-22,3.18,3.23,3.13,3.23,58042.4
2020-01-23,3.21,3.22,3.08,3.11,98434.6
2020-02-03,2.79,2.79,2.76,2.76,65597.12
2020-02-04,2.68,2.75,2.62,2.72,173989.14
2020-02-05,2.74,2.79,2.72,2.76,106697.83
2020-02-06,2.77,2.82,2.74,2.8,110558.0
2020-02-07,2.8,2.8,2.74,2.77,100067.93
2020-02-10,2.78,2.84,2.76,2.81,142647.01
2020-02-11,2.82,2.86,2.8,2.83,97659.84
2020-02-12,2.84,2.87,2.83,2.86,71281.64
2020-02-13,2.86,2.87,2.81,2.83,76572.8
2020-02-14,2.83,2.85,2.79,2.82,78063.39
2020-02-17,2.82,2.9,2.82,2.89,113725.86
2020-02-18,2.89,2.92,2.88,2.91,108152.0
2020-02-19,2.91,2.94,2.88,2.92,90185.57
2020-02-20,2.92,2.97,2.89,2.96,85764.39
2020-02-21,2.96,2.98,2.92,2.96,119617.3
2020-02-24,2.94,2.96,2.89,2.94,131999.24
2020-02-25,2.88,2.92,2.85,2.9,149539.44
2020-02-26,2.88,3.01,2.85,2.98,214989.94
2020-02-27,2.97,3.07,2.95,3.04,205306.33
2020-02-28,2.96,3.04,2.89,2.9,186468.98
2020-03-02,2.9,3.18,2.9,3.08,277166.83
2020-03-03,3.14,3.17,3.02,3.05,224415.35
2020-03-04,3.02,3.05,2.99,3.05,143187.73
2020-03-05,3.14,3.4,3.14,3.4,460318.34
2020-03-06,3.58,3.78,3.48,3.78,901064.04
2020-03-09,3.87,4.17,3.67,4.01,1637846.05
2020-03-10,3.75,4.03,3.57,3.91,1238271.43
2020-03-11,3.83,4.07,3.71,3.79,849273.09
2020-03-12,3.64,3.77,3.57,3.59,564015.31
2020-03-13,3.41,3.99,3.4,3.99,992842.52
2020-03-16,4.19,4.42,4.06,4.13,1888586.04
2020-03-17,4.12,4.58,4.12,4.58,1338318.93
2020-03-18,4.79,5.08,4.55,5.0,2990524.84
2020-03-19,4.77,5.03,4.46,4.72,2035487.09
2020-03-20,4.7,4.71,4.31,4.35,1389870.17
2020-03-23,4.13,4.65,4.01,4.36,1241851.02
2020-03-24,4.45,4.51,4.0,4.24,1102917.13
2020-03-25,4.35,4.36,4.13,4.26,870539.82
2020-03-26,4.13,4.18,3.98,4.04,865637.39
2020-03-27,4.09,4.49,4.04,4.29,1416443.7
2020-03-30,4.17,4.76,4.11,4.76,1816641.6
2020-03-31,4.88,4.98,4.55,4.69,1959089.24
2020-04-01,4.58,4.76,4.35,4.39,1461669.69
2020-04-02,4.32,4.87,4.27,4.87,1787548.86
2020-04-03,4.78,4.83,4.6,4.67,1450065.95
2020-04-07,4.82,5.18,4.69,5.12,2387487.66
2020-04-08,4.98,5.08,4.86,5.02,1639676.41
2020-04-09,5.09,5.56,4.98,5.56,1742375.63
2020-04-10,5.54,6.04,5.34,5.37,2618901.35
2020-04-13,5.2,5.64,5.03,5.55,1654873.49
2020-04-14,5.44,6.01,5.4,5.79,1889635.73
2020-04-15,5.8,6.41,5.69,6.29,2849281.92
2020-04-16,6.11,6.96,6.09,6.96,1699270.14
2020-04-17,7.48,7.7,6.79,7.11,3717581.34
2020-04-20,7.04,7.25,6.76,6.92,2772130.6
2020-04-21,6.87,7.57,6.25,6.89,4203329.32
2020-04-22,6.39,6.86,6.39,6.55,2894607.22
2020-04-23,6.42,6.52,6.15,6.22,2407139.33
2020-04-24,6.11,6.49,6.07,6.22,1917225.38
2020-04-27,6.16,6.51,6.11,6.13,1642512.6
2020-04-28,5.99,6.03,5.49,5.59,2140341.42
2020-04-29,5.39,5.68,5.24,5.28,1687733.36
2020-04-30,5.31,5.67,5.24,5.51,1717212.88
2020-05-06,5.37,5.88,5.32,5.69,1533876.46
2020-05-07,5.69,5.75,5.54,5.63,1248999.33
2020-05-08,5.67,5.94,5.6,5.76,1893766.6
2020-05-11,5.73,5.88,5.64,5.74,1466603.67
2020-05-12,5.74,5.78,5.62,5.75,824239.7
2020-05-13,5.71,6.03,5.65,5.83,1480959.65
2020-05-14,5.74,5.91,5.68,5.74,1306747.6
2020-05-15,5.72,5.84,5.65,5.67,1071967.02
2020-05-18,5.85,5.94,5.67,5.8,1607849.05
2020-05-19,5.83,5.84,5.7,5.75,977241.92
2020-05-20,5.71,5.73,5.42,5.47,1656842.6
2020-05-21,5.47,5.49,5.2,5.22,978101.09
2020-05-22,5.19,5.27,5.03,5.04,850368.76
2020-05-25,5.02,5.02,4.84,4.95,645211.49
2020-05-26,4.99,5.05,4.93,5.03,740353.9
2020-05-27,4.98,5.01,4.74,4.78,923835.58
2020-05-28,4.81,4.86,4.65,4.76,713594.11
2020-05-29,4.76,4.84,4.63,4.65,721009.64
2020-06-01,4.66,4.9,4.65,4.84,914983.71
2020-06-02,4.84,4.93,4.79,4.87,718691.73
2020-06-03,4.91,4.95,4.8,4.8,815481.66
2020-06-04,4.8,4.82,4.68,4.69,629002.93
2020-06-05,4.67,4.71,4.63,4.71,433647.23
2020-06-08,4.71,4.75,4.63,4.63,419033.0
2020-06-09,4.64,4.81,4.6,4.75,875314.4
2020-06-10,4.71,4.73,4.61,4.61,565412.5
2020-06-11,4.61,4.67,4.54,4.55,593267.7
2020-06-12,4.47,4.54,4.41,4.52,654243.13
2020-06-15,4.47,4.56,4.42,4.42,617927.65
2020-06-16,4.47,4.73,4.46,4.57,1073273.37
2020-06-17,4.5,4.64,4.5,4.6,577230.49
2020-06-18,4.6,4.76,4.55,4.75,1112314.11
2020-06-19,4.72,4.74,4.65,4.67,626956.84
2020-06-22,4.67,4.69,4.61,4.62,546859.99
2020-06-23,4.62,4.74,4.59,4.67,599886.46
2020-06-24,4.64,4.68,4.54,4.55,536743.17
2020-06-29,4.52,4.52,4.41,4.45,455588.42
2020-06-30,4.45,4.5,4.44,4.48,333441.15
2020-07-01,4.46,4.72,4.45,4.63,967202.52
2020-07-02,4.64,5.12,4.59,5.07,1922389.34
2020-07-03,4.99,5.28,4.97,5.09,1518911.98
2020-07-06,5.12,5.47,5.11,5.32,1460547.01
2020-07-07,5.33,5.49,5.15,5.26,1546073.82
2020-07-08,5.19,5.71,5.16,5.7,1892362.84
2020-07-09,5.72,5.81,5.55,5.73,1425010.16
2020-07-10,5.69,5.72,5.44,5.45,1104490.87
2020-07-13,5.36,5.71,5.36,5.68,1244890.04
2020-07-14,5.69,6.18,5.62,5.86,1551038.4
2020-07-15,5.87,6.0,5.52,5.54,1044397.92
2020-07-16,5.6,5.69,5.16,5.19,890492.82
2020-07-17,5.16,5.34,5.15,5.28,604937.5
2020-07-20,5.33,5.49,5.23,5.46,711444.44
2020-07-21,5.44,5.83,5.4,5.61,1203496.83
2020-07-22,5.57,5.73,5.5,5.62,965327.7
2020-07-23,5.52,5.6,5.3,5.48,880346.9
2020-07-24,5.46,5.52,5.0,5.11,876557.37
2020-07-27,5.14,5.18,4.84,4.89,601171.07
2020-07-28,4.92,4.99,4.84,4.96,391200.51
2020-07-29,4.94,5.07,4.87,5.07,441095.08
2020-07-30,5.07,5.2,5.02,5.04,503472.64
2020-07-31,5.01,5.14,4.95,5.01,446213.48
2020-08-03,5.07,5.2,5.02,5.18,557359.22
2020-08-04,5.23,5.23,5.03,5.06,458221.37
2020-08-05,5.03,5.09,4.88,5.03,440533.74
2020-08-06,5.03,5.06,4.86,4.94,527523.2
2020-08-07,4.93,5.01,4.85,4.93,445366.58
2020-08-10,4.91,5.18,4.87,5.11,634990.95
2020-08-11,5.12,5.12,4.91,4.91,464901.46
2020-08-12,4.92,4.93,4.69,4.79,458972.79
2020-08-13,4.81,4.87,4.78,4.8,243262.26
2020-08-14,4.8,4.83,4.72,4.82,222050.47
2020-08-17,4.84,4.91,4.8,4.89,325128.85
2020-08-18,4.89,4.98,4.87,4.92,318266.43
2020-08-19,4.92,5.02,4.82,4.88,454343.55
2020-08-20,4.83,4.87,4.77,4.78,260590.72
2020-08-21,4.8,4.83,4.74,4.77,203417.96
2020-08-24,4.75,4.79,4.71,4.72,252369.81
2020-08-25,4.73,4.74,4.63,4.66,321239.75
2020-08-26,4.65,4.65,4.46,4.49,354940.57
2020-08-27,4.49,4.6,4.48,4.56,208566.83
2020-08-28,4.52,4.56,4.44,4.55,285098.17
2020-08-31,4.56,4.6,4.47,4.47,264674.18
2020-09-01,4.48,4.49,4.42,4.46,211144.11
2020-09-02,4.47,4.49,4.4,4.42,235283.73
2020-09-03,4.42,4.56,4.4,4.48,309799.04
2020-09-04,4.43,4.57,4.4,4.57,242002.07
2020-09-07,4.58,4.7,4.55,4.6,364261.28
2020-09-08,4.6,4.66,4.56,4.57,252114.98
2020-09-09,4.52,4.53,4.41,4.43,299812.59
2020-09-10,4.44,4.48,4.32,4.33,226735.02
2020-09-11,4.33,4.33,4.24,4.28,168465.07
2020-09-14,4.32,4.35,4.25,4.27,172742.5
2020-09-15,4.28,4.29,4.16,4.2,223194.85
2020-09-16,4.19,4.38,4.11,4.34,477744.78
2020-09-17,4.32,4.32,4.21,4.25,251401.51
2020-09-18,4.25,4.35,4.22,4.33,292215.9
2020-09-21,4.35,4.44,4.31,4.39,292696.05
2020-09-22,4.34,4.35,4.28,4.28,180739.0
2020-09-23,4.3,4.34,4.24,4.28,140896.58
2020-09-24,4.25,4.26,4.18,4.2,144309.0
2020-09-25,4.21,4.23,4.13,4.17,107731.91
2020-09-28,4.2,4.22,4.09,4.1,99898.51
2020-09-29,4.13,4.15,4.09,4.09,127555.57
2020-09-30,4.1,4.11,3.95,3.97,213759.64
2020-10-09,4.03,4.19,4.03,4.12,212011.0
2020-10-12,4.18,4.57,4.17,4.57,611983.18
2020-10-13,4.62,4.67,4.45,4.55,677604.01
2020-10-14,4.58,4.65,4.5,4.57,410412.2
2020-10-15,4.57,4.58,4.46,4.46,272332.75
2020-10-16,4.45,4.47,4.33,4.38,218706.19
2020-10-19,4.38,4.6,4.36,4.37,337625.01
2020-10-20,4.39,4.49,4.29,4.48,208210.2
2020-10-21,4.44,4.46,4.33,4.35,183862.49
2020-10-22,4.32,4.33,4.25,4.3,135399.81
2020-10-23,4.33,4.38,4.27,4.31,157299.91
2020-10-26,4.32,4.36,4.22,4.27,133325.06
2020-10-27,4.25,4.26,4.15,4.18,139902.69
2020-10-28,4.15,4.23,4.1,4.19,163784.8
2020-10-29,4.16,4.19,4.11,4.15,125262.5
2020-10-30,4.14,4.19,4.03,4.06,201523.3
2020-11-02,4.05,4.09,3.91,4.02,160668.25
2020-11-03,4.03,4.09,4.02,4.06,191725.45
2020-11-04,4.09,4.09,3.99,4.04,134346.43
2020-11-05,4.08,4.15,4.05,4.11,186492.67
2020-11-06,4.14,4.2,4.08,4.12,208470.66
2020-11-09,4.16,4.19,4.12,4.17,241369.36
2020-11-10,4.17,4.19,4.09,4.09,185621.8
2020-11-11,4.09,4.09,4.01,4.04,139268.9
2020-11-12,4.04,4.07,4.0,4.01,105888.0
2020-11-13,3.97,4.04,3.95,4.02,136113.79
2020-11-16,4.04,4.12,4.0,4.11,161459.83
2020-11-17,4.11,4.12,4.04,4.07,109131.24
2020-11-18,4.05,4.1,4.05,4.07,116113.0
2020-11-19,4.06,4.07,4.01,4.03,107620.98
2020-11-20,4.03,4.07,4.01,4.04,100274.47
2020-11-23,4.05,4.17,4.03,4.13,275634.23
2020-11-24,4.12,4.38,4.1,4.23,429788.62
2020-11-25,4.23,4.28,4.12,4.12,286276.66
2020-11-26,4.11,4.29,4.08,4.21,324357.33
2020-11-27,4.19,4.24,4.16,4.24,184547.52
2020-11-30,4.24,4.32,4.2,4.21,234299.62
2020-12-01,4.19,4.23,4.13,4.19,223633.21
2020-12-02,4.2,4.21,4.13,4.16,217138.97
2020-12-03,4.17,4.25,4.11,4.2,286516.62
2020-12-04,4.17,4.18,4.14,4.15,122833.75
2020-12-07,4.14,4.18,4.08,4.08,134348.78
2020-12-08,4.1,4.1,4.02,4.03,126048.0
2020-12-09,4.01,4.05,3.99,4.0,124315.71
2020-12-10,4.0,4.17,3.97,4.07,212406.76
2020-12-11,4.06,4.06,3.87,3.89,302086.92
2020-12-14,3.89,3.91,3.82,3.86,142028.74
2020-12-15,3.85,3.93,3.83,3.87,109080.1
2020-12-16,3.92,3.92,3.82,3.84,89366.47
2020-12-17,3.85,3.85,3.72,3.81,171182.58
2020-12-18,3.82,3.9,3.81,3.84,156908.79
2020-12-21,3.86,3.99,3.85,3.94,244333.4
2020-12-22,3.94,4.34,3.92,4.09,632582.82
2020-12-23,3.96,4.17,3.96,4.13,430753.36
2020-12-24,4.58,4.58,4.34,4.49,1342253.37
2020-12-25,4.4,4.93,4.38,4.65,1311179.98
2020-12-28,4.59,4.64,4.43,4.52,821330.98
2020-12-29,4.52,4.52,4.24,4.25,698459.48
2020-12-30,4.26,4.35,4.24,4.26,410566.04
2020-12-31,4.29,4.3,4.18,4.25,440924.4
2021-01-04,4.24,4.4,4.2,4.26,664189.51
2021-01-05,4.25,4.38,4.16,4.32,688583.29
2021-01-06,4.27,4.29,4.2,4.24,405688.44
2021-01-07,4.23,4.31,4.17,4.2,452985.44
2021-01-08,4.19,4.19,4.05,4.06,455321.67
2021-01-11,4.05,4.05,3.85,3.88,409566.13
2021-01-12,3.84,3.97,3.84,3.88,364568.0
2021-01-13,3.87,4.3,3.8,4.21,923600.49
2021-01-14,4.17,4.49,4.14,4.34,946334.38
2021-01-15,4.28,4.38,4.16,4.19,534657.11
2021-01-18,4.19,4.28,4.16,4.19,497718.78
2021-01-19,4.2,4.21,4.04,4.04,417092.19
2021-01-20,4.04,4.06,3.99,4.0,234747.71
2021-01-21,4.03,4.05,3.98,4.0,348902.84
2021-01-22,4.0,4.08,3.91,4.02,393914.12
2021-01-25,4.02,4.02,3.9,3.91,279470.24
2021-01-26,3.92,3.95,3.88,3.9,172916.91
2021-01-27,3.93,4.0,3.92,3.96,194183.88
2021-01-28,3.96,3.96,3.85,3.88,200238.81
2021-01-29,3.9,3.9,3.75,3.81,221906.36
2021-02-01,3.8,3.89,3.75,3.85,174598.78
2021-02-02,3.85,3.87,3.78,3.8,143658.54
2021-02-03,3.81,3.82,3.72,3.74,160459.73
2021-02-04,3.73,3.77,3.64,3.64,236374.3
2021-02-05,3.6,3.66,3.52,3.55,212898.3
2021-02-08,3.54,3.58,3.45,3.53,157411.18
2021-02-09,3.54,3.61,3.51,3.58,148995.0
2021-02-10,3.58,3.6,3.55,3.59,161469.3
2021-02-18,3.64,3.67,3.58,3.64,525620.36
2021-02-19,3.62,3.8,3.61,3.79,409410.95
2021-02-22,3.82,3.92,3.79,3.81,412761.22
2021-02-23,3.82,3.89,3.76,3.79,261474.84
2021-02-24,3.8,3.83,3.74,3.77,230448.11
2021-02-25,3.8,3.83,3.72,3.73,269721.12
2021-02-26,3.68,3.7,3.65,3.68,227371.82
2021-03-01,3.69,3.72,3.67,3.69,225365.44
2021-03-02,3.73,4.02,3.72,3.94,717190.13
2021-03-03,3.94,4.03,3.83,3.99,557803.81
2021-03-04,3.92,3.98,3.89,3.93,310327.18
2021-03-05,3.9,4.0,3.9,3.95,298651.0
2021-03-08,3.97,4.14,3.94,4.1,612642.34
2021-03-09,4.07,4.07,3.83,3.93,455453.5
2021-03-10,3.94,4.01,3.8,3.85,284555.67
2021-03-11,3.85,3.89,3.76,3.89,283126.58
2021-03-12,3.9,4.1,3.84,4.03,563231.77
2021-03-15,4.0,4.19,3.98,4.09,563705.55
2021-03-16,4.12,4.34,4.09,4.33,864353.25
2021-03-17,4.3,4.3,4.15,4.18,584935.92
2021-03-18,4.18,4.36,4.1,4.25,650443.7
2021-03-19,4.13,4.39,4.11,4.26,640054.36
2021-03-22,4.29,4.44,4.24,4.39,728309.82
2021-03-23,4.38,4.39,4.16,4.2,615565.61
2021-03-24,4.16,4.3,4.15,4.18,395257.1
2021-03-25,4.15,4.18,4.04,4.05,358210.47
2021-03-26,4.06,4.17,4.05,4.14,289594.95
2021-03-29,4.14,4.19,4.06,4.1,252573.06
2021-03-30,4.07,4.09,3.97,4.01,321205.22
2021-03-31,4.0,4.08,3.97,4.06,201438.0
2021-04-01,4.06,4.15,4.03,4.13,287036.22
2021-04-02,4.11,4.13,4.02,4.05,225805.1
2021-04-06,4.05,4.09,4.02,4.03,174998.55
2021-04-07,4.04,4.07,3.98,4.05,192073.0
2021-04-08,4.05,4.05,3.96,3.96,230818.97
2021-04-09,3.95,4.01,3.91,3.97,156955.81
2021-04-12,3.96,3.97,3.88,3.92,172011.0
2021-04-13,3.89,3.92,3.82,3.83,173946.07
2021-04-14,3.81,3.89,3.79,3.88,110939.68
2021-04-15,3.86,3.87,3.81,3.83,119524.74
2021-04-16,3.84,3.91,3.83,3.9,137092.65
2021-04-19,3.9,3.93,3.88,3.91,145502.95
2021-04-20,3.91,3.96,3.89,3.9,161067.68
2021-04-21,3.88,3.9,3.82,3.84,157939.0
2021-04-22,3.85,3.88,3.8,3.82,124419.0
2021-04-23,3.84,3.85,3.73,3.74,259561.06
2021-04-26,3.74,3.76,3.71,3.72,149191.0
2021-04-27,3.72,3.76,3.65,3.66,166973.73
2021-04-28,3.66,3.72,3.65,3.7,107459.96
2021-04-29,3.71,3.76,3.68,3.73,111379.14
2021-04-30,3.72,3.74,3.66,3.69,113573.58
2021-05-06,3.71,3.75,3.7,3.73,138176.89
2021-05-07,3.74,3.81,3.73,3.78,154826.24
2021-05-10,3.78,3.8,3.72,3.76,133099.01
2021-05-11,3.76,3.82,3.73,3.82,166128.98
2021-05-12,3.8,3.84,3.77,3.81,137667.0
2021-05-13,3.78,3.8,3.72,3.73,162178.89
2021-05-14,3.74,3.81,3.74,3.81,139419.81
2021-05-17,3.8,3.84,3.76,3.78,144544.08
2021-05-18,3.79,3.79,3.75,3.78,100241.85
2021-05-19,3.78,3.78,3.75,3.76,92666.89
2021-05-20,3.75,3.79,3.72,3.76,130590.17
2021-05-21,3.78,3.82,3.75,3.77,130016.2
2021-05-24,3.77,3.82,3.75,3.79,114581.63
2021-05-25,3.79,3.81,3.76,3.8,138257.21
2021-05-26,3.81,3.99,3.79,3.92,463425.22
2021-05-27,3.87,3.91,3.86,3.87,202321.69
2021-05-28,3.88,3.9,3.86,3.87,120479.5
2021-05-31,3.88,3.88,3.81,3.83,159057.55
2021-06-01,3.82,3.82,3.77,3.8,194063.77
2021-06-02,3.79,3.85,3.78,3.79,170874.0
2021-06-03,3.79,3.81,3.75,3.77,191327.79
2021-06-04,3.76,3.78,3.7,3.72,264246.8
2021-06-07,3.73,3.76,3.7,3.75,170287.68
2021-06-08,3.75,3.77,3.72,3.74,143047.11
2021-06-09,3.75,3.75,3.71,3.72,145354.84
2021-06-10,3.72,3.73,3.69,3.7,167737.38
2021-06-11,3.71,3.72,3.68,3.69,272819.4
2021-06-15,3.7,3.71,3.65,3.67,153038.27
2021-06-16,3.67,3.7,3.65,3.7,122747.89
2021-06-17,3.7,3.73,3.62,3.64,221786.52
2021-06-18,3.65,3.66,3.62,3.66,156198.04
2021-06-21,3.65,3.68,3.63,3.67,150929.92
2021-06-22,3.68,3.72,3.65,3.68,151134.55
2021-06-23,3.69,3.71,3.68,3.7,164849.14
2021-06-24,3.69,3.79,3.68,3.76,329948.37
2021-06-25,3.74,3.75,3.69,3.73,202064.23
2021-06-28,3.74,3.76,3.71,3.72,139239.43
2021-06-29,3.72,3.73,3.68,3.69,154466.19
2021-06-30,3.69,3.82,3.67,3.79,293761.24
2021-07-01,3.78,3.79,3.72,3.73,169309.0
2021-07-02,3.72,3.75,3.7,3.71,113619.0
2021-07-05,3.71,3.72,3.65,3.68,213092.3
2021-07-06,3.66,3.68,3.63,3.66,182163.0
2021-07-07,3.66,3.66,3.63,3.66,153069.0
2021-07-08,3.66,3.67,3.61,3.62,161942.0
2021-07-09,3.61,3.62,3.53,3.59,238263.67
2021-07-12,3.59,3.66,3.59,3.61,223692.78
2021-07-13,3.6,3.64,3.58,3.63,174422.88
2021-07-14,3.64,3.64,3.57,3.59,176703.0
2021-07-15,3.59,3.59,3.54,3.57,128640.6
2021-07-16,3.58,3.6,3.55,3.6,164145.55
2021-07-19,3.63,3.63,3.57,3.59,196465.48
2021-07-20,3.57,3.6,3.55,3.58,155892.92
2021-07-21,3.6,3.62,3.57,3.59,172432.89
2021-07-22,3.59,3.64,3.56,3.61,220928.75
2021-07-23,3.6,3.81,3.6,3.72,582236.34
2021-07-26,3.73,4.13,3.67,4.13,1602372.43
2021-07-27,4.23,4.28,3.98,4.0,1629172.96
2021-07-28,4.04,4.43,4.01,4.22,1827102.79
2021-07-29,4.17,4.31,4.11,4.25,1200518.64
2021-07-30,4.18,4.43,4.09,4.26,1134876.63
2021-08-02,4.25,4.34,4.13,4.25,880987.77
2021-08-03,4.26,4.71,4.24,4.71,1609281.95
2021-08-04,4.77,4.93,4.59,4.83,2020857.27
2021-08-05,4.72,4.81,4.66,4.67,1050680.82
2021-08-06,4.63,4.72,4.59,4.69,721035.39
2021-08-09,4.68,4.76,4.51,4.74,938461.75
2021-08-10,4.68,5.17,4.65,4.81,1256044.29
2021-08-11,4.97,5.11,4.81,5.01,1251006.89
2021-08-12,5.01,5.2,4.92,4.99,942353.31
2021-08-13,4.9,5.16,4.88,5.07,984438.13
2021-08-16,5.16,5.18,4.89,4.91,869982.82
2021-08-17,4.89,5.06,4.68,4.77,1001704.05
2021-08-18,4.77,4.89,4.69,4.82,723223.25
2021-08-19,4.74,4.86,4.59,4.79,740836.94
2021-08-20,4.77,4.89,4.66,4.78,663222.27
2021-08-23,4.78,4.9,4.74,4.89,777449.5
2021-08-24,4.82,4.85,4.65,4.69,1017422.82
2021-08-25,4.61,4.9,4.54,4.89,1140425.12
2021-08-26,4.85,5.12,4.83,4.93,965177.4
2021-08-27,4.88,5.0,4.85,4.93,639607.67
2021-08-30,5.05,5.46,4.94,5.4,2313005.42
2021-08-31,5.31,5.45,5.18,5.34,1594543.68
2021-09-01,5.44,5.73,5.23,5.32,1498227.73
2021-09-02,5.27,5.89,5.27,5.89,2656667.57
2021-09-03,5.97,6.12,5.62,5.68,2819110.25
2021-09-06,5.67,5.78,5.41,5.59,1551230.78
2021-09-07,5.52,5.97,5.5,5.84,1513941.9
2021-09-08,5.92,6.16,5.78,5.9,1571460.69
2021-09-09,5.84,6.02,5.75,5.86,1270254.16
2021-09-10,6.24,6.48,6.12,6.37,3148312.12
2021-09-13,6.34,6.41,6.02,6.2,2483050.06
2021-09-14,6.11,6.23,5.89,5.9,1406901.84
2021-09-15,6.05,6.47,5.97,6.31,2797576.39
2021-09-16,6.37,6.37,5.77,5.82,1809398.29
2021-09-17,5.82,6.08,5.71,5.89,1223502.85
2021-09-22,5.78,6.51,5.73,6.47,2482186.79
2021-09-23,6.52,6.7,6.29,6.35,1891838.91
2021-09-24,6.36,6.49,6.03,6.08,1301293.46
2021-09-27,6.5,6.51,5.68,5.8,1917714.14
2021-09-28,5.69,6.04,5.67,5.91,1127302.69
2021-09-29,5.8,6.06,5.7,5.76,1031179.68
2021-09-30,5.78,6.17,5.75,6.07,1479021.82
2021-10-08,6.27,6.27,5.73,5.75,1173329.54
2021-10-11,5.76,5.8,5.14,5.14,1420709.93
2021-10-12,5.07,5.21,4.73,4.87,1308938.58
2021-10-13,4.83,4.85,4.69,4.8,652186.73
2021-10-14,4.79,4.89,4.58,4.79,822457.98
2021-10-15,4.75,4.85,4.7,4.78,454358.47
2021-10-18,4.79,4.91,4.76,4.88,569669.08
2021-10-19,4.88,5.12,4.86,4.96,718358.04
2021-10-20,4.89,5.14,4.87,5.12,856687.96
2021-10-21,5.07,5.19,4.98,5.06,716211.78
2021-10-22,5.04,5.13,4.9,4.93,552772.23
2021-10-25,4.93,5.22,4.93,5.15,756328.44
2021-10-26,5.17,5.37,5.12,5.18,808526.27
2021-10-27,5.18,5.28,5.12,5.17,567330.18
2021-10-28,5.14,5.3,5.04,5.15,661395.58
2021-10-29,5.23,5.25,4.78,5.07,939358.13
2021-11-01,5.07,5.17,4.91,4.92,699228.81
2021-11-02,4.9,4.93,4.67,4.74,704341.29
2021-11-03,4.76,4.81,4.66,4.74,526336.3
2021-11-04,4.75,4.89,4.73,4.87,583082.07
2021-11-05,4.85,4.86,4.57,4.59,741793.0
2021-11-08,4.59,4.66,4.56,4.61,392887.35
2021-11-09,4.63,4.73,4.57,4.6,464641.26
2021-11-10,4.58,4.58,4.39,4.49,565256.62
2021-11-11,4.48,4.52,4.43,4.45,365238.1
2021-11-12,4.45,4.82,4.43,4.68,1008358.67
2021-11-15,4.67,4.82,4.65,4.73,694159.53
2021-11-16,4.74,4.76,4.64,4.65,427791.61
2021-11-17,4.64,4.86,4.62,4.85,726139.98
2021-11-18,4.8,5.22,4.79,5.04,1120127.07
2021-11-19,5.07,5.1,4.92,5.01,625041.38
2021-11-22,4.99,5.14,4.98,5.03,539171.66
2021-11-23,5.02,5.2,4.99,5.09,616865.85
2021-11-24,5.04,5.14,4.97,5.03,548742.02
2021-11-25,5.08,5.42,5.02,5.33,1231745.43
2021-11-26,5.29,5.32,5.13,5.21,827880.0
2021-11-29,5.07,5.54,5.05,5.46,1134888.1
2021-11-30,5.41,5.59,5.33,5.5,1096211.68
2021-12-01,5.46,5.59,5.44,5.48,741597.56
2021-12-02,5.46,5.54,5.34,5.37,705042.54
2021-12-03,5.35,5.6,5.3,5.52,773719.87
2021-12-06,5.53,5.59,5.37,5.38,576259.1
2021-12-07,5.39,5.46,5.2,5.29,635675.97
2021-12-08,5.29,5.49,5.29,5.35,549174.12
2021-12-09,5.3,5.38,5.22,5.28,528580.36
2021-12-10,5.27,5.28,5.12,5.2,503346.8
2021-12-13,5.27,5.5,5.21,5.39,1005395.78
2021-12-14,5.35,5.57,5.33,5.39,763179.24
2021-12-15,5.38,5.9,5.34,5.66,1813687.77
2021-12-16,5.67,5.71,5.53,5.6,944203.65
2021-12-17,5.59,5.93,5.54,5.7,1294370.55
2021-12-20,5.65,5.76,5.43,5.45,972010.83
2021-12-21,5.42,5.44,5.25,5.34,650771.97
2021-12-22,5.36,5.41,5.26,5.29,554460.99
2021-12-23,5.25,5.59,5.25,5.55,1047960.79
2021-12-24,5.47,5.8,5.38,5.38,1042562.2
2021-12-27,5.35,5.64,5.14,5.25,1038504.29
2021-12-28,5.22,5.31,5.15,5.23,503136.71
2021-12-29,5.22,5.25,5.12,5.21,549482.75
2021-12-30,5.21,5.4,5.18,5.26,643684.7
2021-12-31,5.3,5.42,5.21,5.22,600249.54
2022-01-04,5.29,5.31,5.1,5.17,591252.01
2022-01-05,5.17,5.2,4.88,4.93,830937.12
2022-01-06,4.88,5.02,4.88,4.95,391529.73
2022-01-07,4.94,5.0,4.89,4.94,437983.13
2022-01-10,4.95,5.01,4.89,4.97,341747.45
2022-01-11,4.97,5.04,4.83,4.84,518966.38
2022-01-12,5.1,5.36,5.1,5.15,1328459.09
2022-01-13,5.14,5.17,5.02,5.12,690310.85
2022-01-14,5.11,5.17,5.03,5.03,429337.93
2022-01-17,5.04,5.09,4.98,5.01,349797.16
2022-01-18,5.01,5.16,4.96,5.11,788691.97
2022-01-19,5.07,5.39,5.06,5.21,800514.67
2022-01-20,5.21,5.22,4.99,5.08,551199.18
2022-01-21,5.05,5.08,4.94,4.95,381829.77
2022-01-24,4.89,4.99,4.84,4.87,308813.96
2022-01-25,4.88,4.9,4.58,4.59,458631.27
2022-01-26,4.77,5.02,4.75,4.96,943133.58
2022-01-27,4.95,4.98,4.83,4.84,629787.43
2022-01-28,4.9,4.92,4.55,4.72,627445.45
2022-02-07,4.82,4.91,4.79,4.87,523132.6
2022-02-08,4.88,4.94,4.79,4.94,417957.55
2022-02-09,4.89,4.98,4.85,4.96,492462.79
2022-02-10,4.92,5.13,4.91,5.02,591017.96
2022-02-11,4.96,4.97,4.82,4.84,464981.84
2022-02-14,4.78,4.88,4.76,4.82,273223.49
2022-02-15,4.8,4.85,4.77,4.81,253336.33
2022-02-16,4.81,4.86,4.79,4.8,235862.01
2022-02-17,4.8,4.86,4.78,4.79,329844.18
2022-02-18,4.75,4.8,4.73,4.79,263575.17
2022-02-21,4.78,4.83,4.76,4.83,273323.75
2022-02-22,4.79,4.79,4.67,4.71,412407.07
2022-02-23,4.7,4.77,4.69,4.75,327675.19
2022-02-24,4.74,4.92,4.69,4.78,752482.19
2022-02-25,4.8,4.92,4.78,4.82,525317.8
2022-02-28,4.85,4.85,4.73,4.8,295967.83
2022-03-01,4.84,4.88,4.79,4.85,345836.51
2022-03-02,4.82,4.93,4.74,4.92,538759.57
2022-03-03,4.92,4.96,4.86,4.88,397341.54
2022-03-04,4.84,4.89,4.78,4.79,300055.26
2022-03-07,4.76,4.8,4.62,4.67,458704.93
2022-03-08,4.66,4.68,4.34,4.37,696212.17
2022-03-09,4.37,4.44,4.07,4.29,507320.28
2022-03-10,4.4,4.45,4.32,4.4,455276.39
2022-03-11,4.32,4.43,4.24,4.42,355426.16
2022-03-14,4.4,4.42,4.25,4.25,284918.0
2022-03-15,4.22,4.25,3.93,3.93,444091.51
2022-03-16,4.02,4.06,3.8,4.06,427705.32
2022-03-17,4.09,4.18,4.08,4.1,328908.26
2022-03-18,4.09,4.15,4.06,4.15,258680.0
2022-03-21,4.14,4.19,4.05,4.1,296449.07
2022-03-22,4.1,4.13,4.07,4.08,213501.95
2022-03-23,4.12,4.31,4.11,4.22,535809.83
2022-03-24,4.17,4.21,4.12,4.12,298628.7
2022-03-25,4.13,4.15,4.05,4.05,235105.25
2022-03-28,3.98,4.12,3.94,4.08,247136.84
2022-03-29,4.07,4.08,3.99,4.02,191071.0
2022-03-30,4.06,4.32,4.05,4.2,587865.08
2022-03-31,4.23,4.28,4.17,4.23,486624.43
2022-04-01,4.18,4.27,4.17,4.22,284589.0
2022-04-06,4.22,4.22,4.14,4.22,317187.0
2022-04-07,4.18,4.21,4.09,4.1,273094.0
2022-04-08,4.13,4.14,4.01,4.1,279639.0
2022-04-11,4.14,4.18,3.93,3.98,409438.0
2022-04-12,3.95,4.04,3.87,4.03,297764.0
2022-04-13,4.0,4.0,3.93,3.94,251521.0
2022-04-14,3.96,3.98,3.9,3.95,258455.0
2022-04-15,3.93,3.94,3.83,3.9,363040.0
2022-04-18,3.87,3.89,3.73,3.89,321534.0
2022-04-19,3.87,3.96,3.86,3.93,257929.0
2022-04-20,3.94,4.05,3.89,3.93,332980.0
2022-04-21,3.91,3.93,3.72,3.73,296604.0
2022-04-22,3.72,3.79,3.66,3.76,263088.0
2022-04-25,3.67,3.7,3.46,3.46,406106.0
2022-04-26,3.5,3.53,3.36,3.36,290261.0
2022-04-27,3.37,3.69,3.36,3.68,552065.0
2022-04-28,3.62,3.68,3.54,3.62,319451.0
2022-04-29,3.65,3.75,3.6,3.71,384549.0
2022-05-05,3.71,3.8,3.68,3.76,308109.0
2022-05-06,3.67,3.75,3.65,3.71,260072.0
2022-05-09,3.69,3.77,3.68,3.74,209264.0
2022-05-10,3.71,3.88,3.7,3.84,315289.0
2022-05-11,3.83,3.89,3.79,3.8,340445.0
2022-05-12,3.77,3.88,3.77,3.83,220159.0
2022-05-13,3.84,3.87,3.77,3.84,203527.0
2022-05-16,3.85,3.88,3.8,3.81,193552.0
2022-05-17,3.81,3.82,3.75,3.81,182095.0
2022-05-18,3.81,3.86,3.78,3.83,187728.0
2022-05-19,3.77,3.92,3.76,3.91,296743.0
2022-05-20,3.92,4.04,3.87,4.01,537410.0
2022-05-23,3.99,4.0,3.92,3.97,271100.0
2022-05-24,3.95,3.99,3.78,3.78,409652.0
2022-05-25,3.82,4.19,3.78,4.19,889977.0
2022-05-26,4.23,4.32,4.11,4.23,1374362.0
2022-05-27,4.21,4.27,4.13,4.17,766660.0
2022-05-30,4.2,4.31,4.11,4.29,983446.0
2022-05-31,4.32,4.75,4.28,4.58,2041963.0
2022-06-01,4.46,4.69,4.39,4.6,1482722.0
2022-06-02,4.5,4.63,4.44,4.54,827627.0
2022-06-06,4.56,4.65,4.53,4.64,770159.0
2022-06-07,4.6,4.65,4.43,4.48,708070.0
2022-06-08,4.48,4.54,4.34,4.46,609790.0
2022-06-09,4.45,4.45,4.31,4.35,424318.0
2022-06-10,4.32,4.4,4.3,4.38,434343.0
2022-06-13,4.32,4.48,4.32,4.4,462926.0
2022-06-14,4.33,4.4,4.22,4.4,432481.0
2022-06-15,4.39,4.62,4.35,4.51,824156.0
2022-06-16,4.48,4.54,4.43,4.44,507143.0
2022-06-17,4.39,4.58,4.37,4.52,524885.0
2022-06-20,4.55,4.6,4.5,4.51,427838.0
2022-06-21,4.51,4.57,4.44,4.5,384685.0
2022-06-22,4.49,4.6,4.45,4.47,458756.0
2022-06-23,4.49,4.6,4.33,4.58,697190.0
2022-06-24,4.59,4.6,4.5,4.57,429800.0
2022-06-27,4.57,4.73,4.5,4.6,672325.0
2022-06-28,4.56,4.66,4.51,4.64,641707.0
2022-06-29,4.61,4.61,4.39,4.41,572010.0
2022-06-30,4.41,4.46,4.38,4.39,437207.0
2022-07-01,4.39,4.6,4.36,4.43,518960.0
2022-07-04,4.47,4.6,4.38,4.53,514011.0
2022-07-05,4.57,4.71,4.56,4.61,858939.0
2022-07-06,4.6,4.66,4.49,4.52,406451.0
2022-07-07,4.54,4.8,4.49,4.7,908197.0
2022-07-08,4.76,4.86,4.6,4.61,735025.0
2022-07-11,4.58,4.65,4.53,4.59,481424.0
2022-07-12,4.56,4.76,4.52,4.7,773096.0
2022-07-13,4.7,4.91,4.65,4.82,793205.0
2022-07-14,4.82,4.91,4.74,4.83,747782.0
2022-07-15,4.85,5.06,4.83,4.91,1202085.0
2022-07-18,4.91,5.03,4.84,4.97,939384.0
2022-07-19,4.94,4.96,4.76,4.83,850404.0
2022-07-20,4.83,4.97,4.8,4.91,620797.0
2022-07-21,4.86,4.91,4.79,4.8,479608.0
2022-07-22,4.8,4.91,4.76,4.82,428433.0
2022-07-25,4.82,4.83,4.61,4.65,501751.0
2022-07-26,4.65,4.73,4.6,4.71,280234.0
2022-07-27,4.71,4.71,4.61,4.7,332813.0
2022-07-28,4.69,4.8,4.67,4.7,357403.0
2022-07-29,4.8,5.01,4.76,4.77,886775.0
2022-08-01,4.78,4.91,4.67,4.89,723115.0
2022-08-02,4.81,4.83,4.52,4.6,698507.0
2022-08-03,4.62,4.76,4.57,4.58,555350.0
2022-08-04,4.68,4.88,4.67,4.78,847750.0
2022-08-05,4.81,4.84,4.6,4.7,715191.0
2022-08-08,4.68,4.81,4.6,4.77,651794.0
2022-08-09,4.77,4.83,4.68,4.7,425529.0
2022-08-10,4.69,4.72,4.63,4.7,345779.0
2022-08-11,4.72,4.74,4.67,4.73,333370.0
2022-08-12,4.75,4.8,4.69,4.69,354329.0
2022-08-15,4.74,4.88,4.69,4.86,810537.0
2022-08-16,4.84,5.0,4.84,4.97,792616.0
2022-08-17,5.0,5.1,4.96,5.04,704902.0
2022-08-18,5.04,5.04,4.94,4.98,468354.0
2022-08-19,4.97,4.99,4.83,4.92,507302.0
2022-08-22,4.94,4.99,4.87,4.92,378706.0
2022-08-23,4.89,5.01,4.87,4.94,397306.0
2022-08-24,4.94,4.98,4.76,4.77,558925.0
2022-08-25,4.77,4.8,4.67,4.75,355036.0
2022-08-26,4.76,4.82,4.73,4.76,326627.0
2022-08-29,4.66,4.8,4.61,4.78,302627.0
2022-08-30,4.79,4.82,4.65,4.69,342882.0
2022-08-31,4.69,4.71,4.39,4.44,644953.0
2022-09-01,4.44,4.55,4.4,4.46,407599.0
2022-09-02,4.51,4.54,4.45,4.49,216948.0
2022-09-05,4.47,4.52,4.41,4.45,269476.0
2022-09-06,4.45,4.55,4.41,4.54,303767.0
2022-09-07,4.51,4.62,4.49,4.61,330784.0
2022-09-08,4.63,4.65,4.58,4.59,227636.0
2022-09-09,4.58,4.6,4.53,4.58,173999.0
2022-09-13,4.55,4.58,4.52,4.53,227835.0
2022-09-14,4.46,4.52,4.43,4.48,192732.0
2022-09-15,4.47,4.55,4.26,4.3,356882.0
2022-09-16,4.3,4.3,4.13,4.14,284870.0
2022-09-19,4.18,4.19,4.06,4.1,172520.0
2022-09-20,4.12,4.22,4.12,4.19,162618.0
2022-09-21,4.18,4.23,4.12,4.22,155780.0
2022-09-22,4.15,4.26,4.15,4.22,129640.0
2022-09-23,4.21,4.26,4.12,4.17,138245.0
2022-09-26,4.1,4.15,4.02,4.03,150207.0
2022-09-27,4.06,4.17,4.06,4.16,215298.0
2022-09-28,4.16,4.17,4.01,4.02,183736.0
2022-09-29,4.02,4.08,4.01,4.04,148888.0
2022-09-30,4.02,4.05,3.94,3.95,142881.0
2022-10-10,3.96,4.01,3.87,3.89,174386.0
2022-10-11,3.88,3.99,3.86,3.97,157251.0
2022-10-12,3.95,4.11,3.94,4.11,199135.0
2022-10-13,4.06,4.16,4.06,4.13,166817.0
2022-10-14,4.14,4.19,4.12,4.16,140581.0
2022-10-17,4.16,4.26,4.14,4.24,168389.0
2022-10-18,4.26,4.3,4.24,4.25,164276.0
2022-10-19,4.25,4.3,4.23,4.24,124918.0
2022-10-20,4.21,4.3,4.15,4.21,152921.0
2022-10-21,4.21,4.31,4.19,4.28,169095.0
2022-10-24,4.32,4.41,4.25,4.29,289847.0
2022-10-25,4.24,4.31,4.2,4.28,159179.0
2022-10-26,4.28,4.45,4.26,4.41,304108.0
2022-10-27,4.37,4.48,4.31,4.32,265891.0
2022-10-28,4.28,4.31,4.12,4.14,363895.0
2022-10-31,4.11,4.12,3.99,4.04,258169.0
2022-11-01,4.09,4.46,4.07,4.42,538065.0
2022-11-02,4.37,4.41,4.31,4.38,372018.0
2022-11-03,4.34,4.48,4.33,4.38,309256.0
2022-11-04,4.39,4.66,4.39,4.58,547931.0
2022-11-07,4.58,4.58,4.46,4.49,371232.0
2022-11-08,4.47,4.49,4.39,4.44,198047.0
2022-11-09,4.44,4.58,4.39,4.52,383270.0
2022-11-10,4.47,4.54,4.44,4.46,320452.0
2022-11-11,4.56,4.59,4.45,4.47,345201.0
2022-11-14,4.47,4.52,4.37,4.38,281052.0
2022-11-15,4.39,4.53,4.37,4.49,325330.0
2022-11-16,4.5,4.52,4.41,4.46,277367.0
2022-11-17,4.44,4.5,4.41,4.5,196268.0
2022-11-18,4.49,4.79,4.48,4.68,733347.0
2022-11-21,4.66,4.83,4.62,4.72,524600.0
2022-11-22,4.67,5.0,4.57,4.8,919292.0
2022-11-23,4.76,4.85,4.74,4.78,646490.0
2022-11-24,4.77,4.78,4.68,4.7,370046.0
2022-11-25,4.68,4.71,4.62,4.67,239326.0
2022-11-28,4.61,4.73,4.59,4.69,257642.0
2022-11-29,4.67,4.74,4.66,4.71,256674.0
2022-11-30,4.71,4.72,4.62,4.64,258738.0
2022-12-01,4.66,4.7,4.62,4.62,203213.0
2022-12-02,4.63,4.66,4.58,4.59,261205.0
2022-12-05,4.62,4.79,4.61,4.75,541572.0
2022-12-06,4.74,4.74,4.64,4.65,320290.0
2022-12-07,4.64,4.69,4.54,4.57,380717.0
2022-12-08,4.56,4.6,4.52,4.56,216585.0
2022-12-09,4.54,4.58,4.5,4.51,248362.0
2022-12-12,4.53,4.53,4.46,4.47,168335.0
2022-12-13,4.47,4.51,4.43,4.5,144847.0
2022-12-14,4.52,4.53,4.44,4.46,134475.0
2022-12-15,4.46,4.51,4.43,4.48,114154.0
2022-12-16,4.49,4.5,4.42,4.48,152119.0
2022-12-19,4.46,4.48,4.36,4.37,143726.0
2022-12-20,4.38,4.42,4.33,4.38,111316.0
2022-12-21,4.38,4.39,4.24,4.33,171550.0
2022-12-22,4.31,4.33,4.25,4.28,111085.0
2022-12-23,4.25,4.3,4.24,4.27,81661.0
2022-12-26,4.28,4.39,4.26,4.37,168075.0
2022-12-27,4.4,4.41,4.32,4.36,125803.0
2022-12-28,4.36,4.39,4.32,4.34,92622.0
2022-12-29,4.34,4.35,4.28,4.28,86722.0
2022-12-30,4.29,4.34,4.29,4.32,72672.0
2023-01-03,4.32,4.41,4.3,4.4,141569.0
2023-01-04,4.39,4.4,4.33,4.36,149914.0
2023-01-05,4.37,4.49,4.35,4.49,264840.0
2023-01-06,4.46,4.53,4.46,4.48,164308.0
2023-01-09,4.52,4.58,4.48,4.5,293666.0
2023-01-10,4.5,4.51,4.43,4.46,152157.0
2023-01-11,4.46,4.48,4.43,4.44,121447.0
2023-01-12,4.46,4.5,4.44,4.47,124591.0
2023-01-13,4.47,4.49,4.41,4.46,110609.0
2023-01-16,4.47,4.55,4.46,4.49,248638.0
2023-01-17,4.51,4.57,4.47,4.49,210328.0
2023-01-18,4.48,4.56,4.47,4.55,212321.0
2023-01-19,4.54,4.55,4.5,4.54,135951.0
2023-01-20,4.55,4.6,4.54,4.59,241853.0
2023-01-30,4.68,4.68,4.55,4.55,296691.0
2023-01-31,4.56,4.58,4.51,4.55,184947.0
2023-02-01,4.56,4.6,4.54,4.59,207458.0
2023-02-02,4.6,4.6,4.55,4.56,203867.0
2023-02-03,4.56,4.56,4.48,4.53,206351.0
2023-02-06,4.52,4.58,4.5,4.52,184282.0
2023-02-07,4.52,4.56,4.51,4.56,175152.0
2023-02-08,4.55,4.59,4.53,4.55,159124.0
2023-02-09,4.55,4.58,4.53,4.57,220392.0
2023-02-10,4.56,4.58,4.51,4.56,187637.0
2023-02-13,4.56,4.63,4.55,4.62,322379.0
2023-02-14,4.62,4.77,4.59,4.74,621016.0
2023-02-15,4.73,4.78,4.69,4.74,327627.0
2023-02-16,4.74,4.76,4.58,4.62,345472.0
2023-02-17,4.65,4.67,4.57,4.57,225227.0
2023-02-20,4.57,4.64,4.54,4.64,193554.0
2023-02-21,4.63,4.66,4.59,4.65,245939.0
2023-02-22,4.62,4.67,4.6,4.62,179563.0
2023-02-23,4.63,4.64,4.57,4.59,180138.0
2023-02-24,4.6,4.63,4.59,4.6,130489.0
2023-02-27,4.58,4.71,4.56,4.67,334086.0
2023-02-28,4.66,4.73,4.64,4.71,241250.0
2023-03-01,4.71,4.73,4.67,4.7,244401.0
2023-03-02,4.7,4.8,4.69,4.74,443732.0
2023-03-03,4.73,4.89,4.72,4.86,701172.0
2023-03-06,4.88,4.91,4.83,4.88,465556.0
2023-03-07,4.87,5.0,4.84,4.87,781204.0
2023-03-08,4.87,4.87,4.74,4.79,471599.0
2023-03-09,4.81,4.82,4.7,4.73,314941.0
2023-03-10,4.69,4.71,4.61,4.62,330557.0
2023-03-13,4.6,4.71,4.6,4.68,263769.0
2023-03-14,4.67,4.67,4.54,4.61,279963.0
2023-03-15,4.64,5.1,4.64,5.1,1082061.0
2023-03-16,5.21,5.37,5.11,5.16,2876408.0
2023-03-17,5.16,5.58,5.06,5.41,2538655.0
2023-03-20,5.41,5.71,5.3,5.36,2093210.0
2023-03-21,5.38,5.39,5.16,5.22,1304683.0
2023-03-22,5.2,5.25,5.12,5.2,867794.0
2023-03-23,5.16,5.26,5.13,5.22,974953.0
2023-03-24,5.19,5.24,5.11,5.17,752542.0
2023-03-27,5.16,5.16,5.01,5.04,844741.0
2023-03-28,5.1,5.16,5.04,5.07,750596.0
2023-03-29,5.06,5.07,4.97,4.97,570100.0
2023-03-30,4.97,5.0,4.88,4.95,488244.0
2023-03-31,4.95,4.97,4.9,4.96,342987.0
2023-04-03,4.94,5.03,4.94,5.01,582340.0
2023-04-04,5.02,5.2,4.95,5.2,1294797.0
2023-04-06,5.14,5.37,5.09,5.3,1059250.0
2023-04-07,5.23,5.28,5.12,5.15,706335.0
2023-04-10,5.14,5.29,5.09,5.18,597509.0
2023-04-11,5.14,5.18,5.03,5.16,476861.0
2023-04-12,5.12,5.25,5.09,5.17,509015.0
2023-04-13,5.15,5.31,5.1,5.26,818690.0
2023-04-14,5.23,5.43,5.21,5.4,1036346.0
2023-04-17,5.43,5.65,5.36,5.4,1420498.0
2023-04-18,5.36,5.44,5.22,5.28,873034.0
2023-04-19,5.3,5.31,5.18,5.23,582689.0
2023-04-20,5.25,5.3,5.17,5.24,640230.0
2023-04-21,5.26,5.36,5.04,5.05,1102974.0
2023-04-24,5.05,5.18,5.0,5.09,683461.0
2023-04-25,5.1,5.13,4.88,4.98,571578.0
2023-04-26,4.94,5.02,4.91,5.0,416891.0
2023-04-27,5.0,5.12,4.86,5.09,638515.0
2023-04-28,5.08,5.17,5.05,5.17,682250.0
2023-05-04,5.16,5.4,5.14,5.33,1049667.0
2023-05-05,5.34,5.39,5.27,5.33,641462.0
2023-05-08,5.4,5.58,5.39,5.45,1560055.0
2023-05-09,5.53,5.66,5.45,5.48,1506398.0
2023-05-10,5.43,5.6,5.39,5.47,932849.0
2023-05-11,5.5,5.52,5.33,5.37,691719.0
2023-05-12,5.37,5.48,5.31,5.37,543684.0
2023-05-15,5.38,5.91,5.31,5.75,1698530.0
2023-05-16,5.71,5.74,5.52,5.55,1321488.0
2023-05-17,5.51,5.59,5.39,5.58,864666.0
2023-05-18,5.6,5.63,5.4,5.43,903031.0
2023-05-19,5.39,5.44,5.26,5.39,671236.0
2023-05-22,5.36,5.51,5.33,5.38,739867.0
2023-05-23,5.38,5.39,5.13,5.15,809950.0
2023-05-24,5.12,5.2,5.09,5.1,439536.0
2023-05-25,5.08,5.14,4.99,5.1,454465.0
2023-05-26,5.1,5.1,4.97,5.04,368319.0
2023-05-29,5.06,5.14,5.02,5.12,433407.0
2023-05-30,5.2,5.29,5.13,5.24,751406.0
2023-05-31,5.17,5.18,5.07,5.07,547495.0
2023-06-01,5.03,5.12,5.02,5.04,388692.0
2023-06-02,5.05,5.11,5.04,5.06,317406.0
2023-06-05,5.08,5.09,4.97,5.06,360450.0
2023-06-06,5.08,5.17,5.04,5.07,558675.0
2023-06-07,5.06,5.07,4.88,4.9,537358.0
2023-06-08,4.86,4.94,4.82,4.91,357703.0
2023-06-09,4.9,4.95,4.88,4.94,256315.0
2023-06-12,4.94,5.0,4.87,4.99,292432.0
2023-06-13,4.98,5.05,4.96,4.99,239219.0
2023-06-14,4.99,5.0,4.89,4.9,335001.0
2023-06-15,4.92,4.99,4.9,4.99,244299.0
2023-06-16,5.04,5.25,5.01,5.18,845981.0
2023-06-19,5.17,5.31,5.12,5.18,525470.0
2023-06-20,5.18,5.18,5.08,5.09,349573.0
2023-06-21,5.07,5.12,5.02,5.03,284235.0
2023-06-26,4.99,5.03,4.9,4.92,290135.0
2023-06-27,4.95,5.05,4.92,5.03,296645.0
2023-06-28,5.01,5.07,4.93,5.06,253709.0
2023-06-29,5.03,5.09,5.01,5.07,255643.0
2023-06-30,5.06,5.14,5.04,5.12,304958.0
2023-07-03,5.12,5.24,5.09,5.21,364076.0
2023-07-04,5.24,5.28,5.16,5.2,361326.0
2023-07-05,5.21,5.25,5.18,5.2,293349.0
2023-07-06,5.21,5.24,5.16,5.19,255839.0
2023-07-07,5.17,5.22,5.12,5.17,211920.0
2023-07-10,5.2,5.25,5.17,5.21,213543.0
2023-07-11,5.23,5.27,5.17,5.25,286227.0
2023-07-12,5.27,5.33,5.22,5.23,381706.0
2023-07-13,5.25,5.3,5.24,5.3,296608.0
2023-07-14,5.3,5.31,5.22,5.23,305143.0
2023-07-17,5.22,5.31,5.18,5.31,330436.0
2023-07-18,5.29,5.34,5.24,5.3,267709.0
2023-07-19,5.3,5.32,5.2,5.24,234161.0
2023-07-20,5.25,5.27,5.12,5.12,347323.0
2023-07-21,5.1,5.13,5.03,5.05,263040.0
2023-07-24,5.04,5.16,5.0,5.1,213454.0
2023-07-25,5.15,5.19,5.12,5.18,204495.0
2023-07-26,5.18,5.18,5.1,5.11,214160.0
2023-07-27,5.11,5.17,5.09,5.11,188574.0
2023-07-28,5.1,5.17,5.05,5.17,244840.0
2023-07-31,5.17,5.28,5.15,5.27,354038.0
2023-08-01,5.26,5.31,5.23,5.29,253601.0
2023-08-02,5.3,5.33,5.22,5.25,242364.0
2023-08-03,5.23,5.28,5.21,5.25,157869.0
2023-08-04,5.28,5.3,5.23,5.23,303196.0
2023-08-07,5.23,5.27,5.2,5.25,211859.0
2023-08-08,5.23,5.25,5.16,5.18,176445.0
2023-08-09,5.16,5.17,5.12,5.14,151444.0
2023-08-10,5.13,5.17,5.12,5.13,139045.0
2023-08-11,5.13,5.19,4.97,4.97,272961.0
2023-08-14,4.93,5.02,4.89,5.01,184804.0
2023-08-15,5.03,5.08,4.9,4.95,200369.0
2023-08-16,4.94,4.95,4.87,4.91,166980.0
2023-08-17,4.91,4.96,4.87,4.94,167755.0
2023-08-18,4.94,5.0,4.88,4.88,172980.0
2023-08-21,4.91,4.93,4.81,4.83,191468.0
2023-08-22,4.83,4.87,4.75,4.83,222479.0
2023-08-23,4.82,4.83,4.73,4.75,162550.0
2023-08-24,4.76,4.78,4.65,4.67,216448.0
2023-08-25,4.64,4.72,4.6,4.62,213271.0
2023-08-28,4.85,4.9,4.68,4.7,282582.0
2023-08-29,4.67,4.8,4.67,4.79,216329.0
2023-08-30,4.79,4.81,4.64,4.66,389315.0
2023-08-31,4.66,4.66,4.52,4.56,531652.0
2023-09-01,4.54,4.55,4.49,4.54,211561.0
2023-09-04,4.57,4.67,4.56,4.67,311064.0
2023-09-05,4.65,4.67,4.61,4.66,167709.0
2023-09-06,4.63,4.65,4.61,4.63,162684.0
2023-09-07,4.63,4.66,4.57,4.58,175967.0
2023-09-08,4.57,4.63,4.55,4.6,140050.0
2023-09-11,4.63,4.68,4.6,4.66,223899.0
2023-09-12,4.65,4.69,4.63,4.67,175031.0
2023-09-13,4.67,4.69,4.57,4.61,156059.0
2023-09-14,4.64,4.64,4.56,4.58,147959.0
2023-09-15,4.58,4.66,4.55,4.66,233641.0
2023-09-18,4.6,4.64,4.56,4.61,199319.0
2023-09-19,4.59,4.62,4.57,4.59,129513.0
2023-09-20,4.58,4.59,4.53,4.54,127911.0
2023-09-21,4.52,4.56,4.51,4.53,124393.0
2023-09-22,4.53,4.61,4.51,4.6,157973.0
2023-09-25,4.59,4.61,4.57,4.58,113817.0
2023-09-26,4.58,4.59,4.53,4.53,117604.0
2023-09-27,4.52,4.61,4.52,4.58,129512.0
2023-09-28,4.58,4.63,4.58,4.6,138551.0
2023-10-09,4.6,4.61,4.54,4.58,138460.0
2023-10-10,4.59,4.61,4.42,4.44,323494.0
2023-10-11,4.44,4.53,4.43,4.46,197134.0
2023-10-12,4.47,4.59,4.47,4.56,219918.0
2023-10-13,4.55,4.56,4.43,4.45,237697.0
2023-10-16,4.44,4.46,4.36,4.39,182533.0
2023-10-17,4.38,4.43,4.37,4.4,184192.0
2023-10-18,4.4,4.4,4.3,4.31,159580.0
2023-10-19,4.28,4.35,4.28,4.28,114648.0
2023-10-20,4.25,4.35,4.25,4.3,114689.0
2023-10-23,4.29,4.29,4.16,4.18,144652.0
2023-10-24,4.21,4.25,4.14,4.24,151976.0
2023-10-25,4.29,4.33,4.28,4.29,127365.0
2023-10-26,4.27,4.36,4.25,4.34,137904.0
2023-10-27,4.32,4.4,4.3,4.38,158050.0
2023-10-30,4.36,4.41,4.35,4.38,136805.0
2023-10-31,4.39,4.41,4.34,4.37,98658.0
2023-11-01,4.39,4.41,4.36,4.39,114718.0
2023-11-02,4.38,4.42,4.35,4.35,97059.0
2023-11-03,4.35,4.42,4.35,4.38,133432.0
2023-11-06,4.42,4.45,4.39,4.43,159425.0
2023-11-07,4.45,4.45,4.38,4.4,121240.0
2023-11-08,4.42,4.42,4.34,4.35,169168.0
2023-11-09,4.36,4.38,4.33,4.33,138742.0
2023-11-10,4.34,4.35,4.29,4.34,126895.0
2023-11-13,4.34,4.36,4.3,4.35,134765.0
2023-11-14,4.36,4.38,4.33,4.34,125137.0
2023-11-15,4.37,4.43,4.36,4.4,198007.0
2023-11-16,4.39,4.4,4.35,4.35,117961.0
2023-11-17,4.33,4.38,4.31,4.35,125186.0
2023-11-20,4.36,4.39,4.33,4.38,147549.0
2023-11-21,4.39,4.41,4.37,4.37,194149.0
2023-11-22,4.37,4.38,4.29,4.29,169167.0
2023-11-23,4.28,4.31,4.26,4.3,178904.0
2023-11-24,4.3,4.3,4.24,4.25,141796.0
2023-11-27,4.25,4.4,4.24,4.32,323454.0
2023-11-28,4.3,4.35,4.29,4.33,155987.0
2023-11-29,4.33,4.37,4.3,4.35,177404.0
2023-11-30,4.32,4.37,4.31,4.36,137317.0
2023-12-01,4.34,4.36,4.3,4.35,173789.0
2023-12-04,4.35,4.42,4.34,4.4,243161.0
2023-12-05,4.39,4.41,4.35,4.36,163380.0
2023-12-06,4.32,4.35,4.29,4.3,166288.0
2023-12-07,4.29,4.29,4.23,4.25,155263.0
2023-12-08,4.26,4.31,4.2,4.22,230469.0
2023-12-11,4.2,4.27,4.13,4.26,249883.0
2023-12-12,4.25,4.29,4.23,4.28,134566.0
2023-12-13,4.28,4.31,4.26,4.27,123427.0
2023-12-14,4.29,4.4,4.27,4.33,267929.0
2023-12-15,4.33,4.42,4.32,4.37,329244.0
2023-12-18,4.42,4.42,4.33,4.37,255641.0
2023-12-19,4.36,4.46,4.34,4.44,303469.0
2023-12-20,4.44,4.58,4.44,4.54,489535.0
2023-12-21,4.54,4.63,4.5,4.62,363232.0
2023-12-22,4.63,4.68,4.6,4.66,405945.0
2023-12-25,4.66,4.69,4.58,4.65,218348.0
2023-12-26,4.63,4.68,4.57,4.59,197781.0
2023-12-27,4.59,4.64,4.54,4.62,163747.0
2023-12-28,4.62,4.67,4.59,4.64,168623.0
2023-12-29,4.64,4.69,4.63,4.68,169989.0
2024-01-02,4.67,4.76,4.66,4.74,217715.0
2024-01-03,4.74,4.96,4.73,4.89,496528.0
2024-01-04,4.87,4.95,4.83,4.85,235487.0
2024-01-05,4.84,4.94,4.78,4.8,202936.0
2024-01-08,4.8,4.87,4.75,4.82,251979.0
2024-01-09,4.82,4.84,4.75,4.79,205241.0
2024-01-10,4.8,4.82,4.72,4.76,161194.0
2024-01-11,4.75,4.78,4.71,4.75,142520.0
2024-01-12,4.75,4.88,4.74,4.83,187420.0
2024-01-15,4.82,4.98,4.8,4.95,327664.0
2024-01-16,4.95,5.0,4.89,4.96,220067.0
2024-01-17,4.96,5.01,4.89,4.91,201168.0
2024-01-18,4.89,4.89,4.68,4.83,324074.0
2024-01-19,4.83,4.83,4.73,4.77,155616.0
2024-01-22,4.75,4.78,4.52,4.57,282531.0
2024-01-23,4.56,4.69,4.41,4.56,287290.0
2024-01-24,4.59,4.79,4.55,4.78,348694.0
2024-01-25,4.77,5.04,4.75,5.02,590323.0
2024-01-26,5.01,5.01,4.93,4.98,254015.0
2024-01-29,5.02,5.1,4.99,5.0,437318.0
2024-01-30,4.97,5.01,4.88,4.89,246942.0
2024-01-31,4.84,4.97,4.79,4.85,256194.0
2024-02-01,4.8,4.83,4.65,4.67,350288.0
2024-02-02,4.66,4.74,4.45,4.61,353034.0
2024-02-05,4.55,4.61,4.2,4.47,514498.0
2024-02-06,4.36,4.94,4.34,4.91,529883.0
2024-02-07,4.99,5.09,4.91,5.08,715333.0
2024-02-08,5.09,5.21,4.96,5.0,643067.0
2024-02-19,5.08,5.08,4.89,5.0,440173.0
2024-02-20,4.99,5.05,4.92,5.03,294989.0
2024-02-21,5.02,5.1,4.96,4.98,456318.0
2024-02-22,4.95,5.01,4.92,4.97,292440.0
2024-02-23,5.0,5.1,4.95,5.02,335295.0
2024-02-26,5.05,5.12,5.0,5.08,454051.0
2024-02-27,5.02,5.11,5.02,5.11,286990.0
2024-02-28,5.09,5.13,4.94,4.95,541302.0
2024-02-29,4.92,5.12,4.92,5.12,370358.0
2024-03-01,5.11,5.21,5.1,5.15,371144.0
2024-03-04,5.17,5.42,5.15,5.36,751159.0
2024-03-05,5.31,5.43,5.28,5.35,466260.0
2024-03-06,5.36,5.6,5.31,5.48,746873.0
2024-03-07,5.45,5.46,5.28,5.29,523579.0
2024-03-08,5.34,5.37,5.27,5.34,339328.0
2024-03-11,5.38,5.47,5.36,5.44,498904.0
2024-03-12,5.46,5.47,5.22,5.25,535854.0
2024-03-13,5.27,5.3,5.24,5.25,292370.0
2024-03-14,5.23,5.26,5.19,5.23,313244.0
2024-03-15,5.22,5.31,5.21,5.28,352105.0
2024-03-18,5.31,5.49,5.3,5.43,479983.0
2024-03-19,5.4,5.45,5.33,5.35,358177.0
2024-03-20,5.35,5.39,5.27,5.29,329210.0
2024-03-21,5.31,5.32,5.21,5.24,320797.0
2024-03-22,5.24,5.25,5.17,5.19,229071.0
2024-03-25,5.16,5.26,5.13,5.16,227843.0
2024-03-26,5.16,5.19,5.11,5.15,223206.0
2024-03-27,5.15,5.17,5.03,5.04,207432.0
2024-03-28,5.03,5.17,5.03,5.12,259479.0
2024-03-29,5.13,5.29,5.11,5.25,306721.0
2024-04-01,5.25,5.28,5.18,5.24,313405.0
2024-04-02,5.24,5.26,5.15,5.21,258147.0
2024-04-03,5.21,5.21,5.15,5.16,189980.0
2024-04-08,5.14,5.33,5.1,5.25,429419.0
2024-04-09,5.25,5.26,5.14,5.19,274840.0
2024-04-10,5.2,5.29,5.18,5.23,355880.0
2024-04-11,5.43,5.78,5.43,5.78,1255829.0
2024-04-12,6.0,6.38,5.91,6.38,3093188.0
2024-04-15,6.73,7.04,6.11,6.79,4464174.0
2024-04-16,6.56,7.48,6.51,7.25,4876325.0
2024-04-17,7.02,7.45,6.65,7.45,4152795.0
2024-04-18,7.28,8.22,7.27,7.98,4970066.0
2024-04-19,7.75,8.16,7.68,7.86,3831180.0
2024-04-22,7.92,8.2,7.46,7.58,3678034.0
2024-04-23,7.45,7.65,7.26,7.48,3483686.0
2024-04-24,7.65,7.65,7.2,7.42,3707740.0
2024-04-25,7.3,7.48,7.14,7.2,3126013.0
2024-04-26,7.16,7.37,7.11,7.23,3107695.0
2024-04-29,7.15,7.29,7.04,7.13,3202033.0
2024-04-30,7.13,7.34,6.74,6.82,3958170.0
2024-05-06,6.85,6.96,6.81,6.93,2485238.0
2024-05-07,6.87,7.05,6.87,6.94,2115546.0
2024-05-08,6.94,7.08,6.9,7.05,2551125.0
2024-05-09,7.05,7.12,6.83,6.93,2245520.0
2024-05-10,6.93,7.34,6.88,7.27,3779815.0
2024-05-13,7.29,7.8,7.14,7.76,4098782.0
2024-05-14,7.64,7.74,7.35,7.4,2967983.0
2024-05-15,7.3,7.33,6.71,6.75,3276669.0
2024-05-16,6.74,6.8,6.55,6.66,2120090.0
2024-05-17,6.6,6.72,6.51,6.6,1491853.0
2024-05-20,6.6,6.75,6.52,6.69,1542267.0
2024-05-21,6.69,6.75,6.61,6.65,1041666.0
2024-05-22,6.64,6.68,6.55,6.58,920936.0
2024-05-23,6.55,6.56,6.35,6.39,1233044.0
2024-05-24,6.39,6.72,6.38,6.59,1847094.0
2024-05-27,6.56,6.83,6.55,6.72,1908371.0
2024-05-28,6.68,6.84,6.65,6.75,1470748.0
2024-05-29,6.66,6.8,6.57,6.69,1142306.0
2024-05-30,6.83,6.83,6.53,6.56,951064.0
2024-05-31,6.55,6.59,6.45,6.53,832173.0
2024-06-03,6.53,6.58,6.4,6.53,698339.0
2024-06-04,6.54,7.21,6.53,7.21,2287315.0
2024-06-05,7.35,7.44,7.18,7.21,2627510.0
2024-06-06,7.2,7.24,6.96,7.0,1769332.0
2024-06-07,7.04,7.09,6.89,7.01,1158855.0
2024-06-11,7.01,7.08,6.78,6.85,995952.0
2024-06-12,6.8,7.0,6.68,6.96,1184987.0
2024-06-13,6.9,7.2,6.84,7.0,1471826.0
2024-06-14,7.01,7.21,6.97,7.16,1407552.0
2024-06-17,7.05,7.63,7.02,7.45,1672882.0
2024-06-18,7.37,7.63,7.27,7.55,1231816.0
2024-06-19,7.56,7.61,7.3,7.33,1041637.0
2024-06-20,7.27,7.5,7.23,7.39,899960.0
2024-06-21,7.28,7.52,7.25,7.38,632048.0
2024-06-24,7.31,7.47,7.27,7.28,695309.0
2024-06-25,7.23,7.35,7.1,7.17,683919.0
2024-06-26,7.16,7.28,7.03,7.24,617106.0
2024-06-27,7.24,7.24,6.96,7.06,579135.0
2024-06-28,7.03,7.79,7.01,7.79,2020797.0
2024-07-01,7.81,7.9,7.65,7.85,1497207.0
2024-07-02,7.81,7.85,7.45,7.59,1401777.0
2024-07-03,7.59,7.6,7.3,7.34,777655.0
2024-07-04,7.34,7.8,7.33,7.62,1510672.0
2024-07-05,7.59,7.72,7.4,7.56,940166.0
2024-07-08,7.55,7.8,7.41,7.53,1114997.0
2024-07-09,7.5,7.8,7.38,7.8,1640020.0
2024-07-10,7.76,7.84,7.47,7.53,1345258.0
2024-07-11,7.59,7.63,7.33,7.56,1121795.0
2024-07-12,7.44,7.53,7.34,7.37,726173.0
2024-07-15,7.3,7.3,6.79,6.84,1440910.0
2024-07-16,6.76,6.91,6.61,6.85,1020553.0
2024-07-17,6.79,6.79,6.59,6.59,870683.0
2024-07-18,6.54,6.75,6.45,6.68,831671.0
2024-07-19,6.65,6.73,6.57,6.61,589082.0
2024-07-22,6.56,6.85,6.54,6.71,747662.0
2024-07-23,6.67,6.94,6.58,6.62,826631.0
2024-07-24,6.55,6.67,6.5,6.51,540105.0
2024-07-25,6.48,6.59,6.29,6.51,682640.0
2024-07-26,6.51,6.91,6.47,6.84,1159376.0
2024-07-29,7.02,7.12,6.9,6.94,936439.0
2024-07-30,6.98,7.03,6.75,6.88,624556.0
2024-07-31,6.88,7.05,6.75,6.98,741118.0
2024-08-01,6.96,7.12,6.92,7.01,566379.0
2024-08-02,6.96,7.08,6.89,6.91,479022.0
2024-08-05,6.89,6.95,6.67,6.68,522814.0
2024-08-06,6.78,6.82,6.59,6.76,433382.0
2024-08-07,6.78,7.21,6.77,7.05,1052965.0
2024-08-08,7.0,7.03,6.78,6.81,652338.0
2024-08-09,6.82,6.98,6.74,6.76,381155.0
2024-08-12,6.83,6.91,6.76,6.88,472542.0
2024-08-13,6.87,7.16,6.85,6.97,608770.0
2024-08-14,6.98,7.06,6.85,6.85,441762.0
2024-08-15,6.8,6.89,6.75,6.82,426024.0
2024-08-16,6.81,6.82,6.59,6.67,572137.0
2024-08-19,6.63,6.77,6.59,6.74,372294.0
2024-08-20,6.72,6.75,6.47,6.54,407478.0
2024-08-21,6.51,6.56,6.47,6.5,259730.0
2024-08-22,6.55,6.67,6.49,6.57,354181.0
2024-08-23,6.52,6.64,6.4,6.46,349888.0
2024-08-26,6.45,6.52,6.36,6.49,286766.0
2024-08-27,6.46,6.48,6.27,6.31,340459.0
2024-08-28,6.3,6.4,6.22,6.24,293594.0
2024-08-29,6.21,6.39,6.12,6.36,432150.0
2024-08-30,6.43,6.91,6.4,6.73,998652.0
2024-09-02,6.73,6.89,6.68,6.78,575135.0
2024-09-03,6.81,7.05,6.79,7.0,745283.0
2024-09-04,6.99,7.12,6.81,6.97,519151.0
2024-09-05,6.97,7.02,6.8,6.81,381137.0
2024-09-06,6.81,6.85,6.73,6.74,226401.0
2024-09-09,6.73,6.8,6.67,6.71,231313.0
2024-09-10,6.74,6.87,6.67,6.76,355978.0
2024-09-11,6.72,6.86,6.66,6.68,308329.0
2024-09-12,6.67,6.86,6.65,6.79,407045.0
2024-09-13,6.79,7.01,6.7,6.91,593913.0
2024-09-18,6.89,7.21,6.83,7.08,698457.0
2024-09-19,7.04,7.14,6.95,7.1,499122.0
2024-09-20,7.09,7.13,6.93,6.95,435586.0
2024-09-23,6.94,7.1,6.93,6.95,332219.0
2024-09-24,6.99,7.09,6.81,7.06,577169.0
2024-09-25,7.11,7.51,7.05,7.27,799889.0
2024-09-26,7.25,7.28,7.05,7.24,823199.0
2024-09-27,7.24,7.98,7.24,7.95,953029.0
2024-09-30,8.12,8.6,7.91,8.53,1616657.0
2024-10-08,9.32,9.36,7.94,8.31,2680837.0
2024-10-09,8.15,8.55,7.74,8.07,1612904.0
2024-10-10,8.1,8.61,7.87,8.29,1709354.0
2024-10-11,8.22,8.23,7.67,7.8,976021.0
2024-10-14,7.81,7.99,7.64,7.89,863223.0
2024-10-15,7.84,7.84,7.49,7.52,975050.0
2024-10-16,7.42,7.61,7.34,7.41,719924.0
2024-10-17,7.45,7.58,7.39,7.42,633596.0
2024-10-18,7.37,7.92,7.32,7.79,1320977.0
2024-10-21,7.8,7.87,7.6,7.77,800416.0
2024-10-22,7.72,7.97,7.69,7.93,756003.0
2024-10-23,7.94,8.05,7.8,7.83,735773.0
2024-10-24,7.78,7.9,7.67,7.79,457672.0
2024-10-25,7.77,7.83,7.6,7.65,659681.0
2024-10-28,7.6,7.82,7.54,7.71,554839.0
2024-10-29,7.72,7.94,7.71,7.74,654064.0
2024-10-30,7.97,8.53,7.97,8.34,2427451.0
2024-10-31,8.3,8.3,7.91,8.1,2243874.0
2024-11-01,8.1,8.75,7.89,8.52,2282304.0
2024-11-04,8.54,8.8,8.41,8.53,1280182.0
2024-11-05,8.49,8.63,8.43,8.58,1227977.0
2024-11-06,8.59,8.68,8.35,8.5,1056077.0
2024-11-07,8.44,8.7,8.4,8.65,1037174.0
2024-11-08,8.64,9.1,8.64,8.86,1220609.0
2024-11-11,8.77,8.77,8.45,8.55,1131764.0
2024-11-12,8.52,8.6,8.27,8.35,896122.0
2024-11-13,8.26,8.53,8.24,8.47,726332.0
2024-11-14,8.43,8.67,8.2,8.24,655463.0
2024-11-15,8.2,8.24,8.01,8.02,595119.0
2024-11-18,8.02,8.18,7.87,7.94,582156.0
2024-11-19,7.95,8.01,7.81,7.95,476201.0
2024-11-20,8.0,8.0,7.86,7.94,418644.0
2024-11-21,7.95,8.05,7.89,7.94,478648.0
2024-11-22,7.94,7.96,7.58,7.58,604126.0
2024-11-25,7.58,7.62,7.38,7.46,454601.0
2024-11-26,7.43,7.55,7.42,7.43,317355.0
2024-11-27,7.46,7.56,7.34,7.56,445046.0
2024-11-28,7.56,7.57,7.44,7.44,358978.0
2024-11-29,7.44,7.55,7.36,7.41,511498.0
2024-12-02,7.42,7.55,7.41,7.51,549571.0
2024-12-03,7.53,7.81,7.52,7.72,854524.0
2024-12-04,7.72,7.74,7.56,7.59,497687.0
2024-12-05,7.59,7.65,7.43,7.53,516002.0
2024-12-06,7.52,7.59,7.46,7.58,369213.0
2024-12-09,7.57,7.77,7.53,7.66,601320.0
2024-12-10,7.81,7.86,7.55,7.57,683885.0
2024-12-11,7.58,7.65,7.54,7.58,345363.0
2024-12-12,7.58,7.59,7.49,7.58,429082.0
2024-12-13,7.54,7.62,7.48,7.49,566059.0
2024-12-16,7.47,7.63,7.47,7.52,435053.0
2024-12-17,7.53,7.67,7.49,7.55,603976.0
2024-12-18,7.63,7.86,7.59,7.65,938787.0
2024-12-19,7.61,7.61,7.39,7.52,661981.0
2024-12-20,7.47,7.67,7.42,7.61,560019.0
2024-12-23,7.6,7.77,7.58,7.62,633324.0
2024-12-24,7.62,7.83,7.6,7.82,665849.0
2024-12-25,7.83,7.87,7.71,7.74,375444.0
2024-12-26,7.71,7.73,7.58,7.6,447047.0
2024-12-27,7.58,7.79,7.57,7.73,495885.0
2024-12-30,7.73,7.84,7.55,7.56,543241.0
2024-12-31,7.55,7.59,7.41,7.44,406490.0
2025-01-02,7.45,7.46,6.95,7.01,683479.0
2025-01-03,6.98,7.07,6.85,6.88,411651.0
2025-01-06,6.89,7.01,6.81,7.0,378147.0
2025-01-07,7.01,7.04,6.85,6.95,319216.0
2025-01-08,6.95,7.07,6.83,7.04,420271.0
2025-01-09,7.01,7.05,6.96,6.98,228736.0
2025-01-10,7.0,7.01,6.87,6.87,242107.0
2025-01-13,6.82,6.88,6.73,6.75,293589.0
2025-01-14,6.78,7.12,6.76,7.11,496316.0
2025-01-15,7.09,7.11,6.97,7.0,278050.0
2025-01-16,7.03,7.14,7.0,7.04,300651.0
2025-01-17,7.01,7.15,6.98,7.12,263880.0
2025-01-20,7.13,7.28,7.1,7.19,259198.0
2025-01-21,7.22,7.23,7.1,7.13,210744.0
2025-01-22,7.16,7.24,7.11,7.2,251264.0
2025-01-23,7.33,7.34,7.17,7.18,271447.0
2025-01-24,7.2,7.32,7.16,7.27,247927.0
2025-01-27,7.27,7.32,7.16,7.16,212423.0
2025-02-05,7.18,7.19,6.98,7.06,344673.0
2025-02-06,7.03,7.07,6.91,7.04,386144.0
2025-02-07,7.04,7.18,6.98,7.11,339469.0
2025-02-10,7.11,7.14,7.0,7.02,412382.0
2025-02-11,7.02,7.05,6.95,6.99,307791.0
2025-02-12,7.0,7.13,6.99,7.1,373045.0
2025-02-13,6.98,6.98,6.78,6.79,737900.0
2025-02-14,6.76,6.9,6.76,6.86,434338.0
2025-02-17,6.86,6.94,6.79,6.9,425552.0
2025-02-18,6.88,6.93,6.76,6.78,382544.0
2025-02-19,6.76,6.86,6.73,6.81,346072.0
2025-02-20,6.78,6.79,6.68,6.69,464326.0
2025-02-21,6.69,7.12,6.68,7.02,1070239.0
2025-02-24,7.14,7.22,6.91,6.96,618980.0
2025-02-25,6.88,6.89,6.72,6.74,645583.0
2025-02-26,6.81,6.88,6.75,6.78,406675.0
2025-02-27,6.79,6.8,6.65,6.72,434122.0
2025-02-28,6.72,6.8,6.63,6.63,453664.0
2025-03-03,6.61,6.75,6.58,6.61,401150.0
2025-03-04,6.59,6.68,6.56,6.61,253324.0
2025-03-05,6.6,6.64,6.51,6.56,312569.0
2025-03-06,6.56,6.6,6.51,6.56,537961.0
2025-03-07,6.55,6.55,6.46,6.48,510979.0
2025-03-10,6.48,6.51,6.37,6.45,533192.0
2025-03-11,6.4,6.47,6.35,6.46,389436.0
2025-03-12,6.53,6.57,6.46,6.54,718847.0
2025-03-13,6.54,6.7,6.53,6.57,766573.0
2025-03-14,6.6,6.68,6.53,6.66,814264.0
2025-03-17,6.67,6.7,6.59,6.6,568722.0
2025-03-18,6.63,6.64,6.54,6.55,544686.0
2025-03-19,6.57,6.63,6.56,6.57,465014.0
2025-03-20,6.55,6.61,6.49,6.58,435509.0
2025-03-21,6.57,6.7,6.51,6.54,764841.0
2025-03-24,6.54,6.73,6.54,6.66,892930.0
2025-03-25,6.66,6.86,6.62,6.8,1071718.0
2025-03-26,6.78,6.79,6.69,6.73,599721.0
2025-03-27,6.73,6.74,6.58,6.63,464952.0
2025-03-28,6.63,6.65,6.55,6.6,395977.0
2025-03-31,6.6,6.69,6.5,6.51,609147.0
2025-04-01,6.5,6.66,6.49,6.65,599959.0
2025-04-02,6.65,6.71,6.54,6.65,458022.0
2025-04-03,6.59,6.74,6.58,6.68,471359.0
2025-04-07,6.43,6.47,6.0,6.0,757940.0
2025-04-08,5.99,6.23,5.96,6.19,923776.0
2025-04-09,6.09,6.38,6.0,6.33,764057.0
2025-04-10,6.38,6.46,6.24,6.3,720880.0
2025-04-11,6.29,6.29,6.13,6.19,607739.0
2025-04-14,6.26,6.28,6.2,6.24,478938.0
2025-04-15,6.31,6.34,6.14,6.17,714431.0
2025-04-16,6.18,6.18,5.99,6.06,682721.0
2025-04-17,6.03,6.07,6.01,6.04,403811.0
2025-04-18,6.02,6.16,6.01,6.13,566728.0
2025-04-21,6.16,6.25,6.13,6.17,510293.0
2025-04-22,6.15,6.15,6.08,6.09,421354.0
2025-04-23,6.11,6.13,6.06,6.08,377232.0
2025-04-24,6.09,6.34,6.07,6.22,1097573.0
2025-04-25,6.23,6.27,6.14,6.22,693772.0
2025-04-28,6.24,6.26,6.11,6.13,592948.0
2025-04-29,6.15,6.23,6.08,6.14,511654.0
2025-04-30,6.13,6.15,6.07,6.09,523731.0
2025-05-06,6.12,6.23,6.08,6.23,806166.0
2025-05-07,6.28,6.31,6.2,6.24,610443.0
2025-05-08,6.23,6.28,6.2,6.25,453134.0
2025-05-09,6.25,6.27,6.18,6.19,378997.0
2025-05-12,6.23,6.26,6.21,6.24,359588.0
2025-05-13,6.28,6.35,6.23,6.3,740206.0
2025-05-14,6.26,6.3,6.19,6.28,594392.0
2025-05-15,6.26,6.28,6.17,6.17,476342.0
2025-05-16,6.17,6.24,6.15,6.16,419177.0
2025-05-19,6.16,6.22,6.11,6.19,376092.0
2025-05-20,6.19,6.23,6.16,6.21,331706.0
2025-05-21,6.22,6.26,6.18,6.19,479642.0
2025-05-22,6.18,6.19,6.1,6.11,462820.0
2025-05-23,6.11,6.16,6.06,6.07,427615.0
2025-05-26,6.06,6.2,6.05,6.19,673105.0
2025-05-27,6.19,6.21,6.11,6.12,411358.0
2025-05-28,6.12,6.28,6.12,6.25,965940.0
2025-05-29,6.25,6.25,6.19,6.22,499330.0
2025-05-30,6.21,6.22,6.11,6.11,549931.0
2025-06-03,6.09,6.12,6.07,6.12,330366.0
2025-06-04,6.12,6.13,6.09,6.12,360420.0
2025-06-05,6.13,6.17,6.1,6.13,353832.0
2025-06-06,6.13,6.23,6.1,6.16,590026.0
2025-06-09,6.19,6.22,6.14,6.17,439429.0
2025-06-10,6.17,6.18,6.07,6.11,509347.0
2025-06-11,6.1,6.14,6.09,6.12,400464.0
2025-06-12,6.11,6.12,6.07,6.08,371867.0
2025-06-13,6.07,6.09,6.04,6.05,385504.0
2025-06-16,6.04,6.05,6.01,6.05,325836.0
2025-06-17,6.04,6.06,6.02,6.06,265517.0
2025-06-18,6.04,6.06,6.01,6.02,306644.0
2025-06-19,6.01,6.02,5.9,5.9,596056.0
2025-06-20,5.89,5.92,5.84,5.85,346162.0
2025-06-23,5.82,5.86,5.79,5.85,332281.0
2025-06-24,5.86,5.94,5.86,5.93,358889.0
2025-06-25,5.95,5.96,5.92,5.95,410003.0
2025-06-26,5.96,6.03,5.93,5.94,472887.0
2025-06-27,5.96,6.05,5.95,6.0,603265.0
2025-06-30,6.0,6.03,5.98,6.02,394948.0
2025-07-01,6.02,6.02,5.99,6.0,268848.0
2025-07-02,5.99,6.05,5.99,6.03,408178.0
2025-07-03,6.03,6.04,6.0,6.02,253531.0
2025-07-04,6.02,6.06,6.0,6.02,336415.0
2025-07-07,6.04,6.17,6.04,6.16,774476.0
2025-07-08,6.17,6.24,6.12,6.2,723905.0
2025-07-09,6.2,6.3,6.17,6.19,634173.0
2025-07-10,6.19,6.23,6.15,6.19,458342.0
2025-07-11,6.2,6.21,6.15,6.19,412960.0
2025-07-14,6.18,6.44,6.18,6.35,1183409.0
2025-07-15,6.33,6.34,6.2,6.25,733940.0
2025-07-16,6.28,6.31,6.18,6.2,496118.0
2025-07-17,6.2,6.23,6.18,6.21,357717.0
2025-07-18,6.21,6.26,6.2,6.24,477246.0
2025-07-21,6.49,6.87,6.36,6.87,2844648.0
2025-07-22,7.21,7.56,6.87,7.37,4615426.0
2025-07-23,7.41,7.46,6.9,6.91,2994083.0
2025-07-24,6.81,6.94,6.7,6.86,1682481.0
2025-07-25,6.8,6.82,6.66,6.67,1218944.0
2025-07-28,6.63,6.66,6.57,6.62,725950.0
2025-07-29,6.61,6.62,6.52,6.62,762945.0
2025-07-30,6.6,6.65,6.52,6.56,591482.0
2025-07-31,6.55,6.56,6.43,6.45,620130.0
2025-08-01,6.44,6.47,6.39,6.4,416807.0
2025-08-04,6.36,6.45,6.35,6.45,375993.0
2025-08-05,6.43,6.49,6.43,6.45,387926.0
2025-08-06,6.46,6.48,6.41,6.47,445969.0
2025-08-07,6.47,6.48,6.39,6.42,428215.0
2025-08-08,6.41,6.48,6.39,6.48,423255.0
2025-08-11,6.48,6.52,6.45,6.5,495268.0
2025-08-12,6.5,6.51,6.42,6.44,406656.0
2025-08-13,6.44,6.48,6.43,6.45,554988.0
2025-08-14,6.45,6.46,6.32,6.32,663163.0
2025-08-15,6.32,6.44,6.3,6.39,576264.0
2025-08-18,6.41,6.47,6.41,6.44,691760.0
2025-08-19,6.46,6.62,6.45,6.56,1129320.0
2025-08-20,6.57,6.62,6.5,6.61,796495.0
2025-08-21,6.66,6.77,6.59,6.61,869755.0
2025-08-22,6.6,6.65,6.55,6.64,676654.0
2025-08-25,6.66,6.74,6.63,6.68,900172.0
2025-08-26,6.69,6.72,6.62,6.67,695082.0
2025-08-27,6.67,6.67,6.52,6.52,824722.0
2025-08-28,6.52,6.57,6.36,6.53,718962.0
2025-08-29,6.52,6.57,6.45,6.46,624507.0
2025-09-01,6.48,6.49,6.43,6.46,523274.0
2025-09-02,6.46,6.48,6.32,6.36,608827.0
2025-09-03,6.37,6.37,6.23,6.25,522278.0
2025-09-04,6.25,6.32,6.18,6.25,578396.0
2025-09-05,6.25,6.32,6.22,6.32,522798.0
2025-09-08,6.3,6.45,6.3,6.43,727549.0
2025-09-09,6.43,6.46,6.37,6.41,404431.0
2025-09-10,6.39,6.39,6.28,6.32,419486.0
2025-09-11,6.31,6.38,6.27,6.37,409582.0
2025-09-12,6.4,6.45,6.36,6.38,426732.0
2025-09-15,6.38,6.42,6.33,6.34,307695.0
2025-09-16,6.33,6.35,6.25,6.29,444538.0
2025-09-17,6.31,6.45,6.29,6.44,734522.0
2025-09-18,6.45,6.52,6.33,6.37,709635.0
2025-09-19,6.36,6.48,6.34,6.46,644645.0
2025-09-22,6.46,6.47,6.29,6.34,634952.0
2025-09-23,6.35,6.44,6.24,6.4,599366.0
2025-09-24,6.38,6.54,6.33,6.52,836482.0
2025-09-25,6.53,6.6,6.48,6.56,722783.0
2025-09-26,6.55,6.67,6.52,6.55,717645.0
2025-09-29,6.54,6.61,6.46,6.59,607914.0
2025-09-30,6.57,6.77,6.56,6.71,1099503.0
2025-10-09,6.77,7.02,6.73,7.02,1457756.0
2025-10-10,7.03,7.29,6.95,7.13,1692848.0
2025-10-13,6.96,7.09,6.93,7.04,1220331.0
2025-10-14,7.07,7.25,6.97,7.04,1167130.0
2025-10-15,7.05,7.32,7.01,7.31,1703980.0
2025-10-16,7.49,7.51,7.25,7.32,1886119.0
2025-10-17,7.23,7.28,6.85,6.87,1771468.0
2025-10-20,6.98,7.2,6.94,7.04,1194292.0
2025-10-21,7.05,7.3,7.02,7.22,1249060.0
2025-10-22,7.06,7.07,6.89,6.98,1250678.0
2025-10-23,6.95,6.98,6.76,6.97,964708.0
2025-10-24,6.95,7.14,6.91,7.06,1092978.0
2025-10-27,7.18,7.77,7.13,7.63,4010318.0
2025-10-28,7.45,7.59,7.32,7.36,2458261.0
2025-10-29,7.43,8.1,7.42,8.1,2710319.0
2025-10-30,8.12,8.12,7.83,7.85,3144083.0
2025-10-31,7.95,8.26,7.82,7.92,2851835.0
2025-11-03,8.11,8.6,8.0,8.38,3600102.0
2025-11-04,8.35,8.63,8.15,8.24,3028432.0
2025-11-05,7.99,9.07,7.98,8.84,5285454.0
2025-11-06,8.91,9.73,8.65,9.73,6944895.0
2025-11-07,9.45,10.57,9.37,10.03,6555204.0
2025-11-10,10.15,11.03,9.7,10.58,6230790.0
2025-11-11,10.45,10.88,10.12,10.48,4816555.0
2025-11-12,10.25,10.5,9.73,9.73,4445007.0
2025-11-13,9.55,10.0,9.46,9.75,3647735.0
2025-11-14,9.55,9.65,9.27,9.27,3018957.0
2025-11-17,9.18,9.33,9.01,9.17,2294045.0
2025-11-18,9.14,9.22,8.88,8.95,1952209.0
2025-11-19,8.94,9.07,8.81,8.93,1677108.0
2025-11-20,9.04,9.11,8.77,8.79,2042179.0
2025-11-21,8.21,8.33,7.91,7.91,3095836.0
2025-11-24,7.91,8.12,7.91,8.08,1690159.0
2025-11-25,8.15,8.44,8.03,8.37,1894460.0
2025-11-26,8.34,8.34,8.17,8.22,1148414.0
2025-11-27,8.19,8.31,8.1,8.11,1041970.0
2025-11-28,8.08,8.33,8.03,8.28,1034937.0
2025-12-01,8.36,8.46,8.26,8.32,944591.0
2025-12-02,8.27,8.28,8.13,8.18,643817.0
2025-12-03,8.17,8.21,8.05,8.08,656840.0
2025-12-04,8.07,8.13,8.03,8.07,587763.0
2025-12-05,8.07,8.48,8.03,8.43,1877204.0
2025-12-08,8.47,8.49,8.35,8.38,1137877.0
2025-12-09,8.33,8.42,8.27,8.32,722777.0
2025-12-10,8.3,8.3,8.12,8.23,694188.0
2025-12-11,8.25,8.5,8.2,8.2,1227650.0
2025-12-12,8.21,9.03,8.21,9.03,2508602.0
2025-12-15,9.47,9.84,9.45,9.55,5457560.0
2025-12-16,9.42,9.56,9.12,9.19,2726804.0
2025-12-17,9.13,9.69,9.13,9.46,3119613.0
2025-12-18,9.25,9.26,8.91,8.95,2609903.0
2025-12-19,9.0,9.49,9.0,9.09,1960909.0
2025-12-22,9.05,9.38,9.02,9.27,2105983.0
2025-12-23,9.21,9.7,9.09,9.65,3413770.0
2025-12-24,9.56,9.6,9.3,9.51,2123662.0
2025-12-25,9.44,9.64,9.38,9.49,1697465.0
2025-12-26,9.42,9.65,9.2,9.46,2234745.0
2025-12-29,9.41,9.46,9.1,9.16,1674002.0
2025-12-30,9.1,9.17,9.03,9.06,1102050.0
2025-12-31,9.12,9.16,8.98,9.05,944294.0
2026-01-05,9.17,9.45,9.16,9.4,1816993.0
2026-01-06,9.41,9.63,9.39,9.58,1897578.0
2026-01-07,9.68,10.54,9.65,10.54,1904938.0
2026-01-08,10.54,10.89,10.2,10.5,5347253.0
2026-01-09,10.48,11.13,10.46,10.81,3793237.0
2026-01-12,11.0,11.6,10.94,11.34,4043657.0
2026-01-13,11.35,12.48,10.75,12.35,5719673.0
2026-01-14,12.53,13.32,12.35,12.74,6187732.0
2026-01-15,12.74,13.95,11.97,13.38,5189258.0
2026-01-16,14.45,14.49,12.95,13.0,5823255.0
2026-01-19,12.91,14.31,12.9,14.31,4502275.0
2026-01-20,14.95,15.75,14.75,15.58,7153554.0
2026-01-21,15.35,16.83,15.18,15.99,6561131.0
2026-01-22,15.75,16.95,15.21,15.41,6009321.0
2026-01-23,15.36,16.65,15.22,15.89,5975884.0
2026-01-26,15.57,16.87,15.45,16.1,5037165.0
2026-01-27,15.65,16.02,14.8,15.34,4281223.0
2026-01-28,15.33,15.58,15.03,15.23,2879812.0
2026-01-29,14.95,15.52,14.66,14.95,2592346.0
2026-01-30,14.75,14.9,13.94,14.45,2658364.0
2026-02-02,15.15,15.9,14.97,15.55,5573292.0
2026-02-03,15.55,15.82,15.03,15.71,4500674.0
2026-02-04,15.65,15.97,15.2,15.49,2756747.0
2026-02-05,15.3,15.31,14.27,14.38,2851309.0
2026-02-06,14.08,15.03,14.05,14.63,2492044.0
2026-02-09,14.73,14.84,14.45,14.67,1826741.0
2026-02-10,14.55,14.65,14.3,14.45,1242991.0
2026-02-11,14.44,14.75,14.37,14.42,1331569.0
2026-02-12,14.64,15.23,14.45,14.8,2775587.0
2026-02-13,14.62,14.74,14.31,14.46,1542405.0
2026-02-24,14.63,15.6,14.61,15.33,2775688.0
2026-02-25,15.34,16.06,15.22,15.74,2762398.0
2026-02-26,15.74,16.2,15.45,16.02,2923078.0
2026-02-27,15.87,16.21,15.66,16.03,2462755.0
2026-03-02,15.77,16.73,15.75,16.11,3023105.0
2026-03-03,16.03,16.22,15.25,15.42,2397324.0
2026-03-04,15.09,16.83,15.05,16.41,3997070.0
2026-03-05,16.85,18.06,16.63,18.06,3247040.0
2026-03-06,18.55,19.53,18.27,19.25,5516589.0
2026-03-09,18.85,20.56,18.84,20.12,5344522.0
2026-03-10,19.95,20.6,19.53,19.94,4428440.0
2026-03-11,19.96,20.05,18.67,19.1,5387645.0
2026-03-12,18.75,19.29,18.28,18.59,3789451.0
2026-03-13,18.46,18.5,17.54,17.6,3225191.0
2026-03-16,17.85,17.9,17.1,17.29,2080698.0
2026-03-17,17.4,18.05,17.07,17.37,2961820.0
2026-03-18,17.45,17.83,17.03,17.8,3012623.0
2026-03-19,17.4,17.62,16.82,17.06,2382484.0
2026-03-20,17.07,17.24,16.21,16.25,2512301.0
2026-03-23,15.69,16.79,15.68,16.02,2447483.0
2026-03-24,16.38,16.62,15.64,16.32,2291615.0
2026-03-25,16.35,16.93,16.35,16.64,2301006.0
2026-03-26,16.57,16.57,15.8,15.89,1932620.0
2026-03-27,15.65,16.13,15.56,16.02,1338320.0
2026-03-30,15.76,15.84,15.32,15.75,1420695.0
2026-03-31,15.81,15.92,15.15,15.16,1535629.0
2026-04-01,15.54,15.8,15.43,15.59,1345485.0
2026-04-02,15.6,16.07,15.2,15.28,1558463.0
2026-04-03,15.47,15.63,14.96,15.0,1270143.0
2026-04-07,15.0,15.1,14.77,14.92,1085721.0
2026-04-08,15.3,15.97,15.3,15.96,2120006.0
2026-04-09,15.65,15.9,15.45,15.74,1379868.0
2026-04-10,15.95,16.23,15.72,16.03,1834404.0
2026-04-13,15.85,15.91,15.45,15.77,1575160.0
2026-04-14,15.95,16.2,15.78,16.15,2009791.0
2026-04-15,16.37,17.75,16.25,17.65,4449445.0
2026-04-16,17.64,17.64,16.94,17.39,3143911.0
2026-04-17,17.4,17.53,17.01,17.14,1932650.0
2026-04-20,17.13,18.35,16.71,18.17,3497737.0
2026-04-21,18.18,18.18,17.59,17.84,2182398.0
2026-04-22,17.85,18.15,17.71,17.9,2145174.0
2026-04-23,17.91,18.46,17.32,17.97,2774818.0
2026-04-24,17.66,17.89,17.15,17.16,2024336.0
2026-04-27,16.92,17.19,16.68,16.87,1376840.0
2026-04-28,16.86,17.45,16.46,17.15,2106943.0
2026-04-29,17.1,17.32,16.75,17.1,1461312.0
2026-04-30,17.1,17.17,16.75,16.87,1213409.0
2026-05-06,16.87,17.42,16.87,17.38,1908804.0
2026-05-07,17.5,17.65,17.2,17.45,1962315.0
2026-05-08,17.6,17.75,17.11,17.14,2095128.0
2026-05-11,17.15,18.29,17.15,18.05,3188643.0
2026-05-12,18.05,19.36,17.72,19.15,4524247.0
2026-05-13,19.26,19.84,18.67,18.97,4570786.0
2026-05-14,18.75,18.89,17.55,17.56,3542213.0
2026-05-15,17.5,17.68,16.78,17.09,2382969.0
2026-05-18,16.91,17.24,16.83,17.07,1395190.0
2026-05-19,17.21,17.64,16.83,17.55,1916505.0
2026-05-20,17.45,17.53,16.95,17.03,1475884.0
2026-05-21,16.96,16.96,16.05,16.07,2443883.0
2026-05-22,16.0,16.3,15.85,16.2,1117104.0
2026-05-25,16.5,16.97,16.45,16.6,1456989.0
2026-05-26,16.45,16.46,15.97,16.13,1209857.0
2026-05-27,16.12,16.82,15.98,16.53,1835278.0
2026-05-28,16.56,16.78,16.17,16.5,1270248.0
2026-05-29,16.34,16.59,16.04,16.52,1344519.0
2026-06-01,16.25,17.22,16.15,16.95,1836475.0
2026-06-02,16.96,16.96,16.21,16.49,1347644.0
2026-06-03,16.3,16.55,16.1,16.37,1217879.0
2026-06-04,16.15,16.27,15.56,15.56,1814631.0
2026-06-05,15.45,15.48,14.95,14.98,1587171.0
2026-06-08,14.35,14.64,13.84,13.96,1534277.0
2026-06-09,14.2,14.25,13.94,14.24,1050040.0
2026-06-10,13.98,14.04,13.48,13.59,1392055.0
2026-06-11,13.45,13.64,13.33,13.41,894864.0
2026-06-12,13.66,13.74,13.33,13.42,1230387.0
2026-06-15,13.95,14.77,13.95,14.77,1877950.0
2026-06-16,15.46,16.25,15.34,16.25,2317980.0
2026-06-17,16.37,16.53,15.56,15.74,3475128.0
2026-06-18,15.63,15.64,15.05,15.21,2379121.0
2026-06-22,15.27,16.74,15.19,16.74,2592730.0
2026-06-23,16.45,16.95,15.9,16.14,3065910.0
2026-06-24,15.83,16.35,15.76,16.21,1760896.0
2026-06-25,16.16,16.4,15.73,16.09,1428016.0
2026-06-26,16.4,16.5,14.88,14.88,2469964.0
2026-06-29,14.83,15.48,14.59,15.0,1637449.0
2026-06-30,14.82,15.06,14.51,14.92,1199233.0
2026-07-01,14.92,14.93,14.3,14.5,1614559.0
2026-07-02,14.26,14.6,14.01,14.06,1224935.0
2026-07-03,14.06,14.54,14.0,14.29,1061861.0
2026-07-06,14.42,14.57,14.0,14.02,1039551.0
2026-07-07,14.13,14.18,13.51,13.58,918213.0
2026-07-08,13.54,13.63,13.22,13.27,847067.0
2026-07-09,13.25,13.35,12.61,13.31,1335212.0
2026-07-10,13.32,13.74,13.12,13.42,1237138.0
2026-07-13,13.27,13.27,12.38,12.39,1349726.0
2026-07-14,12.37,12.47,11.96,12.44,1109724.0
2026-07-15,12.56,12.56,12.03,12.09,920195.0
2026-07-16,12.0,12.11,11.65,11.7,1076872.0
2026-07-17,11.64,12.25,11.49,11.64,1519731.0
