date,open,high,low,close,volume
2015-01-05,0.16327063740856845,0.16327063740856845,0.16327063740856845,0.16327063740856845,0.0
2015-01-06,0.1632493143528797,0.1632493143528797,0.1632493143528797,0.1632493143528797,0.0
2015-01-07,0.16321467626368963,0.16321467626368963,0.16321467626368963,0.16321467626368963,0.0
2015-01-08,0.16312681478581448,0.16312681478581448,0.16312681478581448,0.16312681478581448,0.0
2015-01-09,0.1631427825632994,0.1631427825632994,0.1631427825632994,0.1631427825632994,0.0
2015-01-12,0.16331063315532474,0.16331063315532474,0.16331063315532474,0.16331063315532474,0.0
2015-01-13,0.16341204346760355,0.16341204346760355,0.16341204346760355,0.16341204346760355,0.0
2015-01-14,0.1633853443346132,0.1633853443346132,0.1633853443346132,0.1633853443346132,0.0
2015-01-15,0.16341738434134623,0.16341738434134623,0.16341738434134623,0.16341738434134623,0.0
2015-01-16,0.16343073805321304,0.16343073805321304,0.16343073805321304,0.16343073805321304,0.0
2015-01-19,0.16331863465621427,0.16331863465621427,0.16331863465621427,0.16331863465621427,0.0
2015-01-20,0.16332930454382125,0.16332930454382125,0.16332930454382125,0.16332930454382125,0.0
2015-01-21,0.16321734021022394,0.16321734021022394,0.16321734021022394,0.16321734021022394,0.0
2015-01-22,0.16327330318219668,0.16327330318219668,0.16327330318219668,0.16327330318219668,0.0
2015-01-23,0.16302044276352254,0.16302044276352254,0.16302044276352254,0.16302044276352254,0.0
2015-01-26,0.16290890134236935,0.16290890134236935,0.16290890134236935,0.16290890134236935,0.0
2015-01-28,0.16318005287033713,0.16318005287033713,0.16318005287033713,0.16318005287033713,0.0
2015-01-29,0.16303904785196055,0.16303904785196055,0.16303904785196055,0.16303904785196055,0.0
2015-01-30,0.16294606485253382,0.16294606485253382,0.16294606485253382,0.16294606485253382,0.0
2015-02-02,0.1629062474545899,0.1629062474545899,0.1629062474545899,0.1629062474545899,0.0
2015-02-03,0.1629487200378041,0.1629487200378041,0.1629487200378041,0.1629487200378041,0.0
2015-02-04,0.16308424932320037,0.16308424932320037,0.16308424932320037,0.16308424932320037,0.0
2015-02-05,0.1629566861128312,0.1629566861128312,0.1629566861128312,0.1629566861128312,0.0
2015-02-06,0.16323599027113497,0.16323599027113497,0.16323599027113497,0.16323599027113497,0.0
2015-02-09,0.16310286897946535,0.16310286897946535,0.16310286897946535,0.16310286897946535,0.0
2015-02-10,0.16314544416347174,0.16314544416347174,0.16314544416347174,0.16314544416347174,0.0
2015-02-11,0.16309222865530457,0.16309222865530457,0.16309222865530457,0.16309222865530457,0.0
2015-02-12,0.16304436437154549,0.16304436437154549,0.16304436437154549,0.16304436437154549,0.0
2015-02-13,0.1631640777966323,0.1631640777966323,0.1631640777966323,0.1631640777966323,0.0
2015-02-16,0.163204021347086,0.163204021347086,0.163204021347086,0.163204021347086,0.0
2015-02-17,0.16305233980107614,0.16305233980107614,0.16305233980107614,0.16305233980107614,0.0
2015-02-25,0.16290890134236935,0.16290890134236935,0.16290890134236935,0.16290890134236935,0.0
2015-02-26,0.16292217207839815,0.16292217207839815,0.16292217207839815,0.16292217207839815,0.0
2015-02-27,0.16266775111834078,0.16266775111834078,0.16266775111834078,0.16266775111834078,0.0
2015-03-02,0.16256726220473722,0.16256726220473722,0.16256726220473722,0.16256726220473722,0.0
2015-03-03,0.16248801650878247,0.16248801650878247,0.16248801650878247,0.16248801650878247,0.0
2015-03-04,0.16253555465258027,0.16253555465258027,0.16253555465258027,0.16253555465258027,0.0
2015-03-05,0.1625276296970485,0.1625276296970485,0.1625276296970485,0.1625276296970485,0.0
2015-03-06,0.16251442315505502,0.16251442315505502,0.16251442315505502,0.16251442315505502,0.0
2015-03-09,0.1624352289524552,0.1624352289524552,0.1624352289524552,0.1624352289524552,0.0
2015-03-10,0.16241148574027156,0.16241148574027156,0.16241148574027156,0.16241148574027156,0.0
2015-03-11,0.1623455687777002,0.1623455687777002,0.1623455687777002,0.1623455687777002,0.0
2015-03-12,0.16229287371991497,0.16229287371991497,0.16229287371991497,0.16229287371991497,0.0
2015-03-13,0.1623692927193609,0.1623692927193609,0.1623692927193609,0.1623692927193609,0.0
2015-03-16,0.16229814168627768,0.16229814168627768,0.16229814168627768,0.16229814168627768,0.0
2015-03-17,0.1623772022408054,0.1623772022408054,0.1623772022408054,0.1623772022408054,0.0
2015-03-18,0.16245370069530185,0.16245370069530185,0.16245370069530185,0.16245370069530185,0.0
2015-03-19,0.16270745200130166,0.16270745200130166,0.16270745200130166,0.16270745200130166,0.0
2015-03-20,0.16261220241966956,0.16261220241966956,0.16261220241966956,0.16261220241966956,0.0
2015-03-23,0.1627392266631949,0.1627392266631949,0.1627392266631949,0.1627392266631949,0.0
2015-03-24,0.162871754780286,0.162871754780286,0.162871754780286,0.162871754780286,0.0
2015-03-25,0.1628399283504315,0.1628399283504315,0.1628399283504315,0.1628399283504315,0.0
2015-03-26,0.1629327902240326,0.1629327902240326,0.1629327902240326,0.1629327902240326,0.0
2015-03-27,0.16287440754434254,0.16287440754434254,0.16287440754434254,0.16287440754434254,0.0
2015-03-30,0.16286114458812417,0.16286114458812417,0.16286114458812417,0.16286114458812417,0.0
2015-03-31,0.16280811435641954,0.16280811435641954,0.16280811435641954,0.16280811435641954,0.0
2015-04-01,0.16277631279096266,0.16277631279096266,0.16277631279096266,0.16277631279096266,0.0
2015-04-02,0.162877060394814,0.162877060394814,0.162877060394814,0.162877060394814,0.0
2015-04-03,0.1630044989241703,0.1630044989241703,0.1630044989241703,0.1630044989241703,0.0
2015-04-07,0.1631188320691624,0.1631188320691624,0.1631188320691624,0.1631188320691624,0.0
2015-04-08,0.16301247045398973,0.16301247045398973,0.16301247045398973,0.16301247045398973,0.0
2015-04-09,0.16303107372265155,0.16303107372265155,0.16303107372265155,0.16303107372265155,0.0
2015-04-10,0.16294606485253382,0.16294606485253382,0.16294606485253382,0.16294606485253382,0.0
2015-04-13,0.16287971333170453,0.16287971333170453,0.16287971333170453,0.16287971333170453,0.0
2015-04-14,0.16284788379175014,0.16284788379175014,0.16284788379175014,0.16284788379175014,0.0
2015-04-15,0.163025758069775,0.163025758069775,0.163025758069775,0.163025758069775,0.0
2015-04-16,0.1631188320691624,0.1631188320691624,0.1631188320691624,0.1631188320691624,0.0
2015-04-17,0.16322000424372013,0.16322000424372013,0.16322000424372013,0.16322000424372013,0.0
2015-04-20,0.1632519794302506,0.1632519794302506,0.1632519794302506,0.1632519794302506,0.0
2015-04-21,0.16318537859007834,0.16318537859007834,0.16318537859007834,0.16318537859007834,0.0
2015-04-22,0.16315875346712352,0.16315875346712352,0.16315875346712352,0.16315875346712352,0.0
2015-04-23,0.16318271568675446,0.16318271568675446,0.16318271568675446,0.16318271568675446,0.0
2015-04-24,0.16328929965219377,0.16328929965219377,0.16328929965219377,0.16328929965219377,0.0
2015-04-27,0.1633453119895459,0.1633453119895459,0.1633453119895459,0.1633453119895459,0.0
2015-04-28,0.16337466712411575,0.16337466712411575,0.16337466712411575,0.16337466712411575,0.0
2015-04-29,0.163481502068041,0.163481502068041,0.163481502068041,0.163481502068041,0.0
2015-04-30,0.16356707067733126,0.16356707067733126,0.16356707067733126,0.16356707067733126,0.0
2015-05-04,0.16349219324777242,0.16349219324777242,0.16349219324777242,0.16349219324777242,0.0
2015-05-05,0.16345210853220005,0.16345210853220005,0.16345210853220005,0.16345210853220005,0.0
2015-05-06,0.16351625351559945,0.16351625351559945,0.16351625351559945,0.16351625351559945,0.0
2015-05-07,0.16363130594145273,0.16363130594145273,0.16363130594145273,0.16363130594145273,0.0
2015-05-08,0.16354032086610953,0.16354032086610953,0.16354032086610953,0.16354032086610953,0.0
2015-05-11,0.16358044886475168,0.16358044886475168,0.16358044886475168,0.16358044886475168,0.0
2015-05-12,0.1635189273158368,0.1635189273158368,0.1635189273158368,0.1635189273158368,0.0
2015-05-13,0.16360453511771345,0.16360453511771345,0.16360453511771345,0.16360453511771345,0.0
2015-05-14,0.16368487388080466,0.16368487388080466,0.16368487388080466,0.16368487388080466,0.0
2015-05-15,0.16370631087828436,0.16370631087828436,0.16370631087828436,0.16370631087828436,0.0
2015-05-18,0.16372239231159647,0.16372239231159647,0.16372239231159647,0.16372239231159647,0.0
2015-05-19,0.16367147860813774,0.16367147860813774,0.16367147860813774,0.16367147860813774,0.0
2015-05-20,0.16359918200409,0.16359918200409,0.16359918200409,0.16359918200409,0.0
2015-05-21,0.16356172001504768,0.16356172001504768,0.16356172001504768,0.16356172001504768,0.0
2015-05-22,0.16358312476484926,0.16358312476484926,0.16358312476484926,0.16358312476484926,0.0
2015-05-25,0.16349219324777242,0.16349219324777242,0.16349219324777242,0.16349219324777242,0.0
2015-05-26,0.16347348460079775,0.16347348460079775,0.16347348460079775,0.16347348460079775,0.0
2015-05-27,0.1634040328115298,0.1634040328115298,0.1634040328115298,0.1634040328115298,0.0
2015-05-28,0.16339335315839354,0.16339335315839354,0.16339335315839354,0.16339335315839354,0.0
2015-05-29,0.16340937316164456,0.16340937316164456,0.16340937316164456,0.16340937316164456,0.0
2015-06-01,0.1633800055549202,0.1633800055549202,0.1633800055549202,0.1633800055549202,0.0
2015-06-02,0.16333197223356474,0.16333197223356474,0.16333197223356474,0.16333197223356474,0.0
2015-06-03,0.16346279586766052,0.16346279586766052,0.16346279586766052,0.16346279586766052,0.0
2015-06-04,0.1634948662611994,0.1634948662611994,0.1634948662611994,0.1634948662611994,0.0
2015-06-05,0.1634494369166898,0.1634494369166898,0.1634494369166898,0.1634494369166898,0.0
2015-06-08,0.1633853443346132,0.1633853443346132,0.1633853443346132,0.1633853443346132,0.0
2015-06-09,0.16345478023504798,0.16345478023504798,0.16345478023504798,0.16345478023504798,0.0
2015-06-10,0.16347081228646623,0.16347081228646623,0.16347081228646623,0.16347081228646623,0.0
2015-06-11,0.1635322976287817,0.1635322976287817,0.1635322976287817,0.1635322976287817,0.0
2015-06-12,0.16348684748311998,0.16348684748311998,0.16348684748311998,0.16348684748311998,0.0
2015-06-15,0.163481502068041,0.163481502068041,0.163481502068041,0.163481502068041,0.0
2015-06-16,0.1635189273158368,0.1635189273158368,0.1635189273158368,0.1635189273158368,0.0
2015-06-17,0.16351090617744204,0.16351090617744204,0.16351090617744204,0.16351090617744204,0.0
2015-06-18,0.16359650557864086,0.16359650557864086,0.16359650557864086,0.16359650557864086,0.0
2015-06-19,0.16365540717465304,0.16365540717465304,0.16365540717465304,0.16365540717465304,0.0
2015-06-23,0.1636152423959816,0.1636152423959816,0.1636152423959816,0.1636152423959816,0.0
2015-06-24,0.16355369467796277,0.16355369467796277,0.16355369467796277,0.16355369467796277,0.0
2015-06-25,0.1635376463661935,0.1635376463661935,0.1635376463661935,0.1635376463661935,0.0
2015-06-26,0.16356707067733126,0.16356707067733126,0.16356707067733126,0.16356707067733126,0.0
2015-06-29,0.16348417473188598,0.16348417473188598,0.16348417473188598,0.16348417473188598,0.0
2015-06-30,0.163569746139754,0.163569746139754,0.163569746139754,0.163569746139754,0.0
2015-07-01,0.16353497195375233,0.16353497195375233,0.16353497195375233,0.16353497195375233,0.0
2015-07-02,0.1634761570025012,0.1634761570025012,0.1634761570025012,0.1634761570025012,0.0
2015-07-03,0.16350555918901244,0.16350555918901244,0.16350555918901244,0.16350555918901244,0.0
2015-07-06,0.16347348460079775,0.16347348460079775,0.16347348460079775,0.16347348460079775,0.0
2015-07-07,0.16348952032174738,0.16348952032174738,0.16348952032174738,0.16348952032174738,0.0
2015-07-08,0.16346546791990194,0.16346546791990194,0.16346546791990194,0.16346546791990194,0.0
2015-07-09,0.16352962339127733,0.16352962339127733,0.16352962339127733,0.16352962339127733,0.0
2015-07-10,0.16352427517865026,0.16352427517865026,0.16352427517865026,0.16352427517865026,0.0
2015-07-13,0.16357777305219767,0.16357777305219767,0.16357777305219767,0.16357777305219767,0.0
2015-07-14,0.16349219324777242,0.16349219324777242,0.16349219324777242,0.16349219324777242,0.0
2015-07-15,0.16352694924123495,0.16352694924123495,0.16352694924123495,0.16352694924123495,0.0
2015-07-16,0.16347081228646623,0.16347081228646623,0.16347081228646623,0.16347081228646623,0.0
2015-07-17,0.16342005490913844,0.16342005490913844,0.16342005490913844,0.16342005490913844,0.0
2015-07-21,0.16340136276736547,0.16340136276736547,0.16340136276736547,0.16340136276736547,0.0
2015-07-22,0.16348417473188598,0.16348417473188598,0.16348417473188598,0.16348417473188598,0.0
2015-07-23,0.16347348460079775,0.16347348460079775,0.16347348460079775,0.16347348460079775,0.0
2015-07-24,0.163481502068041,0.163481502068041,0.163481502068041,0.163481502068041,0.0
2015-07-27,0.16346279586766052,0.16346279586766052,0.16346279586766052,0.16346279586766052,0.0
2015-07-28,0.16352160120351897,0.16352160120351897,0.16352160120351897,0.16352160120351897,0.0
2015-07-29,0.1635322976287817,0.1635322976287817,0.1635322976287817,0.1635322976287817,0.0
2015-07-30,0.16349219324777242,0.16349219324777242,0.16349219324777242,0.16349219324777242,0.0
2015-07-31,0.16347348460079775,0.16347348460079775,0.16347348460079775,0.16347348460079775,0.0
2015-08-03,0.163481502068041,0.163481502068041,0.163481502068041,0.163481502068041,0.0
2015-08-04,0.16346012390277392,0.16346012390277392,0.16346012390277392,0.16346012390277392,0.0
2015-08-05,0.1634360801490537,0.1634360801490537,0.1634360801490537,0.1634360801490537,0.0
2015-08-06,0.1634494369166898,0.1634494369166898,0.1634494369166898,0.1634494369166898,0.0
2015-08-07,0.16346814005950241,0.16346814005950241,0.16346814005950241,0.16346814005950241,0.0
2015-08-10,0.1635002125502763,0.1635002125502763,0.1635002125502763,0.1635002125502763,0.0
2015-08-11,0.16051879675109956,0.16051879675109956,0.16051879675109956,0.16051879675109956,0.0
2015-08-12,0.15796291030865953,0.15796291030865953,0.15796291030865953,0.15796291030865953,0.0
2015-08-13,0.1562255897516013,0.1562255897516013,0.1562255897516013,0.1562255897516013,0.0
2015-08-14,0.15631105900742479,0.15631105900742479,0.15631105900742479,0.15631105900742479,0.0
2015-08-17,0.15632572027075617,0.15632572027075617,0.15632572027075617,0.15632572027075617,0.0
2015-08-18,0.15633305193383984,0.15633305193383984,0.15633305193383984,0.15633305193383984,0.0
2015-08-19,0.15634038428466457,0.15634038428466457,0.15634038428466457,0.15634038428466457,0.0
2015-08-20,0.15645779550966127,0.15645779550966127,0.15645779550966127,0.15645779550966127,0.0
2015-08-21,0.15658273831892772,0.15658273831892772,0.15658273831892772,0.15658273831892772,0.0
2015-08-24,0.1565876421032852,0.1565876421032852,0.1565876421032852,0.1565876421032852,0.0
2015-08-25,0.15628174472939815,0.15628174472939815,0.15628174472939815,0.15628174472939815,0.0
2015-08-26,0.1561450900176444,0.1561450900176444,0.1561450900176444,0.1561450900176444,0.0
2015-08-27,0.15604275571506593,0.15604275571506593,0.15604275571506593,0.15604275571506593,0.0
2015-08-28,0.15628418716594256,0.15628418716594256,0.15628418716594256,0.15628418716594256,0.0
2015-08-31,0.15651166794484528,0.15651166794484528,0.15651166794484528,0.15651166794484528,0.0
2015-09-01,0.1568578240682645,0.1568578240682645,0.1568578240682645,0.1568578240682645,0.0
2015-09-02,0.15718574639651675,0.15718574639651675,0.15718574639651675,0.15718574639651675,0.0
2015-09-07,0.1572722697533971,0.1572722697533971,0.1572722697533971,0.1572722697533971,0.0
2015-09-08,0.15713634720847278,0.15713634720847278,0.15713634720847278,0.15713634720847278,0.0
2015-09-09,0.15715363339200403,0.15715363339200403,0.15715363339200403,0.15715363339200403,0.0
2015-09-10,0.1568086307470363,0.1568086307470363,0.1568086307470363,0.1568086307470363,0.0
2015-09-11,0.15693906056278348,0.15693906056278348,0.15693906056278348,0.15693906056278348,0.0
2015-09-14,0.156963694297509,0.156963694297509,0.156963694297509,0.156963694297509,0.0
2015-09-15,0.1570721746642582,0.1570721746642582,0.1570721746642582,0.1570721746642582,0.0
2015-09-16,0.15695630336514316,0.15695630336514316,0.15695630336514316,0.15695630336514316,0.0
2015-09-17,0.1570598397989634,0.1570598397989634,0.1570598397989634,0.1570598397989634,0.0
2015-09-18,0.1572154008206644,0.1572154008206644,0.1572154008206644,0.1572154008206644,0.0
2015-09-21,0.15704504051762044,0.15704504051762044,0.15704504051762044,0.15704504051762044,0.0
2015-09-22,0.1569341347436481,0.1569341347436481,0.1569341347436481,0.1569341347436481,0.0
2015-09-23,0.15680617189092563,0.15680617189092563,0.15680617189092563,0.15680617189092563,0.0
2015-09-24,0.15676192566349484,0.15676192566349484,0.15676192566349484,0.15676192566349484,0.0
2015-09-25,0.15677667163126127,0.15677667163126127,0.15677667163126127,0.15677667163126127,0.0
2015-09-28,0.15691443455883508,0.15691443455883508,0.15691443455883508,0.15691443455883508,0.0
2015-09-29,0.15708451146716934,0.15708451146716934,0.15708451146716934,0.15708451146716934,0.0
2015-09-30,0.15720057221008285,0.15720057221008285,0.15720057221008285,0.15720057221008285,0.0
2015-10-08,0.15746791591213288,0.15746791591213288,0.15746791591213288,0.15746791591213288,0.0
2015-10-09,0.15749767690926558,0.15749767690926558,0.15749767690926558,0.15749767690926558,0.0
2015-10-12,0.1577137810301864,0.1577137810301864,0.1577137810301864,0.1577137810301864,0.0
2015-10-13,0.15815027439072607,0.15815027439072607,0.15815027439072607,0.15815027439072607,0.0
2015-10-14,0.15770880645975272,0.15770880645975272,0.15770880645975272,0.15770880645975272,0.0
2015-10-15,0.1577237311125832,0.1577237311125832,0.1577237311125832,0.1577237311125832,0.0
2015-10-16,0.15763919540954663,0.15763919540954663,0.15763919540954663,0.15763919540954663,0.0
2015-10-19,0.15741338328584698,0.15741338328584698,0.15741338328584698,0.15741338328584698,0.0
2015-10-20,0.15719810104693935,0.15719810104693935,0.15719810104693935,0.15719810104693935,0.0
2015-10-21,0.15754730357789928,0.15754730357789928,0.15754730357789928,0.15754730357789928,0.0
2015-10-22,0.1574877553270233,0.1574877553270233,0.1574877553270233,0.1574877553270233,0.0
2015-10-23,0.15724506643604058,0.15724506643604058,0.15724506643604058,0.15724506643604058,0.0
2015-10-26,0.15735888841681223,0.15735888841681223,0.15735888841681223,0.15735888841681223,0.0
2015-10-27,0.1574951963965099,0.1574951963965099,0.1574951963965099,0.1574951963965099,0.0
2015-10-28,0.1573910853689247,0.1573910853689247,0.1573910853689247,0.1573910853689247,0.0
2015-10-29,0.15724259387382852,0.15724259387382852,0.15724259387382852,0.15724259387382852,0.0
2015-10-30,0.15749271596188677,0.15749271596188677,0.15749271596188677,0.15749271596188677,0.0
2015-11-02,0.1583430978243658,0.1583430978243658,0.1583430978243658,0.1583430978243658,0.0
2015-11-03,0.15795293002685198,0.15795293002685198,0.15795293002685198,0.15795293002685198,0.0
2015-11-04,0.157870640796931,0.157870640796931,0.157870640796931,0.157870640796931,0.0
2015-11-05,0.1577759896498951,0.1577759896498951,0.1577759896498951,0.1577759896498951,0.0
2015-11-06,0.1575820608581919,0.1575820608581919,0.1575820608581919,0.1575820608581919,0.0
2015-11-09,0.1572871118940514,0.1572871118940514,0.1572871118940514,0.1572871118940514,0.0
2015-11-10,0.15722776013332915,0.15722776013332915,0.15722776013332915,0.15722776013332915,0.0
2015-11-11,0.15719810104693935,0.15719810104693935,0.15719810104693935,0.15719810104693935,0.0
2015-11-12,0.15716351291884076,0.15716351291884076,0.15716351291884076,0.15716351291884076,0.0
2015-11-13,0.15709685020815334,0.15709685020815334,0.15709685020815334,0.15709685020815334,0.0
2015-11-16,0.1568627450980392,0.1568627450980392,0.1568627450980392,0.1568627450980392,0.0
2015-11-17,0.15688735487919675,0.15688735487919675,0.15688735487919675,0.15688735487919675,0.0
2015-11-18,0.1567496394758292,0.1567496394758292,0.1567496394758292,0.1567496394758292,0.0
2015-11-19,0.15676192566349484,0.15676192566349484,0.15676192566349484,0.15676192566349484,0.0
2015-11-20,0.15678896205707119,0.15678896205707119,0.15678896205707119,0.15678896205707119,0.0
2015-11-23,0.15657538321825043,0.15657538321825043,0.15657538321825043,0.15657538321825043,0.0
2015-11-24,0.15652391685449538,0.15652391685449538,0.15652391685449538,0.15652391685449538,0.0
2015-11-25,0.15655087120559827,0.15655087120559827,0.15655087120559827,0.15655087120559827,0.0
2015-11-26,0.15650431951921873,0.15650431951921873,0.15650431951921873,0.15650431951921873,0.0
2015-11-27,0.15645779550966127,0.15645779550966127,0.15645779550966127,0.15645779550966127,0.0
2015-11-30,0.1563428285544542,0.1563428285544542,0.1563428285544542,0.1563428285544542,0.0
2015-12-01,0.15631594578962998,0.15631594578962998,0.15631594578962998,0.15631594578962998,0.0
2015-12-02,0.15635260639794865,0.15635260639794865,0.15635260639794865,0.15635260639794865,0.0
2015-12-03,0.15629395767559626,0.15629395767559626,0.15629395767559626,0.15629395767559626,0.0
2015-12-04,0.15661461840848223,0.15661461840848223,0.15661461840848223,0.15661461840848223,0.0
2015-12-07,0.15628662967883097,0.15628662967883097,0.15628662967883097,0.15628662967883097,0.0
2015-12-08,0.15605980211617093,0.15605980211617093,0.15605980211617093,0.15605980211617093,0.0
2015-12-09,0.1559089491736826,0.1559089491736826,0.1559089491736826,0.1559089491736826,0.0
2015-12-10,0.15567594495298587,0.15567594495298587,0.15567594495298587,0.15567594495298587,0.0
2015-12-11,0.1553808384350042,0.1553808384350042,0.1553808384350042,0.1553808384350042,0.0
2015-12-14,0.15505077913016513,0.15505077913016513,0.15505077913016513,0.15505077913016513,0.0
2015-12-15,0.15489707089638935,0.15489707089638935,0.15489707089638935,0.15489707089638935,0.0
2015-12-16,0.15473648376814286,0.15473648376814286,0.15473648376814286,0.15473648376814286,0.0
2015-12-17,0.15442346001204504,0.15442346001204504,0.15442346001204504,0.15442346001204504,0.0
2015-12-18,0.15428765390193477,0.15428765390193477,0.15428765390193477,0.15428765390193477,0.0
2015-12-21,0.1544329992432783,0.1544329992432783,0.1544329992432783,0.1544329992432783,0.0
2015-12-22,0.15444969573409942,0.15444969573409942,0.15444969573409942,0.15444969573409942,0.0
2015-12-23,0.15448548608858198,0.15448548608858198,0.15448548608858198,0.15448548608858198,0.0
2015-12-24,0.154428229480349,0.154428229480349,0.154428229480349,0.154428229480349,0.0
2015-12-25,0.15452845641524887,0.15452845641524887,0.15452845641524887,0.15452845641524887,0.0
2015-12-28,0.15444015444015444,0.15444015444015444,0.15444015444015444,0.15444015444015444,0.0
2015-12-29,0.15416872224963,0.15416872224963,0.15416872224963,0.15416872224963,0.0
2015-12-30,0.15409507666230066,0.15409507666230066,0.15409507666230066,0.15409507666230066,0.0
2015-12-31,0.153997782431933,0.153997782431933,0.153997782431933,0.153997782431933,0.0
2016-01-04,0.15377045147004553,0.15377045147004553,0.15377045147004553,0.15377045147004553,0.0
2016-01-05,0.15344719114916602,0.15344719114916602,0.15344719114916602,0.15344719114916602,0.0
2016-01-06,0.15310653152463485,0.15310653152463485,0.15310653152463485,0.15310653152463485,0.0
2016-01-07,0.15233220607500836,0.15233220607500836,0.15233220607500836,0.15233220607500836,0.0
2016-01-08,0.15235541471143885,0.15235541471143885,0.15235541471143885,0.15235541471143885,0.0
2016-01-11,0.15237863042086977,0.15237863042086977,0.15237863042086977,0.15237863042086977,0.0
2016-01-12,0.15237398671298835,0.15237398671298835,0.15237398671298835,0.15237398671298835,0.0
2016-01-13,0.15236934328813043,0.15236934328813043,0.15236934328813043,0.15236934328813043,0.0
2016-01-14,0.152401853206535,0.152401853206535,0.152401853206535,0.152401853206535,0.0
2016-01-15,0.1523530935295641,0.1523530935295641,0.1523530935295641,0.1523530935295641,0.0
2016-01-18,0.15246226558926665,0.15246226558926665,0.15246226558926665,0.15246226558926665,0.0
2016-01-19,0.1524483200195134,0.1524483200195134,0.1524483200195134,0.1524483200195134,0.0
2016-01-20,0.1524901643843972,0.1524901643843972,0.1524901643843972,0.1524901643843972,0.0
2016-01-21,0.152473888846535,0.152473888846535,0.152473888846535,0.152473888846535,0.0
2016-01-22,0.1525041176111755,0.1525041176111755,0.1525041176111755,0.1525041176111755,0.0
2016-01-25,0.15253901185228122,0.15253901185228122,0.15253901185228122,0.15253901185228122,0.0
2016-01-26,0.15255995606273265,0.15255995606273265,0.15255995606273265,0.15255995606273265,0.0
2016-01-27,0.15259487586406847,0.15259487586406847,0.15259487586406847,0.15259487586406847,0.0
2016-01-28,0.15260651935050665,0.15260651935050665,0.15260651935050665,0.15260651935050665,0.0
2016-01-29,0.15263447096892363,0.15263447096892363,0.15263447096892363,0.15263447096892363,0.0
2016-02-01,0.15258090602542,0.15258090602542,0.15258090602542,0.15258090602542,0.0
2016-02-02,0.1526484506182262,0.1526484506182262,0.1526484506182262,0.1526484506182262,0.0
2016-02-03,0.15262282321698387,0.15262282321698387,0.15262282321698387,0.15262282321698387,0.0
2016-02-04,0.15286078967883948,0.15286078967883948,0.15286078967883948,0.15286078967883948,0.0
2016-02-05,0.15310653152463485,0.15310653152463485,0.15310653152463485,0.15310653152463485,0.0
2016-02-15,0.15356737000522128,0.15356737000522128,0.15356737000522128,0.15356737000522128,0.0
2016-02-16,0.15353907569476433,0.15353907569476433,0.15353907569476433,0.15353907569476433,0.0
2016-02-17,0.1532872449683462,0.1532872449683462,0.1532872449683462,0.1532872449683462,0.0
2016-02-18,0.15348722986247543,0.15348722986247543,0.15348722986247543,0.15348722986247543,0.0
2016-02-19,0.1534071733194244,0.1534071733194244,0.1534071733194244,0.1534071733194244,0.0
2016-02-22,0.15345661014348194,0.15345661014348194,0.15345661014348194,0.15345661014348194,0.0
2016-02-23,0.15320270249567203,0.15320270249567203,0.15320270249567203,0.15320270249567203,0.0
2016-02-24,0.15313466662583075,0.15313466662583075,0.15313466662583075,0.15313466662583075,0.0
2016-02-25,0.15309715545485167,0.15309715545485167,0.15309715545485167,0.15309715545485167,0.0
2016-02-26,0.15305029232605832,0.15305029232605832,0.15305029232605832,0.15305029232605832,0.0
2016-02-29,0.15278371936686425,0.15278371936686425,0.15278371936686425,0.15278371936686425,0.0
2016-03-01,0.15294027682190106,0.15294027682190106,0.15294027682190106,0.15294027682190106,0.0
2016-03-02,0.15269506794930524,0.15269506794930524,0.15269506794930524,0.15269506794930524,0.0
2016-03-03,0.15287714792392834,0.15287714792392834,0.15287714792392834,0.15287714792392834,0.0
2016-03-04,0.1531768886710373,0.1531768886710373,0.1531768886710373,0.1531768886710373,0.0
2016-03-07,0.15357916237924837,0.15357916237924837,0.15357916237924837,0.15357916237924837,0.0
2016-03-08,0.1537491735981919,0.1537491735981919,0.1537491735981919,0.1537491735981919,0.0
2016-03-09,0.15359567474579916,0.15359567474579916,0.15359567474579916,0.15359567474579916,0.0
2016-03-10,0.15354614829487004,0.15354614829487004,0.15354614829487004,0.15354614829487004,0.0
2016-03-11,0.154071335028118,0.154071335028118,0.154071335028118,0.154071335028118,0.0
2016-03-14,0.15405234698750636,0.15405234698750636,0.15405234698750636,0.15405234698750636,0.0
2016-03-15,0.15365939857711397,0.15365939857711397,0.15365939857711397,0.15365939857711397,0.0
2016-03-16,0.1534401276621862,0.1534401276621862,0.1534401276621862,0.1534401276621862,0.0
2016-03-17,0.15393851695632763,0.15393851695632763,0.15393851695632763,0.15393851695632763,0.0
2016-03-18,0.15473169524045305,0.15473169524045305,0.15473169524045305,0.15473169524045305,0.0
2016-03-21,0.1542638528939899,0.1542638528939899,0.1542638528939899,0.1542638528939899,0.0
2016-03-22,0.1539148235366548,0.1539148235366548,0.1539148235366548,0.1539148235366548,0.0
2016-03-23,0.153997782431933,0.153997782431933,0.153997782431933,0.153997782431933,0.0
2016-03-24,0.15349194167306218,0.15349194167306218,0.15349194167306218,0.15349194167306218,0.0
2016-03-25,0.15332014780062247,0.15332014780062247,0.15332014780062247,0.15332014780062247,0.0
2016-03-28,0.153298994358597,0.153298994358597,0.153298994358597,0.153298994358597,0.0
2016-03-29,0.1537042729787888,0.1537042729787888,0.1537042729787888,0.1537042729787888,0.0
2016-03-30,0.15422340802887063,0.15422340802887063,0.15422340802887063,0.15422340802887063,0.0
2016-03-31,0.1547700117625209,0.1547700117625209,0.1547700117625209,0.1547700117625209,0.0
2016-04-01,0.154834713942866,0.154834713942866,0.154834713942866,0.154834713942866,0.0
2016-04-05,0.1546479439555851,0.1546479439555851,0.1546479439555851,0.1546479439555851,0.0
2016-04-06,0.15443061432498378,0.15443061432498378,0.15443061432498378,0.15443061432498378,0.0
2016-04-07,0.15454278517007433,0.15454278517007433,0.15454278517007433,0.15454278517007433,0.0
2016-04-08,0.1544807130829716,0.1544807130829716,0.1544807130829716,0.1544807130829716,0.0
2016-04-11,0.15468143358752648,0.15468143358752648,0.15468143358752648,0.15468143358752648,0.0
2016-04-12,0.1547604308530395,0.1547604308530395,0.1547604308530395,0.1547604308530395,0.0
2016-04-13,0.15482033100586767,0.15482033100586767,0.15482033100586767,0.15482033100586767,0.0
2016-04-14,0.1541045753648426,0.1541045753648426,0.1541045753648426,0.1541045753648426,0.0
2016-04-15,0.15406421396438036,0.15406421396438036,0.15406421396438036,0.15406421396438036,0.0
2016-04-18,0.1543519533239693,0.1543519533239693,0.1543519533239693,0.1543519533239693,0.0
2016-04-19,0.1545595054095827,0.1545595054095827,0.1545595054095827,0.1545595054095827,0.0
2016-04-20,0.1548490995524861,0.1548490995524861,0.1548490995524861,0.1548490995524861,0.0
2016-04-21,0.15431384349489993,0.15431384349489993,0.15431384349489993,0.15431384349489993,0.0
2016-04-22,0.1540879534038029,0.1540879534038029,0.1540879534038029,0.1540879534038029,0.0
2016-04-25,0.15356265356265358,0.15356265356265358,0.15356265356265358,0.15356265356265358,0.0
2016-04-26,0.15412595172775193,0.15412595172775193,0.15412595172775193,0.15412595172775193,0.0
2016-04-27,0.1542329225596496,0.1542329225596496,0.1542329225596496,0.1542329225596496,0.0
2016-04-28,0.15395510669088894,0.15395510669088894,0.15395510669088894,0.15395510669088894,0.0
2016-04-29,0.15482512502128845,0.15482512502128845,0.15482512502128845,0.15482512502128845,0.0
2016-05-03,0.15488267637264772,0.15488267637264772,0.15488267637264772,0.15488267637264772,0.0
2016-05-04,0.15398118349937637,0.15398118349937637,0.15398118349937637,0.15398118349937637,0.0
2016-05-05,0.15354379068910454,0.15354379068910454,0.15354379068910454,0.15354379068910454,0.0
2016-05-06,0.15336952854206926,0.15336952854206926,0.15336952854206926,0.15336952854206926,0.0
2016-05-09,0.1535980339451655,0.1535980339451655,0.1535980339451655,0.1535980339451655,0.0
2016-05-10,0.15329664433645548,0.15329664433645548,0.15329664433645548,0.15329664433645548,0.0
2016-05-11,0.15335306476099925,0.15335306476099925,0.15335306476099925,0.15335306476099925,0.0
2016-05-12,0.15394325651564833,0.15394325651564833,0.15394325651564833,0.15394325651564833,0.0
2016-05-13,0.15326610060386842,0.15326610060386842,0.15326610060386842,0.15326610060386842,0.0
2016-05-16,0.15303858102627674,0.15303858102627674,0.15303858102627674,0.15303858102627674,0.0
2016-05-17,0.15337423312883436,0.15337423312883436,0.15337423312883436,0.15337423312883436,0.0
2016-05-18,0.15333660451422962,0.15333660451422962,0.15333660451422962,0.15333660451422962,0.0
2016-05-19,0.1525995330454289,0.1525995330454289,0.1525995330454289,0.1525995330454289,0.0
2016-05-20,0.1526484506182262,0.1526484506182262,0.1526484506182262,0.1526484506182262,0.0
2016-05-23,0.15277671682835536,0.15277671682835536,0.15277671682835536,0.15277671682835536,0.0
2016-05-24,0.15274637991079612,0.15274637991079612,0.15274637991079612,0.15274637991079612,0.0
2016-05-25,0.15222322012999862,0.15222322012999862,0.15222322012999862,0.15222322012999862,0.0
2016-05-26,0.15255064681474248,0.15255064681474248,0.15255064681474248,0.15255064681474248,0.0
2016-05-27,0.15269506794930524,0.15269506794930524,0.15269506794930524,0.15269506794930524,0.0
2016-05-30,0.15201264745226803,0.15201264745226803,0.15201264745226803,0.15201264745226803,0.0
2016-05-31,0.15199878400972794,0.15199878400972794,0.15199878400972794,0.15199878400972794,0.0
2016-06-01,0.1517704017362534,0.1517704017362534,0.1517704017362534,0.1517704017362534,0.0
2016-06-02,0.15223480696626476,0.15223480696626476,0.15223480696626476,0.15223480696626476,0.0
2016-06-03,0.15199185323666653,0.15199185323666653,0.15199185323666653,0.15199185323666653,0.0
2016-06-06,0.1526787486449761,0.1526787486449761,0.1526787486449761,0.1526787486449761,0.0
2016-06-07,0.1523972080831479,0.1523972080831479,0.1523972080831479,0.1523972080831479,0.0
2016-06-08,0.15245529248547862,0.15245529248547862,0.15245529248547862,0.15245529248547862,0.0
2016-06-13,0.15196413646379456,0.15196413646379456,0.15196413646379456,0.15196413646379456,0.0
2016-06-14,0.15199647368181057,0.15199647368181057,0.15199647368181057,0.15199647368181057,0.0
2016-06-15,0.1515128558658202,0.1515128558658202,0.1515128558658202,0.1515128558658202,0.0
2016-06-16,0.15211670393525914,0.15211670393525914,0.15211670393525914,0.15211670393525914,0.0
2016-06-17,0.1519872330724219,0.1519872330724219,0.1519872330724219,0.1519872330724219,0.0
2016-06-20,0.15218847020149753,0.15218847020149753,0.15218847020149753,0.15218847020149753,0.0
2016-06-21,0.15230900450834653,0.15230900450834653,0.15230900450834653,0.15230900450834653,0.0
2016-06-22,0.1516645180859938,0.1516645180859938,0.1516645180859938,0.1516645180859938,0.0
2016-06-23,0.15230436504310213,0.15230436504310213,0.15230436504310213,0.15230436504310213,0.0
2016-06-24,0.152031135976648,0.152031135976648,0.152031135976648,0.152031135976648,0.0
2016-06-27,0.15065913370998116,0.15065913370998116,0.15065913370998116,0.15065913370998116,0.0
2016-06-28,0.15031265031265031,0.15031265031265031,0.15031265031265031,0.15031265031265031,0.0
2016-06-29,0.15077498341475185,0.15077498341475185,0.15077498341475185,0.15077498341475185,0.0
2016-06-30,0.15080226806611172,0.15080226806611172,0.15080226806611172,0.15080226806611172,0.0
2016-07-01,0.1503849855630414,0.1503849855630414,0.1503849855630414,0.1503849855630414,0.0
2016-07-04,0.15043928270550005,0.15043928270550005,0.15043928270550005,0.15043928270550005,0.0
2016-07-05,0.15016367840946632,0.15016367840946632,0.15016367840946632,0.15016367840946632,0.0
2016-07-06,0.14957296917301105,0.14957296917301105,0.14957296917301105,0.14957296917301105,0.0
2016-07-07,0.14965579167913798,0.14965579167913798,0.14965579167913798,0.14965579167913798,0.0
2016-07-08,0.14958191853768718,0.14958191853768718,0.14958191853768718,0.14958191853768718,0.0
2016-07-11,0.14960429663539937,0.14960429663539937,0.14960429663539937,0.14960429663539937,0.0
2016-07-12,0.14936519790888722,0.14936519790888722,0.14936519790888722,0.14936519790888722,0.0
2016-07-13,0.14949694278752,0.14949694278752,0.14949694278752,0.14949694278752,0.0
2016-07-14,0.14959758250306676,0.14959758250306676,0.14959758250306676,0.14959758250306676,0.0
2016-07-15,0.1496893945063992,0.1496893945063992,0.1496893945063992,0.1496893945063992,0.0
2016-07-18,0.1493406609817655,0.1493406609817655,0.1493406609817655,0.1493406609817655,0.0
2016-07-19,0.14931836167893567,0.14931836167893567,0.14931836167893567,0.14931836167893567,0.0
2016-07-20,0.14937412242703074,0.14937412242703074,0.14937412242703074,0.14937412242703074,0.0
2016-07-21,0.14953941859074052,0.14953941859074052,0.14953941859074052,0.14953941859074052,0.0
2016-07-22,0.14999475018374356,0.14999475018374356,0.14999475018374356,0.14999475018374356,0.0
2016-07-25,0.14956625785222855,0.14956625785222855,0.14956625785222855,0.14956625785222855,0.0
2016-07-26,0.14974991763754528,0.14974991763754528,0.14974991763754528,0.14974991763754528,0.0
2016-07-27,0.14999025063370883,0.14999025063370883,0.14999025063370883,0.14999025063370883,0.0
2016-07-28,0.15015691397510397,0.15015691397510397,0.15015691397510397,0.15015691397510397,0.0
2016-07-29,0.15035106974786128,0.15035106974786128,0.15035106974786128,0.15035106974786128,0.0
2016-08-01,0.15088190473316535,0.15088190473316535,0.15088190473316535,0.15088190473316535,0.0
2016-08-02,0.1504868248784819,0.1504868248784819,0.1504868248784819,0.1504868248784819,0.0
2016-08-03,0.15106881184379484,0.15106881184379484,0.15106881184379484,0.15106881184379484,0.0
2016-08-04,0.15050267894768526,0.15050267894768526,0.15050267894768526,0.15050267894768526,0.0
2016-08-05,0.15058880221666718,0.15058880221666718,0.15058880221666718,0.15058880221666718,0.0
2016-08-08,0.1501163401636268,0.1501163401636268,0.1501163401636268,0.1501163401636268,0.0
2016-08-09,0.15016367840946632,0.15016367840946632,0.15016367840946632,0.15016367840946632,0.0
2016-08-10,0.15030813166992335,0.15030813166992335,0.15030813166992335,0.15030813166992335,0.0
2016-08-11,0.15093200513168817,0.15093200513168817,0.15093200513168817,0.15093200513168817,0.0
2016-08-12,0.1502787671129946,0.1502787671129946,0.1502787671129946,0.1502787671129946,0.0
2016-08-15,0.1505343971097396,0.1505343971097396,0.1505343971097396,0.1505343971097396,0.0
2016-08-16,0.15081818867355404,0.15081818867355404,0.15081818867355404,0.15081818867355404,0.0
2016-08-17,0.15138670219207945,0.15138670219207945,0.15138670219207945,0.15138670219207945,0.0
2016-08-18,0.15089101142244957,0.15089101142244957,0.15089101142244957,0.15089101142244957,0.0
2016-08-19,0.1510323058102128,0.1510323058102128,0.1510323058102128,0.1510323058102128,0.0
2016-08-22,0.15003300726159757,0.15003300726159757,0.15003300726159757,0.15003300726159757,0.0
2016-08-23,0.15018171988105608,0.15018171988105608,0.15018171988105608,0.15018171988105608,0.0
2016-08-24,0.15055706112616682,0.15055706112616682,0.15055706112616682,0.15055706112616682,0.0
2016-08-25,0.1501456412720339,0.1501456412720339,0.1501456412720339,0.1501456412720339,0.0
2016-08-26,0.15040308025508364,0.15040308025508364,0.15040308025508364,0.15040308025508364,0.0
2016-08-29,0.14957520641378486,0.14957520641378486,0.14957520641378486,0.14957520641378486,0.0
2016-08-30,0.14967371130934565,0.14967371130934565,0.14967371130934565,0.14967371130934565,0.0
2016-08-31,0.14945895856997668,0.14945895856997668,0.14945895856997668,0.14945895856997668,0.0
2016-09-01,0.14973646382367034,0.14973646382367034,0.14973646382367034,0.14973646382367034,0.0
2016-09-02,0.1498643727426679,0.1498643727426679,0.1498643727426679,0.1498643727426679,0.0
2016-09-05,0.14953718242040884,0.14953718242040884,0.14953718242040884,0.14953718242040884,0.0
2016-09-06,0.14997900293958846,0.14997900293958846,0.14997900293958846,0.14997900293958846,0.0
2016-09-07,0.150251671549846,0.150251671549846,0.150251671549846,0.150251671549846,0.0
2016-09-08,0.15010507355148603,0.15010507355148603,0.15010507355148603,0.15010507355148603,0.0
2016-09-09,0.1499610101373643,0.1499610101373643,0.1499610101373643,0.1499610101373643,0.0
2016-09-12,0.14945895856997668,0.14945895856997668,0.14945895856997668,0.14945895856997668,0.0
2016-09-13,0.14986661870934867,0.14986661870934867,0.14986661870934867,0.14986661870934867,0.0
2016-09-14,0.14948800358771208,0.14948800358771208,0.14948800358771208,0.14948800358771208,0.0
2016-09-19,0.14973197975623634,0.14973197975623634,0.14973197975623634,0.14973197975623634,0.0
2016-09-20,0.15016142353029505,0.15016142353029505,0.15016142353029505,0.15016142353029505,0.0
2016-09-21,0.14983967155143996,0.14983967155143996,0.14983967155143996,0.14983967155143996,0.0
2016-09-22,0.15034654879497242,0.15034654879497242,0.15034654879497242,0.15034654879497242,0.0
2016-09-23,0.14999250037498124,0.14999250037498124,0.14999250037498124,0.14999250037498124,0.0
2016-09-26,0.14982620160613688,0.14982620160613688,0.14982620160613688,0.14982620160613688,0.0
2016-09-27,0.15004651441947003,0.15004651441947003,0.15004651441947003,0.15004651441947003,0.0
2016-09-28,0.14996775693225955,0.14996775693225955,0.14996775693225955,0.14996775693225955,0.0
2016-09-29,0.14992503748125938,0.14992503748125938,0.14992503748125938,0.14992503748125938,0.0
2016-09-30,0.14974991763754528,0.14974991763754528,0.14974991763754528,0.14974991763754528,0.0
2016-10-10,0.14923591212989493,0.14923591212989493,0.14923591212989493,0.14923591212989493,0.0
2016-10-11,0.14903573877015708,0.14903573877015708,0.14903573877015708,0.14903573877015708,0.0
2016-10-12,0.1486811977757293,0.1486811977757293,0.1486811977757293,0.1486811977757293,0.0
2016-10-13,0.14859724203518784,0.14859724203518784,0.14859724203518784,0.14859724203518784,0.0
2016-10-14,0.14890480515806245,0.14890480515806245,0.14890480515806245,0.14890480515806245,0.0
2016-10-17,0.14841419433354608,0.14841419433354608,0.14841419433354608,0.14841419433354608,0.0
2016-10-18,0.1485817868445686,0.1485817868445686,0.1485817868445686,0.1485817868445686,0.0
2016-10-19,0.14853102813177674,0.14853102813177674,0.14853102813177674,0.14853102813177674,0.0
2016-10-20,0.1485641277057242,0.1485641277057242,0.1485641277057242,0.1485641277057242,0.0
2016-10-21,0.14802095976790314,0.14802095976790314,0.14802095976790314,0.14802095976790314,0.0
2016-10-24,0.14773230905599055,0.14773230905599055,0.14773230905599055,0.14773230905599055,0.0
2016-10-25,0.14761454888993858,0.14761454888993858,0.14761454888993858,0.14761454888993858,0.0
2016-10-26,0.14769957905619968,0.14769957905619968,0.14769957905619968,0.14769957905619968,0.0
2016-10-27,0.14763198299279556,0.14763198299279556,0.14763198299279556,0.14763198299279556,0.0
2016-10-28,0.14736655958030004,0.14736655958030004,0.14736655958030004,0.14736655958030004,0.0
2016-10-31,0.14783932821809256,0.14783932821809256,0.14783932821809256,0.14783932821809256,0.0
2016-11-01,0.1476363421619866,0.1476363421619866,0.1476363421619866,0.1476363421619866,0.0
2016-11-02,0.1480121962049673,0.1480121962049673,0.1480121962049673,0.1480121962049673,0.0
2016-11-03,0.14816790386866396,0.14816790386866396,0.14816790386866396,0.14816790386866396,0.0
2016-11-04,0.14811742749651924,0.14811742749651924,0.14811742749651924,0.14811742749651924,0.0
2016-11-07,0.14765596160945,0.14765596160945,0.14765596160945,0.14765596160945,0.0
2016-11-08,0.14745565271244673,0.14745565271244673,0.14745565271244673,0.14745565271244673,0.0
2016-11-09,0.14742304517042104,0.14742304517042104,0.14742304517042104,0.14742304517042104,0.0
2016-11-10,0.14730794726375487,0.14730794726375487,0.14730794726375487,0.14730794726375487,0.0
2016-11-11,0.14681054099684357,0.14681054099684357,0.14681054099684357,0.14681054099684357,0.0
2016-11-14,0.1464321799358627,0.1464321799358627,0.1464321799358627,0.1464321799358627,0.0
2016-11-15,0.14599605810643113,0.14599605810643113,0.14599605810643113,0.14599605810643113,0.0
2016-11-16,0.145789596454397,0.145789596454397,0.145789596454397,0.145789596454397,0.0
2016-11-17,0.1455773598090025,0.1455773598090025,0.1455773598090025,0.1455773598090025,0.0
2016-11-18,0.14535728821443109,0.14535728821443109,0.14535728821443109,0.14535728821443109,0.0
2016-11-21,0.1449590490686381,0.1449590490686381,0.1449590490686381,0.1449590490686381,0.0
2016-11-22,0.14539321595254365,0.14539321595254365,0.14539321595254365,0.14539321595254365,0.0
2016-11-23,0.14512945547428308,0.14512945547428308,0.14512945547428308,0.14512945547428308,0.0
2016-11-24,0.14474922197293189,0.14474922197293189,0.14474922197293189,0.14474922197293189,0.0
2016-11-25,0.14457552625491557,0.14457552625491557,0.14457552625491557,0.14457552625491557,0.0
2016-11-28,0.14483937313519307,0.14483937313519307,0.14483937313519307,0.14483937313519307,0.0
2016-11-29,0.14516105619184486,0.14516105619184486,0.14516105619184486,0.14516105619184486,0.0
2016-11-30,0.14521164597400713,0.14521164597400713,0.14521164597400713,0.14521164597400713,0.0
2016-12-01,0.1450158067229328,0.1450158067229328,0.1450158067229328,0.1450158067229328,0.0
2016-12-02,0.14536151408553072,0.14536151408553072,0.14536151408553072,0.14536151408553072,0.0
2016-12-05,0.14520110352838683,0.14520110352838683,0.14520110352838683,0.14520110352838683,0.0
2016-12-06,0.14582573824279985,0.14582573824279985,0.14582573824279985,0.14582573824279985,0.0
2016-12-07,0.14533193814672712,0.14533193814672712,0.14533193814672712,0.14533193814672712,0.0
2016-12-08,0.14549475491408534,0.14549475491408534,0.14549475491408534,0.14549475491408534,0.0
2016-12-09,0.1449863712810996,0.1449863712810996,0.1449863712810996,0.1449863712810996,0.0
2016-12-12,0.14474712676953363,0.14474712676953363,0.14474712676953363,0.14474712676953363,0.0
2016-12-13,0.1450662952969507,0.1450662952969507,0.1450662952969507,0.1450662952969507,0.0
2016-12-14,0.1448687489134844,0.1448687489134844,0.1448687489134844,0.1448687489134844,0.0
2016-12-15,0.14432305272121115,0.14432305272121115,0.14432305272121115,0.14432305272121115,0.0
2016-12-16,0.14386833170282556,0.14386833170282556,0.14386833170282556,0.14386833170282556,0.0
2016-12-19,0.144275161588181,0.144275161588181,0.144275161588181,0.144275161588181,0.0
2016-12-20,0.14395117176253816,0.14395117176253816,0.14395117176253816,0.14395117176253816,0.0
2016-12-21,0.14390766883967246,0.14390766883967246,0.14390766883967246,0.14390766883967246,0.0
2016-12-22,0.14401958666378628,0.14401958666378628,0.14401958666378628,0.14401958666378628,0.0
2016-12-23,0.1439615334782546,0.1439615334782546,0.1439615334782546,0.1439615334782546,0.0
2016-12-26,0.14396982392490534,0.14396982392490534,0.14396982392490534,0.14396982392490534,0.0
2016-12-27,0.1439636060004031,0.1439636060004031,0.1439636060004031,0.1439636060004031,0.0
2016-12-28,0.14389524426217715,0.14389524426217715,0.14389524426217715,0.14389524426217715,0.0
2016-12-29,0.14389110321308834,0.14389110321308834,0.14389110321308834,0.14389110321308834,0.0
2016-12-30,0.1441545336600836,0.1441545336600836,0.1441545336600836,0.1441545336600836,0.0
2017-01-03,0.14388903277792167,0.14388903277792167,0.14388903277792167,0.14388903277792167,0.0
2017-01-04,0.14383108477404136,0.14383108477404136,0.14383108477404136,0.14383108477404136,0.0
2017-01-05,0.14428557000014428,0.14428557000014428,0.14428557000014428,0.14428557000014428,0.0
2017-01-06,0.14562824022834508,0.14562824022834508,0.14562824022834508,0.14562824022834508,0.0
2017-01-09,0.1443793133319858,0.1443793133319858,0.1443793133319858,0.1443793133319858,0.0
2017-01-10,0.14443770401825692,0.14443770401825692,0.14443770401825692,0.14443770401825692,0.0
2017-01-11,0.14443561782335523,0.14443561782335523,0.14443561782335523,0.14443561782335523,0.0
2017-01-12,0.1446319839169234,0.1446319839169234,0.1446319839169234,0.1446319839169234,0.0
2017-01-13,0.1451189249590039,0.1451189249590039,0.1451189249590039,0.1451189249590039,0.0
2017-01-16,0.14519267067398436,0.14519267067398436,0.14519267067398436,0.14519267067398436,0.0
2017-01-17,0.1449443413729128,0.1449443413729128,0.1449443413729128,0.1449443413729128,0.0
2017-01-18,0.1459321415541773,0.1459321415541773,0.1459321415541773,0.1459321415541773,0.0
2017-01-19,0.14584062536460157,0.14584062536460157,0.14584062536460157,0.14584062536460157,0.0
2017-01-20,0.14557524056308502,0.14557524056308502,0.14557524056308502,0.14557524056308502,0.0
2017-01-23,0.1458321180656828,0.1458321180656828,0.1458321180656828,0.1458321180656828,0.0
2017-01-24,0.14634646061085013,0.14634646061085013,0.14634646061085013,0.14634646061085013,0.0
2017-01-25,0.14578109510758644,0.14578109510758644,0.14578109510758644,0.14578109510758644,0.0
2017-01-26,0.14579809879279176,0.14579809879279176,0.14579809879279176,0.14579809879279176,0.0
2017-02-03,0.14586615321780735,0.14586615321780735,0.14586615321780735,0.14586615321780735,0.0
2017-02-06,0.14575984607760253,0.14575984607760253,0.14575984607760253,0.14575984607760253,0.0
2017-02-07,0.145764095388024,0.145764095388024,0.145764095388024,0.145764095388024,0.0
2017-02-08,0.14524539208993595,0.14524539208993595,0.14524539208993595,0.14524539208993595,0.0
2017-02-09,0.14553922282055012,0.14553922282055012,0.14553922282055012,0.14553922282055012,0.0
2017-02-10,0.14530870835089146,0.14530870835089146,0.14530870835089146,0.14530870835089146,0.0
2017-02-13,0.14514209411013382,0.14514209411013382,0.14514209411013382,0.14514209411013382,0.0
2017-02-14,0.14533616254396417,0.14533616254396417,0.14533616254396417,0.14533616254396417,0.0
2017-02-15,0.1457046275789719,0.1457046275789719,0.1457046275789719,0.1457046275789719,0.0
2017-02-16,0.14571099680892918,0.14571099680892918,0.14571099680892918,0.14571099680892918,0.0
2017-02-17,0.14607923337618323,0.14607923337618323,0.14607923337618323,0.14607923337618323,0.0
2017-02-20,0.14546935687997323,0.14546935687997323,0.14546935687997323,0.14546935687997323,0.0
2017-02-21,0.1453699665649077,0.1453699665649077,0.1453699665649077,0.1453699665649077,0.0
2017-02-22,0.1452854859799506,0.1452854859799506,0.1452854859799506,0.1452854859799506,0.0
2017-02-23,0.14557100225635053,0.14557100225635053,0.14557100225635053,0.14557100225635053,0.0
2017-02-24,0.1456558153084262,0.1456558153084262,0.1456558153084262,0.1456558153084262,0.0
2017-02-27,0.14531926642834306,0.14531926642834306,0.14531926642834306,0.14531926642834306,0.0
2017-02-28,0.14545454545454545,0.14545454545454545,0.14545454545454545,0.14545454545454545,0.0
2017-03-01,0.14535306258902875,0.14535306258902875,0.14535306258902875,0.14535306258902875,0.0
2017-03-02,0.14532982604019823,0.14532982604019823,0.14532982604019823,0.14532982604019823,0.0
2017-03-03,0.14514630747793777,0.14514630747793777,0.14514630747793777,0.14514630747793777,0.0
2017-03-06,0.1453699665649077,0.1453699665649077,0.1453699665649077,0.1453699665649077,0.0
2017-03-07,0.1450179097118494,0.1450179097118494,0.1450179097118494,0.1450179097118494,0.0
2017-03-08,0.1448603546181481,0.1448603546181481,0.1448603546181481,0.1448603546181481,0.0
2017-03-09,0.14466546112115733,0.14466546112115733,0.14466546112115733,0.14466546112115733,0.0
2017-03-10,0.144669646861392,0.144669646861392,0.144669646861392,0.144669646861392,0.0
2017-03-13,0.14495274540499797,0.14495274540499797,0.14495274540499797,0.14495274540499797,0.0
2017-03-14,0.1446801122717671,0.1446801122717671,0.1446801122717671,0.1446801122717671,0.0
2017-03-15,0.14468639224480936,0.14468639224480936,0.14468639224480936,0.14468639224480936,0.0
2017-03-16,0.14521797217623653,0.14521797217623653,0.14521797217623653,0.14521797217623653,0.0
2017-03-17,0.14519477879575451,0.14519477879575451,0.14519477879575451,0.14519477879575451,0.0
2017-03-20,0.1449317371518015,0.1449317371518015,0.1449317371518015,0.1449317371518015,0.0
2017-03-21,0.1447785611906589,0.1447785611906589,0.1447785611906589,0.1447785611906589,0.0
2017-03-22,0.14516105619184486,0.14516105619184486,0.14516105619184486,0.14516105619184486,0.0
2017-03-23,0.1452306262344603,0.1452306262344603,0.1452306262344603,0.1452306262344603,0.0
2017-03-24,0.14525383106979448,0.14525383106979448,0.14525383106979448,0.14525383106979448,0.0
2017-03-27,0.14555828881675667,0.14555828881675667,0.14555828881675667,0.14555828881675667,0.0
2017-03-28,0.14538687447297258,0.14538687447297258,0.14538687447297258,0.14538687447297258,0.0
2017-03-29,0.14510629035768702,0.14510629035768702,0.14510629035768702,0.14510629035768702,0.0
2017-03-30,0.14516105619184486,0.14516105619184486,0.14516105619184486,0.14516105619184486,0.0
2017-03-31,0.1449422405171539,0.1449422405171539,0.1449422405171539,0.1449422405171539,0.0
2017-04-05,0.14512524308478217,0.14512524308478217,0.14512524308478217,0.14512524308478217,0.0
2017-04-06,0.1450747134774409,0.1450747134774409,0.1450747134774409,0.1450747134774409,0.0
2017-04-07,0.1450347358192287,0.1450347358192287,0.1450347358192287,0.1450347358192287,0.0
2017-04-10,0.14483937313519307,0.14483937313519307,0.14483937313519307,0.14483937313519307,0.0
2017-04-11,0.1450179097118494,0.1450179097118494,0.1450179097118494,0.1450179097118494,0.0
2017-04-12,0.1450536698578474,0.1450536698578474,0.1450536698578474,0.1450536698578474,0.0
2017-04-13,0.14566430204949674,0.14566430204949674,0.14566430204949674,0.14566430204949674,0.0
2017-04-14,0.14547570555717196,0.14547570555717196,0.14547570555717196,0.14547570555717196,0.0
2017-04-17,0.1453805335465581,0.1453805335465581,0.1453805335465581,0.1453805335465581,0.0
2017-04-18,0.14524539208993595,0.14524539208993595,0.14524539208993595,0.14524539208993595,0.0
2017-04-19,0.14563672375626238,0.14563672375626238,0.14563672375626238,0.14563672375626238,0.0
2017-04-20,0.1453657402023491,0.1453657402023491,0.1453657402023491,0.1453657402023491,0.0
2017-04-21,0.145300262993476,0.145300262993476,0.145300262993476,0.145300262993476,0.0
2017-04-24,0.14561763720821866,0.14561763720821866,0.14561763720821866,0.14561763720821866,0.0
2017-04-25,0.14527915389420773,0.14527915389420773,0.14527915389420773,0.14527915389420773,0.0
2017-04-26,0.14525383106979448,0.14525383106979448,0.14525383106979448,0.14525383106979448,0.0
2017-04-27,0.14514630747793777,0.14514630747793777,0.14514630747793777,0.14514630747793777,0.0
2017-04-28,0.1450726088407248,0.1450726088407248,0.1450726088407248,0.1450726088407248,0.0
2017-05-02,0.14502001276176113,0.14502001276176113,0.14502001276176113,0.14502001276176113,0.0
2017-05-03,0.14515473494745398,0.14515473494745398,0.14515473494745398,0.14515473494745398,0.0
2017-05-04,0.1450179097118494,0.1450179097118494,0.1450179097118494,0.1450179097118494,0.0
2017-05-05,0.14517159282271647,0.14517159282271647,0.14517159282271647,0.14517159282271647,0.0
2017-05-08,0.14503894295618372,0.14503894295618372,0.14503894295618372,0.14503894295618372,0.0
2017-05-09,0.14484986311687936,0.14484986311687936,0.14484986311687936,0.14484986311687936,0.0
2017-05-10,0.1447890423652738,0.1447890423652738,0.1447890423652738,0.1447890423652738,0.0
2017-05-11,0.1448204949964519,0.1448204949964519,0.1448204949964519,0.1448204949964519,0.0
2017-05-12,0.14503683935719672,0.14503683935719672,0.14503683935719672,0.14503683935719672,0.0
2017-05-15,0.14523906349851856,0.14523906349851856,0.14523906349851856,0.14523906349851856,0.0
2017-05-16,0.1453699665649077,0.1453699665649077,0.1453699665649077,0.1453699665649077,0.0
2017-05-17,0.14569825890580607,0.14569825890580607,0.14569825890580607,0.14569825890580607,0.0
2017-05-18,0.14574709963271731,0.14574709963271731,0.14574709963271731,0.14574709963271731,0.0
2017-05-19,0.14537842002733115,0.14537842002733115,0.14537842002733115,0.14537842002733115,0.0
2017-05-22,0.14561763720821866,0.14561763720821866,0.14561763720821866,0.14561763720821866,0.0
2017-05-23,0.14564308705087312,0.14564308705087312,0.14564308705087312,0.14564308705087312,0.0
2017-05-24,0.14543762180400827,0.14543762180400827,0.14543762180400827,0.14543762180400827,0.0
2017-05-25,0.14557100225635053,0.14557100225635053,0.14557100225635053,0.14557100225635053,0.0
2017-05-26,0.1455646452589595,0.1455646452589595,0.1455646452589595,0.1455646452589595,0.0
2017-05-31,0.14570250462605452,0.14570250462605452,0.14570250462605452,0.14570250462605452,0.0
2017-06-01,0.146864444118079,0.146864444118079,0.146864444118079,0.146864444118079,0.0
2017-06-02,0.14690759512266782,0.14690759512266782,0.14690759512266782,0.14690759512266782,0.0
2017-06-05,0.14719952896150731,0.14719952896150731,0.14719952896150731,0.14719952896150731,0.0
2017-06-06,0.1472016957635352,0.1472016957635352,0.1472016957635352,0.1472016957635352,0.0
2017-06-07,0.14736655958030004,0.14736655958030004,0.14736655958030004,0.14736655958030004,0.0
2017-06-08,0.1472103636095981,0.1472103636095981,0.1472103636095981,0.1472103636095981,0.0
2017-06-09,0.14712156655044062,0.14712156655044062,0.14712156655044062,0.14712156655044062,0.0
2017-06-12,0.14717136633896508,0.14717136633896508,0.14717136633896508,0.14717136633896508,0.0
2017-06-13,0.14715837183977395,0.14715837183977395,0.14715837183977395,0.14715837183977395,0.0
2017-06-14,0.14719086239126275,0.14719086239126275,0.14719086239126275,0.14719086239126275,0.0
2017-06-15,0.14737959087425573,0.14737959087425573,0.14737959087425573,0.14737959087425573,0.0
2017-06-16,0.14706963747334362,0.14706963747334362,0.14706963747334362,0.14706963747334362,0.0
2017-06-19,0.14711940210674984,0.14711940210674984,0.14711940210674984,0.14711940210674984,0.0
2017-06-20,0.1468515037593985,0.1468515037593985,0.1468515037593985,0.1468515037593985,0.0
2017-06-21,0.14664261727743316,0.14664261727743316,0.14664261727743316,0.14664261727743316,0.0
2017-06-22,0.14663401615906857,0.14663401615906857,0.14663401615906857,0.14663401615906857,0.0
2017-06-23,0.14654591283449103,0.14654591283449103,0.14654591283449103,0.14654591283449103,0.0
2017-06-26,0.1465845793022574,0.1465845793022574,0.1465845793022574,0.1465845793022574,0.0
2017-06-27,0.1464300357289287,0.1464300357289287,0.1464300357289287,0.1464300357289287,0.0
2017-06-28,0.1469442934183651,0.1469442934183651,0.1469442934183651,0.1469442934183651,0.0
2017-06-29,0.14718869590815425,0.14718869590815425,0.14718869590815425,0.14718869590815425,0.0
2017-06-30,0.14761454888993858,0.14761454888993858,0.14761454888993858,0.14761454888993858,0.0
2017-07-03,0.1475535619429853,0.1475535619429853,0.1475535619429853,0.1475535619429853,0.0
2017-07-04,0.14729926792263842,0.14729926792263842,0.14729926792263842,0.14729926792263842,0.0
2017-07-05,0.14722770236447688,0.14722770236447688,0.14722770236447688,0.14722770236447688,0.0
2017-07-06,0.1471605374302827,0.1471605374302827,0.1471605374302827,0.1471605374302827,0.0
2017-07-07,0.14724504520422887,0.14724504520422887,0.14724504520422887,0.14724504520422887,0.0
2017-07-10,0.14713671943970336,0.14713671943970336,0.14713671943970336,0.14713671943970336,0.0
2017-07-11,0.14709559742876896,0.14709559742876896,0.14709559742876896,0.14709559742876896,0.0
2017-07-12,0.14734484587729121,0.14734484587729121,0.14734484587729121,0.14734484587729121,0.0
2017-07-13,0.14748827468216277,0.14748827468216277,0.14748827468216277,0.14748827468216277,0.0
2017-07-14,0.14754920766075486,0.14754920766075486,0.14754920766075486,0.14754920766075486,0.0
2017-07-17,0.1480121962049673,0.1480121962049673,0.1480121962049673,0.1480121962049673,0.0
2017-07-18,0.14790492671310881,0.14790492671310881,0.14790492671310881,0.14790492671310881,0.0
2017-07-19,0.14825577085588057,0.14825577085588057,0.14825577085588057,0.14825577085588057,0.0
2017-07-20,0.14822720265623146,0.14822720265623146,0.14822720265623146,0.14822720265623146,0.0
2017-07-21,0.1483349402951865,0.1483349402951865,0.1483349402951865,0.1483349402951865,0.0
2017-07-24,0.1483459427384661,0.1483459427384661,0.1483459427384661,0.1483459427384661,0.0
2017-07-25,0.1481810772764318,0.1481810772764318,0.1481810772764318,0.1481810772764318,0.0
2017-07-26,0.14808452664781055,0.14808452664781055,0.14808452664781055,0.14808452664781055,0.0
2017-07-27,0.1485729567504123,0.1485729567504123,0.1485729567504123,0.1485729567504123,0.0
2017-07-28,0.14842741157436956,0.14842741157436956,0.14842741157436956,0.14842741157436956,0.0
2017-07-31,0.148625953063924,0.148625953063924,0.148625953063924,0.148625953063924,0.0
2017-08-01,0.1489247632096265,0.1489247632096265,0.1489247632096265,0.1489247632096265,0.0
2017-08-02,0.14879845249609402,0.14879845249609402,0.14879845249609402,0.14879845249609402,0.0
2017-08-03,0.14878516909434467,0.14878516909434467,0.14878516909434467,0.14878516909434467,0.0
2017-08-04,0.1489602574033248,0.1489602574033248,0.1489602574033248,0.1489602574033248,0.0
2017-08-07,0.1487475456654965,0.1487475456654965,0.1487475456654965,0.1487475456654965,0.0
2017-08-08,0.14884496308644915,0.14884496308644915,0.14884496308644915,0.14884496308644915,0.0
2017-08-09,0.14908684308609765,0.14908684308609765,0.14908684308609765,0.14908684308609765,0.0
2017-08-10,0.14976785981728322,0.14976785981728322,0.14976785981728322,0.14976785981728322,0.0
2017-08-11,0.15005552054260077,0.15005552054260077,0.15005552054260077,0.15005552054260077,0.0
2017-08-14,0.1501478956772421,0.1501478956772421,0.1501478956772421,0.1501478956772421,0.0
2017-08-15,0.1499497668281126,0.1499497668281126,0.1499497668281126,0.1499497668281126,0.0
2017-08-16,0.14974767516734303,0.14974767516734303,0.14974767516734303,0.14974767516734303,0.0
2017-08-17,0.1499048104453672,0.1499048104453672,0.1499048104453672,0.1499048104453672,0.0
2017-08-18,0.14982620160613688,0.14982620160613688,0.14982620160613688,0.14982620160613688,0.0
2017-08-21,0.1499048104453672,0.1499048104453672,0.1499048104453672,0.1499048104453672,0.0
2017-08-22,0.15015691397510397,0.15015691397510397,0.15015691397510397,0.15015691397510397,0.0
2017-08-23,0.1500757882730779,0.1500757882730779,0.1500757882730779,0.1500757882730779,0.0
2017-08-24,0.1503194287861706,0.1503194287861706,0.1503194287861706,0.1503194287861706,0.0
2017-08-25,0.15019750972528875,0.15019750972528875,0.15019750972528875,0.15019750972528875,0.0
2017-08-28,0.15070908625081006,0.15070908625081006,0.15070908625081006,0.15070908625081006,0.0
2017-08-29,0.15084548896565247,0.15084548896565247,0.15084548896565247,0.15084548896565247,0.0
2017-08-30,0.15128135306042179,0.15128135306042179,0.15128135306042179,0.15128135306042179,0.0
2017-08-31,0.15149219815179518,0.15149219815179518,0.15149219815179518,0.15149219815179518,0.0
2017-09-01,0.15172434720599615,0.15172434720599615,0.15172434720599615,0.15172434720599615,0.0
2017-09-04,0.15228117195589938,0.15228117195589938,0.15228117195589938,0.15228117195589938,0.0
2017-09-05,0.15297537096527458,0.15297537096527458,0.15297537096527458,0.15297537096527458,0.0
2017-09-06,0.15311356433066403,0.15311356433066403,0.15311356433066403,0.15311356433066403,0.0
2017-09-07,0.15321209149826104,0.15321209149826104,0.15321209149826104,0.15321209149826104,0.0
2017-09-08,0.15377045147004553,0.15377045147004553,0.15377045147004553,0.15377045147004553,0.0
2017-09-11,0.15385325476560457,0.15385325476560457,0.15385325476560457,0.15385325476560457,0.0
2017-09-12,0.15319331464374894,0.15319331464374894,0.15319331464374894,0.15319331464374894,0.0
2017-09-13,0.15294729436236273,0.15294729436236273,0.15294729436236273,0.15294729436236273,0.0
2017-09-14,0.15275337966852517,0.15275337966852517,0.15275337966852517,0.15275337966852517,0.0
2017-09-15,0.15285144368188558,0.15285144368188558,0.15285144368188558,0.15285144368188558,0.0
2017-09-18,0.15286078967883948,0.15286078967883948,0.15286078967883948,0.15286078967883948,0.0
2017-09-19,0.15260186174271326,0.15260186174271326,0.15260186174271326,0.15260186174271326,0.0
2017-09-20,0.15227653418608192,0.15227653418608192,0.15227653418608192,0.15227653418608192,0.0
2017-09-21,0.15182109402280353,0.15182109402280353,0.15182109402280353,0.15182109402280353,0.0
2017-09-22,0.15183492506946447,0.15183492506946447,0.15183492506946447,0.15183492506946447,0.0
2017-09-25,0.15164151944802487,0.15164151944802487,0.15164151944802487,0.15164151944802487,0.0
2017-09-26,0.15134088019855924,0.15134088019855924,0.15134088019855924,0.15134088019855924,0.0
2017-09-27,0.15107565868987188,0.15107565868987188,0.15107565868987188,0.15107565868987188,0.0
2017-09-28,0.15086369465188204,0.15086369465188204,0.15086369465188204,0.15086369465188204,0.0
2017-09-29,0.15067275384592205,0.15067275384592205,0.15067275384592205,0.15067275384592205,0.0
2017-10-09,0.1503917705623148,0.1503917705623148,0.1503917705623148,0.1503917705623148,0.0
2017-10-10,0.15089101142244957,0.15089101142244957,0.15089101142244957,0.15089101142244957,0.0
2017-10-11,0.1518810467641743,0.1518810467641743,0.1518810467641743,0.1518810467641743,0.0
2017-10-12,0.15195720884998784,0.15195720884998784,0.15195720884998784,0.15195720884998784,0.0
2017-10-13,0.1518233990222573,0.1518233990222573,0.1518233990222573,0.1518233990222573,0.0
2017-10-16,0.15188566047479457,0.15188566047479457,0.15188566047479457,0.15188566047479457,0.0
2017-10-17,0.15178422354780444,0.15178422354780444,0.15178422354780444,0.15178422354780444,0.0
2017-10-18,0.15153581548999107,0.15153581548999107,0.15153581548999107,0.15153581548999107,0.0
2017-10-19,0.15130195330821722,0.15130195330821722,0.15130195330821722,0.15130195330821722,0.0
2017-10-20,0.15130424257096167,0.15130424257096167,0.15130424257096167,0.15130424257096167,0.0
2017-10-23,0.1510459935050223,0.1510459935050223,0.1510459935050223,0.1510459935050223,0.0
2017-10-24,0.15090239633005373,0.15090239633005373,0.15090239633005373,0.15090239633005373,0.0
2017-10-25,0.15077953017098397,0.15077953017098397,0.15077953017098397,0.15077953017098397,0.0
2017-10-26,0.15085686700458606,0.15085686700458606,0.15085686700458606,0.15085686700458606,0.0
2017-10-27,0.15043701954176883,0.15043701954176883,0.15043701954176883,0.15043701954176883,0.0
2017-10-30,0.15040534239776196,0.15040534239776196,0.15040534239776196,0.15040534239776196,0.0
2017-10-31,0.15060921427172913,0.15060921427172913,0.15060921427172913,0.15060921427172913,0.0
2017-11-01,0.15082956259426847,0.15082956259426847,0.15082956259426847,0.15082956259426847,0.0
2017-11-02,0.15106652969967974,0.15106652969967974,0.15106652969967974,0.15106652969967974,0.0
2017-11-03,0.15135004237801186,0.15135004237801186,0.15135004237801186,0.15135004237801186,0.0
2017-11-06,0.15095023170860566,0.15095023170860566,0.15095023170860566,0.15095023170860566,0.0
2017-11-07,0.15102090129273893,0.15102090129273893,0.15102090129273893,0.15102090129273893,0.0
2017-11-08,0.15088190473316535,0.15088190473316535,0.15088190473316535,0.15088190473316535,0.0
2017-11-09,0.15077271013946475,0.15077271013946475,0.15077271013946475,0.15077271013946475,0.0
2017-11-10,0.15087052291723244,0.15087052291723244,0.15087052291723244,0.15087052291723244,0.0
2017-11-13,0.15072271542044102,0.15072271542044102,0.15072271542044102,0.15072271542044102,0.0
2017-11-14,0.15060467778129188,0.15060467778129188,0.15060467778129188,0.15060467778129188,0.0
2017-11-15,0.15091378295579735,0.15091378295579735,0.15091378295579735,0.15091378295579735,0.0
2017-11-16,0.15086141870078146,0.15086141870078146,0.15086141870078146,0.15086141870078146,0.0
2017-11-17,0.15088190473316535,0.15088190473316535,0.15088190473316535,0.15088190473316535,0.0
2017-11-20,0.15089556517933936,0.15089556517933936,0.15089556517933936,0.15089556517933936,0.0
2017-11-21,0.15070227259027066,0.15070227259027066,0.15070227259027066,0.15070227259027066,0.0
2017-11-22,0.1508523155830442,0.1508523155830442,0.1508523155830442,0.1508523155830442,0.0
2017-11-23,0.15146695748322503,0.15146695748322503,0.15146695748322503,0.15146695748322503,0.0
2017-11-24,0.15195259079167298,0.15195259079167298,0.15195259079167298,0.15195259079167298,0.0
2017-11-27,0.15180496098612503,0.15180496098612503,0.15180496098612503,0.15180496098612503,0.0
2017-11-28,0.15164381899793763,0.15164381899793763,0.15164381899793763,0.15164381899793763,0.0
2017-11-29,0.15148990319795186,0.15148990319795186,0.15148990319795186,0.15148990319795186,0.0
2017-11-30,0.15143713844383197,0.15143713844383197,0.15143713844383197,0.15143713844383197,0.0
2017-12-01,0.151361496662479,0.151361496662479,0.151361496662479,0.151361496662479,0.0
2017-12-04,0.1512744875576734,0.1512744875576734,0.1512744875576734,0.1512744875576734,0.0
2017-12-05,0.15125618259646365,0.15125618259646365,0.15125618259646365,0.15125618259646365,0.0
2017-12-06,0.1511418768798271,0.1511418768798271,0.1511418768798271,0.1511418768798271,0.0
2017-12-07,0.15106881184379484,0.15106881184379484,0.15106881184379484,0.15106881184379484,0.0
2017-12-08,0.15101633996798453,0.15101633996798453,0.15101633996798453,0.15101633996798453,0.0
2017-12-11,0.15116700931188778,0.15116700931188778,0.15116700931188778,0.15116700931188778,0.0
2017-12-12,0.15114416130104893,0.15114416130104893,0.15114416130104893,0.15114416130104893,0.0
2017-12-13,0.15094111786991896,0.15094111786991896,0.15094111786991896,0.15094111786991896,0.0
2017-12-14,0.1514394317992519,0.1514394317992519,0.1514394317992519,0.1514394317992519,0.0
2017-12-15,0.15125618259646365,0.15125618259646365,0.15125618259646365,0.15125618259646365,0.0
2017-12-18,0.15114416130104893,0.15114416130104893,0.15114416130104893,0.15114416130104893,0.0
2017-12-19,0.15129050803352598,0.15129050803352598,0.15129050803352598,0.15129050803352598,0.0
2017-12-20,0.1513637877274241,0.1513637877274241,0.1513637877274241,0.1513637877274241,0.0
2017-12-21,0.1519872330724219,0.1519872330724219,0.1519872330724219,0.1519872330724219,0.0
2017-12-22,0.15192719648744324,0.15192719648744324,0.15192719648744324,0.15192719648744324,0.0
2017-12-25,0.15224639556658495,0.15224639556658495,0.15224639556658495,0.15224639556658495,0.0
2017-12-26,0.15286779992662347,0.15286779992662347,0.15286779992662347,0.15286779992662347,0.0
2017-12-27,0.15285611653750325,0.15285611653750325,0.15285611653750325,0.15285611653750325,0.0
2017-12-28,0.15287714792392834,0.15287714792392834,0.15287714792392834,0.15287714792392834,0.0
2017-12-29,0.1530409231428484,0.1530409231428484,0.1530409231428484,0.1530409231428484,0.0
2018-01-02,0.15365939857711397,0.15365939857711397,0.15365939857711397,0.15365939857711397,0.0
2018-01-03,0.15403573629081946,0.15403573629081946,0.15403573629081946,0.15403573629081946,0.0
2018-01-04,0.1537444459818889,0.1537444459818889,0.1537444459818889,0.1537444459818889,0.0
2018-01-05,0.15404760070861895,0.15404760070861895,0.15404760070861895,0.15404760070861895,0.0
2018-01-08,0.15424481737413623,0.15424481737413623,0.15424481737413623,0.15424481737413623,0.0
2018-01-09,0.1539219307966999,0.1539219307966999,0.1539219307966999,0.1539219307966999,0.0
2018-01-10,0.15335776833775516,0.15335776833775516,0.15335776833775516,0.15335776833775516,0.0
2018-01-11,0.15349900993138593,0.15349900993138593,0.15349900993138593,0.15349900993138593,0.0
2018-01-12,0.15400726914310356,0.15400726914310356,0.15400726914310356,0.15400726914310356,0.0
2018-01-15,0.15486108960262646,0.15486108960262646,0.15486108960262646,0.15486108960262646,0.0
2018-01-16,0.1553470452991984,0.1553470452991984,0.1553470452991984,0.1553470452991984,0.0
2018-01-17,0.1554363876583508,0.1554363876583508,0.1554363876583508,0.1554363876583508,0.0
2018-01-18,0.15527709197062156,0.15527709197062156,0.15527709197062156,0.15527709197062156,0.0
2018-01-19,0.15583848899001077,0.15583848899001077,0.15583848899001077,0.15583848899001077,0.0
2018-01-22,0.15597704017968556,0.15597704017968556,0.15597704017968556,0.15597704017968556,0.0
2018-01-23,0.15622803043322034,0.15622803043322034,0.15622803043322034,0.15622803043322034,0.0
2018-01-24,0.15645534764378247,0.15645534764378247,0.15645534764378247,0.15645534764378247,0.0
2018-01-25,0.1569267465946896,0.1569267465946896,0.1569267465946896,0.1569267465946896,0.0
2018-01-26,0.15763919540954663,0.15763919540954663,0.15763919540954663,0.15763919540954663,0.0
2018-01-29,0.158060284192391,0.158060284192391,0.158060284192391,0.158060284192391,0.0
2018-01-30,0.15794794035885773,0.15794794035885773,0.15794794035885773,0.15794794035885773,0.0
2018-01-31,0.15788061068220213,0.15788061068220213,0.15788061068220213,0.15788061068220213,0.0
2018-02-01,0.15861686097232136,0.15861686097232136,0.15861686097232136,0.15861686097232136,0.0
2018-02-02,0.15902043412578518,0.15902043412578518,0.15902043412578518,0.15902043412578518,0.0
2018-02-05,0.1586823021628398,0.1586823021628398,0.1586823021628398,0.1586823021628398,0.0
2018-02-06,0.15854895991882292,0.15854895991882292,0.15854895991882292,0.15854895991882292,0.0
2018-02-07,0.15902802073725392,0.15902802073725392,0.15902802073725392,0.15902802073725392,0.0
2018-02-08,0.15917990512877656,0.15917990512877656,0.15917990512877656,0.15917990512877656,0.0
2018-02-09,0.1582428711586543,0.1582428711586543,0.1582428711586543,0.1582428711586543,0.0
2018-02-12,0.15872763924382155,0.15872763924382155,0.15872763924382155,0.15872763924382155,0.0
2018-02-13,0.15811026609957785,0.15811026609957785,0.15811026609957785,0.15811026609957785,0.0
2018-02-14,0.1576590780097118,0.1576590780097118,0.1576590780097118,0.1576590780097118,0.0
2018-02-22,0.15740594994490792,0.15740594994490792,0.15740594994490792,0.15740594994490792,0.0
2018-02-23,0.1575249677073816,0.1575249677073816,0.1575249677073816,0.1575249677073816,0.0
2018-02-26,0.15778345798226515,0.15778345798226515,0.15778345798226515,0.15778345798226515,0.0
2018-02-27,0.158363158394831,0.158363158394831,0.158363158394831,0.158363158394831,0.0
2018-02-28,0.15799285872278573,0.15799285872278573,0.15799285872278573,0.15799285872278573,0.0
2018-03-01,0.15784821315822703,0.15784821315822703,0.15784821315822703,0.15784821315822703,0.0
2018-03-02,0.15789307480973885,0.15789307480973885,0.15789307480973885,0.15789307480973885,0.0
2018-03-05,0.1576516214469266,0.1576516214469266,0.1576516214469266,0.1576516214469266,0.0
2018-03-06,0.15776354400025244,0.15776354400025244,0.15776354400025244,0.15776354400025244,0.0
2018-03-07,0.15799285872278573,0.15799285872278573,0.15799285872278573,0.15799285872278573,0.0
2018-03-08,0.15813026771454325,0.15813026771454325,0.15813026771454325,0.15813026771454325,0.0
2018-03-09,0.15760192904761153,0.15760192904761153,0.15760192904761153,0.15760192904761153,0.0
2018-03-12,0.15789556787140985,0.15789556787140985,0.15789556787140985,0.15789556787140985,0.0
2018-03-13,0.1581827960391028,0.1581827960391028,0.1581827960391028,0.1581827960391028,0.0
2018-03-14,0.15821533106558025,0.15821533106558025,0.15821533106558025,0.15821533106558025,0.0
2018-03-15,0.1583756988327711,0.1583756988327711,0.1583756988327711,0.1583756988327711,0.0
2018-03-16,0.15787811809283234,0.15787811809283234,0.15787811809283234,0.15787811809283234,0.0
2018-03-19,0.15792798483891346,0.15792798483891346,0.15792798483891346,0.15792798483891346,0.0
2018-03-20,0.15811276602472882,0.15811276602472882,0.15811276602472882,0.15811276602472882,0.0
2018-03-21,0.15773865859044736,0.15773865859044736,0.15773865859044736,0.15773865859044736,0.0
2018-03-22,0.1583105102347745,0.1583105102347745,0.1583105102347745,0.1583105102347745,0.0
2018-03-23,0.1580477936528006,0.1580477936528006,0.1580477936528006,0.1580477936528006,0.0
2018-03-26,0.15824537527890747,0.15824537527890747,0.15824537527890747,0.15824537527890747,0.0
2018-03-27,0.15919510952623536,0.15919510952623536,0.15919510952623536,0.15919510952623536,0.0
2018-03-28,0.15927371187385522,0.15927371187385522,0.15927371187385522,0.15927371187385522,0.0
2018-03-29,0.15861434508136915,0.15861434508136915,0.15861434508136915,0.15861434508136915,0.0
2018-03-30,0.15903054976861056,0.15903054976861056,0.15903054976861056,0.15903054976861056,0.0
2018-04-02,0.15932700274042447,0.15932700274042447,0.15932700274042447,0.15932700274042447,0.0
2018-04-03,0.15915203794184585,0.15915203794184585,0.15915203794184585,0.15915203794184585,0.0
2018-04-04,0.15891682293487588,0.15891682293487588,0.15891682293487588,0.15891682293487588,0.0
2018-04-09,0.15844345153214817,0.15844345153214817,0.15844345153214817,0.15844345153214817,0.0
2018-04-10,0.15855147373594838,0.15855147373594838,0.15855147373594838,0.15855147373594838,0.0
2018-04-11,0.1589547138020378,0.1589547138020378,0.1589547138020378,0.1589547138020378,0.0
2018-04-12,0.1591495050450393,0.1591495050450393,0.1591495050450393,0.1591495050450393,0.0
2018-04-13,0.15898756717224713,0.15898756717224713,0.15898756717224713,0.15898756717224713,0.0
2018-04-16,0.15902296291584506,0.15902296291584506,0.15902296291584506,0.15902296291584506,0.0
2018-04-17,0.15930923515636203,0.15930923515636203,0.15930923515636203,0.15930923515636203,0.0
2018-04-18,0.15919257525828995,0.15919257525828995,0.15919257525828995,0.15919257525828995,0.0
2018-04-19,0.15915457091927682,0.15915457091927682,0.15915457091927682,0.15915457091927682,0.0
2018-04-20,0.15899009491708668,0.15899009491708668,0.15899009491708668,0.15899009491708668,0.0
2018-04-23,0.15864454104134276,0.15864454104134276,0.15864454104134276,0.15864454104134276,0.0
2018-04-24,0.15815527685081213,0.15815527685081213,0.15815527685081213,0.15815527685081213,0.0
2018-04-25,0.1585640440173786,0.1585640440173786,0.1585640440173786,0.1585640440173786,0.0
2018-04-26,0.15802032141333378,0.15802032141333378,0.15802032141333378,0.15802032141333378,0.0
2018-04-27,0.15774612338901772,0.15774612338901772,0.15774612338901772,0.15774612338901772,0.0
2018-05-02,0.1570598397989634,0.1570598397989634,0.1570598397989634,0.1570598397989634,0.0
2018-05-03,0.15690704826460805,0.15690704826460805,0.15690704826460805,0.15690704826460805,0.0
2018-05-04,0.15742825207411723,0.15742825207411723,0.15742825207411723,0.15742825207411723,0.0
2018-05-07,0.1572722697533971,0.1572722697533971,0.1572722697533971,0.1572722697533971,0.0
2018-05-08,0.15704997330150455,0.15704997330150455,0.15704997330150455,0.15704997330150455,0.0
2018-05-09,0.15690458632105816,0.15690458632105816,0.15690458632105816,0.15690458632105816,0.0
2018-05-10,0.15681846694266716,0.15681846694266716,0.15681846694266716,0.15681846694266716,0.0
2018-05-11,0.15742081732888358,0.15742081732888358,0.15742081732888358,0.15742081732888358,0.0
2018-05-14,0.15786565632646618,0.15786565632646618,0.15786565632646618,0.15786565632646618,0.0
2018-05-15,0.15751504268657657,0.15751504268657657,0.15751504268657657,0.15751504268657657,0.0
2018-05-16,0.1568750490234528,0.1568750490234528,0.1568750490234528,0.1568750490234528,0.0
2018-05-17,0.1570376419227689,0.1570376419227689,0.1570376419227689,0.1570376419227689,0.0
2018-05-18,0.15683076392265108,0.15683076392265108,0.15683076392265108,0.15683076392265108,0.0
2018-05-21,0.15661216563302638,0.15661216563302638,0.15661216563302638,0.15661216563302638,0.0
2018-05-22,0.15674226868759697,0.15674226868759697,0.15674226868759697,0.15674226868759697,0.0
2018-05-23,0.15680617189092563,0.15680617189092563,0.15680617189092563,0.15680617189092563,0.0
2018-05-24,0.15670051397768586,0.15670051397768586,0.15670051397768586,0.15670051397768586,0.0
2018-05-25,0.15657538321825043,0.15657538321825043,0.15657538321825043,0.15657538321825043,0.0
2018-05-28,0.1563428285544542,0.1563428285544542,0.1563428285544542,0.1563428285544542,0.0
2018-05-29,0.15619874728604677,0.15619874728604677,0.15619874728604677,0.15619874728604677,0.0
2018-05-30,0.15574625819614685,0.15574625819614685,0.15574625819614685,0.15574625819614685,0.0
2018-05-31,0.1558992267398354,0.1558992267398354,0.1558992267398354,0.1558992267398354,0.0
2018-06-01,0.15605980211617093,0.15605980211617093,0.15605980211617093,0.15605980211617093,0.0
2018-06-04,0.15574383254423124,0.15574383254423124,0.15574383254423124,0.15574383254423124,0.0
2018-06-05,0.15586763720248764,0.15586763720248764,0.15586763720248764,0.15586763720248764,0.0
2018-06-06,0.1561524047470331,0.1561524047470331,0.1561524047470331,0.1561524047470331,0.0
2018-06-07,0.15644800450570254,0.15644800450570254,0.15644800450570254,0.15644800450570254,0.0
2018-06-08,0.15624267612455667,0.15624267612455667,0.15624267612455667,0.15624267612455667,0.0
2018-06-11,0.1560939060939061,0.1560939060939061,0.1560939060939061,0.1560939060939061,0.0
2018-06-12,0.15595514729963664,0.15595514729963664,0.15595514729963664,0.15595514729963664,0.0
2018-06-13,0.15587006671238854,0.15587006671238854,0.15587006671238854,0.15587006671238854,0.0
2018-06-14,0.1563428285544542,0.1563428285544542,0.1563428285544542,0.1563428285544542,0.0
2018-06-15,0.15550648462040867,0.15550648462040867,0.15550648462040867,0.15550648462040867,0.0
2018-06-19,0.15567836849069822,0.15567836849069822,0.15567836849069822,0.15567836849069822,0.0
2018-06-20,0.15483231660112098,0.15483231660112098,0.15483231660112098,0.15483231660112098,0.0
2018-06-21,0.1545451735542299,0.1545451735542299,0.1545451735542299,0.1545451735542299,0.0
2018-06-22,0.1543114622554163,0.1543114622554163,0.1543114622554163,0.1543114622554163,0.0
2018-06-25,0.15409982586719675,0.15409982586719675,0.15409982586719675,0.15409982586719675,0.0
2018-06-26,0.15342129487572875,0.15342129487572875,0.15342129487572875,0.15342129487572875,0.0
2018-06-27,0.1525110951821745,0.1525110951821745,0.1525110951821745,0.1525110951821745,0.0
2018-06-28,0.15160703456640387,0.15160703456640387,0.15160703456640387,0.15160703456640387,0.0
2018-06-29,0.15113502403046883,0.15113502403046883,0.15113502403046883,0.15113502403046883,0.0
2018-07-02,0.15115558444306723,0.15115558444306723,0.15115558444306723,0.15115558444306723,0.0
2018-07-03,0.15038272403266312,0.15038272403266312,0.15038272403266312,0.15038272403266312,0.0
2018-07-04,0.15016142353029505,0.15016142353029505,0.15016142353029505,0.15016142353029505,0.0
2018-07-05,0.15110305228165608,0.15110305228165608,0.15110305228165608,0.15110305228165608,0.0
2018-07-06,0.15074770863482875,0.15074770863482875,0.15074770863482875,0.15074770863482875,0.0
2018-07-09,0.15061828807253777,0.15061828807253777,0.15061828807253777,0.15061828807253777,0.0
2018-07-10,0.15092289349371407,0.15092289349371407,0.15092289349371407,0.15092289349371407,0.0
2018-07-11,0.15097985928677113,0.15097985928677113,0.15097985928677113,0.15097985928677113,0.0
2018-07-12,0.14986661870934867,0.14986661870934867,0.14986661870934867,0.14986661870934867,0.0
2018-07-13,0.1498643727426679,0.1498643727426679,0.1498643727426679,0.1498643727426679,0.0
2018-07-16,0.14979478114982475,0.14979478114982475,0.14979478114982475,0.14979478114982475,0.0
2018-07-17,0.14965355202705735,0.14965355202705735,0.14965355202705735,0.14965355202705735,0.0
2018-07-18,0.14944555698359088,0.14944555698359088,0.14944555698359088,0.14944555698359088,0.0
2018-07-19,0.14910684996868756,0.14910684996868756,0.14910684996868756,0.14910684996868756,0.0
2018-07-20,0.14777378788550485,0.14777378788550485,0.14777378788550485,0.14777378788550485,0.0
2018-07-23,0.14794431376030062,0.14794431376030062,0.14794431376030062,0.14794431376030062,0.0
2018-07-24,0.14729492863560706,0.14729492863560706,0.14729492863560706,0.14729492863560706,0.0
2018-07-25,0.14697236919459142,0.14697236919459142,0.14697236919459142,0.14697236919459142,0.0
2018-07-26,0.14779344388282936,0.14779344388282936,0.14779344388282936,0.14779344388282936,0.0
2018-07-27,0.14718436313326072,0.14718436313326072,0.14718436313326072,0.14718436313326072,0.0
2018-07-30,0.1467760637595221,0.1467760637595221,0.1467760637595221,0.1467760637595221,0.0
2018-07-31,0.14670285337049807,0.14670285337049807,0.14670285337049807,0.14670285337049807,0.0
2018-08-01,0.14642789158478908,0.14642789158478908,0.14642789158478908,0.14642789158478908,0.0
2018-08-02,0.14718436313326072,0.14718436313326072,0.14718436313326072,0.14718436313326072,0.0
2018-08-03,0.14636573870788325,0.14636573870788325,0.14636573870788325,0.14636573870788325,0.0
2018-08-06,0.14595770145811743,0.14595770145811743,0.14595770145811743,0.14595770145811743,0.0
2018-08-07,0.14613260072189505,0.14613260072189505,0.14613260072189505,0.14613260072189505,0.0
2018-08-08,0.1463850218845608,0.1463850218845608,0.1463850218845608,0.1463850218845608,0.0
2018-08-09,0.14637645095657012,0.14637645095657012,0.14637645095657012,0.14637645095657012,0.0
2018-08-10,0.1462095182396374,0.1462095182396374,0.1462095182396374,0.1462095182396374,0.0
2018-08-13,0.14571099680892918,0.14571099680892918,0.14571099680892918,0.14571099680892918,0.0
2018-08-14,0.14557100225635053,0.14557100225635053,0.14557100225635053,0.14557100225635053,0.0
2018-08-15,0.1452306262344603,0.1452306262344603,0.1452306262344603,0.1452306262344603,0.0
2018-08-16,0.14504104661619238,0.14504104661619238,0.14504104661619238,0.14504104661619238,0.0
2018-08-17,0.14515052109037072,0.14515052109037072,0.14515052109037072,0.14515052109037072,0.0
2018-08-20,0.14552227946098548,0.14552227946098548,0.14552227946098548,0.14552227946098548,0.0
2018-08-21,0.1462843768285547,0.1462843768285547,0.1462843768285547,0.1462843768285547,0.0
2018-08-22,0.14647507726560327,0.14647507726560327,0.14647507726560327,0.14647507726560327,0.0
2018-08-23,0.1462693989790396,0.1462693989790396,0.1462693989790396,0.1462693989790396,0.0
2018-08-24,0.14553922282055012,0.14553922282055012,0.14553922282055012,0.14553922282055012,0.0
2018-08-27,0.1459683540608396,0.1459683540608396,0.1459683540608396,0.1459683540608396,0.0
2018-08-28,0.14694645271263151,0.14694645271263151,0.14694645271263151,0.14694645271263151,0.0
2018-08-29,0.14690327888118462,0.14690327888118462,0.14690327888118462,0.14690327888118462,0.0
2018-08-30,0.14681485179040712,0.14681485179040712,0.14681485179040712,0.14681485179040712,0.0
2018-08-31,0.14652873428479324,0.14652873428479324,0.14652873428479324,0.14652873428479324,0.0
2018-09-03,0.14631220097443925,0.14631220097443925,0.14631220097443925,0.14631220097443925,0.0
2018-09-04,0.14666412448850888,0.14666412448850888,0.14666412448850888,0.14666412448850888,0.0
2018-09-05,0.14648580552544457,0.14648580552544457,0.14648580552544457,0.14648580552544457,0.0
2018-09-06,0.1465910256974068,0.1465910256974068,0.1465910256974068,0.1465910256974068,0.0
2018-09-07,0.14660177094939306,0.14660177094939306,0.14660177094939306,0.14660177094939306,0.0
2018-09-10,0.14622234569886972,0.14622234569886972,0.14622234569886972,0.14622234569886972,0.0
2018-09-11,0.14601098002569793,0.14601098002569793,0.14601098002569793,0.14601098002569793,0.0
2018-09-12,0.1458874332564993,0.1458874332564993,0.1458874332564993,0.1458874332564993,0.0
2018-09-13,0.14601098002569793,0.14601098002569793,0.14601098002569793,0.14601098002569793,0.0
2018-09-14,0.1462800971299845,0.1462800971299845,0.1462800971299845,0.1462800971299845,0.0
2018-09-17,0.14596622341590157,0.14596622341590157,0.14596622341590157,0.14596622341590157,0.0
2018-09-18,0.14587040872888524,0.14587040872888524,0.14587040872888524,0.14587040872888524,0.0
2018-09-19,0.14583849844681998,0.14583849844681998,0.14583849844681998,0.14583849844681998,0.0
2018-09-20,0.14592149423610098,0.14592149423610098,0.14592149423610098,0.14592149423610098,0.0
2018-09-21,0.1462907968459704,0.1462907968459704,0.1462907968459704,0.1462907968459704,0.0
2018-09-25,0.14611338398597312,0.14611338398597312,0.14611338398597312,0.14611338398597312,0.0
2018-09-26,0.14583424479736332,0.14583424479736332,0.14583424479736332,0.14583424479736332,0.0
2018-09-27,0.14568340083330905,0.14568340083330905,0.14568340083330905,0.14568340083330905,0.0
2018-09-28,0.1453657402023491,0.1453657402023491,0.1453657402023491,0.1453657402023491,0.0
2018-10-08,0.1450179097118494,0.1450179097118494,0.1450179097118494,0.1450179097118494,0.0
2018-10-09,0.1448876396354627,0.1448876396354627,0.1448876396354627,0.1448876396354627,0.0
2018-10-10,0.14477646513782721,0.14477646513782721,0.14477646513782721,0.14477646513782721,0.0
2018-10-11,0.14472198905901762,0.14472198905901762,0.14472198905901762,0.14472198905901762,0.0
2018-10-12,0.14467592592592593,0.14467592592592593,0.14467592592592593,0.14467592592592593,0.0
2018-10-15,0.14460479509500535,0.14460479509500535,0.14460479509500535,0.14460479509500535,0.0
2018-10-16,0.1446780190685629,0.1446780190685629,0.1446780190685629,0.1446780190685629,0.0
2018-10-17,0.14471151758968495,0.14471151758968495,0.14471151758968495,0.14471151758968495,0.0
2018-10-18,0.14435221941537352,0.14435221941537352,0.14435221941537352,0.14435221941537352,0.0
2018-10-19,0.1441192154149913,0.1441192154149913,0.1441192154149913,0.1441192154149913,0.0
2018-10-22,0.14443353168871684,0.14443353168871684,0.14443353168871684,0.14443353168871684,0.0
2018-10-23,0.1442210620439009,0.1442210620439009,0.1442210620439009,0.1442210620439009,0.0
2018-10-24,0.14418155341205646,0.14418155341205646,0.14418155341205646,0.14418155341205646,0.0
2018-10-25,0.14407353513233154,0.14407353513233154,0.14407353513233154,0.14407353513233154,0.0
2018-10-26,0.1438641922025608,0.1438641922025608,0.1438641922025608,0.1438641922025608,0.0
2018-10-29,0.14413998875708087,0.14413998875708087,0.14413998875708087,0.14413998875708087,0.0
2018-10-30,0.143731853853451,0.143731853853451,0.143731853853451,0.143731853853451,0.0
2018-10-31,0.14358326393475576,0.14358326393475576,0.14358326393475576,0.14358326393475576,0.0
2018-11-01,0.14353380221042056,0.14353380221042056,0.14353380221042056,0.14353380221042056,0.0
2018-11-02,0.1441524556370818,0.1441524556370818,0.1441524556370818,0.1441524556370818,0.0
2018-11-05,0.14497796334957086,0.14497796334957086,0.14497796334957086,0.14497796334957086,0.0
2018-11-06,0.14477017734346725,0.14477017734346725,0.14477017734346725,0.14477017734346725,0.0
2018-11-07,0.1447911387823065,0.1447911387823065,0.1447911387823065,0.1447911387823065,0.0
2018-11-08,0.14458597805184853,0.14458597805184853,0.14458597805184853,0.14458597805184853,0.0
2018-11-09,0.1442397842172828,0.1442397842172828,0.1442397842172828,0.1442397842172828,0.0
2018-11-12,0.14393459611952328,0.14393459611952328,0.14393459611952328,0.14393459611952328,0.0
2018-11-13,0.14361831995289318,0.14361831995289318,0.14361831995289318,0.14361831995289318,0.0
2018-11-14,0.144088066626322,0.144088066626322,0.144088066626322,0.144088066626322,0.0
2018-11-15,0.14410883098916302,0.14410883098916302,0.14410883098916302,0.14410883098916302,0.0
2018-11-16,0.14413998875708087,0.14413998875708087,0.14413998875708087,0.14413998875708087,0.0
2018-11-19,0.14441475918838906,0.14441475918838906,0.14441475918838906,0.14441475918838906,0.0
2018-11-20,0.14434180138568128,0.14434180138568128,0.14434180138568128,0.14434180138568128,0.0
2018-11-21,0.14399055421964319,0.14399055421964319,0.14399055421964319,0.14399055421964319,0.0
2018-11-22,0.14411090775460794,0.14411090775460794,0.14411090775460794,0.14411090775460794,0.0
2018-11-23,0.14428765186275358,0.14428765186275358,0.14428765186275358,0.14428765186275358,0.0
2018-11-26,0.14398226138539733,0.14398226138539733,0.14398226138539733,0.14398226138539733,0.0
2018-11-27,0.1439615334782546,0.1439615334782546,0.1439615334782546,0.1439615334782546,0.0
2018-11-28,0.14388489208633093,0.14388489208633093,0.14388489208633093,0.14388489208633093,0.0
2018-11-29,0.14418986921978863,0.14418986921978863,0.14418986921978863,0.14418986921978863,0.0
2018-11-30,0.14418155341205646,0.14418155341205646,0.14418155341205646,0.14418155341205646,0.0
2018-12-03,0.14402788379830334,0.14402788379830334,0.14402788379830334,0.14402788379830334,0.0
2018-12-04,0.14505577394508187,0.14505577394508187,0.14505577394508187,0.14505577394508187,0.0
2018-12-05,0.14603656755651614,0.14603656755651614,0.14603656755651614,0.14603656755651614,0.0
2018-12-06,0.1457747197481013,0.1457747197481013,0.1457747197481013,0.1457747197481013,0.0
2018-12-07,0.14563672375626238,0.14563672375626238,0.14563672375626238,0.14563672375626238,0.0
2018-12-10,0.14557524056308502,0.14557524056308502,0.14557524056308502,0.14557524056308502,0.0
2018-12-11,0.14493593831526463,0.14493593831526463,0.14493593831526463,0.14493593831526463,0.0
2018-12-12,0.14479323526004867,0.14479323526004867,0.14479323526004867,0.14479323526004867,0.0
2018-12-13,0.14541435821373003,0.14541435821373003,0.14541435821373003,0.14541435821373003,0.0
2018-12-14,0.14545454545454545,0.14545454545454545,0.14545454545454545,0.14545454545454545,0.0
2018-12-17,0.1451210309398038,0.1451210309398038,0.1451210309398038,0.1451210309398038,0.0
2018-12-18,0.14523484474395099,0.14523484474395099,0.14523484474395099,0.14523484474395099,0.0
2018-12-19,0.14520321189504712,0.14520321189504712,0.14520321189504712,0.14520321189504712,0.0
2018-12-20,0.14506208657305325,0.14506208657305325,0.14506208657305325,0.14506208657305325,0.0
2018-12-21,0.1452960406828914,0.1452960406828914,0.1452960406828914,0.1452960406828914,0.0
2018-12-24,0.1449149349331942,0.1449149349331942,0.1449149349331942,0.1449149349331942,0.0
2018-12-25,0.14509786851231157,0.14509786851231157,0.14509786851231157,0.14509786851231157,0.0
2018-12-26,0.14525383106979448,0.14525383106979448,0.14525383106979448,0.14525383106979448,0.0
2018-12-27,0.14515052109037072,0.14515052109037072,0.14515052109037072,0.14515052109037072,0.0
2018-12-28,0.1457046275789719,0.1457046275789719,0.1457046275789719,0.1457046275789719,0.0
2019-01-02,0.1460237726701907,0.1460237726701907,0.1460237726701907,0.1460237726701907,0.0
2019-01-03,0.145706750593755,0.145706750593755,0.145706750593755,0.145706750593755,0.0
2019-01-04,0.1458023503338874,0.1458023503338874,0.1458023503338874,0.1458023503338874,0.0
2019-01-07,0.14594918049535152,0.14594918049535152,0.14594918049535152,0.14594918049535152,0.0
2019-01-08,0.14619455571474518,0.14619455571474518,0.14619455571474518,0.14619455571474518,0.0
2019-01-09,0.145930011966261,0.145930011966261,0.145930011966261,0.145930011966261,0.0
2019-01-10,0.1467136150234742,0.1467136150234742,0.1467136150234742,0.1467136150234742,0.0
2019-01-11,0.14725588655406502,0.14725588655406502,0.14725588655406502,0.14725588655406502,0.0
2019-01-14,0.14801657785671996,0.14801657785671996,0.14801657785671996,0.14801657785671996,0.0
2019-01-15,0.14805602439963284,0.14805602439963284,0.14805602439963284,0.14805602439963284,0.0
2019-01-16,0.14789617688382756,0.14789617688382756,0.14789617688382756,0.14789617688382756,0.0
2019-01-17,0.14794650254467984,0.14794650254467984,0.14794650254467984,0.14794650254467984,0.0
2019-01-18,0.14778689130274145,0.14778689130274145,0.14778689130274145,0.14778689130274145,0.0
2019-01-21,0.14754920766075486,0.14754920766075486,0.14754920766075486,0.14754920766075486,0.0
2019-01-22,0.14737524685353848,0.14737524685353848,0.14737524685353848,0.14737524685353848,0.0
2019-01-23,0.14712589562888964,0.14712589562888964,0.14712589562888964,0.14712589562888964,0.0
2019-01-24,0.14748827468216277,0.14748827468216277,0.14748827468216277,0.14748827468216277,0.0
2019-01-25,0.1471865294888212,0.1471865294888212,0.1471865294888212,0.1471865294888212,0.0
2019-01-28,0.14820962769741522,0.14820962769741522,0.14820962769741522,0.14820962769741522,0.0
2019-01-29,0.14846487321099827,0.14846487321099827,0.14846487321099827,0.14846487321099827,0.0
2019-01-30,0.1484935331066332,0.1484935331066332,0.1484935331066332,0.1484935331066332,0.0
2019-01-31,0.14919806042521447,0.14919806042521447,0.14919806042521447,0.14919806042521447,0.0
2019-02-01,0.14907350814686723,0.14907350814686723,0.14907350814686723,0.14907350814686723,0.0
2019-02-11,0.14815912289799243,0.14815912289799243,0.14815912289799243,0.14815912289799243,0.0
2019-02-12,0.14756880395484392,0.14756880395484392,0.14756880395484392,0.14756880395484392,0.0
2019-02-13,0.1477650535648319,0.1477650535648319,0.1477650535648319,0.1477650535648319,0.0
2019-02-14,0.14761454888993858,0.14761454888993858,0.14761454888993858,0.14761454888993858,0.0
2019-02-15,0.14787868033065674,0.14787868033065674,0.14787868033065674,0.14787868033065674,0.0
2019-02-18,0.14779999704400004,0.14779999704400004,0.14779999704400004,0.14779999704400004,0.0
2019-02-19,0.14783714260370776,0.14783714260370776,0.14783714260370776,0.14783714260370776,0.0
2019-02-20,0.14802095976790314,0.14802095976790314,0.14802095976790314,0.14802095976790314,0.0
2019-02-21,0.14876524843796488,0.14876524843796488,0.14876524843796488,0.14876524843796488,0.0
2019-02-22,0.14891810993134877,0.14891810993134877,0.14891810993134877,0.14891810993134877,0.0
2019-02-25,0.14896247635220689,0.14896247635220689,0.14896247635220689,0.14896247635220689,0.0
2019-02-26,0.14936073604970726,0.14936073604970726,0.14936073604970726,0.14936073604970726,0.0
2019-02-27,0.14957296917301105,0.14957296917301105,0.14957296917301105,0.14957296917301105,0.0
2019-02-28,0.14947459679227515,0.14947459679227515,0.14947459679227515,0.14947459679227515,0.0
2019-03-01,0.14934958256791672,0.14934958256791672,0.14934958256791672,0.14934958256791672,0.0
2019-03-04,0.1491446554012737,0.1491446554012737,0.1491446554012737,0.1491446554012737,0.0
2019-03-05,0.14925818681154662,0.14925818681154662,0.14925818681154662,0.14925818681154662,0.0
2019-03-06,0.14913575828076298,0.14913575828076298,0.14913575828076298,0.14913575828076298,0.0
2019-03-07,0.14900908955446282,0.14900908955446282,0.14900908955446282,0.14900908955446282,0.0
2019-03-08,0.14873205919535956,0.14873205919535956,0.14873205919535956,0.14873205919535956,0.0
2019-03-11,0.14880509508645576,0.14880509508645576,0.14880509508645576,0.14880509508645576,0.0
2019-03-12,0.14896913359551903,0.14896913359551903,0.14896913359551903,0.14896913359551903,0.0
2019-03-13,0.14900020860029203,0.14900020860029203,0.14900020860029203,0.14900020860029203,0.0
2019-03-14,0.14923368502738438,0.14923368502738438,0.14923368502738438,0.14923368502738438,0.0
2019-03-15,0.1488826358181845,0.1488826358181845,0.1488826358181845,0.1488826358181845,0.0
2019-03-18,0.14905795373241115,0.14905795373241115,0.14905795373241115,0.14905795373241115,0.0
2019-03-19,0.14911574364021354,0.14911574364021354,0.14911574364021354,0.14911574364021354,0.0
2019-03-20,0.14902907557264422,0.14902907557264422,0.14902907557264422,0.14902907557264422,0.0
2019-03-21,0.14958863126402394,0.14958863126402394,0.14958863126402394,0.14958863126402394,0.0
2019-03-22,0.14937858508604207,0.14937858508604207,0.14937858508604207,0.14937858508604207,0.0
2019-03-25,0.14903573877015708,0.14903573877015708,0.14903573877015708,0.14903573877015708,0.0
2019-03-26,0.14916022791682826,0.14916022791682826,0.14916022791682826,0.14916022791682826,0.0
2019-03-27,0.14894028983780402,0.14894028983780402,0.14894028983780402,0.14894028983780402,0.0
2019-03-28,0.14867014554807248,0.14867014554807248,0.14867014554807248,0.14867014554807248,0.0
2019-03-29,0.1485111754659538,0.1485111754659538,0.1485111754659538,0.1485111754659538,0.0
2019-04-01,0.14882502641644219,0.14882502641644219,0.14882502641644219,0.14882502641644219,0.0
2019-04-02,0.14889593662988937,0.14889593662988937,0.14889593662988937,0.14889593662988937,0.0
2019-04-03,0.148822811560556,0.148822811560556,0.148822811560556,0.148822811560556,0.0
2019-04-04,0.1491313101185594,0.1491313101185594,0.1491313101185594,0.1491313101185594,0.0
2019-04-08,0.14880730941503845,0.14880730941503845,0.14880730941503845,0.14880730941503845,0.0
2019-04-09,0.14893807154984956,0.14893807154984956,0.14893807154984956,0.14893807154984956,0.0
2019-04-10,0.14900908955446282,0.14900908955446282,0.14900908955446282,0.14900908955446282,0.0
2019-04-11,0.14905795373241115,0.14905795373241115,0.14905795373241115,0.14905795373241115,0.0
2019-04-12,0.14876524843796488,0.14876524843796488,0.14876524843796488,0.14876524843796488,0.0
2019-04-15,0.14900464894504709,0.14900464894504709,0.14900464894504709,0.14900464894504709,0.0
2019-04-16,0.14903795996840397,0.14903795996840397,0.14903795996840397,0.14903795996840397,0.0
2019-04-17,0.14900908955446282,0.14900908955446282,0.14900908955446282,0.14900908955446282,0.0
2019-04-18,0.1494522574763492,0.1494522574763492,0.1494522574763492,0.1494522574763492,0.0
2019-04-19,0.14915800307265487,0.14915800307265487,0.14915800307265487,0.14915800307265487,0.0
2019-04-22,0.14917580368464234,0.14917580368464234,0.14917580368464234,0.14917580368464234,0.0
2019-04-23,0.14907128588891208,0.14907128588891208,0.14907128588891208,0.14907128588891208,0.0
2019-04-24,0.14879845249609402,0.14879845249609402,0.14879845249609402,0.14879845249609402,0.0
2019-04-25,0.1485729567504123,0.1485729567504123,0.1485729567504123,0.1485729567504123,0.0
2019-04-26,0.1485729567504123,0.1485729567504123,0.1485729567504123,0.1485729567504123,0.0
2019-04-29,0.1485663348685188,0.1485663348685188,0.1485663348685188,0.1485663348685188,0.0
2019-04-30,0.1486193264572125,0.1486193264572125,0.1486193264572125,0.1486193264572125,0.0
2019-05-06,0.14849132810643859,0.14849132810643859,0.14849132810643859,0.14849132810643859,0.0
2019-05-07,0.14789836424409145,0.14789836424409145,0.14789836424409145,0.14789836424409145,0.0
2019-05-08,0.14793774779572755,0.14793774779572755,0.14793774779572755,0.14793774779572755,0.0
2019-05-09,0.14778689130274145,0.14778689130274145,0.14778689130274145,0.14778689130274145,0.0
2019-05-10,0.14724938155259748,0.14724938155259748,0.14724938155259748,0.14724938155259748,0.0
2019-05-13,0.14715837183977395,0.14715837183977395,0.14715837183977395,0.14715837183977395,0.0
2019-05-14,0.1462736780516346,0.1462736780516346,0.1462736780516346,0.1462736780516346,0.0
2019-05-15,0.14566854579090738,0.14566854579090738,0.14566854579090738,0.14566854579090738,0.0
2019-05-16,0.14558583740973677,0.14558583740973677,0.14558583740973677,0.14558583740973677,0.0
2019-05-17,0.1452242989296969,0.1452242989296969,0.1452242989296969,0.1452242989296969,0.0
2019-05-20,0.14495274540499797,0.14495274540499797,0.14495274540499797,0.14495274540499797,0.0
2019-05-21,0.14494854326714016,0.14494854326714016,0.14494854326714016,0.14494854326714016,0.0
2019-05-22,0.1449443413729128,0.1449443413729128,0.1449443413729128,0.1449443413729128,0.0
2019-05-23,0.1449401397222947,0.1449401397222947,0.1449401397222947,0.1449401397222947,0.0
2019-05-24,0.1449422405171539,0.1449422405171539,0.1449422405171539,0.1449422405171539,0.0
2019-05-27,0.14508734258023329,0.14508734258023329,0.14508734258023329,0.14508734258023329,0.0
2019-05-28,0.14498426920679106,0.14498426920679106,0.14498426920679106,0.14498426920679106,0.0
2019-05-29,0.14495274540499797,0.14495274540499797,0.14495274540499797,0.14495274540499797,0.0
2019-05-30,0.14494854326714016,0.14494854326714016,0.14494854326714016,0.14494854326714016,0.0
2019-05-31,0.1449443413729128,0.1449443413729128,0.1449443413729128,0.1449443413729128,0.0
2019-06-03,0.14514630747793777,0.14514630747793777,0.14514630747793777,0.14514630747793777,0.0
2019-06-04,0.1453023742407951,0.1453023742407951,0.1453023742407951,0.1453023742407951,0.0
2019-06-05,0.1451315617607361,0.1451315617607361,0.1451315617607361,0.1451315617607361,0.0
2019-06-06,0.14504315033722534,0.14504315033722534,0.14504315033722534,0.14504315033722534,0.0
2019-06-10,0.14508523757707653,0.14508523757707653,0.14508523757707653,0.14508523757707653,0.0
2019-06-11,0.1450747134774409,0.1450747134774409,0.1450747134774409,0.1450747134774409,0.0
2019-06-12,0.1450705042650728,0.1450705042650728,0.1450705042650728,0.1450705042650728,0.0
2019-06-13,0.1450662952969507,0.1450662952969507,0.1450662952969507,0.1450662952969507,0.0
2019-06-14,0.14505998230268216,0.14505998230268216,0.14505998230268216,0.14505998230268216,0.0
2019-06-17,0.1450536698578474,0.1450536698578474,0.1450536698578474,0.1450536698578474,0.0
2019-06-18,0.14504946186649648,0.14504946186649648,0.14504946186649648,0.14504946186649648,0.0
2019-06-19,0.14515262798832973,0.14515262798832973,0.14515262798832973,0.14515262798832973,0.0
2019-06-20,0.14533827483467773,0.14533827483467773,0.14533827483467773,0.14533827483467773,0.0
2019-06-21,0.14604509872648674,0.14604509872648674,0.14604509872648674,0.14604509872648674,0.0
2019-06-24,0.14597900821861817,0.14597900821861817,0.14597900821861817,0.14597900821861817,0.0
2019-06-25,0.1458151064450277,0.1458151064450277,0.1458151064450277,0.1458151064450277,0.0
2019-06-26,0.14555828881675667,0.14555828881675667,0.14555828881675667,0.14555828881675667,0.0
2019-06-27,0.14539532990200355,0.14539532990200355,0.14539532990200355,0.14539532990200355,0.0
2019-06-28,0.14546089283896024,0.14546089283896024,0.14546089283896024,0.14546089283896024,0.0
2019-07-01,0.14552651493102042,0.14552651493102042,0.14552651493102042,0.14552651493102042,0.0
2019-07-02,0.14595770145811743,0.14595770145811743,0.14595770145811743,0.14595770145811743,0.0
2019-07-03,0.1456876456876457,0.1456876456876457,0.1456876456876457,0.1456876456876457,0.0
2019-07-04,0.14554981442398662,0.14554981442398662,0.14554981442398662,0.14554981442398662,0.0
2019-07-05,0.1455667641963987,0.1455667641963987,0.1455667641963987,0.1455667641963987,0.0
2019-07-08,0.14517791553548876,0.14517791553548876,0.14517791553548876,0.14517791553548876,0.0
2019-07-09,0.1452369540905988,0.1452369540905988,0.1452369540905988,0.1452369540905988,0.0
2019-07-10,0.1452306262344603,0.1452306262344603,0.1452306262344603,0.1452306262344603,0.0
2019-07-11,0.14560915590372323,0.14560915590372323,0.14560915590372323,0.14560915590372323,0.0
2019-07-12,0.1456409658908858,0.1456409658908858,0.1456409658908858,0.1456409658908858,0.0
2019-07-15,0.14560915590372323,0.14560915590372323,0.14560915590372323,0.14560915590372323,0.0
2019-07-16,0.14553922282055012,0.14553922282055012,0.14553922282055012,0.14553922282055012,0.0
2019-07-17,0.14529181861769364,0.14529181861769364,0.14529181861769364,0.14529181861769364,0.0
2019-07-18,0.1454312764503134,0.1454312764503134,0.1454312764503134,0.1454312764503134,0.0
2019-07-19,0.14569825890580607,0.14569825890580607,0.14569825890580607,0.14569825890580607,0.0
2019-07-22,0.14543550662458735,0.14543550662458735,0.14543550662458735,0.14543550662458735,0.0
2019-07-23,0.14531081984364555,0.14531081984364555,0.14531081984364555,0.14531081984364555,0.0
2019-07-24,0.14522218995062444,0.14522218995062444,0.14522218995062444,0.14522218995062444,0.0
2019-07-25,0.14548205478854181,0.14548205478854181,0.14548205478854181,0.14548205478854181,0.0
2019-07-26,0.14535728821443109,0.14535728821443109,0.14535728821443109,0.14535728821443109,0.0
2019-07-29,0.1453044855494689,0.1453044855494689,0.1453044855494689,0.1453044855494689,0.0
2019-07-30,0.14521797217623653,0.14521797217623653,0.14521797217623653,0.14521797217623653,0.0
2019-07-31,0.14526227103034528,0.14526227103034528,0.14526227103034528,0.14526227103034528,0.0
2019-08-01,0.14505787809335927,0.14505787809335927,0.14505787809335927,0.14505787809335927,0.0
2019-08-02,0.14493593831526463,0.14493593831526463,0.14493593831526463,0.14493593831526463,0.0
2019-08-05,0.14445648248465148,0.14445648248465148,0.14445648248465148,0.14445648248465148,0.0
2019-08-06,0.14350702466885754,0.14350702466885754,0.14350702466885754,0.14350702466885754,0.0
2019-08-07,0.14286530658894794,0.14286530658894794,0.14286530658894794,0.14286530658894794,0.0
2019-08-08,0.1427775953397393,0.1427775953397393,0.1427775953397393,0.1427775953397393,0.0
2019-08-09,0.1425801300330786,0.1425801300330786,0.1425801300330786,0.1425801300330786,0.0
2019-08-12,0.14242782469983337,0.14242782469983337,0.14242782469983337,0.14242782469983337,0.0
2019-08-13,0.1421949207974291,0.1421949207974291,0.1421949207974291,0.1421949207974291,0.0
2019-08-14,0.14222323358743885,0.14222323358743885,0.14222323358743885,0.14222323358743885,0.0
2019-08-15,0.14231229008937213,0.14231229008937213,0.14231229008937213,0.14231229008937213,0.0
2019-08-16,0.14222323358743885,0.14222323358743885,0.14222323358743885,0.14222323358743885,0.0
2019-08-19,0.1421161088609394,0.1421161088609394,0.1421161088609394,0.1421161088609394,0.0
2019-08-20,0.1419365827348341,0.1419365827348341,0.1419365827348341,0.1419365827348341,0.0
2019-08-21,0.14197890193517243,0.14197890193517243,0.14197890193517243,0.14197890193517243,0.0
2019-08-22,0.14186409419775853,0.14186409419775853,0.14186409419775853,0.14186409419775853,0.0
2019-08-23,0.1416992574958907,0.1416992574958907,0.1416992574958907,0.1416992574958907,0.0
2019-08-26,0.14170327334561428,0.14170327334561428,0.14170327334561428,0.14170327334561428,0.0
2019-08-27,0.14122299110295156,0.14122299110295156,0.14122299110295156,0.14122299110295156,0.0
2019-08-28,0.14117314886708549,0.14117314886708549,0.14117314886708549,0.14117314886708549,0.0
2019-08-29,0.14112732507268058,0.14112732507268058,0.14112732507268058,0.14112732507268058,0.0
2019-08-30,0.14108551192878002,0.14108551192878002,0.14108551192878002,0.14108551192878002,0.0
2019-09-02,0.14107755032941607,0.14107755032941607,0.14107755032941607,0.14107755032941607,0.0
2019-09-03,0.1410755600699735,0.1410755600699735,0.1410755600699735,0.1410755600699735,0.0
2019-09-04,0.1410875024690313,0.1410875024690313,0.1410875024690313,0.1410875024690313,0.0
2019-09-05,0.14113927623779143,0.14113927623779143,0.14113927623779143,0.14113927623779143,0.0
2019-09-06,0.1411333004022299,0.1411333004022299,0.1411333004022299,0.1411333004022299,0.0
2019-09-09,0.1411412682954369,0.1411412682954369,0.1411412682954369,0.1411412682954369,0.0
2019-09-10,0.1411512294272083,0.1411512294272083,0.1411512294272083,0.1411512294272083,0.0
2019-09-11,0.14115720678119223,0.14115720678119223,0.14115720678119223,0.14115720678119223,0.0
2019-09-12,0.1411512294272083,0.1411512294272083,0.1411512294272083,0.1411512294272083,0.0
2019-09-16,0.14152879403314605,0.14152879403314605,0.14152879403314605,0.14152879403314605,0.0
2019-09-17,0.14138272303124558,0.14138272303124558,0.14138272303124558,0.14138272303124558,0.0
2019-09-18,0.14138672095916752,0.14138672095916752,0.14138672095916752,0.14138672095916752,0.0
2019-09-19,0.14137872532941242,0.14137872532941242,0.14137872532941242,0.14137872532941242,0.0
2019-09-20,0.14138272303124558,0.14138272303124558,0.14138272303124558,0.14138272303124558,0.0
2019-09-23,0.14137472785364888,0.14137472785364888,0.14137472785364888,0.14137472785364888,0.0
2019-09-24,0.14138472196694427,0.14138472196694427,0.14138472196694427,0.14138472196694427,0.0
2019-09-25,0.14139471749335444,0.14139471749335444,0.14139471749335444,0.14139471749335444,0.0
2019-09-26,0.14138472196694427,0.14138472196694427,0.14138472196694427,0.14138472196694427,0.0
2019-09-27,0.1413807241520691,0.1413807241520691,0.1413807241520691,0.1413807241520691,0.0
2019-09-30,0.14138472196694427,0.14138472196694427,0.14138472196694427,0.14138472196694427,0.0
2019-10-08,0.1413907191131974,0.1413907191131974,0.1413907191131974,0.1413907191131974,0.0
2019-10-09,0.14138672095916752,0.14138672095916752,0.14138672095916752,0.14138672095916752,0.0
2019-10-10,0.14138272303124558,0.14138272303124558,0.14138272303124558,0.14138272303124558,0.0
2019-10-11,0.14138872000791777,0.14138872000791777,0.14138872000791777,0.14138872000791777,0.0
2019-10-14,0.14139271827500885,0.14139271827500885,0.14139271827500885,0.14139271827500885,0.0
2019-10-15,0.14142671267749052,0.14142671267749052,0.14142671267749052,0.14142671267749052,0.0
2019-10-16,0.14135074774545556,0.14135074774545556,0.14135074774545556,0.14135074774545556,0.0
2019-10-17,0.14126488578733984,0.14126488578733984,0.14126488578733984,0.14126488578733984,0.0
2019-10-18,0.14146272457207526,0.14146272457207526,0.14146272457207526,0.14146272457207526,0.0
2019-10-21,0.1414827391058291,0.1414827391058291,0.1414827391058291,0.1414827391058291,0.0
2019-10-22,0.14150676402332032,0.14150676402332032,0.14150676402332032,0.14150676402332032,0.0
2019-10-23,0.1413387607417458,0.1413387607417458,0.1413387607417458,0.1413387607417458,0.0
2019-10-24,0.14138872000791777,0.14138872000791777,0.14138872000791777,0.14138872000791777,0.0
2019-10-25,0.14134475398945567,0.14134475398945567,0.14134475398945567,0.14134475398945567,0.0
2019-10-28,0.1413187869195331,0.1413187869195331,0.1413187869195331,0.1413187869195331,0.0
2019-10-29,0.14160896101505302,0.14160896101505302,0.14160896101505302,0.14160896101505302,0.0
2019-10-30,0.14167918166104673,0.14167918166104673,0.14167918166104673,0.14167918166104673,0.0
2019-10-31,0.1417776076446486,0.1417776076446486,0.1417776076446486,0.1417776076446486,0.0
2019-11-01,0.14197083918963044,0.14197083918963044,0.14197083918963044,0.14197083918963044,0.0
2019-11-04,0.14208178227387686,0.14208178227387686,0.14208178227387686,0.14208178227387686,0.0
2019-11-05,0.14207572636215102,0.14207572636215102,0.14207572636215102,0.14207572636215102,0.0
2019-11-06,0.14269406392694065,0.14269406392694065,0.14269406392694065,0.14269406392694065,0.0
2019-11-07,0.14284081819220662,0.14284081819220662,0.14284081819220662,0.14284081819220662,0.0
2019-11-08,0.14296947601687038,0.14296947601687038,0.14296947601687038,0.14296947601687038,0.0
2019-11-11,0.14299400855104172,0.14299400855104172,0.14299400855104172,0.14299400855104172,0.0
2019-11-12,0.14288163685203178,0.14288163685203178,0.14288163685203178,0.14288163685203178,0.0
2019-11-13,0.1428041013337903,0.1428041013337903,0.1428041013337903,0.1428041013337903,0.0
2019-11-14,0.14268795570965853,0.14268795570965853,0.14268795570965853,0.14268795570965853,0.0
2019-11-15,0.14267166968655035,0.14267166968655035,0.14267166968655035,0.14267166968655035,0.0
2019-11-18,0.14278167254451218,0.14278167254451218,0.14278167254451218,0.14278167254451218,0.0
2019-11-19,0.1427959445951735,0.1427959445951735,0.1427959445951735,0.1427959445951735,0.0
2019-11-20,0.1426167317949742,0.1426167317949742,0.1426167317949742,0.1426167317949742,0.0
2019-11-21,0.1424156543287238,0.1424156543287238,0.1424156543287238,0.1424156543287238,0.0
2019-11-22,0.14223537109208317,0.14223537109208317,0.14223537109208317,0.14223537109208317,0.0
2019-11-25,0.1420515078767561,0.1420515078767561,0.1420515078767561,0.1420515078767561,0.0
2019-11-26,0.1421585351984533,0.1421585351984533,0.1421585351984533,0.1421585351984533,0.0
2019-11-27,0.14214843139205957,0.14214843139205957,0.14214843139205957,0.14214843139205957,0.0
2019-11-28,0.14230621451238776,0.14230621451238776,0.14230621451238776,0.14230621451238776,0.0
2019-11-29,0.14225155765455633,0.14225155765455633,0.14225155765455633,0.14225155765455633,0.0
2019-12-02,0.14232444279980644,0.14232444279980644,0.14232444279980644,0.14232444279980644,0.0
2019-12-03,0.14240348603733818,0.14240348603733818,0.14240348603733818,0.14240348603733818,0.0
2019-12-04,0.14208178227387686,0.14208178227387686,0.14208178227387686,0.14208178227387686,0.0
2019-12-05,0.141801732817175,0.141801732817175,0.141801732817175,0.141801732817175,0.0
2019-12-06,0.1420797635792734,0.1420797635792734,0.1420797635792734,0.1420797635792734,0.0
2019-12-09,0.14203536680633477,0.14203536680633477,0.14203536680633477,0.14203536680633477,0.0
2019-12-10,0.14204545454545456,0.14204545454545456,0.14204545454545456,0.14204545454545456,0.0
2019-12-11,0.14207572636215102,0.14207572636215102,0.14207572636215102,0.14207572636215102,0.0
2019-12-12,0.1423426757576189,0.1423426757576189,0.1423426757576189,0.1423426757576189,0.0
2019-12-13,0.14253948343691203,0.14253948343691203,0.14253948343691203,0.14253948343691203,0.0
2019-12-16,0.1430308231423872,0.1430308231423872,0.1430308231423872,0.1430308231423872,0.0
2019-12-17,0.14291635105972475,0.14291635105972475,0.14291635105972475,0.14291635105972475,0.0
2019-12-18,0.14292043619317127,0.14292043619317127,0.14292043619317127,0.14292043619317127,0.0
2019-12-19,0.14280614066404854,0.14280614066404854,0.14280614066404854,0.14280614066404854,0.0
2019-12-20,0.14281633818908884,0.14281633818908884,0.14281633818908884,0.14281633818908884,0.0
2019-12-23,0.14261876577720095,0.14261876577720095,0.14261876577720095,0.14261876577720095,0.0
2019-12-24,0.14261469787076256,0.14261469787076256,0.14261469787076256,0.14261469787076256,0.0
2019-12-25,0.14272053891275494,0.14272053891275494,0.14272053891275494,0.14272053891275494,0.0
2019-12-26,0.1432644231458002,0.1432644231458002,0.1432644231458002,0.1432644231458002,0.0
2019-12-27,0.14310450922308562,0.14310450922308562,0.14310450922308562,0.14310450922308562,0.0
2019-12-30,0.14325621373827088,0.14325621373827088,0.14325621373827088,0.14325621373827088,0.0
2019-12-31,0.14334451420544134,0.14334451420544134,0.14334451420544134,0.14334451420544134,0.0
2020-01-02,0.14364926595225097,0.14364926595225097,0.14364926595225097,0.14364926595225097,0.0
2020-01-03,0.14351114364030368,0.14351114364030368,0.14351114364030368,0.14351114364030368,0.0
2020-01-06,0.14343498092314755,0.14343498092314755,0.14343498092314755,0.14343498092314755,0.0
2020-01-07,0.14349261013057826,0.14349261013057826,0.14349261013057826,0.14349261013057826,0.0
2020-01-08,0.14398848092152627,0.14398848092152627,0.14398848092152627,0.14398848092152627,0.0
2020-01-09,0.14389110321308834,0.14389110321308834,0.14389110321308834,0.14389110321308834,0.0
2020-01-10,0.14419402748338164,0.14419402748338164,0.14419402748338164,0.14419402748338164,0.0
2020-01-13,0.14437722882346996,0.14437722882346996,0.14437722882346996,0.14437722882346996,0.0
2020-01-14,0.14502421904458043,0.14502421904458043,0.14502421904458043,0.14502421904458043,0.0
2020-01-15,0.14525383106979448,0.14525383106979448,0.14525383106979448,0.14525383106979448,0.0
2020-01-16,0.14533405031464822,0.14533405031464822,0.14533405031464822,0.14533405031464822,0.0
2020-01-17,0.14518423879903597,0.14518423879903597,0.14518423879903597,0.14518423879903597,0.0
2020-01-20,0.14563672375626238,0.14563672375626238,0.14563672375626238,0.14563672375626238,0.0
2020-01-21,0.14575984607760253,0.14575984607760253,0.14575984607760253,0.14575984607760253,0.0
2020-01-22,0.1452369540905988,0.1452369540905988,0.1452369540905988,0.1452369540905988,0.0
2020-01-23,0.14518845461408908,0.14518845461408908,0.14518845461408908,0.14518845461408908,0.0
2020-02-03,0.1444064174211902,0.1444064174211902,0.1444064174211902,0.1444064174211902,0.0
2020-02-04,0.1433095917109732,0.1433095917109732,0.1433095917109732,0.1433095917109732,0.0
2020-02-05,0.14321928304426906,0.14321928304426906,0.14321928304426906,0.14321928304426906,0.0
2020-02-06,0.14288776166321354,0.14288776166321354,0.14288776166321354,0.14288776166321354,0.0
2020-02-07,0.14333218667583994,0.14333218667583994,0.14333218667583994,0.14333218667583994,0.0
2020-02-10,0.1431372829680947,0.1431372829680947,0.1431372829680947,0.1431372829680947,0.0
2020-02-11,0.143067656694851,0.143067656694851,0.143067656694851,0.143067656694851,0.0
2020-02-12,0.14343498092314755,0.14343498092314755,0.14343498092314755,0.14343498092314755,0.0
2020-02-13,0.14329727018700292,0.14329727018700292,0.14329727018700292,0.14329727018700292,0.0
2020-02-14,0.14317827126555274,0.14317827126555274,0.14317827126555274,0.14317827126555274,0.0
2020-02-17,0.14327673902141988,0.14327673902141988,0.14327673902141988,0.14327673902141988,0.0
2020-02-18,0.1432131297797382,0.1432131297797382,0.1432131297797382,0.1432131297797382,0.0
2020-02-19,0.14283265725875566,0.14283265725875566,0.14283265725875566,0.14283265725875566,0.0
2020-02-20,0.1428041013337903,0.1428041013337903,0.1428041013337903,0.1428041013337903,0.0
2020-02-21,0.1424298532972511,0.1424298532972511,0.1424298532972511,0.1424298532972511,0.0
2020-02-24,0.14235686017709193,0.14235686017709193,0.14235686017709193,0.14235686017709193,0.0
2020-02-25,0.14238523749857615,0.14238523749857615,0.14238523749857615,0.14238523749857615,0.0
2020-02-26,0.14260046202549698,0.14260046202549698,0.14260046202549698,0.14260046202549698,0.0
2020-02-27,0.1424197108879869,0.1424197108879869,0.1424197108879869,0.1424197108879869,0.0
2020-02-28,0.14272257585704906,0.14272257585704906,0.14272257585704906,0.14272257585704906,0.0
2020-03-02,0.1432439013908983,0.1432439013908983,0.1432439013908983,0.1432439013908983,0.0
2020-03-03,0.1438517751309051,0.1438517751309051,0.1438517751309051,0.1438517751309051,0.0
2020-03-04,0.14385591391662111,0.14385591391662111,0.14385591391662111,0.14385591391662111,0.0
2020-03-05,0.14408599051914184,0.14408599051914184,0.14408599051914184,0.14408599051914184,0.0
2020-03-06,0.1442231420453726,0.1442231420453726,0.1442231420453726,0.1442231420453726,0.0
2020-03-09,0.14438348252959862,0.14438348252959862,0.14438348252959862,0.14438348252959862,0.0
2020-03-10,0.14411506146507372,0.14411506146507372,0.14411506146507372,0.14411506146507372,0.0
2020-03-11,0.14365339309314487,0.14365339309314487,0.14365339309314487,0.14365339309314487,0.0
2020-03-12,0.14359357275168363,0.14359357275168363,0.14359357275168363,0.14359357275168363,0.0
2020-03-13,0.14278982765267803,0.14278982765267803,0.14278982765267803,0.14278982765267803,0.0
2020-03-16,0.1428204176069011,0.1428204176069011,0.1428204176069011,0.1428204176069011,0.0
2020-03-17,0.1426655633863098,0.1426655633863098,0.1426655633863098,0.1426655633863098,0.0
2020-03-18,0.14219087703332955,0.14219087703332955,0.14219087703332955,0.14219087703332955,0.0
2020-03-19,0.14179972207254474,0.14179972207254474,0.14179972207254474,0.14179972207254474,0.0
2020-03-20,0.14074199178066768,0.14074199178066768,0.14074199178066768,0.14074199178066768,0.0
2020-03-23,0.140964195094446,0.140964195094446,0.140964195094446,0.140964195094446,0.0
2020-03-24,0.14084705418386176,0.14084705418386176,0.14084705418386176,0.14084705418386176,0.0
2020-03-25,0.14135874021090725,0.14135874021090725,0.14135874021090725,0.14135874021090725,0.0
2020-03-26,0.14145872234481977,0.14145872234481977,0.14145872234481977,0.14145872234481977,0.0
2020-03-27,0.14199099777074134,0.14199099777074134,0.14199099777074134,0.14199099777074134,0.0
2020-03-30,0.14195068633156843,0.14195068633156843,0.14195068633156843,0.14195068633156843,0.0
2020-03-31,0.1411412682954369,0.1411412682954369,0.1411412682954369,0.1411412682954369,0.0
2020-04-01,0.14130081530570432,0.14130081530570432,0.14130081530570432,0.14130081530570432,0.0
2020-04-02,0.14085498978801325,0.14085498978801325,0.14085498978801325,0.14085498978801325,0.0
2020-04-03,0.14063906390639064,0.14063906390639064,0.14063906390639064,0.14063906390639064,0.0
2020-04-07,0.14096618221288715,0.14096618221288715,0.14096618221288715,0.14096618221288715,0.0
2020-04-08,0.14187818339173985,0.14187818339173985,0.14187818339173985,0.14187818339173985,0.0
2020-04-09,0.1417715776341159,0.1417715776341159,0.1417715776341159,0.1417715776341159,0.0
2020-04-10,0.142138329021804,0.142138329021804,0.142138329021804,0.142138329021804,0.0
2020-04-13,0.14224751066856328,0.14224751066856328,0.14224751066856328,0.14224751066856328,0.0
2020-04-14,0.14203334943044627,0.14203334943044627,0.14203334943044627,0.14203334943044627,0.0
2020-04-15,0.14204141927786143,0.14204141927786143,0.14204141927786143,0.14204141927786143,0.0
2020-04-16,0.14141471278671833,0.14141471278671833,0.14141471278671833,0.14141471278671833,0.0
2020-04-17,0.14140671399078028,0.14140671399078028,0.14140671399078028,0.14140671399078028,0.0
2020-04-20,0.14152879403314605,0.14152879403314605,0.14152879403314605,0.14152879403314605,0.0
2020-04-21,0.1413387607417458,0.1413387607417458,0.1413387607417458,0.1413387607417458,0.0
2020-04-22,0.1410377558072296,0.1410377558072296,0.1410377558072296,0.1410377558072296,0.0
2020-04-23,0.14106958962856378,0.14106958962856378,0.14106958962856378,0.14106958962856378,0.0
2020-04-24,0.14123695323644478,0.14123695323644478,0.14123695323644478,0.14123695323644478,0.0
2020-04-27,0.14143671414225706,0.14143671414225706,0.14143671414225706,0.14143671414225706,0.0
2020-04-28,0.14142271248762553,0.14142271248762553,0.14142271248762553,0.14142271248762553,0.0
2020-04-29,0.1414347137361394,0.1414347137361394,0.1414347137361394,0.1414347137361394,0.0
2020-04-30,0.14170126539229996,0.14170126539229996,0.14170126539229996,0.14170126539229996,0.0
2020-05-06,0.14146272457207526,0.14146272457207526,0.14146272457207526,0.14146272457207526,0.0
2020-05-07,0.14098208117748234,0.14098208117748234,0.14098208117748234,0.14098208117748234,0.0
2020-05-08,0.14126688139232638,0.14126688139232638,0.14126688139232638,0.14126688139232638,0.0
2020-05-11,0.14130480860263675,0.14130480860263675,0.14130480860263675,0.14130480860263675,0.0
2020-05-12,0.14100593634992034,0.14100593634992034,0.14100593634992034,0.14100593634992034,0.0
2020-05-13,0.14109347442680775,0.14109347442680775,0.14109347442680775,0.14109347442680775,0.0
2020-05-14,0.14094830016350002,0.14094830016350002,0.14094830016350002,0.14094830016350002,0.0
2020-05-15,0.1409721439043645,0.1409721439043645,0.1409721439043645,0.1409721439043645,0.0
2020-05-18,0.14078558355624385,0.14078558355624385,0.14078558355624385,0.14078558355624385,0.0
2020-05-19,0.14101985559566788,0.14101985559566788,0.14101985559566788,0.14101985559566788,0.0
2020-05-20,0.1409324088167315,0.1409324088167315,0.1409324088167315,0.1409324088167315,0.0
2020-05-21,0.14110741096122367,0.14110741096122367,0.14110741096122367,0.14110741096122367,0.0
2020-05-22,0.14096618221288715,0.14096618221288715,0.14096618221288715,0.14096618221288715,0.0
2020-05-25,0.140431687005856,0.140431687005856,0.140431687005856,0.140431687005856,0.0
2020-05-26,0.14026622529561109,0.14026622529561109,0.14026622529561109,0.14026622529561109,0.0
2020-05-27,0.14066280312834073,0.14066280312834073,0.14066280312834073,0.14066280312834073,0.0
2020-05-28,0.14029771174432146,0.14029771174432146,0.14029771174432146,0.14029771174432146,0.0
2020-05-29,0.14022098827752538,0.14022098827752538,0.14022098827752538,0.14022098827752538,0.0
2020-06-01,0.14022295449765126,0.14022295449765126,0.14022295449765126,0.14022295449765126,0.0
2020-06-02,0.14051456433459328,0.14051456433459328,0.14051456433459328,0.14051456433459328,0.0
2020-06-03,0.14069842699158622,0.14069842699158622,0.14069842699158622,0.14069842699158622,0.0
2020-06-04,0.14082126964456712,0.14082126964456712,0.14082126964456712,0.14082126964456712,0.0
2020-06-05,0.14091453533431975,0.14091453533431975,0.14091453533431975,0.14091453533431975,0.0
2020-06-08,0.14107954064501566,0.14107954064501566,0.14107954064501566,0.14107954064501566,0.0
2020-06-09,0.14142071247754945,0.14142071247754945,0.14142071247754945,0.14142071247754945,0.0
2020-06-10,0.14143671414225706,0.14143671414225706,0.14143671414225706,0.14143671414225706,0.0
2020-06-11,0.14162701110355766,0.14162701110355766,0.14162701110355766,0.14162701110355766,0.0
2020-06-12,0.14111338460452974,0.14111338460452974,0.14111338460452974,0.14111338460452974,0.0
2020-06-15,0.14103974500014105,0.14103974500014105,0.14103974500014105,0.14103974500014105,0.0
2020-06-16,0.14133276800226133,0.14133276800226133,0.14133276800226133,0.14133276800226133,0.0
2020-06-17,0.14109745601286808,0.14109745601286808,0.14109745601286808,0.14109745601286808,0.0
2020-06-18,0.1410377558072296,0.1410377558072296,0.1410377558072296,0.1410377558072296,0.0
2020-06-19,0.1410178669637443,0.1410178669637443,0.1410178669637443,0.1410178669637443,0.0
2020-06-22,0.14111338460452974,0.14111338460452974,0.14111338460452974,0.14111338460452974,0.0
2020-06-23,0.1415007570290501,0.1415007570290501,0.1415007570290501,0.1415007570290501,0.0
2020-06-24,0.1417333994755864,0.1417333994755864,0.1417333994755864,0.1417333994755864,0.0
2020-06-29,0.14122698000225964,0.14122698000225964,0.14122698000225964,0.14122698000225964,0.0
2020-06-30,0.14125291334133766,0.14125291334133766,0.14125291334133766,0.14125291334133766,0.0
2020-07-01,0.14142271248762553,0.14142271248762553,0.14142271248762553,0.14142271248762553,0.0
2020-07-02,0.14171130572797097,0.14171130572797097,0.14171130572797097,0.14171130572797097,0.0
2020-07-03,0.14156686202893629,0.14156686202893629,0.14156686202893629,0.14156686202893629,0.0
2020-07-06,0.1415167768138913,0.1415167768138913,0.1415167768138913,0.1415167768138913,0.0
2020-07-07,0.14222727919214906,0.14222727919214906,0.14222727919214906,0.14222727919214906,0.0
2020-07-08,0.14243593943623856,0.14243593943623856,0.14243593943623856,0.14243593943623856,0.0
2020-07-09,0.14268388385531855,0.14268388385531855,0.14268388385531855,0.14268388385531855,0.0
2020-07-10,0.14297356418798166,0.14297356418798166,0.14297356418798166,0.14297356418798166,0.0
2020-07-13,0.14292860716072323,0.14292860716072323,0.14292860716072323,0.14292860716072323,0.0
2020-07-14,0.14286530658894794,0.14286530658894794,0.14286530658894794,0.14286530658894794,0.0
2020-07-15,0.14289388699951416,0.14289388699951416,0.14289388699951416,0.14289388699951416,0.0
2020-07-16,0.14303491482270822,0.14303491482270822,0.14303491482270822,0.14303491482270822,0.0
2020-07-17,0.1427694416287138,0.1427694416287138,0.1427694416287138,0.1427694416287138,0.0
2020-07-20,0.1430042329252946,0.1430042329252946,0.1430042329252946,0.1430042329252946,0.0
2020-07-21,0.14313933182559904,0.14313933182559904,0.14313933182559904,0.14313933182559904,0.0
2020-07-22,0.14343498092314755,0.14343498092314755,0.14343498092314755,0.14343498092314755,0.0
2020-07-23,0.14301854950587092,0.14301854950587092,0.14301854950587092,0.14301854950587092,0.0
2020-07-24,0.14298378563870856,0.14298378563870856,0.14298378563870856,0.14298378563870856,0.0
2020-07-27,0.14279798369247027,0.14279798369247027,0.14279798369247027,0.14279798369247027,0.0
2020-07-28,0.14307175048286716,0.14307175048286716,0.14307175048286716,0.14307175048286716,0.0
2020-07-29,0.14292043619317127,0.14292043619317127,0.14292043619317127,0.14292043619317127,0.0
2020-07-30,0.14305742324969242,0.14305742324969242,0.14305742324969242,0.14305742324969242,0.0
2020-07-31,0.14316802199060819,0.14316802199060819,0.14316802199060819,0.14316802199060819,0.0
2020-08-03,0.14289797084881395,0.14289797084881395,0.14289797084881395,0.14289797084881395,0.0
2020-08-04,0.14326031832442732,0.14326031832442732,0.14326031832442732,0.14326031832442732,0.0
2020-08-05,0.1433650648010093,0.1433650648010093,0.1433650648010093,0.1433650648010093,0.0
2020-08-06,0.14401336444022003,0.14401336444022003,0.14401336444022003,0.14401336444022003,0.0
2020-08-07,0.14407561088059012,0.14407561088059012,0.14407561088059012,0.14407561088059012,0.0
2020-08-10,0.14357707935505176,0.14357707935505176,0.14357707935505176,0.14357707935505176,0.0
2020-08-11,0.14344938388489623,0.14344938388489623,0.14344938388489623,0.14344938388489623,0.0
2020-08-12,0.14368435421067,0.14368435421067,0.14368435421067,0.14368435421067,0.0
2020-08-13,0.14403203272407783,0.14403203272407783,0.14403203272407783,0.14403203272407783,0.0
2020-08-14,0.14408183848425907,0.14408183848425907,0.14408183848425907,0.14408183848425907,0.0
2020-08-17,0.14417116000115335,0.14417116000115335,0.14417116000115335,0.14417116000115335,0.0
2020-08-18,0.14424810674359897,0.14424810674359897,0.14424810674359897,0.14424810674359897,0.0
2020-08-19,0.14457552625491557,0.14457552625491557,0.14457552625491557,0.14457552625491557,0.0
2020-08-20,0.14435430320177844,0.14435430320177844,0.14435430320177844,0.14435430320177844,0.0
2020-08-21,0.14470314150520208,0.14470314150520208,0.14470314150520208,0.14470314150520208,0.0
2020-08-24,0.14452120126022486,0.14452120126022486,0.14452120126022486,0.14452120126022486,0.0
2020-08-25,0.14454417992859517,0.14454417992859517,0.14454417992859517,0.14454417992859517,0.0
2020-08-26,0.14476179446720422,0.14476179446720422,0.14476179446720422,0.14476179446720422,0.0
2020-08-27,0.1451315617607361,0.1451315617607361,0.1451315617607361,0.1451315617607361,0.0
2020-08-28,0.14515684196774614,0.14515684196774614,0.14515684196774614,0.14515684196774614,0.0
2020-08-31,0.14576197070184388,0.14576197070184388,0.14576197070184388,0.14576197070184388,0.0
2020-09-01,0.14598966393179363,0.14598966393179363,0.14598966393179363,0.14598966393179363,0.0
2020-09-02,0.14625014625014623,0.14625014625014623,0.14625014625014623,0.14625014625014623,0.0
2020-09-03,0.14637216586893836,0.14637216586893836,0.14637216586893836,0.14637216586893836,0.0
2020-09-04,0.14628651677174914,0.14628651677174914,0.14628651677174914,0.14628651677174914,0.0
2020-09-07,0.14622876027257042,0.14622876027257042,0.14622876027257042,0.14622876027257042,0.0
2020-09-08,0.14627581768182082,0.14627581768182082,0.14627581768182082,0.14627581768182082,0.0
2020-09-09,0.14614968650892243,0.14614968650892243,0.14614968650892243,0.14614968650892243,0.0
2020-09-10,0.14634646061085013,0.14634646061085013,0.14634646061085013,0.14634646061085013,0.0
2020-09-11,0.14622234569886972,0.14622234569886972,0.14622234569886972,0.14622234569886972,0.0
2020-09-14,0.1462822369479674,0.1462822369479674,0.1462822369479674,0.1462822369479674,0.0
2020-09-15,0.1465802820204626,0.1465802820204626,0.1465802820204626,0.1465802820204626,0.0
2020-09-16,0.14743826022852932,0.14743826022852932,0.14743826022852932,0.14743826022852932,0.0
2020-09-17,0.1477650535648319,0.1477650535648319,0.1477650535648319,0.1477650535648319,0.0
2020-09-18,0.14794869139382463,0.14794869139382463,0.14794869139382463,0.14794869139382463,0.0
2020-09-21,0.14793993638582736,0.14793993638582736,0.14793993638582736,0.14793993638582736,0.0
2020-09-22,0.14733616218764733,0.14733616218764733,0.14733616218764733,0.14733616218764733,0.0
2020-09-23,0.14708910658076663,0.14708910658076663,0.14708910658076663,0.14708910658076663,0.0
2020-09-24,0.14699829481978008,0.14699829481978008,0.14699829481978008,0.14699829481978008,0.0
2020-09-25,0.146797610134907,0.146797610134907,0.146797610134907,0.146797610134907,0.0
2020-09-28,0.14651585301529627,0.14651585301529627,0.14651585301529627,0.14651585301529627,0.0
2020-09-29,0.14668994147071335,0.14668994147071335,0.14668994147071335,0.14668994147071335,0.0
2020-09-30,0.1468407218689887,0.1468407218689887,0.1468407218689887,0.1468407218689887,0.0
2020-10-09,0.1475013275119476,0.1475013275119476,0.1475013275119476,0.1475013275119476,0.0
2020-10-12,0.14897357208831152,0.14897357208831152,0.14897357208831152,0.14897357208831152,0.0
2020-10-13,0.14859724203518784,0.14859724203518784,0.14859724203518784,0.14859724203518784,0.0
2020-10-14,0.1482074311205964,0.1482074311205964,0.1482074311205964,0.1482074311205964,0.0
2020-10-15,0.148425208537418,0.148425208537418,0.148425208537418,0.148425208537418,0.0
2020-10-16,0.1485177924315333,0.1485177924315333,0.1485177924315333,0.1485177924315333,0.0
2020-10-19,0.14923145799134457,0.14923145799134457,0.14923145799134457,0.14923145799134457,0.0
2020-10-20,0.1494098311668908,0.1494098311668908,0.1494098311668908,0.1494098311668908,0.0
2020-10-21,0.14974319042841527,0.14974319042841527,0.14974319042841527,0.14974319042841527,0.0
2020-10-22,0.1502494140272853,0.1502494140272853,0.1502494140272853,0.1502494140272853,0.0
2020-10-23,0.14991829452948144,0.14991829452948144,0.14991829452948144,0.14991829452948144,0.0
2020-10-26,0.14986886474334957,0.14986886474334957,0.14986886474334957,0.14986886474334957,0.0
2020-10-27,0.14927823971099732,0.14927823971099732,0.14927823971099732,0.14927823971099732,0.0
2020-10-28,0.14882059677059306,0.14882059677059306,0.14882059677059306,0.14882059677059306,0.0
2020-10-29,0.14867677668748142,0.14867677668748142,0.14867677668748142,0.14867677668748142,0.0
2020-10-30,0.1487386958591147,0.1487386958591147,0.1487386958591147,0.1487386958591147,0.0
2020-11-02,0.14914243102162564,0.14914243102162564,0.14914243102162564,0.14914243102162564,0.0
2020-11-03,0.14934958256791672,0.14934958256791672,0.14934958256791672,0.14934958256791672,0.0
2020-11-04,0.14976561680969283,0.14976561680969283,0.14976561680969283,0.14976561680969283,0.0
2020-11-05,0.14948800358771208,0.14948800358771208,0.14948800358771208,0.14948800358771208,0.0
2020-11-06,0.1508523155830442,0.1508523155830442,0.1508523155830442,0.1508523155830442,0.0
2020-11-09,0.15123330762367104,0.15123330762367104,0.15123330762367104,0.15123330762367104,0.0
2020-11-10,0.15175197656949482,0.15175197656949482,0.15175197656949482,0.15175197656949482,0.0
2020-11-11,0.15135462388375964,0.15135462388375964,0.15135462388375964,0.15135462388375964,0.0
2020-11-12,0.1509753004408479,0.1509753004408479,0.1509753004408479,0.1509753004408479,0.0
2020-11-13,0.15086369465188204,0.15086369465188204,0.15086369465188204,0.15086369465188204,0.0
2020-11-16,0.1514050387596899,0.1514050387596899,0.1514050387596899,0.1514050387596899,0.0
2020-11-17,0.15206350171831756,0.15206350171831756,0.15206350171831756,0.15206350171831756,0.0
2020-11-18,0.15245529248547862,0.15245529248547862,0.15245529248547862,0.15245529248547862,0.0
2020-11-19,0.15270905870136217,0.15270905870136217,0.15270905870136217,0.15270905870136217,0.0
2020-11-20,0.15200802602377406,0.15200802602377406,0.15200802602377406,0.15200802602377406,0.0
2020-11-23,0.15216299700238894,0.15216299700238894,0.15216299700238894,0.15216299700238894,0.0
2020-11-24,0.15195489978574359,0.15195489978574359,0.15195489978574359,0.15195489978574359,0.0
2020-11-25,0.15209356796301082,0.15209356796301082,0.15209356796301082,0.15209356796301082,0.0
2020-11-26,0.15202189115232592,0.15202189115232592,0.15202189115232592,0.15202189115232592,0.0
2020-11-27,0.15207968975743288,0.15207968975743288,0.15207968975743288,0.15207968975743288,0.0
2020-11-30,0.15201726916177677,0.15201726916177677,0.15201726916177677,0.15201726916177677,0.0
2020-12-01,0.15169672790157915,0.15169672790157915,0.15169672790157915,0.15169672790157915,0.0
2020-12-02,0.15241346725396657,0.15241346725396657,0.15241346725396657,0.15241346725396657,0.0
2020-12-03,0.15245761678253447,0.15245761678253447,0.15245761678253447,0.15245761678253447,0.0
2020-12-04,0.15265544140320883,0.15265544140320883,0.15265544140320883,0.15265544140320883,0.0
2020-12-07,0.15299409442795509,0.15299409442795509,0.15299409442795509,0.15299409442795509,0.0
2020-12-08,0.15309246785058175,0.15309246785058175,0.15309246785058175,0.15309246785058175,0.0
2020-12-09,0.15311356433066403,0.15311356433066403,0.15311356433066403,0.15311356433066403,0.0
2020-12-10,0.1527277170260859,0.1527277170260859,0.1527277170260859,0.1527277170260859,0.0
2020-12-11,0.1528935096705145,0.1528935096705145,0.1528935096705145,0.1528935096705145,0.0
2020-12-14,0.15299643518306022,0.15299643518306022,0.15299643518306022,0.15299643518306022,0.0
2020-12-15,0.15282574808203686,0.15282574808203686,0.15282574808203686,0.15282574808203686,0.0
2020-12-16,0.15301048121796343,0.15301048121796343,0.15301048121796343,0.15301048121796343,0.0
2020-12-17,0.15299409442795509,0.15299409442795509,0.15299409442795509,0.15299409442795509,0.0
2020-12-18,0.15310418739952536,0.15310418739952536,0.15310418739952536,0.15310418739952536,0.0
2020-12-21,0.15265544140320883,0.15265544140320883,0.15265544140320883,0.15265544140320883,0.0
2020-12-22,0.15293559881933716,0.15293559881933716,0.15293559881933716,0.15293559881933716,0.0
2020-12-23,0.15253668507276,0.15253668507276,0.15253668507276,0.15253668507276,0.0
2020-12-24,0.15299643518306022,0.15299643518306022,0.15299643518306022,0.15299643518306022,0.0
2020-12-25,0.153062005418395,0.153062005418395,0.153062005418395,0.153062005418395,0.0
2020-12-28,0.1532895947023116,0.1532895947023116,0.1532895947023116,0.1532895947023116,0.0
2020-12-29,0.15278605368901926,0.15278605368901926,0.15278605368901926,0.15278605368901926,0.0
2020-12-30,0.15308075009567548,0.15308075009567548,0.15308075009567548,0.15308075009567548,0.0
2020-12-31,0.15325905377860197,0.15325905377860197,0.15325905377860197,0.15325905377860197,0.0
2021-01-04,0.15288649706457927,0.15288649706457927,0.15288649706457927,0.15288649706457927,0.0
2021-01-05,0.15441630636195183,0.15441630636195183,0.15441630636195183,0.15441630636195183,0.0
2021-01-06,0.1547891771407343,0.1547891771407343,0.1547891771407343,0.1547891771407343,0.0
2021-01-07,0.15477959385834572,0.15477959385834572,0.15477959385834572,0.15477959385834572,0.0
2021-01-08,0.15454039685973914,0.15454039685973914,0.15454039685973914,0.15454039685973914,0.0
2021-01-11,0.15440676919276142,0.15440676919276142,0.15440676919276142,0.15440676919276142,0.0
2021-01-12,0.1542662326643321,0.1542662326643321,0.1542662326643321,0.1542662326643321,0.0
2021-01-13,0.15478678120888476,0.15478678120888476,0.15478678120888476,0.15478678120888476,0.0
2021-01-14,0.15444969573409942,0.15444969573409942,0.15444969573409942,0.15444969573409942,0.0
2021-01-15,0.154719725217768,0.154719725217768,0.154719725217768,0.154719725217768,0.0
2021-01-18,0.15421389467190993,0.15421389467190993,0.15421389467190993,0.15421389467190993,0.0
2021-01-19,0.1541235762834641,0.1541235762834641,0.1541235762834641,0.1541235762834641,0.0
2021-01-20,0.1542353013757789,0.1542353013757789,0.1542353013757789,0.1542353013757789,0.0
2021-01-21,0.15456906145665883,0.15456906145665883,0.15456906145665883,0.15456906145665883,0.0
2021-01-22,0.15475803581100947,0.15475803581100947,0.15475803581100947,0.15475803581100947,0.0
2021-01-25,0.1542757524799827,0.1542757524799827,0.1542757524799827,0.1542757524799827,0.0
2021-01-26,0.15420913843354356,0.15420913843354356,0.15420913843354356,0.15420913843354356,0.0
2021-01-27,0.15464316090620892,0.15464316090620892,0.15464316090620892,0.15464316090620892,0.0
2021-01-28,0.15421389467190993,0.15421389467190993,0.15421389467190993,0.15421389467190993,0.0
2021-01-29,0.15453800862322087,0.15453800862322087,0.15453800862322087,0.15453800862322087,0.0
2021-02-01,0.1547436671154233,0.1547436671154233,0.1547436671154233,0.1547436671154233,0.0
2021-02-02,0.15447355412753336,0.15447355412753336,0.15447355412753336,0.15447355412753336,0.0
2021-02-03,0.1546335956950007,0.1546335956950007,0.1546335956950007,0.1546335956950007,0.0
2021-02-04,0.15478678120888476,0.15478678120888476,0.15478678120888476,0.15478678120888476,0.0
2021-02-05,0.15453562046051614,0.15453562046051614,0.15453562046051614,0.15453562046051614,0.0
2021-02-08,0.15461207829555643,0.15461207829555643,0.15461207829555643,0.15461207829555643,0.0
2021-02-09,0.15495947809647778,0.15495947809647778,0.15495947809647778,0.15495947809647778,0.0
2021-02-10,0.15530120669037598,0.15530120669037598,0.15530120669037598,0.15530120669037598,0.0
2021-02-18,0.1549522746993926,0.1549522746993926,0.1549522746993926,0.1549522746993926,0.0
2021-02-19,0.1547412725922258,0.1547412725922258,0.1547412725922258,0.1547412725922258,0.0
2021-02-22,0.1548874742499574,0.1548874742499574,0.1548874742499574,0.1548874742499574,0.0
2021-02-23,0.15500031000062,0.15500031000062,0.15500031000062,0.15500031000062,0.0
2021-02-24,0.15476282596920218,0.15476282596920218,0.15476282596920218,0.15476282596920218,0.0
2021-02-25,0.1549858962834382,0.1549858962834382,0.1549858962834382,0.1549858962834382,0.0
2021-02-26,0.15452845641524887,0.15452845641524887,0.15452845641524887,0.15452845641524887,0.0
2021-03-01,0.15443061432498378,0.15443061432498378,0.15443061432498378,0.15443061432498378,0.0
2021-03-02,0.15473887814313345,0.15473887814313345,0.15473887814313345,0.15473887814313345,0.0
2021-03-03,0.15488267637264772,0.15488267637264772,0.15488267637264772,0.15488267637264772,0.0
2021-03-04,0.15442107538836902,0.15442107538836902,0.15442107538836902,0.15442107538836902,0.0
2021-03-05,0.15407370886231972,0.15407370886231972,0.15407370886231972,0.15407370886231972,0.0
2021-03-08,0.1543328960567945,0.1543328960567945,0.1543328960567945,0.1543328960567945,0.0
2021-03-09,0.15305029232605832,0.15305029232605832,0.15305029232605832,0.15305029232605832,0.0
2021-03-10,0.15359567474579916,0.15359567474579916,0.15359567474579916,0.15359567474579916,0.0
2021-03-11,0.1539171925504079,0.1539171925504079,0.1539171925504079,0.1539171925504079,0.0
2021-03-12,0.15421389467190993,0.15421389467190993,0.15421389467190993,0.15421389467190993,0.0
2021-03-15,0.15382248884786956,0.15382248884786956,0.15382248884786956,0.15382248884786956,0.0
2021-03-16,0.15377754540282026,0.15377754540282026,0.15377754540282026,0.15377754540282026,0.0
2021-03-17,0.15389824248207085,0.15389824248207085,0.15389824248207085,0.15389824248207085,0.0
2021-03-18,0.154180607163231,0.154180607163231,0.154180607163231,0.154180607163231,0.0
2021-03-19,0.15361455037021107,0.15361455037021107,0.15361455037021107,0.15361455037021107,0.0
2021-03-22,0.1533954073415042,0.1533954073415042,0.1533954073415042,0.1533954073415042,0.0
2021-03-23,0.15376099391106465,0.15376099391106465,0.15376099391106465,0.15376099391106465,0.0
2021-03-24,0.15330839516771938,0.15330839516771938,0.15330839516771938,0.15330839516771938,0.0
2021-03-25,0.15318158144664684,0.15318158144664684,0.15318158144664684,0.15318158144664684,0.0
2021-03-26,0.15296133137542828,0.15296133137542828,0.15296133137542828,0.15296133137542828,0.0
2021-03-29,0.15286779992662347,0.15286779992662347,0.15286779992662347,0.15286779992662347,0.0
2021-03-30,0.1523438095093006,0.1523438095093006,0.1523438095093006,0.1523438095093006,0.0
2021-03-31,0.15217689041742122,0.15217689041742122,0.15217689041742122,0.15217689041742122,0.0
2021-04-01,0.15247621371066114,0.15247621371066114,0.15247621371066114,0.15247621371066114,0.0
2021-04-02,0.1523252448628311,0.1523252448628311,0.1523252448628311,0.1523252448628311,0.0
2021-04-06,0.15260884826102217,0.15260884826102217,0.15260884826102217,0.15260884826102217,0.0
2021-04-07,0.15294261593050287,0.15294261593050287,0.15294261593050287,0.15294261593050287,0.0
2021-04-08,0.15275804653010097,0.15275804653010097,0.15275804653010097,0.15275804653010097,0.0
2021-04-09,0.15288415967221636,0.15288415967221636,0.15288415967221636,0.15288415967221636,0.0
2021-04-12,0.1524901643843972,0.1524901643843972,0.1524901643843972,0.1524901643843972,0.0
2021-04-13,0.1527790509365356,0.1527790509365356,0.1527790509365356,0.1527790509365356,0.0
2021-04-14,0.15299409442795509,0.15299409442795509,0.15299409442795509,0.15299409442795509,0.0
2021-04-15,0.15314639263672145,0.15314639263672145,0.15314639263672145,0.15314639263672145,0.0
2021-04-16,0.1531675039823551,0.1531675039823551,0.1531675039823551,0.1531675039823551,0.0
2021-04-19,0.15329664433645548,0.15329664433645548,0.15329664433645548,0.15329664433645548,0.0
2021-04-20,0.1536027525613259,0.1536027525613259,0.1536027525613259,0.1536027525613259,0.0
2021-04-21,0.15373735510254283,0.15373735510254283,0.15373735510254283,0.15373735510254283,0.0
2021-04-22,0.1540784567501772,0.1540784567501772,0.1540784567501772,0.1540784567501772,0.0
2021-04-23,0.1540025256414205,0.1540025256414205,0.1540025256414205,0.1540025256414205,0.0
2021-04-26,0.15405234698750636,0.15405234698750636,0.15405234698750636,0.15405234698750636,0.0
2021-04-27,0.15402624607233073,0.15402624607233073,0.15402624607233073,0.15402624607233073,0.0
2021-04-28,0.15419487147857464,0.15419487147857464,0.15419487147857464,0.15419487147857464,0.0
2021-04-29,0.15452368075407558,0.15452368075407558,0.15452368075407558,0.15452368075407558,0.0
2021-04-30,0.1546264225630876,0.1546264225630876,0.1546264225630876,0.1546264225630876,0.0
2021-05-06,0.15409507666230066,0.15409507666230066,0.15409507666230066,0.15409507666230066,0.0
2021-05-07,0.15461207829555643,0.15461207829555643,0.15461207829555643,0.15461207829555643,0.0
2021-05-10,0.15521924718665114,0.15521924718665114,0.15521924718665114,0.15521924718665114,0.0
2021-05-11,0.15563233417374794,0.15563233417374794,0.15563233417374794,0.15563233417374794,0.0
2021-05-12,0.15562264620747612,0.15562264620747612,0.15562264620747612,0.15562264620747612,0.0
2021-05-13,0.1547700117625209,0.1547700117625209,0.1547700117625209,0.1547700117625209,0.0
2021-05-14,0.15497869043006587,0.15497869043006587,0.15497869043006587,0.15497869043006587,0.0
2021-05-17,0.15550406643133718,0.15550406643133718,0.15550406643133718,0.15550406643133718,0.0
2021-05-18,0.155383252793014,0.155383252793014,0.155383252793014,0.155383252793014,0.0
2021-05-19,0.15562991206909968,0.15562991206909968,0.15562991206909968,0.15562991206909968,0.0
2021-05-20,0.1551253412757508,0.1551253412757508,0.1551253412757508,0.1551253412757508,0.0
2021-05-21,0.15552099533437014,0.15552099533437014,0.15552099533437014,0.15552099533437014,0.0
2021-05-24,0.15526021612222082,0.15526021612222082,0.15526021612222082,0.15526021612222082,0.0
2021-05-25,0.1555621237341132,0.1555621237341132,0.1555621237341132,0.1555621237341132,0.0
2021-05-26,0.15600867408227898,0.15600867408227898,0.15600867408227898,0.15600867408227898,0.0
2021-05-27,0.15617679212868968,0.15617679212868968,0.15617679212868968,0.15617679212868968,0.0
2021-05-28,0.15659745059350436,0.15659745059350436,0.15659745059350436,0.15659745059350436,0.0
2021-05-31,0.1570302440249992,0.1570302440249992,0.1570302440249992,0.1570302440249992,0.0
2021-06-01,0.15730195683634304,0.15730195683634304,0.15730195683634304,0.15730195683634304,0.0
2021-06-02,0.15680617189092563,0.15680617189092563,0.15680617189092563,0.15680617189092563,0.0
2021-06-03,0.15671279246524894,0.15671279246524894,0.15671279246524894,0.15671279246524894,0.0
2021-06-04,0.15607441628168311,0.15607441628168311,0.15607441628168311,0.15607441628168311,0.0
2021-06-07,0.15634038428466457,0.15634038428466457,0.15634038428466457,0.15634038428466457,0.0
2021-06-08,0.15647248431363345,0.15647248431363345,0.15647248431363345,0.15647248431363345,0.0
2021-06-09,0.15635749577834762,0.15635749577834762,0.15635749577834762,0.15635749577834762,0.0
2021-06-10,0.15631838929531672,0.15631838929531672,0.15631838929531672,0.15631838929531672,0.0
2021-06-11,0.1566023552994237,0.1566023552994237,0.1566023552994237,0.1566023552994237,0.0
2021-06-15,0.15607928827844544,0.15607928827844544,0.15607928827844544,0.15607928827844544,0.0
2021-06-16,0.15605980211617093,0.15605980211617093,0.15605980211617093,0.15605980211617093,0.0
2021-06-17,0.15552583284083485,0.15552583284083485,0.15552583284083485,0.15552583284083485,0.0
2021-06-18,0.15537359581112786,0.15537359581112786,0.15537359581112786,0.15537359581112786,0.0
2021-06-21,0.15492826821181793,0.15492826821181793,0.15492826821181793,0.15492826821181793,0.0
2021-06-22,0.15476761642393946,0.15476761642393946,0.15476761642393946,0.15476761642393946,0.0
2021-06-23,0.15474845638414755,0.15474845638414755,0.15474845638414755,0.15474845638414755,0.0
2021-06-24,0.1542638528939899,0.1542638528939899,0.1542638528939899,0.1542638528939899,0.0
2021-06-25,0.15445446682318054,0.15445446682318054,0.15445446682318054,0.15445446682318054,0.0
2021-06-28,0.15485149741398,0.15485149741398,0.15485149741398,0.15485149741398,0.0
2021-06-29,0.15487787879257206,0.15487787879257206,0.15487787879257206,0.15487787879257206,0.0
2021-06-30,0.15479636538134084,0.15479636538134084,0.15479636538134084,0.15479636538134084,0.0
2021-07-01,0.15453800862322087,0.15453800862322087,0.15453800862322087,0.15453800862322087,0.0
2021-07-02,0.15453084435653358,0.15453084435653358,0.15453084435653358,0.15453084435653358,0.0
2021-07-06,0.15476761642393946,0.15476761642393946,0.15476761642393946,0.15476761642393946,0.0
2021-07-07,0.15441153763009172,0.15441153763009172,0.15441153763009172,0.15441153763009172,0.0
2021-07-08,0.15454756201220926,0.15454756201220926,0.15454756201220926,0.15454756201220926,0.0
2021-07-09,0.154428229480349,0.154428229480349,0.154428229480349,0.154428229480349,0.0
2021-07-12,0.15435671837616732,0.15435671837616732,0.15435671837616732,0.15435671837616732,0.0
2021-07-13,0.15442346001204504,0.15442346001204504,0.15442346001204504,0.15442346001204504,0.0
2021-07-14,0.15430669999691388,0.15430669999691388,0.15430669999691388,0.15430669999691388,0.0
2021-07-15,0.1547029702970297,0.1547029702970297,0.1547029702970297,0.1547029702970297,0.0
2021-07-16,0.15454756201220926,0.15454756201220926,0.15454756201220926,0.15454756201220926,0.0
2021-07-19,0.1545595054095827,0.1545595054095827,0.1545595054095827,0.1545595054095827,0.0
2021-07-20,0.1541901164135379,0.1541901164135379,0.1541901164135379,0.1541901164135379,0.0
2021-07-21,0.1542376802652888,0.1542376802652888,0.1542376802652888,0.1542376802652888,0.0
2021-07-22,0.15467664846638104,0.15467664846638104,0.15467664846638104,0.15467664846638104,0.0
2021-07-23,0.15467904098994587,0.15467904098994587,0.15467904098994587,0.15467904098994587,0.0
2021-07-26,0.15440915337461203,0.15440915337461203,0.15440915337461203,0.15440915337461203,0.0
2021-07-27,0.15447832669076528,0.15447832669076528,0.15447832669076528,0.15447832669076528,0.0
2021-07-28,0.15401438494355374,0.15401438494355374,0.15401438494355374,0.15401438494355374,0.0
2021-07-29,0.1539835545563734,0.1539835545563734,0.1539835545563734,0.1539835545563734,0.0
2021-07-30,0.1547939692269589,0.1547939692269589,0.1547939692269589,0.1547939692269589,0.0
2021-08-02,0.15465511908444168,0.15465511908444168,0.15465511908444168,0.15465511908444168,0.0
2021-08-03,0.1547748026621266,0.1547748026621266,0.1547748026621266,0.1547748026621266,0.0
2021-08-04,0.15466707911221098,0.15466707911221098,0.15466707911221098,0.15466707911221098,0.0
2021-08-05,0.15458100817733533,0.15458100817733533,0.15458100817733533,0.15458100817733533,0.0
2021-08-06,0.15473887814313345,0.15473887814313345,0.15473887814313345,0.15473887814313345,0.0
2021-08-09,0.15422578655151142,0.15422578655151142,0.15422578655151142,0.15422578655151142,0.0
2021-08-10,0.15422102957959347,0.15422102957959347,0.15422102957959347,0.15422102957959347,0.0
2021-08-11,0.15424719655720256,0.15424719655720256,0.15424719655720256,0.15424719655720256,0.0
2021-08-12,0.15443061432498378,0.15443061432498378,0.15443061432498378,0.15443061432498378,0.0
2021-08-13,0.1543233691877961,0.1543233691877961,0.1543233691877961,0.1543233691877961,0.0
2021-08-16,0.15451890538807422,0.15451890538807422,0.15451890538807422,0.15451890538807422,0.0
2021-08-17,0.1544043850845364,0.1544043850845364,0.1544043850845364,0.1544043850845364,0.0
2021-08-18,0.15404760070861895,0.15404760070861895,0.15404760070861895,0.15404760070861895,0.0
2021-08-19,0.15419487147857464,0.15419487147857464,0.15419487147857464,0.15419487147857464,0.0
2021-08-20,0.15388403299273667,0.15388403299273667,0.15388403299273667,0.15388403299273667,0.0
2021-08-23,0.15391956163708845,0.15391956163708845,0.15391956163708845,0.15391956163708845,0.0
2021-08-24,0.1543090810894221,0.1543090810894221,0.1543090810894221,0.1543090810894221,0.0
2021-08-25,0.15449264615004324,0.15449264615004324,0.15449264615004324,0.15449264615004324,0.0
2021-08-26,0.1544878727019929,0.1544878727019929,0.1544878727019929,0.1544878727019929,0.0
2021-08-27,0.15417109908576537,0.15417109908576537,0.15417109908576537,0.15417109908576537,0.0
2021-08-30,0.15461446882199237,0.15461446882199237,0.15461446882199237,0.15461446882199237,0.0
2021-08-31,0.15460968784304024,0.15460968784304024,0.15460968784304024,0.15460968784304024,0.0
2021-09-01,0.15460729746444032,0.15460729746444032,0.15460729746444032,0.15460729746444032,0.0
2021-09-02,0.15481314053936898,0.15481314053936898,0.15481314053936898,0.15481314053936898,0.0
2021-09-03,0.15485389534973754,0.15485389534973754,0.15485389534973754,0.15485389534973754,0.0
2021-09-06,0.1549690836678083,0.1549690836678083,0.1549690836678083,0.1549690836678083,0.0
2021-09-07,0.15495947809647778,0.15495947809647778,0.15495947809647778,0.15495947809647778,0.0
2021-09-08,0.15462164084485266,0.15462164084485266,0.15462164084485266,0.15462164084485266,0.0
2021-09-09,0.15476282596920218,0.15476282596920218,0.15476282596920218,0.15476282596920218,0.0
2021-09-10,0.15488027754545736,0.15488027754545736,0.15488027754545736,0.15488027754545736,0.0
2021-09-13,0.15504597113044016,0.15504597113044016,0.15504597113044016,0.15504597113044016,0.0
2021-09-14,0.15503875968992248,0.15503875968992248,0.15503875968992248,0.15503875968992248,0.0
2021-09-15,0.15505799168889164,0.15505799168889164,0.15505799168889164,0.15505799168889164,0.0
2021-09-16,0.155448468832582,0.155448468832582,0.155448468832582,0.155448468832582,0.0
2021-09-17,0.15497388690005734,0.15497388690005734,0.15497388690005734,0.15497388690005734,0.0
2021-09-22,0.15457622926746326,0.15457622926746326,0.15457622926746326,0.15457622926746326,0.0
2021-09-23,0.15444253965312205,0.15444253965312205,0.15444253965312205,0.15444253965312205,0.0
2021-09-24,0.1548011579126612,0.1548011579126612,0.1548011579126612,0.1548011579126612,0.0
2021-09-27,0.15457145065306438,0.15457145065306438,0.15457145065306438,0.15457145065306438,0.0
2021-09-28,0.15477959385834572,0.15477959385834572,0.15477959385834572,0.15477959385834572,0.0
2021-09-29,0.15465033559122823,0.15465033559122823,0.15465033559122823,0.15465033559122823,0.0
2021-09-30,0.1541924939093965,0.1541924939093965,0.1541924939093965,0.1541924939093965,0.0
2021-10-08,0.1547891771407343,0.1547891771407343,0.1547891771407343,0.1547891771407343,0.0
2021-10-11,0.15508925386559966,0.15508925386559966,0.15508925386559966,0.15508925386559966,0.0
2021-10-12,0.15516626064828465,0.15516626064828465,0.15516626064828465,0.15516626064828465,0.0
2021-10-13,0.1547700117625209,0.1547700117625209,0.1547700117625209,0.1547700117625209,0.0
2021-10-14,0.1552457540286273,0.1552457540286273,0.1552457540286273,0.1552457540286273,0.0
2021-10-15,0.15531326685925512,0.15531326685925512,0.15531326685925512,0.15531326685925512,0.0
2021-10-18,0.15552099533437014,0.15552099533437014,0.15552099533437014,0.15552099533437014,0.0
2021-10-19,0.15550406643133718,0.15550406643133718,0.15550406643133718,0.15550406643133718,0.0
2021-10-20,0.15608172439089107,0.15608172439089107,0.15608172439089107,0.15608172439089107,0.0
2021-10-21,0.15651901706057286,0.15651901706057286,0.15651901706057286,0.15651901706057286,0.0
2021-10-22,0.1561719140429785,0.1561719140429785,0.1561719140429785,0.1561719140429785,0.0
2021-10-25,0.15643576747387522,0.15643576747387522,0.15643576747387522,0.15643576747387522,0.0
2021-10-26,0.15651901706057286,0.15651901706057286,0.15651901706057286,0.15651901706057286,0.0
2021-10-27,0.1566023552994237,0.1566023552994237,0.1566023552994237,0.1566023552994237,0.0
2021-10-28,0.15635505104992417,0.15635505104992417,0.15635505104992417,0.15635505104992417,0.0
2021-10-29,0.15647738119454832,0.15647738119454832,0.15647738119454832,0.15647738119454832,0.0
2021-11-01,0.1557826520438684,0.1557826520438684,0.1557826520438684,0.1557826520438684,0.0
2021-11-02,0.15622803043322034,0.15622803043322034,0.15622803043322034,0.15622803043322034,0.0
2021-11-03,0.15605736668799453,0.15605736668799453,0.15605736668799453,0.15605736668799453,0.0
2021-11-04,0.15638928420624618,0.15638928420624618,0.15638928420624618,0.15638928420624618,0.0
2021-11-05,0.15629884338855893,0.15629884338855893,0.15629884338855893,0.15629884338855893,0.0
2021-11-08,0.15635016182241748,0.15635016182241748,0.15635016182241748,0.15635016182241748,0.0
2021-11-09,0.15648717587593697,0.15648717587593697,0.15648717587593697,0.15648717587593697,0.0
2021-11-10,0.1563770563582911,0.1563770563582911,0.1563770563582911,0.1563770563582911,0.0
2021-11-11,0.1558967963208356,0.1558967963208356,0.1558967963208356,0.1558967963208356,0.0
2021-11-12,0.15609146960118628,0.15609146960118628,0.15609146960118628,0.15609146960118628,0.0
2021-11-15,0.15650431951921873,0.15650431951921873,0.15650431951921873,0.15650431951921873,0.0
2021-11-16,0.15643576747387522,0.15643576747387522,0.15643576747387522,0.15643576747387522,0.0
2021-11-17,0.15640885274106514,0.15640885274106514,0.15640885274106514,0.15640885274106514,0.0
2021-11-18,0.15673244204817954,0.15673244204817954,0.15673244204817954,0.15673244204817954,0.0
2021-11-19,0.15667841754798276,0.15667841754798276,0.15667841754798276,0.15667841754798276,0.0
2021-11-22,0.15636727545659246,0.15636727545659246,0.15636727545659246,0.15636727545659246,0.0
2021-11-23,0.15642353235620768,0.15642353235620768,0.15642353235620768,0.15642353235620768,0.0
2021-11-24,0.15648717587593697,0.15648717587593697,0.15648717587593697,0.15648717587593697,0.0
2021-11-25,0.15629884338855893,0.15629884338855893,0.15629884338855893,0.15629884338855893,0.0
2021-11-26,0.1564064064064064,0.1564064064064064,0.1564064064064064,0.1564064064064064,0.0
2021-11-29,0.156563126252505,0.156563126252505,0.156563126252505,0.156563126252505,0.0
2021-11-30,0.15675455371978556,0.15675455371978556,0.15675455371978556,0.15675455371978556,0.0
2021-12-01,0.1570031243621748,0.1570031243621748,0.1570031243621748,0.1570031243621748,0.0
2021-12-02,0.15693906056278348,0.15693906056278348,0.15693906056278348,0.15693906056278348,0.0
2021-12-03,0.15689227776208856,0.15689227776208856,0.15689227776208856,0.15689227776208856,0.0
2021-12-06,0.15698094251357886,0.15698094251357886,0.15698094251357886,0.15698094251357886,0.0
2021-12-07,0.15689227776208856,0.15689227776208856,0.15689227776208856,0.15689227776208856,0.0
2021-12-08,0.15704257424187698,0.15704257424187698,0.15704257424187698,0.15704257424187698,0.0
2021-12-09,0.15748527512677565,0.15748527512677565,0.15748527512677565,0.15748527512677565,0.0
2021-12-10,0.15698094251357886,0.15698094251357886,0.15698094251357886,0.15698094251357886,0.0
2021-12-13,0.15706230661703496,0.15706230661703496,0.15706230661703496,0.15706230661703496,0.0
2021-12-14,0.15704750687082844,0.15704750687082844,0.15704750687082844,0.15704750687082844,0.0
2021-12-15,0.1569464498713039,0.1569464498713039,0.1569464498713039,0.1569464498713039,0.0
2021-12-16,0.15714128572999986,0.15714128572999986,0.15714128572999986,0.15714128572999986,0.0
2021-12-17,0.15710672259665992,0.15710672259665992,0.15710672259665992,0.15710672259665992,0.0
2021-12-20,0.15641374563996685,0.15641374563996685,0.15641374563996685,0.15641374563996685,0.0
2021-12-21,0.15691443455883508,0.15691443455883508,0.15691443455883508,0.15691443455883508,0.0
2021-12-22,0.15697847825063183,0.15697847825063183,0.15697847825063183,0.15697847825063183,0.0
2021-12-23,0.15710672259665992,0.15710672259665992,0.15710672259665992,0.15710672259665992,0.0
2021-12-24,0.1570055893989826,0.1570055893989826,0.1570055893989826,0.1570055893989826,0.0
2021-12-27,0.15702038124548567,0.15702038124548567,0.15702038124548567,0.15702038124548567,0.0
2021-12-28,0.15691689681144866,0.15691689681144866,0.15691689681144866,0.15691689681144866,0.0
2021-12-29,0.15689966266572528,0.15689966266572528,0.15689966266572528,0.15689966266572528,0.0
2021-12-30,0.15704997330150455,0.15704997330150455,0.15704997330150455,0.15704997330150455,0.0
2021-12-31,0.1568455228445504,0.1568455228445504,0.1568455228445504,0.1568455228445504,0.0
2022-01-04,0.15675455371978556,0.15675455371978556,0.15675455371978556,0.15675455371978556,0.0
2022-01-05,0.15679142037347715,0.15679142037347715,0.15679142037347715,0.15679142037347715,0.0
2022-01-06,0.15691689681144866,0.15691689681144866,0.15691689681144866,0.15691689681144866,0.0
2022-01-07,0.15688243230523047,0.15688243230523047,0.15688243230523047,0.15688243230523047,0.0
2022-01-10,0.1571017862473096,0.1571017862473096,0.1571017862473096,0.1571017862473096,0.0
2022-01-11,0.15702531248037183,0.15702531248037183,0.15702531248037183,0.15702531248037183,0.0
2022-01-12,0.1570894467309686,0.1570894467309686,0.1570894467309686,0.1570894467309686,0.0
2022-01-13,0.1573762236001385,0.1573762236001385,0.1573762236001385,0.1573762236001385,0.0
2022-01-14,0.15704257424187698,0.15704257424187698,0.15704257424187698,0.15704257424187698,0.0
2022-01-17,0.15723517665372097,0.15723517665372097,0.15723517665372097,0.15723517665372097,0.0
2022-01-18,0.15742825207411723,0.15742825207411723,0.15742825207411723,0.15742825207411723,0.0
2022-01-19,0.1571733936879165,0.1571733936879165,0.1571733936879165,0.1571733936879165,0.0
2022-01-20,0.1575175238245255,0.1575175238245255,0.1575175238245255,0.1575175238245255,0.0
2022-01-21,0.1575001575001575,0.1575001575001575,0.1575001575001575,0.1575001575001575,0.0
2022-01-24,0.1577013451924745,0.1577013451924745,0.1577013451924745,0.1577013451924745,0.0
2022-01-25,0.15768393831404334,0.15768393831404334,0.15768393831404334,0.15768393831404334,0.0
2022-01-26,0.15811276602472882,0.15811276602472882,0.15811276602472882,0.15811276602472882,0.0
2022-01-27,0.15777350036287907,0.15777350036287907,0.15777350036287907,0.15777350036287907,0.0
2022-01-28,0.1568725880839582,0.1568725880839582,0.1568725880839582,0.1568725880839582,0.0
2022-02-07,0.15728216420257943,0.15728216420257943,0.15728216420257943,0.15728216420257943,0.0
2022-02-08,0.15730938035835076,0.15730938035835076,0.15730938035835076,0.15730938035835076,0.0
2022-02-09,0.1571017862473096,0.1571017862473096,0.1571017862473096,0.1571017862473096,0.0
2022-02-10,0.15723517665372097,0.15723517665372097,0.15723517665372097,0.15723517665372097,0.0
2022-02-11,0.15703270991347498,0.15703270991347498,0.15703270991347498,0.15703270991347498,0.0
2022-02-14,0.15707464186981654,0.15707464186981654,0.15707464186981654,0.15707464186981654,0.0
2022-02-15,0.15722034431255405,0.15722034431255405,0.15722034431255405,0.15722034431255405,0.0
2022-02-16,0.15757212864188583,0.15757212864188583,0.15757212864188583,0.15757212864188583,0.0
2022-02-17,0.15792549075346252,0.15792549075346252,0.15792549075346252,0.15792549075346252,0.0
2022-02-18,0.157870640796931,0.157870640796931,0.157870640796931,0.157870640796931,0.0
2022-02-21,0.157726218829356,0.157726218829356,0.157726218829356,0.157726218829356,0.0
2022-02-22,0.15751256162678973,0.15751256162678973,0.15751256162678973,0.15751256162678973,0.0
2022-02-23,0.1579454456430749,0.1579454456430749,0.1579454456430749,0.1579454456430749,0.0
2022-02-24,0.15802781289506954,0.15802781289506954,0.15802781289506954,0.15802781289506954,0.0
2022-02-25,0.1578631642092634,0.1578631642092634,0.1578631642092634,0.1578631642092634,0.0
2022-02-28,0.1581727879535605,0.1581727879535605,0.1581727879535605,0.1581727879535605,0.0
2022-03-01,0.15869489319833688,0.15869489319833688,0.15869489319833688,0.15869489319833688,0.0
2022-03-02,0.15785070480339694,0.15785070480339694,0.15785070480339694,0.15785070480339694,0.0
2022-03-03,0.1586898565443697,0.1586898565443697,0.1586898565443697,0.1586898565443697,0.0
2022-03-04,0.15800783718872455,0.15800783718872455,0.15800783718872455,0.15800783718872455,0.0
2022-03-07,0.15753489397901635,0.15753489397901635,0.15753489397901635,0.15753489397901635,0.0
2022-03-08,0.1582654110944053,0.1582654110944053,0.1582654110944053,0.1582654110944053,0.0
2022-03-09,0.15828294659533382,0.15828294659533382,0.15828294659533382,0.15828294659533382,0.0
2022-03-10,0.15846604864907693,0.15846604864907693,0.15846604864907693,0.15846604864907693,0.0
2022-03-11,0.15796291030865953,0.15796291030865953,0.15796291030865953,0.15796291030865953,0.0
2022-03-14,0.15746543633672408,0.15746543633672408,0.15746543633672408,0.15746543633672408,0.0
2022-03-15,0.15683814303638643,0.15683814303638643,0.15683814303638643,0.15683814303638643,0.0
2022-03-16,0.15673981191222572,0.15673981191222572,0.15673981191222572,0.15673981191222572,0.0
2022-03-17,0.1577137810301864,0.1577137810301864,0.1577137810301864,0.1577137810301864,0.0
2022-03-18,0.15766653527788727,0.15766653527788727,0.15766653527788727,0.15766653527788727,0.0
2022-03-21,0.15704257424187698,0.15704257424187698,0.15704257424187698,0.15704257424187698,0.0
2022-03-22,0.15707464186981654,0.15707464186981654,0.15707464186981654,0.15707464186981654,0.0
2022-03-23,0.15733660593473678,0.15733660593473678,0.15733660593473678,0.15733660593473678,0.0
2022-03-24,0.15713387806411064,0.15713387806411064,0.15713387806411064,0.15713387806411064,0.0
2022-03-25,0.15688981628202514,0.15688981628202514,0.15688981628202514,0.15688981628202514,0.0
2022-03-28,0.15690704826460805,0.15690704826460805,0.15690704826460805,0.15690704826460805,0.0
2022-03-29,0.15713387806411064,0.15713387806411064,0.15713387806411064,0.15713387806411064,0.0
2022-03-30,0.15731680458106534,0.15731680458106534,0.15731680458106534,0.15731680458106534,0.0
2022-03-31,0.1575249677073816,0.1575249677073816,0.1575249677073816,0.1575249677073816,0.0
2022-04-01,0.15745799807901242,0.15745799807901242,0.15745799807901242,0.15745799807901242,0.0
2022-04-06,0.15674226868759697,0.15674226868759697,0.15674226868759697,0.15674226868759697,0.0
2022-04-07,0.1570869790603057,0.1570869790603057,0.1570869790603057,0.1570869790603057,0.0
2022-04-08,0.1571017862473096,0.1571017862473096,0.1571017862473096,0.1571017862473096,0.0
2022-04-11,0.15712153350616703,0.15712153350616703,0.15712153350616703,0.15712153350616703,0.0
2022-04-12,0.15675209655929148,0.15675209655929148,0.15675209655929148,0.15675209655929148,0.0
2022-04-13,0.1568578240682645,0.1568578240682645,0.1568578240682645,0.1568578240682645,0.0
2022-04-14,0.15738117721120554,0.15738117721120554,0.15738117721120554,0.15738117721120554,0.0
2022-04-15,0.15650431951921873,0.15650431951921873,0.15650431951921873,0.15650431951921873,0.0
2022-04-18,0.15683076392265108,0.15683076392265108,0.15683076392265108,0.15683076392265108,0.0
2022-04-19,0.15693659761456372,0.15693659761456372,0.15693659761456372,0.15693659761456372,0.0
2022-04-20,0.1562597662353897,0.1562597662353897,0.1562597662353897,0.1562597662353897,0.0
2022-04-21,0.15601110799088896,0.15601110799088896,0.15601110799088896,0.15601110799088896,0.0
2022-04-22,0.15480834726608458,0.15480834726608458,0.15480834726608458,0.15480834726608458,0.0
2022-04-25,0.1540618404227457,0.1540618404227457,0.1540618404227457,0.1540618404227457,0.0
2022-04-26,0.15246226558926665,0.15246226558926665,0.15246226558926665,0.15246226558926665,0.0
2022-04-27,0.15244367206317266,0.15244367206317266,0.15244367206317266,0.15244367206317266,0.0
2022-04-28,0.15237398671298835,0.15237398671298835,0.15237398671298835,0.15237398671298835,0.0
2022-04-29,0.15110990223189324,0.15110990223189324,0.15110990223189324,0.15110990223189324,0.0
2022-05-05,0.15227189669874527,0.15227189669874527,0.15227189669874527,0.15227189669874527,0.0
2022-05-06,0.15075679913164083,0.15075679913164083,0.15075679913164083,0.15075679913164083,0.0
2022-05-09,0.14947906545688278,0.14947906545688278,0.14947906545688278,0.14947906545688278,0.0
2022-05-10,0.14895581970387584,0.14895581970387584,0.14895581970387584,0.14895581970387584,0.0
2022-05-11,0.1486104919007282,0.1486104919007282,0.1486104919007282,0.1486104919007282,0.0
2022-05-12,0.14860607501634668,0.14860607501634668,0.14860607501634668,0.14860607501634668,0.0
2022-05-13,0.14727974314412798,0.14727974314412798,0.14727974314412798,0.14727974314412798,0.0
2022-05-16,0.1473383330141003,0.1473383330141003,0.1473383330141003,0.1473383330141003,0.0
2022-05-17,0.14737524685353848,0.14737524685353848,0.14737524685353848,0.14737524685353848,0.0
2022-05-18,0.14832173951736108,0.14832173951736108,0.14832173951736108,0.14832173951736108,0.0
2022-05-19,0.14809549197322433,0.14809549197322433,0.14809549197322433,0.14809549197322433,0.0
2022-05-20,0.1481766858802436,0.1481766858802436,0.1481766858802436,0.1481766858802436,0.0
2022-05-23,0.14979926897956738,0.14979926897956738,0.14979926897956738,0.14979926897956738,0.0
2022-05-24,0.15022684253222365,0.15022684253222365,0.15022684253222365,0.15022684253222365,0.0
2022-05-25,0.15026296018031554,0.15026296018031554,0.15026296018031554,0.15026296018031554,0.0
2022-05-26,0.14977683251954588,0.14977683251954588,0.14977683251954588,0.14977683251954588,0.0
2022-05-27,0.14839657500704884,0.14839657500704884,0.14839657500704884,0.14839657500704884,0.0
2022-05-30,0.1491468798472736,0.1491468798472736,0.1491468798472736,0.1491468798472736,0.0
2022-05-31,0.15013437026138393,0.15013437026138393,0.15013437026138393,0.15013437026138393,0.0
2022-06-01,0.15003525828569714,0.15003525828569714,0.15003525828569714,0.15003525828569714,0.0
2022-06-02,0.14904240256352932,0.14904240256352932,0.14904240256352932,0.14904240256352932,0.0
2022-06-06,0.1499452699764586,0.1499452699764586,0.1499452699764586,0.1499452699764586,0.0
2022-06-07,0.15003976053654217,0.15003976053654217,0.15003976053654217,0.15003976053654217,0.0
2022-06-08,0.150073536032656,0.150073536032656,0.150073536032656,0.150073536032656,0.0
2022-06-09,0.14967595156486208,0.14967595156486208,0.14967595156486208,0.14967595156486208,0.0
2022-06-10,0.14926709854613845,0.14926709854613845,0.14926709854613845,0.14926709854613845,0.0
2022-06-13,0.14884939418296567,0.14884939418296567,0.14884939418296567,0.14884939418296567,0.0
2022-06-14,0.14818766485877716,0.14818766485877716,0.14818766485877716,0.14818766485877716,0.0
2022-06-15,0.14810865250747948,0.14810865250747948,0.14810865250747948,0.14810865250747948,0.0
2022-06-16,0.1490335176381168,0.1490335176381168,0.1490335176381168,0.1490335176381168,0.0
2022-06-17,0.1494254591097231,0.1494254591097231,0.1494254591097231,0.1494254591097231,0.0
2022-06-20,0.14898688915375446,0.14898688915375446,0.14898688915375446,0.14898688915375446,0.0
2022-06-21,0.14958639362163617,0.14958639362163617,0.14958639362163617,0.14958639362163617,0.0
2022-06-22,0.14901130995842585,0.14901130995842585,0.14901130995842585,0.14901130995842585,0.0
2022-06-23,0.1490779528615513,0.1490779528615513,0.1490779528615513,0.1490779528615513,0.0
2022-06-24,0.14925373134328357,0.14925373134328357,0.14925373134328357,0.14925373134328357,0.0
2022-06-27,0.14958863126402394,0.14958863126402394,0.14958863126402394,0.14958863126402394,0.0
2022-06-28,0.1494098311668908,0.1494098311668908,0.1494098311668908,0.1494098311668908,0.0
2022-06-29,0.14917580368464234,0.14917580368464234,0.14917580368464234,0.14917580368464234,0.0
2022-06-30,0.14900020860029203,0.14900020860029203,0.14900020860029203,0.14900020860029203,0.0
2022-07-01,0.14955954713369127,0.14955954713369127,0.14955954713369127,0.14955954713369127,0.0
2022-07-04,0.14909573437103965,0.14909573437103965,0.14909573437103965,0.14909573437103965,0.0
2022-07-05,0.14928492520825248,0.14928492520825248,0.14928492520825248,0.14928492520825248,0.0
2022-07-06,0.14870772982779645,0.14870772982779645,0.14870772982779645,0.14870772982779645,0.0
2022-07-07,0.14893585332797166,0.14893585332797166,0.14893585332797166,0.14893585332797166,0.0
2022-07-08,0.14903573877015708,0.14903573877015708,0.14903573877015708,0.14903573877015708,0.0
2022-07-11,0.14934289127837516,0.14934289127837516,0.14934289127837516,0.14934289127837516,0.0
2022-07-12,0.14861711771961894,0.14861711771961894,0.14861711771961894,0.14861711771961894,0.0
2022-07-13,0.14862816206414792,0.14862816206414792,0.14862816206414792,0.14862816206414792,0.0
2022-07-14,0.14866572511707427,0.14866572511707427,0.14866572511707427,0.14866572511707427,0.0
2022-07-15,0.14814156407863355,0.14814156407863355,0.14814156407863355,0.14814156407863355,0.0
2022-07-18,0.14826456328672885,0.14826456328672885,0.14826456328672885,0.14826456328672885,0.0
2022-07-19,0.14825577085588057,0.14825577085588057,0.14825577085588057,0.14825577085588057,0.0
2022-07-20,0.1482250055584377,0.1482250055584377,0.1482250055584377,0.1482250055584377,0.0
2022-07-21,0.14788524105294293,0.14788524105294293,0.14788524105294293,0.14788524105294293,0.0
2022-07-22,0.14809987855809958,0.14809987855809958,0.14809987855809958,0.14809987855809958,0.0
2022-07-25,0.148053832373451,0.148053832373451,0.148053832373451,0.148053832373451,0.0
2022-07-26,0.14818546893291643,0.14818546893291643,0.14818546893291643,0.14818546893291643,0.0
2022-07-27,0.14764288139847337,0.14764288139847337,0.14764288139847337,0.14764288139847337,0.0
2022-07-28,0.1483437421192387,0.1483437421192387,0.1483437421192387,0.1483437421192387,0.0
2022-07-29,0.14828654892714682,0.14828654892714682,0.14828654892714682,0.14828654892714682,0.0
2022-08-01,0.1482206115582433,0.1482206115582433,0.1482206115582433,0.1482206115582433,0.0
2022-08-02,0.14823159704722658,0.14823159704722658,0.14823159704722658,0.14823159704722658,0.0
2022-08-03,0.14746435049326825,0.14746435049326825,0.14746435049326825,0.14746435049326825,0.0
2022-08-04,0.14785025725944761,0.14785025725944761,0.14785025725944761,0.14785025725944761,0.0
2022-08-05,0.14835694681403458,0.14835694681403458,0.14835694681403458,0.14835694681403458,0.0
2022-08-08,0.14772139744441984,0.14772139744441984,0.14772139744441984,0.14772139744441984,0.0
2022-08-09,0.14796401515151517,0.14796401515151517,0.14796401515151517,0.14796401515151517,0.0
2022-08-10,0.14790273915872923,0.14790273915872923,0.14790273915872923,0.14790273915872923,0.0
2022-08-11,0.1485354405561167,0.1485354405561167,0.1485354405561167,0.1485354405561167,0.0
2022-08-12,0.14833934107664695,0.14833934107664695,0.14833934107664695,0.14833934107664695,0.0
2022-08-15,0.1483459427384661,0.1483459427384661,0.1483459427384661,0.1483459427384661,0.0
2022-08-16,0.14764506127270044,0.14764506127270044,0.14764506127270044,0.14764506127270044,0.0
2022-08-17,0.14735570192888614,0.14735570192888614,0.14735570192888614,0.14735570192888614,0.0
2022-08-18,0.14748827468216277,0.14748827468216277,0.14748827468216277,0.14748827468216277,0.0
2022-08-19,0.14691838683611255,0.14691838683611255,0.14691838683611255,0.14691838683611255,0.0
2022-08-22,0.1466318660371272,0.1466318660371272,0.1466318660371272,0.1466318660371272,0.0
2022-08-23,0.1459364009164806,0.1459364009164806,0.1459364009164806,0.1459364009164806,0.0
2022-08-24,0.14622448382757208,0.14622448382757208,0.14622448382757208,0.14622448382757208,0.0
2022-08-25,0.1459087195050776,0.1459087195050776,0.1459087195050776,0.1459087195050776,0.0
2022-08-26,0.1460152439914727,0.1460152439914727,0.1460152439914727,0.1460152439914727,0.0
2022-08-29,0.1455646452589595,0.1455646452589595,0.1455646452589595,0.1455646452589595,0.0
2022-08-30,0.14534461207523036,0.14534461207523036,0.14534461207523036,0.14534461207523036,0.0
2022-08-31,0.14512524308478217,0.14512524308478217,0.14512524308478217,0.14512524308478217,0.0
2022-09-01,0.1453044855494689,0.1453044855494689,0.1453044855494689,0.1453044855494689,0.0
2022-09-02,0.14510207931279656,0.14510207931279656,0.14510207931279656,0.14510207931279656,0.0
2022-09-05,0.1449317371518015,0.1449317371518015,0.1449317371518015,0.1449317371518015,0.0
2022-09-06,0.1447261780710895,0.1447261780710895,0.1447261780710895,0.1447261780710895,0.0
2022-09-07,0.14459224985540775,0.14459224985540775,0.14459224985540775,0.14459224985540775,0.0
2022-09-08,0.14461734251171401,0.14461734251171401,0.14461734251171401,0.14461734251171401,0.0
2022-09-09,0.14472198905901762,0.14472198905901762,0.14472198905901762,0.14472198905901762,0.0
2022-09-13,0.14507892293407612,0.14507892293407612,0.14507892293407612,0.14507892293407612,0.0
2022-09-14,0.14468429885988773,0.14468429885988773,0.14468429885988773,0.14468429885988773,0.0
2022-09-15,0.1447157059955717,0.1447157059955717,0.1447157059955717,0.1447157059955717,0.0
2022-09-16,0.14428973378544116,0.14428973378544116,0.14428973378544116,0.14428973378544116,0.0
2022-09-19,0.14410052452590927,0.14410052452590927,0.14410052452590927,0.14410052452590927,0.0
2022-09-20,0.14395117176253816,0.14395117176253816,0.14395117176253816,0.14395117176253816,0.0
2022-09-21,0.14381040036815462,0.14381040036815462,0.14381040036815462,0.14381040036815462,0.0
2022-09-22,0.14327058081893465,0.14327058081893465,0.14327058081893465,0.14327058081893465,0.0
2022-09-23,0.14302059496567507,0.14302059496567507,0.14302059496567507,0.14302059496567507,0.0
2022-09-26,0.14225155765455633,0.14225155765455633,0.14225155765455633,0.14225155765455633,0.0
2022-09-27,0.14139871609965782,0.14139871609965782,0.14139871609965782,0.14139871609965782,0.0
2022-09-28,0.14063313035284852,0.14063313035284852,0.14063313035284852,0.14063313035284852,0.0
2022-09-29,0.14064301988692302,0.14064301988692302,0.14064301988692302,0.14064301988692302,0.0
2022-09-30,0.14084903800107046,0.14084903800107046,0.14084903800107046,0.14084903800107046,0.0
2022-10-10,0.1408609420779806,0.1408609420779806,0.1408609420779806,0.1408609420779806,0.0
2022-10-11,0.14069644741470277,0.14069644741470277,0.14069644741470277,0.14069644741470277,0.0
2022-10-12,0.14064104186883816,0.14064104186883816,0.14064104186883816,0.14064104186883816,0.0
2022-10-13,0.14064499796064753,0.14064499796064753,0.14064499796064753,0.14064499796064753,0.0
2022-10-14,0.1406707179833446,0.1406707179833446,0.1406707179833446,0.1406707179833446,0.0
2022-10-17,0.14065686757155918,0.14065686757155918,0.14065686757155918,0.14065686757155918,0.0
2022-10-18,0.1406746757448724,0.1406746757448724,0.1406746757448724,0.1406746757448724,0.0
2022-10-19,0.14063708599957808,0.14063708599957808,0.14063708599957808,0.14063708599957808,0.0
2022-10-20,0.1404731134460864,0.1404731134460864,0.1404731134460864,0.1404731134460864,0.0
2022-10-21,0.14047706009608632,0.14047706009608632,0.14047706009608632,0.14047706009608632,0.0
2022-10-24,0.14039028499227854,0.14039028499227854,0.14039028499227854,0.14039028499227854,0.0
2022-10-25,0.1395322877713903,0.1395322877713903,0.1395322877713903,0.1395322877713903,0.0
2022-10-26,0.1395907200089338,0.1395907200089338,0.1395907200089338,0.1395907200089338,0.0
2022-10-27,0.1397233477714126,0.1397233477714126,0.1397233477714126,0.1397233477714126,0.0
2022-10-28,0.13947390443248067,0.13947390443248067,0.13947390443248067,0.13947390443248067,0.0
2022-10-31,0.13933786645858878,0.13933786645858878,0.13933786645858878,0.13933786645858878,0.0
2022-11-01,0.1387328144726072,0.1387328144726072,0.1387328144726072,0.1387328144726072,0.0
2022-11-02,0.138509910384088,0.138509910384088,0.138509910384088,0.138509910384088,0.0
2022-11-03,0.1379843249806822,0.1379843249806822,0.1379843249806822,0.1379843249806822,0.0
2022-11-04,0.13782647646612914,0.13782647646612914,0.13782647646612914,0.13782647646612914,0.0
2022-11-07,0.13832789243623084,0.13832789243623084,0.13832789243623084,0.13832789243623084,0.0
2022-11-08,0.1386001386001386,0.1386001386001386,0.1386001386001386,0.1386001386001386,0.0
2022-11-09,0.1385252600811758,0.1385252600811758,0.1385252600811758,0.1385252600811758,0.0
2022-11-10,0.1380795890751429,0.1380795890751429,0.1380795890751429,0.1380795890751429,0.0
2022-11-11,0.13906851905934053,0.13906851905934053,0.13906851905934053,0.13906851905934053,0.0
2022-11-14,0.14104571291555593,0.14104571291555593,0.14104571291555593,0.14104571291555593,0.0
2022-11-15,0.14200309566748556,0.14200309566748556,0.14200309566748556,0.14200309566748556,0.0
2022-11-16,0.1421201483734349,0.1421201483734349,0.1421201483734349,0.1421201483734349,0.0
2022-11-17,0.14153280022645248,0.14153280022645248,0.14153280022645248,0.14153280022645248,0.0
2022-11-18,0.1406647817585911,0.1406647817585911,0.1406647817585911,0.1406647817585911,0.0
2022-11-21,0.14033905916694733,0.14033905916694733,0.14033905916694733,0.14033905916694733,0.0
2022-11-22,0.13953423472448967,0.13953423472448967,0.13953423472448967,0.13953423472448967,0.0
2022-11-23,0.1402898388069752,0.1402898388069752,0.1402898388069752,0.1402898388069752,0.0
2022-11-24,0.1404474656254828,0.1404474656254828,0.1404474656254828,0.1404474656254828,0.0
2022-11-25,0.14017578042865755,0.14017578042865755,0.14017578042865755,0.14017578042865755,0.0
2022-11-28,0.139631651702808,0.139631651702808,0.139631651702808,0.139631651702808,0.0
2022-11-29,0.13891011126699912,0.13891011126699912,0.13891011126699912,0.13891011126699912,0.0
2022-11-30,0.139335924981538,0.139335924981538,0.139335924981538,0.139335924981538,0.0
2022-12-01,0.1404001404001404,0.1404001404001404,0.1404001404001404,0.1404001404001404,0.0
2022-12-02,0.14175951915171103,0.14175951915171103,0.14175951915171103,0.14175951915171103,0.0
2022-12-05,0.14207774494203226,0.14207774494203226,0.14207774494203226,0.14207774494203226,0.0
2022-12-06,0.14337739798698135,0.14337739798698135,0.14337739798698135,0.14337739798698135,0.0
2022-12-07,0.14290818149339052,0.14290818149339052,0.14290818149339052,0.14290818149339052,0.0
2022-12-08,0.14366577593885585,0.14366577593885585,0.14366577593885585,0.14366577593885585,0.0
2022-12-09,0.14370293728803815,0.14370293728803815,0.14370293728803815,0.14370293728803815,0.0
2022-12-12,0.14375044922015381,0.14375044922015381,0.14375044922015381,0.14375044922015381,0.0
2022-12-13,0.14337739798698135,0.14337739798698135,0.14337739798698135,0.14337739798698135,0.0
2022-12-14,0.1438124685410225,0.1438124685410225,0.1438124685410225,0.1438124685410225,0.0
2022-12-15,0.14421066293641752,0.14421066293641752,0.14421066293641752,0.14421066293641752,0.0
2022-12-16,0.1432849507816194,0.1432849507816194,0.1432849507816194,0.1432849507816194,0.0
2022-12-19,0.14337739798698135,0.14337739798698135,0.14337739798698135,0.14337739798698135,0.0
2022-12-20,0.14314138074175864,0.14314138074175864,0.14314138074175864,0.14314138074175864,0.0
2022-12-21,0.14357501794687724,0.14357501794687724,0.14357501794687724,0.14357501794687724,0.0
2022-12-22,0.1434452684578199,0.1434452684578199,0.1434452684578199,0.1434452684578199,0.0
2022-12-23,0.14324595330181922,0.14324595330181922,0.14324595330181922,0.14324595330181922,0.0
2022-12-26,0.14321518080916576,0.14321518080916576,0.14321518080916576,0.14321518080916576,0.0
2022-12-27,0.14378972191067782,0.14378972191067782,0.14378972191067782,0.14378972191067782,0.0
2022-12-28,0.14351114364030368,0.14351114364030368,0.14351114364030368,0.14351114364030368,0.0
2022-12-29,0.14328084478386083,0.14328084478386083,0.14328084478386083,0.14328084478386083,0.0
2022-12-30,0.14358326393475576,0.14358326393475576,0.14358326393475576,0.14358326393475576,0.0
2023-01-03,0.1439366678661389,0.1439366678661389,0.1439366678661389,0.1439366678661389,0.0
2023-01-04,0.14465290535360403,0.14465290535360403,0.14465290535360403,0.14465290535360403,0.0
2023-01-05,0.14508313263499986,0.14508313263499986,0.14508313263499986,0.14508313263499986,0.0
2023-01-06,0.14511260738332946,0.14511260738332946,0.14511260738332946,0.14511260738332946,0.0
2023-01-09,0.14648795136600015,0.14648795136600015,0.14648795136600015,0.14648795136600015,0.0
2023-01-10,0.14790492671310881,0.14790492671310881,0.14790492671310881,0.14790492671310881,0.0
2023-01-11,0.14758840545486748,0.14758840545486748,0.14758840545486748,0.14758840545486748,0.0
2023-01-12,0.14775413711583923,0.14775413711583923,0.14775413711583923,0.14775413711583923,0.0
2023-01-13,0.14860607501634668,0.14860607501634668,0.14860607501634668,0.14860607501634668,0.0
2023-01-16,0.14895360095330304,0.14895360095330304,0.14895360095330304,0.14895360095330304,0.0
2023-01-17,0.14876082234982596,0.14876082234982596,0.14876082234982596,0.14876082234982596,0.0
2023-01-18,0.14792461761486347,0.14792461761486347,0.14792461761486347,0.14792461761486347,0.0
2023-01-19,0.14776723704820166,0.14776723704820166,0.14776723704820166,0.14776723704820166,0.0
2023-01-20,0.1477061238958967,0.1477061238958967,0.1477061238958967,0.1477061238958967,0.0
2023-01-30,0.14787212019045928,0.14787212019045928,0.14787212019045928,0.14787212019045928,0.0
2023-01-31,0.14792024140583399,0.14792024140583399,0.14792024140583399,0.14792024140583399,0.0
2023-02-01,0.14816570852841818,0.14816570852841818,0.14816570852841818,0.14816570852841818,0.0
2023-02-02,0.14896469536719797,0.14896469536719797,0.14896469536719797,0.14896469536719797,0.0
2023-02-03,0.14840758659582678,0.14840758659582678,0.14840758659582678,0.14840758659582678,0.0
2023-02-06,0.14762980350473154,0.14762980350473154,0.14762980350473154,0.14762980350473154,0.0
2023-02-07,0.14713022496211395,0.14713022496211395,0.14713022496211395,0.14713022496211395,0.0
2023-02-08,0.147597118904239,0.147597118904239,0.147597118904239,0.147597118904239,0.0
2023-02-09,0.14726456078344746,0.14726456078344746,0.14726456078344746,0.14726456078344746,0.0
2023-02-10,0.14731011725885335,0.14731011725885335,0.14731011725885335,0.14731011725885335,0.0
2023-02-13,0.14673298997813677,0.14673298997813677,0.14673298997813677,0.14673298997813677,0.0
2023-02-14,0.14676529294352472,0.14676529294352472,0.14676529294352472,0.14676529294352472,0.0
2023-02-15,0.14666412448850888,0.14666412448850888,0.14666412448850888,0.14666412448850888,0.0
2023-02-16,0.14594492038704593,0.14594492038704593,0.14594492038704593,0.14594492038704593,0.0
2023-02-17,0.1456473295562126,0.1456473295562126,0.1456473295562126,0.1456473295562126,0.0
2023-02-20,0.1456812784989001,0.1456812784989001,0.1456812784989001,0.1456812784989001,0.0
2023-02-21,0.14586402555537728,0.14586402555537728,0.14586402555537728,0.14586402555537728,0.0
2023-02-22,0.14543550662458735,0.14543550662458735,0.14543550662458735,0.14543550662458735,0.0
2023-02-23,0.1448687489134844,0.1448687489134844,0.1448687489134844,0.1448687489134844,0.0
2023-02-24,0.14504946186649648,0.14504946186649648,0.14504946186649648,0.14504946186649648,0.0
2023-02-27,0.1437359857413902,0.1437359857413902,0.1437359857413902,0.1437359857413902,0.0
2023-02-28,0.1438455673988406,0.1438455673988406,0.1438455673988406,0.1438455673988406,0.0
2023-03-01,0.1440922190201729,0.1440922190201729,0.1440922190201729,0.1440922190201729,0.0
2023-03-02,0.14533193814672712,0.14533193814672712,0.14533193814672712,0.14533193814672712,0.0
2023-03-03,0.1446822055355412,0.1446822055355412,0.1446822055355412,0.1446822055355412,0.0
2023-03-06,0.145030528926339,0.145030528926339,0.145030528926339,0.145030528926339,0.0
2023-03-07,0.14460061310659955,0.14460061310659955,0.14460061310659955,0.14460061310659955,0.0
2023-03-08,0.1438331535418914,0.1438331535418914,0.1438331535418914,0.1438331535418914,0.0
2023-03-09,0.14354204346453076,0.14354204346453076,0.14354204346453076,0.14354204346453076,0.0
2023-03-10,0.1435647117938411,0.1435647117938411,0.1435647117938411,0.1435647117938411,0.0
2023-03-13,0.14414414414414414,0.14414414414414414,0.14414414414414414,0.14414414414414414,0.0
2023-03-14,0.1450347358192287,0.1450347358192287,0.1450347358192287,0.1450347358192287,0.0
2023-03-15,0.145602795573675,0.145602795573675,0.145602795573675,0.145602795573675,0.0
2023-03-16,0.14461525112438356,0.14461525112438356,0.14461525112438356,0.14461525112438356,0.0
2023-03-17,0.14481839772924754,0.14481839772924754,0.14481839772924754,0.14481839772924754,0.0
2023-03-20,0.1455731213788686,0.1455731213788686,0.1455731213788686,0.1455731213788686,0.0
2023-03-21,0.1454270465221122,0.1454270465221122,0.1454270465221122,0.1454270465221122,0.0
2023-03-22,0.14552863275849523,0.14552863275849523,0.14552863275849523,0.14552863275849523,0.0
2023-03-23,0.14554134101791613,0.14554134101791613,0.14554134101791613,0.14554134101791613,0.0
2023-03-24,0.14625442419633194,0.14625442419633194,0.14625442419633194,0.14625442419633194,0.0
2023-03-27,0.14553075064761184,0.14553075064761184,0.14553075064761184,0.14553075064761184,0.0
2023-03-28,0.1454566611877991,0.1454566611877991,0.1454566611877991,0.1454566611877991,0.0
2023-03-29,0.14541012926960492,0.14541012926960492,0.14541012926960492,0.14541012926960492,0.0
2023-03-30,0.1451673779868188,0.1451673779868188,0.1451673779868188,0.1451673779868188,0.0
2023-03-31,0.14552439716518475,0.14552439716518475,0.14552439716518475,0.14552439716518475,0.0
2023-04-03,0.14533827483467773,0.14533827483467773,0.14533827483467773,0.14533827483467773,0.0
2023-04-04,0.1455625263832079,0.1455625263832079,0.1455625263832079,0.1455625263832079,0.0
2023-04-06,0.14546089283896024,0.14546089283896024,0.14546089283896024,0.14546089283896024,0.0
2023-04-07,0.14526860164444058,0.14526860164444058,0.14526860164444058,0.14526860164444058,0.0
2023-04-10,0.1454249316502821,0.1454249316502821,0.1454249316502821,0.1454249316502821,0.0
2023-04-11,0.14517580790337098,0.14517580790337098,0.14517580790337098,0.14517580790337098,0.0
2023-04-12,0.14523484474395099,0.14523484474395099,0.14523484474395099,0.14523484474395099,0.0
2023-04-13,0.1456494509015701,0.1456494509015701,0.1456494509015701,0.1456494509015701,0.0
2023-04-14,0.14575984607760253,0.14575984607760253,0.14575984607760253,0.14575984607760253,0.0
2023-04-17,0.1456049156219514,0.1456049156219514,0.1456049156219514,0.1456049156219514,0.0
2023-04-18,0.14531926642834306,0.14531926642834306,0.14531926642834306,0.14531926642834306,0.0
2023-04-19,0.14549475491408534,0.14549475491408534,0.14549475491408534,0.14549475491408534,0.0
2023-04-20,0.14495484656529492,0.14495484656529492,0.14495484656529492,0.14495484656529492,0.0
2023-04-21,0.1454503141726786,0.1454503141726786,0.1454503141726786,0.1454503141726786,0.0
2023-04-24,0.1452749328103436,0.1452749328103436,0.1452749328103436,0.1452749328103436,0.0
2023-04-25,0.14524961145728937,0.14524961145728937,0.14524961145728937,0.14524961145728937,0.0
2023-04-26,0.14443144561433915,0.14443144561433915,0.14443144561433915,0.14443144561433915,0.0
2023-04-27,0.14449405406967503,0.14449405406967503,0.14449405406967503,0.14449405406967503,0.0
2023-04-28,0.14442518775274407,0.14442518775274407,0.14442518775274407,0.14442518775274407,0.0
2023-05-04,0.1448142033770672,0.1448142033770672,0.1448142033770672,0.1448142033770672,0.0
2023-05-05,0.14468848569030876,0.14468848569030876,0.14468848569030876,0.14468848569030876,0.0
2023-05-08,0.14459643136007402,0.14459643136007402,0.14459643136007402,0.14459643136007402,0.0
2023-05-09,0.14439390657714243,0.14439390657714243,0.14439390657714243,0.14439390657714243,0.0
2023-05-10,0.14430222658335617,0.14430222658335617,0.14430222658335617,0.14430222658335617,0.0
2023-05-11,0.1447157059955717,0.1447157059955717,0.1447157059955717,0.1447157059955717,0.0
2023-05-12,0.1439242382809689,0.1439242382809689,0.1439242382809689,0.1439242382809689,0.0
2023-05-15,0.1435667729060786,0.1435667729060786,0.1435667729060786,0.1435667729060786,0.0
2023-05-16,0.14387247144131443,0.14387247144131443,0.14387247144131443,0.14387247144131443,0.0
2023-05-17,0.14337328668922406,0.14337328668922406,0.14337328668922406,0.14337328668922406,0.0
2023-05-18,0.14292452156016408,0.14292452156016408,0.14292452156016408,0.14292452156016408,0.0
2023-05-19,0.1421342884757519,0.1421342884757519,0.1421342884757519,0.1421342884757519,0.0
2023-05-22,0.14253745171543825,0.14253745171543825,0.14253745171543825,0.14253745171543825,0.0
2023-05-23,0.1421949207974291,0.1421949207974291,0.1421949207974291,0.1421949207974291,0.0
2023-05-24,0.1417233560090703,0.1417233560090703,0.1417233560090703,0.1417233560090703,0.0
2023-05-25,0.14178564845666322,0.14178564845666322,0.14178564845666322,0.14178564845666322,0.0
2023-05-26,0.14132278123233466,0.14132278123233466,0.14132278123233466,0.14132278123233466,0.0
2023-05-29,0.14169323414806942,0.14169323414806942,0.14169323414806942,0.14169323414806942,0.0
2023-05-30,0.1412070377587619,0.1412070377587619,0.1412070377587619,0.1412070377587619,0.0
2023-05-31,0.14120105618390028,0.14120105618390028,0.14120105618390028,0.14120105618390028,0.0
2023-06-01,0.14091453533431975,0.14091453533431975,0.14091453533431975,0.14091453533431975,0.0
2023-06-02,0.14096618221288715,0.14096618221288715,0.14096618221288715,0.14096618221288715,0.0
2023-06-05,0.14103576667042764,0.14103576667042764,0.14103576667042764,0.14103576667042764,0.0
2023-06-06,0.14069644741470277,0.14069644741470277,0.14069644741470277,0.14069644741470277,0.0
2023-06-07,0.14045732906343053,0.14045732906343053,0.14045732906343053,0.14045732906343053,0.0
2023-06-08,0.14029180695847362,0.14029180695847362,0.14029180695847362,0.14029180695847362,0.0
2023-06-09,0.14061730999085986,0.14061730999085986,0.14061730999085986,0.14061730999085986,0.0
2023-06-12,0.14042577093748246,0.14042577093748246,0.14042577093748246,0.14042577093748246,0.0
2023-06-13,0.13986405214131864,0.13986405214131864,0.13986405214131864,0.13986405214131864,0.0
2023-06-14,0.13973115725344437,0.13973115725344437,0.13973115725344437,0.13973115725344437,0.0
2023-06-15,0.13988166011554223,0.13988166011554223,0.13988166011554223,0.13988166011554223,0.0
2023-06-16,0.14027409558276874,0.14027409558276874,0.14027409558276874,0.14027409558276874,0.0
2023-06-19,0.1404474656254828,0.1404474656254828,0.1404474656254828,0.1404474656254828,0.0
2023-06-20,0.1396726074082351,0.1396726074082351,0.1396726074082351,0.1396726074082351,0.0
2023-06-21,0.13928546556166865,0.13928546556166865,0.13928546556166865,0.13928546556166865,0.0
2023-06-26,0.13878094815143777,0.13878094815143777,0.13878094815143777,0.13878094815143777,0.0
2023-06-27,0.13870010263807594,0.13870010263807594,0.13870010263807594,0.13870010263807594,0.0
2023-06-28,0.13869433156266903,0.13869433156266903,0.13869433156266903,0.13869433156266903,0.0
2023-06-29,0.1384888101041436,0.1384888101041436,0.1384888101041436,0.1384888101041436,0.0
2023-06-30,0.1383929807080185,0.1383929807080185,0.1383929807080185,0.1383929807080185,0.0
2023-07-03,0.13858669290574718,0.13858669290574718,0.13858669290574718,0.13858669290574718,0.0
2023-07-04,0.13880021097632067,0.13880021097632067,0.13880021097632067,0.13880021097632067,0.0
2023-07-05,0.13895064473099156,0.13895064473099156,0.13895064473099156,0.13895064473099156,0.0
2023-07-06,0.13870010263807594,0.13870010263807594,0.13870010263807594,0.13870010263807594,0.0
2023-07-07,0.13878480028867238,0.13878480028867238,0.13878480028867238,0.13878480028867238,0.0
2023-07-10,0.13903178266551736,0.13903178266551736,0.13903178266551736,0.13903178266551736,0.0
2023-07-11,0.13910914503519461,0.13910914503519461,0.13910914503519461,0.13910914503519461,0.0
2023-07-12,0.13934369121438028,0.13934369121438028,0.13934369121438028,0.13934369121438028,0.0
2023-07-13,0.13980734547793142,0.13980734547793142,0.13980734547793142,0.13980734547793142,0.0
2023-07-14,0.14021705600269216,0.14021705600269216,0.14021705600269216,0.14021705600269216,0.0
2023-07-17,0.14020132910859995,0.14020132910859995,0.14020132910859995,0.14020132910859995,0.0
2023-07-18,0.13995213636936168,0.13995213636936168,0.13995213636936168,0.13995213636936168,0.0
2023-07-19,0.13988753042553786,0.13988753042553786,0.13988753042553786,0.13988753042553786,0.0
2023-07-20,0.13992667842050766,0.13992667842050766,0.13992667842050766,0.13992667842050766,0.0
2023-07-21,0.1399462606359158,0.1399462606359158,0.1399462606359158,0.1399462606359158,0.0
2023-07-24,0.13995605379910708,0.13995605379910708,0.13995605379910708,0.13995605379910708,0.0
2023-07-25,0.14004425398425902,0.14004425398425902,0.14004425398425902,0.14004425398425902,0.0
2023-07-26,0.1402622904832036,0.1402622904832036,0.1402622904832036,0.1402622904832036,0.0
2023-07-27,0.14032133585911738,0.14032133585911738,0.14032133585911738,0.14032133585911738,0.0
2023-07-28,0.1401777453811433,0.1401777453811433,0.1401777453811433,0.1401777453811433,0.0
2023-07-31,0.14024261973213661,0.14024261973213661,0.14024261973213661,0.14024261973213661,0.0
2023-08-01,0.14028590266964072,0.14028590266964072,0.14028590266964072,0.14028590266964072,0.0
2023-08-02,0.14011882076000448,0.14011882076000448,0.14011882076000448,0.14011882076000448,0.0
2023-08-03,0.13986992097349465,0.13986992097349465,0.13986992097349465,0.13986992097349465,0.0
2023-08-04,0.1400207230670139,0.1400207230670139,0.1400207230670139,0.1400207230670139,0.0
2023-08-07,0.14009526478005044,0.14009526478005044,0.14009526478005044,0.14009526478005044,0.0
2023-08-08,0.13973310976035772,0.13973310976035772,0.13973310976035772,0.13973310976035772,0.0
2023-08-09,0.1396882159021065,0.1396882159021065,0.1396882159021065,0.1396882159021065,0.0
2023-08-10,0.1397116351849782,0.1397116351849782,0.1397116351849782,0.1397116351849782,0.0
2023-08-11,0.13969016720913016,0.13969016720913016,0.13969016720913016,0.13969016720913016,0.0
2023-08-14,0.1394972519041375,0.1394972519041375,0.1394972519041375,0.1394972519041375,0.0
2023-08-15,0.13933786645858878,0.13933786645858878,0.13933786645858878,0.13933786645858878,0.0
2023-08-16,0.13891590031394993,0.13891590031394993,0.13891590031394993,0.13891590031394993,0.0
2023-08-17,0.13874243853709972,0.13874243853709972,0.13874243853709972,0.13874243853709972,0.0
2023-08-18,0.13887731577924062,0.13887731577924062,0.13887731577924062,0.13887731577924062,0.0
2023-08-21,0.13891397057802105,0.13891397057802105,0.13891397057802105,0.13891397057802105,0.0
2023-08-22,0.1389043227025225,0.1389043227025225,0.1389043227025225,0.1389043227025225,0.0
2023-08-23,0.13891204089570483,0.13891204089570483,0.13891204089570483,0.13891204089570483,0.0
2023-08-24,0.13910914503519461,0.13910914503519461,0.13910914503519461,0.13910914503519461,0.0
2023-08-25,0.13911495068375,0.13911495068375,0.13911495068375,0.13911495068375,0.0
2023-08-28,0.13916722333556,0.13916722333556,0.13916722333556,0.13916722333556,0.0
2023-08-29,0.13917690776746322,0.13917690776746322,0.13917690776746322,0.13917690776746322,0.0
2023-08-30,0.13924473654895844,0.13924473654895844,0.13924473654895844,0.13924473654895844,0.0
2023-08-31,0.13925443177229116,0.13925443177229116,0.13925443177229116,0.13925443177229116,0.0
2023-09-01,0.1392990471945172,0.1392990471945172,0.1392990471945172,0.1392990471945172,0.0
2023-09-04,0.13930292814754966,0.13930292814754966,0.13930292814754966,0.13930292814754966,0.0
2023-09-05,0.1393087499825864,0.1393087499825864,0.1393087499825864,0.1393087499825864,0.0
2023-09-06,0.13894871402965164,0.13894871402965164,0.13894871402965164,0.13894871402965164,0.0
2023-09-07,0.13891590031394993,0.13891590031394993,0.13891590031394993,0.13891590031394993,0.0
2023-09-08,0.1386001386001386,0.1386001386001386,0.1386001386001386,0.1386001386001386,0.0
2023-09-11,0.13860398070632587,0.13860398070632587,0.13860398070632587,0.13860398070632587,0.0
2023-09-12,0.13891590031394993,0.13891590031394993,0.13891590031394993,0.13891590031394993,0.0
2023-09-13,0.13909366567446518,0.13909366567446518,0.13909366567446518,0.13909366567446518,0.0
2023-09-14,0.13913237053732921,0.13913237053732921,0.13913237053732921,0.13913237053732921,0.0
2023-09-15,0.13930292814754966,0.13930292814754966,0.13930292814754966,0.13930292814754966,0.0
2023-09-18,0.13940002230400356,0.13940002230400356,0.13940002230400356,0.13940002230400356,0.0
2023-09-19,0.13940585225767776,0.13940585225767776,0.13940585225767776,0.13940585225767776,0.0
2023-09-20,0.13940779568393466,0.13940779568393466,0.13940779568393466,0.13940779568393466,0.0
2023-09-21,0.13941168269901016,0.13941168269901016,0.13941168269901016,0.13941168269901016,0.0
2023-09-22,0.13941362628783338,0.13941362628783338,0.13941362628783338,0.13941362628783338,0.0
2023-09-25,0.13941751362806196,0.13941751362806196,0.13941751362806196,0.13941751362806196,0.0
2023-09-26,0.13941751362806196,0.13941751362806196,0.13941751362806196,0.13941751362806196,0.0
2023-09-27,0.13943695358143815,0.13943695358143815,0.13943695358143815,0.13943695358143815,0.0
2023-09-28,0.13927964567258141,0.13927964567258141,0.13927964567258141,0.13927964567258141,0.0
2023-10-09,0.1392971067990918,0.1392971067990918,0.1392971067990918,0.1392971067990918,0.0
2023-10-10,0.13931263147629597,0.13931263147629597,0.13931263147629597,0.13931263147629597,0.0
2023-10-11,0.13931651318630797,0.13931651318630797,0.13931651318630797,0.13931651318630797,0.0
2023-10-12,0.13932233615693268,0.13932233615693268,0.13932233615693268,0.13932233615693268,0.0
2023-10-13,0.13932427725531174,0.13932427725531174,0.13932427725531174,0.13932427725531174,0.0
2023-10-16,0.13927964567258141,0.13927964567258141,0.13927964567258141,0.13927964567258141,0.0
2023-10-17,0.13928352554459858,0.13928352554459858,0.13928352554459858,0.13928352554459858,0.0
2023-10-18,0.13928546556166865,0.13928546556166865,0.13928546556166865,0.13928546556166865,0.0
2023-10-19,0.13928546556166865,0.13928546556166865,0.13928546556166865,0.13928546556166865,0.0
2023-10-20,0.139289345757943,0.139289345757943,0.139289345757943,0.139289345757943,0.0
2023-10-23,0.1392912859371518,0.1392912859371518,0.1392912859371518,0.1392912859371518,0.0
2023-10-24,0.13930292814754966,0.13930292814754966,0.13930292814754966,0.13930292814754966,0.0
2023-10-25,0.13930486870516126,0.13930486870516126,0.13930486870516126,0.13930486870516126,0.0
2023-10-26,0.13930680931683942,0.13930680931683942,0.13930680931683942,0.13930680931683942,0.0
2023-10-27,0.13931069070240448,0.13931069070240448,0.13931069070240448,0.13931069070240448,0.0
2023-10-30,0.13931263147629597,0.13931263147629597,0.13931263147629597,0.13931263147629597,0.0
2023-10-31,0.13931651318630797,0.13931651318630797,0.13931651318630797,0.13931651318630797,0.0
2023-11-01,0.13931845412243304,0.13931845412243304,0.13931845412243304,0.13931845412243304,0.0
2023-11-02,0.13928158558157025,0.13928158558157025,0.13928158558157025,0.13928158558157025,0.0
2023-11-03,0.13928352554459858,0.13928352554459858,0.13928352554459858,0.13928352554459858,0.0
2023-11-06,0.13931457230426303,0.13931457230426303,0.13931457230426303,0.13931457230426303,0.0
2023-11-07,0.13932233615693268,0.13932233615693268,0.13932233615693268,0.13932233615693268,0.0
2023-11-08,0.13932815961433967,0.13932815961433967,0.13932815961433967,0.13932815961433967,0.0
2023-11-09,0.13933010087499303,0.13933010087499303,0.13933010087499303,0.13933010087499303,0.0
2023-11-10,0.13933204218974238,0.13933204218974238,0.13933204218974238,0.13933204218974238,0.0
2023-11-13,0.139335924981538,0.139335924981538,0.139335924981538,0.139335924981538,0.0
2023-11-14,0.13933786645858878,0.13933786645858878,0.13933786645858878,0.13933786645858878,0.0
2023-11-15,0.13936893745122086,0.13936893745122086,0.13936893745122086,0.13936893745122086,0.0
2023-11-16,0.13942334504489431,0.13942334504489431,0.13942334504489431,0.13942334504489431,0.0
2023-11-17,0.1394155699308499,0.1394155699308499,0.1394155699308499,0.1394155699308499,0.0
2023-11-20,0.13964140088253366,0.13964140088253366,0.13964140088253366,0.13964140088253366,0.0
2023-11-21,0.14004425398425902,0.14004425398425902,0.14004425398425902,0.14004425398425902,0.0
2023-11-22,0.14034299828781543,0.14034299828781543,0.14034299828781543,0.14034299828781543,0.0
2023-11-23,0.14042577093748246,0.14042577093748246,0.14042577093748246,0.14042577093748246,0.0
2023-11-24,0.14054616238703602,0.14054616238703602,0.14054616238703602,0.14054616238703602,0.0
2023-11-27,0.14053036158462037,0.14053036158462037,0.14053036158462037,0.14053036158462037,0.0
2023-11-28,0.140583703537086,0.140583703537086,0.140583703537086,0.140583703537086,0.0
2023-11-29,0.14078360152609423,0.14078360152609423,0.14078360152609423,0.14078360152609423,0.0
2023-11-30,0.14080937227181842,0.14080937227181842,0.14080937227181842,0.14080937227181842,0.0
2023-12-01,0.14063906390639064,0.14063906390639064,0.14063906390639064,0.14063906390639064,0.0
2023-12-04,0.14082325273549168,0.14082325273549168,0.14082325273549168,0.14082325273549168,0.0
2023-12-05,0.14059358612060116,0.14059358612060116,0.14059358612060116,0.14059358612060116,0.0
2023-12-06,0.1405678942929435,0.1405678942929435,0.1405678942929435,0.1405678942929435,0.0
2023-12-07,0.14049679667303586,0.14049679667303586,0.14049679667303586,0.14049679667303586,0.0
2023-12-08,0.14060149318785764,0.14060149318785764,0.14060149318785764,0.14060149318785764,0.0
2023-12-11,0.14052246251563313,0.14052246251563313,0.14052246251563313,0.14052246251563313,0.0
2023-12-12,0.14050074465394666,0.14050074465394666,0.14050074465394666,0.14050074465394666,0.0
2023-12-13,0.1405955628040379,0.1405955628040379,0.1405955628040379,0.1405955628040379,0.0
2023-12-14,0.14066676044450696,0.14066676044450696,0.14066676044450696,0.14066676044450696,0.0
2023-12-15,0.14093042265033753,0.14093042265033753,0.14093042265033753,0.14093042265033753,0.0
2023-12-18,0.14097810610012265,0.14097810610012265,0.14097810610012265,0.14097810610012265,0.0
2023-12-19,0.1408807866783128,0.1408807866783128,0.1408807866783128,0.1408807866783128,0.0
2023-12-20,0.14091254967167377,0.14091254967167377,0.14091254967167377,0.14091254967167377,0.0
2023-12-21,0.14082126964456712,0.14082126964456712,0.14082126964456712,0.14082126964456712,0.0
2023-12-22,0.14093836765182585,0.14093836765182585,0.14093836765182585,0.14093836765182585,0.0
2023-12-25,0.1408252358822701,0.1408252358822701,0.1408252358822701,0.1408252358822701,0.0
2023-12-26,0.14091453533431975,0.14091453533431975,0.14091453533431975,0.14091453533431975,0.0
2023-12-27,0.14084110306751924,0.14084110306751924,0.14084110306751924,0.14084110306751924,0.0
2023-12-28,0.14089666638487333,0.14089666638487333,0.14089666638487333,0.14089666638487333,0.0
2023-12-29,0.14118909455433662,0.14118909455433662,0.14118909455433662,0.14118909455433662,0.0
2024-01-02,0.14130281192595734,0.14130281192595734,0.14130281192595734,0.14130281192595734,0.0
2024-01-03,0.14084110306751924,0.14084110306751924,0.14084110306751924,0.14084110306751924,0.0
2024-01-04,0.14085102187416368,0.14085102187416368,0.14085102187416368,0.14085102187416368,0.0
2024-01-05,0.1407875656422025,0.1407875656422025,0.1407875656422025,0.1407875656422025,0.0
2024-01-08,0.14083316902796947,0.14083316902796947,0.14083316902796947,0.14083316902796947,0.0
2024-01-09,0.1408252358822701,0.1408252358822701,0.1408252358822701,0.1408252358822701,0.0
2024-01-10,0.14073604953908944,0.14073604953908944,0.14073604953908944,0.14073604953908944,0.0
2024-01-11,0.14067269683627104,0.14067269683627104,0.14067269683627104,0.14067269683627104,0.0
2024-01-12,0.14074595355383532,0.14074595355383532,0.14074595355383532,0.14074595355383532,0.0
2024-01-15,0.14067863372910924,0.14067863372910924,0.14067863372910924,0.14067863372910924,0.0
2024-01-16,0.1405797508926814,0.1405797508926814,0.1405797508926814,0.1405797508926814,0.0
2024-01-17,0.14051258992805757,0.14051258992805757,0.14051258992805757,0.14051258992805757,0.0
2024-01-18,0.14050074465394666,0.14050074465394666,0.14050074465394666,0.14050074465394666,0.0
2024-01-19,0.14051456433459328,0.14051456433459328,0.14051456433459328,0.14051456433459328,0.0
2024-01-22,0.14063708599957808,0.14063708599957808,0.14063708599957808,0.14063708599957808,0.0
2024-01-23,0.14061335545650125,0.14061335545650125,0.14061335545650125,0.14061335545650125,0.0
2024-01-24,0.14074001097772088,0.14074001097772088,0.14074001097772088,0.14074001097772088,0.0
2024-01-25,0.1407578402116998,0.1407578402116998,0.1407578402116998,0.1407578402116998,0.0
2024-01-26,0.14069842699158622,0.14069842699158622,0.14069842699158622,0.14069842699158622,0.0
2024-01-29,0.14065291081198925,0.14065291081198925,0.14065291081198925,0.14065291081198925,0.0
2024-01-30,0.14073604953908944,0.14073604953908944,0.14073604953908944,0.14073604953908944,0.0
2024-01-31,0.14076774729374006,0.14076774729374006,0.14076774729374006,0.14076774729374006,0.0
2024-02-01,0.14074793452406087,0.14074793452406087,0.14074793452406087,0.14074793452406087,0.0
2024-02-02,0.14083316902796947,0.14083316902796947,0.14083316902796947,0.14083316902796947,0.0
2024-02-05,0.14070634585619812,0.14070634585619812,0.14070634585619812,0.14070634585619812,0.0
2024-02-06,0.14068259193607383,0.14068259193607383,0.14068259193607383,0.14068259193607383,0.0
2024-02-07,0.14074793452406087,0.14074793452406087,0.14074793452406087,0.14074793452406087,0.0
2024-02-08,0.1407202060143816,0.1407202060143816,0.1407202060143816,0.1407202060143816,0.0
2024-02-09,0.14077369221239935,0.14077369221239935,0.14077369221239935,0.14077369221239935,0.0
2024-02-19,0.1407816195517513,0.1407816195517513,0.1407816195517513,0.1407816195517513,0.0
2024-02-20,0.1407103056227838,0.1407103056227838,0.1407103056227838,0.1407103056227838,0.0
2024-02-21,0.14078558355624385,0.14078558355624385,0.14078558355624385,0.14078558355624385,0.0
2024-02-22,0.14080937227181842,0.14080937227181842,0.14080937227181842,0.14080937227181842,0.0
2024-02-23,0.1407182258246088,0.1407182258246088,0.1407182258246088,0.1407182258246088,0.0
2024-02-26,0.14068655036578503,0.14068655036578503,0.14068655036578503,0.14068655036578503,0.0
2024-02-27,0.14073208832345863,0.14073208832345863,0.14073208832345863,0.14073208832345863,0.0
2024-02-28,0.14069644741470277,0.14069644741470277,0.14069644741470277,0.14069644741470277,0.0
2024-02-29,0.14077369221239935,0.14077369221239935,0.14077369221239935,0.14077369221239935,0.0
2024-03-01,0.1407281273308096,0.1407281273308096,0.1407281273308096,0.1407281273308096,0.0
2024-03-04,0.14080540692762603,0.14080540692762603,0.14080540692762603,0.14080540692762603,0.0
2024-03-05,0.1407915299815563,0.1407915299815563,0.1407915299815563,0.1407915299815563,0.0
2024-03-06,0.14081333783936015,0.14081333783936015,0.14081333783936015,0.14081333783936015,0.0
2024-03-07,0.14084110306751924,0.14084110306751924,0.14084110306751924,0.14084110306751924,0.0
2024-03-08,0.14088872608413874,0.14088872608413874,0.14088872608413874,0.14088872608413874,0.0
2024-03-11,0.14090659301948738,0.14090659301948738,0.14090659301948738,0.14090659301948738,0.0
2024-03-12,0.14091850682750165,0.14091850682750165,0.14091850682750165,0.14091850682750165,0.0
2024-03-13,0.14098406880022557,0.14098406880022557,0.14098406880022557,0.14098406880022557,0.0
2024-03-14,0.14089666638487333,0.14089666638487333,0.14089666638487333,0.14089666638487333,0.0
2024-03-15,0.14089468122578372,0.14089468122578372,0.14089468122578372,0.14089468122578372,0.0
2024-03-18,0.14095823407524352,0.14095823407524352,0.14095823407524352,0.14095823407524352,0.0
2024-03-19,0.14087483271113616,0.14087483271113616,0.14087483271113616,0.14087483271113616,0.0
2024-03-20,0.14090857851425995,0.14090857851425995,0.14090857851425995,0.14090857851425995,0.0
2024-03-21,0.14096022102562658,0.14096022102562658,0.14096022102562658,0.14096022102562658,0.0
2024-03-22,0.1408371359360036,0.1408371359360036,0.1408371359360036,0.1408371359360036,0.0
2024-03-25,0.14085300580314383,0.14085300580314383,0.14085300580314383,0.14085300580314383,0.0
2024-03-26,0.14095823407524352,0.14095823407524352,0.14095823407524352,0.14095823407524352,0.0
2024-03-27,0.14095227356017254,0.14095227356017254,0.14095227356017254,0.14095227356017254,0.0
2024-03-28,0.14094830016350002,0.14094830016350002,0.14094830016350002,0.14094830016350002,0.0
2024-03-29,0.14094432699083861,0.14094432699083861,0.14094432699083861,0.14094432699083861,0.0
2024-04-01,0.14096816938735235,0.14096816938735235,0.14096816938735235,0.14096816938735235,0.0
2024-04-02,0.14093042265033753,0.14093042265033753,0.14093042265033753,0.14093042265033753,0.0
2024-04-03,0.14094631354916912,0.14094631354916912,0.14094631354916912,0.14094631354916912,0.0
2024-04-08,0.1409502868338337,0.1409502868338337,0.1409502868338337,0.1409502868338337,0.0
2024-04-09,0.1409324088167315,0.1409324088167315,0.1409324088167315,0.1409324088167315,0.0
2024-04-10,0.14092645048549163,0.14092645048549163,0.14092645048549163,0.14092645048549163,0.0
2024-04-11,0.14090857851425995,0.14090857851425995,0.14090857851425995,0.14090857851425995,0.0
2024-04-12,0.14091056406498795,0.14091056406498795,0.14091056406498795,0.14091056406498795,0.0
2024-04-15,0.1408867411487905,0.1408867411487905,0.1408867411487905,0.1408867411487905,0.0
2024-04-16,0.1407895477839725,0.1407895477839725,0.1407895477839725,0.1407895477839725,0.0
2024-04-17,0.1407954945441746,0.1407954945441746,0.1407954945441746,0.1407954945441746,0.0
2024-04-18,0.14080540692762603,0.14080540692762603,0.14080540692762603,0.14080540692762603,0.0
2024-04-19,0.14075387776933254,0.14075387776933254,0.14075387776933254,0.14075387776933254,0.0
2024-04-22,0.1407598215165463,0.1407598215165463,0.1407598215165463,0.1407598215165463,0.0
2024-04-23,0.1407281273308096,0.1407281273308096,0.1407281273308096,0.1407281273308096,0.0
2024-04-24,0.14074991555005067,0.14074991555005067,0.14074991555005067,0.14074991555005067,0.0
2024-04-25,0.14073010779926257,0.14073010779926257,0.14073010779926257,0.14073010779926257,0.0
2024-04-26,0.14073406890340015,0.14073406890340015,0.14073406890340015,0.14073406890340015,0.0
2024-04-29,0.14071426561224776,0.14071426561224776,0.14071426561224776,0.14071426561224776,0.0
2024-04-30,0.1407202060143816,0.1407202060143816,0.1407202060143816,0.1407202060143816,0.0
2024-05-06,0.14085697382877427,0.14085697382877427,0.14085697382877427,0.14085697382877427,0.0
2024-05-07,0.14084110306751924,0.14084110306751924,0.14084110306751924,0.14084110306751924,0.0
2024-05-08,0.14081333783936015,0.14081333783936015,0.14081333783936015,0.14081333783936015,0.0
2024-05-09,0.1407895477839725,0.1407895477839725,0.1407895477839725,0.1407895477839725,0.0
2024-05-10,0.14082325273549168,0.14082325273549168,0.14082325273549168,0.14082325273549168,0.0
2024-05-13,0.14078558355624385,0.14078558355624385,0.14078558355624385,0.14078558355624385,0.0
2024-05-14,0.14074001097772088,0.14074001097772088,0.14074001097772088,0.14074001097772088,0.0
2024-05-15,0.14074793452406087,0.14074793452406087,0.14074793452406087,0.14074793452406087,0.0
2024-05-16,0.14080540692762603,0.14080540692762603,0.14080540692762603,0.14080540692762603,0.0
2024-05-17,0.14075585896262932,0.14075585896262932,0.14075585896262932,0.14075585896262932,0.0
2024-05-20,0.14076180287717127,0.14076180287717127,0.14076180287717127,0.14076180287717127,0.0
2024-05-21,0.14070832571163236,0.14070832571163236,0.14070832571163236,0.14070832571163236,0.0
2024-05-22,0.14069248842804283,0.14069248842804283,0.14069248842804283,0.14069248842804283,0.0
2024-05-23,0.1406509325156826,0.1406509325156826,0.1406509325156826,0.1406509325156826,0.0
2024-05-24,0.14064301988692302,0.14064301988692302,0.14064301988692302,0.14064301988692302,0.0
2024-05-27,0.1406647817585911,0.1406647817585911,0.1406647817585911,0.1406647817585911,0.0
2024-05-28,0.14064499796064753,0.14064499796064753,0.14064499796064753,0.14064499796064753,0.0
2024-05-29,0.14063510814839816,0.14063510814839816,0.14063510814839816,0.14063510814839816,0.0
2024-05-30,0.1406252197269058,0.1406252197269058,0.1406252197269058,0.1406252197269058,0.0
2024-05-31,0.1406707179833446,0.1406707179833446,0.1406707179833446,0.1406707179833446,0.0
2024-06-03,0.1406746757448724,0.1406746757448724,0.1406746757448724,0.1406746757448724,0.0
2024-06-04,0.1406806128047494,0.1406806128047494,0.1406806128047494,0.1406806128047494,0.0
2024-06-05,0.14065291081198925,0.14065291081198925,0.14065291081198925,0.14065291081198925,0.0
2024-06-06,0.1406311526129268,0.1406311526129268,0.1406311526129268,0.1406311526129268,0.0
2024-06-07,0.14063510814839816,0.14063510814839816,0.14063510814839816,0.14063510814839816,0.0
2024-06-11,0.14057777465382723,0.14057777465382723,0.14057777465382723,0.14057777465382723,0.0
2024-06-12,0.1405817271871002,0.1405817271871002,0.1405817271871002,0.1405817271871002,0.0
2024-06-13,0.1406034700936419,0.1406034700936419,0.1406034700936419,0.1406034700936419,0.0
2024-06-14,0.14054616238703602,0.14054616238703602,0.14054616238703602,0.14054616238703602,0.0
2024-06-17,0.14055011314284108,0.14055011314284108,0.14055011314284108,0.14055011314284108,0.0
2024-06-18,0.14055208860403667,0.14055208860403667,0.14055208860403667,0.14055208860403667,0.0
2024-06-19,0.14053036158462037,0.14053036158462037,0.14053036158462037,0.14053036158462037,0.0
2024-06-20,0.14046522081132712,0.14046522081132712,0.14046522081132712,0.14046522081132712,0.0
2024-06-21,0.14045732906343053,0.14045732906343053,0.14045732906343053,0.14045732906343053,0.0
2024-06-24,0.1404474656254828,0.1404474656254828,0.1404474656254828,0.1404474656254828,0.0
2024-06-25,0.1404001404001404,0.1404001404001404,0.1404001404001404,0.1404001404001404,0.0
2024-06-26,0.14035481697731866,0.14035481697731866,0.14035481697731866,0.14035481697731866,0.0
2024-06-27,0.14031149151115477,0.14031149151115477,0.14031149151115477,0.14031149151115477,0.0
2024-06-28,0.14031542908458214,0.14031542908458214,0.14031542908458214,0.14031542908458214,0.0
2024-07-01,0.14032133585911738,0.14032133585911738,0.14032133585911738,0.14032133585911738,0.0
2024-07-02,0.14027016032879325,0.14027016032879325,0.14027016032879325,0.14027016032879325,0.0
2024-07-03,0.14022885348889388,0.14022885348889388,0.14022885348889388,0.14022885348889388,0.0
2024-07-04,0.14024261973213661,0.14024261973213661,0.14024261973213661,0.14024261973213661,0.0
2024-07-05,0.14027409558276874,0.14027409558276874,0.14027409558276874,0.14027409558276874,0.0
2024-07-08,0.14027999887776002,0.14027999887776002,0.14027999887776002,0.14027999887776002,0.0
2024-07-09,0.14023278642546627,0.14023278642546627,0.14023278642546627,0.14023278642546627,0.0
2024-07-10,0.14016988590171287,0.14016988590171287,0.14016988590171287,0.14016988590171287,0.0
2024-07-11,0.14017578042865755,0.14017578042865755,0.14017578042865755,0.14017578042865755,0.0
2024-07-12,0.14022295449765126,0.14022295449765126,0.14022295449765126,0.14022295449765126,0.0
2024-07-15,0.1402268871033332,0.1402268871033332,0.1402268871033332,0.1402268871033332,0.0
2024-07-16,0.14019739793629432,0.14019739793629432,0.14019739793629432,0.14019739793629432,0.0
2024-07-17,0.14021705600269216,0.14021705600269216,0.14021705600269216,0.14021705600269216,0.0
2024-07-18,0.1402819667531739,0.1402819667531739,0.1402819667531739,0.1402819667531739,0.0
2024-07-19,0.14022295449765126,0.14022295449765126,0.14022295449765126,0.14022295449765126,0.0
2024-07-22,0.1401836405691456,0.1401836405691456,0.1401836405691456,0.1401836405691456,0.0
2024-07-23,0.14018560574200242,0.14018560574200242,0.14018560574200242,0.14018560574200242,0.0
2024-07-24,0.14013845679531378,0.14013845679531378,0.14013845679531378,0.14013845679531378,0.0
2024-07-25,0.14021115800395395,0.14021115800395395,0.14021115800395395,0.14021115800395395,0.0
2024-07-26,0.14031149151115477,0.14031149151115477,0.14031149151115477,0.14031149151115477,0.0
2024-07-29,0.14022098827752538,0.14022098827752538,0.14022098827752538,0.14022098827752538,0.0
2024-07-30,0.14012667451376043,0.14012667451376043,0.14012667451376043,0.14012667451376043,0.0
2024-07-31,0.14016202730356292,0.14016202730356292,0.14016202730356292,0.14016202730356292,0.0
2024-08-01,0.1402072262804425,0.1402072262804425,0.1402072262804425,0.1402072262804425,0.0
2024-08-02,0.14010311589329746,0.14010311589329746,0.14010311589329746,0.14010311589329746,0.0
2024-08-05,0.14016399187048847,0.14016399187048847,0.14016399187048847,0.14016399187048847,0.0
2024-08-06,0.14021705600269216,0.14021705600269216,0.14021705600269216,0.14021705600269216,0.0
2024-08-07,0.1400834897598969,0.1400834897598969,0.1400834897598969,0.1400834897598969,0.0
2024-08-08,0.1399384270920795,0.1399384270920795,0.1399384270920795,0.1399384270920795,0.0
2024-08-09,0.13995997144816583,0.13995997144816583,0.13995997144816583,0.13995997144816583,0.0
2024-08-12,0.1399423437543732,0.1399423437543732,0.1399423437543732,0.1399423437543732,0.0
2024-08-13,0.13990122973180935,0.13990122973180935,0.13990122973180935,0.13990122973180935,0.0
2024-08-14,0.14002660505496045,0.14002660505496045,0.14002660505496045,0.14002660505496045,0.0
2024-08-15,0.14005798400537822,0.14005798400537822,0.14005798400537822,0.14005798400537822,0.0
2024-08-16,0.13993059442516512,0.13993059442516512,0.13993059442516512,0.13993059442516512,0.0
2024-08-19,0.14002660505496045,0.14002660505496045,0.14002660505496045,0.14002660505496045,0.0
2024-08-20,0.14020329477742727,0.14020329477742727,0.14020329477742727,0.14020329477742727,0.0
2024-08-21,0.14023868624398728,0.14023868624398728,0.14023868624398728,0.14023868624398728,0.0
2024-08-22,0.1403942269893862,0.1403942269893862,0.1403942269893862,0.1403942269893862,0.0
2024-08-23,0.14013845679531378,0.14013845679531378,0.14013845679531378,0.14013845679531378,0.0
2024-08-26,0.14056987025400974,0.14056987025400974,0.14056987025400974,0.14056987025400974,0.0
2024-08-27,0.14035284705750256,0.14035284705750256,0.14035284705750256,0.14035284705750256,0.0
2024-08-28,0.14041788362165805,0.14041788362165805,0.14041788362165805,0.14041788362165805,0.0
2024-08-29,0.14025442152063844,0.14025442152063844,0.14025442152063844,0.14025442152063844,0.0
2024-08-30,0.1405995163376638,0.1405995163376638,0.1405995163376638,0.1405995163376638,0.0
2024-09-02,0.1407915299815563,0.1407915299815563,0.1407915299815563,0.1407915299815563,0.0
2024-09-03,0.14062324220947237,0.14062324220947237,0.14062324220947237,0.14062324220947237,0.0
2024-09-04,0.14055208860403667,0.14055208860403667,0.14055208860403667,0.14055208860403667,0.0
2024-09-05,0.14086689487103635,0.14086689487103635,0.14086689487103635,0.14086689487103635,0.0
2024-09-06,0.14099400775467041,0.14099400775467041,0.14099400775467041,0.14099400775467041,0.0
2024-09-09,0.14086689487103635,0.14086689487103635,0.14086689487103635,0.14086689487103635,0.0
2024-09-10,0.1405757984705353,0.1405757984705353,0.1405757984705353,0.1405757984705353,0.0
2024-09-11,0.14048495406142003,0.14048495406142003,0.14048495406142003,0.14048495406142003,0.0
2024-09-12,0.1404218271688151,0.1404218271688151,0.1404218271688151,0.1404218271688151,0.0
2024-09-13,0.14078558355624385,0.14078558355624385,0.14078558355624385,0.14078558355624385,0.0
2024-09-18,0.14110342881332016,0.14110342881332016,0.14110342881332016,0.14110342881332016,0.0
2024-09-19,0.14087880196666808,0.14087880196666808,0.14087880196666808,0.14087880196666808,0.0
2024-09-20,0.1415548383443746,0.1415548383443746,0.1415548383443746,0.1415548383443746,0.0
2024-09-23,0.14178162793665197,0.14178162793665197,0.14178162793665197,0.14178162793665197,0.0
2024-09-24,0.14182385477237272,0.14182385477237272,0.14182385477237272,0.14182385477237272,0.0
2024-09-25,0.14244608415714652,0.14244608415714652,0.14244608415714652,0.14244608415714652,0.0
2024-09-26,0.142138329021804,0.142138329021804,0.142138329021804,0.142138329021804,0.0
2024-09-27,0.14265131738491604,0.14265131738491604,0.14265131738491604,0.14265131738491604,0.0
2024-09-30,0.1427062819305306,0.1427062819305306,0.1427062819305306,0.1427062819305306,0.0
2024-10-08,0.14142471255427175,0.14142471255427175,0.14142471255427175,0.14142471255427175,0.0
2024-10-09,0.14170728942296792,0.14170728942296792,0.14170728942296792,0.14170728942296792,0.0
2024-10-10,0.14135874021090725,0.14135874021090725,0.14135874021090725,0.14135874021090725,0.0
2024-10-11,0.1413807241520691,0.1413807241520691,0.1413807241520691,0.1413807241520691,0.0
2024-10-14,0.14139671676823665,0.14139671676823665,0.14139671676823665,0.14139671676823665,0.0
2024-10-15,0.14118311449950585,0.14118311449950585,0.14118311449950585,0.14118311449950585,0.0
2024-10-16,0.1404671938868677,0.1404671938868677,0.1404671938868677,0.1404671938868677,0.0
2024-10-17,0.14040999719180006,0.14040999719180006,0.14040999719180006,0.14040999719180006,0.0
2024-10-18,0.14030361702724697,0.14030361702724697,0.14030361702724697,0.14030361702724697,0.0
2024-10-21,0.1408807866783128,0.1408807866783128,0.1408807866783128,0.1408807866783128,0.0
2024-10-22,0.1404040829507322,0.1404040829507322,0.1404040829507322,0.1404040829507322,0.0
2024-10-23,0.1403607270685662,0.1403607270685662,0.1403607270685662,0.1403607270685662,0.0
2024-10-24,0.14027999887776002,0.14027999887776002,0.14027999887776002,0.14027999887776002,0.0
2024-10-25,0.14066676044450696,0.14066676044450696,0.14066676044450696,0.14066676044450696,0.0
2024-10-28,0.14023868624398728,0.14023868624398728,0.14023868624398728,0.14023868624398728,0.0
2024-10-29,0.14028590266964072,0.14028590266964072,0.14028590266964072,0.14028590266964072,0.0
2024-10-30,0.14007564084605686,0.14007564084605686,0.14007564084605686,0.14007564084605686,0.0
2024-10-31,0.14035087719298245,0.14035087719298245,0.14035087719298245,0.14035087719298245,0.0
2024-11-01,0.14057777465382723,0.14057777465382723,0.14057777465382723,0.14057777465382723,0.0
2024-11-04,0.14044352063817536,0.14044352063817536,0.14044352063817536,0.14044352063817536,0.0
2024-11-05,0.14081333783936015,0.14081333783936015,0.14081333783936015,0.14081333783936015,0.0
2024-11-06,0.14085895792542927,0.14085895792542927,0.14085895792542927,0.14085895792542927,0.0
2024-11-07,0.13954981230550245,0.13954981230550245,0.13954981230550245,0.13954981230550245,0.0
2024-11-08,0.13999132053812663,0.13999132053812663,0.13999132053812663,0.13999132053812663,0.0
2024-11-11,0.13930292814754966,0.13930292814754966,0.13930292814754966,0.13930292814754966,0.0
2024-11-12,0.13902984970873247,0.13902984970873247,0.13902984970873247,0.13902984970873247,0.0
2024-11-13,0.1389062521704102,0.1389062521704102,0.1389062521704102,0.1389062521704102,0.0
2024-11-14,0.13895450629463912,0.13895450629463912,0.13895450629463912,0.13895450629463912,0.0
2024-11-15,0.1389043227025225,0.1389043227025225,0.1389043227025225,0.1389043227025225,0.0
2024-11-18,0.13906851905934053,0.13906851905934053,0.13906851905934053,0.13906851905934053,0.0
2024-11-19,0.13906078346845407,0.13906078346845407,0.13906078346845407,0.13906078346845407,0.0
2024-11-20,0.13901438798915688,0.13901438798915688,0.13901438798915688,0.13901438798915688,0.0
2024-11-21,0.13901632051602858,0.13901632051602858,0.13901632051602858,0.13901632051602858,0.0
2024-11-22,0.13900086180534318,0.13900086180534318,0.13900086180534318,0.13900086180534318,0.0
2024-11-25,0.13904724825495704,0.13904724825495704,0.13904724825495704,0.13904724825495704,0.0
2024-11-26,0.13906271728549577,0.13906271728549577,0.13906271728549577,0.13906271728549577,0.0
2024-11-27,0.13892361979383736,0.13892361979383736,0.13892361979383736,0.13892361979383736,0.0
2024-11-28,0.13909366567446518,0.13909366567446518,0.13909366567446518,0.13909366567446518,0.0
2024-11-29,0.1391265634347566,0.1391265634347566,0.1391265634347566,0.1391265634347566,0.0
2024-12-02,0.13914979475405276,0.13914979475405276,0.13914979475405276,0.13914979475405276,0.0
2024-12-03,0.13889660536696483,0.13889660536696483,0.13889660536696483,0.13889660536696483,0.0
2024-12-04,0.13901632051602858,0.13901632051602858,0.13901632051602858,0.13901632051602858,0.0
2024-12-05,0.13912269230234142,0.13912269230234142,0.13912269230234142,0.13912269230234142,0.0
2024-12-06,0.13918271907359983,0.13918271907359983,0.13918271907359983,0.13918271907359983,0.0
2024-12-09,0.13914011409489355,0.13914011409489355,0.13914011409489355,0.13914011409489355,0.0
2024-12-10,0.1390897963725381,0.1390897963725381,0.1390897963725381,0.1390897963725381,0.0
2024-12-11,0.13919240566234706,0.13919240566234706,0.13919240566234706,0.13919240566234706,0.0
2024-12-12,0.13917109694658614,0.13917109694658614,0.13917109694658614,0.13917109694658614,0.0
2024-12-13,0.1391284990817519,0.1391284990817519,0.1391284990817519,0.1391284990817519,0.0
2024-12-16,0.1391168860076236,0.1391168860076236,0.1391168860076236,0.1391168860076236,0.0
2024-12-17,0.1390994700310192,0.1390994700310192,0.1390994700310192,0.1390994700310192,0.0
2024-12-18,0.1391207568169171,0.1391207568169171,0.1391207568169171,0.1391207568169171,0.0
2024-12-19,0.13906078346845407,0.13906078346845407,0.13906078346845407,0.13906078346845407,0.0
2024-12-20,0.13908012405947065,0.13908012405947065,0.13908012405947065,0.13908012405947065,0.0
2024-12-23,0.13914011409489355,0.13914011409489355,0.13914011409489355,0.13914011409489355,0.0
2024-12-24,0.1391284990817519,0.1391284990817519,0.1391284990817519,0.1391284990817519,0.0
2024-12-25,0.13914398619691656,0.13914398619691656,0.13914398619691656,0.13914398619691656,0.0
2024-12-26,0.1390878618023005,0.1390878618023005,0.1390878618023005,0.1390878618023005,0.0
2024-12-27,0.13909560040615915,0.13909560040615915,0.13909560040615915,0.13909560040615915,0.0
2024-12-30,0.1391033398711903,0.1391033398711903,0.1391033398711903,0.1391033398711903,0.0
2024-12-31,0.13911301541372212,0.13911301541372212,0.13911301541372212,0.13911301541372212,0.0
2025-01-02,0.13912269230234142,0.13912269230234142,0.13912269230234142,0.13912269230234142,0.0
2025-01-03,0.13912462784162052,0.13912462784162052,0.13912462784162052,0.13912462784162052,0.0
2025-01-06,0.1391284990817519,0.1391284990817519,0.1391284990817519,0.1391284990817519,0.0
2025-01-07,0.13912269230234142,0.13912269230234142,0.13912269230234142,0.13912269230234142,0.0
2025-01-08,0.1391072099266905,0.1391072099266905,0.1391072099266905,0.1391072099266905,0.0
2025-01-09,0.13910914503519461,0.13910914503519461,0.13910914503519461,0.13910914503519461,0.0
2025-01-10,0.1390994700310192,0.1390994700310192,0.1390994700310192,0.1390994700310192,0.0
2025-01-13,0.13911108019753773,0.13911108019753773,0.13911108019753773,0.13911108019753773,0.0
2025-01-14,0.13912462784162052,0.13912462784162052,0.13912462784162052,0.13912462784162052,0.0
2025-01-15,0.13911495068375,0.13911495068375,0.13911495068375,0.13911495068375,0.0
2025-01-16,0.1391188213853452,0.1391188213853452,0.1391188213853452,0.1391188213853452,0.0
2025-01-17,0.1391033398711903,0.1391033398711903,0.1391033398711903,0.1391033398711903,0.0
2025-01-20,0.13910914503519461,0.13910914503519461,0.13910914503519461,0.13910914503519461,0.0
2025-01-21,0.13946417862571997,0.13946417862571997,0.13946417862571997,0.13946417862571997,0.0
2025-01-22,0.13947779513501452,0.13947779513501452,0.13947779513501452,0.13947779513501452,0.0
2025-01-23,0.13945445417526636,0.13945445417526636,0.13945445417526636,0.13945445417526636,0.0
2025-01-24,0.13946028868279758,0.13946028868279758,0.13946028868279758,0.13946028868279758,0.0
2025-01-27,0.13947390443248067,0.13947390443248067,0.13947390443248067,0.13947390443248067,0.0
2025-02-05,0.13948363159583224,0.13948363159583224,0.13948363159583224,0.13948363159583224,0.0
2025-02-06,0.13948752284108187,0.13948752284108187,0.13948752284108187,0.13948752284108187,0.0
2025-02-07,0.13947195916261035,0.13947195916261035,0.13947195916261035,0.13947195916261035,0.0
2025-02-10,0.13945639895686612,0.13945639895686612,0.13945639895686612,0.13945639895686612,0.0
2025-02-11,0.1394388978749512,0.1394388978749512,0.1394388978749512,0.1394388978749512,0.0
2025-02-12,0.13945056477478734,0.13945056477478734,0.13945056477478734,0.13945056477478734,0.0
2025-02-13,0.13943306515707135,0.13943306515707135,0.13943306515707135,0.13943306515707135,0.0
2025-02-14,0.1394583437927091,0.1394583437927091,0.1394583437927091,0.1394583437927091,0.0
2025-02-17,0.13946612367855848,0.13946612367855848,0.13946612367855848,0.13946612367855848,0.0
2025-02-18,0.13947584975661464,0.13947584975661464,0.13947584975661464,0.13947584975661464,0.0
2025-02-19,0.13946028868279758,0.13946028868279758,0.13946028868279758,0.13946028868279758,0.0
2025-02-20,0.1394466755912539,0.1394466755912539,0.1394466755912539,0.1394466755912539,0.0
2025-02-21,0.13947779513501452,0.13947779513501452,0.13947779513501452,0.13947779513501452,0.0
2025-02-24,0.13943695358143815,0.13943695358143815,0.13943695358143815,0.13943695358143815,0.0
2025-02-25,0.13941945737947187,0.13941945737947187,0.13941945737947187,0.13941945737947187,0.0
2025-02-26,0.13940779568393466,0.13940779568393466,0.13940779568393466,0.13940779568393466,0.0
2025-02-27,0.1393922497909116,0.1393922497909116,0.1393922497909116,0.1393922497909116,0.0
2025-02-28,0.13939613593911176,0.13939613593911176,0.13939613593911176,0.13939613593911176,0.0
2025-03-03,0.13938253536831835,0.13938253536831835,0.13938253536831835,0.13938253536831835,0.0
2025-03-04,0.13939419283792637,0.13939419283792637,0.13939419283792637,0.13939419283792637,0.0
2025-03-05,0.1394427866246479,0.1394427866246479,0.1394427866246479,0.1394427866246479,0.0
2025-03-06,0.1394855771913184,0.1394855771913184,0.1394855771913184,0.1394855771913184,0.0
2025-03-07,0.13946028868279758,0.13946028868279758,0.13946028868279758,0.13946028868279758,0.0
2025-03-10,0.13940585225767776,0.13940585225767776,0.13940585225767776,0.13940585225767776,0.0
2025-03-11,0.13939030679806527,0.13939030679806527,0.13939030679806527,0.13939030679806527,0.0
2025-03-12,0.13947779513501452,0.13947779513501452,0.13947779513501452,0.13947779513501452,0.0
2025-03-13,0.1394155699308499,0.1394155699308499,0.1394155699308499,0.1394155699308499,0.0
2025-03-14,0.13939613593911176,0.13939613593911176,0.13939613593911176,0.13939613593911176,0.0
2025-03-17,0.13949336011605848,0.13949336011605848,0.13949336011605848,0.13949336011605848,0.0
2025-03-18,0.13940585225767776,0.13940585225767776,0.13940585225767776,0.13940585225767776,0.0
2025-03-19,0.13947584975661464,0.13947584975661464,0.13947584975661464,0.13947584975661464,0.0
2025-03-20,0.13936505281935502,0.13936505281935502,0.13936505281935502,0.13936505281935502,0.0
2025-03-21,0.13935340022296544,0.13935340022296544,0.13935340022296544,0.13935340022296544,0.0
2025-03-24,0.13931457230426303,0.13931457230426303,0.13931457230426303,0.13931457230426303,0.0
2025-03-25,0.1392990471945172,0.1392990471945172,0.1392990471945172,0.1392990471945172,0.0
2025-03-26,0.13936505281935502,0.13936505281935502,0.13936505281935502,0.13936505281935502,0.0
2025-03-27,0.1393475746554631,0.1393475746554631,0.1393475746554631,0.1393475746554631,0.0
2025-03-28,0.13936893745122086,0.13936893745122086,0.13936893745122086,0.13936893745122086,0.0
2025-03-31,0.13931069070240448,0.13931069070240448,0.13931069070240448,0.13931069070240448,0.0
2025-04-01,0.13932427725531174,0.13932427725531174,0.13932427725531174,0.13932427725531174,0.0
2025-04-02,0.139289345757943,0.139289345757943,0.139289345757943,0.139289345757943,0.0
2025-04-03,0.1391033398711903,0.1391033398711903,0.1391033398711903,0.1391033398711903,0.0
2025-04-07,0.1389274798555154,0.1389274798555154,0.1389274798555154,0.1389274798555154,0.0
2025-04-08,0.13881562508675976,0.13881562508675976,0.13881562508675976,0.13881562508675976,0.0
2025-04-09,0.13876169067243915,0.13876169067243915,0.13876169067243915,0.13876169067243915,0.0
2025-04-10,0.13871164622981746,0.13871164622981746,0.13871164622981746,0.13871164622981746,0.0
2025-04-11,0.13872126735749857,0.13872126735749857,0.13872126735749857,0.13872126735749857,0.0
2025-04-14,0.13867702121758424,0.13867702121758424,0.13867702121758424,0.13867702121758424,0.0
2025-04-15,0.1387039502885042,0.1387039502885042,0.1387039502885042,0.1387039502885042,0.0
2025-04-16,0.1386328032939154,0.1386328032939154,0.1386328032939154,0.1386328032939154,0.0
2025-04-17,0.1387251161822848,0.1387251161822848,0.1387251161822848,0.1387251161822848,0.0
2025-04-18,0.1387559144708543,0.1387559144708543,0.1387559144708543,0.1387559144708543,0.0
2025-04-21,0.13878287419332455,0.13878287419332455,0.13878287419332455,0.13878287419332455,0.0
2025-04-22,0.13874628853678164,0.13874628853678164,0.13874628853678164,0.13874628853678164,0.0
2025-04-23,0.1386654833878751,0.1386654833878751,0.1386654833878751,0.1386654833878751,0.0
2025-04-24,0.13870010263807594,0.13870010263807594,0.13870010263807594,0.13870010263807594,0.0
2025-04-25,0.13876169067243915,0.13876169067243915,0.13876169067243915,0.13876169067243915,0.0
2025-04-28,0.1388059908665658,0.1388059908665658,0.1388059908665658,0.1388059908665658,0.0
2025-04-29,0.13883297005372836,0.13883297005372836,0.13883297005372836,0.13883297005372836,0.0
2025-04-30,0.1388618879662288,0.1388618879662288,0.1388618879662288,0.1388618879662288,0.0
2025-05-06,0.1388734585046106,0.1388734585046106,0.1388734585046106,0.1388734585046106,0.0
2025-05-07,0.13887924449690994,0.13887924449690994,0.13887924449690994,0.13887924449690994,0.0
2025-05-08,0.1387482136167497,0.1387482136167497,0.1387482136167497,0.1387482136167497,0.0
2025-05-09,0.1387058741937721,0.1387058741937721,0.1387058741937721,0.1387058741937721,0.0
2025-05-12,0.13876169067243915,0.13876169067243915,0.13876169067243915,0.13876169067243915,0.0
2025-05-13,0.1389062521704102,0.1389062521704102,0.1389062521704102,0.1389062521704102,0.0
2025-05-14,0.1389738173328145,0.1389738173328145,0.1389738173328145,0.1389738173328145,0.0
2025-05-15,0.13896029904256355,0.13896029904256355,0.13896029904256355,0.13896029904256355,0.0
2025-05-16,0.13900859073090716,0.13900859073090716,0.13900859073090716,0.13900859073090716,0.0
2025-05-19,0.1390511151899438,0.1390511151899438,0.1390511151899438,0.1390511151899438,0.0
2025-05-20,0.13902211841904047,0.13902211841904047,0.13902211841904047,0.13902211841904047,0.0
2025-05-21,0.13901052309659842,0.13901052309659842,0.13901052309659842,0.13901052309659842,0.0
2025-05-22,0.13907625551089664,0.13907625551089664,0.13907625551089664,0.13907625551089664,0.0
2025-05-23,0.1390453148681155,0.1390453148681155,0.1390453148681155,0.1390453148681155,0.0
2025-05-26,0.13921178288530342,0.13921178288530342,0.13921178288530342,0.13921178288530342,0.0
2025-05-27,0.1391284990817519,0.1391284990817519,0.1391284990817519,0.1391284990817519,0.0
2025-05-28,0.13909366567446518,0.13909366567446518,0.13909366567446518,0.13909366567446518,0.0
2025-05-29,0.13906851905934053,0.13906851905934053,0.13906851905934053,0.13906851905934053,0.0
2025-05-30,0.13918271907359983,0.13918271907359983,0.13918271907359983,0.13918271907359983,0.0
2025-06-03,0.13914205011896646,0.13914205011896646,0.13914205011896646,0.13914205011896646,0.0
2025-06-04,0.13910914503519461,0.13910914503519461,0.13910914503519461,0.13910914503519461,0.0
2025-06-05,0.13914979475405276,0.13914979475405276,0.13914979475405276,0.13914979475405276,0.0
2025-06-06,0.13918853086505673,0.13918853086505673,0.13918853086505673,0.13918853086505673,0.0
2025-06-09,0.1391691601141187,0.1391691601141187,0.1391691601141187,0.1391691601141187,0.0
2025-06-10,0.13919821826280623,0.13919821826280623,0.13919821826280623,0.13919821826280623,0.0
2025-06-11,0.13924667548562278,0.13924667548562278,0.13924667548562278,0.13924667548562278,0.0
2025-06-12,0.13926994693815023,0.13926994693815023,0.13926994693815023,0.13926994693815023,0.0
2025-06-13,0.13933010087499303,0.13933010087499303,0.13933010087499303,0.13933010087499303,0.0
2025-06-16,0.1392971067990918,0.1392971067990918,0.1392971067990918,0.1392971067990918,0.0
2025-06-17,0.13938059264627994,0.13938059264627994,0.13938059264627994,0.13938059264627994,0.0
2025-06-18,0.13935145831301124,0.13935145831301124,0.13935145831301124,0.13935145831301124,0.0
2025-06-19,0.13941362628783338,0.13941362628783338,0.13941362628783338,0.13941362628783338,0.0
2025-06-20,0.13947974056768253,0.13947974056768253,0.13947974056768253,0.13947974056768253,0.0
2025-06-23,0.13945056477478734,0.13945056477478734,0.13945056477478734,0.13945056477478734,0.0
2025-06-24,0.1395556547951323,0.1395556547951323,0.1395556547951323,0.1395556547951323,0.0
2025-06-25,0.1395322877713903,0.1395322877713903,0.1395322877713903,0.1395322877713903,0.0
2025-06-26,0.13962580284836637,0.13962580284836637,0.13962580284836637,0.13962580284836637,0.0
2025-06-27,0.13961215742666871,0.13961215742666871,0.13961215742666871,0.13961215742666871,0.0
2025-06-30,0.13969211857067024,0.13969211857067024,0.13969211857067024,0.13969211857067024,0.0
2025-07-01,0.13979366455112255,0.13979366455112255,0.13979366455112255,0.13979366455112255,0.0
2025-07-02,0.13977021776199927,0.13977021776199927,0.13977021776199927,0.13977021776199927,0.0
2025-07-03,0.1398151643527257,0.1398151643527257,0.1398151643527257,0.1398151643527257,0.0
2025-07-04,0.13979171035157614,0.13979171035157614,0.13979171035157614,0.13979171035157614,0.0
2025-07-07,0.1398484043297066,0.1398484043297066,0.1398484043297066,0.1398484043297066,0.0
2025-07-08,0.13979366455112255,0.13979366455112255,0.13979366455112255,0.13979366455112255,0.0
2025-07-09,0.13977998630156135,0.13977998630156135,0.13977998630156135,0.13977998630156135,0.0
2025-07-10,0.13984058173682004,0.13984058173682004,0.13984058173682004,0.13984058173682004,0.0
2025-07-11,0.13990905911157747,0.13990905911157747,0.13990905911157747,0.13990905911157747,0.0
2025-07-14,0.13987774684925375,0.13987774684925375,0.13987774684925375,0.13987774684925375,0.0
2025-07-15,0.13986405214131864,0.13986405214131864,0.13986405214131864,0.13986405214131864,0.0
2025-07-16,0.13980930011464363,0.13980930011464363,0.13980930011464363,0.13980930011464363,0.0
2025-07-17,0.13993646884314523,0.13993646884314523,0.13993646884314523,0.13993646884314523,0.0
2025-07-18,0.13986405214131864,0.13986405214131864,0.13986405214131864,0.13986405214131864,0.0
2025-07-21,0.13981711920807585,0.13981711920807585,0.13981711920807585,0.13981711920807585,0.0
2025-07-22,0.1399384270920795,0.1399384270920795,0.1399384270920795,0.1399384270920795,0.0
2025-07-23,0.14002856582742879,0.14002856582742879,0.14002856582742879,0.14002856582742879,0.0
2025-07-24,0.14008545212579673,0.14008545212579673,0.14008545212579673,0.14008545212579673,0.0
2025-07-25,0.14001876251417691,0.14001876251417691,0.14001876251417691,0.14001876251417691,0.0
2025-07-28,0.1399247205003708,0.1399247205003708,0.1399247205003708,0.1399247205003708,0.0
2025-07-29,0.13983862622533597,0.13983862622533597,0.13983862622533597,0.13983862622533597,0.0
2025-07-30,0.1399756442379026,0.1399756442379026,0.1399756442379026,0.1399756442379026,0.0
2025-07-31,0.13987187736033793,0.13987187736033793,0.13987187736033793,0.13987187736033793,0.0
2025-08-01,0.13986796464137852,0.13986796464137852,0.13986796464137852,0.13986796464137852,0.0
2025-08-04,0.14006583094054206,0.14006583094054206,0.14006583094054206,0.14006583094054206,0.0
2025-08-05,0.1401227475268335,0.1401227475268335,0.1401227475268335,0.1401227475268335,0.0
2025-08-06,0.1400383705135207,0.1400383705135207,0.1400383705135207,0.1400383705135207,0.0
2025-08-07,0.14016399187048847,0.14016399187048847,0.14016399187048847,0.14016399187048847,0.0
2025-08-08,0.14009133955338882,0.14009133955338882,0.14009133955338882,0.14009133955338882,0.0
2025-08-11,0.14004621525103284,0.14004621525103284,0.14004621525103284,0.14004621525103284,0.0
2025-08-12,0.1400207230670139,0.1400207230670139,0.1400207230670139,0.1400207230670139,0.0
2025-08-13,0.1401541695865452,0.1401541695865452,0.1401541695865452,0.1401541695865452,0.0
2025-08-14,0.14017971038871832,0.14017971038871832,0.14017971038871832,0.14017971038871832,0.0
2025-08-15,0.14011293102240405,0.14011293102240405,0.14011293102240405,0.14011293102240405,0.0
2025-08-18,0.14020919211463503,0.14020919211463503,0.14020919211463503,0.14020919211463503,0.0
2025-08-19,0.14013649294412758,0.14013649294412758,0.14013649294412758,0.14013649294412758,0.0
2025-08-20,0.14008741454667714,0.14008741454667714,0.14008741454667714,0.14008741454667714,0.0
2025-08-21,0.14027803105755607,0.14027803105755607,0.14027803105755607,0.14027803105755607,0.0
2025-08-22,0.14021115800395395,0.14021115800395395,0.14021115800395395,0.14021115800395395,0.0
2025-08-25,0.14052641193912396,0.14052641193912396,0.14052641193912396,0.14052641193912396,0.0
2025-08-26,0.1404731134460864,0.1404731134460864,0.1404731134460864,0.1404731134460864,0.0
2025-08-27,0.1406311526129268,0.1406311526129268,0.1406311526129268,0.1406311526129268,0.0
2025-08-28,0.1407202060143816,0.1407202060143816,0.1407202060143816,0.1407202060143816,0.0
2025-08-29,0.14078558355624385,0.14078558355624385,0.14078558355624385,0.14078558355624385,0.0
2025-09-01,0.14070238631247187,0.14070238631247187,0.14070238631247187,0.14070238631247187,0.0
2025-09-02,0.14066873918609066,0.14066873918609066,0.14066873918609066,0.14066873918609066,0.0
2025-09-03,0.1406311526129268,0.1406311526129268,0.1406311526129268,0.1406311526129268,0.0
2025-09-04,0.14074199178066768,0.14074199178066768,0.14074199178066768,0.14074199178066768,0.0
2025-09-05,0.1407182258246088,0.1407182258246088,0.1407182258246088,0.1407182258246088,0.0
2025-09-08,0.1407875656422025,0.1407875656422025,0.1407875656422025,0.1407875656422025,0.0
2025-09-09,0.14082920234339794,0.14082920234339794,0.14082920234339794,0.14082920234339794,0.0
2025-09-10,0.14072218625988572,0.14072218625988572,0.14072218625988572,0.14072218625988572,0.0
2025-09-11,0.14077765577047613,0.14077765577047613,0.14077765577047613,0.14077765577047613,0.0
2025-09-12,0.14080738957180475,0.14080738957180475,0.14080738957180475,0.14080738957180475,0.0
2025-09-15,0.14073406890340015,0.14073406890340015,0.14073406890340015,0.14073406890340015,0.0
2025-09-16,0.1407915299815563,0.1407915299815563,0.1407915299815563,0.1407915299815563,0.0
2025-09-17,0.14081928660949403,0.14081928660949403,0.14081928660949403,0.14081928660949403,0.0
2025-09-18,0.140676654709151,0.140676654709151,0.140676654709151,0.140676654709151,0.0
2025-09-19,0.14059160949274546,0.14059160949274546,0.14059160949274546,0.14059160949274546,0.0
2025-09-22,0.14063510814839816,0.14063510814839816,0.14063510814839816,0.14063510814839816,0.0
2025-09-23,0.14073208832345863,0.14073208832345863,0.14073208832345863,0.14073208832345863,0.0
2025-09-24,0.14069248842804283,0.14069248842804283,0.14069248842804283,0.14069248842804283,0.0
2025-09-25,0.14061137827272985,0.14061137827272985,0.14061137827272985,0.14061137827272985,0.0
2025-09-26,0.14054418709242186,0.14054418709242186,0.14054418709242186,0.14054418709242186,0.0
2025-09-29,0.14066873918609066,0.14066873918609066,0.14066873918609066,0.14066873918609066,0.0
2025-09-30,0.14073604953908944,0.14073604953908944,0.14073604953908944,0.14073604953908944,0.0
2025-10-09,0.14064301988692302,0.14064301988692302,0.14064301988692302,0.14064301988692302,0.0
2025-10-10,0.14074991555005067,0.14074991555005067,0.14074991555005067,0.14074991555005067,0.0
2025-10-13,0.14083118565775204,0.14083118565775204,0.14083118565775204,0.14083118565775204,0.0
2025-10-14,0.14080342433927992,0.14080342433927992,0.14080342433927992,0.14080342433927992,0.0
2025-10-15,0.14085498978801325,0.14085498978801325,0.14085498978801325,0.14085498978801325,0.0
2025-10-16,0.14090857851425995,0.14090857851425995,0.14090857851425995,0.14090857851425995,0.0
2025-10-17,0.14094631354916912,0.14094631354916912,0.14094631354916912,0.14094631354916912,0.0
2025-10-20,0.1408986515999042,0.1408986515999042,0.1408986515999042,0.1408986515999042,0.0
2025-10-21,0.14098406880022557,0.14098406880022557,0.14098406880022557,0.14098406880022557,0.0
2025-10-22,0.1409363813174733,0.1409363813174733,0.1409363813174733,0.1409363813174733,0.0
2025-10-23,0.14100792464536507,0.14100792464536507,0.14100792464536507,0.14100792464536507,0.0
2025-10-24,0.14098804421385067,0.14098804421385067,0.14098804421385067,0.14098804421385067,0.0
2025-10-27,0.1410815310167746,0.1410815310167746,0.1410815310167746,0.1410815310167746,0.0
2025-10-28,0.14113130856949305,0.14113130856949305,0.14113130856949305,0.14113130856949305,0.0
2025-10-29,0.14115720678119223,0.14115720678119223,0.14115720678119223,0.14115720678119223,0.0
2025-10-30,0.14111537593136148,0.14111537593136148,0.14111537593136148,0.14111537593136148,0.0
2025-10-31,0.14108352144469527,0.14108352144469527,0.14108352144469527,0.14108352144469527,0.0
2025-11-03,0.1411094021194632,0.1411094021194632,0.1411094021194632,0.1411094021194632,0.0
2025-11-04,0.14107356986668548,0.14107356986668548,0.14107356986668548,0.14107356986668548,0.0
2025-11-05,0.14104173424916433,0.14104173424916433,0.14104173424916433,0.14104173424916433,0.0
2025-11-06,0.14111338460452974,0.14111338460452974,0.14111338460452974,0.14111338460452974,0.0
2025-11-07,0.14117115590942458,0.14117115590942458,0.14117115590942458,0.14117115590942458,0.0
2025-11-10,0.14113130856949305,0.14113130856949305,0.14113130856949305,0.14113130856949305,0.0
2025-11-11,0.14111139333389777,0.14111139333389777,0.14111139333389777,0.14111139333389777,0.0
2025-11-12,0.1411771349512233,0.1411771349512233,0.1411771349512233,0.1411771349512233,0.0
2025-11-13,0.14111338460452974,0.14111338460452974,0.14111338460452974,0.14111338460452974,0.0
2025-11-14,0.1411930815390046,0.1411930815390046,0.1411930815390046,0.1411930815390046,0.0
2025-11-17,0.1412110257568911,0.1412110257568911,0.1412110257568911,0.1412110257568911,0.0
2025-11-18,0.14113130856949305,0.14113130856949305,0.14113130856949305,0.14113130856949305,0.0
2025-11-19,0.14109944689016818,0.14109944689016818,0.14109944689016818,0.14109944689016818,0.0
2025-11-20,0.14103377758973276,0.14103377758973276,0.14103377758973276,0.14103377758973276,0.0
2025-11-21,0.14109347442680775,0.14109347442680775,0.14109347442680775,0.14109347442680775,0.0
2025-11-24,0.14114923708837354,0.14114923708837354,0.14114923708837354,0.14114923708837354,0.0
2025-11-25,0.14119108801852426,0.14119108801852426,0.14119108801852426,0.14119108801852426,0.0
2025-11-26,0.14125091813096785,0.14125091813096785,0.14125091813096785,0.14125091813096785,0.0
2025-11-27,0.14128484437474392,0.14128484437474392,0.14128484437474392,0.14128484437474392,0.0
2025-11-28,0.14126488578733984,0.14126488578733984,0.14126488578733984,0.14126488578733984,0.0
2025-12-01,0.14132477847340974,0.14132477847340974,0.14132477847340974,0.14132477847340974,0.0
2025-12-02,0.14125490860807413,0.14125490860807413,0.14125490860807413,0.14125490860807413,0.0
2025-12-03,0.141334765525624,0.141334765525624,0.141334765525624,0.141334765525624,0.0
2025-12-04,0.14137672656327316,0.14137672656327316,0.14137672656327316,0.14137672656327316,0.0
2025-12-05,0.14134475398945567,0.14134475398945567,0.14134475398945567,0.14134475398945567,0.0
2025-12-08,0.14131479283251372,0.14131479283251372,0.14131479283251372,0.14131479283251372,0.0
2025-12-09,0.14129682223446793,0.14129682223446793,0.14129682223446793,0.14129682223446793,0.0
2025-12-10,0.14133676310545135,0.14133676310545135,0.14133676310545135,0.14133676310545135,0.0
2025-12-11,0.1414707297060238,0.1414707297060238,0.1414707297060238,0.1414707297060238,0.0
2025-12-12,0.14156686202893629,0.14156686202893629,0.14156686202893629,0.14156686202893629,0.0
2025-12-15,0.14153079710144928,0.14153079710144928,0.14153079710144928,0.14153079710144928,0.0
2025-12-16,0.14163904705249142,0.14163904705249142,0.14163904705249142,0.14163904705249142,0.0
2025-12-17,0.14169724965638417,0.14169724965638417,0.14169724965638417,0.14169724965638417,0.0
2025-12-18,0.14167717439043395,0.14167717439043395,0.14167717439043395,0.14167717439043395,0.0
2025-12-19,0.14174344436569808,0.14174344436569808,0.14174344436569808,0.14174344436569808,0.0
2025-12-22,0.1416992574958907,0.1416992574958907,0.1416992574958907,0.1416992574958907,0.0
2025-12-23,0.14179771138493824,0.14179771138493824,0.14179771138493824,0.14179771138493824,0.0
2025-12-24,0.14190234280767974,0.14190234280767974,0.14190234280767974,0.14190234280767974,0.0
2025-12-25,0.14206159790885328,0.14206159790885328,0.14206159790885328,0.14206159790885328,0.0
2025-12-26,0.14213024815941327,0.14213024815941327,0.14213024815941327,0.14213024815941327,0.0
2025-12-29,0.14218481181840156,0.14218481181840156,0.14218481181840156,0.14218481181840156,0.0
2025-12-30,0.14215045203843749,0.14215045203843749,0.14215045203843749,0.14215045203843749,0.0
2025-12-31,0.1422717960391532,0.1422717960391532,0.1422717960391532,0.1422717960391532,0.0
2026-01-05,0.14238929232521716,0.14238929232521716,0.14238929232521716,0.14238929232521716,0.0
2026-01-06,0.14250495204708363,0.14250495204708363,0.14250495204708363,0.14250495204708363,0.0
2026-01-07,0.14247652699217803,0.14247652699217803,0.14247652699217803,0.14247652699217803,0.0
2026-01-08,0.14245623032323318,0.14245623032323318,0.14245623032323318,0.14245623032323318,0.0
2026-01-09,0.14259639516313027,0.14259639516313027,0.14259639516313027,0.14259639516313027,0.0
2026-01-12,0.14263707422833344,0.14263707422833344,0.14263707422833344,0.14263707422833344,0.0
2026-01-13,0.14264724762135714,0.14264724762135714,0.14264724762135714,0.14264724762135714,0.0
2026-01-14,0.14261266400456363,0.14261266400456363,0.14261266400456363,0.14261266400456363,0.0
2026-01-15,0.14272664992007308,0.14272664992007308,0.14272664992007308,0.14272664992007308,0.0
2026-01-16,0.1426981363623391,0.1426981363623391,0.1426981363623391,0.1426981363623391,0.0
2026-01-19,0.14275313700018558,0.14275313700018558,0.14275313700018558,0.14275313700018558,0.0
2026-01-20,0.1428448990086564,0.1428448990086564,0.1428448990086564,0.1428448990086564,0.0
2026-01-21,0.1428285771417145,0.1428285771417145,0.1428285771417145,0.1428285771417145,0.0
2026-01-22,0.14281837786886417,0.14281837786886417,0.14281837786886417,0.14281837786886417,0.0
2026-01-23,0.14300218793347538,0.14300218793347538,0.14300218793347538,0.14300218793347538,0.0
2026-01-26,0.14317827126555274,0.14317827126555274,0.14317827126555274,0.14317827126555274,0.0
2026-01-27,0.14314752784219417,0.14314752784219417,0.14314752784219417,0.14314752784219417,0.0
2026-01-28,0.14335889900365564,0.14335889900365564,0.14335889900365564,0.14335889900365564,0.0
2026-01-29,0.14332602370612432,0.14332602370612432,0.14332602370612432,0.14332602370612432,0.0
2026-01-30,0.14351732254083066,0.14351732254083066,0.14351732254083066,0.14351732254083066,0.0
2026-02-02,0.1434823158045771,0.1434823158045771,0.1434823158045771,0.1434823158045771,0.0
2026-02-03,0.14366164808642684,0.14366164808642684,0.14366164808642684,0.14366164808642684,0.0
2026-02-04,0.14381660506522084,0.14381660506522084,0.14381660506522084,0.14381660506522084,0.0
2026-02-05,0.14374011786689667,0.14374011786689667,0.14374011786689667,0.14374011786689667,0.0
2026-02-06,0.14369880729989942,0.14369880729989942,0.14369880729989942,0.14369880729989942,0.0
2026-02-09,0.14383729125613107,0.14383729125613107,0.14383729125613107,0.14383729125613107,0.0
2026-02-10,0.14397189668576693,0.14397189668576693,0.14397189668576693,0.14397189668576693,0.0
2026-02-11,0.14401336444022003,0.14401336444022003,0.14401336444022003,0.14401336444022003,0.0
2026-02-12,0.14397396950631325,0.14397396950631325,0.14397396950631325,0.14397396950631325,0.0
2026-02-13,0.14409637165336178,0.14409637165336178,0.14409637165336178,0.14409637165336178,0.0
2026-02-24,0.14406315728815514,0.14406315728815514,0.14406315728815514,0.14406315728815514,0.0
2026-02-25,0.1442564302303775,0.1442564302303775,0.1442564302303775,0.1442564302303775,0.0
2026-02-26,0.14445022245334257,0.14445022245334257,0.14445022245334257,0.14445022245334257,0.0
2026-02-27,0.14445022245334257,0.14445022245334257,0.14445022245334257,0.14445022245334257,0.0
2026-03-02,0.14443353168871684,0.14443353168871684,0.14443353168871684,0.14443353168871684,0.0
2026-03-03,0.1447429365446966,0.1447429365446966,0.1447429365446966,0.1447429365446966,0.0
2026-03-04,0.14466755396099762,0.14466755396099762,0.14466755396099762,0.14466755396099762,0.0
2026-03-05,0.14491283492978974,0.14491283492978974,0.14491283492978974,0.14491283492978974,0.0
2026-03-06,0.14487504527345166,0.14487504527345166,0.14487504527345166,0.14487504527345166,0.0
2026-03-09,0.14459643136007402,0.14459643136007402,0.14459643136007402,0.14459643136007402,0.0
2026-03-10,0.14496535328056595,0.14496535328056595,0.14496535328056595,0.14496535328056595,0.0
2026-03-11,0.14510207931279656,0.14510207931279656,0.14510207931279656,0.14510207931279656,0.0
2026-03-12,0.14501370379500864,0.14501370379500864,0.14501370379500864,0.14501370379500864,0.0
2026-03-13,0.14491283492978974,0.14491283492978974,0.14491283492978974,0.14491283492978974,0.0
2026-03-16,0.1448079123043283,0.1448079123043283,0.1448079123043283,0.1448079123043283,0.0
2026-03-17,0.14500949812212702,0.14500949812212702,0.14500949812212702,0.14500949812212702,0.0
2026-03-18,0.1451189249590039,0.1451189249590039,0.1451189249590039,0.1451189249590039,0.0
2026-03-19,0.14498006524102935,0.14498006524102935,0.14498006524102935,0.14498006524102935,0.0
2026-03-20,0.14514209411013382,0.14514209411013382,0.14514209411013382,0.14514209411013382,0.0
2026-03-23,0.14484147100997957,0.14484147100997957,0.14484147100997957,0.14484147100997957,0.0
2026-03-24,0.1450473579623747,0.1450473579623747,0.1450473579623747,0.1450473579623747,0.0
2026-03-25,0.1451147131807694,0.1451147131807694,0.1451147131807694,0.1451147131807694,0.0
2026-03-26,0.1448100092678406,0.1448100092678406,0.1448100092678406,0.1448100092678406,0.0
2026-03-27,0.1446319839169234,0.1446319839169234,0.1446319839169234,0.1446319839169234,0.0
2026-03-30,0.14446065614030018,0.14446065614030018,0.14446065614030018,0.14446065614030018,0.0
2026-03-31,0.14452120126022486,0.14452120126022486,0.14452120126022486,0.14452120126022486,0.0
2026-04-01,0.14487504527345166,0.14487504527345166,0.14487504527345166,0.14487504527345166,0.0
2026-04-02,0.14518002322880372,0.14518002322880372,0.14518002322880372,0.14518002322880372,0.0
2026-04-03,0.14507681817522378,0.14507681817522378,0.14507681817522378,0.14507681817522378,0.0
2026-04-07,0.14523484474395099,0.14523484474395099,0.14523484474395099,0.14523484474395099,0.0
2026-04-08,0.145602795573675,0.145602795573675,0.145602795573675,0.145602795573675,0.0
2026-04-09,0.14566854579090738,0.14566854579090738,0.14566854579090738,0.14566854579090738,0.0
2026-04-10,0.14565793690098172,0.14565793690098172,0.14565793690098172,0.14565793690098172,0.0
2026-04-13,0.14565157230872305,0.14565157230872305,0.14565157230872305,0.14565157230872305,0.0
2026-04-14,0.14578747102474013,0.14578747102474013,0.14578747102474013,0.14578747102474013,0.0
2026-04-15,0.14581085415998365,0.14581085415998365,0.14581085415998365,0.14581085415998365,0.0
2026-04-16,0.14573860324122653,0.14573860324122653,0.14573860324122653,0.14573860324122653,0.0
2026-04-17,0.14572586051120634,0.14572586051120634,0.14572586051120634,0.14572586051120634,0.0
2026-04-20,0.14567066775434098,0.14567066775434098,0.14567066775434098,0.14567066775434098,0.0
2026-04-21,0.14578534565705456,0.14578534565705456,0.14578534565705456,0.14578534565705456,0.0
2026-04-22,0.14569825890580607,0.14569825890580607,0.14569825890580607,0.14569825890580607,0.0
2026-04-23,0.14566642388929352,0.14566642388929352,0.14566642388929352,0.14566642388929352,0.0
2026-04-24,0.14561551678946907,0.14561551678946907,0.14561551678946907,0.14561551678946907,0.0
2026-04-27,0.14581723268055818,0.14581723268055818,0.14581723268055818,0.14581723268055818,0.0
2026-04-28,0.14579597311522255,0.14579597311522255,0.14579597311522255,0.14579597311522255,0.0
2026-04-29,0.14575559701492538,0.14575559701492538,0.14575559701492538,0.14575559701492538,0.0
2026-04-30,0.14571312000932565,0.14571312000932565,0.14571312000932565,0.14571312000932565,0.0
2026-05-06,0.1458533881742073,0.1458533881742073,0.1458533881742073,0.1458533881742073,0.0
2026-05-07,0.14601311197745556,0.14601311197745556,0.14601311197745556,0.14601311197745556,0.0
2026-05-08,0.1459811392368106,0.1459811392368106,0.1459811392368106,0.1459811392368106,0.0
2026-05-11,0.14605576409072984,0.14605576409072984,0.14605576409072984,0.14605576409072984,0.0
2026-05-12,0.14614327887060474,0.14614327887060474,0.14614327887060474,0.14614327887060474,0.0
2026-05-13,0.14613260072189505,0.14613260072189505,0.14613260072189505,0.14613260072189505,0.0
2026-05-14,0.14619669303080365,0.14619669303080365,0.14619669303080365,0.14619669303080365,0.0
2026-05-15,0.1461667762917489,0.1461667762917489,0.1461667762917489,0.1461667762917489,0.0
2026-05-18,0.1461240593263681,0.1461240593263681,0.1461240593263681,0.1461240593263681,0.0
2026-05-19,0.14625228519195613,0.14625228519195613,0.14625228519195613,0.14625228519195613,0.0
2026-05-20,0.1462052429200111,0.1462052429200111,0.1462052429200111,0.1462052429200111,0.0
2026-05-21,0.14630791964769052,0.14630791964769052,0.14630791964769052,0.14630791964769052,0.0
2026-05-22,0.14625656326327643,0.14625656326327643,0.14625656326327643,0.14625656326327643,0.0
2026-05-25,0.1463743083813929,0.1463743083813929,0.1463743083813929,0.1463743083813929,0.0
2026-05-26,0.14643861293345828,0.14643861293345828,0.14643861293345828,0.14643861293345828,0.0
2026-05-27,0.1464321799358627,0.1464321799358627,0.1464321799358627,0.1464321799358627,0.0
2026-05-28,0.14654161781946073,0.14654161781946073,0.14654161781946073,0.14654161781946073,0.0
2026-05-29,0.14667918329030744,0.14667918329030744,0.14667918329030744,0.14667918329030744,0.0
2026-06-01,0.1466985491513489,0.1466985491513489,0.1466985491513489,0.1466985491513489,0.0
2026-06-02,0.1466555208470823,0.1466555208470823,0.1466555208470823,0.1466555208470823,0.0
2026-06-03,0.1466619734835152,0.1466619734835152,0.1466619734835152,0.1466619734835152,0.0
2026-06-04,0.14662111637318007,0.14662111637318007,0.14662111637318007,0.14662111637318007,0.0
2026-06-05,0.1467200727731561,0.1467200727731561,0.1467200727731561,0.1467200727731561,0.0
2026-06-08,0.1466318660371272,0.1466318660371272,0.1466318660371272,0.1466318660371272,0.0
2026-06-09,0.14674160271178482,0.14674160271178482,0.14674160271178482,0.14674160271178482,0.0
2026-06-10,0.1467782181124321,0.1467782181124321,0.1467782181124321,0.1467782181124321,0.0
2026-06-11,0.1467351430667645,0.1467351430667645,0.1467351430667645,0.1467351430667645,0.0
2026-06-12,0.14682347413704502,0.14682347413704502,0.14682347413704502,0.14682347413704502,0.0
2026-06-15,0.1468687580777817,0.1468687580777817,0.1468687580777817,0.1468687580777817,0.0
2026-06-16,0.1468256298819522,0.1468256298819522,0.1468256298819522,0.1468256298819522,0.0
2026-06-17,0.1468515037593985,0.1468515037593985,0.1468515037593985,0.1468515037593985,0.0
2026-06-18,0.1467782181124321,0.1467782181124321,0.1467782181124321,0.1467782181124321,0.0
2026-06-22,0.1467351430667645,0.1467351430667645,0.1467351430667645,0.1467351430667645,0.0
2026-06-23,0.14668994147071335,0.14668994147071335,0.14668994147071335,0.14668994147071335,0.0
2026-06-24,0.14663831659212553,0.14663831659212553,0.14663831659212553,0.14663831659212553,0.0
2026-06-25,0.1466082188567491,0.1466082188567491,0.1466082188567491,0.1466082188567491,0.0
2026-06-26,0.14670070122935186,0.14670070122935186,0.14670070122935186,0.14670070122935186,0.0
2026-06-29,0.1466813348001467,0.1466813348001467,0.1466813348001467,0.1466813348001467,0.0
2026-06-30,0.14682347413704502,0.14682347413704502,0.14682347413704502,0.14682347413704502,0.0
2026-07-01,0.14691406996048012,0.14691406996048012,0.14691406996048012,0.14691406996048012,0.0
2026-07-02,0.1468687580777817,0.1468687580777817,0.1468687580777817,0.1468687580777817,0.0
2026-07-03,0.14695725013593544,0.14695725013593544,0.14695725013593544,0.14695725013593544,0.0
2026-07-06,0.14691622836658536,0.14691622836658536,0.14691622836658536,0.14691622836658536,0.0
2026-07-07,0.14694213418755694,0.14694213418755694,0.14694213418755694,0.14694213418755694,0.0
2026-07-08,0.14689248938701766,0.14689248938701766,0.14689248938701766,0.14689248938701766,0.0
2026-07-09,0.1469810100535011,0.1469810100535011,0.1469810100535011,0.1469810100535011,0.0
2026-07-10,0.14708261630557884,0.14708261630557884,0.14708261630557884,0.14708261630557884,0.0
2026-07-13,0.14711940210674984,0.14711940210674984,0.14711940210674984,0.14711940210674984,0.0
2026-07-14,0.14708045300779526,0.14708045300779526,0.14708045300779526,0.14708045300779526,0.0
2026-07-15,0.14725371815638344,0.14725371815638344,0.14725371815638344,0.14725371815638344,0.0
2026-07-16,0.14725588655406502,0.14725588655406502,0.14725588655406502,0.14725588655406502,0.0
2026-07-17,0.1472016957635352,0.1472016957635352,0.1472016957635352,0.1472016957635352,0.0
