date,open,high,low,close,volume
2016-07-18,222.05,224.65,220.3,224.5,0
2016-07-19,224.1,226.65,222.35,225.75,0
2016-07-20,225.9,226.85,222.1,224.4,0
2016-07-21,224.6,227.3,224.5,225.95,0
2016-07-22,226.3,227.05,222.55,223.6,0
2016-07-25,223.6,224.6,220.7,222.75,0
2016-07-26,222.6,223.15,219.9,222.3,0
2016-07-27,222.25,223.45,218.15,219.15,0
2016-07-28,219.0,222.5,218.7,221.5,0
2016-07-29,221.3,223.95,218.95,222.85,0
2016-08-01,223.05,224.75,218.65,219.55,0
2016-08-02,219.25,224.55,219.2,220.65,0
2016-08-03,220.85,221.45,217.2,220.0,0
2016-08-04,219.95,220.4,215.55,217.45,0
2016-08-05,217.4,218.15,215.05,215.9,0
2016-08-08,215.6,218.1,215.35,216.1,0
2016-08-09,216.4,216.5,214.0,215.3,0
2016-08-10,215.0,220.5,214.5,217.35,0
2016-08-11,217.45,219.3,216.9,218.6,0
2016-08-12,218.5,219.45,213.55,213.65,0
2016-08-15,214.0,215.6,213.3,214.9,0
2016-08-16,215.1,217.85,214.35,217.15,0
2016-08-17,217.2,217.5,214.65,215.7,0
2016-08-18,215.75,218.9,215.55,216.75,0
2016-08-19,216.9,217.45,215.8,217.05,0
2016-08-22,217.05,217.45,212.7,214.15,0
2016-08-23,214.3,214.85,211.05,211.45,0
2016-08-24,211.55,212.1,207.55,208.05,0
2016-08-25,207.8,209.1,207.45,207.75,0
2016-08-26,207.65,209.95,207.05,207.85,0
2016-08-29,207.25,208.6,207.2,208.3,0
2016-08-30,208.05,208.9,206.3,206.95,0
2016-08-31,207.05,208.25,206.75,207.05,0
2016-09-01,207.8,209.7,207.4,208.05,0
2016-09-02,208.0,209.35,207.45,207.75,0
2016-09-05,207.45,208.85,207.2,208.25,0
2016-09-06,208.2,209.9,207.9,209.4,0
2016-09-07,209.15,211.2,208.7,209.9,0
2016-09-08,209.6,210.6,208.35,209.9,0
2016-09-09,209.9,210.5,208.55,208.95,0
2016-09-12,209.2,211.0,206.4,210.7,0
2016-09-13,210.1,211.85,209.15,210.3,0
2016-09-14,210.0,216.15,210.0,215.2,0
2016-09-15,215.55,216.55,214.5,216.25,0
2016-09-16,216.0,216.8,214.75,215.9,0
2016-09-19,215.65,215.95,213.9,215.4,0
2016-09-20,215.45,217.25,214.6,216.55,0
2016-09-21,216.6,217.05,215.05,216.5,0
2016-09-22,216.2,220.1,216.05,218.9,0
2016-09-23,218.85,220.65,218.55,220.0,0
2016-09-26,220.25,220.5,218.15,218.95,0
2016-09-27,219.2,219.65,216.1,217.2,0
2016-09-28,217.15,220.4,216.85,220.4,0
2016-09-29,220.25,220.55,218.15,218.85,0
2016-09-30,219.1,221.9,218.05,221.35,0
2016-10-03,221.35,221.6,216.7,219.15,0
2016-10-04,219.2,219.6,216.3,216.95,0
2016-10-05,217.25,218.15,215.85,216.85,0
2016-10-06,216.8,217.15,214.55,215.6,0
2016-10-07,215.45,218.3,214.75,216.7,0
2016-10-10,216.95,220.25,216.45,219.4,0
2016-10-11,219.45,219.95,217.0,218.45,0
2016-10-12,218.8,219.4,217.5,217.5,0
2016-10-13,217.65,218.0,211.65,212.4,0
2016-10-14,212.6,213.2,210.45,210.55,0
2016-10-17,210.6,212.0,210.0,210.4,0
2016-10-18,210.35,212.3,209.15,210.0,0
2016-10-19,209.95,211.1,208.75,210.35,0
2016-10-20,210.25,211.15,208.45,209.5,0
2016-10-21,209.5,210.1,208.6,209.0,0
2016-10-24,208.9,210.35,208.55,209.7,0
2016-10-25,209.55,214.65,209.35,213.4,0
2016-10-26,213.75,214.9,212.65,214.0,0
2016-10-27,214.05,216.7,213.05,216.4,0
2016-10-28,216.55,219.9,215.8,219.75,0
2016-10-31,219.95,221.1,218.15,220.75,0
2016-11-01,220.6,223.3,219.85,223.3,0
2016-11-02,223.55,223.65,220.65,221.9,0
2016-11-03,222.1,225.35,221.8,224.3,0
2016-11-04,224.35,226.95,223.55,225.8,0
2016-11-07,226.15,231.7,225.55,231.25,0
2016-11-08,231.2,238.25,229.0,237.65,0
2016-11-09,237.95,246.55,231.65,246.1,0
2016-11-10,246.2,259.1,245.3,254.0,0
2016-11-11,253.4,273.45,249.6,250.6,0
2016-11-14,252.85,259.9,247.1,251.85,0
2016-11-15,252.05,257.0,242.6,250.75,0
2016-11-16,250.8,251.2,244.45,246.95,0
2016-11-17,246.9,250.6,243.8,248.45,0
2016-11-18,248.85,249.85,244.85,246.75,0
2016-11-21,247.25,253.5,246.45,251.9,0
2016-11-22,251.85,257.55,251.65,254.4,0
2016-11-23,254.8,262.5,252.0,261.6,0
2016-11-24,261.55,269.9,261.25,265.85,0
2016-11-25,265.35,268.05,262.95,267.85,0
2016-11-28,266.85,274.0,263.2,264.65,0
2016-11-29,265.15,266.2,257.35,258.95,0
2016-11-30,258.85,264.3,254.0,262.2,0
2016-12-01,263.5,266.85,261.3,263.55,0
2016-12-02,263.15,263.85,259.65,262.8,0
2016-12-05,262.5,296.8,260.1,269.45,0
2016-12-06,269.2,270.35,265.05,267.0,0
2016-12-07,266.85,270.7,262.55,264.55,0
2016-12-08,264.4,267.1,261.25,262.6,0
2016-12-09,262.3,266.6,262.05,265.5,0
2016-12-12,264.9,268.5,260.2,260.55,0
2016-12-13,260.2,263.05,256.65,259.6,0
2016-12-14,259.65,264.5,257.0,260.05,0
2016-12-15,259.9,262.6,257.6,259.7,0
2016-12-16,259.8,261.55,254.3,254.75,0
2016-12-19,254.7,256.0,247.75,250.35,0
2016-12-20,250.0,251.1,248.35,250.45,0
2016-12-21,250.35,252.25,249.25,249.45,0
2016-12-22,249.3,250.95,245.7,250.7,0
2016-12-23,250.65,251.8,247.5,247.75,0
2016-12-26,338.6,338.6,247.75,247.75,0
2016-12-27,246.2,253.05,244.8,252.3,0
2016-12-28,252.1,253.75,248.45,250.5,0
2016-12-29,250.7,252.6,248.4,248.6,0
2016-12-30,248.8,251.9,248.6,250.85,0
2017-01-02,338.6,338.6,250.85,250.85,0
2017-01-03,250.7,254.85,248.6,248.7,0
2017-01-04,248.85,256.3,247.25,255.8,0
2017-01-05,255.65,258.85,253.05,253.45,0
2017-01-06,253.5,254.8,251.25,254.4,0
2017-01-09,254.4,255.05,251.95,253.2,0
2017-01-10,253.25,263.0,253.0,261.0,0
2017-01-11,260.95,263.1,259.7,259.95,0
2017-01-12,260.05,267.55,259.95,266.75,0
2017-01-13,266.7,271.6,264.2,270.55,0
2017-01-16,270.1,271.25,265.35,265.95,0
2017-01-17,265.65,266.55,260.45,261.9,0
2017-01-18,261.75,263.05,260.7,261.5,0
2017-01-19,261.45,263.4,258.15,261.1,0
2017-01-20,261.2,264.5,258.75,261.55,0
2017-01-23,262.1,266.8,261.3,264.65,0
2017-01-24,264.75,271.55,263.95,270.85,0
2017-01-25,270.9,273.2,268.5,271.4,0
2017-01-26,271.35,273.0,265.05,266.2,0
2017-01-27,266.1,269.65,265.45,269.65,0
2017-01-30,269.45,270.45,263.4,267.0,0
2017-01-31,266.8,272.7,265.95,272.6,0
2017-02-01,272.55,273.8,270.4,271.1,0
2017-02-02,271.45,272.4,266.4,268.2,0
2017-02-03,268.3,269.4,261.2,261.5,0
2017-02-06,261.95,265.7,261.5,265.2,0
2017-02-07,264.9,265.65,262.35,263.6,0
2017-02-08,263.75,269.1,263.2,266.45,0
2017-02-09,266.6,267.65,264.1,265.7,0
2017-02-10,265.75,279.1,263.65,277.65,0
2017-02-13,277.7,282.3,276.95,278.45,0
2017-02-14,278.55,281.45,271.35,274.5,0
2017-02-15,274.25,275.65,271.95,274.05,0
2017-02-16,274.15,276.3,269.35,271.1,0
2017-02-17,270.9,273.5,267.8,270.65,0
2017-02-20,270.7,275.15,270.0,275.0,0
2017-02-21,274.8,275.85,273.15,274.2,0
2017-02-22,274.25,274.95,271.0,273.6,0
2017-02-23,273.65,273.85,263.7,263.8,0
2017-02-24,264.0,269.1,263.8,266.85,0
2017-02-27,267.25,269.1,265.2,268.15,0
2017-02-28,269.45,272.3,267.8,271.35,0
2017-03-01,271.4,276.85,270.6,273.1,0
2017-03-02,273.7,274.5,268.1,268.85,0
2017-03-03,268.7,271.15,267.75,270.75,0
2017-03-06,270.55,270.95,264.6,265.6,0
2017-03-07,265.4,266.4,260.8,261.55,0
2017-03-08,261.5,263.45,258.8,259.3,0
2017-03-09,259.0,260.0,255.85,257.75,0
2017-03-10,257.65,261.6,257.35,260.0,0
2017-03-13,259.9,263.95,259.7,262.75,0
2017-03-14,262.7,265.05,259.9,264.45,0
2017-03-15,264.35,267.7,263.7,266.95,0
2017-03-16,267.05,269.75,266.65,267.7,0
2017-03-17,267.65,269.65,265.8,269.15,0
2017-03-20,268.85,270.0,265.2,265.4,0
2017-03-21,265.5,266.05,260.35,260.9,0
2017-03-22,260.65,264.2,258.75,263.95,0
2017-03-23,263.9,265.5,261.5,265.1,0
2017-03-24,265.2,265.25,261.7,263.95,0
2017-03-27,263.6,263.75,256.65,263.75,0
2017-03-28,263.7,267.8,261.5,266.9,0
2017-03-29,266.85,268.7,265.7,267.25,0
2017-03-30,267.2,271.7,265.35,267.65,0
2017-03-31,267.6,268.05,263.15,265.55,0
2017-04-03,265.35,266.05,260.2,260.65,0
2017-04-04,260.35,262.1,259.4,261.9,0
2017-04-05,261.85,269.5,261.35,267.65,0
2017-04-06,267.55,268.9,264.85,265.85,0
2017-04-07,265.6,267.1,260.4,264.45,0
2017-04-10,264.3,264.55,259.9,260.7,0
2017-04-11,260.7,262.4,258.3,260.95,0
2017-04-12,260.95,261.0,253.45,254.1,0
2017-04-13,253.75,258.9,253.75,257.1,0
2017-04-14,338.6,338.6,257.1,257.1,0
2017-04-17,256.2,261.15,255.65,259.6,0
2017-04-18,259.15,259.35,251.55,252.95,0
2017-04-19,252.9,256.35,249.4,252.85,0
2017-04-20,252.9,255.4,250.4,254.55,0
2017-04-21,254.5,256.6,252.45,254.6,0
2017-04-24,254.65,257.2,253.5,255.4,0
2017-04-25,255.55,259.3,254.55,258.8,0
2017-04-26,258.65,259.7,257.2,259.1,0
2017-04-27,258.95,259.05,255.35,258.2,0
2017-04-28,259.65,261.6,258.75,261.3,0
2017-05-01,259.95,269.45,259.4,265.85,0
2017-05-02,266.2,266.3,262.2,264.0,0
2017-05-03,263.95,263.95,254.05,254.1,0
2017-05-04,251.8,254.55,249.0,251.45,0
2017-05-05,251.2,253.9,250.3,253.9,0
2017-05-08,253.75,254.7,247.25,249.4,0
2017-05-09,249.45,251.75,248.05,249.6,0
2017-05-10,249.5,251.15,248.4,249.7,0
2017-05-11,249.1,255.3,248.9,250.75,0
2017-05-12,250.6,252.95,250.4,252.9,0
2017-05-15,252.5,255.7,251.8,253.75,0
2017-05-16,253.8,255.3,252.2,254.9,0
2017-05-17,254.85,255.95,252.65,254.5,0
2017-05-18,254.4,254.5,248.45,253.15,0
2017-05-19,253.5,259.05,252.85,258.85,0
2017-05-22,258.7,260.45,256.6,260.3,0
2017-05-23,260.1,260.15,257.35,259.9,0
2017-05-24,260.05,260.05,255.55,259.05,0
2017-05-25,259.0,261.95,257.25,259.25,0
2017-05-26,259.45,260.55,255.35,256.85,0
2017-05-29,256.8,259.45,255.5,257.0,0
2017-05-30,257.2,257.2,253.9,256.95,0
2017-05-31,257.0,258.75,255.4,258.4,0
2017-06-01,258.65,259.6,256.15,258.4,0
2017-06-02,258.45,258.5,252.6,257.65,0
2017-06-05,257.5,257.65,254.05,255.95,0
2017-06-06,255.85,256.55,251.55,254.75,0
2017-06-07,254.65,255.85,253.3,255.4,0
2017-06-08,255.5,261.75,254.3,261.45,0
2017-06-09,261.3,265.2,259.75,264.45,0
2017-06-12,264.7,264.9,260.95,261.4,0
2017-06-13,261.45,262.5,258.05,259.9,0
2017-06-14,259.85,260.5,256.05,256.45,0
2017-06-15,256.45,258.3,253.4,256.8,0
2017-06-16,256.7,257.85,255.5,257.0,0
2017-06-19,256.8,259.8,255.95,258.95,0
2017-06-20,258.8,259.2,254.55,255.55,0
2017-06-21,255.5,260.9,253.95,259.65,0
2017-06-22,259.6,261.5,257.1,259.4,0
2017-06-23,259.3,265.15,259.1,262.55,0
2017-06-26,262.25,264.65,260.2,262.4,0
2017-06-27,262.45,265.5,261.35,264.2,0
2017-06-28,264.2,266.25,263.55,266.05,0
2017-06-29,266.1,270.05,265.6,268.15,0
2017-06-30,269.7,271.85,268.2,270.7,0
2017-07-03,271.2,271.65,268.5,268.9,0
2017-07-04,268.65,269.15,266.7,268.25,0
2017-07-05,268.1,268.95,264.35,266.35,0
2017-07-06,266.15,267.1,265.15,266.35,0
2017-07-07,266.2,266.95,264.05,264.9,0
2017-07-10,265.25,266.05,263.1,265.25,0
2017-07-11,265.1,267.7,264.2,267.6,0
2017-07-12,267.5,269.85,267.2,268.25,0
2017-07-13,268.5,269.65,266.0,266.6,0
2017-07-14,266.65,269.6,266.3,269.5,0
2017-07-17,269.15,273.75,268.35,272.65,0
2017-07-18,272.8,273.35,271.2,272.65,0
2017-07-19,272.75,273.55,270.6,270.65,0
2017-07-20,270.75,272.3,269.85,271.6,0
2017-07-21,271.75,275.05,271.2,272.2,0
2017-07-24,272.5,274.45,271.7,274.35,0
2017-07-25,274.3,285.4,273.45,284.7,0
2017-07-26,284.3,290.55,283.2,287.1,0
2017-07-27,287.3,289.75,286.2,286.75,0
2017-07-28,286.85,288.35,284.1,288.0,0
2017-07-31,288.3,292.0,287.75,289.15,0
2017-08-01,288.95,290.2,286.6,287.45,0
2017-08-02,287.7,289.1,286.15,288.25,0
2017-08-03,288.4,289.5,286.0,287.8,0
2017-08-04,288.2,289.85,286.55,288.8,0
2017-08-07,289.45,292.65,287.2,291.1,0
2017-08-08,291.2,294.7,289.2,294.3,0
2017-08-09,294.45,295.5,291.6,292.85,0
2017-08-10,292.8,293.9,289.35,290.35,0
2017-08-11,290.3,292.2,287.15,291.4,0
2017-08-14,291.1,292.05,288.75,290.2,0
2017-08-15,290.35,291.35,287.55,287.9,0
2017-08-16,287.8,297.95,287.6,296.5,0
2017-08-17,296.3,298.25,287.7,291.05,0
2017-08-18,291.2,296.05,290.95,293.8,0
2017-08-21,294.2,300.25,293.05,298.05,0
2017-08-22,298.1,301.45,296.7,298.95,0
2017-08-23,298.95,299.2,296.45,298.45,0
2017-08-24,298.5,304.8,298.05,303.6,0
2017-08-25,303.65,305.6,301.75,303.9,0
2017-08-28,303.45,308.7,303.45,306.7,0
2017-08-29,306.95,309.85,305.4,307.85,0
2017-08-30,308.1,309.4,306.0,306.4,0
2017-08-31,308.75,313.55,308.7,310.3,0
2017-09-01,310.2,312.85,309.1,311.95,0
2017-09-04,312.25,317.65,311.3,315.5,0
2017-09-05,315.55,317.85,311.5,312.65,0
2017-09-06,312.9,316.05,312.5,315.8,0
2017-09-07,315.9,316.0,311.15,314.9,0
2017-09-08,314.8,316.35,303.4,304.05,0
2017-09-11,304.2,308.3,303.25,307.2,0
2017-09-12,307.1,307.5,301.9,303.45,0
2017-09-13,304.1,304.5,297.1,298.35,0
2017-09-14,297.7,298.95,293.65,296.4,0
2017-09-15,296.25,297.55,293.1,295.0,0
2017-09-18,294.4,299.35,294.25,296.9,0
2017-09-19,297.05,298.45,295.85,297.65,0
2017-09-20,297.7,299.3,295.35,295.85,0
2017-09-21,295.9,296.3,292.0,293.75,0
2017-09-22,293.35,295.65,289.4,295.35,0
2017-09-25,294.05,296.05,292.45,293.65,0
2017-09-26,293.9,296.65,290.75,291.9,0
2017-09-27,291.7,295.0,291.25,292.7,0
2017-09-28,292.6,299.0,290.5,297.85,0
2017-09-29,297.4,299.25,294.55,294.75,0
2017-10-02,297.5,297.65,293.75,294.7,0
2017-10-03,294.35,297.2,292.6,295.8,0
2017-10-04,295.8,297.2,294.7,295.65,0
2017-10-05,295.7,305.0,295.4,304.3,0
2017-10-06,304.15,305.6,301.8,302.45,0
2017-10-09,301.9,303.65,301.2,302.75,0
2017-10-10,302.8,307.05,302.75,305.95,0
2017-10-11,306.45,309.95,305.25,309.4,0
2017-10-12,309.3,313.6,308.35,312.05,0
2017-10-13,312.25,314.25,311.25,313.35,0
2017-10-16,313.5,325.95,311.2,324.25,0
2017-10-17,324.2,324.3,318.75,320.15,0
2017-10-18,320.0,321.6,317.1,317.55,0
2017-10-19,317.65,318.65,313.8,317.2,0
2017-10-20,317.1,321.05,314.3,317.0,0
2017-10-23,317.0,318.95,315.2,318.5,0
2017-10-24,318.4,323.9,318.2,319.85,0
2017-10-25,319.9,320.3,314.4,318.65,0
2017-10-26,318.75,320.0,315.8,317.6,0
2017-10-27,317.9,317.95,307.3,310.4,0
2017-10-30,310.45,311.8,308.7,310.95,0
2017-10-31,310.75,313.7,309.25,311.2,0
2017-11-01,311.15,318.3,310.75,313.85,0
2017-11-02,313.7,317.1,310.35,313.8,0
2017-11-03,313.75,315.5,310.5,311.5,0
2017-11-06,311.3,317.3,311.15,315.8,0
2017-11-07,315.65,316.6,308.3,308.75,0
2017-11-08,308.6,311.15,306.65,309.85,0
2017-11-09,309.8,310.75,305.85,309.05,0
2017-11-10,308.9,310.95,306.7,307.3,0
2017-11-13,307.5,313.65,306.8,312.55,0
2017-11-14,312.4,312.85,304.85,305.4,0
2017-11-15,305.25,306.45,303.4,305.05,0
2017-11-16,304.9,307.9,303.45,305.25,0
2017-11-17,305.05,307.25,303.15,307.15,0
2017-11-20,307.0,309.4,304.95,308.85,0
2017-11-21,308.8,313.25,307.95,312.95,0
2017-11-22,312.9,314.45,311.85,313.7,0
2017-11-23,313.65,315.8,312.45,314.8,0
2017-11-24,314.6,317.6,314.6,317.35,0
2017-11-27,317.35,317.6,312.15,313.05,0
2017-11-28,313.15,313.45,306.5,306.8,0
2017-11-29,307.05,308.35,303.25,303.65,0
2017-11-30,306.7,309.3,303.65,307.0,0
2017-12-01,307.2,312.55,306.7,309.45,0
2017-12-04,309.65,311.8,308.4,308.7,0
2017-12-05,308.75,310.05,294.3,295.15,0
2017-12-06,295.2,298.85,294.75,296.6,0
2017-12-07,296.4,299.6,295.15,296.5,0
2017-12-08,296.35,299.15,295.95,298.1,0
2017-12-11,298.15,301.9,296.35,301.45,0
2017-12-12,301.4,302.85,300.05,302.3,0
2017-12-13,302.2,306.2,301.3,305.65,0
2017-12-14,305.7,309.0,303.2,307.35,0
2017-12-15,307.4,314.0,306.35,313.95,0
2017-12-18,313.45,314.75,311.1,314.5,0
2017-12-19,314.45,315.8,311.45,314.7,0
2017-12-20,314.55,321.2,313.9,319.5,0
2017-12-21,319.7,322.0,318.25,321.55,0
2017-12-22,321.5,325.0,319.55,324.65,0
2017-12-25,338.6,338.6,324.65,324.65,0
2017-12-26,324.6,330.0,323.1,327.7,0
2017-12-27,327.5,329.75,324.85,328.15,0
2017-12-28,328.2,332.2,326.95,330.6,0
2017-12-29,330.65,331.45,326.0,329.5,0
2018-01-01,338.6,338.6,329.5,329.5,0
2018-01-02,328.75,330.95,326.75,327.8,0
2018-01-03,327.75,328.0,323.65,325.75,0
2018-01-04,325.7,329.8,324.5,325.9,0
2018-01-05,325.8,327.6,322.25,323.15,0
2018-01-08,323.35,324.55,322.05,323.05,0
2018-01-09,323.0,325.9,321.25,322.15,0
2018-01-10,322.05,327.45,321.75,323.65,0
2018-01-11,323.6,325.65,320.65,322.75,0
2018-01-12,322.55,324.9,321.6,322.3,0
2018-01-15,322.5,329.1,322.15,326.1,0
2018-01-16,326.05,327.65,318.35,321.9,0
2018-01-17,321.8,322.1,317.85,319.25,0
2018-01-18,319.2,321.6,318.4,320.0,0
2018-01-19,320.1,323.4,318.0,318.05,0
2018-01-22,318.5,321.85,317.95,320.15,0
2018-01-23,319.95,321.25,310.8,311.95,0
2018-01-24,311.75,324.25,311.4,323.05,0
2018-01-25,323.0,325.8,319.6,320.25,0
2018-01-26,320.35,322.8,318.5,319.95,0
2018-01-29,320.15,323.55,319.1,319.5,0
2018-01-30,319.85,321.1,315.2,319.1,0
2018-01-31,319.05,323.3,317.7,320.1,0
2018-02-01,319.8,322.25,318.3,321.55,0
2018-02-02,321.5,324.4,316.5,318.15,0
2018-02-05,317.55,325.75,317.05,319.0,0
2018-02-06,319.25,321.95,316.0,321.5,0
2018-02-07,321.45,322.85,308.5,309.65,0
2018-02-08,309.5,311.9,306.15,307.35,0
2018-02-09,307.65,308.4,302.6,305.0,0
2018-02-12,304.5,309.7,304.25,308.7,0
2018-02-13,308.65,316.9,307.95,316.4,0
2018-02-14,316.35,323.75,313.9,323.45,0
2018-02-15,323.7,324.9,321.25,324.6,0
2018-02-16,324.55,327.2,323.55,323.85,0
2018-02-19,324.05,324.6,319.2,320.85,0
2018-02-20,320.6,321.25,318.05,318.6,0
2018-02-21,318.7,322.95,316.4,320.1,0
2018-02-22,320.05,324.35,315.35,323.45,0
2018-02-23,323.4,323.55,319.0,320.7,0
2018-02-26,320.6,323.4,318.8,319.8,0
2018-02-27,319.7,320.95,313.35,315.4,0
2018-02-28,318.3,318.6,312.55,312.9,0
2018-03-01,312.95,314.75,309.8,312.55,0
2018-03-02,312.35,314.55,310.85,313.35,0
2018-03-05,313.3,313.85,309.55,312.75,0
2018-03-06,312.7,317.8,312.65,315.65,0
2018-03-07,315.5,315.85,311.75,313.4,0
2018-03-08,313.6,313.95,307.05,307.9,0
2018-03-09,307.8,314.7,305.55,314.45,0
2018-03-12,314.5,315.55,310.95,312.1,0
2018-03-13,312.1,314.45,310.25,313.45,0
2018-03-14,313.4,319.2,312.65,314.85,0
2018-03-15,314.95,316.6,310.75,312.55,0
2018-03-16,312.45,314.95,309.0,311.25,0
2018-03-19,311.5,311.55,305.8,307.7,0
2018-03-20,307.6,309.4,302.9,303.75,0
2018-03-21,303.8,309.3,301.5,308.0,0
2018-03-22,307.85,308.9,300.3,302.4,0
2018-03-23,302.4,303.05,297.05,297.65,0
2018-03-26,297.9,300.2,293.75,298.55,0
2018-03-27,298.4,302.4,297.75,298.45,0
2018-03-28,298.25,301.0,296.85,299.8,0
2018-03-29,300.2,304.9,299.45,302.3,0
2018-03-30,300.1,304.9,299.45,302.3,0
2018-04-02,304.9,307.25,302.3,304.4,0
2018-04-03,304.45,306.95,303.85,306.55,0
2018-04-04,306.7,306.95,297.0,302.45,0
2018-04-05,302.85,308.8,301.35,306.8,0
2018-04-06,306.85,306.85,302.45,303.85,0
2018-04-09,304.25,308.55,303.55,307.6,0
2018-04-10,307.45,314.1,306.8,313.95,0
2018-04-11,313.85,314.75,310.15,311.3,0
2018-04-12,311.35,312.3,304.05,306.15,0
2018-04-13,306.0,309.25,305.25,306.35,0
2018-04-16,306.25,311.7,304.4,308.65,0
2018-04-17,308.4,310.2,305.45,308.65,0
2018-04-18,308.75,317.85,307.6,316.15,0
2018-04-19,316.2,319.55,311.2,312.75,0
2018-04-20,312.6,314.7,310.55,313.7,0
2018-04-23,313.1,316.15,307.8,310.6,0
2018-04-24,310.55,316.75,310.05,313.4,0
2018-04-25,313.15,315.4,311.65,312.85,0
2018-04-26,312.9,314.4,308.7,311.55,0
2018-04-27,311.6,312.0,302.9,305.15,0
2018-04-30,306.85,307.7,306.75,307.1,0
2018-05-01,307.05,308.5,301.95,305.1,0
2018-05-02,305.05,308.8,304.75,306.25,0
2018-05-03,306.25,312.15,305.65,309.2,0
2018-05-04,309.15,310.5,305.3,308.05,0
2018-05-07,308.45,310.45,306.25,307.25,0
2018-05-08,307.35,309.1,301.4,306.9,0
2018-05-09,306.85,306.95,304.0,306.2,0
2018-05-10,306.1,311.8,305.2,311.0,0
2018-05-11,310.95,312.65,310.15,311.05,0
2018-05-14,311.15,313.1,307.65,308.8,0
2018-05-15,308.85,310.3,303.45,305.9,0
2018-05-16,306.05,308.0,304.4,307.65,0
2018-05-17,307.8,310.1,306.9,308.3,0
2018-05-18,308.35,309.1,305.55,306.15,0
2018-05-21,306.5,311.15,306.15,310.05,0
2018-05-22,310.1,314.85,308.8,312.2,0
2018-05-23,312.15,313.2,304.85,307.0,0
2018-05-24,307.05,310.25,306.6,310.0,0
2018-05-25,310.2,311.7,306.9,307.7,0
2018-05-28,307.8,309.3,303.0,307.05,0
2018-05-29,306.8,311.35,304.6,305.5,0
2018-05-30,305.5,307.65,301.0,307.25,0
2018-05-31,307.15,309.2,304.6,306.45,0
2018-06-01,306.3,310.0,305.6,309.15,0
2018-06-04,309.8,314.2,309.0,313.8,0
2018-06-05,313.7,325.0,312.35,321.35,0
2018-06-06,321.2,327.4,319.3,326.85,0
2018-06-07,326.85,331.55,325.75,326.3,0
2018-06-08,326.5,330.5,324.7,329.95,0
2018-06-11,329.7,330.35,324.45,325.1,0
2018-06-12,325.25,326.85,323.75,324.55,0
2018-06-13,324.6,327.15,322.4,325.55,0
2018-06-14,325.45,325.55,318.65,320.1,0
2018-06-15,320.25,321.8,313.1,313.6,0
2018-06-18,313.65,315.15,309.65,312.6,0
2018-06-19,312.65,313.35,303.65,303.85,0
2018-06-20,303.75,306.75,302.1,303.9,0
2018-06-21,303.75,305.35,301.8,302.8,0
2018-06-22,302.85,304.65,301.35,302.7,0
2018-06-25,302.75,304.5,296.8,298.35,0
2018-06-26,298.35,299.85,297.5,299.3,0
2018-06-27,299.65,300.45,296.05,297.6,0
2018-06-28,297.75,298.1,293.0,294.85,0
2018-06-29,297.0,299.7,295.8,296.45,0
2018-07-02,297.0,297.3,292.1,294.5,0
2018-07-03,294.35,296.65,290.8,292.35,0
2018-07-04,292.4,294.05,283.7,286.1,0
2018-07-05,286.15,287.75,282.05,283.45,0
2018-07-06,283.05,283.9,278.25,281.95,0
2018-07-09,281.8,287.7,281.5,287.1,0
2018-07-10,287.1,288.05,281.35,283.0,0
2018-07-11,283.05,283.05,271.7,275.1,0
2018-07-12,275.0,279.2,273.1,277.55,0
2018-07-13,277.6,278.85,274.95,277.7,0
2018-07-16,277.6,279.8,274.45,276.75,0
2018-07-17,276.65,279.95,274.15,274.45,0
2018-07-18,274.3,277.1,271.55,276.4,0
2018-07-19,276.65,277.85,267.35,271.6,0
2018-07-20,271.85,276.1,268.25,275.05,0
2018-07-23,275.25,277.65,273.4,274.15,0
2018-07-24,274.15,283.5,273.35,280.25,0
2018-07-25,280.4,286.7,279.35,286.35,0
2018-07-26,286.15,286.45,280.15,280.5,0
2018-07-27,280.7,283.5,278.1,279.6,0
2018-07-30,280.35,280.95,275.85,279.4,0
2018-07-31,279.45,284.15,276.9,282.65,0
2018-08-01,282.35,282.85,272.6,274.2,0
2018-08-02,274.85,275.95,270.75,272.7,0
2018-08-03,272.7,278.4,270.9,275.35,0
2018-08-06,275.15,275.85,270.65,272.4,0
2018-08-07,272.45,276.7,272.25,275.25,0
2018-08-08,275.3,277.35,273.6,275.45,0
2018-08-09,275.5,281.8,275.05,276.35,0
2018-08-10,276.45,277.45,273.1,274.55,0
2018-08-13,273.85,275.65,271.3,273.5,0
2018-08-14,273.15,274.0,267.7,268.45,0
2018-08-15,268.3,268.9,255.2,258.4,0
2018-08-16,258.4,264.3,256.4,260.6,0
2018-08-17,260.6,266.9,259.85,266.0,0
2018-08-20,265.7,268.25,264.2,266.55,0
2018-08-21,266.45,270.45,266.4,268.6,0
2018-08-22,268.6,269.35,265.3,266.7,0
2018-08-23,266.65,266.85,261.3,264.4,0
2018-08-24,264.4,271.65,264.15,269.1,0
2018-08-27,269.5,272.25,269.4,270.7,0
2018-08-28,270.8,274.55,269.05,272.25,0
2018-08-29,272.2,273.45,269.55,270.55,0
2018-08-30,270.55,271.25,265.5,267.25,0
2018-08-31,270.05,271.25,266.2,266.55,0
2018-09-03,266.75,268.0,265.25,265.5,0
2018-09-04,265.35,266.45,258.0,259.85,0
2018-09-05,260.05,262.15,259.1,262.05,0
2018-09-06,262.05,267.2,261.05,263.55,0
2018-09-07,263.6,265.25,259.35,261.95,0
2018-09-10,261.15,263.65,260.25,262.7,0
2018-09-11,262.3,266.15,258.2,262.45,0
2018-09-12,262.55,268.85,260.65,268.4,0
2018-09-13,268.55,271.75,267.3,267.65,0
2018-09-14,267.7,269.9,260.75,261.3,0
2018-09-17,261.45,265.75,260.6,264.9,0
2018-09-18,264.95,274.0,258.8,273.75,0
2018-09-19,273.5,275.35,271.7,272.75,0
2018-09-20,272.65,278.0,270.65,276.55,0
2018-09-21,276.2,287.1,275.2,284.45,0
2018-09-24,284.3,286.7,282.25,282.45,0
2018-09-25,282.3,284.8,278.9,282.2,0
2018-09-26,282.25,284.2,281.25,281.8,0
2018-09-27,281.7,282.8,276.35,277.6,0
2018-09-28,277.65,281.3,276.3,280.3,0
2018-10-01,280.65,282.25,275.55,278.5,0
2018-10-02,278.6,285.25,276.0,279.95,0
2018-10-03,280.0,283.95,279.65,282.45,0
2018-10-04,282.15,286.65,277.15,278.55,0
2018-10-05,278.6,279.45,274.55,275.9,0
2018-10-08,276.9,278.1,273.5,277.1,0
2018-10-09,277.0,281.85,275.05,281.15,0
2018-10-10,281.3,282.0,274.1,274.9,0
2018-10-11,274.9,281.6,271.3,277.5,0
2018-10-12,277.5,283.25,277.45,281.2,0
2018-10-15,281.05,283.9,277.2,277.9,0
2018-10-16,277.9,279.3,275.8,278.35,0
2018-10-17,278.1,280.45,275.4,277.65,0
2018-10-18,277.45,278.2,272.6,273.1,0
2018-10-19,273.25,278.8,272.8,278.15,0
2018-10-22,277.7,283.35,277.25,278.1,0
2018-10-23,278.05,278.5,273.9,276.0,0
2018-10-24,275.85,280.4,274.3,274.6,0
2018-10-25,274.7,277.35,271.55,275.45,0
2018-10-26,275.3,275.4,270.75,274.85,0
2018-10-29,274.4,278.0,269.0,271.15,0
2018-10-30,271.1,273.3,266.15,267.1,0
2018-10-31,267.25,268.05,264.6,265.35,0
2018-11-01,265.3,272.75,264.25,271.9,0
2018-11-02,272.05,282.0,270.2,281.8,0
2018-11-05,281.95,282.35,274.5,275.15,0
2018-11-06,275.35,277.7,272.4,273.3,0
2018-11-07,272.95,277.3,272.8,274.3,0
2018-11-08,274.1,274.8,270.3,273.2,0
2018-11-09,272.95,273.2,267.7,267.85,0
2018-11-12,268.1,270.0,266.55,266.85,0
2018-11-13,266.75,274.85,266.25,268.2,0
2018-11-14,268.35,272.2,266.4,271.05,0
2018-11-15,271.1,276.6,270.3,274.5,0
2018-11-16,274.45,280.25,273.3,279.05,0
2018-11-19,278.5,280.95,276.0,279.95,0
2018-11-20,279.9,284.6,274.0,275.8,0
2018-11-21,275.85,280.4,275.4,278.6,0
2018-11-22,278.5,280.2,277.15,280.05,0
2018-11-23,280.0,280.25,275.1,275.25,0
2018-11-26,275.7,278.15,273.7,274.5,0
2018-11-27,274.6,275.15,270.55,271.45,0
2018-11-28,271.6,280.25,271.45,278.9,0
2018-11-29,279.05,279.65,276.85,277.8,0
2018-11-30,278.95,280.1,276.85,279.195,0
2018-12-03,285.0,285.8,278.75,279.15,0
2018-12-04,279.5,282.3,275.0,275.802,0
2018-12-05,275.75,277.75,274.5,277.303,0
2018-12-06,277.1,277.3,270.8,274.75,0
2018-12-07,275.0,277.5,274.2,274.853,0
2018-12-10,273.65,275.45,271.5,273.103,0
2018-12-11,273.55,278.05,272.6,276.298,0
2018-12-12,276.35,277.9,275.55,276.404,0
2018-12-13,276.85,280.35,276.3,276.746,0
2018-12-14,276.8,277.0,272.8,275.348,0
2018-12-17,275.25,275.95,271.95,274.3,0
2018-12-18,274.15,275.25,265.15,265.248,0
2018-12-19,265.5,271.95,265.25,267.503,0
2018-12-20,267.65,271.0,265.0,270.304,0
2018-12-21,270.1,271.2,266.4,266.695,0
2018-12-24,266.75,268.1,265.0,266.148,0
2018-12-25,338.6,338.6,266.147,266.147,0
2018-12-26,266.65,272.8,264.2,270.098,0
2018-12-27,270.15,270.7,265.8,268.25,0
2018-12-28,268.3,272.55,267.1,267.754,0
2018-12-31,267.85,270.35,262.45,264.303,0
2019-01-01,338.6,338.6,264.296,264.296,0
2019-01-02,264.5,267.5,259.45,260.404,0
2019-01-03,260.1,262.05,254.3,257.598,0
2019-01-04,257.65,265.5,256.7,264.299,0
2019-01-07,264.6,265.95,263.15,263.653,0
2019-01-08,263.95,265.8,262.35,265.047,0
2019-01-09,265.1,268.65,264.85,266.004,0
2019-01-10,266.05,267.05,262.9,263.598,0
2019-01-11,263.55,266.7,263.35,265.701,0
2019-01-14,265.15,266.1,261.65,262.95,0
2019-01-15,263.0,266.4,262.95,264.048,0
2019-01-16,264.2,268.0,263.6,267.052,0
2019-01-17,267.1,271.2,265.85,269.697,0
2019-01-18,269.6,272.7,268.65,271.202,0
2019-01-21,271.4,271.55,267.5,267.554,0
2019-01-22,267.7,268.45,265.15,266.295,0
2019-01-23,266.25,267.65,264.8,265.554,0
2019-01-24,265.45,266.4,263.45,264.646,0
2019-01-25,264.5,273.7,264.45,273.302,0
2019-01-28,273.2,273.35,267.6,267.896,0
2019-01-29,268.05,272.55,267.85,272.104,0
2019-01-30,272.15,278.65,271.65,277.398,0
2019-01-31,277.45,279.7,276.6,278.499,0
2019-02-01,278.2,278.55,275.35,277.103,0
2019-02-04,277.1,280.2,275.05,280.0,0
2019-02-05,280.25,282.45,279.7,281.751,0
2019-02-06,281.7,284.8,281.3,282.404,0
2019-02-07,282.45,285.05,282.2,283.097,0
2019-02-08,283.3,283.8,280.6,281.349,0
2019-02-11,280.8,281.3,277.4,278.799,0
2019-02-12,278.75,279.6,275.75,277.351,0
2019-02-13,277.5,278.75,276.6,277.854,0
2019-02-14,277.8,280.2,275.35,277.049,0
2019-02-15,277.1,282.15,275.15,281.497,0
2019-02-18,281.3,284.8,280.35,283.596,0
2019-02-19,283.5,287.8,282.35,287.355,0
2019-02-20,287.3,292.45,286.9,291.55,0
2019-02-21,291.8,291.9,288.9,289.95,0
2019-02-22,290.15,295.45,289.4,294.95,0
2019-02-25,295.0,297.65,293.85,294.55,0
2019-02-26,294.8,295.8,293.25,294.301,0
2019-02-27,294.4,297.15,292.8,296.853,0
2019-02-28,296.75,296.85,293.9,294.398,0
2019-03-01,294.45,297.7,292.25,292.603,0
2019-03-04,293.3,295.5,289.65,291.049,0
2019-03-05,291.1,295.15,290.75,293.646,0
2019-03-06,293.45,294.45,291.55,292.549,0
2019-03-07,292.75,292.9,289.5,291.397,0
2019-03-08,291.5,291.85,287.45,289.95,0
2019-03-11,289.15,291.15,288.4,290.701,0
2019-03-12,290.65,295.7,290.5,293.151,0
2019-03-13,292.95,293.95,291.35,293.248,0
2019-03-14,293.2,293.45,288.2,288.946,0
2019-03-15,288.95,292.45,288.4,290.848,0
2019-03-18,290.9,293.25,289.9,291.201,0
2019-03-19,291.25,294.4,290.8,291.901,0
2019-03-20,292.0,294.2,290.75,292.704,0
2019-03-21,292.75,296.9,289.2,291.004,0
2019-03-22,291.1,291.5,283.95,284.855,0
2019-03-25,284.3,285.95,283.45,285.797,0
2019-03-26,285.65,286.7,284.6,286.299,0
2019-03-27,286.35,287.55,284.35,286.146,0
2019-03-28,286.2,288.8,285.3,287.797,0
2019-03-29,288.0,294.45,287.8,293.153,0
2019-04-01,294.15,298.85,291.55,292.902,0
2019-04-02,292.95,293.5,289.7,290.853,0
2019-04-03,290.8,295.3,290.5,294.304,0
2019-04-04,294.4,295.25,290.35,291.603,0
2019-04-05,291.5,292.55,288.65,288.902,0
2019-04-08,290.1,294.2,289.25,293.398,0
2019-04-09,293.4,296.2,292.7,293.301,0
2019-04-10,293.2,294.25,291.1,292.1,0
2019-04-11,292.05,292.6,288.35,289.35,0
2019-04-12,289.5,295.65,289.3,294.152,0
2019-04-15,294.25,294.75,291.65,293.354,0
2019-04-16,293.4,294.8,292.35,293.302,0
2019-04-17,293.3,299.55,292.8,296.196,0
2019-04-18,296.1,296.4,290.3,291.845,0
2019-04-19,338.6,338.6,291.849,291.849,0
2019-04-22,292.75,293.25,289.25,290.347,0
2019-04-23,290.45,291.35,287.75,289.4,0
2019-04-24,289.5,291.5,288.65,290.898,0
2019-04-25,290.85,291.8,285.6,286.054,0
2019-04-26,286.05,289.2,285.9,288.403,0
2019-04-29,288.7,290.1,286.55,288.899,0
2019-04-30,289.2,292.35,288.0,290.701,0
2019-05-01,290.7,291.35,278.65,279.049,0
2019-05-02,279.25,280.65,277.15,278.448,0
2019-05-03,278.25,283.3,277.5,282.204,0
2019-05-06,279.55,284.85,274.15,283.047,0
2019-05-07,282.95,284.1,277.55,278.748,0
2019-05-08,278.8,281.0,276.0,277.052,0
2019-05-09,276.9,277.8,273.1,276.698,0
2019-05-10,276.65,279.7,275.6,277.7,0
2019-05-13,276.8,277.7,270.9,271.85,0
2019-05-14,271.95,273.8,271.4,272.354,0
2019-05-15,272.3,275.25,271.55,274.746,0
2019-05-16,274.55,277.75,273.8,274.848,0
2019-05-17,274.8,275.3,272.1,273.449,0
2019-05-20,273.45,275.05,271.2,272.901,0
2019-05-21,272.7,274.25,270.55,271.399,0
2019-05-22,271.4,271.9,267.0,267.754,0
2019-05-23,267.6,268.9,265.45,268.298,0
2019-05-24,268.15,270.85,268.05,269.753,0
2019-05-27,270.1,271.7,269.5,271.502,0
2019-05-28,271.35,271.8,268.85,269.653,0
2019-05-29,269.55,269.8,265.85,266.646,0
2019-05-30,266.75,267.5,263.65,265.0,0
2019-05-31,264.9,265.6,262.95,263.002,0
2019-06-03,263.05,266.45,261.1,265.55,0
2019-06-04,265.65,265.75,264.3,264.35,0
2019-06-05,266.6,267.45,262.7,262.9,0
2019-06-06,262.6,264.75,262.2,263.3,0
2019-06-07,264.7,266.1,259.95,262.65,0
2019-06-10,263.1,266.55,262.55,266.0,0
2019-06-11,266.2,270.2,266.0,266.5,0
2019-06-12,267.0,267.3,263.75,264.9,0
2019-06-13,265.05,266.2,263.2,265.7,0
2019-06-14,265.75,266.55,262.75,262.8,0
2019-06-17,263.45,265.6,261.55,264.9,0
2019-06-18,265.0,271.25,264.35,270.5,0
2019-06-19,270.6,270.9,267.35,269.6,0
2019-06-20,269.75,273.75,269.4,271.0,0
2019-06-21,271.05,272.35,268.6,270.05,0
2019-06-24,270.65,271.25,268.0,270.75,0
2019-06-25,270.9,274.75,269.9,273.0,0
2019-06-26,273.15,275.1,270.2,271.35,0
2019-06-27,271.35,272.8,270.0,272.1,0
2019-06-28,272.1,272.8,270.25,271.75,0
2019-07-01,275.0,275.7,267.7,268.55,0
2019-07-02,268.8,269.65,265.55,266.45,0
2019-07-03,266.5,268.6,263.65,268.5,0
2019-07-04,268.45,268.75,266.95,267.9,0
2019-07-05,267.8,268.75,264.45,266.45,0
2019-07-08,266.95,268.9,265.45,265.7,0
2019-07-09,265.75,265.9,261.2,262.75,0
2019-07-10,262.8,269.95,262.5,269.0,0
2019-07-11,268.9,269.8,267.85,268.75,0
2019-07-12,268.8,271.45,267.25,269.4,0
2019-07-15,269.75,272.8,268.55,271.4,0
2019-07-16,271.5,273.55,269.4,269.45,0
2019-07-17,269.5,271.7,268.2,270.2,0
2019-07-18,270.1,272.05,269.25,271.9,0
2019-07-19,271.95,280.3,271.5,274.1,0
2019-07-22,275.3,275.95,271.8,271.85,0
2019-07-23,271.6,273.0,268.75,270.5,0
2019-07-24,270.6,272.05,269.8,271.1,0
2019-07-25,271.15,273.85,270.0,270.6,0
2019-07-26,270.65,271.2,268.4,268.95,0
2019-07-29,269.05,272.1,268.15,271.85,0
2019-07-30,271.85,272.65,267.5,267.75,0
2019-07-31,267.75,269.1,265.75,266.1,0
2019-08-01,265.95,266.8,261.85,261.85,0
2019-08-02,261.95,262.75,256.0,256.75,0
2019-08-05,256.05,257.8,253.15,254.8,0
2019-08-06,254.4,256.9,253.5,256.45,0
2019-08-07,256.7,259.2,254.25,258.7,0
2019-08-08,258.45,261.5,257.15,259.75,0
2019-08-09,259.7,261.75,258.2,259.3,0
2019-08-12,259.75,261.2,256.8,258.25,0
2019-08-13,258.2,264.15,256.7,263.25,0
2019-08-14,263.05,263.5,257.85,259.25,0
2019-08-15,259.2,260.6,257.45,259.2,0
2019-08-16,259.35,260.65,258.5,258.65,0
2019-08-19,259.8,262.6,258.9,259.8,0
2019-08-20,259.9,260.35,257.0,257.45,0
2019-08-21,257.6,259.1,257.35,257.9,0
2019-08-22,258.0,258.35,254.75,255.8,0
2019-08-23,255.85,257.55,252.35,252.6,0
2019-08-26,251.6,254.9,249.1,253.7,0
2019-08-27,253.65,257.1,252.9,254.9,0
2019-08-28,255.45,257.45,254.55,256.8,0
2019-08-29,256.9,259.7,255.3,257.55,0
2019-08-30,257.5,258.35,254.6,255.55,0
2019-09-02,255.5,256.8,252.75,252.95,0
2019-09-03,253.05,256.8,248.2,252.9,0
2019-09-04,252.9,259.75,252.75,259.45,0
2019-09-05,259.05,264.9,258.75,263.15,0
2019-09-06,263.15,264.9,262.0,263.05,0
2019-09-09,263.15,263.3,261.35,262.7,0
2019-09-10,262.75,264.3,260.25,262.2,0
2019-09-11,262.3,263.8,260.05,261.65,0
2019-09-12,261.8,266.8,259.0,264.15,0
2019-09-13,264.25,270.45,264.05,270.25,0
2019-09-16,269.15,270.65,263.8,264.2,0
2019-09-17,264.25,264.75,260.6,262.65,0
2019-09-18,262.5,263.8,259.75,261.15,0
2019-09-19,261.3,262.4,260.35,260.7,0
2019-09-20,260.75,263.4,258.6,259.05,0
2019-09-23,259.4,261.95,257.25,261.75,0
2019-09-24,261.85,262.35,259.6,260.2,0
2019-09-25,260.4,261.5,258.7,261.1,0
2019-09-26,261.15,261.85,257.35,257.6,0
2019-09-27,257.7,261.3,257.05,259.9,0
2019-09-30,259.8,261.85,257.25,257.25,0
2019-10-01,257.4,257.7,251.5,256.4,0
2019-10-02,256.5,258.55,254.75,257.0,0
2019-10-03,256.6,258.2,253.85,255.45,0
2019-10-04,255.35,256.6,253.0,256.3,0
2019-10-07,255.7,258.95,255.25,257.3,0
2019-10-08,257.3,260.15,256.15,256.65,0
2019-10-09,256.7,257.95,256.05,256.75,0
2019-10-10,256.9,262.0,254.75,261.25,0
2019-10-11,261.1,263.85,260.6,262.15,0
2019-10-14,262.75,263.45,259.4,263.25,0
2019-10-15,263.2,264.15,260.6,261.15,0
2019-10-16,261.25,261.3,257.3,258.65,0
2019-10-17,258.7,261.75,257.7,259.85,0
2019-10-18,260.0,264.6,258.5,264.3,0
2019-10-21,263.95,266.0,263.05,264.55,0
2019-10-22,264.5,265.05,262.95,263.5,0
2019-10-23,263.55,267.45,261.45,266.75,0
2019-10-24,266.9,267.95,265.9,266.65,0
2019-10-25,266.65,269.05,265.9,268.35,0
2019-10-28,268.5,268.9,267.35,268.25,0
2019-10-29,268.2,269.7,267.25,269.15,0
2019-10-30,269.2,269.55,266.05,267.95,0
2019-10-31,268.1,268.75,262.8,263.85,0
2019-11-01,263.7,266.4,263.15,266.15,0
2019-11-04,266.25,267.7,265.35,266.25,0
2019-11-05,266.55,271.55,266.3,270.0,0
2019-11-06,269.95,270.15,266.05,267.1,0
2019-11-07,267.05,273.0,266.55,271.1,0
2019-11-08,271.2,272.15,267.65,268.8,0
2019-11-11,268.3,269.0,265.6,266.2,0
2019-11-12,266.3,268.35,264.2,264.55,0
2019-11-13,264.65,265.15,263.3,263.75,0
2019-11-14,263.75,265.8,261.3,262.3,0
2019-11-15,262.5,264.3,262.25,263.55,0
2019-11-18,263.7,264.85,261.4,261.9,0
2019-11-19,261.95,266.25,261.65,265.5,0
2019-11-20,265.4,266.6,264.1,264.7,0
2019-11-21,264.8,265.1,262.1,262.5,0
2019-11-22,262.55,265.25,261.55,264.45,0
2019-11-25,264.55,267.0,263.65,264.5,0
2019-11-26,264.5,267.9,263.55,267.45,0
2019-11-27,269.6,271.0,268.45,269.85,0
2019-11-28,269.9,270.05,267.0,267.4,0
2019-11-29,267.15,270.05,265.35,266.1,0
2019-12-02,266.2,267.9,264.7,265.1,0
2019-12-03,265.1,265.5,262.05,262.65,0
2019-12-04,262.65,266.65,262.05,266.05,0
2019-12-05,266.2,267.65,265.35,266.6,0
2019-12-06,266.6,275.35,266.45,274.8,0
2019-12-09,274.55,276.2,272.0,275.35,0
2019-12-10,275.35,277.0,274.85,276.35,0
2019-12-11,276.6,279.8,275.75,279.15,0
2019-12-12,279.45,281.45,276.35,280.95,0
2019-12-13,281.35,283.1,276.55,278.35,0
2019-12-16,278.65,281.85,278.15,280.7,0
2019-12-17,280.95,282.65,280.1,280.9,0
2019-12-18,281.0,281.45,278.75,281.1,0
2019-12-19,281.15,282.75,280.05,282.45,0
2019-12-20,282.55,283.4,279.85,280.25,0
2019-12-23,280.7,281.35,279.4,280.95,0
2019-12-24,280.95,283.25,280.35,282.45,0
2019-12-26,283.75,285.65,282.55,285.0,0
2019-12-27,285.1,285.1,281.45,282.4,0
2019-12-30,282.55,283.8,281.9,281.9,0
2019-12-31,282.05,282.2,279.6,279.8,0
2020-01-02,280.35,282.95,279.4,282.3,0
2020-01-03,282.5,282.55,275.95,278.05,0
2020-01-06,276.5,279.55,276.45,278.9,0
2020-01-07,278.9,280.4,278.0,279.5,0
2020-01-08,279.55,281.4,276.3,280.85,0
2020-01-09,280.8,281.9,279.55,279.85,0
2020-01-10,280.0,283.6,279.55,281.0,0
2020-01-13,280.55,286.4,280.55,285.55,0
2020-01-14,285.6,287.45,284.95,286.7,0
2020-01-15,287.0,287.05,283.65,286.25,0
2020-01-16,286.25,288.6,284.15,285.15,0
2020-01-17,285.2,287.55,284.15,284.55,0
2020-01-20,284.7,286.1,283.7,284.65,0
2020-01-21,284.6,286.1,279.0,279.05,0
2020-01-22,278.8,280.5,276.35,276.8,0
2020-01-23,276.8,277.25,271.1,273.45,0
2020-01-24,273.1,273.6,267.75,268.15,0
2020-01-27,266.75,267.3,259.15,259.6,0
2020-01-28,259.35,260.85,257.75,258.85,0
2020-01-29,258.8,260.65,255.3,256.15,0
2020-01-30,256.2,256.65,251.6,254.9,0
2020-01-31,254.55,256.35,250.35,251.15,0
2020-02-03,249.0,256.35,248.75,250.65,0
2020-02-04,250.55,257.25,250.15,254.5,0
2020-02-05,254.7,260.55,254.25,258.5,0
2020-02-06,258.25,262.25,257.65,259.7,0
2020-02-07,259.4,259.9,254.55,254.6,0
2020-02-10,255.0,257.6,254.0,255.6,0
2020-02-11,255.6,260.75,255.55,258.05,0
2020-02-12,258.2,261.0,258.0,260.4,0
2020-02-13,260.2,262.75,258.15,261.55,0
2020-02-14,261.5,261.75,259.25,259.85,0
2020-02-17,260.4,263.25,260.25,262.8,0
2020-02-18,262.0,263.25,259.4,260.9,0
2020-02-19,260.55,262.7,257.75,260.8,0
2020-02-20,260.6,262.35,257.75,259.0,0
2020-02-21,258.95,261.75,256.05,260.15,0
2020-02-24,259.15,259.2,255.85,257.0,0
2020-02-25,257.05,259.15,255.8,256.45,0
2020-02-26,256.6,258.3,254.65,256.5,0
2020-02-27,256.65,258.2,252.55,255.25,0
2020-02-28,255.65,257.75,250.6,254.4,0
2020-03-02,252.2,261.3,250.1,260.6,0
2020-03-03,261.65,262.5,254.65,258.45,0
2020-03-04,258.7,260.0,257.0,258.7,0
2020-03-05,258.25,260.0,256.1,256.75,0
2020-03-06,257.0,257.7,253.2,255.35,0
2020-03-09,253.5,253.5,245.65,248.55,0
2020-03-10,248.7,256.55,248.2,253.95,0
2020-03-11,254.1,254.2,247.25,247.75,0
2020-03-12,247.75,248.45,242.8,244.15,0
2020-03-13,244.3,253.2,240.15,249.2,0
2020-03-16,251.0,251.55,233.5,238.35,0
2020-03-17,238.6,242.55,230.2,231.1,0
2020-03-18,231.7,234.15,211.1,216.15,0
2020-03-19,211.0,219.9,197.25,215.3,0
2020-03-20,214.85,223.65,209.3,215.05,0
2020-03-23,214.65,214.65,202.05,208.7,0
2020-03-24,208.7,223.95,208.45,220.3,0
2020-03-25,219.95,222.7,214.95,220.9,0
2020-03-26,220.4,221.55,215.9,218.3,0
2020-03-27,218.45,220.35,215.8,216.7,0
2020-03-30,214.65,217.5,213.55,216.8,0
2020-03-31,216.55,224.8,216.55,221.55,0
2020-04-01,221.6,222.2,215.45,216.9,0
2020-04-02,217.2,223.6,215.05,222.15,0
2020-04-03,222.05,223.15,217.05,217.7,0
2020-04-06,218.85,222.9,218.2,222.35,0
2020-04-07,222.0,231.75,221.85,224.9,0
2020-04-08,224.9,228.75,224.25,227.25,0
2020-04-09,227.15,228.85,224.65,227.0,0
2020-04-13,230.05,235.25,226.35,232.0,0
2020-04-14,231.55,233.4,230.9,231.4,0
2020-04-15,233.0,233.0,227.7,229.95,0
2020-04-16,229.8,231.9,228.65,230.9,0
2020-04-17,231.25,235.8,231.15,234.45,0
2020-04-20,234.6,235.5,229.4,230.4,0
2020-04-21,230.6,231.35,214.95,224.65,0
2020-04-22,225.1,229.35,221.05,228.5,0
2020-04-23,228.45,233.95,227.2,230.65,0
2020-04-24,230.8,236.3,228.85,235.65,0
2020-04-27,235.5,238.55,231.65,234.75,0
2020-04-28,234.6,237.25,233.0,233.95,0
2020-04-29,234.25,238.6,233.7,237.9,0
2020-04-30,237.7,239.5,233.5,234.45,0
2020-05-01,234.0,234.2,228.6,231.05,0
2020-05-04,230.5,232.2,228.4,232.1,0
2020-05-05,232.1,234.0,230.7,233.2,0
2020-05-06,233.25,236.55,231.85,234.15,0
2020-05-07,234.2,239.1,233.4,237.9,0
2020-05-08,237.9,243.0,237.8,241.4,0
2020-05-11,240.95,243.0,236.7,237.95,0
2020-05-12,238.4,238.65,233.05,233.35,0
2020-05-13,233.55,237.5,233.25,235.1,0
2020-05-14,235.3,236.5,231.4,236.25,0
2020-05-15,236.2,237.55,232.85,233.1,0
2020-05-18,233.75,242.85,233.4,242.2,0
2020-05-19,242.45,243.85,240.35,240.9,0
2020-05-20,241.0,242.35,240.1,240.75,0
2020-05-21,246.05,246.8,242.2,242.4,0
2020-05-22,242.75,243.1,237.15,239.15,0
2020-05-25,239.05,241.45,238.6,240.6,0
2020-05-26,239.05,243.9,238.6,241.2,0
2020-05-27,241.1,242.2,235.85,238.55,0
2020-05-28,238.75,242.45,238.35,240.75,0
2020-05-29,240.5,245.85,239.15,244.05,0
2020-06-01,243.0,247.75,242.35,246.85,0
2020-06-02,246.8,249.75,245.9,249.4,0
2020-06-03,249.35,250.5,247.5,248.35,0
2020-06-04,248.35,250.3,245.5,248.5,0
2020-06-05,248.6,257.15,248.1,254.05,0
2020-06-08,254.3,258.65,253.05,258.05,0
2020-06-09,257.95,260.6,255.55,259.85,0
2020-06-10,260.05,270.0,259.7,267.7,0
2020-06-11,268.0,268.05,255.75,257.45,0
2020-06-12,257.7,262.3,255.85,261.55,0
2020-06-15,259.1,260.15,253.75,258.5,0
2020-06-16,258.0,261.5,253.1,256.5,0
2020-06-17,256.35,259.95,255.15,258.95,0
2020-06-18,258.8,262.6,257.2,259.4,0
2020-06-19,259.4,265.0,258.8,260.65,0
2020-06-22,260.15,266.15,259.5,265.2,0
2020-06-23,265.8,267.45,261.95,265.1,0
2020-06-24,265.2,268.45,262.65,264.25,0
2020-06-25,264.5,266.9,262.85,266.5,0
2020-06-26,267.9,271.45,267.05,267.05,0
2020-06-29,267.0,270.55,266.8,269.75,0
2020-06-30,269.8,273.7,269.55,272.95,0
2020-07-01,273.05,275.85,270.65,275.8,0
2020-07-02,275.9,276.9,273.05,274.7,0
2020-07-03,274.9,275.0,270.35,272.1,0
2020-07-06,272.85,279.25,272.35,278.7,0
2020-07-07,279.0,279.9,274.6,278.6,0
2020-07-08,278.5,282.55,278.5,282.4,0
2020-07-09,282.85,287.55,282.35,283.7,0
2020-07-10,284.25,291.7,282.25,291.3,0
2020-07-13,291.95,299.3,289.55,291.0,0
2020-07-14,291.6,294.6,289.8,293.8,0
2020-07-15,293.8,297.6,287.3,289.4,0
2020-07-16,289.4,290.6,284.5,289.45,0
2020-07-17,289.8,291.75,288.0,290.1,0
2020-07-20,290.65,294.4,288.15,292.1,0
2020-07-21,292.1,297.5,291.95,296.15,0
2020-07-22,296.35,298.2,289.15,292.5,0
2020-07-23,292.65,295.4,289.9,292.1,0
2020-07-24,292.15,293.05,286.65,289.35,0
2020-07-27,289.25,292.0,288.2,291.0,0
2020-07-28,290.9,294.0,287.9,291.15,0
2020-07-29,291.45,294.35,289.5,293.35,0
2020-07-30,293.4,293.6,287.65,291.85,0
2020-07-31,292.05,293.15,284.65,285.9,0
2020-08-03,286.65,292.5,283.1,291.35,0
2020-08-04,291.45,291.85,287.5,290.2,0
2020-08-05,290.6,293.95,288.75,291.7,0
2020-08-06,291.65,292.7,288.6,291.3,0
2020-08-07,291.8,291.85,278.3,278.95,0
2020-08-10,278.6,288.5,278.2,286.6,0
2020-08-11,286.4,287.95,283.9,284.9,0
2020-08-12,284.95,290.25,280.75,288.15,0
2020-08-13,288.15,289.25,276.9,279.65,0
2020-08-14,279.65,286.45,279.1,286.25,0
2020-08-17,286.05,291.7,284.45,290.8,0
2020-08-18,290.6,298.15,288.6,297.3,0
2020-08-19,297.45,302.95,296.7,299.9,0
2020-08-20,300.1,300.1,295.2,299.0,0
2020-08-21,298.95,300.45,290.65,292.45,0
2020-08-24,291.95,296.35,291.35,292.4,0
2020-08-25,292.4,294.3,291.15,293.8,0
2020-08-26,294.2,297.8,293.25,297.7,0
2020-08-27,299.0,301.2,295.65,299.9,0
2020-08-28,300.0,304.05,299.6,302.85,0
2020-08-31,302.8,306.75,302.8,305.1,0
2020-09-01,305.05,309.45,301.4,302.25,0
2020-09-02,302.4,303.95,299.9,303.0,0
2020-09-03,303.1,304.2,295.35,297.9,0
2020-09-04,297.85,308.35,296.45,307.45,0
2020-09-07,307.55,308.85,304.25,307.0,0
2020-09-08,307.2,308.85,299.8,301.75,0
2020-09-09,301.75,306.05,300.3,305.4,0
2020-09-10,305.5,305.9,295.55,297.35,0
2020-09-11,297.5,305.25,297.2,304.4,0
2020-09-14,304.7,307.6,302.5,306.45,0
2020-09-15,306.6,309.1,304.55,305.65,0
2020-09-16,305.7,308.3,304.4,306.8,0
2020-09-17,306.95,308.6,301.25,308.0,0
2020-09-18,308.05,311.75,306.4,310.6,0
2020-09-21,310.4,312.1,301.35,303.75,0
2020-09-22,303.75,308.75,303.3,307.0,0
2020-09-23,307.0,307.25,294.5,295.8,0
2020-09-24,295.7,297.95,291.35,296.55,0
2020-09-25,296.5,299.5,294.4,297.75,0
2020-09-28,298.35,301.15,296.45,300.1,0
2020-09-29,300.0,300.6,295.5,299.6,0
2020-09-30,299.55,304.15,297.55,302.2,0
2020-10-01,301.6,304.65,285.4,287.7,0
2020-10-02,287.75,298.65,283.45,297.8,0
2020-10-05,298.0,298.45,293.2,296.35,0
2020-10-06,296.35,297.65,292.05,292.25,0
2020-10-07,292.7,305.5,292.25,302.95,0
2020-10-08,303.15,304.75,301.15,304.1,0
2020-10-09,304.2,309.8,303.9,308.4,0
2020-10-12,307.95,309.3,305.2,306.25,0
2020-10-13,306.35,306.7,302.65,304.0,0
2020-10-14,304.15,306.85,303.95,305.15,0
2020-10-15,305.05,309.35,302.45,308.5,0
2020-10-16,308.75,309.6,305.55,306.25,0
2020-10-19,306.05,310.8,305.7,308.45,0
2020-10-20,308.35,317.05,307.3,314.25,0
2020-10-21,314.15,321.8,314.05,319.55,0
2020-10-22,319.55,319.6,314.25,316.45,0
2020-10-23,316.4,316.45,312.45,314.1,0
2020-10-26,314.15,314.3,307.7,309.0,0
2020-10-27,309.15,311.25,308.0,308.75,0
2020-10-28,308.8,310.65,304.2,306.65,0
2020-10-29,306.9,309.4,304.35,305.75,0
2020-10-30,305.8,308.0,303.7,305.05,0
2020-11-02,304.3,309.65,302.8,308.6,0
2020-11-03,308.6,312.3,307.95,309.9,0
2020-11-04,309.95,312.1,302.85,310.35,0
2020-11-05,311.0,313.65,308.0,311.25,0
2020-11-06,311.5,317.4,310.15,314.95,0
2020-11-09,316.25,320.8,313.15,313.45,0
2020-11-10,313.55,316.25,309.65,315.5,0
2020-11-11,315.4,317.55,310.75,313.25,0
2020-11-12,313.2,316.4,312.1,313.45,0
2020-11-13,313.5,318.9,312.75,318.15,0
2020-11-16,317.9,326.25,317.9,322.6,0
2020-11-17,322.65,323.95,317.65,320.65,0
2020-11-18,320.65,324.2,318.8,319.5,0
2020-11-19,319.45,321.75,316.9,321.4,0
2020-11-20,321.2,330.15,320.35,329.15,0
2020-11-23,329.0,329.6,323.5,326.15,0
2020-11-24,326.25,331.6,326.1,330.35,0
2020-11-25,330.05,333.05,328.0,331.6,0
2020-11-26,333.6,337.95,333.0,337.85,0
2020-11-27,337.4,342.5,333.0,342.05,0
2020-11-30,341.8,350.5,341.7,345.0,0
2020-12-01,344.95,352.15,344.7,350.35,0
2020-12-02,350.2,351.2,343.9,349.45,0
2020-12-03,349.35,352.3,346.95,348.2,0
2020-12-04,347.25,352.4,347.25,351.65,0
2020-12-07,352.75,354.6,347.85,350.65,0
2020-12-08,350.75,350.85,346.7,350.05,0
2020-12-09,350.4,353.5,348.5,349.8,0
2020-12-10,349.8,359.35,345.0,358.25,0
2020-12-11,358.3,362.45,349.8,353.35,0
2020-12-14,354.05,355.6,350.8,352.05,0
2020-12-15,352.2,355.6,350.0,354.35,0
2020-12-16,354.45,358.0,353.6,356.9,0
2020-12-17,356.45,361.4,356.15,361.2,0
2020-12-18,361.1,364.55,359.0,364.1,0
2020-12-21,364.05,364.45,354.65,357.95,0
2020-12-22,358.05,359.25,350.5,351.25,0
2020-12-23,351.05,356.35,347.8,354.5,0
2020-12-24,354.6,357.35,353.1,357.0,0
2020-12-28,356.9,361.8,355.65,357.2,0
2020-12-29,357.25,359.15,354.4,354.85,0
2020-12-30,355.25,358.3,354.05,354.4,0
2020-12-31,354.45,355.95,350.55,351.8,0
2021-01-04,352.7,360.7,352.2,356.3,0
2021-01-05,355.6,366.3,355.6,364.75,0
2021-01-06,364.65,370.75,362.45,366.15,0
2021-01-07,366.15,371.15,364.05,370.6,0
2021-01-08,373.15,373.55,364.0,366.3,0
2021-01-11,369.25,369.25,355.15,355.55,0
2021-01-12,355.8,364.85,355.7,364.2,0
2021-01-13,364.6,364.95,360.5,361.0,0
2021-01-14,361.05,367.5,360.15,367.1,0
2021-01-15,367.35,368.4,358.65,359.7,0
2021-01-18,358.05,364.9,355.85,361.3,0
2021-01-19,360.95,365.35,355.85,363.0,0
2021-01-20,362.7,366.4,361.6,364.5,0
2021-01-21,364.4,367.35,363.35,364.6,0
2021-01-22,364.7,365.2,356.35,361.8,0
2021-01-25,362.15,364.05,359.2,363.05,0
2021-01-26,362.95,364.15,358.1,361.65,0
2021-01-27,361.7,362.8,352.05,354.6,0
2021-01-28,354.7,359.85,349.1,357.45,0
2021-01-29,357.45,361.25,353.2,354.0,0
2021-02-01,355.55,358.5,352.35,355.15,0
2021-02-02,355.1,356.9,350.0,352.65,0
2021-02-03,352.75,357.3,350.35,356.25,0
2021-02-04,356.2,358.3,353.7,355.1,0
2021-02-05,355.2,364.0,355.15,363.75,0
2021-02-08,363.9,368.0,362.25,367.9,0
2021-02-09,367.85,372.55,366.7,371.8,0
2021-02-10,371.7,379.55,371.4,377.3,0
2021-02-11,377.4,379.2,375.0,378.0,0
2021-02-12,378.05,380.5,372.1,379.85,0
2021-02-15,380.3,383.4,379.5,382.6,0
2021-02-16,382.6,384.5,379.5,383.7,0
2021-02-17,383.55,384.05,379.4,382.1,0
2021-02-18,382.1,393.1,381.9,390.6,0
2021-02-19,390.2,409.1,388.65,406.5,0
2021-02-22,407.15,421.6,406.65,414.7,0
2021-02-23,415.05,422.45,408.75,421.3,0
2021-02-24,422.05,433.05,414.8,432.75,0
2021-02-25,432.15,437.55,419.1,420.55,0
2021-02-26,420.8,424.95,407.65,409.9,0
2021-03-01,410.6,418.1,408.9,410.0,0
2021-03-02,410.05,422.75,404.15,421.1,0
2021-03-03,420.8,422.15,410.2,410.45,0
2021-03-04,410.65,415.05,384.9,394.0,0
2021-03-05,395.15,411.0,390.7,409.95,0
2021-03-08,411.7,417.05,399.65,407.55,0
2021-03-09,407.95,412.1,397.2,401.3,0
2021-03-10,401.35,406.25,398.15,403.1,0
2021-03-11,403.55,415.0,400.95,414.55,0
2021-03-12,414.4,415.8,406.65,415.1,0
2021-03-15,416.0,419.0,411.05,413.9,0
2021-03-16,414.15,414.95,404.05,406.0,0
2021-03-17,406.25,416.15,404.6,414.55,0
2021-03-18,414.4,415.7,404.8,406.15,0
2021-03-19,406.3,412.15,401.05,410.1,0
2021-03-22,410.75,414.8,407.6,414.15,0
2021-03-23,414.45,416.5,401.6,402.7,0
2021-03-24,402.65,410.5,401.7,402.75,0
2021-03-25,402.6,404.6,394.2,399.5,0
2021-03-26,399.7,408.3,399.4,407.7,0
2021-03-29,408.0,408.25,400.8,403.65,0
2021-03-30,403.65,405.05,396.4,397.8,0
2021-03-31,397.85,401.75,395.45,398.3,0
2021-04-01,398.4,401.9,394.35,401.3,0
2021-04-05,402.8,416.0,402.4,413.8,0
2021-04-06,414.0,415.2,407.15,410.7,0
2021-04-07,410.65,411.8,403.55,406.05,0
2021-04-08,406.3,409.75,404.5,409.2,0
2021-04-09,409.3,410.75,403.6,404.5,0
2021-04-12,404.6,405.9,398.8,401.9,0
2021-04-13,401.3,405.9,399.85,403.85,0
2021-04-14,403.9,413.3,402.95,410.6,0
2021-04-15,410.5,423.6,410.5,422.5,0
2021-04-16,422.55,424.35,416.05,416.45,0
2021-04-19,416.6,427.7,415.2,423.8,0
2021-04-20,423.8,429.65,420.15,420.4,0
2021-04-21,420.85,429.6,420.5,428.7,0
2021-04-22,428.6,429.2,424.65,426.8,0
2021-04-23,426.45,434.4,426.0,433.25,0
2021-04-26,433.8,445.15,432.95,444.55,0
2021-04-27,444.7,451.7,443.9,448.25,0
2021-04-28,448.1,451.85,441.55,449.8,0
2021-04-29,450.0,455.1,446.45,448.25,0
2021-04-30,448.3,453.05,444.6,445.5,0
2021-05-03,446.2,453.55,443.5,452.6,0
2021-05-04,452.85,456.25,449.0,455.8,0
2021-05-05,455.6,457.25,450.35,451.8,0
2021-05-06,451.9,461.25,450.05,460.95,0
2021-05-07,460.9,475.1,459.75,474.75,0
2021-05-10,478.0,488.8,468.75,469.3,0
2021-05-11,466.5,480.35,466.25,479.75,0
2021-05-12,480.0,482.45,470.6,471.65,0
2021-05-13,471.9,476.75,464.35,467.85,0
2021-05-14,468.6,471.2,460.6,466.35,0
2021-05-17,466.75,472.2,464.05,471.75,0
2021-05-18,471.55,478.2,470.4,470.6,0
2021-05-19,470.65,472.8,452.85,456.75,0
2021-05-20,457.2,462.5,452.3,452.85,0
2021-05-21,453.5,456.25,446.9,450.8,0
2021-05-24,450.2,454.15,444.4,453.25,0
2021-05-25,453.15,458.15,449.1,451.0,0
2021-05-26,451.05,454.7,449.45,452.2,0
2021-05-27,452.5,467.7,450.15,466.7,0
2021-05-28,466.6,469.5,459.25,466.95,0
2021-05-31,467.55,470.55,465.25,466.9,0
2021-06-01,467.0,470.7,463.75,465.2,0
2021-06-02,465.3,466.75,457.9,460.1,0
2021-06-03,460.4,462.05,442.95,446.85,0
2021-06-04,446.75,453.95,443.7,451.5,0
2021-06-07,452.3,453.9,446.85,452.1,0
2021-06-08,452.0,456.0,446.05,454.2,0
2021-06-09,454.2,455.9,448.5,451.55,0
2021-06-10,451.85,453.45,444.15,448.95,0
2021-06-11,449.3,459.5,447.75,454.9,0
2021-06-14,454.25,458.15,450.1,452.4,0
2021-06-15,452.5,453.65,431.55,433.5,0
2021-06-16,433.55,439.9,426.6,426.8,0
2021-06-17,427.3,433.95,415.45,417.2,0
2021-06-18,417.25,421.85,412.0,412.2,0
2021-06-21,412.5,419.1,408.8,417.7,0
2021-06-22,417.75,425.9,416.5,422.95,0
2021-06-23,423.05,434.25,422.75,431.7,0
2021-06-24,431.7,432.8,426.4,431.0,0
2021-06-25,431.05,433.8,426.75,427.6,0
2021-06-28,427.9,430.85,425.2,427.8,0
2021-06-29,427.8,428.1,420.3,425.7,0
2021-06-30,425.75,433.5,425.15,429.15,0
2021-07-01,428.9,431.45,422.65,424.1,0
2021-07-02,424.25,429.45,422.75,427.8,0
2021-07-05,428.1,435.8,425.7,433.65,0
2021-07-06,434.05,440.25,423.4,424.9,0
2021-07-07,425.05,436.2,424.75,430.6,0
2021-07-08,430.8,432.4,423.25,426.9,0
2021-07-09,427.0,436.9,425.35,434.05,0
2021-07-12,434.65,436.4,428.05,432.8,0
2021-07-13,432.9,434.25,425.5,429.1,0
2021-07-14,429.25,430.7,425.75,426.55,0
2021-07-15,426.6,434.65,425.15,431.15,0
2021-07-16,431.15,434.45,430.15,430.55,0
2021-07-19,431.0,431.0,416.65,420.15,0
2021-07-20,420.1,427.0,419.45,425.85,0
2021-07-21,425.95,429.0,422.6,427.95,0
2021-07-22,428.0,434.45,427.3,433.8,0
2021-07-23,433.75,446.05,433.35,445.5,0
2021-07-26,444.9,460.85,441.9,459.1,0
2021-07-27,459.3,462.75,450.5,455.9,0
2021-07-28,455.8,458.75,442.95,447.5,0
2021-07-29,447.95,454.9,445.95,452.0,0
2021-07-30,452.4,455.6,444.5,447.65,0
2021-08-02,449.35,453.15,440.95,443.15,0
2021-08-03,443.3,444.25,433.85,438.0,0
2021-08-04,438.1,439.8,431.6,433.2,0
2021-08-05,433.25,435.9,430.55,434.7,0
2021-08-06,434.85,442.15,433.15,433.6,0
2021-08-09,433.65,434.35,424.35,429.1,0
2021-08-10,429.2,437.25,428.4,434.75,0
2021-08-11,434.65,437.85,431.8,436.65,0
2021-08-12,436.75,441.6,433.65,436.25,0
2021-08-13,436.2,443.1,435.15,435.75,0
2021-08-16,436.3,438.15,430.35,432.7,0
2021-08-17,432.7,434.25,420.15,422.3,0
2021-08-18,422.5,424.95,409.85,411.25,0
2021-08-19,411.55,413.35,396.15,404.6,0
2021-08-20,404.4,414.7,404.1,414.35,0
2021-08-23,413.25,425.65,412.9,422.15,0
2021-08-24,422.1,429.7,419.05,425.3,0
2021-08-25,425.6,430.25,423.85,426.2,0
2021-08-26,427.8,428.75,423.05,424.9,0
2021-08-27,424.95,434.15,423.75,433.45,0
2021-08-30,433.8,441.8,433.05,437.75,0
2021-08-31,437.85,439.35,433.6,436.55,0
2021-09-01,436.55,437.3,425.6,427.95,0
2021-09-02,428.3,431.1,425.2,429.6,0
2021-09-03,429.75,435.1,428.0,433.6,0
2021-09-06,433.4,434.65,430.35,433.0,0
2021-09-07,432.8,434.65,425.5,427.35,0
2021-09-08,427.5,429.95,420.6,423.55,0
2021-09-09,423.75,431.4,421.55,427.9,0
2021-09-10,428.0,446.9,427.3,442.55,0
2021-09-13,442.6,447.15,433.15,436.6,0
2021-09-14,436.75,437.75,428.7,431.4,0
2021-09-15,431.55,442.25,429.15,440.25,0
2021-09-16,440.2,441.2,425.6,428.2,0
2021-09-17,428.15,435.9,423.1,423.75,0
2021-09-20,423.95,424.6,409.4,412.45,0
2021-09-21,412.45,417.9,401.6,410.95,0
2021-09-22,411.25,427.75,410.7,422.25,0
2021-09-23,422.5,428.8,419.45,423.15,0
2021-09-24,423.0,430.2,420.3,428.1,0
2021-09-27,429.25,431.75,425.5,427.9,0
2021-09-28,427.85,430.15,423.1,424.6,0
2021-09-29,424.85,425.75,416.65,417.7,0
2021-09-30,417.75,420.8,405.45,410.5,0
2021-10-01,410.65,421.0,405.85,420.55,0
2021-10-04,421.45,430.3,417.75,423.65,0
2021-10-05,423.9,424.2,415.1,418.15,0
2021-10-06,418.2,421.85,411.4,417.3,0
2021-10-07,417.55,426.0,416.25,424.75,0
2021-10-08,424.95,430.1,422.25,427.85,0
2021-10-11,427.95,438.5,425.55,433.85,0
2021-10-12,433.9,439.55,428.65,432.1,0
2021-10-13,432.25,452.8,430.5,448.95,0
2021-10-14,449.05,463.65,448.3,461.1,0
2021-10-15,461.85,478.1,460.35,472.1,0
2021-10-18,473.05,482.3,468.55,471.15,0
2021-10-19,471.6,481.5,466.85,468.45,0
2021-10-20,468.75,474.9,459.35,473.15,0
2021-10-21,473.35,475.75,453.7,455.75,0
2021-10-22,456.25,461.9,446.1,450.15,0
2021-10-25,451.4,456.85,450.15,452.95,0
2021-10-26,453.0,455.45,447.2,449.55,0
2021-10-27,449.55,451.0,436.3,438.75,0
2021-10-28,438.85,446.35,435.25,443.25,0
2021-10-29,443.45,445.3,433.4,437.4,0
2021-11-01,437.75,440.3,432.85,438.9,0
2021-11-02,439.0,443.3,433.3,437.1,0
2021-11-03,437.0,445.05,428.0,434.75,0
2021-11-04,435.2,440.4,427.8,432.1,0
2021-11-05,432.6,437.35,428.2,434.1,0
2021-11-08,436.0,441.45,433.0,439.75,0
2021-11-09,439.9,444.75,433.75,437.3,0
2021-11-10,437.4,441.4,428.5,430.15,0
2021-11-11,430.45,443.2,430.05,440.35,0
2021-11-12,440.3,445.9,437.4,445.15,0
2021-11-15,445.5,448.9,439.1,440.95,0
2021-11-16,441.15,444.25,432.3,434.45,0
2021-11-17,434.4,436.05,419.15,420.15,0
2021-11-18,420.7,432.35,420.65,429.95,0
2021-11-19,430.35,441.9,429.15,439.8,0
2021-11-22,440.35,442.3,435.2,439.2,0
2021-11-23,439.2,445.2,437.05,441.85,0
2021-11-24,441.7,449.1,439.15,447.3,0
2021-11-25,447.0,450.05,441.55,443.7,0
2021-11-26,444.8,451.15,428.05,428.65,0
2021-11-29,430.3,438.15,428.75,435.5,0
2021-11-30,435.55,436.75,425.05,431.05,0
2021-12-01,430.55,435.15,420.65,422.8,0
2021-12-02,423.3,431.45,423.05,429.0,0
2021-12-03,429.1,433.8,424.55,426.9,0
2021-12-06,427.7,434.85,425.35,433.4,0
2021-12-07,433.75,439.25,430.25,434.0,0
2021-12-08,433.95,439.75,432.05,438.0,0
2021-12-09,437.75,439.8,429.75,431.5,0
2021-12-10,431.55,435.95,427.35,429.4,0
2021-12-13,429.55,433.3,427.7,429.25,0
2021-12-14,429.25,430.6,425.05,426.7,0
2021-12-15,426.6,427.75,411.95,424.5,0
2021-12-16,424.35,432.15,422.1,429.9,0
2021-12-17,430.15,433.1,427.3,428.5,0
2021-12-20,428.8,431.0,423.2,430.35,0
2021-12-21,430.15,435.85,429.45,434.95,0
2021-12-22,434.9,439.45,432.7,438.8,0
2021-12-23,438.95,441.2,434.3,440.5,0
2021-12-24,438.95,441.2,434.3,440.35,0
2021-12-27,438.85,449.15,434.5,446.5,0
2021-12-28,446.65,449.85,442.35,443.45,0
2021-12-29,443.4,444.8,438.2,441.5,0
2021-12-30,441.7,443.55,437.95,438.8,0
2021-12-31,438.95,447.4,438.2,445.75,0
2022-01-03,445.85,448.05,433.5,442.25,0
2022-01-04,442.45,447.85,437.8,447.0,0
2022-01-05,447.25,447.3,437.2,439.1,0
2022-01-06,439.2,440.8,431.35,435.4,0
2022-01-07,435.4,441.75,434.35,440.0,0
2022-01-10,440.15,443.1,433.05,437.25,0
2022-01-11,437.2,443.85,436.6,443.2,0
2022-01-12,443.15,460.1,442.0,455.65,0
2022-01-13,455.7,457.7,450.45,451.1,0
2022-01-14,451.15,454.75,441.25,442.85,0
2022-01-17,443.1,444.7,438.2,443.05,0
2022-01-18,443.1,444.9,437.6,440.25,0
2022-01-19,440.35,448.85,439.2,445.0,0
2022-01-20,444.9,458.6,444.4,453.0,0
2022-01-21,452.95,458.05,448.4,451.7,0
2022-01-24,452.2,453.8,438.65,445.2,0
2022-01-25,445.6,447.8,438.55,445.8,0
2022-01-26,445.65,453.45,441.9,445.45,0
2022-01-27,445.7,449.1,439.9,441.6,0
2022-01-28,441.85,445.0,429.85,432.8,0
2022-01-31,432.75,435.5,428.2,432.6,0
2022-02-01,433.0,444.55,431.1,443.55,0
2022-02-02,443.35,450.9,443.0,448.05,0
2022-02-03,447.85,450.2,442.3,447.95,0
2022-02-04,448.1,451.45,441.25,450.55,0
2022-02-07,449.95,451.95,442.9,448.35,0
2022-02-08,448.2,448.4,439.5,447.1,0
2022-02-09,447.4,464.3,441.85,463.45,0
2022-02-10,463.35,470.85,458.55,461.85,0
2022-02-11,461.5,462.9,443.15,443.55,0
2022-02-14,445.3,451.95,444.4,449.0,0
2022-02-15,449.35,455.2,447.25,453.25,0
2022-02-16,453.0,458.95,451.8,453.55,0
2022-02-17,453.65,455.05,446.55,449.9,0
2022-02-18,450.0,457.2,449.6,451.4,0
2022-02-21,451.0,454.45,448.05,448.2,0
2022-02-22,451.0,454.45,446.75,450.5,0
2022-02-23,451.0,454.55,444.95,445.95,0
2022-02-24,446.6,459.35,444.7,450.45,0
2022-02-25,450.75,452.85,445.6,448.65,0
2022-02-28,449.25,453.2,445.0,450.55,0
2022-03-01,450.6,460.2,449.2,457.3,0
2022-03-02,457.1,470.5,455.25,467.55,0
2022-03-03,467.1,479.85,466.15,478.35,0
2022-03-04,478.25,494.9,475.1,491.6,0
2022-03-07,492.0,503.95,466.8,474.75,0
2022-03-08,474.5,496.7,460.3,470.85,0
2022-03-09,471.05,478.85,455.3,459.1,0
2022-03-10,459.65,467.85,457.4,463.7,0
2022-03-11,463.35,472.4,459.45,461.05,0
2022-03-14,459.8,461.55,449.6,450.7,0
2022-03-15,451.55,454.3,446.85,450.2,0
2022-03-16,450.1,464.05,449.85,462.2,0
2022-03-17,462.1,471.7,461.05,469.7,0
2022-03-18,470.2,476.0,467.3,471.65,0
2022-03-21,472.7,473.2,465.6,470.15,0
2022-03-22,470.4,476.9,468.0,471.0,0
2022-03-23,471.0,478.55,468.9,477.7,0
2022-03-24,477.6,481.75,470.85,472.4,0
2022-03-25,472.75,477.3,468.6,469.05,0
2022-03-28,469.6,473.9,464.2,472.3,0
2022-03-29,472.45,475.75,469.9,474.9,0
2022-03-30,474.9,482.8,472.6,474.6,0
2022-03-31,474.8,476.9,470.5,472.95,0
2022-04-01,472.55,475.15,466.9,470.55,0
2022-04-04,470.55,480.9,468.8,478.4,0
2022-04-05,478.25,486.0,475.25,476.4,0
2022-04-06,476.6,478.85,469.7,470.45,0
2022-04-07,470.5,472.95,467.25,471.6,0
2022-04-08,471.85,476.55,470.2,472.6,0
2022-04-11,472.7,473.95,462.4,462.95,0
2022-04-12,462.95,472.6,462.5,469.15,0
2022-04-13,469.35,475.6,467.45,469.85,0
2022-04-14,470.0,474.1,466.6,472.0,0
2022-04-18,474.5,484.25,468.8,480.2,0
2022-04-19,480.0,480.95,468.05,469.75,0
2022-04-20,469.8,470.9,461.95,466.3,0
2022-04-21,466.4,471.8,462.75,468.35,0
2022-04-22,467.9,470.65,457.0,458.1,0
2022-04-25,460.2,462.2,443.0,449.75,0
2022-04-26,449.95,454.45,440.8,441.35,0
2022-04-27,441.55,451.45,441.55,446.25,0
2022-04-28,446.45,449.35,438.65,444.25,0
2022-04-29,444.4,451.2,437.15,438.55,0
2022-05-02,439.3,440.4,420.4,428.25,0
2022-05-03,428.55,436.0,426.35,430.1,0
2022-05-04,429.9,438.35,425.1,436.35,0
2022-05-05,436.7,444.0,427.65,429.0,0
2022-05-06,429.05,431.9,423.1,424.35,0
2022-05-09,423.8,424.5,412.4,419.85,0
2022-05-10,419.6,425.8,412.85,415.85,0
2022-05-11,415.5,425.0,414.85,421.45,0
2022-05-12,421.15,422.25,403.7,408.75,0
2022-05-13,408.6,418.5,405.5,416.45,0
2022-05-16,417.95,422.0,413.35,420.65,0
2022-05-17,420.3,428.35,420.3,423.05,0
2022-05-18,422.95,424.8,413.15,415.2,0
2022-05-19,415.5,429.8,414.45,427.6,0
2022-05-20,427.75,432.75,425.05,430.05,0
2022-05-23,429.45,435.5,427.2,433.95,0
2022-05-24,434.1,434.15,425.65,431.25,0
2022-05-25,431.4,432.25,422.3,426.9,0
2022-05-26,426.85,428.0,420.35,427.3,0
2022-05-27,427.3,432.7,425.5,432.15,0
2022-05-30,432.0,436.0,430.95,433.3,0
2022-05-31,432.0,436.65,427.4,428.3,0
2022-06-01,428.55,435.0,425.9,432.5,0
2022-06-02,432.8,456.9,430.75,455.8,0
2022-06-03,455.5,457.7,445.8,447.65,0
2022-06-06,446.7,447.2,440.6,442.95,0
2022-06-07,443.25,446.15,437.05,444.8,0
2022-06-08,444.35,445.75,439.65,444.5,0
2022-06-09,444.5,445.15,435.55,436.75,0
2022-06-10,436.8,438.3,427.45,427.85,0
2022-06-13,427.75,427.8,417.0,419.9,0
2022-06-14,420.05,425.1,411.6,413.8,0
2022-06-15,414.4,420.4,411.7,416.1,0
2022-06-16,417.3,421.9,404.1,410.5,0
2022-06-17,410.25,411.6,399.0,401.0,0
2022-06-20,399.75,404.0,394.55,399.75,0
2022-06-21,399.75,408.3,394.55,402.45,0
2022-06-22,402.4,402.8,388.05,393.0,0
2022-06-23,393.25,394.65,372.3,373.95,0
2022-06-24,374.1,379.8,364.0,373.65,0
2022-06-27,374.75,381.85,374.1,375.95,0
2022-06-28,376.05,385.0,374.1,375.6,0
2022-06-29,375.8,381.9,370.8,377.15,0
2022-06-30,377.2,379.5,367.25,367.75,0
2022-07-01,367.8,370.25,355.35,361.15,0
2022-07-04,361.5,362.35,354.45,356.75,0
2022-07-05,361.5,362.35,340.0,342.8,0
2022-07-06,342.65,345.95,327.3,343.85,0
2022-07-07,344.1,358.0,339.65,354.05,0
2022-07-08,354.3,357.15,344.4,351.65,0
2022-07-11,350.5,352.05,338.65,342.4,0
2022-07-12,342.55,345.7,324.65,325.8,0
2022-07-13,326.1,334.3,321.65,331.7,0
2022-07-14,331.05,333.0,317.45,322.55,0
2022-07-15,322.85,327.75,313.15,324.5,0
2022-07-18,324.65,337.1,321.7,331.65,0
2022-07-19,331.55,332.8,325.3,329.25,0
2022-07-20,329.45,337.55,329.15,331.35,0
2022-07-21,331.35,332.4,325.05,330.5,0
2022-07-22,330.5,339.9,329.55,332.3,0
2022-07-25,332.3,340.5,331.35,336.65,0
2022-07-26,336.75,346.55,334.9,339.0,0
2022-07-27,339.25,347.8,336.8,347.15,0
2022-07-28,347.05,352.65,345.15,349.3,0
2022-07-29,349.35,359.45,346.05,359.15,0
2022-08-01,357.5,359.7,351.2,353.05,0
2022-08-02,353.5,355.95,344.85,347.25,0
2022-08-03,347.2,353.05,344.65,347.75,0
2022-08-04,347.7,352.05,341.6,347.25,0
2022-08-05,347.35,358.5,347.35,355.05,0
2022-08-08,354.8,362.25,353.15,358.7,0
2022-08-09,358.7,363.05,356.1,358.8,0
2022-08-10,358.55,365.75,354.95,363.55,0
2022-08-11,363.55,370.85,363.4,369.3,0
2022-08-12,369.15,371.3,364.25,367.7,0
2022-08-15,367.6,367.85,354.6,360.3,0
2022-08-16,360.5,364.35,358.25,362.5,0
2022-08-17,362.45,365.15,356.6,358.75,0
2022-08-18,358.95,366.65,354.2,364.9,0
2022-08-19,364.8,367.95,360.8,366.95,0
2022-08-22,366.8,368.8,360.4,365.4,0
2022-08-23,365.2,373.15,362.55,368.4,0
2022-08-24,368.5,369.8,362.3,363.85,0
2022-08-25,364.25,370.9,363.2,369.95,0
2022-08-26,369.65,378.3,368.1,369.4,0
2022-08-29,370.0,370.1,356.3,360.0,0
2022-08-30,360.0,363.55,353.5,355.7,0
2022-08-31,355.7,359.9,344.45,351.15,0
2022-09-01,351.55,351.65,340.35,340.75,0
2022-09-02,341.1,345.5,338.15,340.1,0
2022-09-05,339.95,346.5,336.1,345.75,0
2022-09-06,339.95,350.0,336.1,345.85,0
2022-09-07,346.0,346.7,340.3,344.15,0
2022-09-08,344.6,355.7,344.2,355.4,0
2022-09-09,355.2,362.85,353.65,355.15,0
2022-09-12,355.6,362.25,353.2,361.6,0
2022-09-13,361.9,369.25,352.2,353.0,0
2022-09-14,353.15,355.75,350.15,351.55,0
2022-09-15,351.75,355.25,346.65,347.25,0
2022-09-16,347.8,354.4,342.85,354.1,0
2022-09-19,355.25,355.8,347.45,352.5,0
2022-09-20,352.7,354.75,348.3,349.75,0
2022-09-21,349.95,351.6,341.05,343.85,0
2022-09-22,344.0,352.2,342.05,346.3,0
2022-09-23,346.4,347.25,332.7,334.65,0
2022-09-26,335.05,336.45,327.4,329.4,0
2022-09-27,329.55,335.3,326.8,329.3,0
2022-09-28,329.4,339.2,324.3,338.05,0
2022-09-29,338.1,343.35,330.55,342.7,0
2022-09-30,342.7,347.45,338.85,338.9,0
2022-10-03,339.65,342.4,335.2,341.65,0
2022-10-04,341.65,353.15,340.2,349.35,0
2022-10-05,349.4,355.55,344.65,354.25,0
2022-10-06,354.15,359.3,343.1,343.75,0
2022-10-07,343.95,344.8,337.3,338.25,0
2022-10-10,338.4,347.65,337.1,343.75,0
2022-10-11,343.65,347.45,338.35,342.05,0
2022-10-12,342.45,346.5,339.8,342.8,0
2022-10-13,342.85,347.7,335.4,346.0,0
2022-10-14,346.35,350.1,340.05,340.55,0
2022-10-17,341.25,346.75,339.05,340.75,0
2022-10-18,341.3,343.55,333.9,336.2,0
2022-10-19,336.6,337.55,330.7,332.4,0
2022-10-20,332.55,343.7,330.3,339.8,0
2022-10-21,339.8,348.25,334.55,347.85,0
2022-10-24,348.5,350.45,342.25,343.4,0
2022-10-25,343.15,344.1,336.25,340.15,0
2022-10-26,340.55,355.45,338.25,353.95,0
2022-10-27,353.9,355.65,349.1,352.8,0
2022-10-28,352.65,353.0,341.6,343.2,0
2022-10-31,343.0,344.35,336.15,337.9,0
2022-11-01,338.0,350.15,337.8,346.7,0
2022-11-02,347.15,351.6,343.3,343.5,0
2022-11-03,343.95,346.45,337.95,342.4,0
2022-11-04,342.55,370.85,341.8,369.8,0
2022-11-07,364.5,366.05,357.8,360.05,0
2022-11-08,360.05,369.95,356.25,366.3,0
2022-11-09,366.15,374.8,362.7,367.5,0
2022-11-10,367.8,379.25,362.85,377.55,0
2022-11-11,377.8,394.45,376.15,393.6,0
2022-11-14,393.25,396.0,381.65,383.9,0
2022-11-15,383.8,388.9,379.15,381.95,0
2022-11-16,381.9,382.35,374.9,375.7,0
2022-11-17,376.1,376.9,366.5,367.95,0
2022-11-18,368.95,370.75,362.75,363.65,0
2022-11-21,364.35,364.8,354.75,358.1,0
2022-11-22,358.15,366.9,357.4,362.05,0
2022-11-23,361.95,365.65,359.1,364.25,0
2022-11-24,364.3,367.5,362.4,363.0,0
2022-11-25,364.3,368.85,361.1,361.75,0
2022-11-28,360.0,362.6,354.7,359.95,0
2022-11-29,360.15,368.45,359.55,364.6,0
2022-11-30,364.4,379.25,363.4,378.3,0
2022-12-01,378.2,382.25,373.5,379.6,0
2022-12-02,379.75,386.5,374.45,385.45,0
2022-12-05,385.3,389.45,377.3,378.85,0
2022-12-06,379.15,386.35,378.45,382.15,0
2022-12-07,382.1,387.4,377.5,384.4,0
2022-12-08,384.35,391.25,383.3,388.05,0
2022-12-09,388.15,392.45,384.6,385.55,0
2022-12-12,385.95,385.95,378.6,380.65,0
2022-12-13,380.8,392.9,380.35,384.6,0
2022-12-14,384.55,389.2,382.3,386.1,0
2022-12-15,386.35,386.75,375.7,377.65,0
2022-12-16,377.6,380.5,373.3,377.0,0
2022-12-19,376.95,382.45,374.95,376.15,0
2022-12-20,376.1,383.05,372.3,380.75,0
2022-12-21,380.7,382.85,378.9,381.65,0
2022-12-22,381.8,384.9,374.95,376.45,0
2022-12-23,376.45,381.7,376.1,381.15,0
2022-12-27,384.0,394.15,383.2,385.05,0
2022-12-28,384.9,387.3,382.1,383.35,0
2022-12-29,383.5,385.2,380.75,382.9,0
2022-12-30,382.85,385.15,379.55,381.9,0
2023-01-03,383.55,387.15,375.85,376.85,0
2023-01-04,377.1,380.7,370.85,374.15,0
2023-01-05,374.05,384.2,372.15,382.65,0
2023-01-06,382.55,393.0,379.85,392.3,0
2023-01-09,392.35,404.45,392.35,401.0,0
2023-01-10,401.2,408.35,398.75,408.05,0
2023-01-11,408.0,418.5,406.55,417.65,0
2023-01-12,417.55,421.15,412.95,417.2,0
2023-01-13,417.3,422.25,412.85,421.7,0
2023-01-16,421.05,422.15,413.8,413.85,0
2023-01-17,421.05,424.45,411.05,423.25,0
2023-01-18,423.35,435.5,420.5,422.75,0
2023-01-19,422.65,426.85,416.8,424.8,0
2023-01-20,424.5,427.95,420.65,427.85,0
2023-01-23,427.95,430.25,422.6,425.85,0
2023-01-24,425.9,428.25,421.55,426.3,0
2023-01-25,426.45,427.35,421.1,426.2,0
2023-01-26,426.45,429.0,423.25,428.25,0
2023-01-27,428.2,428.7,417.2,422.8,0
2023-01-30,423.0,424.9,416.8,418.35,0
2023-01-31,418.45,423.15,411.85,422.25,0
2023-02-01,422.35,422.5,410.25,418.05,0
2023-02-02,418.15,419.95,407.8,408.6,0
2023-02-03,409.1,413.6,403.05,403.05,0
2023-02-06,404.15,407.4,399.3,403.65,0
2023-02-07,403.8,408.65,400.25,406.8,0
2023-02-08,407.0,411.65,401.6,404.7,0
2023-02-09,404.75,412.05,403.95,406.8,0
2023-02-10,407.45,408.25,400.5,401.5,0
2023-02-13,401.85,406.85,399.35,406.05,0
2023-02-14,405.9,411.1,402.55,408.8,0
2023-02-15,408.75,409.1,397.85,402.45,0
2023-02-16,402.45,414.65,401.85,412.1,0
2023-02-17,411.95,413.35,405.9,412.7,0
2023-02-20,412.6,419.8,410.15,417.85,0
2023-02-21,412.6,423.7,410.15,421.5,0
2023-02-22,421.4,422.35,414.85,417.75,0
2023-02-23,417.9,418.85,403.9,405.15,0
2023-02-24,405.25,407.9,394.95,395.85,0
2023-02-27,396.0,402.4,393.7,400.8,0
2023-02-28,401.0,409.45,399.15,407.4,0
2023-03-01,407.45,417.45,406.5,416.85,0
2023-03-02,416.85,417.4,404.7,407.3,0
2023-03-03,407.45,411.75,406.05,406.9,0
2023-03-06,406.5,409.3,400.85,407.6,0
2023-03-07,407.5,409.5,396.3,396.55,0
2023-03-08,396.75,407.25,396.1,402.95,0
2023-03-09,402.7,405.5,399.55,400.7,0
2023-03-10,400.7,406.35,396.7,400.7,0
2023-03-13,400.75,407.75,392.15,404.05,0
2023-03-14,404.2,405.25,398.2,400.5,0
2023-03-15,400.5,402.75,384.0,388.35,0
2023-03-16,388.35,390.3,382.2,387.25,0
2023-03-17,387.65,395.25,387.0,389.5,0
2023-03-20,390.85,397.0,385.5,395.65,0
2023-03-21,395.55,403.45,392.85,400.4,0
2023-03-22,400.15,410.75,397.15,403.55,0
2023-03-23,404.3,412.65,402.25,410.4,0
2023-03-24,410.15,414.85,405.05,407.3,0
2023-03-27,407.5,410.2,402.35,409.7,0
2023-03-28,409.7,411.3,405.9,407.65,0
2023-03-29,407.65,413.35,404.95,408.25,0
2023-03-30,408.15,413.45,405.85,411.1,0
2023-03-31,411.2,411.75,402.15,408.15,0
2023-04-03,409.1,409.75,403.45,405.2,0
2023-04-04,405.3,407.15,394.45,396.95,0
2023-04-05,397.4,399.6,392.6,398.35,0
2023-04-06,398.25,403.15,397.1,401.1,0
2023-04-10,401.8,403.95,396.3,398.75,0
2023-04-11,398.7,405.4,397.8,402.95,0
2023-04-12,402.95,408.8,398.4,406.85,0
2023-04-13,407.0,414.3,405.35,412.7,0
2023-04-14,412.85,419.55,409.5,411.75,0
2023-04-17,411.2,413.3,405.8,407.2,0
2023-04-18,407.5,410.5,405.85,408.9,0
2023-04-19,409.0,409.35,402.55,407.25,0
2023-04-20,407.25,407.8,400.85,401.85,0
2023-04-21,402.0,403.2,397.35,398.45,0
2023-04-24,398.35,399.9,395.0,395.9,0
2023-04-25,397.35,398.5,385.15,386.5,0
2023-04-26,386.6,390.95,385.0,385.3,0
2023-04-27,385.7,390.0,381.65,389.25,0
2023-04-28,389.1,391.85,385.7,389.6,0
2023-05-01,389.5,400.5,387.05,393.7,0
2023-05-02,393.55,395.3,385.7,386.4,0
2023-05-03,386.85,387.2,383.0,384.8,0
2023-05-04,385.5,390.75,382.6,385.8,0
2023-05-05,386.1,390.6,382.5,389.1,0
2023-05-08,389.25,395.95,387.65,392.35,0
2023-05-09,392.4,392.4,388.1,390.4,0
2023-05-10,390.35,391.85,382.85,384.9,0
2023-05-11,385.2,385.55,368.4,369.8,0
2023-05-12,370.1,375.15,367.7,372.35,0
2023-05-15,372.35,377.9,370.05,374.3,0
2023-05-16,374.3,375.45,365.7,366.0,0
2023-05-17,366.2,377.4,365.25,374.8,0
2023-05-18,374.6,376.45,368.05,369.5,0
2023-05-19,369.75,376.75,367.65,372.75,0
2023-05-22,372.75,373.75,366.75,367.75,0
2023-05-23,368.05,370.5,362.2,363.95,0
2023-05-24,364.05,364.75,354.5,356.55,0
2023-05-25,356.55,361.8,354.6,359.05,0
2023-05-26,359.25,368.45,358.3,367.15,0
2023-05-29,368.2,371.1,365.85,367.25,0
2023-05-30,368.2,371.1,362.7,366.0,0
2023-05-31,366.2,367.15,362.2,366.55,0
2023-06-01,366.7,373.15,364.5,371.25,0
2023-06-02,371.25,378.9,369.25,372.9,0
2023-06-05,372.8,378.45,368.6,376.15,0
2023-06-06,376.25,378.0,371.8,376.6,0
2023-06-07,376.65,381.15,374.1,375.5,0
2023-06-08,375.35,379.7,373.45,378.65,0
2023-06-09,378.75,383.35,376.95,377.15,0
2023-06-12,377.15,377.8,373.5,375.2,0
2023-06-13,375.3,386.4,374.5,382.85,0
2023-06-14,382.85,387.4,379.8,385.85,0
2023-06-15,385.9,390.4,381.15,389.1,0
2023-06-16,389.05,392.7,387.8,387.95,0
2023-06-19,388.5,388.9,385.1,386.3,0
2023-06-20,388.5,389.9,383.7,387.95,0
2023-06-21,388.25,392.6,384.45,390.5,0
2023-06-22,390.65,396.7,387.65,388.95,0
2023-06-23,389.05,389.1,378.6,380.65,0
2023-06-26,382.05,384.95,378.5,379.9,0
2023-06-27,380.05,384.65,377.75,379.1,0
2023-06-28,379.0,380.0,371.8,372.8,0
2023-06-29,372.9,375.2,368.3,369.75,0
2023-06-30,369.95,377.05,369.45,376.4,0
2023-07-03,376.55,380.75,375.95,379.15,0
2023-07-04,379.35,380.95,377.3,378.55,0
2023-07-05,379.35,380.95,373.25,375.95,0
2023-07-06,376.15,377.6,372.25,374.45,0
2023-07-07,374.25,378.75,372.55,378.1,0
2023-07-10,378.2,379.9,374.25,378.85,0
2023-07-11,378.9,382.25,375.2,377.1,0
2023-07-12,377.25,386.05,376.65,385.25,0
2023-07-13,385.4,395.3,384.2,395.2,0
2023-07-14,395.3,395.4,390.35,392.35,0
2023-07-17,392.7,392.7,381.15,384.05,0
2023-07-18,384.3,385.45,380.3,383.25,0
2023-07-19,383.3,383.85,378.1,381.6,0
2023-07-20,381.55,388.85,381.1,382.75,0
2023-07-21,382.8,387.4,380.9,381.75,0
2023-07-24,381.85,386.05,378.2,384.7,0
2023-07-25,384.85,394.15,384.45,392.4,0
2023-07-26,392.65,392.65,387.65,390.3,0
2023-07-27,390.5,394.35,383.8,384.65,0
2023-07-28,384.8,393.4,384.4,393.3,0
2023-07-31,393.0,401.7,390.8,401.6,0
2023-08-01,401.55,402.4,390.4,390.8,0
2023-08-02,391.0,392.1,383.4,384.4,0
2023-08-03,384.45,390.4,382.05,389.65,0
2023-08-04,389.95,392.8,382.55,384.65,0
2023-08-07,385.2,387.7,382.5,383.95,0
2023-08-08,384.2,384.2,372.65,377.9,0
2023-08-09,377.95,382.7,376.35,378.5,0
2023-08-10,378.75,383.15,374.65,375.55,0
2023-08-11,375.5,376.75,369.5,371.85,0
2023-08-14,371.85,374.2,368.7,372.75,0
2023-08-15,372.7,374.9,365.6,365.85,0
2023-08-16,366.0,369.4,364.2,364.75,0
2023-08-17,364.75,371.95,362.7,368.6,0
2023-08-18,368.8,372.15,366.45,371.95,0
2023-08-21,371.6,373.05,368.45,372.05,0
2023-08-22,372.1,377.75,371.6,375.75,0
2023-08-23,375.8,381.55,375.7,381.0,0
2023-08-24,381.05,381.25,376.45,376.85,0
2023-08-25,376.95,380.3,373.8,376.55,0
2023-08-28,379.5,382.9,378.0,380.05,0
2023-08-29,380.25,384.45,378.7,383.75,0
2023-08-30,383.95,385.05,381.2,383.9,0
2023-08-31,383.85,384.65,379.85,383.3,0
2023-09-01,383.3,390.85,382.9,385.05,0
2023-09-04,385.5,387.25,381.6,383.15,0
2023-09-05,385.5,387.25,379.9,383.65,0
2023-09-06,383.75,384.75,378.1,379.1,0
2023-09-07,379.05,379.3,373.9,375.85,0
2023-09-08,376.05,376.55,371.15,371.45,0
2023-09-11,371.7,381.2,371.25,380.2,0
2023-09-12,380.3,381.35,377.5,378.9,0
2023-09-13,379.1,381.95,377.05,378.3,0
2023-09-14,378.5,384.25,377.8,381.75,0
2023-09-15,381.55,385.15,378.75,379.65,0
2023-09-18,379.75,382.3,376.55,377.85,0
2023-09-19,378.0,378.1,372.8,375.15,0
2023-09-20,375.2,378.95,373.85,373.9,0
2023-09-21,374.1,374.7,363.4,369.05,0
2023-09-22,369.1,374.1,368.55,369.35,0
2023-09-25,369.55,370.55,364.9,367.4,0
2023-09-26,367.3,368.35,362.75,364.55,0
2023-09-27,364.65,365.35,362.4,364.45,0
2023-09-28,364.65,371.5,362.55,371.15,0
2023-09-29,371.25,378.6,371.15,373.3,0
2023-10-02,375.4,376.15,362.75,364.6,0
2023-10-03,364.8,364.8,358.15,361.65,0
2023-10-04,361.85,362.2,354.9,358.05,0
2023-10-05,358.3,360.3,354.9,356.6,0
2023-10-06,356.6,364.5,355.15,363.35,0
2023-10-09,362.75,367.3,361.35,365.6,0
2023-10-10,365.6,367.45,359.1,363.0,0
2023-10-11,363.1,366.4,359.9,361.05,0
2023-10-12,361.15,364.85,356.95,358.5,0
2023-10-13,358.7,361.65,355.7,357.0,0
2023-10-16,357.05,360.55,356.35,358.15,0
2023-10-17,358.15,359.3,353.15,359.1,0
2023-10-18,359.0,363.05,357.5,358.15,0
2023-10-19,358.4,361.2,356.65,358.5,0
2023-10-20,358.5,359.0,354.65,355.2,0
2023-10-23,355.9,359.45,351.95,358.0,0
2023-10-24,358.15,363.95,356.25,363.05,0
2023-10-25,363.15,364.9,358.2,358.6,0
2023-10-26,358.9,361.95,357.2,359.3,0
2023-10-27,359.35,365.95,358.1,364.3,0
2023-10-30,364.25,371.0,364.0,365.4,0
2023-10-31,365.5,367.45,363.15,365.25,0
2023-11-01,365.3,368.9,363.35,366.05,0
2023-11-02,366.05,369.25,365.65,368.7,0
2023-11-03,368.8,370.5,365.3,367.25,0
2023-11-06,367.5,372.55,366.65,371.2,0
2023-11-07,371.2,371.35,364.6,368.55,0
2023-11-08,368.7,370.35,363.25,363.65,0
2023-11-09,363.85,366.2,361.35,363.2,0
2023-11-10,363.25,364.45,358.2,359.6,0
2023-11-13,359.6,367.2,358.0,367.05,0
2023-11-14,367.2,371.9,364.9,367.6,0
2023-11-15,367.7,372.5,366.8,371.3,0
2023-11-16,371.4,374.25,368.35,369.55,0
2023-11-17,369.55,374.4,367.9,373.4,0
2023-11-20,373.2,381.65,372.55,380.75,0
2023-11-21,380.8,383.25,379.25,380.45,0
2023-11-22,380.55,380.8,373.55,376.75,0
2023-11-23,376.85,379.8,376.0,377.15,0
2023-11-24,376.85,379.8,375.2,379.05,0
2023-11-27,382.95,384.15,379.45,380.0,0
2023-11-28,380.2,385.55,378.6,384.75,0
2023-11-29,385.0,386.45,381.35,383.35,0
2023-11-30,383.5,385.65,381.25,385.35,0
2023-12-01,385.5,393.3,384.25,391.85,0
2023-12-04,392.15,392.65,382.45,382.5,0
2023-12-05,382.7,384.1,377.0,378.5,0
2023-12-06,378.6,382.65,372.9,372.95,0
2023-12-07,373.15,380.05,373.05,379.95,0
2023-12-08,379.8,386.4,378.8,383.4,0
2023-12-11,383.05,383.6,377.55,378.35,0
2023-12-12,378.5,381.25,376.65,379.3,0
2023-12-13,379.25,383.95,375.3,383.45,0
2023-12-14,383.5,390.95,382.7,387.3,0
2023-12-15,387.4,391.65,384.85,387.85,0
2023-12-18,388.3,389.15,384.5,384.65,0
2023-12-19,384.8,393.05,384.1,390.65,0
2023-12-20,390.75,394.5,387.9,388.1,0
2023-12-21,388.45,393.15,387.95,392.7,0
2023-12-22,392.5,393.95,389.2,390.05,0
2023-12-26,390.5,394.35,389.7,390.2,0
2023-12-27,390.4,397.4,389.95,395.5,0
2023-12-28,395.6,396.7,391.3,391.65,0
2023-12-29,391.65,393.55,387.8,389.1,0
2024-01-02,389.55,391.2,386.1,387.1,0
2024-01-03,387.15,387.9,383.1,387.25,0
2024-01-04,387.45,388.45,381.75,385.0,0
2024-01-05,384.95,386.6,380.1,380.15,0
2024-01-08,380.75,383.3,378.95,382.3,0
2024-01-09,382.35,384.05,375.7,376.1,0
2024-01-10,376.3,379.3,375.4,378.75,0
2024-01-11,378.7,382.4,376.85,379.0,0
2024-01-12,379.1,381.9,373.5,373.5,0
2024-01-15,374.5,378.9,374.4,378.3,0
2024-01-16,374.5,379.0,374.4,376.75,0
2024-01-17,377.0,377.05,372.25,374.15,0
2024-01-18,374.4,375.9,371.45,375.75,0
2024-01-19,375.65,379.2,374.3,379.0,0
2024-01-22,378.95,379.15,374.4,374.55,0
2024-01-23,374.85,380.85,374.75,380.55,0
2024-01-24,380.6,388.8,379.5,387.35,0
2024-01-25,387.35,389.35,385.85,386.85,0
2024-01-26,386.8,388.65,384.5,385.35,0
2024-01-29,385.3,389.0,382.75,388.5,0
2024-01-30,388.5,391.7,386.05,391.2,0
2024-01-31,391.35,394.7,388.35,389.4,0
2024-02-01,389.65,389.75,384.5,385.3,0
2024-02-02,385.45,386.25,381.65,381.85,0
2024-02-05,381.9,383.3,376.35,377.2,0
2024-02-06,377.45,379.75,376.6,378.35,0
2024-02-07,378.4,379.5,373.15,373.55,0
2024-02-08,373.55,376.3,367.9,370.75,0
2024-02-09,370.8,371.3,365.5,368.55,0
2024-02-12,368.95,372.6,366.7,372.0,0
2024-02-13,372.15,375.45,370.3,370.85,0
2024-02-14,370.9,372.55,368.95,370.3,0
2024-02-15,370.45,376.15,370.0,375.85,0
2024-02-16,375.95,384.4,375.5,382.15,0
2024-02-19,381.95,382.95,380.3,381.2,0
2024-02-20,381.95,387.25,380.0,385.75,0
2024-02-21,385.75,390.85,385.15,388.0,0
2024-02-22,388.05,390.25,386.6,389.45,0
2024-02-23,391.45,391.7,386.25,388.7,0
2024-02-26,388.8,388.8,383.4,383.6,0
2024-02-27,383.6,386.55,383.4,385.3,0
2024-02-28,385.4,385.45,382.15,383.9,0
2024-02-29,383.9,386.85,383.4,384.65,0
2024-03-01,384.7,387.3,381.8,385.85,0
2024-03-04,385.75,388.8,384.35,385.55,0
2024-03-05,385.75,387.35,383.8,384.3,0
2024-03-06,384.35,389.7,383.7,386.85,0
2024-03-07,387.25,394.2,386.95,392.55,0
2024-03-08,392.55,394.65,388.15,389.1,0
2024-03-11,389.35,393.2,387.85,393.1,0
2024-03-12,393.15,395.2,390.2,393.65,0
2024-03-13,393.75,406.9,391.9,405.8,0
2024-03-14,406.0,408.1,401.75,405.2,0
2024-03-15,405.15,413.7,404.5,412.05,0
2024-03-18,412.1,416.4,410.2,413.05,0
2024-03-19,413.55,413.65,405.75,406.85,0
2024-03-20,406.8,409.55,402.7,409.1,0
2024-03-21,409.0,412.8,404.1,406.35,0
2024-03-22,406.55,406.65,399.65,399.7,0
2024-03-25,399.9,404.7,399.05,401.1,0
2024-03-26,401.15,402.8,398.1,400.6,0
2024-03-27,400.5,401.65,396.75,401.25,0
2024-03-28,401.2,403.95,398.4,401.15,0
2024-04-01,403.1,407.8,402.5,405.7,0
2024-04-02,405.65,409.65,404.2,408.1,0
2024-04-03,408.2,421.7,406.9,421.2,0
2024-04-04,421.25,425.65,420.1,422.05,0
2024-04-05,422.0,424.4,416.65,424.05,0
2024-04-08,423.6,430.45,417.25,429.4,0
2024-04-09,429.4,433.35,425.25,430.05,0
2024-04-10,430.0,433.5,424.1,427.65,0
2024-04-11,427.75,429.95,422.85,426.35,0
2024-04-12,426.05,436.2,424.95,431.5,0
2024-04-15,435.25,439.65,427.05,437.75,0
2024-04-16,437.75,437.9,427.7,429.6,0
2024-04-17,429.6,438.0,428.4,434.1,0
2024-04-18,434.1,444.85,432.15,443.0,0
2024-04-19,443.0,451.35,439.65,449.25,0
2024-04-22,449.25,455.05,445.85,448.25,0
2024-04-23,448.25,449.1,438.6,442.35,0
2024-04-24,442.35,451.7,442.35,448.45,0
2024-04-25,448.65,458.55,446.55,455.95,0
2024-04-26,455.95,461.45,454.25,458.75,0
2024-04-29,458.75,468.1,456.6,467.85,0
2024-04-30,467.85,469.45,454.0,454.05,0
2024-05-01,454.05,459.75,451.25,456.8,0
2024-05-02,456.8,458.2,446.6,450.2,0
2024-05-03,450.2,456.9,448.3,456.75,0
2024-05-06,457.55,463.85,453.55,460.85,0
2024-05-07,460.85,464.5,456.7,459.0,0
2024-05-08,459.0,459.8,450.5,454.05,0
2024-05-09,454.15,460.35,451.85,460.3,0
2024-05-10,460.3,474.55,459.7,465.2,0
2024-05-13,465.2,477.6,461.6,477.15,0
2024-05-14,477.15,502.6,476.65,490.6,0
2024-05-15,490.6,512.8,481.4,492.2,0
2024-05-16,492.2,502.0,484.15,487.9,0
2024-05-17,487.9,508.95,484.85,508.1,0
2024-05-20,508.1,519.9,500.4,510.5,0
2024-05-21,510.5,517.95,501.25,510.2,0
2024-05-22,510.2,513.3,479.15,479.85,0
2024-05-23,479.85,486.25,474.35,477.55,0
2024-05-24,477.55,482.3,474.65,475.9,0
2024-05-27,475.9,484.8,475.1,482.8,0
2024-05-28,476.0,490.3,475.1,487.6,0
2024-05-29,487.6,489.35,475.0,477.7,0
2024-05-30,477.7,478.4,462.05,465.5,0
2024-05-31,465.5,467.35,457.1,462.75,0
2024-06-03,462.75,469.2,459.55,468.05,0
2024-06-04,468.05,469.6,452.7,454.35,0
2024-06-05,454.35,463.55,451.85,462.65,0
2024-06-06,462.65,468.75,461.5,467.05,0
2024-06-07,467.05,468.5,444.65,444.7,0
2024-06-10,444.7,455.7,443.1,455.55,0
2024-06-11,455.55,456.5,444.25,451.65,0
2024-06-12,451.65,461.25,450.3,453.4,0
2024-06-13,453.4,456.5,446.1,448.4,0
2024-06-14,448.7,450.95,444.15,449.8,0
2024-06-17,449.8,450.0,440.0,445.9,0
2024-06-18,445.95,449.9,437.5,449.15,0
2024-06-19,449.1,456.9,447.5,451.0,0
2024-06-20,449.1,458.9,447.5,456.2,0
2024-06-21,456.2,456.45,442.8,442.95,0
2024-06-24,442.95,445.5,440.4,442.6,0
2024-06-25,442.6,445.6,435.7,437.0,0
2024-06-26,437.0,439.95,434.25,437.1,0
2024-06-27,437.1,439.35,432.9,433.5,0
2024-06-28,433.5,442.8,433.15,437.3,0
2024-07-01,437.3,443.8,435.25,441.65,0
2024-07-02,441.65,447.2,439.1,442.7,0
2024-07-03,442.7,456.25,441.35,452.7,0
2024-07-04,452.7,458.5,451.3,456.5,0
2024-07-05,452.6,469.95,451.3,466.7,0
2024-07-08,466.7,467.1,458.85,460.55,0
2024-07-09,460.65,465.15,455.1,458.45,0
2024-07-10,458.45,465.7,454.75,459.25,0
2024-07-11,459.25,462.55,450.25,452.75,0
2024-07-12,452.75,460.15,447.6,458.1,0
2024-07-15,458.1,460.25,450.15,451.1,0
2024-07-16,451.1,452.5,442.85,445.65,0
2024-07-17,445.7,448.35,440.1,441.6,0
2024-07-18,441.5,442.8,425.25,426.5,0
2024-07-19,426.5,429.1,422.8,423.75,0
2024-07-22,423.75,426.15,416.2,419.75,0
2024-07-23,419.75,421.4,413.55,416.6,0
2024-07-24,416.6,417.8,407.6,407.8,0
2024-07-25,407.8,415.6,403.6,411.7,0
2024-07-26,411.7,415.6,410.0,410.85,0
2024-07-29,410.85,415.0,406.1,409.35,0
2024-07-30,409.35,410.0,403.0,409.2,0
2024-07-31,409.2,420.95,408.65,419.5,0
2024-08-01,419.5,422.35,405.5,406.75,0
2024-08-02,406.75,413.45,405.5,412.7,0
2024-08-05,412.7,415.0,393.05,400.35,0
2024-08-06,400.35,406.0,396.0,400.9,0
2024-08-07,400.9,401.6,392.1,392.7,0
2024-08-08,392.7,398.4,392.35,398.25,0
2024-08-09,398.25,404.9,397.4,398.35,0
2024-08-12,398.35,409.3,397.1,406.8,0
2024-08-13,406.8,407.25,401.05,406.05,0
2024-08-14,406.05,409.6,403.35,404.15,0
2024-08-15,404.15,416.35,402.85,414.1,0
2024-08-16,414.1,416.35,409.5,415.05,0
2024-08-19,415.0,420.05,414.15,419.6,0
2024-08-20,419.6,420.7,413.85,415.35,0
2024-08-21,415.4,421.5,413.5,420.0,0
2024-08-22,420.4,421.75,412.7,413.8,0
2024-08-23,413.8,422.5,413.6,420.4,0
2024-08-26,420.4,423.95,419.3,420.8,0
2024-08-27,426.7,431.85,424.85,430.2,0
2024-08-28,430.2,430.3,420.55,421.3,0
2024-08-29,421.3,425.0,417.65,421.05,0
2024-08-30,421.05,427.8,420.0,421.9,0
2024-09-02,421.9,422.8,416.3,419.55,0
2024-09-03,421.75,422.8,405.6,408.95,0
2024-09-04,408.95,411.55,404.3,408.8,0
2024-09-05,408.7,416.95,404.2,414.0,0
2024-09-06,413.9,417.65,406.2,406.4,0
2024-09-09,406.4,416.0,406.0,414.0,0
2024-09-10,414.0,415.95,408.1,410.4,0
2024-09-11,410.4,417.05,409.3,416.8,0
2024-09-12,416.8,423.75,415.65,421.0,0
2024-09-13,420.95,425.0,418.6,422.1,0
2024-09-16,422.1,431.7,419.5,426.6,0
2024-09-17,426.6,430.45,425.3,428.45,0
2024-09-18,428.45,434.35,423.8,427.0,0
2024-09-19,427.0,438.2,424.15,434.8,0
2024-09-20,434.8,438.7,431.85,433.35,0
2024-09-23,433.35,436.5,427.4,434.5,0
2024-09-24,434.55,453.15,434.0,452.65,0
2024-09-25,452.7,455.35,445.25,448.55,0
2024-09-26,448.55,465.25,447.5,464.8,0
2024-09-27,464.8,465.9,457.65,458.85,0
2024-09-30,458.85,479.0,449.7,455.0,0
2024-10-01,455.0,462.5,453.25,457.85,0
2024-10-02,457.85,466.7,455.65,466.35,0
2024-10-03,466.45,466.65,451.9,454.4,0
2024-10-04,454.4,460.65,453.6,456.65,0
2024-10-07,456.65,460.9,451.5,455.6,0
2024-10-08,455.6,458.1,442.35,447.45,0
2024-10-09,447.45,450.45,437.35,441.35,0
2024-10-10,441.4,445.4,438.1,444.75,0
2024-10-11,444.75,449.9,441.8,449.35,0
2024-10-14,444.05,447.1,438.5,440.35,0
2024-10-15,440.35,441.15,432.95,434.25,0
2024-10-16,434.15,439.5,432.95,436.8,0
2024-10-17,437.05,441.35,429.15,433.15,0
2024-10-18,433.35,441.3,432.6,439.2,0
2024-10-21,439.2,445.7,434.75,435.95,0
2024-10-22,435.95,440.7,434.3,438.8,0
2024-10-23,438.8,439.6,431.0,433.2,0
2024-10-24,433.2,439.95,432.25,436.5,0
2024-10-25,436.5,438.9,432.5,436.9,0
2024-10-28,436.9,438.45,433.3,436.5,0
2024-10-29,436.8,443.0,433.05,436.4,0
2024-10-30,436.4,438.35,432.45,436.0,0
2024-10-31,435.8,438.0,432.6,436.4,0
2024-11-01,436.4,441.0,434.3,434.5,0
2024-11-04,434.5,444.85,434.5,443.0,0
2024-11-05,443.0,449.3,442.05,446.2,0
2024-11-06,446.2,446.7,422.6,423.8,0
2024-11-07,423.8,444.65,423.6,443.65,0
2024-11-08,443.65,443.9,429.25,431.1,0
2024-11-11,431.1,433.2,422.25,424.45,0
2024-11-12,424.45,425.95,413.2,414.5,0
2024-11-13,414.5,416.6,406.55,407.0,0
2024-11-14,407.0,415.2,406.5,413.4,0
2024-11-15,413.15,422.4,410.55,410.9,0
2024-11-18,411.0,418.15,409.75,417.25,0
2024-11-19,417.0,421.2,414.0,420.65,0
2024-11-20,420.75,421.7,416.9,418.65,0
2024-11-21,418.65,420.45,414.0,415.35,0
2024-11-22,415.35,416.25,410.65,413.25,0
2024-11-25,413.25,418.4,413.25,416.4,0
2024-11-26,416.55,417.85,410.35,413.05,0
2024-11-27,413.1,417.4,412.05,414.05,0
2024-11-28,414.05,415.95,411.95,413.15,0
2024-11-29,414.0,416.7,411.95,414.3,0
2024-12-02,414.3,414.75,408.15,414.0,0
2024-12-03,414.0,426.1,411.2,419.55,0
2024-12-04,419.55,421.55,417.0,419.75,0
2024-12-05,419.75,423.35,417.55,419.85,0
2024-12-06,419.95,425.3,418.15,419.6,0
2024-12-09,419.6,429.6,418.0,426.0,0
2024-12-10,426.0,427.9,423.1,427.2,0
2024-12-11,427.2,432.45,423.15,426.15,0
2024-12-12,426.25,433.5,421.75,424.15,0
2024-12-13,424.15,424.35,418.45,419.55,0
2024-12-16,419.55,421.9,417.0,419.35,0
2024-12-17,419.35,419.8,413.3,414.7,0
2024-12-18,414.7,416.95,408.55,408.9,0
2024-12-19,408.9,411.8,407.0,408.3,0
2024-12-20,408.3,411.2,407.0,409.8,0
2024-12-23,409.85,412.85,407.55,409.45,0
2024-12-24,409.45,412.35,408.5,410.25,0
2024-12-26,410.25,414.55,407.25,413.85,0
2024-12-27,413.85,415.1,410.8,412.65,0
2024-12-30,412.65,414.85,408.15,408.95,0
2024-12-31,408.95,409.8,400.75,402.3,0
2025-01-02,402.3,405.8,400.5,403.6,0
2025-01-03,403.6,408.25,400.9,407.6,0
2025-01-06,407.6,420.05,405.85,415.1,0
2025-01-07,415.1,421.3,414.05,417.6,0
2025-01-08,417.6,427.3,416.7,426.8,0
2025-01-09,426.8,434.95,425.7,431.35,0
2025-01-10,431.35,436.0,428.2,429.0,0
2025-01-13,429.0,434.35,427.35,432.55,0
2025-01-14,432.55,436.6,431.05,434.75,0
2025-01-15,434.75,440.45,431.75,439.7,0
2025-01-16,439.7,444.7,438.5,443.5,0
2025-01-17,443.5,447.0,434.45,435.1,0
2025-01-20,435.1,438.15,428.0,431.65,0
2025-01-21,435.65,438.15,427.0,433.8,0
2025-01-22,433.8,434.1,428.15,429.4,0
2025-01-23,429.4,433.55,423.55,432.75,0
2025-01-24,432.75,438.9,430.85,431.1,0
2025-01-27,431.1,431.3,422.25,424.1,0
2025-01-28,424.1,427.95,423.55,425.0,0
2025-01-29,425.0,431.15,420.5,428.8,0
2025-01-30,428.8,434.55,426.1,430.95,0
2025-01-31,430.95,431.9,425.7,427.3,0
2025-02-03,427.3,433.75,418.35,432.95,0
2025-02-04,432.95,437.2,430.65,436.25,0
2025-02-05,436.25,445.65,434.3,443.7,0
2025-02-06,443.7,450.95,441.1,445.85,0
2025-02-07,445.8,460.8,445.7,459.5,0
2025-02-10,459.5,471.5,457.05,469.3,0
2025-02-11,469.3,470.0,454.1,459.75,0
2025-02-12,459.75,471.25,457.55,469.1,0
2025-02-13,473.9,483.75,472.95,483.05,0
2025-02-14,482.9,488.5,468.4,468.65,0
2025-02-17,468.65,471.8,464.0,464.0,0
2025-02-18,469.15,471.8,459.45,463.3,0
2025-02-19,463.3,466.25,460.2,462.0,0
2025-02-20,462.05,469.0,459.85,466.3,0
2025-02-21,466.55,466.9,458.8,459.05,0
2025-02-24,459.05,462.7,454.95,455.8,0
2025-02-25,455.8,470.65,451.6,469.35,0
2025-02-26,469.35,474.95,456.35,458.05,0
2025-02-27,458.05,466.85,454.9,459.35,0
2025-02-28,459.35,459.7,451.15,456.25,0
2025-03-03,456.25,465.35,453.65,459.0,0
2025-03-04,459.0,463.25,451.85,458.0,0
2025-03-05,458.0,482.5,454.65,480.55,0
2025-03-06,480.55,485.1,473.5,477.45,0
2025-03-07,477.45,479.55,468.05,471.25,0
2025-03-10,471.25,473.4,463.0,464.5,0
2025-03-11,464.5,480.45,462.6,479.55,0
2025-03-12,479.55,490.35,477.5,484.0,0
2025-03-13,484.0,493.45,479.65,491.95,0
2025-03-14,491.95,495.75,487.1,488.2,0
2025-03-17,488.2,498.4,487.5,497.8,0
2025-03-18,497.8,502.5,495.6,500.4,0
2025-03-19,500.4,512.45,499.65,512.15,0
2025-03-20,512.15,514.85,505.6,511.3,0
2025-03-21,511.3,513.75,502.7,510.35,0
2025-03-24,510.35,518.45,507.5,508.2,0
2025-03-25,508.2,522.85,507.65,522.75,0
2025-03-26,522.75,537.4,522.2,524.15,0
2025-03-27,524.15,527.15,508.9,512.0,0
2025-03-28,512.0,516.75,506.2,510.7,0
2025-03-31,510.7,514.6,498.5,505.25,0
2025-04-01,505.25,511.55,500.45,503.25,0
2025-04-02,503.25,514.5,498.5,502.7,0
2025-04-03,502.7,502.7,480.8,481.15,0
2025-04-04,481.15,482.45,437.2,438.75,0
2025-04-07,438.75,446.5,403.0,430.45,0
2025-04-08,431.35,436.5,409.25,411.55,0
2025-04-09,411.55,447.15,403.8,446.65,0
2025-04-10,446.65,446.7,431.0,439.05,0
2025-04-11,439.05,456.5,432.7,455.25,0
2025-04-14,455.25,474.0,455.25,471.6,0
2025-04-15,471.6,471.8,458.85,466.7,0
2025-04-16,466.7,474.85,459.45,472.75,0
2025-04-17,472.75,480.2,461.5,475.6,0
2025-04-21,475.6,485.65,473.75,477.1,0
2025-04-22,477.35,494.2,477.0,489.75,0
2025-04-23,489.75,498.25,487.1,488.35,0
2025-04-24,488.35,494.2,486.05,493.85,0
2025-04-25,493.7,494.65,479.05,489.9,0
2025-04-28,489.9,492.2,482.55,489.95,0
2025-04-29,489.95,496.35,484.35,486.1,0
2025-04-30,486.1,486.55,452.4,460.85,0
2025-05-01,460.85,468.3,459.75,463.05,0
2025-05-02,463.9,474.35,461.8,469.55,0
2025-05-05,469.55,476.55,466.3,470.55,0
2025-05-06,470.55,479.3,467.2,475.5,0
2025-05-07,475.5,480.7,461.25,461.9,0
2025-05-08,461.85,467.75,454.25,460.05,0
2025-05-09,460.05,474.0,447.75,465.15,0
2025-05-12,465.15,472.95,458.95,463.05,0
2025-05-13,463.05,473.15,460.5,470.85,0
2025-05-14,470.85,473.7,462.8,464.3,0
2025-05-15,464.3,470.75,457.15,468.05,0
2025-05-16,468.2,469.8,456.9,459.1,0
2025-05-19,459.1,467.85,456.1,466.3,0
2025-05-20,466.3,468.15,458.55,467.3,0
2025-05-21,467.3,471.2,464.85,465.75,0
2025-05-22,465.75,474.35,456.9,467.75,0
2025-05-23,467.75,489.0,462.9,486.25,0
2025-05-26,486.25,488.7,481.7,484.15,0
2025-05-27,487.05,488.7,472.95,474.35,0
2025-05-28,474.35,477.0,466.5,468.4,0
2025-05-29,468.4,474.55,465.15,467.1,0
2025-05-30,467.1,472.7,464.6,470.2,0
2025-06-02,470.2,494.95,470.2,485.65,0
2025-06-03,484.85,486.95,471.85,486.35,0
2025-06-04,486.3,491.6,483.9,490.0,0
2025-06-05,490.0,506.15,488.0,491.1,0
2025-06-06,491.1,494.95,482.3,483.25,0
2025-06-09,483.25,493.95,482.45,490.05,0
2025-06-10,490.05,492.6,485.1,488.75,0
2025-06-11,488.75,491.35,477.6,480.6,0
2025-06-12,486.2,490.1,481.8,489.55,0
2025-06-13,489.55,490.75,476.4,480.4,0
2025-06-16,480.4,492.0,478.8,487.2,0
2025-06-17,487.3,489.6,483.25,484.35,0
2025-06-18,484.35,492.3,483.8,490.4,0
2025-06-19,490.4,492.0,482.9,485.55,0
2025-06-20,490.6,492.45,479.7,488.4,0
2025-06-23,488.4,497.2,482.15,493.75,0
2025-06-24,493.75,500.1,489.6,495.0,0
2025-06-25,495.0,498.5,492.6,498.1,0
2025-06-26,498.1,515.6,497.0,510.6,0
2025-06-27,510.6,514.55,502.1,512.15,0
2025-06-30,512.15,513.85,506.25,510.85,0
2025-07-01,510.85,519.25,507.55,509.9,0
2025-07-02,509.9,521.2,507.7,519.6,0
2025-07-03,519.6,520.45,512.05,513.45,0
2025-07-04,513.45,514.45,503.1,506.3,0
2025-07-07,506.3,509.25,498.25,500.5,0
2025-07-08,500.5,589.55,497.25,550.2,0
2025-07-09,550.2,573.05,542.5,554.05,0
2025-07-10,554.05,568.55,552.55,562.7,0
2025-07-11,562.7,566.25,547.35,558.25,0
2025-07-14,558.25,560.3,545.5,552.4,0
2025-07-15,552.4,561.25,549.25,551.5,0
2025-07-16,551.5,556.65,546.8,551.55,0
2025-07-17,551.55,552.95,547.4,549.8,0
2025-07-18,549.8,561.5,549.55,558.15,0
2025-07-21,558.15,566.85,556.35,564.1,0
2025-07-22,564.1,577.15,557.5,576.75,0
2025-07-23,576.75,593.0,572.2,583.8,0
2025-07-24,583.8,595.85,578.1,582.4,0
2025-07-25,582.4,583.8,574.4,580.4,0
2025-07-28,580.4,584.6,542.65,562.0,0
2025-07-29,562.0,567.55,555.5,566.55,0
2025-07-30,566.55,583.0,450.3,462.45,0
2025-07-31,462.45,465.2,433.25,443.05,0
2025-08-01,443.05,445.1,436.4,444.2,0
2025-08-04,444.2,448.0,440.05,445.45,0
2025-08-05,445.45,447.1,437.25,437.95,0
2025-08-06,437.95,443.55,437.95,441.25,0
2025-08-07,441.25,444.9,439.05,441.4,0
2025-08-08,441.4,449.15,440.15,448.25,0
2025-08-11,448.25,448.5,442.75,444.45,0
2025-08-12,444.45,453.9,444.35,451.65,0
2025-08-13,451.65,460.8,451.65,455.85,0
2025-08-14,456.0,457.75,451.45,455.95,0
2025-08-15,455.95,457.95,452.9,455.0,0
2025-08-18,455.0,456.65,451.45,454.15,0
2025-08-19,454.25,455.65,448.7,449.6,0
2025-08-20,449.6,451.7,448.15,450.35,0
2025-08-21,450.35,452.3,448.15,451.7,0
2025-08-22,451.7,454.85,449.7,452.95,0
2025-08-25,452.95,457.1,452.35,453.25,0
2025-08-26,453.25,455.85,450.35,454.6,0
2025-08-27,454.6,454.85,444.95,449.9,0
2025-08-28,449.9,455.5,448.45,454.4,0
2025-08-29,454.4,459.4,453.65,458.45,0
2025-09-01,459.2,461.25,457.0,457.25,0
2025-09-02,459.2,464.9,454.1,464.05,0
2025-09-03,464.05,467.5,460.2,461.7,0
2025-09-04,461.7,462.05,455.2,456.4,0
2025-09-05,456.4,462.0,453.65,454.2,0
2025-09-08,454.2,457.9,452.55,456.6,0
2025-09-09,456.6,459.0,454.6,457.45,0
2025-09-10,457.45,462.6,456.35,460.5,0
2025-09-11,460.5,468.4,459.7,467.0,0
2025-09-12,467.0,469.95,464.3,464.7,0
2025-09-15,464.7,472.6,463.85,471.9,0
2025-09-16,471.9,472.2,468.05,469.85,0
2025-09-17,469.85,470.4,458.3,461.55,0
2025-09-18,461.55,463.1,457.65,459.95,0
2025-09-19,460.0,464.25,458.9,463.05,0
2025-09-22,463.05,465.3,459.9,465.1,0
2025-09-23,465.1,465.45,461.5,464.0,0
2025-09-24,464.15,484.45,459.2,482.7,0
2025-09-25,482.7,493.95,474.7,478.75,0
2025-09-26,478.8,480.0,471.4,476.35,0
2025-09-29,476.35,492.05,475.05,490.55,0
2025-09-30,490.55,491.3,482.0,487.65,0
2025-10-01,487.65,490.4,481.6,489.4,0
2025-10-02,489.2,498.95,485.0,495.4,0
2025-10-03,495.4,512.05,493.8,508.4,0
2025-10-06,508.4,512.4,501.45,504.05,0
2025-10-07,504.05,514.65,503.2,509.1,0
2025-10-08,509.4,515.6,506.5,508.05,0
2025-10-09,508.05,526.1,504.0,513.95,0
2025-10-10,513.95,517.85,482.2,484.45,0
2025-10-13,484.45,518.0,484.45,513.0,0
2025-10-14,513.0,517.8,493.15,499.8,0
2025-10-15,499.8,508.25,494.5,497.2,0
2025-10-16,497.2,501.65,493.05,498.35,0
2025-10-17,498.75,502.45,488.35,499.75,0
2025-10-20,499.75,507.6,497.1,504.85,0
2025-10-21,504.85,507.2,491.45,495.15,0
2025-10-22,495.15,501.6,491.55,500.3,0
2025-10-23,500.3,511.85,497.85,508.55,0
2025-10-24,508.8,515.15,506.75,511.65,0
2025-10-27,511.65,524.7,511.45,515.8,0
2025-10-28,515.8,518.45,508.3,516.9,0
2025-10-29,516.9,527.9,514.9,520.1,0
2025-10-30,520.35,523.35,504.25,510.3,0
2025-10-31,510.3,512.85,504.8,511.35,0
2025-11-03,511.35,512.95,501.85,505.0,0
2025-11-04,505.45,506.6,490.75,492.5,0
2025-11-05,492.5,500.7,488.8,498.8,0
2025-11-06,498.8,503.75,495.25,497.5,0
2025-11-07,497.35,500.8,495.15,495.75,0
2025-11-10,495.75,512.0,495.75,509.8,0
2025-11-11,509.8,510.45,505.2,506.3,0
2025-11-12,506.35,515.05,502.5,508.55,0
2025-11-13,508.55,516.3,503.65,505.7,0
2025-11-14,506.15,509.2,500.2,504.95,0
2025-11-17,512.35,513.1,503.8,506.6,0
2025-11-18,506.6,508.3,502.35,504.45,0
2025-11-19,504.55,511.55,502.9,510.85,0
2025-11-20,510.35,513.3,502.55,503.2,0
2025-11-21,503.3,510.35,499.55,507.7,0
2025-11-24,507.7,510.1,504.65,508.6,0
2025-11-25,508.6,519.2,507.85,511.1,0
2025-11-26,511.1,521.0,510.1,520.3,0
2025-11-27,520.6,521.0,513.3,516.2,0
2025-11-28,520.6,530.95,513.3,527.6,0
2025-12-01,527.6,536.35,526.45,526.8,0
2025-12-02,526.8,531.6,522.35,524.3,0
2025-12-03,524.3,543.7,524.15,539.15,0
2025-12-04,539.15,542.55,531.0,536.15,0
2025-12-05,536.05,549.0,534.55,545.3,0
2025-12-08,545.3,549.5,539.5,542.6,0
2025-12-09,542.6,544.05,531.35,532.95,0
2025-12-10,533.25,542.3,532.3,540.65,0
2025-12-11,540.65,551.6,536.0,548.8,0
2025-12-12,548.8,553.05,528.0,535.7,0
2025-12-15,535.7,552.0,534.4,540.7,0
2025-12-16,540.7,541.3,531.75,536.2,0
2025-12-17,536.15,546.55,536.1,542.65,0
2025-12-18,542.65,546.9,538.05,542.45,0
2025-12-19,542.45,556.55,540.55,548.25,0
2025-12-22,548.25,555.3,548.0,550.3,0
2025-12-23,550.1,562.1,548.4,555.95,0
2025-12-24,555.95,566.45,553.1,557.25,0
2025-12-26,557.25,588.8,557.25,585.05,0
2025-12-29,585.05,592.35,555.75,556.95,0
2025-12-30,556.95,579.55,553.5,574.65,0
2025-12-31,574.65,577.85,563.75,569.4,0
2026-01-02,569.4,575.9,566.8,569.7,0
2026-01-05,569.7,600.7,569.7,598.95,0
2026-01-06,598.95,611.25,594.55,606.05,0
2026-01-07,606.05,606.95,584.1,585.1,0
2026-01-08,585.1,592.85,569.55,580.55,0
2026-01-09,580.55,593.9,573.85,589.05,0
2026-01-12,589.05,606.9,589.05,600.7,0
2026-01-13,600.85,609.35,594.75,600.3,0
2026-01-14,600.3,615.4,600.3,609.45,0
2026-01-15,609.45,610.95,590.8,599.05,0
2026-01-16,599.05,602.45,577.15,584.85,0
2026-01-19,584.85,593.7,583.3,590.5,0
2026-01-20,586.0,593.7,574.4,582.95,0
2026-01-21,582.95,589.6,573.35,580.4,0
2026-01-22,580.4,581.85,569.6,580.2,0
2026-01-23,580.2,596.7,578.65,593.65,0
2026-01-26,593.65,603.35,588.85,590.55,0
2026-01-27,590.55,595.7,580.95,595.05,0
2026-01-28,595.05,600.75,589.5,599.55,0
2026-01-29,599.55,658.3,595.5,628.25,0
2026-01-30,628.25,638.7,576.0,596.5,0
2026-02-02,596.5,596.5,556.4,583.15,0
2026-02-03,583.95,611.5,583.0,609.4,0
2026-02-04,609.4,611.55,583.2,592.65,0
2026-02-05,592.65,596.4,568.5,571.8,0
2026-02-06,571.8,589.1,559.55,588.65,0
2026-02-09,588.65,598.1,584.35,596.05,0
2026-02-10,595.85,596.15,588.25,590.35,0
2026-02-11,590.35,608.8,589.3,598.9,0
2026-02-12,598.6,602.3,575.45,577.35,0
2026-02-13,577.35,590.75,574.0,584.4,0
2026-02-16,584.4,586.2,579.65,582.1,0
2026-02-17,583.9,586.2,568.95,573.6,0
2026-02-18,573.65,587.05,572.85,583.85,0
2026-02-19,583.85,587.15,573.95,582.2,0
2026-02-20,582.2,593.75,579.15,592.85,0
2026-02-23,592.85,596.4,581.15,585.7,0
2026-02-24,585.7,599.75,584.6,595.8,0
2026-02-25,595.8,606.75,595.5,604.3,0
2026-02-26,604.3,606.05,596.4,602.45,0
2026-02-27,602.9,614.1,599.75,606.0,0
2026-03-02,606.0,609.55,592.75,596.2,0
2026-03-03,596.2,601.25,574.7,583.25,0
2026-03-04,584.3,596.65,581.2,590.35,0
2026-03-05,590.35,595.35,577.5,582.65,0
2026-03-06,582.9,588.15,577.9,583.65,0
2026-03-09,583.65,590.55,563.95,590.1,0
2026-03-10,590.1,596.2,586.25,591.6,0
2026-03-11,591.6,594.3,583.45,590.85,0
2026-03-12,590.85,591.9,580.8,582.1,0
2026-03-13,582.65,585.65,565.9,567.55,0
2026-03-16,567.55,586.0,565.6,583.7,0
2026-03-17,583.7,585.4,573.7,576.5,0
2026-03-18,577.7,577.85,546.0,547.35,0
2026-03-19,547.35,555.5,529.7,552.0,0
2026-03-20,552.5,556.5,527.1,530.2,0
2026-03-23,530.2,558.5,524.6,548.5,0
2026-03-24,548.5,557.0,535.6,552.9,0
2026-03-25,552.9,559.65,550.05,551.85,0
2026-03-26,552.45,554.1,544.5,546.95,0
2026-03-27,546.95,556.85,545.5,546.05,0
2026-03-30,546.05,554.15,540.5,548.65,0
2026-03-31,548.65,565.4,546.45,565.2,0
2026-04-01,565.2,566.3,558.45,561.7,0
2026-04-02,561.7,572.7,551.3,568.0,0
2026-04-06,568.0,569.7,557.4,560.55,0
2026-04-07,561.1,564.1,553.85,559.45,0
2026-04-08,559.45,578.6,559.45,575.2,0
2026-04-09,574.6,577.8,569.15,575.4,0
2026-04-10,575.4,593.6,573.75,586.75,0
2026-04-13,586.75,608.25,582.35,606.1,0
2026-04-14,605.7,615.45,605.5,614.2,0
2026-04-15,614.2,620.65,612.3,613.65,0
2026-04-16,613.5,619.05,608.65,609.25,0
2026-04-17,609.25,618.5,607.6,613.85,0
2026-04-20,613.85,615.55,603.35,610.6,0
2026-04-21,610.6,613.3,602.95,607.7,0
2026-04-22,608.7,621.15,606.9,619.5,0
2026-04-23,619.5,620.85,607.0,608.6,0
2026-04-24,608.6,610.85,604.45,608.8,0
2026-04-27,608.8,613.7,605.0,608.45,0
2026-04-28,608.1,609.95,593.15,597.65,0
2026-04-29,597.95,602.4,590.4,592.65,0
2026-04-30,592.65,603.0,592.45,602.75,0
2026-05-01,602.75,604.0,595.65,596.35,0
2026-05-04,599.1,600.35,582.0,585.95,0
2026-05-05,586.05,602.0,585.65,598.8,0
2026-05-06,598.95,621.7,598.3,619.15,0
2026-05-07,619.15,624.45,612.35,612.35,0
2026-05-08,612.35,632.2,609.45,628.2,0
2026-05-11,628.2,650.9,625.0,649.05,0
2026-05-12,649.2,665.9,644.05,663.3,0
2026-05-13,663.05,671.6,658.1,661.8,0
2026-05-14,661.8,665.3,654.65,657.95,0
2026-05-15,658.0,658.7,626.8,628.85,0
2026-05-18,628.85,633.7,620.7,633.45,0
2026-05-19,633.45,635.0,616.1,619.35,0
2026-05-20,618.75,635.3,614.75,633.35,0
2026-05-21,633.35,637.75,624.1,634.5,0
2026-05-22,634.5,640.85,632.45,638.0,0
2026-05-25,638.0,648.8,638.0,646.95,0
2026-05-26,641.8,648.8,636.35,642.3,0
2026-05-27,642.3,647.65,631.1,633.7,0
2026-05-28,633.65,643.2,624.2,642.35,0
2026-05-29,642.5,644.0,637.1,639.35,0
2026-06-01,639.35,658.5,638.0,656.95,0
2026-06-02,656.95,669.8,652.75,667.75,0
2026-06-03,667.75,668.4,647.25,648.15,0
2026-06-04,648.15,656.25,642.05,652.85,0
2026-06-05,653.65,653.7,624.65,627.5,0
2026-06-08,627.5,639.65,623.35,633.35,0
2026-06-09,633.35,646.55,628.35,634.75,0
2026-06-10,634.75,635.6,618.95,619.95,0
2026-06-11,619.95,640.65,617.15,639.15,0
2026-06-12,644.9,655.65,642.0,653.3,0
2026-06-15,653.3,662.2,653.3,655.3,0
2026-06-16,655.15,660.0,649.05,654.3,0
2026-06-17,654.7,661.55,639.15,642.65,0
2026-06-18,643.5,651.15,641.55,644.15,0
2026-06-19,644.15,644.95,633.5,639.95,0
2026-06-22,639.95,655.5,639.95,651.75,0
2026-06-23,651.25,651.25,626.35,627.8,0
2026-06-24,628.05,631.35,607.6,613.95,0
2026-06-25,613.5,623.7,610.75,621.1,0
2026-06-26,621.1,632.5,611.05,628.55,0
2026-06-29,627.1,631.7,621.8,625.7,0
2026-06-30,626.05,640.15,619.55,632.9,0
2026-07-01,633.65,633.9,617.25,623.95,0
2026-07-02,623.45,631.1,620.15,626.1,0
2026-07-03,626.65,634.9,626.65,631.1,0
2026-07-06,631.1,634.95,626.15,633.9,0
2026-07-07,634.15,637.1,625.6,627.05,0
2026-07-08,618.25,622.0,606.25,611.75,0
2026-07-09,611.75,629.6,610.2,624.65,0
2026-07-10,624.5,632.55,623.55,628.45,0
2026-07-13,628.45,635.6,619.7,627.5,0
2026-07-14,626.8,644.35,626.2,636.6,0
2026-07-15,636.5,641.75,633.2,638.2,0
2026-07-16,638.2,641.95,627.6,628.25,0
2026-07-17,629.05,629.8,619.4,626.95,0
