date,open,high,low,close,volume
2015-01-01,53.71,53.71,53.71,53.71,0
2015-01-02,53.79,55.11,52.03,52.81,0
2015-01-05,52.61,52.81,49.68,49.95,0
2015-01-06,49.98,50.37,47.55,48.01,0
2015-01-07,47.96,49.31,46.83,48.77,0
2015-01-08,48.76,49.65,47.73,48.92,0
2015-01-09,48.94,49.61,47.16,48.21,0
2015-01-12,48.17,48.18,45.62,45.71,0
2015-01-13,45.68,46.79,44.2,46.11,0
2015-01-14,46.13,48.91,45.01,48.62,0
2015-01-15,48.56,51.27,46.07,46.21,0
2015-01-16,46.37,48.87,45.95,48.48,0
2015-01-19,48.64,48.77,47.4,47.52,0
2015-01-20,47.96,48.25,46.34,46.64,0
2015-01-21,46.69,48.2,46.55,47.34,0
2015-01-22,47.31,49.09,45.87,46.52,0
2015-01-23,46.63,47.76,45.21,45.29,0
2015-01-26,45.2,46.41,44.35,45.08,0
2015-01-27,45.13,46.55,44.81,45.78,0
2015-01-28,45.83,45.83,44.08,44.38,0
2015-01-29,44.4,44.96,43.58,44.59,0
2015-01-30,44.6,48.35,44.31,47.85,0
2015-02-02,47.21,50.56,46.67,49.27,0
2015-02-03,49.8,54.24,49.69,51.57,0
2015-02-04,51.75,52.56,47.95,48.7,0
2015-02-05,48.67,52.1,47.36,50.92,0
2015-02-06,50.85,53.16,50.72,52.34,0
2015-02-09,52.01,53.99,51.65,52.43,0
2015-02-10,52.46,52.65,49.86,50.96,0
2015-02-11,51.11,51.14,48.05,49.45,0
2015-02-12,49.37,51.6,49.14,51.34,0
2015-02-13,51.3,53.43,51.03,52.65,0
2015-02-16,52.95,53.69,52.1,52.78,0
2015-02-17,52.77,54.15,50.81,53.24,0
2015-02-18,53.26,53.41,50.32,50.48,0
2015-02-19,50.55,52.14,49.15,51.5,0
2015-02-20,51.24,51.85,49.91,50.34,0
2015-02-23,50.12,50.56,48.67,49.38,0
2015-02-24,49.42,50.33,48.68,49.16,0
2015-02-25,49.13,51.28,48.43,51.03,0
2015-02-26,51.18,51.22,47.8,48.34,0
2015-02-27,48.97,49.94,48.46,49.52,0
2015-03-02,49.45,51.04,48.71,49.79,0
2015-03-03,49.81,50.83,49.45,50.65,0
2015-03-04,50.61,51.99,49.6,51.6,0
2015-03-05,51.62,52.4,50.61,50.97,0
2015-03-06,50.89,51.22,48.88,49.78,0
2015-03-09,49.6,50.79,49.25,50.03,0
2015-03-10,50.09,50.36,48.2,48.75,0
2015-03-11,48.7,49.05,47.33,48.42,0
2015-03-12,48.4,48.76,46.86,46.93,0
2015-03-13,46.94,47.28,44.75,45.0,0
2015-03-16,44.81,45.0,42.85,43.79,0
2015-03-17,43.81,44.2,42.41,42.43,0
2015-03-18,42.51,45.34,42.03,44.69,0
2015-03-19,44.6,44.71,42.75,43.85,0
2015-03-20,43.99,46.53,43.31,45.72,0
2015-03-23,46.41,47.61,45.33,47.49,0
2015-03-24,47.46,48.56,46.67,47.73,0
2015-03-25,47.75,49.46,47.0,48.97,0
2015-03-26,49.01,52.48,48.73,51.0,0
2015-03-27,51.03,51.38,48.21,48.43,0
2015-03-30,48.58,49.16,47.61,48.74,0
2015-03-31,48.71,48.72,47.28,47.49,0
2015-04-01,47.55,50.45,47.05,49.55,0
2015-04-02,49.58,50.27,48.11,49.55,0
2015-04-03,49.14,49.55,49.14,49.14,0
2015-04-06,49.47,52.24,49.14,51.99,0
2015-04-07,51.99,54.13,51.17,53.76,0
2015-04-08,53.19,53.23,50.37,50.98,0
2015-04-09,51.0,52.07,50.51,50.75,0
2015-04-10,50.7,51.93,50.08,51.77,0
2015-04-13,51.76,53.1,51.47,51.99,0
2015-04-14,52.04,53.79,51.83,53.44,0
2015-04-15,53.53,56.69,53.39,55.96,0
2015-04-16,55.91,57.42,55.07,56.53,0
2015-04-17,56.59,56.88,55.31,56.14,0
2015-04-20,56.07,57.17,54.85,56.5,0
2015-04-21,56.41,56.91,55.75,56.43,0
2015-04-22,56.34,57.19,55.73,56.22,0
2015-04-23,56.3,58.41,55.76,57.48,0
2015-04-24,57.5,57.95,56.5,57.42,0
2015-04-27,57.31,57.89,56.52,56.65,0
2015-04-28,56.65,57.83,56.07,56.93,0
2015-04-29,56.94,59.33,56.54,58.53,0
2015-04-30,58.6,59.85,58.38,59.77,0
2015-05-01,59.79,59.9,58.32,59.26,0
2015-05-04,59.32,59.73,58.45,59.02,0
2015-05-05,58.95,61.1,58.63,60.68,0
2015-05-06,60.75,62.58,60.54,60.7,0
2015-05-07,60.68,61.31,58.49,58.96,0
2015-05-08,59.02,59.9,58.14,59.47,0
2015-05-11,59.43,59.85,58.75,59.37,0
2015-05-12,59.28,61.36,59.12,61.17,0
2015-05-13,61.25,61.85,60.02,60.03,0
2015-05-14,60.14,60.84,59.36,59.67,0
2015-05-15,59.67,59.97,58.42,59.96,0
2015-05-18,59.85,60.88,59.06,59.55,0
2015-05-19,59.54,59.63,57.09,57.26,0
2015-05-20,58.32,59.04,58.1,58.76,0
2015-05-21,58.81,60.94,58.69,60.69,0
2015-05-22,60.65,60.8,59.36,59.99,0
2015-05-25,60.05,60.25,59.1,59.82,0
2015-05-26,59.86,59.94,57.71,58.35,0
2015-05-27,58.31,58.95,57.36,57.65,0
2015-05-28,57.63,58.07,56.51,57.97,0
2015-05-29,57.95,60.7,57.72,60.23,0
2015-06-01,59.95,60.64,59.33,60.24,0
2015-06-02,60.18,61.58,60.09,61.04,0
2015-06-03,61.02,61.43,59.34,59.61,0
2015-06-04,59.56,59.94,57.83,57.98,0
2015-06-05,57.94,59.23,56.83,58.88,0
2015-06-08,58.96,59.13,57.86,58.26,0
2015-06-09,58.29,60.68,58.23,60.52,0
2015-06-10,60.57,61.82,60.45,61.12,0
2015-06-11,61.13,61.53,60.21,60.56,0
2015-06-12,60.56,60.63,59.73,59.94,0
2015-06-15,59.9,59.98,58.73,59.61,0
2015-06-16,59.58,60.37,59.42,60.02,0
2015-06-17,60.04,61.38,58.85,59.77,0
2015-06-18,59.78,60.89,59.25,60.45,0
2015-06-19,60.49,60.56,58.88,59.37,0
2015-06-22,59.44,60.3,58.93,59.68,0
2015-06-23,60.21,61.49,59.55,61.17,0
2015-06-24,61.18,61.57,59.8,60.22,0
2015-06-25,60.23,60.46,59.43,59.64,0
2015-06-26,59.65,59.96,58.76,59.65,0
2015-06-29,58.84,59.65,58.04,58.27,0
2015-06-30,58.27,59.69,57.94,59.09,0
2015-07-01,58.98,59.09,56.68,56.87,0
2015-07-02,56.9,57.95,56.5,56.5,0
2015-07-03,56.41,56.79,55.41,55.52,0
2015-07-06,54.9,56.93,52.41,52.68,0
2015-07-07,52.76,53.43,50.58,52.95,0
2015-07-08,52.91,52.96,50.91,51.8,0
2015-07-09,51.81,53.54,51.48,52.59,0
2015-07-10,52.48,53.89,51.96,52.82,0
2015-07-13,52.15,53.17,51.26,52.01,0
2015-07-14,52.0,53.43,50.88,53.37,0
2015-07-15,53.41,53.5,51.21,51.61,0
2015-07-16,51.62,52.17,50.84,50.92,0
2015-07-17,50.92,51.23,50.14,50.78,0
2015-07-20,50.76,51.26,49.85,49.94,0
2015-07-21,49.95,51.02,49.77,50.36,0
2015-07-22,50.68,50.71,49.04,49.2,0
2015-07-23,49.24,49.63,48.21,48.85,0
2015-07-24,48.86,49.03,47.72,47.97,0
2015-07-27,47.97,48.2,46.91,46.98,0
2015-07-28,47.01,48.44,46.68,47.77,0
2015-07-29,47.81,49.52,47.39,48.89,0
2015-07-30,48.86,49.36,48.34,48.44,0
2015-07-31,48.43,48.62,46.7,46.77,0
2015-08-03,46.86,46.94,45.08,45.3,0
2015-08-04,45.35,46.23,45.29,45.99,0
2015-08-05,45.96,46.7,44.83,45.11,0
2015-08-06,45.16,45.27,44.2,44.84,0
2015-08-07,44.81,45.16,43.7,43.75,0
2015-08-10,43.58,45.01,43.35,44.83,0
2015-08-11,44.83,45.34,42.69,43.25,0
2015-08-12,43.27,43.87,42.8,43.31,0
2015-08-13,43.34,43.72,41.91,42.2,0
2015-08-14,42.23,42.96,41.35,42.18,0
2015-08-17,42.17,42.69,41.64,41.88,0
2015-08-18,41.87,42.9,41.43,42.37,0
2015-08-19,42.38,42.68,40.4,40.55,0
2015-08-20,40.58,41.48,40.21,41.14,0
2015-08-21,41.03,41.4,39.86,40.29,0
2015-08-24,40.29,40.47,37.76,38.06,0
2015-08-25,38.18,39.89,38.06,39.64,0
2015-08-26,39.69,39.86,38.52,38.88,0
2015-08-27,38.97,42.86,38.95,42.78,0
2015-08-28,42.69,45.9,41.78,45.33,0
2015-08-31,44.98,49.33,43.6,48.16,0
2015-09-01,48.09,48.87,44.15,44.19,0
2015-09-02,44.28,46.77,43.21,46.05,0
2015-09-03,46.1,48.42,45.65,46.69,0
2015-09-04,46.68,47.23,45.61,45.77,0
2015-09-07,45.68,45.94,44.23,44.25,0
2015-09-08,44.23,46.41,44.14,45.73,0
2015-09-09,45.8,46.26,44.05,44.11,0
2015-09-10,44.16,46.04,43.36,45.73,0
2015-09-11,45.68,45.88,44.16,44.78,0
2015-09-14,44.79,44.97,43.59,44.12,0
2015-09-15,44.12,45.25,43.92,45.15,0
2015-09-16,45.16,47.35,44.82,47.13,0
2015-09-17,47.13,47.71,46.33,46.9,0
2015-09-18,46.89,47.03,44.24,44.98,0
2015-09-21,44.89,46.74,44.69,46.48,0
2015-09-22,46.45,46.48,45.14,45.83,0
2015-09-23,46.53,47.15,44.41,44.6,0
2015-09-24,44.63,45.18,43.71,45.1,0
2015-09-25,45.05,46.38,44.86,45.34,0
2015-09-28,45.32,45.5,44.3,44.47,0
2015-09-29,44.44,45.7,44.3,45.24,0
2015-09-30,44.91,45.85,44.68,45.36,0
2015-10-01,45.32,47.1,44.63,45.02,0
2015-10-02,45.08,45.81,43.97,45.66,0
2015-10-05,45.73,46.94,45.21,46.2,0
2015-10-06,46.19,49.08,45.73,49.04,0
2015-10-07,49.0,49.71,47.7,48.13,0
2015-10-08,48.18,50.07,47.76,49.67,0
2015-10-09,49.69,50.92,49.17,49.49,0
2015-10-12,49.51,50.13,47.04,47.44,0
2015-10-13,47.46,48.43,46.44,46.57,0
2015-10-14,46.69,46.96,45.94,46.29,0
2015-10-15,46.28,47.02,45.23,46.86,0
2015-10-16,46.87,47.5,46.16,47.26,0
2015-10-19,47.27,47.49,45.85,46.19,0
2015-10-20,46.25,46.52,45.23,45.55,0
2015-10-21,45.88,46.08,44.86,45.26,0
2015-10-22,45.27,46.1,44.9,45.49,0
2015-10-23,45.44,45.75,44.2,44.73,0
2015-10-26,44.74,44.94,43.64,43.73,0
2015-10-27,43.79,43.91,42.58,43.39,0
2015-10-28,43.38,46.22,43.06,46.18,0
2015-10-29,46.07,46.76,45.16,45.75,0
2015-10-30,45.72,47.03,45.48,46.39,0
2015-11-02,46.37,46.73,45.56,46.08,0
2015-11-03,46.12,48.36,45.96,47.68,0
2015-11-04,47.73,48.28,46.17,46.58,0
2015-11-05,46.6,46.65,45.12,45.39,0
2015-11-06,45.41,45.64,44.11,44.52,0
2015-11-09,44.3,45.12,43.64,44.11,0
2015-11-10,44.08,44.72,43.57,43.63,0
2015-11-11,43.62,44.11,42.62,43.07,0
2015-11-12,43.04,43.33,41.54,41.6,0
2015-11-13,41.62,42.21,40.22,40.73,0
2015-11-16,40.92,42.25,40.06,42.04,0
2015-11-17,41.94,42.04,40.58,41.12,0
2015-11-18,41.11,41.55,39.91,40.67,0
2015-11-19,40.72,41.05,39.89,40.49,0
2015-11-20,40.54,40.99,38.99,40.39,0
2015-11-23,41.49,42.75,40.41,41.99,0
2015-11-24,42.04,43.46,41.86,42.65,0
2015-11-25,42.68,43.25,41.72,43.2,0
2015-11-26,43.24,43.3,42.29,42.51,0
2015-11-27,42.59,42.75,41.67,41.77,0
2015-11-30,41.82,42.61,41.5,41.68,0
2015-12-01,41.73,42.23,41.17,41.65,0
2015-12-02,41.68,41.97,39.84,40.1,0
2015-12-03,40.12,41.78,40.07,41.27,0
2015-12-04,41.29,42.0,39.6,40.14,0
2015-12-07,40.1,40.15,37.5,37.63,0
2015-12-08,37.68,38.58,36.64,37.85,0
2015-12-09,37.86,38.99,36.87,37.21,0
2015-12-10,37.27,37.54,36.38,36.58,0
2015-12-11,36.63,36.84,35.16,35.36,0
2015-12-14,35.4,36.7,34.53,36.27,0
2015-12-15,36.29,37.88,36.03,36.74,0
2015-12-16,36.78,37.35,35.29,35.74,0
2015-12-17,35.8,35.84,34.63,34.83,0
2015-12-18,34.82,35.57,34.29,34.55,0
2015-12-21,34.57,34.86,33.98,34.74,0
2015-12-22,35.8,36.54,34.74,36.47,0
2015-12-23,36.46,37.95,36.28,37.89,0
2015-12-24,37.85,38.28,37.38,38.12,0
2015-12-25,38.12,38.12,38.12,38.12,0
2015-12-28,38.05,38.09,36.6,36.69,0
2015-12-29,36.7,37.94,36.66,37.33,0
2015-12-30,37.36,37.4,36.4,36.83,0
2015-12-31,36.8,37.79,36.22,37.07,0
2016-01-01,37.07,37.07,37.07,37.07,0
2016-01-04,37.6,38.39,36.33,36.88,0
2016-01-05,36.87,37.1,35.74,36.14,0
2016-01-06,36.18,36.39,33.77,34.06,0
2016-01-07,34.08,34.26,32.1,33.26,0
2016-01-08,33.31,34.34,32.64,32.88,0
2016-01-11,32.86,33.2,30.88,31.13,0
2016-01-12,31.11,32.21,29.93,30.58,0
2016-01-13,30.56,31.71,30.1,30.56,0
2016-01-14,30.61,31.77,30.28,31.21,0
2016-01-15,31.13,31.21,29.13,29.7,0
2016-01-18,29.21,29.84,28.36,28.94,0
2016-01-19,29.08,30.21,28.21,28.28,0
2016-01-20,28.33,28.58,26.19,26.55,0
2016-01-21,28.34,30.25,26.55,29.85,0
2016-01-22,29.84,32.35,29.53,32.25,0
2016-01-25,32.05,32.74,29.68,29.8,0
2016-01-26,29.82,32.41,29.25,30.51,0
2016-01-27,30.52,32.84,30.14,32.16,0
2016-01-28,32.14,34.82,31.74,33.72,0
2016-01-29,33.7,34.4,32.65,33.74,0
2016-02-01,34.05,34.06,31.29,31.32,0
2016-02-02,31.34,31.53,29.57,29.71,0
2016-02-03,29.73,32.75,29.4,32.75,0
2016-02-04,32.71,33.6,31.53,31.69,0
2016-02-05,31.65,32.45,30.63,31.0,0
2016-02-08,30.97,31.38,29.57,30.12,0
2016-02-09,30.17,30.61,27.74,28.35,0
2016-02-10,28.36,29.22,27.24,27.33,0
2016-02-11,27.27,27.48,26.06,27.3,0
2016-02-12,27.28,29.66,26.95,29.02,0
2016-02-15,29.08,30.15,28.95,29.76,0
2016-02-16,30.05,31.53,28.7,29.12,0
2016-02-17,29.15,31.49,28.73,31.43,0
2016-02-18,31.35,31.98,30.27,30.66,0
2016-02-19,30.61,30.73,29.05,29.72,0
2016-02-22,29.83,32.05,29.48,31.48,0
2016-02-23,33.31,33.53,31.22,31.37,0
2016-02-24,31.31,32.4,30.56,32.22,0
2016-02-25,32.19,33.49,31.07,33.08,0
2016-02-26,33.04,34.69,32.64,32.84,0
2016-02-29,32.74,33.98,32.32,33.9,0
2016-03-01,33.89,34.76,33.37,33.89,0
2016-03-02,33.88,35.16,33.55,34.73,0
2016-03-03,34.78,35.32,34.19,34.69,0
2016-03-04,34.66,36.34,34.4,36.33,0
2016-03-07,36.2,38.11,36.09,37.98,0
2016-03-08,37.97,38.39,36.12,36.33,0
2016-03-09,36.36,38.51,36.24,38.18,0
2016-03-10,38.17,38.48,37.21,38.02,0
2016-03-11,37.99,39.02,37.92,38.49,0
2016-03-14,38.29,38.77,36.68,37.37,0
2016-03-15,37.38,37.4,35.96,36.72,0
2016-03-16,36.74,38.63,36.61,38.6,0
2016-03-17,38.55,40.36,38.47,40.34,0
2016-03-18,40.25,41.2,39.15,39.35,0
2016-03-21,39.06,40.3,38.61,39.91,0
2016-03-22,41.62,41.9,40.77,41.22,0
2016-03-23,41.19,41.34,39.67,39.76,0
2016-03-24,39.72,39.77,38.33,39.59,0
2016-03-25,39.59,39.59,39.59,39.59,0
2016-03-28,39.55,40.14,38.86,39.3,0
2016-03-29,39.31,39.48,37.91,38.49,0
2016-03-30,38.54,39.85,38.14,38.3,0
2016-03-31,38.28,39.04,37.57,38.11,0
2016-04-01,38.14,38.56,36.63,36.63,0
2016-04-04,36.61,37.21,35.46,35.46,0
2016-04-05,35.49,36.58,35.24,36.56,0
2016-04-06,36.55,37.81,36.43,37.57,0
2016-04-07,37.74,38.3,36.69,37.53,0
2016-04-08,37.54,39.84,37.45,39.66,0
2016-04-11,39.69,40.75,39.25,40.36,0
2016-04-12,40.34,42.25,40.09,41.64,0
2016-04-13,41.61,42.42,41.24,41.55,0
2016-04-14,41.54,42.16,40.84,41.45,0
2016-04-15,41.43,41.73,39.98,40.4,0
2016-04-18,38.75,40.4,37.61,40.05,0
2016-04-19,40.04,41.53,39.58,40.96,0
2016-04-20,40.8,42.91,39.85,42.63,0
2016-04-21,43.96,44.49,43.05,43.43,0
2016-04-22,43.42,44.45,43.11,43.75,0
2016-04-25,43.71,44.04,42.58,42.99,0
2016-04-26,42.98,44.83,42.5,44.66,0
2016-04-27,44.64,45.62,43.77,45.33,0
2016-04-28,45.3,46.14,44.94,45.88,0
2016-04-29,45.9,46.78,45.24,45.99,0
2016-05-02,45.9,46.15,44.54,44.89,0
2016-05-03,44.92,45.35,43.32,43.88,0
2016-05-04,43.84,44.88,43.22,44.05,0
2016-05-05,44.04,46.07,43.96,44.51,0
2016-05-06,44.51,45.34,43.54,44.56,0
2016-05-09,45.0,45.94,43.24,43.24,0
2016-05-10,43.25,44.79,43.03,44.53,0
2016-05-11,44.6,46.36,43.96,45.99,0
2016-05-12,45.99,47.02,45.61,46.39,0
2016-05-13,46.42,46.49,45.75,46.37,0
2016-05-16,46.26,47.98,46.15,47.89,0
2016-05-17,47.92,48.76,47.53,48.59,0
2016-05-18,48.53,48.95,47.75,47.89,0
2016-05-19,47.87,48.28,46.73,48.27,0
2016-05-20,48.22,48.79,47.44,47.75,0
2016-05-23,48.46,48.5,47.4,48.11,0
2016-05-24,48.08,49.27,47.64,49.1,0
2016-05-25,49.09,49.75,48.65,49.74,0
2016-05-26,49.68,50.21,49.22,49.4,0
2016-05-27,49.33,49.6,48.69,49.56,0
2016-05-30,49.54,49.72,49.07,49.6,0
2016-05-31,49.64,50.1,48.81,48.83,0
2016-06-01,48.77,49.25,47.75,48.91,0
2016-06-02,48.91,49.47,47.97,49.06,0
2016-06-03,49.04,49.41,48.33,48.9,0
2016-06-06,48.91,49.9,48.71,49.71,0
2016-06-07,49.73,50.53,49.44,50.43,0
2016-06-08,50.42,51.62,50.32,51.53,0
2016-06-09,51.44,51.67,50.23,50.46,0
2016-06-10,50.47,50.73,48.8,48.88,0
2016-06-13,48.89,49.28,48.16,48.56,0
2016-06-14,48.53,48.69,47.84,47.9,0
2016-06-15,47.91,48.72,47.28,47.49,0
2016-06-16,47.45,47.75,45.91,45.99,0
2016-06-17,46.0,48.29,45.83,48.26,0
2016-06-20,48.32,49.42,48.14,49.2,0
2016-06-21,49.14,49.32,48.16,48.85,0
2016-06-22,50.22,50.54,48.4,49.0,0
2016-06-23,49.08,50.23,49.0,50.13,0
2016-06-24,50.3,50.45,46.7,47.57,0
2016-06-27,47.81,47.96,45.83,46.61,0
2016-06-28,46.57,48.18,46.54,48.11,0
2016-06-29,48.06,50.0,47.98,49.54,0
2016-06-30,49.55,49.62,48.17,48.4,0
2016-07-01,48.38,49.3,47.9,49.28,0
2016-07-04,49.11,49.35,48.66,48.76,0
2016-07-05,48.72,48.75,46.33,46.86,0
2016-07-06,46.83,47.95,45.92,47.89,0
2016-07-07,47.85,48.25,44.87,45.19,0
2016-07-08,45.18,45.97,44.77,45.12,0
2016-07-11,45.07,45.77,44.42,44.55,0
2016-07-12,44.59,46.93,44.51,46.62,0
2016-07-13,46.57,46.69,44.56,45.11,0
2016-07-14,45.13,45.8,44.95,45.5,0
2016-07-15,45.52,46.33,45.05,46.28,0
2016-07-18,46.13,46.14,44.86,45.2,0
2016-07-19,45.23,45.67,44.53,44.57,0
2016-07-20,44.59,45.25,43.69,44.94,0
2016-07-21,45.66,46.09,44.52,44.54,0
2016-07-22,44.61,44.97,43.74,44.26,0
2016-07-25,44.18,44.37,42.97,43.05,0
2016-07-26,43.07,43.39,42.36,42.64,0
2016-07-27,42.64,43.2,41.68,41.91,0
2016-07-28,41.93,42.22,41.04,41.1,0
2016-07-29,41.12,41.67,40.57,41.38,0
2016-08-01,41.37,41.88,39.82,40.08,0
2016-08-02,40.07,40.91,39.26,39.72,0
2016-08-03,39.7,41.2,39.19,41.17,0
2016-08-04,41.13,42.08,40.43,41.81,0
2016-08-05,41.84,42.1,41.06,41.98,0
2016-08-08,41.99,43.39,41.81,42.87,0
2016-08-09,42.84,43.52,42.47,42.75,0
2016-08-10,42.74,43.39,41.42,41.49,0
2016-08-11,41.48,43.86,41.1,43.46,0
2016-08-12,43.45,44.78,43.31,44.69,0
2016-08-15,44.74,45.93,44.38,45.71,0
2016-08-16,45.56,46.73,45.34,46.41,0
2016-08-17,46.37,46.95,45.84,46.94,0
2016-08-18,46.91,48.38,46.63,48.34,0
2016-08-19,48.29,48.75,47.93,48.57,0
2016-08-22,48.39,48.57,46.75,47.05,0
2016-08-23,47.4,48.32,46.59,47.57,0
2016-08-24,47.58,47.74,46.45,46.8,0
2016-08-25,46.81,47.46,46.42,47.38,0
2016-08-26,47.41,48.46,46.94,47.29,0
2016-08-29,47.22,47.29,46.62,46.95,0
2016-08-30,46.97,47.49,46.21,46.26,0
2016-08-31,46.23,46.41,44.51,44.86,0
2016-09-01,44.86,45.08,43.0,43.53,0
2016-09-02,43.55,44.67,43.16,44.2,0
2016-09-05,44.16,46.53,44.06,45.17,0
2016-09-06,45.05,45.62,43.84,44.88,0
2016-09-07,44.85,46.17,44.55,46.14,0
2016-09-08,46.13,47.75,45.77,47.32,0
2016-09-09,47.34,47.36,45.56,45.71,0
2016-09-12,45.57,46.51,44.72,46.06,0
2016-09-13,46.07,46.13,44.77,44.97,0
2016-09-14,45.0,45.33,43.42,43.64,0
2016-09-15,43.68,44.34,43.27,43.7,0
2016-09-16,43.71,43.75,42.74,43.19,0
2016-09-19,43.18,44.15,43.12,43.19,0
2016-09-20,43.05,44.05,42.55,43.44,0
2016-09-21,44.5,45.65,44.43,45.62,0
2016-09-22,45.61,46.52,45.52,46.08,0
2016-09-23,46.07,46.55,44.22,44.59,0
2016-09-26,44.72,46.2,44.43,45.62,0
2016-09-27,45.61,45.96,44.19,44.93,0
2016-09-28,44.96,47.45,44.35,47.16,0
2016-09-29,47.2,48.32,46.6,47.72,0
2016-09-30,47.77,48.3,47.04,48.05,0
2016-10-03,48.03,49.02,47.78,48.65,0
2016-10-04,48.62,49.26,48.26,49.19,0
2016-10-05,49.3,49.97,49.1,49.7,0
2016-10-06,49.65,50.63,49.33,50.56,0
2016-10-07,50.59,50.74,49.4,49.55,0
2016-10-10,49.57,51.6,49.15,51.16,0
2016-10-11,51.1,51.54,50.39,50.69,0
2016-10-12,50.84,51.17,49.89,50.01,0
2016-10-13,49.97,50.59,49.36,50.55,0
2016-10-14,50.58,51.14,49.9,50.32,0
2016-10-17,50.25,50.58,49.47,50.07,0
2016-10-18,50.07,50.78,49.76,50.77,0
2016-10-19,50.79,51.93,50.69,51.43,0
2016-10-20,51.36,51.58,50.25,50.43,0
2016-10-21,50.66,51.02,50.21,51.0,0
2016-10-24,50.85,51.0,49.62,50.49,0
2016-10-25,50.43,50.93,49.27,49.3,0
2016-10-26,49.34,50.1,48.87,49.23,0
2016-10-27,49.23,50.06,49.0,49.6,0
2016-10-28,49.61,49.81,48.42,48.66,0
2016-10-31,48.31,48.74,46.63,46.76,0
2016-11-01,46.72,47.35,46.2,46.33,0
2016-11-02,46.32,46.47,44.96,45.51,0
2016-11-03,45.46,45.9,44.37,44.67,0
2016-11-04,44.63,44.87,43.57,44.13,0
2016-11-07,44.45,45.01,44.11,44.95,0
2016-11-08,44.97,45.39,44.41,44.83,0
2016-11-09,44.82,45.95,43.07,45.34,0
2016-11-10,45.33,45.64,44.25,44.29,0
2016-11-11,44.35,44.63,43.03,43.12,0
2016-11-14,43.2,43.81,42.2,43.72,0
2016-11-15,43.76,46.09,43.55,45.75,0
2016-11-16,45.77,46.41,45.03,45.33,0
2016-11-17,45.37,46.58,44.88,44.93,0
2016-11-18,44.95,45.77,44.55,45.58,0
2016-11-21,45.83,47.8,45.58,47.49,0
2016-11-22,48.37,49.2,47.17,47.9,0
2016-11-23,47.97,48.43,47.4,47.94,0
2016-11-24,47.97,48.26,47.8,47.98,0
2016-11-25,47.99,48.04,45.88,45.96,0
2016-11-28,45.43,47.65,45.14,46.9,0
2016-11-29,46.96,46.98,44.82,45.23,0
2016-11-30,45.24,49.9,45.22,48.98,0
2016-12-01,49.07,51.8,48.98,50.91,0
2016-12-02,51.0,51.73,50.18,51.68,0
2016-12-05,51.46,52.42,50.93,50.95,0
2016-12-06,50.94,51.6,50.28,50.91,0
2016-12-07,50.93,51.2,49.72,49.84,0
2016-12-08,49.88,50.98,49.61,50.96,0
2016-12-09,50.92,51.66,50.86,51.48,0
2016-12-12,52.58,54.51,51.48,52.44,0
2016-12-13,52.51,53.41,52.35,52.46,0
2016-12-14,52.45,52.78,50.67,50.77,0
2016-12-15,50.79,51.48,49.95,51.07,0
2016-12-16,51.12,52.08,50.5,52.03,0
2016-12-19,52.15,52.52,51.51,52.12,0
2016-12-20,52.11,52.7,51.85,52.23,0
2016-12-21,53.56,53.79,52.23,52.51,0
2016-12-22,52.52,53.19,52.08,52.65,0
2016-12-23,52.68,53.28,52.26,53.25,0
2016-12-26,53.25,53.25,53.25,53.25,0
2016-12-27,53.29,54.1,53.03,53.89,0
2016-12-28,53.93,54.37,53.56,53.66,0
2016-12-29,53.65,54.21,53.46,53.85,0
2016-12-30,53.87,54.09,53.41,53.89,0
2017-01-02,53.89,53.89,53.89,53.89,0
2017-01-03,54.2,55.24,52.11,52.47,0
2017-01-04,52.48,53.43,52.15,53.35,0
2017-01-05,53.36,54.12,52.79,53.76,0
2017-01-06,53.73,54.32,53.32,53.7,0
2017-01-09,53.78,53.83,51.76,51.79,0
2017-01-10,51.83,52.37,50.71,50.78,0
2017-01-11,50.82,52.78,50.75,52.37,0
2017-01-12,52.38,53.5,52.12,53.03,0
2017-01-13,53.05,53.17,52.27,52.52,0
2017-01-16,52.52,52.72,52.12,52.64,0
2017-01-17,52.54,53.52,52.24,52.53,0
2017-01-18,52.52,52.79,50.91,51.39,0
2017-01-19,51.38,51.87,51.02,51.41,0
2017-01-20,51.45,52.9,51.39,52.42,0
2017-01-23,53.33,53.47,52.21,52.83,0
2017-01-24,52.86,53.56,52.67,52.94,0
2017-01-25,52.92,53.47,52.56,52.94,0
2017-01-26,52.96,54.06,52.79,53.71,0
2017-01-27,53.74,54.08,52.58,53.2,0
2017-01-30,53.15,53.46,52.41,52.57,0
2017-01-31,52.6,53.56,52.24,52.8,0
2017-02-01,52.76,53.91,52.64,53.55,0
2017-02-02,53.56,54.34,53.35,53.64,0
2017-02-03,53.69,54.22,53.4,53.85,0
2017-02-06,53.81,54.13,52.91,53.1,0
2017-02-07,53.14,53.24,51.63,51.7,0
2017-02-08,51.44,52.67,51.22,52.38,0
2017-02-09,52.4,53.21,52.37,53.14,0
2017-02-10,53.15,54.13,52.9,53.85,0
2017-02-13,53.8,53.95,52.77,52.87,0
2017-02-14,52.91,53.72,52.86,53.03,0
2017-02-15,53.01,53.51,52.73,52.98,0
2017-02-16,53.01,53.59,52.68,53.46,0
2017-02-17,53.47,53.52,52.88,53.37,0
2017-02-20,53.48,53.88,53.35,53.69,0
2017-02-21,53.68,54.68,53.59,54.06,0
2017-02-22,54.26,54.6,53.35,53.87,0
2017-02-23,53.91,54.94,53.87,54.36,0
2017-02-24,54.33,54.51,53.76,54.02,0
2017-02-27,54.03,54.61,53.94,54.04,0
2017-02-28,54.03,54.23,53.18,54.0,0
2017-03-01,53.95,54.44,53.63,53.67,0
2017-03-02,53.69,53.8,52.54,52.56,0
2017-03-03,52.58,53.39,52.55,53.2,0
2017-03-06,53.19,53.56,52.76,53.18,0
2017-03-07,53.17,53.8,52.71,52.79,0
2017-03-08,52.78,52.92,50.05,50.2,0
2017-03-09,50.22,50.84,48.59,49.62,0
2017-03-10,49.61,50.11,48.31,48.39,0
2017-03-13,48.45,48.68,47.9,48.47,0
2017-03-14,48.44,48.79,47.09,48.5,0
2017-03-15,48.76,49.04,48.16,48.96,0
2017-03-16,49.04,49.62,48.45,48.77,0
2017-03-17,48.79,49.2,48.6,48.72,0
2017-03-20,48.7,48.74,47.84,48.17,0
2017-03-21,47.93,48.73,47.23,47.34,0
2017-03-22,48.16,48.32,47.01,48.16,0
2017-03-23,48.15,48.48,47.58,47.67,0
2017-03-24,47.68,48.2,47.54,48.14,0
2017-03-27,48.16,48.28,47.08,47.85,0
2017-03-28,47.88,48.74,47.8,48.44,0
2017-03-29,48.44,49.63,48.38,49.6,0
2017-03-30,49.61,50.47,49.27,50.33,0
2017-03-31,50.32,50.85,49.9,50.85,0
2017-04-03,50.69,50.85,50.12,50.25,0
2017-04-04,50.23,51.3,49.88,51.13,0
2017-04-05,51.16,51.88,50.74,50.82,0
2017-04-06,50.83,51.82,50.77,51.74,0
2017-04-07,51.72,52.94,51.49,52.29,0
2017-04-10,52.32,53.18,52.29,53.15,0
2017-04-11,53.18,53.45,52.7,53.4,0
2017-04-12,53.4,53.76,52.71,52.82,0
2017-04-13,52.85,53.39,52.85,52.91,0
2017-04-14,52.91,52.91,52.91,52.91,0
2017-04-17,52.97,53.21,52.55,52.75,0
2017-04-18,52.75,52.85,52.1,52.35,0
2017-04-19,52.36,52.65,50.09,50.58,0
2017-04-20,50.63,50.97,50.18,50.27,0
2017-04-21,50.72,50.93,49.2,49.63,0
2017-04-24,49.68,50.22,49.03,49.21,0
2017-04-25,49.2,49.83,48.87,49.36,0
2017-04-26,49.37,50.2,48.94,49.21,0
2017-04-27,49.22,49.43,48.2,49.24,0
2017-04-28,49.27,49.76,48.8,49.19,0
2017-05-01,49.17,49.32,48.59,48.74,0
2017-05-02,48.78,49.28,47.35,48.08,0
2017-05-03,48.12,48.23,47.3,47.73,0
2017-05-04,47.6,47.75,45.29,45.49,0
2017-05-05,45.51,46.68,43.76,46.47,0
2017-05-08,46.35,46.98,45.73,46.5,0
2017-05-09,46.49,46.78,45.53,46.2,0
2017-05-10,46.18,47.78,46.01,47.34,0
2017-05-11,47.39,48.22,47.34,47.82,0
2017-05-12,47.81,48.07,47.35,47.82,0
2017-05-15,47.85,49.66,47.75,48.82,0
2017-05-16,48.84,49.38,48.17,48.23,0
2017-05-17,48.24,49.5,48.03,48.96,0
2017-05-18,48.94,49.6,48.05,49.34,0
2017-05-19,49.28,50.53,49.28,50.53,0
2017-05-22,50.6,51.06,50.44,50.73,0
2017-05-23,51.06,51.79,50.57,51.49,0
2017-05-24,51.44,51.88,51.03,51.3,0
2017-05-25,51.27,52.0,48.45,48.71,0
2017-05-26,48.75,49.94,48.18,49.87,0
2017-05-29,49.93,50.28,49.51,49.99,0
2017-05-30,50.06,50.06,49.04,49.65,0
2017-05-31,49.64,49.71,47.73,48.63,0
2017-06-01,48.64,49.17,47.9,48.03,0
2017-06-02,48.04,48.19,46.74,47.74,0
2017-06-05,47.71,48.42,46.86,47.39,0
2017-06-06,47.4,48.4,46.94,47.98,0
2017-06-07,47.97,48.23,45.65,45.78,0
2017-06-08,45.85,46.18,45.2,45.71,0
2017-06-09,45.69,46.18,45.27,45.9,0
2017-06-12,45.78,46.71,45.66,46.0,0
2017-06-13,46.01,46.57,45.56,45.95,0
2017-06-14,45.94,46.49,44.54,44.68,0
2017-06-15,44.7,44.81,44.22,44.24,0
2017-06-16,44.25,44.94,44.24,44.68,0
2017-06-19,44.67,45.06,44.05,44.1,0
2017-06-20,44.11,44.4,42.75,43.23,0
2017-06-21,43.38,44.2,42.05,42.53,0
2017-06-22,42.55,43.32,42.26,42.78,0
2017-06-23,42.8,43.2,42.53,43.17,0
2017-06-26,43.16,43.65,42.63,43.49,0
2017-06-27,43.48,44.44,43.32,43.72,0
2017-06-28,43.7,44.9,43.67,44.88,0
2017-06-29,44.89,45.45,44.65,44.87,0
2017-06-30,44.88,46.35,44.88,46.33,0
2017-07-03,46.28,47.1,45.92,47.05,0
2017-07-04,47.04,47.32,46.74,47.08,0
2017-07-05,47.07,47.24,44.51,45.61,0
2017-07-06,45.65,46.53,45.18,45.33,0
2017-07-07,45.35,45.42,43.78,44.33,0
2017-07-10,44.35,44.84,43.65,44.55,0
2017-07-11,44.58,45.81,43.83,45.76,0
2017-07-12,45.74,46.48,45.11,45.46,0
2017-07-13,45.44,46.28,44.99,46.1,0
2017-07-14,46.08,46.74,45.8,46.68,0
2017-07-17,46.67,46.88,45.89,46.0,0
2017-07-18,45.99,46.92,45.81,46.25,0
2017-07-19,46.29,47.26,46.14,47.09,0
2017-07-20,47.1,47.55,46.66,46.79,0
2017-07-21,46.91,47.21,45.54,45.6,0
2017-07-24,45.61,46.53,45.4,46.48,0
2017-07-25,46.48,48.66,46.38,48.55,0
2017-07-26,48.5,48.87,47.86,48.72,0
2017-07-27,48.69,49.24,48.25,49.15,0
2017-07-28,49.14,49.81,48.86,49.79,0
2017-07-31,49.85,50.41,49.18,50.17,0
2017-08-01,50.21,50.43,48.37,48.79,0
2017-08-02,48.8,49.65,48.55,49.61,0
2017-08-03,49.58,49.96,48.78,48.93,0
2017-08-04,48.95,49.64,48.5,49.52,0
2017-08-07,49.59,49.73,48.54,49.31,0
2017-08-08,49.31,49.79,48.86,48.96,0
2017-08-09,49.0,49.72,48.9,49.7,0
2017-08-10,49.68,50.22,48.35,48.51,0
2017-08-11,48.52,48.98,47.98,48.79,0
2017-08-14,48.78,49.16,47.43,47.5,0
2017-08-15,47.49,47.9,47.02,47.71,0
2017-08-16,47.74,47.99,46.67,46.77,0
2017-08-17,46.82,47.19,46.46,46.93,0
2017-08-18,46.94,48.74,46.78,48.73,0
2017-08-21,48.72,48.75,47.03,47.4,0
2017-08-22,47.45,48.03,47.2,47.64,0
2017-08-23,47.64,48.5,47.53,48.37,0
2017-08-24,48.37,48.43,47.06,47.62,0
2017-08-25,47.63,47.91,47.39,47.86,0
2017-08-28,47.89,48.2,46.15,46.81,0
2017-08-29,46.86,46.96,45.76,46.32,0
2017-08-30,46.31,46.72,45.84,45.97,0
2017-08-31,45.95,47.47,45.58,47.09,0
2017-09-01,47.08,47.35,46.56,47.35,0
2017-09-04,47.28,47.65,47.15,47.37,0
2017-09-05,47.39,48.98,47.35,48.62,0
2017-09-06,48.59,49.42,48.52,49.15,0
2017-09-07,49.14,49.33,48.63,49.11,0
2017-09-08,49.09,49.26,47.27,47.56,0
2017-09-11,47.58,48.27,47.0,48.1,0
2017-09-12,48.12,48.44,47.73,48.25,0
2017-09-13,48.34,49.4,48.12,49.32,0
2017-09-14,49.31,50.5,49.15,49.72,0
2017-09-15,49.72,50.13,49.41,49.83,0
2017-09-18,49.88,50.33,49.19,49.93,0
2017-09-19,49.91,50.42,49.33,49.86,0
2017-09-20,49.84,50.65,49.75,50.41,0
2017-09-21,50.71,50.81,50.07,50.74,0
2017-09-22,50.73,50.78,50.29,50.66,0
2017-09-25,50.68,52.28,50.39,52.13,0
2017-09-26,52.12,52.43,51.43,52.09,0
2017-09-27,52.1,52.34,51.63,52.03,0
2017-09-28,52.03,52.86,51.22,51.59,0
2017-09-29,51.6,51.77,51.25,51.64,0
2017-10-02,51.67,51.68,50.07,50.57,0
2017-10-03,50.57,50.73,50.14,50.18,0
2017-10-04,50.15,50.67,49.76,49.9,0
2017-10-05,49.9,51.22,49.85,50.75,0
2017-10-06,50.78,50.82,49.1,49.25,0
2017-10-09,49.28,49.79,49.13,49.56,0
2017-10-10,49.54,51.06,49.54,50.94,0
2017-10-11,50.95,51.42,50.61,51.02,0
2017-10-12,51.0,51.13,50.15,50.74,0
2017-10-13,50.71,51.72,50.7,51.42,0
2017-10-16,51.44,52.37,51.35,51.92,0
2017-10-17,51.94,52.25,51.21,51.94,0
2017-10-18,51.95,52.33,51.69,52.03,0
2017-10-19,52.03,52.17,51.07,51.4,0
2017-10-20,51.42,51.73,50.7,51.47,0
2017-10-23,52.08,52.3,51.68,51.86,0
2017-10-24,51.89,52.62,51.55,52.53,0
2017-10-25,52.56,52.57,51.89,52.17,0
2017-10-26,52.19,52.86,51.91,52.82,0
2017-10-27,52.8,54.2,52.25,54.19,0
2017-10-30,54.16,54.46,53.75,54.12,0
2017-10-31,54.08,54.85,53.93,54.64,0
2017-11-01,54.65,55.22,53.89,54.27,0
2017-11-02,54.28,54.84,53.99,54.74,0
2017-11-03,54.73,55.76,54.4,55.7,0
2017-11-06,55.97,57.61,55.66,57.24,0
2017-11-07,57.27,57.69,56.83,56.94,0
2017-11-08,56.96,57.92,56.41,56.82,0
2017-11-09,56.84,57.53,56.69,57.03,0
2017-11-10,57.02,57.35,56.55,56.9,0
2017-11-13,56.89,57.15,56.3,56.73,0
2017-11-14,56.72,56.77,54.81,55.0,0
2017-11-15,55.06,55.56,54.88,55.31,0
2017-11-16,55.3,55.62,54.93,55.26,0
2017-11-17,55.25,56.68,55.18,56.68,0
2017-11-20,56.69,56.76,55.57,56.09,0
2017-11-21,56.37,57.22,56.09,57.1,0
2017-11-22,57.13,58.15,57.03,58.06,0
2017-11-23,58.05,58.58,57.75,58.56,0
2017-11-24,58.5,59.05,58.36,58.97,0
2017-11-27,58.95,58.99,57.55,57.85,0
2017-11-28,57.86,58.11,57.42,57.75,0
2017-11-29,57.74,58.3,56.75,57.39,0
2017-11-30,57.41,57.98,56.82,57.42,0
2017-12-01,57.33,58.88,57.29,58.29,0
2017-12-04,58.32,58.34,57.35,57.44,0
2017-12-05,57.48,57.92,57.08,57.48,0
2017-12-06,57.47,57.57,55.87,55.97,0
2017-12-07,56.0,56.78,55.82,56.62,0
2017-12-08,56.65,57.79,56.54,57.34,0
2017-12-11,57.25,58.08,56.91,58.02,0
2017-12-12,58.01,58.56,56.85,57.45,0
2017-12-13,57.44,57.83,56.55,56.67,0
2017-12-14,56.7,57.22,56.09,57.17,0
2017-12-15,57.13,57.49,56.94,57.36,0
2017-12-18,57.41,57.78,56.82,57.29,0
2017-12-19,57.3,57.64,57.16,57.46,0
2017-12-20,57.69,58.12,57.44,58.03,0
2017-12-21,58.0,58.38,57.63,58.23,0
2017-12-22,58.16,58.5,57.87,58.35,0
2017-12-25,58.35,58.35,58.35,58.35,0
2017-12-26,58.42,60.01,58.32,59.8,0
2017-12-27,59.78,59.93,59.33,59.59,0
2017-12-28,59.53,59.94,59.44,59.89,0
2017-12-29,59.91,60.51,59.82,60.1,0
2018-01-01,60.1,60.1,60.1,60.1,0
2018-01-02,60.18,60.74,60.1,60.37,0
2018-01-03,60.39,61.97,60.28,61.93,0
2018-01-04,61.96,62.21,61.59,61.89,0
2018-01-05,61.9,62.04,61.09,61.59,0
2018-01-08,61.61,61.97,61.34,61.9,0
2018-01-09,61.92,63.48,61.8,63.48,0
2018-01-10,63.41,63.67,63.09,63.5,0
2018-01-11,63.48,64.77,63.43,63.55,0
2018-01-12,63.56,64.5,63.06,64.4,0
2018-01-15,64.42,64.89,64.09,64.81,0
2018-01-16,64.8,64.81,63.39,63.88,0
2018-01-17,63.92,64.17,63.31,64.09,0
2018-01-18,64.08,64.35,63.47,63.72,0
2018-01-19,63.74,63.77,62.85,63.57,0
2018-01-22,63.6,64.14,63.17,63.49,0
2018-01-23,63.88,64.88,63.49,64.47,0
2018-01-24,64.36,66.05,64.34,65.88,0
2018-01-25,65.87,66.66,65.08,65.23,0
2018-01-26,65.25,66.35,64.91,66.24,0
2018-01-29,66.18,66.46,64.98,65.52,0
2018-01-30,65.54,65.56,63.89,63.99,0
2018-01-31,64.03,64.94,63.67,64.77,0
2018-02-01,64.76,66.25,64.63,65.98,0
2018-02-02,65.99,66.3,64.47,65.06,0
2018-02-05,65.1,65.4,63.42,63.43,0
2018-02-06,63.44,64.29,63.12,63.92,0
2018-02-07,63.93,64.18,61.25,61.73,0
2018-02-08,61.7,62.09,60.27,60.42,0
2018-02-09,60.43,60.77,58.07,59.05,0
2018-02-12,59.12,60.83,59.05,59.38,0
2018-02-13,59.35,59.73,58.39,58.95,0
2018-02-14,58.98,60.9,58.2,60.74,0
2018-02-15,60.71,61.64,59.72,61.42,0
2018-02-16,61.43,61.99,60.88,61.61,0
2018-02-19,61.64,62.57,61.63,62.5,0
2018-02-20,62.44,62.74,61.58,61.9,0
2018-02-21,61.63,61.9,60.92,61.34,0
2018-02-22,61.35,63.09,60.75,62.65,0
2018-02-23,62.6,63.73,62.33,63.57,0
2018-02-26,63.6,64.24,63.06,64.0,0
2018-02-27,64.05,64.08,62.64,62.84,0
2018-02-28,62.8,63.44,61.36,61.55,0
2018-03-01,61.53,61.83,60.18,61.34,0
2018-03-02,61.35,61.6,60.13,61.45,0
2018-03-05,61.58,62.79,61.1,62.61,0
2018-03-06,62.6,63.28,62.17,62.36,0
2018-03-07,62.3,62.58,60.58,61.35,0
2018-03-08,61.34,61.4,59.95,60.33,0
2018-03-09,60.27,62.18,60.14,62.12,0
2018-03-12,62.09,62.33,60.67,61.38,0
2018-03-13,61.34,61.97,60.27,60.85,0
2018-03-14,60.87,61.33,60.11,60.93,0
2018-03-15,60.95,61.54,60.82,61.19,0
2018-03-16,61.19,62.54,61.08,62.25,0
2018-03-19,62.23,62.35,61.36,62.16,0
2018-03-20,62.1,63.81,62.08,63.4,0
2018-03-21,63.69,65.55,63.58,65.49,0
2018-03-22,65.5,65.74,64.14,64.21,0
2018-03-23,64.28,66.0,64.11,65.74,0
2018-03-26,65.88,66.55,65.08,65.49,0
2018-03-27,65.53,66.41,64.53,64.66,0
2018-03-28,64.69,65.13,63.72,64.67,0
2018-03-29,64.69,65.26,64.16,64.91,0
2018-03-30,64.91,64.91,64.91,64.91,0
2018-04-02,65.09,65.42,62.8,62.85,0
2018-04-03,62.89,63.86,62.85,63.57,0
2018-04-04,63.59,63.64,62.06,63.56,0
2018-04-05,63.6,64.12,63.07,63.73,0
2018-04-06,63.7,63.79,61.81,61.95,0
2018-04-09,62.0,63.61,61.93,63.29,0
2018-04-10,63.3,65.86,63.2,65.58,0
2018-04-11,65.59,67.45,65.15,66.74,0
2018-04-12,66.75,67.33,66.0,67.16,0
2018-04-13,67.2,67.76,66.7,67.39,0
2018-04-16,67.37,67.74,66.13,66.34,0
2018-04-17,66.4,66.75,65.56,66.67,0
2018-04-18,66.67,68.91,66.56,68.75,0
2018-04-19,68.74,69.56,67.98,68.15,0
2018-04-20,68.26,68.62,67.5,68.38,0
2018-04-23,68.22,69.03,67.14,68.92,0
2018-04-24,68.95,69.38,67.54,67.72,0
2018-04-25,67.73,68.18,67.11,68.01,0
2018-04-26,68.04,68.78,67.71,68.16,0
2018-04-27,68.21,68.36,67.64,67.97,0
2018-04-30,68.55,69.34,68.35,68.57,0
2018-05-01,68.56,68.9,66.85,67.5,0
2018-05-02,67.5,68.14,66.92,67.68,0
2018-05-03,67.69,68.6,67.21,68.5,0
2018-05-04,68.51,69.97,68.12,69.79,0
2018-05-07,69.84,70.84,69.51,70.0,0
2018-05-08,70.04,70.4,67.63,70.04,0
2018-05-09,70.05,71.36,69.85,71.24,0
2018-05-10,71.23,71.89,70.56,71.4,0
2018-05-11,71.44,71.63,70.45,70.51,0
2018-05-14,70.51,71.26,70.26,71.17,0
2018-05-15,71.15,71.92,70.42,71.0,0
2018-05-16,71.03,71.59,70.66,71.54,0
2018-05-17,71.56,72.3,71.09,71.59,0
2018-05-18,71.6,71.75,70.99,71.35,0
2018-05-21,71.36,72.59,71.25,72.57,0
2018-05-22,72.53,72.83,71.9,72.13,0
2018-05-23,72.11,72.26,71.19,71.83,0
2018-05-24,71.85,72.0,70.52,70.67,0
2018-05-25,70.65,70.8,67.42,67.5,0
2018-05-28,67.55,67.55,65.8,66.47,0
2018-05-29,66.49,67.35,65.92,66.87,0
2018-05-30,66.86,68.67,66.35,68.23,0
2018-05-31,68.24,68.3,66.56,67.1,0
2018-06-01,67.07,67.34,65.51,65.71,0
2018-06-04,65.7,66.04,64.57,64.88,0
2018-06-05,64.94,65.57,64.22,65.53,0
2018-06-06,65.51,65.96,64.27,65.01,0
2018-06-07,65.08,66.07,64.81,65.95,0
2018-06-08,65.98,66.24,65.15,65.56,0
2018-06-11,65.55,66.35,64.85,66.07,0
2018-06-12,66.09,66.7,65.87,66.04,0
2018-06-13,66.01,66.89,65.52,66.62,0
2018-06-14,66.61,67.16,66.36,67.0,0
2018-06-15,67.01,67.09,64.29,64.38,0
2018-06-18,64.4,65.98,63.59,65.83,0
2018-06-19,65.82,65.9,64.39,65.06,0
2018-06-20,65.11,66.53,65.01,66.22,0
2018-06-21,65.33,66.22,64.34,65.8,0
2018-06-22,65.93,69.38,65.71,69.28,0
2018-06-25,68.75,69.44,67.78,68.19,0
2018-06-26,68.2,70.91,67.72,70.68,0
2018-06-27,70.71,73.06,70.56,72.3,0
2018-06-28,72.27,74.03,72.2,73.28,0
2018-06-29,73.33,74.46,72.93,74.25,0
2018-07-02,73.57,74.35,72.51,74.06,0
2018-07-03,74.1,75.27,72.73,74.28,0
2018-07-04,74.25,74.9,73.5,74.33,0
2018-07-05,74.34,74.8,72.53,73.12,0
2018-07-06,73.16,74.01,72.14,73.92,0
2018-07-09,73.87,74.28,72.99,74.01,0
2018-07-10,74.03,74.7,73.65,74.21,0
2018-07-11,74.23,74.26,70.02,70.61,0
2018-07-12,70.6,71.24,69.23,70.35,0
2018-07-13,70.4,71.66,69.84,70.58,0
2018-07-16,70.52,70.87,67.58,68.0,0
2018-07-17,68.0,68.44,67.04,67.61,0
2018-07-18,67.61,69.06,67.04,68.98,0
2018-07-19,68.99,70.17,67.8,69.44,0
2018-07-20,69.39,71.1,69.37,70.46,0
2018-07-23,68.17,69.31,67.6,67.8,0
2018-07-24,67.81,69.05,67.56,68.76,0
2018-07-25,68.77,69.7,68.2,69.26,0
2018-07-26,69.41,69.92,68.92,69.54,0
2018-07-27,69.58,69.77,68.26,69.04,0
2018-07-30,69.03,70.43,68.8,70.09,0
2018-07-31,70.05,70.22,67.98,68.43,0
2018-08-01,68.42,68.52,67.31,67.85,0
2018-08-02,67.85,69.36,66.92,68.99,0
2018-08-03,68.98,69.24,67.87,68.68,0
2018-08-06,68.64,69.92,68.5,68.9,0
2018-08-07,68.89,69.83,68.81,69.09,0
2018-08-08,69.09,69.37,66.32,66.78,0
2018-08-09,66.8,67.41,66.49,66.7,0
2018-08-10,66.75,67.87,66.14,67.75,0
2018-08-13,67.79,67.95,65.71,67.41,0
2018-08-14,67.43,68.37,66.58,66.63,0
2018-08-15,66.53,66.9,64.51,64.9,0
2018-08-16,64.93,65.52,64.43,65.45,0
2018-08-17,65.45,66.39,65.3,65.92,0
2018-08-20,65.93,66.68,65.59,66.6,0
2018-08-21,66.62,68.1,66.52,67.35,0
2018-08-22,66.07,68.15,65.98,68.11,0
2018-08-23,68.07,68.12,67.32,67.84,0
2018-08-24,67.88,69.31,67.78,68.52,0
2018-08-27,68.57,68.97,68.34,68.92,0
2018-08-28,68.93,69.2,68.21,68.53,0
2018-08-29,68.54,69.76,68.37,69.7,0
2018-08-30,69.71,70.5,69.55,70.05,0
2018-08-31,70.07,70.36,69.64,69.88,0
2018-09-03,69.89,70.21,69.53,70.1,0
2018-09-04,70.13,71.4,69.08,69.37,0
2018-09-05,69.4,69.59,68.56,68.64,0
2018-09-06,68.65,69.02,67.0,67.89,0
2018-09-07,67.88,68.08,66.86,67.86,0
2018-09-10,67.82,68.52,67.33,67.53,0
2018-09-11,67.52,70.01,67.48,69.91,0
2018-09-12,69.89,71.26,69.5,70.3,0
2018-09-13,70.23,70.28,68.35,68.81,0
2018-09-14,68.8,69.91,67.94,68.98,0
2018-09-17,68.93,69.72,68.53,68.77,0
2018-09-18,68.8,70.42,68.53,69.75,0
2018-09-19,69.74,71.5,69.65,71.44,0
2018-09-20,71.37,71.81,70.73,70.8,0
2018-09-21,70.2,71.8,69.98,70.71,0
2018-09-24,71.2,72.74,71.18,72.27,0
2018-09-25,72.25,72.78,71.89,72.08,0
2018-09-26,72.08,72.38,71.47,72.04,0
2018-09-27,72.03,72.6,71.71,72.19,0
2018-09-28,72.2,73.73,71.88,73.56,0
2018-10-01,73.44,75.77,72.95,75.47,0
2018-10-02,75.41,75.91,74.93,75.04,0
2018-10-03,75.06,76.9,74.3,76.22,0
2018-10-04,76.22,76.47,73.88,74.63,0
2018-10-05,74.63,75.22,73.84,74.29,0
2018-10-08,74.41,74.58,73.07,74.22,0
2018-10-09,74.22,75.28,74.0,74.67,0
2018-10-10,74.69,75.08,72.38,72.63,0
2018-10-11,72.68,72.76,70.51,70.99,0
2018-10-12,70.98,72.01,70.64,71.51,0
2018-10-15,71.89,72.7,70.85,71.72,0
2018-10-16,71.7,72.29,71.02,72.17,0
2018-10-17,72.23,72.43,69.43,70.05,0
2018-10-18,69.99,70.02,68.47,69.82,0
2018-10-19,68.68,69.77,68.56,69.37,0
2018-10-22,69.41,69.65,68.27,69.17,0
2018-10-23,69.55,69.66,65.74,66.09,0
2018-10-24,66.13,67.72,66.05,66.39,0
2018-10-25,66.36,67.65,65.99,66.98,0
2018-10-26,66.95,67.88,66.2,67.62,0
2018-10-29,67.55,67.95,66.29,66.69,0
2018-10-30,66.68,67.26,65.33,66.35,0
2018-10-31,66.33,67.0,64.81,64.86,0
2018-11-01,64.86,65.39,63.11,63.54,0
2018-11-02,63.5,63.95,62.63,62.86,0
2018-11-05,62.99,64.14,62.52,62.69,0
2018-11-06,62.73,63.32,61.31,61.77,0
2018-11-07,61.75,63.18,61.2,61.59,0
2018-11-08,61.67,62.42,60.4,60.77,0
2018-11-09,60.75,60.79,59.26,59.87,0
2018-11-12,60.7,61.28,58.68,58.86,0
2018-11-13,58.88,59.35,54.75,55.28,0
2018-11-14,55.23,57.37,55.13,56.0,0
2018-11-15,56.02,57.26,55.59,56.56,0
2018-11-16,56.57,57.96,55.89,56.83,0
2018-11-19,56.83,57.33,55.08,56.76,0
2018-11-20,57.39,57.44,52.77,53.39,0
2018-11-21,53.4,55.86,53.39,54.64,0
2018-11-22,54.65,54.82,53.52,53.85,0
2018-11-23,53.93,54.12,50.15,50.39,0
2018-11-26,50.61,52.25,50.1,51.6,0
2018-11-27,51.54,52.38,50.3,52.09,0
2018-11-28,52.08,52.56,50.06,50.31,0
2018-11-29,50.27,52.2,49.41,51.255,0
2018-11-30,51.27,51.79,49.65,50.725,0
2018-12-03,52.45,53.85,50.72,53.082,0
2018-12-04,53.12,54.55,52.43,52.615,0
2018-12-05,52.57,54.44,52.16,52.924,0
2018-12-06,52.9,53.3,50.08,51.706,0
2018-12-07,51.72,54.22,50.6,52.132,0
2018-12-10,52.03,52.81,50.53,50.892,0
2018-12-11,50.9,52.43,50.7,51.963,0
2018-12-12,51.97,52.88,50.94,51.2,0
2018-12-13,51.22,53.27,50.35,52.853,0
2018-12-14,52.84,52.95,50.84,51.229,0
2018-12-17,51.26,51.87,49.01,49.159,0
2018-12-18,49.14,49.59,45.79,45.914,0
2018-12-19,45.93,48.0,45.91,47.201,0
2018-12-20,47.37,47.51,45.67,46.219,0
2018-12-21,46.26,46.77,45.13,45.418,0
2018-12-24,45.45,46.24,42.36,42.677,0
2018-12-26,42.95,47.0,42.52,46.605,0
2018-12-27,46.58,46.7,44.37,45.414,0
2018-12-28,45.5,46.22,44.42,45.123,0
2018-12-31,45.23,46.53,44.73,45.81,0
2019-01-02,45.79,47.78,44.35,46.329,0
2019-01-03,46.23,47.49,45.35,46.826,0
2019-01-04,46.87,49.22,46.65,48.307,0
2019-01-07,48.31,49.79,48.11,48.768,0
2019-01-08,48.75,49.95,48.31,49.79,0
2019-01-09,49.75,52.58,49.71,52.164,0
2019-01-10,52.18,52.78,51.37,52.317,0
2019-01-11,52.3,53.31,51.18,51.7,0
2019-01-14,51.73,52.11,50.38,50.784,0
2019-01-15,50.79,52.3,50.64,51.992,0
2019-01-16,52.0,52.52,51.26,52.318,0
2019-01-17,52.3,52.58,50.98,52.212,0
2019-01-18,52.25,53.92,52.09,53.757,0
2019-01-21,53.72,54.24,53.33,53.901,0
2019-01-22,53.88,54.02,51.8,52.573,0
2019-01-23,52.95,53.64,51.86,52.429,0
2019-01-24,52.42,53.47,52.07,53.181,0
2019-01-25,53.17,53.94,52.91,53.545,0
2019-01-28,53.56,53.64,51.33,52.087,0
2019-01-29,52.12,53.93,51.84,53.242,0
2019-01-30,53.26,54.93,53.09,54.217,0
2019-01-31,54.25,55.37,53.62,54.018,0
2019-02-01,54.03,55.66,53.37,55.37,0
2019-02-04,55.31,55.75,53.29,54.839,0
2019-02-05,54.86,55.21,53.47,53.723,0
2019-02-06,53.73,54.3,52.86,53.896,0
2019-02-07,53.94,54.21,51.8,52.612,0
2019-02-08,52.59,52.99,52.08,52.709,0
2019-02-11,52.66,52.78,51.23,52.453,0
2019-02-12,52.44,54.05,52.29,53.338,0
2019-02-13,53.35,54.6,53.27,53.952,0
2019-02-14,53.97,54.68,53.08,54.472,0
2019-02-15,54.48,55.87,54.24,55.79,0
2019-02-18,55.75,56.33,55.72,56.057,0
2019-02-19,56.05,56.24,55.29,56.091,0
2019-02-20,55.94,57.55,55.48,56.922,0
2019-02-21,57.24,57.61,56.64,56.845,0
2019-02-22,56.85,57.81,56.71,57.072,0
2019-02-25,57.15,57.53,55.08,55.431,0
2019-02-26,55.46,56.08,55.02,55.99,0
2019-02-27,55.98,57.39,55.72,56.978,0
2019-02-28,56.99,57.43,56.43,57.25,0
2019-03-01,57.22,57.88,55.57,55.745,0
2019-03-04,55.83,57.0,55.75,56.447,0
2019-03-05,56.46,57.19,56.09,56.278,0
2019-03-06,56.27,56.4,55.42,56.188,0
2019-03-07,56.21,56.99,56.08,56.4,0
2019-03-08,56.41,56.51,54.52,56.044,0
2019-03-11,56.07,57.01,55.96,56.77,0
2019-03-12,56.76,57.55,56.74,57.086,0
2019-03-13,57.1,58.48,57.01,58.337,0
2019-03-14,58.35,58.74,58.0,58.528,0
2019-03-15,58.5,58.95,57.74,58.386,0
2019-03-18,58.45,59.23,58.05,58.973,0
2019-03-19,59.01,59.57,58.62,59.082,0
2019-03-20,59.02,60.12,58.39,59.833,0
2019-03-21,60.0,60.39,59.66,59.869,0
2019-03-22,59.88,60.07,58.28,58.971,0
2019-03-25,58.98,59.35,58.17,59.079,0
2019-03-26,59.12,60.38,59.04,60.041,0
2019-03-27,60.03,60.22,58.81,59.402,0
2019-03-28,59.42,59.56,58.2,59.509,0
2019-03-29,59.53,60.73,59.41,60.182,0
2019-04-01,60.24,61.8,60.13,61.765,0
2019-04-02,61.81,62.75,61.6,62.588,0
2019-04-03,62.64,62.99,62.05,62.49,0
2019-04-04,62.51,62.77,61.89,62.184,0
2019-04-05,62.22,63.34,61.82,63.256,0
2019-04-08,63.33,64.48,63.13,64.458,0
2019-04-09,64.4,64.79,63.68,64.225,0
2019-04-10,64.21,64.7,64.05,64.469,0
2019-04-11,64.48,64.49,63.31,63.706,0
2019-04-12,63.75,64.65,63.66,63.762,0
2019-04-15,63.8,63.84,63.03,63.57,0
2019-04-16,63.58,64.37,62.99,64.329,0
2019-04-17,64.32,64.61,63.66,63.749,0
2019-04-18,63.79,64.16,63.46,64.0,0
2019-04-19,64.0,64.0,64.0,64.0,0
2019-04-22,64.12,65.92,64.0,65.695,0
2019-04-23,65.79,66.6,65.58,66.184,0
2019-04-24,66.13,66.43,65.66,65.779,0
2019-04-25,65.82,66.28,64.9,65.115,0
2019-04-26,65.12,65.18,62.28,62.796,0
2019-04-29,62.93,63.69,62.46,63.614,0
2019-04-30,63.58,64.75,63.3,63.472,0
2019-05-01,63.4,63.93,62.77,63.623,0
2019-05-02,63.61,63.68,60.95,61.535,0
2019-05-03,61.55,62.52,61.3,61.864,0
2019-05-06,61.43,62.95,60.04,62.544,0
2019-05-07,62.01,62.49,60.66,61.438,0
2019-05-08,61.43,62.37,61.07,61.986,0
2019-05-09,62.02,62.21,60.92,61.599,0
2019-05-10,61.65,62.49,61.42,61.71,0
2019-05-13,61.65,63.33,60.64,60.838,0
2019-05-14,60.85,62.11,60.69,61.338,0
2019-05-15,61.34,62.34,60.85,62.134,0
2019-05-16,62.13,63.48,62.08,63.142,0
2019-05-17,63.15,63.64,62.52,62.707,0
2019-05-20,62.97,63.81,62.45,63.177,0
2019-05-21,63.22,63.6,62.75,62.992,0
2019-05-22,62.95,63.0,61.03,61.319,0
2019-05-23,61.32,61.41,57.33,58.185,0
2019-05-24,58.21,59.1,57.5,59.02,0
2019-05-27,58.94,59.27,58.13,59.243,0
2019-05-28,59.23,59.57,58.62,59.064,0
2019-05-29,59.08,59.14,56.88,59.064,0
2019-05-30,59.12,59.7,56.33,56.413,0
2019-05-31,56.46,56.61,53.05,53.361,0
2019-06-03,53.42,54.63,52.11,52.85,0
2019-06-04,52.89,53.42,52.86,53.01,0
2019-06-05,52.94,53.41,50.6,50.96,0
2019-06-06,51.66,52.25,51.18,51.47,0
2019-06-07,53.1,54.32,52.62,54.08,0
2019-06-10,54.24,54.84,53.54,53.94,0
2019-06-11,53.42,54.04,53.21,53.39,0
2019-06-12,53.03,53.05,51.46,51.7,0
2019-06-13,51.07,53.45,50.92,52.2,0
2019-06-14,52.18,52.98,51.7,52.51,0
2019-06-17,52.5,52.74,51.58,51.92,0
2019-06-18,52.15,54.53,51.72,54.29,0
2019-06-19,54.3,54.65,53.5,54.38,0
2019-06-20,54.38,57.37,54.35,57.16,0
2019-06-21,57.26,57.98,56.66,57.58,0
2019-06-24,57.72,58.22,56.75,57.75,0
2019-06-25,57.74,58.84,57.2,58.75,0
2019-06-26,58.84,59.93,58.65,59.18,0
2019-06-27,59.27,59.73,58.61,59.28,0
2019-06-28,59.22,59.8,57.75,58.18,0
2019-07-01,59.27,60.28,58.34,59.15,0
2019-07-02,59.14,59.43,56.09,56.31,0
2019-07-03,56.7,57.48,56.04,57.4,0
2019-07-04,57.38,57.57,56.47,56.79,0
2019-07-05,56.75,57.82,56.29,57.67,0
2019-07-08,57.77,58.46,57.3,57.56,0
2019-07-09,57.56,59.1,57.29,58.33,0
2019-07-10,58.4,60.53,58.35,60.26,0
2019-07-11,60.44,60.94,60.14,60.43,0
2019-07-12,60.46,60.74,59.93,60.37,0
2019-07-15,60.25,60.92,59.2,59.31,0
2019-07-16,59.26,60.06,57.07,57.48,0
2019-07-17,57.52,58.36,56.21,56.56,0
2019-07-18,56.72,57.45,54.85,55.76,0
2019-07-19,55.84,56.49,55.12,55.86,0
2019-07-22,56.2,57.04,55.83,56.21,0
2019-07-23,56.17,57.47,55.74,57.16,0
2019-07-24,57.23,57.64,55.33,55.9,0
2019-07-25,55.9,56.99,55.81,55.91,0
2019-07-26,55.93,56.57,55.68,56.15,0
2019-07-29,56.2,57.1,55.81,57.04,0
2019-07-30,57.07,58.47,56.96,58.33,0
2019-07-31,58.34,58.82,57.8,57.8,0
2019-08-01,57.85,57.99,53.59,54.48,0
2019-08-02,54.54,56.05,54.15,55.18,0
2019-08-05,55.38,55.61,54.22,54.99,0
2019-08-06,54.95,55.42,53.29,53.45,0
2019-08-07,53.42,53.77,50.52,52.31,0
2019-08-08,52.33,53.06,51.94,52.91,0
2019-08-09,52.88,54.92,52.37,54.26,0
2019-08-12,54.32,55.18,53.54,54.77,0
2019-08-13,54.73,57.47,54.21,56.71,0
2019-08-14,56.74,56.85,53.97,54.91,0
2019-08-15,54.9,55.33,53.77,54.69,0
2019-08-16,54.61,55.62,54.22,54.88,0
2019-08-19,54.95,56.32,54.79,56.1,0
2019-08-20,56.13,56.6,55.16,56.1,0
2019-08-21,56.05,57.13,55.55,55.84,0
2019-08-22,55.94,56.46,54.85,55.38,0
2019-08-23,55.35,55.6,53.24,53.96,0
2019-08-26,53.25,55.26,52.96,53.79,0
2019-08-27,53.76,55.72,53.69,55.68,0
2019-08-28,55.71,56.75,55.34,55.89,0
2019-08-29,55.88,56.89,55.43,56.6,0
2019-08-30,56.63,56.72,54.55,55.14,0
2019-09-02,54.67,55.24,54.34,54.77,0
2019-09-03,54.8,55.24,52.84,53.92,0
2019-09-04,53.92,56.58,53.84,55.98,0
2019-09-05,55.95,57.76,55.75,56.17,0
2019-09-06,56.19,56.95,54.83,56.71,0
2019-09-09,56.8,58.16,56.58,58.04,0
2019-09-10,58.03,58.76,57.2,57.85,0
2019-09-11,57.89,58.3,55.61,55.96,0
2019-09-12,55.93,56.34,54.0,55.1,0
2019-09-13,55.15,55.68,54.44,54.82,0
2019-09-16,62.95,63.38,58.77,61.88,0
2019-09-17,61.96,62.59,58.46,58.78,0
2019-09-18,58.62,59.27,57.58,58.19,0
2019-09-19,58.17,59.49,58.02,58.63,0
2019-09-20,58.69,59.24,57.93,58.39,0
2019-09-23,59.25,59.39,57.37,58.49,0
2019-09-24,58.44,58.49,56.69,56.78,0
2019-09-25,56.7,57.02,55.55,56.65,0
2019-09-26,56.69,56.84,55.41,56.54,0
2019-09-27,56.51,56.76,54.75,56.16,0
2019-09-30,56.54,56.57,53.98,54.23,0
2019-10-01,54.28,54.84,53.05,53.97,0
2019-10-02,54.0,54.42,52.17,52.47,0
2019-10-03,52.47,52.91,50.99,52.29,0
2019-10-04,52.29,53.35,52.04,52.99,0
2019-10-07,52.69,54.06,52.59,52.78,0
2019-10-08,52.81,53.27,51.81,52.56,0
2019-10-09,52.57,53.74,52.31,52.64,0
2019-10-10,52.69,53.97,51.38,53.86,0
2019-10-11,53.88,54.93,53.64,54.91,0
2019-10-14,54.9,54.9,52.77,53.47,0
2019-10-15,53.56,53.84,52.46,52.97,0
2019-10-16,52.98,53.82,52.6,53.07,0
2019-10-17,53.08,54.26,52.73,54.19,0
2019-10-18,54.2,54.69,53.44,53.8,0
2019-10-21,53.83,54.17,52.85,53.62,0
2019-10-22,53.6,54.81,53.23,54.33,0
2019-10-23,54.3,56.07,53.62,55.88,0
2019-10-24,55.9,56.51,55.41,56.08,0
2019-10-25,56.07,56.74,55.6,56.63,0
2019-10-28,56.65,56.92,55.58,55.74,0
2019-10-29,55.8,55.91,54.61,55.49,0
2019-10-30,55.53,55.73,54.42,54.9,0
2019-10-31,54.9,55.59,53.71,54.13,0
2019-11-01,54.15,56.33,54.07,56.2,0
2019-11-04,56.41,57.43,55.83,56.52,0
2019-11-05,56.56,57.5,56.3,57.26,0
2019-11-06,57.26,57.85,56.11,56.39,0
2019-11-07,56.35,57.88,56.27,57.06,0
2019-11-08,57.08,57.48,55.76,57.44,0
2019-11-11,57.4,57.4,56.25,56.9,0
2019-11-12,56.89,57.55,56.54,56.78,0
2019-11-13,56.83,57.6,56.27,57.41,0
2019-11-14,57.42,57.85,56.76,56.99,0
2019-11-15,57.01,58.09,56.53,58.01,0
2019-11-18,57.97,58.17,56.64,56.97,0
2019-11-19,57.0,57.21,55.16,55.25,0
2019-11-20,55.26,57.37,54.85,57.08,0
2019-11-21,57.0,58.67,56.6,58.32,0
2019-11-22,58.31,58.74,57.5,57.93,0
2019-11-25,57.92,58.15,57.21,57.91,0
2019-11-26,57.92,58.56,57.76,58.32,0
2019-11-27,58.27,58.68,57.51,58.14,0
2019-11-28,58.13,58.3,57.64,58.24,0
2019-11-29,58.2,58.3,55.02,55.41,0
2019-12-02,55.47,56.67,55.42,55.98,0
2019-12-03,55.96,56.8,55.35,56.32,0
2019-12-04,56.43,58.66,56.28,58.35,0
2019-12-05,58.36,59.12,58.1,58.32,0
2019-12-06,58.32,59.85,57.7,59.14,0
2019-12-09,59.11,59.25,58.23,58.9,0
2019-12-10,58.92,59.52,58.52,59.09,0
2019-12-11,59.06,59.22,58.11,58.8,0
2019-12-12,58.88,59.72,58.75,59.21,0
2019-12-13,59.36,60.48,59.27,59.77,0
2019-12-16,59.87,60.34,59.71,60.22,0
2019-12-17,60.16,60.97,59.97,60.46,0
2019-12-18,60.49,61.11,60.24,60.79,0
2019-12-19,60.81,61.4,60.69,61.08,0
2019-12-20,61.11,61.2,60.02,60.36,0
2019-12-23,60.41,60.77,60.1,60.63,0
2019-12-24,60.63,61.16,60.47,61.13,0
2019-12-26,61.2,61.83,61.06,61.73,0
2019-12-27,61.73,61.97,61.24,61.71,0
2019-12-30,61.71,62.34,61.09,61.66,0
2019-12-31,61.68,61.88,60.63,61.2,0
2020-01-02,61.6,61.6,60.64,61.17,0
2020-01-03,61.18,64.09,61.13,63.04,0
2020-01-06,63.71,64.72,62.64,62.83,0
2020-01-07,62.91,63.15,62.11,62.68,0
2020-01-08,61.59,65.65,59.15,59.98,0
2020-01-09,59.99,60.31,58.66,59.59,0
2020-01-10,59.61,59.78,58.85,59.12,0
2020-01-13,59.04,59.27,57.91,58.07,0
2020-01-14,58.03,58.72,57.72,58.12,0
2020-01-15,58.2,58.36,57.36,58.09,0
2020-01-16,58.12,58.88,57.6,58.61,0
2020-01-17,58.61,59.0,58.31,58.84,0
2020-01-20,59.35,59.77,58.56,58.7,0
2020-01-21,58.82,59.77,57.71,58.24,0
2020-01-22,58.26,58.38,56.03,56.07,0
2020-01-23,56.11,56.27,54.77,55.69,0
2020-01-24,55.69,55.95,53.85,54.22,0
2020-01-27,53.7,53.71,52.13,52.82,0
2020-01-28,52.77,54.06,52.68,53.97,0
2020-01-29,53.97,54.37,52.81,53.08,0
2020-01-30,53.09,53.2,51.66,52.93,0
2020-01-31,52.92,53.36,50.97,51.63,0
2020-02-03,51.01,51.97,49.8,49.91,0
2020-02-04,49.94,51.55,49.31,49.44,0
2020-02-05,49.51,51.88,49.47,51.17,0
2020-02-06,51.17,52.2,50.24,51.08,0
2020-02-07,51.11,51.48,50.09,50.34,0
2020-02-10,50.12,50.49,49.42,49.64,0
2020-02-11,49.61,50.69,49.58,49.95,0
2020-02-12,49.96,51.73,49.95,51.68,0
2020-02-13,51.72,51.96,50.6,51.53,0
2020-02-14,51.51,52.34,51.32,52.24,0
2020-02-17,52.49,52.65,52.05,52.57,0
2020-02-18,52.4,52.65,51.15,52.35,0
2020-02-19,52.36,53.87,52.16,53.71,0
2020-02-20,53.7,54.66,53.44,53.72,0
2020-02-21,53.74,53.86,52.55,53.44,0
2020-02-24,52.6,52.64,50.45,51.33,0
2020-02-25,51.37,52.02,49.69,50.09,0
2020-02-26,50.08,50.44,48.3,48.64,0
2020-02-27,48.63,48.78,45.88,46.33,0
2020-02-28,46.49,47.03,43.85,45.27,0
2020-03-02,43.7,47.56,43.32,47.51,0
2020-03-03,47.72,48.66,46.47,47.1,0
2020-03-04,46.94,48.41,46.65,47.19,0
2020-03-05,47.13,47.57,45.65,46.0,0
2020-03-06,46.09,46.38,41.05,41.56,0
2020-03-09,32.29,34.88,27.34,30.22,0
2020-03-10,30.37,35.02,30.2,34.85,0
2020-03-11,34.62,36.35,32.56,33.11,0
2020-03-12,31.65,33.63,30.02,30.98,0
2020-03-13,33.84,33.87,30.33,32.98,0
2020-03-16,28.42,33.75,28.1,28.67,0
2020-03-17,28.69,30.3,26.63,26.85,0
2020-03-18,22.4,27.6,20.52,22.88,0
2020-03-19,24.23,28.28,21.77,25.65,0
2020-03-20,25.59,28.49,22.39,23.64,0
2020-03-23,22.66,24.07,20.8,23.77,0
2020-03-24,23.87,25.16,23.09,24.33,0
2020-03-25,24.37,25.24,22.91,24.3,0
2020-03-26,24.25,24.65,22.38,23.18,0
2020-03-27,23.29,23.44,20.88,21.83,0
2020-03-30,20.93,20.93,19.27,20.28,0
2020-03-31,20.23,21.89,20.01,20.1,0
2020-04-01,20.1,21.55,19.9,21.2,0
2020-04-02,25.4,27.39,20.76,24.74,0
2020-04-03,24.81,29.13,23.52,28.96,0
2020-04-06,26.09,28.24,25.28,26.3,0
2020-04-07,26.34,27.24,23.54,24.26,0
2020-04-08,24.3,26.45,23.74,26.12,0
2020-04-09,26.28,28.36,22.57,23.2,0
2020-04-13,24.6,24.74,22.03,22.42,0
2020-04-14,22.36,23.08,21.67,22.11,0
2020-04-15,20.72,20.89,19.2,20.15,0
2020-04-16,26.26,27.0,24.93,26.01,0
2020-04-17,26.42,26.78,24.57,25.14,0
2020-04-20,24.76,24.92,20.19,21.22,0
2020-04-21,21.32,22.58,6.5,13.09,0
2020-04-22,15.11,16.18,10.26,14.23,0
2020-04-23,14.2,18.26,13.35,16.86,0
2020-04-24,16.78,17.97,15.64,17.11,0
2020-04-27,16.84,16.98,11.88,12.93,0
2020-04-28,12.96,13.69,10.07,13.26,0
2020-04-29,13.35,16.78,12.67,15.34,0
2020-04-30,15.64,19.44,15.45,19.08,0
2020-05-01,19.04,20.48,18.07,19.69,0
2020-05-04,19.11,21.42,18.05,21.17,0
2020-05-05,21.24,25.49,21.13,25.28,0
2020-05-06,27.45,27.98,24.55,25.5,0
2020-05-07,25.56,27.79,24.38,24.84,0
2020-05-08,24.81,26.29,24.73,26.03,0
2020-05-11,25.91,26.73,24.79,25.36,0
2020-05-12,25.39,26.87,25.15,25.9,0
2020-05-13,25.8,26.96,25.25,25.92,0
2020-05-14,25.97,28.27,25.56,27.97,0
2020-05-15,28.02,29.82,27.53,29.78,0
2020-05-18,29.81,33.1,29.55,32.37,0
2020-05-19,32.39,32.91,31.13,31.85,0
2020-05-20,31.89,32.31,31.56,31.65,0
2020-05-21,33.53,34.66,33.26,33.91,0
2020-05-22,33.95,34.0,30.72,33.52,0
2020-05-25,33.3,34.18,32.48,33.72,0
2020-05-26,33.3,34.81,32.48,34.15,0
2020-05-27,34.14,34.32,31.75,32.21,0
2020-05-28,32.1,34.21,31.14,33.65,0
2020-05-29,33.68,35.77,32.36,35.31,0
2020-06-01,35.21,35.9,34.27,35.55,0
2020-06-02,35.56,37.06,35.28,36.85,0
2020-06-03,36.86,38.18,35.88,36.74,0
2020-06-04,36.76,37.62,36.38,37.33,0
2020-06-05,37.33,39.68,37.05,38.94,0
2020-06-08,39.41,40.44,37.96,38.19,0
2020-06-09,38.22,39.1,37.07,38.39,0
2020-06-10,38.5,39.91,37.73,39.07,0
2020-06-11,39.09,39.09,35.41,36.16,0
2020-06-12,36.26,36.99,34.48,36.49,0
2020-06-15,36.03,37.26,34.36,37.06,0
2020-06-16,37.05,39.06,36.38,37.93,0
2020-06-17,38.21,39.01,37.48,37.97,0
2020-06-18,38.0,39.17,37.4,39.0,0
2020-06-19,39.03,40.6,38.51,39.49,0
2020-06-22,39.02,40.77,39.02,40.57,0
2020-06-23,40.68,41.63,39.76,39.98,0
2020-06-24,39.99,40.54,37.31,38.08,0
2020-06-25,38.05,39.23,37.08,39.03,0
2020-06-26,39.09,39.35,37.79,38.18,0
2020-06-29,37.96,39.89,37.5,39.63,0
2020-06-30,39.64,40.08,38.85,39.81,0
2020-07-01,39.84,40.58,39.05,39.71,0
2020-07-02,39.78,40.74,39.46,40.28,0
2020-07-03,40.38,40.5,39.84,40.24,0
2020-07-06,40.31,41.08,40.15,40.59,0
2020-07-07,40.68,40.95,39.9,40.47,0
2020-07-08,40.48,41.08,40.3,40.87,0
2020-07-09,40.87,40.99,39.27,39.56,0
2020-07-10,39.58,40.77,38.54,40.56,0
2020-07-13,40.35,40.72,39.47,39.58,0
2020-07-14,39.6,40.57,39.07,40.44,0
2020-07-15,40.55,41.26,40.08,40.99,0
2020-07-16,41.19,41.38,40.69,40.89,0
2020-07-17,40.9,41.05,40.18,40.76,0
2020-07-20,40.77,41.02,39.97,40.8,0
2020-07-21,40.8,42.51,40.74,41.54,0
2020-07-22,41.54,42.03,41.14,41.89,0
2020-07-23,41.95,42.36,40.83,41.05,0
2020-07-24,41.06,41.67,40.66,41.29,0
2020-07-27,41.26,41.82,40.48,41.64,0
2020-07-28,41.65,41.93,40.85,41.08,0
2020-07-29,41.13,41.57,40.93,41.31,0
2020-07-30,41.32,41.39,38.72,40.33,0
2020-07-31,40.34,40.55,39.66,40.39,0
2020-08-03,40.39,41.24,39.58,40.77,0
2020-08-04,40.78,42.08,40.14,41.52,0
2020-08-05,41.56,43.52,41.47,42.19,0
2020-08-06,42.19,42.65,41.61,41.96,0
2020-08-07,41.97,42.22,41.06,41.57,0
2020-08-10,41.5,42.33,41.17,41.98,0
2020-08-11,41.98,42.94,41.48,41.61,0
2020-08-12,41.62,42.9,41.53,42.55,0
2020-08-13,42.57,42.84,42.09,42.34,0
2020-08-14,42.33,42.57,41.62,42.2,0
2020-08-17,42.24,42.97,41.8,42.8,0
2020-08-18,43.05,43.29,42.4,42.75,0
2020-08-19,42.81,43.21,42.55,42.95,0
2020-08-20,42.95,42.98,41.63,42.75,0
2020-08-21,42.75,42.96,41.46,42.25,0
2020-08-24,42.48,42.89,42.23,42.39,0
2020-08-25,42.36,43.57,42.31,43.39,0
2020-08-26,43.39,43.78,43.0,43.41,0
2020-08-27,43.45,43.5,42.36,43.01,0
2020-08-28,42.98,43.42,42.69,42.95,0
2020-08-31,42.91,43.57,42.56,42.81,0
2020-09-01,42.83,43.43,42.72,42.99,0
2020-09-02,43.02,43.21,41.23,41.58,0
2020-09-03,41.63,41.79,40.22,41.28,0
2020-09-04,41.25,41.87,39.35,39.46,0
2020-09-07,39.48,39.59,38.55,39.07,0
2020-09-08,39.12,39.59,36.13,36.83,0
2020-09-09,36.79,38.45,36.16,37.77,0
2020-09-10,37.8,38.18,36.93,36.99,0
2020-09-11,37.01,37.82,36.67,37.37,0
2020-09-14,37.32,37.68,36.82,37.25,0
2020-09-15,37.28,38.57,37.06,38.39,0
2020-09-16,38.35,40.34,38.35,40.17,0
2020-09-17,40.19,41.22,39.42,40.97,0
2020-09-18,41.2,41.72,40.52,41.15,0
2020-09-21,41.19,41.49,38.87,39.81,0
2020-09-22,39.84,40.27,39.19,39.75,0
2020-09-23,39.76,40.75,39.26,39.58,0
2020-09-24,39.6,40.37,39.12,40.18,0
2020-09-25,40.15,40.64,39.71,40.03,0
2020-09-28,40.07,40.8,39.78,40.57,0
2020-09-29,40.58,40.7,38.41,39.09,0
2020-09-30,39.16,40.37,38.68,39.85,0
2020-10-01,39.9,40.47,37.61,38.57,0
2020-10-02,38.6,38.65,36.63,36.93,0
2020-10-05,37.0,39.72,37.0,39.34,0
2020-10-06,39.35,40.86,39.1,39.82,0
2020-10-07,39.83,40.35,39.28,40.03,0
2020-10-08,39.99,41.33,39.76,41.26,0
2020-10-09,41.31,41.47,40.38,40.52,0
2020-10-12,40.4,40.45,39.04,39.49,0
2020-10-13,39.53,40.53,39.35,40.17,0
2020-10-14,40.19,41.16,39.82,41.1,0
2020-10-15,41.43,41.57,39.52,41.19,0
2020-10-16,41.16,41.3,40.35,41.0,0
2020-10-19,40.92,41.46,40.77,40.93,0
2020-10-20,40.93,41.9,40.46,41.22,0
2020-10-21,41.22,41.59,39.78,39.99,0
2020-10-22,40.04,41.02,39.71,40.61,0
2020-10-23,40.61,40.92,39.57,39.75,0
2020-10-26,39.69,39.74,38.28,38.59,0
2020-10-27,38.59,39.83,38.51,38.93,0
2020-10-28,38.97,39.01,36.99,37.37,0
2020-10-29,37.39,37.76,34.92,36.1,0
2020-10-30,36.07,36.6,35.21,35.73,0
2020-11-02,35.24,37.15,33.64,37.08,0
2020-11-03,37.03,38.32,36.57,38.11,0
2020-11-04,38.15,39.25,37.26,39.13,0
2020-11-05,39.17,39.35,38.27,38.51,0
2020-11-06,38.54,38.61,37.06,37.44,0
2020-11-09,37.34,41.33,37.16,39.83,0
2020-11-10,39.91,41.84,39.41,41.79,0
2020-11-11,41.79,43.06,41.32,41.41,0
2020-11-12,41.47,42.19,40.87,40.92,0
2020-11-13,40.94,40.94,40.06,40.12,0
2020-11-16,40.17,42.09,40.15,41.46,0
2020-11-17,41.65,41.93,40.81,41.6,0
2020-11-18,41.55,42.68,41.3,41.8,0
2020-11-19,41.87,42.15,41.26,41.89,0
2020-11-20,41.88,42.54,41.61,42.43,0
2020-11-23,42.46,43.36,42.29,42.84,0
2020-11-24,42.84,45.2,42.82,44.8,0
2020-11-25,44.82,46.26,44.73,45.85,0
2020-11-26,45.9,46.09,44.73,44.99,0
2020-11-27,44.9,46.09,44.55,45.52,0
2020-11-30,45.34,45.8,44.42,45.06,0
2020-12-01,45.08,45.7,44.12,44.39,0
2020-12-02,44.38,45.92,43.92,44.95,0
2020-12-03,44.99,45.84,44.66,45.63,0
2020-12-04,45.64,46.68,45.61,46.09,0
2020-12-07,46.15,46.54,45.36,45.63,0
2020-12-08,45.66,45.93,45.14,45.59,0
2020-12-09,45.6,46.24,44.95,45.69,0
2020-12-10,45.69,47.74,45.52,46.96,0
2020-12-11,46.97,47.29,46.34,46.52,0
2020-12-14,46.73,47.44,45.69,47.02,0
2020-12-15,46.99,47.73,46.54,47.59,0
2020-12-16,47.6,47.94,47.17,47.89,0
2020-12-17,48.07,48.8,48.0,48.56,0
2020-12-18,48.57,49.43,48.27,49.24,0
2020-12-21,49.26,49.31,46.25,47.85,0
2020-12-22,47.93,47.96,46.6,46.78,0
2020-12-23,46.79,48.5,46.16,48.06,0
2020-12-24,48.09,48.62,47.56,48.3,0
2020-12-28,48.23,48.96,47.5,47.69,0
2020-12-29,47.72,48.35,47.68,48.08,0
2020-12-30,48.13,48.66,47.61,48.31,0
2020-12-31,48.35,48.58,47.77,48.42,0
2021-01-04,48.4,49.83,47.18,47.35,0
2021-01-05,47.38,50.19,47.24,49.8,0
2021-01-06,49.82,50.94,49.48,50.51,0
2021-01-07,50.53,51.28,50.39,50.92,0
2021-01-08,50.93,52.75,50.81,52.69,0
2021-01-11,52.58,52.7,51.51,52.17,0
2021-01-12,52.18,53.45,52.07,53.27,0
2021-01-13,53.31,53.93,52.58,52.86,0
2021-01-14,52.84,53.75,52.24,53.71,0
2021-01-15,53.77,53.86,51.89,52.1,0
2021-01-18,52.0,52.6,51.81,52.13,0
2021-01-19,52.15,53.18,51.81,53.0,0
2021-01-20,53.06,53.83,52.83,52.95,0
2021-01-21,52.93,53.41,52.75,53.02,0
2021-01-22,53.1,53.16,51.44,51.98,0
2021-01-25,52.17,52.95,51.82,52.87,0
2021-01-26,52.91,53.25,52.29,52.75,0
2021-01-27,52.76,53.3,51.85,52.62,0
2021-01-28,52.65,53.58,52.04,52.09,0
2021-01-29,52.15,53.25,51.93,52.14,0
2021-02-01,51.99,53.74,51.64,53.53,0
2021-02-02,53.48,55.26,53.45,55.03,0
2021-02-03,55.05,56.33,54.81,55.94,0
2021-02-04,55.96,56.58,55.3,56.46,0
2021-02-05,56.46,57.29,56.43,57.07,0
2021-02-08,57.06,58.14,57.0,58.09,0
2021-02-09,58.11,58.62,57.28,58.4,0
2021-02-10,58.45,58.91,58.08,58.39,0
2021-02-11,58.4,58.71,57.84,57.9,0
2021-02-12,57.94,59.82,57.41,59.68,0
2021-02-15,59.98,60.95,59.86,60.13,0
2021-02-16,60.12,60.95,59.33,60.14,0
2021-02-17,60.28,61.75,59.56,61.72,0
2021-02-18,61.71,62.29,59.81,60.27,0
2021-02-19,60.18,60.32,58.6,59.02,0
2021-02-22,58.93,62.22,58.82,62.18,0
2021-02-23,62.16,63.0,60.67,61.2,0
2021-02-24,61.29,63.51,60.97,63.45,0
2021-02-25,63.39,63.81,62.65,63.46,0
2021-02-26,63.46,63.57,61.34,61.58,0
2021-03-01,61.95,62.92,59.96,60.22,0
2021-03-02,60.23,61.21,59.38,59.46,0
2021-03-03,59.55,61.99,59.24,61.05,0
2021-03-04,61.08,64.86,60.52,64.01,0
2021-03-05,63.49,65.75,63.1,65.58,0
2021-03-08,66.68,67.98,64.57,64.67,0
2021-03-09,64.73,65.98,63.63,63.81,0
2021-03-10,63.84,64.96,63.13,64.69,0
2021-03-11,64.7,66.21,64.54,65.9,0
2021-03-12,65.96,66.24,65.41,65.55,0
2021-03-15,65.56,66.4,64.13,65.28,0
2021-03-16,65.33,65.43,63.8,64.94,0
2021-03-17,64.87,65.4,63.64,64.46,0
2021-03-18,64.44,64.88,58.28,59.6,0
2021-03-19,59.65,61.8,59.01,61.49,0
2021-03-22,61.6,62.04,60.35,61.28,0
2021-03-23,61.28,61.35,57.25,57.39,0
2021-03-24,57.4,61.34,57.29,60.84,0
2021-03-25,60.8,60.86,57.44,58.34,0
2021-03-26,58.48,61.36,58.32,60.73,0
2021-03-29,60.93,61.77,59.41,61.6,0
2021-03-30,61.96,62.27,59.94,60.4,0
2021-03-31,60.45,61.17,58.85,59.43,0
2021-04-01,59.49,61.75,58.86,61.24,0
2021-04-05,61.5,61.5,57.63,58.79,0
2021-04-06,58.8,60.9,58.62,59.19,0
2021-04-07,59.26,60.04,58.12,59.55,0
2021-04-08,59.52,59.93,58.82,59.78,0
2021-04-09,59.76,59.95,59.1,59.34,0
2021-04-12,59.35,60.77,58.73,59.62,0
2021-04-13,59.64,60.59,59.64,60.44,0
2021-04-14,60.44,63.44,60.38,62.74,0
2021-04-15,62.97,63.62,62.61,63.37,0
2021-04-16,63.35,63.94,62.88,63.11,0
2021-04-19,63.01,63.69,62.67,63.53,0
2021-04-20,63.53,64.38,61.49,62.39,0
2021-04-21,62.39,62.56,60.86,61.06,0
2021-04-22,61.11,61.87,60.61,61.65,0
2021-04-23,61.65,62.43,61.25,62.04,0
2021-04-26,62.06,62.31,60.66,61.95,0
2021-04-27,61.97,63.3,61.91,63.01,0
2021-04-28,63.04,64.53,62.67,63.65,0
2021-04-29,63.7,65.47,63.65,64.87,0
2021-04-30,64.88,64.95,63.08,63.48,0
2021-05-03,63.64,64.68,62.91,64.49,0
2021-05-04,64.53,66.19,64.29,66.11,0
2021-05-05,66.45,66.76,64.92,65.3,0
2021-05-06,65.27,65.98,64.5,64.85,0
2021-05-07,64.9,65.24,63.9,64.82,0
2021-05-10,65.57,65.75,63.95,64.86,0
2021-05-11,64.9,65.5,63.68,65.43,0
2021-05-12,65.46,66.63,64.97,65.71,0
2021-05-13,65.75,65.81,63.09,63.77,0
2021-05-14,63.83,65.62,63.33,65.51,0
2021-05-17,65.5,66.43,64.83,66.38,0
2021-05-18,66.31,67.02,64.14,65.25,0
2021-05-19,65.3,65.35,61.95,63.35,0
2021-05-20,63.35,63.95,61.67,61.8,0
2021-05-21,61.89,64.07,61.56,63.83,0
2021-05-24,63.87,66.14,63.63,66.02,0
2021-05-25,66.02,66.51,65.41,65.99,0
2021-05-26,66.04,66.43,65.25,66.14,0
2021-05-27,66.16,66.92,65.47,66.86,0
2021-05-28,66.95,67.51,66.17,66.63,0
2021-05-31,66.68,67.41,66.41,66.9,0
2021-06-01,66.68,68.87,66.41,67.99,0
2021-06-02,67.99,69.0,67.78,68.75,0
2021-06-03,68.76,69.4,68.22,68.92,0
2021-06-04,68.91,69.76,68.33,69.39,0
2021-06-07,69.52,70.0,68.93,69.21,0
2021-06-08,69.29,70.27,68.47,70.03,0
2021-06-09,70.01,70.62,69.47,69.75,0
2021-06-10,69.76,70.65,68.68,70.09,0
2021-06-11,70.1,71.24,69.68,70.78,0
2021-06-14,70.65,71.78,70.65,71.18,0
2021-06-15,71.16,72.49,70.81,72.48,0
2021-06-16,72.45,72.99,71.61,71.66,0
2021-06-17,71.65,72.3,69.77,71.04,0
2021-06-18,70.8,71.81,69.87,71.07,0
2021-06-21,71.15,73.28,70.78,73.08,0
2021-06-22,73.04,73.47,72.47,73.08,0
2021-06-23,72.91,74.25,72.82,73.26,0
2021-06-24,73.28,73.61,72.32,73.33,0
2021-06-25,73.32,74.18,72.85,74.0,0
2021-06-28,73.99,74.45,72.62,72.76,0
2021-06-29,72.78,73.79,71.97,73.44,0
2021-06-30,73.47,74.14,72.82,73.45,0
2021-07-01,73.5,76.22,73.39,74.96,0
2021-07-02,75.02,75.62,74.41,75.09,0
2021-07-05,75.35,76.39,74.75,76.33,0
2021-07-06,76.35,76.98,72.94,73.8,0
2021-07-07,73.85,74.86,71.07,72.12,0
2021-07-08,72.17,73.26,70.76,73.24,0
2021-07-09,73.26,74.76,72.72,74.63,0
2021-07-12,74.74,74.93,73.16,74.17,0
2021-07-13,74.18,75.52,73.68,75.21,0
2021-07-14,75.17,75.44,72.21,72.91,0
2021-07-15,72.96,72.96,71.4,71.47,0
2021-07-16,71.21,72.04,70.17,71.17,0
2021-07-19,71.09,71.4,65.59,66.52,0
2021-07-20,66.61,67.61,65.01,66.41,0
2021-07-21,66.45,70.51,66.44,70.22,0
2021-07-22,70.22,72.03,69.86,71.71,0
2021-07-23,71.71,72.21,71.39,72.17,0
2021-07-26,72.18,72.43,70.56,72.18,0
2021-07-27,72.22,72.33,71.08,71.89,0
2021-07-28,71.9,72.6,71.7,72.37,0
2021-07-29,72.4,73.68,72.26,73.4,0
2021-07-30,73.41,74.23,72.93,73.78,0
2021-08-02,73.91,73.95,70.55,71.48,0
2021-08-03,71.52,71.96,69.19,70.2,0
2021-08-04,70.32,70.81,67.85,68.02,0
2021-08-05,68.06,69.35,67.61,69.11,0
2021-08-06,69.14,70.18,67.8,67.84,0
2021-08-09,67.88,67.9,65.15,66.83,0
2021-08-10,66.85,68.9,66.56,68.5,0
2021-08-11,68.51,69.45,66.67,69.36,0
2021-08-12,69.36,69.62,68.46,68.91,0
2021-08-13,68.91,69.22,67.77,68.03,0
2021-08-16,67.71,68.27,65.73,67.46,0
2021-08-17,67.17,67.46,66.09,66.32,0
2021-08-18,66.34,67.23,64.17,64.24,0
2021-08-19,64.45,64.57,62.41,63.68,0
2021-08-20,63.65,64.04,61.82,61.84,0
2021-08-23,61.96,66.0,61.74,65.54,0
2021-08-24,65.54,67.8,65.41,67.64,0
2021-08-25,67.63,68.54,66.92,67.98,0
2021-08-26,68.0,68.31,67.02,67.76,0
2021-08-27,67.75,69.05,67.52,68.66,0
2021-08-30,69.3,69.64,67.67,69.12,0
2021-08-31,69.18,69.34,68.16,68.5,0
2021-09-01,68.55,69.24,67.12,68.22,0
2021-09-02,68.29,70.61,67.84,69.77,0
2021-09-03,69.76,70.53,69.05,69.07,0
2021-09-06,69.11,69.48,68.25,68.87,0
2021-09-07,68.88,69.48,67.64,68.38,0
2021-09-08,68.37,69.75,68.31,69.38,0
2021-09-09,69.36,69.89,67.56,67.9,0
2021-09-10,67.97,69.95,67.68,69.69,0
2021-09-13,69.74,70.97,69.51,70.65,0
2021-09-14,70.64,71.22,69.98,70.77,0
2021-09-15,70.76,73.14,70.65,72.63,0
2021-09-16,72.65,72.99,71.53,72.56,0
2021-09-17,72.33,72.5,71.03,71.78,0
2021-09-20,71.81,71.93,69.71,70.42,0
2021-09-21,70.43,71.48,69.39,70.82,0
2021-09-22,70.85,72.3,70.64,71.98,0
2021-09-23,71.97,73.5,71.61,73.23,0
2021-09-24,73.24,74.27,72.82,73.95,0
2021-09-27,74.19,75.75,74.16,75.4,0
2021-09-28,75.43,76.67,74.24,74.33,0
2021-09-29,74.38,75.79,73.74,74.74,0
2021-09-30,74.78,76.07,73.16,75.11,0
2021-10-01,75.12,75.99,74.23,75.75,0
2021-10-04,75.9,78.38,75.32,77.6,0
2021-10-05,77.58,79.48,77.47,79.08,0
2021-10-06,79.04,79.78,76.84,76.93,0
2021-10-07,77.0,78.89,74.96,78.84,0
2021-10-08,78.86,80.11,78.63,79.59,0
2021-10-11,79.59,82.18,79.55,80.47,0
2021-10-12,80.5,81.62,79.47,80.55,0
2021-10-13,80.58,81.04,79.42,80.6,0
2021-10-14,80.59,81.68,80.38,81.43,0
2021-10-15,80.93,82.0,80.86,81.95,0
2021-10-18,82.0,83.18,81.21,81.52,0
2021-10-19,81.58,82.99,81.08,82.45,0
2021-10-20,82.46,83.65,80.78,83.56,0
2021-10-21,83.58,83.96,80.79,82.63,0
2021-10-22,82.61,84.22,81.76,83.98,0
2021-10-25,83.98,85.41,83.39,83.7,0
2021-10-26,83.72,84.88,82.97,84.44,0
2021-10-27,84.39,84.51,82.01,82.06,0
2021-10-28,82.25,83.21,80.58,83.05,0
2021-10-29,83.09,83.74,81.41,83.22,0
2021-11-01,83.36,84.88,82.74,83.83,0
2021-11-02,83.87,84.41,82.92,82.96,0
2021-11-03,83.07,83.08,79.69,80.09,0
2021-11-04,80.18,83.42,78.25,79.33,0
2021-11-05,79.37,81.8,78.96,81.17,0
2021-11-08,81.13,82.67,81.05,82.21,0
2021-11-09,82.16,84.63,81.78,84.55,0
2021-11-10,84.53,84.97,80.83,81.27,0
2021-11-11,81.41,82.33,80.2,81.18,0
2021-11-12,81.21,81.62,79.78,80.68,0
2021-11-15,80.66,81.2,79.3,80.94,0
2021-11-16,80.93,81.81,80.03,80.58,0
2021-11-17,79.6,79.71,76.93,77.46,0
2021-11-18,77.49,78.8,76.44,78.31,0
2021-11-19,78.29,79.33,75.09,75.68,0
2021-11-22,75.75,77.16,74.76,76.47,0
2021-11-23,76.46,78.86,75.3,78.5,0
2021-11-24,78.48,79.23,77.98,78.32,0
2021-11-25,78.34,78.65,77.76,78.03,0
2021-11-26,78.1,78.65,67.4,68.17,0
2021-11-29,69.23,72.93,68.86,70.04,0
2021-11-30,70.04,71.22,64.44,66.95,0
2021-12-01,67.01,69.49,64.84,65.68,0
2021-12-02,65.63,67.49,62.43,67.37,0
2021-12-03,67.5,69.22,65.6,66.22,0
2021-12-06,67.02,70.15,66.72,70.02,0
2021-12-07,69.72,73.03,69.52,71.74,0
2021-12-08,71.86,73.0,70.91,72.64,0
2021-12-09,72.52,73.34,70.4,70.6,0
2021-12-10,70.68,72.33,70.32,71.96,0
2021-12-13,72.04,73.0,70.71,71.12,0
2021-12-14,71.12,72.03,69.51,70.26,0
2021-12-15,70.35,71.66,69.39,71.45,0
2021-12-16,71.28,72.74,70.87,71.75,0
2021-12-17,71.79,72.05,69.7,70.09,0
2021-12-20,69.88,69.98,66.12,69.21,0
2021-12-21,69.21,71.55,68.56,71.27,0
2021-12-22,71.27,73.16,70.8,73.02,0
2021-12-23,73.03,73.95,72.27,73.71,0
2021-12-27,73.38,76.09,72.57,75.94,0
2021-12-28,75.97,76.92,75.53,76.01,0
2021-12-29,76.04,77.37,75.36,76.58,0
2021-12-30,76.58,77.44,75.78,76.45,0
2021-12-31,76.66,77.08,74.95,75.4,0
2022-01-03,75.69,76.46,74.27,75.98,0
2022-01-04,76.02,77.64,75.7,77.17,0
2022-01-05,77.18,78.58,76.51,77.19,0
2022-01-06,77.24,80.24,76.73,79.66,0
2022-01-07,79.62,80.47,78.52,78.93,0
2022-01-10,78.88,79.45,77.83,78.43,0
2022-01-11,78.42,81.59,78.36,81.32,0
2022-01-12,81.38,83.1,81.17,82.76,0
2022-01-13,82.82,82.94,81.39,81.68,0
2022-01-14,81.73,84.45,81.58,84.26,0
2022-01-17,83.77,84.09,82.93,83.71,0
2022-01-18,83.71,85.98,82.93,85.88,0
2022-01-19,85.89,86.79,84.99,85.02,0
2022-01-20,85.06,87.1,84.2,84.47,0
2022-01-21,84.57,85.56,82.78,84.8,0
2022-01-24,84.91,86.09,81.9,84.07,0
2022-01-25,84.15,85.71,82.99,85.17,0
2022-01-26,85.26,87.95,85.01,87.15,0
2022-01-27,87.15,88.54,86.2,87.27,0
2022-01-28,87.5,88.84,86.44,87.28,0
2022-01-31,87.45,88.39,86.34,88.15,0
2022-02-01,88.15,88.87,86.55,88.34,0
2022-02-02,88.35,89.72,87.1,88.0,0
2022-02-03,87.98,90.45,86.75,90.19,0
2022-02-04,90.19,93.17,90.07,91.95,0
2022-02-07,91.82,92.73,90.73,91.62,0
2022-02-08,91.64,91.68,88.51,89.75,0
2022-02-09,89.86,90.58,88.41,90.0,0
2022-02-10,90.01,91.74,89.03,90.04,0
2022-02-11,90.0,94.66,89.19,93.86,0
2022-02-14,93.91,95.82,92.09,94.77,0
2022-02-15,94.83,95.17,90.66,92.16,0
2022-02-16,92.21,95.01,90.0,90.62,0
2022-02-17,89.25,91.51,88.83,89.99,0
2022-02-18,90.06,91.07,87.46,90.52,0
2022-02-21,91.32,92.95,89.06,92.8,0
2022-02-22,91.32,94.95,89.06,91.6,0
2022-02-23,91.74,93.9,90.64,92.24,0
2022-02-24,92.52,100.54,91.45,92.99,0
2022-02-25,93.32,95.64,90.06,91.93,0
2022-02-28,96.1,99.1,94.43,95.81,0
2022-03-01,96.09,106.78,95.32,106.25,0
2022-03-02,107.12,112.51,105.18,111.38,0
2022-03-03,111.33,116.57,106.43,108.05,0
2022-03-04,107.96,116.02,107.25,115.0,0
2022-03-07,129.47,130.5,115.54,120.32,0
2022-03-08,120.67,129.44,117.07,124.77,0
2022-03-09,124.66,126.84,103.63,109.53,0
2022-03-10,110.41,114.88,105.53,105.82,0
2022-03-11,105.99,110.29,104.48,109.08,0
2022-03-14,109.42,109.72,99.76,101.99,0
2022-03-15,102.28,102.58,93.53,95.14,0
2022-03-16,95.23,99.22,94.07,95.31,0
2022-03-17,94.08,102.69,93.41,102.03,0
2022-03-18,102.23,104.67,100.96,103.27,0
2022-03-21,103.62,111.08,102.47,110.9,0
2022-03-22,110.91,113.35,107.1,108.7,0
2022-03-23,108.85,115.4,108.38,114.35,0
2022-03-24,114.47,116.64,110.61,111.22,0
2022-03-25,111.75,114.12,108.68,112.6,0
2022-03-28,112.92,112.93,102.83,103.44,0
2022-03-29,103.47,107.84,98.44,105.16,0
2022-03-30,105.24,108.75,104.55,107.46,0
2022-03-31,107.45,107.8,99.66,101.17,0
2022-04-01,101.23,101.75,97.78,99.4,0
2022-04-04,98.95,103.94,98.05,103.65,0
2022-04-05,103.66,105.59,99.88,101.28,0
2022-04-06,101.24,104.02,95.73,96.97,0
2022-04-07,97.16,98.82,93.81,97.13,0
2022-04-08,97.17,98.76,95.29,97.86,0
2022-04-11,98.4,98.52,92.93,95.15,0
2022-04-12,95.17,101.35,94.84,100.97,0
2022-04-13,100.91,104.47,99.87,104.15,0
2022-04-14,104.2,107.64,102.12,106.43,0
2022-04-18,106.46,109.2,105.43,106.95,0
2022-04-19,107.06,108.37,101.51,102.38,0
2022-04-20,102.38,103.96,99.88,102.41,0
2022-04-21,102.5,105.42,102.01,104.02,0
2022-04-22,104.07,104.22,101.06,101.65,0
2022-04-25,101.38,101.55,95.28,98.62,0
2022-04-26,98.64,102.78,97.06,101.7,0
2022-04-27,101.76,102.99,99.8,102.04,0
2022-04-28,102.11,105.68,100.13,105.16,0
2022-04-29,105.17,107.99,103.78,104.13,0
2022-05-02,104.0,105.94,100.28,105.08,0
2022-05-03,105.08,105.8,102.1,103.48,0
2022-05-04,103.5,108.61,102.95,107.52,0
2022-05-05,107.58,111.37,106.45,108.6,0
2022-05-06,108.7,111.18,107.24,110.55,0
2022-05-09,110.43,110.49,102.13,102.35,0
2022-05-10,102.65,104.16,98.86,99.36,0
2022-05-11,99.0,106.44,98.2,105.58,0
2022-05-12,105.63,107.37,102.66,106.62,0
2022-05-13,106.65,110.64,106.29,110.18,0
2022-05-16,110.98,114.9,108.11,113.87,0
2022-05-17,113.87,115.56,111.75,113.51,0
2022-05-18,110.77,112.39,106.06,106.84,0
2022-05-19,106.96,110.16,103.24,109.24,0
2022-05-20,109.26,111.04,108.13,110.3,0
2022-05-23,110.56,111.96,109.15,110.57,0
2022-05-24,110.41,111.43,108.61,110.25,0
2022-05-25,110.39,111.68,109.23,110.72,0
2022-05-26,110.69,114.83,110.27,114.25,0
2022-05-27,114.2,115.3,112.85,115.07,0
2022-05-30,114.96,117.35,114.86,117.15,0
2022-05-31,114.96,119.98,114.15,115.25,0
2022-06-01,115.4,117.87,114.58,114.79,0
2022-06-02,114.8,117.77,111.2,117.54,0
2022-06-03,117.55,120.46,115.23,120.3,0
2022-06-06,120.82,120.99,117.63,119.39,0
2022-06-07,119.1,120.36,117.14,119.74,0
2022-06-08,119.79,123.18,119.3,122.4,0
2022-06-09,122.43,122.72,120.79,121.4,0
2022-06-10,121.46,122.75,118.33,120.47,0
2022-06-13,120.19,122.25,117.47,121.05,0
2022-06-14,121.09,123.68,116.62,119.0,0
2022-06-15,119.07,119.61,114.6,115.79,0
2022-06-16,114.09,115.73,110.43,114.62,0
2022-06-17,114.74,116.58,106.4,108.77,0
2022-06-20,108.75,109.36,106.82,108.77,0
2022-06-21,108.75,111.16,106.82,109.64,0
2022-06-22,109.54,109.76,101.53,104.3,0
2022-06-23,104.42,107.05,102.32,104.01,0
2022-06-24,103.99,108.58,103.64,107.06,0
2022-06-27,107.22,110.54,105.6,109.81,0
2022-06-28,110.18,112.22,109.62,111.84,0
2022-06-29,111.86,114.05,109.22,109.63,0
2022-06-30,109.7,110.45,105.1,105.99,0
2022-07-01,106.01,109.34,104.56,108.43,0
2022-07-04,108.8,110.77,107.25,110.52,0
2022-07-05,108.8,111.45,97.43,99.54,0
2022-07-06,100.36,102.14,95.1,98.1,0
2022-07-07,98.22,104.48,96.57,102.16,0
2022-07-08,102.22,105.24,101.51,104.76,0
2022-07-11,104.79,105.05,100.89,103.45,0
2022-07-12,103.46,103.49,95.35,95.58,0
2022-07-13,95.89,97.96,93.67,96.37,0
2022-07-14,96.57,97.0,90.56,96.46,0
2022-07-15,96.39,99.03,94.57,97.48,0
2022-07-18,94.34,99.62,92.88,98.86,0
2022-07-19,98.86,100.99,96.52,100.4,0
2022-07-20,100.34,100.72,98.16,99.81,0
2022-07-21,99.91,99.99,94.59,96.56,0
2022-07-22,96.51,97.95,94.23,95.09,0
2022-07-25,95.1,96.94,93.01,96.45,0
2022-07-26,96.33,99.0,94.76,95.46,0
2022-07-27,95.6,98.59,94.3,98.1,0
2022-07-28,98.17,99.84,96.04,97.29,0
2022-07-29,97.3,101.88,96.41,98.3,0
2022-08-01,98.46,98.65,92.42,94.06,0
2022-08-02,93.75,96.47,92.59,93.81,0
2022-08-03,93.83,96.57,90.38,90.91,0
2022-08-04,90.95,91.9,87.55,87.78,0
2022-08-05,88.06,90.76,87.01,88.46,0
2022-08-08,88.46,90.89,87.22,90.49,0
2022-08-09,90.69,92.65,89.05,90.51,0
2022-08-10,90.51,92.43,87.66,91.57,0
2022-08-11,91.55,95.05,91.24,93.98,0
2022-08-12,94.09,94.81,91.16,91.85,0
2022-08-15,91.94,92.1,86.82,87.83,0
2022-08-16,87.93,90.65,85.73,87.1,0
2022-08-17,87.1,89.16,85.88,87.29,0
2022-08-18,87.1,91.03,86.92,89.97,0
2022-08-19,90.0,91.69,87.95,89.61,0
2022-08-22,89.63,91.03,86.28,90.58,0
2022-08-23,90.55,94.22,90.42,93.76,0
2022-08-24,93.78,95.4,92.79,95.35,0
2022-08-25,95.35,95.76,92.29,93.0,0
2022-08-26,93.06,94.02,91.08,92.97,0
2022-08-29,92.96,97.37,92.29,96.94,0
2022-08-30,96.9,97.66,90.54,92.24,0
2022-08-31,92.31,92.73,88.27,88.83,0
2022-09-01,88.83,89.63,85.98,86.35,0
2022-09-02,86.56,89.66,86.35,87.18,0
2022-09-05,86.84,90.39,86.81,88.87,0
2022-09-06,86.84,90.39,86.18,86.93,0
2022-09-07,86.93,87.76,81.5,81.64,0
2022-09-08,81.91,84.25,81.2,82.72,0
2022-09-09,82.8,87.2,82.71,86.08,0
2022-09-12,86.25,89.1,85.16,88.03,0
2022-09-13,88.09,89.31,85.06,87.61,0
2022-09-14,87.94,90.19,86.18,88.96,0
2022-09-15,88.91,89.15,84.53,85.11,0
2022-09-16,84.66,86.18,83.86,84.99,0
2022-09-19,84.81,85.88,81.73,85.01,0
2022-09-20,85.02,86.12,83.02,84.27,0
2022-09-21,84.25,86.68,82.5,83.03,0
2022-09-22,83.07,86.0,82.4,83.49,0
2022-09-23,83.54,83.92,78.04,79.38,0
2022-09-26,79.23,80.31,76.25,76.28,0
2022-09-27,76.47,79.51,76.42,77.94,0
2022-09-28,78.08,82.34,76.55,81.88,0
2022-09-29,81.9,82.94,80.34,81.6,0
2022-09-30,81.74,82.56,79.14,79.7,0
2022-10-03,81.02,84.56,80.87,83.33,0
2022-10-04,83.22,86.98,83.22,86.37,0
2022-10-05,86.37,88.42,85.42,88.04,0
2022-10-06,88.08,89.07,87.04,88.96,0
2022-10-07,88.93,93.31,88.0,93.2,0
2022-10-10,93.48,93.64,90.54,90.82,0
2022-10-11,91.14,91.35,87.91,88.59,0
2022-10-12,88.67,90.07,86.28,87.09,0
2022-10-13,87.08,89.66,85.61,89.22,0
2022-10-14,89.27,89.73,85.2,85.55,0
2022-10-17,84.63,86.18,83.7,84.7,0
2022-10-18,84.8,85.53,81.3,82.81,0
2022-10-19,82.91,85.02,81.72,84.74,0
2022-10-20,84.91,87.14,84.16,85.01,0
2022-10-21,85.07,85.9,83.15,85.1,0
2022-10-24,85.24,85.92,82.63,84.88,0
2022-10-25,84.88,86.03,83.06,84.94,0
2022-10-26,85.07,88.41,84.14,88.27,0
2022-10-27,88.26,89.79,87.33,88.59,0
2022-10-28,88.67,88.76,87.08,88.36,0
2022-10-31,88.39,88.65,85.3,86.21,0
2022-11-01,86.43,89.45,85.92,88.56,0
2022-11-02,88.62,90.36,87.72,89.33,0
2022-11-03,89.35,89.67,87.6,87.95,0
2022-11-04,87.9,92.87,87.82,92.56,0
2022-11-07,91.0,93.74,90.4,91.87,0
2022-11-08,91.87,92.17,88.52,88.67,0
2022-11-09,88.57,89.24,85.5,85.64,0
2022-11-10,85.85,87.35,84.7,86.19,0
2022-11-11,86.27,90.1,86.18,88.86,0
2022-11-14,89.02,89.84,85.15,85.21,0
2022-11-15,85.25,88.68,84.06,86.8,0
2022-11-16,86.89,87.51,84.2,85.31,0
2022-11-17,84.98,84.98,81.19,81.84,0
2022-11-18,81.86,82.43,77.59,80.25,0
2022-11-21,80.26,80.5,75.27,80.24,0
2022-11-22,80.22,82.36,79.85,81.1,0
2022-11-23,81.08,81.95,76.83,77.44,0
2022-11-24,77.51,78.21,76.89,77.95,0
2022-11-25,77.51,79.9,76.22,76.55,0
2022-11-28,75.93,77.84,73.6,76.52,0
2022-11-29,76.54,79.65,76.29,78.89,0
2022-11-30,79.0,81.38,78.4,80.48,0
2022-12-01,80.4,83.34,79.93,81.4,0
2022-12-02,81.47,82.22,79.65,80.3,0
2022-12-05,79.99,82.72,76.77,77.36,0
2022-12-06,77.35,77.88,73.41,74.45,0
2022-12-07,74.55,75.38,71.75,72.39,0
2022-12-08,72.38,75.44,71.12,71.79,0
2022-12-09,71.85,72.92,70.08,71.52,0
2022-12-12,71.79,73.99,70.25,73.3,0
2022-12-13,73.29,76.37,73.21,75.2,0
2022-12-14,75.27,77.75,74.9,77.4,0
2022-12-15,77.37,77.77,75.33,76.36,0
2022-12-16,76.33,76.58,73.4,74.64,0
2022-12-19,74.62,76.64,74.03,75.83,0
2022-12-20,75.77,76.96,74.46,76.01,0
2022-12-21,75.99,78.61,75.8,78.4,0
2022-12-22,78.43,79.9,77.03,78.22,0
2022-12-23,78.18,80.33,77.98,79.34,0
2022-12-27,79.9,81.18,79.16,79.85,0
2022-12-28,79.89,79.92,77.3,78.86,0
2022-12-29,78.82,78.82,76.79,78.71,0
2022-12-30,78.73,80.67,77.71,80.43,0
2023-01-03,80.57,81.5,76.6,77.21,0
2023-01-04,77.25,77.42,72.73,73.21,0
2023-01-05,73.25,74.92,72.46,73.93,0
2023-01-06,73.97,75.47,73.24,73.67,0
2023-01-09,73.47,76.74,73.47,74.87,0
2023-01-10,74.86,75.92,73.84,74.71,0
2023-01-11,74.78,77.84,74.31,77.71,0
2023-01-12,77.7,79.16,77.1,78.25,0
2023-01-13,78.32,80.11,77.97,80.04,0
2023-01-16,80.1,80.22,78.53,78.85,0
2023-01-17,80.1,81.23,78.53,81.03,0
2023-01-18,81.34,82.66,79.21,79.42,0
2023-01-19,79.43,81.49,78.45,80.83,0
2023-01-20,80.84,81.91,79.91,81.69,0
2023-01-23,81.79,82.64,81.05,81.61,0
2023-01-24,81.62,82.22,79.66,80.23,0
2023-01-25,80.26,81.23,79.45,80.43,0
2023-01-26,80.48,82.14,79.92,81.1,0
2023-01-27,81.22,82.48,79.04,79.37,0
2023-01-30,80.04,80.49,77.66,77.81,0
2023-01-31,77.91,79.25,76.55,79.02,0
2023-02-01,79.06,79.73,76.05,76.69,0
2023-02-02,76.79,77.24,74.97,75.97,0
2023-02-03,75.92,78.0,73.1,73.23,0
2023-02-06,73.23,74.51,72.25,74.44,0
2023-02-07,74.57,77.6,74.35,77.58,0
2023-02-08,77.49,78.57,77.08,78.48,0
2023-02-09,78.45,78.84,76.52,77.65,0
2023-02-10,77.68,80.33,77.47,79.75,0
2023-02-13,79.94,80.62,78.45,79.14,0
2023-02-14,79.06,79.61,77.46,78.83,0
2023-02-15,78.83,79.15,77.25,78.49,0
2023-02-16,78.68,79.76,78.18,78.28,0
2023-02-17,78.35,78.5,75.32,76.55,0
2023-02-20,76.64,77.74,76.31,77.39,0
2023-02-21,76.64,77.74,75.9,76.18,0
2023-02-22,76.11,76.55,73.8,73.85,0
2023-02-23,73.92,75.99,73.83,75.65,0
2023-02-24,75.6,76.63,74.09,76.45,0
2023-02-27,76.42,76.82,74.99,75.74,0
2023-02-28,75.76,77.83,75.55,76.83,0
2023-03-01,76.85,77.85,76.12,77.72,0
2023-03-02,77.74,78.59,77.23,77.87,0
2023-03-03,77.89,79.9,75.83,79.85,0
2023-03-06,79.92,80.63,78.32,80.48,0
2023-03-07,80.5,80.94,77.06,77.2,0
2023-03-08,77.32,77.73,76.11,76.48,0
2023-03-09,76.5,78.06,75.43,75.6,0
2023-03-10,75.65,77.11,74.77,76.64,0
2023-03-13,76.6,77.47,72.3,74.69,0
2023-03-14,74.7,74.9,70.78,71.48,0
2023-03-15,71.56,72.56,65.65,68.21,0
2023-03-16,68.22,69.38,65.71,68.24,0
2023-03-17,68.47,69.83,65.38,66.53,0
2023-03-20,66.9,67.9,64.36,67.79,0
2023-03-21,67.83,69.77,66.9,69.49,0
2023-03-22,69.48,71.31,68.89,69.9,0
2023-03-23,69.95,71.67,69.14,69.47,0
2023-03-24,69.51,70.38,66.82,69.2,0
2023-03-27,69.42,73.1,69.13,72.87,0
2023-03-28,72.86,73.93,72.19,73.58,0
2023-03-29,73.61,74.37,72.76,72.81,0
2023-03-30,72.98,74.63,72.61,74.35,0
2023-03-31,74.37,75.72,73.77,75.68,0
2023-04-03,80.1,81.69,79.0,80.43,0
2023-04-04,80.44,81.81,79.61,80.99,0
2023-04-05,81.01,81.24,79.73,80.33,0
2023-04-06,80.37,80.96,79.65,80.46,0
2023-04-10,80.5,81.22,79.61,79.91,0
2023-04-11,79.88,81.59,79.37,81.46,0
2023-04-12,81.44,83.53,81.28,83.26,0
2023-04-13,83.22,83.44,82.11,82.42,0
2023-04-14,82.4,83.12,81.76,82.67,0
2023-04-17,82.48,82.71,80.47,80.95,0
2023-04-18,81.0,81.52,79.91,80.9,0
2023-04-19,80.96,81.24,78.53,79.01,0
2023-04-20,79.03,79.07,76.97,77.14,0
2023-04-21,77.13,78.39,76.72,77.95,0
2023-04-24,77.97,79.18,76.72,78.68,0
2023-04-25,78.74,79.07,76.5,77.12,0
2023-04-26,77.08,77.93,74.05,74.34,0
2023-04-27,74.38,75.28,74.03,74.81,0
2023-04-28,74.91,76.92,73.93,76.63,0
2023-05-01,76.66,76.69,74.53,75.73,0
2023-05-02,75.76,76.11,71.42,71.54,0
2023-05-03,71.56,71.79,67.95,68.13,0
2023-05-04,68.16,69.84,63.64,68.59,0
2023-05-05,68.7,71.81,68.48,71.33,0
2023-05-08,71.35,73.69,71.04,72.8,0
2023-05-09,72.84,73.78,71.34,73.52,0
2023-05-10,73.58,73.89,71.8,72.78,0
2023-05-11,72.77,73.5,70.63,71.42,0
2023-05-12,71.42,71.78,69.93,70.06,0
2023-05-15,70.04,71.69,69.41,71.3,0
2023-05-16,71.32,71.79,70.45,70.52,0
2023-05-17,70.6,73.26,70.04,72.65,0
2023-05-18,72.75,72.87,71.42,71.91,0
2023-05-19,72.06,73.58,71.18,71.87,0
2023-05-22,71.87,72.53,70.67,72.1,0
2023-05-23,72.1,73.79,71.71,73.77,0
2023-05-24,73.77,74.73,73.13,74.21,0
2023-05-25,74.21,74.37,70.98,71.8,0
2023-05-26,71.89,73.05,71.49,72.87,0
2023-05-29,73.23,73.55,72.04,73.02,0
2023-05-30,73.23,73.55,69.02,69.53,0
2023-05-31,69.62,69.69,67.03,67.57,0
2023-06-01,67.6,71.07,67.51,70.15,0
2023-06-02,70.21,72.17,70.0,71.87,0
2023-06-05,75.03,75.06,71.73,71.9,0
2023-06-06,71.99,72.33,70.13,71.42,0
2023-06-07,71.56,73.19,71.01,72.45,0
2023-06-08,72.47,73.28,69.03,70.93,0
2023-06-09,70.94,71.77,70.1,70.32,0
2023-06-12,70.27,70.33,66.8,67.33,0
2023-06-13,67.31,69.83,67.15,69.27,0
2023-06-14,69.35,70.49,68.07,68.68,0
2023-06-15,68.7,70.96,67.97,70.56,0
2023-06-16,70.81,72.03,70.18,71.65,0
2023-06-19,71.69,72.27,70.82,71.48,0
2023-06-20,71.69,72.38,69.76,70.87,0
2023-06-21,70.9,72.72,70.8,72.34,0
2023-06-22,72.43,72.65,68.93,69.52,0
2023-06-23,69.53,69.65,67.35,69.5,0
2023-06-26,69.84,70.11,68.71,69.52,0
2023-06-27,69.49,70.15,67.5,68.0,0
2023-06-28,68.01,69.73,67.05,69.14,0
2023-06-29,69.25,70.6,68.93,69.78,0
2023-06-30,69.82,71.04,69.53,70.42,0
2023-07-03,70.45,71.77,69.69,70.11,0
2023-07-04,70.15,71.36,69.9,71.0,0
2023-07-05,70.15,72.17,69.9,71.81,0
2023-07-06,71.8,72.34,70.22,71.9,0
2023-07-07,71.89,73.92,71.19,73.67,0
2023-07-10,73.86,74.15,72.67,73.21,0
2023-07-11,73.19,74.96,72.98,74.81,0
2023-07-12,74.83,76.15,74.67,75.84,0
2023-07-13,75.85,77.33,75.32,77.21,0
2023-07-14,77.16,77.3,75.11,75.23,0
2023-07-17,74.88,76.0,73.78,74.04,0
2023-07-18,74.08,75.9,73.82,75.71,0
2023-07-19,75.75,76.87,75.02,75.37,0
2023-07-20,75.33,76.15,74.52,75.7,0
2023-07-21,75.7,77.29,75.69,76.81,0
2023-07-24,77.01,79.28,76.44,78.9,0
2023-07-25,78.85,79.9,78.29,79.32,0
2023-07-26,79.34,79.77,78.55,78.92,0
2023-07-27,78.9,80.6,78.87,79.8,0
2023-07-28,79.84,80.71,79.07,80.66,0
2023-07-31,80.65,82.0,80.13,81.75,0
2023-08-01,81.73,82.22,80.59,82.16,0
2023-08-02,82.05,82.43,79.05,79.72,0
2023-08-03,79.77,81.86,78.69,81.71,0
2023-08-04,81.73,83.24,81.51,82.64,0
2023-08-07,82.82,83.3,81.52,82.47,0
2023-08-08,82.53,83.08,79.9,82.84,0
2023-08-09,82.88,84.65,82.67,84.21,0
2023-08-10,84.25,84.89,82.58,82.86,0
2023-08-11,82.83,83.81,82.23,83.05,0
2023-08-14,83.09,83.2,81.76,82.46,0
2023-08-15,82.52,82.91,80.4,81.07,0
2023-08-16,81.23,81.43,79.05,79.26,0
2023-08-17,78.91,80.61,78.6,79.56,0
2023-08-18,79.58,80.97,79.02,80.73,0
2023-08-21,80.76,81.75,79.98,80.19,0
2023-08-22,80.25,80.37,79.46,79.63,0
2023-08-23,79.64,79.91,77.62,78.55,0
2023-08-24,78.57,79.28,77.59,78.87,0
2023-08-25,78.88,80.45,78.14,80.02,0
2023-08-28,80.15,80.85,79.61,79.97,0
2023-08-29,79.98,81.41,79.34,81.31,0
2023-08-30,81.29,82.05,80.88,81.7,0
2023-08-31,81.7,83.69,81.48,83.58,0
2023-09-01,83.63,86.06,83.46,86.04,0
2023-09-04,86.06,86.14,85.27,85.97,0
2023-09-05,86.06,88.07,85.02,86.72,0
2023-09-06,86.72,88.08,85.93,87.58,0
2023-09-07,87.54,87.74,86.39,86.76,0
2023-09-08,86.78,87.95,86.15,87.21,0
2023-09-11,87.4,88.14,86.71,87.31,0
2023-09-12,87.27,89.37,87.22,88.76,0
2023-09-13,88.75,89.64,88.29,88.84,0
2023-09-14,88.81,90.79,88.68,90.69,0
2023-09-15,90.07,90.56,88.65,90.4,0
2023-09-18,90.41,91.36,89.91,90.98,0
2023-09-19,90.97,92.43,90.31,90.7,0
2023-09-20,90.63,91.07,88.97,89.22,0
2023-09-21,89.3,90.98,88.37,89.57,0
2023-09-22,89.62,91.33,89.31,90.33,0
2023-09-25,90.55,90.83,89.03,89.88,0
2023-09-26,89.88,90.74,88.19,90.54,0
2023-09-27,90.53,94.17,90.4,93.71,0
2023-09-28,93.78,95.03,91.39,91.79,0
2023-09-29,91.76,93.1,90.35,90.75,0
2023-10-02,90.82,91.88,88.46,88.62,0
2023-10-03,88.67,90.27,87.76,89.43,0
2023-10-04,89.42,89.59,84.16,84.43,0
2023-10-05,84.45,84.92,82.15,82.55,0
2023-10-06,82.28,83.28,81.5,82.79,0
2023-10-09,85.25,87.24,84.67,86.37,0
2023-10-10,86.43,86.74,85.12,85.95,0
2023-10-11,85.96,86.51,83.11,83.27,0
2023-10-12,83.2,85.2,82.31,83.5,0
2023-10-13,83.51,87.83,83.35,87.7,0
2023-10-16,87.72,88.33,86.32,87.03,0
2023-10-17,85.69,86.44,84.39,86.39,0
2023-10-18,86.41,88.57,86.25,87.13,0
2023-10-19,87.22,89.54,85.44,89.17,0
2023-10-20,89.09,89.85,87.53,88.3,0
2023-10-23,88.0,88.29,85.35,86.09,0
2023-10-24,86.15,86.3,82.94,83.66,0
2023-10-25,83.69,85.56,82.08,85.29,0
2023-10-26,85.37,85.59,82.56,83.49,0
2023-10-27,83.53,85.9,83.1,85.15,0
2023-10-30,85.0,85.3,81.82,82.57,0
2023-10-31,82.6,83.37,80.74,81.34,0
2023-11-01,81.48,83.42,80.3,80.88,0
2023-11-02,80.82,82.83,80.22,82.48,0
2023-11-03,82.58,83.6,80.1,80.85,0
2023-11-06,81.13,82.24,80.66,80.9,0
2023-11-07,80.93,81.05,77.09,77.11,0
2023-11-08,77.12,77.53,74.91,75.58,0
2023-11-09,75.65,77.16,75.21,75.57,0
2023-11-10,75.59,77.73,75.31,77.35,0
2023-11-13,77.15,78.64,76.21,78.51,0
2023-11-14,78.53,79.75,77.79,78.2,0
2023-11-15,78.17,78.77,76.31,76.56,0
2023-11-16,76.71,76.8,72.37,73.11,0
2023-11-17,73.11,76.19,72.91,76.08,0
2023-11-20,75.8,78.46,75.41,77.59,0
2023-11-21,77.65,77.92,76.92,77.81,0
2023-11-22,77.77,77.97,73.8,76.79,0
2023-11-23,76.79,76.81,75.31,76.35,0
2023-11-24,76.79,77.09,75.07,75.17,0
2023-11-27,75.31,76.23,74.06,75.02,0
2023-11-28,75.07,77.02,74.64,76.56,0
2023-11-29,76.56,78.09,75.67,77.7,0
2023-11-30,77.75,79.6,75.05,75.6,0
2023-12-01,75.59,76.76,73.93,74.37,0
2023-12-04,74.58,75.03,72.63,73.27,0
2023-12-05,73.3,74.12,72.02,72.06,0
2023-12-06,72.1,72.6,69.11,69.24,0
2023-12-07,69.28,70.48,68.8,69.64,0
2023-12-08,69.76,71.63,69.5,71.25,0
2023-12-11,71.15,71.81,70.35,71.39,0
2023-12-12,71.43,71.96,68.22,68.75,0
2023-12-13,68.73,69.89,67.71,69.86,0
2023-12-14,69.85,72.46,69.54,71.64,0
2023-12-15,71.91,72.56,70.64,72.09,0
2023-12-18,72.05,74.61,70.99,72.88,0
2023-12-19,72.93,74.45,72.14,74.17,0
2023-12-20,74.06,75.37,73.6,73.8,0
2023-12-21,73.81,74.58,72.44,73.93,0
2023-12-22,73.91,74.98,73.39,73.47,0
2023-12-26,73.56,76.18,73.13,75.42,0
2023-12-27,75.32,75.66,73.77,73.81,0
2023-12-28,73.8,74.4,71.72,72.03,0
2023-12-29,71.99,72.62,71.25,71.32,0
2024-01-02,71.71,73.64,70.06,70.47,0
2024-01-03,70.5,73.23,69.28,73.0,0
2024-01-04,73.04,74.0,71.06,72.39,0
2024-01-05,72.4,74.24,72.21,73.94,0
2024-01-08,73.51,73.95,70.13,70.92,0
2024-01-09,70.91,72.93,70.47,72.21,0
2024-01-10,72.17,73.59,71.01,71.31,0
2024-01-11,71.33,73.81,71.17,72.84,0
2024-01-12,73.01,75.25,72.36,72.76,0
2024-01-15,72.63,72.93,71.23,72.45,0
2024-01-16,72.63,73.56,71.23,71.9,0
2024-01-17,72.11,72.86,70.62,72.72,0
2024-01-18,72.73,74.19,72.1,73.85,0
2024-01-19,73.92,74.63,72.99,73.43,0
2024-01-22,73.6,75.46,72.56,74.65,0
2024-01-23,74.68,75.25,73.41,74.5,0
2024-01-24,74.57,75.83,73.94,75.34,0
2024-01-25,75.3,77.51,75.16,77.1,0
2024-01-26,77.15,78.26,76.06,78.21,0
2024-01-29,78.9,79.29,76.41,76.98,0
2024-01-30,77.02,78.14,75.85,77.77,0
2024-01-31,77.84,78.11,75.52,75.83,0
2024-02-01,75.96,76.95,73.7,73.9,0
2024-02-02,73.91,74.52,71.79,72.38,0
2024-02-05,72.75,73.28,71.41,72.8,0
2024-02-06,72.76,73.82,72.38,73.45,0
2024-02-07,73.5,74.22,73.23,74.07,0
2024-02-08,74.08,76.59,73.56,76.46,0
2024-02-09,76.42,77.29,75.93,76.6,0
2024-02-12,76.6,77.09,75.54,76.94,0
2024-02-13,77.03,78.47,76.87,77.77,0
2024-02-14,77.81,78.77,76.38,76.56,0
2024-02-15,76.33,78.07,75.52,77.56,0
2024-02-16,77.63,78.52,76.69,78.22,0
2024-02-19,78.34,78.56,77.63,78.2,0
2024-02-20,78.34,78.56,76.8,77.2,0
2024-02-21,77.15,78.08,76.32,78.04,0
2024-02-22,78.09,78.92,77.23,78.34,0
2024-02-23,78.37,78.39,76.35,76.57,0
2024-02-26,76.4,78.03,75.84,77.6,0
2024-02-27,77.62,79.0,77.17,78.52,0
2024-02-28,78.48,79.62,77.78,78.29,0
2024-02-29,78.2,79.28,77.94,78.29,0
2024-03-01,78.28,80.85,78.05,79.79,0
2024-03-04,80.14,80.41,78.56,78.77,0
2024-03-05,78.74,79.49,77.52,78.13,0
2024-03-06,78.15,80.67,77.99,79.12,0
2024-03-07,79.13,79.53,78.02,79.45,0
2024-03-08,79.51,79.99,77.56,77.84,0
2024-03-11,77.8,78.47,76.79,78.12,0
2024-03-12,78.09,78.73,77.35,78.03,0
2024-03-13,78.06,79.9,77.57,79.6,0
2024-03-14,79.63,81.62,79.57,81.06,0
2024-03-15,80.58,80.89,80.01,80.55,0
2024-03-18,80.58,82.5,80.56,82.21,0
2024-03-19,82.21,83.12,81.81,82.51,0
2024-03-20,82.53,82.65,80.83,81.43,0
2024-03-21,81.49,81.92,80.3,80.81,0
2024-03-22,80.84,81.45,80.42,80.8,0
2024-03-25,80.85,82.48,80.59,81.98,0
2024-03-26,81.94,82.36,81.22,81.27,0
2024-03-27,81.29,81.74,80.55,81.69,0
2024-03-28,81.71,83.21,81.52,83.11,0
2024-04-01,83.14,84.49,82.6,83.98,0
2024-04-02,84.04,85.5,83.85,85.44,0
2024-04-03,85.46,86.2,84.85,85.64,0
2024-04-04,85.66,87.22,84.64,86.84,0
2024-04-05,86.86,87.63,86.32,86.73,0
2024-04-08,86.1,87.1,84.69,86.56,0
2024-04-09,86.59,86.98,85.09,85.32,0
2024-04-10,85.34,86.38,84.55,86.25,0
2024-04-11,86.32,86.63,84.84,85.58,0
2024-04-12,85.6,87.67,85.24,85.45,0
2024-04-15,85.93,86.11,84.05,85.64,0
2024-04-16,85.64,86.18,84.75,85.29,0
2024-04-17,84.82,84.97,82.01,82.32,0
2024-04-18,82.32,82.84,81.06,81.88,0
2024-04-19,81.88,85.64,81.13,82.11,0
2024-04-22,81.84,82.29,80.7,82.12,0
2024-04-23,82.12,83.43,80.88,83.38,0
2024-04-24,83.38,83.71,82.44,82.82,0
2024-04-25,82.83,83.83,81.99,83.77,0
2024-04-26,83.77,84.46,83.35,83.67,0
2024-04-29,83.67,83.91,82.4,82.73,0
2024-04-30,82.76,83.3,80.95,81.52,0
2024-05-01,81.48,81.56,78.83,79.12,0
2024-05-02,79.12,79.9,78.41,79.05,0
2024-05-03,79.05,79.63,77.96,77.99,0
2024-05-06,77.99,79.09,77.91,78.67,0
2024-05-07,78.67,79.17,77.55,78.35,0
2024-05-08,78.35,79.27,76.89,79.22,0
2024-05-09,79.23,79.8,78.91,79.57,0
2024-05-10,79.57,79.96,78.14,78.2,0
2024-05-13,78.2,79.49,77.78,79.2,0
2024-05-14,79.23,79.38,77.68,78.43,0
2024-05-15,78.43,78.92,76.7,78.86,0
2024-05-16,78.86,79.3,77.75,78.87,0
2024-05-17,78.87,79.66,78.58,79.52,0
2024-05-20,79.52,80.11,78.67,79.2,0
2024-05-21,79.23,79.3,77.65,78.18,0
2024-05-22,78.18,78.41,77.24,77.24,0
2024-05-23,77.24,78.66,76.43,76.96,0
2024-05-24,76.96,78.05,76.15,77.79,0
2024-05-27,77.79,78.8,77.69,78.54,0
2024-05-28,77.81,80.29,77.69,80.26,0
2024-05-29,80.26,80.62,78.99,79.23,0
2024-05-30,79.28,79.42,77.63,77.88,0
2024-05-31,77.91,78.62,76.67,77.15,0
2024-06-03,77.15,77.52,73.98,74.01,0
2024-06-04,74.01,74.13,72.48,72.9,0
2024-06-05,72.9,74.33,72.82,74.29,0
2024-06-06,74.3,75.79,74.06,75.66,0
2024-06-07,75.66,76.25,75.21,75.36,0
2024-06-10,75.36,78.29,75.23,78.23,0
2024-06-11,78.23,78.36,77.22,78.16,0
2024-06-12,78.22,79.32,77.88,78.3,0
2024-06-13,78.3,78.89,77.67,77.93,0
2024-06-14,77.93,78.8,77.42,78.05,0
2024-06-17,78.12,80.01,77.58,79.93,0
2024-06-18,79.93,80.85,79.17,80.77,0
2024-06-19,80.77,81.16,80.3,80.64,0
2024-06-20,80.75,81.52,80.3,81.23,0
2024-06-21,81.27,81.79,80.35,80.58,0
2024-06-24,80.58,81.78,80.23,81.73,0
2024-06-25,81.73,81.9,80.55,80.76,0
2024-06-26,80.76,81.63,80.18,80.87,0
2024-06-27,80.86,82.04,80.51,81.8,0
2024-06-28,81.8,82.72,80.97,81.47,0
2024-07-01,81.47,83.64,81.38,83.38,0
2024-07-02,83.38,84.38,82.72,83.16,0
2024-07-03,83.2,83.93,82.46,83.61,0
2024-07-04,83.61,84.2,83.02,84.06,0
2024-07-05,83.6,84.52,83.02,83.44,0
2024-07-08,83.44,83.44,82.08,82.24,0
2024-07-09,82.22,82.48,81.25,81.81,0
2024-07-10,81.81,82.66,80.81,82.4,0
2024-07-11,82.4,83.13,81.63,82.87,0
2024-07-12,82.87,83.74,82.1,82.18,0
2024-07-15,82.18,82.58,81.47,81.96,0
2024-07-16,81.96,81.96,80.22,80.81,0
2024-07-17,80.81,83.1,80.45,83.08,0
2024-07-18,83.08,83.08,80.61,80.83,0
2024-07-19,80.83,81.34,78.59,78.59,0
2024-07-22,78.59,79.13,77.55,78.23,0
2024-07-23,78.23,78.73,76.4,77.46,0
2024-07-24,77.45,78.19,76.98,77.49,0
2024-07-25,77.49,78.47,76.04,78.33,0
2024-07-26,78.35,78.6,76.19,76.43,0
2024-07-29,77.3,77.69,75.35,75.93,0
2024-07-30,75.93,75.97,74.59,75.26,0
2024-07-31,75.26,78.66,75.18,78.63,0
2024-08-01,78.63,78.88,76.24,76.91,0
2024-08-02,76.87,77.29,72.97,74.14,0
2024-08-05,74.14,74.46,71.67,73.9,0
2024-08-06,73.9,74.56,72.2,72.94,0
2024-08-07,72.84,75.84,72.58,75.43,0
2024-08-08,75.43,76.52,74.6,76.08,0
2024-08-09,76.08,77.09,75.85,76.98,0
2024-08-12,76.98,80.16,76.7,79.66,0
2024-08-13,79.74,80.15,78.16,78.64,0
2024-08-14,78.73,79.1,76.83,77.18,0
2024-08-15,77.18,77.38,75.7,76.91,0
2024-08-16,76.91,76.98,74.52,75.48,0
2024-08-19,75.47,75.73,73.45,73.81,0
2024-08-20,73.74,74.38,72.54,73.09,0
2024-08-21,73.12,74.16,71.46,71.92,0
2024-08-22,71.93,73.52,71.58,72.97,0
2024-08-23,72.96,75.07,72.83,74.96,0
2024-08-26,74.96,77.6,74.96,77.15,0
2024-08-27,77.15,77.48,75.4,75.76,0
2024-08-28,75.76,75.95,73.82,74.38,0
2024-08-29,74.38,76.91,74.05,76.02,0
2024-08-30,76.02,76.59,73.36,73.65,0
2024-09-02,73.65,74.41,72.89,74.04,0
2024-09-03,73.53,74.41,70.1,70.22,0
2024-09-04,70.22,71.46,68.82,69.24,0
2024-09-05,69.27,70.82,68.75,69.32,0
2024-09-06,69.32,70.13,67.17,68.16,0
2024-09-09,68.16,68.96,67.31,68.79,0
2024-09-10,68.79,69.08,65.27,66.29,0
2024-09-11,66.29,67.97,65.63,67.38,0
2024-09-12,67.38,69.81,67.24,69.18,0
2024-09-13,69.18,69.35,67.58,68.28,0
2024-09-16,68.28,69.61,67.7,69.32,0
2024-09-17,69.32,70.65,68.51,69.91,0
2024-09-18,69.91,70.31,68.58,69.15,0
2024-09-19,69.15,71.53,69.13,71.12,0
2024-09-20,71.18,71.45,70.37,71.25,0
2024-09-23,71.25,71.81,69.49,70.72,0
2024-09-24,70.72,72.4,70.44,71.54,0
2024-09-25,71.54,71.72,69.23,69.84,0
2024-09-26,69.89,70.01,66.95,67.46,0
2024-09-27,67.46,68.65,67.06,68.63,0
2024-09-30,68.63,69.32,67.57,68.29,0
2024-10-01,68.29,71.94,66.33,70.73,0
2024-10-02,70.73,72.49,69.87,71.0,0
2024-10-03,71.0,74.09,70.52,73.7,0
2024-10-04,73.7,75.57,73.46,74.45,0
2024-10-07,74.45,77.4,73.62,77.3,0
2024-10-08,77.3,77.7,72.12,73.29,0
2024-10-09,73.29,73.82,71.0,72.67,0
2024-10-10,72.73,75.45,72.62,74.81,0
2024-10-11,75.0,75.28,73.85,74.72,0
2024-10-14,74.72,74.72,71.24,71.28,0
2024-10-15,71.28,71.57,69.2,70.43,0
2024-10-16,70.43,70.69,69.12,70.1,0
2024-10-17,70.1,70.53,68.89,70.16,0
2024-10-18,70.16,70.67,68.17,68.82,0
2024-10-21,68.82,70.39,68.46,69.77,0
2024-10-22,69.77,72.09,69.35,71.31,0
2024-10-23,71.31,71.72,70.13,71.04,0
2024-10-24,71.04,72.34,69.77,70.33,0
2024-10-25,70.33,71.92,69.96,71.68,0
2024-10-28,71.68,71.68,66.92,68.0,0
2024-10-29,68.0,68.52,66.72,67.48,0
2024-10-30,67.48,69.17,67.28,69.09,0
2024-10-31,69.09,70.81,68.3,70.52,0
2024-11-01,70.52,71.45,69.32,69.33,0
2024-11-04,69.33,71.81,69.33,71.69,0
2024-11-05,71.69,72.67,71.29,71.99,0
2024-11-06,71.99,72.63,69.74,71.88,0
2024-11-07,71.87,72.88,70.66,72.18,0
2024-11-08,72.18,72.25,69.99,70.42,0
2024-11-11,70.42,70.42,67.79,68.03,0
2024-11-12,68.03,68.97,67.65,67.79,0
2024-11-13,67.79,68.69,66.8,67.88,0
2024-11-14,67.88,69.24,67.77,68.42,0
2024-11-15,68.42,68.51,66.71,66.88,0
2024-11-18,66.88,69.37,66.53,69.07,0
2024-11-19,69.07,69.74,68.48,69.26,0
2024-11-20,69.26,69.96,68.64,69.03,0
2024-11-21,69.03,70.38,68.86,70.12,0
2024-11-22,70.12,71.51,69.29,71.19,0
2024-11-25,71.19,71.48,68.74,69.08,0
2024-11-26,69.08,70.3,68.05,68.96,0
2024-11-27,68.96,69.37,68.18,68.76,0
2024-11-28,68.76,69.3,68.27,68.88,0
2024-11-29,68.77,69.69,67.87,68.14,0
2024-12-02,68.14,69.11,67.71,68.17,0
2024-12-03,68.17,70.23,67.91,69.96,0
2024-12-04,69.96,70.51,68.49,68.7,0
2024-12-05,68.7,69.16,67.98,68.45,0
2024-12-06,68.44,68.49,66.98,67.17,0
2024-12-09,67.17,68.88,67.08,68.14,0
2024-12-10,68.14,69.06,67.72,68.46,0
2024-12-11,68.15,70.08,68.12,69.93,0
2024-12-12,69.97,70.27,68.74,69.63,0
2024-12-13,69.63,70.94,69.51,70.64,0
2024-12-16,70.64,71.0,69.98,70.23,0
2024-12-17,70.23,70.54,68.81,69.82,0
2024-12-18,69.82,70.8,69.39,69.46,0
2024-12-19,69.46,70.58,69.1,69.22,0
2024-12-20,69.22,69.85,68.42,69.56,0
2024-12-23,69.56,69.94,68.59,69.55,0
2024-12-24,69.55,70.43,69.36,70.17,0
2024-12-26,70.17,70.75,69.33,69.64,0
2024-12-27,69.68,70.75,69.44,70.25,0
2024-12-30,70.25,71.56,70.12,71.15,0
2024-12-31,71.15,72.01,70.87,71.86,0
2025-01-02,71.86,73.73,71.79,73.11,0
2025-01-03,73.11,74.35,72.7,74.07,0
2025-01-06,74.07,74.99,73.2,73.42,0
2025-01-07,73.42,73.82,72.51,73.69,0
2025-01-08,73.69,74.44,72.51,72.66,0
2025-01-09,72.66,73.61,72.2,73.58,0
2025-01-10,73.58,76.89,73.33,75.69,0
2025-01-13,75.69,77.64,75.67,77.21,0
2025-01-14,77.21,77.51,76.2,76.88,0
2025-01-15,76.88,79.39,76.16,79.14,0
2025-01-16,79.14,79.21,76.93,77.9,0
2025-01-17,77.91,78.55,77.14,77.38,0
2025-01-20,77.38,77.86,75.82,76.36,0
2025-01-21,77.57,77.86,75.05,75.87,0
2025-01-22,75.87,76.45,75.28,75.41,0
2025-01-23,75.41,76.0,74.14,74.26,0
2025-01-24,74.26,75.21,74.01,74.59,0
2025-01-27,74.59,75.15,72.38,73.08,0
2025-01-28,73.08,74.31,72.93,73.94,0
2025-01-29,73.94,74.08,72.33,73.01,0
2025-01-30,73.01,73.84,72.02,73.23,0
2025-01-31,73.23,73.84,71.94,73.8,0
2025-02-03,74.14,75.18,72.05,72.32,0
2025-02-04,72.32,73.35,70.67,72.72,0
2025-02-05,72.72,72.97,70.96,71.14,0
2025-02-06,71.14,71.85,70.43,70.51,0
2025-02-07,70.56,71.41,70.47,71.06,0
2025-02-10,71.06,72.54,70.84,72.46,0
2025-02-11,72.46,73.33,72.0,72.96,0
2025-02-12,72.96,73.0,71.03,71.06,0
2025-02-13,71.06,71.46,70.16,71.36,0
2025-02-14,71.36,71.88,70.5,70.55,0
2025-02-17,70.55,71.44,70.12,71.35,0
2025-02-18,70.69,72.04,70.12,71.77,0
2025-02-19,71.77,72.91,71.69,72.11,0
2025-02-20,72.11,73.14,71.73,72.58,0
2025-02-21,72.58,72.77,70.17,70.23,0
2025-02-24,70.23,70.94,69.8,70.9,0
2025-02-25,70.9,71.26,68.68,69.09,0
2025-02-26,69.09,69.28,68.36,68.82,0
2025-02-27,68.82,70.54,68.61,70.12,0
2025-02-28,70.12,70.29,69.14,69.94,0
2025-03-03,69.94,70.6,67.89,68.46,0
2025-03-04,68.46,68.56,66.77,68.02,0
2025-03-05,68.02,68.1,65.22,66.39,0
2025-03-06,66.39,67.09,65.59,66.27,0
2025-03-07,66.27,68.22,66.12,67.04,0
2025-03-10,67.04,67.24,65.45,65.59,0
2025-03-11,65.59,66.79,65.0,66.26,0
2025-03-12,66.26,67.53,65.83,67.38,0
2025-03-13,67.38,67.65,66.08,66.47,0
2025-03-14,66.47,67.19,66.33,66.92,0
2025-03-17,66.92,68.1,66.92,67.26,0
2025-03-18,67.26,68.5,66.44,66.55,0
2025-03-19,66.59,67.43,66.09,67.04,0
2025-03-20,67.04,68.41,66.63,68.36,0
2025-03-21,68.36,68.65,67.65,68.29,0
2025-03-24,68.29,69.33,67.95,69.16,0
2025-03-25,69.16,69.68,68.52,69.19,0
2025-03-26,69.19,70.22,69.06,69.93,0
2025-03-27,69.93,69.97,69.12,69.91,0
2025-03-28,69.91,70.09,68.87,69.03,0
2025-03-31,69.03,71.83,68.81,71.39,0
2025-04-01,71.39,72.1,71.03,71.14,0
2025-04-02,71.14,72.28,70.59,70.68,0
2025-04-03,70.68,70.68,65.98,66.63,0
2025-04-04,66.63,66.9,60.45,62.31,0
2025-04-07,62.31,63.9,58.95,60.95,0
2025-04-08,60.95,61.43,57.5,57.76,0
2025-04-09,57.76,62.38,54.67,62.13,0
2025-04-10,62.13,62.71,58.29,59.76,0
2025-04-11,59.76,61.2,59.0,60.9,0
2025-04-14,60.9,62.07,60.12,61.06,0
2025-04-15,61.06,61.57,60.38,60.96,0
2025-04-16,60.96,62.31,59.87,61.94,0
2025-04-17,61.94,64.18,61.94,63.73,0
2025-04-21,63.73,63.78,61.76,62.69,0
2025-04-22,62.69,64.36,62.69,63.52,0
2025-04-23,63.52,64.87,61.53,62.26,0
2025-04-24,62.26,63.31,61.99,62.77,0
2025-04-25,62.77,63.41,61.8,63.17,0
2025-04-28,63.17,63.92,61.48,61.88,0
2025-04-29,61.88,62.07,60.12,60.12,0
2025-04-30,60.12,60.43,57.91,58.21,0
2025-05-01,58.21,59.5,56.39,58.98,0
2025-05-02,58.98,59.87,57.74,58.4,0
2025-05-05,58.4,58.4,55.3,57.22,0
2025-05-06,57.22,59.84,57.03,58.99,0
2025-05-07,58.99,60.26,57.81,57.94,0
2025-05-08,57.94,59.87,57.37,59.84,0
2025-05-09,59.84,60.98,59.49,60.58,0
2025-05-12,60.58,63.13,60.56,61.54,0
2025-05-13,61.54,63.44,61.23,63.18,0
2025-05-14,63.18,63.23,62.31,62.42,0
2025-05-15,62.4,62.46,60.08,61.22,0
2025-05-16,61.22,62.18,60.78,61.92,0
2025-05-19,61.92,62.7,60.99,62.14,0
2025-05-20,62.14,62.63,61.48,62.24,0
2025-05-21,62.24,64.19,61.28,61.33,0
2025-05-22,61.33,61.75,60.25,60.8,0
2025-05-23,60.81,61.88,60.02,61.75,0
2025-05-26,61.75,62.14,61.24,61.52,0
2025-05-27,61.7,62.14,60.26,61.06,0
2025-05-28,61.06,62.54,60.85,61.86,0
2025-05-29,61.86,63.07,60.55,60.91,0
2025-05-30,60.91,61.72,59.74,60.78,0
2025-06-02,60.78,63.88,60.78,63.02,0
2025-06-03,63.02,63.89,62.4,63.33,0
2025-06-04,63.33,63.96,62.17,62.73,0
2025-06-05,62.73,63.98,62.5,63.25,0
2025-06-06,63.25,64.8,62.82,64.77,0
2025-06-09,64.77,65.43,64.2,65.37,0
2025-06-10,65.37,65.37,63.51,63.65,0
2025-06-11,63.67,67.11,63.54,67.0,0
2025-06-12,67.0,67.93,65.51,67.45,0
2025-06-13,67.45,74.63,67.11,71.51,0
2025-06-16,71.51,75.5,67.84,70.04,0
2025-06-17,70.04,73.9,69.56,73.74,0
2025-06-18,73.74,74.27,71.33,73.1,0
2025-06-19,73.1,75.74,72.63,73.83,0
2025-06-20,72.96,75.74,72.32,74.03,0
2025-06-23,74.03,78.4,66.6,67.21,0
2025-06-24,67.21,67.83,64.0,65.0,0
2025-06-25,65.0,66.03,64.51,64.92,0
2025-06-26,64.92,66.42,64.66,65.21,0
2025-06-27,65.21,66.09,64.8,65.07,0
2025-06-30,65.07,65.82,64.5,64.96,0
2025-07-01,64.96,65.98,64.67,65.52,0
2025-07-02,65.52,67.58,65.23,67.52,0
2025-07-03,67.52,67.58,66.53,67.16,0
2025-07-04,65.64,65.73,64.68,65.14,0
2025-07-07,65.14,66.84,64.1,66.46,0
2025-07-08,66.51,67.51,65.96,66.83,0
2025-07-09,66.83,67.55,66.37,66.91,0
2025-07-10,66.91,67.31,65.26,65.58,0
2025-07-11,65.58,67.37,65.3,67.34,0
2025-07-14,67.34,68.16,65.64,65.65,0
2025-07-15,65.65,66.06,65.18,65.55,0
2025-07-16,65.55,65.79,64.38,65.36,0
2025-07-17,65.36,66.36,65.02,66.3,0
2025-07-18,66.3,67.54,65.93,66.02,0
2025-07-21,66.02,66.44,65.21,65.77,0
2025-07-22,65.77,65.86,64.82,65.45,0
2025-07-23,65.49,65.78,64.71,65.43,0
2025-07-24,65.43,66.39,65.33,66.16,0
2025-07-25,66.16,66.74,65.0,65.07,0
2025-07-28,65.07,67.14,65.05,66.96,0
2025-07-29,66.96,69.76,66.53,69.27,0
2025-07-30,69.27,70.51,68.45,70.3,0
2025-07-31,70.3,70.41,68.56,69.36,0
2025-08-01,69.35,69.58,67.05,67.26,0
2025-08-04,67.26,67.74,65.46,66.22,0
2025-08-05,66.22,66.39,65.03,65.17,0
2025-08-06,65.17,66.75,63.64,64.26,0
2025-08-07,64.26,65.11,63.7,63.8,0
2025-08-08,63.8,64.58,62.77,63.34,0
2025-08-11,63.34,63.54,62.21,63.14,0
2025-08-12,63.14,63.48,62.35,62.38,0
2025-08-13,62.38,62.59,61.29,62.03,0
2025-08-14,62.03,63.17,61.85,63.02,0
2025-08-15,63.02,63.27,61.87,62.29,0
2025-08-18,62.29,63.01,61.45,62.58,0
2025-08-19,62.58,62.68,61.65,61.99,0
2025-08-20,61.99,63.01,61.83,62.84,0
2025-08-21,62.84,63.67,62.52,63.48,0
2025-08-22,63.48,63.93,63.31,63.77,0
2025-08-25,63.77,65.1,63.53,64.74,0
2025-08-26,64.74,64.76,63.13,63.29,0
2025-08-27,63.29,64.23,62.95,63.85,0
2025-08-28,63.85,64.7,63.35,64.31,0
2025-08-29,64.31,64.55,63.88,64.0,0
2025-09-01,64.0,64.88,63.66,64.61,0
2025-09-02,63.95,66.03,63.66,65.6,0
2025-09-03,65.6,65.72,63.72,63.76,0
2025-09-04,63.76,63.84,62.72,63.33,0
2025-09-05,63.33,63.33,60.79,61.28,0
2025-09-08,61.28,62.59,61.2,61.8,0
2025-09-09,61.8,62.98,61.73,62.18,0
2025-09-10,62.18,63.39,62.17,63.17,0
2025-09-11,63.17,63.21,61.71,61.73,0
2025-09-12,61.79,63.4,61.2,62.1,0
2025-09-15,62.1,63.11,62.04,62.74,0
2025-09-16,62.76,64.03,62.37,63.82,0
2025-09-17,63.89,63.97,62.98,63.26,0
2025-09-18,63.24,63.79,62.66,62.93,0
2025-09-19,62.88,62.98,61.8,61.94,0
2025-09-22,61.92,62.55,61.26,61.94,0
2025-09-23,61.94,63.41,61.46,63.17,0
2025-09-24,63.18,64.43,62.77,64.23,0
2025-09-25,64.21,64.7,63.54,64.58,0
2025-09-26,64.62,65.77,64.1,64.65,0
2025-09-29,64.65,64.86,62.59,62.73,0
2025-09-30,62.73,62.8,61.63,62.02,0
2025-10-01,62.03,62.47,61.03,61.41,0
2025-10-02,61.41,62.13,60.06,60.34,0
2025-10-03,60.34,61.02,60.22,60.35,0
2025-10-06,60.35,61.69,60.35,61.37,0
2025-10-07,61.37,61.68,60.4,61.59,0
2025-10-08,61.67,62.34,61.59,61.78,0
2025-10-09,61.78,62.31,60.75,61.04,0
2025-10-10,61.04,61.18,57.8,57.82,0
2025-10-13,57.82,59.69,57.82,59.14,0
2025-10-14,59.14,59.39,57.29,58.17,0
2025-10-15,58.15,58.93,57.78,58.29,0
2025-10-16,58.29,58.63,56.78,56.94,0
2025-10-17,56.94,57.32,56.15,57.23,0
2025-10-20,57.23,57.43,55.96,56.92,0
2025-10-21,56.92,58.08,56.35,57.57,0
2025-10-22,57.57,59.83,57.34,59.38,0
2025-10-23,59.38,62.2,59.38,61.75,0
2025-10-24,61.79,62.59,61.21,61.43,0
2025-10-27,61.43,62.17,60.67,61.54,0
2025-10-28,61.54,61.54,59.76,60.17,0
2025-10-29,60.18,61.02,59.7,60.35,0
2025-10-30,60.35,60.79,59.64,60.28,0
2025-10-31,60.28,61.38,59.99,60.87,0
2025-11-03,60.87,61.5,60.51,61.01,0
2025-11-04,61.01,61.03,59.94,60.42,0
2025-11-05,60.43,61.09,59.52,59.62,0
2025-11-06,59.62,60.51,58.83,59.52,0
2025-11-07,59.52,60.46,59.32,59.82,0
2025-11-10,59.82,60.31,59.3,59.93,0
2025-11-11,59.94,61.18,59.59,60.98,0
2025-11-12,60.96,61.01,58.3,58.47,0
2025-11-13,58.49,59.15,58.11,58.53,0
2025-11-14,58.53,60.47,58.53,59.8,0
2025-11-17,59.8,60.3,59.21,59.65,0
2025-11-18,59.71,60.85,59.26,60.57,0
2025-11-19,60.57,60.7,58.66,59.41,0
2025-11-20,59.41,60.1,58.59,58.76,0
2025-11-21,58.76,58.8,57.38,57.97,0
2025-11-24,57.97,59.06,57.42,58.88,0
2025-11-25,58.88,58.96,57.1,58.1,0
2025-11-26,58.1,58.72,57.66,58.55,0
2025-11-27,58.58,59.17,58.27,59.1,0
2025-11-28,58.58,59.64,58.27,58.48,0
2025-12-01,58.48,59.97,58.48,59.5,0
2025-12-02,59.5,59.67,58.28,58.58,0
2025-12-03,58.58,59.64,58.37,59.1,0
2025-12-04,59.1,60.02,58.81,59.7,0
2025-12-05,59.7,60.5,59.42,60.13,0
2025-12-08,60.15,60.3,58.68,58.84,0
2025-12-09,58.87,59.17,58.12,58.39,0
2025-12-10,58.39,58.83,57.52,58.76,0
2025-12-11,58.76,58.76,56.85,57.74,0
2025-12-12,57.74,58.01,56.97,57.34,0
2025-12-15,57.34,57.61,56.23,56.52,0
2025-12-16,56.52,56.54,54.89,55.07,0
2025-12-17,55.07,56.81,55.07,56.73,0
2025-12-18,56.73,56.85,55.73,55.9,0
2025-12-19,55.9,56.72,55.61,56.53,0
2025-12-22,56.53,58.13,56.53,57.95,0
2025-12-23,57.95,58.56,57.74,58.46,0
2025-12-24,58.47,58.75,58.13,58.39,0
2025-12-26,58.39,58.88,56.65,56.92,0
2025-12-29,56.92,58.3,56.91,57.81,0
2025-12-30,57.81,58.47,57.6,57.95,0
2025-12-31,57.95,58.55,57.2,57.4,0
2026-01-02,57.4,57.93,56.6,57.32,0
2026-01-05,57.32,58.51,56.31,58.34,0
2026-01-06,58.34,58.87,56.84,56.95,0
2026-01-07,56.84,57.01,55.65,56.29,0
2026-01-08,56.29,58.58,55.89,58.25,0
2026-01-09,58.25,59.57,57.48,58.61,0
2026-01-12,58.61,59.72,58.32,59.65,0
2026-01-13,59.65,61.23,59.29,60.86,0
2026-01-14,60.88,62.2,59.08,60.89,0
2026-01-15,60.89,61.01,58.76,59.15,0
2026-01-16,59.15,60.05,58.81,59.22,0
2026-01-19,59.22,59.56,58.53,59.42,0
2026-01-20,58.94,60.51,58.53,59.5,0
2026-01-21,59.5,60.89,59.22,60.67,0
2026-01-22,60.68,60.82,58.96,59.66,0
2026-01-23,59.66,61.36,59.52,61.29,0
2026-01-26,61.29,61.71,60.32,60.82,0
2026-01-27,60.82,62.63,60.14,62.56,0
2026-01-28,62.56,63.57,62.07,63.49,0
2026-01-29,63.49,66.48,63.28,65.49,0
2026-01-30,65.49,66.11,63.64,65.74,0
2026-02-02,65.74,65.74,61.39,62.32,0
2026-02-03,62.32,64.21,61.12,63.9,0
2026-02-04,63.9,65.53,62.86,64.46,0
2026-02-05,64.49,64.67,62.65,63.11,0
2026-02-06,63.11,64.58,62.2,63.49,0
2026-02-09,63.49,64.88,62.62,64.41,0
2026-02-10,64.41,64.71,63.65,64.19,0
2026-02-11,64.19,65.83,64.15,64.89,0
2026-02-12,64.89,64.93,62.23,62.73,0
2026-02-13,62.73,63.09,62.0,62.67,0
2026-02-16,62.67,63.69,62.35,63.55,0
2026-02-17,63.04,63.96,61.76,62.2,0
2026-02-18,62.2,65.43,62.04,64.93,0
2026-02-19,64.93,66.9,64.77,66.67,0
2026-02-20,66.67,67.03,65.81,66.32,0
2026-02-23,66.32,67.28,65.38,66.28,0
2026-02-24,66.28,67.15,65.55,66.08,0
2026-02-25,66.08,66.6,65.12,65.56,0
2026-02-26,65.56,66.71,63.6,65.45,0
2026-02-27,65.45,67.83,64.85,67.29,0
2026-03-02,67.29,75.33,67.29,70.99,0
2026-03-03,70.99,77.98,70.41,74.8,0
2026-03-04,74.8,77.23,73.28,76.09,0
2026-03-05,76.09,82.16,74.97,78.89,0
2026-03-06,78.89,92.61,78.24,91.3,0
2026-03-09,91.3,119.48,81.19,85.03,0
2026-03-10,83.0,88.49,75.64,84.82,0
2026-03-11,85.11,87.32,80.6,87.07,0
2026-03-12,87.07,95.68,87.07,95.1,0
2026-03-13,95.1,97.31,91.09,97.2,0
2026-03-16,97.2,99.95,91.82,93.19,0
2026-03-17,93.19,97.65,92.88,95.27,0
2026-03-18,95.27,99.78,91.45,99.0,0
2026-03-19,99.0,100.48,92.1,94.56,0
2026-03-20,94.56,98.75,92.47,98.01,0
2026-03-23,98.01,101.67,84.37,88.88,0
2026-03-24,88.88,93.36,86.34,88.37,0
2026-03-25,88.37,91.73,86.46,91.28,0
2026-03-26,91.28,95.44,89.51,93.76,0
2026-03-27,93.76,101.24,92.08,101.15,0
2026-03-30,101.15,105.36,99.43,104.98,0
2026-03-31,104.98,106.86,99.62,101.52,0
2026-04-01,101.52,103.31,96.5,98.85,0
2026-04-02,98.85,113.97,97.5,112.04,0
2026-04-06,112.04,115.48,108.89,112.56,0
2026-04-07,112.56,117.63,109.2,110.32,0
2026-04-08,110.32,110.32,91.05,96.5,0
2026-04-09,96.78,102.7,95.25,97.93,0
2026-04-10,97.93,100.42,95.51,95.62,0
2026-04-13,95.62,105.63,95.62,97.96,0
2026-04-14,97.99,98.0,91.06,92.02,0
2026-04-15,92.02,93.3,86.96,91.39,0
2026-04-16,91.39,95.44,90.52,93.18,0
2026-04-17,93.18,94.04,80.56,85.56,0
2026-04-20,85.56,91.2,85.56,87.61,0
2026-04-21,87.61,92.23,85.5,90.21,0
2026-04-22,90.21,93.73,87.64,92.86,0
2026-04-23,92.86,98.39,92.3,96.98,0
2026-04-24,96.62,97.85,92.68,94.86,0
2026-04-27,94.86,97.67,94.59,96.68,0
2026-04-28,96.68,101.85,96.24,99.62,0
2026-04-29,99.62,108.6,98.42,108.46,0
2026-04-30,109.07,110.93,103.34,105.39,0
2026-05-01,105.39,106.65,99.3,102.47,0
2026-05-04,99.73,107.46,99.11,105.11,0
2026-05-05,105.11,105.48,101.08,102.64,0
2026-05-06,102.64,102.7,88.66,96.21,0
2026-05-07,96.21,97.99,89.85,97.53,0
2026-05-08,97.53,98.64,93.82,94.68,0
2026-05-11,94.68,100.37,94.68,98.25,0
2026-05-12,98.25,102.72,98.0,102.04,0
2026-05-13,102.04,103.67,100.56,100.99,0
2026-05-14,100.99,102.35,99.39,102.0,0
2026-05-15,102.0,102.0,97.23,101.16,0
2026-05-18,101.16,105.21,98.6,102.48,0
2026-05-19,102.48,104.86,102.12,104.03,0
2026-05-20,104.12,104.45,96.94,99.05,0
2026-05-21,99.05,102.66,95.76,97.98,0
2026-05-22,97.98,99.43,94.73,97.01,0
2026-05-25,97.01,97.01,89.41,90.3,0
2026-05-26,93.88,94.7,89.41,93.57,0
2026-05-27,93.57,93.69,87.77,89.41,0
2026-05-28,89.41,92.52,87.11,88.53,0
2026-05-29,88.53,89.02,86.35,87.78,0
2026-06-01,87.78,94.78,87.78,92.46,0
2026-06-02,92.46,94.0,90.12,93.38,0
2026-06-03,93.45,97.0,93.45,96.18,0
2026-06-04,96.18,96.18,91.91,92.9,0
2026-06-05,92.9,93.63,89.68,90.25,0
2026-06-08,90.25,95.47,90.25,91.26,0
2026-06-09,91.26,91.55,85.95,88.68,0
2026-06-10,88.68,91.87,87.39,91.85,0
2026-06-11,91.85,93.64,85.74,86.42,0
2026-06-12,86.42,87.23,83.2,84.26,0
2026-06-15,84.26,84.26,79.7,81.15,0
2026-06-16,81.15,81.15,74.74,75.83,0
2026-06-17,75.83,79.18,74.09,74.99,0
2026-06-18,74.88,76.06,72.83,75.52,0
2026-06-19,75.52,76.78,74.98,76.53,0
2026-06-22,76.53,78.14,73.24,74.04,0
2026-06-23,74.04,74.45,72.48,73.03,0
2026-06-24,73.03,73.18,69.63,69.87,0
2026-06-25,69.87,72.5,68.9,71.45,0
2026-06-26,71.44,71.86,68.56,70.24,0
2026-06-29,70.24,71.15,69.32,70.42,0
2026-06-30,70.43,71.6,69.22,70.04,0
2026-07-01,70.04,70.19,67.92,68.08,0
2026-07-02,68.03,68.8,67.04,68.45,0
2026-07-03,68.45,69.26,68.08,68.76,0
2026-07-06,68.76,69.26,67.82,68.59,0
2026-07-07,68.59,72.51,68.58,72.19,0
2026-07-08,72.19,76.08,71.75,74.76,0
2026-07-09,74.76,75.13,71.42,71.81,0
2026-07-10,71.86,73.16,70.77,71.5,0
2026-07-13,71.5,78.58,71.5,77.99,0
2026-07-14,78.04,81.27,77.84,79.81,0
2026-07-15,78.96,80.13,77.77,79.7,0
2026-07-16,79.7,80.29,78.0,78.88,0
2026-07-17,78.88,82.07,77.93,81.77,0
