date,open,high,low,close,volume
2015-01-05,7013.95,7355.76,6924.97,7133.68,19747973.0
2015-01-06,7005.94,7042.13,6685.42,6823.31,12395913.0
2015-01-07,6741.59,6901.88,6714.68,6802.2,8813289.0
2015-01-08,6817.72,6819.24,6494.96,6561.34,9525389.0
2015-01-09,6532.1,6838.79,6456.76,6476.29,12002654.0
2015-01-12,6411.38,6417.18,6206.91,6345.53,8420162.0
2015-01-13,6311.0,6457.69,6292.06,6319.78,6067578.0
2015-01-14,6327.26,6428.89,6273.89,6365.18,5423525.0
2015-01-15,6367.5,6697.81,6367.5,6696.52,8848086.0
2015-01-16,6682.6,6707.51,6527.18,6656.62,8424181.0
2015-01-19,6179.89,6421.61,6044.62,6063.56,11136632.0
2015-01-20,6103.08,6297.55,6060.77,6227.69,10920649.0
2015-01-21,6219.23,6621.86,6146.09,6576.22,13323789.0
2015-01-22,6564.51,6799.32,6542.74,6711.67,10977393.0
2015-01-23,6713.55,6892.32,6597.25,6804.75,12702506.0
2015-01-26,6823.71,6823.71,6669.36,6758.53,7470574.0
2015-01-27,6754.75,6767.31,6362.3,6516.24,9438225.0
2015-01-28,6457.14,6486.94,6335.86,6369.35,6105897.0
2015-01-29,6261.59,6412.18,6241.4,6343.21,5203253.0
2015-01-30,6384.53,6552.24,6261.46,6391.89,7399207.0
2015-02-02,6231.38,6477.39,6167.33,6279.38,6970184.0
2015-02-03,6329.0,6362.51,6092.9,6318.26,8777924.0
2015-02-04,6319.92,6401.38,6240.39,6256.5,5557816.0
2015-02-05,6520.58,6521.23,6208.31,6210.77,10431444.0
2015-02-06,6141.91,6151.63,5901.14,5958.98,8478816.0
2015-02-09,5877.94,5999.7,5807.76,5930.21,5328313.0
2015-02-10,5916.79,6070.76,5898.4,6061.04,4776076.0
2015-02-11,6105.93,6160.44,6050.07,6082.38,3897140.0
2015-02-12,6072.67,6105.42,5991.08,6076.6,3746807.0
2015-02-13,6106.67,6343.86,6056.3,6232.06,7329814.0
2015-02-16,6193.98,6202.13,6113.94,6178.37,5157546.0
2015-02-17,6203.44,6284.57,6192.64,6270.96,4417362.0
2015-02-25,6263.71,6263.71,6089.0,6103.22,4571548.0
2015-02-26,6102.59,6318.78,6094.69,6317.66,6275543.0
2015-02-27,6288.69,6366.64,6246.23,6283.17,4694889.0
2015-03-02,6426.06,6455.05,6240.77,6303.36,10639801.0
2015-03-03,6239.17,6239.17,6007.14,6026.19,9615621.0
2015-03-04,6023.83,6106.43,5967.72,6023.78,6242151.0
2015-03-05,5977.19,5983.29,5832.42,5888.45,6694341.0
2015-03-06,5892.32,5960.51,5859.25,5876.42,4383314.0
2015-03-09,5823.79,6029.49,5700.12,5999.03,7650337.0
2015-03-10,5947.13,5952.62,5893.21,5905.29,4549094.0
2015-03-11,5912.77,5990.39,5863.87,5891.62,4635164.0
2015-03-12,5948.87,6048.42,5891.49,6029.31,6952730.0
2015-03-13,6041.62,6084.51,5983.96,6020.83,5491574.0
2015-03-16,6077.42,6178.76,6042.76,6178.52,8282759.0
2015-03-17,6229.08,6284.46,6193.25,6262.14,9919469.0
2015-03-18,6276.35,6510.29,6276.35,6506.5,11678371.0
2015-03-19,6492.64,6492.64,6361.84,6415.48,8806478.0
2015-03-20,6454.46,6677.75,6397.02,6594.71,14654557.0
2015-03-23,6689.29,6851.46,6671.83,6719.75,13801125.0
2015-03-24,6735.73,6735.75,6469.2,6596.79,11978662.0
2015-03-25,6581.72,6593.65,6434.73,6485.87,9519097.0
2015-03-26,6467.85,6600.98,6406.86,6556.65,8893777.0
2015-03-27,6699.94,6814.83,6592.0,6812.58,14466635.0
2015-03-30,6870.2,7360.97,6788.92,7308.58,22475541.0
2015-03-31,7589.96,7669.2,7082.91,7137.72,25710575.0
2015-04-01,7125.56,7159.82,7011.38,7121.66,13720364.0
2015-04-02,7134.67,7198.6,6974.99,7065.25,12564784.0
2015-04-03,6997.65,7077.44,6946.35,7071.06,10205063.0
2015-04-07,7105.79,7187.17,7034.8,7186.41,13201768.0
2015-04-08,7190.4,7239.78,7012.55,7234.79,16514909.0
2015-04-09,7221.72,7668.12,7095.73,7636.64,23777536.0
2015-04-10,7480.11,7594.97,7406.18,7523.72,16117155.0
2015-04-13,7557.4,7689.17,7479.6,7611.74,14795833.0
2015-04-14,7592.44,7638.7,7452.35,7504.64,11504787.0
2015-04-15,7481.72,7494.73,7284.38,7354.13,10457176.0
2015-04-16,7311.24,7600.36,7278.75,7600.36,12159673.0
2015-04-17,7670.97,7814.33,7551.04,7730.45,17566232.0
2015-04-20,7788.49,7927.31,7505.59,7528.21,18106980.0
2015-04-21,7485.0,7667.31,7447.88,7660.79,11088994.0
2015-04-22,7666.34,7825.28,7643.18,7813.47,13601781.0
2015-04-23,7880.08,7903.46,7689.6,7807.74,14266093.0
2015-04-24,7671.74,7748.44,7541.79,7656.51,11374257.0
2015-04-27,7700.15,7816.55,7631.3,7813.09,14154421.0
2015-04-28,7786.39,7795.64,7628.53,7698.66,13262378.0
2015-04-29,7618.29,7850.15,7576.25,7793.29,11156113.0
2015-04-30,7819.34,8176.33,7795.46,8030.73,17355303.0
2015-05-04,8046.07,8144.69,7946.49,7988.17,13573497.0
2015-05-05,7988.96,7988.96,7487.5,7569.33,11984170.0
2015-05-06,7614.36,7703.17,7407.54,7478.25,9863711.0
2015-05-07,7452.67,7601.02,7412.98,7544.54,8155557.0
2015-05-08,7591.37,7643.31,7434.16,7625.12,8467265.0
2015-05-11,7746.61,7798.42,7629.47,7782.0,14770372.0
2015-05-12,7746.99,7769.73,7673.42,7766.67,11996649.0
2015-05-13,7776.95,8074.55,7629.59,8006.89,16824753.0
2015-05-14,7989.63,8132.31,7804.43,7871.57,14864628.0
2015-05-15,7867.34,7868.46,7604.99,7658.63,10843011.0
2015-05-18,7597.11,7597.11,7474.1,7513.28,8381304.0
2015-05-19,7505.23,7751.96,7498.13,7686.01,8352733.0
2015-05-20,7713.95,7789.54,7639.1,7659.17,9484366.0
2015-05-21,7687.56,7780.88,7597.79,7724.1,9433797.0
2015-05-22,7751.91,7897.1,7705.29,7879.85,12401616.0
2015-05-25,7880.52,8114.88,7857.15,8097.11,14219670.0
2015-05-26,8150.21,8354.83,7995.29,8316.63,17691409.0
2015-05-27,8296.59,8309.7,8140.77,8184.1,12785187.0
2015-05-28,8208.62,8278.08,7602.4,7611.11,15042160.0
2015-05-29,7610.4,7710.04,7297.15,7571.85,10221602.0
2015-06-01,7581.69,7865.34,7541.89,7862.87,10181722.0
2015-06-02,7902.54,7974.16,7826.07,7959.84,10047336.0
2015-06-03,7980.72,8113.74,7862.77,8087.6,13234641.0
2015-06-04,8099.27,8150.23,7617.66,8074.4,13021260.0
2015-06-05,8166.32,8367.15,8087.34,8339.8,18382088.0
2015-06-08,8356.74,8592.65,8268.28,8551.98,19065121.0
2015-06-09,8561.87,8578.76,8327.41,8389.69,13121578.0
2015-06-10,8320.87,8562.06,8261.33,8437.0,11616759.0
2015-06-11,8410.78,8447.66,8295.48,8380.53,9817939.0
2015-06-12,8426.88,8512.33,8411.13,8440.21,12640934.0
2015-06-15,8456.45,8510.47,8271.03,8371.65,15273718.0
2015-06-16,8311.06,8433.6,8123.33,8192.55,12909980.0
2015-06-17,8204.54,8243.13,7871.1,8185.41,10440885.0
2015-06-18,8173.77,8353.32,8022.93,8022.93,11900032.0
2015-06-19,7875.53,7982.84,7520.6,7528.51,9244791.0
2015-06-23,7543.54,7726.29,7184.94,7715.55,9795721.0
2015-06-24,7747.78,7846.27,7581.32,7838.94,9632024.0
2015-06-25,7833.57,8057.78,7639.87,7705.23,11684352.0
2015-06-26,7505.99,7629.2,7032.62,7140.28,10992798.0
2015-06-29,7414.26,7511.05,6691.95,7117.89,16570028.0
2015-06-30,7125.32,7581.96,6872.82,7581.46,15422854.0
2015-07-01,7503.1,7695.93,7231.29,7280.46,12017643.0
2015-07-02,7343.44,7391.14,6777.1,7047.08,12525306.0
2015-07-03,6934.41,7111.65,6520.06,6681.74,14553067.0
2015-07-06,7249.69,7249.69,6615.71,6983.93,20618453.0
2015-07-07,6807.43,7003.38,6604.65,6848.7,19473474.0
2015-07-08,6387.58,6592.71,6308.32,6361.71,17611881.0
2015-07-09,6364.51,6856.45,6213.15,6849.66,14153377.0
2015-07-10,6854.89,7342.55,6845.48,7184.16,19572093.0
2015-07-13,7183.88,7482.93,7070.95,7368.17,15891190.0
2015-07-14,7263.06,7421.72,7140.9,7208.94,11459983.0
2015-07-15,7200.11,7378.36,6927.48,7048.98,13323444.0
2015-07-16,7048.82,7225.79,6892.36,7062.72,8519016.0
2015-07-17,7117.75,7381.37,7089.2,7314.89,9791031.0
2015-07-20,7320.46,7404.82,7175.36,7357.15,10394922.0
2015-07-21,7189.91,7252.56,7109.4,7153.14,7541033.0
2015-07-22,7137.72,7182.22,7003.16,7162.28,8852673.0
2015-07-23,7135.05,7360.45,7111.72,7341.83,10942069.0
2015-07-24,7343.69,7599.0,7313.96,7372.82,15270274.0
2015-07-27,7277.37,7482.15,6771.81,6790.57,12436710.0
2015-07-28,6632.14,7012.81,6534.4,6935.67,11892091.0
2015-07-29,6977.86,7081.12,6841.12,7080.62,7287390.0
2015-07-30,7055.79,7110.48,6798.39,6811.36,6748793.0
2015-07-31,6731.78,6926.48,6698.67,6904.76,6272221.0
2015-08-03,6858.94,7141.7,6825.34,7141.7,8503746.0
2015-08-04,7126.27,7279.13,7019.15,7249.27,6938497.0
2015-08-05,7201.88,7221.44,7028.54,7039.15,5257206.0
2015-08-06,6897.12,7028.7,6860.67,6904.18,3630314.0
2015-08-07,6961.24,7080.61,6957.46,7060.22,4429941.0
2015-08-10,7107.91,7346.05,7067.29,7323.42,8172162.0
2015-08-11,7285.18,7513.47,7249.67,7398.81,8994865.0
2015-08-12,7268.44,7336.09,7184.54,7199.82,6160244.0
2015-08-13,7181.86,7304.2,7101.12,7302.5,6220237.0
2015-08-14,7336.45,7494.37,7321.41,7390.97,7901644.0
2015-08-17,7359.76,7436.69,7288.31,7436.46,7750214.0
2015-08-18,7417.91,7437.59,6930.21,6956.04,8485194.0
2015-08-19,6840.17,7111.76,6731.91,7085.97,6654761.0
2015-08-20,6988.13,7044.92,6861.38,6876.59,5055138.0
2015-08-21,6798.02,6868.15,6578.59,6589.24,5373303.0
2015-08-24,6377.56,6413.69,6052.03,6104.11,9750155.0
2015-08-25,5771.42,6040.2,5734.13,5864.68,10845520.0
2015-08-26,5969.22,6192.66,5842.14,5967.45,9492688.0
2015-08-27,6093.32,6140.7,5847.89,6132.43,7081046.0
2015-08-28,6238.48,6400.53,6171.95,6378.63,7093183.0
2015-08-31,6340.18,6456.7,6176.54,6453.42,6794625.0
2015-09-01,6390.65,6604.55,6172.46,6592.71,9254982.0
2015-09-02,6325.55,6634.31,6296.87,6590.38,9738574.0
2015-09-07,6524.78,6699.09,6262.78,6292.58,7547586.0
2015-09-08,6251.3,6421.61,6138.79,6412.16,4248995.0
2015-09-09,6433.45,6571.33,6401.06,6507.01,5688242.0
2015-09-10,6418.13,6515.33,6397.22,6449.32,3827712.0
2015-09-11,6441.5,6493.45,6398.73,6489.25,3587717.0
2015-09-14,6484.82,6507.35,6188.21,6345.41,5585199.0
2015-09-15,6256.09,6309.81,6129.44,6156.84,3467473.0
2015-09-16,6170.02,6509.57,6143.74,6427.61,3556576.0
2015-09-17,6385.28,6458.71,6281.81,6282.2,3376515.0
2015-09-18,6305.93,6335.4,6256.3,6292.56,1839177.0
2015-09-21,6253.5,6390.53,6243.78,6389.32,2520091.0
2015-09-22,6398.79,6483.25,6373.03,6441.53,2735973.0
2015-09-23,6388.28,6443.58,6337.67,6345.6,2813677.0
2015-09-24,6299.86,6326.04,6243.44,6294.86,2257729.0
2015-09-25,6242.2,6319.45,6164.17,6204.0,5720895.0
2015-09-28,6204.72,6225.26,6104.51,6158.33,2771613.0
2015-09-29,6098.69,6113.68,6001.91,6025.16,2643312.0
2015-09-30,6053.66,6137.36,6023.57,6101.76,2626825.0
2015-10-08,6322.35,6351.91,6262.62,6303.81,4536628.0
2015-10-09,6312.57,6374.6,6288.45,6356.17,2645820.0
2015-10-12,6384.26,6618.87,6381.03,6501.39,6383454.0
2015-10-13,6466.08,6521.59,6441.36,6496.52,3986161.0
2015-10-14,6440.16,6490.21,6361.68,6380.87,3622934.0
2015-10-15,6375.54,6530.11,6375.23,6529.77,3877452.0
2015-10-16,6547.3,6689.99,6531.85,6672.95,5700952.0
2015-10-19,6698.28,6705.51,6543.85,6622.01,4821412.0
2015-10-20,6589.81,6669.76,6565.75,6661.85,3644113.0
2015-10-21,6658.02,6751.42,6409.38,6463.31,6559659.0
2015-10-22,6443.58,6562.78,6436.95,6556.64,3849863.0
2015-10-23,6563.43,6802.23,6554.35,6769.9,6051161.0
2015-10-26,6868.36,6883.78,6707.72,6754.78,6091671.0
2015-10-27,6705.15,6725.39,6534.44,6704.14,3388887.0
2015-10-28,6684.3,6753.49,6597.6,6604.44,3190328.0
2015-10-29,6633.47,6670.11,6584.83,6615.09,2094728.0
2015-10-30,6647.55,6704.19,6590.8,6653.82,2971388.0
2015-11-02,6595.75,6708.68,6565.75,6597.29,3070728.0
2015-11-03,6605.22,6653.9,6574.51,6605.44,2314553.0
2015-11-04,6614.62,6865.73,6614.62,6865.13,5000678.0
2015-11-05,6842.53,7114.08,6830.85,6932.75,8450927.0
2015-11-06,6931.56,7031.4,6913.51,7008.16,5656507.0
2015-11-09,7013.78,7223.57,7011.78,7138.65,7469242.0
2015-11-10,7092.39,7116.42,7011.5,7036.73,4969787.0
2015-11-11,7049.73,7093.56,7017.16,7064.12,4361018.0
2015-11-12,7111.79,7115.47,7006.86,7063.06,4468579.0
2015-11-13,6998.54,7037.23,6916.81,6935.56,4052414.0
2015-11-16,6865.84,7002.63,6851.37,7002.34,2917308.0
2015-11-17,7038.96,7161.48,6996.34,7022.58,4907619.0
2015-11-18,7032.98,7504.11,7012.45,7266.37,10339304.0
2015-11-19,7246.56,7252.98,7099.5,7252.12,5751959.0
2015-11-20,7248.28,7362.39,7238.27,7305.33,5559798.0
2015-11-23,7337.36,7375.35,7229.86,7250.74,4355740.0
2015-11-24,7251.15,7256.09,7132.4,7255.53,4247076.0
2015-11-25,7220.7,7337.71,7218.86,7268.87,3676497.0
2015-11-26,7293.69,7338.59,7222.61,7243.08,3726925.0
2015-11-27,7203.67,7210.17,6911.65,6943.85,4801950.0
2015-11-30,6968.54,7210.96,6968.54,7191.27,6016697.0
2015-12-01,7173.74,7744.12,7135.5,7681.95,13101296.0
2015-12-02,7669.56,8186.06,7577.68,8156.82,18745279.0
2015-12-03,8235.25,8421.99,8080.38,8380.15,15271868.0
2015-12-04,8290.31,8494.15,8215.1,8285.13,13048037.0
2015-12-07,8263.3,8310.85,7995.84,8099.52,10124288.0
2015-12-08,8050.25,8090.89,7893.69,7989.24,6830673.0
2015-12-09,8032.15,8443.44,8027.52,8418.5,10897534.0
2015-12-10,8384.12,8743.08,8263.48,8306.02,8887479.0
2015-12-11,8206.87,8403.81,8129.31,8334.77,6172710.0
2015-12-14,8247.04,8495.8,8210.48,8450.61,7034083.0
2015-12-15,8441.12,8835.44,8441.12,8711.47,7893782.0
2015-12-16,8640.57,8697.3,8487.27,8514.55,5594938.0
2015-12-17,8582.67,9102.1,8579.59,9074.28,10677259.0
2015-12-18,9168.15,9545.11,9057.03,9321.69,12295636.0
2015-12-21,9315.37,9581.94,9315.37,9522.38,9517360.0
2015-12-22,9593.85,9613.21,9471.93,9609.2,9059634.0
2015-12-23,9593.17,9764.75,9578.81,9693.08,10072399.0
2015-12-24,9661.51,9672.25,9438.1,9519.08,7177834.0
2015-12-25,9525.71,9609.7,9474.51,9531.39,9383780.0
2015-12-28,9534.36,9544.2,9249.26,9258.97,8112713.0
2015-12-29,9225.24,9291.12,9150.93,9288.89,5911227.0
2015-12-30,9225.69,9227.19,9064.93,9183.54,9598316.0
2015-12-31,9126.18,9184.91,9010.97,9014.12,7064769.0
2016-01-04,8978.5,8989.84,8559.61,8565.05,6075744.0
2016-01-05,8410.52,8668.75,8361.33,8590.11,7851606.0
2016-01-06,8590.37,8671.65,8533.78,8670.29,5934680.0
2016-01-07,8517.79,8517.79,8150.31,8165.75,2079489.0
2016-01-08,8250.29,8344.92,7979.69,8231.43,8845336.0
2016-01-11,8113.99,8153.16,7916.34,7954.52,7810571.0
2016-01-12,7951.25,8152.79,7907.45,8069.81,7310203.0
2016-01-13,8095.14,8156.27,7939.84,7940.79,5608388.0
2016-01-14,7759.87,8124.37,7736.02,8112.31,7338259.0
2016-01-15,8049.13,8124.93,7888.24,7931.06,6499523.0
2016-01-18,7833.79,8049.4,7826.09,7958.19,4103675.0
2016-01-19,7989.58,8207.29,7969.77,8178.54,6067855.0
2016-01-20,8142.31,8182.1,7999.38,8033.33,6734570.0
2016-01-21,7956.26,8069.4,7857.47,7871.52,5198793.0
2016-01-22,7905.86,7952.65,7811.06,7911.36,4164690.0
2016-01-25,7933.28,7975.77,7894.27,7940.56,3728733.0
2016-01-26,7891.64,7936.66,7605.96,7637.26,5395733.0
2016-01-27,7633.32,7657.3,7457.36,7640.53,5594712.0
2016-01-28,7596.54,7668.55,7505.9,7516.79,4335033.0
2016-01-29,7519.29,7722.2,7519.29,7696.62,4063685.0
2016-02-01,7696.14,7720.75,7579.48,7645.26,4341158.0
2016-02-02,7644.03,7853.16,7633.0,7814.52,5281415.0
2016-02-03,7822.39,7910.97,7795.6,7856.69,5606861.0
2016-02-04,7849.17,7903.69,7828.03,7855.64,4414166.0
2016-02-05,7867.79,7872.99,7750.35,7752.56,2994464.0
2016-02-15,7603.56,7728.71,7596.12,7697.41,2933753.0
2016-02-16,7713.59,7837.2,7711.51,7835.76,3710896.0
2016-02-17,7835.41,7874.23,7798.6,7873.99,4394094.0
2016-02-18,7908.62,7967.9,7863.8,7867.98,4660997.0
2016-02-19,7860.05,7885.71,7811.01,7850.53,3446552.0
2016-02-22,7937.51,7980.88,7934.79,7966.86,5556003.0
2016-02-23,7961.04,7970.47,7873.55,7931.68,3726839.0
2016-02-24,7913.6,7954.26,7851.8,7937.41,3240426.0
2016-02-25,7927.51,7927.51,7538.97,7589.7,4927479.0
2016-02-26,7610.63,7649.55,7549.96,7628.98,3242075.0
2016-02-29,7675.24,7739.8,7502.57,7608.55,5660867.0
2016-03-01,7651.58,7869.41,7614.11,7759.5,6665433.0
2016-03-02,7736.27,8119.49,7728.3,8116.9,10821266.0
2016-03-03,8227.33,8268.84,8064.19,8075.71,15640107.0
2016-03-04,8019.15,8199.66,7988.51,8063.34,10905137.0
2016-03-07,8114.09,8148.67,8007.78,8054.77,5627966.0
2016-03-08,8055.69,8056.16,7801.96,7968.15,5843310.0
2016-03-09,7862.56,7880.01,7802.27,7869.05,3928773.0
2016-03-10,7856.08,7883.46,7730.82,7731.6,3650024.0
2016-03-11,7691.31,7710.8,7621.72,7686.33,3019331.0
2016-03-14,7725.73,7840.56,7725.73,7782.81,4460486.0
2016-03-15,7778.7,7795.46,7675.12,7767.81,4662388.0
2016-03-16,7749.25,7772.79,7725.67,7742.58,4531292.0
2016-03-17,7750.9,7828.98,7702.0,7809.18,4417180.0
2016-03-18,7811.15,7959.52,7811.15,7919.96,6866318.0
2016-03-21,7971.97,8042.22,7941.85,8015.85,7138306.0
2016-03-22,7978.6,7984.77,7924.04,7931.19,5026071.0
2016-03-23,7913.11,7956.98,7866.25,7919.83,3837294.0
2016-03-24,7878.49,7931.99,7837.63,7856.94,4727542.0
2016-03-25,7854.25,7908.92,7838.08,7881.05,3502302.0
2016-03-28,7885.17,7915.29,7795.45,7806.99,4806457.0
2016-03-29,7803.6,7812.61,7709.45,7728.5,3768121.0
2016-03-30,7758.6,7860.67,7758.6,7851.85,4040875.0
2016-03-31,7865.93,7873.0,7807.47,7815.47,4022915.0
2016-04-01,7808.5,7834.01,7733.89,7831.66,3297040.0
2016-04-05,7833.31,7944.51,7832.62,7934.53,4777630.0
2016-04-06,7918.79,7929.48,7875.94,7910.81,3543521.0
2016-04-07,7933.64,7937.97,7829.05,7830.44,3523079.0
2016-04-08,7804.39,7818.87,7756.14,7795.83,3082087.0
2016-04-11,7831.2,7886.98,7831.2,7858.27,3480068.0
2016-04-12,7856.21,7857.56,7784.35,7807.5,2590154.0
2016-04-13,7831.63,7918.09,7831.63,7862.36,5496830.0
2016-04-14,7891.53,7905.62,7856.69,7897.67,3234352.0
2016-04-15,7904.53,7919.82,7871.76,7900.77,3829141.0
2016-04-18,7878.49,7878.49,7804.63,7807.88,3294654.0
2016-04-19,7831.63,7847.27,7794.02,7840.28,2976056.0
2016-04-20,7845.62,7852.5,7606.92,7714.77,5653128.0
2016-04-21,7693.15,7718.49,7645.51,7649.6,2568594.0
2016-04-22,7625.76,7715.14,7614.0,7705.44,2540515.0
2016-04-25,7686.05,7686.05,7626.55,7650.52,2033547.0
2016-04-26,7653.24,7700.36,7653.24,7699.44,1581710.0
2016-04-27,7709.51,7740.95,7695.35,7705.03,1976551.0
2016-04-28,7708.2,7714.74,7642.66,7688.53,2060437.0
2016-04-29,7682.19,7714.86,7670.47,7676.83,2042378.0
2016-05-03,7686.89,7754.37,7669.27,7744.35,3058947.0
2016-05-04,7738.58,7765.16,7727.27,7742.45,2795971.0
2016-05-05,7741.61,7804.62,7734.15,7794.31,3332403.0
2016-05-06,7799.76,7810.54,7689.88,7690.44,3959932.0
2016-05-09,7664.04,7664.04,7565.03,7583.61,3749201.0
2016-05-10,7575.87,7611.0,7570.04,7588.85,2667781.0
2016-05-11,7611.05,7633.76,7585.59,7614.16,3208498.0
2016-05-12,7585.61,7609.95,7528.55,7602.78,2902715.0
2016-05-13,7591.12,7630.93,7562.99,7580.91,2123704.0
2016-05-16,7573.7,7592.09,7521.46,7592.0,1976839.0
2016-05-17,7549.56,7549.56,7497.6,7514.21,1736021.0
2016-05-18,7529.53,7581.59,7485.98,7555.65,3347792.0
2016-05-19,7554.72,7576.48,7518.32,7521.65,2167291.0
2016-05-20,7495.15,7560.33,7478.16,7549.98,1827559.0
2016-05-23,7548.25,7599.92,7548.25,7580.92,1915342.0
2016-05-24,7574.0,7574.0,7514.19,7533.9,1571827.0
2016-05-25,7555.56,7561.23,7496.19,7509.94,2024167.0
2016-05-26,7514.23,7526.54,7430.43,7492.09,1986461.0
2016-05-27,7488.17,7508.8,7468.95,7482.09,1622251.0
2016-05-30,7471.51,7473.23,7432.73,7459.78,1475010.0
2016-05-31,7462.58,7604.9,7462.58,7601.08,3726461.0
2016-06-01,7600.45,7612.81,7575.26,7583.24,2672365.0
2016-06-02,7581.79,7613.94,7579.12,7601.83,2116291.0
2016-06-03,7606.85,7626.31,7582.97,7614.41,2266993.0
2016-06-06,7631.18,7653.4,7621.46,7641.3,2831256.0
2016-06-07,7641.85,7649.9,7613.76,7621.41,1787073.0
2016-06-08,7620.85,7665.08,7604.71,7652.5,2385131.0
2016-06-13,7614.59,7620.28,7495.92,7499.69,2948180.0
2016-06-14,7490.21,7510.25,7456.48,7502.29,1891044.0
2016-06-15,7452.77,7583.28,7447.81,7570.18,2668705.0
2016-06-16,7552.86,7558.45,7515.49,7530.98,2412540.0
2016-06-17,7537.91,7579.73,7532.22,7548.89,2774164.0
2016-06-20,7574.3,7586.86,7539.51,7580.29,2619223.0
2016-06-21,7599.36,7611.3,7557.71,7570.15,3203195.0
2016-06-22,7559.58,7591.26,7548.32,7589.87,1764821.0
2016-06-23,7584.5,7584.95,7540.57,7552.22,1755570.0
2016-06-24,7540.19,7578.88,7418.58,7473.21,2995481.0
2016-06-27,7457.85,7545.54,7457.71,7543.6,2889129.0
2016-06-28,7522.51,7553.9,7504.27,7549.4,2163842.0
2016-06-29,7560.18,7574.15,7548.58,7558.25,2711633.0
2016-06-30,7558.34,7580.16,7556.0,7571.17,2273055.0
2016-07-01,7573.42,7588.05,7562.76,7563.12,2032552.0
2016-07-04,7237.04,7361.43,7229.06,7351.61,4086731.0
2016-07-05,7075.51,7122.33,7072.55,7119.38,5728714.0
2016-07-06,7049.75,7296.36,7024.49,7125.61,14537489.0
2016-07-07,7027.99,7045.4,6968.89,6992.83,6754629.0
2016-07-08,6958.72,6997.5,6888.84,6963.29,5053241.0
2016-07-11,6931.44,6964.36,6879.44,6884.23,4577654.0
2016-07-12,6883.28,6957.42,6776.46,6946.14,6740525.0
2016-07-13,6936.01,7017.32,6929.59,6995.86,6500531.0
2016-07-14,6990.56,7038.96,6949.57,6967.11,5571638.0
2016-07-15,6974.43,7043.02,6974.43,7009.96,4788468.0
2016-07-18,6997.71,7010.77,6935.65,6938.99,4836220.0
2016-07-19,6932.34,6938.0,6814.15,6846.29,4258943.0
2016-07-20,6817.39,6906.32,6785.77,6821.03,4495285.0
2016-07-21,6806.19,6879.87,6795.91,6833.61,3889555.0
2016-07-22,6854.22,6918.39,6817.79,6830.92,5065760.0
2016-07-25,6817.0,6905.97,6780.24,6893.38,5036072.0
2016-07-26,6886.14,6952.87,6878.73,6952.87,4355212.0
2016-07-27,6937.98,6955.51,6649.83,6800.18,6407251.0
2016-07-28,6781.42,6883.94,6736.46,6881.21,4852002.0
2016-07-29,6757.24,6792.32,6724.99,6745.29,4352340.0
2016-08-01,6709.81,6725.43,6637.81,6674.16,3691923.0
2016-08-02,6669.72,6792.78,6669.34,6783.74,3723737.0
2016-08-03,6767.5,6877.58,6756.17,6860.92,3997817.0
2016-08-04,6836.22,7148.0,6783.58,7143.93,7536708.0
2016-08-05,7258.01,7490.66,7186.04,7330.99,9274512.0
2016-08-08,7289.67,7691.0,7257.65,7509.65,9330823.0
2016-08-09,7550.0,7566.7,7403.45,7515.05,6142208.0
2016-08-10,7471.43,7494.05,7343.4,7362.45,5134229.0
2016-08-11,7348.88,7372.36,7252.39,7258.26,4313577.0
2016-08-12,7267.06,7818.47,7242.33,7789.99,13258024.0
2016-08-15,7935.55,8382.55,7935.55,8359.55,20061420.0
2016-08-16,8603.53,8750.93,8436.27,8629.4,19978626.0
2016-08-17,8475.42,8555.88,8240.25,8311.45,12494797.0
2016-08-18,8252.85,8848.43,8245.45,8425.79,21241849.0
2016-08-19,8334.39,8347.54,8229.09,8250.86,12465127.0
2016-08-22,8294.22,8455.5,8203.3,8233.73,9846660.0
2016-08-23,8173.34,8299.91,8076.16,8182.3,9615564.0
2016-08-24,8150.41,8199.45,8012.28,8055.25,7046831.0
2016-08-25,7942.86,7953.22,7772.72,7888.5,9049393.0
2016-08-26,7910.27,7911.76,7796.73,7799.25,5565283.0
2016-08-29,7798.47,7865.29,7798.47,7847.54,4415857.0
2016-08-30,7850.87,7874.53,7795.32,7801.3,4142962.0
2016-08-31,7805.54,8245.24,7788.09,8183.35,9857627.0
2016-09-01,8166.6,8166.6,7825.14,7847.19,9017686.0
2016-09-02,7798.97,8033.3,7793.77,7912.08,5807233.0
2016-09-05,7899.29,7908.47,7816.51,7851.11,3856320.0
2016-09-06,7846.61,7882.45,7761.4,7865.91,4164342.0
2016-09-07,7892.3,7917.07,7846.35,7855.37,3987718.0
2016-09-08,7840.26,8042.77,7834.23,7903.76,4394946.0
2016-09-09,7888.5,7897.87,7794.11,7805.07,4456182.0
2016-09-12,7658.84,7849.31,7623.51,7835.3,5887169.0
2016-09-13,7818.84,7853.1,7775.56,7849.79,3552770.0
2016-09-14,7796.44,7902.41,7782.77,7852.08,4270585.0
2016-09-19,7858.29,7933.08,7855.18,7885.74,3008898.0
2016-09-20,7892.59,7934.0,7841.49,7909.49,3578447.0
2016-09-21,7904.66,8056.85,7866.8,8056.85,4953243.0
2016-09-22,8104.79,8519.5,8072.15,8454.25,10660312.0
2016-09-23,8361.1,8376.55,8167.59,8194.12,5748057.0
2016-09-26,8147.48,8168.0,7993.38,8006.0,5272995.0
2016-09-27,7982.85,8221.28,7976.46,8142.3,7027525.0
2016-09-28,8115.55,8308.88,8003.49,8180.0,5303155.0
2016-09-29,8166.09,8278.77,8127.25,8211.74,4212104.0
2016-09-30,8195.55,8427.06,8184.71,8248.38,3929798.0
2016-10-10,8021.09,8100.13,7858.4,8100.13,7412845.0
2016-10-11,8060.66,8318.3,8028.95,8139.24,4745323.0
2016-10-12,8103.55,8189.73,8050.69,8185.12,3490917.0
2016-10-13,8170.22,8276.36,8132.39,8216.23,3692055.0
2016-10-14,8228.01,8255.3,8182.35,8220.2,3726066.0
2016-10-17,8177.34,8216.05,8047.84,8078.58,3950965.0
2016-10-18,8064.42,8143.95,8016.89,8135.22,3880413.0
2016-10-19,8139.59,8214.07,8109.78,8126.37,3605635.0
2016-10-20,8107.17,8259.89,8086.97,8167.51,4400278.0
2016-10-21,8131.85,8149.32,8029.2,8074.29,4044608.0
2016-10-24,8106.46,8142.02,8074.17,8117.4,4313500.0
2016-10-25,8143.4,8178.31,8101.75,8131.0,3964366.0
2016-10-26,8133.79,8176.76,8100.04,8166.11,4761383.0
2016-10-27,8150.05,8156.67,8113.06,8117.55,3856437.0
2016-10-28,8087.23,8180.46,8073.47,8096.43,4059943.0
2016-10-31,8095.49,8185.32,8038.58,8125.4,3167856.0
2016-11-01,8163.85,8283.31,8135.32,8253.02,4063969.0
2016-11-02,8206.04,8225.52,8126.22,8130.7,4678669.0
2016-11-03,8106.36,8184.98,8095.74,8136.9,3626493.0
2016-11-04,8140.2,8173.39,8079.65,8103.06,3441986.0
2016-11-07,8095.35,8106.5,8018.61,8035.44,2916065.0
2016-11-08,8047.99,8079.38,8037.73,8054.05,2764349.0
2016-11-09,8083.56,8382.04,8073.1,8301.47,8005482.0
2016-11-10,8291.11,8594.38,8240.97,8398.06,5827718.0
2016-11-11,8347.95,8424.65,8299.53,8334.23,6185376.0
2016-11-14,8350.35,8350.35,8239.93,8283.07,4681855.0
2016-11-15,8277.05,8580.36,8253.84,8470.12,5600923.0
2016-11-16,8436.77,8502.77,8353.6,8430.32,3644566.0
2016-11-17,8415.22,8465.24,8372.2,8463.6,3263490.0
2016-11-18,8588.27,8774.03,8550.4,8554.18,5457128.0
2016-11-21,8494.81,8655.75,8389.5,8563.82,5121709.0
2016-11-22,8523.13,8574.94,8510.69,8561.77,3807527.0
2016-11-23,8644.11,8774.43,8593.02,8673.25,11654895.0
2016-11-24,8633.87,8802.87,8575.93,8728.44,8817084.0
2016-11-25,8707.98,8913.97,8703.8,8843.31,8669479.0
2016-11-28,8878.23,8902.94,8592.36,8716.98,7595891.0
2016-11-29,8674.37,8743.71,8617.11,8638.27,6395201.0
2016-11-30,8815.92,8880.59,8669.32,8722.07,6825932.0
2016-12-01,8664.65,8949.67,8631.9,8881.13,12876838.0
2016-12-02,8837.74,8861.75,8737.37,8750.48,9542636.0
2016-12-05,8465.87,8553.26,8373.2,8427.78,7399632.0
2016-12-06,8375.59,8454.11,8352.04,8373.61,3869293.0
2016-12-07,8366.54,8387.61,8224.82,8379.84,3340999.0
2016-12-08,8382.6,8384.28,8292.94,8298.53,2848686.0
2016-12-09,8281.16,8374.38,8251.56,8341.54,3706033.0
2016-12-12,8313.93,8315.44,8015.81,8028.5,6241658.0
2016-12-13,7985.79,8041.99,7843.05,8005.96,3632272.0
2016-12-14,7968.97,8008.21,7888.66,7896.68,3587255.0
2016-12-15,7868.21,7926.01,7830.19,7874.3,3115154.0
2016-12-16,7851.62,7949.52,7847.86,7905.5,2527604.0
2016-12-19,7845.78,7847.56,7718.86,7732.94,3272486.0
2016-12-20,7702.73,7702.73,7564.7,7602.87,3174832.0
2016-12-21,7594.48,7654.1,7593.08,7629.21,2354181.0
2016-12-22,7601.77,7657.28,7551.39,7634.64,2425212.0
2016-12-23,7614.21,7619.09,7544.86,7549.04,2371739.0
2016-12-26,7523.14,7578.41,7479.71,7571.5,2592655.0
2016-12-27,7567.72,7758.02,7567.72,7671.64,3088618.0
2016-12-28,7636.63,7660.15,7573.85,7589.9,2992898.0
2016-12-29,7595.02,7596.29,7523.11,7534.57,2442542.0
2016-12-30,7543.97,7595.37,7488.19,7519.58,2558474.0
2017-01-03,7528.93,7587.07,7526.42,7578.52,3311243.0
2017-01-04,7577.73,7614.35,7523.71,7610.79,3463633.0
2017-01-05,7609.99,7656.73,7590.25,7596.87,2703941.0
2017-01-06,7596.2,7605.91,7542.41,7547.87,2286167.0
2017-01-09,7539.13,7573.59,7531.06,7565.75,1969321.0
2017-01-10,7561.7,7587.59,7549.62,7558.27,2022817.0
2017-01-11,7548.11,7566.89,7473.09,7476.08,2155554.0
2017-01-12,7470.24,7488.85,7442.06,7442.06,1749433.0
2017-01-13,7530.26,7693.29,7530.26,7580.67,3202830.0
2017-01-16,7569.25,7569.25,7337.73,7483.26,5172134.0
2017-01-17,7445.24,7479.31,7377.41,7467.35,2052733.0
2017-01-18,7454.45,7537.53,7428.48,7501.17,1950576.0
2017-01-19,7464.02,7503.92,7450.42,7463.06,1680562.0
2017-01-20,7459.18,7528.19,7453.56,7507.85,2110965.0
2017-01-23,7519.65,7552.96,7515.34,7526.5,2344334.0
2017-01-24,7527.47,7536.45,7497.36,7501.29,2130725.0
2017-01-25,7494.46,7519.57,7480.93,7513.48,1920515.0
2017-01-26,7525.72,7554.6,7524.98,7536.57,1578903.0
2017-02-03,7540.08,7547.79,7502.73,7509.72,1307335.0
2017-02-06,7509.0,7524.44,7482.43,7515.39,1951562.0
2017-02-07,7502.03,7527.24,7486.05,7503.63,1978154.0
2017-02-08,7501.25,7538.89,7466.39,7537.56,2076580.0
2017-02-09,7544.6,7705.09,7542.59,7643.62,4690797.0
2017-02-10,7642.73,7658.71,7608.69,7631.36,3059367.0
2017-02-13,7632.2,7661.35,7609.47,7653.77,2828155.0
2017-02-14,7654.18,7682.89,7641.74,7672.65,2513538.0
2017-02-15,7670.58,7682.85,7608.19,7611.16,3093202.0
2017-02-16,7607.11,7637.91,7597.29,7630.06,2404066.0
2017-02-17,7631.2,7648.97,7562.16,7566.63,2581173.0
2017-02-20,7571.72,7690.08,7571.72,7682.07,3840751.0
2017-02-21,7696.0,7765.3,7690.27,7756.59,4454521.0
2017-02-22,7751.37,7773.53,7730.38,7769.52,3483645.0
2017-02-23,7767.9,7776.98,7681.36,7719.3,2942688.0
2017-02-24,7700.9,7711.42,7657.76,7706.85,2410247.0
2017-02-27,7690.12,7690.67,7617.99,7626.54,3693329.0
2017-02-28,7625.03,7657.9,7625.03,7650.73,2694166.0
2017-03-01,7661.81,7701.58,7660.58,7686.0,3753738.0
2017-03-02,7692.49,7709.39,7616.03,7618.34,3155733.0
2017-03-03,7608.74,7611.39,7560.0,7599.27,2430226.0
2017-03-06,7610.53,7663.48,7610.51,7649.2,2844115.0
2017-03-07,7658.99,7667.74,7636.66,7667.74,2535876.0
2017-03-08,7674.91,7762.3,7659.64,7747.29,4229919.0
2017-03-09,7723.38,7724.76,7664.37,7703.75,3723301.0
2017-03-10,7707.6,7794.8,7707.37,7757.8,4944394.0
2017-03-13,7756.42,7925.44,7718.28,7894.88,6783847.0
2017-03-14,7902.93,8141.09,7885.92,7987.38,5991339.0
2017-03-15,7961.97,8010.91,7913.34,7985.43,5010664.0
2017-03-16,8011.36,8069.12,7943.22,7971.02,7213481.0
2017-03-17,8059.94,8090.58,7889.56,7896.16,6754690.0
2017-03-20,7857.1,7861.03,7733.4,7782.16,5506855.0
2017-03-21,7771.43,7826.94,7751.01,7826.15,3911130.0
2017-03-22,7789.47,7804.14,7728.96,7736.33,4222344.0
2017-03-23,7742.06,7825.79,7705.63,7778.21,4122225.0
2017-03-24,7773.92,7812.77,7744.67,7801.85,3838807.0
2017-03-27,7810.26,7838.06,7749.38,7761.02,3826234.0
2017-03-28,7765.83,7780.94,7741.27,7762.57,2976599.0
2017-03-29,7770.61,7776.48,7702.15,7706.49,3239646.0
2017-03-30,7700.06,7717.15,7587.29,7623.87,4572930.0
2017-03-31,7579.46,7612.06,7565.71,7608.6,2749575.0
2017-04-05,7737.93,7826.41,7725.06,7733.92,6266517.0
2017-04-06,7769.21,7803.58,7744.96,7785.16,7975304.0
2017-04-07,7851.14,7870.65,7802.97,7839.12,8907245.0
2017-04-10,7895.92,7993.18,7873.23,7976.07,11739971.0
2017-04-11,8047.53,8158.17,7958.43,8151.67,11082640.0
2017-04-12,8266.83,8364.93,8178.49,8217.22,20260539.0
2017-04-13,8198.42,8269.02,8124.3,8219.47,10230172.0
2017-04-14,8219.83,8219.83,8085.29,8105.1,8579422.0
2017-04-17,8046.1,8046.1,7892.01,7963.8,8322727.0
2017-04-18,7942.08,7975.39,7894.01,7902.15,7815561.0
2017-04-19,7869.42,7887.31,7794.65,7877.77,6020618.0
2017-04-20,7859.61,7904.03,7800.96,7854.33,7073266.0
2017-04-21,7859.83,7886.96,7817.83,7852.18,6563238.0
2017-04-24,7834.98,7837.82,7694.99,7772.24,6266413.0
2017-04-25,7763.61,7837.92,7734.82,7767.4,6148036.0
2017-04-26,7750.58,7795.57,7715.3,7767.21,6268016.0
2017-04-27,7736.54,7736.54,7473.95,7587.63,7415600.0
2017-04-28,7525.35,7593.11,7507.38,7592.56,6266891.0
2017-05-02,7544.39,7547.68,7492.69,7511.47,5925020.0
2017-05-03,7496.29,7499.99,7414.33,7425.67,5210960.0
2017-05-04,7405.23,7502.85,7402.2,7439.19,5103743.0
2017-05-05,7408.34,7413.74,7369.92,7382.11,5250736.0
2017-05-08,7355.59,7363.89,7204.93,7228.71,6975421.0
2017-05-09,7209.92,7260.48,7188.96,7253.36,3721924.0
2017-05-10,7246.6,7301.66,7171.14,7174.67,4463071.0
2017-05-11,7162.15,7295.8,7104.23,7278.67,5820732.0
2017-05-12,7235.9,7316.45,7202.07,7309.03,4240535.0
2017-05-15,7306.32,7360.62,7265.69,7332.23,4507800.0
2017-05-16,7311.62,7381.44,7246.33,7377.17,5927065.0
2017-05-17,7354.35,7393.43,7344.57,7354.4,5013782.0
2017-05-18,7299.09,7389.4,7286.73,7381.76,4904789.0
2017-05-19,7366.99,7394.49,7347.53,7390.01,3565725.0
2017-05-22,7369.4,7375.21,7270.05,7327.39,4121565.0
2017-05-23,7311.12,7367.83,7288.73,7357.73,5094982.0
2017-05-24,7316.22,7376.79,7265.58,7359.14,3750598.0
2017-05-25,7369.81,7697.64,7367.61,7650.97,7763881.0
2017-05-26,7629.03,7678.41,7591.47,7623.16,5362879.0
2017-05-31,7859.5,7901.05,7766.18,7786.42,8335563.0
2017-06-01,7748.59,7843.07,7745.89,7807.84,7888645.0
2017-06-02,7797.26,7850.83,7748.27,7805.05,5831549.0
2017-06-05,7737.79,7790.71,7699.1,7763.12,4625477.0
2017-06-06,7747.06,7870.5,7732.23,7812.15,5351317.0
2017-06-07,7801.46,7869.28,7797.8,7862.5,6430583.0
2017-06-08,7855.92,7886.19,7828.89,7867.87,5371392.0
2017-06-09,7829.18,7869.56,7818.3,7846.95,5266706.0
2017-06-12,7893.66,8073.05,7871.74,7884.2,6329012.0
2017-06-13,7881.54,7951.23,7847.27,7913.22,4445813.0
2017-06-14,7876.22,7876.22,7708.38,7708.38,5421413.0
2017-06-15,7691.94,7716.84,7634.23,7694.87,3632098.0
2017-06-16,7686.62,7704.53,7652.54,7654.25,3042952.0
2017-06-19,7660.74,7715.88,7659.81,7704.83,3093798.0
2017-06-20,7702.82,7726.9,7675.47,7689.64,3090737.0
2017-06-21,7751.2,7776.27,7693.29,7776.27,4721398.0
2017-06-22,7767.26,7963.52,7758.21,7810.44,6706118.0
2017-06-23,7790.98,8129.38,7781.29,8126.09,7740057.0
2017-06-26,8230.65,8528.08,8199.28,8496.71,10970176.0
2017-06-27,8449.43,8449.54,8348.01,8397.92,6160489.0
2017-06-28,8366.02,8427.26,8255.06,8266.87,5205970.0
2017-06-29,8281.14,8309.07,8201.0,8268.25,4320273.0
2017-06-30,8231.89,8266.5,8166.39,8212.49,4092638.0
2017-07-03,8204.67,8266.13,8162.24,8211.13,4071173.0
2017-07-04,8212.23,8230.52,7993.12,8029.89,5411177.0
2017-07-05,8042.57,8150.03,7962.01,8137.29,4506406.0
2017-07-06,8109.0,8156.0,8028.13,8064.02,4228446.0
2017-07-07,8063.23,8202.34,8035.18,8186.54,4893775.0
2017-07-10,8149.18,8333.32,8142.31,8184.32,5665462.0
2017-07-11,8183.41,8303.06,8172.19,8205.42,4971495.0
2017-07-12,8289.45,8436.88,8240.83,8281.51,5524048.0
2017-07-13,8198.85,8250.41,8155.4,8178.67,4677920.0
2017-07-14,8188.72,8256.04,8167.42,8253.15,4256073.0
2017-07-17,8251.91,8271.08,8044.96,8074.77,7662645.0
2017-07-18,8153.48,8233.63,8102.22,8216.46,7375554.0
2017-07-19,8152.71,8303.65,8146.61,8249.19,7696297.0
2017-07-20,8202.95,8455.06,8202.95,8407.31,9338582.0
2017-07-21,8373.43,8440.78,8273.16,8292.68,7928919.0
2017-07-24,8276.35,8289.0,8148.62,8169.63,9505150.0
2017-07-25,8132.41,8134.23,7999.97,8021.78,6462296.0
2017-07-26,8021.2,8084.3,7958.17,8005.02,5628461.0
2017-07-27,7999.92,8094.22,7971.3,8038.83,6909393.0
2017-07-28,8027.9,8157.74,8020.56,8109.45,5583887.0
2017-07-31,8111.77,8120.02,8008.85,8075.79,5882389.0
2017-08-01,8067.46,8160.04,8050.39,8141.28,7132795.0
2017-08-02,8132.81,8186.71,8017.72,8023.94,6914457.0
2017-08-03,8020.01,8020.01,7896.54,7953.23,5427922.0
2017-08-04,7939.02,7959.46,7877.67,7879.56,4450610.0
2017-08-07,7871.02,7901.59,7851.59,7879.72,3754792.0
2017-08-08,7909.47,7922.52,7867.99,7891.17,4413646.0
2017-08-09,7887.45,7933.07,7867.64,7920.19,3459941.0
2017-08-10,7919.32,7919.32,7796.16,7876.85,4373085.0
2017-08-11,7821.76,7852.76,7678.27,7683.7,5071698.0
2017-08-14,7703.21,7732.51,7689.58,7724.42,4378040.0
2017-08-15,7730.43,7759.35,7704.4,7735.46,3222209.0
2017-08-16,7747.07,7747.84,7685.88,7724.78,3558507.0
2017-08-17,7722.65,7755.99,7705.37,7753.09,3362104.0
2017-08-18,7734.62,7932.18,7719.55,7916.08,5823076.0
2017-08-21,7905.42,7936.46,7885.74,7917.17,4334091.0
2017-08-22,7943.45,8029.74,7939.37,7969.64,4462640.0
2017-08-23,7966.95,7966.95,7910.31,7942.48,2672406.0
2017-08-24,7939.47,7957.47,7870.15,7892.03,2672703.0
2017-08-25,7928.58,7988.73,7925.15,7966.01,3398655.0
2017-08-28,7981.09,8153.35,7981.09,8090.05,5459245.0
2017-08-29,8031.11,8032.17,7966.68,8003.55,3345113.0
2017-08-30,8034.39,8054.73,8008.89,8019.96,3858103.0
2017-08-31,8005.93,8035.49,7934.5,7974.47,4311624.0
2017-09-01,7970.02,7987.11,7889.58,7911.4,4804770.0
2017-09-04,7908.11,7914.73,7864.06,7902.99,3475413.0
2017-09-05,7905.29,8043.22,7905.29,8032.73,4494981.0
2017-09-06,8022.39,8093.85,7991.79,8031.35,3502774.0
2017-09-07,8061.31,8475.74,8061.31,8389.62,11435161.0
2017-09-08,8376.37,8468.33,8285.99,8383.78,6452606.0
2017-09-11,8380.84,8477.31,8254.3,8304.74,5305609.0
2017-09-12,8276.7,8324.3,8218.97,8243.19,4991465.0
2017-09-13,8249.89,8353.41,8206.68,8314.71,3691883.0
2017-09-14,8314.54,8712.37,8298.42,8648.43,9936656.0
2017-09-15,8635.36,9099.81,8629.25,8911.52,13762257.0
2017-09-18,8909.07,9029.11,8773.11,8779.99,9289768.0
2017-09-19,8824.65,9177.25,8824.65,8930.3,12934554.0
2017-09-20,8893.5,8978.91,8799.1,8875.22,7738987.0
2017-09-21,8848.48,8904.18,8714.64,8757.38,5886323.0
2017-09-22,8757.29,8817.55,8654.41,8697.29,4351873.0
2017-09-25,8551.75,8551.91,8249.6,8251.02,8614871.0
2017-09-26,8243.07,8402.69,8242.54,8330.15,3970767.0
2017-09-27,8366.29,8417.75,8297.48,8368.1,3537222.0
2017-09-28,8387.05,8390.86,8212.1,8218.26,4099718.0
2017-09-29,8243.34,8284.76,8170.96,8195.47,3290909.0
2017-10-09,8436.91,8466.88,8263.22,8280.51,5480968.0
2017-10-10,8279.37,8318.64,8212.12,8272.48,4116097.0
2017-10-11,8290.54,8354.76,8244.23,8285.92,3848224.0
2017-10-12,8303.14,8306.34,8234.44,8278.06,3689453.0
2017-10-13,8289.01,8337.28,8242.33,8267.76,3252318.0
2017-10-16,8277.25,8282.04,8137.66,8159.46,3555231.0
2017-10-17,8160.54,8181.47,8127.75,8148.78,2610783.0
2017-10-18,8152.66,8180.48,8096.09,8172.02,2917808.0
2017-10-19,8173.61,8173.61,8091.06,8101.53,3184441.0
2017-10-20,8100.88,8184.52,8086.7,8182.21,2997295.0
2017-10-23,8179.19,8190.44,8123.17,8170.52,3152484.0
2017-10-24,8176.19,8408.02,8166.11,8377.88,5271756.0
2017-10-25,8381.78,8545.95,8357.06,8440.94,4175740.0
2017-10-26,8413.58,8480.56,8349.12,8403.33,3998622.0
2017-10-27,8429.54,8528.68,8365.74,8383.64,4463530.0
2017-10-30,8392.58,8525.91,8345.98,8522.69,5194334.0
2017-10-31,8499.46,8578.1,8430.73,8553.85,3793781.0
2017-11-01,8548.67,8787.19,8522.32,8576.59,5547462.0
2017-11-02,8581.73,8602.55,8476.47,8595.15,4114790.0
2017-11-03,8571.05,8592.7,8338.44,8407.15,4184908.0
2017-11-06,8391.81,8394.05,8218.34,8267.35,3928126.0
2017-11-07,8261.01,8342.26,8257.99,8337.95,3987029.0
2017-11-08,8318.25,8407.86,8297.84,8327.9,4342804.0
2017-11-09,8309.93,8365.85,8291.71,8365.12,3218611.0
2017-11-10,8361.73,8371.24,8279.83,8289.18,4011730.0
2017-11-13,8283.91,8295.61,8215.29,8241.64,4211488.0
2017-11-14,8237.49,8428.08,8176.25,8425.51,4669839.0
2017-11-15,8387.82,8478.17,8337.22,8455.42,4784374.0
2017-11-16,8440.9,8657.05,8436.52,8623.06,7173593.0
2017-11-17,8613.04,8724.89,8603.38,8664.83,7731686.0
2017-11-20,8627.95,8651.13,8449.63,8649.49,4976828.0
2017-11-21,8608.59,9078.69,8608.59,9076.43,8064352.0
2017-11-22,9105.72,9271.82,9047.63,9168.82,8447814.0
2017-11-23,9162.26,9210.31,8889.13,8937.32,6480841.0
2017-11-24,8907.71,9054.24,8807.19,9022.17,4395264.0
2017-11-27,8979.9,9169.07,8836.8,8971.22,4736599.0
2017-11-28,8923.04,8931.68,8717.9,8824.14,3895225.0
2017-11-29,8844.39,9440.64,8791.25,9438.0,9254325.0
2017-11-30,9353.31,9383.56,8923.83,9036.3,7826963.0
2017-12-01,8956.3,9232.57,8951.33,9019.67,5768903.0
2017-12-04,8981.78,9067.84,8852.8,9006.27,4330949.0
2017-12-05,8960.84,9111.45,8947.56,9038.58,6453807.0
2017-12-06,8981.18,9086.19,8896.91,8978.85,4442534.0
2017-12-07,8951.98,9216.6,8887.98,8907.11,5508371.0
2017-12-08,8824.08,8895.52,8739.98,8892.85,4799356.0
2017-12-11,8881.37,8941.47,8821.93,8941.04,4628698.0
2017-12-12,8918.71,9034.87,8874.8,8880.87,5073021.0
2017-12-13,8878.56,8928.3,8836.49,8908.72,3554493.0
2017-12-14,8902.73,8985.2,8847.37,8887.26,3937855.0
2017-12-15,8861.85,8866.81,8678.9,8687.0,3876025.0
2017-12-18,8688.23,8729.3,8537.58,8615.95,3304961.0
2017-12-19,8639.44,8747.3,8607.39,8744.48,3153875.0
2017-12-20,8717.82,8717.82,8580.82,8629.15,4141792.0
2017-12-21,8637.09,9003.58,8637.09,8899.6,6071433.0
2017-12-22,8880.49,8946.35,8877.37,8895.45,3284519.0
2017-12-25,8983.13,9233.96,8983.13,9063.55,7072863.0
2017-12-26,9083.1,9168.73,9048.32,9132.01,4522858.0
2017-12-27,9104.71,9177.57,9064.85,9096.69,4823338.0
2017-12-28,9053.82,9118.7,8984.73,9088.24,4719308.0
2017-12-29,9085.25,9299.33,9082.21,9240.16,5559838.0
2018-01-02,9329.87,9702.15,9329.87,9591.32,12799920.0
2018-01-03,9604.85,9853.38,9559.11,9639.34,12621288.0
2018-01-04,9710.08,9814.23,9598.55,9751.05,9282568.0
2018-01-05,9746.61,10432.47,9724.1,10156.74,20085270.0
2018-01-08,10316.75,10740.62,10316.75,10495.36,20633760.0
2018-01-09,10427.08,10606.53,10368.8,10513.78,10826478.0
2018-01-10,10490.44,10743.84,10447.22,10528.47,9646489.0
2018-01-11,10501.11,10542.96,10319.64,10486.93,8583957.0
2018-01-12,10482.23,10750.7,10427.26,10519.12,9702096.0
2018-01-15,10602.41,10925.21,10545.07,10741.88,12700576.0
2018-01-16,10664.09,11645.08,10645.22,11542.94,17511295.0
2018-01-17,11471.16,11716.16,11126.92,11443.78,18059327.0
2018-01-18,11398.42,11511.41,11234.33,11313.62,10827406.0
2018-01-19,11336.9,11617.34,11199.62,11231.13,11928128.0
2018-01-22,11195.29,11391.25,11144.27,11321.15,8683016.0
2018-01-23,11392.31,11825.12,11392.31,11686.38,13997703.0
2018-01-24,11642.92,11941.34,11547.26,11649.59,11493221.0
2018-01-25,11607.1,11607.1,11141.71,11443.53,11154123.0
2018-01-26,11391.81,11729.64,11355.39,11587.44,9298645.0
2018-01-29,11643.42,11778.97,11295.68,11448.6,9669688.0
2018-01-30,11388.15,11411.29,10991.37,10992.9,11083187.0
2018-01-31,11041.7,11371.58,10921.32,11303.95,11337836.0
2018-02-01,11319.54,11458.42,11139.28,11287.26,11985373.0
2018-02-02,11057.1,11389.84,10844.85,11357.93,10831517.0
2018-02-05,11188.3,11424.26,11153.72,11392.33,8204519.0
2018-02-06,11095.74,11170.27,10733.42,10858.13,11453517.0
2018-02-07,11075.41,11096.8,10001.57,10036.45,15179363.0
2018-02-08,9960.1,10124.6,9747.46,9884.9,9425515.0
2018-02-09,9538.02,9624.6,9076.94,9252.63,12488065.0
2018-02-12,9283.46,9489.1,9193.31,9439.66,8086777.0
2018-02-13,9540.97,9960.82,9531.64,9699.85,8626374.0
2018-02-14,9711.81,9816.01,9578.66,9774.26,4785467.0
2018-02-22,9968.94,10023.19,9839.5,9946.55,5949929.0
2018-02-23,10011.87,10266.53,9927.47,10142.4,6907700.0
2018-02-26,10201.91,10234.46,9683.78,9980.29,9223427.0
2018-02-27,9948.88,9948.88,9613.97,9665.25,7968387.0
2018-02-28,9547.91,9813.1,9437.24,9690.88,7770510.0
2018-03-01,9567.73,9811.96,9550.44,9644.44,6783744.0
2018-03-02,9539.09,9725.75,9458.46,9639.5,5744844.0
2018-03-05,9694.21,9869.02,9639.35,9670.82,5935294.0
2018-03-06,9719.85,10087.43,9588.8,10083.89,9197795.0
2018-03-07,10013.73,10133.74,9894.6,9923.11,6027509.0
2018-03-08,9956.21,10094.09,9890.66,10067.18,4927896.0
2018-03-09,10104.59,10124.0,9944.45,10011.55,5130780.0
2018-03-12,10014.09,10021.0,9637.91,9712.19,9172887.0
2018-03-13,9681.62,9770.57,9643.31,9682.93,4984685.0
2018-03-14,9667.89,9783.88,9601.86,9720.4,5370857.0
2018-03-15,9701.98,9812.56,9658.71,9721.62,4417236.0
2018-03-16,9706.31,9901.49,9706.31,9757.68,4894018.0
2018-03-19,9735.19,9735.19,9509.83,9520.3,5565140.0
2018-03-20,9435.5,9497.66,9348.56,9465.59,4318459.0
2018-03-21,9490.17,9650.14,9470.18,9516.66,4809689.0
2018-03-22,9517.11,9541.87,9294.77,9341.2,4957782.0
2018-03-23,9030.31,9156.86,8902.22,9148.48,8687845.0
2018-03-26,9035.25,9049.43,8858.25,8984.96,5501944.0
2018-03-27,9145.89,9248.12,9021.0,9101.41,5750846.0
2018-03-28,8985.11,9262.36,8957.65,9097.92,4932798.0
2018-03-29,9128.92,9688.24,8925.64,9592.46,10360422.0
2018-03-30,9514.53,9545.26,9405.84,9432.36,5588425.0
2018-04-02,9477.05,9690.69,9440.13,9462.73,6049976.0
2018-04-03,9332.4,9468.65,9244.46,9387.66,4169839.0
2018-04-04,9275.46,9499.29,9270.47,9324.61,4329990.0
2018-04-09,9296.91,9356.29,9106.94,9172.0,3601184.0
2018-04-10,9185.31,9455.26,9140.66,9454.6,5687387.0
2018-04-11,9475.35,9727.34,9413.12,9598.04,6558372.0
2018-04-12,9567.26,9644.0,9448.13,9476.65,4015734.0
2018-04-13,9560.33,9600.77,9362.82,9392.06,3748428.0
2018-04-16,9332.99,9339.63,8927.57,8991.81,7081076.0
2018-04-17,9009.61,9037.06,8892.78,8895.77,4188349.0
2018-04-18,9030.91,9100.75,8877.87,8953.5,5510199.0
2018-04-19,8978.29,9069.21,8937.65,9013.09,3790252.0
2018-04-20,9000.07,9020.72,8846.24,8921.57,3925024.0
2018-04-23,8886.42,8955.72,8827.27,8908.03,3699434.0
2018-04-24,8969.92,9273.6,8969.92,9188.93,6632137.0
2018-04-25,9114.01,9127.37,9023.53,9052.34,3586812.0
2018-04-26,9112.44,9115.73,8784.38,8837.69,4090342.0
2018-04-27,8840.07,8854.94,8552.23,8770.91,5205076.0
2018-05-02,8753.84,8843.54,8696.14,8736.17,3639830.0
2018-05-03,8723.27,8756.93,8568.5,8713.81,3907519.0
2018-05-04,8707.74,8816.59,8684.18,8691.63,3721686.0
2018-05-07,8720.89,8875.06,8675.6,8850.56,4102078.0
2018-05-08,8853.97,9149.79,8840.32,9069.64,4852597.0
2018-05-09,9041.83,9050.0,8954.66,8983.54,3592796.0
2018-05-10,9021.49,9069.59,8911.23,9012.02,3404387.0
2018-05-11,9020.35,9029.93,8918.32,8923.27,2663887.0
2018-05-14,8955.19,9025.44,8893.63,8928.73,3003642.0
2018-05-15,8966.16,8972.21,8863.62,8963.36,3074219.0
2018-05-16,8927.84,8956.88,8861.24,8870.61,3031209.0
2018-05-17,8867.2,8929.27,8811.14,8817.2,2761055.0
2018-05-18,8808.55,8912.19,8760.76,8909.55,2775248.0
2018-05-21,8938.36,8954.92,8834.35,8854.98,3660878.0
2018-05-22,8852.63,8852.63,8623.19,8681.03,5504959.0
2018-05-23,8654.23,8659.45,8560.62,8567.11,4125015.0
2018-05-24,8572.86,8576.93,8487.25,8509.9,3064110.0
2018-05-25,8513.13,8549.06,8434.52,8479.34,3113509.0
2018-05-28,8476.5,8513.55,8410.22,8430.62,2608671.0
2018-05-29,8400.57,8400.93,8115.35,8274.61,6060912.0
2018-05-30,8153.67,8156.25,8016.45,8020.98,3465918.0
2018-05-31,8078.32,8231.54,7998.78,8208.43,3918252.0
2018-06-01,8169.24,8415.19,8155.25,8284.61,4109471.0
2018-06-04,8335.09,8600.93,8335.09,8574.11,5265113.0
2018-06-05,8566.54,8657.24,8501.53,8616.87,3966746.0
2018-06-06,8591.43,8631.91,8498.68,8521.64,3093877.0
2018-06-07,8549.63,8738.85,8530.57,8697.92,4598255.0
2018-06-08,8609.28,8609.28,8422.7,8478.07,3787074.0
2018-06-11,8466.35,8718.13,8452.67,8653.43,3987482.0
2018-06-12,8676.47,8759.86,8600.48,8713.2,3310170.0
2018-06-13,8669.62,8878.82,8649.97,8738.8,4767468.0
2018-06-14,8693.51,8752.31,8609.99,8683.96,3157445.0
2018-06-15,8680.8,8945.47,8680.8,8829.65,5997531.0
2018-06-19,8698.21,8698.21,8434.39,8504.03,8680302.0
2018-06-20,8482.38,8686.39,8437.64,8667.03,4294028.0
2018-06-21,8642.0,8965.84,8610.59,8731.24,5871366.0
2018-06-22,8699.76,8825.78,8645.69,8820.39,3775107.0
2018-06-25,8895.08,8914.21,8380.43,8390.86,5014050.0
2018-06-26,8169.69,8182.68,7886.54,8026.8,6932991.0
2018-06-27,8027.0,8027.19,7595.81,7705.96,6387426.0
2018-06-28,7611.72,7760.7,7536.15,7589.97,3828044.0
2018-06-29,7618.85,7855.26,7614.37,7854.58,3655282.0
2018-07-02,7832.1,7832.1,7263.06,7338.81,6577966.0
2018-07-03,7378.27,7432.75,7225.14,7423.94,4472519.0
2018-07-04,7390.76,7472.14,7242.66,7256.3,3326201.0
2018-07-05,7244.51,7325.0,7170.61,7210.01,3849409.0
2018-07-06,7248.1,7262.67,7028.5,7199.71,4290612.0
2018-07-09,7229.48,7437.55,7222.9,7437.45,3843461.0
2018-07-10,7487.0,7616.91,7415.85,7549.78,4408954.0
2018-07-11,7368.88,7372.23,7263.65,7345.09,3175707.0
2018-07-12,7354.24,7517.1,7354.24,7457.09,3815284.0
2018-07-13,7568.38,7607.58,7417.27,7433.12,3902494.0
2018-07-16,7418.41,7420.39,7193.3,7265.99,3694335.0
2018-07-17,7241.26,7302.66,7162.58,7251.54,2685348.0
2018-07-18,7257.42,7265.9,7098.21,7099.71,3149862.0
2018-07-19,7152.83,7217.65,7079.96,7102.29,2905022.0
2018-07-20,7104.76,7304.54,6958.26,7242.46,5139768.0
2018-07-23,7185.97,7499.46,7167.52,7465.86,5613568.0
2018-07-24,7534.17,7814.41,7533.58,7664.5,6825146.0
2018-07-25,7693.32,7725.31,7593.8,7653.51,3074775.0
2018-07-26,7688.65,7752.88,7513.9,7543.95,3640620.0
2018-07-27,7514.56,7608.92,7437.26,7509.42,2452623.0
2018-07-30,7519.74,7628.05,7418.67,7500.65,2832579.0
2018-07-31,7526.98,7640.57,7489.21,7619.7,3273753.0
2018-08-01,7529.54,7529.54,7275.38,7275.92,5135361.0
2018-08-02,7234.26,7234.26,6916.22,7026.74,4190726.0
2018-08-03,7025.08,7069.74,6899.19,6901.11,2678914.0
2018-08-06,6908.8,6926.29,6699.39,6748.92,3359849.0
2018-08-07,6799.61,7010.82,6769.55,7006.38,3605398.0
2018-08-08,6998.53,7103.72,6894.38,6894.38,3253302.0
2018-08-09,6889.77,7179.06,6873.7,7162.51,4373991.0
2018-08-10,7271.87,7486.69,7256.29,7300.88,5308615.0
2018-08-13,7149.33,7245.55,7088.4,7218.37,3249561.0
2018-08-14,7209.55,7215.29,7012.94,7071.25,3434792.0
2018-08-15,7087.61,7110.0,6987.06,6992.79,2638738.0
2018-08-16,6876.42,7110.83,6853.14,7052.88,3264723.0
2018-08-17,7105.84,7162.67,6999.24,7011.22,2914543.0
2018-08-20,7053.03,7160.21,6992.08,7150.89,3117499.0
2018-08-21,7154.72,7272.09,7123.17,7250.02,3038036.0
2018-08-22,7233.97,7244.58,7188.25,7214.88,2095223.0
2018-08-23,7147.6,7204.64,7027.32,7120.16,2377256.0
2018-08-24,7097.75,7169.18,7035.21,7110.74,1924277.0
2018-08-27,7157.58,7422.91,7144.74,7408.47,4420617.0
2018-08-28,7384.93,7472.48,7377.42,7403.8,2928540.0
2018-08-29,7387.28,7544.25,7386.75,7456.41,3193210.0
2018-08-30,7445.21,7499.92,7351.81,7352.51,2757296.0
2018-08-31,7317.51,7567.33,7279.75,7499.83,4237577.0
2018-09-03,7461.32,7587.06,7368.57,7429.66,3467059.0
2018-09-04,7440.33,7569.28,7370.47,7565.44,3048360.0
2018-09-05,7501.25,7522.33,7337.1,7337.31,3060603.0
2018-09-06,7318.82,7371.71,7145.72,7174.77,3187640.0
2018-09-07,7187.65,7336.64,7185.14,7242.2,2854099.0
2018-09-10,7268.29,7387.68,7268.29,7307.28,3745201.0
2018-09-11,7300.79,7338.27,7190.48,7240.27,2681135.0
2018-09-12,7243.65,7248.74,7140.4,7209.65,2108878.0
2018-09-13,7304.16,7337.89,7166.09,7267.83,2424093.0
2018-09-14,7273.13,7332.81,7195.61,7315.96,2460918.0
2018-09-17,7259.46,7290.19,7176.16,7212.21,2322561.0
2018-09-18,7172.99,7321.53,7154.01,7308.6,2604586.0
2018-09-19,7301.82,7711.06,7289.1,7645.77,6940167.0
2018-09-20,7610.31,7678.06,7580.24,7613.04,3395154.0
2018-09-21,7648.45,7980.21,7587.97,7952.08,5616372.0
2018-09-25,7693.23,7704.67,7548.38,7601.79,5725423.0
2018-09-26,7613.49,7717.71,7499.49,7603.54,4342599.0
2018-09-27,7603.12,7620.51,7522.72,7553.07,2963941.0
2018-09-28,7567.89,7666.55,7491.54,7543.52,3720202.0
2018-10-08,7279.83,7322.28,7076.84,7102.94,4536260.0
2018-10-09,7090.52,7110.97,6971.57,7049.49,2840340.0
2018-10-10,7055.19,7111.97,6960.57,7058.19,2447645.0
2018-10-11,6868.21,6948.36,6661.1,6696.71,4641548.0
2018-10-12,6653.48,6873.56,6621.22,6868.35,3861567.0
2018-10-15,6853.24,6857.07,6678.8,6705.71,2807884.0
2018-10-16,6720.81,6810.5,6459.55,6500.73,3866076.0
2018-10-17,6586.96,6614.65,6475.06,6569.22,2899074.0
2018-10-18,6535.82,6549.71,6438.1,6449.76,2806360.0
2018-10-19,6445.67,6747.13,6418.87,6723.67,4700801.0
2018-10-22,6796.46,7121.84,6795.5,7026.02,5182769.0
2018-10-23,7029.01,7048.59,6816.3,6860.07,3205019.0
2018-10-24,6861.3,7082.27,6860.66,6940.32,2799417.0
2018-10-25,6792.88,7180.53,6763.28,7177.61,4847844.0
2018-10-26,7208.47,7531.78,7197.11,7292.92,5508440.0
2018-10-29,7364.86,7375.87,7049.26,7119.39,4721786.0
2018-10-30,7198.75,7401.83,7095.09,7325.08,4834689.0
2018-10-31,7336.04,7515.16,7232.22,7421.92,3938398.0
2018-11-01,7595.65,7697.04,7485.31,7499.73,5227750.0
2018-11-02,7679.48,7698.16,7383.16,7530.55,5287545.0
2018-11-05,7472.43,7473.01,7310.83,7384.91,3797686.0
2018-11-06,7376.38,7469.71,7345.02,7461.72,3503660.0
2018-11-07,7460.49,7515.33,7360.34,7381.46,2912168.0
2018-11-08,7441.74,7495.75,7356.8,7372.59,2452018.0
2018-11-09,7336.65,7421.83,7283.32,7285.43,2403258.0
2018-11-12,7265.63,7411.2,7265.34,7393.91,2756036.0
2018-11-13,7302.92,7472.23,7298.4,7453.3,3215802.0
2018-11-14,7493.29,7611.43,7493.29,7521.5,4236174.0
2018-11-15,7502.85,7606.39,7496.24,7606.2,2756700.0
2018-11-16,7591.75,7785.39,7531.34,7719.83,4640355.0
2018-11-19,7718.82,8042.23,7718.82,8042.23,5888152.0
2018-11-20,7968.75,8106.32,7802.53,7860.67,4432526.0
2018-11-21,7787.67,8090.94,7779.03,7974.98,4351033.0
2018-11-22,7986.1,7998.16,7819.46,7881.3,2729712.0
2018-11-23,7875.36,7876.51,7629.96,7676.0,2935320.0
2018-11-26,7709.18,7841.01,7641.7,7725.82,2326911.0
2018-11-27,7740.86,7765.69,7640.75,7664.03,1907365.0
2018-11-28,7676.05,7867.61,7668.31,7867.4,2547810.0
2018-11-29,7906.06,7997.77,7657.12,7672.87,2962412.0
2018-11-30,7671.33,7738.84,7606.37,7738.84,1861033.0
2018-12-03,7893.97,7917.25,7632.89,7796.64,4671106.0
2018-12-04,7756.66,7756.66,7567.35,7638.27,3974938.0
2018-12-05,7544.96,7763.68,7536.23,7700.0,3270791.0
2018-12-06,7611.56,7681.65,7599.24,7622.4,2201921.0
2018-12-07,7617.11,7755.35,7616.0,7673.01,2089112.0
2018-12-10,7631.66,7678.63,7530.26,7541.74,2365726.0
2018-12-11,7559.49,7749.66,7554.73,7749.09,2807086.0
2018-12-12,7821.44,7945.24,7793.89,7825.83,3566589.0
2018-12-13,7912.06,8080.41,7877.64,8016.74,4692926.0
2018-12-14,7985.84,8030.56,7848.68,7854.76,3254404.0
2018-12-17,7855.0,7901.13,7758.23,7874.68,2557186.0
2018-12-18,7802.72,7836.46,7540.64,7586.81,3140004.0
2018-12-19,7646.68,7746.1,7532.82,7550.16,2700718.0
2018-12-20,7590.92,7669.29,7460.54,7532.56,2586851.0
2018-12-21,7497.24,7498.65,7140.89,7285.52,4063415.0
2018-12-24,7216.07,7246.58,7133.02,7235.23,2751566.0
2018-12-25,7143.13,7267.14,7104.44,7225.13,2622953.0
2018-12-26,7201.94,7244.12,7130.47,7200.8,1923090.0
2018-12-27,7307.79,7377.09,7165.17,7165.17,2650423.0
2018-12-28,7199.74,7288.4,7177.32,7246.55,2680578.0
2019-01-02,7248.9,7268.42,7120.44,7174.49,2280334.0
2019-01-03,7149.54,7309.89,7136.38,7212.3,2186711.0
2019-01-04,7153.05,7447.28,7145.92,7437.91,2897732.0
2019-01-07,7523.16,7605.47,7444.94,7480.98,3035322.0
2019-01-08,7480.73,7484.83,7358.59,7428.97,1897177.0
2019-01-09,7479.86,7620.34,7449.07,7503.61,2927745.0
2019-01-10,7472.12,7514.19,7408.35,7425.62,1920908.0
2019-01-11,7442.16,7512.86,7411.23,7484.5,2040761.0
2019-01-14,7457.67,7473.31,7393.72,7419.14,1806673.0
2019-01-15,7412.6,7471.41,7246.6,7471.41,2955616.0
2019-01-16,7463.08,7552.94,7427.4,7519.1,2361567.0
2019-01-17,7555.63,7555.63,7454.69,7458.22,2342429.0
2019-01-18,7478.68,7596.48,7465.17,7595.65,2716414.0
2019-01-21,7588.57,7648.42,7497.96,7552.5,2563575.0
2019-01-22,7533.46,7680.52,7504.43,7531.28,2703171.0
2019-01-23,7516.18,7563.89,7492.88,7505.95,1602671.0
2019-01-24,7535.61,7543.31,7427.13,7528.82,2049556.0
2019-01-25,7574.81,7762.65,7571.85,7692.24,3580633.0
2019-01-28,7734.55,7821.38,7637.73,7672.36,2506027.0
2019-01-29,7649.75,7910.08,7631.56,7901.62,4005333.0
2019-01-30,7869.91,8143.79,7857.31,7975.47,4897806.0
2019-01-31,8021.34,8141.84,7966.92,8063.45,3574206.78
2019-02-01,8155.4,8173.62,7933.56,8076.83,3423769.8
2019-02-11,8008.16,8156.38,7923.29,8152.77,4092307.9
2019-02-12,8111.53,8158.1,8028.29,8147.81,3811023.37
2019-02-13,8137.86,8324.78,8110.9,8302.57,4852979.76
2019-02-14,8273.03,8327.4,8219.49,8294.98,3756157.16
2019-02-15,8267.4,8295.9,8025.38,8027.36,4967874.72
2019-02-18,8107.17,8237.13,8096.21,8237.13,4977474.51
2019-02-19,8309.38,8319.86,8128.87,8170.57,5753011.84
2019-02-20,8185.24,8429.23,8152.13,8364.89,6122499.77
2019-02-21,8355.71,8366.1,8208.39,8240.63,4979630.15
2019-02-22,8216.51,8287.41,8121.39,8287.41,5348417.93
2019-02-25,8346.08,8743.8,8308.5,8714.93,11016737.33
2019-02-26,8707.97,8862.28,8571.31,8588.05,9650785.92
2019-02-27,8571.78,8819.12,8553.25,8668.58,8269699.04
2019-02-28,8643.83,8813.52,8616.09,8656.96,6383271.7
2019-03-01,8698.42,8724.23,8524.41,8723.74,6201182.83
2019-03-04,8769.99,9268.89,8767.35,9053.54,12919008.31
2019-03-05,9069.07,9334.17,9035.92,9233.03,9144531.02
2019-03-06,9260.16,9269.89,9024.46,9144.71,7433988.56
2019-03-07,9113.25,9113.25,8798.42,8895.94,8981929.68
2019-03-08,8725.29,8777.25,8495.16,8526.75,7992279.67
2019-03-11,8431.08,8647.32,8298.51,8627.99,7616831.6
2019-03-12,8728.82,8797.25,8592.64,8669.74,7629560.05
2019-03-13,8664.48,8944.75,8564.27,8832.97,9040284.17
2019-03-14,8804.2,8962.79,8647.3,8711.65,6263691.18
2019-03-15,8721.91,9063.57,8716.05,8998.39,8367295.85
2019-03-18,9030.01,9431.38,8963.41,9421.42,10492987.21
2019-03-19,9434.0,9622.27,9282.91,9334.19,8128090.9
2019-03-20,9332.12,9468.59,9183.5,9420.31,7071566.59
2019-03-21,9441.19,9581.52,9362.86,9399.59,7356022.17
2019-03-22,9360.68,9376.98,9175.2,9314.48,5028859.77
2019-03-25,9176.61,9229.8,9037.17,9039.78,7784311.71
2019-03-26,9102.09,9189.87,8972.52,9001.93,6373553.45
2019-03-27,9069.1,9180.73,8991.25,9155.61,4963077.4
2019-03-28,9110.98,9229.05,9014.55,9036.16,4788088.08
2019-03-29,9074.11,9585.49,9051.25,9584.45,8889491.06
2019-04-01,9705.79,10086.53,9705.79,9909.31,12685263.88
2019-04-02,9927.83,9959.13,9810.09,9865.29,7980451.46
2019-04-03,9809.84,9983.02,9722.91,9969.23,7429601.0
2019-04-04,9986.11,10095.12,9846.55,9937.34,7591217.54
2019-04-08,9979.81,10115.61,9739.84,9869.08,7947730.49
2019-04-09,10005.04,10295.0,9996.9,10295.0,9355662.57
2019-04-10,10195.43,10236.84,10055.62,10138.93,6496349.02
2019-04-11,10129.25,10202.87,9795.18,9849.59,5794638.39
2019-04-12,9841.81,9880.33,9637.51,9687.82,5144871.78
2019-04-15,9887.34,9958.18,9600.74,9600.74,6729029.6
2019-04-16,9571.98,9816.54,9348.5,9816.54,7593430.36
2019-04-17,9785.46,9785.46,9555.5,9615.53,6243740.51
2019-04-18,9594.06,9594.06,9456.12,9520.3,4290903.81
2019-04-19,9525.45,9663.23,9479.38,9663.18,4330724.86
2019-04-22,9556.04,9556.04,9092.22,9119.45,10407272.39
2019-04-23,9124.65,9252.6,9124.65,9161.84,5683969.92
2019-04-24,9224.61,9237.91,9053.22,9189.73,4704472.51
2019-04-25,9171.78,9256.72,9060.54,9071.4,4596604.21
2019-04-26,9031.92,9118.64,8962.53,8978.41,4465104.22
2019-04-29,8978.44,9100.7,8974.29,9025.96,4816424.2
2019-04-30,8984.16,9058.17,8906.08,9057.27,4154361.89
2019-05-06,8772.3,8848.85,8403.26,8510.37,6364432.63
2019-05-07,8604.2,8749.12,8582.86,8693.33,4511196.78
2019-05-08,8562.46,8724.44,8540.02,8582.53,3939496.68
2019-05-09,8537.37,8620.19,8350.6,8408.8,3754558.55
2019-05-10,8491.07,8716.67,8367.48,8706.89,4381907.32
2019-05-13,8566.71,8679.44,8559.44,8669.61,2829640.23
2019-05-14,8571.68,8709.58,8554.2,8598.48,3297697.17
2019-05-15,8675.78,8792.47,8656.59,8736.25,3656867.05
2019-05-16,8711.72,8821.01,8701.72,8821.01,3217883.61
2019-05-17,8832.55,8836.15,8536.77,8552.88,3498220.1
2019-05-20,8555.84,8595.25,8421.11,8497.23,3083740.78
2019-05-21,8489.89,8654.27,8468.09,8572.23,2983394.74
2019-05-22,8563.03,8597.38,8499.67,8545.14,2453917.31
2019-05-23,8502.42,8505.43,8371.01,8390.53,2661256.29
2019-05-24,8414.11,8486.59,8370.66,8387.71,2378522.77
2019-05-27,8373.39,8469.16,8253.7,8459.7,2939990.3
2019-05-28,8404.27,8561.32,8373.88,8561.32,3656673.87
2019-05-29,8472.19,8506.02,8421.87,8428.48,2273984.18
2019-05-30,8426.18,8426.18,8298.83,8356.45,2288971.01
2019-05-31,8361.8,8437.21,8342.91,8371.28,3161032.85
2019-06-03,8393.11,8473.41,8300.88,8317.65,3126947.76
2019-06-04,8341.14,8341.86,8241.21,8273.08,2513416.47
2019-06-05,8365.67,8565.17,8351.81,8462.13,4605636.02
2019-06-06,8456.7,8510.69,8398.0,8421.19,2813684.26
2019-06-10,8469.34,8655.99,8440.64,8592.96,3445042.61
2019-06-11,8620.57,8777.19,8620.57,8765.29,4108307.06
2019-06-12,8736.28,8736.28,8624.8,8671.68,2797637.35
2019-06-13,8657.61,8663.01,8548.11,8600.01,2570929.29
2019-06-14,8651.83,8722.08,8593.67,8624.59,3112043.71
2019-06-17,8592.64,8679.09,8561.9,8602.26,2311355.39
2019-06-18,8624.3,8633.25,8495.08,8557.66,2023456.17
2019-06-19,8719.51,8751.9,8542.99,8567.95,3716487.03
2019-06-20,8565.75,8782.18,8540.45,8767.61,5019202.36
2019-06-21,8757.87,8808.96,8721.6,8753.48,4093400.8
2019-06-24,8740.44,8758.31,8700.19,8756.59,3061132.29
2019-06-25,8762.51,8772.31,8591.04,8692.08,3173020.7
2019-06-26,8668.51,8707.24,8632.27,8664.8,2405219.34
2019-06-27,8686.74,8758.31,8674.87,8715.53,2989011.37
2019-06-28,8716.1,8716.38,8644.89,8673.75,2115219.95
2019-07-01,8785.42,8883.9,8751.81,8877.19,5057906.85
2019-07-02,8865.12,8959.19,8809.02,8955.95,4489585.73
2019-07-03,8927.23,9144.68,8888.11,9059.26,6351647.2
2019-07-04,8996.54,9252.92,8996.54,9120.01,6731097.62
2019-07-05,9049.87,9063.81,8952.51,8990.51,3577223.37
2019-07-08,8934.64,8943.02,8709.47,8820.91,5181209.14
2019-07-09,8779.48,8922.31,8770.75,8788.05,6632910.61
2019-07-10,8820.11,8828.05,8692.19,8726.87,4394954.44
2019-07-11,8747.79,8813.07,8663.71,8670.8,3978778.78
2019-07-12,8645.75,8762.6,8623.81,8727.55,4688032.64
2019-07-15,8678.82,8760.37,8539.91,8718.02,5268737.47
2019-07-16,8722.84,8854.31,8711.33,8808.04,4644575.79
2019-07-17,8784.93,8906.17,8754.45,8863.16,4580844.43
2019-07-18,8835.86,8840.34,8771.03,8785.14,3435286.04
2019-07-19,8929.52,9080.95,8897.65,9044.02,6706205.6
2019-07-22,9051.52,9207.51,8985.73,9057.11,5761353.38
2019-07-23,9023.72,9047.56,8802.7,8856.44,5169028.54
2019-07-24,8862.03,8911.7,8829.13,8857.36,4470403.62
2019-07-25,8864.62,8882.63,8782.04,8882.63,3767687.18
2019-07-26,8826.52,8916.39,8815.17,8883.43,3002129.78
2019-07-29,8868.41,8913.95,8811.32,8828.0,2805173.52
2019-07-30,8835.83,8942.39,8835.83,8896.88,2913194.27
2019-07-31,8803.75,8803.75,8586.83,8609.61,5231093.58
2019-08-01,8563.13,8590.0,8432.66,8453.03,4341098.92
2019-08-02,8272.34,8402.36,8259.04,8361.0,4029087.49
2019-08-05,8289.84,8289.84,8108.89,8108.89,3670011.64
2019-08-06,8003.0,8151.04,7951.68,8109.06,4711184.99
2019-08-07,8160.33,8241.96,8152.6,8188.18,2940457.16
2019-08-08,8229.94,8240.71,8179.97,8207.51,2440924.44
2019-08-09,8238.54,8239.52,8057.27,8066.0,3096873.32
2019-08-12,8065.83,8235.54,8064.86,8229.97,2782974.23
2019-08-13,8183.34,8223.82,8101.9,8135.97,2372767.9
2019-08-14,8241.05,8253.27,8101.65,8111.73,2727603.99
2019-08-15,7933.21,8134.21,7902.04,8128.13,2865919.09
2019-08-16,8140.61,8203.89,8096.03,8120.53,3010512.89
2019-08-19,8300.92,8394.17,8233.45,8390.31,4916436.36
2019-08-20,8382.81,8478.64,8367.32,8428.6,3949189.67
2019-08-21,8429.79,8515.11,8421.51,8432.6,3018660.81
2019-08-22,8462.82,8476.64,8357.57,8371.62,2598929.56
2019-08-23,8396.92,8427.72,8333.88,8365.74,2743169.22
2019-08-26,8199.37,8263.66,8174.58,8251.67,3169155.77
2019-08-27,8307.4,8382.37,8297.51,8303.84,4169851.95
2019-08-28,8320.58,8335.49,8248.78,8288.31,2390012.93
2019-08-29,8295.01,8295.72,8056.42,8070.03,4248434.23
2019-08-30,8137.14,8137.77,7974.01,7997.58,3885817.33
2019-09-02,7979.24,8066.34,7972.91,8045.63,4171698.83
2019-09-03,8054.06,8059.9,7969.2,7999.7,3685586.36
2019-09-04,8009.27,8258.33,7998.37,8258.33,5792311.99
2019-09-05,8279.62,8399.43,8217.6,8239.92,6632472.38
2019-09-06,8272.84,8283.87,8187.11,8283.87,3682018.42
2019-09-09,8341.44,8419.0,8340.82,8374.31,4440736.12
2019-09-10,8388.1,8389.38,8297.75,8358.61,3590019.58
2019-09-11,8372.34,8377.93,8283.39,8332.21,3059076.64
2019-09-12,8383.83,8582.78,8383.53,8568.94,6187054.22
2019-09-16,8592.9,8592.9,8465.41,8488.75,3927510.34
2019-09-17,8480.9,8480.9,8354.73,8386.24,3394597.04
2019-09-18,8416.23,8543.78,8389.25,8484.08,3772617.51
2019-09-19,8507.53,8507.71,8435.49,8461.4,2856139.08
2019-09-20,8470.62,8477.4,8389.09,8428.18,3366986.11
2019-09-23,8391.13,8391.13,8229.34,8274.31,3265094.86
2019-09-24,8290.43,8333.07,8261.39,8269.56,2820251.52
2019-09-25,8256.4,8290.1,8209.15,8241.73,2795784.6
2019-09-26,8270.69,8404.25,8269.17,8279.26,3757793.42
2019-09-27,8285.23,8293.3,8200.0,8215.72,2510740.21
2019-09-30,8204.42,8264.63,8199.26,8207.57,2251180.76
2019-10-08,8219.98,8535.85,8219.98,8453.34,5361325.25
2019-10-09,8417.14,8713.68,8411.65,8647.52,6756543.12
2019-10-10,8654.78,8693.46,8584.91,8640.23,4659075.32
2019-10-11,8683.11,8732.07,8624.04,8696.72,4444189.59
2019-10-14,8738.29,8866.23,8720.09,8759.64,5523123.92
2019-10-15,8779.04,8841.47,8692.19,8700.48,3313245.19
2019-10-16,8742.26,9010.54,8741.67,8799.7,5263294.92
2019-10-17,8824.51,8854.44,8736.38,8769.7,3599766.07
2019-10-18,8801.55,8872.4,8570.26,8604.52,3797309.77
2019-10-21,8635.02,8869.54,8635.02,8821.49,4946436.07
2019-10-22,8846.03,8847.8,8699.26,8807.89,3996151.86
2019-10-23,8783.73,8800.48,8625.52,8663.82,3691472.24
2019-10-24,8674.28,8738.29,8637.85,8723.57,3759119.26
2019-10-25,8763.77,8836.36,8694.01,8764.08,3963815.02
2019-10-28,8741.72,8742.31,8589.96,8649.24,4660768.54
2019-10-29,8663.04,8663.04,8569.2,8576.48,3473885.63
2019-10-30,8568.35,8599.68,8514.44,8534.82,3809726.49
2019-10-31,8573.68,8595.3,8458.66,8491.3,4072085.43
2019-11-01,8490.9,8667.68,8428.86,8663.99,13426064.68
2019-11-04,8688.35,8696.36,8618.26,8660.72,12105495.47
2019-11-05,8678.5,8791.4,8587.2,8726.15,10870196.93
2019-11-06,8719.52,8719.52,8610.02,8650.71,9474518.17
2019-11-07,8637.56,8711.98,8620.22,8669.36,9456550.92
2019-11-08,8711.78,8728.04,8591.32,8598.71,9313986.8
2019-11-11,8538.88,8538.88,8401.42,8412.42,7205553.89
2019-11-12,8425.6,8465.32,8384.65,8416.78,5312116.86
2019-11-13,8424.22,8424.22,8309.89,8340.27,6194296.67
2019-11-14,8355.95,8359.25,8313.19,8326.37,5809241.24
2019-11-15,8333.48,8366.73,8287.07,8292.29,5187420.67
2019-11-18,8279.52,8393.99,8222.52,8357.59,5336560.59
2019-11-19,8362.0,8497.44,8353.97,8495.61,6126424.38
2019-11-20,8479.81,8523.85,8401.0,8416.57,5420915.28
2019-11-21,8379.1,8424.23,8338.35,8411.02,4233178.11
2019-11-22,8420.44,8481.95,8349.6,8405.91,4854607.64
2019-11-25,8445.45,8718.71,8445.45,8696.04,7930225.35
2019-11-26,8717.53,8717.53,8613.53,8682.45,5990202.89
2019-11-27,8664.15,8682.6,8588.06,8604.84,4298030.07
2019-11-28,8619.9,8621.72,8488.53,8519.92,4994783.5
2019-11-29,8516.95,8551.72,8470.43,8490.64,3769821.23
2019-12-02,8530.29,8687.5,8530.29,8677.58,5821212.01
2019-12-03,8641.22,8746.29,8628.32,8700.86,5418454.2
2019-12-04,8675.15,8676.7,8601.14,8630.36,3928538.32
2019-12-05,8669.59,8669.59,8584.76,8620.85,5454851.72
2019-12-06,8626.64,8658.84,8606.93,8658.84,4466148.48
2019-12-09,8693.51,8887.84,8693.51,8887.84,8557446.79
2019-12-10,8859.85,8863.68,8792.88,8839.98,5423982.0
2019-12-11,8881.93,8994.02,8857.57,8910.24,6792028.76
2019-12-12,8904.55,8941.83,8820.58,8838.59,5151869.27
2019-12-13,8931.96,8993.94,8930.91,8954.1,7038435.73
2019-12-16,8950.34,9111.47,8903.29,9111.12,7435028.67
2019-12-17,9095.94,9475.54,9069.35,9311.12,9675108.54
2019-12-18,9308.11,9398.62,9247.86,9264.46,6468237.19
2019-12-19,9272.54,9414.68,9268.7,9336.91,4680382.39
2019-12-20,9382.47,9556.13,9382.47,9455.44,5808167.36
2019-12-23,9460.63,9538.68,9253.06,9261.8,5644376.35
2019-12-24,9265.17,9281.12,9092.41,9152.86,4200647.62
2019-12-25,9141.65,9169.84,9100.62,9125.77,3772879.17
2019-12-26,9187.75,9442.03,9187.75,9387.16,6420050.29
2019-12-27,9386.04,9462.62,9357.79,9371.58,5606295.96
2019-12-30,9446.38,9549.0,9384.68,9549.0,6140513.96
2019-12-31,9529.71,9687.73,9485.7,9617.19,5369390.88
2020-01-02,9767.8,9931.4,9697.17,9705.54,8382654.92
2020-01-03,9746.04,9752.61,9531.82,9599.56,6374759.44
2020-01-06,9511.81,9536.05,9403.5,9461.03,7093697.64
2020-01-07,9481.37,9560.54,9460.51,9541.32,6236045.14
2020-01-08,9454.35,9476.58,9351.28,9400.93,6613911.96
2020-01-09,9572.02,9673.24,9544.82,9608.03,7485862.02
2020-01-10,9604.35,9615.56,9444.92,9466.58,5206096.75
2020-01-13,9469.48,9563.13,9430.39,9559.69,5306815.61
2020-01-14,9574.41,9620.16,9492.46,9507.43,5640480.17
2020-01-15,9483.92,9508.93,9331.34,9343.82,5466999.48
2020-01-16,9377.94,9406.87,9293.85,9312.4,4700728.0
2020-01-17,9353.37,9396.93,9250.23,9300.42,4223087.33
2020-01-20,9297.0,9297.0,9112.2,9191.58,5335432.5
2020-01-21,9123.49,9144.5,8933.47,8943.41,5813201.55
2020-01-22,8936.42,9150.0,8901.66,9123.06,5276424.73
2020-01-23,9003.37,9017.13,8745.96,8794.94,5923771.02
2020-02-03,7930.02,8106.34,7930.02,7986.43,6939874.22
2020-02-04,7916.04,8190.16,7916.04,8163.11,8614045.29
2020-02-05,8144.6,8276.69,8082.01,8196.34,6794058.97
2020-02-06,8240.76,8317.01,8125.24,8271.39,6808455.59
2020-02-07,8184.5,8212.17,8112.89,8208.78,5846257.5
2020-02-10,8133.08,8476.62,8099.41,8438.14,6549584.12
2020-02-11,8417.58,8639.62,8417.58,8535.16,5423941.76
2020-02-12,8503.34,8547.93,8471.58,8521.54,4241178.11
2020-02-13,8611.56,8858.74,8611.56,8705.04,7728998.78
2020-02-14,8727.42,8977.37,8723.96,8974.53,7621273.24
2020-02-17,9017.25,9040.54,8853.34,8954.35,7628601.48
2020-02-18,8881.12,8883.16,8735.14,8807.94,6257565.8
2020-02-19,8794.95,8905.61,8773.04,8806.77,5313474.4
2020-02-20,8780.34,8861.83,8702.61,8861.83,7116621.85
2020-02-21,8844.44,8844.44,8689.35,8733.81,7238217.86
2020-02-24,8684.28,8684.28,8494.13,8585.92,8093357.53
2020-02-25,8518.66,8731.08,8511.64,8634.36,8200162.23
2020-02-26,8526.76,9092.18,8504.17,8882.92,12370797.67
2020-02-27,8915.77,8932.72,8742.85,8766.29,7249146.24
2020-02-28,8647.79,8960.86,8638.03,8725.52,9316139.51
2020-03-02,8786.42,9217.76,8786.42,9138.05,10736979.2
2020-03-03,9220.91,9260.37,8975.45,9095.76,8609109.52
2020-03-04,9141.81,9487.37,9036.83,9422.85,11693457.23
2020-03-05,9334.58,9518.58,9285.01,9466.94,9816052.07
2020-03-06,9345.09,9367.05,9147.67,9171.25,6577557.39
2020-03-09,8985.96,9010.8,8883.19,8929.3,7278096.21
2020-03-10,8938.24,9140.11,8822.84,9036.29,6024323.77
2020-03-11,9054.07,9121.83,8954.74,8961.65,5027796.8
2020-03-12,8865.89,8979.55,8760.87,8849.54,4819704.91
2020-03-13,8427.43,8771.86,8362.5,8697.26,6241441.12
2020-03-16,8697.54,8697.54,8322.12,8360.87,5942936.56
2020-03-17,8359.97,8477.79,8084.29,8248.52,5615626.94
2020-03-18,8198.59,8263.39,7869.11,7885.92,7097311.54
2020-03-19,7791.96,7854.33,7415.22,7639.91,8427015.6
2020-03-20,7743.32,7899.56,7642.96,7881.8,6216593.23
2020-03-23,7604.98,7665.45,7528.69,7547.65,5022502.15
2020-03-24,7698.01,7773.79,7590.79,7747.47,5559476.41
2020-03-25,7902.22,8180.26,7855.06,8158.93,8222399.52
2020-03-26,8059.24,8177.81,8023.46,8091.7,4496026.36
2020-03-27,8220.14,8339.69,8146.09,8203.52,6020384.41
2020-03-30,8088.98,8213.99,8070.41,8127.45,5161344.52
2020-03-31,8192.45,8215.39,7964.63,8024.59,4408879.73
2020-04-01,8099.81,8248.63,8086.61,8114.33,4171743.02
2020-04-02,8071.53,8182.57,8063.86,8182.57,3227716.85
2020-04-03,8153.03,8229.27,8119.24,8168.1,3082450.44
2020-04-07,8313.51,8325.14,8212.37,8268.77,4903969.44
2020-04-08,8226.07,8244.75,8153.53,8207.72,3425656.52
2020-04-09,8251.97,8257.36,8118.41,8140.87,2983574.95
2020-04-10,8169.76,8272.52,8077.74,8106.14,3612131.79
2020-04-13,8082.7,8162.28,8064.75,8149.05,2759780.09
2020-04-14,8180.93,8364.91,8167.89,8318.62,4600006.43
2020-04-15,8301.93,8309.94,8162.11,8182.63,3381912.59
2020-04-16,8191.81,8250.4,8157.48,8216.7,4398875.9
2020-04-17,8274.91,8318.43,8217.95,8263.61,4750354.56
2020-04-20,8274.27,8274.27,8095.71,8231.47,4698801.92
2020-04-21,8190.33,8257.54,8076.88,8126.56,5135546.73
2020-04-22,8076.56,8151.7,8030.23,8150.01,3732780.21
2020-04-23,8176.82,8186.6,8099.93,8153.28,4205976.23
2020-04-24,8150.15,8150.15,8047.48,8074.85,3464989.4
2020-04-27,8112.43,8243.96,8097.73,8158.42,4068498.56
2020-04-28,8207.31,8308.37,8093.91,8250.56,5056920.35
2020-04-29,8241.19,8426.45,8233.13,8426.45,4580783.3
2020-04-30,8429.38,8458.72,8383.85,8402.04,4657369.63
2020-05-06,8269.58,8309.16,8192.61,8260.7,5560152.65
2020-05-07,8233.52,8233.52,8172.11,8181.89,4102683.73
2020-05-08,8228.11,8305.65,8185.25,8290.43,5346660.26
2020-05-11,8295.62,8332.43,8266.01,8289.64,4924203.93
2020-05-12,8291.2,8292.88,8168.15,8188.6,4118977.14
2020-05-13,8165.36,8184.87,8125.25,8183.96,3534815.04
2020-05-14,8154.12,8154.12,8036.26,8047.67,3721605.03
2020-05-15,8081.61,8101.4,8041.85,8046.74,3790345.39
2020-05-18,8084.45,8191.31,8066.96,8158.63,4914672.41
2020-05-19,8236.56,8237.73,8098.01,8115.84,3610491.79
2020-05-20,8105.81,8105.81,8009.28,8017.91,3924613.76
2020-05-21,8047.84,8053.86,7958.39,7975.43,3152302.64
2020-05-22,7973.06,7975.0,7818.51,7818.51,3727960.81
2020-05-25,7844.62,7958.21,7800.05,7940.53,3379835.9
2020-05-26,7973.65,7997.7,7927.95,7996.42,3172485.53
2020-05-27,7993.36,8045.42,7963.32,8011.25,3081476.81
2020-05-28,8017.77,8183.71,8017.77,8060.42,4154056.67
2020-05-29,7976.47,7976.47,7852.65,7869.04,3422091.14
2020-06-01,7918.84,8076.71,7918.84,8073.88,5003988.94
2020-06-02,8057.4,8278.18,8052.32,8268.79,6117413.44
2020-06-03,8306.63,8438.71,8213.69,8217.0,5539518.06
2020-06-04,8268.54,8282.25,8125.03,8172.32,3572163.74
2020-06-05,8171.59,8175.94,8035.62,8097.99,3554389.23
2020-06-08,8175.95,8270.8,8145.95,8190.02,4310856.49
2020-06-09,8196.62,8258.45,8161.4,8195.79,3845940.23
2020-06-10,8193.67,8194.49,8060.82,8092.02,4222671.02
2020-06-11,8083.92,8100.84,7967.94,7988.23,4898431.86
2020-06-12,7881.25,7994.32,7859.56,7964.59,3750819.6
2020-06-15,7906.16,8023.86,7906.16,7911.98,3810569.62
2020-06-16,7989.67,8022.0,7962.97,8007.92,3654629.28
2020-06-17,8000.28,8000.28,7933.87,7966.77,3095026.91
2020-06-18,7982.6,8096.1,7980.45,8063.05,4554853.05
2020-06-19,8059.83,8074.42,8006.05,8068.3,5033228.96
2020-06-22,8038.48,8054.3,7981.27,7987.63,4522519.48
2020-06-23,7985.35,7985.42,7916.32,7943.37,3971467.84
2020-06-24,7971.44,8169.97,7966.52,8143.47,5945266.53
2020-06-29,8098.55,8106.55,7970.78,8008.73,4808353.1
2020-06-30,8049.81,8139.73,8013.84,8135.73,5979041.21
2020-07-01,8156.51,8809.57,8148.62,8708.27,13495943.31
2020-07-02,8757.03,9078.38,8754.9,9010.68,13978291.37
2020-07-03,9064.6,9212.81,8904.96,9067.97,16909616.1
2020-07-06,9300.29,9885.19,9300.29,9862.81,17178862.54
2020-07-07,10044.21,10190.33,9717.54,9735.36,17324126.72
2020-07-08,9718.18,9859.02,9537.88,9748.87,15381101.76
2020-07-09,9782.05,9898.72,9646.12,9898.72,14221976.82
2020-07-10,9705.67,9757.22,9506.17,9551.34,14875798.0
2020-07-13,9468.95,9583.59,9277.22,9526.91,15283990.92
2020-07-14,9488.8,9580.08,9206.51,9349.19,13297550.8
2020-07-15,9387.26,9440.05,9080.06,9080.06,11152109.59
2020-07-16,9111.02,9237.24,8876.76,8876.76,11893361.06
2020-07-17,8867.2,8939.1,8682.12,8797.65,10421732.19
2020-07-20,8867.93,9178.68,8832.45,9146.04,8711486.99
2020-07-21,9163.84,9175.14,9021.5,9074.6,6112714.79
2020-07-22,9054.88,9174.41,8977.59,9052.42,7760221.86
2020-07-23,8918.72,8961.46,8723.17,8847.87,6782732.3
2020-07-24,8811.43,8955.02,8592.89,8649.64,7126348.94
2020-07-27,8717.49,8728.03,8436.13,8502.38,7799926.08
2020-07-28,8548.65,8587.99,8453.9,8564.17,6376166.59
2020-07-29,8520.64,8667.89,8463.79,8660.13,6435265.49
2020-07-30,8651.74,8666.4,8563.63,8611.25,7032218.61
2020-07-31,8586.73,8734.56,8532.45,8626.45,6644800.85
2020-08-03,8689.75,8798.84,8662.14,8786.87,8620634.96
2020-08-04,8800.68,8957.43,8702.31,8895.31,9513307.29
2020-08-05,8826.96,8826.96,8666.42,8724.24,7614028.56
2020-08-06,8740.7,8820.57,8628.47,8749.96,6046335.5
2020-08-07,8700.0,8730.09,8588.63,8648.49,5813320.27
2020-08-10,8645.02,8965.99,8632.07,8914.83,9656499.91
2020-08-11,8947.03,9052.11,8868.98,8869.45,7995268.23
2020-08-12,8867.85,9033.11,8840.72,9033.11,7959648.36
2020-08-13,9040.61,9073.48,8968.71,9018.0,6147098.33
2020-08-14,8941.91,9104.5,8853.01,9083.97,7408497.32
2020-08-17,9108.81,9391.61,9075.64,9256.8,10224028.53
2020-08-18,9255.34,9265.85,9056.33,9118.54,7676702.06
2020-08-19,9099.71,9127.4,8988.66,8997.39,6727936.86
2020-08-20,8973.31,8994.13,8922.6,8972.24,5277068.15
2020-08-21,9040.53,9043.79,8916.47,8968.53,4591440.46
2020-08-24,9002.35,9080.61,8897.44,8906.11,4801128.44
2020-08-25,8918.92,8993.4,8874.65,8900.81,4766999.7
2020-08-26,8898.82,8967.15,8804.14,8842.01,4934110.91
2020-08-27,8836.5,8848.65,8671.82,8735.08,4939966.98
2020-08-28,8736.17,8902.17,8720.29,8887.25,5163210.0
2020-08-31,8905.13,8977.59,8740.27,8764.58,7452760.21
2020-09-01,8752.78,8753.71,8681.48,8742.31,5237363.99
2020-09-02,8762.49,8822.08,8680.37,8786.72,5344050.03
2020-09-03,8778.05,8888.88,8735.38,8800.16,4879439.95
2020-09-04,8714.91,8834.48,8672.7,8825.43,4403360.37
2020-09-07,8785.35,9052.86,8785.35,8843.85,6720583.59
2020-09-08,8881.34,8989.46,8809.68,8837.6,5604115.43
2020-09-09,8773.19,8844.72,8656.26,8729.75,6615362.03
2020-09-10,8854.97,9092.94,8843.99,8865.2,7830430.8
2020-09-11,8843.89,8850.9,8732.07,8756.67,6531068.08
2020-09-14,8771.69,8810.47,8660.25,8702.76,5261041.45
2020-09-15,8689.44,8814.66,8644.87,8775.11,5432549.55
2020-09-16,8768.22,8913.38,8710.64,8862.96,6388835.0
2020-09-17,8849.86,8886.52,8765.68,8790.47,4595393.67
2020-09-18,8812.01,9118.35,8787.37,9118.35,8319220.81
2020-09-21,9126.26,9143.22,9038.72,9052.05,5160682.27
2020-09-22,8988.93,9084.27,8930.75,8965.73,4865025.44
2020-09-23,8996.18,9009.23,8851.07,8873.61,3511976.89
2020-09-24,8855.95,8857.47,8700.26,8708.93,4404727.79
2020-09-25,8695.0,8739.11,8495.54,8516.27,5400645.09
2020-09-28,8570.34,8713.85,8558.27,8655.32,4173836.13
2020-09-29,8686.05,8710.37,8607.99,8607.99,3463425.77
2020-09-30,8683.03,8683.03,8456.24,8534.62,3462427.33
2020-10-09,8587.17,8621.62,8520.49,8568.3,4271687.94
2020-10-12,8629.85,8768.47,8619.97,8738.11,5707701.49
2020-10-13,8713.85,8713.85,8613.82,8653.48,3987835.0
2020-10-14,8626.43,8636.64,8531.6,8548.75,3960447.44
2020-10-15,8532.74,8593.97,8509.97,8531.5,3309034.35
2020-10-16,8528.61,8592.91,8525.1,8572.17,3265511.16
2020-10-19,8610.31,8807.99,8544.42,8568.28,5644574.05
2020-10-20,8538.15,8538.15,8438.66,8497.37,3985511.49
2020-10-21,8504.0,8523.01,8426.87,8520.25,3535590.59
2020-10-22,8495.12,8600.78,8483.94,8560.35,3703946.22
2020-10-23,8543.71,8613.02,8513.71,8563.06,3501465.79
2020-10-26,8576.55,8594.38,8483.12,8517.54,3778513.85
2020-10-27,8499.85,8508.19,8360.61,8375.07,4002204.71
2020-10-28,8374.13,8374.91,8228.46,8252.71,3785459.14
2020-10-29,8196.71,8317.0,8156.96,8295.12,3509872.85
2020-10-30,8291.46,8445.23,8162.41,8181.81,5962004.33
2020-11-02,8194.84,8280.26,8192.38,8220.47,5030885.32
2020-11-03,8239.93,8307.36,8180.96,8289.01,3964565.6
2020-11-04,8280.98,8322.6,8251.04,8293.94,3300582.48
2020-11-05,8349.4,8568.29,8341.22,8545.06,5570147.65
2020-11-06,8564.38,8631.14,8524.14,8607.49,4417089.29
2020-11-09,8668.39,8704.47,8583.55,8641.47,5214986.27
2020-11-10,8682.19,8768.33,8576.43,8607.61,4281730.07
2020-11-11,8610.01,8803.35,8600.67,8726.16,5614080.73
2020-11-12,8717.17,8720.69,8609.29,8653.62,3771097.1
2020-11-13,8612.02,8612.02,8419.23,8458.82,4051765.18
2020-11-16,8500.27,8553.52,8461.9,8546.76,3746742.54
2020-11-17,8555.26,8846.26,8551.57,8797.03,8228203.51
2020-11-18,8807.71,9008.77,8701.28,8916.71,7392876.72
2020-11-19,8897.24,8983.34,8867.05,8950.3,5478711.87
2020-11-20,8955.04,8957.45,8804.25,8893.28,3949763.94
2020-11-23,8886.68,8994.7,8836.34,8936.04,5007159.37
2020-11-24,8913.36,8991.72,8828.25,8863.0,3513998.7
2020-11-25,8906.71,8988.21,8845.1,8845.84,4849484.46
2020-11-26,8845.31,8868.91,8708.93,8852.52,3886546.98
2020-11-27,8876.9,9081.84,8871.86,9039.16,4702836.7
2020-11-30,9070.16,9299.8,8933.54,8933.54,8299626.43
2020-12-01,8938.82,8957.84,8762.02,8945.19,6121413.52
2020-12-02,8969.01,9198.65,8909.59,9031.48,6269341.98
2020-12-03,9067.46,9067.46,8901.83,8960.88,4111263.34
2020-12-04,8978.96,8978.96,8748.67,8780.29,4465537.7
2020-12-07,8783.7,8795.69,8593.45,8606.17,4186962.06
2020-12-08,8613.21,8644.36,8545.77,8557.09,3347777.95
2020-12-09,8586.21,8590.1,8439.44,8441.09,3494186.54
2020-12-10,8449.28,8484.18,8391.12,8427.36,3264173.44
2020-12-11,8455.53,8457.26,8280.5,8332.53,4308466.64
2020-12-14,8385.17,8441.3,8340.88,8436.22,3462058.64
2020-12-15,8414.96,8414.96,8299.17,8348.19,3214093.46
2020-12-16,8367.53,8411.77,8291.35,8347.64,2854586.7
2020-12-17,8341.98,8415.58,8274.27,8403.44,3396249.06
2020-12-18,8401.9,8414.25,8309.59,8329.37,3462201.96
2020-12-21,8291.21,8314.53,8199.5,8248.05,3929700.02
2020-12-22,8225.85,8333.36,8168.73,8196.66,3973948.68
2020-12-23,8209.18,8210.67,8081.55,8123.58,4220712.72
2020-12-24,8124.0,8165.25,8034.28,8065.12,3662199.26
2020-12-25,8077.92,8106.73,7994.63,8093.44,2956259.86
2020-12-28,8089.66,8150.71,7996.3,8096.2,3832687.53
2020-12-29,8115.05,8219.36,8112.16,8182.88,3718126.12
2020-12-30,8160.53,8168.54,8089.58,8118.26,3368774.68
2020-12-31,8107.22,8250.7,8088.95,8250.7,4459836.21
2021-01-04,8172.91,8172.91,7938.6,7980.41,7811056.55
2021-01-05,7952.49,7993.42,7761.86,7989.97,6751533.62
2021-01-06,7951.74,8073.84,7937.44,8072.8,5166860.27
2021-01-07,8100.26,8203.36,7926.97,8015.25,5942926.99
2021-01-08,8000.58,8153.92,7980.82,8126.89,5306218.8
2021-01-11,8142.55,8270.59,8095.82,8127.0,6646189.04
2021-01-12,8126.9,8129.63,8024.97,8121.52,5392922.36
2021-01-13,8154.57,8255.31,8113.72,8188.02,6305648.34
2021-01-14,8178.62,8405.85,8178.2,8239.9,6200314.73
2021-01-15,8234.32,8383.23,8231.32,8240.52,5678531.2
2021-01-18,8276.52,8468.15,8202.49,8468.12,7104836.12
2021-01-19,8430.28,8825.48,8349.21,8632.68,10899521.57
2021-01-20,8574.41,8574.55,8405.0,8455.25,6070584.3
2021-01-21,8419.07,8473.43,8351.35,8372.18,6090657.41
2021-01-22,8337.27,8337.27,8154.06,8175.16,5735945.64
2021-01-25,8154.92,8178.32,8019.53,8117.86,6362299.82
2021-01-26,8091.51,8246.56,8072.44,8135.65,4577839.09
2021-01-27,8132.62,8204.83,8030.65,8053.25,5108430.26
2021-01-28,7971.43,7973.28,7826.3,7849.16,4839798.28
2021-01-29,7876.3,7890.35,7664.34,7694.88,4828913.52
2021-02-01,7724.64,7788.68,7627.46,7763.54,4224108.42
2021-02-02,7791.6,7884.11,7747.94,7826.11,4512835.13
2021-02-03,7839.56,7839.56,7700.8,7741.82,4629042.09
2021-02-04,7725.41,7761.73,7621.44,7669.39,4759188.57
2021-02-05,7691.87,7972.76,7691.87,7879.53,6583201.28
2021-02-08,7918.21,8062.57,7860.31,7932.88,5101751.78
2021-02-09,7922.94,7922.94,7811.8,7881.61,4252777.01
2021-02-10,7861.54,7941.71,7816.41,7873.47,3748051.92
2021-02-18,7936.61,8189.07,7936.61,8184.94,7279837.08
2021-02-19,8118.11,8226.86,8095.04,8216.66,6386949.79
2021-02-22,8203.6,8362.89,8170.43,8257.31,7180020.72
2021-02-23,8194.63,8272.58,8152.06,8210.54,7548375.33
2021-02-24,8199.44,8361.75,8152.16,8234.04,7566201.71
2021-02-25,8324.34,9000.8,8320.46,8906.53,19285842.52
2021-02-26,8749.3,8984.81,8589.49,8756.62,14049158.96
2021-03-01,8783.9,8933.04,8622.77,8842.21,8629675.51
2021-03-02,8812.98,9117.77,8782.58,8796.89,7816898.35
2021-03-03,8720.46,8942.11,8667.84,8866.09,6538910.44
2021-03-04,8826.47,8980.45,8647.0,8685.01,6891563.23
2021-03-05,8585.27,8696.77,8354.82,8468.91,7514452.12
2021-03-08,8530.04,8629.47,8374.85,8374.85,6792640.18
2021-03-09,8399.67,8487.43,8251.29,8310.32,7588159.55
2021-03-10,8347.47,8359.59,8164.07,8221.74,5968044.39
2021-03-11,8239.93,8372.55,8239.93,8317.99,5175604.79
2021-03-12,8322.57,8614.04,8223.92,8448.99,6997745.82
2021-03-15,8436.45,8523.28,8370.96,8415.97,5992328.46
2021-03-16,8426.27,8776.16,8380.65,8729.87,7772719.27
2021-03-17,8671.56,8800.11,8601.28,8646.21,5895037.31
2021-03-18,8632.75,8736.34,8604.68,8649.41,4661224.31
2021-03-19,8594.3,8594.3,8309.7,8376.93,5867974.82
2021-03-22,8300.2,8464.15,8298.54,8456.11,5185092.18
2021-03-23,8453.96,8482.92,8367.12,8407.61,4750031.81
2021-03-24,8372.64,8381.57,8172.97,8219.26,6142542.28
2021-03-25,8224.79,8264.83,8168.25,8197.02,3887854.91
2021-03-26,8224.18,8271.92,8205.09,8233.62,3983112.44
2021-03-29,8210.27,8340.59,8147.43,8298.65,4547460.64
2021-03-30,8302.11,8440.77,8270.43,8365.1,4308856.71
2021-03-31,8320.11,8320.11,8180.96,8217.83,5617082.53
2021-04-01,8228.67,8253.99,8133.23,8183.79,3688181.48
2021-04-02,8221.66,8270.41,8191.89,8258.03,3426245.1
2021-04-06,8283.85,8285.57,8171.26,8189.41,3404277.81
2021-04-07,8208.32,8280.91,8166.7,8280.25,5321777.86
2021-04-08,8235.54,8236.09,8127.71,8135.51,5807262.88
2021-04-09,8156.46,8156.53,8069.34,8104.73,4368236.13
2021-04-12,8128.48,8168.2,8085.18,8116.51,5109782.67
2021-04-13,8129.15,8143.98,8001.87,8044.51,4517721.68
2021-04-14,8057.78,8142.83,8050.41,8131.57,3711085.97
2021-04-15,8112.13,8151.5,8014.96,8080.17,3992602.27
2021-04-16,8113.51,8175.02,8080.83,8174.72,4251998.45
2021-04-19,8159.73,8176.36,8096.47,8169.95,5459705.28
2021-04-20,8122.4,8142.76,8081.8,8090.42,4843029.25
2021-04-21,8063.2,8080.46,7987.62,8072.58,3622030.22
2021-04-22,8100.01,8165.55,8079.67,8117.36,4198514.14
2021-04-23,8056.67,8058.87,7937.31,7971.58,5144473.2
2021-04-26,7950.97,7979.83,7877.27,7886.85,4307925.4
2021-04-27,7878.08,7928.63,7850.46,7916.82,4067263.62
2021-04-28,7925.96,7939.01,7882.97,7905.51,4183075.08
2021-04-29,7923.22,7964.87,7864.4,7962.44,4502512.62
2021-04-30,7962.78,7996.44,7817.7,7870.86,7229034.72
2021-05-06,7822.07,7884.87,7785.32,7818.37,4820560.0
2021-05-07,7815.05,7865.2,7777.2,7788.7,4350857.91
2021-05-10,7784.31,7785.31,7628.61,7657.25,4883612.3
2021-05-11,7620.73,7731.82,7593.77,7706.78,4335592.8
2021-05-12,7668.19,7669.59,7562.1,7588.96,4925499.54
2021-05-13,7533.91,7584.06,7524.15,7580.18,3583629.03
2021-05-14,7589.63,7666.25,7562.15,7663.75,4106509.09
2021-05-17,7665.6,7740.81,7636.32,7684.65,4499386.0
2021-05-18,7684.76,7772.35,7668.41,7755.92,5099999.33
2021-05-19,7750.6,7753.78,7616.35,7627.51,4981138.4
2021-05-20,7613.65,7641.24,7577.21,7634.5,4042850.34
2021-05-21,7636.15,7665.94,7551.07,7556.37,3893475.36
2021-05-24,7540.44,7540.44,7469.19,7493.96,3992231.09
2021-05-25,7493.34,7651.57,7472.64,7637.99,5201808.15
2021-05-26,7643.92,7841.73,7640.8,7751.6,6961012.87
2021-05-27,7748.22,7792.69,7715.05,7755.17,5878862.72
2021-05-28,7759.19,7792.47,7630.36,7659.7,5929849.72
2021-05-31,7660.43,7668.38,7584.14,7614.97,4345547.24
2021-06-01,7639.67,7651.48,7552.96,7586.99,4371056.12
2021-06-02,7581.06,7713.83,7540.35,7635.92,5783890.58
2021-06-03,7649.03,7689.81,7612.86,7615.68,5042891.86
2021-06-04,7589.44,7626.52,7532.09,7559.17,4841883.7
2021-06-07,7520.76,7521.65,7414.87,7438.57,5727320.23
2021-06-08,7457.45,7514.93,7448.1,7473.41,5163409.55
2021-06-09,7459.32,7466.47,7396.27,7403.11,4455025.88
2021-06-10,7391.17,7427.81,7332.17,7336.72,4493202.33
2021-06-11,7331.59,7337.3,7266.93,7277.39,6278891.32
2021-06-15,7261.57,7262.67,7088.94,7099.13,4069067.69
2021-06-16,7093.5,7260.74,7091.32,7174.21,3347638.9
2021-06-17,7168.24,7216.52,7124.43,7177.35,3241429.13
2021-06-18,7169.67,7169.67,7055.75,7085.04,3182496.6
2021-06-21,7064.72,7065.72,6984.73,7011.88,3187547.56
2021-06-22,7026.79,7080.4,6965.57,7002.14,3154031.07
2021-06-23,7007.8,7050.25,6984.5,7043.3,3125553.15
2021-06-24,7048.06,7092.47,6998.03,7016.75,2485574.2
2021-06-25,7037.47,7072.25,7017.8,7068.84,2541095.35
2021-06-28,7087.5,7090.39,6945.76,6958.1,2783116.59
2021-06-29,6962.26,7003.68,6889.81,6895.12,3131762.74
2021-06-30,6904.6,6914.26,6857.43,6891.83,2464634.66
2021-07-01,6916.93,7245.6,6898.68,7189.74,5181636.26
2021-07-02,7141.29,7155.73,6970.32,6976.94,3588326.78
2021-07-05,6982.78,6985.38,6842.73,6895.07,3053041.48
2021-07-06,6905.27,7150.55,6893.85,7092.13,4716500.23
2021-07-07,7046.49,7105.53,6978.63,7004.84,3144361.96
2021-07-08,7028.69,7029.35,6907.17,6965.5,4369958.98
2021-07-09,6887.35,6994.96,6880.42,6925.36,3769886.82
2021-07-12,6983.13,6983.84,6836.6,6841.89,4246384.26
2021-07-13,6833.13,6934.43,6806.4,6855.41,3301730.6
2021-07-14,6856.68,6859.01,6704.47,6705.65,3227339.79
2021-07-15,6704.76,6807.11,6652.4,6775.57,3115775.91
2021-07-16,6756.52,6832.75,6749.76,6793.68,3003021.45
2021-07-19,6771.57,6771.57,6613.72,6665.18,3128650.4
2021-07-20,6601.3,6618.75,6516.05,6563.95,3331171.51
2021-07-21,6553.02,6584.96,6460.59,6478.57,3166136.13
2021-07-22,6475.79,6579.09,6445.02,6567.74,3247443.58
2021-07-23,6554.28,6560.51,6450.95,6480.53,2869341.35
2021-07-26,6402.36,6402.36,6059.32,6083.18,5722661.04
2021-07-27,6068.3,6068.3,5800.39,5809.05,5870392.48
2021-07-28,5783.24,5847.85,5733.94,5784.76,4829807.37
2021-07-29,5847.28,5849.93,5718.42,5789.34,3730693.59
2021-07-30,5736.33,5808.71,5657.16,5782.17,3081551.14
2021-08-02,5755.38,5920.27,5639.38,5863.8,4410937.22
2021-08-03,5845.04,5908.41,5822.87,5833.52,2675422.73
2021-08-04,5835.04,5835.04,5758.19,5777.84,2697031.6
2021-08-05,5827.53,6077.8,5823.51,5929.1,5997016.02
2021-08-06,5860.07,5967.53,5788.74,5950.97,3705447.75
2021-08-09,5937.76,6405.95,5931.63,6296.34,7591840.23
2021-08-10,6286.62,6303.49,6126.59,6271.06,4773346.96
2021-08-11,6440.95,6810.42,6440.95,6635.91,10951183.74
2021-08-12,6587.47,6668.25,6519.67,6519.67,5332500.23
2021-08-13,6508.23,6570.5,6422.77,6477.45,4280527.26
2021-08-16,6434.06,6636.06,6398.7,6529.81,5223383.9
2021-08-17,6499.08,6743.67,6468.26,6598.49,6239736.88
2021-08-18,6580.5,6742.22,6493.4,6690.54,4475215.72
2021-08-19,6642.82,6668.33,6476.82,6509.21,4061465.35
2021-08-20,6532.98,6588.6,6430.98,6510.34,4122297.95
2021-08-23,6502.09,6535.05,6449.01,6462.04,2929045.58
2021-08-24,6455.16,6552.07,6410.89,6473.01,3751903.48
2021-08-25,6399.52,6399.52,6200.95,6235.29,3556322.31
2021-08-26,6199.36,6287.66,6107.15,6120.7,3650958.65
2021-08-27,6109.88,6139.68,6040.11,6094.79,3733490.63
2021-08-30,5984.26,5984.26,5819.59,5851.32,5476362.87
2021-08-31,5824.17,6037.34,5818.3,6015.76,5033711.54
2021-09-01,5983.87,6391.97,5974.46,6347.29,7286915.9
2021-09-02,6379.02,6568.35,6325.73,6474.63,5867645.29
2021-09-03,6452.58,6536.57,6336.68,6417.13,4654816.73
2021-09-06,6391.11,6461.66,6327.14,6335.0,4075368.48
2021-09-07,6375.1,6387.91,6283.29,6358.43,3831878.02
2021-09-08,6348.89,6392.19,6294.59,6313.28,3784445.48
2021-09-09,6300.11,6343.99,6229.92,6312.55,3680646.63
2021-09-10,6324.18,6463.99,6321.95,6393.31,5232873.26
2021-09-13,6382.51,6643.88,6325.31,6623.07,6570811.55
2021-09-14,6611.16,6674.09,6357.75,6373.55,6129112.68
2021-09-15,6333.25,6355.85,6164.41,6212.24,5337445.63
2021-09-16,6211.91,6217.37,6003.04,6012.08,5698855.78
2021-09-17,6011.98,6177.6,5980.3,6130.19,4537096.67
2021-09-22,6015.32,6478.19,5999.58,6471.07,7507704.76
2021-09-23,6475.97,6755.93,6475.97,6588.43,8582943.77
2021-09-24,6573.8,6713.67,6509.41,6532.81,4878945.48
2021-09-27,6517.15,6530.04,6310.49,6328.18,4252696.94
2021-09-28,6525.25,6783.71,6525.25,6681.5,7881740.73
2021-09-29,6736.4,6769.93,6650.58,6702.24,5980345.61
2021-09-30,6792.05,6945.54,6747.8,6782.53,5947426.87
2021-10-08,6873.8,6873.8,6645.66,6678.63,4407062.7
2021-10-11,6698.17,6966.15,6697.25,6826.73,6150203.59
2021-10-12,6812.37,7081.86,6778.19,6926.84,7578401.82
2021-10-13,6919.86,6975.06,6761.16,6884.59,4387109.46
2021-10-14,6830.75,6856.56,6595.75,6617.65,4842961.44
2021-10-15,6615.83,6706.07,6571.86,6609.88,4302354.9
2021-10-18,6578.49,6578.6,6325.8,6439.22,4828176.66
2021-10-19,6450.34,6469.21,6322.47,6377.64,3842453.61
2021-10-20,6386.71,6414.48,6264.65,6288.39,3852744.57
2021-10-21,6334.04,6551.91,6290.42,6526.72,5695305.12
2021-10-22,6635.65,6953.65,6635.65,6683.41,8186205.8
2021-10-25,6481.74,6790.91,6454.24,6505.13,7172362.71
2021-10-26,6512.78,6558.07,6322.5,6322.5,5379643.54
2021-10-27,6330.9,6366.75,6215.9,6271.51,4239231.04
2021-10-28,6267.79,6267.79,6098.47,6129.59,4423861.8
2021-10-29,6095.81,6112.14,5856.6,5916.74,6735152.44
2021-11-01,5905.67,5952.19,5793.83,5823.23,4805752.61
2021-11-02,5827.79,5881.21,5633.61,5685.9,5298095.92
2021-11-03,5696.95,5867.86,5664.03,5836.32,4464005.12
2021-11-04,5821.42,5821.42,5711.14,5775.31,3264461.67
2021-11-05,5750.56,5750.56,5645.93,5654.36,3826748.56
2021-11-08,5737.29,5795.67,5707.57,5756.02,3674087.1
2021-11-09,5749.59,5761.18,5685.26,5744.14,2969996.47
2021-11-10,5788.77,6040.97,5683.49,6030.96,7301310.93
2021-11-11,6059.93,6577.48,6056.32,6573.96,12117567.93
2021-11-12,6545.77,6545.77,6314.6,6426.07,9745253.85
2021-11-15,6394.68,6394.68,6232.3,6329.22,4742730.28
2021-11-16,6302.6,6382.44,6282.22,6284.06,3150049.92
2021-11-17,6298.14,6310.52,6228.26,6285.56,2628689.22
2021-11-18,6279.43,6293.13,6129.0,6152.4,3348709.85
2021-11-19,6136.09,6522.6,6111.53,6452.99,6889912.17
2021-11-22,6446.92,6448.21,6191.99,6193.87,5580871.95
2021-11-23,6197.75,6326.07,6167.57,6254.41,3440148.32
2021-11-24,6237.81,6399.7,6231.76,6319.39,4584104.3
2021-11-25,6294.48,6340.86,6234.97,6261.01,2595765.63
2021-11-26,6239.56,6239.56,6150.14,6186.1,2634552.97
2021-11-29,6108.41,6139.73,6048.07,6070.91,3186023.79
2021-11-30,6050.34,6135.59,5980.58,6010.51,3630054.43
2021-12-01,5988.19,6168.71,5986.7,6120.87,3965900.13
2021-12-02,6092.5,6268.54,6042.63,6243.49,3930560.76
2021-12-03,6231.32,6361.73,6163.74,6342.97,4673788.44
2021-12-06,6492.44,6650.55,6416.84,6419.22,7256247.19
2021-12-07,6621.93,6671.98,6491.51,6517.86,8285408.04
2021-12-08,6516.41,6523.85,6342.24,6482.12,5271202.13
2021-12-09,6483.08,6704.24,6469.16,6638.97,6810280.48
2021-12-10,6587.62,6639.2,6460.55,6525.57,6657286.8
2021-12-13,6505.38,6574.98,6407.73,6417.35,4061837.67
2021-12-14,6393.09,6393.09,6243.1,6259.09,3755360.08
2021-12-15,6242.51,6368.79,6227.78,6310.7,2971006.49
2021-12-16,6288.53,6408.25,6261.55,6375.36,2735506.71
2021-12-17,6377.06,6460.49,6334.58,6336.7,2484417.41
2021-12-20,6343.12,6501.62,6343.12,6379.11,3566560.3
2021-12-21,6373.72,6710.7,6373.72,6664.42,6897450.9
2021-12-22,6667.03,6704.93,6562.07,6596.56,4922998.06
2021-12-23,6568.51,6641.4,6471.18,6554.86,4016005.69
2021-12-24,6535.26,6620.36,6431.01,6567.47,3086796.39
2021-12-27,6629.19,6742.98,6595.0,6604.84,4746967.29
2021-12-28,6564.23,6609.92,6499.44,6599.23,3823595.16
2021-12-29,6610.2,6632.54,6536.6,6538.38,2673172.72
2021-12-30,6525.19,6557.81,6493.85,6500.78,2996818.02
2021-12-31,6483.04,6761.07,6483.04,6689.98,4062707.47
2022-01-04,6623.7,6867.9,6578.39,6838.9,5035711.12
2022-01-05,6821.28,7151.39,6808.71,6997.19,7079719.55
2022-01-06,6973.18,7069.79,6828.77,6887.06,4939457.83
2022-01-07,6956.02,7264.53,6955.24,7155.91,7180950.48
2022-01-10,7087.79,7326.73,7072.36,7259.95,6407066.2
2022-01-11,7249.4,7534.58,7158.38,7256.46,6510212.48
2022-01-12,7211.99,7220.98,7022.8,7175.26,4243819.81
2022-01-13,7154.18,7269.56,6968.52,6977.82,3938330.77
2022-01-14,6979.9,6979.9,6723.03,6732.65,5067505.38
2022-01-17,6729.57,6924.54,6729.57,6855.04,3488693.32
2022-01-18,6857.7,7233.76,6835.73,7134.97,4494595.39
2022-01-19,7205.16,7356.68,7104.8,7192.65,3989297.38
2022-01-20,7284.34,7413.6,7133.61,7159.98,6370740.44
2022-01-21,7137.76,7179.49,7023.87,7090.27,3477526.98
2022-01-24,7080.95,7283.34,6990.5,7172.26,3592066.52
2022-01-25,7130.65,7161.68,6931.13,6936.65,3317914.46
2022-01-26,7007.08,7026.03,6842.52,6921.93,2599877.95
2022-01-27,6877.74,7041.46,6794.6,6901.8,3160981.4
2022-01-28,6942.52,7016.89,6863.44,6876.95,3265173.02
2022-02-07,6863.42,7047.24,6783.23,7021.15,4421375.29
2022-02-08,6976.86,7078.09,6915.12,7006.05,4000751.62
2022-02-09,7014.42,7197.92,6897.99,6919.31,5311887.47
2022-02-10,6875.8,7176.02,6745.6,7068.09,5676080.67
2022-02-11,7106.42,7283.84,7056.98,7071.95,4905770.0
2022-02-14,6993.77,6993.77,6765.66,6800.44,4769899.99
2022-02-15,6793.31,6838.32,6681.65,6720.63,3653183.25
2022-02-16,6737.37,6911.71,6680.88,6832.47,3283590.5
2022-02-17,6832.35,6832.35,6657.72,6709.11,3060950.36
2022-02-18,6707.0,7021.07,6707.0,7015.81,5038934.41
2022-02-21,7002.24,7102.07,6896.58,7062.9,3552811.0
2022-02-22,7022.28,7169.03,6965.73,7051.25,3309226.02
2022-02-23,7037.64,7042.44,6836.39,6884.03,3603885.16
2022-02-24,6848.22,6927.66,6723.49,6783.9,3292781.41
2022-02-25,6792.55,6881.6,6673.27,6701.14,3134935.76
2022-02-28,6673.45,6705.86,6543.61,6644.01,3091578.93
2022-03-01,6635.85,6779.61,6635.85,6770.36,3256735.21
2022-03-02,6795.73,6945.9,6735.42,6798.74,3849921.82
2022-03-03,6812.28,6993.22,6812.28,6959.47,5049003.55
2022-03-04,6916.63,6916.63,6749.44,6860.47,4619475.61
2022-03-07,6848.27,6996.29,6822.2,6854.26,4555652.49
2022-03-08,6831.55,6847.77,6608.88,6624.88,4090702.64
2022-03-09,6659.53,6676.57,6126.21,6365.08,6402715.96
2022-03-10,6451.0,6465.62,6301.94,6344.88,3578754.0
2022-03-11,6244.06,6360.02,6139.37,6352.44,3371518.0
2022-03-14,6248.52,6546.84,6234.62,6250.28,4071264.0
2022-03-15,6180.18,6180.18,5680.11,5685.12,6792903.0
2022-03-16,5706.57,5943.32,5502.11,5860.69,7104261.0
2022-03-17,6142.85,6211.23,6048.36,6129.49,6388928.0
2022-03-18,6055.02,6551.76,6029.06,6537.94,5802181.0
2022-03-21,6460.41,6462.06,6272.84,6383.04,5012315.0
2022-03-22,6293.95,6706.84,6273.21,6631.63,7286131.0
2022-03-23,6631.57,6910.29,6488.1,6757.93,8241734.0
2022-03-24,6635.21,6772.03,6630.39,6660.18,5557105.0
2022-03-25,6600.87,6777.62,6532.61,6594.5,4718153.0
2022-03-28,6531.62,6790.19,6510.15,6721.56,6036068.0
2022-03-29,6652.58,6737.08,6580.1,6626.3,4663553.0
2022-03-30,6660.34,7143.54,6654.49,7077.9,8962355.0
2022-03-31,6988.83,7343.69,6974.95,7133.14,11626281.0
2022-04-01,7058.53,7513.87,7029.4,7459.09,10332021.0
2022-04-06,7596.1,7802.62,7457.58,7636.48,10799798.0
2022-04-07,7508.06,7651.29,7357.84,7384.18,6978901.0
2022-04-08,7382.44,7625.86,7228.01,7581.54,7769941.0
2022-04-11,7452.86,7547.78,7269.8,7384.85,6329542.0
2022-04-12,7392.92,7497.31,7071.04,7137.22,7214258.0
2022-04-13,7105.11,7453.85,6987.87,7253.2,6418025.0
2022-04-14,7273.88,7720.62,7204.99,7569.67,6983322.0
2022-04-15,7482.17,7911.25,7474.96,7694.99,6814791.0
2022-04-18,7543.05,7648.28,7331.64,7363.62,5471409.0
2022-04-19,7371.16,7430.6,7135.98,7374.22,5445929.0
2022-04-20,7336.34,7336.34,6879.84,6947.36,7286255.0
2022-04-21,6905.21,7108.04,6873.08,6922.3,4908436.0
2022-04-22,6841.09,7165.16,6756.75,7089.28,5035435.0
2022-04-25,7000.38,7196.32,6750.81,6757.54,5224796.0
2022-04-26,6767.36,7030.3,6720.24,6836.03,5000565.0
2022-04-27,6748.54,6913.93,6450.65,6579.6,7991099.0
2022-04-28,6578.12,6910.23,6535.66,6834.23,6873926.0
2022-04-29,6804.74,7085.99,6658.32,7020.81,7975687.0
2022-05-05,7047.4,7117.7,6671.0,6874.13,7337941.0
2022-05-06,6684.64,6731.32,6432.94,6477.86,5505540.0
2022-05-09,6434.37,6583.38,6385.2,6465.82,3358613.0
2022-05-10,6360.65,6530.08,6218.0,6480.88,6493623.0
2022-05-11,6440.04,6498.65,6308.78,6334.08,6433425.0
2022-05-12,6306.54,6357.82,6131.69,6219.21,5727938.0
2022-05-13,6254.84,6525.5,6241.29,6521.77,7351643.0
2022-05-16,6711.38,6737.87,6438.41,6622.56,7090781.0
2022-05-17,6562.13,6740.2,6493.27,6612.3,5360608.0
2022-05-18,6589.87,6649.32,6426.3,6540.58,3974646.0
2022-05-19,6432.97,6721.85,6426.71,6689.25,4900759.0
2022-05-20,6754.89,6760.9,6508.87,6597.92,6158888.0
2022-05-23,6561.46,6572.59,6327.08,6347.05,6101365.0
2022-05-24,6336.97,6429.18,6304.28,6330.21,4727415.0
2022-05-25,6322.96,6354.0,6241.35,6339.27,3207540.0
2022-05-26,6338.19,6502.32,6306.76,6430.5,4183762.0
2022-05-27,6423.64,6441.18,6295.8,6342.15,3702475.0
2022-05-30,6318.36,6379.11,6182.65,6216.29,5349267.0
2022-05-31,6205.7,6236.75,6122.55,6167.1,5471849.0
2022-06-01,6171.13,6283.69,6162.29,6220.37,4401641.0
2022-06-02,6188.16,6210.93,6066.57,6119.4,4281934.0
2022-06-06,6079.17,6079.17,5870.95,5984.37,7583539.0
2022-06-07,5961.89,6084.96,5958.78,6072.65,4880496.0
2022-06-08,6061.08,6064.72,5966.22,6037.33,4724769.0
2022-06-09,6035.62,6216.63,6024.78,6155.7,5283192.0
2022-06-10,6123.61,6177.21,6095.98,6145.0,4973988.0
2022-06-13,6090.65,6117.75,5897.26,5931.76,5224063.0
2022-06-14,5889.36,6050.58,5885.14,6049.96,4396832.0
2022-06-15,6061.57,6415.9,6018.56,6268.07,7875834.0
2022-06-16,6263.83,6394.4,6162.94,6188.26,4356404.0
2022-06-17,6154.5,6232.71,6138.19,6170.3,3445299.0
2022-06-20,6232.48,6418.14,6194.64,6364.33,6077173.0
2022-06-21,6371.45,6579.48,6350.17,6391.82,5541674.0
2022-06-22,6390.21,6454.89,6274.5,6286.54,3158585.0
2022-06-23,6285.41,6462.82,6246.27,6437.6,3673988.0
2022-06-24,6426.98,6483.68,6290.46,6344.37,4129799.0
2022-06-27,6344.05,6464.68,6306.77,6394.92,4907209.0
2022-06-28,6370.18,6422.14,6263.29,6313.2,4671184.0
2022-06-29,6334.14,6787.78,6328.45,6715.62,9749172.0
2022-06-30,6732.72,6956.93,6636.38,6912.33,8146809.0
2022-07-01,6905.14,6997.26,6839.84,6862.41,5614514.0
2022-07-04,6822.23,6850.0,6706.81,6802.42,4930248.0
2022-07-05,6789.43,6804.56,6623.66,6694.36,4766168.0
2022-07-06,6612.35,6628.14,6423.6,6474.59,3939718.0
2022-07-07,6503.75,6561.12,6380.39,6421.13,3260365.0
2022-07-08,6427.65,6531.67,6378.35,6460.85,2844818.0
2022-07-11,6407.92,6492.85,6346.23,6352.74,2909233.0
2022-07-12,6350.8,6473.01,6341.01,6413.43,2994423.0
2022-07-13,6436.6,6644.33,6424.74,6456.41,4453302.0
2022-07-14,6404.01,6465.37,6287.57,6326.7,5497820.0
2022-07-15,6292.26,6306.81,5995.19,6013.38,6267224.0
2022-07-18,6030.22,6239.33,5968.22,6210.38,4597716.0
2022-07-19,6199.65,6217.86,6083.05,6196.54,3013169.0
2022-07-20,6201.96,6240.65,6146.7,6166.03,2447372.0
2022-07-21,6140.83,6146.8,5983.34,5997.98,3718162.0
2022-07-22,6006.59,6043.6,5926.91,5981.1,2639329.0
2022-07-25,6003.36,6142.72,5995.46,6092.64,3487030.0
2022-07-26,6081.07,6432.5,6058.71,6405.64,6274838.0
2022-07-27,6370.32,6419.97,6246.78,6377.47,3998286.0
2022-07-28,6355.26,6444.45,6266.85,6332.02,3823878.0
2022-07-29,6304.95,6340.68,6186.56,6215.87,3862958.0
2022-08-01,6193.74,6193.74,6031.32,6073.74,3775125.0
2022-08-02,6023.21,6023.21,5906.46,5949.27,3848287.0
2022-08-03,5955.43,5997.08,5742.73,5760.21,4320366.0
2022-08-04,5761.21,5814.8,5672.66,5768.27,3380796.0
2022-08-05,5766.92,5830.85,5736.25,5826.78,2691079.0
2022-08-08,5838.57,5977.03,5749.68,5762.69,3506259.0
2022-08-09,5755.6,5822.78,5683.98,5750.27,2593409.0
2022-08-10,5732.48,5774.47,5673.39,5690.77,2698177.0
2022-08-11,5716.01,5811.38,5716.01,5802.7,2975824.0
2022-08-12,5779.1,5893.63,5750.25,5876.45,2778466.0
2022-08-15,5841.16,5972.67,5835.94,5843.89,3062546.0
2022-08-16,5899.3,6016.77,5889.0,5936.35,3919372.0
2022-08-17,5922.31,6211.61,5879.5,6145.37,4854023.0
2022-08-18,6140.28,6161.41,6029.85,6088.24,2833853.0
2022-08-19,6080.32,6344.61,6077.16,6256.53,4097513.0
2022-08-22,6253.51,6313.94,6180.23,6259.52,3551056.0
2022-08-23,6228.21,6260.23,6116.97,6169.75,2904985.0
2022-08-24,6148.48,6214.78,6098.0,6102.26,2824218.0
2022-08-25,6063.58,6136.78,6006.98,6102.28,3137185.0
2022-08-26,6100.53,6117.04,5998.12,6058.31,2532600.0
2022-08-29,6003.18,6024.61,5886.68,6009.98,2737321.0
2022-08-30,5998.42,6141.56,5996.05,6121.63,2839053.0
2022-08-31,6186.67,6289.83,6151.25,6245.17,4314694.0
2022-09-01,6242.64,6416.91,6188.24,6274.39,4702350.0
2022-09-02,6286.0,6287.6,6124.47,6194.61,3487254.0
2022-09-05,6207.71,6319.4,6154.61,6285.8,3412207.0
2022-09-06,6279.35,6490.43,6267.16,6462.87,5241995.0
2022-09-07,6421.53,6463.49,6351.42,6410.79,3209873.0
2022-09-08,6420.96,6458.27,6300.09,6409.75,2913476.0
2022-09-09,6389.4,6728.68,6371.03,6698.81,6420313.0
2022-09-13,6673.75,6725.86,6548.13,6586.85,4768767.0
2022-09-14,6533.8,6749.84,6533.8,6576.65,3765542.0
2022-09-15,6632.31,6860.15,6632.31,6807.77,6684292.0
2022-09-16,6770.5,6818.97,6538.19,6557.34,6350424.0
2022-09-19,6540.5,6662.61,6463.25,6641.14,4176482.0
2022-09-20,6643.96,6666.29,6353.69,6419.56,4793894.0
2022-09-21,6419.71,6527.07,6332.02,6461.09,3951279.0
2022-09-22,6436.93,6461.15,6251.74,6342.33,3821608.0
2022-09-23,6328.93,6516.29,6322.52,6340.0,3502617.0
2022-09-26,6389.2,6531.75,6344.5,6351.6,3557970.0
2022-09-27,6354.3,6445.22,6240.58,6398.92,3490223.0
2022-09-28,6356.21,6440.26,6279.71,6318.2,2711069.0
2022-09-29,6356.58,6359.35,6190.18,6206.91,3149001.0
2022-09-30,6328.89,6519.43,6237.74,6441.33,4272890.0
2022-10-10,6424.05,6714.35,6421.45,6503.59,4900999.0
2022-10-11,6490.93,6496.91,6270.06,6306.51,3635974.0
2022-10-12,6296.9,6439.41,6260.09,6382.87,2979900.0
2022-10-13,6324.76,6345.4,6058.87,6217.81,4087500.0
2022-10-14,6214.64,6408.12,6114.83,6154.19,4139410.0
2022-10-17,6084.77,6135.11,5878.88,6078.32,4486936.0
2022-10-18,6076.72,6130.72,5913.4,5977.82,3753934.0
2022-10-19,5963.25,6071.66,5949.86,5957.79,3122309.0
2022-10-20,5929.67,5984.68,5855.34,5902.0,2769231.0
2022-10-21,5944.04,6065.53,5881.39,5918.48,3895876.0
2022-10-24,5845.74,5845.74,5673.15,5684.76,4627444.0
2022-10-25,5677.03,5721.58,5610.9,5642.22,3630608.0
2022-10-26,5644.36,5668.83,5445.65,5473.98,5133022.0
2022-10-27,5473.67,5562.03,5462.24,5501.04,3715362.0
2022-10-28,5479.4,5505.55,5324.28,5332.26,3983454.0
2022-10-31,5219.05,5219.2,4911.94,4973.64,6905694.0
2022-11-01,4953.67,5008.29,4811.28,5004.49,7077344.0
2022-11-02,4943.56,5153.31,4914.7,5100.68,5435555.0
2022-11-03,5039.43,5105.2,4958.41,4982.87,4564452.0
2022-11-04,4967.33,5198.15,4967.33,5156.22,5168894.0
2022-11-07,5126.26,5214.38,5097.59,5186.61,4243651.0
2022-11-08,5177.82,5299.57,5153.53,5192.56,4392002.0
2022-11-09,5303.83,5469.6,5303.83,5319.36,7957092.0
2022-11-10,5276.9,5384.08,5194.88,5326.57,5243045.0
2022-11-11,5484.26,5853.43,5481.95,5818.62,11281625.0
2022-11-14,6083.45,6168.8,5883.47,6020.9,14401377.0
2022-11-15,5997.51,6132.37,5905.51,6027.69,10677348.0
2022-11-16,5976.97,5982.25,5780.52,5840.52,8818037.0
2022-11-17,5803.97,5882.45,5750.71,5836.82,5731557.0
2022-11-18,5832.67,5864.64,5735.25,5779.88,4863406.0
2022-11-21,5725.89,5774.95,5574.12,5768.56,5173118.0
2022-11-22,5835.2,5892.05,5713.29,5758.14,5011681.0
2022-11-23,5712.0,5815.55,5710.17,5763.5,3466765.0
2022-11-24,5907.85,5961.89,5762.12,5870.89,6200371.0
2022-11-25,5915.1,6304.93,5915.1,6268.28,11860633.0
2022-11-28,6096.21,6209.22,6047.72,6172.14,7560112.0
2022-11-29,6493.09,6766.44,6371.29,6754.62,14167318.0
2022-11-30,6718.94,6917.81,6491.09,6525.26,17604934.0
2022-12-01,6516.71,6628.45,6450.1,6520.25,10983283.0
2022-12-02,6415.19,6415.19,6174.73,6330.68,8681555.0
2022-12-05,6402.22,6533.02,6402.22,6424.5,7156579.0
2022-12-06,6383.95,6468.35,6318.46,6435.69,5093037.0
2022-12-07,6382.0,6420.49,6212.27,6280.51,5795223.0
2022-12-08,6282.71,6483.7,6282.71,6460.78,6249082.0
2022-12-09,6467.67,6742.5,6463.8,6699.25,8689232.0
2022-12-12,6607.7,6620.73,6415.63,6422.45,5226770.0
2022-12-13,6416.17,6488.56,6367.56,6444.62,3882190.0
2022-12-14,6428.92,6452.09,6357.69,6384.01,3067852.0
2022-12-15,6317.04,6365.63,6164.15,6340.69,5113099.0
2022-12-16,6401.21,6513.29,6313.39,6438.03,4969131.0
2022-12-19,6466.36,6556.81,6269.83,6340.61,5538909.0
2022-12-20,6212.56,6283.54,6110.44,6156.96,4086798.0
2022-12-21,6158.27,6219.96,6121.65,6146.38,2942628.0
2022-12-22,6216.3,6258.59,6101.02,6132.75,3040241.0
2022-12-23,6088.71,6205.12,6077.55,6164.44,2409871.0
2022-12-26,6157.54,6159.54,5983.52,6006.37,3969440.0
2022-12-27,6025.15,6155.49,6007.4,6047.72,3693651.0
2022-12-28,6029.01,6136.13,5980.63,6095.11,3471311.0
2022-12-29,6060.82,6060.82,5900.31,5945.64,3936799.0
2022-12-30,5956.01,6003.39,5870.64,5972.63,3320252.0
2023-01-03,5988.56,6115.49,5960.18,6002.71,5074800.0
2023-01-04,6004.61,6358.84,5973.59,6302.29,7702055.0
2023-01-05,6291.49,6423.02,6244.23,6381.01,4875804.0
2023-01-06,6445.13,6473.73,6286.26,6319.19,4483333.0
2023-01-09,6335.62,6374.73,6182.3,6213.13,4585457.0
2023-01-10,6222.09,6266.4,6159.91,6226.35,3167597.0
2023-01-11,6237.85,6440.08,6235.77,6339.67,4752866.0
2023-01-12,6313.37,6319.24,6140.87,6191.15,4257648.0
2023-01-13,6153.56,6229.72,6145.93,6214.04,3267892.0
2023-01-16,6217.54,6248.25,6124.71,6229.0,4363052.0
2023-01-17,6234.79,6255.53,6139.88,6233.89,2787275.0
2023-01-18,6238.66,6297.27,6142.77,6156.32,2787265.0
2023-01-19,6120.09,6188.87,6052.13,6188.87,3144527.0
2023-01-20,6168.24,6225.33,6136.57,6212.26,2927842.0
2023-01-30,6303.76,6311.78,6068.5,6084.69,5705202.0
2023-01-31,6055.4,6190.76,6032.72,6176.31,4617969.0
2023-02-01,6158.48,6180.64,6036.86,6115.14,4775161.0
2023-02-02,6103.63,6142.4,6028.75,6101.69,4422463.0
2023-02-03,6074.15,6074.15,5970.03,5999.03,3552888.0
2023-02-06,5938.29,5938.29,5822.29,5836.69,4511330.0
2023-02-07,5840.16,5974.82,5840.16,5946.41,4041432.0
2023-02-08,5938.66,6043.27,5932.83,5972.47,3192999.0
2023-02-09,5971.86,6102.59,5952.15,6054.63,3411836.0
2023-02-10,6048.02,6142.55,6007.28,6082.86,3395619.0
2023-02-13,6039.2,6116.16,5973.95,6065.97,4705664.0
2023-02-14,6089.02,6154.99,6049.72,6093.09,4560939.0
2023-02-15,6069.0,6069.67,5932.34,5952.14,4198722.0
2023-02-16,5947.83,6067.67,5878.43,5921.42,4176386.0
2023-02-17,5914.08,5957.8,5862.73,5865.55,2990892.0
2023-02-20,5860.79,6014.69,5860.79,6014.69,4054645.0
2023-02-21,6102.69,6130.52,5986.92,6036.37,4021222.0
2023-02-22,5970.94,5997.99,5956.57,5972.14,2110471.0
2023-02-23,5974.17,6031.06,5951.52,5983.44,2747308.0
2023-02-24,5987.31,5991.31,5856.12,5894.64,2978944.0
2023-02-27,5893.05,5980.16,5893.05,5908.19,2769502.0
2023-02-28,5914.71,5934.08,5834.06,5925.42,3412979.0
2023-03-01,5914.41,5974.12,5895.33,5970.18,3541121.0
2023-03-02,5933.34,5936.78,5861.11,5869.65,4760629.0
2023-03-03,5879.48,5906.9,5827.68,5900.57,3828894.0
2023-03-06,5890.28,5890.28,5754.32,5777.4,4748821.0
2023-03-07,5777.66,5793.43,5660.22,5667.27,3910344.0
2023-03-08,5663.18,5679.39,5626.06,5668.96,2803439.0
2023-03-09,5669.74,5710.15,5646.22,5647.6,2481503.0
2023-03-10,5610.94,5615.33,5536.71,5545.6,3040665.0
2023-03-13,5531.46,5578.15,5467.22,5503.75,3127945.0
2023-03-14,5496.44,5560.15,5425.92,5474.85,3107735.0
2023-03-15,5500.85,5550.16,5491.54,5521.45,2467603.0
2023-03-16,5496.16,5546.85,5447.74,5476.9,2291225.0
2023-03-17,5516.63,5593.66,5503.49,5524.04,3299243.0
2023-03-20,5549.54,5589.6,5452.68,5467.27,3093098.0
2023-03-21,5466.76,5493.71,5421.37,5448.06,2533227.0
2023-03-22,5455.94,5559.02,5446.99,5536.66,2986747.0
2023-03-23,5514.03,5536.08,5473.45,5515.97,2581671.0
2023-03-24,5515.37,5528.67,5420.13,5489.4,3998361.0
2023-03-27,5477.81,5477.81,5375.82,5387.48,3513981.0
2023-03-28,5392.06,5427.3,5317.65,5328.72,3040569.0
2023-03-29,5345.47,5431.61,5338.21,5353.24,3102954.0
2023-03-30,5359.52,5438.07,5311.91,5437.52,2981262.0
2023-03-31,5434.74,5473.8,5346.59,5365.52,3817339.0
2023-04-03,5373.96,5534.85,5360.1,5485.1,4758714.0
2023-04-04,5476.95,5499.84,5420.31,5444.11,3384564.0
2023-04-06,5437.41,5475.79,5401.93,5430.31,2842698.0
2023-04-07,5467.02,5699.45,5457.53,5687.74,7662872.0
2023-04-10,5662.83,5710.4,5618.75,5673.4,4275137.0
2023-04-11,5657.8,5771.56,5628.56,5751.58,5458283.0
2023-04-12,5758.79,5797.49,5672.66,5743.42,3957491.0
2023-04-13,5716.27,5740.13,5675.48,5708.69,2966081.0
2023-04-14,5719.32,5736.78,5663.85,5671.88,2728521.0
2023-04-17,5634.66,5672.16,5570.91,5672.16,3576588.0
2023-04-18,5666.67,5742.55,5627.07,5651.79,3159221.0
2023-04-19,5654.43,5654.43,5489.32,5503.37,4496041.0
2023-04-20,5500.02,5524.52,5418.89,5474.13,3293327.0
2023-04-21,5500.41,5579.14,5440.6,5445.83,4031070.0
2023-04-24,5431.73,5431.73,5286.05,5304.78,4098372.0
2023-04-25,5323.21,5329.35,5209.01,5280.62,2868393.0
2023-04-26,5219.0,5269.4,5163.96,5244.36,2501722.0
2023-04-27,5236.99,5288.53,5206.02,5268.93,2337896.0
2023-04-28,5261.49,5308.22,5236.41,5303.65,2844284.0
2023-05-04,5212.24,5278.54,5162.42,5232.72,4463765.0
2023-05-05,5222.8,5475.03,5215.64,5446.73,6564849.0
2023-05-08,5384.57,5505.76,5292.85,5496.65,5561204.0
2023-05-09,5466.89,5691.61,5459.98,5532.05,7548924.0
2023-05-10,5528.29,5557.17,5397.75,5436.05,4007463.0
2023-05-11,5432.43,5455.81,5391.9,5410.84,2755148.0
2023-05-12,5393.5,5440.41,5336.95,5341.58,2745899.0
2023-05-15,5335.09,5341.29,5251.61,5333.49,3009163.0
2023-05-16,5333.24,5350.31,5260.68,5275.36,2271798.0
2023-05-17,5268.58,5298.35,5202.21,5238.09,2440240.0
2023-05-18,5249.93,5269.9,5156.96,5181.43,2737150.0
2023-05-19,5168.2,5172.02,5089.75,5116.21,2523990.0
2023-05-22,5091.51,5130.61,5070.92,5125.8,2332470.0
2023-05-23,5113.2,5155.33,5079.38,5079.87,2421281.0
2023-05-24,5060.52,5062.08,4910.13,4911.23,3734659.0
2023-05-25,4881.56,4937.32,4863.08,4919.83,2559309.0
2023-05-26,4908.46,4982.21,4873.73,4976.29,2409281.0
2023-05-29,4956.62,4977.66,4921.31,4930.09,2267986.0
2023-05-30,4917.52,4999.35,4773.84,4993.15,3878744.0
2023-05-31,4970.93,5027.92,4910.3,4937.39,3067299.0
2023-06-01,4916.93,4940.41,4850.68,4897.82,2788049.0
2023-06-02,4913.59,5154.12,4913.59,5125.35,5468234.0
2023-06-05,5063.14,5088.9,5013.29,5070.73,2959611.0
2023-06-06,5069.45,5222.23,5064.61,5088.93,4542950.0
2023-06-07,5124.79,5245.12,5112.75,5141.63,3903467.0
2023-06-08,5129.53,5295.27,5074.05,5256.51,4622608.0
2023-06-09,5183.3,5199.36,5113.64,5128.87,3168662.0
2023-06-12,5117.22,5181.93,5086.08,5130.47,2982967.0
2023-06-13,5129.59,5240.86,5127.2,5162.95,2950989.0
2023-06-14,5177.13,5203.45,5089.93,5094.07,2931278.0
2023-06-15,5098.54,5172.76,5096.17,5162.7,3106202.0
2023-06-16,5169.47,5217.18,5129.0,5141.49,3445411.0
2023-06-19,5160.12,5160.12,5034.11,5048.95,3773670.0
2023-06-20,5042.63,5047.36,4947.95,4963.36,3260036.0
2023-06-21,4937.64,4993.21,4920.59,4921.85,2536576.0
2023-06-26,4873.68,4895.69,4831.22,4851.37,2648804.0
2023-06-27,4864.84,5088.59,4830.06,5067.57,4488001.0
2023-06-28,5072.06,5079.38,4993.94,5043.39,2522475.0
2023-06-29,5033.09,5043.45,4950.19,4955.36,2256586.0
2023-06-30,4967.45,5039.18,4930.06,4932.99,2722793.0
2023-07-03,4935.45,4981.44,4932.66,4963.09,2639958.0
2023-07-04,4944.64,4949.97,4831.61,4876.28,3725774.0
2023-07-05,4859.15,4892.73,4841.41,4859.2,2325810.0
2023-07-06,4847.37,4914.27,4821.59,4886.15,2416934.0
2023-07-07,4892.32,4919.68,4832.09,4857.65,2150806.0
2023-07-10,4866.64,4887.42,4825.17,4846.23,1786419.0
2023-07-11,4910.85,4929.37,4821.53,4835.19,2612979.0
2023-07-12,4818.84,4818.84,4722.08,4738.51,3518940.0
2023-07-13,4747.12,4788.25,4746.17,4778.68,2467181.0
2023-07-14,4778.64,4806.24,4734.05,4775.73,2225740.0
2023-07-17,4750.85,4757.59,4722.7,4745.31,1727358.0
2023-07-18,4738.43,4793.57,4705.4,4770.48,2212678.0
2023-07-19,4753.81,4858.51,4749.13,4846.85,3463664.0
2023-07-20,4849.17,4919.11,4834.66,4859.25,3503693.0
2023-07-21,4854.14,4923.13,4844.47,4895.08,3396698.0
2023-07-24,4924.47,4932.76,4789.52,4822.34,3437052.0
2023-07-25,4958.33,5208.97,4958.33,5208.65,10743358.0
2023-07-26,5205.69,5271.09,5165.75,5239.41,9156391.0
2023-07-27,5185.78,5294.38,5130.6,5216.41,7000154.0
2023-07-28,5261.18,5468.61,5246.33,5444.99,9833549.0
2023-07-31,5494.16,5641.94,5437.7,5457.0,10638835.0
2023-08-01,5415.75,5512.61,5369.99,5403.38,6804436.0
2023-08-02,5403.42,5500.04,5389.98,5405.19,5817373.0
2023-08-03,5378.32,5529.93,5323.92,5522.24,7308813.0
2023-08-04,5619.52,5647.44,5478.99,5494.75,7139945.0
2023-08-07,5426.56,5427.66,5281.95,5310.09,6037386.0
2023-08-08,5299.2,5322.7,5220.07,5229.45,4226959.0
2023-08-09,5231.44,5326.79,5207.92,5279.43,3901463.0
2023-08-10,5271.09,5356.12,5245.99,5306.42,3366463.0
2023-08-11,5344.03,5383.94,5200.85,5249.84,4536096.0
2023-08-14,5145.67,5265.19,5073.23,5224.71,4077179.0
2023-08-15,5227.6,5261.91,5151.86,5210.27,2852021.0
2023-08-16,5201.58,5398.38,5175.93,5304.49,4946132.0
2023-08-17,5258.82,5332.18,5228.93,5287.36,3740758.0
2023-08-18,5301.86,5355.22,5212.76,5212.76,3624705.0
2023-08-21,5190.23,5192.47,5099.98,5099.98,3221808.0
2023-08-22,5111.31,5143.0,5050.72,5108.15,2864525.0
2023-08-23,5108.58,5115.91,5026.03,5026.03,2789975.0
2023-08-24,5042.38,5048.59,4933.62,4963.41,3575307.0
2023-08-25,4914.86,5121.26,4896.3,5025.4,4635826.0
2023-08-28,5373.15,5373.15,5202.48,5228.3,9235141.0
2023-08-29,5204.53,5313.21,5164.23,5308.88,6859622.0
2023-08-30,5283.75,5387.94,5279.9,5333.15,5541169.0
2023-08-31,5323.27,5331.79,5046.14,5049.58,6685837.0
2023-09-01,5147.59,5213.85,5082.61,5170.24,5181625.0
2023-09-04,5233.54,5292.46,5150.57,5162.34,5543982.0
2023-09-05,5148.79,5148.79,5031.73,5050.35,4105724.0
2023-09-06,5045.2,5169.82,4996.73,5161.1,4987241.0
2023-09-07,5133.02,5204.49,5095.91,5106.87,4085636.0
2023-09-08,5080.49,5100.21,5030.96,5085.89,2531134.0
2023-09-11,5079.08,5083.35,4949.28,5003.72,4245267.0
2023-09-12,4984.27,4989.5,4937.29,4958.58,3322876.0
2023-09-13,4952.94,5013.05,4933.93,4959.87,3009660.0
2023-09-14,4945.51,4971.48,4908.47,4927.63,2924885.0
2023-09-15,4953.27,4956.05,4875.76,4885.31,2911537.0
2023-09-18,4875.17,4875.17,4803.02,4831.43,3305609.0
2023-09-19,4836.16,4855.57,4802.66,4827.52,2179663.0
2023-09-20,4818.87,4869.49,4798.3,4835.02,1955332.0
2023-09-21,4859.18,4912.37,4828.46,4831.1,2467616.0
2023-09-22,4813.84,4879.19,4805.75,4872.76,2348645.0
2023-09-25,4850.42,4850.98,4739.93,4753.05,3575476.0
2023-09-26,4749.18,4766.84,4714.55,4724.1,1876275.0
2023-09-27,4714.65,4740.72,4698.89,4708.23,2100290.0
2023-09-28,4719.14,4740.37,4691.13,4708.74,1924353.0
2023-10-09,4690.12,4690.12,4583.76,4622.71,3645175.0
2023-10-10,4623.29,4644.44,4584.52,4585.85,2268330.0
2023-10-11,4594.86,4604.32,4525.57,4558.97,2952322.0
2023-10-12,4574.92,4612.56,4552.95,4602.52,2192289.0
2023-10-13,4566.65,4604.78,4539.66,4550.41,2341725.0
2023-10-16,4544.65,4572.99,4417.55,4433.41,3174709.0
2023-10-17,4424.77,4437.39,4324.18,4355.38,5256205.0
2023-10-18,4334.83,4350.52,4292.37,4298.75,3181822.0
2023-10-19,4282.01,4285.18,4198.74,4200.67,3717304.0
2023-10-20,4190.81,4281.57,4152.2,4222.21,4464095.0
2023-10-23,4195.19,4249.76,4146.47,4178.53,3343602.0
2023-10-24,4192.16,4260.01,4179.96,4224.0,3566660.0
2023-10-25,4268.32,4291.97,4201.59,4205.5,3393039.0
2023-10-26,4174.37,4189.26,4129.43,4157.94,2521389.0
2023-10-27,4142.62,4183.77,4093.28,4164.3,3621305.0
2023-10-30,4115.64,4142.31,4040.03,4093.84,4640050.0
2023-10-31,4063.06,4127.82,4017.66,4069.47,5217352.0
2023-11-01,4066.17,4094.03,4036.42,4050.55,3375562.0
2023-11-02,4047.09,4081.39,4016.28,4016.28,2955534.0
2023-11-03,4023.1,4034.59,3976.77,4007.06,3223934.0
2023-11-06,4041.3,4198.66,4040.26,4172.49,6413732.0
2023-11-07,4204.38,4225.19,4133.72,4158.52,4784311.0
2023-11-08,4135.03,4252.26,4131.78,4209.65,4915791.0
2023-11-09,4212.69,4259.3,4181.03,4195.83,3987365.0
2023-11-10,4180.62,4181.06,4120.84,4159.22,3141569.0
2023-11-13,4152.03,4163.41,4095.07,4131.15,2738777.0
2023-11-14,4129.37,4180.25,4124.98,4164.3,3046877.0
2023-11-15,4214.8,4222.19,4144.9,4155.2,3630227.0
2023-11-16,4141.76,4145.87,4070.33,4123.21,3073522.0
2023-11-17,4103.82,4124.49,4059.97,4087.65,2580399.0
2023-11-20,4110.39,4125.2,4055.74,4063.93,2842448.0
2023-11-21,4117.84,4238.98,4116.78,4165.01,7230809.0
2023-11-22,4142.46,4220.88,4118.0,4121.07,4668460.0
2023-11-23,4135.31,4278.54,4096.62,4252.27,6777476.0
2023-11-24,4286.11,4310.58,4231.01,4250.15,5221884.0
2023-11-27,4230.08,4230.08,4108.52,4151.1,4649432.0
2023-11-28,4147.18,4147.18,4089.55,4104.64,2954805.0
2023-11-29,4098.96,4107.56,3963.1,3969.01,4630293.0
2023-11-30,3958.02,3990.76,3935.55,3949.87,3004032.0
2023-12-01,3942.15,3969.89,3905.09,3942.38,3644803.0
2023-12-04,3927.59,3930.36,3833.26,3841.22,4319175.0
2023-12-05,3827.11,3827.11,3718.14,3720.97,3915978.0
2023-12-06,3717.64,3794.67,3678.62,3769.51,3552514.0
2023-12-07,3751.93,3795.82,3732.76,3774.78,3000659.0
2023-12-08,3766.04,3769.1,3709.08,3728.23,4248972.0
2023-12-11,3699.08,3699.08,3619.86,3673.17,4358066.0
2023-12-12,3755.85,3853.48,3713.46,3825.73,6121927.0
2023-12-13,3764.01,3776.06,3710.1,3718.63,4284333.0
2023-12-14,3727.52,3770.21,3676.69,3680.82,2908457.0
2023-12-15,3731.57,3801.2,3727.29,3736.74,4721006.0
2023-12-18,3708.4,3810.9,3684.18,3713.75,3999521.0
2023-12-19,3698.63,3719.65,3622.3,3657.66,3254555.0
2023-12-20,3650.08,3658.45,3592.6,3593.12,2911825.0
2023-12-21,3570.51,3635.15,3563.86,3631.87,2986975.0
2023-12-22,3624.74,3642.98,3576.68,3615.03,2873820.0
2023-12-25,3599.25,3618.58,3587.33,3590.42,2137888.0
2023-12-26,3584.85,3595.97,3520.38,3522.39,2524508.0
2023-12-27,3519.42,3548.48,3500.05,3528.95,2307046.0
2023-12-28,3519.51,3669.4,3499.2,3658.77,3905350.0
2023-12-29,3648.53,3683.98,3618.77,3642.56,2850392.0
2024-01-02,3635.72,3635.85,3510.44,3513.01,4177339.0
2024-01-03,3510.13,3548.66,3484.52,3510.96,3004164.0
2024-01-04,3499.49,3502.63,3418.66,3435.69,3875907.0
2024-01-05,3426.86,3493.02,3415.24,3435.86,3624238.0
2024-01-08,3441.56,3460.84,3370.81,3372.32,3198110.0
2024-01-09,3374.18,3430.26,3347.81,3404.37,2997323.0
2024-01-10,3389.12,3420.18,3360.13,3383.65,2446582.0
2024-01-11,3375.2,3406.67,3341.25,3388.91,2913440.0
2024-01-12,3369.23,3430.96,3363.28,3375.78,3049759.0
2024-01-15,3358.78,3401.66,3310.0,3376.38,3047273.0
2024-01-16,3360.37,3383.55,3311.45,3357.84,3158222.0
2024-01-17,3341.04,3343.42,3262.63,3262.63,3087593.0
2024-01-18,3245.21,3302.75,3189.75,3294.03,4233753.0
2024-01-19,3273.77,3323.58,3259.73,3303.32,2978615.0
2024-01-22,3269.4,3296.91,3180.27,3201.51,4309377.0
2024-01-23,3188.58,3237.04,3152.79,3221.76,3519198.0
2024-01-24,3235.62,3315.8,3194.46,3312.18,4316458.0
2024-01-25,3328.83,3517.02,3319.61,3508.69,6796677.0
2024-01-26,3519.89,3656.12,3513.54,3610.01,7978059.0
2024-01-29,3677.5,3681.62,3585.97,3586.72,6318619.0
2024-01-30,3559.37,3589.95,3486.17,3490.76,4400917.0
2024-01-31,3464.75,3489.26,3379.28,3402.69,5023585.0
2024-02-01,3375.31,3416.83,3335.94,3340.24,4004083.0
2024-02-02,3343.24,3470.14,3249.52,3364.86,5051090.0
2024-02-05,3339.02,3346.14,3207.67,3266.51,5487555.0
2024-02-06,3238.3,3403.63,3213.24,3372.5,5404806.0
2024-02-07,3373.32,3404.61,3332.48,3381.98,5720373.0
2024-02-08,3416.72,3554.4,3413.33,3551.88,6017996.0
2024-02-19,3565.36,3565.36,3425.85,3497.29,6176097.0
2024-02-20,3520.13,3580.13,3480.24,3517.37,4361456.0
2024-02-21,3481.58,3690.99,3449.86,3609.39,6686649.0
2024-02-22,3577.0,3606.16,3550.29,3584.97,3633816.0
2024-02-23,3584.15,3611.78,3570.91,3601.4,3596016.0
2024-02-26,3585.94,3592.14,3518.61,3535.17,3967932.0
2024-02-27,3513.56,3574.76,3508.41,3574.76,3561267.0
2024-02-28,3573.62,3610.83,3515.37,3515.37,5062686.0
2024-02-29,3484.4,3560.19,3484.4,3560.19,4126358.0
2024-03-01,3548.9,3557.77,3481.56,3509.22,4141865.0
2024-03-04,3472.52,3472.52,3359.2,3381.29,6124009.0
2024-03-05,3353.41,3409.27,3322.39,3396.94,5056960.0
2024-03-06,3375.19,3399.23,3332.3,3347.35,3607656.0
2024-03-07,3344.12,3370.7,3310.9,3310.9,3701760.0
2024-03-08,3309.44,3321.46,3262.53,3285.11,3311502.0
2024-03-11,3302.25,3394.39,3302.25,3394.39,5190500.0
2024-03-12,3389.83,3605.4,3376.95,3563.62,8861013.0
2024-03-13,3531.26,3533.65,3462.89,3471.64,5194775.0
2024-03-14,3462.82,3549.42,3456.85,3501.16,4450261.0
2024-03-15,3481.77,3529.04,3442.19,3470.98,4117161.0
2024-03-18,3466.37,3469.84,3413.78,3452.32,4412556.0
2024-03-19,3448.8,3454.68,3408.19,3408.78,3643030.0
2024-03-20,3400.36,3430.78,3383.67,3406.05,3019383.0
2024-03-21,3402.48,3465.1,3402.48,3433.79,3952411.0
2024-03-22,3417.09,3420.08,3348.56,3376.27,3951809.0
2024-03-25,3373.53,3491.17,3351.32,3430.83,5113460.0
2024-03-26,3425.54,3478.38,3413.78,3468.11,4625221.0
2024-03-27,3457.23,3457.23,3373.18,3373.18,4021747.0
2024-03-28,3358.93,3402.85,3355.07,3366.25,3439277.0
2024-03-29,3315.97,3345.29,3271.17,3299.09,4633777.0
2024-04-01,3285.64,3356.16,3283.84,3306.41,4924124.0
2024-04-02,3294.39,3294.39,3177.65,3191.47,7139562.0
2024-04-03,3167.06,3199.79,3142.86,3147.51,4521749.0
2024-04-08,3124.1,3151.17,3093.24,3094.42,4694510.0
2024-04-09,3100.28,3112.8,3061.85,3079.08,3593149.0
2024-04-10,3074.39,3074.39,2931.05,2956.19,6268241.0
2024-04-11,2914.41,2953.89,2885.13,2938.86,4764868.0
2024-04-12,2918.14,2942.93,2840.86,2844.91,5474271.0
2024-04-15,2828.27,2900.7,2818.37,2850.88,4972160.0
2024-04-16,2828.55,2884.95,2778.0,2839.87,5850315.0
2024-04-17,2823.02,2890.14,2822.73,2871.02,5807081.0
2024-04-18,2853.49,2885.66,2816.63,2849.71,5991579.0
2024-04-19,2823.42,2852.29,2797.47,2805.66,4424248.0
2024-04-22,2798.11,2840.23,2759.12,2785.22,5497074.0
2024-04-23,2788.92,2798.79,2745.49,2755.41,4263898.0
2024-04-24,2755.52,2760.48,2720.96,2747.06,4237801.0
2024-04-25,2737.51,2799.41,2727.06,2768.0,4887321.0
2024-04-26,2765.44,2938.34,2749.28,2932.2,10170276.0
2024-04-29,2902.27,3156.94,2897.86,3144.95,13909375.0
2024-04-30,3144.18,3145.11,3026.42,3048.36,12656086.0
2024-05-06,3122.97,3174.09,3054.55,3057.49,11524554.0
2024-05-07,3035.81,3177.91,3032.82,3145.68,10481455.0
2024-05-08,3118.88,3121.36,3034.66,3036.8,6263269.0
2024-05-09,3063.41,3154.24,3050.26,3098.81,7764594.0
2024-05-10,3124.83,3267.97,3110.67,3253.9,12605000.0
2024-05-13,3203.32,3241.77,3172.09,3202.27,7275456.0
2024-05-14,3197.01,3268.99,3187.2,3235.91,6726788.0
2024-05-15,3220.53,3428.01,3219.2,3307.26,11927008.0
2024-05-16,3302.4,3478.18,3295.2,3422.22,15111815.0
2024-05-17,3463.85,3737.42,3357.97,3734.58,23613790.0
2024-05-20,3698.88,3836.37,3627.06,3688.63,21238700.0
2024-05-21,3642.09,3742.17,3629.16,3682.03,10828875.0
2024-05-22,3677.01,3900.05,3656.34,3723.65,17539537.0
2024-05-23,3658.4,3684.79,3586.64,3660.02,13649134.0
2024-05-24,3608.07,3611.76,3522.9,3529.1,9434907.0
2024-05-27,3513.67,3530.24,3424.6,3515.3,8120669.0
2024-05-28,3552.65,3567.77,3416.13,3430.26,8379773.0
2024-05-29,3441.76,3512.53,3433.42,3452.92,6236784.0
2024-05-30,3421.96,3437.98,3342.41,3356.01,7109310.0
2024-05-31,3367.83,3414.2,3339.65,3347.27,6826920.0
2024-06-03,3320.59,3355.44,3294.92,3327.27,6657044.0
2024-06-04,3327.7,3440.34,3293.58,3410.2,7995801.0
2024-06-05,3393.07,3393.07,3323.07,3323.07,4723384.0
2024-06-06,3332.96,3362.51,3275.35,3303.82,5104148.0
2024-06-07,3303.27,3375.28,3303.27,3348.11,5559292.0
2024-06-11,3321.15,3389.15,3274.84,3300.72,5625114.0
2024-06-12,3288.25,3312.3,3254.91,3258.44,5049363.0
2024-06-13,3280.72,3286.39,3176.82,3191.29,7759205.0
2024-06-14,3174.53,3301.04,3163.4,3254.96,9791293.0
2024-06-17,3216.78,3230.42,3143.79,3167.78,3870066.0
2024-06-18,3161.52,3191.27,3119.57,3128.86,3093244.0
2024-06-19,3128.84,3143.61,3089.71,3103.43,2856594.0
2024-06-20,3095.39,3095.39,3005.96,3014.1,3506412.0
2024-06-21,3026.58,3050.93,3007.47,3024.15,2776322.0
2024-06-24,3001.88,3001.88,2943.94,2952.69,3027537.0
2024-06-25,2956.46,3051.72,2926.88,2998.07,3896322.0
2024-06-26,2972.65,2987.6,2934.22,2978.83,2837485.0
2024-06-27,2978.33,3001.62,2900.85,2900.85,3257066.0
2024-06-28,2889.27,2948.95,2852.38,2865.42,3761908.0
2024-07-01,2867.49,3057.38,2867.49,3030.43,5949374.0
2024-07-02,3016.85,3067.51,2960.0,2968.76,3991814.0
2024-07-03,2970.09,3048.16,2922.19,3001.68,4028681.0
2024-07-04,2991.23,2995.64,2909.23,2909.23,3188239.0
2024-07-05,2912.3,2939.64,2868.85,2888.08,2658496.0
2024-07-08,2877.06,2886.45,2797.19,2808.96,3312770.0
2024-07-09,2807.75,2836.55,2765.17,2816.83,3010656.0
2024-07-10,2757.05,2814.13,2721.02,2788.8,3513706.0
2024-07-11,2821.46,2865.23,2791.21,2847.17,3214356.0
2024-07-12,2887.05,3009.28,2879.61,2943.12,5595802.0
2024-07-15,2914.22,2966.72,2891.0,2925.58,2889731.0
2024-07-16,2919.87,3003.02,2891.31,2962.18,3246915.0
2024-07-17,2964.06,3076.47,2963.51,3034.19,4608902.0
2024-07-18,3029.79,3076.97,2996.54,3070.02,3382168.0
2024-07-19,3044.57,3045.87,2971.79,3009.65,3619032.0
2024-07-22,3015.76,3021.23,2948.88,2981.24,2794787.0
2024-07-23,2966.61,2985.13,2908.78,2911.23,2488503.0
2024-07-24,2909.33,2942.08,2816.95,2827.48,2923651.0
2024-07-25,2825.65,2902.74,2822.01,2856.72,2330361.0
2024-07-26,2858.38,2942.2,2858.38,2891.94,2482962.0
2024-07-29,2885.45,2886.65,2792.08,2800.73,3183445.0
2024-07-30,2744.8,2802.3,2742.3,2782.44,2813159.0
2024-07-31,2785.47,2929.37,2748.86,2925.71,4764797.0
2024-08-01,2916.95,2934.21,2829.95,2834.35,3659042.0
2024-08-02,2804.67,2843.42,2792.86,2799.67,2780878.0
2024-08-05,2776.54,2895.37,2776.54,2800.08,4290131.0
2024-08-06,2822.82,2881.12,2813.14,2872.98,3481452.0
2024-08-07,2858.67,2871.98,2814.08,2851.01,2529387.0
2024-08-08,2867.15,2956.44,2820.97,2875.69,4524319.0
2024-08-09,2860.58,2999.34,2857.49,2923.85,6529319.0
2024-08-12,2908.27,2920.01,2819.11,2827.68,3732490.0
2024-08-13,2820.3,2827.12,2789.0,2819.28,2210504.0
2024-08-14,2816.13,2830.32,2786.34,2793.34,1567838.0
2024-08-15,2785.84,2850.66,2771.64,2829.48,3016569.0
2024-08-16,2822.14,2833.59,2794.9,2809.54,2193059.0
2024-08-19,2797.75,2847.47,2786.03,2810.88,2097907.0
2024-08-20,2810.26,2821.5,2758.52,2770.97,2122984.0
2024-08-21,2758.48,2770.15,2717.28,2742.37,2728119.0
2024-08-22,2749.12,2789.68,2740.01,2747.54,2858218.0
2024-08-23,2737.53,2772.68,2719.62,2742.41,2298116.0
2024-08-26,2742.41,2817.88,2719.96,2785.55,2663697.0
2024-08-27,2775.64,2775.64,2680.23,2690.21,2741556.0
2024-08-28,2684.59,2693.91,2645.44,2651.63,1990143.0
2024-08-29,2643.54,2674.52,2633.45,2653.65,1769761.0
2024-08-30,2653.63,2886.28,2651.19,2794.92,7853046.0
2024-09-02,2742.42,2747.82,2678.02,2680.53,4435925.0
2024-09-03,2672.38,2747.12,2645.3,2709.07,3635587.0
2024-09-04,2688.57,2762.39,2652.41,2658.51,3804691.0
2024-09-05,2688.07,2731.84,2672.06,2713.18,3190479.0
2024-09-06,2698.33,2716.64,2669.62,2673.91,2225977.0
2024-09-09,2652.36,2664.49,2612.69,2635.47,1960481.0
2024-09-10,2632.39,2645.95,2556.85,2595.1,2680803.0
2024-09-11,2579.07,2647.33,2570.36,2619.52,1943877.0
2024-09-12,2614.61,2661.33,2613.57,2616.02,1734896.0
2024-09-13,2624.24,2653.26,2614.75,2625.56,2028620.0
2024-09-18,2633.06,2718.22,2604.73,2687.66,3517398.0
2024-09-19,2706.25,2824.7,2706.25,2780.82,5993610.0
2024-09-20,2720.51,2825.31,2718.25,2819.05,5073850.0
2024-09-23,2789.44,2857.56,2787.06,2829.64,3568281.0
2024-09-24,2891.12,2906.43,2779.71,2877.57,7631627.0
2024-09-25,2886.09,3048.49,2886.09,2916.27,8434356.0
2024-09-26,2887.84,3190.48,2887.84,3189.28,11214174.0
2024-09-27,3329.57,3457.69,3325.64,3453.24,14036752.0
2024-09-30,3752.05,3792.4,3577.85,3786.82,16469781.0
2024-10-08,4159.83,4159.83,3606.55,3847.48,23603716.0
2024-10-09,3682.59,3682.59,3462.44,3464.85,12208647.0
2024-10-10,3367.22,3552.9,3312.02,3437.16,10835360.0
2024-10-11,3402.2,3532.94,3359.94,3462.46,7867841.0
2024-10-14,3566.19,3668.93,3516.53,3598.76,9918250.0
2024-10-15,3527.6,3670.67,3506.85,3581.81,7298216.0
2024-10-16,3640.5,3790.13,3619.37,3764.82,12277604.0
2024-10-17,3767.98,3767.98,3463.8,3469.34,10892393.0
2024-10-18,3413.1,3587.79,3347.28,3520.38,9206821.0
2024-10-21,3531.48,3587.37,3458.17,3556.45,7229129.0
2024-10-22,3531.8,3609.51,3529.07,3590.49,5154495.0
2024-10-23,3580.54,3651.75,3572.71,3606.56,5727386.0
2024-10-24,3577.87,3600.46,3522.2,3536.29,4143512.0
2024-10-25,3531.87,3606.15,3531.87,3546.04,4451840.0
2024-10-28,3539.19,3633.04,3537.36,3624.64,5828498.0
2024-10-29,3592.47,3688.17,3522.02,3526.24,5771549.0
2024-10-30,3520.75,3601.27,3515.82,3553.73,5296615.0
2024-10-31,3527.98,3717.08,3495.94,3607.12,8239546.0
2024-11-01,3619.62,3721.0,3604.38,3621.05,7258251.0
2024-11-04,3651.77,3651.77,3548.75,3621.38,5487530.0
2024-11-05,3610.25,3774.51,3593.92,3747.37,8207643.0
2024-11-06,3745.67,3909.03,3653.02,3827.15,11617065.0
2024-11-07,3763.88,3963.82,3761.38,3947.32,13113975.0
2024-11-08,3988.17,3989.38,3780.05,3794.24,11248914.0
2024-11-11,3729.24,3757.14,3643.72,3703.26,7531182.0
2024-11-12,3696.96,3751.73,3647.08,3675.56,5750933.0
2024-11-13,3652.17,3690.9,3606.8,3641.28,5395135.0
2024-11-14,3706.54,3709.71,3560.97,3563.3,6050343.0
2024-11-15,3542.8,3576.76,3469.83,3472.22,5166128.0
2024-11-18,3498.95,3577.53,3472.38,3489.11,5459984.0
2024-11-19,3491.05,3491.05,3401.96,3480.21,4570843.0
2024-11-20,3457.38,3496.25,3438.84,3483.35,3150162.0
2024-11-21,3470.92,3496.72,3434.43,3456.05,2929441.0
2024-11-22,3446.12,3479.74,3352.13,3353.97,4029935.0
2024-11-25,3357.63,3379.31,3317.56,3362.32,3592237.0
2024-11-26,3351.85,3445.05,3350.14,3395.59,3735998.0
2024-11-27,3384.47,3453.44,3351.33,3453.38,4157141.0
2024-11-28,3442.76,3535.2,3438.41,3498.8,5588724.0
2024-11-29,3479.0,3578.28,3475.91,3525.07,5941319.0
2024-12-02,3512.89,3624.57,3512.81,3599.97,7464363.0
2024-12-03,3602.52,3617.99,3557.34,3583.87,7261944.0
2024-12-04,3562.35,3566.56,3486.3,3498.03,4777750.0
2024-12-05,3480.23,3490.78,3455.27,3477.5,3347793.0
2024-12-06,3474.42,3532.92,3457.25,3512.86,3961535.0
2024-12-09,3504.27,3517.7,3414.23,3428.3,4703531.0
2024-12-10,3614.31,3614.31,3471.34,3472.69,7548563.0
2024-12-11,3456.8,3531.35,3451.6,3505.88,4722356.0
2024-12-12,3501.03,3525.66,3466.98,3517.59,3931705.0
2024-12-13,3486.83,3487.39,3400.88,3401.51,5880862.0
2024-12-16,3405.23,3417.59,3315.47,3326.07,4188919.0
2024-12-17,3326.56,3329.66,3284.12,3289.03,2949120.0
2024-12-18,3309.36,3320.61,3284.63,3289.68,2740466.0
2024-12-19,3240.32,3257.94,3219.65,3257.94,3740238.0
2024-12-20,3249.25,3262.86,3226.84,3257.23,3700449.0
2024-12-23,3251.07,3260.13,3190.58,3195.56,3410472.0
2024-12-24,3192.32,3215.91,3183.91,3213.21,2787416.0
2024-12-25,3206.47,3208.86,3133.88,3161.93,3772192.0
2024-12-26,3150.89,3164.2,3130.79,3138.22,2611163.0
2024-12-27,3138.16,3191.78,3132.63,3175.21,3461111.0
2024-12-30,3157.3,3159.82,3107.13,3116.97,3709022.0
2024-12-31,3119.43,3161.55,3083.89,3086.41,3829981.0
2025-01-02,3087.78,3123.69,2991.42,3011.94,4259078.0
2025-01-03,3016.56,3029.9,2941.02,2955.27,3516472.0
2025-01-06,2947.73,2954.63,2910.2,2951.82,2835736.0
2025-01-07,2944.95,2982.67,2918.9,2980.85,2567050.0
2025-01-08,2965.9,2973.46,2903.9,2955.01,2861016.0
2025-01-09,2945.8,2986.32,2942.56,2966.62,2358886.0
2025-01-10,2964.66,2997.63,2903.6,2903.6,2853476.0
2025-01-13,2879.03,2954.62,2866.69,2953.42,2906444.0
2025-01-14,2952.75,3023.04,2952.75,3020.03,3489981.0
2025-01-15,3012.66,3036.8,2968.9,3005.58,2887993.0
2025-01-16,3011.61,3055.02,2977.2,3007.99,3387618.0
2025-01-17,2936.09,3017.77,2918.78,2987.76,6286372.0
2025-01-20,2979.76,3035.61,2931.76,2998.47,5186406.0
2025-01-21,3004.05,3157.61,2999.02,3072.12,9651878.0
2025-01-22,3037.46,3037.46,2939.48,2946.17,6404766.0
2025-01-23,2980.51,3082.85,2975.74,3003.85,7246658.0
2025-01-24,2999.57,3041.04,2975.78,3013.61,4310849.0
2025-01-27,3019.19,3064.17,2974.77,2974.77,3942334.0
2025-02-05,2955.48,2964.87,2890.13,2913.38,4559742.0
2025-02-06,2910.78,2963.07,2901.62,2933.68,3586515.0
2025-02-07,2934.67,3068.11,2921.76,3018.22,6172917.0
2025-02-10,3007.01,3032.05,2991.97,3020.17,3919414.0
2025-02-11,3029.92,3040.87,2950.5,2955.42,4055289.0
2025-02-12,2959.06,3101.46,2916.94,3098.37,7352142.0
2025-02-13,3056.68,3150.22,3052.18,3090.24,9596781.0
2025-02-14,3080.43,3095.03,3028.97,3056.83,4783468.0
2025-02-17,3049.03,3080.12,3022.99,3044.54,4715619.0
2025-02-18,3037.86,3042.71,2966.12,2977.77,4286506.0
2025-02-19,2970.96,3016.54,2965.09,3001.25,3846148.0
2025-02-20,2985.31,2985.31,2951.32,2956.8,3404375.0
2025-02-21,2958.63,2990.91,2937.03,2966.13,4348714.0
2025-02-24,2969.13,3057.62,2965.2,3035.21,6883305.0
2025-02-25,3012.45,3043.56,2996.49,3015.34,4459073.0
2025-02-26,3032.09,3099.09,3032.09,3087.25,5417997.0
2025-02-27,3082.59,3147.62,3080.76,3126.68,5923579.0
2025-02-28,3118.22,3172.27,3093.11,3098.05,6630532.0
2025-03-03,3112.44,3177.17,3100.92,3114.48,4716156.0
2025-03-04,3093.56,3102.27,3036.39,3093.96,3468644.0
2025-03-05,3086.61,3098.66,3016.81,3052.98,3641236.0
2025-03-06,3064.68,3144.54,3057.79,3141.15,5668153.0
2025-03-07,3112.31,3112.31,3071.08,3084.11,3842884.0
2025-03-10,3091.68,3098.58,3036.33,3051.66,3031221.0
2025-03-11,3025.25,3036.66,3006.47,3036.66,2856893.0
2025-03-12,3034.15,3039.5,3008.14,3014.94,2504177.0
2025-03-13,3010.04,3019.93,2978.78,2994.36,2266704.0
2025-03-14,2997.32,3061.4,2997.32,3056.55,4535702.0
2025-03-17,3069.85,3111.14,3064.65,3078.85,3520419.0
2025-03-18,3081.25,3094.29,3050.47,3062.26,2718982.0
2025-03-19,3058.69,3060.5,3033.14,3042.4,2298089.0
2025-03-20,3040.02,3055.34,3021.33,3029.34,2074717.0
2025-03-21,3020.77,3030.05,2984.54,3002.43,3432627.0
2025-03-24,2998.65,2999.29,2950.55,2965.29,2771948.0
2025-03-25,2963.48,2987.86,2949.9,2974.82,2072144.0
2025-03-26,2971.08,3002.06,2969.71,2974.11,2124638.0
2025-03-27,2970.39,2985.3,2942.78,2967.47,1891433.0
2025-03-28,2968.66,2975.48,2946.75,2957.36,1879241.0
2025-03-31,2952.96,2952.96,2887.03,2898.61,2732833.0
2025-04-01,2902.88,2929.04,2901.0,2913.49,2311516.0
2025-04-02,2907.94,2915.76,2896.7,2910.79,1899648.0
2025-04-03,2893.58,2988.93,2891.04,2957.34,3912856.0
2025-04-07,2865.7,2880.65,2703.99,2759.91,6238360.0
2025-04-08,2767.18,2900.46,2767.18,2894.09,5862491.0
2025-04-09,2865.4,3039.81,2842.39,3039.81,7203027.0
2025-04-10,3005.18,3088.6,2960.05,3066.61,6817902.0
2025-04-11,3033.31,3039.23,2984.22,3012.35,4222154.0
2025-04-14,2990.6,3022.03,2980.22,2996.91,3994290.0
2025-04-15,2990.74,2990.74,2945.44,2974.57,2831675.0
2025-04-16,2970.78,3007.73,2956.27,3007.73,3310438.0
2025-04-17,2994.15,3125.69,2986.15,3080.52,6743175.0
2025-04-18,3064.9,3108.47,3045.27,3096.82,3768409.0
2025-04-21,3069.86,3078.54,3046.26,3055.57,2876510.0
2025-04-22,3052.49,3070.35,3039.88,3051.68,2398389.0
2025-04-23,3049.78,3056.47,2994.94,2999.84,3039374.0
2025-04-24,3000.42,3035.2,2975.21,3004.96,2394635.0
2025-04-25,3007.4,3079.98,2951.54,2963.45,5758734.0
2025-04-28,2934.88,2942.33,2854.68,2861.56,4776761.0
2025-04-29,2864.83,2877.24,2856.25,2861.12,1989235.0
2025-04-30,2847.46,2895.05,2844.92,2869.34,2751941.0
2025-05-06,2885.03,2888.84,2870.24,2880.66,3356970.0
2025-05-07,2956.76,2966.04,2902.39,2911.84,4499479.0
2025-05-08,2897.53,2912.35,2890.85,2897.45,2516315.0
2025-05-09,2898.71,2898.71,2839.68,2845.36,3194527.0
2025-05-12,2855.13,2863.68,2842.83,2863.12,2299724.0
2025-05-13,2871.75,2879.68,2857.56,2863.74,1873637.0
2025-05-14,2861.28,2893.99,2843.33,2876.09,2701701.0
2025-05-15,2870.98,2884.03,2841.62,2843.52,2184481.0
2025-05-16,2845.97,2851.51,2818.78,2839.13,2247760.0
2025-05-19,2834.22,2861.84,2828.56,2850.82,2073258.0
2025-05-20,2850.19,2853.99,2836.7,2846.55,1660555.0
2025-05-21,2847.12,2847.12,2827.85,2831.57,1870039.0
2025-05-22,2826.09,2827.77,2798.89,2803.31,2133603.0
2025-05-23,2799.51,2814.46,2778.65,2778.65,1802487.0
2025-05-26,2775.5,2789.12,2759.66,2771.26,1796850.0
2025-05-27,2772.46,2789.08,2766.46,2780.44,1579342.0
2025-05-28,2790.12,2794.4,2777.77,2781.02,1307547.0
2025-05-29,2779.82,2801.25,2772.93,2792.63,1654254.0
2025-05-30,2788.33,2796.98,2777.79,2781.77,1727830.0
2025-06-03,2760.91,2773.96,2753.67,2761.57,2070855.0
2025-06-04,2762.76,2779.97,2757.27,2777.0,1711931.0
2025-06-05,2775.87,2794.46,2769.17,2778.37,1896488.0
2025-06-06,2780.21,2790.7,2769.7,2780.71,2054098.0
2025-06-09,2781.4,2788.07,2770.86,2782.59,1810354.0
2025-06-10,2783.79,2808.98,2753.64,2768.96,2614523.0
2025-06-11,2763.54,2785.12,2759.83,2774.79,2226139.0
2025-06-12,2770.57,2770.57,2749.7,2758.33,2340544.0
2025-06-13,2751.51,2752.77,2720.8,2725.08,3086798.0
2025-06-16,2732.31,2799.86,2732.31,2789.89,4747607.0
2025-06-17,2784.06,2784.43,2757.01,2762.44,2112832.0
2025-06-18,2759.99,2762.51,2719.09,2728.39,2264154.0
2025-06-19,2721.68,2723.35,2673.13,2683.06,2498201.0
2025-06-20,2684.94,2695.98,2669.49,2683.01,1802591.0
2025-06-23,2665.64,2691.58,2654.92,2686.75,1790282.0
2025-06-24,2690.36,2719.58,2685.84,2717.91,2189010.0
2025-06-25,2716.42,2749.75,2704.15,2748.46,2644812.0
2025-06-26,2747.24,2752.99,2734.46,2745.73,2395258.0
2025-06-27,2744.7,2790.81,2742.39,2745.72,2939380.0
2025-06-30,2748.23,2774.73,2745.83,2765.26,2161901.0
2025-07-01,2766.55,2768.29,2732.49,2738.28,2474812.0
2025-07-02,2741.07,2773.01,2734.67,2769.2,3041661.0
2025-07-03,2767.4,2794.2,2763.34,2766.88,2622501.0
2025-07-04,2770.37,2780.49,2754.04,2761.33,2740343.0
2025-07-07,2759.4,2808.92,2756.04,2800.69,4383956.0
2025-07-08,2795.84,2828.33,2786.8,2823.21,3504348.0
2025-07-09,2818.45,2835.38,2805.29,2810.33,3030007.0
2025-07-10,2807.51,2910.49,2806.21,2883.45,6671062.0
2025-07-11,2882.23,2893.97,2860.41,2863.81,4438205.0
2025-07-14,2858.85,2867.62,2819.78,2823.89,3699935.0
2025-07-15,2817.2,2819.79,2761.98,2791.21,4482777.0
2025-07-16,2782.51,2804.39,2768.77,2781.99,2842051.0
2025-07-17,2770.27,2784.63,2765.61,2780.05,2617349.0
2025-07-18,2784.24,2797.64,2778.17,2795.39,2321438.0
2025-07-21,2795.19,2828.13,2789.81,2822.34,4231179.0
2025-07-22,2830.63,2870.32,2795.95,2868.45,6355608.0
2025-07-23,2873.52,2908.07,2839.1,2849.82,6806104.0
2025-07-24,2848.99,2943.67,2845.98,2931.58,7998177.0
2025-07-25,2955.68,2989.44,2920.17,2960.09,9642713.0
2025-07-28,2944.52,2981.0,2906.84,2962.82,6358191.0
2025-07-29,2954.23,2974.57,2931.85,2953.63,4826152.0
2025-07-30,2947.49,2984.98,2907.8,2911.61,6131322.0
2025-07-31,2899.15,2903.41,2778.02,2787.69,8620435.0
2025-08-01,2785.37,2796.08,2770.73,2773.05,3381042.0
2025-08-04,2774.74,2784.66,2764.74,2784.66,2602591.0
2025-08-05,2784.66,2803.81,2779.26,2801.87,2969844.0
2025-08-06,2797.2,2798.8,2778.33,2791.64,2819405.0
2025-08-07,2787.17,2806.81,2769.96,2801.96,3597902.0
2025-08-08,2798.54,2804.67,2787.18,2797.7,2203706.0
2025-08-11,2809.8,2824.21,2806.46,2808.33,2960192.0
2025-08-12,2807.56,2820.22,2796.97,2802.46,2684395.0
2025-08-13,2807.57,2813.37,2788.32,2795.68,2948268.0
2025-08-14,2797.62,2836.58,2784.74,2788.99,4844170.0
2025-08-15,2787.97,2850.22,2786.11,2842.01,5821248.0
2025-08-18,2842.65,2849.82,2820.23,2823.25,5434850.0
2025-08-19,2835.27,2859.61,2828.9,2832.28,6199452.0
2025-08-20,2806.12,2832.63,2791.54,2824.17,4293363.0
2025-08-21,2822.48,2847.25,2816.8,2827.18,4431782.0
2025-08-22,2825.89,2834.39,2806.06,2832.45,3899077.0
2025-08-25,2851.8,3024.8,2851.8,2972.54,16292843.0
2025-08-26,2938.75,2951.2,2914.36,2935.84,7903014.0
2025-08-27,2924.36,2934.29,2841.51,2842.15,7409917.0
2025-08-28,2848.57,2863.45,2799.61,2848.92,5636401.0
2025-08-29,2880.05,2893.44,2850.7,2855.18,6511167.0
2025-09-01,2860.25,2883.0,2828.81,2857.51,6031428.0
2025-09-02,2853.05,2866.95,2806.56,2826.19,5658496.0
2025-09-03,2833.21,2838.82,2767.04,2776.59,4804578.0
2025-09-04,2778.48,2786.56,2753.62,2773.19,4181876.0
2025-09-05,2773.57,2793.28,2757.08,2793.28,4032659.0
2025-09-08,2823.09,2858.71,2818.29,2832.01,6472682.0
2025-09-09,2839.94,2879.91,2824.92,2876.66,6603576.0
2025-09-10,2861.74,2872.96,2848.55,2870.68,4059664.0
2025-09-11,2858.66,2865.64,2835.08,2865.64,4462586.0
2025-09-12,2865.63,2931.11,2865.63,2891.34,8200455.0
2025-09-15,2882.67,2924.52,2860.82,2920.2,6499225.0
2025-09-16,2910.61,2940.18,2888.29,2938.63,6067593.0
2025-09-17,2931.47,2945.47,2902.54,2938.15,4876090.0
2025-09-18,2919.5,2919.57,2828.12,2844.45,7541194.0
2025-09-19,2843.29,2921.22,2814.52,2914.32,7263742.0
2025-09-22,2888.33,2914.04,2854.43,2897.91,5245376.0
2025-09-23,2878.27,2878.33,2801.6,2829.42,5239166.0
2025-09-24,2813.48,2889.73,2809.73,2866.53,4775583.0
2025-09-25,2864.4,2872.01,2837.39,2854.92,3658399.0
2025-09-26,2842.9,2946.93,2840.38,2888.82,5610264.0
2025-09-29,2882.86,2913.15,2844.49,2896.58,4990946.0
2025-09-30,2892.77,2954.03,2883.97,2946.6,6261507.0
2025-10-09,2936.56,2936.56,2840.77,2922.12,7887266.0
2025-10-10,2893.75,2955.51,2893.75,2936.08,6112272.0
2025-10-13,2860.26,2915.46,2847.49,2898.55,6267424.0
2025-10-14,2896.99,2951.58,2896.53,2909.6,6176451.0
2025-10-15,2903.19,2930.53,2874.97,2903.62,4621427.0
2025-10-16,2894.97,2905.0,2877.99,2896.22,5258437.0
2025-10-17,2889.43,2931.91,2888.12,2897.58,7959775.0
2025-10-20,2911.44,2936.71,2880.17,2895.93,7022907.0
2025-10-21,2890.6,2931.55,2870.65,2928.25,6328142.0
2025-10-22,2901.47,2919.25,2870.52,2874.36,6366122.0
2025-10-23,2880.53,2887.35,2823.79,2850.7,4967254.0
2025-10-24,2844.26,2862.45,2815.76,2821.17,3752744.0
2025-10-27,2826.02,2829.02,2802.69,2807.53,4179857.0
2025-10-28,2803.7,2818.46,2789.78,2794.62,4463875.0
2025-10-29,2791.44,2853.42,2789.5,2838.95,6359142.0
2025-10-30,2831.89,2841.47,2806.0,2807.29,4989990.0
2025-10-31,2822.55,2848.77,2819.3,2834.51,5173772.0
2025-11-03,2841.39,2880.69,2829.88,2875.66,6118016.0
2025-11-04,2869.99,2890.78,2845.62,2856.34,6207591.0
2025-11-05,2830.75,2900.02,2829.58,2868.79,6233493.0
2025-11-06,2863.01,2870.57,2832.1,2842.83,5593418.0
2025-11-07,2859.93,2876.83,2829.77,2857.27,5138710.0
2025-11-10,2848.72,2900.17,2833.62,2881.88,5762226.0
2025-11-11,2876.72,2905.9,2870.26,2895.1,4150358.0
2025-11-12,2901.36,2906.02,2871.31,2879.33,4157915.0
2025-11-13,2873.91,2892.38,2857.63,2888.1,3457635.0
2025-11-14,2880.55,2921.2,2877.5,2890.11,5174450.0
2025-11-17,2886.75,2902.52,2869.41,2888.04,3692172.0
2025-11-18,2883.02,2884.23,2815.24,2823.83,5513834.0
2025-11-19,2814.77,2822.31,2743.58,2762.03,5720363.0
2025-11-20,2761.0,2863.29,2755.51,2822.49,7379390.0
2025-11-21,2789.06,2833.85,2769.77,2770.42,4674949.0
2025-11-24,2770.79,2800.54,2746.07,2749.41,4913230.0
2025-11-25,2747.39,2776.53,2735.47,2762.38,3777060.0
2025-11-26,2759.21,2776.87,2716.18,2721.85,5145644.0
2025-11-27,2669.56,2685.83,2600.33,2656.99,7044901.0
2025-11-28,2643.07,2654.5,2604.32,2641.76,5877720.0
2025-12-01,2625.98,2648.82,2610.61,2614.99,6817064.0
2025-12-02,2619.89,2630.11,2587.43,2615.68,4230435.0
2025-12-03,2612.34,2619.87,2557.76,2560.09,5747864.0
2025-12-04,2551.54,2582.98,2534.21,2551.52,5132635.0
2025-12-05,2540.33,2550.24,2494.77,2545.85,6872219.0
2025-12-08,2531.97,2565.71,2531.32,2550.8,4958459.0
2025-12-09,2542.42,2542.99,2467.86,2470.45,6139350.0
2025-12-10,2464.95,2643.35,2451.37,2617.17,13380525.0
2025-12-11,2597.21,2597.21,2532.13,2533.16,10404800.0
2025-12-12,2549.84,2561.55,2518.19,2524.51,6705126.0
2025-12-15,2492.73,2504.53,2469.43,2471.29,5598624.0
2025-12-16,2473.55,2499.93,2444.56,2464.34,5901923.0
2025-12-17,2454.97,2470.46,2410.39,2469.17,5127200.0
2025-12-18,2455.35,2456.0,2421.63,2423.77,4572540.0
2025-12-19,2422.08,2481.78,2422.08,2473.26,6071915.0
2025-12-22,2484.02,2534.53,2476.74,2527.55,6410392.0
2025-12-23,2553.63,2566.69,2510.88,2519.0,10430054.0
2025-12-24,2501.96,2533.66,2492.92,2518.14,7377141.0
2025-12-25,2544.52,2544.52,2503.4,2509.63,6297088.0
2025-12-26,2496.87,2558.26,2495.19,2532.62,7663660.0
2025-12-29,2532.23,2543.47,2488.04,2493.46,7111840.0
2025-12-30,2478.52,2483.12,2436.63,2436.63,5906889.0
2025-12-31,2452.27,2474.78,2430.39,2465.94,5401165.0
2026-01-05,2460.11,2521.27,2453.32,2505.57,8511177.0
2026-01-06,2496.16,2556.54,2491.58,2535.01,7408996.0
2026-01-07,2530.51,2544.42,2487.51,2492.81,5746734.0
2026-01-08,2487.51,2563.76,2472.03,2545.25,8070820.0
2026-01-09,2537.96,2565.72,2523.33,2556.5,6612243.0
2026-01-12,2535.79,2560.68,2524.61,2537.76,6183367.0
2026-01-13,2534.86,2562.53,2512.59,2516.51,6337883.0
2026-01-14,2510.65,2530.79,2449.71,2450.8,8835381.0
2026-01-15,2459.99,2529.83,2457.3,2493.53,8045565.0
2026-01-16,2504.38,2506.88,2437.86,2446.05,6113829.0
2026-01-19,2440.28,2488.52,2431.47,2481.51,5666349.0
2026-01-20,2484.62,2592.83,2483.85,2558.62,9695213.0
2026-01-21,2552.98,2591.99,2538.34,2564.49,9080797.0
2026-01-22,2567.83,2613.64,2552.22,2579.15,10234441.0
2026-01-23,2576.42,2608.79,2561.49,2596.55,8406880.0
2026-01-26,2585.76,2592.65,2545.98,2549.19,8246715.0
2026-01-27,2547.58,2566.29,2509.24,2535.72,5666139.0
2026-01-28,2561.99,2608.59,2544.43,2587.52,8416170.0
2026-01-29,2575.38,2731.27,2568.78,2717.3,13190857.0
2026-01-30,2695.79,2704.89,2613.91,2623.7,9265801.0
2026-02-02,2560.09,2619.96,2535.93,2539.02,7592050.0
2026-02-03,2563.84,2600.95,2541.02,2574.9,5059858.0
2026-02-04,2567.56,2716.24,2561.95,2708.08,10211338.0
2026-02-05,2690.39,2725.49,2682.92,2704.23,6213165.0
2026-02-06,2680.1,2691.27,2644.63,2647.16,5462022.0
2026-02-09,2656.19,2757.76,2656.19,2689.15,7224700.0
2026-02-10,2686.77,2689.66,2623.26,2637.07,5033295.0
2026-02-11,2628.27,2642.55,2604.82,2629.11,3570126.0
2026-02-12,2635.19,2670.75,2611.54,2613.84,5371905.0
2026-02-13,2624.75,2630.28,2599.31,2610.11,4777823.0
2026-02-24,2608.0,2611.73,2574.32,2582.7,4757727.0
2026-02-25,2590.21,2679.84,2590.21,2639.72,7001088.0
2026-02-26,2636.83,2636.83,2542.42,2551.6,7000404.0
2026-02-27,2552.71,2559.75,2537.74,2551.05,3331714.0
2026-03-02,2509.61,2549.32,2504.79,2520.46,5118461.0
2026-03-03,2519.93,2540.02,2489.6,2490.18,5038797.0
2026-03-04,2474.62,2496.04,2435.86,2463.61,4508747.0
2026-03-05,2480.34,2493.57,2448.62,2461.16,3356528.0
2026-03-06,2451.86,2470.65,2437.45,2468.32,3570916.0
2026-03-09,2431.69,2432.92,2382.41,2407.02,4530678.0
2026-03-10,2418.45,2427.86,2398.91,2408.28,2977834.0
2026-03-11,2404.47,2437.09,2396.93,2425.78,3014170.0
2026-03-12,2419.53,2436.32,2403.81,2415.7,2909655.0
2026-03-13,2421.79,2482.99,2421.79,2427.97,4803111.0
2026-03-16,2436.38,2476.03,2429.08,2433.92,3580163.0
2026-03-17,2444.52,2496.54,2442.65,2449.18,5084056.0
2026-03-18,2445.7,2446.92,2385.14,2399.48,3958953.0
2026-03-19,2381.92,2393.23,2330.16,2337.67,3648337.0
2026-03-20,2342.24,2350.84,2293.2,2293.51,3685150.0
2026-03-23,2263.11,2264.41,2184.83,2192.44,5448708.0
2026-03-24,2220.4,2225.61,2185.32,2220.13,3440855.0
2026-03-25,2220.2,2245.63,2213.14,2238.65,2944581.0
2026-03-26,2233.22,2248.71,2188.9,2189.29,2742083.0
2026-03-27,2171.91,2205.45,2167.13,2198.01,2619430.0
2026-03-30,2170.37,2193.86,2147.11,2180.77,3125390.0
2026-03-31,2185.24,2210.65,2154.47,2158.27,3312134.0
2026-04-01,2183.13,2190.68,2162.54,2177.55,3166038.0
2026-04-02,2167.02,2167.6,2110.43,2115.65,3776105.0
2026-04-03,2117.59,2121.41,2052.16,2057.01,3391876.0
2026-04-07,2051.59,2065.15,2040.37,2051.74,2334902.0
2026-04-08,2081.57,2128.61,2081.57,2126.74,4011167.0
2026-04-09,2106.15,2106.73,2070.57,2083.65,3153104.0
2026-04-10,2089.59,2111.4,2089.52,2091.38,2626637.0
2026-04-13,2074.72,2125.83,2070.26,2119.44,3255383.0
2026-04-14,2134.03,2190.77,2119.97,2188.8,5281785.0
2026-04-15,2187.69,2225.57,2160.64,2179.77,4186455.0
2026-04-16,2176.91,2203.68,2171.82,2182.8,2219261.0
2026-04-17,2184.36,2238.72,2179.44,2216.48,3882239.0
2026-04-20,2207.55,2209.7,2168.9,2187.3,3006429.0
2026-04-21,2183.76,2205.4,2168.3,2179.99,2516115.0
2026-04-22,2175.48,2178.51,2147.38,2161.23,3489594.0
2026-04-23,2157.68,2158.26,2131.12,2134.74,3163362.0
2026-04-24,2129.37,2133.17,2085.59,2093.72,3142199.0
2026-04-27,2097.27,2121.11,2080.91,2110.77,2755023.0
2026-04-28,2124.84,2182.12,2123.54,2164.4,5093366.0
2026-04-29,2155.15,2219.48,2154.63,2204.98,4248919.0
2026-04-30,2202.67,2236.32,2173.15,2207.61,4623126.0
2026-05-06,2228.78,2281.92,2216.23,2265.88,6705916.0
2026-05-07,2264.66,2288.14,2256.44,2272.75,4358299.0
2026-05-08,2267.54,2315.57,2263.65,2297.3,4934330.0
2026-05-11,2300.54,2398.45,2285.02,2349.13,7485382.0
2026-05-12,2345.66,2381.57,2319.94,2340.42,5916471.0
2026-05-13,2327.23,2335.9,2286.33,2306.36,4703248.0
2026-05-14,2315.79,2325.02,2235.96,2236.99,4409632.0
2026-05-15,2235.96,2237.26,2176.99,2190.83,3914608.0
2026-05-18,2181.65,2184.82,2118.32,2134.93,4427865.0
2026-05-19,2135.2,2182.65,2135.2,2177.2,3635651.0
2026-05-20,2172.81,2172.81,2115.47,2142.53,3220584.0
2026-05-21,2142.83,2163.88,2065.53,2070.06,4204669.0
2026-05-22,2077.22,2084.86,2044.86,2056.81,3026140.0
2026-05-25,2050.71,2105.51,2050.71,2082.46,3187571.0
2026-05-26,2070.9,2085.57,2043.57,2067.41,3530525.0
2026-05-27,2060.25,2064.03,1985.21,2006.26,4316905.0
2026-05-28,2000.57,2038.11,1987.06,1999.3,3480438.0
2026-05-29,2009.52,2133.36,2009.52,2082.4,9580640.0
2026-06-01,2055.53,2105.05,2040.74,2085.86,6592497.0
2026-06-02,2084.19,2094.06,2025.72,2042.46,5714656.0
2026-06-03,2033.15,2034.45,1976.73,2000.93,5123564.0
2026-06-04,1990.32,2014.36,1943.64,1961.6,4913914.0
2026-06-05,1972.06,2021.52,1950.93,1955.32,4417713.0
2026-06-08,1932.79,1958.03,1895.64,1907.35,4195530.0
2026-06-09,1912.11,1913.79,1851.35,1893.0,4472194.0
2026-06-10,1877.86,1896.86,1871.65,1891.26,3256082.0
2026-06-11,1879.7,1901.07,1870.76,1884.14,3432608.0
2026-06-12,1888.0,1915.39,1871.81,1895.82,4708166.0
2026-06-15,1901.92,1920.12,1865.43,1876.75,2792120.0
2026-06-16,1872.98,1872.98,1807.81,1811.59,3460389.0
2026-06-17,1812.37,1831.16,1789.54,1816.82,3320079.0
2026-06-18,1812.71,1819.4,1766.11,1766.11,3390664.0
2026-06-22,1754.86,1790.38,1724.22,1785.74,3829769.0
2026-06-23,1778.11,1820.58,1742.05,1751.15,3561292.0
2026-06-24,1751.15,1751.74,1683.36,1688.85,3873233.0
2026-06-25,1673.67,1721.09,1657.09,1683.6,3536227.0
2026-06-26,1692.0,1733.2,1668.32,1677.67,4091354.0
2026-06-29,1668.82,1696.48,1622.68,1675.88,4358072.0
2026-06-30,1665.25,1670.49,1627.23,1643.37,3085717.0
2026-07-01,1646.29,1710.82,1640.2,1685.59,4118973.0
2026-07-02,1682.59,1718.3,1660.47,1675.76,3588595.0
2026-07-03,1689.06,1706.64,1668.03,1687.08,3278565.0
2026-07-06,1685.61,1707.92,1671.97,1701.91,2764956.0
2026-07-07,1697.36,1698.9,1634.03,1641.59,3051806.0
2026-07-08,1640.13,1662.18,1616.45,1652.3,2356799.0
2026-07-09,1645.44,1661.31,1622.61,1638.57,2266369.0
2026-07-10,1650.08,1721.45,1627.15,1707.71,5224585.0
2026-07-13,1688.14,1697.84,1644.38,1651.24,3524016.0
2026-07-14,1650.47,1664.96,1634.51,1662.64,2250775.0
2026-07-15,1654.32,1746.06,1650.54,1729.92,4479106.0
2026-07-16,1720.82,1764.59,1720.12,1761.5,4455880.0
2026-07-17,1753.27,1786.15,1708.74,1717.05,4178469.0
