date,open,high,low,close,volume
2015-10-21,6829.42,7037.05,6491.44,6599.8,36613315.3
2015-10-22,6521.76,6730.86,6416.81,6683.51,21960342.66
2015-10-23,6676.22,6761.77,6617.55,6735.38,19189743.42
2015-10-26,6823.27,6874.07,6708.51,6770.06,19319566.45
2015-10-27,6716.84,6754.34,6479.47,6718.37,16521006.06
2015-10-28,6682.79,6769.66,6575.06,6591.47,15334543.5
2015-10-29,6635.25,6671.56,6548.32,6612.9,11795276.92
2015-10-30,6594.23,6674.11,6532.8,6589.48,12139489.1
2015-11-02,6500.25,6628.78,6466.79,6491.02,13000556.2
2015-11-03,6496.44,6540.57,6437.53,6466.34,10573522.55
2015-11-04,6485.94,6754.8,6485.94,6754.08,18759356.01
2015-11-05,6753.04,7123.3,6749.9,7000.52,43727889.78
2015-11-06,6945.19,7102.88,6930.62,7079.5,32177455.33
2015-11-09,7010.46,7200.54,7004.84,7120.26,32920974.33
2015-11-10,7038.62,7122.48,7011.78,7077.42,23417588.27
2015-11-11,7077.18,7118.19,7030.23,7105.59,20372869.1
2015-11-12,7099.95,7111.68,6975.73,7027.71,19892698.56
2015-11-13,6954.0,7037.51,6890.2,6906.37,18849548.16
2015-11-16,6785.94,7023.6,6765.21,7022.2,14912340.23
2015-11-17,7080.37,7146.9,6958.05,6966.91,20557248.45
2015-11-18,6968.13,7016.48,6870.97,6885.25,16659850.49
2015-11-19,6906.17,6987.79,6866.52,6987.79,12450124.52
2015-11-20,7013.11,7078.44,6975.48,7026.37,16287981.85
2015-11-23,7037.67,7131.03,6986.23,7019.23,16078217.83
2015-11-24,7013.08,7024.11,6891.55,7005.02,12562644.53
2015-11-25,6995.12,7067.94,6961.81,7067.92,13546456.5
2015-11-26,7106.08,7127.94,7008.1,7022.22,15197939.4
2015-11-27,6994.09,6997.25,6472.87,6522.73,18904580.37
2015-11-30,6518.91,6577.98,6216.19,6475.1,14319716.65
2015-12-01,6482.77,6668.58,6453.72,6591.75,13938476.3
2015-12-02,6579.8,6727.79,6519.73,6719.0,16671926.07
2015-12-03,6692.64,6779.2,6673.0,6762.79,13696856.75
2015-12-04,6740.03,6770.65,6634.47,6672.23,12658805.07
2015-12-07,6668.61,6701.25,6622.61,6682.74,9269983.98
2015-12-08,6647.59,6647.59,6475.13,6481.08,10027591.71
2015-12-09,6465.89,6490.8,6394.88,6429.45,13616098.36
2015-12-10,6405.19,6459.17,6353.29,6380.77,11517021.93
2015-12-11,6357.23,6366.61,6277.84,6318.21,8706388.21
2015-12-14,6261.72,6527.22,6253.68,6526.76,11191041.79
2015-12-15,6533.52,6567.69,6484.96,6499.87,10533469.76
2015-12-16,6527.11,6546.79,6480.21,6495.32,9901774.55
2015-12-17,6531.63,6674.54,6531.63,6647.42,16810456.21
2015-12-18,6664.79,6722.15,6616.85,6642.98,14016022.36
2015-12-21,6640.71,6768.2,6633.12,6747.72,16729079.33
2015-12-22,6780.85,6785.63,6696.78,6772.78,14622235.7
2015-12-23,6786.67,6813.64,6702.64,6713.81,16114734.39
2015-12-24,6702.75,6717.54,6567.02,6623.08,11721302.18
2015-12-25,6634.9,6706.0,6608.79,6681.72,10466231.14
2015-12-28,6699.23,6707.6,6474.29,6475.05,14099798.1
2015-12-29,6471.76,6520.22,6436.13,6520.22,8055642.19
2015-12-30,6541.54,6566.94,6497.54,6553.69,8942200.0
2015-12-31,6554.27,6583.23,6495.65,6495.65,8692553.21
2016-01-04,6495.65,6498.13,5959.72,5964.44,9375907.53
2016-01-05,5764.71,6013.8,5694.18,5897.31,13772200.14
2016-01-06,5918.03,6069.69,5918.03,6069.69,11054045.56
2016-01-07,5986.25,5986.25,5547.07,5567.6,2965962.82
2016-01-08,5712.51,5779.28,5418.63,5674.58,13653615.86
2016-01-11,5586.76,5797.26,5442.42,5450.53,15057980.2
2016-01-12,5488.47,5534.02,5362.21,5486.7,11010249.38
2016-01-13,5520.62,5528.46,5297.82,5297.82,9496662.24
2016-01-14,5124.83,5409.94,5118.75,5400.98,11293556.15
2016-01-15,5359.29,5383.21,5084.08,5115.46,11307872.09
2016-01-18,5018.44,5216.36,5015.9,5134.79,9566280.98
2016-01-19,5131.5,5504.96,5114.16,5494.65,15870388.85
2016-01-20,5517.66,5583.26,5436.38,5459.34,18523757.92
2016-01-21,5350.41,5472.16,5228.44,5228.44,13071454.84
2016-01-22,5298.85,5402.42,5165.06,5341.54,11615051.69
2016-01-25,5370.04,5395.84,5315.72,5359.63,9458662.08
2016-01-26,5294.2,5318.44,4925.67,4943.54,13139816.12
2016-01-27,4960.89,4980.64,4659.15,4883.94,12562655.35
2016-01-28,4832.79,4883.29,4627.4,4645.42,8749098.32
2016-01-29,4639.75,4902.75,4639.75,4857.66,10366618.76
2016-02-01,4846.19,4853.29,4670.37,4742.73,8226143.44
2016-02-02,4749.78,4911.27,4749.78,4874.34,8372116.28
2016-02-03,4830.63,4906.72,4779.61,4883.42,7916009.92
2016-02-04,4902.65,4986.13,4900.62,4960.48,9183764.15
2016-02-05,4963.35,4974.02,4906.19,4906.95,6865767.55
2016-02-15,4746.8,4864.58,4732.08,4835.19,5719476.31
2016-02-16,4868.65,5048.73,4868.65,5033.17,10782948.65
2016-02-17,5039.25,5203.27,5030.14,5196.43,15872263.58
2016-02-18,5225.76,5242.69,5168.87,5185.11,13973976.6
2016-02-19,5170.42,5219.12,5146.57,5195.19,10031520.75
2016-02-22,5272.89,5342.11,5238.91,5318.51,13878917.97
2016-02-23,5312.03,5328.14,5207.83,5265.34,10801066.42
2016-02-24,5245.43,5341.27,5191.56,5341.27,13179034.15
2016-02-25,5317.07,5317.07,4865.82,4884.98,15405615.32
2016-02-26,4930.35,4953.82,4811.75,4901.08,8869842.78
2016-02-29,4891.08,4891.08,4603.89,4713.79,10048272.02
2016-03-01,4731.98,4847.25,4690.54,4819.27,8406707.51
2016-03-02,4835.65,5098.78,4825.84,5092.67,15089608.87
2016-03-03,5110.47,5174.89,5090.53,5113.8,15629322.69
2016-03-04,5098.16,5145.63,4997.76,5111.26,17181706.82
2016-03-07,5207.49,5237.09,5118.67,5168.2,11045269.96
2016-03-08,5143.95,5180.41,4953.12,5180.41,10837567.53
2016-03-09,5056.56,5093.92,5002.5,5091.23,8635165.9
2016-03-10,5069.15,5104.03,4964.69,4964.78,6152805.22
2016-03-11,4930.29,5005.61,4913.9,4987.18,5258749.0
2016-03-14,5041.95,5174.06,5039.16,5124.74,9616105.66
2016-03-15,5122.13,5134.13,5038.68,5122.85,9503030.11
2016-03-16,5110.86,5147.66,5100.5,5118.24,10590347.55
2016-03-17,5134.17,5223.65,5103.7,5198.24,10091539.02
2016-03-18,5225.24,5337.43,5214.01,5290.02,17219669.15
2016-03-21,5336.65,5514.92,5323.11,5426.05,19260153.81
2016-03-22,5387.31,5434.16,5355.79,5381.06,12125920.07
2016-03-23,5366.71,5404.55,5334.65,5395.27,9053601.45
2016-03-24,5348.16,5397.23,5297.35,5298.02,9923701.33
2016-03-25,5296.79,5348.14,5292.65,5344.27,7099029.84
2016-03-28,5363.05,5421.86,5300.62,5311.53,9629362.56
2016-03-29,5316.1,5327.46,5192.5,5225.67,10591478.62
2016-03-30,5265.71,5376.54,5261.92,5376.47,10251208.62
2016-03-31,5402.09,5428.65,5367.79,5378.53,10206565.68
2016-04-01,5374.45,5425.14,5290.59,5424.45,10937467.58
2016-04-05,5407.89,5554.2,5389.4,5514.19,15483996.32
2016-04-06,5480.39,5521.04,5456.7,5510.92,12145706.39
2016-04-07,5522.13,5534.66,5416.5,5418.05,10176953.99
2016-04-08,5384.1,5395.49,5313.08,5362.57,9045492.17
2016-04-11,5399.99,5491.82,5399.99,5466.56,10823566.43
2016-04-12,5460.36,5478.41,5388.67,5431.59,7943904.9
2016-04-13,5464.83,5565.01,5464.83,5512.4,15564039.76
2016-04-14,5542.76,5573.23,5495.33,5549.38,9815351.59
2016-04-15,5556.19,5574.7,5518.95,5540.14,9145720.98
2016-04-18,5517.38,5517.38,5424.33,5444.52,9032793.12
2016-04-19,5476.76,5487.55,5417.58,5445.9,6728020.87
2016-04-20,5475.48,5478.39,5149.02,5266.15,13530050.18
2016-04-21,5239.23,5291.15,5192.03,5196.62,7233977.49
2016-04-22,5162.28,5216.71,5143.85,5216.54,5747996.45
2016-04-25,5197.02,5201.4,5126.21,5190.99,5455183.24
2016-04-26,5189.15,5240.94,5184.15,5239.87,6353597.88
2016-04-27,5230.18,5258.04,5188.31,5201.43,6598912.61
2016-04-28,5204.58,5211.9,5106.3,5160.83,6599914.53
2016-04-29,5149.28,5175.86,5138.62,5153.48,4709867.71
2016-05-03,5161.02,5270.01,5147.3,5270.01,7770749.12
2016-05-04,5252.2,5304.67,5247.27,5276.22,7451210.13
2016-05-05,5267.6,5285.81,5243.08,5284.82,6487677.34
2016-05-06,5290.03,5304.84,5110.31,5110.49,9223981.9
2016-05-09,5081.0,5081.0,4916.1,4934.21,8057327.66
2016-05-10,4927.65,4990.22,4910.45,4951.35,5873360.87
2016-05-11,4967.31,5035.09,4895.29,4967.45,7951618.42
2016-05-12,4908.72,4945.47,4841.53,4925.13,6391227.71
2016-05-13,4917.39,4968.92,4885.83,4904.73,5547007.52
2016-05-16,4890.16,4942.1,4864.61,4941.56,5653320.77
2016-05-17,4947.73,4963.48,4909.88,4931.13,5586734.51
2016-05-18,4903.53,4903.53,4767.04,4831.36,6821763.59
2016-05-19,4823.72,4878.25,4804.28,4810.34,4572671.74
2016-05-20,4791.79,4836.01,4769.94,4835.67,4595889.86
2016-05-23,4837.18,4878.12,4836.89,4868.42,4984931.04
2016-05-24,4870.11,4870.11,4797.39,4811.79,4684844.27
2016-05-25,4836.45,4859.75,4784.94,4794.35,4508470.22
2016-05-26,4788.96,4817.17,4709.63,4793.29,5095309.39
2016-05-27,4787.58,4808.71,4764.8,4787.0,4330228.3
2016-05-30,4775.68,4845.66,4753.4,4812.55,5390994.99
2016-05-31,4813.45,4982.0,4813.34,4981.07,10777863.3
2016-06-01,4980.12,5029.13,4967.67,4978.51,8446715.04
2016-06-02,4975.96,4992.2,4956.13,4992.09,7230791.58
2016-06-03,5015.72,5023.25,4980.39,4996.86,8480256.57
2016-06-06,4999.65,5014.44,4971.23,4990.82,6157426.92
2016-06-07,4994.91,4998.44,4963.77,4978.72,5350397.87
2016-06-08,4978.4,4979.53,4934.56,4959.36,5676865.93
2016-06-13,4900.0,4911.25,4764.29,4764.29,8128479.98
2016-06-14,4749.11,4778.72,4725.46,4758.55,4991937.24
2016-06-15,4704.35,4863.27,4699.91,4847.8,7430482.72
2016-06-16,4825.83,4834.61,4790.06,4801.22,7322667.18
2016-06-17,4810.12,4855.34,4791.12,4814.8,7757451.26
2016-06-20,4830.02,4837.8,4780.15,4820.12,5659768.13
2016-06-21,4839.33,4869.53,4786.8,4798.18,7361648.68
2016-06-22,4787.41,4828.08,4779.16,4827.85,6201451.93
2016-06-23,4826.32,4829.18,4784.54,4808.8,5749014.07
2016-06-24,4807.04,4837.71,4643.73,4734.07,7687552.65
2016-06-27,4705.13,4795.74,4700.89,4795.74,5871868.97
2016-06-28,4776.32,4827.66,4762.88,4825.45,6963383.32
2016-06-29,4836.65,4997.91,4835.3,4942.25,12680045.62
2016-06-30,4946.79,4951.13,4891.44,4908.41,8523379.34
2016-07-01,4907.74,4924.21,4882.61,4888.29,6028511.46
2016-07-04,4884.63,4996.82,4884.58,4984.87,10381546.48
2016-07-05,5000.85,5091.14,5000.85,5067.04,14606772.72
2016-07-06,5048.42,5062.41,5003.95,5056.0,11699018.45
2016-07-07,5058.58,5069.1,5003.25,5057.32,10865915.78
2016-07-08,5053.53,5057.53,5023.1,5035.04,8381941.53
2016-07-11,5044.61,5079.47,5019.11,5024.4,10282475.59
2016-07-12,5024.05,5115.56,4996.48,5115.56,13896463.51
2016-07-13,5127.27,5200.61,5127.27,5175.8,16379032.94
2016-07-14,5163.07,5166.52,5123.68,5156.82,10295796.06
2016-07-15,5173.9,5199.52,5140.83,5154.44,10367469.71
2016-07-18,5145.61,5146.44,5067.32,5081.87,13021450.51
2016-07-19,5073.76,5083.69,5037.71,5082.78,9071550.52
2016-07-20,5082.6,5105.89,5067.74,5088.44,7887533.82
2016-07-21,5096.42,5135.54,5085.21,5105.03,8710092.21
2016-07-22,5098.15,5101.63,5040.0,5045.64,7726328.82
2016-07-25,5039.75,5073.96,5028.45,5057.37,7042836.81
2016-07-26,5051.31,5109.54,5049.17,5108.95,7252598.67
2016-07-27,5114.09,5157.75,4918.76,5004.54,17000802.82
2016-07-28,4988.4,5062.11,4971.83,5037.44,11759192.53
2016-07-29,5035.6,5085.58,5019.01,5032.54,11995263.87
2016-08-01,5020.52,5022.51,4929.95,4965.28,9355098.33
2016-08-02,4963.27,5021.52,4961.19,5020.13,8867807.69
2016-08-03,4999.08,5049.69,4993.05,5040.87,10605181.67
2016-08-04,5041.6,5071.28,5012.97,5069.36,9498112.39
2016-08-05,5070.38,5094.61,5052.17,5053.25,9696530.36
2016-08-08,5046.36,5145.65,5036.17,5145.65,10716955.17
2016-08-09,5144.21,5268.1,5136.38,5263.05,16553635.26
2016-08-10,5262.37,5275.03,5218.76,5225.4,11885199.76
2016-08-11,5218.44,5235.66,5143.19,5144.33,10521854.79
2016-08-12,5145.17,5224.82,5134.6,5224.82,11104702.07
2016-08-15,5253.32,5416.93,5253.0,5394.7,22595867.74
2016-08-16,5413.89,5522.83,5413.59,5439.61,22976849.05
2016-08-17,5423.08,5494.52,5394.36,5473.43,16407743.5
2016-08-18,5503.06,5549.49,5455.14,5484.81,19964802.4
2016-08-19,5471.79,5612.42,5422.29,5577.73,21288979.69
2016-08-22,5571.8,5603.88,5477.77,5479.81,18707041.74
2016-08-23,5462.54,5524.55,5431.26,5471.51,12665446.02
2016-08-24,5477.45,5502.79,5434.3,5451.15,11043141.1
2016-08-25,5412.48,5412.48,5313.79,5355.0,11477097.79
2016-08-26,5370.76,5442.4,5366.79,5399.08,11886484.8
2016-08-29,5398.03,5531.14,5393.65,5477.15,15066933.6
2016-08-30,5484.95,5492.44,5428.38,5450.95,10376028.83
2016-08-31,5457.94,5486.17,5430.21,5467.68,9294699.83
2016-09-01,5469.38,5482.78,5405.97,5406.95,10532907.73
2016-09-02,5396.02,5428.86,5379.62,5425.49,11372460.61
2016-09-05,5435.97,5485.82,5416.32,5430.03,9971914.35
2016-09-06,5427.97,5518.92,5382.88,5518.12,13066048.87
2016-09-07,5521.18,5654.94,5518.04,5606.57,22791459.52
2016-09-08,5599.04,5636.43,5565.51,5606.26,13076290.69
2016-09-09,5607.46,5631.55,5556.58,5557.23,12604068.77
2016-09-12,5459.21,5497.43,5393.77,5470.44,17441522.21
2016-09-13,5479.93,5504.75,5421.7,5468.22,12618159.56
2016-09-14,5427.04,5438.96,5382.95,5398.0,9991865.68
2016-09-19,5414.11,5461.73,5414.11,5449.55,9269611.6
2016-09-20,5454.59,5486.06,5450.05,5470.14,11366463.28
2016-09-21,5466.62,5473.46,5437.34,5455.3,8118980.91
2016-09-22,5492.98,5508.47,5477.84,5496.94,10168800.04
2016-09-23,5505.32,5534.75,5501.6,5509.7,10594601.38
2016-09-26,5493.73,5493.73,5360.7,5361.43,11094875.93
2016-09-27,5346.86,5372.42,5283.94,5362.38,10185382.44
2016-09-28,5369.46,5369.46,5307.09,5319.16,6732925.06
2016-09-29,5326.42,5367.79,5326.42,5335.67,6946876.44
2016-09-30,5330.22,5364.1,5324.74,5356.35,6265289.49
2016-10-10,5383.79,5465.42,5378.92,5465.11,10211864.22
2016-10-11,5470.4,5503.31,5461.35,5497.8,9344546.97
2016-10-12,5484.48,5497.13,5467.72,5494.89,9002133.94
2016-10-13,5492.84,5577.61,5491.39,5576.69,13026794.05
2016-10-14,5563.0,5640.4,5552.92,5630.83,17060182.44
2016-10-17,5624.42,5663.0,5551.56,5579.9,15887355.75
2016-10-18,5565.19,5789.78,5565.17,5784.57,21289796.71
2016-10-19,5782.47,5825.61,5772.81,5799.77,19760375.26
2016-10-20,5780.39,5815.48,5755.31,5810.24,14545876.5
2016-10-21,5803.42,6029.6,5799.13,5957.95,28308383.83
2016-10-24,5950.69,6075.73,5950.69,6051.62,28223065.94
2016-10-25,6036.82,6036.82,5958.71,6019.34,22212401.07
2016-10-26,6000.45,6044.85,5948.34,5968.31,20195895.16
2016-10-27,5955.63,5964.93,5880.8,5925.07,15234034.74
2016-10-28,5921.71,5934.29,5816.56,5820.43,14437163.9
2016-10-31,5820.41,5824.82,5765.79,5799.64,13161275.34
2016-11-01,5804.43,5853.62,5786.4,5850.15,13293008.87
2016-11-02,5836.56,5836.56,5725.63,5734.13,13986184.15
2016-11-03,5720.66,6007.25,5715.47,5947.16,26485134.49
2016-11-04,5943.46,6029.21,5907.78,5928.56,24067253.78
2016-11-07,5925.44,5974.21,5888.01,5953.11,16722533.74
2016-11-08,5976.73,6055.21,5930.19,5951.03,19020664.2
2016-11-09,5945.62,6000.05,5816.35,5913.87,20731000.5
2016-11-10,5970.37,6103.54,5970.37,6016.04,20730704.07
2016-11-11,5998.97,6199.88,5997.38,6145.91,31438033.03
2016-11-14,6126.33,6335.32,6125.61,6263.56,33755647.57
2016-11-15,6264.16,6270.97,6187.66,6209.28,19489488.93
2016-11-16,6196.85,6213.63,6129.77,6166.15,15935994.7
2016-11-17,6143.48,6287.72,6119.04,6270.04,20363313.18
2016-11-18,6333.52,6352.34,6211.28,6224.38,22434229.73
2016-11-21,6224.07,6429.96,6217.8,6313.72,34028733.11
2016-11-22,6315.66,6415.88,6311.69,6383.46,34681648.76
2016-11-23,6393.26,6427.37,6324.55,6353.51,24756297.01
2016-11-24,6344.26,6375.5,6337.22,6359.7,18404962.99
2016-11-25,6382.7,6483.15,6284.0,6477.95,21847231.32
2016-11-28,6550.61,6783.77,6532.84,6730.69,44255083.05
2016-11-29,6679.16,7028.34,6660.26,6872.8,52383474.25
2016-11-30,6815.33,6862.33,6669.37,6697.4,30515913.65
2016-12-01,6703.08,6748.7,6647.35,6702.35,24623617.07
2016-12-02,6674.19,6791.95,6661.63,6695.44,29573483.65
2016-12-05,6534.4,6534.4,6291.91,6313.94,34269840.61
2016-12-06,6304.27,6336.11,6269.79,6294.9,19645645.89
2016-12-07,6294.18,6362.1,6250.65,6361.49,17540209.69
2016-12-08,6360.51,6360.56,6261.66,6270.63,14827415.89
2016-12-09,6249.9,6437.91,6241.44,6399.91,28730261.81
2016-12-12,6351.97,6352.65,6105.86,6142.62,26690093.07
2016-12-13,6095.94,6145.13,6009.89,6101.25,16910739.1
2016-12-14,6078.18,6078.65,5930.65,5953.98,21549277.74
2016-12-15,5932.57,6023.35,5928.55,5983.01,15113262.88
2016-12-16,5968.49,6062.84,5947.15,6038.19,14971676.0
2016-12-19,6025.27,6060.34,5984.73,5996.87,12812914.08
2016-12-20,6000.69,6030.38,5954.53,6014.46,12021868.92
2016-12-21,6031.5,6134.97,6015.37,6121.19,17741126.47
2016-12-22,6096.73,6166.13,6088.58,6147.14,15706297.78
2016-12-23,6142.54,6181.7,6109.71,6117.59,17661573.6
2016-12-26,6069.35,6259.21,5986.77,6225.88,17713156.61
2016-12-27,6268.21,6339.79,6256.52,6263.81,19733196.63
2016-12-28,6257.78,6275.03,6170.95,6186.44,15318959.15
2016-12-29,6168.6,6244.84,6147.3,6212.37,14930863.81
2016-12-30,6212.27,6243.99,6123.78,6173.69,14458737.42
2017-01-03,6172.9,6233.09,6172.9,6225.89,11294423.05
2017-01-04,6231.78,6301.25,6225.35,6296.69,13720241.05
2017-01-05,6283.5,6295.31,6241.51,6280.94,12210810.61
2017-01-06,6269.81,6300.9,6252.68,6253.71,14011196.23
2017-01-09,6240.94,6305.11,6232.98,6303.88,13541517.36
2017-01-10,6294.28,6301.39,6225.2,6228.85,11466574.93
2017-01-11,6216.77,6252.94,6130.25,6184.27,15928557.86
2017-01-12,6168.62,6228.48,6138.95,6139.89,14048629.8
2017-01-13,6128.86,6144.19,6068.83,6088.36,12957181.04
2017-01-16,6063.52,6063.55,5850.53,6035.4,20016883.26
2017-01-17,5992.6,6033.87,5924.07,6026.33,8839210.24
2017-01-18,6015.39,6118.44,6007.68,6069.57,11362733.57
2017-01-19,6047.44,6108.31,6023.83,6034.59,8981874.07
2017-01-20,6025.42,6100.48,6020.69,6090.08,7738486.25
2017-01-23,6098.83,6146.6,6098.83,6131.73,9068596.16
2017-01-24,6131.06,6164.73,6113.09,6132.44,8861022.14
2017-01-25,6128.63,6179.86,6117.31,6164.08,10398943.1
2017-01-26,6177.24,6210.74,6138.2,6169.52,9056341.81
2017-02-03,6168.19,6177.38,6146.56,6155.56,5759493.4
2017-02-06,6157.07,6268.44,6157.07,6255.87,11911418.27
2017-02-07,6253.72,6266.94,6201.27,6231.89,10864311.39
2017-02-08,6223.79,6256.49,6177.97,6255.97,10597212.89
2017-02-09,6248.6,6388.32,6245.7,6374.82,20684853.46
2017-02-10,6383.78,6599.15,6383.5,6511.5,34017735.8
2017-02-13,6521.63,6592.16,6489.07,6536.68,22612308.6
2017-02-14,6534.18,6614.07,6509.76,6612.27,19284881.11
2017-02-15,6596.13,6596.16,6480.34,6502.56,20017518.94
2017-02-16,6488.72,6549.15,6487.09,6543.64,14772775.11
2017-02-17,6540.91,6541.01,6431.33,6444.53,16488790.34
2017-02-20,6447.58,6562.38,6447.58,6560.79,18068205.46
2017-02-21,6564.52,6566.6,6525.7,6551.88,14583323.88
2017-02-22,6550.01,6585.51,6519.13,6584.51,15373464.41
2017-02-23,6580.72,6588.25,6480.65,6520.26,16014927.59
2017-02-24,6505.42,6515.52,6451.9,6515.29,12406651.84
2017-02-27,6498.88,6543.33,6449.27,6457.8,12546214.39
2017-02-28,6455.9,6534.11,6447.66,6533.22,12368619.59
2017-03-01,6527.43,6584.91,6506.26,6530.41,14695830.82
2017-03-02,6546.98,6556.46,6438.77,6439.99,13727415.35
2017-03-03,6419.76,6422.76,6367.44,6420.71,12307569.01
2017-03-06,6421.75,6432.67,6387.17,6422.3,10840809.15
2017-03-07,6415.23,6415.23,6378.4,6396.44,10175918.63
2017-03-08,6398.37,6454.48,6394.53,6424.35,12700401.08
2017-03-09,6414.27,6414.67,6338.05,6369.75,10991011.4
2017-03-10,6351.19,6367.88,6318.21,6321.11,8125902.01
2017-03-13,6310.23,6386.49,6271.18,6385.13,10935482.77
2017-03-14,6386.0,6433.41,6379.2,6406.0,10583733.71
2017-03-15,6395.18,6460.64,6368.73,6451.68,12703110.79
2017-03-16,6470.64,6522.04,6470.64,6499.25,14063989.01
2017-03-17,6512.02,6539.68,6448.24,6460.07,14975714.46
2017-03-20,6476.07,6530.69,6456.37,6520.26,14587199.22
2017-03-21,6522.75,6631.24,6513.69,6629.28,17991541.05
2017-03-22,6590.38,6759.47,6570.98,6673.65,24543827.42
2017-03-23,6670.92,6694.87,6578.26,6684.2,21044189.02
2017-03-24,6683.45,6903.3,6662.42,6815.2,35487144.73
2017-03-27,6792.48,6862.14,6728.93,6733.84,25677219.07
2017-03-28,6717.95,6771.08,6680.82,6708.17,19080698.79
2017-03-29,6711.15,6816.7,6686.25,6742.62,23857171.68
2017-03-30,6720.51,6756.86,6603.98,6633.78,24847281.96
2017-03-31,6630.43,6649.3,6548.17,6578.12,17758076.55
2017-04-05,6743.81,6886.5,6710.43,6869.29,35916510.65
2017-04-06,6924.3,7124.6,6877.87,7041.92,39898924.36
2017-04-07,7012.03,7060.69,6922.49,7009.84,28822119.3
2017-04-10,7004.73,7100.84,7002.28,7033.04,27754417.41
2017-04-11,7024.55,7171.56,6931.32,7135.54,37766918.75
2017-04-12,7084.55,7086.0,6935.47,6964.48,28700549.55
2017-04-13,6925.42,6989.01,6910.47,6948.01,19898578.07
2017-04-14,6962.43,6996.06,6863.49,6883.73,21841562.08
2017-04-17,6875.12,6941.3,6840.76,6897.62,18405553.74
2017-04-18,6908.05,6997.38,6877.78,6900.54,20472740.02
2017-04-19,6871.02,6890.62,6713.18,6844.49,21252667.69
2017-04-20,6828.23,6928.44,6812.16,6925.06,21060600.93
2017-04-21,6928.17,6962.31,6784.65,6835.42,18956296.81
2017-04-24,6783.39,6784.26,6421.95,6495.65,24194048.08
2017-04-25,6447.47,6516.09,6368.37,6444.02,15107590.11
2017-04-26,6444.52,6487.61,6410.76,6435.78,15783326.23
2017-04-27,6403.64,6523.89,6277.13,6502.09,21939472.35
2017-04-28,6469.42,6530.06,6459.41,6527.98,13928040.69
2017-05-02,6520.77,6590.38,6512.26,6556.62,13774814.24
2017-05-03,6548.19,6591.81,6468.36,6495.25,16117794.95
2017-05-04,6465.97,6666.46,6399.33,6566.0,22928966.23
2017-05-05,6517.79,6571.75,6483.43,6500.83,20150042.51
2017-05-08,6467.2,6504.84,6268.13,6372.82,24024964.94
2017-05-09,6313.7,6369.77,6252.36,6347.87,12643656.6
2017-05-10,6354.01,6404.61,6192.34,6199.56,14812898.91
2017-05-11,6138.87,6290.1,6124.13,6282.49,17185150.45
2017-05-12,6274.57,6314.36,6226.15,6270.84,13274762.25
2017-05-15,6307.99,6326.47,6189.75,6192.0,13578759.89
2017-05-16,6159.85,6209.36,6021.81,6208.71,18101200.04
2017-05-17,6191.6,6275.66,6183.15,6231.95,15698427.35
2017-05-18,6168.16,6222.95,6139.23,6166.03,15497955.98
2017-05-19,6149.03,6168.64,6070.31,6092.69,12141535.3
2017-05-22,6084.22,6091.18,5942.45,6009.62,15581505.06
2017-05-23,5986.14,5994.05,5833.22,5925.71,17780514.74
2017-05-24,5885.38,5956.58,5806.01,5954.8,12855071.09
2017-05-25,5937.46,6043.81,5881.25,6017.36,15259019.45
2017-05-26,6016.18,6105.12,6012.12,6046.64,14855252.98
2017-05-31,6105.72,6121.59,6045.93,6071.49,12823214.54
2017-06-01,6042.17,6065.78,6012.05,6021.86,14645832.72
2017-06-02,6011.42,6075.99,5961.67,6063.62,12498160.12
2017-06-05,6058.49,6104.82,6052.63,6076.34,10406281.71
2017-06-06,6061.93,6101.48,6051.09,6098.87,9119690.36
2017-06-07,6107.76,6208.12,6099.12,6207.88,15099661.8
2017-06-08,6208.74,6225.73,6193.59,6215.24,12965999.56
2017-06-09,6207.9,6294.31,6204.69,6283.94,18132706.71
2017-06-12,6249.25,6273.34,6209.49,6224.71,12890305.69
2017-06-13,6205.54,6260.18,6202.32,6245.9,10463255.48
2017-06-14,6221.63,6233.41,6171.56,6176.37,13745015.77
2017-06-15,6164.74,6219.84,6161.15,6217.91,12155440.82
2017-06-16,6204.91,6207.69,6156.12,6159.75,9935174.08
2017-06-19,6159.34,6215.17,6159.14,6215.17,10401149.39
2017-06-20,6225.61,6255.33,6220.7,6225.72,13117455.57
2017-06-21,6244.48,6265.14,6204.57,6244.54,11082592.9
2017-06-22,6241.58,6299.65,6205.5,6206.62,15852373.1
2017-06-23,6185.2,6221.63,6120.77,6220.49,13368055.43
2017-06-26,6207.75,6285.25,6205.91,6285.25,13478170.57
2017-06-27,6284.69,6306.23,6258.79,6295.57,11814540.15
2017-06-28,6276.32,6318.27,6243.43,6273.06,10862726.09
2017-06-29,6271.38,6308.49,6271.38,6287.48,10003139.81
2017-06-30,6259.22,6286.98,6238.96,6268.69,9433272.38
2017-07-03,6277.22,6300.06,6260.55,6299.74,9702016.67
2017-07-04,6297.48,6299.03,6241.1,6252.32,10720472.4
2017-07-05,6243.61,6290.31,6221.44,6288.97,9531865.24
2017-07-06,6283.88,6299.9,6237.05,6277.31,10303928.86
2017-07-07,6263.52,6266.19,6238.27,6258.39,9765968.34
2017-07-10,6250.06,6335.12,6237.42,6325.63,13347775.24
2017-07-11,6312.69,6324.09,6257.19,6260.66,10195915.0
2017-07-12,6252.08,6282.65,6224.01,6279.01,14195765.46
2017-07-13,6276.25,6413.96,6275.66,6376.72,20149447.96
2017-07-14,6381.65,6405.77,6339.63,6368.11,15092747.46
2017-07-17,6353.71,6372.87,6126.75,6173.35,19325350.08
2017-07-18,6137.83,6320.34,6130.17,6319.87,18041096.22
2017-07-19,6305.16,6418.5,6296.52,6394.76,21481014.63
2017-07-20,6390.23,6468.36,6386.28,6417.18,15750279.8
2017-07-21,6418.54,6491.33,6414.51,6444.26,15804348.8
2017-07-24,6424.98,6495.36,6393.02,6444.15,14410730.57
2017-07-25,6438.85,6444.48,6334.27,6368.99,13330788.28
2017-07-26,6365.63,6382.16,6306.47,6348.58,11083324.22
2017-07-27,6337.73,6340.32,6253.77,6330.97,11813468.57
2017-07-28,6309.5,6361.02,6301.7,6336.24,9546275.5
2017-07-31,6329.71,6372.47,6305.57,6350.52,10561943.86
2017-08-01,6353.59,6387.8,6336.4,6382.71,12144592.93
2017-08-02,6368.01,6376.39,6229.78,6234.34,15811252.99
2017-08-03,6228.41,6240.63,6166.36,6189.64,12986797.37
2017-08-04,6178.33,6210.69,6160.11,6161.25,9958891.1
2017-08-07,6156.83,6198.99,6152.66,6195.73,8054565.22
2017-08-08,6205.37,6227.12,6191.79,6210.24,9872001.07
2017-08-09,6214.93,6214.93,6177.67,6195.07,10513311.39
2017-08-10,6176.84,6196.08,6112.32,6172.35,10784042.69
2017-08-11,6138.16,6155.87,6088.38,6089.63,11307690.81
2017-08-14,6097.08,6218.74,6097.08,6216.0,10751684.34
2017-08-15,6223.43,6238.39,6192.04,6213.36,8975780.56
2017-08-16,6209.18,6211.6,6162.69,6198.23,9015804.47
2017-08-17,6197.6,6303.54,6197.6,6303.21,12322579.12
2017-08-18,6276.72,6333.87,6261.25,6293.6,13629325.8
2017-08-21,6318.65,6332.93,6295.44,6329.95,11311743.55
2017-08-22,6333.43,6337.15,6286.57,6301.3,11553080.69
2017-08-23,6292.31,6294.14,6246.82,6260.23,9968188.52
2017-08-24,6258.53,6271.83,6220.39,6232.97,8902000.99
2017-08-25,6231.13,6349.05,6230.02,6340.29,12403855.01
2017-08-28,6340.89,6420.89,6337.78,6397.7,16811742.0
2017-08-29,6406.61,6413.8,6362.59,6376.01,10485076.63
2017-08-30,6377.25,6398.77,6355.11,6389.84,11256905.51
2017-08-31,6394.46,6408.74,6344.74,6362.04,11494644.93
2017-09-01,6357.4,6371.99,6322.11,6337.54,13824915.08
2017-09-04,6330.15,6360.64,6311.12,6358.69,10331936.83
2017-09-05,6361.63,6370.62,6330.08,6336.52,8771461.67
2017-09-06,6320.44,6494.78,6280.08,6429.06,23822922.31
2017-09-07,6413.84,6437.91,6361.88,6361.88,15101484.94
2017-09-08,6356.89,6367.13,6306.02,6324.37,11288926.94
2017-09-11,6328.3,6360.89,6315.92,6354.75,10471365.73
2017-09-12,6355.8,6359.08,6304.3,6315.08,11405147.58
2017-09-13,6315.15,6347.57,6305.82,6341.98,9062340.59
2017-09-14,6346.29,6368.95,6321.23,6346.23,10107671.92
2017-09-15,6347.44,6438.48,6342.39,6402.5,16760633.35
2017-09-18,6421.3,6482.04,6421.3,6463.52,13509395.66
2017-09-19,6469.39,6473.08,6400.85,6418.19,10911197.71
2017-09-20,6412.35,6413.92,6357.74,6403.05,10088469.24
2017-09-21,6403.95,6421.79,6360.82,6362.98,9160398.02
2017-09-22,6346.78,6348.56,6294.15,6309.58,9117904.8
2017-09-25,6303.28,6308.88,6240.13,6241.08,8778067.13
2017-09-26,6237.42,6268.36,6234.96,6260.72,5831329.62
2017-09-27,6265.85,6275.39,6248.15,6256.03,6123181.73
2017-09-28,6263.22,6264.38,6201.54,6205.97,7980449.42
2017-09-29,6227.94,6255.74,6223.38,6248.2,7811827.27
2017-10-09,6319.1,6333.25,6301.36,6315.71,8697754.11
2017-10-10,6315.27,6338.3,6302.38,6335.99,6920482.94
2017-10-11,6332.57,6365.42,6327.42,6352.22,8548653.27
2017-10-12,6347.89,6350.56,6280.16,6299.67,6720282.82
2017-10-13,6300.61,6339.85,6288.11,6338.68,8300155.44
2017-10-16,6347.14,6357.87,6295.96,6300.13,9371987.65
2017-10-17,6282.14,6312.55,6258.55,6285.98,7413918.39
2017-10-18,6292.03,6335.56,6290.66,6296.72,8731860.12
2017-10-19,6296.08,6305.29,6208.84,6229.35,9297580.22
2017-10-20,6212.4,6254.63,6205.1,6253.79,6292009.95
2017-10-23,6256.64,6284.37,6245.89,6277.7,8983245.36
2017-10-24,6273.44,6331.85,6256.76,6330.85,9777401.75
2017-10-25,6328.88,6372.17,6322.92,6353.26,8388433.73
2017-10-26,6352.1,6465.58,6332.42,6437.74,14805427.36
2017-10-27,6427.66,6441.26,6375.75,6389.12,9309576.32
2017-10-30,6383.0,6388.08,6245.1,6318.67,13412762.19
2017-10-31,6292.78,6325.17,6265.69,6324.39,9701627.24
2017-11-01,6323.16,6409.84,6308.91,6387.82,16026835.12
2017-11-02,6379.46,6379.46,6300.74,6327.78,13452513.64
2017-11-03,6313.31,6326.86,6168.68,6250.04,13821966.57
2017-11-06,6231.06,6232.74,6155.8,6217.49,10110792.77
2017-11-07,6202.12,6246.45,6190.65,6220.61,11910417.93
2017-11-08,6214.7,6241.09,6188.48,6217.18,10893696.78
2017-11-09,6207.52,6229.21,6194.35,6228.15,10018000.33
2017-11-10,6221.74,6221.97,6142.27,6144.29,11896569.26
2017-11-13,6132.5,6149.86,6099.84,6126.48,11637635.46
2017-11-14,6131.8,6153.56,6102.15,6118.75,10536928.7
2017-11-15,6109.25,6114.71,6080.67,6097.76,8166468.22
2017-11-16,6093.72,6103.16,6046.12,6047.04,7940127.33
2017-11-17,6038.65,6043.88,5957.19,6023.4,16371389.57
2017-11-20,5991.71,6023.72,5923.75,6021.5,8770461.53
2017-11-21,6013.15,6082.27,6006.61,6064.63,11601191.49
2017-11-22,6080.25,6151.19,6062.99,6121.61,16252994.39
2017-11-23,6120.34,6125.21,5963.66,5990.27,12982755.31
2017-11-24,5957.47,5986.09,5933.56,5978.66,8729391.73
2017-11-27,5977.44,6004.83,5944.07,5958.2,8373231.12
2017-11-28,5946.16,5982.62,5928.23,5982.38,6343530.4
2017-11-29,5982.88,5993.56,5916.34,5981.51,8467214.47
2017-11-30,5969.13,6012.54,5943.59,5964.07,7711169.98
2017-12-01,5964.78,6014.11,5949.43,6007.75,7203689.79
2017-12-04,5986.5,6020.29,5964.5,5978.4,6569157.59
2017-12-05,5969.94,5989.87,5958.65,5970.55,13848698.58
2017-12-06,5953.45,5972.66,5911.34,5972.46,7749854.04
2017-12-07,5964.71,6005.29,5951.64,5973.36,6583898.15
2017-12-08,5967.75,5990.78,5951.65,5977.14,6791847.8
2017-12-11,5973.98,6005.75,5964.96,6003.68,6345284.67
2017-12-12,6007.48,6007.98,5938.61,5942.37,6815866.92
2017-12-13,5925.0,5955.6,5923.75,5953.51,5259992.5
2017-12-14,5950.85,5957.48,5900.06,5919.78,6063686.45
2017-12-15,5905.9,5914.86,5861.14,5874.84,7436397.74
2017-12-18,5867.28,5882.99,5828.16,5855.32,5146534.49
2017-12-19,5852.95,5881.4,5852.52,5875.92,4581340.29
2017-12-20,5876.4,5886.49,5815.42,5830.61,6140411.96
2017-12-21,5818.75,5841.56,5776.28,5823.83,5931247.72
2017-12-22,5823.19,5849.53,5818.65,5822.64,4958376.97
2017-12-25,5825.38,5849.4,5780.98,5795.98,6206838.93
2017-12-26,5795.31,5835.17,5783.95,5830.7,6593873.24
2017-12-27,5823.17,5825.23,5777.95,5790.59,7073275.52
2017-12-28,5785.84,5787.83,5755.1,5759.56,8696330.33
2017-12-29,5758.13,5792.96,5756.07,5786.09,6533928.52
2018-01-02,5790.88,5887.2,5790.84,5886.99,8770192.66
2018-01-03,5893.99,5951.37,5879.34,5942.4,10110564.67
2018-01-04,5944.9,5944.9,5909.22,5930.52,8754240.45
2018-01-05,5923.53,6018.37,5914.25,5984.91,13970755.35
2018-01-08,5969.88,6001.0,5948.99,5998.06,13048738.03
2018-01-09,5995.19,5995.97,5955.92,5960.5,9496978.1
2018-01-10,5960.04,5975.1,5911.05,5935.45,10977075.6
2018-01-11,5925.56,5939.11,5901.04,5938.19,8103882.69
2018-01-12,5928.45,5935.43,5881.9,5885.32,7253977.71
2018-01-15,5873.36,5873.55,5735.91,5750.89,10919108.4
2018-01-16,5738.71,5805.25,5737.41,5805.25,10262179.82
2018-01-17,5819.62,5863.49,5806.39,5854.88,15976717.64
2018-01-18,5839.75,6001.19,5839.75,5985.88,21267538.89
2018-01-19,5981.85,5985.86,5945.88,5967.44,15028677.55
2018-01-22,5962.51,5996.67,5930.5,5995.12,11975144.28
2018-01-23,5984.66,6018.56,5961.28,6012.81,12479964.59
2018-01-24,6016.0,6074.7,5988.04,6032.74,14858797.11
2018-01-25,6027.13,6078.3,6005.9,6025.53,13131453.45
2018-01-26,6012.38,6089.06,6010.08,6068.45,14280879.81
2018-01-29,6069.74,6103.87,6001.66,6019.32,12601404.46
2018-01-30,5996.11,6024.51,5933.31,5934.53,9717300.88
2018-01-31,5919.53,5931.78,5858.88,5888.88,11014399.19
2018-02-01,5893.58,5900.0,5734.42,5761.83,14783011.83
2018-02-02,5702.41,5743.94,5643.27,5740.63,10313457.33
2018-02-05,5672.7,5789.9,5665.36,5787.76,10393283.59
2018-02-06,5688.46,5766.15,5640.48,5644.9,15961830.82
2018-02-07,5714.17,5733.17,5581.44,5630.41,14537228.19
2018-02-08,5601.15,5641.47,5442.44,5515.14,12696974.95
2018-02-09,5363.34,5373.49,5107.65,5229.31,14825718.23
2018-02-12,5235.94,5284.13,5209.91,5259.96,6653440.75
2018-02-13,5298.41,5344.2,5271.75,5281.31,6399170.55
2018-02-14,5287.36,5301.42,5254.25,5281.86,3913746.3
2018-02-22,5330.67,5374.58,5318.57,5374.09,5582074.98
2018-02-23,5385.74,5459.68,5380.52,5447.92,7871258.96
2018-02-26,5481.51,5518.96,5422.98,5518.57,8745958.08
2018-02-27,5526.28,5526.28,5475.44,5500.6,7325373.54
2018-02-28,5480.81,5529.63,5452.94,5511.07,6769851.76
2018-03-01,5477.77,5529.39,5464.27,5511.0,6473549.94
2018-03-02,5471.97,5498.78,5464.67,5475.11,5772832.5
2018-03-05,5472.88,5501.9,5449.83,5475.99,5100545.7
2018-03-06,5493.84,5534.2,5468.27,5533.91,6583484.65
2018-03-07,5532.16,5537.69,5472.48,5484.02,5857285.96
2018-03-08,5482.81,5516.33,5472.84,5515.66,6278485.59
2018-03-09,5530.25,5543.01,5508.83,5538.82,7391950.09
2018-03-12,5556.92,5572.84,5541.98,5571.29,8384783.68
2018-03-13,5567.67,5567.83,5520.33,5528.07,8332717.17
2018-03-14,5513.68,5517.74,5474.94,5479.57,6466995.45
2018-03-15,5462.26,5483.94,5448.47,5477.93,5701206.68
2018-03-16,5472.07,5487.85,5442.65,5444.54,4733222.64
2018-03-19,5439.08,5452.11,5413.67,5432.08,4514882.1
2018-03-20,5418.74,5437.56,5395.58,5435.21,5208728.65
2018-03-21,5439.39,5476.51,5411.19,5428.17,6771824.23
2018-03-22,5420.82,5435.71,5373.04,5399.44,7043083.56
2018-03-23,5276.92,5282.24,5142.03,5209.59,12828901.76
2018-03-26,5150.06,5231.86,5101.92,5228.15,6223682.77
2018-03-27,5277.1,5314.29,5268.85,5298.63,6287846.73
2018-03-28,5255.51,5302.92,5244.79,5272.44,6596518.78
2018-03-29,5293.13,5341.79,5267.75,5331.96,6936151.15
2018-03-30,5348.35,5369.26,5339.06,5362.54,6595451.22
2018-04-02,5364.7,5393.14,5347.34,5359.79,6482326.73
2018-04-03,5315.7,5336.56,5283.87,5305.1,5999997.38
2018-04-04,5318.97,5336.24,5269.96,5272.46,5502835.93
2018-04-09,5259.25,5291.16,5231.06,5267.66,4985637.58
2018-04-10,5274.61,5337.8,5272.45,5337.8,6162582.87
2018-04-11,5348.75,5361.69,5330.28,5346.87,5849261.28
2018-04-12,5342.38,5343.92,5291.36,5293.29,4994289.59
2018-04-13,5315.78,5328.33,5282.21,5290.52,4992124.73
2018-04-16,5286.74,5293.52,5211.91,5235.3,5448500.72
2018-04-17,5240.19,5254.81,5149.76,5151.82,5738849.44
2018-04-18,5184.38,5200.24,5114.19,5193.39,5969397.96
2018-04-19,5200.34,5237.88,5192.45,5227.5,5233490.09
2018-04-20,5217.31,5217.84,5106.97,5118.26,5862124.77
2018-04-23,5121.03,5149.03,5079.5,5107.96,4531610.06
2018-04-24,5096.77,5206.63,5096.77,5204.4,5937351.12
2018-04-25,5175.98,5204.5,5174.23,5183.11,3973758.02
2018-04-26,5194.82,5201.04,5103.98,5111.7,4723251.05
2018-04-27,5129.01,5143.39,5099.16,5136.29,4307254.47
2018-05-02,5148.44,5183.36,5102.61,5123.03,5283277.12
2018-05-03,5115.65,5142.73,5080.44,5137.04,5047856.57
2018-05-04,5134.26,5149.25,5116.18,5121.28,3870906.42
2018-05-07,5123.75,5175.13,5123.14,5174.06,5310989.46
2018-05-08,5169.32,5208.92,5167.5,5199.11,5609124.77
2018-05-09,5199.17,5200.07,5164.99,5184.97,4716174.74
2018-05-10,5195.0,5208.7,5176.84,5201.27,4819474.91
2018-05-11,5211.14,5212.66,5161.96,5164.67,4653953.55
2018-05-14,5164.34,5178.81,5137.12,5148.31,4654501.76
2018-05-15,5156.39,5170.21,5139.63,5169.57,4581688.27
2018-05-16,5160.82,5167.1,5139.98,5144.85,4319162.55
2018-05-17,5146.66,5151.26,5121.86,5133.03,3980324.1
2018-05-18,5127.95,5156.68,5111.84,5156.04,4963282.9
2018-05-21,5182.0,5194.37,5155.64,5175.37,6191736.69
2018-05-22,5165.56,5165.56,5128.07,5149.37,4661630.92
2018-05-23,5141.6,5141.6,5073.79,5074.08,5063530.06
2018-05-24,5072.86,5080.15,5026.34,5031.28,5287612.6
2018-05-25,5028.1,5032.31,4968.2,4981.36,5813593.5
2018-05-28,4973.28,4990.87,4947.2,4957.4,3891372.42
2018-05-29,4953.73,4968.9,4916.7,4938.76,4206133.46
2018-05-30,4893.38,4893.38,4796.47,4801.37,6051645.15
2018-05-31,4827.25,4848.38,4806.93,4841.62,5178812.3
2018-06-01,4833.47,4845.36,4795.31,4805.14,4550166.54
2018-06-04,4818.14,4828.86,4809.83,4816.48,3569985.64
2018-06-05,4816.73,4833.86,4799.39,4832.85,3506459.57
2018-06-06,4827.56,4827.68,4797.61,4805.41,3623298.36
2018-06-07,4810.24,4816.47,4774.43,4775.94,3768050.31
2018-06-08,4773.69,4773.7,4692.77,4717.04,5224268.48
2018-06-11,4706.06,4716.23,4684.91,4702.19,3605424.61
2018-06-12,4704.24,4731.35,4686.1,4729.5,3642244.09
2018-06-13,4715.94,4715.94,4663.53,4672.05,4722839.84
2018-06-14,4658.95,4679.35,4643.48,4651.49,4252904.35
2018-06-15,4646.09,4673.85,4620.78,4639.44,6117473.79
2018-06-19,4583.68,4593.25,4410.62,4480.46,10419792.06
2018-06-20,4463.33,4528.37,4448.71,4516.25,6187033.64
2018-06-21,4511.32,4562.52,4477.33,4481.19,6224278.53
2018-06-22,4452.97,4500.88,4439.43,4498.65,6987390.88
2018-06-25,4510.31,4518.33,4445.52,4450.06,5192666.51
2018-06-26,4415.05,4449.16,4383.45,4439.35,5379362.81
2018-06-27,4433.91,4451.86,4389.57,4412.3,4745226.33
2018-06-28,4399.99,4426.53,4367.5,4383.01,4385458.3
2018-06-29,4367.25,4425.07,4360.81,4424.07,4640049.7
2018-07-02,4403.49,4403.64,4297.38,4324.22,5361448.86
2018-07-03,4312.55,4337.16,4261.25,4335.5,6180833.84
2018-07-04,4308.36,4318.99,4272.23,4284.1,4968724.09
2018-07-05,4266.14,4283.92,4218.03,4222.63,4919389.31
2018-07-06,4204.33,4234.81,4138.81,4203.61,5305353.97
2018-07-09,4198.49,4260.76,4198.39,4260.28,4650947.44
2018-07-10,4256.46,4276.78,4242.89,4266.8,4274205.78
2018-07-11,4219.13,4219.54,4155.32,4184.33,4482138.97
2018-07-12,4171.55,4294.44,4171.55,4279.03,8021175.82
2018-07-13,4271.02,4282.45,4256.2,4267.38,7259171.62
2018-07-16,4256.53,4262.93,4225.64,4248.38,5736630.23
2018-07-17,4236.29,4236.29,4210.26,4231.55,5515042.04
2018-07-18,4219.41,4230.69,4198.29,4199.73,5383461.6
2018-07-19,4202.35,4251.77,4202.35,4226.87,6830904.73
2018-07-20,4228.21,4277.02,4195.01,4273.13,6987656.34
2018-07-23,4267.33,4455.52,4257.43,4434.87,13892137.44
2018-07-24,4507.56,4664.6,4507.56,4662.71,21932587.01
2018-07-25,4685.19,4685.19,4625.13,4632.48,17522848.47
2018-07-26,4630.79,4646.83,4606.64,4626.17,15476524.19
2018-07-27,4628.83,4679.96,4610.78,4612.35,14401031.57
2018-07-30,4614.71,4709.88,4614.58,4657.08,12787886.06
2018-07-31,4635.03,4638.66,4586.39,4614.35,8090048.13
2018-08-01,4671.62,4710.04,4561.24,4562.55,12618128.34
2018-08-02,4541.53,4558.25,4412.66,4550.8,15127039.33
2018-08-03,4514.41,4538.34,4441.92,4442.09,9256298.91
2018-08-06,4443.66,4512.65,4422.36,4437.4,9566741.78
2018-08-07,4459.17,4656.44,4442.71,4655.0,15441683.15
2018-08-08,4644.09,4661.03,4607.39,4613.77,12822251.91
2018-08-09,4595.36,4682.79,4589.58,4662.72,11486589.19
2018-08-10,4651.51,4700.55,4637.4,4660.1,9154432.62
2018-08-13,4610.2,4647.42,4573.57,4645.37,8576220.43
2018-08-14,4630.87,4636.3,4594.15,4615.69,7509045.75
2018-08-15,4630.61,4681.61,4570.62,4571.08,9330326.88
2018-08-16,4511.74,4543.89,4473.94,4486.92,8510093.69
2018-08-17,4521.37,4532.38,4408.28,4412.95,6911326.22
2018-08-20,4407.49,4438.25,4330.34,4400.79,7189808.76
2018-08-21,4394.35,4517.49,4393.55,4497.47,8517408.34
2018-08-22,4473.89,4475.62,4417.49,4427.05,6165941.56
2018-08-23,4424.77,4454.79,4372.94,4430.89,6075238.38
2018-08-24,4428.59,4436.98,4386.74,4401.86,5949641.7
2018-08-27,4391.93,4463.07,4389.42,4457.81,7161545.72
2018-08-28,4442.69,4455.48,4427.89,4451.54,7349562.87
2018-08-29,4441.72,4446.27,4412.51,4426.26,5894415.49
2018-08-30,4414.51,4426.08,4332.46,4332.46,6122037.7
2018-08-31,4323.36,4358.71,4302.25,4319.19,7318231.08
2018-09-03,4304.09,4304.09,4226.55,4275.91,6414934.31
2018-09-04,4281.19,4320.95,4255.4,4305.93,6158967.88
2018-09-05,4288.17,4306.38,4233.8,4233.94,6568805.18
2018-09-06,4221.74,4261.63,4175.05,4187.24,5896884.54
2018-09-07,4191.83,4252.1,4169.4,4224.45,7940542.58
2018-09-10,4209.98,4228.73,4178.47,4179.16,6743282.2
2018-09-11,4183.03,4205.5,4146.68,4173.81,6118175.22
2018-09-12,4163.91,4194.78,4154.67,4168.85,4576340.07
2018-09-13,4207.91,4223.16,4165.02,4209.67,5188875.47
2018-09-14,4213.92,4214.43,4176.08,4182.34,4805954.1
2018-09-17,4168.05,4168.05,4097.56,4099.42,5061731.01
2018-09-18,4086.75,4310.96,4084.17,4309.37,11470118.62
2018-09-19,4299.92,4356.96,4282.73,4323.91,12549719.02
2018-09-20,4320.35,4361.87,4300.12,4323.86,10387889.4
2018-09-21,4326.92,4383.54,4313.6,4377.66,10620085.37
2018-09-25,4337.28,4365.62,4324.37,4343.64,7342343.13
2018-09-26,4341.28,4383.78,4325.13,4344.66,8664754.94
2018-09-27,4347.5,4386.76,4332.0,4336.22,8936359.69
2018-09-28,4344.35,4383.05,4337.53,4368.9,7939293.95
2018-10-08,4299.56,4339.29,4236.55,4251.13,7967569.25
2018-10-09,4257.69,4276.41,4221.18,4252.87,5914681.95
2018-10-10,4258.53,4359.69,4258.47,4317.26,7790233.42
2018-10-11,4212.75,4251.84,4023.13,4072.41,14151774.96
2018-10-12,4031.15,4116.24,3967.81,4094.9,11643334.41
2018-10-15,4093.36,4119.53,3996.08,4006.13,7795004.41
2018-10-16,4001.68,4037.04,3914.87,3926.81,7155905.03
2018-10-17,3977.88,4005.79,3922.12,3988.9,7704483.29
2018-10-18,3960.42,3961.41,3835.84,3841.54,8959237.18
2018-10-19,3794.75,3915.97,3777.95,3906.17,8249586.9
2018-10-22,3931.04,4106.08,3931.04,4058.39,11866365.81
2018-10-23,4055.5,4096.63,3975.73,4001.84,10258468.82
2018-10-24,3985.88,4027.22,3926.39,3970.89,8424861.1
2018-10-25,3869.42,3943.73,3848.49,3933.85,7612769.77
2018-10-26,3948.74,3999.72,3923.49,3941.41,7314394.91
2018-10-29,3950.73,3961.81,3874.99,3891.49,6037561.96
2018-10-30,3900.16,3934.59,3849.23,3911.86,7013766.95
2018-10-31,3928.64,4084.16,3927.93,4029.52,11977207.09
2018-11-01,4083.02,4101.64,4036.21,4040.61,11143731.5
2018-11-02,4096.6,4137.64,4083.98,4137.64,12131007.62
2018-11-05,4135.87,4149.97,4098.54,4136.34,10142705.26
2018-11-06,4129.0,4133.05,4081.44,4130.6,8985883.66
2018-11-07,4126.19,4147.28,4094.12,4103.49,8498524.17
2018-11-08,4134.3,4136.66,4072.17,4073.26,7544308.78
2018-11-09,4057.23,4067.6,4029.92,4037.47,7205667.29
2018-11-12,4034.23,4127.11,4032.51,4126.72,9681066.99
2018-11-13,4073.25,4173.93,4071.21,4168.37,14225501.25
2018-11-14,4157.17,4201.81,4147.06,4160.28,13034502.21
2018-11-15,4157.69,4219.35,4152.19,4218.74,11385850.82
2018-11-16,4224.21,4252.83,4201.11,4238.1,13413978.0
2018-11-19,4245.18,4288.69,4214.19,4288.69,13297090.75
2018-11-20,4257.4,4316.94,4192.69,4196.48,13622149.33
2018-11-21,4151.95,4234.0,4149.22,4207.22,9639601.83
2018-11-22,4221.13,4229.5,4189.65,4198.31,8219134.5
2018-11-23,4197.37,4225.32,4076.39,4076.95,10347771.08
2018-11-26,4080.74,4110.03,4054.56,4069.21,6408407.39
2018-11-27,4083.62,4106.06,4048.41,4064.68,6459529.0
2018-11-28,4064.0,4108.05,4035.76,4105.22,6898541.41
2018-11-29,4127.89,4155.93,4050.41,4052.17,8874543.23
2018-11-30,4046.33,4089.63,4023.26,4086.9,7724720.92
2018-12-03,4171.62,4187.72,4133.46,4172.47,11509911.57
2018-12-04,4173.98,4213.9,4162.67,4213.9,10338363.6
2018-12-05,4153.37,4185.79,4143.36,4169.84,8170019.36
2018-12-06,4150.28,4164.14,4111.81,4115.39,7282922.5
2018-12-07,4122.89,4195.34,4122.89,4180.29,7723234.78
2018-12-10,4153.06,4201.14,4148.37,4157.65,7453055.69
2018-12-11,4170.16,4180.6,4147.12,4165.44,6730315.44
2018-12-12,4187.66,4191.57,4167.32,4180.41,5695261.75
2018-12-13,4193.89,4350.6,4179.35,4309.7,16514027.4
2018-12-14,4288.21,4307.98,4242.12,4243.04,13834972.21
2018-12-17,4243.6,4304.43,4226.57,4291.88,11451955.17
2018-12-18,4266.98,4289.85,4193.31,4225.75,10039143.08
2018-12-19,4236.75,4239.94,4176.58,4187.57,6862892.34
2018-12-20,4177.95,4193.86,4097.33,4122.42,10044712.61
2018-12-21,4098.71,4113.5,4061.32,4086.55,7713712.34
2018-12-24,4069.01,4095.97,4054.59,4072.68,5517622.21
2018-12-25,4027.22,4027.22,3905.95,3981.63,8330630.19
2018-12-26,3973.23,3997.56,3948.82,3963.74,7202515.74
2018-12-27,4015.08,4019.16,3925.84,3925.84,7934652.24
2018-12-28,3930.89,3980.13,3930.58,3964.81,6905450.61
2019-01-02,3970.57,3978.94,3921.32,3936.24,6340670.13
2019-01-03,3940.01,3974.16,3919.03,3933.85,6213395.51
2019-01-04,3896.76,4019.45,3890.98,4018.71,8688049.06
2019-01-07,4045.29,4077.12,4043.54,4063.88,9913052.39
2019-01-08,4056.12,4067.0,4041.48,4056.69,8100471.65
2019-01-09,4065.3,4104.17,4034.11,4039.23,9566003.72
2019-01-10,4033.55,4041.9,4003.68,4008.07,6943071.99
2019-01-11,4011.77,4034.26,3999.28,4032.68,6830226.42
2019-01-14,4033.76,4039.41,4002.39,4008.79,6481827.38
2019-01-15,4010.04,4050.3,4008.94,4049.97,8899377.56
2019-01-16,4052.4,4052.58,4021.57,4027.24,7521445.58
2019-01-17,4036.21,4036.68,3989.09,3992.31,7070506.13
2019-01-18,4007.15,4055.98,4006.93,4055.98,9544174.39
2019-01-21,4058.94,4079.39,4048.38,4062.73,7304211.02
2019-01-22,4059.52,4059.59,4004.42,4011.77,7088640.09
2019-01-23,4006.42,4024.53,3982.44,3990.2,6082069.0
2019-01-24,3998.43,3998.56,3922.9,3956.52,8142935.82
2019-01-25,3960.76,3989.1,3954.58,3961.53,7584171.94
2019-01-28,3979.12,3996.61,3934.68,3942.17,7303776.64
2019-01-29,3934.72,3935.32,3863.41,3920.46,7416622.75
2019-01-30,3907.59,3926.01,3890.43,3891.37,5761602.01
2019-01-31,3898.09,3921.58,3862.52,3881.3,6602149.59
2019-02-01,3898.67,3943.43,3888.0,3943.43,6279863.64
2019-02-11,3942.51,4004.18,3942.06,4004.18,7996234.82
2019-02-12,4002.76,4057.19,3994.23,4051.55,9445909.68
2019-02-13,4051.31,4105.8,4024.73,4095.3,12970663.42
2019-02-14,4085.73,4106.66,4070.64,4091.2,9109285.06
2019-02-15,4086.64,4114.28,4063.4,4067.06,11821505.48
2019-02-18,4089.14,4179.27,4089.14,4179.27,14389057.06
2019-02-19,4192.92,4218.38,4137.28,4170.88,15087048.08
2019-02-20,4175.3,4183.88,4144.91,4182.17,10473230.38
2019-02-21,4171.97,4222.29,4139.82,4151.82,14505810.31
2019-02-22,4143.45,4192.09,4119.25,4192.09,12922293.31
2019-02-25,4224.52,4416.23,4208.04,4416.23,30385599.65
2019-02-26,4417.16,4639.98,4368.49,4505.86,38686172.47
2019-02-27,4508.59,4568.26,4439.38,4484.32,29183122.3
2019-02-28,4485.97,4522.34,4437.85,4464.39,19399758.53
2019-03-01,4482.8,4508.85,4445.19,4508.59,18988027.73
2019-03-04,4550.41,4651.03,4533.66,4576.6,34880619.59
2019-03-05,4559.17,4683.6,4536.32,4664.31,32872591.99
2019-03-06,4668.24,4736.38,4643.5,4727.35,33428262.27
2019-03-07,4719.31,4788.34,4685.64,4733.8,33749877.28
2019-03-08,4639.58,4664.56,4469.13,4471.32,29826907.72
2019-03-11,4476.87,4598.47,4476.87,4598.47,20508908.26
2019-03-12,4623.24,4700.83,4587.64,4645.92,26064222.42
2019-03-13,4640.5,4670.23,4581.97,4604.03,23478797.46
2019-03-14,4576.36,4625.76,4488.09,4528.34,17330371.95
2019-03-15,4544.63,4646.81,4544.25,4610.87,20371666.32
2019-03-18,4626.38,4789.41,4623.54,4789.41,29338693.41
2019-03-19,4816.07,4827.04,4724.66,4758.78,23363097.94
2019-03-20,4758.15,4781.72,4686.69,4760.45,20720569.28
2019-03-21,4779.07,4807.67,4747.7,4768.87,22325869.12
2019-03-22,4779.15,4794.31,4716.98,4794.31,21311182.83
2019-03-25,4737.83,4795.43,4726.37,4738.25,22177900.77
2019-03-26,4770.23,4783.85,4604.7,4615.72,22186377.94
2019-03-27,4634.01,4644.27,4560.88,4609.38,15614381.85
2019-03-28,4584.91,4641.33,4545.79,4549.92,14493055.81
2019-03-29,4555.66,4689.75,4533.55,4686.27,19645324.52
2019-04-01,4714.74,4829.1,4714.63,4818.93,26406124.22
2019-04-02,4859.15,4880.3,4821.85,4838.88,26592809.29
2019-04-03,4826.91,4965.02,4808.86,4963.14,36886156.04
2019-04-04,4982.27,5024.41,4909.2,4975.39,32184181.17
2019-04-08,5014.29,5077.17,4923.25,4995.87,31595216.06
2019-04-09,4995.61,5042.5,4938.76,5005.49,26606015.54
2019-04-10,4976.69,5027.69,4952.37,4990.86,24682210.24
2019-04-11,4993.24,5002.16,4868.64,4872.82,22104582.15
2019-04-12,4867.22,4921.73,4822.01,4902.41,18274222.67
2019-04-15,4967.12,4999.5,4872.58,4872.65,22864486.29
2019-04-16,4858.15,4969.49,4833.75,4969.49,19617920.58
2019-04-17,4966.27,4979.9,4924.02,4941.82,17777549.63
2019-04-18,4941.73,4972.56,4912.89,4939.17,17357872.66
2019-04-19,4947.31,4994.18,4913.51,4989.52,19838239.62
2019-04-22,5024.26,5030.34,4859.32,4870.59,22710926.11
2019-04-23,4862.11,4862.11,4740.96,4752.95,19182955.44
2019-04-24,4763.47,4777.32,4701.82,4776.79,14458646.73
2019-04-25,4760.94,4760.94,4586.16,4589.24,17637011.08
2019-04-26,4573.99,4602.0,4498.33,4498.33,14522792.09
2019-04-29,4509.15,4520.85,4397.7,4406.69,14200838.13
2019-04-30,4412.94,4469.31,4409.8,4445.19,10134058.46
2019-05-06,4317.24,4325.82,4088.87,4129.22,18733484.54
2019-05-07,4151.93,4190.68,4108.88,4172.97,11600332.18
2019-05-08,4105.63,4188.96,4083.17,4151.81,9984785.93
2019-05-09,4124.08,4166.5,4116.68,4122.51,9818955.14
2019-05-10,4161.75,4221.56,4076.09,4221.56,14217910.95
2019-05-13,4178.56,4197.81,4158.99,4188.2,10743822.43
2019-05-14,4142.75,4196.13,4140.29,4147.76,9321623.41
2019-05-15,4177.22,4215.84,4169.39,4205.49,10684533.28
2019-05-16,4206.53,4241.48,4193.38,4234.38,11469415.66
2019-05-17,4232.17,4232.17,4085.1,4102.28,11717988.74
2019-05-20,4093.51,4105.55,4032.69,4075.53,8375049.33
2019-05-21,4080.91,4138.71,4071.75,4131.25,8934027.74
2019-05-22,4127.91,4128.12,4055.0,4073.8,8766828.99
2019-05-23,4061.03,4062.49,4012.18,4020.53,8031771.34
2019-05-24,4010.04,4047.12,4009.2,4018.93,6594370.2
2019-05-27,4026.41,4090.77,4005.7,4084.6,8038822.74
2019-05-28,4083.31,4119.12,4065.55,4093.16,9023075.26
2019-05-29,4077.16,4103.72,4072.0,4074.46,7198124.04
2019-05-30,4062.14,4062.14,4010.5,4044.57,7522264.03
2019-05-31,4045.47,4069.78,4032.59,4042.58,7891017.39
2019-06-03,4046.9,4074.96,4010.06,4027.56,9097925.88
2019-06-04,4023.98,4023.98,3964.82,3979.96,6716941.77
2019-06-05,4007.35,4023.41,3989.4,3991.08,6649666.41
2019-06-06,3995.03,3995.4,3923.38,3934.49,6930040.33
2019-06-10,3951.62,3988.16,3939.89,3972.91,6524579.88
2019-06-11,4048.17,4152.71,4048.17,4151.18,15227865.11
2019-06-12,4147.67,4179.95,4130.19,4135.37,11506070.58
2019-06-13,4132.31,4141.16,4095.0,4130.32,9593082.41
2019-06-14,4129.58,4133.06,4060.01,4066.15,10017881.23
2019-06-17,4061.5,4083.53,4047.08,4071.02,6907041.49
2019-06-18,4083.44,4090.89,4055.3,4069.26,6501184.7
2019-06-19,4140.6,4155.94,4102.15,4107.39,10186875.61
2019-06-20,4106.18,4191.68,4089.79,4179.39,14244862.1
2019-06-21,4187.18,4220.73,4183.69,4205.66,14445035.27
2019-06-24,4203.22,4210.41,4170.78,4183.7,10106210.4
2019-06-25,4182.49,4182.6,4114.6,4151.13,10121450.81
2019-06-26,4142.41,4163.93,4129.21,4151.47,7945673.89
2019-06-27,4156.24,4189.36,4151.26,4164.36,8433055.55
2019-06-28,4165.79,4165.88,4091.61,4122.5,8364681.34
2019-07-01,4176.79,4208.3,4166.4,4208.3,12455867.52
2019-07-02,4206.41,4206.41,4177.58,4189.55,9041658.25
2019-07-03,4183.49,4191.92,4160.75,4187.88,8831869.02
2019-07-04,4194.79,4261.67,4194.79,4222.19,12586487.07
2019-07-05,4214.0,4214.17,4177.6,4199.58,7695910.23
2019-07-08,4184.63,4184.63,4058.07,4076.76,10084952.84
2019-07-09,4067.8,4085.45,4041.41,4071.74,6298367.43
2019-07-10,4081.06,4082.25,4028.27,4039.97,5687482.85
2019-07-11,4057.29,4081.17,4021.41,4031.4,5453006.31
2019-07-12,4034.61,4062.71,4017.6,4052.39,5630318.36
2019-07-15,4032.55,4091.29,3983.73,4082.53,7838290.03
2019-07-16,4075.19,4100.18,4073.2,4096.59,5655382.28
2019-07-17,4093.42,4113.11,4080.96,4090.01,6882073.49
2019-07-18,4075.97,4075.97,4038.65,4047.23,5959751.69
2019-07-19,4052.48,4097.12,4052.48,4071.21,6072866.09
2019-07-22,4076.63,4078.02,3999.09,4012.22,6852027.9
2019-07-23,4008.29,4052.78,4008.1,4050.59,6017141.37
2019-07-24,4055.45,4080.61,4053.44,4064.42,6309138.39
2019-07-25,4053.38,4065.01,4041.86,4059.19,5233569.71
2019-07-26,4050.94,4073.96,4046.21,4070.97,5372937.52
2019-07-29,4075.47,4089.26,4061.66,4072.13,5428858.38
2019-07-30,4077.25,4096.64,4075.46,4083.12,5626478.19
2019-07-31,4069.94,4069.94,4021.7,4025.93,6895782.48
2019-08-01,4011.59,4017.36,3985.05,3991.51,5187682.67
2019-08-02,3933.7,3940.39,3909.61,3929.02,6892033.01
2019-08-05,3911.66,3919.88,3865.64,3867.95,6087601.9
2019-08-06,3811.0,3812.71,3719.85,3771.77,10139644.72
2019-08-07,3784.8,3794.86,3744.84,3745.76,5908242.21
2019-08-08,3760.48,3772.0,3754.63,3765.65,5358893.95
2019-08-09,3784.66,3785.73,3729.49,3735.03,5177866.16
2019-08-12,3736.3,3771.16,3733.97,3769.95,4691133.53
2019-08-13,3747.35,3747.35,3717.73,3729.98,4850509.87
2019-08-14,3765.21,3772.94,3736.18,3738.78,5065491.03
2019-08-15,3667.74,3726.69,3654.14,3726.06,6151294.41
2019-08-16,3727.77,3740.96,3713.39,3720.33,5488631.94
2019-08-19,3742.68,3818.78,3742.68,3816.66,8495662.3
2019-08-20,3814.17,3850.0,3811.43,3824.03,7247194.26
2019-08-21,3816.52,3834.53,3814.38,3823.43,6059639.02
2019-08-22,3834.96,3837.52,3798.68,3817.15,5516817.17
2019-08-23,3814.8,3824.82,3791.47,3801.76,5533578.84
2019-08-26,3732.15,3755.06,3727.06,3751.25,7181722.23
2019-08-27,3770.79,3833.68,3770.79,3825.02,10250175.91
2019-08-28,3819.8,3832.05,3813.09,3820.39,7001791.66
2019-08-29,3822.54,3827.65,3792.82,3805.58,6791797.98
2019-08-30,3826.69,3831.77,3764.56,3775.41,7200632.39
2019-09-02,3781.94,3860.69,3779.73,3852.46,9307050.67
2019-09-03,3854.5,3887.85,3839.12,3887.66,10517004.59
2019-09-04,3878.65,3998.75,3878.29,3980.81,15193005.01
2019-09-05,4022.84,4038.66,3984.6,3986.3,16267055.37
2019-09-06,3994.21,4000.64,3959.3,3981.16,9038071.83
2019-09-09,4015.93,4019.85,3989.9,4017.17,10059169.55
2019-09-10,4016.87,4018.6,3983.08,4005.46,8639528.72
2019-09-11,4015.3,4017.47,3987.38,3996.43,8730810.49
2019-09-12,4009.53,4043.86,4003.35,4042.12,9758596.19
2019-09-16,4045.97,4047.3,4007.78,4021.39,9047679.53
2019-09-17,4013.01,4013.01,3927.51,3933.91,10658987.28
2019-09-18,3944.87,3949.21,3925.45,3932.14,7339658.84
2019-09-19,3944.15,3948.73,3907.83,3945.73,7017199.87
2019-09-20,3973.51,3980.51,3944.42,3954.61,10950896.48
2019-09-23,3939.2,3939.31,3866.5,3884.4,8183191.57
2019-09-24,3883.31,3900.53,3864.72,3869.4,6624789.34
2019-09-25,3861.52,3861.52,3822.19,3823.12,6711028.67
2019-09-26,3831.86,3838.86,3781.64,3785.65,6750908.45
2019-09-27,3783.72,3801.71,3783.72,3789.58,4712052.44
2019-09-30,3787.64,3800.9,3766.54,3768.91,4373108.58
2019-10-08,3772.03,3799.63,3772.03,3783.9,5100910.23
2019-10-09,3765.52,3792.5,3753.86,3791.07,5004509.59
2019-10-10,3792.58,3811.09,3784.25,3808.33,4989808.06
2019-10-11,3809.14,3827.8,3785.09,3822.05,6124941.95
2019-10-14,3851.76,3887.15,3841.26,3866.4,8737062.14
2019-10-15,3863.11,3863.52,3834.54,3837.55,6792573.16
2019-10-16,3848.7,3868.19,3820.34,3824.69,6594997.92
2019-10-17,3822.95,3845.74,3810.71,3824.29,5843738.68
2019-10-18,3827.55,3834.1,3762.38,3772.74,6694922.23
2019-10-21,3767.29,3774.16,3738.52,3770.19,5409852.84
2019-10-22,3772.23,3782.35,3753.76,3782.35,5568711.98
2019-10-23,3779.41,3792.72,3767.15,3774.33,6309355.76
2019-10-24,3776.29,3785.2,3756.11,3771.43,5867472.04
2019-10-25,3771.99,3777.2,3738.97,3774.23,5867813.52
2019-10-28,3778.88,3793.17,3767.65,3792.28,7684470.32
2019-10-29,3794.43,3794.43,3747.56,3748.68,7723023.36
2019-10-30,3744.86,3745.61,3694.77,3702.29,7464882.58
2019-10-31,3710.25,3713.33,3662.08,3682.0,7434056.91
2019-11-01,3671.73,3716.33,3662.92,3712.57,7356629.41
2019-11-04,3724.77,3732.69,3711.67,3723.04,8664096.29
2019-11-05,3723.78,3761.23,3702.49,3745.61,10432269.6
2019-11-06,3744.49,3744.49,3701.26,3719.45,8166210.36
2019-11-07,3715.5,3722.42,3693.92,3706.0,6732649.86
2019-11-08,3722.12,3726.88,3681.48,3686.4,7101571.53
2019-11-11,3674.44,3674.48,3585.27,3590.69,9088318.47
2019-11-12,3589.0,3601.51,3564.97,3601.09,6750788.54
2019-11-13,3597.2,3597.2,3550.47,3566.0,6117103.43
2019-11-14,3579.97,3617.71,3579.95,3597.38,7313568.47
2019-11-15,3592.93,3593.43,3537.13,3537.13,7135551.5
2019-11-18,3531.82,3556.59,3515.31,3550.72,6128079.31
2019-11-19,3554.54,3586.63,3549.83,3586.63,6564778.26
2019-11-20,3581.85,3581.85,3548.61,3551.0,5590617.91
2019-11-21,3544.09,3561.44,3530.26,3553.89,5081505.62
2019-11-22,3552.11,3604.08,3534.47,3581.7,9149539.28
2019-11-25,3578.0,3687.95,3578.0,3677.99,13574932.37
2019-11-26,3676.77,3677.07,3650.0,3658.72,9158978.52
2019-11-27,3656.34,3668.05,3626.75,3633.61,6677183.11
2019-11-28,3641.72,3683.69,3631.28,3640.35,7064995.85
2019-11-29,3637.32,3646.48,3612.75,3626.12,5734873.24
2019-12-02,3631.46,3643.01,3603.71,3609.89,5795388.16
2019-12-03,3595.3,3614.83,3581.05,3614.83,5729302.86
2019-12-04,3600.49,3606.66,3586.11,3595.7,5372642.29
2019-12-05,3605.29,3618.0,3596.31,3610.27,5709821.73
2019-12-06,3612.79,3620.47,3600.66,3620.47,5672943.08
2019-12-09,3625.84,3661.94,3620.05,3661.88,8452764.63
2019-12-10,3660.47,3661.69,3641.91,3652.06,6963076.14
2019-12-11,3656.75,3659.38,3640.65,3649.28,6379884.81
2019-12-12,3648.16,3651.31,3626.34,3631.72,6302400.53
2019-12-13,3653.77,3675.42,3642.96,3673.01,9052801.71
2019-12-16,3682.36,3707.17,3670.27,3705.83,9406562.17
2019-12-17,3707.09,3777.0,3700.99,3759.13,14513290.05
2019-12-18,3757.27,3769.9,3732.71,3738.55,10267497.56
2019-12-19,3760.03,3780.53,3755.01,3772.27,10555387.15
2019-12-20,3775.43,3780.25,3741.64,3741.64,8656410.87
2019-12-23,3740.8,3745.75,3673.01,3675.97,8536442.4
2019-12-24,3679.24,3701.93,3674.92,3698.83,6059525.1
2019-12-25,3694.09,3702.25,3672.98,3683.21,5392611.51
2019-12-26,3684.53,3725.62,3684.26,3723.75,7510896.05
2019-12-27,3728.22,3753.13,3713.02,3715.11,9642733.96
2019-12-30,3710.69,3760.77,3705.24,3760.77,9910654.26
2019-12-31,3760.34,3807.6,3754.47,3805.36,11133003.81
2020-01-02,3837.02,3909.9,3834.41,3888.93,20861874.99
2020-01-03,3898.29,3910.84,3882.98,3896.88,15195718.93
2020-01-06,3874.9,3933.21,3866.79,3894.1,16598823.84
2020-01-07,3902.12,3917.86,3885.5,3915.89,12150980.92
2020-01-08,3900.06,3900.78,3845.29,3855.36,14341374.72
2020-01-09,3884.89,3900.89,3868.94,3889.59,11009162.12
2020-01-10,3898.38,3902.68,3856.22,3873.44,10351637.95
2020-01-13,3877.45,3899.4,3861.38,3899.4,9698523.16
2020-01-14,3906.23,3932.66,3903.6,3913.63,11383625.14
2020-01-15,3910.42,3910.42,3848.65,3856.23,10854726.21
2020-01-16,3862.04,3864.71,3831.96,3837.0,8607688.18
2020-01-17,3842.83,3857.06,3822.51,3830.25,8003839.65
2020-01-20,3835.67,3864.74,3815.27,3864.74,8807075.57
2020-01-21,3856.01,3856.01,3796.91,3798.69,10495714.02
2020-01-22,3785.91,3806.6,3741.13,3793.22,9133371.8
2020-01-23,3767.61,3769.62,3650.32,3672.38,13161238.66
2020-02-03,3306.52,3328.05,3305.1,3310.57,11517210.08
2020-02-04,3177.65,3312.4,3177.65,3302.46,17451155.79
2020-02-05,3305.72,3394.29,3299.65,3344.54,13012899.34
2020-02-06,3367.34,3429.24,3330.2,3417.0,13834043.29
2020-02-07,3401.42,3431.52,3371.04,3427.56,12973025.4
2020-02-10,3416.38,3489.46,3411.23,3485.65,13875127.67
2020-02-11,3489.29,3525.2,3470.99,3489.8,12700573.15
2020-02-12,3485.6,3523.11,3481.1,3519.62,10394328.45
2020-02-13,3523.59,3560.88,3489.79,3501.94,12571871.47
2020-02-14,3497.08,3520.25,3490.24,3517.7,10560211.53
2020-02-17,3523.52,3593.3,3523.43,3592.26,13141379.52
2020-02-18,3597.46,3605.02,3557.61,3587.2,12876923.84
2020-02-19,3580.09,3604.37,3568.05,3571.13,12348357.52
2020-02-20,3576.8,3620.15,3555.42,3619.21,14346557.41
2020-02-21,3614.74,3636.04,3601.89,3615.2,14236205.12
2020-02-24,3605.19,3611.36,3557.58,3579.98,15157413.02
2020-02-25,3516.08,3527.91,3450.71,3513.8,17620608.83
2020-02-26,3475.12,3730.81,3468.15,3690.24,37776314.87
2020-02-27,3708.99,3740.3,3667.83,3688.09,31547844.61
2020-02-28,3602.33,3727.94,3592.1,3624.78,32304168.05
2020-03-02,3668.66,3930.57,3668.66,3930.57,41820398.99
2020-03-03,4045.29,4057.29,3904.14,3931.63,46373097.5
2020-03-04,3894.01,4015.31,3885.36,4009.26,34655806.79
2020-03-05,4033.4,4048.27,3982.45,4015.9,34438510.34
2020-03-06,3960.56,3990.79,3902.29,3911.61,27790601.68
2020-03-09,3837.67,3865.32,3763.04,3768.46,25001715.68
2020-03-10,3732.33,3883.86,3732.33,3878.1,24413844.96
2020-03-11,3880.54,3894.23,3824.32,3824.33,19501852.38
2020-03-12,3784.25,3831.66,3742.55,3784.02,18534324.74
2020-03-13,3618.85,3775.54,3617.26,3738.44,22371371.85
2020-03-16,3763.61,3798.8,3633.51,3633.93,21015564.41
2020-03-17,3671.37,3710.23,3537.14,3643.41,17615448.47
2020-03-18,3665.38,3716.59,3567.83,3567.83,16885720.4
2020-03-19,3562.33,3592.34,3470.82,3536.47,15804902.99
2020-03-20,3567.41,3599.27,3532.95,3589.77,13750880.08
2020-03-23,3504.3,3544.26,3467.07,3475.46,12254777.03
2020-03-24,3531.09,3544.62,3457.38,3524.34,12252479.55
2020-03-25,3587.34,3594.71,3532.23,3578.36,14992351.14
2020-03-26,3555.65,3555.65,3498.2,3503.03,11935535.19
2020-03-27,3542.23,3651.0,3523.97,3598.91,20998980.26
2020-03-30,3558.83,3628.24,3551.71,3613.3,16742408.87
2020-03-31,3634.96,3635.11,3565.33,3576.06,13480805.94
2020-04-01,3564.97,3602.12,3530.43,3533.42,13437017.92
2020-04-02,3508.5,3578.56,3499.28,3578.56,11539434.39
2020-04-03,3568.06,3568.06,3523.27,3534.22,10623078.34
2020-04-07,3578.66,3625.73,3564.91,3619.69,14043472.57
2020-04-08,3602.44,3623.05,3590.68,3615.19,11376403.34
2020-04-09,3632.49,3649.8,3614.38,3615.59,10281237.39
2020-04-10,3618.89,3618.95,3562.72,3568.9,11354749.4
2020-04-13,3550.1,3573.05,3541.29,3570.12,7499254.93
2020-04-14,3575.56,3600.76,3571.65,3598.65,8718785.25
2020-04-15,3597.95,3597.95,3569.36,3574.15,9206545.72
2020-04-16,3563.55,3579.29,3557.09,3570.37,8973762.17
2020-04-17,3589.77,3680.86,3583.1,3646.55,17400958.4
2020-04-20,3674.93,3709.21,3668.93,3686.2,18433035.65
2020-04-21,3669.2,3692.87,3640.75,3692.87,17106983.3
2020-04-22,3665.34,3700.27,3657.09,3700.27,12958851.11
2020-04-23,3706.35,3708.15,3666.27,3670.25,14619888.76
2020-04-24,3657.86,3659.58,3606.53,3616.28,12843344.42
2020-04-27,3618.94,3647.52,3604.79,3607.5,10190625.67
2020-04-28,3608.82,3609.19,3476.59,3535.52,13613216.5
2020-04-29,3525.71,3547.83,3516.0,3524.58,8954252.78
2020-04-30,3538.03,3592.23,3538.03,3586.67,11144252.43
2020-05-06,3583.23,3641.5,3582.79,3633.43,15296413.61
2020-05-07,3622.81,3625.93,3599.56,3603.93,10877645.75
2020-05-08,3613.56,3626.84,3604.14,3616.99,9933701.41
2020-05-11,3620.97,3667.06,3617.52,3632.03,12232568.97
2020-05-12,3632.21,3632.21,3578.64,3597.28,10930550.29
2020-05-13,3581.5,3600.68,3572.06,3598.56,9021241.98
2020-05-14,3587.44,3592.04,3551.05,3551.08,8961631.86
2020-05-15,3557.78,3566.24,3537.44,3541.43,7181846.68
2020-05-18,3583.55,3590.63,3560.88,3564.64,10124925.28
2020-05-19,3588.29,3589.85,3564.48,3570.96,9210193.44
2020-05-20,3567.97,3569.0,3526.58,3533.16,8977774.41
2020-05-21,3544.57,3545.0,3485.76,3489.85,10915646.45
2020-05-22,3493.38,3493.38,3429.42,3433.16,10931667.01
2020-05-25,3433.11,3451.42,3412.22,3416.64,7826882.29
2020-05-26,3423.23,3458.97,3423.23,3455.54,9205519.75
2020-05-27,3453.24,3453.92,3424.08,3432.97,9403456.16
2020-05-28,3436.79,3459.34,3408.2,3429.4,8701729.88
2020-05-29,3421.69,3424.92,3403.7,3412.12,9037192.58
2020-06-01,3418.48,3481.38,3418.48,3479.79,12571148.86
2020-06-02,3479.22,3516.8,3468.95,3507.97,11550956.93
2020-06-03,3512.1,3516.5,3474.94,3477.69,10710567.69
2020-06-04,3484.41,3487.21,3445.33,3451.3,8089359.13
2020-06-05,3456.52,3459.65,3435.7,3453.84,7469214.29
2020-06-08,3462.1,3471.92,3446.46,3451.25,7963943.97
2020-06-09,3452.75,3464.52,3441.37,3461.08,7782164.95
2020-06-10,3459.7,3459.7,3427.7,3433.18,7640554.98
2020-06-11,3431.66,3436.93,3401.63,3408.21,9335028.3
2020-06-12,3364.18,3397.04,3357.97,3396.78,10682724.59
2020-06-15,3388.64,3403.54,3378.63,3380.97,9877958.99
2020-06-16,3395.36,3426.15,3392.33,3424.94,9440285.33
2020-06-17,3427.72,3432.83,3405.93,3420.41,7411243.92
2020-06-18,3421.38,3468.66,3410.84,3449.36,10469142.92
2020-06-19,3450.23,3462.84,3440.79,3456.0,8953491.71
2020-06-22,3461.19,3464.42,3432.84,3433.73,10610198.2
2020-06-23,3428.62,3429.04,3401.39,3403.19,7723222.92
2020-06-24,3395.89,3399.1,3375.52,3381.95,6864419.73
2020-06-29,3372.56,3374.46,3341.2,3346.85,7838181.0
2020-06-30,3359.42,3371.55,3354.58,3357.54,6595833.07
2020-07-01,3362.93,3430.03,3357.13,3425.34,13236710.35
2020-07-02,3420.16,3500.41,3416.24,3499.44,18009071.83
2020-07-03,3516.98,3585.59,3516.8,3562.86,22737658.47
2020-07-06,3611.32,3802.39,3611.32,3797.48,39648701.47
2020-07-07,3867.54,3918.88,3773.25,3782.56,36165960.59
2020-07-08,3772.75,3888.64,3768.4,3882.46,31667138.39
2020-07-09,3886.09,3919.47,3837.26,3912.67,30471927.98
2020-07-10,3893.88,3936.85,3829.17,3840.16,28565636.93
2020-07-13,3859.02,3964.71,3845.85,3943.28,29347321.85
2020-07-14,3953.42,3984.71,3859.17,3919.13,27582892.9
2020-07-15,3922.5,3934.92,3795.41,3798.75,23106986.5
2020-07-16,3796.59,3840.92,3700.19,3700.19,22820471.0
2020-07-17,3704.84,3738.8,3669.89,3709.82,16093179.55
2020-07-20,3746.1,3866.62,3740.58,3866.62,20606937.53
2020-07-21,3874.78,3895.67,3825.74,3847.19,16461071.65
2020-07-22,3843.35,3884.74,3819.03,3833.63,16220405.9
2020-07-23,3805.55,3835.09,3720.53,3828.86,19013093.91
2020-07-24,3811.62,3846.7,3689.26,3698.17,17371068.18
2020-07-27,3699.98,3708.62,3635.09,3657.33,11426102.01
2020-07-28,3672.47,3694.62,3651.92,3673.78,10504034.27
2020-07-29,3672.09,3733.64,3642.01,3732.1,12613679.67
2020-07-30,3733.98,3769.86,3711.17,3728.72,12151475.6
2020-07-31,3723.53,3765.03,3693.39,3748.53,13228303.98
2020-08-03,3766.52,3820.96,3766.52,3820.96,16886893.21
2020-08-04,3832.71,3899.65,3799.69,3862.9,20652867.59
2020-08-05,3843.3,3843.3,3796.95,3829.34,14980859.34
2020-08-06,3832.52,3860.02,3799.58,3850.01,14831865.99
2020-08-07,3838.22,3849.13,3785.24,3820.87,15723640.21
2020-08-10,3823.85,3973.6,3822.03,3942.96,28153751.21
2020-08-11,3955.35,3961.57,3854.14,3860.12,23420480.1
2020-08-12,3847.34,3911.24,3811.71,3889.67,25532506.1
2020-08-13,3908.81,3923.84,3883.42,3894.6,17108303.11
2020-08-14,3889.13,3899.38,3841.06,3897.68,14946022.28
2020-08-17,3905.79,3992.59,3893.94,3982.09,22638066.68
2020-08-18,3986.41,3995.03,3965.66,3983.45,19794905.72
2020-08-19,3985.05,4011.04,3946.68,3952.64,20539471.22
2020-08-20,3929.34,3948.56,3866.13,3877.87,15924760.93
2020-08-21,3889.66,3901.99,3852.9,3889.71,12714623.55
2020-08-24,3890.58,3904.75,3871.03,3890.27,13544218.76
2020-08-25,3893.08,3895.68,3841.86,3850.71,13665457.07
2020-08-26,3850.56,3850.56,3763.74,3773.59,15333132.18
2020-08-27,3774.36,3804.92,3756.63,3794.22,15439813.65
2020-08-28,3794.51,3837.7,3786.3,3835.3,16008358.99
2020-08-31,3859.71,3885.88,3821.84,3821.84,17647324.86
2020-09-01,3823.36,3829.71,3803.51,3824.21,12192804.37
2020-09-02,3825.66,3831.37,3791.57,3817.05,15430243.22
2020-09-03,3823.01,3833.03,3776.9,3785.74,16196661.72
2020-09-04,3738.47,3768.87,3729.8,3766.18,13161313.06
2020-09-07,3768.08,3797.79,3726.26,3737.96,17125902.08
2020-09-08,3743.87,3796.45,3734.34,3794.64,16936286.56
2020-09-09,3768.19,3821.47,3741.66,3746.81,22338463.38
2020-09-10,3766.89,3770.91,3647.57,3657.08,18752280.33
2020-09-11,3640.89,3667.42,3625.59,3661.1,12213175.63
2020-09-14,3673.19,3695.13,3666.88,3690.07,12255997.1
2020-09-15,3694.59,3713.3,3674.04,3713.22,11840956.52
2020-09-16,3709.53,3737.64,3689.94,3718.65,11355001.63
2020-09-17,3713.04,3741.03,3691.15,3722.02,11346794.56
2020-09-18,3723.36,3802.38,3721.75,3794.4,20135884.63
2020-09-21,3801.64,3810.42,3770.77,3778.4,13957760.83
2020-09-22,3753.96,3766.52,3702.5,3711.66,11877570.87
2020-09-23,3721.77,3729.27,3700.53,3710.66,9805077.26
2020-09-24,3692.65,3692.65,3624.86,3629.36,11238269.27
2020-09-25,3634.06,3641.07,3575.53,3593.85,9466935.94
2020-09-28,3600.95,3612.44,3575.19,3580.32,7825109.79
2020-09-29,3588.8,3607.7,3579.1,3579.42,7518792.01
2020-09-30,3588.84,3591.33,3545.56,3566.71,7518766.06
2020-10-09,3605.2,3629.27,3602.57,3623.04,8250435.3
2020-10-12,3632.68,3704.54,3629.54,3702.74,12966716.97
2020-10-13,3696.72,3696.72,3663.24,3683.04,9518025.86
2020-10-14,3685.06,3685.18,3639.75,3650.37,9610987.51
2020-10-15,3647.22,3652.49,3624.67,3628.53,8312402.49
2020-10-16,3625.29,3644.34,3619.16,3636.58,7572251.15
2020-10-19,3645.38,3679.83,3621.58,3628.97,9352611.83
2020-10-20,3622.23,3639.15,3597.31,3638.07,9051929.44
2020-10-21,3634.61,3636.5,3596.77,3623.47,9505917.64
2020-10-22,3618.54,3626.78,3596.66,3615.69,8868887.24
2020-10-23,3615.8,3665.83,3615.48,3643.29,11774211.72
2020-10-26,3666.24,3668.26,3619.2,3633.96,14101284.21
2020-10-27,3618.58,3629.8,3603.22,3617.15,10469803.1
2020-10-28,3630.12,3631.89,3599.85,3627.62,10251705.26
2020-10-29,3613.17,3641.31,3605.89,3628.33,9968815.15
2020-10-30,3638.35,3638.35,3550.91,3563.07,15667808.41
2020-11-02,3567.1,3576.78,3546.76,3556.15,12879616.82
2020-11-03,3564.32,3606.64,3557.26,3600.59,12480053.21
2020-11-04,3602.28,3604.48,3568.76,3598.22,10435870.6
2020-11-05,3617.63,3653.16,3614.55,3652.79,14288794.93
2020-11-06,3655.8,3661.9,3622.42,3657.45,14220850.9
2020-11-09,3674.84,3708.6,3674.84,3687.61,16566806.74
2020-11-10,3697.97,3713.71,3652.64,3662.68,12654183.68
2020-11-11,3660.01,3753.21,3649.78,3722.01,17853037.64
2020-11-12,3708.98,3710.91,3671.15,3677.11,11441919.04
2020-11-13,3664.0,3664.0,3616.61,3635.22,10771357.86
2020-11-16,3642.53,3704.61,3641.4,3704.61,13683261.36
2020-11-17,3699.32,3716.12,3679.56,3701.81,11738914.85
2020-11-18,3699.22,3735.01,3688.57,3707.44,13091245.14
2020-11-19,3699.98,3720.39,3689.81,3704.04,10925304.66
2020-11-20,3694.97,3714.21,3676.7,3708.47,10832796.28
2020-11-23,3711.28,3779.92,3706.43,3760.07,18407387.35
2020-11-24,3758.71,3772.2,3749.01,3762.15,12073822.18
2020-11-25,3774.5,3784.87,3695.74,3695.74,14651683.16
2020-11-26,3695.01,3698.81,3674.47,3691.5,10196211.42
2020-11-27,3695.23,3710.74,3658.57,3710.0,11948261.83
2020-11-30,3721.39,3794.02,3719.24,3721.32,20680738.95
2020-12-01,3714.62,3757.81,3699.96,3752.58,13276108.3
2020-12-02,3754.58,3774.74,3731.52,3759.49,13001225.49
2020-12-03,3755.59,3755.59,3720.88,3733.87,12241572.04
2020-12-04,3731.08,3731.08,3693.18,3702.73,9657281.93
2020-12-07,3701.58,3703.73,3661.8,3664.08,10775106.29
2020-12-08,3662.24,3669.5,3636.93,3639.02,8448106.12
2020-12-09,3643.12,3648.13,3597.67,3598.66,9004073.55
2020-12-10,3595.86,3601.33,3581.02,3586.15,8188291.3
2020-12-11,3585.16,3589.26,3524.27,3545.06,11058076.79
2020-12-14,3547.63,3553.87,3528.02,3543.55,7901025.03
2020-12-15,3541.45,3544.34,3524.58,3541.65,7270986.35
2020-12-16,3539.79,3543.45,3515.31,3519.64,7126770.6
2020-12-17,3514.83,3548.06,3482.9,3546.1,8654796.58
2020-12-18,3544.71,3590.59,3538.16,3562.07,12137581.92
2020-12-21,3550.86,3567.45,3535.27,3554.88,11184818.65
2020-12-22,3542.25,3542.38,3476.06,3477.09,11771944.69
2020-12-23,3477.22,3496.31,3468.27,3484.99,9269010.01
2020-12-24,3485.17,3493.82,3443.39,3448.54,9154627.01
2020-12-25,3442.57,3481.54,3433.92,3476.56,9840686.19
2020-12-28,3466.63,3467.3,3427.56,3434.46,9662255.6
2020-12-29,3437.84,3460.02,3431.71,3439.96,9016319.59
2020-12-30,3437.32,3442.44,3421.42,3426.77,8170956.75
2020-12-31,3428.6,3463.3,3427.13,3461.01,9934898.16
2021-01-04,3455.37,3467.59,3436.15,3464.95,13508287.86
2021-01-05,3453.98,3497.35,3425.26,3466.58,15689743.66
2021-01-06,3458.15,3536.46,3458.08,3510.25,18801385.21
2021-01-07,3502.11,3502.16,3421.25,3445.36,17652796.09
2021-01-08,3440.85,3467.33,3410.47,3454.71,13281112.21
2021-01-11,3458.8,3471.31,3383.52,3393.74,14088964.15
2021-01-12,3393.73,3460.92,3385.06,3443.56,16035977.98
2021-01-13,3437.44,3566.19,3404.67,3526.04,29758012.65
2021-01-14,3504.46,3655.32,3498.89,3583.72,32539905.2
2021-01-15,3572.1,3594.87,3524.68,3546.55,20868002.11
2021-01-18,3529.63,3572.46,3523.57,3537.93,15883607.44
2021-01-19,3533.75,3562.88,3512.29,3530.91,15991827.07
2021-01-20,3528.98,3533.48,3497.23,3503.74,13145352.87
2021-01-21,3503.53,3516.59,3481.33,3500.71,13655564.04
2021-01-22,3496.54,3496.91,3438.77,3442.74,13986910.36
2021-01-25,3448.27,3448.66,3408.33,3417.59,13458046.93
2021-01-26,3411.19,3427.79,3394.19,3403.03,9831582.39
2021-01-27,3396.6,3436.97,3396.22,3411.68,9479446.39
2021-01-28,3397.23,3404.91,3367.97,3371.9,11347378.66
2021-01-29,3383.83,3394.2,3327.25,3350.84,11862067.41
2021-02-01,3350.92,3387.11,3347.79,3386.07,10188999.94
2021-02-02,3380.34,3410.8,3379.47,3391.22,9473878.91
2021-02-03,3389.03,3389.03,3328.97,3328.97,10335541.2
2021-02-04,3318.95,3320.28,3238.84,3267.65,11797728.98
2021-02-05,3267.09,3296.96,3264.51,3275.37,8965797.09
2021-02-08,3275.87,3304.73,3270.0,3286.9,8427748.47
2021-02-09,3289.97,3338.13,3285.22,3335.01,9279095.93
2021-02-10,3333.56,3346.98,3321.89,3335.8,8468247.47
2021-02-18,3393.35,3411.25,3379.81,3396.75,13064255.09
2021-02-19,3401.32,3536.5,3397.97,3535.67,19469829.06
2021-02-22,3567.1,3657.19,3557.51,3592.79,26444334.08
2021-02-23,3587.08,3611.59,3536.68,3543.95,19302802.91
2021-02-24,3546.8,3576.28,3494.28,3526.32,17320177.3
2021-02-25,3561.48,3632.86,3551.68,3601.27,23771806.38
2021-02-26,3545.49,3569.0,3530.87,3539.34,17244729.78
2021-03-01,3555.59,3597.49,3543.91,3596.56,15188736.61
2021-03-02,3597.44,3600.36,3527.85,3542.31,15767131.67
2021-03-03,3540.54,3609.98,3537.6,3609.7,16181059.5
2021-03-04,3595.95,3646.24,3589.09,3607.96,16866615.48
2021-03-05,3582.51,3624.76,3580.28,3616.44,16654301.21
2021-03-08,3628.5,3665.15,3583.87,3587.66,17227717.34
2021-03-09,3586.92,3612.35,3499.86,3565.07,20323255.42
2021-03-10,3571.29,3576.26,3490.39,3495.99,14177492.33
2021-03-11,3501.57,3566.37,3501.57,3565.62,14667830.98
2021-03-12,3571.47,3645.24,3546.78,3623.79,22948932.22
2021-03-15,3615.99,3693.91,3615.04,3669.84,24627908.07
2021-03-16,3670.13,3690.74,3648.36,3689.6,18970747.38
2021-03-17,3680.48,3680.61,3632.97,3646.5,15523377.91
2021-03-18,3641.0,3662.65,3627.71,3646.24,13474372.96
2021-03-19,3623.87,3655.89,3592.72,3610.12,16790554.19
2021-03-22,3614.09,3703.26,3614.09,3702.15,20109584.96
2021-03-23,3702.51,3706.27,3654.86,3675.09,17873223.98
2021-03-24,3659.69,3679.36,3626.27,3636.7,17418938.57
2021-03-25,3625.62,3640.39,3605.14,3612.47,15382735.96
2021-03-26,3616.72,3642.82,3606.96,3635.51,16753758.25
2021-03-29,3642.08,3667.78,3628.55,3657.21,15910128.36
2021-03-30,3655.04,3655.5,3621.33,3637.51,14178860.65
2021-03-31,3638.76,3722.27,3635.82,3720.66,22401634.62
2021-04-01,3727.71,3743.69,3702.85,3730.48,21570442.96
2021-04-02,3726.77,3730.72,3694.12,3702.02,14247424.92
2021-04-06,3702.03,3712.8,3693.51,3706.33,11665582.63
2021-04-07,3704.78,3729.89,3689.95,3719.11,12399958.13
2021-04-08,3713.31,3714.08,3675.04,3678.69,13453327.16
2021-04-09,3677.79,3699.36,3659.81,3672.44,11030987.98
2021-04-12,3677.78,3695.93,3663.56,3674.39,13392785.09
2021-04-13,3663.14,3663.34,3607.26,3615.9,12828658.07
2021-04-14,3608.75,3647.49,3607.6,3644.99,11181804.69
2021-04-15,3637.14,3637.14,3598.14,3616.14,9761531.83
2021-04-16,3621.02,3659.01,3616.85,3654.48,10786755.46
2021-04-19,3655.59,3685.56,3648.79,3670.75,13816093.91
2021-04-20,3666.34,3669.45,3631.75,3633.45,11140911.42
2021-04-21,3625.92,3626.76,3597.05,3605.87,9061011.0
2021-04-22,3610.45,3619.44,3586.25,3592.94,8468228.62
2021-04-23,3592.94,3593.23,3544.12,3557.69,9930665.96
2021-04-26,3554.26,3574.14,3534.24,3537.26,9596563.57
2021-04-27,3537.93,3538.53,3509.27,3524.6,8997785.68
2021-04-28,3527.26,3547.5,3517.25,3546.56,9220206.44
2021-04-29,3553.51,3570.22,3534.31,3558.75,10642528.95
2021-04-30,3563.57,3566.46,3509.72,3522.55,13952016.44
2021-05-06,3529.54,3558.17,3529.43,3538.3,10532658.39
2021-05-07,3543.7,3584.7,3531.77,3562.58,12452011.8
2021-05-10,3566.28,3573.89,3548.59,3573.89,11015091.65
2021-05-11,3563.65,3571.02,3522.18,3568.5,11331687.2
2021-05-12,3556.86,3571.3,3545.9,3568.67,9143978.64
2021-05-13,3546.75,3568.54,3537.55,3543.63,8966909.41
2021-05-14,3554.87,3584.33,3552.07,3584.33,10944007.94
2021-05-17,3579.4,3592.8,3564.67,3573.19,10872483.12
2021-05-18,3576.16,3576.63,3557.32,3573.74,7904637.86
2021-05-19,3572.82,3572.85,3545.13,3549.26,8986123.69
2021-05-20,3543.94,3545.1,3517.65,3535.87,9792382.98
2021-05-21,3534.03,3549.34,3526.63,3533.52,8495950.4
2021-05-24,3536.67,3552.79,3521.01,3527.25,11147226.63
2021-05-25,3526.98,3562.69,3508.39,3560.33,11974925.11
2021-05-26,3563.82,3581.87,3553.02,3579.94,12048446.57
2021-05-27,3579.75,3581.32,3565.71,3577.25,11130322.64
2021-05-28,3579.55,3580.83,3544.29,3552.74,10156984.17
2021-05-31,3554.51,3554.51,3532.37,3540.74,9336471.39
2021-06-01,3542.81,3552.28,3526.99,3549.58,10117073.83
2021-06-02,3543.14,3543.21,3525.6,3536.18,9818271.97
2021-06-03,3536.02,3562.02,3529.86,3540.22,11336852.81
2021-06-04,3532.33,3539.92,3515.75,3522.07,10469362.6
2021-06-07,3519.41,3521.94,3506.65,3517.54,9526039.16
2021-06-08,3520.47,3529.09,3511.12,3523.12,9456888.34
2021-06-09,3522.56,3525.12,3511.59,3516.75,8721321.2
2021-06-10,3513.18,3521.66,3505.05,3513.36,9613395.31
2021-06-11,3517.42,3535.43,3517.42,3525.82,13628448.34
2021-06-15,3524.37,3525.58,3469.06,3480.37,13429500.9
2021-06-16,3477.97,3529.78,3473.88,3503.52,13609912.15
2021-06-17,3498.1,3504.86,3484.32,3487.11,12695077.27
2021-06-18,3490.05,3494.98,3472.94,3493.65,12018911.88
2021-06-21,3488.12,3513.38,3481.62,3504.83,11719401.6
2021-06-22,3503.75,3542.53,3501.08,3534.3,12622749.09
2021-06-23,3533.11,3558.5,3524.99,3556.66,11671111.66
2021-06-24,3559.46,3581.61,3550.97,3568.53,12974298.05
2021-06-25,3564.77,3595.85,3560.82,3588.55,13295581.81
2021-06-28,3603.52,3613.93,3587.37,3592.3,11317788.13
2021-06-29,3590.11,3590.73,3555.49,3561.32,12294963.78
2021-06-30,3547.11,3561.51,3528.36,3541.96,11415723.96
2021-07-01,3543.74,3568.09,3526.15,3527.95,11260441.81
2021-07-02,3519.75,3545.01,3504.28,3510.75,9966296.43
2021-07-05,3517.8,3527.43,3498.35,3513.61,10126255.29
2021-07-06,3516.18,3538.66,3503.92,3533.66,10421810.54
2021-07-07,3515.59,3528.34,3502.6,3525.71,8625100.66
2021-07-08,3521.19,3531.84,3506.28,3511.85,10279520.09
2021-07-09,3505.17,3543.27,3498.58,3542.68,11023160.9
2021-07-12,3559.36,3589.99,3550.35,3552.95,15459644.75
2021-07-13,3557.15,3605.51,3548.35,3586.44,17511887.12
2021-07-14,3591.86,3591.91,3563.33,3566.73,13947755.24
2021-07-15,3561.63,3578.12,3538.29,3573.8,13108770.48
2021-07-16,3571.16,3605.54,3562.26,3583.06,13700637.89
2021-07-19,3576.13,3586.2,3551.2,3558.01,12275371.16
2021-07-20,3538.26,3603.06,3521.76,3597.94,14884118.71
2021-07-21,3605.08,3618.79,3576.35,3597.29,16652947.69
2021-07-22,3589.72,3652.16,3586.04,3632.45,19340003.49
2021-07-23,3641.82,3707.57,3639.16,3680.45,24722233.01
2021-07-26,3709.5,3712.08,3611.48,3672.36,29151502.71
2021-07-27,3669.65,3687.8,3570.04,3573.89,28534519.13
2021-07-28,3541.49,3561.04,3471.53,3528.34,22279041.04
2021-07-29,3548.23,3562.64,3521.66,3534.67,19000093.89
2021-07-30,3521.02,3616.3,3507.59,3610.56,23836555.78
2021-08-02,3612.01,3686.09,3585.9,3680.68,23588661.5
2021-08-03,3689.39,3778.2,3682.17,3737.1,31583956.8
2021-08-04,3722.93,3732.72,3684.4,3731.32,23437522.94
2021-08-05,3712.03,3719.08,3675.3,3689.44,20628250.06
2021-08-06,3688.89,3725.56,3676.23,3717.62,17853674.18
2021-08-09,3715.14,3740.75,3694.24,3730.28,16275498.54
2021-08-10,3729.45,3771.83,3726.69,3745.96,17412744.27
2021-08-11,3745.56,3829.3,3745.2,3790.44,22263592.24
2021-08-12,3799.15,3799.15,3737.9,3744.43,18887606.79
2021-08-13,3738.41,3767.87,3721.14,3734.69,17007273.19
2021-08-16,3743.63,3778.07,3743.63,3761.55,18340546.28
2021-08-17,3787.17,3862.2,3773.86,3783.94,27052465.59
2021-08-18,3795.59,3857.78,3787.58,3838.28,27231609.85
2021-08-19,3832.53,3832.53,3770.43,3783.24,23637607.72
2021-08-20,3765.15,3769.25,3719.41,3758.07,20116723.14
2021-08-23,3762.31,3806.91,3752.77,3800.02,17976287.45
2021-08-24,3798.51,3814.38,3779.62,3805.08,18655445.04
2021-08-25,3802.29,3901.21,3797.58,3898.66,23529040.86
2021-08-26,3902.96,3942.69,3889.51,3912.63,29728232.5
2021-08-27,3898.21,3966.69,3889.01,3965.89,24504481.8
2021-08-30,3987.07,4017.07,3964.23,3980.13,24272781.84
2021-08-31,3966.36,4095.19,3960.91,4092.59,34298062.6
2021-09-01,4119.67,4262.31,4113.58,4210.14,58272445.49
2021-09-02,4193.4,4390.75,4183.73,4383.38,48604265.15
2021-09-03,4398.76,4435.26,4312.09,4322.84,39658333.53
2021-09-06,4354.74,4480.38,4335.98,4405.11,41033936.23
2021-09-07,4387.06,4542.85,4377.84,4526.3,38713372.42
2021-09-08,4521.58,4583.45,4487.18,4572.3,39000365.0
2021-09-09,4535.87,4734.28,4521.08,4695.28,42616011.67
2021-09-10,4712.72,4842.67,4631.37,4636.63,46688133.73
2021-09-13,4617.11,4720.66,4615.32,4682.27,34085754.34
2021-09-14,4660.58,4662.88,4493.68,4513.2,38735202.48
2021-09-15,4498.47,4549.72,4451.61,4486.75,26305107.97
2021-09-16,4500.64,4533.81,4394.61,4397.87,26756972.43
2021-09-17,4392.96,4454.84,4291.08,4370.36,26799086.31
2021-09-22,4311.62,4511.4,4310.23,4497.37,28673977.19
2021-09-23,4553.55,4608.0,4520.5,4591.23,35166109.06
2021-09-24,4599.56,4642.22,4475.99,4486.08,29790812.49
2021-09-27,4509.29,4521.02,4223.74,4240.77,35951720.08
2021-09-28,4253.25,4386.58,4251.66,4363.67,46668807.43
2021-09-29,4373.26,4446.32,4300.09,4313.19,40899758.37
2021-09-30,4323.37,4357.99,4245.81,4328.92,57112380.48
2021-10-08,4373.21,4387.05,4210.55,4246.8,39928612.08
2021-10-11,4218.12,4221.5,4113.73,4127.61,35669332.11
2021-10-12,4113.34,4121.76,3982.61,4038.1,37851495.94
2021-10-13,4026.06,4026.23,3949.06,4005.86,26066885.7
2021-10-14,3997.35,4066.52,3971.56,4021.03,23540290.99
2021-10-15,4010.09,4023.84,3964.52,3988.75,22197746.9
2021-10-18,3990.36,4057.91,3990.36,4048.5,21781241.39
2021-10-19,4043.2,4108.48,4017.89,4084.29,22617399.27
2021-10-20,4065.1,4094.75,4040.58,4058.07,21318194.14
2021-10-21,4070.69,4099.9,4052.64,4064.59,20499422.12
2021-10-22,4077.52,4105.95,4025.43,4028.37,23735368.63
2021-10-25,4022.81,4117.81,4001.97,4108.73,25193071.78
2021-10-26,4112.52,4224.4,4112.52,4154.35,32675221.09
2021-10-27,4152.0,4198.12,4105.82,4114.92,24671640.68
2021-10-28,4111.04,4146.87,4035.85,4049.99,28595769.42
2021-10-29,4042.0,4101.0,4001.76,4091.39,25837718.21
2021-11-01,4070.7,4134.11,4052.11,4114.86,23116500.24
2021-11-02,4115.52,4115.71,3974.29,4006.94,26664151.55
2021-11-03,3993.66,4053.4,3980.48,4029.27,16034912.2
2021-11-04,4025.69,4039.5,3996.59,4024.59,18066111.15
2021-11-05,4009.2,4009.2,3912.43,3920.56,22204805.75
2021-11-08,3922.14,3946.08,3896.56,3936.76,15239176.72
2021-11-09,3954.79,3969.03,3931.23,3964.37,16956783.22
2021-11-10,3951.87,3967.42,3891.54,3963.0,17751860.71
2021-11-11,3947.42,4021.81,3945.15,4013.59,21681402.63
2021-11-12,4009.65,4017.61,3983.97,3996.6,17978457.65
2021-11-15,3998.34,4005.29,3966.89,3978.19,17936950.33
2021-11-16,3976.25,3985.61,3914.93,3918.89,18241851.56
2021-11-17,3926.03,3958.61,3901.64,3949.55,18830369.76
2021-11-18,3943.6,3970.04,3938.73,3952.08,19742808.52
2021-11-19,3951.24,3978.31,3916.48,3974.92,20934343.51
2021-11-22,3970.73,4004.93,3969.7,3998.36,20968701.5
2021-11-23,3989.5,4030.37,3977.35,4013.68,22315549.77
2021-11-24,4014.82,4020.95,3972.73,3997.29,19577021.07
2021-11-25,3999.77,4034.37,3986.98,4020.49,21051704.57
2021-11-26,4006.17,4006.17,3973.24,3976.84,18073712.99
2021-11-29,3926.31,4023.98,3910.19,4013.58,24261786.44
2021-11-30,4042.42,4083.22,4020.35,4037.47,35852714.28
2021-12-01,4025.61,4093.79,4023.9,4091.23,26082856.28
2021-12-02,4087.32,4200.55,4081.51,4176.12,36028998.27
2021-12-03,4179.08,4305.34,4140.48,4299.12,42915359.82
2021-12-06,4318.53,4363.22,4243.26,4248.74,43992221.91
2021-12-07,4271.46,4326.58,4246.55,4315.2,35886144.0
2021-12-08,4325.33,4335.24,4274.73,4292.01,28611789.61
2021-12-09,4282.34,4286.61,4250.86,4267.78,29561234.87
2021-12-10,4248.89,4293.96,4217.97,4229.08,26057462.73
2021-12-13,4285.75,4375.97,4285.75,4304.61,37158030.58
2021-12-14,4296.68,4296.68,4216.67,4223.17,25598785.62
2021-12-15,4221.92,4333.15,4214.31,4300.12,30465497.81
2021-12-16,4308.78,4401.29,4295.87,4380.65,31659320.88
2021-12-17,4384.4,4450.35,4369.02,4401.34,30448603.16
2021-12-20,4382.63,4484.37,4331.47,4436.9,50057455.75
2021-12-21,4427.78,4477.69,4394.5,4469.48,37902082.22
2021-12-22,4478.83,4479.01,4378.98,4403.15,32367339.18
2021-12-23,4393.63,4428.39,4372.63,4420.46,24643883.12
2021-12-24,4422.28,4430.17,4357.83,4357.83,25390835.71
2021-12-27,4346.27,4401.27,4320.92,4339.24,21684701.91
2021-12-28,4340.35,4342.91,4244.61,4285.48,25056154.17
2021-12-29,4282.01,4317.35,4266.76,4273.76,16658266.48
2021-12-30,4271.72,4329.7,4270.95,4308.16,18463467.09
2021-12-31,4323.81,4386.89,4311.12,4354.29,22574806.98
2022-01-04,4365.85,4382.41,4343.57,4353.83,23701496.47
2022-01-05,4352.2,4354.86,4271.65,4288.71,23353421.98
2022-01-06,4275.7,4481.46,4271.66,4470.6,37156099.07
2022-01-07,4472.79,4622.23,4472.15,4531.38,46283167.18
2022-01-10,4542.84,4580.82,4477.94,4549.44,31933841.63
2022-01-11,4543.65,4582.42,4486.34,4494.23,27701445.07
2022-01-12,4500.46,4503.82,4417.82,4458.64,23498328.49
2022-01-13,4455.34,4478.54,4380.44,4388.29,21093201.81
2022-01-14,4385.72,4386.44,4278.29,4285.23,23602800.41
2022-01-17,4283.77,4317.14,4262.72,4307.47,17724835.37
2022-01-18,4315.94,4534.56,4302.34,4491.2,39757127.81
2022-01-19,4480.44,4570.64,4476.64,4521.77,34465358.97
2022-01-20,4523.32,4604.07,4465.19,4554.71,34183916.17
2022-01-21,4537.88,4539.73,4443.28,4448.97,23394268.96
2022-01-24,4434.28,4562.49,4426.16,4490.3,22601301.03
2022-01-25,4459.69,4469.55,4328.22,4328.22,22987129.82
2022-01-26,4338.89,4406.38,4332.76,4399.45,18423056.45
2022-01-27,4387.45,4459.3,4346.53,4366.98,21795306.29
2022-01-28,4381.24,4385.66,4230.71,4279.13,22361820.17
2022-02-07,4335.87,4548.11,4335.87,4545.34,35419868.49
2022-02-08,4577.44,4616.82,4508.37,4616.51,36569896.4
2022-02-09,4597.66,4612.47,4565.49,4592.43,28563377.0
2022-02-10,4581.29,4706.36,4558.57,4652.97,38432562.81
2022-02-11,4618.73,4708.62,4573.9,4581.35,33206668.56
2022-02-14,4548.32,4580.32,4464.26,4495.38,27320097.69
2022-02-15,4495.99,4523.68,4460.12,4517.18,23778018.31
2022-02-16,4539.83,4645.79,4539.83,4620.25,32318359.01
2022-02-17,4610.3,4619.39,4545.55,4579.09,29058401.82
2022-02-18,4534.6,4668.71,4525.86,4666.12,33104330.66
2022-02-21,4651.03,4651.09,4581.57,4627.38,29991486.14
2022-02-22,4579.01,4581.56,4481.66,4511.88,30463025.94
2022-02-23,4505.42,4516.19,4452.38,4495.28,27550566.45
2022-02-24,4460.4,4468.71,4299.06,4345.71,35834566.62
2022-02-25,4371.14,4426.83,4312.95,4329.45,27395250.99
2022-02-28,4313.31,4328.28,4264.23,4326.17,21859797.69
2022-03-01,4335.24,4394.75,4335.24,4388.64,22413915.39
2022-03-02,4351.76,4405.81,4346.57,4376.97,17160750.79
2022-03-03,4391.53,4475.74,4391.53,4445.78,27090494.88
2022-03-04,4432.06,4432.28,4355.56,4366.04,19717770.56
2022-03-07,4354.54,4448.39,4338.84,4385.5,28782263.88
2022-03-08,4387.59,4400.2,4276.95,4289.71,33796845.55
2022-03-09,4285.75,4335.47,4073.22,4256.74,34313141.09
2022-03-10,4321.19,4346.31,4268.69,4295.58,28586389.31
2022-03-11,4229.9,4242.17,4113.98,4224.74,26906842.55
2022-03-14,4170.48,4253.28,4116.46,4116.46,20713349.04
2022-03-15,4087.25,4087.25,3846.58,3846.58,33670713.94
2022-03-16,3904.02,3960.15,3747.37,3937.67,30081742.05
2022-03-17,3993.49,4041.92,3968.76,3980.25,25793412.99
2022-03-18,3968.56,4109.83,3954.92,4098.64,27599919.49
2022-03-21,4102.81,4113.08,4047.14,4095.61,22344008.03
2022-03-22,4093.75,4149.53,4072.41,4130.16,20638839.85
2022-03-23,4140.23,4177.9,4107.44,4155.99,23411020.71
2022-03-24,4130.45,4156.13,4091.71,4096.71,18452730.86
2022-03-25,4090.99,4104.61,4054.17,4054.47,17978477.38
2022-03-28,4020.99,4120.5,3987.25,4113.11,20277870.57
2022-03-29,4116.45,4117.22,4049.14,4072.27,15131035.39
2022-03-30,4093.26,4194.64,4093.26,4186.93,22533731.8
2022-03-31,4191.71,4242.32,4164.99,4173.51,24851983.55
2022-04-01,4139.19,4194.2,4123.58,4174.55,20857966.51
2022-04-06,4175.3,4332.25,4152.06,4331.64,33633282.0
2022-04-07,4305.21,4383.19,4285.75,4285.75,28503962.0
2022-04-08,4346.14,4482.02,4345.95,4462.49,44427765.0
2022-04-11,4489.93,4514.79,4407.4,4440.27,40882734.0
2022-04-12,4393.3,4485.85,4337.81,4435.67,36906462.0
2022-04-13,4399.7,4407.91,4317.22,4317.52,29398627.0
2022-04-14,4322.53,4410.56,4293.56,4377.37,25769799.0
2022-04-15,4353.45,4399.53,4287.01,4299.03,24816131.0
2022-04-18,4271.51,4309.04,4209.64,4226.73,22723925.0
2022-04-19,4214.02,4295.3,4214.02,4277.85,19600057.0
2022-04-20,4276.8,4281.06,4106.25,4121.24,23059671.0
2022-04-21,4111.05,4125.26,3976.93,3987.63,21741050.0
2022-04-22,3964.51,4082.7,3947.0,4051.29,20256125.0
2022-04-25,3981.27,4066.85,3884.45,3884.45,27090984.0
2022-04-26,3894.8,4040.04,3881.32,3947.41,28996396.0
2022-04-27,4015.56,4099.16,3942.91,4097.77,38564285.0
2022-04-28,4036.91,4188.92,4023.45,4188.92,35533156.0
2022-04-29,4184.89,4280.52,4140.14,4270.0,35993728.0
2022-05-05,4276.95,4335.75,4262.57,4289.07,31437080.0
2022-05-06,4177.36,4213.52,4125.82,4152.67,24971703.0
2022-05-09,4156.01,4242.77,4156.01,4206.8,21904438.0
2022-05-10,4144.9,4354.75,4142.62,4339.62,32493151.0
2022-05-11,4339.48,4365.06,4260.18,4264.29,32408267.0
2022-05-12,4242.16,4318.05,4206.16,4264.18,29158182.0
2022-05-13,4267.17,4291.48,4227.39,4265.72,23736806.0
2022-05-16,4294.24,4306.28,4230.95,4278.12,22464986.0
2022-05-17,4262.31,4263.19,4160.42,4216.12,22413248.0
2022-05-18,4208.76,4231.67,4171.63,4177.33,18926038.0
2022-05-19,4127.49,4277.88,4120.48,4276.49,25466275.0
2022-05-20,4273.1,4312.2,4266.9,4312.07,23131469.0
2022-05-23,4301.56,4301.56,4234.82,4253.02,20144500.0
2022-05-24,4261.41,4266.44,4085.94,4086.24,22868315.0
2022-05-25,4085.48,4196.6,4076.44,4196.6,21414067.0
2022-05-26,4220.12,4292.83,4215.2,4257.97,26347693.0
2022-05-27,4265.57,4302.48,4237.87,4294.58,28028664.0
2022-05-30,4307.82,4338.39,4248.34,4271.04,24799394.0
2022-05-31,4276.5,4276.91,4201.66,4234.15,26020050.0
2022-06-01,4216.98,4239.92,4171.12,4214.52,22705817.0
2022-06-02,4214.34,4235.49,4180.02,4218.3,20124924.0
2022-06-06,4198.45,4212.23,4157.87,4211.46,27927670.0
2022-06-07,4207.27,4239.07,4190.11,4217.04,24271015.0
2022-06-08,4223.25,4236.04,4141.5,4199.42,24372387.0
2022-06-09,4190.35,4292.55,4183.05,4248.98,33212542.0
2022-06-10,4217.37,4270.27,4205.54,4263.09,27448935.0
2022-06-13,4229.98,4234.37,4142.2,4177.0,26555679.0
2022-06-14,4140.93,4211.51,4102.56,4211.23,22950850.0
2022-06-15,4196.86,4339.0,4194.53,4278.33,36809878.0
2022-06-16,4282.3,4316.33,4205.86,4217.65,23480488.0
2022-06-17,4187.18,4213.24,4140.79,4208.79,19698661.0
2022-06-20,4210.46,4252.47,4203.27,4233.1,20995739.0
2022-06-21,4231.21,4272.42,4185.42,4219.49,21577124.0
2022-06-22,4220.7,4220.7,4141.25,4141.52,16635563.0
2022-06-23,4141.28,4194.29,4104.2,4194.29,17034977.0
2022-06-24,4195.15,4197.33,4135.08,4158.32,18166204.0
2022-06-27,4168.03,4219.42,4162.82,4195.0,20841198.0
2022-06-28,4197.35,4207.12,4158.95,4205.6,20619605.0
2022-06-29,4198.19,4279.43,4196.42,4230.94,30642601.0
2022-06-30,4208.87,4220.69,4171.15,4206.85,22501348.0
2022-07-01,4219.42,4300.81,4219.14,4240.68,23087092.0
2022-07-04,4223.44,4223.97,4186.63,4218.15,18770786.0
2022-07-05,4221.87,4256.74,4194.85,4241.61,21792050.0
2022-07-06,4228.58,4229.52,4132.5,4156.82,20589225.0
2022-07-07,4156.66,4166.0,4134.07,4149.07,14133381.0
2022-07-08,4166.97,4208.61,4166.27,4180.34,15182539.0
2022-07-11,4171.81,4212.78,4154.91,4199.21,16648735.0
2022-07-12,4195.17,4310.96,4191.25,4269.91,29836081.0
2022-07-13,4308.71,4341.76,4293.11,4305.39,29278931.0
2022-07-14,4298.06,4299.57,4222.04,4262.92,22440696.0
2022-07-15,4249.2,4249.44,4134.52,4134.52,22266264.0
2022-07-18,4129.73,4207.12,4129.73,4194.21,16933675.0
2022-07-19,4200.49,4209.36,4167.3,4200.33,15808373.0
2022-07-20,4212.84,4213.56,4183.27,4205.7,13893576.0
2022-07-21,4199.25,4209.86,4145.79,4149.2,21266195.0
2022-07-22,4154.34,4167.57,4117.95,4145.55,17943298.0
2022-07-25,4144.27,4165.55,4089.2,4094.08,13851819.0
2022-07-26,4087.53,4127.9,4064.94,4124.06,13328814.0
2022-07-27,4120.13,4120.13,4100.73,4107.82,11857746.0
2022-07-28,4115.13,4131.62,4103.98,4107.06,15201593.0
2022-07-29,4099.18,4114.62,4042.74,4048.94,18780599.0
2022-08-01,4054.75,4054.75,3978.41,4008.42,17977637.0
2022-08-02,3965.91,3965.91,3804.41,3853.22,24351306.0
2022-08-03,3849.17,3899.73,3796.24,3801.27,16108219.0
2022-08-04,3823.53,3834.29,3775.23,3824.96,12100716.0
2022-08-05,3823.12,3861.8,3799.28,3860.52,12474916.0
2022-08-08,3850.26,3880.24,3842.95,3855.96,11383062.0
2022-08-09,3853.32,3868.13,3832.66,3848.59,11057116.0
2022-08-10,3839.32,3851.21,3824.18,3849.32,12262326.0
2022-08-11,3868.62,3908.0,3868.61,3905.69,15197779.0
2022-08-12,3900.65,3934.04,3890.61,3922.32,12843086.0
2022-08-15,3911.06,3951.17,3897.93,3939.34,13497864.0
2022-08-16,3956.74,3991.01,3956.66,3967.27,15630824.0
2022-08-17,3970.02,3994.29,3962.91,3991.45,16027117.0
2022-08-18,3984.32,3986.79,3941.52,3945.35,15202751.0
2022-08-19,3949.04,3983.69,3944.89,3957.68,16188171.0
2022-08-22,3959.11,4009.7,3949.22,4008.65,17379955.0
2022-08-23,3997.34,3997.34,3966.34,3987.06,13147051.0
2022-08-24,3987.33,4003.67,3895.96,3902.26,16426453.0
2022-08-25,3917.08,3953.15,3892.52,3950.12,16040692.0
2022-08-26,3962.45,3963.91,3903.61,3912.82,12842373.0
2022-08-29,3870.8,3962.42,3860.32,3962.42,14024554.0
2022-08-30,3962.18,3986.91,3933.72,3954.21,13684551.0
2022-08-31,3952.8,3965.16,3900.94,3932.96,16689588.0
2022-09-01,3929.29,3978.11,3925.04,3932.15,15838916.0
2022-09-02,3939.11,3939.55,3900.81,3923.64,12315663.0
2022-09-05,3919.8,3980.35,3917.22,3980.35,13002286.0
2022-09-06,3989.56,4040.44,3976.35,4037.69,20930072.0
2022-09-07,4039.6,4092.26,4022.92,4081.78,24375271.0
2022-09-08,4081.32,4089.34,4033.7,4059.95,24825145.0
2022-09-09,4061.2,4128.61,4056.16,4112.59,25729919.0
2022-09-13,4119.33,4134.77,4077.29,4083.21,22152086.0
2022-09-14,4030.51,4062.33,4003.11,4024.99,15255948.0
2022-09-15,4040.8,4064.24,3951.91,4006.42,18861663.0
2022-09-16,4004.47,4004.91,3847.9,3847.9,19591571.0
2022-09-19,3843.58,3869.68,3806.89,3841.84,13480686.0
2022-09-20,3857.53,3872.03,3804.14,3814.91,12945610.0
2022-09-21,3807.74,3861.85,3770.34,3848.7,11665276.0
2022-09-22,3826.25,3848.27,3803.0,3804.59,11494836.0
2022-09-23,3802.72,3857.17,3782.4,3806.54,12131208.0
2022-09-26,3790.15,3800.78,3702.31,3708.9,13358670.0
2022-09-27,3707.52,3742.26,3686.96,3741.17,10500487.0
2022-09-28,3730.5,3732.29,3659.18,3659.18,9940499.0
2022-09-29,3687.15,3705.22,3604.49,3628.18,11645615.0
2022-09-30,3622.37,3672.3,3622.37,3640.15,10547189.0
2022-10-10,3649.68,3711.56,3632.19,3641.95,12187541.0
2022-10-11,3645.82,3659.65,3603.44,3645.97,9994009.0
2022-10-12,3646.18,3709.38,3604.05,3709.19,11451772.0
2022-10-13,3694.21,3702.35,3664.14,3678.83,11109271.0
2022-10-14,3704.13,3743.07,3701.15,3723.36,13278466.0
2022-10-17,3713.36,3755.21,3680.54,3745.83,11405929.0
2022-10-18,3754.67,3768.52,3732.13,3740.68,10185325.0
2022-10-19,3737.26,3771.92,3715.84,3715.93,9799204.0
2022-10-20,3704.68,3732.9,3672.35,3692.24,9673680.0
2022-10-21,3712.65,3798.53,3712.65,3763.03,18557309.0
2022-10-24,3753.46,3787.4,3671.65,3681.25,16788324.0
2022-10-25,3676.76,3732.27,3654.26,3720.45,16312917.0
2022-10-26,3721.04,3767.39,3714.86,3734.2,15000542.0
2022-10-27,3739.14,3772.45,3739.14,3751.07,12159737.0
2022-10-28,3739.14,3740.37,3653.43,3663.74,15048418.0
2022-10-31,3637.19,3641.2,3559.11,3568.48,16765626.0
2022-11-01,3576.6,3665.26,3576.59,3662.91,15481601.0
2022-11-02,3658.49,3685.78,3643.35,3675.05,14085370.0
2022-11-03,3653.17,3681.7,3640.45,3661.67,13340747.0
2022-11-04,3657.69,3730.33,3656.65,3720.83,16544924.0
2022-11-07,3718.55,3758.03,3715.03,3748.12,14122595.0
2022-11-08,3744.77,3755.6,3725.08,3745.18,12782348.0
2022-11-09,3748.02,3790.5,3730.75,3732.26,12997079.0
2022-11-10,3710.16,3735.24,3684.58,3718.21,11574635.0
2022-11-11,3777.75,3848.48,3757.7,3813.03,21956625.0
2022-11-14,3847.6,3864.67,3789.13,3801.55,20817196.0
2022-11-15,3800.79,3843.21,3784.26,3843.21,14801319.0
2022-11-16,3842.71,3854.47,3812.24,3814.81,11834077.0
2022-11-17,3811.08,3819.86,3786.11,3813.08,11128196.0
2022-11-18,3815.75,3820.9,3770.12,3773.12,12088837.0
2022-11-21,3759.39,3759.39,3729.5,3751.89,9637396.0
2022-11-22,3756.34,3990.11,3745.87,3908.45,41230457.0
2022-11-23,3901.84,4068.47,3895.15,3992.4,45025960.0
2022-11-24,3968.95,3972.88,3901.2,3926.82,26233695.0
2022-11-25,3923.47,4045.92,3919.57,4017.2,30090391.0
2022-11-28,3952.27,4033.07,3936.99,3988.69,24393168.0
2022-11-29,4025.59,4122.73,4006.72,4096.23,33884605.0
2022-11-30,4076.97,4098.68,4044.65,4061.2,22316914.0
2022-12-01,4076.94,4088.95,4023.98,4028.4,21921159.0
2022-12-02,4017.31,4039.22,3979.42,4032.8,20601865.0
2022-12-05,4096.4,4265.36,4081.53,4259.04,45725884.0
2022-12-06,4228.97,4251.0,4172.01,4185.14,31626319.0
2022-12-07,4173.1,4189.71,4095.28,4132.66,24363345.0
2022-12-08,4119.49,4146.65,4100.09,4132.96,17612746.0
2022-12-09,4135.81,4143.4,4069.55,4120.76,20667332.0
2022-12-12,4095.29,4100.71,4023.31,4029.96,20423834.0
2022-12-13,4022.28,4061.07,4008.88,4035.37,14802073.0
2022-12-14,4033.93,4034.53,3993.18,4004.02,14737820.0
2022-12-15,4001.72,4011.11,3966.2,3981.69,13399010.0
2022-12-16,3967.67,4032.55,3966.78,3998.35,14604330.0
2022-12-19,3984.18,3996.45,3850.28,3865.99,18425997.0
2022-12-20,3863.33,3882.57,3834.94,3843.08,11698817.0
2022-12-21,3845.93,3848.86,3798.99,3816.13,9196877.0
2022-12-22,3834.42,3841.15,3742.9,3758.59,13356093.0
2022-12-23,3739.32,3779.8,3730.01,3750.71,8671230.0
2022-12-26,3754.46,3773.36,3729.76,3765.92,11009380.0
2022-12-27,3781.31,3820.26,3781.13,3796.19,12835073.0
2022-12-28,3778.94,3803.84,3754.28,3768.06,10979417.0
2022-12-29,3761.43,3762.32,3724.21,3729.15,10309425.0
2022-12-30,3742.62,3780.27,3732.9,3771.09,9880824.0
2023-01-03,3768.45,3831.68,3756.85,3826.0,13123841.0
2023-01-04,3827.65,3876.72,3818.94,3853.08,13452091.0
2023-01-05,3863.03,3871.93,3846.75,3864.86,12677660.0
2023-01-06,3862.34,3886.29,3855.1,3866.01,14887813.0
2023-01-09,3872.97,3896.71,3865.12,3875.03,14406717.0
2023-01-10,3871.28,3871.52,3830.87,3833.1,12291917.0
2023-01-11,3835.58,3871.49,3823.88,3829.58,12765634.0
2023-01-12,3829.37,3834.66,3800.56,3809.71,10701381.0
2023-01-13,3816.4,3829.31,3802.08,3828.43,10530429.0
2023-01-16,3831.88,3881.34,3813.55,3861.8,15962132.0
2023-01-17,3860.49,3864.18,3838.68,3854.22,11063523.0
2023-01-18,3856.48,3875.81,3855.85,3866.66,10432911.0
2023-01-19,3863.0,3894.66,3848.87,3894.45,11589921.0
2023-01-20,3896.38,3975.31,3895.82,3975.29,18614804.0
2023-01-30,4011.9,4014.59,3957.2,3961.35,18526540.0
2023-01-31,3962.9,3982.02,3956.94,3977.85,13438211.0
2023-02-01,3983.85,4046.05,3974.63,4043.36,20255370.0
2023-02-02,4042.25,4058.21,4026.73,4047.17,16799962.0
2023-02-03,4035.54,4035.54,3965.87,4000.7,16515202.0
2023-02-06,3982.94,4029.37,3973.63,4005.66,14142343.0
2023-02-07,4009.94,4052.72,3996.82,4051.32,16079645.0
2023-02-08,4045.54,4046.85,3994.23,3997.74,12187198.0
2023-02-09,3992.1,4023.73,3986.86,4020.38,12537551.0
2023-02-10,4018.36,4041.71,4006.81,4035.78,13621719.0
2023-02-13,4037.82,4097.51,4023.01,4080.86,18896758.0
2023-02-14,4087.06,4093.23,4061.68,4078.92,13437830.0
2023-02-15,4073.55,4074.21,4036.1,4043.88,13801505.0
2023-02-16,4051.98,4097.45,3973.21,3999.5,24614849.0
2023-02-17,3998.59,4015.72,3964.5,3965.49,15524688.0
2023-02-20,3974.22,4094.7,3974.22,4093.04,25441550.0
2023-02-21,4097.7,4137.68,4083.13,4127.49,18962042.0
2023-02-22,4111.17,4146.0,4102.15,4121.61,14288318.0
2023-02-23,4124.6,4127.4,4080.58,4102.36,12328364.0
2023-02-24,4099.96,4100.74,4054.07,4074.37,11428351.0
2023-02-27,4063.92,4076.34,4034.51,4041.59,10611538.0
2023-02-28,4052.38,4091.86,4021.91,4089.58,14590971.0
2023-03-01,4088.45,4186.83,4080.84,4186.33,28847394.0
2023-03-02,4177.11,4317.54,4172.0,4266.11,37098427.0
2023-03-03,4270.48,4391.94,4269.38,4377.11,41941703.0
2023-03-06,4400.48,4409.07,4322.19,4333.91,32222349.0
2023-03-07,4344.7,4443.12,4321.1,4325.27,39697425.0
2023-03-08,4298.19,4333.54,4275.97,4330.41,21415413.0
2023-03-09,4328.47,4329.26,4271.34,4304.1,19514990.0
2023-03-10,4275.55,4289.61,4229.42,4231.04,19344747.0
2023-03-13,4295.65,4363.93,4281.73,4363.6,27715103.0
2023-03-14,4351.44,4414.8,4321.49,4342.52,28330682.0
2023-03-15,4352.29,4526.37,4306.27,4500.57,39633566.0
2023-03-16,4469.98,4525.42,4446.21,4463.86,30226353.0
2023-03-17,4477.18,4602.2,4464.04,4549.89,38207241.0
2023-03-20,4565.73,4708.51,4493.23,4506.11,55180093.0
2023-03-21,4507.16,4549.16,4418.15,4459.25,36974338.0
2023-03-22,4464.17,4520.9,4412.08,4460.42,30915290.0
2023-03-23,4452.23,4543.13,4427.94,4542.99,32518527.0
2023-03-24,4517.14,4517.14,4423.18,4427.1,32653207.0
2023-03-27,4409.38,4421.76,4314.09,4345.45,28145856.0
2023-03-28,4366.69,4396.93,4343.74,4351.28,21396759.0
2023-03-29,4345.18,4346.67,4235.85,4247.47,24342096.0
2023-03-30,4246.22,4285.41,4200.59,4272.12,22382999.0
2023-03-31,4271.79,4289.71,4251.37,4276.08,18828530.0
2023-04-03,4280.54,4339.15,4271.57,4323.54,21273812.0
2023-04-04,4331.19,4527.96,4309.16,4515.11,41096399.0
2023-04-06,4517.27,4569.39,4480.78,4530.31,28323990.0
2023-04-07,4528.68,4539.31,4463.89,4489.67,21971475.0
2023-04-10,4493.07,4578.9,4478.33,4528.02,24888177.0
2023-04-11,4520.1,4541.49,4453.23,4541.49,23792214.0
2023-04-12,4541.92,4623.35,4501.44,4604.87,27170983.0
2023-04-13,4587.79,4646.6,4580.78,4623.54,31020692.0
2023-04-14,4618.5,4743.95,4598.8,4728.94,42299161.0
2023-04-17,4729.62,4879.06,4709.55,4820.06,41591319.0
2023-04-18,4791.93,4839.58,4746.28,4816.31,32910051.0
2023-04-19,4802.19,4847.79,4728.93,4743.7,31176573.0
2023-04-20,4724.23,4842.83,4681.79,4836.6,33949548.0
2023-04-21,4820.79,4885.1,4738.1,4739.98,31823360.0
2023-04-24,4743.8,4809.62,4697.05,4728.59,30519521.0
2023-04-25,4725.51,4766.36,4625.28,4683.5,27358627.0
2023-04-26,4670.83,4687.17,4561.77,4604.09,28617230.0
2023-04-27,4598.42,4767.81,4598.38,4704.04,32697750.0
2023-04-28,4726.7,4888.63,4684.28,4873.38,39680108.0
2023-05-04,4836.41,4997.62,4794.25,4961.28,44314656.0
2023-05-05,4953.68,5043.8,4891.24,4932.12,37927685.0
2023-05-08,4954.89,5064.6,4918.38,4986.42,45545764.0
2023-05-09,5003.1,5051.51,4851.41,4857.47,49534353.0
2023-05-10,4843.23,4866.37,4731.17,4780.34,36000780.0
2023-05-11,4775.06,4778.48,4713.82,4744.79,24167901.0
2023-05-12,4714.44,4747.63,4581.54,4581.54,30292833.0
2023-05-15,4577.76,4592.98,4473.08,4587.97,29205833.0
2023-05-16,4583.84,4593.26,4492.01,4502.47,22870331.0
2023-05-17,4490.1,4518.68,4448.93,4506.43,20301233.0
2023-05-18,4511.47,4554.46,4490.26,4508.19,23235027.0
2023-05-19,4495.07,4495.07,4394.76,4441.55,23183747.0
2023-05-22,4425.23,4448.04,4392.08,4414.48,18798535.0
2023-05-23,4419.53,4428.63,4328.99,4328.99,22326781.0
2023-05-24,4317.24,4317.24,4245.55,4251.52,23063521.0
2023-05-25,4229.25,4255.48,4203.72,4251.5,20092182.0
2023-05-26,4262.22,4275.71,4214.49,4257.38,18063745.0
2023-05-29,4276.42,4323.09,4266.31,4296.38,21281357.0
2023-05-30,4277.92,4412.81,4269.64,4387.72,27935728.0
2023-05-31,4362.71,4411.2,4355.46,4385.68,20327973.0
2023-06-01,4375.39,4423.7,4355.28,4393.3,22598403.0
2023-06-02,4402.76,4413.85,4362.07,4379.99,19612043.0
2023-06-05,4379.41,4389.22,4315.47,4333.98,22799128.0
2023-06-06,4324.28,4387.67,4287.16,4299.11,23504525.0
2023-06-07,4295.91,4320.98,4265.61,4289.18,17207735.0
2023-06-08,4279.07,4378.22,4266.55,4373.34,20844797.0
2023-06-09,4365.65,4395.99,4342.44,4379.26,19779074.0
2023-06-12,4364.17,4364.17,4306.97,4331.94,17261876.0
2023-06-13,4322.16,4335.42,4269.85,4296.75,16766745.0
2023-06-14,4291.41,4327.81,4267.39,4275.05,15379118.0
2023-06-15,4265.21,4288.11,4241.02,4286.5,15138163.0
2023-06-16,4301.83,4407.61,4301.83,4403.07,25127175.0
2023-06-19,4390.83,4390.83,4300.56,4314.93,22050091.0
2023-06-20,4304.68,4310.29,4256.05,4256.68,17604472.0
2023-06-21,4242.5,4278.29,4223.66,4223.66,15851622.0
2023-06-26,4196.86,4196.86,4109.66,4117.71,17791974.0
2023-06-27,4122.13,4277.9,4122.13,4265.79,19238531.0
2023-06-28,4266.24,4266.29,4202.04,4256.55,15766995.0
2023-06-29,4244.38,4285.34,4229.45,4267.86,14381785.0
2023-06-30,4249.15,4292.77,4245.49,4274.5,13352973.0
2023-07-03,4280.42,4375.28,4280.42,4351.38,19390103.0
2023-07-04,4343.97,4366.85,4305.32,4325.83,14675728.0
2023-07-05,4322.03,4386.45,4318.54,4327.21,13458376.0
2023-07-06,4321.09,4332.47,4286.72,4298.2,11618846.0
2023-07-07,4286.49,4323.54,4261.85,4299.55,11194029.0
2023-07-10,4311.71,4338.6,4300.57,4335.91,11483822.0
2023-07-11,4336.69,4343.12,4297.5,4327.52,11929628.0
2023-07-12,4325.79,4330.37,4231.76,4234.42,14310791.0
2023-07-13,4250.74,4305.38,4250.74,4303.94,13465276.0
2023-07-14,4303.65,4335.41,4282.83,4310.37,12139517.0
2023-07-17,4301.37,4301.37,4264.44,4300.33,9379636.0
2023-07-18,4296.45,4302.15,4265.12,4275.16,11024092.0
2023-07-19,4270.63,4296.46,4260.7,4294.49,9930720.0
2023-07-20,4294.49,4309.28,4234.86,4240.47,11118478.0
2023-07-21,4230.94,4247.05,4201.2,4226.3,12461798.0
2023-07-24,4235.08,4280.91,4222.62,4255.79,14245184.0
2023-07-25,4292.3,4365.12,4292.3,4364.81,22606456.0
2023-07-26,4362.52,4382.74,4344.7,4356.73,16623522.0
2023-07-27,4352.32,4368.74,4316.64,4322.6,15766986.0
2023-07-28,4304.04,4391.33,4272.79,4388.15,20752246.0
2023-07-31,4405.24,4533.88,4405.24,4494.14,27609132.0
2023-08-01,4490.83,4538.08,4468.33,4497.65,20414749.0
2023-08-02,4483.77,4519.75,4446.71,4461.49,16802395.0
2023-08-03,4451.3,4490.54,4418.5,4481.05,15281059.0
2023-08-04,4498.39,4525.87,4474.79,4476.74,16791694.0
2023-08-07,4465.33,4465.53,4399.3,4413.85,14169296.0
2023-08-08,4408.18,4426.84,4389.66,4401.15,11127868.0
2023-08-09,4392.72,4438.65,4383.47,4393.49,10817881.0
2023-08-10,4387.51,4409.08,4366.71,4387.03,9390661.0
2023-08-11,4389.18,4409.05,4281.59,4281.59,14747826.0
2023-08-14,4242.81,4367.5,4235.04,4343.76,15845063.0
2023-08-15,4339.19,4348.12,4284.75,4331.35,11025520.0
2023-08-16,4318.22,4339.79,4271.87,4294.1,9997000.0
2023-08-17,4279.7,4322.25,4253.51,4318.97,10992062.0
2023-08-18,4315.61,4352.6,4228.3,4228.4,12903260.0
2023-08-21,4223.34,4291.43,4220.7,4220.7,11883831.0
2023-08-22,4227.7,4293.04,4223.65,4281.83,14943002.0
2023-08-23,4277.83,4277.83,4174.87,4174.87,13682316.0
2023-08-24,4183.02,4197.62,3975.22,3975.22,28326901.0
2023-08-25,3944.17,4004.48,3934.15,3964.05,16125512.0
2023-08-28,4174.01,4174.01,4000.3,4016.94,24471640.0
2023-08-29,4013.17,4076.71,4010.13,4065.26,19298875.0
2023-08-30,4055.95,4061.22,3977.79,3995.4,18120387.0
2023-08-31,4002.45,4043.62,3975.46,3984.88,15803544.0
2023-09-01,3993.89,4048.09,3993.89,4028.08,15517921.0
2023-09-04,4029.52,4093.58,4029.52,4080.34,18196570.0
2023-09-05,4059.19,4060.67,4010.51,4024.75,13955452.0
2023-09-06,4010.77,4018.21,3979.76,4010.2,11966630.0
2023-09-07,4003.71,4013.38,3960.97,3962.57,10838427.0
2023-09-08,3951.42,3963.63,3931.87,3954.25,8904180.0
2023-09-11,3959.03,3992.95,3937.71,3982.53,12411890.0
2023-09-12,3977.25,4010.9,3972.77,3983.12,10378710.0
2023-09-13,3980.16,4006.08,3954.11,3970.61,11599223.0
2023-09-14,3975.58,3988.32,3952.36,3970.35,10756965.0
2023-09-15,3978.71,3988.71,3918.5,3931.77,13451111.0
2023-09-18,3920.7,3939.17,3901.07,3934.41,11088134.0
2023-09-19,3930.14,3952.28,3920.19,3935.51,10597652.0
2023-09-20,3934.98,3939.83,3915.16,3921.87,9528195.0
2023-09-21,3918.04,3938.34,3874.95,3874.95,10271323.0
2023-09-22,3869.23,3955.37,3861.01,3953.64,14185428.0
2023-09-25,3946.81,3949.36,3891.75,3897.61,11234437.0
2023-09-26,3895.66,3909.69,3878.67,3878.67,10368825.0
2023-09-27,3892.84,3952.38,3892.84,3933.8,16032117.0
2023-09-28,3935.95,3953.58,3919.37,3947.36,12817411.0
2023-10-09,3940.03,3940.17,3898.06,3922.9,13664735.0
2023-10-10,3935.36,3945.27,3746.96,3757.83,27098668.0
2023-10-11,3761.92,3793.29,3753.3,3762.63,16131170.0
2023-10-12,3783.86,3832.87,3783.86,3816.89,13696171.0
2023-10-13,3794.45,3794.45,3752.34,3761.27,10731963.0
2023-10-16,3762.72,3767.81,3731.25,3748.67,10228170.0
2023-10-17,3761.04,3771.25,3733.03,3754.75,10123891.0
2023-10-18,3750.33,3751.0,3692.4,3695.4,10693675.0
2023-10-19,3683.68,3688.09,3640.05,3641.95,12877088.0
2023-10-20,3633.34,3667.41,3622.21,3625.92,10151160.0
2023-10-23,3615.65,3615.65,3517.9,3539.8,12007299.0
2023-10-24,3553.91,3597.74,3535.39,3592.36,12116241.0
2023-10-25,3678.57,3704.17,3667.78,3671.33,18571405.0
2023-10-26,3643.56,3661.95,3614.85,3657.67,12819742.0
2023-10-27,3646.04,3691.87,3631.12,3675.1,13019394.0
2023-10-30,3660.93,3667.1,3629.77,3639.86,15179942.0
2023-10-31,3640.41,3646.17,3604.41,3623.82,11654657.0
2023-11-01,3630.68,3631.57,3593.14,3599.53,11427563.0
2023-11-02,3596.41,3626.36,3572.23,3572.23,11290260.0
2023-11-03,3575.54,3602.62,3574.63,3583.78,10802572.0
2023-11-06,3596.92,3637.38,3587.85,3635.81,14867551.0
2023-11-07,3631.96,3631.96,3597.65,3617.03,12386741.0
2023-11-08,3612.99,3613.94,3582.29,3600.9,11852891.0
2023-11-09,3595.68,3637.53,3592.36,3605.38,11370725.0
2023-11-10,3597.49,3597.5,3548.37,3569.78,11467236.0
2023-11-13,3578.41,3609.77,3560.05,3609.77,11527747.0
2023-11-14,3609.32,3640.84,3600.99,3616.56,10620331.0
2023-11-15,3641.3,3649.33,3622.18,3630.57,12283248.0
2023-11-16,3629.07,3629.07,3592.37,3594.34,8898876.0
2023-11-17,3588.73,3595.86,3566.16,3593.05,10650330.0
2023-11-20,3602.37,3605.87,3573.03,3598.22,12890666.0
2023-11-21,3602.35,3641.73,3602.35,3610.51,16463657.0
2023-11-22,3605.81,3615.6,3583.95,3584.42,13685412.0
2023-11-23,3579.39,3612.37,3558.25,3605.05,13835013.0
2023-11-24,3603.44,3617.27,3565.42,3569.87,12007564.0
2023-11-27,3562.47,3562.87,3513.51,3532.73,14725924.0
2023-11-28,3528.43,3538.66,3516.25,3533.54,9792335.0
2023-11-29,3532.68,3532.68,3477.09,3484.74,13603091.0
2023-11-30,3481.2,3511.78,3471.73,3491.5,10914346.0
2023-12-01,3491.34,3530.91,3478.99,3521.08,11835740.0
2023-12-04,3525.03,3540.24,3517.46,3524.7,10447479.0
2023-12-05,3518.28,3518.28,3459.37,3459.37,11066103.0
2023-12-06,3454.87,3476.66,3434.68,3458.69,9699078.0
2023-12-07,3453.75,3459.24,3427.67,3444.89,10436648.0
2023-12-08,3447.47,3466.15,3427.9,3429.67,13881833.0
2023-12-11,3419.15,3455.16,3377.39,3449.57,15161531.0
2023-12-12,3442.86,3481.08,3433.72,3478.92,10719977.0
2023-12-13,3474.13,3474.13,3432.58,3432.68,9268271.0
2023-12-14,3443.11,3459.44,3431.62,3433.85,9095512.0
2023-12-15,3444.49,3462.45,3422.38,3426.59,10581129.0
2023-12-18,3424.03,3443.56,3386.8,3390.54,11482799.0
2023-12-19,3384.34,3393.08,3348.93,3372.81,10670642.0
2023-12-20,3373.08,3400.11,3351.04,3353.3,9281382.0
2023-12-21,3341.36,3391.59,3333.43,3384.92,11304697.0
2023-12-22,3385.05,3414.66,3361.3,3388.17,11850366.0
2023-12-25,3384.54,3387.05,3353.2,3365.69,7251841.0
2023-12-26,3365.9,3366.09,3334.41,3338.52,7629655.0
2023-12-27,3341.13,3371.77,3322.65,3360.98,9178388.0
2023-12-28,3354.71,3438.03,3350.82,3429.94,15143300.0
2023-12-29,3429.64,3439.83,3418.82,3436.9,13058497.0
2024-01-02,3438.29,3449.22,3420.43,3429.18,13807668.0
2024-01-03,3423.0,3455.12,3421.41,3454.45,13651486.0
2024-01-04,3450.78,3455.52,3404.63,3428.72,11683334.0
2024-01-05,3426.08,3471.28,3410.3,3426.45,17912726.0
2024-01-08,3429.34,3432.37,3369.42,3369.42,14156913.0
2024-01-09,3367.71,3395.65,3357.71,3380.88,16302286.0
2024-01-10,3372.25,3387.07,3345.51,3351.61,13058664.0
2024-01-11,3351.64,3366.94,3322.08,3354.97,14091031.0
2024-01-12,3348.43,3407.55,3346.78,3372.09,13486751.0
2024-01-15,3364.3,3398.98,3343.14,3388.18,11814706.0
2024-01-16,3381.19,3398.62,3343.59,3384.04,12625379.0
2024-01-17,3376.94,3379.59,3316.28,3316.28,12274862.0
2024-01-18,3306.7,3306.7,3201.78,3295.74,20015942.0
2024-01-19,3280.9,3307.04,3263.95,3281.04,12992560.0
2024-01-22,3275.7,3282.7,3158.66,3176.17,17227006.0
2024-01-23,3167.63,3209.75,3132.51,3195.61,13581440.0
2024-01-24,3211.26,3356.34,3197.22,3356.29,25068896.0
2024-01-25,3355.81,3557.52,3352.41,3552.78,39017338.0
2024-01-26,3556.48,3622.49,3532.51,3580.16,36725660.0
2024-01-29,3586.77,3730.11,3584.4,3600.46,45068289.0
2024-01-30,3562.7,3641.43,3550.11,3558.75,29999953.0
2024-01-31,3534.03,3569.87,3472.09,3484.48,28476966.0
2024-02-01,3445.86,3467.0,3387.59,3395.65,26455592.0
2024-02-02,3392.62,3471.2,3275.81,3366.95,29765119.0
2024-02-05,3337.58,3343.15,3189.53,3239.05,29357184.0
2024-02-06,3201.93,3383.12,3187.05,3350.5,28893322.0
2024-02-07,3348.8,3437.04,3328.7,3427.57,28955097.0
2024-02-08,3436.1,3490.56,3432.55,3456.29,28316509.0
2024-02-19,3475.87,3488.69,3441.12,3488.69,25064307.0
2024-02-20,3476.91,3506.93,3451.42,3499.98,17961188.0
2024-02-21,3482.21,3623.93,3469.68,3556.02,28038480.0
2024-02-22,3542.49,3578.47,3525.71,3578.47,18495615.0
2024-02-23,3578.26,3600.19,3550.45,3595.99,18815159.0
2024-02-26,3587.84,3593.35,3523.39,3531.43,20862228.0
2024-02-27,3518.76,3570.38,3512.37,3570.38,16189163.0
2024-02-28,3568.03,3624.78,3535.75,3535.75,27161461.0
2024-02-29,3516.18,3588.77,3515.3,3588.77,18736715.0
2024-03-01,3589.62,3599.53,3563.34,3587.05,17521122.0
2024-03-04,3580.66,3582.56,3526.29,3552.61,17360380.0
2024-03-05,3538.44,3582.21,3531.8,3572.14,17106919.0
2024-03-06,3566.72,3600.42,3547.51,3566.71,15934851.0
2024-03-07,3567.45,3613.5,3550.11,3552.68,17043230.0
2024-03-08,3549.7,3586.18,3536.37,3583.97,14075454.0
2024-03-11,3588.76,3615.35,3570.3,3602.28,15514920.0
2024-03-12,3600.92,3602.39,3556.06,3575.78,17157752.0
2024-03-13,3570.72,3571.76,3529.28,3542.53,14955462.0
2024-03-14,3542.42,3614.27,3542.18,3574.26,19310157.0
2024-03-15,3563.33,3585.83,3526.39,3581.98,14513343.0
2024-03-18,3591.47,3654.9,3591.47,3646.67,20066581.0
2024-03-19,3641.89,3664.05,3606.57,3606.92,16175472.0
2024-03-20,3603.82,3626.93,3589.75,3622.93,13389270.0
2024-03-21,3630.09,3636.04,3603.39,3614.75,13171415.0
2024-03-22,3611.79,3613.22,3541.7,3556.81,16959944.0
2024-03-25,3546.75,3601.79,3540.43,3547.89,14241134.0
2024-03-26,3545.01,3569.17,3522.66,3568.72,13365259.0
2024-03-27,3561.84,3586.63,3512.63,3512.63,13944988.0
2024-03-28,3503.37,3562.95,3503.37,3542.34,14668047.0
2024-03-29,3542.25,3582.46,3538.75,3582.46,16946888.0
2024-04-01,3594.83,3657.88,3594.83,3657.69,21121379.0
2024-04-02,3655.68,3664.9,3630.56,3641.91,17896417.0
2024-04-03,3639.14,3651.99,3619.28,3651.13,16037267.0
2024-04-08,3634.79,3668.81,3613.24,3615.19,17683482.0
2024-04-09,3615.57,3628.79,3573.31,3584.23,14601824.0
2024-04-10,3580.03,3593.64,3522.73,3540.37,14917975.0
2024-04-11,3524.36,3607.33,3511.76,3580.93,16723082.0
2024-04-12,3578.54,3586.49,3529.67,3534.87,14336496.0
2024-04-15,3536.24,3700.4,3507.89,3686.66,35486916.0
2024-04-16,3669.66,3711.0,3627.29,3632.5,33656977.0
2024-04-17,3621.7,3743.8,3614.99,3743.8,31417537.0
2024-04-18,3729.93,3776.86,3723.84,3736.1,28022959.0
2024-04-19,3721.82,3784.94,3718.88,3754.7,26913530.0
2024-04-22,3751.66,3771.95,3701.46,3707.51,24171547.0
2024-04-23,3698.84,3705.74,3618.61,3629.24,23096010.0
2024-04-24,3632.48,3664.8,3624.27,3664.06,18084388.0
2024-04-25,3653.76,3675.07,3635.96,3657.62,16249814.0
2024-04-26,3643.69,3691.59,3635.3,3689.64,22379975.0
2024-04-29,3678.23,3712.81,3648.17,3706.76,25050296.0
2024-04-30,3697.11,3697.42,3622.26,3633.04,25514781.0
2024-05-06,3661.66,3697.15,3661.66,3690.24,23580696.0
2024-05-07,3684.69,3706.47,3673.86,3687.51,18075019.0
2024-05-08,3681.63,3685.19,3642.01,3645.67,15815530.0
2024-05-09,3639.94,3708.56,3639.94,3704.7,18057597.0
2024-05-10,3708.56,3735.62,3688.99,3730.12,20733915.0
2024-05-13,3711.33,3779.94,3686.18,3763.65,24890530.0
2024-05-14,3766.04,3780.47,3747.76,3763.85,16974906.0
2024-05-15,3756.89,3763.85,3727.55,3729.66,15722778.0
2024-05-16,3732.47,3802.34,3732.47,3777.85,21955868.0
2024-05-17,3787.87,3837.13,3757.44,3837.13,24853683.0
2024-05-20,3844.74,3847.56,3808.35,3825.23,23053750.0
2024-05-21,3815.47,3841.39,3788.5,3803.33,17807079.0
2024-05-22,3798.18,3857.73,3796.79,3833.17,21667895.0
2024-05-23,3820.35,3820.35,3746.2,3758.22,22114696.0
2024-05-24,3749.51,3780.05,3730.12,3731.52,16941804.0
2024-05-27,3736.04,3757.98,3715.41,3756.77,16371548.0
2024-05-28,3754.56,3765.1,3716.71,3721.11,17771688.0
2024-05-29,3717.34,3751.5,3705.9,3717.71,13779316.0
2024-05-30,3712.61,3732.92,3680.52,3689.59,16616688.0
2024-05-31,3690.74,3707.17,3680.4,3684.64,12449122.0
2024-06-03,3678.84,3679.1,3642.45,3668.9,18455938.0
2024-06-04,3660.07,3717.65,3652.38,3713.87,16360683.0
2024-06-05,3704.39,3704.64,3663.09,3665.28,15218300.0
2024-06-06,3664.37,3676.43,3621.76,3627.91,16523759.0
2024-06-07,3637.73,3657.14,3616.93,3649.78,14081379.0
2024-06-11,3642.74,3642.92,3565.04,3582.49,16331058.0
2024-06-12,3576.45,3597.25,3548.07,3590.72,14079655.0
2024-06-13,3588.37,3592.79,3544.21,3551.92,12645295.0
2024-06-14,3542.1,3574.13,3533.66,3566.9,14433164.0
2024-06-17,3548.11,3579.34,3538.59,3543.64,13504345.0
2024-06-18,3548.48,3618.96,3547.49,3610.14,16972621.0
2024-06-19,3612.49,3640.27,3610.11,3617.6,13139123.0
2024-06-20,3615.3,3622.56,3561.82,3565.11,14023140.0
2024-06-21,3563.34,3603.5,3561.54,3598.23,13267328.0
2024-06-24,3584.56,3588.75,3527.99,3530.6,15671027.0
2024-06-25,3527.4,3559.34,3500.64,3517.22,13555954.0
2024-06-26,3508.53,3545.54,3484.6,3537.98,12440811.0
2024-06-27,3514.91,3529.64,3492.62,3497.4,12191839.0
2024-06-28,3493.87,3582.18,3490.52,3547.19,15578252.0
2024-07-01,3545.09,3597.55,3545.09,3589.54,14696503.0
2024-07-02,3588.43,3592.53,3553.76,3569.17,12796617.0
2024-07-03,3562.75,3584.58,3544.7,3550.0,10654299.0
2024-07-04,3556.19,3570.52,3503.52,3508.91,11194464.0
2024-07-05,3506.04,3508.03,3470.36,3495.59,11130718.0
2024-07-08,3492.81,3492.87,3407.61,3414.9,12482362.0
2024-07-09,3410.92,3441.64,3361.4,3434.4,14490924.0
2024-07-10,3418.04,3425.59,3373.42,3377.33,11283575.0
2024-07-11,3414.39,3442.82,3404.31,3442.26,12542744.0
2024-07-12,3438.91,3462.89,3417.13,3424.66,12316103.0
2024-07-15,3416.4,3437.97,3399.86,3423.6,9902712.0
2024-07-16,3410.03,3412.2,3390.2,3411.8,9873987.0
2024-07-17,3408.66,3427.03,3402.32,3409.71,11291969.0
2024-07-18,3401.13,3422.11,3368.16,3420.26,11413771.0
2024-07-19,3395.78,3418.15,3385.19,3413.16,11476481.0
2024-07-22,3409.78,3417.28,3368.98,3393.88,11618648.0
2024-07-23,3379.29,3389.5,3337.3,3337.3,12799767.0
2024-07-24,3332.26,3369.71,3320.37,3345.9,15425085.0
2024-07-25,3339.27,3367.86,3323.03,3337.3,13244409.0
2024-07-26,3326.28,3363.21,3326.28,3347.9,11615205.0
2024-07-29,3347.02,3397.28,3337.55,3387.52,12954703.0
2024-07-30,3378.28,3407.55,3371.07,3399.71,13134497.0
2024-07-31,3401.01,3442.53,3393.14,3435.5,17670745.0
2024-08-01,3441.08,3482.31,3440.51,3463.17,18210413.0
2024-08-02,3444.95,3474.24,3438.64,3443.16,15032850.0
2024-08-05,3430.75,3465.21,3391.36,3391.36,16582695.0
2024-08-06,3410.15,3430.14,3366.8,3393.8,13518228.0
2024-08-07,3393.01,3406.49,3380.42,3382.37,10301422.0
2024-08-08,3373.24,3392.57,3351.09,3375.75,9150786.0
2024-08-09,3387.4,3419.39,3382.67,3382.67,10674953.0
2024-08-12,3384.32,3393.86,3345.46,3352.59,9438634.0
2024-08-13,3352.01,3379.35,3342.51,3378.95,9208527.0
2024-08-14,3385.82,3415.44,3368.95,3370.29,10695141.0
2024-08-15,3361.51,3407.36,3347.29,3399.61,12949184.0
2024-08-16,3399.62,3408.61,3363.06,3371.87,11059409.0
2024-08-19,3370.02,3406.37,3370.02,3393.41,10606608.0
2024-08-20,3396.26,3400.28,3335.86,3350.87,10718317.0
2024-08-21,3343.83,3344.69,3313.95,3318.72,8615767.0
2024-08-22,3322.91,3334.28,3309.48,3314.21,9111100.0
2024-08-23,3313.44,3324.25,3291.58,3316.22,9543310.0
2024-08-26,3320.14,3350.34,3317.08,3332.96,11332208.0
2024-08-27,3327.38,3330.6,3271.29,3290.69,12309795.0
2024-08-28,3282.26,3297.43,3231.79,3233.76,11530826.0
2024-08-29,3225.6,3225.6,3165.72,3170.32,18315087.0
2024-08-30,3166.72,3236.86,3156.31,3202.68,20234493.0
2024-09-02,3190.34,3190.6,3087.76,3090.84,20532439.0
2024-09-03,3085.58,3090.12,3055.15,3071.54,14293442.0
2024-09-04,3054.71,3062.55,3017.3,3019.72,13164827.0
2024-09-05,3022.59,3045.17,3020.12,3041.85,10703284.0
2024-09-06,3042.88,3054.32,3010.6,3013.8,9883932.0
2024-09-09,2999.67,2999.69,2959.11,2972.93,13003548.0
2024-09-10,2976.92,2983.15,2926.54,2973.21,11621782.0
2024-09-11,2960.46,2960.48,2930.21,2943.22,9905186.0
2024-09-12,2946.84,2980.89,2946.84,2952.45,10335986.0
2024-09-13,2958.25,2975.12,2933.86,2933.86,10723337.0
2024-09-18,2930.63,2951.27,2895.93,2943.14,10553064.0
2024-09-19,2955.6,3024.88,2943.96,3010.78,13586230.0
2024-09-20,3007.97,3015.79,2979.19,3013.48,11737403.0
2024-09-23,3006.26,3039.22,2991.91,3021.56,9150309.0
2024-09-24,3044.38,3142.45,3043.24,3141.97,20472693.0
2024-09-25,3193.24,3319.37,3193.24,3246.11,30425894.0
2024-09-26,3231.64,3405.12,3230.3,3405.12,28442372.0
2024-09-27,3457.77,3501.25,3409.81,3491.51,25954034.0
2024-09-30,3621.39,3805.88,3556.18,3783.42,58063023.0
2024-10-08,4163.65,4163.65,3806.64,3961.02,68082964.0
2024-10-09,3882.6,3882.6,3631.45,3631.47,50605258.0
2024-10-10,3645.21,3929.59,3619.98,3854.28,65790283.0
2024-10-11,3825.33,3840.74,3678.7,3706.57,48219963.0
2024-10-14,3753.28,3859.21,3744.56,3831.07,42354834.0
2024-10-15,3799.11,3868.87,3754.98,3756.59,36359428.0
2024-10-16,3731.29,3861.68,3730.92,3823.14,35843538.0
2024-10-17,3828.67,3857.19,3741.17,3742.48,34654464.0
2024-10-18,3715.98,3864.75,3671.02,3809.16,37161451.0
2024-10-21,3824.26,3880.25,3801.83,3878.99,36092709.0
2024-10-22,3859.97,3880.3,3831.59,3870.51,26027107.0
2024-10-23,3866.3,3941.16,3863.86,3914.11,33915996.0
2024-10-24,3888.13,3893.65,3827.34,3847.06,23001839.0
2024-10-25,3850.71,3904.25,3850.71,3892.09,24430438.0
2024-10-28,3871.42,3927.67,3830.87,3922.12,34197473.0
2024-10-29,3921.57,3933.65,3829.8,3832.92,28877194.0
2024-10-30,3818.1,3874.88,3818.1,3839.96,24790940.0
2024-10-31,3842.85,3896.39,3834.28,3870.74,31792334.0
2024-11-01,3858.24,3968.73,3846.96,3885.89,44823784.0
2024-11-04,3867.75,3915.95,3846.09,3915.95,27023967.0
2024-11-05,3915.73,4026.12,3913.14,4026.12,38728805.0
2024-11-06,4032.05,4108.03,3989.72,4077.1,44661147.0
2024-11-07,4058.45,4199.79,4046.3,4199.79,48878143.0
2024-11-08,4229.48,4238.96,4095.71,4113.4,44697652.0
2024-11-11,4090.16,4123.58,4033.6,4090.26,33327679.0
2024-11-12,4079.38,4105.95,4001.05,4021.86,31440598.0
2024-11-13,4001.28,4099.53,4000.28,4048.03,26883914.0
2024-11-14,4044.93,4065.29,3986.24,3986.68,23423090.0
2024-11-15,3974.55,4030.87,3934.77,3934.77,23879651.0
2024-11-18,4032.52,4143.57,3988.97,4048.37,60192669.0
2024-11-19,4006.45,4023.09,3898.62,3975.25,42645733.0
2024-11-20,3962.3,3990.7,3950.08,3987.8,24836694.0
2024-11-21,3976.1,4009.58,3949.84,3974.27,22430318.0
2024-11-22,3974.59,3987.34,3853.65,3853.65,27506120.0
2024-11-25,3865.18,3874.81,3784.62,3825.14,22843727.0
2024-11-26,3820.47,3828.53,3790.11,3799.82,15458142.0
2024-11-27,3789.3,3834.99,3735.42,3834.99,18459091.0
2024-11-28,3835.72,3880.72,3827.99,3840.0,19470726.0
2024-11-29,3833.13,3895.07,3830.66,3863.54,19770526.0
2024-12-02,3862.92,3928.22,3860.57,3922.53,23449133.0
2024-12-03,3927.21,3967.57,3901.47,3961.07,22172633.0
2024-12-04,3949.98,3949.98,3903.25,3917.25,19548232.0
2024-12-05,3905.88,3938.72,3898.19,3919.06,18143340.0
2024-12-06,3926.11,3984.93,3926.11,3975.31,29077963.0
2024-12-09,3974.16,3984.51,3917.51,3939.49,25804062.0
2024-12-10,4046.92,4053.49,3940.79,3944.22,29715536.0
2024-12-11,3937.78,3990.04,3937.53,3980.61,25128134.0
2024-12-12,3981.41,3995.81,3951.25,3994.24,23558459.0
2024-12-13,3977.0,3977.0,3894.66,3895.29,27444829.0
2024-12-16,3892.86,3908.66,3857.67,3871.56,18319887.0
2024-12-17,3866.49,3875.87,3815.02,3820.69,17538650.0
2024-12-18,3869.9,3910.65,3846.76,3852.45,20129943.0
2024-12-19,3817.6,3868.73,3799.98,3862.36,16322155.0
2024-12-20,3856.55,3864.78,3827.45,3833.4,16277380.0
2024-12-23,3832.89,3875.66,3823.07,3826.27,20630163.0
2024-12-24,3836.0,3870.15,3834.13,3867.76,16355624.0
2024-12-25,3876.49,3877.49,3834.3,3859.57,16428477.0
2024-12-26,3853.41,3855.62,3818.74,3828.37,13760402.0
2024-12-27,3833.67,3868.25,3829.83,3858.32,15431262.0
2024-12-30,3861.11,3874.93,3844.74,3862.19,13584648.0
2024-12-31,3862.6,3870.76,3783.02,3783.02,17471349.0
2025-01-02,3783.04,3788.55,3620.88,3643.52,23399652.0
2025-01-03,3648.58,3671.67,3574.73,3579.97,17254633.0
2025-01-06,3583.52,3595.01,3543.54,3587.4,14450876.0
2025-01-07,3585.02,3598.2,3550.14,3595.36,12790595.0
2025-01-08,3589.75,3589.75,3500.59,3563.47,16595053.0
2025-01-09,3546.23,3550.83,3526.38,3530.52,11290126.0
2025-01-10,3529.77,3541.13,3466.38,3466.38,11722616.0
2025-01-13,3440.78,3472.38,3423.93,3463.98,11058842.0
2025-01-14,3470.22,3554.58,3470.22,3547.75,14514100.0
2025-01-15,3545.94,3547.91,3519.04,3532.03,12030371.0
2025-01-16,3542.65,3586.97,3521.73,3540.84,12519630.0
2025-01-17,3536.27,3569.2,3513.28,3554.95,10960744.0
2025-01-20,3578.01,3591.66,3550.93,3558.23,10851768.0
2025-01-21,3570.86,3575.04,3532.45,3540.08,11045494.0
2025-01-22,3530.39,3530.39,3486.56,3501.02,9883563.0
2025-01-23,3529.26,3584.42,3523.21,3523.76,13176524.0
2025-01-24,3522.6,3562.64,3516.74,3552.06,11571484.0
2025-01-27,3561.64,3593.31,3558.98,3563.4,12213400.0
2025-02-05,3580.37,3581.54,3515.89,3526.88,13133674.0
2025-02-06,3527.74,3559.4,3507.21,3557.66,13003244.0
2025-02-07,3555.06,3625.27,3545.22,3602.46,20019855.0
2025-02-10,3604.56,3641.09,3604.56,3626.01,16411950.0
2025-02-11,3626.47,3628.46,3589.71,3610.8,14750108.0
2025-02-12,3605.95,3630.39,3592.96,3630.02,16451311.0
2025-02-13,3633.98,3663.14,3619.52,3638.49,20214612.0
2025-02-14,3643.07,3655.97,3615.4,3651.27,16314088.0
2025-02-17,3660.88,3666.65,3638.74,3661.26,19730524.0
2025-02-18,3659.37,3664.81,3605.71,3614.21,19375091.0
2025-02-19,3614.82,3659.01,3614.82,3653.0,18934226.0
2025-02-20,3642.02,3643.0,3599.38,3611.89,21031823.0
2025-02-21,3613.42,3631.55,3589.61,3615.07,20592566.0
2025-02-24,3620.48,3732.15,3617.24,3711.53,35813596.0
2025-02-25,3694.65,3698.87,3649.45,3657.71,22713178.0
2025-02-26,3660.52,3719.66,3660.52,3698.65,23462438.0
2025-02-27,3700.81,3713.4,3649.32,3679.22,19371426.0
2025-02-28,3670.25,3690.9,3636.87,3640.11,23119690.0
2025-03-03,3638.71,3675.57,3629.57,3642.36,21250330.0
2025-03-04,3633.93,3640.37,3614.75,3639.11,17861517.0
2025-03-05,3640.44,3646.29,3603.78,3640.36,18569167.0
2025-03-06,3647.79,3675.07,3625.67,3668.72,19944087.0
2025-03-07,3661.5,3667.83,3630.25,3638.91,17671805.0
2025-03-10,3637.61,3638.53,3603.46,3621.86,16401235.0
2025-03-11,3594.41,3629.54,3590.13,3629.54,13767181.0
2025-03-12,3635.93,3670.7,3628.59,3654.34,18015615.0
2025-03-13,3651.08,3666.84,3623.41,3641.67,18079705.0
2025-03-14,3647.14,3697.52,3642.32,3696.0,22030225.0
2025-03-17,3704.27,3724.89,3704.27,3712.58,18435845.0
2025-03-18,3719.6,3721.89,3700.1,3712.33,14327718.0
2025-03-19,3706.76,3710.15,3683.06,3692.52,12746666.0
2025-03-20,3693.37,3709.19,3683.27,3688.19,12050185.0
2025-03-21,3680.79,3728.13,3665.29,3673.21,20998485.0
2025-03-24,3681.22,3691.94,3616.7,3657.03,18623499.0
2025-03-25,3655.11,3686.88,3640.56,3679.97,18650550.0
2025-03-26,3681.28,3684.85,3660.17,3667.27,13855422.0
2025-03-27,3662.17,3662.57,3629.78,3635.18,14025946.0
2025-03-28,3632.18,3634.75,3590.62,3604.26,14115093.0
2025-03-31,3586.31,3601.43,3522.47,3530.92,20904151.0
2025-04-01,3537.4,3571.87,3536.24,3563.07,18639487.0
2025-04-02,3557.41,3583.03,3552.99,3573.43,13905672.0
2025-04-03,3548.0,3609.03,3547.86,3585.7,16317345.0
2025-04-07,3459.32,3463.92,3251.54,3310.88,33793921.0
2025-04-08,3307.61,3422.78,3307.61,3422.78,31614985.0
2025-04-09,3400.33,3495.38,3340.29,3492.7,27665201.0
2025-04-10,3521.07,3528.13,3479.17,3512.78,21373428.0
2025-04-11,3504.33,3507.45,3479.38,3493.67,15641340.0
2025-04-14,3511.4,3517.36,3498.56,3508.88,14893047.0
2025-04-15,3508.0,3508.04,3469.57,3491.49,12037897.0
2025-04-16,3487.13,3499.8,3455.91,3499.8,16775475.0
2025-04-17,3484.33,3519.54,3476.44,3505.77,13813140.0
2025-04-18,3498.62,3528.63,3491.57,3522.44,11679513.0
2025-04-21,3521.68,3526.9,3505.04,3518.62,13000616.0
2025-04-22,3515.45,3545.88,3511.52,3534.45,14073961.0
2025-04-23,3543.71,3555.03,3527.41,3539.01,14265934.0
2025-04-24,3541.51,3550.4,3512.66,3535.04,12414109.0
2025-04-25,3536.02,3561.42,3534.21,3551.11,12241092.0
2025-04-28,3545.12,3545.69,3511.46,3511.46,13700688.0
2025-04-29,3509.21,3526.1,3496.77,3505.72,12709477.0
2025-04-30,3498.06,3510.64,3479.26,3481.5,18297830.0
2025-05-06,3496.19,3524.35,3493.8,3522.0,16395104.0
2025-05-07,3558.81,3564.45,3524.59,3546.45,16423476.0
2025-05-08,3538.48,3562.94,3527.08,3550.65,13432288.0
2025-05-09,3551.01,3552.07,3522.47,3531.63,11196616.0
2025-05-12,3547.83,3564.08,3539.41,3564.08,13135680.0
2025-05-13,3580.04,3608.03,3564.28,3596.08,17145412.0
2025-05-14,3591.58,3621.24,3571.62,3617.05,15701268.0
2025-05-15,3612.75,3616.63,3577.65,3584.56,13302113.0
2025-05-16,3584.23,3595.61,3553.17,3565.86,13186319.0
2025-05-19,3565.66,3583.99,3552.15,3578.32,10647882.0
2025-05-20,3586.04,3595.98,3576.27,3589.32,10090666.0
2025-05-21,3590.69,3600.67,3582.28,3591.06,10859029.0
2025-05-22,3582.66,3584.88,3555.49,3559.46,10919335.0
2025-05-23,3558.01,3568.14,3519.1,3519.17,11728235.0
2025-05-26,3520.05,3547.78,3518.67,3536.2,10777507.0
2025-05-27,3534.52,3536.57,3506.01,3519.83,9702403.0
2025-05-28,3520.18,3524.05,3510.35,3516.05,7216836.0
2025-05-29,3518.42,3548.67,3518.14,3541.95,10409589.0
2025-05-30,3535.07,3550.44,3519.53,3534.91,10805085.0
2025-06-03,3525.09,3535.16,3515.66,3532.14,9947016.0
2025-06-04,3533.7,3553.0,3533.62,3548.44,9490330.0
2025-06-05,3549.52,3554.21,3535.73,3544.24,9442619.0
2025-06-06,3544.49,3586.54,3543.32,3574.57,14558080.0
2025-06-09,3575.29,3580.35,3564.11,3571.88,12561887.0
2025-06-10,3576.39,3577.97,3531.95,3553.9,13569484.0
2025-06-11,3555.49,3583.32,3555.49,3573.69,12238739.0
2025-06-12,3567.13,3572.09,3551.8,3562.52,10379760.0
2025-06-13,3556.86,3562.97,3536.04,3541.85,13560336.0
2025-06-16,3538.99,3549.02,3531.36,3544.61,10612202.0
2025-06-17,3546.83,3556.36,3534.0,3555.75,10406390.0
2025-06-18,3552.38,3555.36,3525.89,3536.56,9887161.0
2025-06-19,3532.65,3534.79,3474.0,3480.69,13891249.0
2025-06-20,3478.66,3496.93,3478.39,3480.47,9291113.0
2025-06-23,3466.71,3502.35,3460.31,3493.22,10224564.0
2025-06-24,3503.83,3561.7,3503.83,3560.32,16277735.0
2025-06-25,3561.36,3592.89,3548.86,3591.02,16454212.0
2025-06-26,3590.56,3601.02,3581.15,3584.32,13690353.0
2025-06-27,3589.47,3619.12,3584.31,3589.81,14452262.0
2025-06-30,3590.77,3600.96,3580.46,3592.22,12951048.0
2025-07-01,3591.02,3591.43,3569.85,3584.37,11292958.0
2025-07-02,3585.4,3611.41,3574.69,3605.82,16056422.0
2025-07-03,3609.68,3616.87,3598.47,3608.31,10960808.0
2025-07-04,3608.28,3632.1,3605.34,3609.54,14213914.0
2025-07-07,3607.65,3632.37,3598.75,3630.02,12668887.0
2025-07-08,3635.23,3649.7,3622.56,3646.43,14467186.0
2025-07-09,3653.77,3685.87,3650.8,3659.99,19247927.0
2025-07-10,3657.26,3706.92,3657.26,3692.14,22340663.0
2025-07-11,3689.5,3726.75,3675.75,3685.02,23141775.0
2025-07-14,3689.67,3724.87,3689.67,3705.93,19678536.0
2025-07-15,3704.58,3707.92,3663.1,3680.97,18020664.0
2025-07-16,3680.36,3689.82,3647.08,3664.0,14026969.0
2025-07-17,3649.29,3662.16,3638.66,3651.29,13268957.0
2025-07-18,3640.48,3662.04,3635.46,3662.04,15127728.0
2025-07-21,3775.01,3822.58,3761.38,3818.36,36145736.0
2025-07-22,3891.39,3988.08,3848.61,3981.78,46213999.0
2025-07-23,4083.24,4083.24,3939.5,3942.45,64700955.0
2025-07-24,3922.81,4020.56,3884.83,4005.93,86041258.0
2025-07-25,3989.24,3992.4,3905.59,3911.52,66606846.0
2025-07-28,3894.26,3897.38,3861.12,3868.44,37701785.0
2025-07-29,3860.09,3896.68,3819.61,3881.79,44454315.0
2025-07-30,3858.72,3885.74,3834.75,3850.89,31156307.0
2025-07-31,3833.62,3844.72,3791.52,3803.25,31975639.0
2025-08-01,3794.14,3806.38,3781.1,3787.08,23368980.0
2025-08-04,3772.33,3793.11,3769.15,3787.41,20131036.0
2025-08-05,3788.6,3805.51,3787.44,3802.67,19709989.0
2025-08-06,3800.78,3800.91,3771.81,3793.59,21026023.0
2025-08-07,3806.45,3814.51,3774.96,3795.92,21302574.0
2025-08-08,3791.53,3852.11,3785.28,3845.02,27704451.0
2025-08-11,3867.0,3872.72,3845.29,3861.85,26354964.0
2025-08-12,3863.19,3871.42,3851.04,3863.6,21880186.0
2025-08-13,3867.04,3875.24,3854.74,3865.61,24342163.0
2025-08-14,3867.18,3879.82,3806.95,3807.34,26709432.0
2025-08-15,3793.82,3829.68,3793.21,3820.45,23272232.0
2025-08-18,3824.71,3854.6,3817.69,3822.9,28793561.0
2025-08-19,3827.83,3838.4,3814.22,3822.66,26127733.0
2025-08-20,3815.97,3829.54,3786.93,3829.54,24388057.0
2025-08-21,3836.74,3875.07,3836.74,3853.07,29058938.0
2025-08-22,3848.28,3879.98,3829.14,3879.32,25627062.0
2025-08-25,3887.85,3954.58,3887.44,3940.49,40584752.0
2025-08-26,3935.37,3956.66,3918.65,3947.18,25900349.0
2025-08-27,3948.58,3952.31,3865.75,3865.94,36546289.0
2025-08-28,3860.19,3890.95,3813.46,3889.36,31514385.0
2025-08-29,3902.53,3934.88,3871.98,3879.45,38270504.0
2025-09-01,3874.84,3902.49,3866.33,3881.7,32210499.0
2025-09-02,3883.02,3884.55,3803.42,3837.41,29135909.0
2025-09-03,3844.85,3849.32,3781.08,3796.12,23996757.0
2025-09-04,3793.01,3795.23,3726.35,3759.71,24212719.0
2025-09-05,3763.15,3795.98,3737.31,3790.9,20457986.0
2025-09-08,3790.56,3827.58,3784.18,3824.71,23359161.0
2025-09-09,3820.19,3825.71,3786.92,3805.12,18873148.0
2025-09-10,3800.46,3804.8,3769.37,3786.94,16345222.0
2025-09-11,3784.85,3833.33,3774.38,3831.38,21115511.0
2025-09-12,3835.88,3897.5,3835.53,3872.0,34113542.0
2025-09-15,3886.75,3907.31,3865.68,3883.98,25425898.0
2025-09-16,3903.93,3914.54,3868.84,3904.29,24025720.0
2025-09-17,3905.91,3941.63,3886.13,3936.27,45680866.0
2025-09-18,3930.83,3959.04,3859.81,3880.67,52040998.0
2025-09-19,3873.22,3904.89,3870.2,3887.67,29824235.0
2025-09-22,3875.42,3880.45,3830.66,3844.67,35392306.0
2025-09-23,3840.47,3858.91,3775.94,3856.62,45392036.0
2025-09-24,3844.65,3863.17,3821.17,3862.03,35917149.0
2025-09-25,3860.69,3883.02,3847.9,3850.09,31079203.0
2025-09-26,3844.42,3871.52,3837.81,3842.33,25160618.0
2025-09-29,3853.66,3887.78,3821.1,3870.64,27406303.0
2025-09-30,3883.09,3918.26,3874.73,3904.47,30826352.0
2025-10-09,3934.38,4021.06,3934.38,4020.36,50697847.0
2025-10-10,3998.13,4058.95,3981.62,4035.12,44607789.0
2025-10-13,3944.65,4024.93,3942.16,4018.7,45416664.0
2025-10-14,4038.31,4080.89,3996.15,4009.79,41760514.0
2025-10-15,4008.81,4058.16,4008.28,4053.66,32550355.0
2025-10-16,4044.53,4045.44,3999.51,4010.57,28764806.0
2025-10-17,4013.0,4032.09,3947.33,3955.21,29334434.0
2025-10-20,3974.18,3982.01,3944.26,3958.86,24035068.0
2025-10-21,3965.68,4059.69,3965.08,4053.44,31927800.0
2025-10-22,4049.92,4062.36,4037.04,4048.75,30430766.0
2025-10-23,4025.38,4055.47,3997.59,4054.57,29455693.0
2025-10-24,4042.94,4058.23,4017.12,4043.26,30159464.0
2025-10-27,4053.91,4089.34,4046.08,4080.17,34493407.0
2025-10-28,4064.88,4065.03,4012.38,4017.69,29429464.0
2025-10-29,4006.89,4042.95,3996.05,4042.57,25979405.0
2025-10-30,4033.14,4070.13,4020.79,4028.76,33020679.0
2025-10-31,4014.19,4018.03,3965.42,3966.29,39861758.0
2025-11-03,3974.63,4002.33,3953.59,3998.7,35608786.0
2025-11-04,3989.26,4000.51,3958.59,3976.75,28951287.0
2025-11-05,3946.62,4011.86,3939.36,4002.96,33675123.0
2025-11-06,4009.41,4049.74,4005.81,4029.19,38392446.0
2025-11-07,4021.76,4040.6,4017.0,4024.69,28445091.0
2025-11-10,4031.91,4042.38,4021.26,4036.73,27142576.0
2025-11-11,4041.21,4053.17,4029.72,4041.5,30111456.0
2025-11-12,4031.87,4036.31,3987.02,4013.78,32564907.0
2025-11-13,4008.95,4023.83,3997.11,4021.43,30201278.0
2025-11-14,4000.89,4021.51,3984.94,3985.0,29503914.0
2025-11-17,3978.6,3980.9,3949.61,3958.29,25716299.0
2025-11-18,3952.25,3952.65,3898.23,3912.37,28316937.0
2025-11-19,3905.84,3917.36,3863.56,3879.96,21593672.0
2025-11-20,3888.87,3904.52,3873.77,3877.69,19579113.0
2025-11-21,3850.46,3859.17,3771.78,3771.78,27096918.0
2025-11-24,3790.19,3822.09,3786.44,3810.83,18014607.0
2025-11-25,3818.45,3842.84,3807.63,3830.51,16814766.0
2025-11-26,3836.94,3857.43,3820.32,3822.76,17622128.0
2025-11-27,3818.44,3828.77,3803.62,3804.62,15780765.0
2025-11-28,3802.19,3838.97,3785.49,3837.61,18805274.0
2025-12-01,3841.61,3868.49,3841.54,3868.49,22198560.0
2025-12-02,3854.95,3861.35,3834.88,3857.94,15431663.0
2025-12-03,3855.0,3867.45,3837.44,3846.01,16537128.0
2025-12-04,3854.13,3861.57,3830.61,3853.29,16358851.0
2025-12-05,3852.78,3887.74,3838.09,3883.39,17872507.0
2025-12-08,3891.57,3897.99,3870.51,3880.25,17860185.0
2025-12-09,3866.14,3866.33,3812.04,3814.57,25901514.0
2025-12-10,3807.83,3850.06,3793.66,3843.15,21014957.0
2025-12-11,3850.83,3855.94,3813.28,3813.81,18987004.0
2025-12-12,3816.98,3861.95,3812.95,3854.31,20511452.0
2025-12-15,3839.2,3871.34,3835.7,3844.94,17807698.0
2025-12-16,3839.64,3841.98,3785.92,3793.5,17743696.0
2025-12-17,3791.62,3828.45,3764.36,3816.87,17449609.0
2025-12-18,3805.87,3845.44,3804.72,3824.2,15235117.0
2025-12-19,3833.27,3869.6,3828.73,3860.29,18542646.0
2025-12-22,3872.2,3885.42,3864.96,3877.4,15483973.0
2025-12-23,3881.9,3906.91,3878.15,3887.84,16087402.0
2025-12-24,3901.26,3930.25,3900.84,3919.24,17429876.0
2025-12-25,3928.28,3935.18,3908.28,3926.58,17858293.0
2025-12-26,3930.18,3972.12,3925.83,3948.61,20289649.0
2025-12-29,3953.97,3965.09,3931.31,3936.88,24417192.0
2025-12-30,3914.01,3926.4,3896.6,3896.6,21944642.0
2025-12-31,3902.39,3917.22,3893.69,3906.46,19709125.0
2026-01-05,3908.45,3933.02,3902.72,3933.02,23040222.0
2026-01-06,3930.7,3989.09,3926.17,3988.14,28721386.0
2026-01-07,3993.71,4046.72,3993.71,4015.67,28817687.0
2026-01-08,4015.41,4074.27,4015.39,4065.58,28659316.0
2026-01-09,4068.14,4104.47,4065.08,4090.67,27619335.0
2026-01-12,4103.68,4125.52,4088.6,4122.97,30577743.0
2026-01-13,4130.42,4147.34,4091.44,4113.29,45867540.0
2026-01-14,4115.14,4162.46,4069.82,4091.96,53514474.0
2026-01-15,4076.29,4093.79,4052.44,4073.15,28095216.0
2026-01-16,4082.39,4186.9,4082.39,4103.59,59695806.0
2026-01-19,4092.58,4104.18,4055.67,4089.88,42553978.0
2026-01-20,4086.88,4171.95,4083.59,4170.91,51656083.0
2026-01-21,4146.23,4176.63,4136.5,4155.08,41551417.0
2026-01-22,4156.14,4186.79,4137.87,4160.31,42915379.0
2026-01-23,4166.84,4175.01,4144.82,4157.34,43435894.0
2026-01-26,4160.53,4190.94,4142.18,4183.59,58690015.0
2026-01-27,4161.97,4161.97,4089.72,4131.67,44633285.0
2026-01-28,4146.33,4255.5,4126.73,4172.72,73464431.0
2026-01-29,4185.38,4208.49,4133.66,4180.62,69146782.0
2026-01-30,4142.26,4193.39,4097.65,4145.69,50061136.0
2026-02-02,4113.01,4131.27,3992.47,3992.51,45672813.0
2026-02-03,4032.65,4072.64,4012.55,4069.29,35855837.0
2026-02-04,4067.91,4125.62,4065.07,4122.2,40710032.0
2026-02-05,4093.0,4106.27,4046.19,4059.8,30146492.0
2026-02-06,4027.62,4057.87,4010.81,4017.23,27425147.0
2026-02-09,4058.72,4084.17,4049.41,4073.87,25710751.0
2026-02-10,4080.43,4080.66,4034.46,4045.45,25583969.0
2026-02-11,4043.36,4064.55,4036.07,4051.78,20912757.0
2026-02-12,4060.99,4077.46,4041.11,4062.04,25552383.0
2026-02-13,4052.94,4068.02,4022.35,4024.89,25703702.0
2026-02-24,4073.24,4134.58,4067.11,4129.65,42402629.0
2026-02-25,4131.61,4226.25,4128.04,4157.54,58727533.0
2026-02-26,4165.81,4189.96,4154.34,4179.42,32373961.0
2026-02-27,4169.01,4229.0,4164.95,4228.85,36183104.0
2026-03-02,4183.98,4230.07,4167.14,4220.04,42486515.0
2026-03-03,4218.59,4234.99,4099.98,4106.7,44299490.0
2026-03-04,4075.56,4133.96,4064.84,4080.46,35627294.0
2026-03-05,4127.05,4162.02,4110.47,4135.73,38733077.0
2026-03-06,4123.1,4209.69,4118.68,4205.69,51825674.0
2026-03-09,4175.27,4188.87,4131.44,4169.15,65644269.0
2026-03-10,4199.82,4269.38,4181.9,4239.36,64812028.0
2026-03-11,4247.1,4340.28,4222.89,4331.62,70728063.0
2026-03-12,4339.18,4373.5,4296.4,4365.78,99126656.0
2026-03-13,4380.64,4461.73,4355.76,4406.18,98897262.0
2026-03-16,4399.35,4403.81,4265.52,4282.28,88256829.0
2026-03-17,4282.03,4320.05,4215.01,4217.0,60812300.0
2026-03-18,4222.28,4235.03,4160.37,4212.35,56413499.0
2026-03-19,4163.86,4197.73,4112.64,4128.72,48230492.0
2026-03-20,4135.74,4167.11,4065.18,4066.96,50000187.0
2026-03-23,3997.96,4035.98,3892.44,3911.45,57516377.0
2026-03-24,3970.81,4025.55,3921.54,4024.41,46354804.0
2026-03-25,4053.59,4140.61,4053.59,4123.97,53398763.0
2026-03-26,4118.56,4118.56,4022.78,4032.09,38372040.0
2026-03-27,3982.92,4040.59,3982.57,4024.91,29729328.0
2026-03-30,3983.19,4055.47,3950.94,4041.28,33807211.0
2026-03-31,4023.54,4056.27,3991.2,3993.42,35546434.0
2026-04-01,4065.12,4082.23,4013.06,4030.47,33725770.0
2026-04-02,4020.05,4028.72,3951.28,3971.82,29784805.0
2026-04-03,3973.83,3977.27,3894.73,3899.9,27152826.0
2026-04-07,3910.6,3939.95,3903.34,3925.88,23580133.0
2026-04-08,3999.96,4066.24,3998.14,4066.24,34822204.0
2026-04-09,4038.89,4050.38,4017.85,4025.71,27164511.0
2026-04-10,4046.46,4066.21,4027.43,4033.41,24819880.0
2026-04-13,4006.83,4012.89,3985.92,4004.72,22851696.0
2026-04-14,4022.44,4028.66,3998.56,4026.62,26057811.0
2026-04-15,4038.56,4063.34,4015.43,4022.84,27551452.0
2026-04-16,4025.01,4055.1,4017.34,4051.16,27302700.0
2026-04-17,4045.76,4059.57,4037.81,4054.72,30001200.0
2026-04-20,4050.72,4065.71,4034.54,4060.01,34302508.0
2026-04-21,4059.1,4080.96,4032.12,4075.0,36236213.0
2026-04-22,4065.42,4070.12,4047.87,4068.18,27373433.0
2026-04-23,4072.37,4088.91,4039.08,4069.75,34468227.0
2026-04-24,4053.51,4055.14,3998.55,4015.41,31251516.0
2026-04-27,3993.75,3995.87,3957.49,3959.72,27756454.0
2026-04-28,3958.74,3975.78,3946.48,3969.02,29952380.0
2026-04-29,3956.55,4008.71,3956.55,4004.97,30374748.0
2026-04-30,3986.56,3988.24,3950.37,3971.44,33983077.0
2026-05-06,3990.98,4014.93,3986.0,4006.42,30917533.0
2026-05-07,4030.06,4110.02,4026.58,4109.04,44785199.0
2026-05-08,4092.12,4116.35,4079.99,4106.63,53356140.0
2026-05-11,4127.85,4165.97,4126.26,4137.75,49753510.0
2026-05-12,4143.99,4155.91,4115.32,4139.72,45509747.0
2026-05-13,4127.76,4187.47,4120.11,4175.83,51774956.0
2026-05-14,4176.75,4180.03,4079.91,4081.77,49582832.0
2026-05-15,4071.51,4089.76,4017.74,4032.62,38685830.0
2026-05-18,4031.91,4038.85,3985.19,4005.12,33569829.0
2026-05-19,3996.67,4035.81,3974.59,4033.6,30695835.0
2026-05-20,4019.87,4020.21,3962.76,3976.71,32165522.0
2026-05-21,3982.54,4001.61,3871.48,3871.59,34246279.0
2026-05-22,3884.5,3894.92,3847.96,3885.54,26288934.0
2026-05-25,3897.72,3912.88,3874.24,3908.99,27417880.0
2026-05-26,3891.57,3891.57,3842.62,3884.34,28581697.0
2026-05-27,3877.67,3878.15,3804.63,3819.63,30170983.0
2026-05-28,3813.31,3843.28,3797.28,3824.32,27517409.0
2026-05-29,3836.63,3876.8,3833.01,3843.28,35978174.0
2026-06-01,3839.36,3869.1,3817.24,3859.46,34187451.0
2026-06-02,3860.23,3867.0,3823.25,3850.33,31972825.0
2026-06-03,3846.02,3853.3,3799.65,3817.99,30327106.0
2026-06-04,3797.63,3816.82,3772.34,3786.56,26530365.0
2026-06-05,3789.68,3827.34,3771.69,3784.44,31427792.0
2026-06-08,3715.83,3744.67,3652.2,3677.3,28843329.0
2026-06-09,3706.09,3715.06,3674.52,3713.01,23335281.0
2026-06-10,3684.98,3712.83,3675.5,3706.67,25975480.0
2026-06-11,3681.03,3707.21,3671.74,3696.96,26168409.0
2026-06-12,3743.68,3766.28,3700.93,3725.17,33270597.0
2026-06-15,3757.01,3805.02,3757.01,3798.48,26998514.0
2026-06-16,3798.21,3801.79,3769.17,3781.73,25347415.0
2026-06-17,3769.15,3909.66,3751.71,3886.84,42718579.0
2026-06-18,3856.25,3860.24,3804.79,3814.47,35053846.0
2026-06-22,3811.1,3865.24,3766.07,3862.0,35423139.0
2026-06-23,3839.72,3856.03,3762.39,3776.31,28682689.0
2026-06-24,3761.44,3799.85,3760.75,3785.08,24605235.0
2026-06-25,3813.39,3818.46,3765.03,3774.18,26203555.0
2026-06-26,3781.69,3800.44,3707.33,3707.33,30513189.0
2026-06-29,3713.17,3758.1,3659.71,3749.21,30087758.0
2026-06-30,3735.65,3735.65,3685.92,3714.81,25121786.0
2026-07-01,3704.3,3788.38,3704.3,3773.72,27920208.0
2026-07-02,3724.39,3760.28,3705.94,3713.62,25173730.0
2026-07-03,3709.7,3772.65,3709.16,3746.75,22574994.0
2026-07-06,3749.91,3753.96,3689.54,3712.22,22045908.0
2026-07-07,3691.87,3692.36,3616.07,3623.85,20469850.0
2026-07-08,3632.14,3639.98,3588.35,3605.47,19199789.0
2026-07-09,3606.43,3628.73,3545.39,3623.87,21523401.0
2026-07-10,3620.96,3700.0,3616.85,3647.06,26187664.0
2026-07-13,3606.09,3635.9,3562.76,3566.03,22428258.0
2026-07-14,3570.9,3608.51,3536.08,3608.49,21968215.0
2026-07-15,3614.51,3630.0,3591.76,3607.42,23002003.0
2026-07-16,3560.22,3586.85,3528.58,3538.94,22287329.0
2026-07-17,3531.46,3548.64,3445.03,3455.65,25629298.0
