date,open,high,low,close,volume
2015-09-18,1581.85,1605.68,1562.55,1593.87,18391087.39
2015-09-21,1577.68,1669.22,1573.17,1669.07,22037926.51
2015-09-22,1680.37,1693.95,1651.28,1673.45,23978319.32
2015-09-23,1645.19,1707.23,1643.97,1675.87,22340561.76
2015-09-24,1692.04,1700.84,1665.2,1694.08,20985471.24
2015-09-25,1684.48,1696.1,1623.25,1639.61,20248311.18
2015-09-28,1645.62,1672.08,1618.79,1671.02,13522715.25
2015-09-29,1642.26,1670.98,1631.67,1642.56,14429051.1
2015-09-30,1661.15,1666.39,1636.08,1649.17,12746199.11
2015-10-08,1706.18,1738.97,1693.86,1724.56,19138208.01
2015-10-09,1727.92,1766.83,1725.24,1757.43,22170017.8
2015-10-12,1769.49,1850.73,1768.61,1817.88,30989136.79
2015-10-13,1806.04,1867.77,1798.94,1865.89,28942030.12
2015-10-14,1858.25,1885.72,1839.12,1853.06,30381962.98
2015-10-15,1846.16,1902.99,1846.16,1902.99,27751301.06
2015-10-16,1919.09,1934.36,1892.06,1927.38,30001803.85
2015-10-19,1942.51,1957.94,1920.8,1948.1,33881180.31
2015-10-20,1947.85,1962.74,1922.35,1962.74,26912514.78
2015-10-21,1960.98,1967.51,1821.43,1832.14,33331924.39
2015-10-22,1831.78,1898.79,1815.99,1895.77,28292607.97
2015-10-23,1917.63,1954.18,1901.83,1944.33,31329816.22
2015-10-26,1974.44,1991.31,1945.85,1987.13,33903257.84
2015-10-27,1966.73,2001.52,1899.13,1990.56,30994162.2
2015-10-28,1979.25,2019.09,1948.29,1955.65,28082840.98
2015-10-29,1975.27,1989.07,1932.83,1964.37,23197634.25
2015-10-30,1955.28,1990.9,1924.71,1955.39,23333530.72
2015-11-02,1911.47,1962.18,1893.37,1897.67,22107021.36
2015-11-03,1905.76,1917.48,1876.54,1894.03,17868557.19
2015-11-04,1902.28,1991.81,1898.45,1991.81,25672661.39
2015-11-05,1991.19,2017.99,1980.93,1992.46,34875299.21
2015-11-06,1991.67,2036.33,1991.67,2033.82,28218106.41
2015-11-09,2019.2,2081.13,2000.82,2064.34,33148574.64
2015-11-10,2055.64,2105.1,2044.91,2082.36,34053152.69
2015-11-11,2088.31,2117.15,2080.69,2117.06,31016340.82
2015-11-12,2128.01,2174.08,2103.74,2154.98,37619316.52
2015-11-13,2135.39,2197.86,2098.34,2149.25,38621045.24
2015-11-16,2101.95,2178.72,2101.95,2178.36,28463608.4
2015-11-17,2202.27,2214.37,2135.87,2139.76,34693115.54
2015-11-18,2145.28,2155.59,2074.34,2081.38,26296086.79
2015-11-19,2091.24,2148.76,2081.02,2148.38,23844176.07
2015-11-20,2148.95,2177.16,2135.93,2160.15,29131362.93
2015-11-23,2155.06,2170.13,2113.32,2121.62,25697968.71
2015-11-24,2124.94,2137.87,2097.73,2137.83,18230582.5
2015-11-25,2141.2,2176.63,2137.68,2175.53,22673671.98
2015-11-26,2185.74,2190.29,2148.87,2150.81,24981562.6
2015-11-27,2140.77,2153.79,1995.58,2011.97,28970408.07
2015-11-30,2020.78,2052.69,1930.15,2050.24,26071199.53
2015-12-01,2048.98,2059.95,2013.73,2038.56,20824489.13
2015-12-02,2034.13,2041.14,1971.69,2030.68,18644784.27
2015-12-03,2033.4,2077.38,2033.16,2077.35,17447848.32
2015-12-04,2068.49,2080.42,2038.85,2054.08,17807491.57
2015-12-07,2061.12,2094.34,2059.74,2087.9,17070131.23
2015-12-08,2086.26,2086.26,2040.06,2040.06,18027109.86
2015-12-09,2042.55,2071.54,2038.55,2066.64,22222278.46
2015-12-10,2067.68,2076.87,2047.03,2051.17,20132590.61
2015-12-11,2041.87,2045.23,2019.32,2021.18,15215807.46
2015-12-14,2002.65,2062.06,1998.32,2062.06,17241581.07
2015-12-15,2063.01,2091.72,2063.01,2081.64,17090318.45
2015-12-16,2089.11,2103.41,2081.13,2089.73,18640125.79
2015-12-17,2113.57,2151.4,2113.57,2151.0,28933078.0
2015-12-18,2151.12,2154.13,2125.72,2139.61,25481451.3
2015-12-21,2140.12,2160.35,2137.1,2152.86,21453966.78
2015-12-22,2162.88,2176.81,2143.91,2176.63,21186372.28
2015-12-23,2176.01,2182.45,2145.76,2152.81,23159184.43
2015-12-24,2148.05,2155.54,2112.75,2142.38,18768574.63
2015-12-25,2144.93,2158.0,2136.62,2152.06,16104739.64
2015-12-28,2155.81,2165.27,2101.66,2101.68,21749330.93
2015-12-29,2100.36,2127.22,2083.48,2127.06,18239183.53
2015-12-30,2137.17,2147.97,2117.77,2147.97,19048673.64
2015-12-31,2150.53,2165.72,2124.13,2124.74,18602094.23
2016-01-04,2120.86,2123.09,1933.64,1933.64,17024543.76
2016-01-05,1835.68,1949.89,1832.4,1908.94,25329319.34
2016-01-06,1914.21,1953.05,1897.6,1952.19,20922988.47
2016-01-07,1909.9,1909.9,1769.24,1771.74,5496626.34
2016-01-08,1821.87,1837.07,1698.43,1797.78,21362831.97
2016-01-11,1755.07,1788.19,1661.91,1661.92,19560461.93
2016-01-12,1668.25,1696.38,1630.84,1680.67,18180416.05
2016-01-13,1688.58,1703.22,1617.28,1617.43,14566460.47
2016-01-14,1558.75,1688.11,1558.75,1683.23,18609492.2
2016-01-15,1670.45,1688.58,1611.57,1624.82,19042141.94
2016-01-18,1586.09,1673.28,1586.09,1650.32,14927170.51
2016-01-19,1647.34,1720.84,1645.36,1719.76,18535230.08
2016-01-20,1707.92,1738.48,1696.18,1708.56,19337433.57
2016-01-21,1676.45,1722.28,1618.66,1618.93,17086929.9
2016-01-22,1641.09,1655.86,1590.8,1642.23,13494406.97
2016-01-25,1662.09,1677.27,1638.2,1657.02,12142883.69
2016-01-26,1634.2,1637.02,1512.79,1514.83,16564120.13
2016-01-27,1520.69,1526.49,1409.54,1487.81,17493741.34
2016-01-28,1469.42,1487.92,1408.57,1410.62,12998140.08
2016-01-29,1410.92,1491.84,1410.92,1478.84,14194146.46
2016-02-01,1481.58,1493.66,1437.31,1463.19,13241804.65
2016-02-02,1465.38,1528.94,1465.38,1520.06,13667128.82
2016-02-03,1499.79,1538.39,1488.36,1531.94,12687665.0
2016-02-04,1540.07,1573.3,1540.07,1565.31,14017676.41
2016-02-05,1573.9,1576.73,1537.46,1537.73,10768726.48
2016-02-15,1480.98,1545.89,1480.98,1534.3,9457063.52
2016-02-16,1544.48,1605.48,1544.48,1598.41,15198689.4
2016-02-17,1597.31,1626.46,1593.63,1622.2,17661703.06
2016-02-18,1633.47,1639.97,1613.22,1616.98,18003599.5
2016-02-19,1614.41,1635.22,1608.32,1626.25,14004341.87
2016-02-22,1649.59,1671.07,1637.92,1662.95,18788588.88
2016-02-23,1662.71,1669.83,1625.94,1648.05,17256311.23
2016-02-24,1638.82,1663.22,1619.62,1663.22,17353575.65
2016-02-25,1671.52,1671.64,1516.95,1525.31,24230587.27
2016-02-26,1542.51,1552.41,1494.66,1532.72,15771092.86
2016-02-29,1527.94,1527.94,1420.62,1444.52,16380169.53
2016-03-01,1451.36,1487.64,1420.92,1477.92,13990051.52
2016-03-02,1476.82,1559.83,1475.39,1555.57,18770498.25
2016-03-03,1554.06,1584.21,1550.41,1561.55,19706420.72
2016-03-04,1553.79,1565.91,1488.51,1514.3,19020780.41
2016-03-07,1531.7,1560.2,1526.29,1544.34,14618009.47
2016-03-08,1543.85,1552.02,1479.21,1552.02,16878590.9
2016-03-09,1512.88,1532.57,1499.64,1510.02,12366427.6
2016-03-10,1511.59,1522.56,1479.77,1481.96,9977642.46
2016-03-11,1467.82,1488.29,1458.69,1478.28,8534003.22
2016-03-14,1499.87,1551.0,1499.87,1534.67,15082935.84
2016-03-15,1532.75,1555.47,1525.55,1535.62,14091510.09
2016-03-16,1542.59,1547.35,1507.34,1517.47,12436835.8
2016-03-17,1526.27,1583.43,1526.27,1581.16,19276929.96
2016-03-18,1592.5,1649.04,1592.5,1642.83,28036475.87
2016-03-21,1665.86,1679.25,1654.3,1679.25,26636740.6
2016-03-22,1664.84,1698.55,1654.75,1681.94,24221671.12
2016-03-23,1672.6,1693.36,1665.16,1693.21,20701736.0
2016-03-24,1679.3,1714.52,1668.7,1677.49,24673492.68
2016-03-25,1670.48,1688.98,1660.91,1687.22,16837323.78
2016-03-28,1700.4,1723.16,1682.71,1687.89,19703844.14
2016-03-29,1685.5,1691.73,1640.49,1655.33,17532888.87
2016-03-30,1672.84,1725.19,1672.14,1725.0,20147470.58
2016-03-31,1737.8,1744.74,1718.14,1724.69,21425096.6
2016-04-01,1720.92,1729.39,1683.65,1717.96,17567108.29
2016-04-05,1730.67,1779.75,1726.52,1772.52,24117772.3
2016-04-06,1766.8,1788.57,1760.27,1785.84,23467583.3
2016-04-07,1791.38,1802.19,1764.31,1766.77,25310731.83
2016-04-08,1747.75,1763.85,1723.78,1749.21,20313229.9
2016-04-11,1764.74,1793.72,1764.74,1779.04,19427957.72
2016-04-12,1775.74,1775.74,1736.2,1757.46,16857604.85
2016-04-13,1769.04,1802.7,1769.04,1777.6,24127260.31
2016-04-14,1786.59,1791.3,1769.24,1789.41,15281054.79
2016-04-15,1789.66,1792.45,1769.66,1780.65,13509107.2
2016-04-18,1768.8,1768.8,1743.3,1759.47,15103443.91
2016-04-19,1766.19,1774.66,1758.15,1766.69,13566422.39
2016-04-20,1772.26,1773.24,1652.39,1684.48,23111051.05
2016-04-21,1676.93,1700.16,1655.38,1657.83,14498422.89
2016-04-22,1646.89,1681.36,1642.06,1681.36,11546959.33
2016-04-25,1680.1,1680.29,1649.64,1670.1,10158710.59
2016-04-26,1669.3,1700.24,1669.3,1700.0,10823423.35
2016-04-27,1706.01,1724.74,1697.41,1700.94,13211447.59
2016-04-28,1701.24,1704.63,1662.76,1695.91,14738483.85
2016-04-29,1690.25,1705.38,1686.87,1695.11,11916707.49
2016-05-03,1695.35,1747.44,1688.9,1747.44,15995540.69
2016-05-04,1741.8,1758.77,1738.17,1743.52,16777009.36
2016-05-05,1740.15,1760.14,1737.0,1758.75,15218236.65
2016-05-06,1755.9,1762.77,1681.58,1681.58,21698812.18
2016-05-09,1665.02,1665.27,1615.54,1623.7,17203257.09
2016-05-10,1617.08,1627.21,1602.56,1612.27,12413270.86
2016-05-11,1624.63,1628.95,1598.09,1598.49,11489077.43
2016-05-12,1578.63,1623.09,1556.31,1623.09,14059625.81
2016-05-13,1616.04,1650.46,1612.01,1628.94,14418878.4
2016-05-16,1622.7,1671.35,1617.73,1671.35,15804775.53
2016-05-17,1671.15,1677.31,1656.18,1656.41,17787507.55
2016-05-18,1638.92,1639.26,1578.55,1604.62,15607558.77
2016-05-19,1603.87,1640.54,1603.32,1624.18,14408085.25
2016-05-20,1610.01,1635.23,1604.03,1633.47,14757017.95
2016-05-23,1639.88,1663.16,1639.65,1663.16,15357557.41
2016-05-24,1659.11,1659.7,1636.13,1650.14,14751938.38
2016-05-25,1660.85,1665.63,1627.45,1634.88,13360557.11
2016-05-26,1630.72,1640.14,1593.85,1639.5,13661228.83
2016-05-27,1633.18,1641.37,1618.21,1624.44,13432356.84
2016-05-30,1612.99,1630.58,1601.2,1614.29,10636250.45
2016-05-31,1618.24,1684.19,1618.24,1684.17,21336404.3
2016-06-01,1687.92,1721.78,1686.46,1704.34,25223842.93
2016-06-02,1702.94,1720.61,1698.97,1715.75,19879900.68
2016-06-03,1716.59,1729.9,1713.13,1721.48,20221147.77
2016-06-06,1725.32,1736.39,1718.37,1735.66,18537942.83
2016-06-07,1734.61,1747.46,1725.43,1741.25,20624371.1
2016-06-08,1738.91,1765.3,1719.14,1748.94,21660056.13
2016-06-13,1725.36,1741.72,1665.43,1665.47,23408161.3
2016-06-14,1657.8,1678.73,1654.05,1673.78,16115875.68
2016-06-15,1657.35,1760.57,1655.08,1752.45,26507197.03
2016-06-16,1752.74,1800.78,1751.35,1772.49,31303410.95
2016-06-17,1774.0,1781.79,1746.6,1763.1,23316164.97
2016-06-20,1765.21,1773.01,1751.62,1770.16,18599774.34
2016-06-21,1785.17,1790.25,1735.16,1746.94,22441268.05
2016-06-22,1746.3,1774.7,1740.32,1774.43,18268602.17
2016-06-23,1768.81,1769.67,1744.5,1756.41,18049487.48
2016-06-24,1752.18,1767.92,1681.32,1731.73,23019027.02
2016-06-27,1719.15,1770.64,1719.15,1770.63,18581433.14
2016-06-28,1761.26,1775.18,1748.13,1772.37,19007845.07
2016-06-29,1779.74,1794.3,1776.88,1784.21,23051099.72
2016-06-30,1783.77,1788.7,1764.54,1776.25,19632204.44
2016-07-01,1776.27,1783.06,1763.31,1767.04,16045969.3
2016-07-04,1756.41,1801.43,1754.27,1796.11,19904016.52
2016-07-05,1798.2,1822.58,1793.63,1816.25,25788357.24
2016-07-06,1808.69,1816.19,1800.99,1814.21,22903455.24
2016-07-07,1812.33,1835.96,1800.13,1830.69,26361463.47
2016-07-08,1829.06,1834.17,1817.71,1817.89,20783803.86
2016-07-11,1822.42,1834.35,1810.4,1812.6,19989320.07
2016-07-12,1812.17,1822.87,1781.64,1822.72,21653955.49
2016-07-13,1831.81,1843.31,1823.25,1838.47,21220725.64
2016-07-14,1837.04,1848.95,1827.02,1845.2,17482122.68
2016-07-15,1851.71,1864.2,1837.4,1856.62,20725113.36
2016-07-18,1851.32,1857.16,1839.06,1844.56,19103861.18
2016-07-19,1842.12,1850.33,1830.34,1850.19,16751341.78
2016-07-20,1848.55,1858.39,1840.66,1840.84,14937908.23
2016-07-21,1838.97,1858.08,1833.74,1846.08,18305069.29
2016-07-22,1844.97,1846.29,1827.51,1831.53,17962451.76
2016-07-25,1825.32,1837.48,1816.84,1823.55,16535701.67
2016-07-26,1823.7,1840.83,1823.09,1840.61,14893087.65
2016-07-27,1843.63,1845.27,1736.21,1763.94,25099005.97
2016-07-28,1757.49,1772.97,1734.29,1765.3,16947204.09
2016-07-29,1763.18,1769.05,1743.9,1746.82,14285884.83
2016-08-01,1737.35,1737.35,1696.96,1715.87,15061966.97
2016-08-02,1713.19,1736.12,1713.19,1735.91,11855165.43
2016-08-03,1732.39,1743.32,1729.27,1737.67,11967321.4
2016-08-04,1736.04,1756.55,1726.86,1752.7,13580201.88
2016-08-05,1748.86,1756.07,1739.99,1740.49,11327528.66
2016-08-08,1737.53,1759.71,1723.06,1759.47,11427144.72
2016-08-09,1758.71,1775.7,1757.93,1775.41,14686248.02
2016-08-10,1774.86,1783.12,1771.07,1771.62,15359031.59
2016-08-11,1768.67,1771.87,1743.16,1743.45,14008522.54
2016-08-12,1739.77,1760.84,1737.7,1760.01,12090775.71
2016-08-15,1764.59,1802.59,1756.27,1798.25,21834443.51
2016-08-16,1801.6,1818.87,1801.6,1812.69,23173946.68
2016-08-17,1811.14,1821.66,1800.2,1817.46,18308955.48
2016-08-18,1820.84,1830.35,1813.21,1819.35,20683625.81
2016-08-19,1817.61,1836.59,1814.32,1831.42,18196306.33
2016-08-22,1829.53,1830.61,1805.57,1805.81,15219848.22
2016-08-23,1802.25,1810.5,1790.06,1803.85,14274522.48
2016-08-24,1804.98,1811.62,1798.69,1804.8,12111551.42
2016-08-25,1795.11,1795.11,1769.77,1787.14,13244558.09
2016-08-26,1793.51,1805.92,1787.7,1791.11,12678787.33
2016-08-29,1791.31,1800.08,1787.74,1793.25,11186119.27
2016-08-30,1795.34,1802.88,1790.97,1794.17,10218275.85
2016-08-31,1792.9,1799.65,1786.3,1797.16,11162828.2
2016-09-01,1796.02,1801.4,1788.25,1788.31,12826361.68
2016-09-02,1784.85,1792.51,1773.12,1782.19,12870698.41
2016-09-05,1784.17,1793.8,1780.23,1784.01,11088309.74
2016-09-06,1785.05,1823.05,1777.62,1823.05,17963908.15
2016-09-07,1824.24,1831.06,1812.97,1815.31,17677979.24
2016-09-08,1814.1,1821.26,1810.27,1820.19,12421320.56
2016-09-09,1820.46,1826.1,1805.9,1805.9,13272580.79
2016-09-12,1772.99,1777.68,1748.17,1752.29,16128420.66
2016-09-13,1761.12,1766.36,1749.38,1760.25,10695707.47
2016-09-14,1753.81,1763.13,1745.47,1751.76,10938193.34
2016-09-19,1757.48,1776.0,1757.48,1767.77,11203533.71
2016-09-20,1768.72,1769.0,1752.38,1759.67,9430112.03
2016-09-21,1759.1,1767.66,1757.86,1759.71,8467855.99
2016-09-22,1770.01,1772.77,1762.08,1766.34,10337258.75
2016-09-23,1767.93,1769.91,1751.23,1751.88,10178174.45
2016-09-26,1749.16,1749.16,1708.56,1709.74,12455122.47
2016-09-27,1706.91,1718.55,1697.27,1718.48,9842180.1
2016-09-28,1722.55,1724.06,1714.6,1716.21,9501020.53
2016-09-29,1717.22,1722.14,1711.84,1712.67,8344970.43
2016-09-30,1710.94,1723.07,1710.85,1719.52,7564806.22
2016-10-10,1727.36,1754.23,1727.36,1754.23,10552876.25
2016-10-11,1757.17,1763.02,1755.82,1760.84,10693588.09
2016-10-12,1757.1,1762.48,1753.34,1762.04,12416258.33
2016-10-13,1762.21,1767.08,1760.12,1761.65,12517288.41
2016-10-14,1763.73,1763.73,1748.59,1760.93,13836093.02
2016-10-17,1765.09,1769.74,1748.29,1753.53,13955048.25
2016-10-18,1751.25,1788.27,1751.25,1788.27,16706394.86
2016-10-19,1790.35,1790.7,1777.62,1782.1,15175485.61
2016-10-20,1782.78,1791.72,1781.87,1783.75,14990595.02
2016-10-21,1784.97,1785.79,1763.78,1774.78,15321084.85
2016-10-24,1776.16,1791.75,1772.09,1786.69,15617785.71
2016-10-25,1786.7,1789.98,1782.35,1787.05,13361242.54
2016-10-26,1785.93,1785.93,1770.96,1776.01,12285510.63
2016-10-27,1777.5,1780.16,1770.3,1776.15,11330517.83
2016-10-28,1774.88,1779.44,1761.4,1761.47,11231083.17
2016-10-31,1757.14,1760.79,1746.44,1755.94,11047164.42
2016-11-01,1757.06,1769.24,1756.19,1769.16,9794665.5
2016-11-02,1766.11,1769.24,1754.21,1755.24,11269015.69
2016-11-03,1752.25,1772.88,1749.85,1764.48,13984279.69
2016-11-04,1762.82,1769.71,1754.59,1756.97,11469608.75
2016-11-07,1758.73,1764.91,1754.71,1759.21,9900158.41
2016-11-08,1766.69,1772.41,1763.0,1765.26,10477415.32
2016-11-09,1766.25,1766.83,1727.39,1746.35,13353432.87
2016-11-10,1759.43,1765.9,1757.6,1762.65,12512563.6
2016-11-11,1763.62,1775.35,1759.03,1774.92,18103410.52
2016-11-14,1770.08,1779.27,1768.86,1777.44,16106086.64
2016-11-15,1778.0,1783.71,1771.53,1783.45,12386492.79
2016-11-16,1785.76,1791.76,1783.82,1787.9,15721779.04
2016-11-17,1785.32,1790.9,1775.75,1789.86,14666821.85
2016-11-18,1791.73,1793.61,1778.71,1781.11,14835653.27
2016-11-21,1780.98,1791.5,1779.61,1785.28,14664646.0
2016-11-22,1785.36,1795.5,1784.41,1795.41,14589003.93
2016-11-23,1798.12,1802.54,1785.74,1789.07,15797035.27
2016-11-24,1788.28,1790.4,1778.08,1781.63,13800582.2
2016-11-25,1781.76,1789.09,1759.35,1788.98,13201294.51
2016-11-28,1794.74,1799.39,1789.54,1792.28,13436424.53
2016-11-29,1792.57,1805.38,1790.25,1794.77,18490893.36
2016-11-30,1795.02,1797.37,1788.47,1793.47,14571785.47
2016-12-01,1797.62,1806.07,1797.49,1803.63,14326091.4
2016-12-02,1806.99,1810.29,1783.55,1783.58,14152884.26
2016-12-05,1768.37,1785.84,1764.68,1774.7,14309957.53
2016-12-06,1776.44,1786.78,1772.67,1781.72,13079695.79
2016-12-07,1778.56,1797.67,1776.54,1797.63,13184501.39
2016-12-08,1801.08,1803.68,1790.95,1791.95,12968207.83
2016-12-09,1790.86,1794.79,1781.85,1785.46,12205715.85
2016-12-12,1785.72,1787.84,1712.96,1714.48,17549859.64
2016-12-13,1712.47,1723.19,1697.0,1716.56,12173523.26
2016-12-14,1713.28,1719.74,1694.19,1700.31,12013661.77
2016-12-15,1695.29,1723.99,1694.04,1714.08,11147904.93
2016-12-16,1714.95,1730.38,1713.21,1726.99,10458091.25
2016-12-19,1728.78,1729.34,1718.63,1723.82,9637065.54
2016-12-20,1724.82,1727.45,1715.57,1721.85,9922474.59
2016-12-21,1724.38,1730.23,1723.48,1729.62,9985777.73
2016-12-22,1731.57,1740.08,1729.36,1738.11,11149157.03
2016-12-23,1736.36,1737.17,1716.1,1717.17,10416245.11
2016-12-26,1709.88,1718.58,1688.87,1718.09,9971588.21
2016-12-27,1716.18,1722.1,1712.41,1713.32,8464820.58
2016-12-28,1713.3,1716.89,1708.67,1712.9,8204784.34
2016-12-29,1710.2,1714.51,1701.01,1701.01,7371987.51
2016-12-30,1702.83,1708.03,1699.67,1705.77,8092063.94
2017-01-03,1707.49,1718.65,1707.49,1717.16,7707652.2
2017-01-04,1718.0,1748.25,1716.58,1748.04,12300231.25
2017-01-05,1744.59,1747.48,1740.73,1743.0,12108672.95
2017-01-06,1742.2,1743.11,1729.68,1729.68,10660299.25
2017-01-09,1727.07,1746.26,1727.07,1746.0,11988795.56
2017-01-10,1744.42,1745.7,1737.14,1738.11,10028725.21
2017-01-11,1737.45,1742.08,1724.67,1727.4,9577108.88
2017-01-12,1726.49,1730.02,1714.07,1714.95,8292644.97
2017-01-13,1714.87,1718.0,1695.21,1696.68,9190876.65
2017-01-16,1694.91,1695.18,1614.56,1656.84,13892201.01
2017-01-17,1648.77,1666.08,1634.6,1664.44,8161434.62
2017-01-18,1662.35,1666.53,1655.29,1655.9,6457958.86
2017-01-19,1652.34,1659.59,1647.31,1650.8,6050178.57
2017-01-20,1648.96,1670.1,1648.96,1666.62,6508616.15
2017-01-23,1668.32,1683.1,1668.32,1678.18,6718474.15
2017-01-24,1676.32,1678.28,1671.08,1671.73,5188460.78
2017-01-25,1671.56,1682.44,1669.05,1681.89,6036804.86
2017-01-26,1682.66,1690.76,1682.31,1690.45,6422143.83
2017-02-03,1692.54,1693.66,1683.72,1686.85,5143528.0
2017-02-06,1687.02,1699.01,1685.71,1698.02,6540196.85
2017-02-07,1697.15,1699.06,1685.52,1693.31,6786041.09
2017-02-08,1691.48,1701.96,1682.42,1701.8,7418438.38
2017-02-09,1700.78,1716.65,1699.6,1712.95,10924341.08
2017-02-10,1712.87,1719.54,1710.27,1714.98,13112333.87
2017-02-13,1714.42,1726.05,1714.42,1725.57,11864221.07
2017-02-14,1726.0,1728.81,1721.39,1728.63,9790119.56
2017-02-15,1727.17,1732.53,1708.11,1711.61,12017551.88
2017-02-16,1710.49,1729.54,1708.02,1724.22,12663380.27
2017-02-17,1722.87,1725.02,1711.31,1715.48,13988748.44
2017-02-20,1718.44,1735.52,1717.79,1735.27,15055211.75
2017-02-21,1737.77,1750.3,1736.14,1750.22,13801993.99
2017-02-22,1750.3,1756.02,1744.84,1754.54,13303797.24
2017-02-23,1753.76,1766.71,1751.45,1763.85,18668574.41
2017-02-24,1763.51,1766.78,1757.28,1765.73,14990709.15
2017-02-27,1771.19,1773.22,1751.37,1752.5,15229142.11
2017-02-28,1752.05,1763.52,1749.86,1763.34,13066116.57
2017-03-01,1763.1,1772.36,1760.0,1768.23,15199717.06
2017-03-02,1772.03,1778.1,1767.35,1768.36,14663881.8
2017-03-03,1764.74,1791.23,1762.57,1788.34,16725524.07
2017-03-06,1789.68,1803.34,1788.26,1803.34,16612189.29
2017-03-07,1802.14,1810.24,1797.32,1802.32,13328821.51
2017-03-08,1801.36,1802.47,1791.79,1795.17,11740935.32
2017-03-09,1792.99,1792.99,1776.0,1783.99,13577487.68
2017-03-10,1782.64,1803.9,1782.08,1794.01,14291727.29
2017-03-13,1792.34,1812.56,1785.5,1812.56,15678834.49
2017-03-14,1809.15,1817.13,1801.09,1805.18,13795114.42
2017-03-15,1802.84,1807.87,1798.91,1804.23,11194523.45
2017-03-16,1808.42,1823.82,1808.42,1823.68,14638289.68
2017-03-17,1823.83,1827.1,1807.18,1807.98,14681567.7
2017-03-20,1809.46,1816.17,1802.32,1815.96,14796160.8
2017-03-21,1814.27,1816.1,1808.3,1815.55,11944585.51
2017-03-22,1808.12,1820.26,1804.02,1817.86,14342069.11
2017-03-23,1816.68,1825.25,1802.42,1820.48,15771744.13
2017-03-24,1822.12,1826.26,1813.9,1820.94,16334535.44
2017-03-27,1820.24,1825.67,1814.22,1819.68,13553954.49
2017-03-28,1816.98,1826.05,1811.84,1815.0,16521790.09
2017-03-29,1815.7,1826.42,1806.72,1810.57,15934355.19
2017-03-30,1807.5,1808.06,1771.58,1779.03,15731879.19
2017-03-31,1779.66,1795.13,1779.57,1792.48,13653444.7
2017-04-05,1800.38,1839.34,1800.38,1839.34,19776143.99
2017-04-06,1841.51,1845.63,1835.74,1843.92,17690902.5
2017-04-07,1843.07,1847.68,1838.57,1840.99,16098441.07
2017-04-10,1836.47,1836.97,1822.43,1825.26,16694355.76
2017-04-11,1821.51,1842.09,1805.15,1837.05,20889375.38
2017-04-12,1828.84,1834.66,1819.36,1822.24,17177214.47
2017-04-13,1819.18,1838.19,1818.93,1836.55,16029347.23
2017-04-14,1833.5,1835.3,1804.15,1806.71,13286900.85
2017-04-17,1796.35,1807.02,1782.96,1795.4,11610626.5
2017-04-18,1797.44,1801.01,1779.27,1780.06,10704546.98
2017-04-19,1771.21,1775.18,1741.45,1762.02,13975662.68
2017-04-20,1761.37,1768.87,1743.68,1754.84,11262157.51
2017-04-21,1754.13,1763.48,1740.99,1744.14,10975923.75
2017-04-24,1736.36,1736.71,1692.38,1692.43,12795243.72
2017-04-25,1690.04,1706.39,1688.09,1693.83,10373278.3
2017-04-26,1693.87,1708.13,1693.72,1698.72,12243344.26
2017-04-27,1696.22,1714.18,1669.46,1710.68,16030845.68
2017-04-28,1705.15,1716.35,1702.66,1711.12,10901044.93
2017-05-02,1707.34,1719.46,1704.38,1709.79,9144045.32
2017-05-03,1707.38,1714.69,1699.88,1705.36,10609426.1
2017-05-04,1702.01,1709.27,1691.09,1696.68,10725602.37
2017-05-05,1691.85,1694.37,1678.97,1679.24,10342470.1
2017-05-08,1675.63,1683.24,1650.55,1651.4,12022650.95
2017-05-09,1640.75,1652.39,1626.03,1649.93,10078324.44
2017-05-10,1649.45,1655.55,1607.22,1607.22,13144079.54
2017-05-11,1597.9,1603.0,1563.96,1602.33,15523940.07
2017-05-12,1599.57,1607.32,1590.34,1599.41,9314611.34
2017-05-15,1604.72,1612.93,1601.96,1602.73,9632767.1
2017-05-16,1601.58,1636.81,1584.78,1636.81,13506470.1
2017-05-17,1635.44,1649.37,1633.32,1638.1,12521763.47
2017-05-18,1624.56,1635.01,1618.04,1618.93,9619901.32
2017-05-19,1621.99,1627.01,1604.79,1614.53,9720837.72
2017-05-22,1605.64,1611.06,1584.03,1590.69,11934708.7
2017-05-23,1587.19,1594.47,1560.14,1564.74,11712687.69
2017-05-24,1556.13,1573.49,1538.17,1573.33,9801903.75
2017-05-25,1573.57,1586.87,1558.19,1583.76,11523428.02
2017-05-26,1584.96,1595.82,1582.07,1583.94,10524450.21
2017-05-31,1597.71,1603.43,1583.38,1584.59,10526811.46
2017-06-01,1583.31,1585.66,1558.92,1559.49,12211816.9
2017-06-02,1553.91,1572.35,1540.71,1570.78,11161388.89
2017-06-05,1571.58,1585.43,1570.68,1582.0,9127388.19
2017-06-06,1582.13,1585.04,1577.19,1583.6,8825080.72
2017-06-07,1584.34,1611.75,1583.99,1611.53,12493859.3
2017-06-08,1613.63,1618.87,1606.73,1611.33,12888750.58
2017-06-09,1613.1,1627.19,1610.91,1626.2,12693142.71
2017-06-12,1621.37,1621.51,1606.44,1608.8,10950772.05
2017-06-13,1605.41,1643.72,1605.2,1639.69,13194021.31
2017-06-14,1637.0,1653.56,1633.82,1638.42,13947262.71
2017-06-15,1636.21,1649.71,1636.21,1647.63,13018329.9
2017-06-16,1647.49,1652.26,1642.28,1648.81,12202000.33
2017-06-19,1649.6,1655.89,1648.28,1653.48,9257726.74
2017-06-20,1659.47,1675.83,1658.0,1668.28,14303886.62
2017-06-21,1671.64,1676.67,1660.68,1674.0,12100075.33
2017-06-22,1672.3,1682.1,1651.05,1651.2,13329148.94
2017-06-23,1650.03,1659.59,1631.77,1659.59,12797628.5
2017-06-26,1660.78,1690.31,1660.69,1690.31,13783158.46
2017-06-27,1688.82,1695.97,1681.22,1686.35,11508673.51
2017-06-28,1681.76,1682.68,1672.35,1678.39,11135528.66
2017-06-29,1679.05,1685.3,1676.34,1677.73,8871805.42
2017-06-30,1672.98,1688.59,1668.17,1687.98,12120393.86
2017-07-03,1687.81,1697.04,1681.19,1696.84,13378552.0
2017-07-04,1696.04,1708.33,1695.79,1700.41,13806178.3
2017-07-05,1698.1,1718.26,1694.93,1716.88,14850047.97
2017-07-06,1715.71,1746.4,1713.99,1733.93,20564710.86
2017-07-07,1729.06,1748.86,1724.96,1745.09,17436016.92
2017-07-10,1742.5,1746.12,1728.47,1733.21,17217459.55
2017-07-11,1729.88,1732.25,1709.59,1710.12,14081188.33
2017-07-12,1711.31,1721.67,1695.45,1721.47,15092500.6
2017-07-13,1716.22,1726.16,1708.89,1714.99,15049930.29
2017-07-14,1714.0,1731.52,1707.38,1726.4,14241563.43
2017-07-17,1720.25,1720.39,1653.53,1668.64,20655923.31
2017-07-18,1660.52,1681.34,1653.21,1681.11,12460863.21
2017-07-19,1678.31,1713.88,1674.42,1713.21,17713599.78
2017-07-20,1714.53,1751.18,1713.35,1736.54,19001490.98
2017-07-21,1732.25,1754.37,1730.21,1749.79,16053318.07
2017-07-24,1747.37,1752.34,1736.19,1743.98,15495901.28
2017-07-25,1740.11,1750.55,1721.28,1739.6,18488576.68
2017-07-26,1739.35,1741.75,1722.23,1741.2,18741879.37
2017-07-27,1735.21,1745.54,1718.81,1742.3,17787022.11
2017-07-28,1737.75,1775.26,1735.79,1768.22,19123976.71
2017-07-31,1769.2,1791.53,1768.82,1788.95,22734806.19
2017-08-01,1787.08,1802.01,1779.67,1793.98,19705123.37
2017-08-02,1798.42,1813.87,1786.0,1793.66,23531919.48
2017-08-03,1788.08,1799.33,1782.74,1791.31,19161255.86
2017-08-04,1787.26,1790.71,1760.23,1760.41,19687086.2
2017-08-07,1757.13,1779.39,1757.13,1779.11,15073905.92
2017-08-08,1778.13,1785.53,1764.13,1768.78,15800827.62
2017-08-09,1765.24,1773.76,1762.95,1773.05,13914955.48
2017-08-10,1770.24,1773.51,1747.6,1759.35,15254191.51
2017-08-11,1748.18,1760.25,1725.87,1730.77,18560776.48
2017-08-14,1735.35,1776.15,1735.35,1776.04,13816104.02
2017-08-15,1777.88,1793.06,1776.04,1786.93,15134535.77
2017-08-16,1785.99,1786.19,1767.05,1779.81,14334936.82
2017-08-17,1782.58,1797.15,1777.16,1794.38,17380070.14
2017-08-18,1782.65,1786.77,1774.89,1783.84,15087952.42
2017-08-21,1784.47,1796.63,1784.47,1796.52,16688618.02
2017-08-22,1794.43,1806.27,1789.17,1799.69,17821331.94
2017-08-23,1796.28,1803.0,1783.6,1786.57,13473641.03
2017-08-24,1788.08,1791.48,1767.73,1771.88,13302893.43
2017-08-25,1771.04,1796.56,1770.7,1791.09,12850350.64
2017-08-28,1792.09,1820.69,1792.09,1814.02,16271657.13
2017-08-29,1814.26,1821.37,1807.2,1810.8,16244604.4
2017-08-30,1808.45,1813.23,1803.95,1811.99,16461390.49
2017-08-31,1813.5,1829.97,1812.55,1829.66,19215533.63
2017-09-01,1828.61,1841.48,1825.28,1839.73,17829105.62
2017-09-04,1839.05,1852.79,1836.09,1850.08,19164215.06
2017-09-05,1849.58,1878.54,1844.46,1878.32,19445877.03
2017-09-06,1874.93,1920.52,1872.04,1902.98,28049446.39
2017-09-07,1903.81,1909.83,1891.5,1893.76,23172442.47
2017-09-08,1892.58,1914.18,1891.16,1902.73,21174162.85
2017-09-11,1920.01,1973.65,1919.86,1973.53,30900953.75
2017-09-12,1982.22,2023.71,1956.29,1963.89,45314865.39
2017-09-13,1958.07,1985.13,1948.86,1984.99,28802880.72
2017-09-14,1987.79,1991.14,1956.18,1965.13,29141102.46
2017-09-15,1961.55,1965.42,1940.49,1956.79,26254069.42
2017-09-18,1957.35,1979.98,1954.11,1979.84,23061012.59
2017-09-19,1977.44,1987.23,1955.15,1966.21,24122365.61
2017-09-20,1963.55,1991.84,1963.23,1987.06,24383655.98
2017-09-21,1984.92,1987.28,1956.01,1956.98,23744108.38
2017-09-22,1949.39,1954.5,1938.87,1945.33,19062097.68
2017-09-25,1941.41,1944.35,1916.44,1919.75,17882199.59
2017-09-26,1914.75,1935.12,1914.75,1935.12,13873457.92
2017-09-27,1938.93,1971.73,1937.54,1969.26,18090323.81
2017-09-28,1963.07,1977.29,1961.6,1968.38,16422461.24
2017-09-29,1970.29,1979.75,1951.41,1964.76,15422112.81
2017-10-09,1991.45,1994.7,1976.98,1983.35,17253403.49
2017-10-10,1980.87,1980.87,1947.41,1961.58,17722116.98
2017-10-11,1956.91,1961.82,1935.77,1953.54,16987625.21
2017-10-12,1951.38,1954.46,1930.58,1940.22,12879095.12
2017-10-13,1943.37,1956.55,1943.37,1952.8,12128762.76
2017-10-16,1954.32,1955.6,1930.83,1933.5,14983656.32
2017-10-17,1929.91,1941.43,1925.58,1930.66,12005729.48
2017-10-18,1932.45,1940.31,1917.29,1922.82,12447793.88
2017-10-19,1921.98,1923.66,1903.94,1909.79,13371158.52
2017-10-20,1904.92,1940.7,1904.2,1940.7,10957388.93
2017-10-23,1937.32,1941.82,1932.05,1938.37,9555791.05
2017-10-24,1936.48,1940.69,1926.95,1940.42,11352577.12
2017-10-25,1935.0,1943.72,1927.98,1943.3,10388964.33
2017-10-26,1940.38,1960.74,1934.12,1952.54,15203614.33
2017-10-27,1950.41,1958.47,1944.8,1947.55,14207747.1
2017-10-30,1940.8,1943.15,1892.24,1915.4,18722743.93
2017-10-31,1914.06,1938.01,1913.93,1937.89,13150624.14
2017-11-01,1939.6,1950.61,1937.88,1939.59,14745918.09
2017-11-02,1935.68,1935.94,1916.69,1926.94,14805831.28
2017-11-03,1927.78,1936.98,1909.63,1920.67,18897952.11
2017-11-06,1925.15,1947.62,1918.84,1947.03,14094382.57
2017-11-07,1948.97,1960.93,1941.62,1960.62,18767959.21
2017-11-08,1960.4,1994.44,1954.85,1985.45,22109034.84
2017-11-09,1989.58,2003.72,1980.75,2003.03,18961721.04
2017-11-10,1998.13,2045.23,1997.09,2042.67,25216830.74
2017-11-13,2049.76,2059.48,2044.52,2052.0,25108566.8
2017-11-14,2050.87,2052.0,2001.44,2005.1,22823286.48
2017-11-15,1996.09,1996.09,1947.49,1950.98,21999321.61
2017-11-16,1949.09,1958.58,1936.9,1954.95,17907862.11
2017-11-17,1955.18,1966.93,1897.93,1898.94,24810379.01
2017-11-20,1888.97,1940.15,1867.45,1939.59,18103736.77
2017-11-21,1936.86,1957.34,1930.31,1948.17,17809135.26
2017-11-22,1949.96,1955.56,1927.06,1947.57,17404363.79
2017-11-23,1941.34,1941.34,1877.73,1879.65,17817515.64
2017-11-24,1866.27,1892.49,1864.49,1881.84,13972052.4
2017-11-27,1877.48,1877.71,1827.46,1831.79,15037306.72
2017-11-28,1829.25,1860.8,1827.15,1860.8,11382855.02
2017-11-29,1861.9,1862.4,1832.1,1855.52,14067181.66
2017-11-30,1851.56,1856.7,1822.18,1829.44,13394049.65
2017-12-01,1827.64,1854.94,1822.55,1849.54,15037805.59
2017-12-04,1845.88,1857.29,1839.88,1841.77,15034843.3
2017-12-05,1837.5,1841.02,1783.24,1796.51,18942227.5
2017-12-06,1795.92,1812.98,1768.52,1812.86,15175191.88
2017-12-07,1806.36,1813.67,1794.83,1795.24,13317534.32
2017-12-08,1791.16,1822.28,1789.41,1812.5,13301213.69
2017-12-11,1818.26,1853.53,1814.84,1853.05,11342953.86
2017-12-12,1852.61,1869.63,1841.96,1842.04,12065760.31
2017-12-13,1839.03,1861.37,1833.98,1861.34,11120471.67
2017-12-14,1859.6,1865.4,1843.83,1856.12,10493426.08
2017-12-15,1849.08,1850.79,1824.24,1833.82,11926271.4
2017-12-18,1834.8,1838.72,1810.82,1815.81,8820491.96
2017-12-19,1817.4,1829.57,1813.93,1824.25,8438261.09
2017-12-20,1825.11,1828.83,1810.71,1814.7,8940615.83
2017-12-21,1812.48,1840.64,1800.01,1834.95,10298647.79
2017-12-22,1835.56,1864.42,1835.18,1853.67,11648491.21
2017-12-25,1853.6,1859.68,1827.11,1831.22,11883514.32
2017-12-26,1829.38,1839.41,1816.39,1837.92,9721146.62
2017-12-27,1833.87,1844.52,1828.61,1831.32,12097694.35
2017-12-28,1827.32,1839.23,1823.91,1830.64,11701185.46
2017-12-29,1834.19,1844.83,1830.81,1844.83,10318441.1
2018-01-02,1851.06,1861.65,1844.09,1861.28,12086629.57
2018-01-03,1859.95,1892.34,1856.07,1888.64,14798241.26
2018-01-04,1884.84,1891.5,1880.87,1887.51,12021148.15
2018-01-05,1886.57,1886.57,1866.25,1872.36,11946149.85
2018-01-08,1869.41,1869.41,1850.88,1868.96,13181612.23
2018-01-09,1870.27,1873.63,1857.03,1863.14,11221513.26
2018-01-10,1864.82,1864.82,1832.77,1844.78,12851483.65
2018-01-11,1838.68,1851.02,1829.67,1845.0,11610683.21
2018-01-12,1846.06,1850.33,1835.58,1839.0,16704199.77
2018-01-15,1832.58,1832.65,1763.2,1769.46,19346945.41
2018-01-16,1764.78,1773.32,1751.9,1764.69,13529103.32
2018-01-17,1762.6,1762.8,1715.97,1752.42,15974636.8
2018-01-18,1752.5,1767.13,1752.5,1762.62,10869657.77
2018-01-19,1763.04,1782.49,1758.81,1767.84,11050658.49
2018-01-22,1770.07,1793.38,1764.07,1793.0,10985891.43
2018-01-23,1794.5,1806.37,1794.5,1803.65,10758570.91
2018-01-24,1800.92,1818.7,1786.47,1816.05,11977702.72
2018-01-25,1816.68,1829.94,1812.5,1812.9,12942597.89
2018-01-26,1811.61,1816.69,1803.37,1804.34,9041786.56
2018-01-29,1800.76,1803.62,1770.27,1772.72,11184594.84
2018-01-30,1771.91,1792.27,1771.1,1784.3,8861701.44
2018-01-31,1774.72,1774.72,1748.05,1753.5,11056509.27
2018-02-01,1752.25,1761.46,1698.34,1699.34,14725245.18
2018-02-02,1686.56,1709.98,1661.06,1703.73,10466685.48
2018-02-05,1674.32,1684.11,1668.88,1672.17,8818427.61
2018-02-06,1642.9,1651.88,1598.94,1599.45,13216984.5
2018-02-07,1629.04,1637.25,1567.52,1600.35,10223954.33
2018-02-08,1599.57,1626.49,1598.16,1621.67,8332216.69
2018-02-09,1582.34,1605.92,1562.1,1576.06,12849474.5
2018-02-12,1586.69,1645.55,1586.69,1642.33,10204273.05
2018-02-13,1656.0,1666.33,1648.01,1649.57,9465188.98
2018-02-14,1656.75,1667.8,1648.17,1667.01,6292171.19
2018-02-22,1682.42,1707.4,1679.87,1696.87,9838273.8
2018-02-23,1693.88,1699.13,1678.12,1699.1,9489129.62
2018-02-26,1708.36,1746.26,1705.78,1740.06,13518950.46
2018-02-27,1734.96,1751.72,1731.53,1740.56,11888317.16
2018-02-28,1726.74,1759.56,1718.07,1752.45,12427423.02
2018-03-01,1741.09,1778.66,1736.84,1776.12,11537962.39
2018-03-02,1765.74,1787.81,1758.84,1761.58,11558562.32
2018-03-05,1766.66,1772.54,1758.21,1772.31,8833080.56
2018-03-06,1775.23,1789.67,1774.07,1789.46,11102152.42
2018-03-07,1788.36,1793.26,1775.89,1777.01,10635816.5
2018-03-08,1775.89,1785.34,1764.94,1774.43,10278690.91
2018-03-09,1776.55,1809.12,1776.42,1807.45,13004197.56
2018-03-12,1816.78,1853.53,1816.64,1850.11,17226426.17
2018-03-13,1848.09,1850.61,1834.51,1835.71,13539789.48
2018-03-14,1830.69,1850.76,1822.28,1822.55,14084691.56
2018-03-15,1821.5,1831.75,1812.09,1831.58,14743823.42
2018-03-16,1832.2,1837.06,1813.7,1813.87,12610082.36
2018-03-19,1809.44,1824.58,1803.05,1813.93,11338854.93
2018-03-20,1802.6,1816.0,1796.5,1814.05,11200370.27
2018-03-21,1821.53,1837.01,1801.47,1803.81,12364512.62
2018-03-22,1806.25,1815.05,1783.67,1797.05,10699390.38
2018-03-23,1734.74,1758.18,1690.2,1713.4,19043954.28
2018-03-26,1687.67,1741.43,1680.84,1741.37,13225353.22
2018-03-27,1761.82,1785.77,1761.51,1784.39,14270083.65
2018-03-28,1754.22,1772.11,1750.05,1752.99,10874689.87
2018-03-29,1760.34,1767.46,1732.66,1748.38,9591291.76
2018-03-30,1751.89,1769.65,1751.28,1768.9,10190108.13
2018-04-02,1776.17,1777.71,1758.86,1761.13,12960050.65
2018-04-03,1734.76,1745.0,1719.85,1733.34,10263621.0
2018-04-04,1739.62,1745.48,1714.85,1716.58,11168913.53
2018-04-09,1709.7,1724.6,1700.65,1713.73,10237618.44
2018-04-10,1718.16,1725.47,1706.08,1724.29,10542203.87
2018-04-11,1731.0,1740.42,1727.94,1733.84,10332090.84
2018-04-12,1731.05,1733.32,1709.16,1713.35,8742815.5
2018-04-13,1720.21,1726.95,1703.28,1710.38,7688750.18
2018-04-16,1704.75,1709.22,1685.17,1695.34,9069539.0
2018-04-17,1699.46,1707.16,1654.35,1655.68,11043085.85
2018-04-18,1665.2,1686.42,1633.97,1682.39,12322691.36
2018-04-19,1680.66,1712.97,1679.63,1703.11,13246582.31
2018-04-20,1698.05,1699.54,1665.86,1669.93,11637760.08
2018-04-23,1668.62,1680.86,1646.13,1661.24,9410086.17
2018-04-24,1662.83,1698.45,1660.67,1697.19,10436006.38
2018-04-25,1689.99,1692.64,1680.45,1684.8,8798171.63
2018-04-26,1680.68,1681.16,1646.56,1647.2,11439418.45
2018-04-27,1653.74,1657.95,1638.12,1650.8,8509044.18
2018-05-02,1650.66,1658.49,1637.95,1647.27,8366189.42
2018-05-03,1648.7,1666.37,1631.51,1664.13,9693729.84
2018-05-04,1659.64,1671.4,1657.68,1659.69,8229625.63
2018-05-07,1662.69,1705.03,1661.52,1704.83,11060795.54
2018-05-08,1704.88,1716.98,1702.57,1713.81,9861181.47
2018-05-09,1714.09,1717.05,1706.53,1713.27,8377309.19
2018-05-10,1715.7,1725.14,1705.64,1717.39,9146630.34
2018-05-11,1721.41,1734.43,1720.77,1723.22,12823968.8
2018-05-14,1723.96,1743.81,1723.96,1729.92,13175821.26
2018-05-15,1734.07,1740.57,1723.26,1740.3,10101423.33
2018-05-16,1736.06,1744.96,1730.03,1731.99,9866428.93
2018-05-17,1731.32,1733.36,1705.83,1711.95,7810148.42
2018-05-18,1712.79,1715.78,1697.32,1714.2,8794963.43
2018-05-21,1725.93,1739.06,1725.93,1733.83,11116193.3
2018-05-22,1733.45,1733.48,1718.89,1730.94,9999806.96
2018-05-23,1728.95,1728.95,1709.28,1709.28,10090998.71
2018-05-24,1710.9,1713.23,1694.62,1697.25,8801999.38
2018-05-25,1692.58,1694.27,1668.41,1674.02,9911784.49
2018-05-28,1674.61,1680.7,1659.87,1662.75,8846956.0
2018-05-29,1659.94,1669.0,1649.6,1650.37,8230395.78
2018-05-30,1626.54,1626.54,1599.33,1601.84,10937473.19
2018-05-31,1613.14,1620.29,1599.22,1613.87,8289078.24
2018-06-01,1609.37,1609.42,1581.13,1590.63,9433185.62
2018-06-04,1566.14,1570.6,1544.02,1546.35,9157257.06
2018-06-05,1532.65,1565.16,1532.31,1565.09,9604857.12
2018-06-06,1557.71,1568.1,1553.12,1561.23,12378183.97
2018-06-07,1565.5,1569.89,1558.37,1559.02,8901970.71
2018-06-08,1558.6,1558.8,1533.23,1542.05,9229918.51
2018-06-11,1540.85,1546.53,1523.06,1530.83,8746271.73
2018-06-12,1534.94,1539.48,1514.87,1536.55,9044023.11
2018-06-13,1531.59,1531.97,1512.48,1514.01,8255252.39
2018-06-14,1509.14,1519.63,1502.11,1506.13,7917820.89
2018-06-15,1502.38,1505.3,1475.19,1483.34,9174682.03
2018-06-19,1460.15,1461.08,1384.14,1399.99,14137915.6
2018-06-20,1386.01,1419.11,1382.08,1408.65,10737296.16
2018-06-21,1409.59,1416.99,1374.53,1375.68,10348353.97
2018-06-22,1367.58,1408.19,1359.85,1404.38,10434719.96
2018-06-25,1418.09,1422.97,1399.19,1399.72,9985076.54
2018-06-26,1381.85,1409.32,1376.54,1405.65,9837705.19
2018-06-27,1406.94,1414.34,1390.24,1396.47,9866242.27
2018-06-28,1393.39,1407.67,1378.55,1384.39,9549067.18
2018-06-29,1384.69,1416.37,1373.88,1414.76,10998456.44
2018-07-02,1412.68,1415.31,1375.05,1384.91,11162230.91
2018-07-03,1385.72,1392.79,1351.44,1390.49,10795114.84
2018-07-04,1383.7,1385.86,1360.8,1366.62,9233048.45
2018-07-05,1363.84,1372.44,1337.63,1338.95,10744426.28
2018-07-06,1339.81,1366.3,1318.8,1348.38,11054547.35
2018-07-09,1352.67,1373.84,1352.67,1373.63,10109748.08
2018-07-10,1380.41,1384.12,1367.23,1379.08,10198893.19
2018-07-11,1361.68,1371.43,1342.88,1361.15,11100888.92
2018-07-12,1361.32,1396.55,1361.2,1392.71,12496400.41
2018-07-13,1394.28,1397.09,1386.52,1392.87,9683857.6
2018-07-16,1391.88,1392.48,1378.69,1385.1,8707433.31
2018-07-17,1383.91,1393.52,1372.81,1393.52,9254392.2
2018-07-18,1394.77,1404.01,1385.38,1385.41,10385951.51
2018-07-19,1385.01,1390.22,1364.24,1368.33,8670036.1
2018-07-20,1366.16,1390.31,1363.19,1387.02,8843969.25
2018-07-23,1384.94,1403.86,1382.4,1403.51,9783789.85
2018-07-24,1404.86,1435.2,1403.74,1429.6,13280727.02
2018-07-25,1430.08,1435.8,1416.38,1418.26,10935872.49
2018-07-26,1416.37,1422.51,1402.06,1407.12,11936853.73
2018-07-27,1408.41,1413.05,1401.13,1401.7,10325102.83
2018-07-30,1402.21,1408.25,1386.32,1392.89,8878087.47
2018-07-31,1391.61,1392.05,1373.83,1379.91,8011520.93
2018-08-01,1382.29,1387.24,1358.85,1359.51,8992832.29
2018-08-02,1353.5,1353.5,1294.98,1320.19,11257469.72
2018-08-03,1320.83,1327.85,1301.12,1301.63,7292653.35
2018-08-06,1296.16,1298.55,1256.69,1262.34,9232713.9
2018-08-07,1262.45,1288.24,1248.31,1287.78,8519300.1
2018-08-08,1282.69,1296.01,1275.73,1279.38,8777235.23
2018-08-09,1272.42,1310.86,1271.6,1304.93,9664796.06
2018-08-10,1305.23,1313.74,1297.18,1309.94,7055373.65
2018-08-13,1295.11,1316.16,1288.39,1313.05,7399178.98
2018-08-14,1312.99,1316.23,1305.32,1310.6,6697841.27
2018-08-15,1311.76,1313.4,1278.59,1279.71,8839185.43
2018-08-16,1264.5,1281.35,1252.3,1265.4,7102712.39
2018-08-17,1276.82,1280.46,1244.08,1246.05,7162241.99
2018-08-20,1245.88,1262.83,1238.44,1262.72,7763306.78
2018-08-21,1265.64,1279.83,1260.78,1273.28,7136993.66
2018-08-22,1272.61,1273.23,1258.89,1262.15,7138826.95
2018-08-23,1261.75,1275.77,1258.89,1270.49,6985282.76
2018-08-24,1269.28,1270.18,1260.06,1262.79,6141688.48
2018-08-27,1268.0,1288.87,1268.0,1288.06,9018336.92
2018-08-28,1290.72,1300.03,1290.72,1297.75,8427906.56
2018-08-29,1295.37,1297.41,1283.95,1287.04,6562488.37
2018-08-30,1284.52,1289.85,1270.25,1270.83,7089491.53
2018-08-31,1271.07,1273.25,1256.0,1262.56,7364141.64
2018-09-03,1267.44,1270.23,1252.37,1266.89,8692256.09
2018-09-04,1266.71,1277.71,1262.73,1275.51,9183080.71
2018-09-05,1273.52,1276.95,1256.47,1256.86,8813138.42
2018-09-06,1252.48,1263.98,1245.54,1249.55,8391055.49
2018-09-07,1253.34,1268.85,1244.14,1252.41,8095205.13
2018-09-10,1258.58,1262.11,1232.07,1233.53,9300064.99
2018-09-11,1235.17,1244.19,1227.37,1237.25,8405012.02
2018-09-12,1235.89,1250.33,1230.64,1242.68,8670520.27
2018-09-13,1251.78,1256.9,1233.93,1250.88,9164339.76
2018-09-14,1253.99,1267.41,1251.7,1252.4,9639721.93
2018-09-17,1244.5,1244.5,1233.71,1238.13,7723102.17
2018-09-18,1233.23,1258.67,1229.03,1258.67,8774275.91
2018-09-19,1254.43,1279.13,1252.1,1270.61,10548040.72
2018-09-20,1269.9,1280.77,1268.36,1268.52,8961390.78
2018-09-21,1272.81,1294.02,1266.05,1292.68,11022168.81
2018-09-25,1285.03,1294.75,1282.31,1289.7,7710185.22
2018-09-26,1292.42,1309.67,1290.1,1302.24,11621803.41
2018-09-27,1302.03,1302.03,1283.52,1284.29,10280128.64
2018-09-28,1286.27,1299.33,1282.39,1299.26,8908031.67
2018-10-08,1275.67,1282.79,1253.52,1255.15,10131313.07
2018-10-09,1256.51,1264.37,1244.77,1250.33,8828817.73
2018-10-10,1253.88,1257.3,1229.58,1236.71,8983705.98
2018-10-11,1193.68,1200.98,1142.06,1149.74,15154409.64
2018-10-12,1138.32,1151.96,1104.0,1146.43,14208495.36
2018-10-15,1151.62,1160.55,1128.88,1130.01,9302678.15
2018-10-16,1130.99,1137.91,1099.19,1105.5,9117812.05
2018-10-17,1122.67,1128.14,1091.28,1117.81,9357012.37
2018-10-18,1109.67,1109.67,1089.56,1089.99,10108913.43
2018-10-19,1073.25,1122.33,1071.44,1120.88,10858064.98
2018-10-22,1132.78,1187.05,1132.78,1175.1,15077833.72
2018-10-23,1175.89,1177.88,1142.6,1150.38,11200436.82
2018-10-24,1144.51,1166.61,1143.61,1154.55,9300916.52
2018-10-25,1122.77,1150.75,1114.71,1149.44,9265374.47
2018-10-26,1157.36,1166.02,1144.29,1149.59,9015504.05
2018-10-29,1144.28,1147.25,1126.14,1131.29,8026714.21
2018-10-30,1128.11,1145.91,1116.08,1137.38,9308510.31
2018-10-31,1138.64,1167.13,1138.64,1160.7,11005135.82
2018-11-01,1168.82,1187.94,1165.88,1168.61,13909610.03
2018-11-02,1189.96,1216.8,1187.79,1216.8,17728277.31
2018-11-05,1228.49,1248.46,1224.06,1236.65,17689972.59
2018-11-06,1237.18,1237.23,1218.2,1232.17,15970092.68
2018-11-07,1234.24,1243.86,1223.98,1224.33,15075409.63
2018-11-08,1233.48,1234.75,1214.28,1215.45,11289823.1
2018-11-09,1212.16,1223.13,1208.66,1213.82,13222503.33
2018-11-12,1212.24,1252.23,1210.8,1252.07,17161330.02
2018-11-13,1237.42,1270.95,1234.85,1263.94,21624294.95
2018-11-14,1260.9,1274.0,1257.35,1259.38,17179252.7
2018-11-15,1257.23,1274.67,1256.54,1274.67,14833436.89
2018-11-16,1278.81,1293.25,1276.19,1282.66,17228360.53
2018-11-19,1283.13,1289.02,1271.64,1288.66,17069440.88
2018-11-20,1277.86,1279.58,1253.84,1256.05,16128516.04
2018-11-21,1240.64,1265.01,1239.49,1264.45,12627638.52
2018-11-22,1267.39,1275.58,1257.74,1261.01,10742706.94
2018-11-23,1260.55,1261.62,1211.27,1214.12,13578466.59
2018-11-26,1215.36,1225.13,1209.18,1216.54,8550189.61
2018-11-27,1225.4,1238.13,1225.4,1232.97,9608205.06
2018-11-28,1235.61,1262.13,1225.98,1262.12,14998379.04
2018-11-29,1268.95,1275.33,1244.76,1245.02,14092059.73
2018-11-30,1243.2,1265.0,1239.31,1264.63,13472437.92
2018-12-03,1295.91,1302.58,1285.34,1292.29,18655879.26
2018-12-04,1287.99,1293.13,1282.67,1292.62,12574959.93
2018-12-05,1271.3,1306.51,1268.47,1300.42,14800599.0
2018-12-06,1293.57,1304.32,1281.84,1284.2,13667760.68
2018-12-07,1287.69,1292.37,1283.23,1288.99,9873991.56
2018-12-10,1280.71,1285.69,1269.24,1273.74,10468250.78
2018-12-11,1278.8,1285.29,1274.62,1283.3,8842886.43
2018-12-12,1289.21,1299.21,1288.92,1292.29,10619071.53
2018-12-13,1296.84,1310.66,1286.31,1304.17,12068155.69
2018-12-14,1301.86,1307.1,1275.8,1276.61,11740244.78
2018-12-17,1271.72,1274.02,1252.81,1266.58,10048122.55
2018-12-18,1260.44,1274.26,1253.62,1265.93,9013674.21
2018-12-19,1266.36,1267.36,1239.63,1241.51,7925603.85
2018-12-20,1241.36,1253.24,1237.76,1245.98,8765207.68
2018-12-21,1241.57,1245.42,1221.36,1232.94,8895657.13
2018-12-24,1230.74,1243.73,1226.26,1242.74,8009864.18
2018-12-25,1229.67,1232.05,1203.56,1226.34,10511089.85
2018-12-26,1226.53,1235.83,1218.09,1220.56,8717089.86
2018-12-27,1237.74,1240.13,1207.86,1207.9,10201436.68
2018-12-28,1208.19,1212.0,1194.9,1209.13,10355354.57
2019-01-02,1210.24,1211.98,1194.26,1197.84,7880735.06
2019-01-03,1195.96,1207.71,1185.7,1188.01,8256911.81
2019-01-04,1178.43,1219.47,1174.44,1219.37,12617072.9
2019-01-07,1227.06,1252.15,1225.1,1250.85,15551374.21
2019-01-08,1248.6,1258.63,1245.94,1254.96,13339555.75
2019-01-09,1253.48,1262.86,1236.66,1245.89,15215118.29
2019-01-10,1248.78,1267.68,1247.67,1258.77,15725272.05
2019-01-11,1257.99,1261.21,1247.97,1259.5,13083055.49
2019-01-14,1261.69,1264.87,1250.04,1254.32,12809951.81
2019-01-15,1252.26,1276.16,1247.68,1276.14,13562660.53
2019-01-16,1276.6,1276.78,1265.57,1268.31,12692616.3
2019-01-17,1267.36,1269.91,1254.01,1255.19,12360309.55
2019-01-18,1259.9,1273.39,1256.84,1270.97,11767639.19
2019-01-21,1274.11,1283.17,1268.7,1278.57,11805833.7
2019-01-22,1277.23,1277.23,1259.03,1262.79,10890241.45
2019-01-23,1260.17,1273.6,1259.53,1273.37,10114844.35
2019-01-24,1273.28,1294.11,1270.42,1284.08,14362520.23
2019-01-25,1286.05,1302.7,1281.27,1291.24,15152208.21
2019-01-28,1299.34,1313.18,1290.28,1294.91,15207655.83
2019-01-29,1291.23,1291.28,1257.78,1280.63,15666124.2
2019-01-30,1276.71,1288.52,1273.59,1274.68,13563039.45
2019-01-31,1273.72,1284.96,1255.52,1259.85,14258704.92
2019-02-01,1265.56,1303.79,1265.48,1300.41,16304408.95
2019-02-11,1305.16,1332.74,1305.15,1332.74,18410560.85
2019-02-12,1331.44,1339.14,1327.83,1337.41,20117613.36
2019-02-13,1335.8,1361.87,1332.55,1357.54,22566012.82
2019-02-14,1354.93,1382.62,1351.67,1377.71,21035067.34
2019-02-15,1373.73,1379.06,1361.05,1362.89,19677471.9
2019-02-18,1366.83,1409.61,1366.83,1409.61,24434751.24
2019-02-19,1420.48,1423.38,1385.38,1398.8,26086907.36
2019-02-20,1400.17,1411.38,1391.55,1409.01,23080751.48
2019-02-21,1404.36,1431.1,1397.9,1402.13,25148461.89
2019-02-22,1400.31,1434.01,1398.48,1434.01,24205114.52
2019-02-25,1452.44,1508.13,1449.36,1507.31,44622307.16
2019-02-26,1508.15,1526.48,1490.68,1496.17,41706872.12
2019-02-27,1489.19,1496.75,1443.94,1460.88,33085923.01
2019-02-28,1459.93,1479.22,1456.63,1463.49,21502546.6
2019-03-01,1473.82,1478.93,1455.92,1478.81,21054410.77
2019-03-04,1490.48,1526.15,1485.42,1497.73,34489681.63
2019-03-05,1493.71,1527.14,1485.95,1527.14,30509095.64
2019-03-06,1533.36,1545.22,1519.29,1544.23,40052403.49
2019-03-07,1540.28,1556.45,1526.8,1543.76,41749473.0
2019-03-08,1515.48,1541.98,1479.99,1480.46,43682215.46
2019-03-11,1493.31,1574.71,1493.31,1574.71,40483310.57
2019-03-12,1606.23,1618.87,1580.89,1602.93,49545046.4
2019-03-13,1601.35,1609.21,1573.13,1583.37,41222341.56
2019-03-14,1573.63,1587.71,1532.2,1546.45,32503209.75
2019-03-15,1556.28,1576.96,1548.32,1566.27,26976278.13
2019-03-18,1573.76,1583.4,1556.69,1583.4,26013753.26
2019-03-19,1592.2,1596.76,1578.21,1588.42,30990553.57
2019-03-20,1585.69,1588.47,1552.29,1576.19,28873635.92
2019-03-21,1576.96,1597.14,1574.07,1588.71,29366964.88
2019-03-22,1587.5,1588.74,1561.56,1582.55,24655228.13
2019-03-25,1559.05,1584.61,1555.91,1563.42,23541952.71
2019-03-26,1570.46,1576.43,1523.79,1524.85,22927666.69
2019-03-27,1536.56,1543.47,1507.95,1520.46,19697926.69
2019-03-28,1516.8,1527.2,1502.03,1503.38,17825956.95
2019-03-29,1500.56,1539.73,1492.64,1538.95,22158097.01
2019-04-01,1546.76,1601.66,1546.67,1601.0,31906367.34
2019-04-02,1609.94,1612.69,1597.0,1605.32,32901974.58
2019-04-03,1597.14,1605.8,1590.0,1604.16,24432524.43
2019-04-04,1610.3,1618.59,1597.92,1611.87,28686142.34
2019-04-08,1624.88,1629.95,1577.29,1593.79,31229081.63
2019-04-09,1594.12,1603.56,1583.05,1598.76,20894597.89
2019-04-10,1596.26,1607.38,1578.51,1597.13,27785012.29
2019-04-11,1599.06,1606.21,1578.42,1579.82,27379085.4
2019-04-12,1579.5,1581.79,1566.33,1577.38,20600514.31
2019-04-15,1596.71,1606.17,1563.47,1564.32,25137043.27
2019-04-16,1557.58,1591.93,1547.08,1591.93,24558227.12
2019-04-17,1597.94,1642.83,1596.47,1640.23,32996057.08
2019-04-18,1633.91,1635.71,1618.18,1620.28,28296164.62
2019-04-19,1617.13,1634.08,1604.46,1631.2,27110409.09
2019-04-22,1638.05,1639.55,1603.92,1608.16,26668840.9
2019-04-23,1606.46,1606.46,1564.53,1568.96,22759351.03
2019-04-24,1575.02,1586.84,1558.06,1586.47,18725590.4
2019-04-25,1583.11,1583.12,1528.63,1529.17,22610578.86
2019-04-26,1520.29,1528.26,1497.7,1498.1,18394326.92
2019-04-29,1497.7,1503.15,1455.02,1462.95,20895467.88
2019-04-30,1461.04,1480.06,1454.62,1467.77,14970600.68
2019-05-06,1419.91,1419.91,1353.64,1370.16,21752670.9
2019-05-07,1377.67,1400.98,1363.14,1385.89,16482910.9
2019-05-08,1360.13,1393.54,1351.03,1367.78,13820766.56
2019-05-09,1355.83,1375.86,1354.82,1358.96,11645788.69
2019-05-10,1374.52,1401.94,1340.82,1401.68,17038236.81
2019-05-13,1387.05,1392.07,1369.48,1376.18,11550054.31
2019-05-14,1360.79,1381.13,1360.25,1369.92,12010424.51
2019-05-15,1385.07,1413.85,1384.85,1412.22,15222210.03
2019-05-16,1414.48,1428.69,1413.47,1426.06,17199444.02
2019-05-17,1428.23,1428.23,1368.26,1373.46,17645139.93
2019-05-20,1371.21,1372.3,1336.16,1362.52,13847625.27
2019-05-21,1364.8,1388.05,1358.76,1383.35,15245801.94
2019-05-22,1384.21,1386.26,1367.19,1373.37,13305805.04
2019-05-23,1368.4,1369.59,1344.86,1348.66,12672815.31
2019-05-24,1343.05,1356.79,1334.88,1343.92,12583497.72
2019-05-27,1346.49,1380.27,1341.81,1377.77,14811995.3
2019-05-28,1377.81,1391.43,1367.75,1381.8,14748587.09
2019-05-29,1374.12,1386.42,1371.05,1376.44,12453145.38
2019-05-30,1371.25,1371.25,1352.14,1368.59,13339444.52
2019-05-31,1376.12,1391.62,1370.0,1376.4,14836300.96
2019-06-03,1373.6,1377.98,1348.64,1352.77,15954782.78
2019-06-04,1353.01,1355.09,1333.52,1341.52,13484812.21
2019-06-05,1352.46,1356.59,1340.21,1341.56,12040871.65
2019-06-06,1342.05,1342.29,1310.71,1315.06,15189171.67
2019-06-10,1323.18,1343.98,1318.46,1338.21,13095399.6
2019-06-11,1338.43,1377.87,1337.88,1375.86,18982197.95
2019-06-12,1374.01,1379.52,1358.89,1362.87,17117248.54
2019-06-13,1361.92,1371.32,1348.77,1366.31,17464749.97
2019-06-14,1369.68,1371.11,1340.21,1342.51,16125111.87
2019-06-17,1342.31,1347.84,1326.79,1333.99,10714182.87
2019-06-18,1333.24,1339.09,1325.82,1332.66,8867172.65
2019-06-19,1362.24,1370.71,1349.54,1349.81,14352584.0
2019-06-20,1349.86,1382.35,1343.8,1374.24,17239308.72
2019-06-21,1383.82,1398.16,1383.63,1391.72,17607394.32
2019-06-24,1394.56,1397.04,1385.07,1394.71,14189530.54
2019-06-25,1392.05,1392.08,1364.1,1376.99,15369290.61
2019-06-26,1371.97,1389.89,1367.98,1380.24,11524529.95
2019-06-27,1386.24,1399.02,1384.85,1390.51,12786916.38
2019-06-28,1391.71,1391.71,1367.87,1376.64,11887402.4
2019-07-01,1402.78,1413.99,1393.83,1413.4,15911013.87
2019-07-02,1415.51,1417.93,1403.12,1413.6,17173684.23
2019-07-03,1410.54,1410.54,1400.56,1406.21,13572295.69
2019-07-04,1405.03,1412.85,1393.97,1399.93,11198585.85
2019-07-05,1403.27,1406.18,1394.36,1402.46,9293766.63
2019-07-08,1399.38,1399.42,1352.11,1359.16,12942695.12
2019-07-09,1357.74,1369.24,1351.58,1366.44,9028894.54
2019-07-10,1369.52,1370.88,1361.33,1364.47,9227551.11
2019-07-11,1369.14,1372.23,1347.26,1353.63,9771786.14
2019-07-12,1357.4,1376.56,1357.4,1372.18,10396760.6
2019-07-15,1367.74,1389.95,1351.68,1382.89,12856795.27
2019-07-16,1381.02,1384.69,1374.42,1379.71,9573668.59
2019-07-17,1379.31,1384.91,1374.99,1379.71,8698832.87
2019-07-18,1382.38,1382.38,1366.35,1366.35,10110587.33
2019-07-19,1369.99,1385.48,1369.99,1376.47,9697765.24
2019-07-22,1381.05,1381.15,1351.64,1355.89,10849723.3
2019-07-23,1356.71,1377.2,1356.64,1376.77,8712419.9
2019-07-24,1382.2,1396.41,1381.66,1390.06,10327984.62
2019-07-25,1390.14,1396.76,1386.69,1392.53,9834210.97
2019-07-26,1387.79,1397.85,1384.75,1396.87,8394004.46
2019-07-29,1396.62,1401.56,1391.8,1396.62,8419851.1
2019-07-30,1398.17,1411.31,1397.65,1400.83,9879196.83
2019-07-31,1399.75,1399.75,1391.25,1395.67,8001340.26
2019-08-01,1388.87,1398.36,1387.03,1393.24,10346904.08
2019-08-02,1365.87,1380.4,1361.01,1378.93,13661562.84
2019-08-05,1374.21,1384.43,1355.23,1355.24,12112819.6
2019-08-06,1331.38,1334.81,1302.33,1327.16,15778425.54
2019-08-07,1339.91,1342.17,1325.9,1325.92,13215118.21
2019-08-08,1331.89,1335.31,1323.92,1328.16,11117330.02
2019-08-09,1334.18,1336.98,1312.21,1313.67,10565328.5
2019-08-12,1314.23,1331.15,1310.58,1331.11,10088963.05
2019-08-13,1321.14,1325.02,1317.84,1321.08,9095971.59
2019-08-14,1336.85,1338.37,1324.34,1327.28,10524571.87
2019-08-15,1301.88,1332.81,1298.91,1332.58,10386442.34
2019-08-16,1334.17,1338.38,1328.81,1329.45,11842337.59
2019-08-19,1341.33,1367.5,1337.48,1367.5,16559022.92
2019-08-20,1368.09,1370.4,1359.81,1361.52,14643862.23
2019-08-21,1358.36,1383.67,1357.29,1381.79,16024172.49
2019-08-22,1386.13,1387.03,1370.5,1381.56,14373235.18
2019-08-23,1382.25,1385.98,1370.09,1375.12,12840374.37
2019-08-26,1348.04,1360.97,1347.19,1357.93,14394069.76
2019-08-27,1363.37,1384.5,1363.37,1377.41,16094596.19
2019-08-28,1377.65,1387.91,1372.28,1381.51,14498200.83
2019-08-29,1383.33,1384.15,1372.72,1374.91,11373612.53
2019-08-30,1383.4,1387.44,1356.91,1364.21,13026206.08
2019-09-02,1369.46,1404.27,1369.46,1400.96,15256229.9
2019-09-03,1402.74,1410.99,1399.15,1408.21,15554818.63
2019-09-04,1409.51,1419.27,1405.59,1419.27,15675566.16
2019-09-05,1425.09,1441.19,1425.08,1426.49,19788988.78
2019-09-06,1430.44,1435.58,1417.51,1425.31,14868859.5
2019-09-09,1437.76,1455.52,1430.63,1455.49,19674434.34
2019-09-10,1460.54,1460.56,1444.78,1452.44,18155085.42
2019-09-11,1458.18,1459.21,1441.79,1444.25,15751868.73
2019-09-12,1450.97,1453.74,1438.47,1449.92,13648717.17
2019-09-16,1457.01,1457.08,1441.32,1448.84,15152369.71
2019-09-17,1446.25,1446.25,1407.47,1413.31,15990771.09
2019-09-18,1417.58,1418.88,1404.32,1408.78,12100348.34
2019-09-19,1413.43,1426.72,1410.89,1426.44,13852387.08
2019-09-20,1429.4,1435.5,1423.35,1431.44,15077083.86
2019-09-23,1428.78,1428.78,1403.82,1414.29,14308278.24
2019-09-24,1414.36,1439.99,1414.25,1430.18,14152949.44
2019-09-25,1424.84,1424.84,1406.8,1410.08,15658280.87
2019-09-26,1411.92,1416.3,1379.21,1379.21,15046181.23
2019-09-27,1380.99,1391.3,1379.29,1387.32,10991518.26
2019-09-30,1387.66,1392.5,1374.63,1375.38,8957679.39
2019-10-08,1375.15,1388.76,1374.91,1376.65,9747720.64
2019-10-09,1372.88,1387.51,1364.39,1387.41,10256197.9
2019-10-10,1392.16,1403.27,1390.25,1402.84,11254106.02
2019-10-11,1403.68,1403.68,1384.98,1392.11,10539883.78
2019-10-14,1401.02,1418.97,1401.02,1409.21,12918612.53
2019-10-15,1406.64,1406.64,1383.93,1386.76,11907146.85
2019-10-16,1387.23,1388.06,1366.24,1367.7,12165381.03
2019-10-17,1368.38,1373.41,1358.96,1361.77,9116411.88
2019-10-18,1365.63,1366.3,1334.53,1340.89,10832539.04
2019-10-21,1337.54,1338.03,1324.93,1336.22,8101742.67
2019-10-22,1337.94,1347.13,1335.02,1345.88,7760525.81
2019-10-23,1344.58,1347.75,1335.85,1337.51,8119251.51
2019-10-24,1336.59,1340.8,1327.59,1336.71,7783414.31
2019-10-25,1336.73,1347.89,1328.12,1345.99,9107501.23
2019-10-28,1349.52,1368.06,1349.52,1367.88,13286270.38
2019-10-29,1368.49,1368.49,1353.33,1353.36,16113551.86
2019-10-30,1346.88,1347.32,1335.72,1339.39,13203289.22
2019-10-31,1344.64,1345.83,1331.32,1333.66,11027742.07
2019-11-01,1331.02,1345.26,1328.12,1344.54,9785008.8
2019-11-04,1346.88,1354.91,1344.79,1349.56,11697173.6
2019-11-05,1352.14,1370.41,1345.03,1367.81,12787382.55
2019-11-06,1371.46,1389.83,1365.91,1370.59,13814973.91
2019-11-07,1369.24,1377.3,1363.97,1369.12,10640991.45
2019-11-08,1377.37,1381.99,1366.65,1367.19,10730940.02
2019-11-11,1361.43,1361.43,1337.8,1339.94,10530439.87
2019-11-12,1340.32,1344.16,1322.33,1334.97,9302970.84
2019-11-13,1337.75,1337.75,1324.84,1331.29,8582833.21
2019-11-14,1333.54,1339.84,1331.26,1336.6,8011963.23
2019-11-15,1337.66,1338.23,1319.88,1319.96,8672236.19
2019-11-18,1318.43,1330.82,1312.86,1330.24,8096908.84
2019-11-19,1330.14,1360.62,1329.47,1360.61,10192904.37
2019-11-20,1361.24,1363.86,1348.81,1349.75,9238539.35
2019-11-21,1347.5,1359.27,1343.77,1353.36,7899774.65
2019-11-22,1362.7,1381.46,1351.84,1357.28,11896621.57
2019-11-25,1359.05,1363.87,1348.41,1359.96,10641065.98
2019-11-26,1362.63,1374.5,1357.41,1373.74,13027696.47
2019-11-27,1369.31,1378.29,1359.69,1369.76,12391403.38
2019-11-28,1366.29,1377.51,1364.23,1367.29,9406151.68
2019-11-29,1366.13,1377.37,1359.34,1372.39,8743835.74
2019-12-02,1376.11,1381.85,1369.35,1372.74,9559354.22
2019-12-03,1368.87,1380.2,1362.43,1380.2,9245502.29
2019-12-04,1374.13,1389.35,1372.74,1378.78,10597302.69
2019-12-05,1381.4,1396.39,1380.29,1393.54,11409984.78
2019-12-06,1393.49,1404.47,1391.31,1404.47,10294363.23
2019-12-09,1406.37,1408.7,1399.16,1402.35,11389743.71
2019-12-10,1399.78,1402.73,1393.35,1401.63,11122172.58
2019-12-11,1402.2,1402.27,1383.2,1389.8,10855406.54
2019-12-12,1391.16,1395.02,1386.01,1387.07,11377002.04
2019-12-13,1395.27,1413.95,1395.27,1410.31,14491655.13
2019-12-16,1416.07,1432.27,1411.76,1432.17,16258543.26
2019-12-17,1437.78,1461.74,1437.45,1458.88,20184167.82
2019-12-18,1457.65,1457.65,1443.11,1447.48,16596220.76
2019-12-19,1452.43,1454.56,1440.92,1449.49,14291217.39
2019-12-20,1452.85,1459.33,1439.98,1440.29,14763514.52
2019-12-23,1433.3,1446.61,1420.33,1422.31,15070477.54
2019-12-24,1426.47,1465.29,1426.47,1464.22,18149168.94
2019-12-25,1462.7,1483.01,1460.13,1483.01,19405355.96
2019-12-26,1484.62,1498.51,1479.06,1490.6,18329735.23
2019-12-27,1492.97,1507.48,1479.92,1481.91,26300682.34
2019-12-30,1482.86,1506.35,1475.15,1506.35,21382032.79
2019-12-31,1505.0,1513.4,1492.55,1503.15,17486861.45
2020-01-02,1512.77,1538.28,1506.47,1536.22,23552855.57
2020-01-03,1536.04,1544.06,1529.41,1540.57,20287698.49
2020-01-06,1540.02,1593.3,1539.53,1575.61,28825589.59
2020-01-07,1579.94,1587.21,1568.13,1583.13,25898201.29
2020-01-08,1584.56,1597.84,1568.52,1578.09,32048862.81
2020-01-09,1594.61,1603.48,1589.47,1601.06,24433867.22
2020-01-10,1600.19,1600.33,1576.89,1588.53,20874005.41
2020-01-13,1604.21,1621.18,1594.71,1621.16,22565163.07
2020-01-14,1637.95,1650.26,1627.54,1629.0,29243438.54
2020-01-15,1623.69,1625.53,1594.2,1613.34,23748775.4
2020-01-16,1614.21,1621.43,1604.37,1609.9,19633980.21
2020-01-17,1615.18,1616.74,1597.38,1603.55,20707161.4
2020-01-20,1603.26,1644.83,1599.2,1642.19,20301452.85
2020-01-21,1634.4,1634.4,1617.07,1617.55,19269757.96
2020-01-22,1611.27,1677.49,1596.58,1668.64,21951522.45
2020-01-23,1654.14,1684.4,1599.96,1625.83,24630057.47
2020-02-03,1478.21,1523.19,1478.15,1503.27,15732466.87
2020-02-04,1493.77,1577.5,1493.77,1571.96,32458783.15
2020-02-05,1604.8,1657.46,1598.09,1623.47,31730607.41
2020-02-06,1589.1,1661.51,1581.53,1661.51,29601345.12
2020-02-07,1650.61,1660.43,1619.49,1650.14,27426004.4
2020-02-10,1644.75,1699.73,1643.58,1699.68,27651869.98
2020-02-11,1705.98,1705.98,1673.17,1679.16,23633684.49
2020-02-12,1685.9,1743.19,1685.9,1739.43,32562735.15
2020-02-13,1749.94,1767.17,1725.79,1728.72,37546214.0
2020-02-14,1727.01,1741.02,1694.93,1708.7,29615037.06
2020-02-17,1709.67,1763.23,1709.42,1763.23,30512748.54
2020-02-18,1762.9,1796.82,1758.31,1791.49,35289584.54
2020-02-19,1821.92,1828.7,1771.04,1771.28,41445495.42
2020-02-20,1791.69,1822.89,1783.7,1820.19,35836980.56
2020-02-21,1814.19,1845.65,1811.21,1829.98,35290074.6
2020-02-24,1819.75,1829.57,1786.33,1821.31,36681753.41
2020-02-25,1777.55,1863.54,1761.69,1857.67,47807366.35
2020-02-26,1828.09,1845.42,1778.75,1787.05,41698566.5
2020-02-27,1801.92,1807.96,1769.49,1777.79,31812662.75
2020-02-28,1697.56,1727.01,1660.83,1663.08,39073829.46
2020-03-02,1685.06,1727.84,1669.24,1714.75,30592571.25
2020-03-03,1757.79,1775.83,1718.69,1734.82,33968258.45
2020-03-04,1717.31,1732.38,1687.77,1723.9,24329949.11
2020-03-05,1753.48,1760.5,1733.08,1754.26,35174781.7
2020-03-06,1733.39,1768.79,1730.56,1747.82,33829014.91
2020-03-09,1710.19,1720.92,1653.57,1656.1,40320886.77
2020-03-10,1634.12,1708.8,1617.13,1705.42,38534205.72
2020-03-11,1717.18,1729.03,1684.19,1684.19,33971984.66
2020-03-12,1647.67,1658.65,1621.89,1640.16,28460125.88
2020-03-13,1555.19,1647.13,1551.8,1634.67,36539414.14
2020-03-16,1641.03,1641.03,1524.81,1527.74,38950572.37
2020-03-17,1540.75,1557.99,1471.7,1526.36,32820594.99
2020-03-18,1541.21,1572.38,1500.69,1500.69,33856151.36
2020-03-19,1502.95,1510.7,1452.0,1496.24,31694574.28
2020-03-20,1520.92,1523.92,1471.96,1495.41,25819084.72
2020-03-23,1442.3,1446.62,1397.89,1402.87,25853009.46
2020-03-24,1434.69,1441.79,1381.63,1427.91,26737719.62
2020-03-25,1467.58,1490.07,1464.18,1484.51,28591111.26
2020-03-26,1470.68,1474.47,1449.73,1451.92,33232974.48
2020-03-27,1473.94,1479.08,1449.87,1452.04,27043241.37
2020-03-30,1426.81,1454.33,1397.65,1437.14,25658940.8
2020-03-31,1452.62,1456.65,1434.73,1439.98,21840591.21
2020-04-01,1449.25,1486.89,1439.02,1448.22,26063747.48
2020-04-02,1438.03,1488.17,1436.3,1488.17,24394817.35
2020-04-03,1489.2,1489.2,1454.26,1461.13,20723899.01
2020-04-07,1492.95,1509.04,1490.28,1507.66,26331612.33
2020-04-08,1497.32,1505.33,1490.38,1497.41,19853255.39
2020-04-09,1506.84,1508.51,1492.79,1495.2,20352738.43
2020-04-10,1497.19,1497.19,1457.28,1462.84,22659658.64
2020-04-13,1444.18,1448.53,1427.69,1436.71,17258347.34
2020-04-14,1452.96,1503.29,1451.97,1503.29,22372996.99
2020-04-15,1515.79,1530.97,1507.49,1508.24,26182664.71
2020-04-16,1500.92,1540.8,1494.77,1538.59,24780957.8
2020-04-17,1563.65,1581.12,1555.1,1559.02,30863318.09
2020-04-20,1559.23,1561.23,1544.44,1561.23,23005593.65
2020-04-21,1545.3,1545.3,1515.05,1539.39,24207831.89
2020-04-22,1517.94,1557.59,1514.27,1554.1,23090446.72
2020-04-23,1559.56,1560.23,1528.4,1529.5,21463224.33
2020-04-24,1528.16,1548.34,1512.95,1517.46,19318437.96
2020-04-27,1521.69,1538.49,1517.59,1521.75,17957827.41
2020-04-28,1528.9,1539.85,1469.52,1527.79,24675449.9
2020-04-29,1517.96,1541.13,1516.93,1527.98,17352401.9
2020-04-30,1548.5,1595.34,1548.5,1587.14,22926381.66
2020-05-06,1571.06,1615.0,1568.99,1614.96,24587894.78
2020-05-07,1617.07,1620.63,1600.84,1606.81,20776679.42
2020-05-08,1612.97,1629.5,1602.81,1616.83,22298960.27
2020-05-11,1615.31,1620.02,1584.58,1596.33,20646718.38
2020-05-12,1597.58,1606.41,1578.08,1606.23,17964517.94
2020-05-13,1596.5,1616.9,1593.16,1612.8,19774651.29
2020-05-14,1602.96,1603.65,1581.1,1583.08,17668700.37
2020-05-15,1595.33,1621.46,1587.75,1602.71,17346510.92
2020-05-18,1604.56,1604.78,1574.5,1583.66,21750817.18
2020-05-19,1598.42,1612.8,1597.48,1605.8,18303442.85
2020-05-20,1624.66,1650.78,1619.16,1622.82,23894200.92
2020-05-21,1631.88,1633.34,1586.71,1588.92,23190137.01
2020-05-22,1586.5,1586.95,1539.16,1549.8,19015553.7
2020-05-25,1548.1,1549.92,1529.88,1544.11,13102097.42
2020-05-26,1553.68,1583.52,1553.68,1583.25,14346645.62
2020-05-27,1585.65,1598.83,1573.76,1578.34,16402269.62
2020-05-28,1577.08,1579.9,1542.09,1566.27,15899114.54
2020-05-29,1570.43,1589.61,1567.22,1581.8,16690624.68
2020-06-01,1600.18,1643.77,1600.07,1639.15,21536455.99
2020-06-02,1653.69,1654.43,1630.12,1638.09,21459692.5
2020-06-03,1641.29,1644.24,1625.17,1628.71,19839173.97
2020-06-04,1635.79,1653.7,1629.45,1637.35,19499152.88
2020-06-05,1637.35,1643.85,1624.84,1643.85,18386620.08
2020-06-08,1655.79,1664.19,1651.16,1655.15,19702401.81
2020-06-09,1663.69,1667.63,1655.84,1663.82,17438968.41
2020-06-10,1673.63,1673.63,1651.79,1669.55,16855912.78
2020-06-11,1681.62,1724.23,1676.54,1692.48,24134026.23
2020-06-12,1654.27,1684.37,1651.59,1675.26,21069016.86
2020-06-15,1666.3,1696.32,1654.45,1677.19,21001131.97
2020-06-16,1696.04,1708.94,1689.34,1708.5,19535927.78
2020-06-17,1711.75,1712.11,1686.99,1697.04,18339037.14
2020-06-18,1694.13,1713.44,1686.39,1710.51,16922373.82
2020-06-19,1717.62,1752.89,1716.7,1747.59,21352544.43
2020-06-22,1750.38,1785.97,1749.39,1770.91,23201146.23
2020-06-23,1770.41,1782.03,1758.66,1781.36,22990756.25
2020-06-24,1785.54,1794.85,1780.93,1790.38,20247212.32
2020-06-29,1792.4,1822.66,1791.37,1801.78,22554094.92
2020-06-30,1815.52,1828.09,1805.74,1823.68,19119564.39
2020-07-01,1840.18,1850.17,1808.54,1829.4,23574886.51
2020-07-02,1834.97,1852.85,1825.51,1842.15,29322088.56
2020-07-03,1850.44,1871.58,1847.71,1870.67,31387278.77
2020-07-06,1883.43,1965.72,1881.11,1960.28,43579433.86
2020-07-07,1997.44,2054.01,1997.44,2015.51,43713165.22
2020-07-08,2023.51,2059.96,1998.41,2058.11,36221837.13
2020-07-09,2056.38,2110.6,2052.56,2103.33,42826361.28
2020-07-10,2087.8,2105.29,2071.92,2080.41,40643009.49
2020-07-13,2094.45,2187.43,2094.45,2186.9,41366534.36
2020-07-14,2165.62,2175.09,2092.73,2135.91,41614775.44
2020-07-15,2150.69,2160.08,2068.67,2099.36,42752780.94
2020-07-16,2099.81,2122.63,1990.61,1990.67,34283403.6
2020-07-17,1988.29,2033.47,1963.94,1992.56,28018557.73
2020-07-20,2039.69,2075.27,2013.65,2075.27,30369574.03
2020-07-21,2100.67,2121.07,2072.71,2090.69,31264684.51
2020-07-22,2081.32,2119.13,2074.53,2094.45,28944771.3
2020-07-23,2081.04,2146.55,2078.49,2144.72,39121249.48
2020-07-24,2130.44,2137.94,2017.59,2029.86,39614992.41
2020-07-27,2053.63,2064.08,2018.59,2037.54,33359586.37
2020-07-28,2059.73,2073.24,2028.55,2049.32,30405074.99
2020-07-29,2049.44,2112.32,2027.5,2111.15,30525667.29
2020-07-30,2124.35,2153.17,2098.83,2150.24,42642364.32
2020-07-31,2145.24,2210.34,2141.47,2181.25,41039376.39
2020-08-03,2206.5,2227.41,2194.26,2220.67,44448264.01
2020-08-04,2220.95,2234.99,2188.05,2203.0,46424111.33
2020-08-05,2204.47,2212.49,2160.16,2211.67,38216657.87
2020-08-06,2217.9,2218.4,2157.09,2184.22,34157087.93
2020-08-07,2175.95,2206.2,2126.89,2176.52,39317158.28
2020-08-10,2172.88,2201.9,2156.47,2184.37,29012597.92
2020-08-11,2193.81,2209.39,2145.84,2150.44,32662247.19
2020-08-12,2155.41,2161.66,2070.61,2131.33,39634289.72
2020-08-13,2151.18,2160.01,2129.27,2138.5,31695595.13
2020-08-14,2137.22,2155.67,2110.24,2150.68,36815047.18
2020-08-17,2150.85,2167.26,2129.61,2167.26,37357177.75
2020-08-18,2174.21,2195.45,2164.01,2179.99,38460863.85
2020-08-19,2176.67,2176.67,2112.94,2114.6,39004757.34
2020-08-20,2100.68,2116.0,2062.1,2068.37,30652371.07
2020-08-21,2091.56,2112.51,2075.22,2092.66,29681360.79
2020-08-24,2106.47,2159.26,2087.49,2150.78,25572861.27
2020-08-25,2153.93,2163.99,2125.54,2132.65,26342250.69
2020-08-26,2129.71,2130.01,2058.67,2070.0,26563347.97
2020-08-27,2083.06,2122.7,2071.33,2116.14,23768117.1
2020-08-28,2126.54,2157.45,2106.12,2152.87,21732159.52
2020-08-31,2159.55,2175.59,2140.54,2142.92,24085014.34
2020-09-01,2139.95,2193.17,2135.73,2193.17,22096275.33
2020-09-02,2199.25,2201.69,2162.09,2191.5,22388715.65
2020-09-03,2192.37,2192.37,2158.26,2168.17,26945320.29
2020-09-04,2121.5,2156.74,2117.53,2152.0,23934296.03
2020-09-07,2152.6,2167.36,2074.2,2086.67,26825210.03
2020-09-08,2087.25,2106.3,2062.97,2099.16,26382086.62
2020-09-09,2060.55,2072.17,2021.91,2038.97,31749107.05
2020-09-10,2056.34,2064.41,2006.49,2012.6,27232867.67
2020-09-11,2010.0,2109.05,2009.73,2107.63,24941219.1
2020-09-14,2139.7,2185.62,2139.7,2162.3,31656853.52
2020-09-15,2170.94,2183.69,2154.68,2179.63,22997984.49
2020-09-16,2185.05,2225.54,2177.9,2198.42,28213136.55
2020-09-17,2188.78,2252.5,2184.97,2233.41,28008008.49
2020-09-18,2232.42,2244.64,2205.24,2238.46,27649582.68
2020-09-21,2251.51,2267.49,2215.79,2222.32,24184392.28
2020-09-22,2209.07,2212.86,2170.49,2177.59,22105403.98
2020-09-23,2192.03,2237.86,2170.79,2235.45,22866452.62
2020-09-24,2211.7,2217.3,2135.1,2135.23,27248690.9
2020-09-25,2158.08,2172.39,2140.99,2146.99,19106399.2
2020-09-28,2164.79,2206.24,2160.29,2171.7,17697980.42
2020-09-29,2196.38,2215.61,2175.88,2202.62,16824136.82
2020-09-30,2205.91,2238.39,2194.06,2215.88,19937835.2
2020-10-09,2326.16,2380.19,2319.54,2370.56,32232442.07
2020-10-12,2402.45,2438.49,2388.61,2438.49,39319701.39
2020-10-13,2425.56,2462.37,2392.93,2458.93,29376559.0
2020-10-14,2442.89,2479.61,2433.25,2460.04,34252843.37
2020-10-15,2480.32,2487.2,2426.68,2429.16,35185348.82
2020-10-16,2433.19,2435.15,2363.03,2377.3,27191061.57
2020-10-19,2391.77,2392.77,2315.25,2324.54,23653614.1
2020-10-20,2330.75,2378.35,2320.54,2377.9,21364492.4
2020-10-21,2380.32,2380.47,2307.87,2322.07,21801865.78
2020-10-22,2307.0,2328.33,2279.99,2313.79,19299117.9
2020-10-23,2315.38,2342.24,2262.17,2267.62,20703953.94
2020-10-26,2253.51,2323.31,2228.3,2323.31,18933724.94
2020-10-27,2316.34,2343.38,2303.52,2342.26,19340837.26
2020-10-28,2325.0,2395.18,2317.51,2379.22,24339676.7
2020-10-29,2335.69,2403.52,2333.21,2387.77,25162341.43
2020-10-30,2412.78,2431.8,2363.08,2377.05,25960770.44
2020-11-02,2349.18,2456.74,2346.57,2437.74,25737076.87
2020-11-03,2450.05,2455.1,2396.58,2432.02,25574007.28
2020-11-04,2428.98,2462.61,2386.76,2419.93,25047359.06
2020-11-05,2463.74,2527.26,2461.25,2523.56,27597292.6
2020-11-06,2549.7,2553.64,2456.29,2481.81,29085424.85
2020-11-09,2496.47,2547.82,2484.27,2526.92,31009611.51
2020-11-10,2519.56,2561.08,2473.93,2530.6,27739602.95
2020-11-11,2514.52,2542.67,2465.48,2465.48,22434032.22
2020-11-12,2495.39,2496.41,2447.81,2467.54,18229912.07
2020-11-13,2478.55,2483.59,2437.77,2461.41,19936953.7
2020-11-16,2456.22,2475.9,2412.07,2469.83,22352780.72
2020-11-17,2474.34,2477.27,2393.2,2410.6,23241263.42
2020-11-18,2407.71,2423.87,2348.72,2368.94,22585573.2
2020-11-19,2368.51,2395.97,2345.82,2392.71,19152563.9
2020-11-20,2402.66,2460.82,2398.08,2456.62,23171449.05
2020-11-23,2469.47,2534.11,2461.29,2519.1,31548658.28
2020-11-24,2526.9,2542.8,2505.59,2534.57,30264867.76
2020-11-25,2541.29,2557.79,2490.04,2495.07,31001226.92
2020-11-26,2492.18,2494.86,2436.16,2485.97,25356853.62
2020-11-27,2484.46,2496.83,2444.65,2479.04,21861835.85
2020-11-30,2483.62,2483.62,2438.86,2466.14,24224807.63
2020-12-01,2452.38,2498.24,2446.99,2498.2,22238857.47
2020-12-02,2497.35,2504.93,2452.89,2477.38,25780285.68
2020-12-03,2473.71,2473.71,2440.68,2461.92,20618133.62
2020-12-04,2457.33,2487.17,2451.0,2486.11,23132683.53
2020-12-07,2493.77,2538.03,2491.92,2525.73,29031791.1
2020-12-08,2532.82,2582.09,2532.75,2566.43,27264887.93
2020-12-09,2575.52,2599.06,2534.85,2542.51,29503165.15
2020-12-10,2537.54,2602.67,2504.49,2579.74,28730082.58
2020-12-11,2586.95,2594.97,2513.1,2545.22,29853397.99
2020-12-14,2563.96,2630.54,2552.82,2629.87,31799229.65
2020-12-15,2634.9,2678.8,2616.35,2678.51,31843005.08
2020-12-16,2692.56,2713.21,2678.3,2692.28,36672730.86
2020-12-17,2677.67,2707.68,2641.48,2705.21,34310899.64
2020-12-18,2708.85,2783.02,2703.09,2770.45,36953046.6
2020-12-21,2827.09,2936.71,2820.82,2936.71,44453232.17
2020-12-22,2920.39,2975.59,2862.46,2867.42,42910975.88
2020-12-23,2897.65,3027.28,2897.65,2986.32,57083147.35
2020-12-24,2985.18,3008.95,2943.07,2956.16,48650392.34
2020-12-25,2952.65,3083.31,2951.72,3082.39,55523758.65
2020-12-28,3089.11,3100.3,3022.09,3079.04,59459967.47
2020-12-29,3066.47,3066.47,2904.85,2914.88,54965726.01
2020-12-30,2950.77,3049.53,2950.77,3019.67,46064193.13
2020-12-31,3045.05,3103.87,3027.22,3085.81,49283570.98
2021-01-04,3114.27,3344.25,3114.03,3316.99,54669566.03
2021-01-05,3292.64,3351.63,3262.65,3335.79,60085862.11
2021-01-06,3354.81,3374.68,3264.41,3334.19,51723577.3
2021-01-07,3347.38,3471.78,3327.41,3447.85,56250348.9
2021-01-08,3482.5,3482.67,3310.25,3381.83,51792042.6
2021-01-11,3389.58,3389.58,3211.26,3233.25,58439527.97
2021-01-12,3209.05,3345.25,3186.82,3340.97,45906816.27
2021-01-13,3340.95,3415.93,3230.51,3265.31,55303699.54
2021-01-14,3221.29,3240.38,3133.98,3171.2,49955798.31
2021-01-15,3147.0,3232.24,3098.37,3214.62,41760476.81
2021-01-18,3180.08,3277.73,3150.73,3261.14,38611512.19
2021-01-19,3270.82,3297.9,3146.42,3166.68,41542001.05
2021-01-20,3192.65,3313.27,3185.27,3307.6,35187130.38
2021-01-21,3320.54,3436.19,3283.02,3411.91,45606491.46
2021-01-22,3422.33,3550.22,3419.61,3545.28,49091958.71
2021-01-25,3560.53,3693.08,3496.65,3535.29,54936363.85
2021-01-26,3521.1,3548.91,3436.62,3466.4,43572365.92
2021-01-27,3473.27,3570.96,3368.98,3570.71,39304252.43
2021-01-28,3468.16,3505.77,3381.52,3388.87,38986105.03
2021-01-29,3422.63,3436.16,3218.02,3299.42,37749692.39
2021-02-01,3269.19,3304.84,3209.13,3255.93,33697954.58
2021-02-02,3286.73,3386.28,3232.58,3369.01,36129347.11
2021-02-03,3401.51,3456.68,3360.48,3368.33,40072989.02
2021-02-04,3345.84,3403.17,3267.89,3324.2,37877018.35
2021-02-05,3351.73,3408.82,3254.49,3260.95,37038516.34
2021-02-08,3264.97,3306.7,3157.8,3305.46,29880856.72
2021-02-09,3331.0,3435.7,3312.83,3421.75,31006364.81
2021-02-10,3452.65,3511.88,3398.66,3486.5,30025868.7
2021-02-18,3569.75,3573.73,3406.89,3458.87,35453960.15
2021-02-19,3411.44,3431.75,3296.23,3394.03,36283565.92
2021-02-22,3390.02,3469.5,3323.8,3323.93,45802650.87
2021-02-23,3274.46,3346.43,3259.61,3305.19,37775381.43
2021-02-24,3294.18,3320.36,3112.8,3155.19,38154790.65
2021-02-25,3206.26,3208.62,3100.8,3111.84,29708317.94
2021-02-26,3005.02,3089.13,2985.49,3057.08,28345885.6
2021-03-01,3113.69,3188.3,3103.17,3165.57,28246353.24
2021-03-02,3204.72,3214.33,3115.07,3157.81,36935985.3
2021-03-03,3136.09,3162.89,3088.02,3162.89,37034214.8
2021-03-04,3100.74,3100.74,2943.64,2955.09,44224829.52
2021-03-05,2867.38,2987.01,2861.33,2951.33,32878167.13
2021-03-08,2975.79,2988.63,2792.83,2796.43,43940816.94
2021-03-09,2780.39,2827.36,2661.75,2726.65,44092540.87
2021-03-10,2811.68,2835.28,2762.72,2773.01,31978977.66
2021-03-11,2781.17,2882.8,2766.1,2869.21,32608299.66
2021-03-12,2906.54,2938.67,2852.42,2916.82,47317180.16
2021-03-15,2889.02,2889.02,2772.35,2802.12,43415121.59
2021-03-16,2813.75,2837.56,2760.62,2817.31,44591502.6
2021-03-17,2799.75,2869.73,2756.37,2862.62,37058597.13
2021-03-18,2869.29,2905.5,2866.89,2890.32,38076961.39
2021-03-19,2822.08,2854.53,2775.75,2799.92,41155157.77
2021-03-22,2815.49,2868.16,2799.55,2845.4,42646863.53
2021-03-23,2822.71,2824.46,2734.6,2763.28,48067477.93
2021-03-24,2746.48,2773.05,2684.63,2698.73,43006275.04
2021-03-25,2664.48,2722.98,2648.08,2703.29,37393478.87
2021-03-26,2723.71,2843.74,2723.71,2833.62,41429918.2
2021-03-29,2838.39,2838.41,2796.31,2805.99,37480650.99
2021-03-30,2797.29,2871.76,2778.6,2866.04,36731598.29
2021-03-31,2859.69,2872.79,2820.14,2849.56,29717010.26
2021-04-01,2866.6,2922.65,2865.46,2890.53,28072069.63
2021-04-02,2895.96,2916.45,2854.25,2893.42,26909080.75
2021-04-06,2920.28,2964.09,2898.84,2937.64,30722956.16
2021-04-07,2949.61,2949.61,2858.65,2891.71,36081271.31
2021-04-08,2866.02,2882.65,2843.53,2863.08,29429846.37
2021-04-09,2847.8,2855.24,2802.93,2812.82,24026303.81
2021-04-12,2813.1,2830.39,2721.76,2733.87,27598815.85
2021-04-13,2726.86,2776.97,2718.92,2742.66,22138654.83
2021-04-14,2754.29,2833.13,2754.29,2831.54,20793305.64
2021-04-15,2817.05,2844.3,2790.35,2836.93,19332867.9
2021-04-16,2839.78,2840.58,2765.13,2815.26,18953214.98
2021-04-19,2807.46,2959.19,2800.66,2955.02,28314512.43
2021-04-20,2936.1,3013.79,2930.37,2965.9,28343205.96
2021-04-21,2952.81,2975.23,2914.91,2953.57,22212703.19
2021-04-22,2988.66,2992.88,2925.64,2965.06,21630378.44
2021-04-23,2962.35,3026.55,2959.9,3009.27,28873127.83
2021-04-26,3019.27,3072.18,2964.73,2969.05,31458844.9
2021-04-27,2967.27,2980.68,2905.88,2948.39,25070444.1
2021-04-28,2953.04,3030.51,2945.58,3015.83,22968700.28
2021-04-29,3027.25,3031.15,2977.48,3019.97,22351081.24
2021-04-30,3004.68,3120.2,3001.2,3096.95,28060258.99
2021-05-06,3093.7,3128.05,3027.48,3083.12,25485932.4
2021-05-07,3082.43,3114.34,3002.44,3002.44,27801426.01
2021-05-10,2993.37,3056.87,2972.26,3038.73,26096352.7
2021-05-11,2996.24,3002.0,2929.66,2992.72,25159974.71
2021-05-12,2978.64,3010.02,2958.77,2991.13,19420946.37
2021-05-13,2942.02,2961.76,2922.04,2923.93,21365144.26
2021-05-14,2937.61,2996.36,2897.92,2988.6,21765894.58
2021-05-17,2983.82,3102.55,2983.82,3093.58,25884144.26
2021-05-18,3091.15,3116.61,3070.38,3084.23,21293779.81
2021-05-19,3071.08,3166.2,3054.74,3155.59,26778936.99
2021-05-20,3154.29,3179.04,3121.05,3143.63,25401131.77
2021-05-21,3171.01,3214.64,3124.79,3151.71,27638033.37
2021-05-24,3156.65,3168.31,3121.54,3167.99,25238549.57
2021-05-25,3159.99,3205.02,3136.11,3204.71,24468260.76
2021-05-26,3202.68,3203.95,3153.34,3155.64,23435265.93
2021-05-27,3153.35,3175.98,3139.15,3170.85,23540711.37
2021-05-28,3184.78,3320.71,3184.71,3267.02,31449815.31
2021-05-31,3294.98,3428.05,3294.89,3424.16,33051849.19
2021-06-01,3399.82,3410.62,3326.35,3382.85,30319903.57
2021-06-02,3414.86,3433.91,3337.47,3359.64,26055718.76
2021-06-03,3351.11,3358.35,3286.6,3302.2,25469619.03
2021-06-04,3280.02,3403.01,3267.32,3355.58,28183531.07
2021-06-07,3348.46,3349.5,3260.04,3295.76,32736867.3
2021-06-08,3295.17,3363.8,3244.03,3270.07,30078475.26
2021-06-09,3273.12,3291.4,3248.08,3288.1,26570941.99
2021-06-10,3296.34,3456.59,3293.24,3433.76,34998333.79
2021-06-11,3459.4,3527.92,3417.11,3491.2,38189343.2
2021-06-15,3503.42,3526.41,3418.46,3451.88,31756819.49
2021-06-16,3429.5,3429.95,3248.38,3255.24,29578004.61
2021-06-17,3267.11,3333.88,3267.11,3331.11,24703022.12
2021-06-18,3348.11,3477.0,3343.22,3451.23,31772896.36
2021-06-21,3452.51,3545.1,3420.69,3508.93,33891299.05
2021-06-22,3524.04,3530.0,3450.01,3518.1,33227238.9
2021-06-23,3529.06,3620.51,3523.8,3589.76,37137992.25
2021-06-24,3636.29,3642.65,3555.72,3617.33,42326362.09
2021-06-25,3622.55,3678.25,3607.47,3662.43,35200666.48
2021-06-28,3679.03,3751.68,3679.03,3722.27,31244396.36
2021-06-29,3767.42,3816.96,3747.24,3775.91,33955548.05
2021-06-30,3759.12,3854.19,3725.99,3848.38,32204349.29
2021-07-01,3864.48,3864.64,3738.88,3754.34,33508537.83
2021-07-02,3713.95,3793.2,3691.36,3715.88,33581474.45
2021-07-05,3731.97,3822.97,3731.73,3803.92,34158221.97
2021-07-06,3819.67,3886.51,3698.37,3770.96,37197440.75
2021-07-07,3748.91,4002.34,3706.91,3998.75,42174162.15
2021-07-08,4032.87,4138.62,4032.87,4079.18,45179682.7
2021-07-09,4061.11,4168.05,3980.94,4134.79,42765840.84
2021-07-12,4208.09,4341.07,4189.87,4286.61,48292034.56
2021-07-13,4269.86,4323.67,4238.73,4308.83,50048814.76
2021-07-14,4260.8,4286.41,4143.39,4167.89,46967496.02
2021-07-15,4139.05,4311.56,4121.94,4303.12,42611286.45
2021-07-16,4279.96,4348.15,4167.84,4173.6,45055544.85
2021-07-19,4177.83,4262.13,4081.42,4112.37,40674262.32
2021-07-20,4068.45,4183.62,4066.09,4164.1,37521397.82
2021-07-21,4208.36,4392.05,4201.58,4374.24,48094581.82
2021-07-22,4408.45,4441.6,4341.06,4441.15,52950650.44
2021-07-23,4446.03,4543.07,4383.47,4410.86,54533404.58
2021-07-26,4404.13,4448.1,4215.23,4370.21,51130136.72
2021-07-27,4370.39,4471.48,4086.32,4086.32,57873080.63
2021-07-28,4013.9,4181.06,3938.35,4099.81,46830255.76
2021-07-29,4235.43,4405.92,4186.59,4391.81,44510158.13
2021-07-30,4406.4,4519.62,4358.53,4422.57,55163671.35
2021-08-02,4469.04,4589.97,4345.57,4476.14,58807595.68
2021-08-03,4464.21,4464.21,4241.81,4268.67,50163597.24
2021-08-04,4265.56,4592.58,4265.56,4588.41,49116227.3
2021-08-05,4566.55,4638.78,4498.11,4604.61,50594428.82
2021-08-06,4671.9,4769.97,4617.51,4671.73,53415925.7
2021-08-09,4617.29,4617.29,4407.0,4531.65,46370704.83
2021-08-10,4515.9,4618.18,4397.57,4500.95,52847123.17
2021-08-11,4485.63,4580.44,4443.16,4550.07,57708357.98
2021-08-12,4524.29,4562.29,4443.97,4538.42,49247649.12
2021-08-13,4470.06,4641.24,4465.42,4484.71,48545858.47
2021-08-16,4433.46,4468.49,4322.62,4344.87,44861850.15
2021-08-17,4354.01,4433.19,4278.65,4313.17,51108594.15
2021-08-18,4321.11,4403.25,4258.76,4298.21,39927875.09
2021-08-19,4302.24,4462.69,4224.99,4405.58,49851155.42
2021-08-20,4377.42,4472.91,4324.97,4394.63,48841242.35
2021-08-23,4432.23,4526.02,4365.61,4513.88,52258685.11
2021-08-24,4534.48,4695.8,4516.53,4626.51,62930148.4
2021-08-25,4630.62,4727.31,4547.45,4726.99,57674577.92
2021-08-26,4736.8,4781.44,4644.11,4647.38,59997533.85
2021-08-27,4621.36,4772.17,4620.96,4744.21,60255274.61
2021-08-30,4752.0,4997.5,4751.0,4905.68,62845170.13
2021-08-31,4882.29,4882.29,4781.93,4853.15,60938723.6
2021-09-01,4859.38,4862.66,4502.7,4579.41,71654888.28
2021-09-02,4564.94,4730.23,4564.94,4726.09,59358510.78
2021-09-03,4736.06,4801.34,4518.14,4564.61,84180435.01
2021-09-06,4573.37,4615.16,4410.38,4607.32,69487063.74
2021-09-07,4611.71,4742.19,4570.71,4735.61,58873077.91
2021-09-08,4744.69,4785.27,4628.41,4642.44,73449340.89
2021-09-09,4654.19,4691.41,4553.02,4657.45,65481929.86
2021-09-10,4637.43,4716.38,4592.05,4709.04,57967717.54
2021-09-13,4717.28,4719.25,4581.43,4623.0,57071850.06
2021-09-14,4611.57,4757.48,4531.31,4684.98,61320416.0
2021-09-15,4703.25,4798.77,4676.56,4795.21,63666115.67
2021-09-16,4792.07,4792.07,4547.1,4547.26,64411999.8
2021-09-17,4532.59,4620.48,4433.39,4567.64,63237135.1
2021-09-22,4516.52,4628.18,4513.4,4599.06,61832318.42
2021-09-23,4669.77,4669.77,4589.28,4598.15,72118122.97
2021-09-24,4591.35,4742.84,4519.37,4652.57,61047485.86
2021-09-27,4690.57,4713.16,4461.29,4564.56,60640281.89
2021-09-28,4540.03,4611.69,4484.34,4499.46,53450656.9
2021-09-29,4447.52,4539.43,4401.81,4426.08,60354171.15
2021-09-30,4449.37,4582.28,4426.64,4575.02,55213196.45
2021-10-08,4656.12,4660.21,4422.06,4460.12,49754402.49
2021-10-11,4471.44,4488.83,4357.57,4412.45,43612593.59
2021-10-12,4405.0,4426.93,4266.46,4330.88,44724496.43
2021-10-13,4343.33,4491.98,4333.47,4489.85,38623781.06
2021-10-14,4480.96,4597.31,4474.6,4550.08,39676054.9
2021-10-15,4539.91,4678.27,4504.11,4665.38,45429143.2
2021-10-18,4703.97,4788.91,4672.47,4785.5,43147411.55
2021-10-19,4812.94,4837.9,4756.52,4790.51,45689922.89
2021-10-20,4774.68,4952.31,4772.27,4877.29,50412038.33
2021-10-21,4873.78,4873.78,4768.74,4807.68,42907143.97
2021-10-22,4809.79,4826.43,4724.94,4729.24,40296474.77
2021-10-25,4748.31,4939.7,4748.31,4910.84,45259230.37
2021-10-26,4992.19,5002.41,4886.53,4894.86,53113545.58
2021-10-27,4902.33,5032.4,4891.15,5017.47,55883682.77
2021-10-28,5026.22,5083.36,4928.55,4953.05,56187491.97
2021-10-29,4955.59,5071.74,4817.81,5066.46,54814527.75
2021-11-01,5051.49,5128.19,4951.77,5015.77,58289634.1
2021-11-02,5014.65,5072.85,4924.47,4984.56,55668286.37
2021-11-03,4950.71,4967.36,4798.3,4859.26,46619235.95
2021-11-04,4917.98,5011.43,4892.07,4960.28,49563879.21
2021-11-05,4937.63,4980.83,4862.4,4862.4,52692702.12
2021-11-08,4858.84,5031.88,4858.84,5018.51,40675826.88
2021-11-09,5087.47,5107.93,5008.79,5052.68,42524734.09
2021-11-10,4997.01,5014.19,4871.69,4968.94,40892291.09
2021-11-11,4976.95,5033.08,4924.67,4966.09,35079159.23
2021-11-12,4983.24,5015.76,4953.65,4997.64,39577408.72
2021-11-15,4983.01,4983.01,4784.24,4812.05,43587762.53
2021-11-16,4798.7,4825.33,4719.28,4729.32,41558269.53
2021-11-17,4765.51,4867.9,4761.66,4858.01,48139018.97
2021-11-18,4847.62,4896.1,4777.08,4852.25,51496110.78
2021-11-19,4859.52,4923.75,4829.15,4917.86,46390137.44
2021-11-22,4954.81,5096.52,4954.81,5096.52,52094406.95
2021-11-23,5086.68,5100.11,5039.63,5052.65,50088448.7
2021-11-24,5048.93,5068.52,4934.79,4948.26,48670134.34
2021-11-25,4940.24,4941.88,4868.98,4886.07,37894778.09
2021-11-26,4877.9,4985.93,4877.57,4957.76,37790545.23
2021-11-29,4875.59,5067.04,4871.76,5041.52,39034925.89
2021-11-30,5084.44,5087.69,5001.45,5049.36,43410436.17
2021-12-01,5042.9,5072.31,4943.5,4992.18,45645728.0
2021-12-02,4982.11,5013.16,4941.15,4968.15,36186074.94
2021-12-03,4961.43,4977.77,4915.95,4977.77,43887628.01
2021-12-06,4961.63,5001.6,4867.93,4872.52,45390156.1
2021-12-07,4903.25,4904.77,4718.78,4785.35,41180361.89
2021-12-08,4813.56,4876.75,4798.93,4870.03,37134722.32
2021-12-09,4860.87,4867.98,4812.51,4838.31,32762520.62
2021-12-10,4801.38,4940.97,4789.99,4918.04,35392161.19
2021-12-13,4920.32,4954.56,4878.32,4929.53,46233811.24
2021-12-14,4912.95,4929.58,4857.71,4877.13,34876603.97
2021-12-15,4863.87,4913.96,4838.97,4845.33,43338185.45
2021-12-16,4855.51,4881.16,4822.6,4874.0,33910620.83
2021-12-17,4847.0,4856.36,4736.61,4740.58,44587668.6
2021-12-20,4707.14,4722.57,4519.15,4532.47,43274169.19
2021-12-21,4527.79,4568.7,4459.14,4541.27,31140130.87
2021-12-22,4565.33,4583.44,4533.3,4557.62,25541426.13
2021-12-23,4568.52,4606.59,4538.47,4584.85,44244761.8
2021-12-24,4593.51,4596.77,4374.31,4398.0,53276335.25
2021-12-27,4387.58,4466.33,4356.93,4398.97,38097199.13
2021-12-28,4403.28,4515.65,4388.06,4512.96,33740284.57
2021-12-29,4512.44,4553.45,4469.89,4498.04,35317845.76
2021-12-30,4503.79,4555.24,4488.74,4504.43,32865362.37
2021-12-31,4572.45,4641.0,4572.45,4608.63,35237394.06
2022-01-04,4667.65,4672.63,4425.1,4444.74,34771921.38
2022-01-05,4436.81,4436.81,4261.22,4274.17,36500536.1
2022-01-06,4234.61,4304.66,4183.27,4279.85,26827268.22
2022-01-07,4281.23,4307.2,4158.73,4185.66,27489592.24
2022-01-10,4176.14,4204.13,4122.0,4163.43,25553605.22
2022-01-11,4176.45,4206.71,4096.74,4110.48,24682882.53
2022-01-12,4190.54,4270.64,4178.97,4270.01,28013552.73
2022-01-13,4277.9,4287.26,4170.05,4204.15,25890594.15
2022-01-14,4167.59,4282.55,4162.3,4260.18,23851816.73
2022-01-17,4274.72,4359.68,4248.22,4319.54,22606622.9
2022-01-18,4308.86,4330.0,4264.0,4291.83,28169728.52
2022-01-19,4282.39,4282.39,4123.53,4165.23,22648615.21
2022-01-20,4155.59,4190.45,4121.04,4133.47,23610460.84
2022-01-21,4125.31,4194.18,4079.37,4131.43,23944254.74
2022-01-24,4107.72,4269.5,4087.92,4243.47,23453191.91
2022-01-25,4215.92,4267.54,4138.83,4138.83,24571108.82
2022-01-26,4175.06,4223.61,4137.85,4219.69,22348871.39
2022-01-27,4220.21,4235.92,4089.47,4092.77,24608096.14
2022-01-28,4140.5,4159.09,3976.42,4053.68,24680247.19
2022-02-07,4149.81,4207.37,4082.66,4099.55,22608122.65
2022-02-08,4094.92,4094.92,3855.88,3953.15,25277011.84
2022-02-09,3949.99,3984.09,3873.38,3976.58,24138558.72
2022-02-10,3988.37,3990.12,3813.45,3863.76,25164274.17
2022-02-11,3817.57,3887.35,3767.03,3773.43,25612435.93
2022-02-14,3737.84,3841.24,3715.53,3789.37,20581781.62
2022-02-15,3819.68,3946.13,3792.1,3943.06,21891810.22
2022-02-16,3971.44,3996.13,3923.79,3938.47,18476401.53
2022-02-17,3930.63,4085.3,3915.74,4047.13,28115902.25
2022-02-18,4002.48,4034.27,3976.94,4000.01,19381950.84
2022-02-21,3998.47,4016.84,3945.11,3984.75,19725979.89
2022-02-22,3973.79,4033.03,3938.79,4016.13,24760508.93
2022-02-23,4026.88,4157.49,4026.88,4155.55,30136259.34
2022-02-24,4113.25,4227.55,4057.73,4125.39,41193169.42
2022-02-25,4210.78,4265.03,4172.69,4223.23,32621621.19
2022-02-28,4220.52,4310.03,4210.28,4310.01,32995093.47
2022-03-01,4366.12,4396.76,4262.83,4295.22,32019335.96
2022-03-02,4279.36,4279.36,4168.79,4249.41,27675323.38
2022-03-03,4268.63,4271.99,4165.98,4170.72,26547442.47
2022-03-04,4122.74,4188.61,4076.8,4096.21,25472591.8
2022-03-07,4059.11,4061.75,3951.48,3970.34,27212056.27
2022-03-08,3985.27,4010.03,3860.7,3884.28,33573346.19
2022-03-09,3918.84,3940.5,3709.11,3889.3,38898132.21
2022-03-10,4039.14,4115.26,4012.07,4056.7,41498037.64
2022-03-11,3972.57,4028.81,3894.43,4020.6,32590697.91
2022-03-14,3967.36,4000.9,3893.44,3893.44,24184734.16
2022-03-15,3851.97,3983.47,3811.04,3820.76,35060984.82
2022-03-16,3910.52,4025.17,3774.82,4024.2,35347885.3
2022-03-17,4094.61,4138.74,4043.62,4049.57,33220857.99
2022-03-18,4013.52,4025.82,3958.16,4020.16,23361722.03
2022-03-21,4030.65,4117.24,4017.35,4063.44,25913752.92
2022-03-22,4056.4,4070.9,3972.99,4000.33,22378235.42
2022-03-23,4044.66,4067.72,3985.19,4009.36,25629099.72
2022-03-24,3979.78,3981.01,3886.42,3951.85,21915628.67
2022-03-25,3953.37,3960.8,3833.16,3833.16,19943261.13
2022-03-28,3807.66,3826.33,3746.54,3772.72,19181992.58
2022-03-29,3802.56,3853.46,3752.34,3784.23,20500785.34
2022-03-30,3816.51,3924.87,3802.99,3924.87,21596783.3
2022-03-31,3907.08,3907.08,3779.36,3800.21,21609109.05
2022-04-01,3770.43,3872.85,3757.98,3819.4,16538341.47
2022-04-06,3797.36,3797.36,3686.5,3714.4,18833457.0
2022-04-07,3685.48,3711.57,3638.43,3660.35,18197897.0
2022-04-08,3665.73,3701.55,3598.45,3631.24,18477484.0
2022-04-11,3582.2,3582.2,3425.59,3433.28,24054165.0
2022-04-12,3435.39,3474.12,3395.97,3473.56,19199525.0
2022-04-13,3451.04,3502.01,3412.53,3429.9,16982603.0
2022-04-14,3467.18,3475.81,3369.49,3400.59,18777445.0
2022-04-15,3365.26,3383.98,3285.66,3354.48,19625546.0
2022-04-18,3327.11,3436.01,3281.3,3435.93,18114130.0
2022-04-19,3438.4,3502.05,3413.73,3425.81,17984672.0
2022-04-20,3393.86,3394.05,3282.99,3288.59,17800869.0
2022-04-21,3270.67,3299.45,3129.9,3148.7,24124010.0
2022-04-22,3120.55,3157.24,3097.07,3119.74,22785064.0
2022-04-25,3032.65,3050.56,2889.49,2889.49,27698878.0
2022-04-26,2896.91,2926.66,2821.05,2827.98,26101313.0
2022-04-27,2791.95,3068.1,2790.36,3064.38,31275816.0
2022-04-28,3045.35,3171.04,3031.03,3106.27,29404807.0
2022-04-29,3138.12,3252.82,3082.39,3243.53,30664779.0
2022-05-05,3200.93,3289.22,3176.15,3237.87,26523339.0
2022-05-06,3147.63,3230.02,3142.84,3176.91,18707637.0
2022-05-09,3161.64,3228.28,3161.54,3197.86,15044034.0
2022-05-10,3138.36,3326.07,3135.8,3295.71,27733122.0
2022-05-11,3304.47,3513.97,3302.63,3432.37,36160575.0
2022-05-12,3405.92,3433.68,3375.13,3399.52,24404018.0
2022-05-13,3431.49,3442.75,3385.82,3417.17,18784513.0
2022-05-16,3444.43,3496.28,3377.74,3377.74,19225252.0
2022-05-17,3385.44,3517.03,3382.63,3498.12,21884956.0
2022-05-18,3510.15,3559.23,3484.55,3531.78,23160606.0
2022-05-19,3481.97,3661.04,3477.77,3650.59,34953763.0
2022-05-20,3677.38,3709.71,3620.57,3691.12,34087948.0
2022-05-23,3690.48,3696.82,3618.16,3686.69,27584846.0
2022-05-24,3674.98,3693.5,3551.27,3554.3,30830766.0
2022-05-25,3552.08,3584.89,3503.09,3572.98,25189799.0
2022-05-26,3580.31,3626.63,3508.45,3576.3,23548494.0
2022-05-27,3607.26,3655.07,3542.27,3566.97,20590648.0
2022-05-30,3586.38,3611.2,3555.16,3602.5,20540603.0
2022-05-31,3632.76,3682.95,3574.81,3681.67,29263026.0
2022-06-01,3665.79,3716.93,3620.65,3698.65,26237735.0
2022-06-02,3681.4,3796.47,3669.13,3787.2,30637384.0
2022-06-06,3798.5,4022.81,3798.5,3985.5,37791820.0
2022-06-07,4029.48,4046.44,3947.04,3979.93,33417738.0
2022-06-08,3991.44,4024.71,3891.05,3998.5,33706510.0
2022-06-09,3970.27,4002.62,3899.8,3932.84,26900436.0
2022-06-10,3897.97,4041.73,3881.89,4037.68,35549664.0
2022-06-13,3993.99,4114.47,3990.34,4079.63,33487852.0
2022-06-14,4017.25,4048.71,3907.66,4043.46,30511534.0
2022-06-15,4058.73,4109.39,3967.96,4016.12,31106507.0
2022-06-16,4016.17,4116.03,4016.17,4071.5,26317462.0
2022-06-17,4038.99,4226.41,4038.73,4219.91,33371791.0
2022-06-20,4270.58,4355.96,4243.57,4293.4,37034428.0
2022-06-21,4287.96,4304.4,4183.46,4237.74,33985808.0
2022-06-22,4243.5,4355.39,4243.5,4268.96,27413348.0
2022-06-23,4298.66,4372.44,4223.55,4372.4,33831059.0
2022-06-24,4399.79,4471.07,4381.09,4466.28,35813130.0
2022-06-27,4503.16,4543.75,4456.2,4493.81,36333801.0
2022-06-28,4497.06,4577.18,4431.41,4571.26,37703043.0
2022-06-29,4536.37,4550.06,4370.85,4377.46,35188698.0
2022-06-30,4382.89,4516.36,4369.66,4481.26,31143803.0
2022-07-01,4485.62,4523.56,4445.92,4469.74,31593368.0
2022-07-04,4418.44,4558.15,4397.97,4557.68,37497734.0
2022-07-05,4585.64,4616.9,4506.9,4593.04,37650288.0
2022-07-06,4580.99,4632.91,4507.28,4562.26,34607752.0
2022-07-07,4568.93,4697.57,4529.57,4692.13,39662621.0
2022-07-08,4728.61,4743.52,4555.49,4566.58,34813811.0
2022-07-11,4527.96,4531.34,4373.21,4427.83,35956586.0
2022-07-12,4435.97,4482.12,4335.63,4364.62,30886025.0
2022-07-13,4366.76,4506.61,4299.73,4472.61,37474604.0
2022-07-14,4458.63,4629.49,4441.4,4589.93,41663776.0
2022-07-15,4560.65,4643.34,4530.54,4530.54,39452133.0
2022-07-18,4564.81,4574.41,4436.61,4549.55,39190500.0
2022-07-19,4548.17,4548.17,4437.0,4449.54,33993687.0
2022-07-20,4480.54,4510.21,4444.44,4472.69,29336590.0
2022-07-21,4464.44,4498.23,4389.94,4389.94,33582875.0
2022-07-22,4432.25,4469.0,4365.87,4410.71,32032915.0
2022-07-25,4405.19,4406.51,4311.67,4321.74,35896414.0
2022-07-26,4324.25,4436.35,4311.41,4382.26,31783278.0
2022-07-27,4381.22,4448.03,4344.22,4440.4,33316511.0
2022-07-28,4475.8,4483.52,4378.33,4396.3,33170710.0
2022-07-29,4412.33,4460.49,4360.22,4370.23,33462286.0
2022-08-01,4350.26,4474.13,4296.71,4466.02,30259052.0
2022-08-02,4385.1,4441.89,4318.74,4362.79,35759407.0
2022-08-03,4392.81,4439.65,4206.73,4227.59,31090489.0
2022-08-04,4253.56,4281.02,4165.9,4225.56,24908088.0
2022-08-05,4231.32,4276.75,4182.43,4264.35,23773758.0
2022-08-08,4243.05,4294.48,4189.52,4293.04,22486040.0
2022-08-09,4289.76,4429.63,4269.27,4385.48,27699678.0
2022-08-10,4380.74,4401.14,4319.15,4341.29,25709246.0
2022-08-11,4363.8,4384.24,4261.03,4383.31,26394144.0
2022-08-12,4369.19,4391.45,4311.68,4313.14,23459155.0
2022-08-15,4313.95,4490.79,4313.95,4455.73,27100208.0
2022-08-16,4468.22,4534.13,4454.88,4481.86,29614928.0
2022-08-17,4488.59,4520.7,4457.59,4503.21,34934482.0
2022-08-18,4500.84,4570.41,4499.07,4528.66,32267222.0
2022-08-19,4531.36,4532.71,4391.3,4396.58,45635843.0
2022-08-22,4378.09,4474.72,4322.48,4468.79,39749548.0
2022-08-23,4459.65,4546.41,4459.65,4499.98,32136991.0
2022-08-24,4527.12,4531.18,4322.15,4330.64,30516127.0
2022-08-25,4350.29,4358.55,4188.57,4242.06,25330622.0
2022-08-26,4258.92,4305.02,4209.46,4218.37,25395996.0
2022-08-29,4142.16,4245.15,4134.96,4225.7,21537215.0
2022-08-30,4232.84,4241.29,4160.86,4175.1,18905489.0
2022-08-31,4149.92,4175.55,3972.99,3995.77,27233450.0
2022-09-01,3994.85,4032.26,3948.46,3953.55,17739059.0
2022-09-02,3973.35,3979.79,3883.08,3916.43,16520978.0
2022-09-05,3906.93,3978.62,3904.89,3944.08,16554179.0
2022-09-06,3965.3,4058.42,3881.44,4055.76,22062548.0
2022-09-07,4022.01,4161.47,4016.62,4116.97,22198494.0
2022-09-08,4120.31,4130.95,4052.16,4056.28,19195195.0
2022-09-09,4066.33,4071.12,4000.05,4058.95,15855359.0
2022-09-13,4091.24,4097.93,4001.85,4054.57,15347406.0
2022-09-14,3990.09,4035.89,3946.65,3973.86,16312466.0
2022-09-15,3995.66,4001.71,3730.75,3758.64,27392208.0
2022-09-16,3742.67,3778.66,3689.17,3691.72,19381084.0
2022-09-19,3685.99,3750.65,3672.19,3693.81,15296615.0
2022-09-20,3735.61,3858.27,3735.61,3795.07,16344407.0
2022-09-21,3774.97,3809.29,3739.94,3772.1,13662951.0
2022-09-22,3743.09,3820.52,3703.68,3770.62,12743447.0
2022-09-23,3773.28,3812.67,3685.03,3731.85,14262005.0
2022-09-26,3698.8,3846.75,3693.03,3775.09,14850473.0
2022-09-27,3792.9,3819.29,3732.99,3792.69,14559024.0
2022-09-28,3791.66,3802.66,3644.05,3644.09,15993150.0
2022-09-29,3692.62,3728.13,3636.45,3698.2,14676683.0
2022-09-30,3686.56,3694.22,3580.83,3581.73,13062450.0
2022-10-10,3579.14,3615.51,3485.6,3496.32,13426372.0
2022-10-11,3529.72,3607.95,3523.06,3579.68,15566846.0
2022-10-12,3584.66,3715.32,3504.5,3715.32,19606361.0
2022-10-13,3682.71,3761.55,3672.71,3681.41,17413883.0
2022-10-14,3734.14,3844.71,3669.56,3801.24,23089714.0
2022-10-17,3761.59,3783.41,3692.54,3762.1,18566207.0
2022-10-18,3781.93,3828.47,3749.31,3774.14,17741447.0
2022-10-19,3763.75,3839.66,3745.8,3748.59,17585293.0
2022-10-20,3708.42,3709.66,3600.63,3648.61,16625399.0
2022-10-21,3642.14,3694.06,3620.55,3651.24,15948441.0
2022-10-24,3648.02,3683.71,3557.73,3589.85,18009486.0
2022-10-25,3580.18,3695.25,3542.52,3652.68,18122366.0
2022-10-26,3660.81,3724.84,3622.95,3695.9,18522138.0
2022-10-27,3727.59,3795.95,3647.49,3647.49,20046303.0
2022-10-28,3620.02,3627.59,3490.57,3501.2,20307345.0
2022-10-31,3469.11,3544.69,3461.52,3481.3,18248286.0
2022-11-01,3492.71,3625.23,3492.05,3625.14,22348873.0
2022-11-02,3603.16,3704.77,3594.15,3685.16,19903579.0
2022-11-03,3657.92,3737.73,3652.25,3678.19,17925102.0
2022-11-04,3686.4,3871.56,3686.4,3864.92,26363271.0
2022-11-07,3872.42,3912.16,3842.32,3872.17,21721284.0
2022-11-08,3870.03,3901.91,3804.09,3848.26,16793360.0
2022-11-09,3848.23,3850.42,3771.16,3773.46,14177640.0
2022-11-10,3737.65,3756.99,3658.93,3676.58,15606990.0
2022-11-11,3801.27,3808.32,3698.79,3725.2,20553230.0
2022-11-14,3719.94,3747.11,3588.69,3607.48,18562812.0
2022-11-15,3603.86,3684.5,3592.51,3683.26,19296894.0
2022-11-16,3673.19,3678.59,3600.77,3607.05,18220002.0
2022-11-17,3590.92,3590.92,3505.26,3547.52,15452357.0
2022-11-18,3553.17,3597.38,3500.23,3546.81,16356374.0
2022-11-21,3530.49,3590.87,3524.37,3576.83,14418792.0
2022-11-22,3559.17,3559.17,3483.26,3493.24,17119625.0
2022-11-23,3477.46,3576.34,3462.9,3559.31,18770285.0
2022-11-24,3568.62,3603.85,3547.63,3556.22,14957879.0
2022-11-25,3532.86,3532.86,3472.82,3474.86,13253670.0
2022-11-28,3397.08,3456.07,3390.11,3452.95,16873247.0
2022-11-29,3454.73,3480.49,3423.1,3458.87,16998029.0
2022-11-30,3459.33,3506.74,3448.28,3496.09,16747833.0
2022-12-01,3549.4,3582.41,3531.11,3546.68,17822423.0
2022-12-02,3539.69,3599.26,3530.35,3557.97,17436975.0
2022-12-05,3551.43,3553.78,3477.98,3495.56,22512187.0
2022-12-06,3481.08,3546.29,3443.27,3509.5,18511762.0
2022-12-07,3493.8,3594.01,3493.56,3552.4,19803590.0
2022-12-08,3546.05,3612.25,3528.8,3564.46,16751503.0
2022-12-09,3560.19,3568.86,3529.33,3553.28,19592044.0
2022-12-12,3530.53,3537.59,3486.73,3495.05,14680966.0
2022-12-13,3493.52,3507.92,3421.22,3423.58,12688333.0
2022-12-14,3427.62,3448.87,3384.26,3397.18,10586171.0
2022-12-15,3389.96,3469.02,3379.25,3466.52,10906146.0
2022-12-16,3439.56,3451.44,3371.03,3393.39,11579623.0
2022-12-19,3386.08,3471.87,3385.41,3398.98,12541897.0
2022-12-20,3390.27,3403.77,3350.02,3362.9,10192717.0
2022-12-21,3360.86,3363.07,3302.27,3315.57,9730511.0
2022-12-22,3334.92,3336.83,3218.98,3229.58,13679710.0
2022-12-23,3203.5,3225.54,3167.46,3191.03,9211266.0
2022-12-26,3188.08,3332.19,3188.08,3326.13,12430512.0
2022-12-27,3328.15,3371.1,3317.78,3365.9,11276520.0
2022-12-28,3335.41,3362.31,3294.59,3347.43,18087693.0
2022-12-29,3334.22,3374.0,3329.09,3333.36,12194563.0
2022-12-30,3356.12,3379.18,3313.58,3313.58,11420938.0
2023-01-03,3305.51,3364.05,3259.96,3355.59,16644645.0
2023-01-04,3344.62,3345.2,3265.26,3281.32,13868414.0
2023-01-05,3294.82,3393.67,3286.37,3374.73,16997489.0
2023-01-06,3376.59,3531.35,3376.07,3482.6,23207267.0
2023-01-09,3504.61,3548.37,3482.2,3497.02,18576256.0
2023-01-10,3512.31,3541.26,3475.79,3525.4,16451594.0
2023-01-11,3522.47,3539.79,3474.82,3476.77,14380214.0
2023-01-12,3498.66,3556.48,3497.86,3520.18,15122837.0
2023-01-13,3552.0,3558.75,3474.13,3513.99,13687684.0
2023-01-16,3505.95,3565.63,3481.17,3537.75,16117797.0
2023-01-17,3546.7,3577.94,3537.09,3554.98,11395662.0
2023-01-18,3568.41,3594.94,3547.57,3572.03,10518297.0
2023-01-19,3564.03,3570.74,3539.13,3560.34,10971601.0
2023-01-20,3574.36,3634.04,3567.2,3634.04,16431341.0
2023-01-30,3740.98,3764.78,3696.9,3701.75,21647745.0
2023-01-31,3694.1,3735.99,3689.58,3705.92,15775511.0
2023-02-01,3720.91,3748.34,3682.63,3733.45,19133963.0
2023-02-02,3735.1,3737.06,3683.39,3693.81,16370422.0
2023-02-03,3682.67,3684.85,3585.8,3630.3,15669428.0
2023-02-06,3610.09,3612.72,3558.1,3588.19,12044704.0
2023-02-07,3594.34,3609.67,3556.55,3580.53,11839488.0
2023-02-08,3584.99,3620.16,3573.06,3578.55,13622742.0
2023-02-09,3566.82,3619.44,3549.16,3611.8,13476374.0
2023-02-10,3605.47,3605.47,3542.3,3556.7,15324492.0
2023-02-13,3552.26,3589.52,3543.59,3569.31,16082308.0
2023-02-14,3585.9,3588.37,3534.61,3556.06,15202467.0
2023-02-15,3560.06,3592.33,3523.8,3530.76,14111869.0
2023-02-16,3532.34,3554.56,3440.15,3465.24,19185600.0
2023-02-17,3465.0,3469.73,3386.28,3386.84,13352749.0
2023-02-20,3368.87,3416.08,3333.21,3416.08,16081616.0
2023-02-21,3411.08,3459.18,3394.17,3438.97,16261288.0
2023-02-22,3411.51,3443.52,3399.38,3405.16,11953725.0
2023-02-23,3406.1,3466.97,3406.05,3452.53,12756041.0
2023-02-24,3454.4,3454.4,3395.45,3402.55,10398046.0
2023-02-27,3387.47,3439.67,3374.37,3391.02,11842067.0
2023-02-28,3395.42,3406.13,3363.0,3404.3,12965958.0
2023-03-01,3401.09,3401.09,3374.49,3395.78,15136846.0
2023-03-02,3400.26,3401.3,3335.77,3341.78,17854250.0
2023-03-03,3344.15,3363.72,3330.24,3341.41,14970466.0
2023-03-06,3349.29,3414.42,3302.87,3408.65,19840769.0
2023-03-07,3394.88,3407.84,3365.97,3366.25,16805705.0
2023-03-08,3353.88,3389.29,3322.19,3339.91,12220248.0
2023-03-09,3345.16,3359.97,3319.96,3327.36,11672932.0
2023-03-10,3310.81,3328.89,3276.88,3298.11,12749273.0
2023-03-13,3286.42,3308.78,3247.3,3259.32,13675203.0
2023-03-14,3256.03,3256.03,3151.52,3222.29,16835806.0
2023-03-15,3237.54,3284.56,3213.24,3220.5,14244373.0
2023-03-16,3189.14,3201.66,3104.9,3109.48,17038732.0
2023-03-17,3133.3,3141.7,3080.6,3087.37,15734566.0
2023-03-20,3077.19,3147.32,3045.67,3111.11,17789340.0
2023-03-21,3114.06,3159.2,3093.31,3159.06,14542297.0
2023-03-22,3177.7,3217.39,3153.88,3169.56,14678936.0
2023-03-23,3151.71,3171.91,3139.15,3154.46,13701807.0
2023-03-24,3156.13,3193.19,3124.92,3163.54,14827242.0
2023-03-27,3156.58,3200.02,3133.73,3190.38,15443584.0
2023-03-28,3187.1,3191.76,3144.63,3148.1,11788699.0
2023-03-29,3157.09,3197.73,3150.69,3161.84,11970589.0
2023-03-30,3159.18,3188.3,3136.61,3188.3,12716524.0
2023-03-31,3196.19,3243.01,3189.76,3194.36,12465850.0
2023-04-03,3192.96,3237.13,3173.48,3212.07,15236149.0
2023-04-04,3207.54,3207.54,3113.9,3142.23,16717414.0
2023-04-06,3128.9,3149.81,3102.48,3144.44,12773207.0
2023-04-07,3140.13,3177.37,3133.99,3146.05,10391494.0
2023-04-10,3165.43,3210.1,3148.78,3210.08,15013137.0
2023-04-11,3206.05,3225.04,3183.17,3205.78,13898690.0
2023-04-12,3197.55,3202.88,3141.72,3149.49,13303561.0
2023-04-13,3150.23,3167.35,3123.28,3127.78,15403242.0
2023-04-14,3118.82,3204.33,3113.67,3177.16,16803474.0
2023-04-17,3175.1,3226.16,3174.97,3205.18,15798475.0
2023-04-18,3205.16,3254.82,3205.15,3225.99,14503295.0
2023-04-19,3227.18,3227.96,3183.26,3188.67,13989791.0
2023-04-20,3179.63,3179.63,3089.77,3099.17,15536123.0
2023-04-21,3109.92,3148.99,3065.42,3071.92,15418993.0
2023-04-24,3059.44,3060.89,2987.76,3002.34,14518812.0
2023-04-25,3006.2,3017.33,2883.83,2899.64,18301507.0
2023-04-26,2888.97,3092.98,2879.57,3050.97,21232727.0
2023-04-27,3046.85,3074.84,3014.0,3055.36,15649715.0
2023-04-28,3050.68,3082.35,3015.18,3035.79,16166035.0
2023-05-04,3019.91,3076.05,3009.91,3015.69,18217768.0
2023-05-05,3006.69,3008.63,2936.08,2968.32,15652356.0
2023-05-08,2980.42,3010.54,2959.35,2991.75,16301168.0
2023-05-09,2992.51,2994.97,2937.26,2937.34,16092152.0
2023-05-10,2932.32,3016.79,2911.77,2992.67,15900231.0
2023-05-11,2992.88,3069.15,2984.23,3032.06,15466889.0
2023-05-12,3032.53,3055.77,2984.51,2984.51,13596590.0
2023-05-15,2999.87,3100.01,2999.87,3089.55,20251964.0
2023-05-16,3093.02,3119.7,3078.72,3090.44,15006426.0
2023-05-17,3101.85,3118.06,3056.28,3083.2,13081742.0
2023-05-18,3084.08,3084.08,3010.29,3030.78,12937836.0
2023-05-19,3025.68,3034.7,3000.24,3014.54,10849292.0
2023-05-22,3007.6,3048.88,2998.01,3033.03,14686227.0
2023-05-23,3034.97,3061.89,3004.43,3004.43,12510393.0
2023-05-24,2994.8,3057.01,2985.82,3018.01,14584368.0
2023-05-25,3005.45,3058.14,2991.89,3031.7,16106415.0
2023-05-26,3025.22,3025.22,2937.62,2965.05,13691674.0
2023-05-29,2966.31,2966.31,2882.48,2893.6,16189926.0
2023-05-30,2889.0,2922.75,2854.32,2893.18,16082656.0
2023-05-31,2882.96,2882.96,2832.27,2842.79,13085550.0
2023-06-01,2845.34,2888.44,2834.41,2838.54,13482602.0
2023-06-02,2843.73,2909.69,2843.73,2894.11,14766480.0
2023-06-05,2889.66,2889.95,2826.02,2839.02,13327072.0
2023-06-06,2833.53,2835.64,2793.94,2805.72,14909686.0
2023-06-07,2803.84,2808.48,2737.17,2746.37,12893871.0
2023-06-08,2760.57,2794.75,2752.11,2754.87,14157110.0
2023-06-09,2752.59,2791.69,2748.61,2783.56,19123831.0
2023-06-12,2771.26,2805.94,2748.18,2789.68,15576314.0
2023-06-13,2781.8,2802.27,2767.35,2779.89,11258253.0
2023-06-14,2791.14,2793.43,2746.75,2746.75,11875803.0
2023-06-15,2749.57,2888.13,2740.44,2885.13,21741530.0
2023-06-16,2893.95,2917.55,2874.86,2914.51,18748420.0
2023-06-19,2908.45,2914.37,2873.39,2886.14,14262262.0
2023-06-20,2883.93,2915.55,2868.8,2885.3,12345811.0
2023-06-21,2880.61,2916.33,2844.42,2844.42,12750508.0
2023-06-26,2813.11,2894.62,2809.09,2854.73,15830425.0
2023-06-27,2854.72,2898.61,2838.51,2863.37,14326744.0
2023-06-28,2859.05,2893.11,2853.61,2886.76,17038210.0
2023-06-29,2880.1,2919.44,2869.82,2869.82,14223108.0
2023-06-30,2867.69,2936.73,2855.1,2914.69,15196123.0
2023-07-03,2925.4,2960.91,2918.39,2929.29,16167295.0
2023-07-04,2928.08,2931.1,2899.55,2910.44,12743487.0
2023-07-05,2909.09,2919.72,2877.86,2885.63,13167720.0
2023-07-06,2881.21,2882.7,2848.06,2858.14,12862403.0
2023-07-07,2847.89,2848.66,2820.16,2820.28,12788337.0
2023-07-10,2830.34,2925.53,2830.34,2901.52,17500801.0
2023-07-11,2901.17,2908.92,2862.03,2891.79,11719176.0
2023-07-12,2892.38,2928.86,2861.96,2901.96,16402942.0
2023-07-13,2908.55,2955.37,2908.55,2922.22,14881408.0
2023-07-14,2915.66,2915.7,2871.7,2875.97,14568293.0
2023-07-17,2861.34,2866.88,2835.61,2847.17,11183066.0
2023-07-18,2850.73,2851.18,2809.18,2826.4,11219925.0
2023-07-19,2819.8,2822.67,2779.11,2792.28,9345173.0
2023-07-20,2798.07,2828.58,2786.07,2787.92,12120040.0
2023-07-21,2776.83,2789.26,2750.35,2760.64,10346153.0
2023-07-24,2744.21,2753.49,2718.75,2721.83,9617522.0
2023-07-25,2758.29,2784.01,2753.06,2783.69,13563757.0
2023-07-26,2781.09,2803.31,2777.42,2786.24,10093287.0
2023-07-27,2793.16,2808.84,2764.63,2767.61,11560894.0
2023-07-28,2757.96,2804.31,2742.27,2797.52,12795148.0
2023-07-31,2809.91,2860.5,2809.91,2833.07,16150292.0
2023-08-01,2829.79,2835.94,2795.52,2807.67,13431893.0
2023-08-02,2811.05,2821.87,2791.7,2795.47,10280917.0
2023-08-03,2796.74,2838.06,2796.71,2833.32,14079904.0
2023-08-04,2849.92,2876.03,2831.74,2857.97,14469019.0
2023-08-07,2852.41,2857.68,2829.71,2840.81,11055680.0
2023-08-08,2847.86,2851.93,2816.62,2823.89,9948777.0
2023-08-09,2813.34,2827.03,2803.85,2812.95,8948668.0
2023-08-10,2816.84,2848.96,2816.84,2832.28,8658217.0
2023-08-11,2833.2,2833.21,2769.14,2769.14,9935200.0
2023-08-14,2743.07,2747.47,2701.63,2734.99,11366061.0
2023-08-15,2733.63,2741.95,2671.56,2686.39,13727679.0
2023-08-16,2680.35,2707.4,2659.5,2659.5,10267041.0
2023-08-17,2654.67,2670.28,2628.98,2665.9,10178436.0
2023-08-18,2667.98,2691.9,2638.45,2638.45,9677207.0
2023-08-21,2629.52,2633.91,2579.16,2579.16,10716102.0
2023-08-22,2590.33,2601.95,2502.95,2547.78,15412381.0
2023-08-23,2540.67,2540.67,2476.2,2476.53,11707701.0
2023-08-24,2487.58,2529.2,2473.61,2504.27,14360699.0
2023-08-25,2492.01,2514.69,2476.54,2485.42,11644992.0
2023-08-28,2638.37,2638.8,2493.49,2501.49,18662981.0
2023-08-29,2496.97,2569.12,2494.99,2557.44,15383507.0
2023-08-30,2563.23,2586.63,2541.32,2550.28,12543479.0
2023-08-31,2542.48,2542.5,2512.58,2519.0,11827682.0
2023-09-01,2522.69,2535.05,2510.81,2519.33,8356167.0
2023-09-04,2529.57,2551.6,2498.52,2544.37,13601364.0
2023-09-05,2536.95,2564.85,2521.34,2551.58,13248223.0
2023-09-06,2541.56,2545.12,2515.74,2530.71,12351398.0
2023-09-07,2524.79,2524.79,2463.79,2463.79,13757240.0
2023-09-08,2455.69,2464.1,2420.77,2429.68,9732241.0
2023-09-11,2429.56,2465.42,2415.37,2447.97,12347393.0
2023-09-12,2447.69,2479.38,2438.83,2453.07,11545905.0
2023-09-13,2447.08,2457.1,2412.77,2424.02,9069843.0
2023-09-14,2417.12,2420.88,2388.41,2396.39,9362009.0
2023-09-15,2399.14,2401.71,2364.42,2370.59,10794580.0
2023-09-18,2363.94,2423.7,2358.56,2401.0,11011859.0
2023-09-19,2395.61,2397.25,2363.25,2371.13,9345868.0
2023-09-20,2369.76,2369.76,2342.56,2342.59,8396325.0
2023-09-21,2336.48,2348.34,2318.34,2318.77,9295500.0
2023-09-22,2314.96,2358.49,2312.36,2356.99,12048726.0
2023-09-25,2353.65,2359.9,2330.93,2347.07,10573497.0
2023-09-26,2342.42,2350.59,2322.77,2322.77,8928531.0
2023-09-27,2324.37,2402.65,2323.09,2372.53,17886291.0
2023-09-28,2374.65,2393.46,2364.62,2370.89,12045003.0
2023-10-09,2359.85,2363.01,2330.68,2347.43,10912466.0
2023-10-10,2352.45,2372.52,2332.31,2332.64,11620160.0
2023-10-11,2349.22,2367.03,2322.38,2329.49,11189514.0
2023-10-12,2339.02,2392.4,2336.7,2389.15,17709667.0
2023-10-13,2370.06,2370.06,2331.08,2344.99,12177114.0
2023-10-16,2340.94,2347.35,2280.02,2290.43,12160633.0
2023-10-17,2298.23,2323.61,2288.0,2302.9,12091888.0
2023-10-18,2294.75,2294.75,2263.67,2265.83,10940315.0
2023-10-19,2251.66,2262.3,2233.36,2235.63,12887936.0
2023-10-20,2218.15,2285.32,2216.95,2261.04,17322863.0
2023-10-23,2251.03,2251.03,2177.05,2189.12,14366672.0
2023-10-24,2195.73,2215.22,2182.55,2202.93,14652978.0
2023-10-25,2217.73,2238.11,2190.42,2191.83,13769835.0
2023-10-26,2164.96,2175.87,2122.37,2173.2,16572572.0
2023-10-27,2159.16,2266.93,2151.58,2256.28,20933073.0
2023-10-30,2248.8,2286.66,2245.9,2278.62,17061017.0
2023-10-31,2263.3,2270.1,2233.26,2247.55,14808663.0
2023-11-01,2247.53,2249.49,2214.2,2227.04,13062781.0
2023-11-02,2227.06,2234.28,2183.51,2183.7,12809302.0
2023-11-03,2187.44,2223.82,2187.44,2213.07,13413501.0
2023-11-06,2223.84,2292.33,2223.84,2285.82,19875481.0
2023-11-07,2279.36,2280.91,2254.76,2275.01,13483295.0
2023-11-08,2269.45,2292.55,2260.63,2276.89,15056493.0
2023-11-09,2272.07,2319.85,2270.95,2304.08,19076230.0
2023-11-10,2289.71,2289.71,2267.37,2275.31,12951213.0
2023-11-13,2286.28,2297.79,2267.67,2280.04,11279277.0
2023-11-14,2281.33,2295.35,2256.95,2267.83,12455701.0
2023-11-15,2300.67,2323.09,2296.23,2301.98,18894106.0
2023-11-16,2295.45,2295.45,2246.56,2246.56,13950834.0
2023-11-17,2235.98,2253.41,2233.22,2247.71,10671412.0
2023-11-20,2250.14,2256.75,2223.74,2249.15,11177371.0
2023-11-21,2255.91,2268.1,2232.82,2234.51,11156535.0
2023-11-22,2224.39,2228.97,2185.74,2185.74,11659154.0
2023-11-23,2183.75,2193.89,2173.79,2193.85,9399753.0
2023-11-24,2190.47,2190.47,2160.02,2160.39,9338965.0
2023-11-27,2153.12,2153.12,2114.35,2122.54,12372090.0
2023-11-28,2120.79,2132.5,2109.94,2130.45,11156803.0
2023-11-29,2125.7,2130.14,2094.74,2097.37,12130195.0
2023-11-30,2094.57,2109.73,2076.87,2086.64,13595208.0
2023-12-01,2083.87,2087.07,2054.05,2074.88,12672138.0
2023-12-04,2069.23,2077.68,2056.94,2057.02,11848174.0
2023-12-05,2048.18,2080.14,2031.73,2031.73,15408245.0
2023-12-06,2024.86,2104.47,2024.2,2077.35,21230823.0
2023-12-07,2067.74,2074.95,2042.6,2060.71,15143021.0
2023-12-08,2074.2,2076.48,2049.91,2057.31,15481297.0
2023-12-11,2040.94,2061.65,2008.94,2058.47,15777825.0
2023-12-12,2050.26,2061.9,2040.53,2046.38,10424118.0
2023-12-13,2039.04,2039.68,1994.4,1995.07,11849808.0
2023-12-14,2013.06,2029.22,1984.32,1985.05,10536447.0
2023-12-15,1997.86,2025.34,1984.95,1988.98,14549668.0
2023-12-18,1977.52,1991.85,1939.71,1943.85,12853855.0
2023-12-19,1940.8,1974.52,1935.56,1956.94,11497864.0
2023-12-20,1961.57,1966.52,1936.7,1936.74,10756864.0
2023-12-21,1927.39,2003.55,1925.16,1988.58,18536291.0
2023-12-22,1982.12,2047.88,1959.58,2019.41,18938139.0
2023-12-25,2013.65,2036.89,2012.2,2028.63,11354291.0
2023-12-26,2026.65,2028.97,2011.53,2019.57,9730882.0
2023-12-27,2021.68,2021.68,1988.61,2001.66,11039370.0
2023-12-28,1998.42,2140.23,1997.08,2131.65,30196190.0
2023-12-29,2134.75,2141.22,2118.98,2125.57,20781096.0
2024-01-02,2120.7,2120.7,2085.65,2085.65,15949108.0
2024-01-03,2080.08,2100.28,2074.67,2091.9,14922966.0
2024-01-04,2086.95,2086.95,2038.08,2052.51,13897708.0
2024-01-05,2048.08,2087.68,2013.91,2025.51,15483505.0
2024-01-08,2015.85,2050.85,2004.87,2004.94,15374963.0
2024-01-09,2005.65,2064.08,1976.23,2030.68,19239633.0
2024-01-10,2017.1,2085.42,2006.34,2048.94,17905337.0
2024-01-11,2042.92,2117.91,2038.78,2100.44,20988010.0
2024-01-12,2092.06,2137.67,2083.65,2099.26,20796332.0
2024-01-15,2086.58,2099.17,2059.89,2067.27,14677355.0
2024-01-16,2062.59,2108.16,2049.49,2093.6,18917759.0
2024-01-17,2086.51,2086.51,2027.89,2027.89,15604377.0
2024-01-18,2011.1,2086.58,2011.1,2084.76,28511094.0
2024-01-19,2080.33,2117.82,2055.83,2055.83,23062038.0
2024-01-22,2040.11,2055.28,1980.69,1993.89,24537652.0
2024-01-23,1991.29,2046.57,1972.84,2015.45,21315346.0
2024-01-24,2020.58,2026.02,1943.33,2002.69,22499358.0
2024-01-25,1991.57,2035.67,1966.26,2035.67,23029817.0
2024-01-26,2017.57,2039.0,1994.92,1998.7,17617873.0
2024-01-29,1989.09,1989.46,1905.69,1905.69,22292353.0
2024-01-30,1887.3,1914.23,1853.86,1855.31,18299349.0
2024-01-31,1846.32,1883.11,1819.15,1820.79,23314924.0
2024-02-01,1809.65,1861.33,1807.95,1823.3,21150034.0
2024-02-02,1820.01,1827.54,1711.4,1761.99,24257144.0
2024-02-05,1746.94,1769.85,1653.58,1727.08,25958819.0
2024-02-06,1715.55,1837.15,1714.68,1835.8,27418763.0
2024-02-07,1838.99,1889.45,1832.53,1879.61,31143385.0
2024-02-08,1889.53,1938.24,1888.87,1915.34,28031918.0
2024-02-19,1926.46,1926.46,1893.68,1910.86,21470850.0
2024-02-20,1903.99,1903.99,1874.79,1900.09,16805284.0
2024-02-21,1886.07,1960.29,1877.61,1923.43,21815499.0
2024-02-22,1916.69,1949.03,1916.02,1935.28,16420546.0
2024-02-23,1942.97,1964.39,1933.39,1954.62,19208250.0
2024-02-26,1954.48,1964.17,1926.91,1940.26,20651838.0
2024-02-27,1930.58,1968.5,1925.99,1968.5,18364095.0
2024-02-28,1980.47,2044.01,1943.68,1943.68,30545688.0
2024-02-29,1932.2,2014.44,1932.18,2012.99,25975385.0
2024-03-01,2017.68,2036.09,1999.15,2023.87,21285143.0
2024-03-04,2025.73,2051.14,2016.56,2031.08,21923521.0
2024-03-05,2014.23,2014.23,1989.3,2002.61,20214348.0
2024-03-06,1991.32,2064.66,1986.5,2034.41,24199919.0
2024-03-07,2031.23,2040.4,1990.99,1991.08,19332702.0
2024-03-08,1993.72,2037.77,1993.72,2030.2,21987718.0
2024-03-11,2067.86,2150.11,2067.86,2144.88,34595999.0
2024-03-12,2155.58,2170.14,2134.05,2143.16,30983586.0
2024-03-13,2137.65,2147.4,2121.42,2129.18,20610982.0
2024-03-14,2122.44,2142.6,2088.63,2103.17,19323197.0
2024-03-15,2096.87,2106.39,2057.04,2095.97,21216518.0
2024-03-18,2119.01,2145.99,2112.67,2145.09,25340211.0
2024-03-19,2143.23,2156.64,2116.12,2116.12,22399664.0
2024-03-20,2110.29,2137.61,2108.2,2120.11,19590772.0
2024-03-21,2119.44,2124.71,2089.32,2095.98,19472706.0
2024-03-22,2089.54,2094.27,2036.57,2041.59,20915110.0
2024-03-25,2032.21,2053.25,2008.64,2009.12,16629208.0
2024-03-26,2009.1,2060.32,2006.5,2050.97,18969910.0
2024-03-27,2049.06,2049.06,1987.98,1987.98,16680639.0
2024-03-28,1987.49,2025.61,1987.49,2003.39,15786447.0
2024-03-29,2003.39,2039.04,2003.39,2019.44,15898779.0
2024-04-01,2030.55,2085.41,2030.55,2082.91,21460113.0
2024-04-02,2086.38,2110.48,2072.52,2101.72,24817787.0
2024-04-03,2092.76,2110.96,2079.99,2089.11,23901832.0
2024-04-08,2078.76,2094.67,2050.03,2050.26,25368841.0
2024-04-09,2045.29,2092.74,2045.29,2092.04,23691658.0
2024-04-10,2090.05,2090.05,2044.43,2055.83,20111793.0
2024-04-11,2038.78,2064.86,2018.6,2048.35,18653182.0
2024-04-12,2045.99,2049.76,1993.6,1996.24,19451724.0
2024-04-15,2000.95,2047.36,1998.65,2024.99,22079400.0
2024-04-16,2016.17,2017.46,1960.79,1962.32,21984479.0
2024-04-17,1968.56,2005.75,1968.56,2005.75,19456382.0
2024-04-18,1996.32,2020.07,1970.86,1997.12,20338913.0
2024-04-19,1979.22,1982.83,1937.14,1949.39,19965318.0
2024-04-22,1951.5,1978.28,1939.6,1940.22,18437711.0
2024-04-23,1943.03,1954.41,1910.05,1912.68,17118306.0
2024-04-24,1905.19,1906.63,1875.89,1892.9,17378920.0
2024-04-25,1879.08,1916.7,1869.88,1898.66,17222587.0
2024-04-26,1887.27,1935.89,1887.27,1934.32,23134857.0
2024-04-29,1937.78,2033.65,1937.78,2016.82,29443772.0
2024-04-30,2004.62,2011.77,1974.17,1974.99,27774470.0
2024-05-06,2014.01,2026.88,2006.66,2012.75,24779321.0
2024-05-07,2010.84,2021.7,1998.47,2018.52,18859396.0
2024-05-08,2015.02,2015.02,1983.48,1984.4,15724051.0
2024-05-09,2001.52,2056.89,2001.52,2043.06,26537570.0
2024-05-10,2040.38,2041.01,2005.05,2018.02,19944473.0
2024-05-13,1993.2,2018.55,1977.79,2002.12,20601785.0
2024-05-14,2007.96,2009.66,1984.86,1988.02,16156422.0
2024-05-15,1997.01,2016.77,1966.31,1968.08,14643209.0
2024-05-16,1969.32,1984.55,1958.39,1962.58,14774156.0
2024-05-17,1955.88,1978.89,1940.27,1978.89,17074141.0
2024-05-20,1982.48,1999.99,1976.4,1985.88,18874937.0
2024-05-21,1982.32,1983.19,1955.57,1962.15,14421954.0
2024-05-22,1968.18,2039.77,1968.18,2030.29,29307365.0
2024-05-23,2021.89,2021.89,1980.76,1986.81,25729488.0
2024-05-24,1979.05,2002.05,1965.05,1965.84,22742990.0
2024-05-27,1970.08,1973.41,1938.03,1963.24,20572289.0
2024-05-28,1956.99,1975.95,1950.41,1953.42,21690719.0
2024-05-29,1963.07,2016.01,1963.07,1987.43,28818832.0
2024-05-30,1998.04,2006.69,1976.92,1980.83,22506404.0
2024-05-31,1977.58,1985.47,1956.55,1956.55,19093286.0
2024-06-03,1951.93,1959.83,1936.6,1955.91,21598317.0
2024-06-04,1953.39,1988.38,1944.76,1984.92,18279884.0
2024-06-05,1977.93,1994.61,1966.35,1966.59,16427880.0
2024-06-06,1968.75,1981.02,1925.66,1931.05,23311559.0
2024-06-07,1923.7,1929.17,1870.88,1894.83,20612898.0
2024-06-11,1880.38,1895.48,1866.61,1892.23,16858055.0
2024-06-12,1884.55,1888.29,1874.57,1884.18,14521044.0
2024-06-13,1884.27,1897.57,1877.66,1878.66,17319293.0
2024-06-14,1874.43,1874.43,1850.76,1871.71,26983111.0
2024-06-17,1856.5,1892.58,1849.61,1879.85,22214047.0
2024-06-18,1876.82,1892.24,1870.63,1882.47,17031118.0
2024-06-19,1882.79,1882.79,1847.97,1848.27,15535565.0
2024-06-20,1846.2,1846.2,1807.52,1808.72,17897464.0
2024-06-21,1809.86,1822.78,1789.44,1796.56,14942940.0
2024-06-24,1782.26,1791.71,1767.17,1768.3,17873603.0
2024-06-25,1766.56,1773.04,1726.63,1736.5,16378648.0
2024-06-26,1733.54,1767.8,1716.33,1766.06,16597779.0
2024-06-27,1755.7,1755.7,1728.29,1728.4,14130628.0
2024-06-28,1725.44,1742.03,1711.65,1714.97,16820041.0
2024-07-01,1714.53,1727.81,1695.33,1724.12,16840016.0
2024-07-02,1715.97,1717.36,1696.94,1700.16,14706970.0
2024-07-03,1704.65,1715.81,1687.24,1701.09,13612489.0
2024-07-04,1701.59,1707.93,1670.29,1672.16,13373867.0
2024-07-05,1669.92,1680.69,1661.88,1677.03,12680484.0
2024-07-08,1666.86,1666.86,1637.16,1641.53,15666696.0
2024-07-09,1638.69,1658.53,1616.39,1650.41,18891591.0
2024-07-10,1636.31,1681.36,1630.72,1645.44,20818877.0
2024-07-11,1666.52,1712.25,1662.32,1703.94,22377321.0
2024-07-12,1703.78,1728.1,1701.87,1709.62,17991107.0
2024-07-15,1700.45,1705.04,1689.53,1695.39,13422919.0
2024-07-16,1691.65,1724.01,1689.23,1723.49,14820184.0
2024-07-17,1730.95,1734.35,1716.51,1718.87,16931094.0
2024-07-18,1706.42,1747.81,1695.95,1740.6,16541528.0
2024-07-19,1730.68,1760.9,1728.6,1757.25,16641772.0
2024-07-22,1753.61,1770.54,1743.21,1755.15,16853324.0
2024-07-23,1750.18,1753.45,1715.46,1715.46,16631607.0
2024-07-24,1708.96,1723.14,1695.91,1700.06,17856485.0
2024-07-25,1694.8,1750.0,1693.35,1732.63,23238418.0
2024-07-26,1731.92,1758.31,1731.92,1747.53,21350512.0
2024-07-29,1742.58,1742.58,1709.68,1712.07,15800604.0
2024-07-30,1707.11,1718.06,1694.56,1703.51,14760435.0
2024-07-31,1699.43,1746.19,1684.77,1745.6,26563016.0
2024-08-01,1740.8,1748.31,1721.13,1723.12,17040145.0
2024-08-02,1714.68,1726.09,1697.3,1700.31,14389895.0
2024-08-05,1690.31,1732.0,1682.03,1682.03,19263280.0
2024-08-06,1699.7,1727.81,1699.7,1718.46,19380767.0
2024-08-07,1715.7,1727.84,1707.94,1715.69,15577180.0
2024-08-08,1710.54,1718.26,1696.2,1705.33,14159245.0
2024-08-09,1710.23,1717.31,1682.07,1682.07,12370756.0
2024-08-12,1696.17,1704.7,1670.25,1674.69,12727564.0
2024-08-13,1670.16,1697.23,1658.87,1687.82,12467323.0
2024-08-14,1685.56,1700.0,1665.69,1665.74,12411654.0
2024-08-15,1659.89,1696.5,1655.35,1682.07,14144612.0
2024-08-16,1680.61,1682.32,1661.25,1662.68,11899523.0
2024-08-19,1661.78,1674.57,1654.83,1656.07,11981941.0
2024-08-20,1659.17,1663.76,1635.99,1641.53,14076636.0
2024-08-21,1634.57,1646.82,1623.48,1634.84,12825139.0
2024-08-22,1639.07,1642.77,1618.9,1620.23,15224333.0
2024-08-23,1614.38,1624.12,1606.61,1610.44,13029034.0
2024-08-26,1615.28,1658.6,1615.28,1639.36,16259973.0
2024-08-27,1632.22,1635.85,1609.26,1624.14,15537881.0
2024-08-28,1616.63,1630.22,1610.88,1625.66,13196266.0
2024-08-29,1614.07,1671.41,1614.07,1655.5,20806780.0
2024-08-30,1649.8,1700.31,1649.8,1677.94,24577701.0
2024-09-02,1671.92,1684.93,1640.07,1640.09,20085937.0
2024-09-03,1637.86,1671.55,1633.2,1659.08,20664250.0
2024-09-04,1650.97,1682.88,1650.49,1662.07,19457247.0
2024-09-05,1661.08,1686.11,1661.08,1666.68,15729158.0
2024-09-06,1664.94,1666.14,1633.87,1634.64,12790358.0
2024-09-09,1626.78,1642.45,1612.83,1621.98,12905548.0
2024-09-10,1623.56,1625.34,1595.67,1611.86,12872683.0
2024-09-11,1611.97,1651.83,1610.18,1645.42,19867477.0
2024-09-12,1644.47,1679.48,1643.4,1644.67,18448119.0
2024-09-13,1644.0,1646.62,1605.04,1605.59,14544883.0
2024-09-18,1603.33,1605.78,1585.22,1599.34,11834004.0
2024-09-19,1608.2,1634.46,1588.0,1614.3,15726016.0
2024-09-20,1612.25,1612.25,1581.73,1594.83,15478030.0
2024-09-23,1593.02,1599.76,1583.54,1585.39,12244954.0
2024-09-24,1599.43,1665.96,1591.17,1665.81,30141630.0
2024-09-25,1693.41,1728.07,1681.29,1682.5,31095848.0
2024-09-26,1680.5,1738.69,1668.27,1737.98,27529052.0
2024-09-27,1766.83,1896.72,1766.83,1878.2,38666750.0
2024-09-30,1965.68,2107.54,1938.65,2101.4,68714065.0
2024-10-08,2382.1,2382.1,2173.86,2336.49,84479155.0
2024-10-09,2248.11,2257.98,2081.72,2081.72,58623662.0
2024-10-10,2083.31,2147.22,2049.14,2079.96,41348951.0
2024-10-11,2062.55,2062.55,1950.21,1975.08,30972790.0
2024-10-14,1986.87,2022.98,1960.15,2010.92,29066498.0
2024-10-15,1998.1,2011.96,1955.2,1955.2,26584023.0
2024-10-16,1924.44,1943.4,1900.42,1912.41,23208899.0
2024-10-17,1924.94,1935.53,1885.8,1886.59,22625396.0
2024-10-18,1881.88,2031.65,1880.26,1985.04,38180412.0
2024-10-21,2015.32,2071.82,2008.0,2025.13,40895654.0
2024-10-22,2015.71,2068.56,1997.05,2064.55,39582690.0
2024-10-23,2064.15,2177.52,2053.34,2134.32,59625842.0
2024-10-24,2119.08,2119.08,2064.71,2068.48,38685240.0
2024-10-25,2080.96,2225.1,2080.96,2193.65,54505529.0
2024-10-28,2202.32,2202.32,2151.72,2187.14,52558120.0
2024-10-29,2212.64,2246.06,2137.2,2137.52,46086121.0
2024-10-30,2109.27,2149.75,2105.03,2120.71,37826745.0
2024-10-31,2148.42,2186.52,2128.79,2165.34,45897687.0
2024-11-01,2152.48,2171.87,2110.66,2132.55,48922103.0
2024-11-04,2129.64,2168.01,2121.58,2152.54,38598616.0
2024-11-05,2147.18,2220.86,2139.24,2218.93,48184949.0
2024-11-06,2222.64,2297.4,2206.85,2220.08,57854195.0
2024-11-07,2191.45,2228.47,2163.34,2228.47,47665747.0
2024-11-08,2257.4,2294.99,2221.02,2224.91,47647835.0
2024-11-11,2208.55,2305.51,2205.03,2305.06,47634846.0
2024-11-12,2331.19,2379.71,2275.05,2294.41,52987359.0
2024-11-13,2280.25,2322.53,2262.21,2321.63,40493872.0
2024-11-14,2329.56,2332.26,2244.08,2247.1,34693810.0
2024-11-15,2227.76,2240.67,2165.5,2165.5,33570309.0
2024-11-18,2166.47,2196.88,2126.9,2139.5,34460263.0
2024-11-19,2147.7,2214.51,2121.25,2212.96,32712541.0
2024-11-20,2204.81,2225.46,2186.42,2210.44,31314784.0
2024-11-21,2221.62,2234.07,2198.73,2215.89,32966144.0
2024-11-22,2202.99,2208.22,2129.97,2129.97,32299247.0
2024-11-25,2136.32,2173.03,2126.74,2155.76,31408792.0
2024-11-26,2150.13,2161.69,2108.76,2110.17,24985893.0
2024-11-27,2099.88,2157.54,2076.31,2157.44,26176523.0
2024-11-28,2152.6,2168.78,2131.56,2134.8,25678423.0
2024-11-29,2128.35,2188.06,2126.39,2164.28,26432201.0
2024-12-02,2143.64,2177.23,2122.24,2176.04,28245005.0
2024-12-03,2182.47,2186.34,2155.05,2174.73,28627396.0
2024-12-04,2165.66,2170.23,2120.63,2126.9,25891254.0
2024-12-05,2118.53,2129.77,2111.89,2123.59,21760296.0
2024-12-06,2120.54,2157.47,2088.82,2147.59,30359160.0
2024-12-09,2142.59,2149.09,2118.81,2132.7,22337123.0
2024-12-10,2200.86,2202.6,2122.61,2126.76,28147065.0
2024-12-11,2124.9,2136.36,2115.37,2121.61,19430124.0
2024-12-12,2117.33,2148.58,2107.6,2139.64,21903473.0
2024-12-13,2125.47,2125.47,2084.41,2084.85,29399839.0
2024-12-16,2082.78,2085.87,2047.4,2055.38,24126101.0
2024-12-17,2052.73,2081.77,2047.77,2049.84,19387300.0
2024-12-18,2056.42,2060.63,2039.19,2042.65,16645865.0
2024-12-19,2023.73,2037.47,2012.63,2031.99,16731956.0
2024-12-20,2033.84,2039.81,2018.93,2021.16,17450656.0
2024-12-23,2021.24,2047.96,2012.9,2013.98,23213286.0
2024-12-24,2016.68,2053.91,2016.68,2047.68,19927864.0
2024-12-25,2054.72,2056.45,2015.38,2027.58,17723512.0
2024-12-26,2029.05,2031.01,2010.11,2013.04,18808630.0
2024-12-27,2012.26,2031.23,2000.99,2012.04,19728751.0
2024-12-30,2008.4,2024.08,2002.74,2018.49,18396425.0
2024-12-31,2015.96,2028.78,1976.22,1976.22,20958486.0
2025-01-02,1975.53,1977.26,1906.81,1920.27,22959416.0
2025-01-03,1923.58,1934.08,1878.66,1880.4,19464942.0
2025-01-06,1882.06,1906.77,1873.48,1886.09,19448566.0
2025-01-07,1869.72,1889.71,1860.6,1889.16,16334203.0
2025-01-08,1881.46,1895.86,1848.35,1880.89,19998177.0
2025-01-09,1869.8,1894.54,1869.8,1875.85,16979224.0
2025-01-10,1872.37,1878.93,1827.98,1827.98,17362602.0
2025-01-13,1812.69,1854.3,1812.54,1841.6,17429875.0
2025-01-14,1845.2,1902.9,1837.58,1898.8,20745588.0
2025-01-15,1896.14,1918.17,1876.7,1894.63,21195174.0
2025-01-16,1896.46,1930.12,1886.33,1908.32,19008888.0
2025-01-17,1901.85,1924.11,1893.23,1908.14,17107261.0
2025-01-20,1920.59,1940.91,1920.59,1925.85,16780882.0
2025-01-21,1934.48,1934.66,1893.03,1899.43,15292820.0
2025-01-22,1888.7,1890.85,1862.67,1872.4,14473528.0
2025-01-23,1887.82,1906.25,1867.58,1867.58,17844234.0
2025-01-24,1860.54,1901.5,1860.08,1890.98,18559867.0
2025-01-27,1890.26,1908.57,1869.12,1869.12,17166729.0
2025-02-05,1876.53,1881.36,1854.11,1862.38,17255846.0
2025-02-06,1858.02,1903.82,1848.85,1903.73,21013248.0
2025-02-07,1905.79,1973.66,1904.58,1957.82,30310720.0
2025-02-10,1956.32,1956.32,1921.85,1942.48,24508119.0
2025-02-11,1942.57,1942.57,1901.39,1909.86,20430828.0
2025-02-12,1903.85,1936.33,1899.11,1935.31,20964684.0
2025-02-13,1931.95,1950.61,1926.12,1926.7,21185805.0
2025-02-14,1926.55,1957.55,1926.55,1941.56,20697231.0
2025-02-17,1943.81,1949.75,1925.06,1943.71,26289170.0
2025-02-18,1957.38,1978.18,1927.39,1934.3,28644274.0
2025-02-19,1923.3,1962.19,1920.77,1958.0,25641593.0
2025-02-20,1953.45,1953.45,1926.32,1937.78,21097480.0
2025-02-21,1936.96,1962.23,1936.72,1960.75,29353537.0
2025-02-24,1961.86,1975.01,1946.28,1965.11,29992891.0
2025-02-25,1948.4,1979.71,1945.72,1965.75,29930842.0
2025-02-26,1970.05,2008.48,1970.05,2008.22,33925714.0
2025-02-27,2012.26,2012.9,1985.23,2007.81,32921521.0
2025-02-28,2002.17,2024.31,1966.22,1969.47,31333993.0
2025-03-03,1977.19,2051.52,1977.19,2014.4,35205230.0
2025-03-04,1995.46,1995.46,1966.82,1987.87,25623452.0
2025-03-05,1984.71,1985.48,1952.55,1964.51,22261017.0
2025-03-06,1973.21,1997.37,1962.5,1993.96,26101025.0
2025-03-07,1984.27,1994.73,1967.97,1973.85,26008001.0
2025-03-10,1977.95,1994.26,1961.89,1981.8,21956243.0
2025-03-11,1958.97,1986.58,1957.34,1986.58,21261049.0
2025-03-12,1990.92,1993.66,1972.54,1977.69,22196567.0
2025-03-13,1977.33,1990.36,1954.41,1964.99,25152481.0
2025-03-14,1967.98,2003.3,1961.0,1998.8,27448956.0
2025-03-17,2004.99,2019.52,1997.76,2000.17,25309790.0
2025-03-18,2005.9,2016.64,1999.37,2006.27,21665185.0
2025-03-19,2002.42,2021.62,1986.44,2003.86,22748245.0
2025-03-20,2001.12,2004.77,1985.54,1987.68,20450864.0
2025-03-21,1984.19,1998.26,1956.01,1960.72,25353337.0
2025-03-24,1965.07,1967.55,1927.28,1951.44,23555203.0
2025-03-25,1952.89,1977.25,1949.91,1968.51,23342109.0
2025-03-26,1964.89,1993.31,1964.19,1977.05,23290715.0
2025-03-27,1969.05,1975.94,1946.11,1956.48,20101926.0
2025-03-28,1953.08,1969.39,1937.0,1938.31,16820618.0
2025-03-31,1930.92,1934.89,1884.24,1892.94,21057159.0
2025-04-01,1895.05,1918.13,1890.44,1904.96,18691742.0
2025-04-02,1904.28,1915.28,1895.62,1901.98,13969335.0
2025-04-03,1878.09,1895.16,1868.57,1872.24,17535001.0
2025-04-07,1756.51,1763.92,1636.37,1662.43,36876200.0
2025-04-08,1668.39,1701.38,1655.0,1679.67,31616874.0
2025-04-09,1648.74,1690.2,1614.25,1686.49,28009165.0
2025-04-10,1739.54,1745.64,1712.23,1720.66,23828242.0
2025-04-11,1708.23,1739.52,1706.65,1728.9,17037614.0
2025-04-14,1749.39,1755.7,1738.96,1742.09,17721032.0
2025-04-15,1746.16,1751.7,1733.3,1742.75,15679714.0
2025-04-16,1737.16,1737.16,1704.0,1730.58,15971829.0
2025-04-17,1719.18,1734.71,1717.26,1723.53,12027689.0
2025-04-18,1721.57,1729.82,1714.39,1726.46,10746807.0
2025-04-21,1724.93,1747.27,1716.23,1745.34,12102817.0
2025-04-22,1740.69,1746.41,1733.44,1736.37,15527676.0
2025-04-23,1747.0,1759.49,1737.94,1746.21,15036792.0
2025-04-24,1750.41,1763.96,1739.25,1740.88,17045545.0
2025-04-25,1743.28,1757.16,1738.45,1750.44,16495204.0
2025-04-28,1758.79,1760.63,1745.43,1745.91,22605300.0
2025-04-29,1742.49,1747.64,1735.16,1735.49,17400704.0
2025-04-30,1734.08,1748.35,1733.28,1737.1,17701234.0
2025-05-06,1746.85,1769.46,1746.85,1769.34,18770473.0
2025-05-07,1793.81,1800.04,1767.54,1779.57,18948932.0
2025-05-08,1774.49,1813.52,1771.45,1804.13,17385573.0
2025-05-09,1803.49,1803.49,1781.37,1793.76,16072056.0
2025-05-12,1819.26,1839.24,1818.77,1838.64,20832547.0
2025-05-13,1857.98,1876.92,1845.3,1853.16,27483151.0
2025-05-14,1844.24,1859.97,1833.52,1852.13,22461129.0
2025-05-15,1846.51,1846.51,1820.59,1820.63,18607974.0
2025-05-16,1815.8,1831.54,1815.8,1822.83,15203166.0
2025-05-19,1821.25,1825.44,1803.91,1822.57,15142504.0
2025-05-20,1826.99,1833.4,1812.11,1828.34,15429960.0
2025-05-21,1831.24,1859.86,1830.53,1847.95,18822970.0
2025-05-22,1844.75,1844.75,1822.38,1823.45,16695541.0
2025-05-23,1820.07,1839.86,1805.2,1805.2,18003094.0
2025-05-26,1801.8,1808.5,1784.96,1794.5,15811174.0
2025-05-27,1793.1,1793.17,1773.14,1783.97,15342580.0
2025-05-28,1784.82,1786.69,1766.87,1769.39,12373157.0
2025-05-29,1769.13,1786.29,1765.63,1782.52,13812287.0
2025-05-30,1777.17,1777.17,1761.22,1761.22,13629669.0
2025-06-03,1756.3,1768.41,1755.05,1763.32,16073911.0
2025-06-04,1767.48,1787.33,1767.48,1782.59,15653328.0
2025-06-05,1784.2,1785.61,1772.42,1783.3,14819525.0
2025-06-06,1786.29,1790.96,1778.8,1780.45,13491309.0
2025-06-09,1780.33,1802.15,1778.79,1796.36,17950069.0
2025-06-10,1796.33,1807.49,1770.67,1779.27,20472453.0
2025-06-11,1782.4,1813.52,1782.4,1803.26,20695235.0
2025-06-12,1800.44,1802.1,1790.33,1798.04,18116929.0
2025-06-13,1789.07,1797.91,1776.55,1778.31,25058784.0
2025-06-16,1773.61,1786.18,1773.33,1780.93,17660451.0
2025-06-17,1781.88,1795.81,1774.44,1786.58,21465154.0
2025-06-18,1787.56,1794.23,1780.89,1791.98,21041485.0
2025-06-19,1788.56,1804.48,1764.58,1768.83,21245423.0
2025-06-20,1769.2,1796.38,1762.54,1764.44,20767188.0
2025-06-23,1756.53,1788.95,1756.3,1786.77,23664161.0
2025-06-24,1789.87,1829.34,1788.81,1828.96,27365596.0
2025-06-25,1833.27,1855.84,1829.79,1854.76,28119178.0
2025-06-26,1855.09,1869.98,1842.29,1842.37,27432530.0
2025-06-27,1851.52,1874.21,1846.48,1849.78,27729811.0
2025-06-30,1861.33,1875.42,1854.9,1873.88,29225478.0
2025-07-01,1869.21,1871.22,1849.16,1868.38,26525743.0
2025-07-02,1872.99,1893.43,1859.99,1891.68,34992110.0
2025-07-03,1893.12,1916.68,1878.5,1912.63,29491056.0
2025-07-04,1918.48,1918.59,1888.41,1893.02,28583469.0
2025-07-07,1887.5,1898.93,1881.61,1886.82,22689166.0
2025-07-08,1886.53,1953.76,1885.49,1947.41,36772364.0
2025-07-09,1944.49,1959.09,1936.47,1941.52,29205089.0
2025-07-10,1939.9,1966.63,1939.29,1955.23,34071099.0
2025-07-11,1958.16,1966.91,1944.41,1950.92,36191118.0
2025-07-14,1956.3,1971.41,1946.21,1952.38,29459704.0
2025-07-15,1945.99,1958.38,1918.07,1929.38,30820222.0
2025-07-16,1927.46,1928.98,1915.67,1925.65,21094218.0
2025-07-17,1936.32,1948.08,1925.31,1948.02,27821888.0
2025-07-18,1951.43,1972.97,1944.08,1955.98,29438253.0
2025-07-21,1967.27,1984.43,1959.65,1984.27,30453747.0
2025-07-22,1987.05,2029.38,1981.08,2028.3,43134577.0
2025-07-23,2045.04,2049.36,2007.65,2010.55,41701463.0
2025-07-24,2003.63,2062.79,2003.63,2062.79,41351633.0
2025-07-25,2064.02,2065.69,2043.38,2048.73,32713614.0
2025-07-28,2036.94,2055.75,2022.71,2043.18,29350349.0
2025-07-29,2039.77,2061.85,2036.68,2061.37,28067193.0
2025-07-30,2062.44,2062.44,2014.72,2025.54,31244086.0
2025-07-31,2017.19,2022.53,1956.23,1963.47,34945073.0
2025-08-01,1963.49,1996.31,1963.49,1973.86,23808469.0
2025-08-04,1962.0,1970.82,1950.33,1970.8,19594105.0
2025-08-05,1975.15,1982.21,1967.7,1982.04,17577858.0
2025-08-06,1978.66,1989.61,1973.48,1989.2,18984568.0
2025-08-07,1990.74,1994.47,1963.07,1980.5,22039009.0
2025-08-08,1977.72,2019.97,1976.32,2000.02,26082863.0
2025-08-11,2025.03,2054.93,2014.05,2052.52,31234303.0
2025-08-12,2049.18,2050.99,2019.21,2045.48,27269115.0
2025-08-13,2044.86,2072.59,2040.45,2066.63,28074975.0
2025-08-14,2069.09,2069.23,2027.14,2037.93,28687996.0
2025-08-15,2033.7,2102.02,2033.7,2097.53,35422726.0
2025-08-18,2116.89,2141.06,2106.74,2121.25,38927784.0
2025-08-19,2118.31,2129.75,2105.0,2112.83,30641049.0
2025-08-20,2111.08,2124.44,2085.04,2124.18,33252871.0
2025-08-21,2122.05,2135.37,2105.22,2114.85,32188339.0
2025-08-22,2109.86,2158.44,2109.86,2157.95,33739350.0
2025-08-25,2178.65,2226.27,2178.65,2209.98,47571448.0
2025-08-26,2203.1,2215.81,2182.65,2199.85,37289360.0
2025-08-27,2197.12,2231.35,2159.35,2159.35,46544996.0
2025-08-28,2152.8,2198.69,2139.07,2198.69,45531133.0
2025-08-29,2205.89,2287.91,2199.47,2260.96,51243709.0
2025-09-01,2270.57,2284.16,2248.05,2284.0,47257271.0
2025-09-02,2286.4,2325.74,2236.27,2254.75,49247017.0
2025-09-03,2263.43,2313.58,2263.43,2300.63,48513259.0
2025-09-04,2316.84,2398.61,2272.82,2307.51,65238385.0
2025-09-05,2307.58,2495.32,2307.58,2493.94,76547796.0
2025-09-08,2543.4,2556.58,2489.71,2530.51,76363087.0
2025-09-09,2500.32,2540.81,2480.28,2494.82,54771285.0
2025-09-10,2454.72,2475.78,2424.19,2453.73,49054494.0
2025-09-11,2446.8,2510.13,2430.14,2510.13,47132648.0
2025-09-12,2510.81,2527.59,2477.79,2491.44,46099436.0
2025-09-15,2520.84,2603.86,2520.84,2531.5,49865336.0
2025-09-16,2538.02,2557.59,2480.66,2531.46,46013346.0
2025-09-17,2527.61,2588.21,2506.69,2573.1,46676917.0
2025-09-18,2562.16,2583.53,2496.24,2530.33,55447374.0
2025-09-19,2525.67,2574.87,2524.22,2533.25,42641489.0
2025-09-22,2537.91,2549.49,2493.94,2524.71,36124364.0
2025-09-23,2523.57,2575.87,2482.31,2534.84,42679830.0
2025-09-24,2525.79,2626.3,2520.32,2626.3,45307122.0
2025-09-25,2626.26,2703.93,2625.84,2669.55,51800464.0
2025-09-26,2658.25,2705.84,2643.2,2646.57,48386745.0
2025-09-29,2680.11,2759.34,2680.11,2737.07,54823515.0
2025-09-30,2736.41,2810.66,2732.75,2799.64,51553357.0
2025-10-09,2830.25,2911.65,2823.95,2886.44,67757094.0
2025-10-10,2858.68,2865.11,2716.58,2731.85,56776513.0
2025-10-13,2603.08,2755.22,2603.08,2745.99,53578778.0
2025-10-14,2779.74,2836.58,2670.02,2688.93,68031372.0
2025-10-15,2690.54,2739.32,2657.87,2738.29,53139220.0
2025-10-16,2721.44,2777.12,2717.11,2754.6,43329416.0
2025-10-17,2744.4,2765.55,2616.41,2620.98,47372680.0
2025-10-20,2657.46,2676.68,2614.44,2632.54,38768092.0
2025-10-21,2651.33,2686.58,2625.47,2671.32,34402517.0
2025-10-22,2655.4,2667.42,2616.0,2635.33,30756380.0
2025-10-23,2625.27,2674.6,2593.0,2669.98,34034915.0
2025-10-24,2684.08,2729.84,2684.08,2722.19,36256561.0
2025-10-27,2755.92,2770.97,2715.59,2750.16,47191356.0
2025-10-28,2741.1,2768.97,2717.47,2730.41,38897036.0
2025-10-29,2730.2,2901.83,2729.5,2900.95,59417789.0
2025-10-30,2904.75,2965.67,2899.15,2922.17,66986416.0
2025-10-31,2915.41,3001.58,2887.14,2887.31,65213178.0
2025-11-03,2896.97,2922.5,2828.03,2919.9,54438600.0
2025-11-04,2919.81,2930.29,2820.17,2839.96,44542694.0
2025-11-05,2779.85,2949.07,2779.85,2931.97,55411462.0
2025-11-06,2944.5,3016.12,2942.94,2982.92,56660129.0
2025-11-07,2975.69,3060.54,2952.8,3039.99,67054240.0
2025-11-10,3069.66,3088.54,2993.67,3014.08,66224051.0
2025-11-11,3030.72,3060.91,2987.27,2996.7,54913101.0
2025-11-12,2972.94,2974.57,2871.52,2916.43,66718459.0
2025-11-13,2925.69,3083.2,2925.69,3054.43,66824241.0
2025-11-14,3012.48,3069.66,2998.11,3004.11,63364203.0
2025-11-17,3001.31,3045.57,2968.23,3021.71,55301625.0
2025-11-18,3019.79,3043.51,2905.68,2925.2,54323596.0
2025-11-19,2925.55,2968.58,2912.36,2946.92,46343905.0
2025-11-20,2966.08,2993.61,2895.08,2900.85,46899445.0
2025-11-21,2811.43,2825.08,2718.83,2719.12,50274831.0
2025-11-24,2731.71,2734.51,2667.56,2694.7,38190914.0
2025-11-25,2723.22,2766.03,2708.15,2744.79,34949398.0
2025-11-26,2755.38,2792.04,2729.52,2750.7,31692054.0
2025-11-27,2756.88,2812.02,2740.79,2744.42,30556662.0
2025-11-28,2735.78,2802.1,2734.16,2786.3,28953911.0
2025-12-01,2799.88,2818.04,2768.12,2792.7,34074027.0
2025-12-02,2781.46,2781.51,2747.0,2758.12,25859335.0
2025-12-03,2766.38,2774.4,2713.24,2722.98,28371613.0
2025-12-04,2719.02,2733.41,2700.05,2725.82,22292884.0
2025-12-05,2731.81,2761.04,2702.96,2754.17,25653263.0
2025-12-08,2756.81,2819.58,2755.05,2805.23,31478337.0
2025-12-09,2793.93,2818.49,2767.63,2790.86,33333216.0
2025-12-10,2789.88,2792.19,2734.09,2773.42,30441009.0
2025-12-11,2782.74,2829.69,2760.98,2761.72,33183045.0
2025-12-12,2778.6,2785.23,2723.88,2777.66,41204329.0
2025-12-15,2760.67,2782.83,2720.09,2728.39,32939696.0
2025-12-16,2721.27,2721.35,2638.79,2662.39,31601086.0
2025-12-17,2671.55,2741.94,2671.36,2735.81,30620537.0
2025-12-18,2708.34,2731.46,2682.33,2682.33,23924389.0
2025-12-19,2693.62,2719.87,2677.69,2706.89,25701413.0
2025-12-22,2721.59,2753.76,2721.59,2747.22,29092311.0
2025-12-23,2753.0,2814.06,2748.66,2791.03,33918757.0
2025-12-24,2786.14,2816.51,2770.08,2813.68,32148235.0
2025-12-25,2794.38,2826.49,2778.92,2819.57,29223036.0
2025-12-26,2857.21,2921.95,2848.77,2889.2,46321801.0
2025-12-29,2892.88,2894.46,2834.8,2841.04,42485512.0
2025-12-30,2813.6,2862.37,2809.62,2844.82,39014137.0
2025-12-31,2849.05,2857.09,2806.99,2814.99,32543383.0
2026-01-05,2844.04,2877.51,2827.58,2874.32,40584662.0
2026-01-06,2890.69,2934.56,2890.69,2924.64,48270480.0
2026-01-07,2929.71,2971.91,2913.97,2943.88,52469129.0
2026-01-08,2925.42,2964.65,2910.21,2936.56,51867800.0
2026-01-09,2932.39,2987.95,2922.39,2955.14,52846540.0
2026-01-12,2969.88,2992.42,2927.23,2979.81,59728909.0
2026-01-13,2980.1,3000.11,2937.08,2964.79,62935959.0
2026-01-14,2964.39,3038.27,2929.85,2958.81,73738746.0
2026-01-15,2940.99,3011.45,2940.99,2989.64,53244000.0
2026-01-16,3017.07,3034.71,2982.57,2991.82,58606219.0
2026-01-19,2965.79,3029.39,2962.43,3016.33,55743311.0
2026-01-20,3026.69,3031.38,2925.75,2949.96,59784241.0
2026-01-21,2937.53,3002.46,2937.53,2977.02,43470937.0
2026-01-22,2981.11,3009.98,2954.32,2974.05,45991081.0
2026-01-23,3001.22,3116.2,3001.22,3116.2,74536856.0
2026-01-26,3164.02,3167.2,3077.12,3082.18,74677434.0
2026-01-27,3062.15,3084.37,2977.64,3065.08,77891683.0
2026-01-28,3051.25,3053.13,2993.36,3033.21,60937971.0
2026-01-29,3019.02,3041.61,2978.4,2983.29,63555277.0
2026-01-30,2962.28,2968.27,2852.45,2928.04,60441254.0
2026-02-02,2932.85,2960.81,2872.92,2875.35,52395479.0
2026-02-03,2919.39,2980.38,2904.91,2979.24,55237254.0
2026-02-04,2982.05,3039.2,2965.78,3036.5,71267366.0
2026-02-05,2987.54,2988.21,2898.28,2912.44,65158911.0
2026-02-06,2871.09,2994.89,2863.5,2957.9,62072517.0
2026-02-09,3007.81,3041.46,2992.47,3026.47,53939077.0
2026-02-10,3020.47,3029.32,2987.52,2995.59,56824610.0
2026-02-11,2996.66,3032.32,2996.66,3017.61,58161732.0
2026-02-12,3022.61,3067.17,3021.0,3058.27,55918781.0
2026-02-13,3027.51,3039.58,2994.14,2994.14,45877894.0
2026-02-24,3041.03,3053.53,3022.42,3032.45,45790169.0
2026-02-25,3038.94,3109.6,3028.21,3085.52,59206293.0
2026-02-26,3097.53,3097.53,3037.79,3045.09,58762501.0
2026-02-27,3025.4,3071.66,3024.14,3071.65,58725699.0
2026-03-02,3035.85,3103.27,3032.09,3060.68,62437340.0
2026-03-03,3076.92,3107.51,2981.88,2984.73,62173628.0
2026-03-04,2936.21,3025.03,2936.17,2977.89,55984535.0
2026-03-05,3027.34,3030.47,2980.22,3003.21,56082154.0
2026-03-06,2991.36,3026.89,2968.86,2998.53,51129732.0
2026-03-09,2949.99,3050.12,2926.33,3041.92,72154601.0
2026-03-10,3072.42,3092.59,3045.58,3092.28,68421866.0
2026-03-11,3093.34,3209.09,3088.79,3180.26,88947326.0
2026-03-12,3180.61,3201.45,3141.01,3197.13,82099393.0
2026-03-13,3195.91,3253.97,3179.2,3188.8,94233766.0
2026-03-16,3199.87,3208.97,3128.39,3140.55,73480390.0
2026-03-17,3151.89,3179.94,3070.07,3070.2,75295263.0
2026-03-18,3081.54,3083.05,3008.27,3059.52,68162379.0
2026-03-19,3016.1,3057.73,2977.58,2989.13,64005843.0
2026-03-20,3005.94,3153.42,2999.44,3066.55,86159876.0
2026-03-23,3033.22,3116.22,2997.94,3018.08,94819234.0
2026-03-24,3053.94,3060.21,2904.69,3039.45,92601706.0
2026-03-25,3049.72,3101.44,3034.58,3084.19,86813662.0
2026-03-26,3078.03,3136.12,3044.93,3068.05,84312714.0
2026-03-27,3031.73,3143.47,3028.99,3116.83,69244113.0
2026-03-30,3101.04,3114.71,3011.91,3062.12,66706836.0
2026-03-31,3046.76,3056.92,2952.64,2952.64,59297280.0
2026-04-01,2978.74,2979.78,2913.47,2944.6,54916964.0
2026-04-02,2930.17,2955.63,2868.37,2885.92,50333532.0
2026-04-03,2886.79,2892.9,2812.22,2815.59,43874146.0
2026-04-07,2823.67,2857.18,2801.99,2823.4,38417734.0
2026-04-08,2876.04,2930.97,2871.05,2930.97,51539337.0
2026-04-09,2920.25,2938.79,2875.46,2910.87,41501368.0
2026-04-10,2934.76,3036.22,2934.63,3010.13,51558618.0
2026-04-13,2995.12,3086.73,2995.12,3068.59,52772081.0
2026-04-14,3074.24,3122.22,3041.99,3121.6,50896806.0
2026-04-15,3133.06,3134.69,3056.39,3068.43,47282244.0
2026-04-16,3093.1,3152.04,3074.4,3144.65,46352141.0
2026-04-17,3142.66,3173.55,3131.91,3146.88,45897190.0
2026-04-20,3135.82,3168.05,3111.26,3156.42,48595779.0
2026-04-21,3170.13,3208.31,3133.18,3195.48,57644310.0
2026-04-22,3170.41,3209.97,3169.23,3190.34,48800027.0
2026-04-23,3203.32,3203.4,3119.28,3145.75,61224268.0
2026-04-24,3134.5,3204.45,3124.48,3182.08,58691068.0
2026-04-27,3169.33,3196.87,3155.96,3170.54,52902311.0
2026-04-28,3150.55,3156.21,3110.52,3121.12,52964572.0
2026-04-29,3096.52,3247.33,3082.38,3242.62,61114423.0
2026-04-30,3229.45,3251.01,3206.31,3228.56,58050429.0
2026-05-06,3261.92,3330.05,3232.62,3323.73,60432608.0
2026-05-07,3333.31,3333.93,3272.66,3302.09,61983231.0
2026-05-08,3278.03,3318.78,3241.84,3247.25,58800244.0
2026-05-11,3256.56,3310.67,3252.33,3287.01,59391832.0
2026-05-12,3298.22,3298.22,3217.33,3243.0,67041879.0
2026-05-13,3229.24,3277.1,3225.01,3272.7,68835436.0
2026-05-14,3291.4,3292.61,3171.79,3171.79,74681905.0
2026-05-15,3170.46,3209.53,3101.31,3147.94,70964551.0
2026-05-18,3124.98,3176.92,3096.59,3139.55,49548115.0
2026-05-19,3132.82,3147.74,3080.36,3140.7,50682513.0
2026-05-20,3123.04,3200.2,3104.17,3174.83,53593564.0
2026-05-21,3189.59,3224.99,3086.49,3089.42,55021099.0
2026-05-22,3108.47,3141.83,3093.95,3136.32,43414938.0
2026-05-25,3145.43,3146.96,3083.81,3117.13,47291147.0
2026-05-26,3101.94,3146.81,3069.86,3120.87,46825315.0
2026-05-27,3141.19,3213.51,3103.53,3125.62,52843735.0
2026-05-28,3128.69,3151.51,3070.7,3143.36,54155749.0
2026-05-29,3149.48,3151.75,3042.4,3060.92,60664085.0
2026-06-01,3083.04,3119.69,3028.86,3033.67,53859640.0
2026-06-02,3048.05,3049.35,2944.13,3020.62,49983044.0
2026-06-03,3012.35,3050.05,2981.61,3004.3,47742063.0
2026-06-04,2974.24,2974.24,2942.39,2954.83,47830926.0
2026-06-05,2951.96,2956.24,2875.8,2886.34,48530645.0
2026-06-08,2814.47,2847.63,2733.38,2762.43,46416181.0
2026-06-09,2803.31,2853.75,2748.07,2849.06,43053748.0
2026-06-10,2817.56,2828.65,2746.97,2798.43,45945484.0
2026-06-11,2785.31,2831.94,2768.17,2809.11,44946970.0
2026-06-12,2840.8,2908.54,2827.06,2848.74,58346951.0
2026-06-15,2879.59,2907.98,2862.46,2907.44,49219685.0
2026-06-16,2941.02,3001.87,2911.79,2980.09,50505292.0
2026-06-17,2969.2,2991.21,2946.37,2975.88,47492115.0
2026-06-18,2954.18,2977.44,2913.01,2938.95,50134445.0
2026-06-22,2930.87,3056.55,2906.28,3055.87,57208824.0
2026-06-23,3045.7,3045.7,2893.55,2906.72,46583383.0
2026-06-24,2900.5,2953.03,2848.34,2936.62,42431419.0
2026-06-25,2932.37,2947.36,2906.46,2935.15,45995577.0
2026-06-26,2940.39,2965.79,2835.09,2835.09,59100396.0
2026-06-29,2831.84,2866.63,2795.32,2857.56,52957608.0
2026-06-30,2856.95,2935.95,2856.95,2931.55,47577657.0
2026-07-01,2924.43,2934.01,2828.22,2896.34,55323174.0
2026-07-02,2852.03,2887.63,2800.51,2807.24,49879788.0
2026-07-03,2816.28,2832.79,2793.16,2798.14,41946359.0
2026-07-06,2797.71,2834.41,2740.22,2741.46,40073810.0
2026-07-07,2745.45,2769.42,2694.92,2706.07,36991741.0
2026-07-08,2702.64,2704.81,2582.18,2583.44,38788113.0
2026-07-09,2586.04,2593.64,2486.99,2589.21,42039551.0
2026-07-10,2590.49,2594.61,2515.51,2516.31,45525971.0
2026-07-13,2497.6,2502.03,2406.49,2412.49,39807870.0
2026-07-14,2408.35,2454.17,2366.01,2454.17,35466693.0
2026-07-15,2465.22,2489.75,2431.1,2438.07,33769990.0
2026-07-16,2411.99,2426.56,2364.02,2374.98,33488179.0
2026-07-17,2373.45,2376.94,2284.94,2293.84,43622404.0
