date,open,high,low,close,volume
2015-01-01,90.26,90.3,90.26,90.29,0.0
2015-01-02,90.29,91.12,90.24,91.11,0.0
2015-01-05,91.14,91.78,91.11,91.39,0.0
2015-01-06,91.39,91.68,91.12,91.57,0.0
2015-01-07,91.57,92.26,91.56,92.02,0.0
2015-01-08,92.01,92.53,91.89,92.34,0.0
2015-01-09,92.33,92.5,91.89,91.94,0.0
2015-01-12,91.87,92.34,91.72,91.99,0.0
2015-01-13,92.0,92.43,91.81,92.26,0.0
2015-01-14,92.26,92.42,91.61,92.07,0.0
2015-01-15,92.07,92.75,91.51,92.27,0.0
2015-01-16,92.3,93.26,92.08,92.63,0.0
2015-01-19,92.62,92.74,92.33,92.54,0.0
2015-01-20,92.55,93.1,92.53,93.01,0.0
2015-01-21,93.02,93.09,92.15,92.86,0.0
2015-01-22,92.87,94.27,92.48,94.23,0.0
2015-01-23,94.25,95.48,94.08,94.98,0.0
2015-01-26,95.2,95.53,94.59,94.81,0.0
2015-01-27,94.83,95.01,93.7,94.0,0.0
2015-01-28,94.0,94.64,93.97,94.58,0.0
2015-01-29,94.59,95.01,94.33,94.68,0.0
2015-01-30,94.69,94.92,94.43,94.74,0.0
2015-02-02,94.81,94.88,94.37,94.6,0.0
2015-02-03,94.6,94.7,93.25,93.61,0.0
2015-02-04,93.62,94.19,93.58,94.13,0.0
2015-02-05,94.11,94.6,93.42,93.49,0.0
2015-02-06,93.5,94.76,93.49,94.65,0.0
2015-02-09,94.62,94.89,94.36,94.56,0.0
2015-02-10,94.56,94.88,94.4,94.71,0.0
2015-02-11,94.72,95.11,94.64,95.03,0.0
2015-02-12,95.03,95.05,93.98,94.11,0.0
2015-02-13,94.11,94.31,93.9,94.13,0.0
2015-02-16,93.96,94.54,93.9,94.39,0.0
2015-02-17,94.38,94.51,93.8,94.03,0.0
2015-02-18,94.04,94.53,93.99,94.07,0.0
2015-02-19,94.07,94.45,93.83,94.43,0.0
2015-02-20,94.44,94.79,94.05,94.35,0.0
2015-02-23,94.26,94.92,94.16,94.57,0.0
2015-02-24,94.57,94.99,94.43,94.45,0.0
2015-02-25,94.44,94.51,94.13,94.19,0.0
2015-02-26,94.2,95.36,94.06,95.3,0.0
2015-02-27,95.3,95.36,94.9,95.29,0.0
2015-03-02,95.36,95.51,95.06,95.47,0.0
2015-03-03,95.48,95.57,95.1,95.4,0.0
2015-03-04,95.41,96.06,95.32,95.95,0.0
2015-03-05,95.96,96.59,95.86,96.38,0.0
2015-03-06,96.37,97.73,96.17,97.64,0.0
2015-03-09,97.75,97.83,97.29,97.64,0.0
2015-03-10,97.64,98.67,97.59,98.63,0.0
2015-03-11,98.63,99.99,98.49,99.71,0.0
2015-03-12,99.71,100.06,98.65,99.15,0.0
2015-03-13,99.17,100.39,99.16,100.19,0.0
2015-03-16,100.29,100.42,99.32,99.67,0.0
2015-03-17,99.69,99.83,99.23,99.61,0.0
2015-03-18,99.61,99.8,96.63,97.54,0.0
2015-03-19,97.53,99.46,97.21,99.09,0.0
2015-03-20,99.09,99.15,97.45,97.81,0.0
2015-03-23,97.74,98.24,96.83,97.02,0.0
2015-03-24,97.02,97.38,96.39,97.14,0.0
2015-03-25,97.15,97.32,96.54,96.88,0.0
2015-03-26,96.89,97.55,96.17,97.35,0.0
2015-03-27,97.32,97.92,96.99,97.37,0.0
2015-03-30,97.41,98.07,97.34,97.89,0.0
2015-03-31,97.91,98.67,97.83,98.47,0.0
2015-04-01,98.47,98.64,97.98,98.22,0.0
2015-04-02,98.21,98.28,97.33,97.5,0.0
2015-04-03,97.51,97.61,96.39,96.75,0.0
2015-04-06,96.8,97.24,96.33,97.15,0.0
2015-04-07,97.15,98.02,96.93,97.94,0.0
2015-04-08,97.93,98.2,97.25,98.07,0.0
2015-04-09,98.08,99.18,97.94,99.0,0.0
2015-04-10,99.01,99.69,98.84,99.35,0.0
2015-04-13,99.35,99.99,99.23,99.51,0.0
2015-04-14,99.52,99.7,98.37,98.75,0.0
2015-04-15,98.78,99.36,98.22,98.33,0.0
2015-04-16,98.34,98.72,97.28,97.67,0.0
2015-04-17,97.67,97.82,97.0,97.46,0.0
2015-04-20,97.33,98.07,97.32,97.91,0.0
2015-04-21,97.91,98.46,97.64,97.97,0.0
2015-04-22,97.97,98.12,97.43,98.03,0.0
2015-04-23,98.04,98.43,97.14,97.28,0.0
2015-04-24,97.29,97.56,96.75,96.9,0.0
2015-04-27,96.9,97.27,96.47,96.7,0.0
2015-04-28,96.71,97.18,96.01,96.07,0.0
2015-04-29,96.06,96.18,94.68,95.1,0.0
2015-04-30,95.12,95.45,94.4,94.77,0.0
2015-05-01,94.76,95.4,94.5,95.25,0.0
2015-05-04,95.22,95.64,95.04,95.43,0.0
2015-05-05,95.44,95.95,94.88,95.12,0.0
2015-05-06,95.12,95.68,93.88,94.1,0.0
2015-05-07,94.11,94.82,93.89,94.64,0.0
2015-05-08,94.64,95.07,94.32,94.77,0.0
2015-05-11,94.82,95.26,94.76,95.02,0.0
2015-05-12,95.02,95.16,94.24,94.58,0.0
2015-05-13,94.59,94.62,93.46,93.64,0.0
2015-05-14,93.65,93.76,93.13,93.37,0.0
2015-05-15,93.37,94.03,93.14,93.26,0.0
2015-05-18,93.25,94.27,93.22,94.17,0.0
2015-05-19,94.17,95.47,94.08,95.3,0.0
2015-05-20,95.29,95.84,95.26,95.6,0.0
2015-05-21,95.6,95.65,94.97,95.37,0.0
2015-05-22,95.38,96.27,94.82,96.14,0.0
2015-05-25,96.2,96.47,96.17,96.4,0.0
2015-05-26,96.4,97.36,96.34,97.31,0.0
2015-05-27,97.29,97.78,96.89,97.22,0.0
2015-05-28,97.24,97.63,96.95,97.02,0.0
2015-05-29,97.02,97.4,96.75,96.85,0.0
2015-06-01,96.88,97.68,96.86,97.42,0.0
2015-06-02,97.46,97.53,95.67,95.91,0.0
2015-06-03,95.93,96.51,95.21,95.28,0.0
2015-06-04,95.29,95.57,94.65,95.49,0.0
2015-06-05,95.5,96.91,95.36,96.33,0.0
2015-06-08,96.34,96.55,95.05,95.19,0.0
2015-06-09,95.18,95.58,94.85,95.14,0.0
2015-06-10,95.14,95.23,94.32,94.6,0.0
2015-06-11,94.6,95.6,94.56,95.01,0.0
2015-06-12,95.0,95.68,94.69,94.9,0.0
2015-06-15,95.12,95.39,94.73,94.81,0.0
2015-06-16,94.82,95.23,94.56,94.93,0.0
2015-06-17,94.94,95.18,94.11,94.27,0.0
2015-06-18,94.25,94.96,93.56,94.08,0.0
2015-06-19,94.06,94.5,93.9,94.11,0.0
2015-06-22,94.03,94.45,93.81,94.31,0.0
2015-06-23,94.33,95.64,94.29,95.39,0.0
2015-06-24,95.4,95.54,94.93,95.25,0.0
2015-06-25,95.25,95.51,95.09,95.17,0.0
2015-06-26,95.17,95.67,95.08,95.42,0.0
2015-06-29,95.92,96.42,94.68,94.9,0.0
2015-06-30,94.9,95.68,94.85,95.54,0.0
2015-07-01,95.52,96.35,95.47,96.25,0.0
2015-07-02,96.28,96.42,95.87,96.09,0.0
2015-07-03,96.09,96.22,95.87,95.96,0.0
2015-07-06,96.69,96.69,96.01,96.25,0.0
2015-07-07,96.26,97.24,96.23,96.65,0.0
2015-07-08,96.64,96.88,96.12,96.2,0.0
2015-07-09,96.21,96.75,95.97,96.47,0.0
2015-07-10,96.45,96.61,95.45,95.82,0.0
2015-07-13,96.1,96.86,95.63,96.82,0.0
2015-07-14,96.8,97.05,96.26,96.62,0.0
2015-07-15,96.64,97.31,96.53,97.15,0.0
2015-07-16,97.14,97.75,97.08,97.65,0.0
2015-07-17,97.65,97.98,97.42,97.96,0.0
2015-07-20,97.94,98.15,97.74,98.04,0.0
2015-07-21,98.03,98.15,97.14,97.33,0.0
2015-07-22,97.36,97.79,97.11,97.41,0.0
2015-07-23,97.42,97.6,96.89,97.22,0.0
2015-07-24,97.21,97.62,97.11,97.25,0.0
2015-07-27,97.24,97.3,96.29,96.54,0.0
2015-07-28,96.54,96.97,96.47,96.65,0.0
2015-07-29,96.65,97.25,96.5,97.14,0.0
2015-07-30,97.15,97.77,96.98,97.47,0.0
2015-07-31,97.47,97.6,96.31,97.21,0.0
2015-08-03,97.23,97.58,97.15,97.5,0.0
2015-08-04,97.5,98.0,97.21,97.99,0.0
2015-08-05,97.98,98.22,97.64,97.88,0.0
2015-08-06,97.86,98.16,97.63,97.82,0.0
2015-08-07,97.82,98.33,97.51,97.61,0.0
2015-08-10,97.58,97.92,97.04,97.17,0.0
2015-08-11,97.16,97.59,96.88,97.2,0.0
2015-08-12,97.2,97.33,95.93,96.32,0.0
2015-08-13,96.32,97.4,96.12,96.38,0.0
2015-08-14,96.39,96.68,96.09,96.58,0.0
2015-08-17,96.59,96.94,96.51,96.82,0.0
2015-08-18,96.82,97.07,96.68,97.02,0.0
2015-08-19,97.0,97.08,96.34,96.45,0.0
2015-08-20,96.45,96.58,95.72,95.75,0.0
2015-08-21,95.75,95.83,94.81,94.84,0.0
2015-08-24,94.8,94.97,92.62,93.26,0.0
2015-08-25,93.24,94.69,93.23,93.97,0.0
2015-08-26,93.95,95.44,93.71,95.29,0.0
2015-08-27,95.32,96.03,94.99,95.76,0.0
2015-08-28,95.75,96.32,95.38,96.14,0.0
2015-08-31,96.16,96.25,95.62,95.94,0.0
2015-09-01,95.96,95.99,95.19,95.31,0.0
2015-09-02,95.27,95.95,95.26,95.9,0.0
2015-09-03,95.9,96.62,95.79,96.36,0.0
2015-09-04,96.4,96.58,95.97,96.26,0.0
2015-09-07,96.23,96.42,96.04,96.13,0.0
2015-09-08,96.15,96.24,95.73,95.87,0.0
2015-09-09,95.89,96.41,95.8,95.96,0.0
2015-09-10,95.95,96.19,95.4,95.53,0.0
2015-09-11,95.53,95.69,95.11,95.19,0.0
2015-09-14,95.19,95.45,94.91,95.25,0.0
2015-09-15,95.23,95.68,95.12,95.6,0.0
2015-09-16,95.61,95.85,95.16,95.31,0.0
2015-09-17,95.32,95.39,94.36,94.42,0.0
2015-09-18,94.41,95.38,94.06,95.21,0.0
2015-09-21,95.15,95.98,95.04,95.92,0.0
2015-09-22,95.92,96.4,95.76,96.34,0.0
2015-09-23,96.36,96.55,96.02,96.21,0.0
2015-09-24,96.21,96.3,95.46,95.9,0.0
2015-09-25,95.94,96.7,95.92,96.22,0.0
2015-09-28,96.24,96.5,95.9,95.97,0.0
2015-09-29,95.97,96.24,95.71,95.92,0.0
2015-09-30,95.92,96.41,95.85,96.24,0.0
2015-10-01,96.24,96.49,95.97,96.13,0.0
2015-10-02,96.14,96.38,95.22,95.91,0.0
2015-10-05,95.92,96.17,95.45,96.07,0.0
2015-10-06,96.08,96.16,95.4,95.46,0.0
2015-10-07,95.46,95.7,95.33,95.58,0.0
2015-10-08,95.6,95.61,94.98,95.3,0.0
2015-10-09,95.31,95.52,94.69,94.88,0.0
2015-10-12,94.89,94.89,94.62,94.86,0.0
2015-10-13,94.87,94.98,94.54,94.8,0.0
2015-10-14,94.8,94.81,93.85,93.97,0.0
2015-10-15,93.97,94.59,93.81,94.43,0.0
2015-10-16,94.4,94.77,94.35,94.73,0.0
2015-10-19,94.73,95.0,94.55,94.91,0.0
2015-10-20,94.94,94.95,94.59,94.86,0.0
2015-10-21,94.85,95.06,94.72,95.05,0.0
2015-10-22,95.05,96.42,94.94,96.36,0.0
2015-10-23,96.37,97.2,96.15,97.05,0.0
2015-10-26,97.19,97.19,95.06,96.78,0.0
2015-10-27,96.81,96.97,96.58,96.9,0.0
2015-10-28,96.93,97.82,96.47,97.63,0.0
2015-10-29,97.63,97.69,97.24,97.27,0.0
2015-10-30,97.29,97.35,96.58,96.92,0.0
2015-11-02,96.76,96.96,96.64,96.9,0.0
2015-11-03,96.91,97.48,96.77,97.18,0.0
2015-11-04,97.18,98.05,97.15,97.93,0.0
2015-11-05,97.93,98.14,97.75,98.01,0.0
2015-11-06,98.01,99.35,97.29,99.15,0.0
2015-11-09,99.19,99.32,98.82,98.99,0.0
2015-11-10,99.01,99.5,98.93,99.22,0.0
2015-11-11,99.22,99.29,98.78,98.95,0.0
2015-11-12,98.96,99.29,98.43,98.55,0.0
2015-11-13,98.52,99.21,98.45,98.93,0.0
2015-11-16,98.8,99.46,98.8,99.38,0.0
2015-11-17,99.39,99.75,99.34,99.62,0.0
2015-11-18,99.62,99.85,99.31,99.61,0.0
2015-11-19,99.59,99.65,98.74,98.99,0.0
2015-11-20,98.98,99.63,98.92,99.61,0.0
2015-11-23,99.6,100.0,99.53,99.8,0.0
2015-11-24,99.79,99.81,99.47,99.61,0.0
2015-11-25,99.61,100.17,99.31,99.79,0.0
2015-11-26,99.8,99.91,99.69,99.85,0.0
2015-11-27,99.84,100.2,99.66,100.08,0.0
2015-11-30,100.1,100.31,100.05,100.21,0.0
2015-12-01,100.23,100.26,99.72,99.79,0.0
2015-12-02,99.8,100.51,99.73,100.0,0.0
2015-12-03,100.0,100.47,97.59,97.78,0.0
2015-12-04,97.78,98.61,97.71,98.34,0.0
2015-12-07,98.35,98.9,98.26,98.67,0.0
2015-12-08,98.68,98.78,98.36,98.42,0.0
2015-12-09,98.42,98.52,97.22,97.39,0.0
2015-12-10,97.38,97.99,97.31,97.89,0.0
2015-12-11,97.91,98.1,97.33,97.6,0.0
2015-12-14,97.67,97.93,97.28,97.7,0.0
2015-12-15,97.7,98.29,97.19,98.21,0.0
2015-12-16,98.22,98.56,97.65,98.33,0.0
2015-12-17,98.33,99.29,98.32,99.15,0.0
2015-12-18,99.16,99.18,98.64,98.68,0.0
2015-12-21,98.68,98.84,98.29,98.42,0.0
2015-12-22,98.39,98.51,98.0,98.24,0.0
2015-12-23,98.23,98.6,98.16,98.27,0.0
2015-12-24,98.29,98.4,97.86,97.89,0.0
2015-12-25,97.89,98.02,97.83,97.85,0.0
2015-12-28,97.96,98.03,97.81,97.95,0.0
2015-12-29,97.94,98.41,97.8,98.16,0.0
2015-12-30,98.16,98.41,98.1,98.22,0.0
2015-12-31,98.22,98.75,98.18,98.63,0.0
2016-01-01,98.63,98.78,98.6,98.69,0.0
2016-01-04,98.66,99.18,98.05,98.85,0.0
2016-01-05,98.85,99.63,98.75,99.36,0.0
2016-01-06,99.36,99.58,99.11,99.19,0.0
2016-01-07,99.18,99.3,98.17,98.22,0.0
2016-01-08,98.21,99.18,98.18,98.42,0.0
2016-01-11,98.43,98.89,98.08,98.88,0.0
2016-01-12,98.88,99.28,98.57,98.96,0.0
2016-01-13,98.98,99.33,98.88,98.89,0.0
2016-01-14,98.89,99.26,98.59,99.06,0.0
2016-01-15,99.07,99.12,98.38,98.91,0.0
2016-01-18,98.86,99.2,98.79,99.05,0.0
2016-01-19,99.04,99.31,98.86,99.07,0.0
2016-01-20,99.07,99.18,98.63,99.09,0.0
2016-01-21,99.08,99.8,98.91,98.97,0.0
2016-01-22,98.98,99.59,98.98,99.55,0.0
2016-01-25,99.5,99.59,99.23,99.25,0.0
2016-01-26,99.25,99.46,99.03,99.04,0.0
2016-01-27,99.05,99.16,98.71,98.97,0.0
2016-01-28,98.97,99.11,98.43,98.6,0.0
2016-01-29,98.61,99.83,98.51,99.57,0.0
2016-02-01,99.6,99.7,98.93,98.98,0.0
2016-02-02,98.99,99.09,98.78,98.86,0.0
2016-02-03,98.87,98.94,96.89,97.18,0.0
2016-02-04,97.19,97.46,96.26,96.54,0.0
2016-02-05,96.53,97.26,96.32,97.02,0.0
2016-02-08,97.02,97.48,96.54,96.74,0.0
2016-02-09,96.74,96.82,95.66,96.01,0.0
2016-02-10,96.01,96.72,95.76,95.79,0.0
2016-02-11,95.78,95.91,95.24,95.55,0.0
2016-02-12,95.56,96.21,95.46,95.99,0.0
2016-02-15,96.05,96.88,96.0,96.75,0.0
2016-02-16,96.72,96.99,96.38,96.88,0.0
2016-02-17,96.88,97.1,96.63,96.85,0.0
2016-02-18,96.84,97.09,96.69,96.9,0.0
2016-02-19,96.9,97.17,96.57,96.64,0.0
2016-02-22,96.7,97.6,96.7,97.38,0.0
2016-02-23,97.38,97.58,97.14,97.44,0.0
2016-02-24,97.46,97.92,97.23,97.49,0.0
2016-02-25,97.49,97.72,97.22,97.4,0.0
2016-02-26,97.41,98.26,97.1,98.1,0.0
2016-02-29,98.13,98.37,97.47,98.23,0.0
2016-03-01,98.24,98.57,98.09,98.32,0.0
2016-03-02,98.34,98.58,98.13,98.18,0.0
2016-03-03,98.2,98.35,97.46,97.54,0.0
2016-03-04,97.55,98.03,97.02,97.28,0.0
2016-03-07,97.29,97.7,97.04,97.11,0.0
2016-03-08,97.14,97.27,96.89,97.2,0.0
2016-03-09,97.19,97.57,96.93,97.16,0.0
2016-03-10,97.17,98.42,95.94,96.2,0.0
2016-03-11,96.22,96.72,95.94,96.23,0.0
2016-03-14,96.29,96.71,96.09,96.57,0.0
2016-03-15,96.56,96.87,96.47,96.64,0.0
2016-03-16,96.63,97.06,95.54,95.64,0.0
2016-03-17,95.64,95.83,94.65,94.75,0.0
2016-03-18,94.76,95.17,94.58,95.06,0.0
2016-03-21,95.17,95.41,95.0,95.4,0.0
2016-03-22,95.41,95.75,95.26,95.66,0.0
2016-03-23,95.67,96.23,95.59,96.05,0.0
2016-03-24,96.04,96.36,96.02,96.15,0.0
2016-03-25,96.15,96.36,96.07,96.26,0.0
2016-03-28,96.27,96.4,95.84,95.99,0.0
2016-03-29,95.99,96.22,95.09,95.18,0.0
2016-03-30,95.17,95.24,94.59,94.81,0.0
2016-03-31,94.82,95.03,94.32,94.65,0.0
2016-04-01,94.65,95.11,94.33,94.59,0.0
2016-04-04,94.6,94.83,94.41,94.58,0.0
2016-04-05,94.59,94.98,94.45,94.61,0.0
2016-04-06,94.6,95.07,94.24,94.48,0.0
2016-04-07,94.46,94.67,94.01,94.49,0.0
2016-04-08,94.5,94.68,94.09,94.2,0.0
2016-04-11,94.19,94.34,93.75,93.96,0.0
2016-04-12,93.98,94.39,93.63,94.02,0.0
2016-04-13,94.02,94.85,93.96,94.82,0.0
2016-04-14,94.82,95.2,94.68,94.9,0.0
2016-04-15,94.89,95.05,94.51,94.7,0.0
2016-04-18,94.66,94.83,94.38,94.46,0.0
2016-04-19,94.46,94.55,93.93,94.09,0.0
2016-04-20,94.11,94.59,93.94,94.56,0.0
2016-04-21,94.56,94.69,93.92,94.65,0.0
2016-04-22,94.65,95.2,94.47,95.13,0.0
2016-04-25,95.12,95.14,94.68,94.77,0.0
2016-04-26,94.76,94.84,94.21,94.5,0.0
2016-04-27,94.5,94.8,94.15,94.42,0.0
2016-04-28,94.42,94.58,93.68,93.77,0.0
2016-04-29,93.77,93.85,93.01,93.02,0.0
2016-05-02,93.04,93.1,92.54,92.55,0.0
2016-05-03,92.56,93.04,91.92,93.04,0.0
2016-05-04,93.03,93.36,92.85,93.27,0.0
2016-05-05,93.27,93.86,93.17,93.73,0.0
2016-05-06,93.73,93.96,93.28,93.83,0.0
2016-05-09,93.84,94.2,93.8,94.14,0.0
2016-05-10,94.14,94.36,94.03,94.25,0.0
2016-05-11,94.26,94.29,93.68,93.83,0.0
2016-05-12,93.83,94.19,93.79,94.15,0.0
2016-05-13,94.15,94.85,94.11,94.61,0.0
2016-05-16,94.61,94.68,94.4,94.55,0.0
2016-05-17,94.55,94.71,94.33,94.57,0.0
2016-05-18,94.56,95.24,94.5,95.21,0.0
2016-05-19,95.21,95.5,95.12,95.28,0.0
2016-05-20,95.29,95.46,95.17,95.27,0.0
2016-05-23,95.31,95.48,95.1,95.23,0.0
2016-05-24,95.24,95.66,95.2,95.58,0.0
2016-05-25,95.6,95.68,95.33,95.41,0.0
2016-05-26,95.41,95.47,94.94,95.15,0.0
2016-05-27,95.14,95.78,95.08,95.73,0.0
2016-05-30,95.7,95.97,95.52,95.65,0.0
2016-05-31,95.64,95.89,95.46,95.83,0.0
2016-06-01,95.82,95.9,95.34,95.42,0.0
2016-06-02,95.42,95.59,95.15,95.55,0.0
2016-06-03,95.54,95.64,93.86,93.9,0.0
2016-06-06,93.9,95.82,93.75,94.03,0.0
2016-06-07,94.04,94.09,93.75,93.85,0.0
2016-06-08,93.82,93.9,93.43,93.6,0.0
2016-06-09,93.61,94.11,93.43,94.1,0.0
2016-06-10,94.08,94.71,94.02,94.64,0.0
2016-06-13,94.66,94.75,94.24,94.36,0.0
2016-06-14,94.35,95.03,94.32,94.94,0.0
2016-06-15,94.91,95.04,94.36,94.62,0.0
2016-06-16,94.6,95.32,94.21,94.63,0.0
2016-06-17,94.63,94.66,94.07,94.18,0.0
2016-06-20,94.16,94.18,93.45,93.63,0.0
2016-06-21,93.61,94.14,93.43,94.12,0.0
2016-06-22,94.12,94.12,93.49,93.78,0.0
2016-06-23,93.76,93.77,93.02,93.31,0.0
2016-06-24,93.33,96.7,93.04,95.51,0.0
2016-06-27,95.78,96.71,95.75,96.37,0.0
2016-06-28,96.37,96.45,95.77,96.12,0.0
2016-06-29,96.12,96.25,95.59,95.67,0.0
2016-06-30,95.68,96.42,95.44,95.89,0.0
2016-07-01,95.93,96.08,95.41,95.62,0.0
2016-07-04,95.61,95.89,95.43,95.49,0.0
2016-07-05,95.47,96.25,95.34,96.17,0.0
2016-07-06,96.19,96.5,95.98,96.06,0.0
2016-07-07,96.07,96.34,95.92,96.26,0.0
2016-07-08,96.26,96.7,95.83,96.3,0.0
2016-07-11,96.3,96.79,96.27,96.56,0.0
2016-07-12,96.55,96.64,96.07,96.52,0.0
2016-07-13,96.52,96.6,96.09,96.36,0.0
2016-07-14,96.33,96.41,95.83,96.07,0.0
2016-07-15,96.13,96.73,95.91,96.62,0.0
2016-07-18,96.63,96.71,96.46,96.53,0.0
2016-07-19,96.55,97.15,96.52,97.02,0.0
2016-07-20,97.06,97.32,96.98,97.09,0.0
2016-07-21,97.14,97.23,96.73,96.89,0.0
2016-07-22,96.96,97.55,96.82,97.4,0.0
2016-07-25,97.39,97.57,97.22,97.24,0.0
2016-07-26,97.26,97.31,96.85,97.16,0.0
2016-07-27,97.17,97.54,96.71,96.76,0.0
2016-07-28,96.79,96.8,96.29,96.68,0.0
2016-07-29,96.68,96.71,95.69,95.8,0.0
2016-08-01,95.58,95.82,95.52,95.79,0.0
2016-08-02,96.68,96.71,95.46,95.46,0.0
2016-08-03,95.04,95.61,95.03,95.54,0.0
2016-08-04,95.53,95.9,95.42,95.77,0.0
2016-08-05,95.78,96.52,95.55,96.25,0.0
2016-08-08,96.21,96.47,96.15,96.34,0.0
2016-08-09,96.36,96.52,96.09,96.11,0.0
2016-08-10,96.12,96.19,95.44,95.73,0.0
2016-08-11,95.58,95.94,95.51,95.93,0.0
2016-08-12,95.9,95.99,95.25,95.71,0.0
2016-08-15,95.68,95.81,95.46,95.62,0.0
2016-08-16,95.62,95.64,94.42,94.79,0.0
2016-08-17,94.79,95.12,94.51,94.73,0.0
2016-08-18,94.73,94.74,94.08,94.15,0.0
2016-08-19,94.17,94.63,94.11,94.5,0.0
2016-08-22,94.61,94.96,94.44,94.55,0.0
2016-08-23,94.53,94.58,94.21,94.54,0.0
2016-08-24,94.53,94.91,94.5,94.77,0.0
2016-08-25,94.78,94.82,94.59,94.72,0.0
2016-08-26,94.72,95.6,94.24,95.51,0.0
2016-08-29,95.58,95.83,95.48,95.56,0.0
2016-08-30,95.57,96.13,95.53,96.05,0.0
2016-08-31,96.05,96.25,95.91,96.01,0.0
2016-09-01,96.0,96.23,95.59,95.66,0.0
2016-09-02,95.64,95.96,95.18,95.87,0.0
2016-09-05,95.88,95.9,95.55,95.78,0.0
2016-09-06,95.78,95.87,94.76,94.82,0.0
2016-09-07,94.87,95.06,94.69,94.96,0.0
2016-09-08,94.97,95.14,94.46,95.04,0.0
2016-09-09,94.99,95.58,94.8,95.34,0.0
2016-09-12,95.3,95.45,94.93,95.13,0.0
2016-09-13,95.14,95.67,95.08,95.54,0.0
2016-09-14,95.57,95.67,95.2,95.33,0.0
2016-09-15,95.32,95.56,95.06,95.28,0.0
2016-09-16,95.27,96.11,95.19,96.05,0.0
2016-09-19,96.06,96.06,95.64,95.88,0.0
2016-09-20,95.86,96.03,95.59,96.01,0.0
2016-09-21,96.01,96.32,95.49,95.51,0.0
2016-09-22,95.5,95.53,95.05,95.36,0.0
2016-09-23,95.38,95.68,95.34,95.47,0.0
2016-09-26,95.49,95.53,95.12,95.3,0.0
2016-09-27,95.3,95.67,95.24,95.49,0.0
2016-09-28,95.46,95.74,95.36,95.41,0.0
2016-09-29,95.43,95.68,95.33,95.5,0.0
2016-09-30,95.52,95.96,95.34,95.46,0.0
2016-10-03,95.47,95.8,95.46,95.75,0.0
2016-10-04,95.75,96.44,95.72,96.13,0.0
2016-10-05,96.12,96.32,95.96,96.15,0.0
2016-10-06,96.15,96.77,96.1,96.67,0.0
2016-10-07,96.69,97.25,96.4,96.5,0.0
2016-10-10,96.52,96.97,96.46,96.91,0.0
2016-10-11,96.91,97.73,96.89,97.71,0.0
2016-10-12,97.72,98.05,97.42,97.99,0.0
2016-10-13,97.99,98.13,97.51,97.52,0.0
2016-10-14,97.54,98.11,97.51,98.08,0.0
2016-10-17,98.13,98.17,97.81,97.88,0.0
2016-10-18,97.88,97.97,97.61,97.87,0.0
2016-10-19,97.88,97.97,97.64,97.86,0.0
2016-10-20,97.86,98.41,97.65,98.3,0.0
2016-10-21,98.33,98.81,98.29,98.62,0.0
2016-10-24,98.67,98.85,98.54,98.65,0.0
2016-10-25,98.75,99.12,98.61,98.72,0.0
2016-10-26,98.73,98.83,98.33,98.6,0.0
2016-10-27,98.62,99.02,98.5,98.93,0.0
2016-10-28,98.92,98.96,98.24,98.33,0.0
2016-10-31,98.31,98.7,98.28,98.33,0.0
2016-11-01,98.35,98.48,97.64,97.77,0.0
2016-11-02,97.74,97.8,97.18,97.36,0.0
2016-11-03,97.37,97.46,97.04,97.17,0.0
2016-11-04,97.16,97.35,96.91,96.93,0.0
2016-11-07,97.53,97.87,97.22,97.73,0.0
2016-11-08,97.75,97.99,97.55,97.96,0.0
2016-11-09,97.96,98.63,95.89,98.63,0.0
2016-11-10,98.66,99.08,98.31,98.84,0.0
2016-11-11,98.86,99.13,98.54,99.05,0.0
2016-11-14,99.05,100.22,99.04,100.02,0.0
2016-11-15,100.01,100.26,99.45,100.13,0.0
2016-11-16,100.19,100.58,99.9,100.41,0.0
2016-11-17,100.36,100.96,99.95,100.92,0.0
2016-11-18,100.96,101.49,100.83,101.3,0.0
2016-11-21,101.31,101.45,100.79,100.92,0.0
2016-11-22,100.88,101.45,100.65,101.03,0.0
2016-11-23,101.02,101.91,100.89,101.67,0.0
2016-11-24,101.66,102.05,101.45,101.75,0.0
2016-11-25,101.74,101.92,101.22,101.48,0.0
2016-11-28,101.31,101.6,100.63,101.25,0.0
2016-11-29,101.17,101.65,100.92,100.99,0.0
2016-11-30,100.95,101.84,100.85,101.52,0.0
2016-12-01,101.58,101.64,100.93,100.94,0.0
2016-12-02,100.95,101.11,100.65,100.71,0.0
2016-12-05,100.71,101.73,99.85,100.15,0.0
2016-12-06,100.13,100.59,99.99,100.47,0.0
2016-12-07,100.47,100.61,100.15,100.18,0.0
2016-12-08,100.24,101.25,99.43,101.08,0.0
2016-12-09,101.09,101.74,101.02,101.58,0.0
2016-12-12,101.73,101.78,100.84,100.98,0.0
2016-12-13,100.97,101.17,100.75,101.09,0.0
2016-12-14,101.06,102.36,100.73,102.08,0.0
2016-12-15,102.04,103.56,102.02,103.14,0.0
2016-12-16,103.15,103.27,102.62,102.86,0.0
2016-12-19,102.87,103.22,102.53,103.15,0.0
2016-12-20,103.14,103.65,103.03,103.29,0.0
2016-12-21,103.3,103.39,102.77,102.98,0.0
2016-12-22,103.04,103.14,102.59,103.1,0.0
2016-12-23,103.08,103.23,102.88,103.04,0.0
2016-12-26,103.0,103.03,102.85,102.92,0.0
2016-12-27,102.94,103.15,102.92,103.05,0.0
2016-12-28,103.04,103.63,102.88,103.32,0.0
2016-12-29,103.29,103.3,102.61,102.68,0.0
2017-01-02,102.39,102.9,102.26,102.87,0.0
2017-01-03,102.91,103.82,102.6,103.3,0.0
2017-01-04,103.26,103.44,102.39,102.55,0.0
2017-01-05,102.51,102.59,101.3,101.48,0.0
2017-01-06,101.39,102.29,101.31,102.2,0.0
2017-01-09,102.25,102.51,101.87,101.96,0.0
2017-01-10,101.94,102.51,101.5,102.03,0.0
2017-01-11,102.04,102.96,101.27,101.72,0.0
2017-01-12,101.73,101.8,100.73,101.46,0.0
2017-01-13,101.46,101.69,100.97,101.18,0.0
2017-01-16,101.61,101.74,101.32,101.59,0.0
2017-01-17,101.6,101.65,100.28,100.28,0.0
2017-01-18,100.28,101.34,100.26,101.33,0.0
2017-01-19,101.33,101.74,100.98,101.13,0.0
2017-01-20,101.12,101.5,100.71,100.8,0.0
2017-01-23,100.76,100.84,99.96,99.99,0.0
2017-01-24,99.98,100.44,99.91,100.27,0.0
2017-01-25,100.28,100.42,99.83,99.94,0.0
2017-01-26,99.94,100.74,99.8,100.52,0.0
2017-01-27,100.5,100.82,100.32,100.58,0.0
2017-01-30,100.33,101.02,100.17,100.44,0.0
2017-01-31,100.45,100.51,99.43,99.57,0.0
2017-02-01,99.56,100.06,99.51,99.73,0.0
2017-02-02,99.73,99.85,99.23,99.85,0.0
2017-02-03,99.84,100.3,99.56,99.71,0.0
2017-02-06,99.67,100.25,99.63,99.88,0.0
2017-02-07,99.88,100.72,99.88,100.41,0.0
2017-02-08,100.4,100.65,100.06,100.18,0.0
2017-02-09,100.17,100.67,100.08,100.67,0.0
2017-02-10,100.67,101.02,100.58,100.72,0.0
2017-02-13,100.84,101.12,100.58,101.0,0.0
2017-02-14,100.99,101.38,100.71,101.21,0.0
2017-02-15,101.22,101.77,101.0,101.1,0.0
2017-02-16,101.09,101.16,100.42,100.48,0.0
2017-02-17,100.49,100.97,100.46,100.9,0.0
2017-02-20,100.94,101.0,100.74,100.91,0.0
2017-02-21,100.9,101.61,100.88,101.46,0.0
2017-02-22,101.45,101.73,101.17,101.34,0.0
2017-02-23,101.33,101.45,100.88,100.97,0.0
2017-02-24,100.96,101.17,100.66,101.13,0.0
2017-02-27,101.1,101.29,100.69,101.15,0.0
2017-02-28,101.15,101.39,100.79,101.33,0.0
2017-03-01,101.34,101.98,101.23,101.74,0.0
2017-03-02,101.74,102.27,101.71,102.15,0.0
2017-03-03,102.15,102.18,101.34,101.34,0.0
2017-03-06,101.43,101.76,101.22,101.67,0.0
2017-03-07,101.68,101.91,101.53,101.81,0.0
2017-03-08,101.81,102.19,101.72,102.11,0.0
2017-03-09,102.11,102.25,101.71,101.99,0.0
2017-03-10,101.98,102.05,101.18,101.37,0.0
2017-03-13,101.29,101.4,101.02,101.38,0.0
2017-03-14,101.38,101.8,101.34,101.74,0.0
2017-03-15,101.73,101.76,100.49,100.54,0.0
2017-03-16,100.54,100.76,100.21,100.22,0.0
2017-03-17,100.23,100.48,100.14,100.34,0.0
2017-03-20,100.32,100.45,100.02,100.35,0.0
2017-03-21,100.36,100.48,99.66,99.76,0.0
2017-03-22,99.76,99.93,99.54,99.74,0.0
2017-03-23,99.75,99.87,99.63,99.77,0.0
2017-03-24,99.76,100.0,99.53,99.77,0.0
2017-03-27,99.48,99.5,98.85,99.22,0.0
2017-03-28,99.22,99.79,99.11,99.68,0.0
2017-03-29,99.68,100.14,99.65,99.94,0.0
2017-03-30,99.93,100.61,99.92,100.52,0.0
2017-03-31,100.52,100.65,100.25,100.56,0.0
2017-04-03,100.52,100.7,100.37,100.5,0.0
2017-04-04,100.5,100.74,100.43,100.49,0.0
2017-04-05,100.49,100.86,100.42,100.51,0.0
2017-04-06,100.52,100.77,100.39,100.73,0.0
2017-04-07,100.73,101.27,100.51,101.16,0.0
2017-04-10,101.2,101.35,100.95,101.01,0.0
2017-04-11,101.02,101.08,100.59,100.7,0.0
2017-04-12,100.71,100.83,100.09,100.13,0.0
2017-04-13,100.14,100.6,100.01,100.57,0.0
2017-04-14,100.57,100.61,100.38,100.48,0.0
2017-04-17,100.52,100.56,100.0,100.3,0.0
2017-04-18,100.31,100.4,99.46,99.51,0.0
2017-04-19,99.52,99.89,99.47,99.8,0.0
2017-04-20,99.81,99.85,99.37,99.81,0.0
2017-04-21,99.81,100.03,99.65,99.71,0.0
2017-04-24,98.85,99.33,98.83,99.06,0.0
2017-04-25,99.05,99.22,98.69,98.84,0.0
2017-04-26,98.84,99.33,98.72,98.98,0.0
2017-04-27,98.97,99.33,98.81,99.15,0.0
2017-04-28,99.15,99.25,98.72,99.04,0.0
2017-05-01,99.03,99.21,98.88,99.15,0.0
2017-05-02,99.16,99.23,98.92,98.96,0.0
2017-05-03,98.95,99.39,98.89,99.36,0.0
2017-05-04,99.36,99.46,98.71,98.79,0.0
2017-05-05,98.79,98.98,98.54,98.58,0.0
2017-05-08,98.52,99.18,98.51,99.18,0.0
2017-05-09,99.16,99.69,99.08,99.56,0.0
2017-05-10,99.55,99.72,99.37,99.63,0.0
2017-05-11,99.63,99.89,99.48,99.64,0.0
2017-05-12,99.65,99.7,99.17,99.19,0.0
2017-05-15,99.16,99.26,98.79,98.9,0.0
2017-05-16,98.9,98.91,98.08,98.22,0.0
2017-05-17,98.22,98.22,97.33,97.4,0.0
2017-05-18,97.39,98.08,97.37,97.91,0.0
2017-05-19,97.9,97.91,97.08,97.13,0.0
2017-05-22,97.16,97.45,96.79,96.98,0.0
2017-05-23,96.99,97.42,96.8,97.36,0.0
2017-05-24,97.36,97.47,97.01,97.1,0.0
2017-05-25,97.09,97.28,96.88,97.22,0.0
2017-05-26,97.23,97.55,97.03,97.4,0.0
2017-05-29,97.43,97.55,97.33,97.55,0.0
2017-05-30,97.3,97.78,97.22,97.4,0.0
2017-05-31,97.39,97.49,96.86,96.98,0.0
2017-06-01,96.99,97.32,96.9,97.21,0.0
2017-06-02,97.22,97.31,96.66,96.69,0.0
2017-06-05,96.82,96.98,96.68,96.83,0.0
2017-06-06,96.55,96.83,96.51,96.54,0.0
2017-06-07,96.72,96.98,96.5,96.7,0.0
2017-06-08,96.7,97.23,96.59,97.21,0.0
2017-06-09,97.21,97.5,97.11,97.29,0.0
2017-06-12,97.24,97.5,97.04,97.15,0.0
2017-06-13,97.15,97.29,96.95,97.01,0.0
2017-06-14,96.92,97.13,96.32,96.94,0.0
2017-06-15,97.5,97.56,96.84,97.48,0.0
2017-06-16,97.5,97.56,97.1,97.14,0.0
2017-06-19,97.53,97.58,97.04,97.54,0.0
2017-06-20,97.75,97.87,97.44,97.74,0.0
2017-06-21,97.55,97.8,97.52,97.54,0.0
2017-06-22,97.54,97.65,97.43,97.54,0.0
2017-06-23,97.54,97.59,97.17,97.29,0.0
2017-06-26,97.41,97.47,97.11,97.41,0.0
2017-06-27,96.49,97.45,96.34,96.49,0.0
2017-06-28,96.49,96.62,95.96,96.05,0.0
2017-06-29,96.05,96.07,95.53,95.57,0.0
2017-06-30,95.57,95.83,95.47,95.62,0.0
2017-07-03,95.64,96.25,95.61,96.2,0.0
2017-07-04,96.2,96.34,96.04,96.25,0.0
2017-07-05,96.25,96.51,96.07,96.21,0.0
2017-07-06,96.21,96.35,95.79,95.81,0.0
2017-07-07,95.81,96.16,95.75,96.02,0.0
2017-07-10,96.03,96.21,95.95,96.06,0.0
2017-07-11,96.06,96.21,95.65,95.76,0.0
2017-07-12,95.76,95.98,95.51,95.77,0.0
2017-07-13,95.78,95.93,95.46,95.76,0.0
2017-07-14,95.77,95.84,95.09,95.15,0.0
2017-07-17,95.1,95.35,95.02,95.15,0.0
2017-07-18,95.15,95.19,94.48,94.67,0.0
2017-07-19,94.67,95.19,94.62,94.81,0.0
2017-07-20,94.27,95.17,94.07,94.24,0.0
2017-07-21,94.26,94.36,93.85,93.99,0.0
2017-07-24,93.95,94.13,93.81,94.04,0.0
2017-07-25,94.04,94.13,93.63,94.08,0.0
2017-07-26,94.08,94.29,93.37,93.4,0.0
2017-07-27,93.38,94.11,93.15,93.94,0.0
2017-07-28,93.94,93.95,93.25,93.33,0.0
2017-07-31,93.33,93.54,92.77,92.85,0.0
2017-08-01,92.85,93.12,92.78,93.05,0.0
2017-08-02,93.05,93.17,92.54,92.88,0.0
2017-08-03,92.88,93.04,92.67,92.8,0.0
2017-08-04,92.81,93.77,92.7,93.49,0.0
2017-08-07,93.49,93.54,93.3,93.42,0.0
2017-08-08,93.41,93.88,93.22,93.64,0.0
2017-08-09,93.63,93.89,93.48,93.51,0.0
2017-08-10,93.51,93.81,93.3,93.4,0.0
2017-08-11,93.4,93.51,92.94,93.07,0.0
2017-08-14,93.07,93.5,93.05,93.46,0.0
2017-08-15,93.46,94.15,93.41,93.83,0.0
2017-08-16,93.83,94.15,93.47,93.49,0.0
2017-08-17,93.49,94.08,93.3,93.69,0.0
2017-08-18,93.7,93.78,93.33,93.42,0.0
2017-08-21,93.45,93.58,92.99,93.09,0.0
2017-08-22,93.1,93.59,93.05,93.49,0.0
2017-08-23,93.49,93.63,93.13,93.2,0.0
2017-08-24,93.2,93.38,93.14,93.3,0.0
2017-08-25,93.29,93.44,92.42,92.55,0.0
2017-08-28,92.39,92.74,92.18,92.21,0.0
2017-08-29,92.2,92.48,91.62,92.35,0.0
2017-08-30,92.35,92.95,92.24,92.85,0.0
2017-08-31,92.85,93.35,92.56,92.59,0.0
2017-09-01,92.62,92.93,92.09,92.83,0.0
2017-09-04,92.61,92.76,92.44,92.61,0.0
2017-09-05,92.62,92.73,92.18,92.31,0.0
2017-09-06,92.3,92.38,91.99,92.23,0.0
2017-09-07,92.23,92.26,91.4,91.54,0.0
2017-09-08,91.54,91.55,91.01,91.33,0.0
2017-09-11,91.42,91.99,91.29,91.93,0.0
2017-09-12,91.89,92.08,91.76,91.9,0.0
2017-09-13,91.91,92.53,91.7,92.39,0.0
2017-09-14,92.4,92.67,92.02,92.08,0.0
2017-09-15,92.07,92.17,91.56,91.84,0.0
2017-09-18,91.92,92.21,91.79,92.05,0.0
2017-09-19,92.04,92.06,91.74,91.83,0.0
2017-09-20,91.84,92.7,91.41,92.48,0.0
2017-09-21,92.45,92.66,92.09,92.18,0.0
2017-09-22,92.17,92.26,91.77,92.16,0.0
2017-09-25,92.35,92.73,92.2,92.66,0.0
2017-09-26,92.67,93.29,92.54,93.0,0.0
2017-09-27,93.0,93.61,92.99,93.44,0.0
2017-09-28,93.45,93.67,93.07,93.12,0.0
2017-09-29,93.12,93.27,92.95,93.07,0.0
2017-10-02,93.12,93.66,93.06,93.62,0.0
2017-10-03,93.63,93.92,93.43,93.64,0.0
2017-10-04,93.63,93.64,93.26,93.51,0.0
2017-10-05,93.5,94.0,93.41,93.9,0.0
2017-10-06,93.91,94.27,93.77,93.83,0.0
2017-10-09,93.77,93.84,93.62,93.72,0.0
2017-10-10,93.72,93.75,93.14,93.26,0.0
2017-10-11,93.26,93.37,92.9,92.97,0.0
2017-10-12,92.97,93.24,92.8,93.1,0.0
2017-10-13,93.11,93.24,92.75,93.06,0.0
2017-10-16,93.1,93.36,93.08,93.27,0.0
2017-10-17,93.27,93.73,93.24,93.51,0.0
2017-10-18,93.51,93.8,93.35,93.42,0.0
2017-10-19,93.42,93.56,93.05,93.17,0.0
2017-10-20,93.17,93.79,93.12,93.67,0.0
2017-10-23,93.77,94.02,93.68,93.85,0.0
2017-10-24,93.86,94.0,93.67,93.94,0.0
2017-10-25,93.94,94.01,93.59,93.62,0.0
2017-10-26,93.63,94.72,93.46,94.65,0.0
2017-10-27,94.65,95.16,94.6,94.83,0.0
2017-10-30,94.84,94.93,94.44,94.5,0.0
2017-10-31,94.5,94.93,94.44,94.56,0.0
2017-11-01,94.56,94.86,94.51,94.77,0.0
2017-11-02,94.77,94.86,94.4,94.73,0.0
2017-11-03,94.72,95.02,94.41,94.92,0.0
2017-11-06,94.89,95.08,94.7,94.73,0.0
2017-11-07,94.72,95.15,94.68,94.93,0.0
2017-11-08,94.93,94.97,94.77,94.89,0.0
2017-11-09,94.89,94.96,94.4,94.54,0.0
2017-11-10,94.53,94.65,94.24,94.4,0.0
2017-11-13,94.45,94.64,94.35,94.5,0.0
2017-11-14,94.5,94.54,93.73,93.82,0.0
2017-11-15,93.82,93.9,93.4,93.82,0.0
2017-11-16,93.82,94.0,93.76,93.92,0.0
2017-11-17,93.91,93.95,93.5,93.7,0.0
2017-11-20,93.71,94.11,93.57,94.08,0.0
2017-11-21,94.08,94.17,93.88,93.97,0.0
2017-11-22,93.98,94.01,93.21,93.24,0.0
2017-11-23,93.25,93.32,93.06,93.13,0.0
2017-11-24,93.12,93.25,92.66,92.75,0.0
2017-11-27,92.78,92.94,92.49,92.92,0.0
2017-11-28,92.93,93.34,92.83,93.26,0.0
2017-11-29,93.28,93.44,92.98,93.28,0.0
2017-11-30,93.28,93.51,92.73,93.01,0.0
2017-12-01,93.02,93.25,92.6,92.86,0.0
2017-12-04,93.17,93.36,93.04,93.09,0.0
2017-12-05,93.09,93.49,93.03,93.31,0.0
2017-12-06,93.31,93.66,93.17,93.56,0.0
2017-12-07,93.56,93.8,93.49,93.78,0.0
2017-12-08,93.77,94.09,93.75,93.87,0.0
2017-12-11,93.94,93.99,93.67,93.96,0.0
2017-12-12,93.96,94.22,93.75,94.07,0.0
2017-12-13,94.07,94.11,93.4,93.42,0.0
2017-12-14,93.43,93.76,93.28,93.64,0.0
2017-12-15,93.63,94.0,93.4,93.96,0.0
2017-12-18,94.02,94.03,93.39,93.7,0.0
2017-12-19,93.7,93.77,93.43,93.46,0.0
2017-12-20,93.46,93.54,93.16,93.36,0.0
2017-12-21,93.36,93.5,93.23,93.26,0.0
2017-12-22,93.27,93.56,93.23,93.31,0.0
2017-12-25,93.32,93.43,93.17,93.25,0.0
2017-12-26,93.24,93.41,93.19,93.29,0.0
2017-12-27,93.27,93.31,92.96,92.99,0.0
2017-12-28,93.0,93.02,92.56,92.65,0.0
2017-12-29,92.65,92.67,92.07,92.28,0.0
2018-01-01,92.27,92.32,92.17,92.23,0.0
2018-01-02,92.22,92.26,91.74,91.84,0.0
2018-01-03,91.81,92.26,91.79,92.2,0.0
2018-01-04,92.2,92.26,91.78,91.87,0.0
2018-01-05,91.86,92.1,91.76,91.99,0.0
2018-01-08,91.97,92.4,91.87,92.33,0.0
2018-01-09,92.33,92.65,92.21,92.57,0.0
2018-01-10,92.57,92.58,91.9,92.32,0.0
2018-01-11,92.31,92.55,91.74,91.85,0.0
2018-01-12,91.82,91.89,90.88,90.88,0.0
2018-01-15,90.92,90.94,90.27,90.45,0.0
2018-01-16,90.44,90.83,90.34,90.4,0.0
2018-01-17,90.46,90.94,90.09,90.88,0.0
2018-01-18,90.87,91.01,90.39,90.52,0.0
2018-01-19,90.53,90.72,90.15,90.71,0.0
2018-01-20,90.57,90.98,90.41,90.67,0.0
2018-01-22,90.46,90.7,90.33,90.4,0.0
2018-01-23,90.38,90.6,89.95,90.0,0.0
2018-01-24,89.99,90.13,89.14,89.31,0.0
2018-01-25,89.28,89.59,88.42,89.39,0.0
2018-01-26,89.38,89.43,88.7,89.05,0.0
2018-01-29,89.02,89.63,88.99,89.36,0.0
2018-01-30,89.34,89.65,88.89,89.15,0.0
2018-01-31,89.17,89.3,88.76,89.09,0.0
2018-02-01,89.08,89.33,88.54,88.61,0.0
2018-02-02,88.6,89.43,88.58,89.15,0.0
2018-02-05,89.22,89.7,89.01,89.69,0.0
2018-02-06,89.69,90.05,89.36,89.65,0.0
2018-02-07,89.65,90.4,89.45,90.25,0.0
2018-02-08,90.33,90.57,90.0,90.29,0.0
2018-02-09,90.33,90.57,90.0,90.42,0.0
2018-02-12,90.4,90.44,90.06,90.13,0.0
2018-02-13,90.13,90.18,89.61,89.72,0.0
2018-02-14,89.72,90.13,88.94,89.02,0.0
2018-02-15,89.03,89.03,88.54,88.57,0.0
2018-02-16,88.59,89.23,88.24,89.14,0.0
2018-02-19,89.21,89.44,88.94,89.19,0.0
2018-02-20,89.72,89.8,89.17,89.72,0.0
2018-02-21,90.01,90.13,89.57,90.11,0.0
2018-02-22,89.76,90.24,89.57,89.73,0.0
2018-02-23,89.76,90.06,89.69,89.89,0.0
2018-02-26,89.84,90.06,89.49,89.83,0.0
2018-02-27,90.4,90.5,89.68,90.36,0.0
2018-02-28,90.62,90.7,89.68,90.66,0.0
2018-03-01,90.25,90.93,90.2,90.26,0.0
2018-03-02,90.27,90.93,89.87,89.99,0.0
2018-03-05,89.88,90.22,89.74,90.0,0.0
2018-03-06,90.0,90.07,89.5,89.59,0.0
2018-03-07,89.6,89.78,89.39,89.59,0.0
2018-03-08,89.6,90.24,89.44,90.13,0.0
2018-03-09,90.13,90.38,89.98,90.13,0.0
2018-03-12,90.1,90.19,89.84,89.93,0.0
2018-03-13,89.93,90.12,89.59,89.69,0.0
2018-03-14,89.68,89.9,89.56,89.77,0.0
2018-03-15,89.76,90.17,89.62,90.13,0.0
2018-03-16,90.0,90.39,89.88,90.19,0.0
2018-03-19,90.2,90.35,89.76,89.92,0.0
2018-03-20,89.92,90.45,89.83,90.41,0.0
2018-03-21,90.42,90.43,89.63,89.7,0.0
2018-03-22,89.71,89.97,89.38,89.84,0.0
2018-03-23,89.62,89.83,89.39,89.48,0.0
2018-03-26,89.46,89.52,88.98,89.07,0.0
2018-03-27,89.07,89.64,88.94,89.33,0.0
2018-03-28,89.32,90.15,89.24,90.07,0.0
2018-03-29,90.07,90.18,89.9,90.08,0.0
2018-03-30,89.91,90.12,89.87,89.97,0.0
2018-04-02,90.01,90.16,89.82,90.02,0.0
2018-04-03,90.03,90.28,89.85,90.18,0.0
2018-04-04,90.18,90.23,89.91,90.12,0.0
2018-04-05,90.11,90.6,90.07,90.44,0.0
2018-04-06,90.44,90.61,90.07,90.11,0.0
2018-04-09,90.15,90.28,89.82,89.85,0.0
2018-04-10,89.84,89.98,89.54,89.63,0.0
2018-04-11,89.63,89.68,89.35,89.53,0.0
2018-04-12,89.53,89.97,89.44,89.78,0.0
2018-04-13,89.78,89.89,89.66,89.81,0.0
2018-04-16,89.81,89.86,89.39,89.43,0.0
2018-04-17,89.44,89.68,89.23,89.49,0.0
2018-04-18,89.49,89.78,89.44,89.61,0.0
2018-04-19,89.61,89.96,89.5,89.88,0.0
2018-04-20,90.14,90.48,89.88,90.26,0.0
2018-04-23,90.37,90.99,90.32,90.93,0.0
2018-04-24,90.93,91.09,90.71,90.79,0.0
2018-04-25,90.79,91.27,90.75,91.24,0.0
2018-04-26,91.25,91.64,90.95,91.57,0.0
2018-04-27,91.83,91.99,91.49,91.53,0.0
2018-04-30,91.73,91.92,91.48,91.83,0.0
2018-05-01,91.83,92.58,91.8,92.47,0.0
2018-05-02,92.47,92.84,92.22,92.71,0.0
2018-05-03,92.71,92.77,92.34,92.43,0.0
2018-05-04,92.57,92.92,92.35,92.57,0.0
2018-05-07,92.59,92.98,92.45,92.78,0.0
2018-05-08,92.77,93.29,92.65,93.07,0.0
2018-05-09,93.09,93.43,92.84,93.11,0.0
2018-05-10,93.11,93.17,92.53,92.71,0.0
2018-05-11,92.56,92.84,92.36,92.55,0.0
2018-05-14,92.52,92.7,92.24,92.68,0.0
2018-05-15,92.67,93.46,92.61,93.26,0.0
2018-05-16,93.26,93.64,93.13,93.32,0.0
2018-05-17,93.32,93.58,93.11,93.47,0.0
2018-05-18,93.67,93.84,93.34,93.66,0.0
2018-05-21,93.69,94.07,93.51,93.52,0.0
2018-05-22,93.53,93.75,93.28,93.6,0.0
2018-05-23,93.6,94.2,93.51,93.95,0.0
2018-05-24,93.96,93.98,93.6,93.77,0.0
2018-05-25,94.26,94.3,93.74,94.25,0.0
2018-05-28,94.11,94.5,93.85,94.42,0.0
2018-05-29,94.42,95.04,94.27,94.81,0.0
2018-05-30,94.83,94.98,94.03,94.08,0.0
2018-05-31,94.08,94.25,93.71,93.98,0.0
2018-06-01,93.99,94.46,93.88,94.19,0.0
2018-06-04,94.18,94.2,93.66,94.03,0.0
2018-06-05,94.04,94.33,93.78,93.88,0.0
2018-06-06,93.88,93.9,93.42,93.61,0.0
2018-06-07,93.61,93.63,93.21,93.46,0.0
2018-06-08,93.56,93.83,93.39,93.53,0.0
2018-06-11,93.54,93.68,93.36,93.6,0.0
2018-06-12,93.6,93.92,93.47,93.84,0.0
2018-06-13,93.83,94.05,93.52,93.55,0.0
2018-06-14,93.55,94.94,93.17,94.89,0.0
2018-06-15,94.8,95.14,94.65,94.79,0.0
2018-06-18,94.87,95.06,94.7,94.76,0.0
2018-06-19,94.76,95.3,94.53,95.02,0.0
2018-06-20,95.01,95.33,94.91,95.13,0.0
2018-06-21,95.13,95.54,94.67,94.84,0.0
2018-06-22,94.59,94.89,94.43,94.52,0.0
2018-06-25,94.49,94.71,94.21,94.31,0.0
2018-06-26,94.31,94.78,94.17,94.67,0.0
2018-06-27,94.68,95.42,94.52,95.28,0.0
2018-06-28,95.28,95.54,95.08,95.31,0.0
2018-06-29,94.81,95.35,94.47,94.47,0.0
2018-07-02,94.61,95.15,94.53,94.88,0.0
2018-07-03,94.87,94.99,94.56,94.61,0.0
2018-07-04,94.61,94.72,94.4,94.54,0.0
2018-07-05,94.54,94.6,94.17,94.41,0.0
2018-07-06,93.96,94.49,93.92,93.96,0.0
2018-07-09,93.97,94.21,93.71,94.09,0.0
2018-07-10,94.09,94.48,94.01,94.15,0.0
2018-07-11,94.15,94.78,94.08,94.72,0.0
2018-07-12,94.73,94.95,94.64,94.82,0.0
2018-07-13,95.17,95.25,94.67,94.68,0.0
2018-07-16,94.7,94.78,94.41,94.51,0.0
2018-07-17,94.51,95.08,94.29,95.0,0.0
2018-07-18,95.0,95.41,94.96,95.07,0.0
2018-07-19,95.08,95.66,94.9,95.16,0.0
2018-07-20,95.13,95.29,94.36,94.48,0.0
2018-07-23,94.44,94.72,94.2,94.65,0.0
2018-07-24,94.65,94.88,94.39,94.6,0.0
2018-07-25,94.61,94.67,94.14,94.22,0.0
2018-07-26,94.23,94.8,94.08,94.78,0.0
2018-07-27,94.71,94.92,94.62,94.67,0.0
2018-07-30,94.67,94.76,94.26,94.37,0.0
2018-07-31,94.36,94.58,94.16,94.56,0.0
2018-08-01,94.56,94.72,94.49,94.67,0.0
2018-08-02,94.67,95.2,94.61,95.16,0.0
2018-08-03,95.22,95.37,94.98,95.16,0.0
2018-08-06,95.21,95.52,95.2,95.38,0.0
2018-08-07,95.38,95.38,94.99,95.19,0.0
2018-08-08,95.19,95.43,94.99,95.09,0.0
2018-08-09,95.09,95.63,95.02,95.61,0.0
2018-08-10,95.61,96.46,95.53,96.27,0.0
2018-08-13,96.43,96.53,96.15,96.32,0.0
2018-08-14,96.32,96.8,96.14,96.67,0.0
2018-08-15,96.67,96.99,96.64,96.71,0.0
2018-08-16,96.71,96.77,96.31,96.6,0.0
2018-08-17,96.45,96.67,96.09,96.13,0.0
2018-08-20,96.13,96.41,95.74,95.74,0.0
2018-08-21,95.74,95.77,95.07,95.23,0.0
2018-08-22,95.22,95.38,94.93,95.11,0.0
2018-08-23,95.1,95.71,95.07,95.62,0.0
2018-08-24,95.31,95.71,95.02,95.16,0.0
2018-08-27,95.16,95.31,94.68,94.77,0.0
2018-08-28,94.76,94.92,94.43,94.72,0.0
2018-08-29,94.72,94.94,94.53,94.54,0.0
2018-08-30,94.53,94.94,94.46,94.69,0.0
2018-08-31,94.82,95.23,94.54,95.1,0.0
2018-09-03,95.19,95.23,95.0,95.15,0.0
2018-09-04,95.14,95.75,95.12,95.43,0.0
2018-09-05,95.43,95.75,95.06,95.11,0.0
2018-09-06,95.11,95.22,94.93,95.03,0.0
2018-09-07,95.04,95.47,94.87,95.34,0.0
2018-09-10,95.43,95.57,95.02,95.14,0.0
2018-09-11,95.14,95.36,94.87,95.12,0.0
2018-09-12,95.11,95.29,94.73,94.84,0.0
2018-09-13,94.83,94.97,94.42,94.55,0.0
2018-09-14,94.53,95.0,94.36,94.95,0.0
2018-09-17,94.95,94.99,94.44,94.51,0.0
2018-09-18,94.51,94.74,94.3,94.6,0.0
2018-09-19,94.61,94.73,94.32,94.55,0.0
2018-09-20,94.55,94.58,93.83,93.9,0.0
2018-09-21,94.03,94.34,93.81,94.22,0.0
2018-09-24,94.23,94.37,93.84,94.25,0.0
2018-09-25,94.25,94.38,94.01,94.15,0.0
2018-09-26,94.15,94.4,93.95,94.3,0.0
2018-09-27,94.3,95.01,94.21,95.0,0.0
2018-09-28,94.99,95.37,94.92,95.06,0.0
2018-10-01,95.13,95.38,95.0,95.32,0.0
2018-10-02,95.32,95.75,95.26,95.5,0.0
2018-10-03,95.5,96.13,95.25,96.0,0.0
2018-10-04,96.0,96.13,95.53,95.77,0.0
2018-10-05,95.76,95.95,95.5,95.63,0.0
2018-10-08,95.62,96.04,95.59,95.77,0.0
2018-10-09,95.76,96.16,95.63,95.69,0.0
2018-10-10,95.69,95.8,95.37,95.47,0.0
2018-10-11,95.47,95.47,94.98,95.03,0.0
2018-10-12,95.15,95.38,94.95,95.23,0.0
2018-10-15,95.34,95.38,94.95,95.06,0.0
2018-10-16,95.06,95.21,94.78,95.1,0.0
2018-10-17,95.1,95.67,95.06,95.66,0.0
2018-10-18,95.65,96.0,95.48,95.95,0.0
2018-10-19,95.88,96.1,95.54,95.64,0.0
2018-10-22,95.67,96.1,95.47,96.03,0.0
2018-10-23,96.03,96.17,95.8,95.93,0.0
2018-10-24,95.94,96.55,95.91,96.38,0.0
2018-10-25,96.37,96.74,96.2,96.59,0.0
2018-10-26,96.86,96.87,96.28,96.32,0.0
2018-10-29,96.44,96.71,96.35,96.68,0.0
2018-10-30,96.68,97.03,96.62,97.0,0.0
2018-10-31,97.0,97.2,96.87,97.13,0.0
2018-11-01,97.1,97.19,96.19,96.32,0.0
2018-11-02,96.32,96.61,95.98,96.38,0.0
2018-11-05,96.44,96.69,96.25,96.35,0.0
2018-11-06,96.36,96.45,96.14,96.22,0.0
2018-11-07,96.23,96.47,95.67,96.21,0.0
2018-11-08,96.2,96.75,96.07,96.66,0.0
2018-11-09,96.66,97.02,96.61,96.91,0.0
2018-11-12,97.04,97.7,96.96,97.69,0.0
2018-11-13,97.68,97.69,97.07,97.14,0.0
2018-11-14,97.16,97.41,96.74,97.04,0.0
2018-11-15,97.04,97.4,96.76,97.07,0.0
2018-11-16,97.1,97.12,96.4,96.43,0.0
2018-11-19,96.43,97.12,96.11,96.2,0.0
2018-11-20,96.2,96.9,96.04,96.81,0.0
2018-11-21,96.82,96.88,96.49,96.71,0.0
2018-11-22,96.73,96.88,96.31,96.48,0.0
2018-11-23,96.5,96.99,96.39,96.95,0.0
2018-11-26,96.9,97.11,96.66,97.09,0.0
2018-11-27,97.08,97.51,96.97,97.38,0.0
2018-11-28,97.41,97.55,96.68,96.87,0.0
2018-11-29,96.85,97.55,96.62,96.77,0.0
2018-11-30,96.78,97.32,96.71,97.2,0.0
2018-12-03,96.99,97.17,96.71,96.96,0.0
2018-12-04,96.96,97.14,96.37,96.97,0.0
2018-12-05,96.97,97.22,96.82,97.03,0.0
2018-12-06,97.04,97.22,96.54,96.77,0.0
2018-12-07,96.77,96.93,96.5,96.7,0.0
2018-12-10,96.76,97.25,96.36,97.21,0.0
2018-12-11,97.21,97.56,96.87,97.47,0.0
2018-12-12,97.47,97.5,96.89,97.05,0.0
2018-12-13,97.05,97.3,96.87,97.11,0.0
2018-12-14,97.11,97.72,97.07,97.45,0.0
2018-12-17,97.44,97.49,97.05,97.14,0.0
2018-12-18,97.13,97.18,96.69,97.04,0.0
2018-12-19,97.05,97.11,96.55,97.02,0.0
2018-12-20,97.03,97.06,96.17,96.45,0.0
2018-12-21,96.46,97.05,96.24,96.97,0.0
2018-12-24,96.89,96.98,96.36,96.58,0.0
2018-12-25,96.58,96.96,96.41,96.67,0.0
2018-12-26,96.66,97.12,96.41,97.05,0.0
2018-12-27,97.07,97.07,96.4,96.58,0.0
2018-12-28,96.59,96.61,96.19,96.39,0.0
2018-12-31,96.41,96.51,96.04,96.06,0.0
2019-01-01,96.07,96.32,95.65,96.1,0.0
2019-01-02,96.11,96.97,95.82,96.78,0.0
2019-01-03,96.77,96.9,96.2,96.27,0.0
2019-01-04,96.29,96.62,96.04,96.19,0.0
2019-01-07,96.21,96.21,95.62,95.7,0.0
2019-01-08,95.7,96.03,95.61,95.92,0.0
2019-01-09,95.91,95.96,95.11,95.2,0.0
2019-01-10,95.21,95.62,95.02,95.54,0.0
2019-01-11,95.54,95.77,95.19,95.67,0.0
2019-01-14,95.69,95.73,95.47,95.59,0.0
2019-01-15,95.6,96.27,95.46,95.96,0.0
2019-01-16,95.95,96.18,95.83,96.11,0.0
2019-01-17,96.09,96.27,95.96,96.09,0.0
2019-01-18,96.08,96.4,95.97,96.37,0.0
2019-01-21,96.37,96.44,96.09,96.34,0.0
2019-01-22,96.35,96.49,96.21,96.32,0.0
2019-01-23,96.33,96.38,96.02,96.14,0.0
2019-01-24,96.14,96.68,96.04,96.55,0.0
2019-01-25,96.54,96.58,95.73,95.82,0.0
2019-01-28,95.86,95.93,95.64,95.76,0.0
2019-01-29,95.75,95.88,95.62,95.83,0.0
2019-01-30,95.84,95.99,95.25,95.44,0.0
2019-01-31,95.43,95.62,95.16,95.55,0.0
2019-02-01,95.56,95.66,95.39,95.62,0.0
2019-02-04,95.65,95.92,95.56,95.83,0.0
2019-02-05,95.82,96.13,95.81,96.09,0.0
2019-02-06,96.08,96.43,96.04,96.42,0.0
2019-02-07,96.42,96.68,96.37,96.58,0.0
2019-02-08,96.57,96.7,96.45,96.64,0.0
2019-02-11,96.65,97.12,96.62,97.06,0.0
2019-02-12,97.06,97.21,96.65,96.73,0.0
2019-02-13,96.75,97.2,96.62,97.19,0.0
2019-02-14,97.19,97.29,96.94,97.03,0.0
2019-02-15,97.02,97.38,96.83,96.92,0.0
2019-02-18,96.9,96.94,96.65,96.79,0.0
2019-02-19,96.81,97.09,96.42,96.52,0.0
2019-02-20,96.52,96.65,96.28,96.56,0.0
2019-02-21,96.56,96.67,96.35,96.64,0.0
2019-02-22,96.61,96.79,96.42,96.54,0.0
2019-02-25,96.5,96.61,96.32,96.45,0.0
2019-02-26,96.44,96.47,95.95,96.07,0.0
2019-02-27,96.07,96.2,95.88,96.16,0.0
2019-02-28,96.15,96.29,95.82,96.23,0.0
2019-03-01,96.22,96.55,96.06,96.46,0.0
2019-03-04,96.31,96.82,96.25,96.62,0.0
2019-03-05,96.62,97.02,96.57,96.83,0.0
2019-03-06,96.83,97.01,96.77,96.89,0.0
2019-03-07,96.89,97.72,96.8,97.61,0.0
2019-03-08,97.61,97.65,97.23,97.38,0.0
2019-03-11,97.39,97.46,97.11,97.12,0.0
2019-03-12,97.12,97.29,96.84,97.0,0.0
2019-03-13,97.0,97.03,96.38,96.49,0.0
2019-03-14,96.49,96.82,96.42,96.73,0.0
2019-03-15,96.74,96.79,96.48,96.49,0.0
2019-03-18,96.56,96.64,96.38,96.53,0.0
2019-03-19,96.54,96.55,96.29,96.41,0.0
2019-03-20,96.41,96.58,95.74,95.95,0.0
2019-03-21,95.94,96.63,95.83,96.35,0.0
2019-03-22,96.35,96.81,96.21,96.55,0.0
2019-03-25,96.65,96.69,96.41,96.53,0.0
2019-03-26,96.53,96.85,96.45,96.8,0.0
2019-03-27,96.81,96.98,96.68,96.93,0.0
2019-03-28,96.94,97.31,96.82,97.22,0.0
2019-03-29,97.15,97.35,97.0,97.2,0.0
2019-04-01,97.2,97.4,97.02,97.36,0.0
2019-04-02,97.35,97.53,97.25,97.31,0.0
2019-04-03,97.31,97.33,96.95,97.1,0.0
2019-04-04,97.1,97.35,97.02,97.31,0.0
2019-04-05,97.31,97.47,97.18,97.36,0.0
2019-04-08,97.4,97.4,96.98,97.06,0.0
2019-04-09,97.05,97.1,96.86,97.02,0.0
2019-04-10,97.01,97.23,96.85,96.91,0.0
2019-04-11,96.91,97.21,96.87,97.17,0.0
2019-04-12,96.84,97.19,96.74,96.85,0.0
2019-04-15,96.92,96.97,96.79,96.95,0.0
2019-04-16,96.94,97.1,96.88,97.06,0.0
2019-04-17,97.06,97.13,96.81,97.01,0.0
2019-04-18,97.02,97.49,96.95,97.45,0.0
2019-04-19,97.42,97.47,97.3,97.36,0.0
2019-04-22,97.38,97.41,97.26,97.28,0.0
2019-04-23,97.29,97.79,97.27,97.6,0.0
2019-04-24,97.6,98.2,97.59,98.07,0.0
2019-04-25,98.06,98.34,97.99,98.16,0.0
2019-04-26,98.16,98.34,97.84,98.02,0.0
2019-04-29,98.03,98.11,97.8,97.86,0.0
2019-04-30,97.86,97.9,97.44,97.54,0.0
2019-05-01,97.52,97.74,97.15,97.64,0.0
2019-05-02,97.63,97.86,97.51,97.84,0.0
2019-05-03,98.0,98.12,97.41,97.48,0.0
2019-05-06,97.56,97.71,97.4,97.56,0.0
2019-05-07,97.56,97.75,97.38,97.55,0.0
2019-05-08,97.55,97.68,97.41,97.61,0.0
2019-05-09,97.61,97.71,97.23,97.43,0.0
2019-05-10,97.35,97.46,97.13,97.32,0.0
2019-05-13,97.29,97.4,97.03,97.35,0.0
2019-05-14,97.34,97.56,97.27,97.53,0.0
2019-05-15,97.52,97.71,97.43,97.56,0.0
2019-05-16,97.57,97.89,97.44,97.84,0.0
2019-05-17,97.92,98.04,97.76,98.01,0.0
2019-05-20,97.98,98.06,97.88,97.94,0.0
2019-05-21,97.94,98.14,97.81,98.02,0.0
2019-05-22,98.02,98.13,97.89,98.1,0.0
2019-05-23,98.1,98.38,97.8,97.86,0.0
2019-05-24,97.86,97.91,97.55,97.61,0.0
2019-05-27,97.57,97.79,97.55,97.74,0.0
2019-05-28,97.74,97.98,97.69,97.93,0.0
2019-05-29,97.94,98.21,97.86,98.13,0.0
2019-05-30,98.14,98.29,98.08,98.17,0.0
2019-05-31,98.08,98.19,97.61,97.61,0.0
2019-06-03,97.77,97.81,97.1,97.22,0.0
2019-06-04,97.22,97.34,96.99,97.13,0.0
2019-06-05,97.12,97.38,96.73,97.32,0.0
2019-06-06,97.31,97.41,96.78,97.01,0.0
2019-06-07,96.98,97.18,96.45,96.59,0.0
2019-06-10,96.64,96.94,96.6,96.77,0.0
2019-06-11,96.78,96.89,96.64,96.72,0.0
2019-06-12,96.72,97.02,96.58,96.97,0.0
2019-06-13,96.97,97.09,96.87,97.04,0.0
2019-06-14,97.04,97.59,96.94,97.46,0.0
2019-06-17,97.54,97.61,97.33,97.53,0.0
2019-06-18,97.53,97.78,97.37,97.64,0.0
2019-06-19,97.64,97.69,97.08,97.24,0.0
2019-06-20,97.24,97.27,96.54,96.64,0.0
2019-06-21,96.63,96.72,96.09,96.1,0.0
2019-06-24,96.18,96.21,95.96,96.01,0.0
2019-06-25,96.0,96.37,95.84,96.18,0.0
2019-06-26,96.15,96.35,96.06,96.17,0.0
2019-06-27,96.18,96.39,96.14,96.23,0.0
2019-06-28,96.22,96.31,96.02,96.14,0.0
2019-07-01,96.84,96.87,96.17,96.81,0.0
2019-07-02,96.81,96.88,96.6,96.75,0.0
2019-07-03,96.76,96.88,96.57,96.76,0.0
2019-07-04,96.76,96.88,96.66,96.73,0.0
2019-07-05,96.73,97.45,96.7,97.18,0.0
2019-07-08,97.23,97.43,97.16,97.36,0.0
2019-07-09,97.37,97.6,97.36,97.5,0.0
2019-07-10,97.5,97.56,97.03,97.11,0.0
2019-07-11,97.1,97.15,96.79,97.08,0.0
2019-07-12,97.06,97.12,96.74,96.74,0.0
2019-07-15,96.79,96.97,96.72,96.92,0.0
2019-07-16,96.92,97.44,96.9,97.37,0.0
2019-07-17,97.38,97.45,97.16,97.19,0.0
2019-07-18,97.19,97.27,96.67,96.71,0.0
2019-07-19,96.7,97.3,96.65,97.08,0.0
2019-07-22,97.14,97.31,97.12,97.29,0.0
2019-07-23,97.29,97.75,97.28,97.71,0.0
2019-07-24,97.7,97.83,97.55,97.67,0.0
2019-07-25,97.68,97.93,97.49,97.78,0.0
2019-07-26,97.85,98.1,97.76,97.91,0.0
2019-07-29,98.0,98.17,97.9,98.05,0.0
2019-07-30,98.05,98.21,98.01,98.07,0.0
2019-07-31,98.07,98.7,98.0,98.59,0.0
2019-08-01,98.59,98.94,98.27,98.39,0.0
2019-08-02,98.38,98.47,98.0,98.0,0.0
2019-08-05,98.1,98.14,97.39,97.41,0.0
2019-08-06,97.41,98.14,97.2,97.59,0.0
2019-08-07,97.59,97.75,97.31,97.63,0.0
2019-08-08,97.63,97.75,97.4,97.55,0.0
2019-08-09,97.56,97.65,97.04,97.04,0.0
2019-08-12,97.54,97.74,97.32,97.38,0.0
2019-08-13,97.4,97.86,97.31,97.82,0.0
2019-08-14,97.82,98.06,97.66,97.96,0.0
2019-08-15,97.95,98.25,97.82,98.17,0.0
2019-08-16,98.16,98.35,98.11,98.2,0.0
2019-08-19,98.18,98.4,98.13,98.36,0.0
2019-08-20,98.37,98.46,98.12,98.17,0.0
2019-08-21,98.16,98.46,98.13,98.27,0.0
2019-08-22,98.26,98.4,98.08,98.2,0.0
2019-08-23,98.21,98.46,97.17,97.26,0.0
2019-08-26,97.58,98.1,97.47,98.06,0.0
2019-08-27,98.05,98.07,97.86,98.01,0.0
2019-08-28,98.01,98.27,98.0,98.2,0.0
2019-08-29,98.21,98.56,98.15,98.44,0.0
2019-08-30,98.45,99.03,98.4,98.81,0.0
2019-09-02,98.79,99.14,98.76,99.03,0.0
2019-09-03,99.03,99.38,98.91,98.97,0.0
2019-09-04,98.97,99.0,98.38,98.4,0.0
2019-09-05,98.4,98.54,98.07,98.4,0.0
2019-09-06,98.4,98.53,97.9,97.91,0.0
2019-09-09,98.42,98.52,98.14,98.31,0.0
2019-09-10,98.31,98.47,98.26,98.33,0.0
2019-09-11,98.33,98.75,98.3,98.64,0.0
2019-09-12,98.63,99.11,98.18,98.36,0.0
2019-09-13,98.36,98.44,97.79,97.86,0.0
2019-09-16,98.12,98.72,98.02,98.66,0.0
2019-09-17,98.64,98.75,98.18,98.23,0.0
2019-09-18,98.22,98.7,98.19,98.55,0.0
2019-09-19,98.54,98.63,98.2,98.35,0.0
2019-09-20,98.33,98.64,98.14,98.46,0.0
2019-09-23,98.51,98.84,98.45,98.62,0.0
2019-09-24,98.63,98.72,98.29,98.36,0.0
2019-09-25,98.35,99.07,98.32,99.03,0.0
2019-09-26,99.01,99.28,98.83,99.21,0.0
2019-09-27,99.21,99.32,98.98,99.13,0.0
2019-09-30,99.12,99.47,99.05,99.4,0.0
2019-10-01,99.4,99.68,99.06,99.17,0.0
2019-10-02,99.18,99.42,98.96,99.02,0.0
2019-10-03,99.02,99.2,98.63,98.9,0.0
2019-10-04,98.82,99.02,98.69,98.84,0.0
2019-10-07,98.82,99.01,98.74,98.98,0.0
2019-10-08,98.99,99.26,98.85,99.13,0.0
2019-10-09,99.12,99.17,98.89,99.12,0.0
2019-10-10,99.12,99.13,98.62,98.69,0.0
2019-10-11,98.69,98.75,98.19,98.33,0.0
2019-10-14,98.37,98.54,98.34,98.44,0.0
2019-10-15,98.44,98.65,98.2,98.34,0.0
2019-10-16,98.33,98.43,97.9,98.02,0.0
2019-10-17,98.02,98.12,97.48,97.57,0.0
2019-10-18,97.46,97.66,97.11,97.14,0.0
2019-10-21,97.34,97.41,97.14,97.33,0.0
2019-10-22,97.32,97.58,97.26,97.53,0.0
2019-10-23,97.54,97.66,97.42,97.46,0.0
2019-10-24,97.47,97.79,97.28,97.66,0.0
2019-10-25,97.67,97.92,97.57,97.83,0.0
2019-10-28,97.84,97.9,97.67,97.75,0.0
2019-10-29,97.75,97.94,97.61,97.69,0.0
2019-10-30,97.69,98.01,97.45,97.46,0.0
2019-10-31,97.46,98.01,97.22,97.33,0.0
2019-11-01,97.25,97.46,97.11,97.12,0.0
2019-11-04,97.21,97.58,97.16,97.54,0.0
2019-11-05,97.54,98.01,97.46,97.93,0.0
2019-11-06,97.92,97.99,97.78,97.97,0.0
2019-11-07,97.96,98.24,97.82,98.13,0.0
2019-11-08,98.13,98.41,98.1,98.39,0.0
2019-11-11,98.34,98.39,98.13,98.22,0.0
2019-11-12,98.22,98.43,98.17,98.35,0.0
2019-11-13,98.35,98.46,98.29,98.35,0.0
2019-11-14,98.34,98.43,98.11,98.16,0.0
2019-11-15,98.15,98.24,97.96,97.99,0.0
2019-11-18,97.98,98.01,97.67,97.82,0.0
2019-11-19,97.82,97.89,97.75,97.84,0.0
2019-11-20,97.84,98.05,97.82,97.91,0.0
2019-11-21,97.9,98.05,97.72,97.98,0.0
2019-11-22,97.98,98.31,97.81,98.3,0.0
2019-11-25,98.28,98.39,98.17,98.3,0.0
2019-11-26,98.29,98.39,98.23,98.25,0.0
2019-11-27,98.26,98.45,98.23,98.39,0.0
2019-11-28,98.39,98.42,98.26,98.34,0.0
2019-11-29,98.35,98.55,98.22,98.29,0.0
2019-12-02,98.27,98.39,97.81,97.87,0.0
2019-12-03,97.87,97.95,97.64,97.74,0.0
2019-12-04,97.74,97.8,97.41,97.63,0.0
2019-12-05,97.62,97.8,97.35,97.39,0.0
2019-12-06,97.39,97.85,97.35,97.68,0.0
2019-12-09,97.69,97.73,97.56,97.64,0.0
2019-12-10,97.65,97.67,97.39,97.48,0.0
2019-12-11,97.48,97.6,97.04,97.14,0.0
2019-12-12,97.15,97.53,97.04,97.26,0.0
2019-12-13,97.28,97.39,96.6,97.19,0.0
2019-12-16,97.12,97.17,96.93,97.05,0.0
2019-12-17,97.05,97.31,96.98,97.2,0.0
2019-12-18,97.2,97.48,97.17,97.42,0.0
2019-12-19,97.42,97.49,97.22,97.42,0.0
2019-12-20,97.41,97.76,97.38,97.68,0.0
2019-12-23,97.66,97.82,97.58,97.68,0.0
2019-12-24,97.68,97.8,97.61,97.69,0.0
2019-12-25,97.68,97.74,96.54,97.66,0.0
2019-12-26,97.66,97.72,97.49,97.59,0.0
2019-12-27,97.59,97.6,96.91,97.0,0.0
2019-12-30,96.98,97.03,96.61,96.78,0.0
2019-12-31,96.59,96.78,96.35,96.49,0.0
2020-01-01,96.5,96.73,96.3,96.51,0.0
2020-01-02,96.52,96.88,96.42,96.81,0.0
2020-01-03,96.8,97.11,96.71,96.91,0.0
2020-01-06,96.8,96.9,96.54,96.62,0.0
2020-01-07,96.62,97.1,96.61,96.96,0.0
2020-01-08,96.95,97.36,96.79,97.34,0.0
2020-01-09,97.34,97.57,97.25,97.42,0.0
2020-01-10,97.43,97.59,97.29,97.38,0.0
2020-01-13,97.42,97.54,97.3,97.39,0.0
2020-01-14,97.39,97.58,97.32,97.4,0.0
2020-01-15,97.39,97.45,97.16,97.22,0.0
2020-01-16,97.22,97.37,97.08,97.31,0.0
2020-01-17,97.31,97.66,97.26,97.65,0.0
2020-01-20,97.63,97.74,97.58,97.6,0.0
2020-01-21,97.61,97.66,97.39,97.62,0.0
2020-01-22,97.61,97.69,97.44,97.5,0.0
2020-01-23,97.51,97.81,97.41,97.67,0.0
2020-01-24,97.69,97.95,97.66,97.89,0.0
2020-01-27,97.81,98.01,97.78,97.94,0.0
2020-01-28,97.94,98.16,97.9,97.96,0.0
2020-01-29,97.96,98.19,97.93,98.05,0.0
2020-01-30,98.05,98.08,97.79,97.87,0.0
2020-01-31,97.86,97.97,97.35,97.36,0.0
2020-02-03,97.41,97.91,97.39,97.81,0.0
2020-02-04,97.83,98.02,97.79,97.95,0.0
2020-02-05,97.95,98.33,97.9,98.26,0.0
2020-02-06,98.27,98.58,98.19,98.47,0.0
2020-02-07,98.46,98.72,98.42,98.71,0.0
2020-02-10,98.69,98.89,98.6,98.87,0.0
2020-02-11,98.86,98.97,98.71,98.77,0.0
2020-02-12,98.77,99.06,98.7,99.0,0.0
2020-02-13,99.01,99.12,98.85,99.11,0.0
2020-02-14,99.1,99.18,98.99,99.16,0.0
2020-02-17,99.12,99.22,99.04,99.17,0.0
2020-02-18,99.16,99.49,99.14,99.47,0.0
2020-02-19,99.47,99.73,99.37,99.61,0.0
2020-02-20,99.62,99.92,99.52,99.9,0.0
2020-02-21,99.89,99.9,99.22,99.34,0.0
2020-02-24,99.54,99.66,99.11,99.28,0.0
2020-02-25,99.3,99.66,98.88,98.98,0.0
2020-02-26,98.98,99.27,98.91,99.16,0.0
2020-02-27,99.16,99.17,98.35,98.42,0.0
2020-02-28,98.41,98.67,97.96,98.14,0.0
2020-03-02,97.99,98.09,97.18,97.58,0.0
2020-03-03,97.58,97.7,96.92,97.21,0.0
2020-03-04,97.18,97.61,97.06,97.37,0.0
2020-03-05,97.37,97.45,96.51,96.58,0.0
2020-03-06,96.57,96.72,95.7,96.09,0.0
2020-03-09,95.74,95.79,94.63,95.03,0.0
2020-03-10,95.06,96.61,94.95,96.46,0.0
2020-03-11,96.46,96.68,95.91,96.61,0.0
2020-03-12,96.62,98.34,96.06,97.55,0.0
2020-03-13,97.54,98.82,97.33,98.69,0.0
2020-03-16,97.69,98.48,97.44,97.99,0.0
2020-03-17,97.99,99.85,97.97,99.53,0.0
2020-03-18,99.53,101.76,99.15,100.91,0.0
2020-03-19,100.92,102.93,100.42,102.88,0.0
2020-03-20,102.39,103.01,101.08,102.0,0.0
2020-03-23,102.34,103.01,101.64,102.5,0.0
2020-03-24,102.49,102.52,101.05,101.82,0.0
2020-03-25,101.82,101.94,100.84,100.92,0.0
2020-03-26,100.93,101.08,99.23,99.47,0.0
2020-03-27,99.45,99.83,98.25,98.31,0.0
2020-03-30,98.42,99.32,98.28,99.05,0.0
2020-03-31,99.06,99.96,98.88,98.94,0.0
2020-04-01,98.95,99.85,98.91,99.52,0.0
2020-04-02,99.53,100.42,99.33,100.11,0.0
2020-04-03,100.11,100.86,100.09,100.68,0.0
2020-04-06,100.7,100.94,100.47,100.78,0.0
2020-04-07,100.78,100.92,99.74,99.99,0.0
2020-04-08,99.98,100.44,99.88,100.15,0.0
2020-04-09,100.15,100.31,99.36,99.57,0.0
2020-04-10,99.56,99.64,99.36,99.48,0.0
2020-04-13,99.45,99.64,99.13,99.49,0.0
2020-04-14,99.51,99.52,98.81,98.86,0.0
2020-04-15,98.86,99.99,98.81,99.57,0.0
2020-04-16,99.57,100.32,99.55,99.9,0.0
2020-04-17,100.04,100.31,99.61,99.72,0.0
2020-04-20,99.74,100.08,99.65,99.9,0.0
2020-04-21,99.92,100.49,99.91,100.2,0.0
2020-04-22,100.22,100.51,99.89,100.35,0.0
2020-04-23,100.35,100.7,100.02,100.5,0.0
2020-04-24,100.51,100.88,100.17,100.29,0.0
2020-04-27,100.22,100.33,99.83,100.03,0.0
2020-04-28,100.04,100.22,99.45,99.97,0.0
2020-04-29,99.97,99.98,99.46,99.52,0.0
2020-04-30,99.51,99.75,98.79,99.04,0.0
2020-05-01,98.95,99.22,98.64,98.68,0.0
2020-05-04,99.11,99.61,99.08,99.53,0.0
2020-05-05,99.53,99.98,99.28,99.79,0.0
2020-05-06,99.8,100.21,99.75,100.17,0.0
2020-05-07,100.17,100.41,99.81,99.86,0.0
2020-05-08,99.86,99.95,99.1,99.1,0.0
2020-05-11,99.81,100.29,99.66,100.24,0.0
2020-05-12,100.23,100.45,99.65,100.01,0.0
2020-05-13,100.0,100.29,99.56,100.22,0.0
2020-05-14,100.2,100.58,100.14,100.26,0.0
2020-05-15,100.27,100.5,100.07,100.36,0.0
2020-05-18,100.41,100.48,99.58,99.61,0.0
2020-05-19,99.62,99.74,99.22,99.59,0.0
2020-05-20,99.59,99.62,99.0,99.18,0.0
2020-05-21,99.17,99.53,99.02,99.44,0.0
2020-05-22,99.45,99.88,99.37,99.8,0.0
2020-05-25,99.8,99.98,99.68,99.8,0.0
2020-05-26,99.81,99.82,98.9,99.04,0.0
2020-05-27,99.03,99.36,98.71,98.95,0.0
2020-05-28,98.95,99.1,98.35,98.47,0.0
2020-05-29,98.01,98.56,97.94,98.3,0.0
2020-06-01,98.24,98.32,97.79,97.84,0.0
2020-06-02,97.83,98.27,97.43,97.67,0.0
2020-06-03,97.68,97.92,97.17,97.3,0.0
2020-06-04,97.31,97.65,96.57,96.76,0.0
2020-06-05,96.76,97.65,96.44,96.95,0.0
2020-06-08,96.9,97.07,96.59,96.71,0.0
2020-06-09,96.72,97.07,96.22,96.38,0.0
2020-06-10,96.39,96.47,95.71,96.06,0.0
2020-06-11,96.06,96.83,95.94,96.79,0.0
2020-06-12,96.78,97.46,96.49,97.07,0.0
2020-06-15,97.21,97.4,96.59,96.63,0.0
2020-06-16,96.63,97.27,96.43,97.03,0.0
2020-06-17,97.03,97.36,96.8,97.05,0.0
2020-06-18,97.07,97.59,96.95,97.47,0.0
2020-06-19,97.46,97.73,97.15,97.66,0.0
2020-06-22,97.63,97.75,97.0,97.04,0.0
2020-06-23,97.03,97.26,96.38,96.69,0.0
2020-06-24,96.68,97.25,96.55,97.2,0.0
2020-06-25,97.19,97.6,97.16,97.4,0.0
2020-06-26,97.4,97.69,97.25,97.5,0.0
2020-06-29,97.48,97.65,97.11,97.46,0.0
2020-06-30,97.46,97.81,97.22,97.39,0.0
2020-07-01,97.39,97.64,97.02,97.16,0.0
2020-07-02,97.15,97.35,96.8,97.23,0.0
2020-07-03,97.23,97.36,97.11,97.15,0.0
2020-07-06,97.19,97.2,96.57,96.77,0.0
2020-07-07,96.76,97.16,96.6,96.97,0.0
2020-07-08,96.97,97.07,96.39,96.49,0.0
2020-07-09,96.49,96.83,96.23,96.79,0.0
2020-07-10,96.73,96.99,96.44,96.66,0.0
2020-07-13,96.62,96.69,96.27,96.54,0.0
2020-07-14,96.52,96.71,96.18,96.21,0.0
2020-07-15,96.21,96.26,95.77,96.04,0.0
2020-07-16,96.04,96.41,95.89,96.32,0.0
2020-07-17,96.0,96.34,95.9,96.01,0.0
2020-07-20,96.04,96.19,95.73,95.82,0.0
2020-07-21,95.82,95.93,95.05,95.16,0.0
2020-07-22,95.16,95.93,94.82,94.97,0.0
2020-07-23,94.96,95.19,94.58,94.79,0.0
2020-07-24,94.74,94.84,94.32,94.35,0.0
2020-07-27,94.38,94.42,93.47,93.66,0.0
2020-07-28,93.66,94.02,93.49,93.73,0.0
2020-07-29,93.73,93.81,93.17,93.27,0.0
2020-07-30,93.26,93.69,92.93,92.98,0.0
2020-07-31,92.98,93.55,92.54,93.49,0.0
2020-08-03,93.46,94.0,93.31,93.53,0.0
2020-08-04,93.52,93.84,93.23,93.29,0.0
2020-08-05,93.28,93.31,92.56,92.82,0.0
2020-08-06,92.83,93.1,92.5,92.78,0.0
2020-08-07,93.47,93.63,92.75,93.39,0.0
2020-08-10,93.39,93.71,93.29,93.61,0.0
2020-08-11,93.6,93.75,93.16,93.65,0.0
2020-08-12,93.65,93.92,93.24,93.44,0.0
2020-08-13,93.44,93.45,92.92,93.25,0.0
2020-08-14,93.33,93.42,93.01,93.1,0.0
2020-08-17,93.07,93.13,92.77,92.82,0.0
2020-08-18,92.83,92.86,92.12,92.31,0.0
2020-08-19,92.3,93.06,92.15,92.98,0.0
2020-08-20,92.99,93.25,92.72,92.75,0.0
2020-08-21,93.25,93.48,92.57,93.2,0.0
2020-08-24,93.2,93.35,92.84,93.3,0.0
2020-08-25,93.3,93.36,92.96,93.02,0.0
2020-08-26,93.01,93.37,92.85,92.91,0.0
2020-08-27,92.89,93.34,92.41,93.01,0.0
2020-08-28,93.01,93.1,92.2,92.27,0.0
2020-08-31,92.27,92.48,91.99,92.15,0.0
2020-09-01,92.15,92.41,91.74,92.3,0.0
2020-09-02,92.3,92.88,92.2,92.64,0.0
2020-09-03,92.63,93.08,92.63,92.77,0.0
2020-09-04,92.82,93.24,92.66,92.97,0.0
2020-09-07,92.81,93.1,92.81,93.07,0.0
2020-09-08,93.07,93.52,93.0,93.51,0.0
2020-09-09,93.51,93.67,93.13,93.26,0.0
2020-09-10,93.26,93.67,92.69,93.38,0.0
2020-09-11,93.37,93.39,93.09,93.25,0.0
2020-09-14,93.28,93.33,92.87,93.05,0.0
2020-09-15,93.07,93.15,92.78,93.08,0.0
2020-09-16,93.08,93.29,92.78,93.1,0.0
2020-09-17,93.1,93.62,92.87,92.93,0.0
2020-09-18,92.85,93.03,92.77,93.0,0.0
2020-09-21,92.96,93.79,92.75,93.54,0.0
2020-09-22,93.55,94.09,93.46,93.98,0.0
2020-09-23,93.98,94.44,93.92,94.36,0.0
2020-09-24,94.36,94.6,94.19,94.33,0.0
2020-09-25,94.52,94.75,94.19,94.58,0.0
2020-09-28,94.59,94.64,94.15,94.28,0.0
2020-09-29,94.28,94.3,93.82,93.89,0.0
2020-09-30,93.88,94.2,93.66,93.83,0.0
2020-10-01,93.83,93.93,93.52,93.73,0.0
2020-10-02,93.72,94.04,93.68,93.81,0.0
2020-10-05,93.86,93.88,93.37,93.48,0.0
2020-10-06,93.47,93.85,93.33,93.84,0.0
2020-10-07,93.84,93.91,93.56,93.63,0.0
2020-10-08,93.62,93.79,93.49,93.6,0.0
2020-10-09,93.59,93.6,93.0,93.03,0.0
2020-10-12,93.12,93.25,93.01,93.04,0.0
2020-10-13,93.04,93.6,93.02,93.53,0.0
2020-10-14,93.54,93.68,93.24,93.4,0.0
2020-10-15,93.4,93.91,93.36,93.78,0.0
2020-10-16,93.78,93.88,93.53,93.71,0.0
2020-10-19,93.7,93.77,93.21,93.43,0.0
2020-10-20,93.43,93.51,92.99,93.09,0.0
2020-10-21,93.1,93.1,92.47,92.64,0.0
2020-10-22,92.63,92.98,92.61,92.92,0.0
2020-10-23,92.93,93.13,92.66,92.74,0.0
2020-10-26,92.74,93.12,92.73,93.06,0.0
2020-10-27,93.07,93.14,92.78,93.09,0.0
2020-10-28,93.09,93.65,93.05,93.45,0.0
2020-10-29,93.45,94.11,93.33,93.92,0.0
2020-10-30,93.92,94.08,93.65,94.03,0.0
2020-11-02,94.04,94.29,93.97,94.04,0.0
2020-11-03,94.04,94.07,93.29,93.4,0.0
2020-11-04,93.45,94.32,93.06,93.44,0.0
2020-11-05,93.43,93.55,92.47,92.57,0.0
2020-11-06,92.57,92.83,92.18,92.32,0.0
2020-11-09,92.16,92.98,92.13,92.84,0.0
2020-11-10,92.83,92.98,92.6,92.72,0.0
2020-11-11,92.75,93.21,92.61,93.0,0.0
2020-11-12,93.0,93.14,92.77,92.97,0.0
2020-11-13,92.99,93.01,92.7,92.73,0.0
2020-11-16,92.71,92.85,92.46,92.56,0.0
2020-11-17,92.57,92.61,92.26,92.46,0.0
2020-11-18,92.46,92.52,92.21,92.4,0.0
2020-11-19,92.4,92.73,92.24,92.3,0.0
2020-11-20,92.31,92.44,92.2,92.39,0.0
2020-11-23,92.39,92.81,92.01,92.52,0.0
2020-11-24,92.51,92.57,92.12,92.14,0.0
2020-11-25,92.16,92.27,91.93,92.01,0.0
2020-11-26,92.0,92.18,91.84,92.03,0.0
2020-11-27,92.02,92.06,91.75,91.8,0.0
2020-11-30,91.78,92.05,91.5,92.03,0.0
2020-12-01,92.02,92.04,91.15,91.18,0.0
2020-12-02,91.19,91.51,90.99,91.01,0.0
2020-12-03,91.03,91.1,90.51,90.68,0.0
2020-12-04,90.69,90.88,90.47,90.82,0.0
2020-12-07,90.81,91.24,90.61,90.86,0.0
2020-12-08,90.88,91.02,90.75,90.96,0.0
2020-12-09,90.97,91.21,90.69,91.04,0.0
2020-12-10,91.04,91.16,90.66,90.78,0.0
2020-12-11,90.8,91.05,90.61,90.98,0.0
2020-12-14,90.83,90.98,90.42,90.73,0.0
2020-12-15,90.7,90.81,90.43,90.47,0.0
2020-12-16,90.49,90.71,90.13,90.22,0.0
2020-12-17,90.23,90.29,89.73,89.77,0.0
2020-12-18,89.78,90.14,89.76,89.92,0.0
2020-12-21,90.33,91.02,90.01,90.09,0.0
2020-12-22,90.09,90.72,90.04,90.63,0.0
2020-12-23,90.64,90.68,90.14,90.35,0.0
2020-12-24,90.36,90.39,90.15,90.3,0.0
2020-12-25,90.31,90.46,90.22,90.33,0.0
2020-12-28,90.36,90.38,89.98,90.28,0.0
2020-12-29,90.29,90.33,89.85,90.0,0.0
2020-12-30,90.02,90.02,89.55,89.6,0.0
2020-12-31,89.62,89.98,89.51,89.95,0.0
2021-01-01,89.94,89.97,89.92,89.94,0.0
2021-01-04,89.8,89.95,89.42,89.88,0.0
2021-01-05,89.9,89.92,89.42,89.47,0.0
2021-01-06,89.49,89.81,89.2,89.41,0.0
2021-01-07,89.4,89.98,89.3,89.83,0.0
2021-01-08,89.8,90.25,89.66,90.06,0.0
2021-01-11,90.06,90.73,90.05,90.55,0.0
2021-01-12,90.55,90.62,90.03,90.04,0.0
2021-01-13,90.05,90.46,89.92,90.32,0.0
2021-01-14,90.33,90.58,90.07,90.25,0.0
2021-01-15,90.24,90.8,90.18,90.79,0.0
2021-01-18,90.78,90.96,90.71,90.77,0.0
2021-01-19,90.76,90.79,90.4,90.49,0.0
2021-01-20,90.49,90.7,90.27,90.46,0.0
2021-01-21,90.47,90.49,90.04,90.08,0.0
2021-01-22,90.1,90.31,90.04,90.21,0.0
2021-01-25,90.22,90.52,90.08,90.35,0.0
2021-01-26,90.37,90.62,90.11,90.19,0.0
2021-01-27,90.18,90.89,90.12,90.59,0.0
2021-01-28,90.59,90.86,90.4,90.54,0.0
2021-01-29,90.55,90.78,90.36,90.54,0.0
2021-02-01,90.56,91.06,90.5,91.03,0.0
2021-02-02,91.03,91.29,90.81,91.04,0.0
2021-02-03,91.04,91.31,90.99,91.11,0.0
2021-02-04,91.11,91.59,91.06,91.55,0.0
2021-02-05,91.53,91.6,90.98,90.99,0.0
2021-02-08,91.06,91.24,90.9,90.97,0.0
2021-02-09,90.97,90.99,90.43,90.44,0.0
2021-02-10,90.44,90.85,90.25,90.43,0.0
2021-02-11,90.43,90.48,90.26,90.4,0.0
2021-02-12,90.42,90.74,90.38,90.44,0.0
2021-02-15,90.41,90.47,90.27,90.36,0.0
2021-02-16,90.37,90.64,90.12,90.6,0.0
2021-02-17,90.58,91.06,90.56,90.91,0.0
2021-02-18,90.95,90.99,90.54,90.56,0.0
2021-02-19,90.58,90.66,90.17,90.34,0.0
2021-02-22,90.35,90.58,89.99,90.09,0.0
2021-02-23,90.1,90.27,89.94,90.12,0.0
2021-02-24,90.12,90.44,89.97,90.04,0.0
2021-02-25,90.05,90.3,89.68,90.21,0.0
2021-02-26,90.22,90.98,90.13,90.94,0.0
2021-03-01,90.9,91.14,90.68,91.02,0.0
2021-03-02,91.02,91.4,90.72,90.76,0.0
2021-03-03,90.78,91.07,90.63,90.99,0.0
2021-03-04,90.99,91.68,90.95,91.61,0.0
2021-03-05,91.62,92.2,91.57,92.0,0.0
2021-03-08,91.96,92.43,91.84,92.41,0.0
2021-03-09,92.4,92.51,91.91,91.97,0.0
2021-03-10,91.97,92.25,91.77,91.78,0.0
2021-03-11,91.78,91.88,91.36,91.42,0.0
2021-03-12,91.41,91.97,91.4,91.67,0.0
2021-03-15,91.68,91.97,91.54,91.81,0.0
2021-03-16,91.81,92.03,91.68,91.87,0.0
2021-03-17,91.96,92.0,91.37,91.41,0.0
2021-03-18,91.41,91.91,91.3,91.83,0.0
2021-03-19,91.83,92.17,91.66,91.95,0.0
2021-03-22,92.08,92.16,91.71,91.79,0.0
2021-03-23,91.79,92.4,91.75,92.34,0.0
2021-03-24,92.36,92.62,92.33,92.57,0.0
2021-03-25,92.59,92.92,92.51,92.86,0.0
2021-03-26,92.86,92.88,92.64,92.73,0.0
2021-03-29,92.74,92.97,92.71,92.92,0.0
2021-03-30,92.93,93.36,92.87,93.28,0.0
2021-03-31,93.28,93.45,92.98,93.21,0.0
2021-04-01,93.2,93.34,92.87,92.89,0.0
2021-04-02,92.89,93.08,92.83,93.0,0.0
2021-04-05,93.04,93.12,92.54,92.59,0.0
2021-04-06,92.58,92.79,92.27,92.31,0.0
2021-04-07,92.31,92.5,92.14,92.44,0.0
2021-04-08,92.43,92.48,92.0,92.07,0.0
2021-04-09,92.07,92.42,92.02,92.19,0.0
2021-04-12,92.19,92.34,92.01,92.1,0.0
2021-04-13,92.1,92.36,91.79,91.84,0.0
2021-04-14,91.83,91.84,91.57,91.65,0.0
2021-04-15,91.65,91.75,91.49,91.67,0.0
2021-04-16,91.69,91.82,91.48,91.54,0.0
2021-04-19,91.57,91.75,91.03,91.09,0.0
2021-04-20,91.09,91.29,90.85,91.2,0.0
2021-04-21,91.2,91.44,91.08,91.12,0.0
2021-04-22,91.12,91.42,91.0,91.28,0.0
2021-04-23,91.28,91.3,90.81,90.83,0.0
2021-04-26,90.85,91.0,90.68,90.84,0.0
2021-04-27,90.84,91.08,90.81,90.88,0.0
2021-04-28,90.89,91.14,90.55,90.61,0.0
2021-04-29,90.61,90.8,90.42,90.64,0.0
2021-04-30,90.63,91.33,90.59,91.3,0.0
2021-05-03,91.25,91.4,90.87,90.96,0.0
2021-05-04,90.97,91.41,90.96,91.3,0.0
2021-05-05,91.29,91.44,91.17,91.26,0.0
2021-05-06,91.27,91.38,90.87,90.89,0.0
2021-05-07,90.89,90.97,90.19,90.23,0.0
2021-05-10,90.18,90.34,90.04,90.29,0.0
2021-05-11,90.3,90.37,89.98,90.17,0.0
2021-05-12,90.16,90.8,90.15,90.77,0.0
2021-05-13,90.78,90.91,90.58,90.72,0.0
2021-05-14,90.71,90.81,90.28,90.3,0.0
2021-05-17,90.32,90.43,90.14,90.22,0.0
2021-05-18,90.21,90.22,89.69,89.78,0.0
2021-05-19,89.78,90.29,89.69,90.17,0.0
2021-05-20,90.17,90.24,89.74,89.75,0.0
2021-05-21,89.75,90.16,89.65,90.03,0.0
2021-05-24,90.03,90.11,89.76,89.83,0.0
2021-05-25,89.84,89.87,89.53,89.68,0.0
2021-05-26,89.68,90.12,89.58,90.04,0.0
2021-05-27,90.04,90.19,89.89,90.01,0.0
2021-05-28,90.01,90.45,89.98,90.07,0.0
2021-05-31,90.03,90.12,89.81,89.85,0.0
2021-06-01,89.85,90.03,89.66,89.92,0.0
2021-06-02,89.92,90.25,89.86,89.91,0.0
2021-06-03,89.9,90.56,89.88,90.5,0.0
2021-06-04,90.5,90.63,90.02,90.13,0.0
2021-06-07,90.14,90.31,89.91,89.97,0.0
2021-06-08,89.98,90.18,89.95,90.13,0.0
2021-06-09,90.13,90.17,89.83,90.13,0.0
2021-06-10,90.13,90.32,89.98,90.06,0.0
2021-06-11,90.05,90.62,89.96,90.53,0.0
2021-06-14,90.51,90.61,90.41,90.51,0.0
2021-06-15,90.51,90.68,90.35,90.51,0.0
2021-06-16,90.51,91.41,90.44,91.4,0.0
2021-06-17,91.39,92.01,91.3,91.91,0.0
2021-06-18,91.91,92.41,91.81,92.34,0.0
2021-06-21,92.32,92.38,91.83,91.86,0.0
2021-06-22,91.85,92.14,91.64,91.73,0.0
2021-06-23,91.73,91.91,91.51,91.81,0.0
2021-06-24,91.81,91.92,91.66,91.83,0.0
2021-06-25,91.82,91.89,91.52,91.82,0.0
2021-06-28,91.8,92.02,91.7,91.88,0.0
2021-06-29,91.88,92.2,91.85,92.07,0.0
2021-06-30,92.08,92.45,92.0,92.35,0.0
2021-07-01,92.36,92.61,92.26,92.54,0.0
2021-07-02,92.54,92.76,92.17,92.25,0.0
2021-07-05,92.24,92.36,92.14,92.27,0.0
2021-07-06,92.26,92.66,92.0,92.55,0.0
2021-07-07,92.56,92.85,92.42,92.71,0.0
2021-07-08,92.71,92.8,92.24,92.37,0.0
2021-07-09,92.37,92.55,92.09,92.1,0.0
2021-07-12,92.14,92.42,92.08,92.23,0.0
2021-07-13,92.23,92.82,92.14,92.77,0.0
2021-07-14,92.77,92.83,92.35,92.37,0.0
2021-07-15,92.37,92.7,92.27,92.58,0.0
2021-07-16,92.58,92.76,92.53,92.71,0.0
2021-07-19,92.69,93.05,92.63,92.84,0.0
2021-07-20,92.84,93.17,92.8,92.97,0.0
2021-07-21,92.97,93.2,92.72,92.78,0.0
2021-07-22,92.77,92.93,92.5,92.84,0.0
2021-07-23,92.85,93.03,92.78,92.91,0.0
2021-07-26,92.9,92.97,92.53,92.62,0.0
2021-07-27,92.63,92.84,92.31,92.48,0.0
2021-07-28,92.48,92.78,92.23,92.28,0.0
2021-07-29,92.28,92.29,91.85,91.89,0.0
2021-07-30,91.91,92.21,91.78,92.06,0.0
2021-08-02,92.11,92.18,91.91,92.07,0.0
2021-08-03,92.08,92.16,91.89,92.08,0.0
2021-08-04,92.08,92.32,91.82,92.28,0.0
2021-08-05,92.28,92.36,92.11,92.27,0.0
2021-08-06,92.26,92.85,92.25,92.78,0.0
2021-08-09,92.77,93.0,92.72,92.97,0.0
2021-08-10,92.98,93.14,92.94,93.06,0.0
2021-08-11,93.07,93.2,92.8,92.9,0.0
2021-08-12,92.9,93.04,92.84,93.01,0.0
2021-08-13,93.01,93.02,92.47,92.52,0.0
2021-08-16,92.52,92.67,92.48,92.62,0.0
2021-08-17,92.62,93.17,92.59,93.12,0.0
2021-08-18,93.12,93.27,92.94,93.16,0.0
2021-08-19,93.17,93.59,93.12,93.56,0.0
2021-08-20,93.56,93.73,93.43,93.46,0.0
2021-08-23,93.49,93.52,92.95,92.98,0.0
2021-08-24,92.98,93.09,92.8,92.87,0.0
2021-08-25,92.88,93.13,92.8,92.83,0.0
2021-08-26,92.83,93.08,92.81,93.04,0.0
2021-08-27,93.04,93.19,92.63,92.69,0.0
2021-08-30,92.69,92.79,92.59,92.69,0.0
2021-08-31,92.68,92.75,92.4,92.65,0.0
2021-09-01,92.65,92.8,92.38,92.5,0.0
2021-09-02,92.5,92.54,92.21,92.21,0.0
2021-09-03,92.22,92.27,91.95,92.13,0.0
2021-09-06,92.12,92.32,92.09,92.22,0.0
2021-09-07,92.21,92.57,92.1,92.52,0.0
2021-09-08,92.52,92.87,92.47,92.71,0.0
2021-09-09,92.71,92.77,92.38,92.51,0.0
2021-09-10,92.52,92.66,92.33,92.65,0.0
2021-09-13,92.61,92.89,92.56,92.62,0.0
2021-09-14,92.63,92.68,92.32,92.66,0.0
2021-09-15,92.65,92.7,92.42,92.48,0.0
2021-09-16,92.49,92.97,92.45,92.87,0.0
2021-09-17,92.87,93.26,92.76,93.24,0.0
2021-09-20,93.21,93.46,93.18,93.24,0.0
2021-09-21,93.24,93.29,93.05,93.22,0.0
2021-09-22,93.21,93.52,92.99,93.44,0.0
2021-09-23,93.44,93.53,92.98,93.1,0.0
2021-09-24,93.11,93.42,93.04,93.28,0.0
2021-09-27,93.29,93.49,93.2,93.4,0.0
2021-09-28,93.4,93.81,93.36,93.72,0.0
2021-09-29,93.73,94.44,93.67,94.36,0.0
2021-09-30,94.37,94.51,94.11,94.24,0.0
2021-10-01,94.25,94.4,93.99,94.07,0.0
2021-10-04,94.05,94.11,93.68,93.81,0.0
2021-10-05,93.8,94.07,93.79,93.98,0.0
2021-10-06,93.99,94.45,93.95,94.24,0.0
2021-10-07,94.24,94.29,94.08,94.2,0.0
2021-10-08,94.21,94.34,93.93,94.09,0.0
2021-10-11,94.12,94.41,94.03,94.35,0.0
2021-10-12,94.36,94.57,94.23,94.51,0.0
2021-10-13,94.52,94.54,94.01,94.01,0.0
2021-10-14,94.01,94.1,93.76,93.97,0.0
2021-10-15,93.97,94.07,93.84,93.96,0.0
2021-10-18,93.95,94.18,93.87,93.96,0.0
2021-10-19,93.96,93.98,93.5,93.79,0.0
2021-10-20,93.78,93.89,93.54,93.62,0.0
2021-10-21,93.62,93.8,93.49,93.75,0.0
2021-10-22,93.75,93.79,93.53,93.62,0.0
2021-10-25,93.65,93.97,93.48,93.82,0.0
2021-10-26,93.82,94.03,93.7,93.96,0.0
2021-10-27,93.97,94.02,93.69,93.86,0.0
2021-10-28,93.87,93.98,93.28,93.37,0.0
2021-10-29,93.36,94.31,93.32,94.12,0.0
2021-11-01,94.13,94.31,93.86,93.89,0.0
2021-11-02,93.88,94.14,93.82,94.11,0.0
2021-11-03,94.1,94.22,93.82,93.86,0.0
2021-11-04,93.86,94.48,93.82,94.34,0.0
2021-11-05,94.34,94.64,94.18,94.23,0.0
2021-11-08,94.28,94.38,93.99,94.05,0.0
2021-11-09,94.06,94.16,93.87,93.97,0.0
2021-11-10,93.98,94.91,93.96,94.9,0.0
2021-11-11,94.89,95.2,94.82,95.15,0.0
2021-11-12,95.14,95.27,94.99,95.11,0.0
2021-11-15,95.12,95.61,94.96,95.52,0.0
2021-11-16,95.52,95.98,95.4,95.91,0.0
2021-11-17,95.91,96.27,95.72,95.8,0.0
2021-11-18,95.78,95.85,95.52,95.52,0.0
2021-11-19,95.54,96.25,95.52,96.07,0.0
2021-11-22,96.06,96.56,95.99,96.5,0.0
2021-11-23,96.5,96.62,96.31,96.49,0.0
2021-11-24,96.5,96.95,96.43,96.84,0.0
2021-11-25,96.87,96.87,96.65,96.78,0.0
2021-11-26,96.78,96.81,95.97,96.06,0.0
2021-11-29,96.08,96.45,96.06,96.17,0.0
2021-11-30,96.18,96.62,95.54,95.9,0.0
2021-12-01,95.91,96.14,95.67,96.04,0.0
2021-12-02,96.04,96.18,95.82,96.12,0.0
2021-12-03,96.12,96.46,95.94,96.17,0.0
2021-12-06,96.16,96.43,96.12,96.28,0.0
2021-12-07,96.27,96.6,96.17,96.3,0.0
2021-12-08,96.32,96.39,95.85,95.96,0.0
2021-12-09,95.95,96.35,95.93,96.22,0.0
2021-12-10,96.22,96.43,95.97,96.05,0.0
2021-12-13,96.06,96.45,96.05,96.35,0.0
2021-12-14,96.36,96.59,96.1,96.56,0.0
2021-12-15,96.56,96.92,96.29,96.34,0.0
2021-12-16,96.36,96.46,95.85,95.99,0.0
2021-12-17,95.99,96.7,95.87,96.68,0.0
2021-12-20,96.67,96.7,96.33,96.52,0.0
2021-12-21,96.5,96.65,96.34,96.46,0.0
2021-12-22,96.46,96.61,96.02,96.1,0.0
2021-12-23,96.11,96.29,95.99,96.06,0.0
2021-12-24,96.06,96.21,95.96,96.13,0.0
2021-12-27,96.15,96.26,96.04,96.07,0.0
2021-12-28,96.08,96.29,95.99,96.17,0.0
2021-12-29,96.15,96.4,95.76,95.91,0.0
2021-12-30,95.9,96.23,95.82,95.97,0.0
2021-12-31,95.98,96.12,95.57,95.65,0.0
2022-01-03,95.63,96.34,95.61,96.22,0.0
2022-01-04,96.22,96.47,96.03,96.27,0.0
2022-01-05,96.28,96.34,95.88,96.17,0.0
2022-01-06,96.17,96.39,96.03,96.23,0.0
2022-01-07,96.24,96.3,95.71,95.74,0.0
2022-01-10,95.74,96.24,95.74,95.95,0.0
2022-01-11,95.97,96.08,95.58,95.6,0.0
2022-01-12,95.62,95.7,94.9,95.0,0.0
2022-01-13,95.0,95.03,94.65,94.87,0.0
2022-01-14,94.88,95.27,94.63,95.16,0.0
2022-01-17,95.15,95.36,95.03,95.26,0.0
2022-01-18,95.25,95.84,95.12,95.73,0.0
2022-01-19,95.75,95.8,95.49,95.61,0.0
2022-01-20,95.61,95.86,95.42,95.79,0.0
2022-01-21,95.78,95.85,95.49,95.63,0.0
2022-01-24,95.65,96.14,95.62,95.9,0.0
2022-01-25,95.88,96.28,95.86,96.0,0.0
2022-01-26,96.01,96.54,95.91,96.49,0.0
2022-01-27,96.49,97.3,96.47,97.23,0.0
2022-01-28,97.22,97.45,97.05,97.21,0.0
2022-01-31,97.22,97.31,96.51,96.64,0.0
2022-02-01,96.64,96.73,96.23,96.25,0.0
2022-02-02,96.28,96.31,95.79,95.98,0.0
2022-02-03,96.0,96.26,95.23,95.34,0.0
2022-02-04,95.35,95.7,95.13,95.47,0.0
2022-02-07,95.44,95.64,95.35,95.41,0.0
2022-02-08,95.41,95.76,95.39,95.61,0.0
2022-02-09,95.63,95.68,95.38,95.56,0.0
2022-02-10,95.57,96.02,95.17,95.68,0.0
2022-02-11,95.7,96.12,95.63,96.03,0.0
2022-02-14,96.07,96.44,95.9,96.28,0.0
2022-02-15,96.3,96.32,95.95,95.99,0.0
2022-02-16,95.99,96.07,95.67,95.83,0.0
2022-02-17,95.83,96.11,95.7,95.82,0.0
2022-02-18,95.83,96.17,95.72,96.1,0.0
2022-02-21,96.12,96.16,95.66,96.13,0.0
2022-02-22,96.13,96.26,95.83,96.08,0.0
2022-02-23,96.09,96.25,95.85,96.2,0.0
2022-02-24,96.19,97.74,96.16,97.09,0.0
2022-02-25,97.09,97.23,96.52,96.54,0.0
2022-02-28,97.47,97.48,96.61,96.71,0.0
2022-03-01,96.71,97.58,96.62,97.4,0.0
2022-03-02,97.4,97.84,97.27,97.35,0.0
2022-03-03,97.36,97.96,97.34,97.73,0.0
2022-03-04,97.73,98.94,97.71,98.51,0.0
2022-03-07,98.53,99.42,98.53,99.26,0.0
2022-03-08,99.27,99.33,98.7,99.13,0.0
2022-03-09,99.1,99.19,97.85,97.96,0.0
2022-03-10,97.96,98.6,97.7,98.52,0.0
2022-03-11,98.54,99.17,98.25,99.13,0.0
2022-03-14,99.1,99.3,98.68,99.1,0.0
2022-03-15,99.1,99.21,98.62,99.03,0.0
2022-03-16,99.03,99.09,98.29,98.4,0.0
2022-03-17,98.4,98.59,97.72,98.02,0.0
2022-03-18,98.03,98.63,97.83,98.23,0.0
2022-03-21,98.24,98.54,98.15,98.48,0.0
2022-03-22,98.47,98.98,98.32,98.45,0.0
2022-03-23,98.45,98.89,98.37,98.63,0.0
2022-03-24,98.63,98.97,98.59,98.8,0.0
2022-03-25,98.79,98.84,98.4,98.8,0.0
2022-03-28,99.16,99.37,98.79,99.15,0.0
2022-03-29,99.15,99.3,98.03,98.42,0.0
2022-03-30,98.42,98.43,97.68,97.84,0.0
2022-03-31,97.84,98.4,97.69,98.35,0.0
2022-04-01,98.35,98.75,98.29,98.58,0.0
2022-04-04,98.62,99.09,98.52,98.99,0.0
2022-04-05,99.0,99.53,98.83,99.49,0.0
2022-04-06,99.48,99.78,99.31,99.63,0.0
2022-04-07,99.64,99.84,99.39,99.77,0.0
2022-04-08,99.76,100.19,99.74,99.85,0.0
2022-04-11,99.66,100.05,99.61,99.99,0.0
2022-04-12,99.98,100.34,99.73,100.31,0.0
2022-04-13,99.86,100.53,99.82,99.85,0.0
2022-04-14,99.85,100.77,99.57,100.33,0.0
2022-04-15,100.31,100.58,100.31,100.49,0.0
2022-04-18,100.52,100.87,100.44,100.82,0.0
2022-04-19,100.82,101.03,100.69,100.97,0.0
2022-04-20,100.98,101.04,100.22,100.35,0.0
2022-04-21,100.32,100.65,99.81,100.61,0.0
2022-04-22,100.61,101.34,100.46,101.12,0.0
2022-04-25,101.06,101.86,101.03,101.74,0.0
2022-04-26,101.73,102.37,101.51,102.34,0.0
2022-04-27,102.33,103.29,102.22,103.0,0.0
2022-04-28,102.98,103.94,102.97,103.66,0.0
2022-04-29,103.67,103.72,102.81,103.21,0.0
2022-05-02,103.17,103.76,103.1,103.63,0.0
2022-05-03,103.62,103.68,103.02,103.47,0.0
2022-05-04,103.46,103.64,102.45,102.51,0.0
2022-05-05,102.5,103.95,102.34,103.56,0.0
2022-05-06,103.57,104.07,103.18,103.67,0.0
2022-05-09,103.68,104.19,103.39,103.74,0.0
2022-05-10,103.75,103.99,103.49,103.94,0.0
2022-05-11,103.94,104.13,103.37,104.0,0.0
2022-05-12,104.01,104.93,103.87,104.77,0.0
2022-05-13,104.76,105.03,104.45,104.5,0.0
2022-05-16,104.59,104.66,104.13,104.21,0.0
2022-05-17,104.21,104.25,103.22,103.3,0.0
2022-05-18,103.29,103.94,103.18,103.92,0.0
2022-05-19,103.91,103.92,102.65,102.89,0.0
2022-05-20,102.88,103.27,102.77,103.05,0.0
2022-05-23,103.03,103.08,102.04,102.07,0.0
2022-05-24,102.06,102.32,101.64,101.77,0.0
2022-05-25,101.77,102.45,101.72,102.11,0.0
2022-05-26,102.11,102.27,101.74,101.76,0.0
2022-05-27,101.76,101.94,101.43,101.66,0.0
2022-05-30,101.65,101.73,101.29,101.37,0.0
2022-05-31,101.81,102.18,101.35,101.79,0.0
2022-06-01,101.79,102.74,101.73,102.55,0.0
2022-06-02,102.56,102.63,101.74,101.76,0.0
2022-06-03,101.77,102.23,101.64,102.18,0.0
2022-06-06,102.2,102.47,101.85,102.4,0.0
2022-06-07,102.4,102.85,102.26,102.34,0.0
2022-06-08,102.34,102.78,102.27,102.55,0.0
2022-06-09,102.54,103.37,102.14,103.31,0.0
2022-06-10,103.31,104.24,103.04,104.17,0.0
2022-06-13,104.2,105.29,104.2,105.21,0.0
2022-06-14,105.21,105.67,104.61,105.48,0.0
2022-06-15,104.86,104.88,104.82,104.86,0.0
2022-06-16,104.86,105.51,103.41,103.83,0.0
2022-06-17,103.82,105.1,103.76,104.65,0.0
2022-06-20,104.69,104.84,104.23,104.47,0.0
2022-06-21,104.47,104.54,103.94,104.41,0.0
2022-06-22,104.41,104.96,103.86,104.21,0.0
2022-06-23,104.22,104.78,104.05,104.41,0.0
2022-06-24,104.41,104.53,103.95,104.13,0.0
2022-06-27,104.12,104.22,103.67,103.95,0.0
2022-06-28,103.95,104.62,103.76,104.49,0.0
2022-06-29,104.48,105.16,104.35,105.11,0.0
2022-06-30,105.11,105.55,104.64,104.73,0.0
2022-07-01,104.72,105.65,104.71,105.13,0.0
2022-07-04,105.14,105.27,104.81,105.2,0.0
2022-07-05,105.2,106.8,105.05,106.52,0.0
2022-07-06,106.51,107.29,106.34,107.08,0.0
2022-07-07,107.09,107.25,106.71,107.07,0.0
2022-07-08,107.08,107.81,106.8,106.91,0.0
2022-07-11,106.96,108.28,106.91,108.23,0.0
2022-07-12,108.23,108.57,107.84,108.18,0.0
2022-07-13,108.18,108.59,107.47,108.04,0.0
2022-07-14,108.04,109.3,108.0,108.66,0.0
2022-07-15,108.64,108.72,107.91,108.01,0.0
2022-07-18,108.02,108.05,106.88,107.44,0.0
2022-07-19,107.43,107.64,106.37,106.69,0.0
2022-07-20,106.71,107.26,106.37,107.05,0.0
2022-07-21,107.04,107.36,106.4,106.59,0.0
2022-07-22,106.59,107.37,106.1,106.57,0.0
2022-07-25,106.53,106.89,106.18,106.48,0.0
2022-07-26,106.48,107.3,106.19,107.23,0.0
2022-07-27,107.22,107.43,106.26,106.47,0.0
2022-07-28,106.45,106.98,106.05,106.19,0.0
2022-07-29,106.19,106.67,105.53,105.83,0.0
2022-08-01,105.86,106.04,105.24,105.41,0.0
2022-08-02,105.41,106.36,105.04,106.35,0.0
2022-08-03,106.35,106.83,105.97,106.36,0.0
2022-08-04,106.37,106.52,105.67,105.77,0.0
2022-08-05,105.75,106.94,105.67,106.59,0.0
2022-08-08,106.6,106.81,106.09,106.38,0.0
2022-08-09,106.39,106.42,105.97,106.3,0.0
2022-08-10,106.3,106.41,104.63,105.24,0.0
2022-08-11,105.22,105.47,104.64,105.11,0.0
2022-08-12,105.12,105.89,105.06,105.69,0.0
2022-08-15,105.67,106.56,105.55,106.5,0.0
2022-08-16,106.51,106.95,106.31,106.49,0.0
2022-08-17,106.49,106.91,106.3,106.65,0.0
2022-08-18,106.65,107.58,106.5,107.51,0.0
2022-08-19,107.51,108.22,107.46,108.11,0.0
2022-08-22,108.1,109.11,108.08,108.97,0.0
2022-08-23,108.96,109.28,108.06,108.53,0.0
2022-08-24,108.53,109.12,108.35,108.63,0.0
2022-08-25,108.63,108.71,107.98,108.41,0.0
2022-08-26,108.41,108.88,107.54,108.83,0.0
2022-08-29,108.89,109.49,108.48,108.77,0.0
2022-08-30,108.77,109.12,108.27,108.82,0.0
2022-08-31,108.82,109.21,108.37,108.71,0.0
2022-09-01,108.7,110.0,108.67,109.66,0.0
2022-09-02,109.67,109.73,108.93,109.59,0.0
2022-09-05,109.86,110.28,109.71,109.82,0.0
2022-09-06,109.81,110.57,109.37,110.24,0.0
2022-09-07,110.25,110.8,109.53,109.55,0.0
2022-09-08,109.55,110.26,109.33,109.67,0.0
2022-09-09,109.67,109.67,108.35,109.02,0.0
2022-09-12,108.62,108.87,107.81,108.32,0.0
2022-09-13,108.32,109.97,107.68,109.97,0.0
2022-09-14,109.96,110.07,109.27,109.64,0.0
2022-09-15,109.65,109.93,109.41,109.72,0.0
2022-09-16,109.73,110.27,109.47,109.67,0.0
2022-09-19,109.67,110.18,109.48,109.6,0.0
2022-09-20,109.59,110.31,109.35,110.2,0.0
2022-09-21,110.2,111.63,110.12,111.34,0.0
2022-09-22,111.35,111.83,110.46,111.29,0.0
2022-09-23,111.28,113.24,111.07,113.03,0.0
2022-09-26,113.16,114.69,112.89,114.12,0.0
2022-09-27,114.12,114.48,113.32,114.15,0.0
2022-09-28,114.15,114.79,112.55,112.71,0.0
2022-09-29,112.71,113.8,111.91,111.96,0.0
2022-09-30,111.96,112.68,111.56,112.22,0.0
2022-10-03,112.18,112.56,111.46,111.68,0.0
2022-10-04,111.68,111.91,110.05,110.22,0.0
2022-10-05,110.21,111.75,110.09,111.21,0.0
2022-10-06,111.22,112.32,110.78,112.24,0.0
2022-10-07,112.25,112.89,111.94,112.78,0.0
2022-10-10,112.77,113.35,112.62,113.15,0.0
2022-10-11,113.15,113.52,112.4,113.29,0.0
2022-10-12,113.29,113.6,113.0,113.25,0.0
2022-10-13,113.25,113.93,112.14,112.46,0.0
2022-10-14,112.45,113.43,112.14,113.29,0.0
2022-10-17,113.21,113.23,111.92,112.09,0.0
2022-10-18,112.11,112.47,111.77,112.03,0.0
2022-10-19,112.0,113.1,111.87,112.89,0.0
2022-10-20,112.89,113.11,112.16,112.85,0.0
2022-10-21,112.84,113.96,111.69,111.87,0.0
2022-10-24,111.62,112.55,111.35,112.04,0.0
2022-10-25,112.02,112.13,110.76,110.9,0.0
2022-10-26,110.91,111.14,109.63,109.7,0.0
2022-10-27,109.71,110.63,109.53,110.59,0.0
2022-10-28,110.56,111.07,110.29,110.68,0.0
2022-10-31,110.79,111.67,110.72,111.58,0.0
2022-11-01,111.58,111.79,110.7,111.55,0.0
2022-11-02,111.55,112.17,110.41,112.12,0.0
2022-11-03,112.08,113.16,111.81,112.97,0.0
2022-11-04,112.98,113.03,110.71,110.78,0.0
2022-11-07,111.32,111.34,110.04,110.19,0.0
2022-11-08,110.2,110.63,109.36,109.63,0.0
2022-11-09,109.64,110.65,109.45,110.43,0.0
2022-11-10,110.45,111.01,107.71,107.88,0.0
2022-11-11,107.88,108.45,106.28,106.41,0.0
2022-11-14,106.59,107.27,106.46,106.88,0.0
2022-11-15,106.88,107.11,105.31,106.56,0.0
2022-11-16,106.55,106.79,105.84,106.3,0.0
2022-11-17,106.3,107.25,106.08,106.68,0.0
2022-11-18,106.7,107.05,106.33,106.97,0.0
2022-11-21,106.96,108.0,106.88,107.82,0.0
2022-11-22,107.82,107.83,107.12,107.17,0.0
2022-11-23,107.16,107.23,106.02,106.14,0.0
2022-11-24,106.13,106.17,105.63,105.86,0.0
2022-11-25,105.84,106.43,105.68,106.07,0.0
2022-11-28,106.23,106.76,105.31,106.68,0.0
2022-11-29,106.68,106.9,106.05,106.81,0.0
2022-11-30,106.82,107.2,105.77,105.98,0.0
2022-12-01,106.0,106.04,104.63,104.7,0.0
2022-12-02,104.7,105.61,104.37,104.51,0.0
2022-12-05,104.62,105.41,104.11,105.27,0.0
2022-12-06,105.31,105.64,104.89,105.56,0.0
2022-12-07,105.57,105.83,104.87,105.2,0.0
2022-12-08,105.19,105.44,104.71,104.82,0.0
2022-12-09,104.82,105.19,104.47,104.93,0.0
2022-12-12,104.97,105.25,104.66,105.01,0.0
2022-12-13,105.02,105.1,103.57,104.02,0.0
2022-12-14,104.01,104.19,103.44,103.63,0.0
2022-12-15,103.63,104.88,103.52,104.6,0.0
2022-12-16,104.59,104.87,104.2,104.85,0.0
2022-12-19,104.72,104.95,104.13,104.68,0.0
2022-12-20,104.67,104.8,103.76,103.96,0.0
2022-12-21,103.96,104.4,103.85,104.26,0.0
2022-12-22,104.27,104.61,103.74,104.39,0.0
2022-12-23,104.39,104.55,104.12,104.32,0.0
2022-12-26,104.32,104.36,104.16,104.17,0.0
2022-12-27,104.17,104.41,103.88,104.2,0.0
2022-12-28,104.19,104.57,103.83,104.53,0.0
2022-12-29,104.54,104.54,103.77,103.97,0.0
2022-12-30,103.99,104.11,103.39,103.49,0.0
2023-01-02,103.48,103.89,103.43,103.75,0.0
2023-01-03,103.75,104.87,103.47,104.68,0.0
2023-01-04,104.7,104.79,103.81,104.27,0.0
2023-01-05,104.27,105.28,103.98,105.13,0.0
2023-01-06,105.13,105.64,103.87,103.91,0.0
2023-01-09,103.89,103.96,102.94,103.19,0.0
2023-01-10,103.21,103.5,103.02,103.29,0.0
2023-01-11,103.29,103.49,103.11,103.25,0.0
2023-01-12,103.24,103.33,102.07,102.25,0.0
2023-01-13,102.26,102.67,101.98,102.18,0.0
2023-01-16,102.17,102.56,101.77,102.36,0.0
2023-01-17,102.39,102.57,101.92,102.39,0.0
2023-01-18,102.39,102.91,101.51,102.41,0.0
2023-01-19,102.4,102.49,101.99,102.07,0.0
2023-01-20,102.06,102.56,101.93,102.0,0.0
2023-01-23,101.91,102.29,101.57,102.03,0.0
2023-01-24,102.02,102.44,101.71,101.91,0.0
2023-01-25,101.92,102.13,101.57,101.64,0.0
2023-01-26,101.63,102.2,101.5,101.82,0.0
2023-01-27,101.81,102.2,101.68,101.92,0.0
2023-01-30,101.93,102.32,101.65,102.23,0.0
2023-01-31,102.24,102.62,102.01,102.1,0.0
2023-02-01,102.09,102.2,101.03,101.15,0.0
2023-02-02,101.14,101.92,100.8,101.75,0.0
2023-02-03,101.75,103.01,101.54,103.0,0.0
2023-02-06,103.23,103.77,103.01,103.63,0.0
2023-02-07,103.63,103.97,102.99,103.35,0.0
2023-02-08,103.37,103.53,102.99,103.47,0.0
2023-02-09,103.5,103.57,102.64,103.22,0.0
2023-02-10,103.2,103.69,102.89,103.58,0.0
2023-02-13,103.52,103.84,103.23,103.27,0.0
2023-02-14,103.29,103.53,102.5,103.26,0.0
2023-02-15,103.26,104.12,103.16,103.86,0.0
2023-02-16,103.86,104.24,103.53,104.02,0.0
2023-02-17,104.02,104.67,103.84,103.88,0.0
2023-02-20,103.96,104.1,103.75,103.89,0.0
2023-02-21,103.87,104.27,103.77,104.2,0.0
2023-02-22,104.19,104.6,104.0,104.53,0.0
2023-02-23,104.55,104.79,104.3,104.61,0.0
2023-02-24,104.6,105.33,104.42,105.26,0.0
2023-02-27,105.24,105.36,104.54,104.65,0.0
2023-02-28,104.65,105.01,104.4,104.99,0.0
2023-03-01,104.99,105.1,104.09,104.39,0.0
2023-03-02,104.4,105.19,104.34,104.99,0.0
2023-03-03,104.99,105.02,104.48,104.53,0.0
2023-03-06,104.57,104.7,104.16,104.27,0.0
2023-03-07,104.29,105.67,104.11,105.63,0.0
2023-03-08,105.63,105.89,105.35,105.69,0.0
2023-03-09,105.7,105.73,105.14,105.25,0.0
2023-03-10,105.26,105.36,104.03,104.65,0.0
2023-03-13,104.12,104.4,103.48,103.64,0.0
2023-03-14,103.64,104.06,103.49,103.68,0.0
2023-03-15,103.69,105.11,103.44,104.74,0.0
2023-03-16,104.75,104.78,104.2,104.43,0.0
2023-03-17,104.43,104.46,103.24,103.24,0.0
2023-03-20,103.72,103.97,103.27,103.32,0.0
2023-03-21,103.32,103.52,103.0,103.22,0.0
2023-03-22,103.21,103.27,102.05,102.54,0.0
2023-03-23,102.54,102.64,101.91,102.59,0.0
2023-03-24,102.59,103.37,102.5,103.25,0.0
2023-03-27,103.04,103.24,102.83,102.86,0.0
2023-03-28,102.85,102.87,102.38,102.46,0.0
2023-03-29,102.45,102.79,102.37,102.66,0.0
2023-03-30,102.66,102.79,102.07,102.17,0.0
2023-03-31,102.17,102.64,102.05,102.44,0.0
2023-04-03,102.64,103.07,101.97,102.07,0.0
2023-04-04,102.07,102.28,101.45,101.58,0.0
2023-04-05,101.57,102.0,101.4,101.9,0.0
2023-04-06,101.9,102.14,101.75,101.92,0.0
2023-04-07,101.92,102.31,101.92,102.12,0.0
2023-04-10,102.1,102.82,101.98,102.55,0.0
2023-04-11,102.55,102.56,102.01,102.16,0.0
2023-04-12,102.16,102.16,101.45,101.53,0.0
2023-04-13,101.52,101.61,100.84,101.01,0.0
2023-04-14,101.01,101.75,100.78,101.58,0.0
2023-04-17,101.59,102.24,101.53,102.1,0.0
2023-04-18,102.1,102.15,101.64,101.74,0.0
2023-04-19,101.74,102.24,101.65,101.95,0.0
2023-04-20,101.93,102.13,101.63,101.81,0.0
2023-04-21,101.79,102.13,101.64,101.73,0.0
2023-04-24,101.72,101.92,101.32,101.35,0.0
2023-04-25,101.35,101.95,101.2,101.85,0.0
2023-04-26,101.84,101.9,101.0,101.43,0.0
2023-04-27,101.44,101.81,101.27,101.5,0.0
2023-04-28,101.49,102.19,101.41,101.67,0.0
2023-05-01,101.64,102.19,101.62,102.12,0.0
2023-05-02,102.11,102.41,101.88,101.94,0.0
2023-05-03,101.93,101.95,101.06,101.25,0.0
2023-05-04,101.25,101.65,101.03,101.42,0.0
2023-05-05,101.44,101.79,101.12,101.28,0.0
2023-05-08,101.27,101.42,101.04,101.38,0.0
2023-05-09,101.39,101.84,101.36,101.63,0.0
2023-05-10,101.67,101.81,101.21,101.43,0.0
2023-05-11,101.43,102.16,101.3,102.06,0.0
2023-05-12,102.06,102.72,101.93,102.7,0.0
2023-05-15,102.69,102.76,102.36,102.43,0.0
2023-05-16,102.43,102.69,102.2,102.62,0.0
2023-05-17,102.61,103.12,102.53,102.86,0.0
2023-05-18,102.86,103.63,102.79,103.55,0.0
2023-05-19,103.55,103.62,102.98,103.2,0.0
2023-05-22,103.18,103.38,102.96,103.24,0.0
2023-05-23,103.24,103.65,103.16,103.51,0.0
2023-05-24,103.51,103.92,103.35,103.89,0.0
2023-05-25,103.88,104.32,103.81,104.21,0.0
2023-05-26,104.2,104.42,103.84,104.23,0.0
2023-05-29,104.25,104.31,104.04,104.27,0.0
2023-05-30,104.27,104.54,103.87,104.05,0.0
2023-05-31,104.05,104.7,104.01,104.23,0.0
2023-06-01,104.22,104.51,103.49,103.57,0.0
2023-06-02,103.56,104.09,103.38,104.05,0.0
2023-06-05,104.04,104.41,103.93,104.01,0.0
2023-06-06,104.01,104.38,103.81,104.14,0.0
2023-06-07,104.13,104.3,103.65,104.12,0.0
2023-06-08,104.11,104.14,103.3,103.32,0.0
2023-06-09,103.32,103.61,103.29,103.55,0.0
2023-06-12,103.55,103.76,103.24,103.62,0.0
2023-06-13,103.62,103.64,103.04,103.31,0.0
2023-06-14,103.32,103.41,102.66,103.01,0.0
2023-06-15,103.01,103.38,102.09,102.16,0.0
2023-06-16,102.14,102.43,102.0,102.3,0.0
2023-06-19,102.3,102.56,102.25,102.48,0.0
2023-06-20,102.49,102.79,102.32,102.53,0.0
2023-06-21,102.53,102.71,102.02,102.1,0.0
2023-06-22,102.09,102.47,101.89,102.41,0.0
2023-06-23,102.41,103.17,102.37,102.86,0.0
2023-06-26,102.83,102.86,102.61,102.76,0.0
2023-06-27,102.83,102.83,102.32,102.5,0.0
2023-06-28,102.5,103.15,102.47,102.97,0.0
2023-06-29,102.97,103.44,102.78,103.36,0.0
2023-06-30,103.35,103.55,102.74,102.92,0.0
2023-07-03,102.93,103.28,102.74,102.99,0.0
2023-07-04,102.98,103.12,102.88,103.1,0.0
2023-07-05,103.1,103.39,102.95,103.34,0.0
2023-07-06,103.34,103.58,102.92,103.11,0.0
2023-07-07,103.13,103.19,102.22,102.27,0.0
2023-07-10,102.29,102.57,101.95,101.97,0.0
2023-07-11,101.96,101.98,101.65,101.67,0.0
2023-07-12,101.67,101.67,100.51,100.59,0.0
2023-07-13,100.58,100.62,99.73,99.76,0.0
2023-07-14,99.77,100.02,99.57,99.96,0.0
2023-07-17,99.95,100.19,99.75,99.9,0.0
2023-07-18,99.9,100.11,99.55,99.95,0.0
2023-07-19,99.94,100.54,99.91,100.28,0.0
2023-07-20,100.29,100.98,100.02,100.8,0.0
2023-07-21,100.8,101.19,100.72,101.09,0.0
2023-07-24,101.05,101.43,100.88,101.39,0.0
2023-07-25,101.39,101.65,101.18,101.26,0.0
2023-07-26,101.27,101.44,100.86,101.01,0.0
2023-07-27,101.02,101.85,100.55,101.75,0.0
2023-07-28,101.75,102.05,101.34,101.7,0.0
2023-07-31,101.68,101.91,101.53,101.88,0.0
2023-08-01,101.87,102.44,101.83,101.94,0.0
2023-08-02,101.96,102.78,101.94,102.64,0.0
2023-08-03,102.62,102.85,102.36,102.48,0.0
2023-08-04,102.47,102.62,101.74,102.0,0.0
2023-08-07,101.99,102.39,101.96,102.08,0.0
2023-08-08,102.07,102.81,102.05,102.55,0.0
2023-08-09,102.55,102.59,102.29,102.49,0.0
2023-08-10,102.49,102.66,101.76,102.61,0.0
2023-08-11,102.61,102.92,102.41,102.87,0.0
2023-08-14,102.86,103.47,102.77,103.17,0.0
2023-08-15,103.16,103.29,102.81,103.21,0.0
2023-08-16,103.22,103.53,102.94,103.42,0.0
2023-08-17,103.42,103.6,103.05,103.45,0.0
2023-08-18,103.44,103.69,103.22,103.44,0.0
2023-08-21,103.43,103.51,103.14,103.33,0.0
2023-08-22,103.33,103.72,103.01,103.61,0.0
2023-08-23,103.61,103.99,103.3,103.38,0.0
2023-08-24,103.39,104.03,103.27,103.95,0.0
2023-08-25,103.97,104.45,103.74,104.2,0.0
2023-08-28,104.17,104.22,103.97,104.0,0.0
2023-08-29,104.01,104.36,103.36,103.48,0.0
2023-08-30,103.48,103.7,102.93,103.16,0.0
2023-08-31,103.15,103.74,103.01,103.64,0.0
2023-09-01,103.64,104.3,103.27,104.28,0.0
2023-09-04,104.26,104.28,104.02,104.12,0.0
2023-09-05,104.11,104.91,104.09,104.78,0.0
2023-09-06,104.79,105.04,104.59,104.87,0.0
2023-09-07,104.85,105.16,104.8,105.05,0.0
2023-09-08,105.06,105.1,104.66,105.06,0.0
2023-09-11,104.85,104.94,104.41,104.52,0.0
2023-09-12,104.52,104.92,104.41,104.54,0.0
2023-09-13,104.55,104.99,104.51,104.76,0.0
2023-09-14,104.76,105.44,104.56,105.34,0.0
2023-09-15,105.34,105.42,105.08,105.32,0.0
2023-09-18,105.29,105.36,105.02,105.08,0.0
2023-09-19,105.08,105.21,104.81,105.15,0.0
2023-09-20,105.15,105.45,104.66,105.32,0.0
2023-09-21,105.33,105.75,105.28,105.39,0.0
2023-09-22,105.39,105.79,105.32,105.61,0.0
2023-09-25,105.59,106.1,105.51,105.96,0.0
2023-09-26,105.95,106.27,105.86,106.18,0.0
2023-09-27,106.18,106.84,106.15,106.67,0.0
2023-09-28,106.68,106.76,106.02,106.14,0.0
2023-09-29,106.15,106.25,105.65,106.19,0.0
2023-10-02,106.21,107.04,106.04,107.02,0.0
2023-10-03,107.02,107.35,106.82,107.09,0.0
2023-10-04,107.09,107.25,106.51,106.78,0.0
2023-10-05,106.77,106.86,106.32,106.35,0.0
2023-10-06,106.35,106.98,105.95,106.13,0.0
2023-10-09,106.3,106.61,106.02,106.08,0.0
2023-10-10,106.09,106.26,105.66,105.77,0.0
2023-10-11,105.79,106.02,105.56,105.72,0.0
2023-10-12,105.71,106.61,105.53,106.56,0.0
2023-10-13,106.56,106.79,106.29,106.7,0.0
2023-10-16,106.6,106.63,106.18,106.22,0.0
2023-10-17,106.22,106.53,106.02,106.2,0.0
2023-10-18,106.2,106.64,106.01,106.55,0.0
2023-10-19,106.57,106.68,105.94,106.22,0.0
2023-10-20,106.24,106.42,106.07,106.15,0.0
2023-10-23,106.15,106.34,105.51,105.6,0.0
2023-10-24,105.61,106.32,105.35,106.25,0.0
2023-10-25,106.25,106.57,106.14,106.54,0.0
2023-10-26,106.54,106.91,106.53,106.62,0.0
2023-10-27,106.61,106.81,106.32,106.58,0.0
2023-10-30,106.14,106.16,106.12,106.14,0.0
2023-10-31,106.14,106.86,105.89,106.71,0.0
2023-11-01,106.72,107.12,106.61,106.67,0.0
2023-11-02,106.68,106.68,105.81,106.15,0.0
2023-11-03,106.15,106.23,104.94,105.07,0.0
2023-11-06,105.1,105.3,104.84,105.28,0.0
2023-11-07,105.29,105.78,105.23,105.51,0.0
2023-11-08,105.5,105.88,105.45,105.53,0.0
2023-11-09,105.53,105.97,105.38,105.9,0.0
2023-11-10,105.91,106.01,105.74,105.8,0.0
2023-11-13,105.79,105.96,105.58,105.67,0.0
2023-11-14,105.67,105.74,103.98,104.08,0.0
2023-11-15,104.08,104.52,103.97,104.4,0.0
2023-11-16,104.4,104.56,104.0,104.38,0.0
2023-11-17,104.37,104.55,103.82,103.82,0.0
2023-11-20,103.84,103.98,103.37,103.49,0.0
2023-11-21,103.49,103.71,103.18,103.61,0.0
2023-11-22,103.6,104.22,103.48,103.87,0.0
2023-11-23,103.87,103.92,103.53,103.76,0.0
2023-11-24,103.76,103.85,103.35,103.44,0.0
2023-11-27,103.4,103.53,103.19,103.22,0.0
2023-11-28,103.22,103.33,102.61,102.73,0.0
2023-11-29,102.75,103.02,102.46,102.86,0.0
2023-11-30,102.86,103.6,102.72,103.51,0.0
2023-12-01,103.52,103.73,103.11,103.2,0.0
2023-12-04,103.22,103.85,103.04,103.64,0.0
2023-12-05,103.63,104.1,103.53,103.95,0.0
2023-12-06,103.96,104.24,103.87,104.18,0.0
2023-12-07,104.18,104.2,103.26,103.64,0.0
2023-12-08,103.65,104.29,103.43,104.0,0.0
2023-12-11,103.99,104.27,103.92,104.08,0.0
2023-12-12,104.08,104.11,103.47,103.81,0.0
2023-12-13,103.81,104.04,102.77,102.95,0.0
2023-12-14,102.96,102.97,101.77,101.95,0.0
2023-12-15,101.95,102.65,101.84,102.59,0.0
2023-12-18,102.57,102.65,102.37,102.5,0.0
2023-12-19,102.51,102.63,102.06,102.12,0.0
2023-12-20,102.12,102.55,102.09,102.43,0.0
2023-12-21,102.44,102.46,101.73,101.75,0.0
2023-12-22,101.75,101.89,101.43,101.71,0.0
2023-12-25,101.71,101.82,101.65,101.7,0.0
2023-12-26,101.7,101.77,101.45,101.46,0.0
2023-12-27,101.47,101.58,100.83,100.94,0.0
2023-12-28,100.95,101.3,100.62,101.24,0.0
2023-12-29,101.25,101.43,101.06,101.38,0.0
2024-01-01,101.37,101.39,101.27,101.31,0.0
2024-01-02,101.31,102.26,101.29,102.25,0.0
2024-01-03,102.23,102.73,102.07,102.47,0.0
2024-01-04,102.47,102.53,102.14,102.43,0.0
2024-01-05,102.44,103.11,101.9,102.44,0.0
2024-01-08,102.44,102.63,102.07,102.29,0.0
2024-01-09,102.29,102.66,102.1,102.51,0.0
2024-01-10,102.52,102.65,102.34,102.35,0.0
2024-01-11,102.36,102.77,102.15,102.31,0.0
2024-01-12,102.32,102.59,102.08,102.44,0.0
2024-01-15,102.44,102.68,102.31,102.59,0.0
2024-01-16,102.59,103.43,102.58,103.34,0.0
2024-01-17,103.34,103.7,103.26,103.37,0.0
2024-01-18,103.38,103.63,103.15,103.4,0.0
2024-01-19,103.4,103.55,103.23,103.23,0.0
2024-01-22,103.28,103.38,103.11,103.35,0.0
2024-01-23,103.34,103.82,102.98,103.55,0.0
2024-01-24,103.55,103.6,102.77,103.26,0.0
2024-01-25,103.25,103.69,103.11,103.48,0.0
2024-01-26,103.49,103.73,103.14,103.47,0.0
2024-01-29,103.53,103.83,103.4,103.47,0.0
2024-01-30,103.48,103.62,103.31,103.4,0.0
2024-01-31,103.4,103.75,102.94,103.52,0.0
2024-02-01,103.52,103.82,103.02,103.06,0.0
2024-02-02,103.07,104.05,102.9,103.97,0.0
2024-02-05,103.99,104.61,103.96,104.46,0.0
2024-02-06,104.46,104.59,104.14,104.18,0.0
2024-02-07,104.18,104.2,103.94,104.05,0.0
2024-02-08,104.06,104.44,103.95,104.14,0.0
2024-02-09,104.14,104.26,103.95,104.08,0.0
2024-02-12,104.08,104.28,103.89,104.14,0.0
2024-02-13,104.15,104.97,103.95,104.86,0.0
2024-02-14,104.87,104.98,104.66,104.73,0.0
2024-02-15,104.73,104.74,104.18,104.27,0.0
2024-02-16,104.27,104.68,104.17,104.28,0.0
2024-02-19,104.29,104.38,104.14,104.25,0.0
2024-02-20,104.26,104.42,103.79,104.06,0.0
2024-02-21,104.08,104.22,103.94,103.99,0.0
2024-02-22,104.0,104.14,103.43,103.94,0.0
2024-02-23,103.95,104.06,103.77,103.97,0.0
2024-02-26,103.87,104.02,103.71,103.78,0.0
2024-02-27,103.78,103.93,103.61,103.81,0.0
2024-02-28,103.82,104.24,103.79,103.94,0.0
2024-02-29,103.94,104.21,103.65,104.13,0.0
2024-03-01,104.13,104.3,103.84,103.89,0.0
2024-03-04,103.86,103.97,103.73,103.83,0.0
2024-03-05,103.83,103.95,103.57,103.78,0.0
2024-03-06,103.78,103.9,103.2,103.37,0.0
2024-03-07,103.37,103.4,102.8,102.81,0.0
2024-03-08,102.81,102.9,102.36,102.74,0.0
2024-03-11,102.72,102.95,102.63,102.85,0.0
2024-03-12,102.84,103.18,102.72,102.94,0.0
2024-03-13,102.93,103.03,102.66,102.79,0.0
2024-03-14,102.79,103.4,102.73,103.36,0.0
2024-03-15,103.35,103.5,103.3,103.44,0.0
2024-03-18,103.44,103.65,103.33,103.58,0.0
2024-03-19,103.58,104.06,103.56,103.81,0.0
2024-03-20,103.81,104.15,103.38,103.41,0.0
2024-03-21,103.4,104.06,103.17,104.0,0.0
2024-03-22,104.0,104.5,103.92,104.42,0.0
2024-03-25,104.43,104.48,104.14,104.24,0.0
2024-03-26,104.23,104.34,104.01,104.3,0.0
2024-03-27,104.29,104.46,104.21,104.3,0.0
2024-03-28,104.29,104.73,104.29,104.54,0.0
2024-03-29,104.54,104.68,104.4,104.5,0.0
2024-04-01,104.52,105.08,104.42,104.96,0.0
2024-04-02,104.96,105.11,104.68,104.75,0.0
2024-04-03,104.75,104.85,104.23,104.26,0.0
2024-04-04,104.26,104.27,103.91,104.22,0.0
2024-04-05,104.21,104.7,104.13,104.29,0.0
2024-04-08,104.29,104.44,104.1,104.13,0.0
2024-04-09,104.14,104.21,103.88,104.1,0.0
2024-04-10,104.1,105.3,104.02,105.19,0.0
2024-04-11,105.18,105.53,105.03,105.28,0.0
2024-04-12,105.27,106.11,105.23,106.02,0.0
2024-04-15,106.02,106.25,105.84,106.2,0.0
2024-04-16,106.2,106.52,106.06,106.37,0.0
2024-04-17,106.37,106.44,105.87,105.94,0.0
2024-04-18,105.94,106.19,105.74,106.16,0.0
2024-04-19,106.16,106.36,105.85,106.12,0.0
2024-04-22,106.1,106.4,105.98,106.14,0.0
2024-04-23,106.13,106.24,105.61,105.69,0.0
2024-04-24,105.68,105.95,105.59,105.81,0.0
2024-04-25,105.8,106.0,105.47,105.58,0.0
2024-04-26,105.57,106.19,105.4,106.08,0.0
2024-04-29,106.04,106.11,105.46,105.65,0.0
2024-04-30,105.64,106.35,105.62,106.29,0.0
2024-05-01,106.3,106.49,105.43,105.67,0.0
2024-05-02,105.62,105.9,105.3,105.4,0.0
2024-05-03,105.39,105.4,104.52,105.06,0.0
2024-05-06,105.04,105.21,104.86,105.09,0.0
2024-05-07,105.09,105.45,105.03,105.35,0.0
2024-05-08,105.36,105.65,105.35,105.51,0.0
2024-05-09,105.51,105.75,105.21,105.23,0.0
2024-05-10,105.23,105.41,105.14,105.33,0.0
2024-05-13,105.29,105.37,105.05,105.22,0.0
2024-05-14,105.22,105.48,104.95,105.02,0.0
2024-05-15,105.02,105.07,104.28,104.31,0.0
2024-05-16,104.3,104.63,104.08,104.5,0.0
2024-05-17,104.5,104.8,104.39,104.5,0.0
2024-05-20,104.5,104.66,104.39,104.6,0.0
2024-05-21,104.6,104.77,104.47,104.63,0.0
2024-05-22,104.63,104.97,104.55,104.92,0.0
2024-05-23,104.91,105.12,104.62,105.03,0.0
2024-05-24,105.03,105.12,104.64,104.75,0.0
2024-05-27,104.75,104.76,104.56,104.6,0.0
2024-05-28,104.59,104.65,104.33,104.61,0.0
2024-05-29,104.6,105.15,104.59,105.11,0.0
2024-05-30,105.11,105.19,104.63,104.73,0.0
2024-05-31,104.74,104.9,104.36,104.65,0.0
2024-06-03,104.62,104.77,104.06,104.08,0.0
2024-06-04,104.09,104.34,103.99,104.16,0.0
2024-06-05,104.14,104.47,104.12,104.3,0.0
2024-06-06,104.3,104.38,104.05,104.11,0.0
2024-06-07,104.1,104.95,104.0,104.93,0.0
2024-06-10,105.11,105.39,105.03,105.12,0.0
2024-06-11,105.12,105.47,105.09,105.26,0.0
2024-06-12,105.26,105.33,104.25,104.67,0.0
2024-06-13,104.67,105.29,104.64,105.21,0.0
2024-06-14,105.22,105.81,105.17,105.53,0.0
2024-06-17,105.51,105.65,105.3,105.35,0.0
2024-06-18,105.36,105.57,105.12,105.26,0.0
2024-06-19,105.26,105.34,105.15,105.23,0.0
2024-06-20,105.23,105.67,105.2,105.65,0.0
2024-06-21,105.65,105.92,105.53,105.84,0.0
2024-06-24,105.83,105.9,105.37,105.49,0.0
2024-06-25,105.5,105.79,105.37,105.63,0.0
2024-06-26,105.63,106.14,105.61,106.06,0.0
2024-06-27,106.05,106.09,105.7,105.91,0.0
2024-06-28,105.91,106.13,105.74,105.84,0.0
2024-07-01,105.71,105.99,105.42,105.82,0.0
2024-07-02,105.82,106.06,105.68,105.71,0.0
2024-07-03,105.69,105.81,105.04,105.34,0.0
2024-07-04,105.35,105.36,105.1,105.14,0.0
2024-07-05,105.13,105.17,104.82,104.89,0.0
2024-07-08,104.99,105.04,104.8,105.01,0.0
2024-07-09,105.02,105.21,104.95,105.12,0.0
2024-07-10,105.12,105.18,104.99,105.0,0.0
2024-07-11,104.99,105.0,104.07,104.47,0.0
2024-07-12,104.48,104.55,104.03,104.1,0.0
2024-07-15,104.22,104.32,104.01,104.26,0.0
2024-07-16,104.26,104.51,104.2,104.23,0.0
2024-07-17,104.24,104.3,103.65,103.74,0.0
2024-07-18,103.73,104.23,103.64,104.17,0.0
2024-07-19,104.18,104.42,104.13,104.37,0.0
2024-07-22,104.34,104.43,104.17,104.3,0.0
2024-07-23,104.3,104.54,104.2,104.44,0.0
2024-07-24,104.44,104.56,104.12,104.33,0.0
2024-07-25,104.33,104.46,104.08,104.4,0.0
2024-07-26,104.4,104.45,104.21,104.33,0.0
2024-07-29,104.31,104.76,104.13,104.56,0.0
2024-07-30,104.56,104.8,104.46,104.48,0.0
2024-07-31,104.47,104.53,103.92,104.03,0.0
2024-08-01,104.03,104.45,103.86,104.33,0.0
2024-08-02,104.33,104.43,103.12,103.22,0.0
2024-08-05,103.15,103.28,102.16,102.72,0.0
2024-08-06,102.72,103.23,102.61,102.93,0.0
2024-08-07,102.93,103.37,102.89,103.18,0.0
2024-08-08,103.18,103.55,102.91,103.23,0.0
2024-08-09,103.22,103.31,103.03,103.16,0.0
2024-08-12,103.16,103.31,103.09,103.13,0.0
2024-08-13,103.13,103.28,102.55,102.63,0.0
2024-08-14,102.63,102.73,102.27,102.6,0.0
2024-08-15,102.6,103.23,102.53,103.06,0.0
2024-08-16,103.06,103.07,102.39,102.4,0.0
2024-08-19,102.43,102.49,101.85,101.88,0.0
2024-08-20,101.86,102.01,101.36,101.36,0.0
2024-08-21,101.36,101.66,100.92,101.18,0.0
2024-08-22,101.17,101.63,101.08,101.51,0.0
2024-08-23,101.51,101.56,100.6,100.68,0.0
2024-08-26,100.66,100.93,100.53,100.88,0.0
2024-08-27,100.88,100.93,100.51,100.56,0.0
2024-08-28,100.56,101.18,100.53,101.05,0.0
2024-08-29,101.05,101.58,100.88,101.38,0.0
2024-08-30,101.37,101.79,101.24,101.73,0.0
2024-09-02,101.71,101.8,101.56,101.66,0.0
2024-09-03,101.66,101.92,101.57,101.74,0.0
2024-09-04,101.75,101.79,101.24,101.28,0.0
2024-09-05,101.28,101.38,100.96,101.07,0.0
2024-09-06,101.07,101.41,100.55,101.19,0.0
2024-09-09,101.2,101.7,101.13,101.63,0.0
2024-09-10,101.63,101.78,101.54,101.68,0.0
2024-09-11,101.68,101.82,101.26,101.73,0.0
2024-09-12,101.74,101.84,101.22,101.25,0.0
2024-09-13,101.25,101.27,100.88,100.96,0.0
2024-09-16,101.1,101.1,100.58,100.7,0.0
2024-09-17,100.69,101.12,100.56,101.02,0.0
2024-09-18,101.02,101.15,100.21,100.94,0.0
2024-09-19,100.94,101.48,100.43,100.66,0.0
2024-09-20,100.65,101.01,100.41,100.74,0.0
2024-09-23,100.76,100.92,100.71,100.92,0.0
2024-09-24,100.93,101.05,100.34,100.36,0.0
2024-09-25,100.36,100.99,100.22,100.91,0.0
2024-09-26,100.91,100.95,100.46,100.57,0.0
2024-09-27,100.62,100.88,100.15,100.42,0.0
2024-09-30,100.42,100.93,100.17,100.75,0.0
2024-10-01,100.74,101.39,100.68,101.2,0.0
2024-10-02,101.21,101.69,101.15,101.61,0.0
2024-10-03,101.62,102.1,101.62,101.93,0.0
2024-10-04,101.93,102.69,101.81,102.45,0.0
2024-10-07,102.55,102.62,102.37,102.48,0.0
2024-10-08,102.49,102.64,102.29,102.47,0.0
2024-10-09,102.46,102.94,102.45,102.88,0.0
2024-10-10,102.86,103.18,102.72,102.86,0.0
2024-10-11,102.87,103.0,102.77,102.91,0.0
2024-10-14,102.93,103.36,102.93,103.2,0.0
2024-10-15,103.19,103.35,103.03,103.21,0.0
2024-10-16,103.2,103.61,103.17,103.5,0.0
2024-10-17,103.5,103.88,103.44,103.76,0.0
2024-10-18,103.75,103.82,103.45,103.46,0.0
2024-10-21,103.48,104.02,103.42,103.96,0.0
2024-10-22,103.96,104.13,103.82,104.07,0.0
2024-10-23,104.08,104.57,104.05,104.41,0.0
2024-10-24,104.41,104.46,104.01,104.02,0.0
2024-10-25,104.02,104.34,103.93,104.32,0.0
2024-10-28,104.41,104.57,104.12,104.29,0.0
2024-10-29,104.29,104.3,104.27,104.29,0.0
2024-10-30,104.1,104.12,104.09,104.1,0.0
2024-10-31,103.88,103.9,103.87,103.9,0.0
2024-11-01,103.88,104.35,103.67,104.28,0.0
2024-11-04,103.93,103.98,103.57,103.9,0.0
2024-11-05,103.89,103.96,103.37,103.42,0.0
2024-11-06,103.42,105.45,103.34,105.16,0.0
2024-11-07,105.14,105.26,104.18,104.34,0.0
2024-11-08,104.33,105.21,104.31,104.95,0.0
2024-11-11,105.01,105.71,104.93,105.5,0.0
2024-11-12,105.51,106.18,105.43,105.92,0.0
2024-11-13,105.93,106.54,105.71,106.48,0.0
2024-11-14,106.47,107.08,106.38,106.87,0.0
2024-11-15,106.87,106.96,106.32,106.71,0.0
2024-11-18,106.73,106.82,106.13,106.2,0.0
2024-11-19,106.21,106.64,106.1,106.17,0.0
2024-11-20,106.18,106.93,106.07,106.65,0.0
2024-11-21,106.65,107.16,106.45,107.06,0.0
2024-11-22,107.06,108.12,106.92,107.49,0.0
2024-11-25,106.99,107.25,106.58,106.9,0.0
2024-11-26,106.91,107.56,106.49,106.88,0.0
2024-11-27,106.89,106.93,105.85,106.06,0.0
2024-11-28,106.06,106.42,106.02,106.16,0.0
2024-11-29,106.16,106.2,105.61,105.77,0.0
2024-12-02,105.82,106.74,105.8,106.39,0.0
2024-12-03,106.4,106.61,106.09,106.33,0.0
2024-12-04,106.35,106.72,106.09,106.37,0.0
2024-12-05,106.35,106.4,105.7,105.72,0.0
2024-12-06,105.71,106.16,105.41,105.97,0.0
2024-12-09,106.01,106.22,105.79,106.16,0.0
2024-12-10,106.13,106.64,106.04,106.41,0.0
2024-12-11,106.41,106.81,106.27,106.66,0.0
2024-12-12,106.65,107.04,106.35,107.02,0.0
2024-12-13,107.0,107.19,106.72,106.95,0.0
2024-12-16,107.01,107.17,106.74,106.86,0.0
2024-12-17,106.85,107.09,106.69,106.95,0.0
2024-12-18,106.94,108.28,106.81,108.25,0.0
2024-12-19,108.25,108.49,107.82,108.42,0.0
2024-12-20,108.41,108.55,107.58,107.82,0.0
2024-12-23,107.81,108.28,107.68,108.08,0.0
2024-12-24,108.08,108.3,108.04,108.13,0.0
2024-12-25,108.12,108.14,107.96,108.07,0.0
2024-12-26,108.11,108.31,108.03,108.1,0.0
2024-12-27,108.1,108.21,107.86,108.03,0.0
2024-12-30,107.97,108.38,107.74,108.04,0.0
2024-12-31,108.05,108.59,107.86,108.48,0.0
2025-01-01,108.48,108.49,108.42,108.45,0.0
2025-01-02,108.49,109.56,108.26,109.24,0.0
2025-01-03,109.26,109.27,108.89,108.92,0.0
2025-01-06,108.94,109.07,107.75,108.25,0.0
2025-01-07,108.27,108.71,107.84,108.7,0.0
2025-01-08,108.69,109.39,108.55,109.0,0.0
2025-01-09,109.0,109.38,108.94,109.17,0.0
2025-01-10,109.17,110.0,109.07,109.65,0.0
2025-01-13,109.66,110.18,109.59,109.62,0.0
2025-01-14,109.64,109.76,109.18,109.18,0.0
2025-01-15,109.19,109.42,108.59,109.11,0.0
2025-01-16,109.1,109.41,108.82,108.94,0.0
2025-01-17,108.95,109.43,108.83,109.41,0.0
2025-01-20,109.36,109.48,107.91,108.08,0.0
2025-01-21,108.06,108.8,107.86,107.94,0.0
2025-01-22,107.97,108.28,107.75,108.25,0.0
2025-01-23,108.23,108.54,107.92,108.15,0.0
2025-01-24,108.14,108.2,107.22,107.46,0.0
2025-01-27,107.54,107.81,106.96,107.33,0.0
2025-01-28,107.34,108.06,107.32,107.9,0.0
2025-01-29,107.91,108.3,107.75,107.96,0.0
2025-01-30,107.95,108.26,107.49,108.15,0.0
2025-01-31,108.11,108.57,107.78,108.53,0.0
2025-02-03,109.37,109.89,108.33,108.44,0.0
2025-02-04,108.47,109.05,107.92,108.0,0.0
2025-02-05,107.99,108.08,107.28,107.63,0.0
2025-02-06,107.62,108.11,107.53,107.7,0.0
2025-02-07,107.7,108.34,107.44,108.09,0.0
2025-02-10,108.38,108.45,108.09,108.33,0.0
2025-02-11,108.32,108.47,107.77,107.93,0.0
2025-02-12,107.92,108.53,107.62,108.02,0.0
2025-02-13,107.95,108.01,107.04,107.05,0.0
2025-02-14,107.06,107.19,106.56,106.79,0.0
2025-02-17,106.8,106.9,106.62,106.73,0.0
2025-02-18,106.73,107.13,106.71,107.05,0.0
2025-02-19,107.04,107.39,106.87,107.2,0.0
2025-02-20,107.18,107.21,106.34,106.36,0.0
2025-02-21,106.36,106.75,106.29,106.65,0.0
2025-02-24,106.56,106.75,106.12,106.67,0.0
2025-02-25,106.67,106.79,106.19,106.28,0.0
2025-02-26,106.28,106.66,106.15,106.5,0.0
2025-02-27,106.5,107.31,106.42,107.29,0.0
2025-02-28,107.28,107.66,107.18,107.57,0.0
2025-03-03,107.38,107.41,106.42,106.54,0.0
2025-03-04,106.55,106.66,105.52,105.55,0.0
2025-03-05,105.56,105.78,104.26,104.32,0.0
2025-03-06,104.34,104.39,103.74,104.2,0.0
2025-03-07,104.23,104.25,103.45,103.89,0.0
2025-03-10,103.9,104.07,103.56,103.93,0.0
2025-03-11,103.93,103.97,103.22,103.4,0.0
2025-03-12,103.4,103.79,103.29,103.59,0.0
2025-03-13,103.59,104.08,103.51,103.86,0.0
2025-03-14,103.88,104.09,103.56,103.73,0.0
2025-03-17,103.75,103.82,103.29,103.41,0.0
2025-03-18,103.43,103.68,103.19,103.25,0.0
2025-03-19,103.25,103.91,103.23,103.47,0.0
2025-03-20,103.46,104.14,103.32,103.81,0.0
2025-03-21,103.82,104.25,103.75,104.17,0.0
2025-03-24,104.19,104.45,103.84,104.31,0.0
2025-03-25,104.31,104.47,103.94,104.21,0.0
2025-03-26,104.22,104.63,104.18,104.55,0.0
2025-03-27,104.54,104.71,104.07,104.26,0.0
2025-03-28,104.27,104.52,103.89,104.0,0.0
2025-03-31,104.01,104.4,103.75,104.19,0.0
2025-04-01,104.18,104.37,104.02,104.21,0.0
2025-04-02,104.21,104.32,103.34,103.73,0.0
2025-04-03,103.71,103.96,101.26,101.95,0.0
2025-04-04,101.95,103.19,101.54,102.88,0.0
2025-04-07,103.18,103.54,102.18,103.51,0.0
2025-04-08,103.51,103.52,102.75,102.98,0.0
2025-04-09,102.97,103.35,101.83,102.97,0.0
2025-04-10,103.0,103.03,100.7,100.94,0.0
2025-04-11,100.97,101.03,99.0,99.8,0.0
2025-04-14,100.05,100.17,99.2,99.7,0.0
2025-04-15,99.72,100.28,99.47,100.16,0.0
2025-04-16,100.15,100.18,99.17,99.27,0.0
2025-04-17,99.31,99.75,99.19,99.45,0.0
2025-04-18,99.41,99.47,99.21,99.24,0.0
2025-04-21,99.22,99.23,97.91,98.36,0.0
2025-04-22,98.36,99.0,98.01,98.98,0.0
2025-04-23,98.96,99.94,98.86,99.9,0.0
2025-04-24,99.85,99.91,99.22,99.29,0.0
2025-04-25,99.28,99.89,99.26,99.62,0.0
2025-04-28,99.6,99.84,98.9,98.93,0.0
2025-04-29,98.93,99.37,98.92,99.22,0.0
2025-04-30,99.19,99.71,99.14,99.65,0.0
2025-05-01,99.64,100.38,99.6,100.18,0.0
2025-05-02,100.19,100.33,99.39,100.02,0.0
2025-05-05,99.98,100.05,99.46,99.8,0.0
2025-05-06,99.8,100.1,99.17,99.24,0.0
2025-05-07,99.28,99.98,99.21,99.88,0.0
2025-05-08,99.85,100.77,99.61,100.63,0.0
2025-05-09,100.62,100.87,100.08,100.41,0.0
2025-05-12,100.8,101.98,100.51,101.8,0.0
2025-05-13,101.78,101.81,100.91,100.99,0.0
2025-05-14,100.98,101.14,100.27,101.07,0.0
2025-05-15,101.07,101.07,100.59,100.81,0.0
2025-05-16,100.81,101.26,100.52,100.96,0.0
2025-05-19,100.89,100.93,100.06,100.36,0.0
2025-05-20,100.35,100.58,100.01,100.01,0.0
2025-05-21,100.03,100.06,99.33,99.61,0.0
2025-05-22,99.64,100.12,99.44,99.94,0.0
2025-05-23,99.94,99.95,99.04,99.1,0.0
2025-05-26,99.08,99.17,98.69,98.98,0.0
2025-05-27,98.99,99.62,98.78,99.61,0.0
2025-05-28,99.59,99.96,99.44,99.89,0.0
2025-05-29,99.88,100.55,99.22,99.36,0.0
2025-05-30,99.34,99.68,99.13,99.44,0.0
2025-06-02,99.4,99.43,98.61,98.69,0.0
2025-06-03,98.69,99.34,98.58,99.27,0.0
2025-06-04,99.25,99.4,98.67,98.79,0.0
2025-06-05,98.8,98.95,98.35,98.75,0.0
2025-06-06,98.73,99.36,98.65,99.22,0.0
2025-06-09,99.21,99.23,98.81,99.02,0.0
2025-06-10,99.0,99.39,98.86,99.05,0.0
2025-06-11,99.04,99.22,98.52,98.63,0.0
2025-06-12,98.64,98.65,97.6,97.86,0.0
2025-06-13,97.87,98.59,97.61,98.12,0.0
2025-06-16,98.23,98.37,97.68,98.15,0.0
2025-06-17,98.14,98.87,97.99,98.82,0.0
2025-06-18,98.8,99.01,98.46,98.86,0.0
2025-06-19,98.87,99.16,98.75,98.77,0.0
2025-06-20,98.8,98.9,98.54,98.78,0.0
2025-06-23,99.22,99.42,98.35,98.39,0.0
2025-06-24,98.39,98.42,97.7,97.97,0.0
2025-06-25,97.97,98.2,97.64,97.69,0.0
2025-06-26,97.7,97.82,97.0,97.29,0.0
2025-06-27,97.29,97.5,97.0,97.26,0.0
2025-06-30,97.21,97.32,96.77,96.77,0.0
2025-07-01,96.78,96.95,96.37,96.64,0.0
2025-07-02,96.64,97.16,96.62,96.78,0.0
2025-07-03,96.78,97.42,96.69,97.12,0.0
2025-07-04,97.12,97.16,96.86,96.98,0.0
2025-07-07,96.97,97.67,96.89,97.55,0.0
2025-07-08,97.55,97.84,97.18,97.5,0.0
2025-07-09,97.49,97.75,97.46,97.5,0.0
2025-07-10,97.52,97.93,97.27,97.58,0.0
2025-07-11,97.59,97.97,97.54,97.87,0.0
2025-07-14,97.93,98.14,97.76,98.11,0.0
2025-07-15,98.11,98.7,97.93,98.63,0.0
2025-07-16,98.64,98.91,97.71,98.29,0.0
2025-07-17,98.28,98.96,98.26,98.64,0.0
2025-07-18,98.65,98.68,98.11,98.46,0.0
2025-07-21,98.34,98.51,97.7,97.83,0.0
2025-07-22,97.86,97.99,97.3,97.36,0.0
2025-07-23,97.36,97.61,97.19,97.2,0.0
2025-07-24,97.21,97.53,97.11,97.48,0.0
2025-07-25,97.49,97.91,97.43,97.67,0.0
2025-07-28,97.61,98.69,97.49,98.66,0.0
2025-07-29,98.67,99.14,98.58,98.92,0.0
2025-07-30,98.93,99.98,98.7,99.97,0.0
2025-07-31,99.96,100.1,99.52,100.07,0.0
2025-08-01,100.06,100.26,98.6,98.68,0.0
2025-08-04,98.65,98.98,98.59,98.74,0.0
2025-08-05,98.76,99.08,98.58,98.76,0.0
2025-08-06,98.77,98.84,98.13,98.22,0.0
2025-08-07,98.23,98.48,97.94,98.09,0.0
2025-08-08,98.08,98.36,97.95,98.27,0.0
2025-08-11,98.25,98.67,98.03,98.5,0.0
2025-08-12,98.51,98.63,97.9,98.07,0.0
2025-08-13,98.06,98.13,97.62,97.79,0.0
2025-08-14,97.79,98.33,97.63,98.21,0.0
2025-08-15,98.21,98.23,97.72,97.85,0.0
2025-08-18,97.79,98.19,97.76,98.16,0.0
2025-08-19,98.16,98.33,97.94,98.28,0.0
2025-08-20,98.28,98.44,98.08,98.25,0.0
2025-08-21,98.24,98.69,98.18,98.65,0.0
2025-08-22,98.65,98.84,97.56,97.72,0.0
2025-08-25,97.71,98.55,97.67,98.44,0.0
2025-08-26,98.45,98.57,98.09,98.25,0.0
2025-08-27,98.23,98.74,98.15,98.19,0.0
2025-08-28,98.2,98.24,97.73,97.87,0.0
2025-08-29,97.86,98.14,97.69,97.85,0.0
2025-09-01,97.79,97.88,97.53,97.68,0.0
2025-09-02,97.68,98.6,97.62,98.31,0.0
2025-09-03,98.31,98.65,98.01,98.14,0.0
2025-09-04,98.15,98.45,98.07,98.28,0.0
2025-09-05,98.29,98.32,97.43,97.73,0.0
2025-09-08,97.84,97.94,97.42,97.45,0.0
2025-09-09,97.45,97.82,97.25,97.77,0.0
2025-09-10,97.77,97.94,97.59,97.84,0.0
2025-09-11,97.84,98.09,97.47,97.53,0.0
2025-09-12,97.54,97.87,97.49,97.61,0.0
2025-09-15,97.63,97.7,97.27,97.36,0.0
2025-09-16,97.35,97.39,96.55,96.65,0.0
2025-09-17,96.65,97.07,96.22,97.03,0.0
2025-09-18,97.03,97.61,96.84,97.37,0.0
2025-09-19,97.37,97.81,97.27,97.66,0.0
2025-09-22,97.65,97.82,97.3,97.31,0.0
2025-09-23,97.3,97.46,97.2,97.23,0.0
2025-09-24,97.23,97.92,97.2,97.86,0.0
2025-09-25,97.87,98.6,97.74,98.46,0.0
2025-09-26,98.47,98.53,98.13,98.19,0.0
2025-09-29,98.14,98.18,97.77,97.94,0.0
2025-09-30,97.94,98.05,97.63,97.83,0.0
2025-10-01,97.84,97.88,97.46,97.74,0.0
2025-10-02,97.73,98.13,97.52,97.89,0.0
2025-10-03,97.89,97.95,97.6,97.72,0.0
2025-10-06,98.02,98.5,97.96,98.1,0.0
2025-10-07,98.11,98.66,98.08,98.59,0.0
2025-10-08,98.59,99.06,98.55,98.85,0.0
2025-10-09,98.85,99.57,98.7,99.4,0.0
2025-10-10,99.4,99.47,98.8,98.84,0.0
2025-10-13,98.93,99.35,98.83,99.26,0.0
2025-10-14,99.26,99.48,98.98,99.05,0.0
2025-10-15,99.06,99.08,98.65,98.67,0.0
2025-10-16,98.67,98.71,98.3,98.35,0.0
2025-10-17,98.36,98.56,98.03,98.56,0.0
2025-10-20,98.45,98.65,98.38,98.62,0.0
2025-10-21,98.62,98.98,98.51,98.97,0.0
2025-10-22,98.97,99.14,98.78,98.91,0.0
2025-10-23,98.91,99.14,98.86,98.94,0.0
2025-10-24,98.94,99.1,98.73,98.94,0.0
2025-10-27,98.89,99.0,98.73,98.82,0.0
2025-10-28,98.82,98.95,98.56,98.73,0.0
2025-10-29,98.73,99.36,98.62,99.15,0.0
2025-10-30,99.15,99.73,98.91,99.54,0.0
2025-10-31,99.54,99.85,99.42,99.73,0.0
2025-11-03,99.87,99.9,99.87,99.88,0.0
2025-11-04,100.22,100.23,100.2,100.21,0.0
2025-11-05,100.18,100.2,100.15,100.16,0.0
2025-11-06,99.7,99.72,99.69,99.7,0.0
2025-11-07,99.71,99.87,99.39,99.57,0.0
2025-11-10,99.64,99.75,99.45,99.62,0.0
2025-11-11,99.63,99.74,99.28,99.48,0.0
2025-11-12,99.45,99.71,99.42,99.48,0.0
2025-11-13,99.48,99.59,98.99,99.17,0.0
2025-11-14,99.16,99.41,98.99,99.29,0.0
2025-11-17,99.29,99.6,99.24,99.54,0.0
2025-11-18,99.53,99.66,99.4,99.59,0.0
2025-11-19,99.59,100.25,99.49,100.13,0.0
2025-11-20,100.12,100.41,100.02,100.22,0.0
2025-11-21,100.23,100.4,99.99,100.19,0.0
2025-11-24,100.17,100.3,100.01,100.2,0.0
2025-11-25,100.2,100.26,99.65,99.81,0.0
2025-11-26,99.8,99.96,99.55,99.58,0.0
2025-11-27,99.59,99.71,99.4,99.55,0.0
2025-11-28,99.55,99.82,99.37,99.47,0.0
2025-12-01,99.49,99.52,99.0,99.42,0.0
2025-12-02,99.4,99.57,99.32,99.33,0.0
2025-12-03,99.35,99.37,98.82,98.86,0.0
2025-12-04,98.89,99.08,98.76,99.06,0.0
2025-12-05,99.05,99.13,98.81,99.0,0.0
2025-12-08,99.0,99.23,98.79,99.11,0.0
2025-12-09,99.1,99.32,98.95,99.24,0.0
2025-12-10,99.23,99.26,98.59,98.66,0.0
2025-12-11,98.64,98.77,98.13,98.35,0.0
2025-12-12,98.35,98.53,98.29,98.39,0.0
2025-12-15,98.4,98.48,98.13,98.28,0.0
2025-12-16,98.28,98.33,97.87,98.21,0.0
2025-12-17,98.22,98.64,98.17,98.4,0.0
2025-12-18,98.38,98.56,98.17,98.44,0.0
2025-12-19,98.43,98.75,98.41,98.74,0.0
2025-12-22,98.66,98.73,98.2,98.26,0.0
2025-12-23,98.28,98.3,97.85,97.9,0.0
2025-12-24,97.92,98.01,97.75,97.96,0.0
2025-12-25,97.95,97.98,97.89,97.91,0.0
2025-12-26,97.94,98.14,97.86,98.06,0.0
2025-12-29,98.03,98.18,97.91,98.0,0.0
2025-12-30,98.02,98.27,97.94,98.22,0.0
2025-12-31,98.22,98.5,98.17,98.27,0.0
2026-01-01,98.28,98.3,98.24,98.28,0.0
2026-01-02,98.28,98.5,98.14,98.44,0.0
2026-01-05,98.41,98.86,98.25,98.33,0.0
2026-01-06,98.32,98.63,98.16,98.6,0.0
2026-01-07,98.6,98.75,98.5,98.74,0.0
2026-01-08,98.75,98.99,98.68,98.86,0.0
2026-01-09,98.9,99.27,98.84,99.16,0.0
2026-01-12,99.19,99.25,98.67,98.9,0.0
2026-01-13,98.89,99.23,98.84,99.18,0.0
2026-01-14,99.17,99.25,98.93,99.08,0.0
2026-01-15,99.07,99.49,99.04,99.35,0.0
2026-01-16,99.36,99.49,99.16,99.38,0.0
2026-01-19,99.45,99.5,99.0,99.05,0.0
2026-01-20,99.04,99.15,98.22,98.55,0.0
2026-01-21,98.57,98.87,98.38,98.78,0.0
2026-01-22,98.78,98.89,98.28,98.28,0.0
2026-01-23,98.31,98.48,97.42,97.48,0.0
2026-01-26,97.22,97.34,96.8,97.05,0.0
2026-01-27,95.77,97.29,95.51,95.77,0.0
2026-01-28,96.35,96.8,95.74,96.35,0.0
2026-01-29,96.16,96.66,96.01,96.16,0.0
2026-01-30,97.13,97.15,96.12,97.13,0.0
2026-02-02,97.14,97.74,97.0,97.61,0.0
2026-02-03,97.39,97.69,97.3,97.39,0.0
2026-02-04,97.38,97.73,97.31,97.65,0.0
2026-02-05,97.64,97.99,97.6,97.96,0.0
2026-02-06,97.94,98.03,97.56,97.68,0.0
2026-02-09,97.69,97.77,96.79,96.85,0.0
2026-02-10,96.86,97.01,96.61,96.86,0.0
2026-02-11,96.85,97.28,96.49,96.92,0.0
2026-02-12,96.9,97.08,96.74,96.91,0.0
2026-02-13,96.92,97.16,96.8,96.88,0.0
2026-02-16,96.88,97.12,96.86,97.08,0.0
2026-02-17,97.09,97.55,97.07,97.12,0.0
2026-02-18,97.13,97.74,97.09,97.74,0.0
2026-02-19,97.7,98.08,97.57,97.85,0.0
2026-02-20,97.85,98.08,97.58,97.8,0.0
2026-02-23,97.71,97.86,97.35,97.74,0.0
2026-02-24,97.7,97.99,97.67,97.89,0.0
2026-02-25,97.88,98.0,97.62,97.66,0.0
2026-02-26,97.66,97.99,97.49,97.79,0.0
2026-02-27,97.81,97.85,97.56,97.62,0.0
2026-03-02,97.93,98.76,97.77,98.55,0.0
2026-03-03,98.55,99.69,98.43,99.06,0.0
2026-03-04,99.07,99.33,98.7,98.8,0.0
2026-03-05,98.81,99.42,98.66,99.05,0.0
2026-03-06,99.04,99.44,98.83,98.86,0.0
2026-03-09,99.35,99.7,98.71,98.72,0.0
2026-03-10,98.74,98.97,98.49,98.94,0.0
2026-03-11,98.92,99.3,98.68,99.27,0.0
2026-03-12,99.26,99.76,99.2,99.75,0.0
2026-03-13,99.75,100.54,99.58,100.5,0.0
2026-03-16,100.43,100.48,99.66,99.81,0.0
2026-03-17,99.81,100.12,99.5,99.56,0.0
2026-03-18,99.56,100.31,99.46,100.3,0.0
2026-03-19,100.29,100.31,98.96,99.19,0.0
2026-03-20,99.2,99.8,99.15,99.51,0.0
2026-03-23,99.69,100.15,98.88,99.15,0.0
2026-03-24,99.13,99.63,99.06,99.23,0.0
2026-03-25,99.22,99.67,99.07,99.64,0.0
2026-03-26,99.64,100.01,99.56,99.93,0.0
2026-03-27,99.93,100.21,99.8,100.19,0.0
2026-03-30,100.21,100.62,100.05,100.51,0.0
2026-03-31,100.49,100.65,99.81,99.88,0.0
2026-04-01,99.89,99.91,99.29,99.56,0.0
2026-04-02,99.57,100.27,99.44,100.02,0.0
2026-04-03,100.01,100.23,99.95,100.18,0.0
2026-04-06,100.17,100.29,99.75,99.99,0.0
2026-04-07,99.99,100.16,99.6,99.66,0.0
2026-04-08,99.67,99.73,98.52,99.03,0.0
2026-04-09,99.04,99.16,98.63,98.81,0.0
2026-04-10,98.8,99.01,98.54,98.69,0.0
2026-04-13,99.08,99.19,98.36,98.41,0.0
2026-04-14,98.41,98.44,97.97,98.1,0.0
2026-04-15,98.1,98.29,98.0,98.08,0.0
2026-04-16,98.09,98.29,97.83,98.2,0.0
2026-04-17,98.21,98.29,97.63,98.22,0.0
2026-04-20,98.37,98.5,98.01,98.06,0.0
2026-04-21,98.06,98.57,98.02,98.38,0.0
2026-04-22,98.38,98.64,98.21,98.61,0.0
2026-04-23,98.61,98.94,98.53,98.83,0.0
2026-04-24,98.82,98.92,98.49,98.53,0.0
2026-04-27,98.68,98.69,98.21,98.49,0.0
2026-04-28,98.48,98.87,98.42,98.63,0.0
2026-04-29,98.62,99.05,98.56,98.96,0.0
2026-04-30,98.95,99.1,98.01,98.1,0.0
2026-05-01,98.09,98.25,97.72,98.21,0.0
2026-05-04,98.02,98.53,97.96,98.46,0.0
2026-05-05,98.46,98.58,98.31,98.5,0.0
2026-05-06,98.48,98.51,97.62,98.02,0.0
2026-05-07,98.03,98.28,97.81,98.28,0.0
2026-05-08,98.26,98.28,97.83,97.86,0.0
2026-05-11,98.06,98.15,97.85,97.94,0.0
2026-05-12,97.93,98.46,97.9,98.29,0.0
2026-05-13,98.3,98.6,98.26,98.48,0.0
2026-05-14,98.5,98.91,98.41,98.88,0.0
2026-05-15,98.88,99.32,98.84,99.28,0.0
2026-05-18,99.28,99.41,98.94,98.99,0.0
2026-05-19,98.97,99.44,98.94,99.31,0.0
2026-05-20,99.32,99.47,98.96,99.13,0.0
2026-05-21,99.14,99.52,99.06,99.21,0.0
2026-05-22,99.19,99.41,99.17,99.32,0.0
2026-05-25,99.07,99.14,98.92,98.98,0.0
2026-05-26,98.98,99.25,98.96,99.15,0.0
2026-05-27,99.15,99.26,98.97,99.23,0.0
2026-05-28,99.23,99.55,98.94,99.01,0.0
2026-05-29,98.99,99.19,98.75,98.93,0.0
2026-06-01,98.97,99.39,98.92,99.19,0.0
2026-06-02,99.19,99.33,99.05,99.22,0.0
2026-06-03,99.22,99.55,99.19,99.53,0.0
2026-06-04,99.53,99.56,99.18,99.44,0.0
2026-06-05,99.43,100.11,99.16,100.07,0.0
2026-06-08,100.13,100.22,99.82,100.02,0.0
2026-06-09,100.01,100.08,99.68,99.95,0.0
2026-06-10,99.95,100.05,99.72,100.04,0.0
2026-06-11,100.04,100.31,99.59,99.69,0.0
2026-06-12,99.69,99.91,99.63,99.79,0.0
2026-06-15,99.76,99.77,99.38,99.68,0.0
2026-06-16,99.67,99.79,99.46,99.56,0.0
2026-06-17,99.54,100.57,99.49,100.38,0.0
2026-06-18,100.4,100.92,100.21,100.84,0.0
2026-06-19,100.82,101.13,100.69,100.76,0.0
2026-06-22,100.81,101.08,100.76,101.0,0.0
2026-06-23,101.0,101.43,100.94,101.37,0.0
2026-06-24,101.37,101.8,101.34,101.57,0.0
2026-06-25,101.57,101.75,101.3,101.46,0.0
2026-06-26,101.44,101.57,101.04,101.36,0.0
2026-06-29,101.36,101.4,101.07,101.11,0.0
2026-06-30,101.13,101.44,101.05,101.17,0.0
2026-07-01,101.16,101.6,101.15,101.41,0.0
2026-07-02,101.42,101.43,100.55,100.86,0.0
2026-07-03,100.86,101.0,100.61,100.91,0.0
2026-07-06,100.84,101.15,100.82,100.87,0.0
2026-07-07,100.87,101.12,100.8,101.09,0.0
2026-07-08,101.08,101.28,100.94,101.07,0.0
2026-07-09,101.06,101.07,100.79,100.93,0.0
2026-07-10,100.94,101.0,100.6,100.96,0.0
2026-07-13,101.03,101.33,100.79,101.31,0.0
2026-07-14,101.29,101.32,100.58,100.93,0.0
2026-07-15,100.93,101.03,100.35,100.51,0.0
2026-07-16,100.51,100.83,100.44,100.72,0.0
2026-07-17,100.73,100.86,100.65,100.76,0.0
