date,open,high,low,close,volume
2015-01-02,68.39,68.57,66.99,67.93,1638104.0
2015-01-05,67.11,67.14,64.94,65.12,3202221.0
2015-01-06,65.09,65.25,63.57,64.39,3241303.0
2015-01-07,65.31,65.57,64.35,64.58,3120849.0
2015-01-08,65.2,66.92,65.2,66.89,3383129.0
2015-01-09,67.09,67.24,65.85,66.06,2802495.0
2015-01-12,65.95,66.2,64.93,65.48,2835058.0
2015-01-13,65.75,66.59,64.64,65.46,3565102.0
2015-01-14,64.01,64.58,63.31,64.24,2393469.0
2015-01-15,64.53,64.66,63.58,64.07,3628464.0
2015-01-16,63.65,64.64,63.62,64.59,3480383.0
2015-01-20,64.89,64.97,64.25,64.8,3265153.0
2015-01-21,64.35,65.62,64.23,65.34,794757.0
2015-01-22,66.6,67.91,66.14,67.68,3455195.0
2015-01-23,67.73,67.73,66.72,67.01,2355732.0
2015-01-26,66.72,67.12,66.07,66.82,1950030.0
2015-01-27,65.4,65.81,64.69,65.02,3767857.0
2015-01-28,65.34,65.51,63.52,63.61,3185185.0
2015-01-29,63.44,64.35,62.8,64.19,3349586.0
2015-01-30,63.53,64.1,63.07,63.09,3888090.0
2015-02-02,63.62,64.91,62.84,64.4,4102867.0
2015-02-03,67.89,70.33,67.42,69.79,7267599.0
2015-02-04,69.38,69.49,68.17,68.48,4288516.0
2015-02-05,68.73,69.58,68.73,69.22,2544517.0
2015-02-06,69.49,70.87,69.49,70.05,3253300.0
2015-02-09,69.55,70.72,69.54,70.14,2074387.0
2015-02-10,70.9,70.93,69.65,70.74,1969769.0
2015-02-11,70.36,70.74,69.95,70.33,2024636.0
2015-02-12,70.79,71.85,70.35,71.65,2694624.0
2015-02-13,71.63,72.71,71.45,72.55,3118339.0
2015-02-17,72.37,72.37,71.53,72.13,1975393.0
2015-02-18,72.08,72.77,71.73,72.29,1655742.0
2015-02-19,71.81,72.54,71.5,72.12,1380355.0
2015-02-20,72.13,72.59,71.3,72.51,1775998.0
2015-02-23,72.17,72.45,71.51,71.64,1996128.0
2015-02-24,71.59,72.0,71.47,71.72,2027486.0
2015-02-25,71.87,72.0,70.85,71.55,2566163.0
2015-02-26,71.53,71.97,71.31,71.79,1904992.0
2015-02-27,71.19,71.51,70.76,71.01,2433014.0
2015-03-02,71.01,71.49,70.73,71.0,2196865.0
2015-03-03,70.47,70.98,70.18,70.44,2235669.0
2015-03-04,70.23,70.32,69.15,69.65,2171042.0
2015-03-05,69.3,69.46,68.82,69.35,1731272.0
2015-03-06,68.68,69.21,67.98,68.17,1950557.0
2015-03-09,68.23,68.65,68.02,68.5,1624643.0
2015-03-10,67.77,67.84,67.16,67.16,1985637.0
2015-03-11,67.32,67.36,66.47,66.57,1872833.0
2015-03-12,66.86,67.28,66.64,67.25,2296436.0
2015-03-13,67.0,67.25,66.04,66.64,2498856.0
2015-03-16,68.12,68.23,66.89,67.79,3185771.0
2015-03-17,67.49,67.85,67.13,67.68,2215408.0
2015-03-18,67.35,68.72,66.73,68.52,3466340.0
2015-03-19,68.1,68.2,67.26,67.58,2029133.0
2015-03-20,68.03,68.65,67.91,68.48,4249802.0
2015-03-23,68.46,68.7,67.81,68.06,2285353.0
2015-03-24,68.03,68.36,67.48,67.87,2144850.0
2015-03-25,67.92,68.19,66.81,66.81,2191237.0
2015-03-26,66.5,66.97,66.23,66.67,1981312.0
2015-03-27,66.95,66.95,66.32,66.7,1381158.0
2015-03-30,67.0,68.11,67.0,67.82,1381121.0
2015-03-31,67.28,68.08,67.05,67.94,3180805.0
2015-04-01,67.95,67.97,67.1,67.58,2927806.0
2015-04-02,67.38,68.3,66.98,67.68,1985369.0
2015-04-06,67.02,69.36,66.95,68.94,2186467.0
2015-04-07,68.57,69.08,68.35,68.56,1761878.0
2015-04-08,68.21,68.5,67.79,68.15,1965822.0
2015-04-09,68.13,68.71,67.65,68.55,2396539.0
2015-04-10,68.52,68.97,68.09,68.69,2528897.0
2015-04-13,68.78,68.78,68.03,68.34,1818243.0
2015-04-14,68.01,68.87,67.76,68.66,2464421.0
2015-04-15,69.0,70.0,68.6,69.74,2984429.0
2015-04-16,69.72,69.72,69.03,69.43,1645851.0
2015-04-17,68.94,69.11,68.3,69.11,2898818.0
2015-04-20,69.42,69.81,69.27,69.81,2083339.0
2015-04-21,70.0,70.25,69.04,69.35,2352532.0
2015-04-22,69.44,69.54,68.69,69.28,2344589.0
2015-04-23,69.12,69.43,68.8,69.1,2066273.0
2015-04-24,69.36,69.36,68.42,68.58,2079191.0
2015-04-27,68.68,69.62,68.68,69.38,3054761.0
2015-04-28,68.83,69.0,68.12,68.61,4884486.0
2015-04-29,69.38,70.38,68.37,69.54,4259897.0
2015-04-30,68.41,69.41,68.25,68.73,3466875.0
2015-05-01,69.27,70.57,68.95,70.52,3427570.0
2015-05-04,70.55,70.98,70.29,70.8,2789505.0
2015-05-05,71.01,72.76,70.99,71.41,4421996.0
2015-05-06,71.84,71.97,71.11,71.56,2973338.0
2015-05-07,71.58,71.58,70.83,71.25,2412663.0
2015-05-08,72.0,72.29,71.75,72.1,2007605.0
2015-05-11,71.9,72.66,71.9,72.27,1834089.0
2015-05-12,71.92,72.01,71.44,71.94,1637899.0
2015-05-13,72.1,73.26,72.01,72.81,2487622.0
2015-05-14,73.41,73.82,73.12,73.5,2697965.0
2015-05-15,73.36,73.4,72.7,73.32,2877664.0
2015-05-18,73.05,73.62,72.66,73.46,1742700.0
2015-05-19,73.28,73.36,72.41,72.8,1904750.0
2015-05-20,72.91,73.0,72.49,72.77,4437973.0
2015-05-21,72.41,73.61,72.39,73.4,2564563.0
2015-05-22,73.38,73.51,73.09,73.09,1513071.0
2015-05-26,72.8,72.84,71.65,72.01,2429752.0
2015-05-27,72.32,73.13,71.97,72.98,1945230.0
2015-05-28,72.63,72.94,72.11,72.78,1715949.0
2015-05-29,72.81,73.0,71.37,71.59,2449635.0
2015-06-01,71.79,72.07,71.27,71.58,1607220.0
2015-06-02,71.53,72.73,71.49,72.35,1752684.0
2015-06-03,72.71,73.28,72.12,72.87,1776153.0
2015-06-04,72.45,72.49,71.66,72.04,2130703.0
2015-06-05,71.92,72.09,71.46,71.75,1852216.0
2015-06-08,71.67,72.09,71.49,71.66,1558265.0
2015-06-09,71.66,72.11,71.4,71.49,1278567.0
2015-06-10,72.03,72.68,71.94,72.54,1717808.0
2015-06-11,72.88,72.99,72.17,72.57,1299982.0
2015-06-12,72.31,72.48,71.51,71.88,1743139.0
2015-06-15,71.33,71.33,70.53,70.89,1758047.0
2015-06-16,70.62,70.82,69.96,70.44,2344744.0
2015-06-17,70.63,70.69,69.89,70.38,2081475.0
2015-06-18,70.55,71.31,70.48,71.05,1824950.0
2015-06-19,70.88,70.88,70.17,70.2,3068979.0
2015-06-22,70.61,70.76,70.07,70.2,1862036.0
2015-06-23,70.08,70.42,70.0,70.3,1876674.0
2015-06-24,70.05,70.23,69.48,69.59,2138994.0
2015-06-25,69.67,69.83,68.45,68.54,2238811.0
2015-06-26,68.74,68.8,68.1,68.28,2258968.0
2015-06-29,67.75,68.09,66.86,66.93,2231867.0
2015-06-30,67.83,68.14,67.11,67.49,2901122.0
2015-07-01,67.98,68.13,67.39,67.64,2151389.0
2015-07-02,67.76,68.23,67.35,67.41,1966182.0
2015-07-06,66.66,67.45,66.35,66.74,1866614.0
2015-07-07,66.92,66.96,65.27,66.91,3139250.0
2015-07-08,66.41,66.51,65.21,65.41,2026562.0
2015-07-09,66.22,67.72,65.39,65.39,2187273.0
2015-07-10,66.25,66.38,65.43,65.77,1567816.0
2015-07-13,66.28,66.48,65.95,66.41,1795525.0
2015-07-14,66.26,66.61,66.04,66.43,1707518.0
2015-07-15,66.3,66.36,65.42,65.74,2292297.0
2015-07-16,66.33,66.4,65.6,65.98,2096434.0
2015-07-17,65.66,65.97,64.91,65.11,2171743.0
2015-07-20,65.04,65.51,64.95,65.25,1652029.0
2015-07-21,64.98,65.14,63.91,64.01,3424883.0
2015-07-22,63.79,64.2,63.37,63.48,2166309.0
2015-07-23,63.41,63.81,62.87,62.99,3652719.0
2015-07-24,63.0,63.03,60.48,61.15,7003568.0
2015-07-27,60.85,61.23,60.33,60.57,3061179.0
2015-07-28,61.07,61.79,60.68,61.49,3012450.0
2015-07-29,60.05,62.52,59.5,61.8,7306011.0
2015-07-30,60.64,61.28,60.12,61.08,3392335.0
2015-07-31,61.31,61.31,60.51,60.58,3284927.0
2015-08-03,60.45,60.58,59.84,60.26,2755632.0
2015-08-04,60.43,60.71,59.49,59.58,3020546.0
2015-08-05,60.11,60.6,59.5,59.62,3411510.0
2015-08-06,59.88,60.42,59.5,59.98,2527830.0
2015-08-07,59.83,60.29,59.55,59.85,2360746.0
2015-08-10,60.26,61.4,60.15,61.39,2412606.0
2015-08-11,60.65,60.65,59.77,60.11,2573826.0
2015-08-12,59.78,60.41,59.43,60.3,2934090.0
2015-08-13,59.98,60.59,59.7,59.94,1705603.0
2015-08-14,59.6,60.26,59.6,59.96,2079829.0
2015-08-17,59.66,60.43,59.26,60.33,1375447.0
2015-08-18,60.07,60.23,59.74,59.82,2128120.0
2015-08-19,59.36,59.61,58.21,58.65,3257659.0
2015-08-20,58.29,58.61,58.0,58.12,3589344.0
2015-08-21,57.63,58.0,56.69,56.69,4860446.0
2015-08-24,51.77,56.07,49.21,54.32,5894416.0
2015-08-25,56.39,56.39,52.67,52.71,4548420.0
2015-08-26,54.01,54.77,53.14,54.57,4578449.0
2015-08-27,55.25,56.74,55.01,56.63,4134641.0
2015-08-28,56.35,57.45,56.16,57.05,2941042.0
2015-08-31,56.7,57.54,56.13,57.06,2825856.0
2015-09-01,55.75,56.32,54.61,54.9,3625632.0
2015-09-02,55.78,55.79,54.54,55.57,2876203.0
2015-09-03,55.33,56.02,55.04,55.29,3207514.0
2015-09-04,54.49,55.31,54.13,55.05,3367132.0
2015-09-08,55.98,56.81,55.76,56.68,2936009.0
2015-09-09,57.34,57.63,55.87,55.99,2663640.0
2015-09-10,56.13,56.51,55.46,55.86,2353289.0
2015-09-11,55.91,56.16,55.34,55.72,1762216.0
2015-09-14,55.64,55.73,54.55,54.68,4092788.0
2015-09-15,54.71,55.82,54.55,55.74,3404273.0
2015-09-16,55.79,56.65,55.53,56.54,2361711.0
2015-09-17,56.23,56.42,54.91,55.05,4276948.0
2015-09-18,54.3,54.44,52.51,52.93,6713424.0
2015-09-21,53.03,53.49,52.69,53.26,3531732.0
2015-09-22,52.45,53.01,52.15,53.0,3654697.0
2015-09-23,53.06,53.17,52.21,52.36,3649920.0
2015-09-24,51.73,52.32,50.86,52.19,6571305.0
2015-09-25,52.4,52.56,51.62,51.92,6797226.0
2015-09-28,51.48,51.68,49.93,50.05,6826662.0
2015-09-29,50.22,50.85,49.93,50.66,3037711.0
2015-09-30,51.29,51.57,50.75,51.3,3115551.0
2015-10-01,51.44,51.67,50.26,50.58,2897406.0
2015-10-02,49.78,51.41,49.46,51.4,5097474.0
2015-10-05,51.57,53.3,51.5,52.76,3734269.0
2015-10-06,52.9,53.33,52.22,52.58,5221787.0
2015-10-07,53.25,54.72,52.88,54.11,5431652.0
2015-10-08,54.01,55.48,53.9,55.3,3858528.0
2015-10-09,54.8,55.65,54.55,54.82,3011066.0
2015-10-12,54.86,55.0,53.96,54.14,2487198.0
2015-10-13,53.83,54.11,53.45,53.5,2324264.0
2015-10-14,53.4,53.5,52.58,52.75,2918565.0
2015-10-15,52.46,52.61,51.41,52.1,4629122.0
2015-10-16,52.07,52.07,50.68,51.15,6693538.0
2015-10-19,50.75,51.32,50.61,51.27,4334070.0
2015-10-20,51.04,53.07,50.88,52.37,7125199.0
2015-10-21,52.84,53.3,52.4,52.52,3576466.0
2015-10-22,52.73,54.96,52.72,54.35,4617059.0
2015-10-23,54.64,55.34,54.0,54.31,3149937.0
2015-10-26,54.49,54.68,53.69,53.78,2801309.0
2015-10-27,53.31,53.31,51.89,52.75,2995425.0
2015-10-28,52.88,54.23,52.86,54.08,3401759.0
2015-10-29,53.68,54.45,53.68,54.31,3572809.0
2015-10-30,54.31,56.49,54.0,55.91,6814588.0
2015-11-02,55.49,56.97,55.19,56.72,4551384.0
2015-11-03,56.5,57.46,56.4,56.74,3920209.0
2015-11-04,57.01,57.81,56.66,56.74,3953225.0
2015-11-05,56.13,57.41,55.96,57.11,6716465.0
2015-11-06,56.7,57.4,56.46,57.22,5281958.0
2015-11-09,57.23,57.29,56.04,56.36,3946721.0
2015-11-10,55.83,56.44,55.54,56.23,3662226.0
2015-11-11,55.8,56.1,55.4,55.52,4159572.0
2015-11-12,54.92,55.21,54.08,54.19,5800544.0
2015-11-13,54.08,54.77,53.99,54.11,3412119.0
2015-11-16,54.1,55.42,54.04,55.41,2730047.0
2015-11-17,55.6,55.88,55.03,55.44,2918708.0
2015-11-18,55.04,56.95,55.04,56.88,3013061.0
2015-11-19,56.97,56.97,56.15,56.77,4470662.0
2015-11-20,57.03,57.68,56.93,57.59,4651004.0
2015-11-23,57.45,57.78,57.19,57.22,3348971.0
2015-11-24,57.0,57.77,56.55,57.69,3039689.0
2015-11-25,57.61,58.18,57.44,57.95,3150857.0
2015-11-27,57.87,58.18,57.6,58.1,1049154.0
2015-11-30,58.2,58.59,57.98,58.16,3131646.0
2015-12-01,58.35,58.58,58.01,58.45,3103221.0
2015-12-02,58.1,58.47,56.95,57.13,2813060.0
2015-12-03,57.09,57.22,55.15,55.62,5184523.0
2015-12-04,55.74,56.24,55.52,56.05,3244976.0
2015-12-07,55.85,55.88,54.59,54.71,3528882.0
2015-12-08,54.0,54.21,52.81,53.0,5690088.0
2015-12-09,52.86,53.7,52.47,52.67,3593143.0
2015-12-10,52.64,53.05,52.02,52.14,4149376.0
2015-12-11,51.42,51.86,50.66,50.87,5861658.0
2015-12-14,50.71,51.08,49.98,50.38,4203944.0
2015-12-15,50.62,50.9,49.93,50.58,3639349.0
2015-12-16,51.3,52.19,50.97,51.99,4265592.0
2015-12-17,51.93,52.17,50.11,50.13,4468556.0
2015-12-18,50.1,50.51,49.65,49.74,8550015.0
2015-12-21,50.26,50.9,50.1,50.71,5611618.0
2015-12-22,51.0,52.34,50.87,51.81,6189471.0
2015-12-23,52.36,53.5,52.28,53.28,3571680.0
2015-12-24,53.2,53.5,53.01,53.25,985943.0
2015-12-28,53.1,53.21,52.25,52.59,1913364.0
2015-12-29,53.03,53.46,52.71,53.08,2586666.0
2015-12-30,52.89,53.3,52.51,52.59,1842643.0
2015-12-31,52.41,52.79,52.02,52.04,2095886.0
2016-01-04,51.21,52.26,50.77,52.22,3831414.0
2016-01-05,52.22,52.34,51.26,51.85,2102326.0
2016-01-06,50.82,51.29,50.36,50.92,2869020.0
2016-01-07,49.95,50.26,49.38,49.73,4367523.0
2016-01-08,50.05,50.41,49.06,49.17,3411511.0
2016-01-11,49.64,49.81,48.58,49.15,3175968.0
2016-01-12,49.73,50.09,48.85,49.95,3399196.0
2016-01-13,50.11,50.59,48.35,48.43,3551561.0
2016-01-14,48.71,48.71,47.15,48.32,4550801.0
2016-01-15,47.01,48.12,46.98,47.86,4591499.0
2016-01-19,48.6,48.74,47.45,48.09,3355542.0
2016-01-20,47.23,47.95,46.19,47.51,4126140.0
2016-01-21,47.57,48.68,46.78,47.78,3767211.0
2016-01-22,48.87,49.47,47.69,48.51,3436793.0
2016-01-25,48.23,48.56,47.15,47.27,2505855.0
2016-01-26,48.27,49.13,47.46,49.02,3406979.0
2016-01-27,48.99,50.71,48.32,49.44,4581492.0
2016-01-28,50.3,50.7,49.5,50.19,3825820.0
2016-01-29,48.6,50.51,47.75,50.51,8031291.0
2016-02-01,50.04,50.45,49.27,50.22,3903198.0
2016-02-02,49.61,50.08,48.61,49.0,5797628.0
2016-02-03,51.95,52.62,50.31,52.48,7387856.0
2016-02-04,52.47,55.26,52.47,54.36,6098116.0
2016-02-05,53.97,55.25,53.75,54.66,4270921.0
2016-02-08,54.0,55.3,53.14,55.11,6236687.0
2016-02-09,53.76,55.24,53.76,54.48,5233751.0
2016-02-10,54.6,54.96,53.64,53.7,3496537.0
2016-02-11,52.59,53.72,52.35,53.1,4928156.0
2016-02-12,53.91,54.51,53.04,54.2,4027021.0
2016-02-16,54.18,54.91,53.51,54.82,3511453.0
2016-02-17,55.41,56.77,55.1,56.01,3586727.0
2016-02-18,56.16,56.49,55.87,56.2,2727819.0
2016-02-19,55.86,56.15,54.92,56.01,2669660.0
2016-02-22,56.68,57.91,56.58,57.68,4353233.0
2016-02-23,57.4,57.93,56.41,56.55,2522571.0
2016-02-24,55.81,56.92,54.91,56.8,2784622.0
2016-02-25,56.75,57.34,56.09,57.28,2418101.0
2016-02-26,57.54,57.98,57.06,57.27,2385030.0
2016-02-29,57.43,57.76,56.68,56.71,4059249.0
2016-03-01,57.69,58.58,57.04,58.06,3732352.0
2016-03-02,57.91,57.97,57.14,57.95,3066408.0
2016-03-03,57.39,57.85,56.97,57.83,2272009.0
2016-03-04,57.87,58.54,57.26,57.95,2887472.0
2016-03-07,57.77,59.11,57.75,59.02,2580361.0
2016-03-08,58.54,58.54,57.71,57.87,2248791.0
2016-03-09,58.23,58.74,57.86,58.56,2851441.0
2016-03-10,58.65,59.45,58.37,59.41,4580921.0
2016-03-11,59.65,60.63,59.65,60.13,3767758.0
2016-03-14,59.69,60.66,59.5,60.5,2466926.0
2016-03-15,60.03,60.49,59.36,60.45,2460640.0
2016-03-16,60.43,61.07,59.93,60.78,2992880.0
2016-03-17,60.78,63.29,60.78,63.11,4274703.0
2016-03-18,63.31,63.99,62.53,63.47,7865052.0
2016-03-21,63.46,63.76,63.14,63.68,3562233.0
2016-03-22,63.2,63.96,62.84,63.42,3401194.0
2016-03-23,63.26,63.26,62.39,62.48,2905342.0
2016-03-24,61.93,62.4,61.31,62.37,2160172.0
2016-03-28,62.52,62.63,62.01,62.47,1647696.0
2016-03-29,62.0,62.5,61.62,62.37,2488451.0
2016-03-30,62.88,63.17,62.45,62.75,1758630.0
2016-03-31,62.75,62.97,62.26,62.56,2139264.0
2016-04-01,61.89,63.8,61.44,63.66,3007417.0
2016-04-04,62.89,63.33,62.48,62.65,2364521.0
2016-04-05,61.68,61.71,60.22,60.39,6083992.0
2016-04-06,60.27,60.41,58.13,59.55,6787894.0
2016-04-07,59.07,60.2,58.94,59.48,4162304.0
2016-04-08,60.11,60.75,59.78,59.91,2640253.0
2016-04-11,60.16,61.2,60.09,60.62,2430935.0
2016-04-12,60.78,61.78,60.74,61.54,2525443.0
2016-04-13,61.95,63.13,61.73,63.04,2414727.0
2016-04-14,63.31,63.39,62.43,62.58,2107994.0
2016-04-15,62.65,63.26,62.58,62.83,2308564.0
2016-04-18,62.59,62.9,62.2,62.68,1538901.0
2016-04-19,63.44,63.44,62.61,62.77,2124777.0
2016-04-20,62.86,62.95,62.07,62.16,2855088.0
2016-04-21,62.08,62.66,61.83,62.15,2383880.0
2016-04-22,61.9,63.06,61.9,62.99,1903532.0
2016-04-25,62.55,62.88,61.85,62.26,1833492.0
2016-04-26,62.7,63.38,62.65,63.25,2066907.0
2016-04-27,63.33,63.91,63.06,63.83,1829844.0
2016-04-28,63.51,63.98,62.9,63.19,2457610.0
2016-04-29,62.5,63.75,62.32,63.27,3369480.0
2016-05-02,63.48,63.62,62.17,63.46,2722034.0
2016-05-03,63.16,63.5,62.53,63.29,3956861.0
2016-05-04,62.4,62.59,60.45,60.97,3096145.0
2016-05-05,61.13,61.61,60.62,60.98,1891626.0
2016-05-06,60.83,61.38,60.32,61.3,1895871.0
2016-05-09,61.11,61.19,60.31,60.66,1761191.0
2016-05-10,60.78,62.13,60.59,62.1,1567106.0
2016-05-11,62.05,62.64,61.79,62.0,1837541.0
2016-05-12,62.27,62.49,61.67,62.07,1608579.0
2016-05-13,61.92,62.38,60.62,60.87,1693920.0
2016-05-16,61.06,62.12,61.02,61.95,2056820.0
2016-05-17,61.84,62.38,61.09,61.32,1809717.0
2016-05-18,61.08,61.35,59.8,60.1,2202794.0
2016-05-19,59.64,59.74,58.86,59.54,3452133.0
2016-05-20,59.99,60.54,59.5,59.8,3077706.0
2016-05-23,59.67,60.28,59.32,60.05,1692630.0
2016-05-24,60.43,60.63,60.12,60.4,1951921.0
2016-05-25,60.68,61.83,60.58,61.61,2221151.0
2016-05-26,61.54,62.29,61.38,61.52,1527473.0
2016-05-27,61.63,61.92,61.25,61.63,1030147.0
2016-05-31,61.7,62.03,61.17,61.63,1849199.0
2016-06-01,61.22,61.72,60.75,61.65,2083801.0
2016-06-02,61.53,61.78,61.12,61.75,1789289.0
2016-06-03,61.72,61.81,61.01,61.45,1809321.0
2016-06-06,61.74,62.76,61.56,62.67,1620120.0
2016-06-07,62.85,63.36,62.5,62.53,1820063.0
2016-06-08,62.96,63.57,62.91,63.14,1817148.0
2016-06-09,62.66,62.92,62.23,62.77,1197547.0
2016-06-10,62.21,62.35,61.19,61.62,1872178.0
2016-06-13,61.25,61.49,60.6,60.63,2656153.0
2016-06-14,60.46,60.88,59.94,60.44,2619622.0
2016-06-15,60.79,61.14,60.41,60.65,1537468.0
2016-06-16,60.23,60.98,59.62,60.79,1662465.0
2016-06-17,60.9,61.85,60.79,61.62,2472817.0
2016-06-20,62.54,63.25,62.25,62.29,1983507.0
2016-06-21,62.25,62.5,61.46,61.85,1566384.0
2016-06-22,61.88,62.1,61.62,61.76,1661972.0
2016-06-23,62.56,62.82,62.23,62.82,1189635.0
2016-06-24,60.05,60.73,57.92,58.03,5749309.0
2016-06-27,57.28,57.42,55.63,55.76,389820.0
2016-06-28,56.14,57.11,55.85,56.86,4623995.0
2016-06-29,57.73,58.31,57.15,58.09,2720616.0
2016-06-30,58.34,59.73,57.96,59.73,2897578.0
2016-07-01,59.63,60.93,59.63,60.27,2663662.0
2016-07-05,59.66,60.0,58.29,58.72,2490344.0
2016-07-06,58.71,59.46,58.27,59.45,3073660.0
2016-07-07,59.52,60.49,59.48,60.11,2689835.0
2016-07-08,60.72,62.0,60.52,61.92,2001732.0
2016-07-11,62.22,62.72,62.0,62.4,2075325.0
2016-07-12,62.93,64.16,62.53,63.96,2496285.0
2016-07-13,63.98,64.15,63.32,63.87,1960584.0
2016-07-14,63.86,64.71,63.35,63.8,3704591.0
2016-07-15,63.97,64.19,63.54,63.83,2670788.0
2016-07-18,63.57,63.73,63.08,63.49,1860373.0
2016-07-19,63.05,63.52,62.78,63.05,2493088.0
2016-07-20,63.15,63.74,62.67,63.5,1697487.0
2016-07-21,63.6,63.86,62.86,63.21,1594982.0
2016-07-22,63.37,63.44,62.63,63.38,1376972.0
2016-07-25,63.39,63.47,62.93,63.47,1520526.0
2016-07-26,63.47,64.65,63.34,64.57,2305845.0
2016-07-27,64.8,64.85,64.13,64.41,2075684.0
2016-07-28,64.15,64.15,63.53,64.01,1404517.0
2016-07-29,63.91,64.0,63.06,63.41,3157865.0
2016-08-01,63.43,63.94,62.63,63.94,4819276.0
2016-08-02,65.0,65.51,63.91,64.01,5154781.0
2016-08-03,63.51,64.6,63.14,64.24,3161177.0
2016-08-04,64.36,64.9,64.13,64.5,2641189.0
2016-08-05,64.78,65.71,64.61,65.46,2182087.0
2016-08-08,65.72,66.54,65.49,65.83,2780637.0
2016-08-09,66.0,66.47,65.8,65.84,2453218.0
2016-08-10,66.34,66.74,66.06,66.71,2734342.0
2016-08-11,66.9,67.37,66.7,67.33,3085563.0
2016-08-12,67.07,67.46,66.94,67.21,2359043.0
2016-08-15,67.39,68.0,67.33,67.63,1948705.0
2016-08-16,67.54,67.55,67.19,67.27,2044561.0
2016-08-17,67.47,67.7,67.14,67.62,1805357.0
2016-08-18,67.66,67.73,67.37,67.72,1732290.0
2016-08-19,67.3,67.76,67.16,67.66,1854711.0
2016-08-22,67.58,67.87,67.17,67.7,1601068.0
2016-08-23,68.0,68.17,67.64,67.68,1409002.0
2016-08-24,67.59,67.71,67.19,67.3,1506573.0
2016-08-25,67.24,67.58,66.86,67.39,1485136.0
2016-08-26,67.67,68.2,67.06,67.32,1509493.0
2016-08-29,67.28,67.93,67.22,67.71,1105554.0
2016-08-30,67.6,67.75,67.0,67.15,2171746.0
2016-08-31,67.0,67.15,66.26,66.54,2390688.0
2016-09-01,66.66,66.94,65.91,66.92,2041211.0
2016-09-02,67.33,67.66,67.1,67.54,1509518.0
2016-09-06,67.69,67.69,66.36,66.62,1995693.0
2016-09-07,66.71,66.84,66.49,66.74,1470580.0
2016-09-08,66.6,66.66,66.06,66.08,1925652.0
2016-09-09,65.22,65.5,63.55,63.57,3580470.0
2016-09-12,63.11,65.34,62.8,64.99,2699844.0
2016-09-13,64.06,64.24,62.93,63.21,3261160.0
2016-09-14,63.12,63.6,62.72,62.98,2545209.0
2016-09-15,62.9,63.38,62.65,63.09,2954577.0
2016-09-16,62.61,62.63,61.94,62.35,4824833.0
2016-09-19,63.06,63.89,62.75,63.25,1966307.0
2016-09-20,63.8,63.88,62.73,62.74,2406627.0
2016-09-21,62.97,63.77,62.89,63.73,1844604.0
2016-09-22,64.5,64.67,63.87,64.09,2665890.0
2016-09-23,63.95,63.98,63.25,63.31,1402982.0
2016-09-26,63.1,63.44,62.77,62.9,1327347.0
2016-09-27,62.68,63.43,62.23,63.41,1667917.0
2016-09-28,63.69,64.61,63.52,64.57,1856683.0
2016-09-29,64.28,65.09,63.98,64.16,1862322.0
2016-09-30,64.44,66.21,64.43,65.71,3799282.0
2016-10-03,65.48,66.19,65.22,65.87,2555662.0
2016-10-04,66.05,66.25,64.13,64.32,2110609.0
2016-10-05,64.67,65.97,64.64,65.54,2186955.0
2016-10-06,65.5,65.61,64.83,65.5,1389908.0
2016-10-07,65.24,65.24,64.05,64.48,2232550.0
2016-10-10,65.01,65.27,64.0,64.14,2704891.0
2016-10-11,63.87,64.12,62.66,63.12,2933972.0
2016-10-12,63.12,64.45,62.85,64.26,2793749.0
2016-10-13,63.48,63.59,62.62,63.15,2731905.0
2016-10-14,63.55,63.92,63.19,63.3,2034939.0
2016-10-17,63.24,63.36,62.09,63.12,2671938.0
2016-10-18,63.86,63.92,63.16,63.19,1945406.0
2016-10-19,63.3,63.99,62.91,63.68,1935232.0
2016-10-20,63.45,64.14,63.34,63.8,2365808.0
2016-10-21,63.13,63.91,62.89,63.71,2103398.0
2016-10-24,64.16,64.34,62.91,63.37,1848882.0
2016-10-25,63.15,63.59,62.47,63.18,1989193.0
2016-10-26,62.88,64.36,62.7,64.21,1981607.0
2016-10-27,64.05,64.17,61.96,62.29,4973746.0
2016-10-28,62.37,63.29,62.2,62.38,2166804.0
2016-10-31,62.76,63.85,62.64,63.77,4252112.0
2016-11-01,62.76,62.8,60.22,60.7,8389100.0
2016-11-02,60.6,61.32,60.37,60.88,4162555.0
2016-11-03,60.06,60.32,59.07,59.72,4735109.0
2016-11-04,59.91,61.44,59.7,60.76,4583259.0
2016-11-07,62.25,62.6,61.89,62.43,2840641.0
2016-11-08,62.18,63.34,61.95,63.0,3378440.0
2016-11-09,62.59,66.9,62.59,66.32,5690105.0
2016-11-10,66.86,68.95,66.86,68.7,6929344.0
2016-11-11,68.5,68.9,66.6,67.31,5332425.0
2016-11-14,67.37,68.32,66.79,67.06,5693338.0
2016-11-15,66.88,66.93,65.29,65.85,4813175.0
2016-11-16,65.54,65.94,65.25,65.54,3056564.0
2016-11-17,66.15,66.28,64.65,64.79,3355500.0
2016-11-18,64.66,64.75,63.94,64.15,4728419.0
2016-11-21,64.66,65.78,64.62,65.54,4399535.0
2016-11-22,65.76,65.95,64.96,65.58,2131944.0
2016-11-23,65.63,66.61,65.25,66.49,2618631.0
2016-11-25,66.49,66.97,66.49,66.81,920589.0
2016-11-28,66.4,66.62,65.83,65.98,2219282.0
2016-11-29,65.61,66.39,65.35,65.69,2779295.0
2016-11-30,66.26,67.38,66.26,66.51,2426203.0
2016-12-01,66.86,68.19,66.73,67.65,3073649.0
2016-12-02,67.61,68.04,67.09,67.76,2352241.0
2016-12-05,68.03,68.64,67.48,68.01,2252875.0
2016-12-06,67.88,68.59,67.78,68.45,2763321.0
2016-12-07,68.38,69.17,68.23,68.9,3512149.0
2016-12-08,68.78,69.38,68.27,68.98,2099032.0
2016-12-09,69.68,69.79,68.93,69.53,1988048.0
2016-12-12,69.43,70.0,69.35,69.86,2233569.0
2016-12-13,69.72,69.93,68.36,68.85,2814377.0
2016-12-14,68.72,69.22,67.58,67.67,3039631.0
2016-12-15,67.37,67.95,67.04,67.89,2839461.0
2016-12-16,67.92,68.53,67.69,68.06,4108885.0
2016-12-19,68.1,68.47,67.34,67.82,1621836.0
2016-12-20,68.06,68.65,67.85,68.45,2988076.0
2016-12-21,68.23,68.37,67.67,67.82,1574111.0
2016-12-22,67.66,68.33,67.66,68.07,1559149.0
2016-12-23,68.0,68.28,67.75,68.26,757227.0
2016-12-27,68.47,68.61,68.18,68.49,618980.0
2016-12-28,68.53,68.58,67.66,67.7,1219783.0
2016-12-29,67.74,67.99,67.25,67.61,703737.0
2016-12-30,67.74,67.86,66.8,67.09,1262148.0
2017-01-03,67.59,68.58,67.22,68.53,2232124.0
2017-01-04,68.6,68.82,67.85,68.17,1634991.0
2017-01-05,68.06,68.45,66.6,67.35,2394192.0
2017-01-06,67.61,68.46,67.5,68.01,2589968.0
2017-01-09,68.48,68.51,66.86,66.88,2704975.0
2017-01-10,67.21,67.54,66.77,67.21,2214514.0
2017-01-11,66.95,68.49,66.77,68.46,2126430.0
2017-01-12,68.39,68.4,67.15,68.2,1357187.0
2017-01-13,68.36,68.94,68.35,68.66,1264710.0
2017-01-17,68.34,68.36,67.28,67.56,1687134.0
2017-01-18,67.69,68.0,67.4,67.8,1651334.0
2017-01-19,68.13,68.49,67.28,67.73,1431069.0
2017-01-20,68.02,68.5,67.57,67.93,1559863.0
2017-01-23,67.92,68.16,66.98,67.74,1195877.0
2017-01-24,68.05,69.32,67.75,69.17,2044395.0
2017-01-25,69.64,71.27,69.64,71.18,3278098.0
2017-01-26,70.82,71.68,70.33,71.31,2249868.0
2017-01-27,71.13,71.39,70.81,70.95,1899836.0
2017-01-30,71.02,71.02,69.68,70.41,2034843.0
2017-01-31,70.09,70.91,69.47,70.78,3016733.0
2017-02-01,70.97,71.71,70.28,71.31,3919439.0
2017-02-02,70.69,72.0,69.41,70.02,4690674.0
2017-02-03,70.33,70.73,69.61,70.22,2938716.0
2017-02-06,70.11,70.31,69.46,69.98,2548192.0
2017-02-07,70.33,71.1,70.12,70.24,2221414.0
2017-02-08,70.02,70.24,69.45,69.97,2304671.0
2017-02-09,70.04,71.27,70.03,70.79,2204443.0
2017-02-10,71.03,71.17,70.8,71.0,1946099.0
2017-02-13,71.31,72.26,71.31,72.2,2528079.0
2017-02-14,72.0,72.19,71.58,72.01,2083863.0
2017-02-15,72.06,72.28,71.68,72.1,1971821.0
2017-02-16,72.04,72.24,71.23,71.78,2081038.0
2017-02-17,71.54,71.63,70.89,71.63,2355879.0
2017-02-21,71.64,72.15,71.58,71.89,1903539.0
2017-02-22,71.68,72.74,71.52,72.5,2315153.0
2017-02-23,72.82,72.92,71.75,72.12,2237934.0
2017-02-24,71.54,72.39,71.13,72.39,2528808.0
2017-02-27,72.21,72.7,72.12,72.35,2287721.0
2017-02-28,72.35,72.59,71.71,71.98,2504221.0
2017-03-01,72.81,73.86,72.81,73.24,2653565.0
2017-03-02,72.67,72.74,71.78,72.11,2236749.0
2017-03-03,72.23,72.44,71.4,71.93,2024927.0
2017-03-06,71.22,72.12,71.08,71.84,2711697.0
2017-03-07,71.64,72.0,71.44,71.54,1391909.0
2017-03-08,71.6,72.34,71.52,71.83,2008990.0
2017-03-09,71.72,72.12,71.23,71.6,2473155.0
2017-03-10,72.04,72.59,72.0,72.49,2131117.0
2017-03-13,72.67,72.98,72.36,72.75,1648287.0
2017-03-14,72.2,72.32,71.48,71.82,1394811.0
2017-03-15,72.12,74.08,72.02,73.96,2435587.0
2017-03-16,73.74,74.35,73.09,73.35,2412633.0
2017-03-17,73.67,73.84,72.91,73.25,3245317.0
2017-03-20,73.27,73.76,72.87,73.37,1560531.0
2017-03-21,73.58,74.02,71.85,71.99,2315034.0
2017-03-22,71.96,72.82,71.77,72.54,1989134.0
2017-03-23,72.55,73.24,72.25,72.78,1653853.0
2017-03-24,72.81,73.42,72.56,72.84,2612364.0
2017-03-27,72.55,72.97,71.46,72.68,2225399.0
2017-03-28,72.36,73.79,72.08,73.29,1700153.0
2017-03-29,73.53,74.41,73.21,73.94,2492284.0
2017-03-30,73.78,74.53,73.54,74.2,2111070.0
2017-03-31,73.8,74.63,73.67,74.15,2011463.0
2017-04-03,74.32,74.79,73.42,74.16,2813176.0
2017-04-04,74.31,75.08,73.95,74.88,2783431.0
2017-04-05,75.27,76.36,74.34,74.65,2770697.0
2017-04-06,74.84,75.25,74.5,74.73,1592474.0
2017-04-07,74.52,74.93,74.2,74.57,1790941.0
2017-04-10,74.79,76.39,74.62,75.6,2959703.0
2017-04-11,75.31,75.41,74.59,75.39,2105202.0
2017-04-12,75.58,76.0,73.95,74.24,3322174.0
2017-04-13,74.09,74.34,73.51,73.51,1405817.0
2017-04-17,73.86,74.3,73.46,74.28,1372129.0
2017-04-18,73.82,74.66,73.82,74.47,1744042.0
2017-04-19,74.88,75.18,73.51,73.63,2223945.0
2017-04-20,74.03,74.6,73.76,74.03,3645720.0
2017-04-21,74.23,74.45,73.63,73.85,2624756.0
2017-04-24,75.03,75.64,74.68,75.48,2407766.0
2017-04-25,76.07,76.93,75.84,76.52,3026514.0
2017-04-26,76.68,77.39,76.59,76.72,2014489.0
2017-04-27,76.7,77.11,76.26,76.49,2073825.0
2017-04-28,76.46,76.61,75.47,75.64,2351090.0
2017-05-01,75.9,76.49,75.16,76.13,4044217.0
2017-05-02,77.74,79.31,76.37,77.11,4359367.0
2017-05-03,76.39,76.45,75.78,76.33,2748296.0
2017-05-04,76.54,76.6,75.62,75.84,2514459.0
2017-05-05,76.11,76.89,75.9,76.86,2160124.0
2017-05-08,76.8,77.05,76.43,76.78,1686796.0
2017-05-09,76.67,77.0,76.5,76.76,1386652.0
2017-05-10,76.73,77.25,76.57,77.09,1327308.0
2017-05-11,76.79,77.17,76.28,77.03,1828679.0
2017-05-12,76.54,77.11,76.44,76.68,1825674.0
2017-05-15,77.13,77.24,76.72,76.97,1834997.0
2017-05-16,77.37,77.37,76.51,77.24,1478093.0
2017-05-17,76.22,77.07,76.11,76.18,2787163.0
2017-05-18,76.36,76.4,75.11,76.07,2940037.0
2017-05-19,76.44,78.19,76.43,78.01,3131405.0
2017-05-22,78.11,78.45,77.44,77.7,2589342.0
2017-05-23,77.85,77.93,77.33,77.65,2296168.0
2017-05-24,77.63,78.0,77.21,77.57,1303282.0
2017-05-25,77.92,78.27,77.0,77.31,1753182.0
2017-05-26,77.28,77.72,77.1,77.56,1063016.0
2017-05-30,77.47,77.81,77.12,77.72,1023445.0
2017-05-31,77.31,78.4,76.72,77.38,1659446.0
2017-06-01,77.9,78.57,77.26,78.08,1800072.0
2017-06-02,78.2,78.61,77.69,77.88,1868944.0
2017-06-05,77.87,77.92,76.76,76.77,2583218.0
2017-06-06,76.44,76.73,76.08,76.33,1924288.0
2017-06-07,76.5,76.5,74.26,74.95,3520748.0
2017-06-08,74.94,75.61,74.6,75.47,3662940.0
2017-06-09,75.71,75.95,75.27,75.74,2882002.0
2017-06-12,75.83,76.21,75.46,75.77,1706487.0
2017-06-13,75.94,76.3,75.51,76.11,1397505.0
2017-06-14,76.28,76.32,74.84,75.34,2319965.0
2017-06-15,74.46,76.53,74.43,76.14,1946013.0
2017-06-16,76.36,77.05,76.22,76.8,2623751.0
2017-06-19,77.28,78.42,77.24,78.07,2505804.0
2017-06-20,77.67,77.85,77.0,77.06,1796709.0
2017-06-21,77.24,77.37,75.76,75.92,1702935.0
2017-06-22,75.99,76.42,75.71,75.77,1946630.0
2017-06-23,75.84,76.93,75.66,76.88,2995752.0
2017-06-26,77.14,77.61,76.3,76.77,1415651.0
2017-06-27,76.69,76.94,76.15,76.43,1642021.0
2017-06-28,77.0,77.64,76.78,77.44,1608561.0
2017-06-29,77.59,78.0,76.0,76.63,1751105.0
2017-06-30,76.9,78.32,76.86,77.83,1843617.0
2017-07-03,78.37,78.77,77.71,78.35,1386832.0
2017-07-05,78.33,78.86,78.0,78.63,1892701.0
2017-07-06,78.32,78.98,78.26,78.55,1923390.0
2017-07-07,78.55,79.9,78.35,79.36,1934334.0
2017-07-10,79.28,80.83,79.28,80.4,2238511.0
2017-07-11,80.11,80.5,79.47,80.46,1125325.0
2017-07-12,80.99,81.62,80.48,80.53,822164.0
2017-07-13,80.33,80.69,79.94,80.38,726271.0
2017-07-14,80.56,80.84,80.38,80.61,707633.0
2017-07-17,80.53,80.53,80.07,80.21,727501.0
2017-07-18,80.08,80.23,79.64,80.21,769728.0
2017-07-19,80.44,80.6,79.78,80.38,1758258.0
2017-07-20,80.34,80.34,79.53,79.57,830027.0
2017-07-21,79.17,79.33,78.36,78.98,1170356.0
2017-07-24,78.72,79.11,78.48,78.68,1017124.0
2017-07-25,79.05,79.58,78.74,79.32,781389.0
2017-07-26,79.31,79.33,78.51,79.0,822851.0
2017-07-27,79.11,79.18,77.95,78.49,2638713.0
2017-07-28,78.41,78.58,77.62,78.43,810778.0
2017-07-31,78.43,79.08,77.85,78.25,3675626.0
2017-08-01,75.55,75.55,72.16,74.26,5508050.0
2017-08-02,73.38,74.44,73.11,73.88,2428503.0
2017-08-03,73.91,73.95,72.98,73.61,1866902.0
2017-08-04,73.66,74.57,73.61,74.5,1054470.0
2017-08-07,73.81,74.44,73.68,73.98,1300403.0
2017-08-08,73.74,74.3,72.92,72.99,2384287.0
2017-08-09,72.77,73.37,72.66,73.14,3167251.0
2017-08-10,72.89,72.97,71.61,71.65,2704385.0
2017-08-11,71.74,71.92,71.38,71.48,1294693.0
2017-08-14,72.19,72.58,71.82,72.48,2032860.0
2017-08-15,72.44,72.89,72.12,72.31,1973921.0
2017-08-16,72.53,72.94,72.44,72.67,2103335.0
2017-08-17,71.52,72.68,71.47,71.72,4160596.0
2017-08-18,71.62,71.97,71.2,71.2,2261065.0
2017-08-21,71.13,71.39,70.69,71.14,2134123.0
2017-08-22,71.31,72.11,71.2,71.9,2317420.0
2017-08-23,71.43,71.75,71.12,71.21,1182801.0
2017-08-24,71.37,71.37,70.53,70.64,2530326.0
2017-08-25,71.04,71.17,70.58,70.7,1734668.0
2017-08-28,70.98,71.14,70.25,70.44,1319877.0
2017-08-29,70.16,70.7,69.82,70.52,2684823.0
2017-08-30,70.5,71.16,70.49,71.05,2561602.0
2017-08-31,71.45,71.88,71.19,71.76,2252886.0
2017-09-01,72.04,72.15,71.58,71.63,1702567.0
2017-09-05,71.61,71.93,70.73,71.1,2039028.0
2017-09-06,71.57,71.62,71.12,71.33,1700425.0
2017-09-07,71.48,71.52,70.63,71.32,1439251.0
2017-09-08,71.2,72.42,71.09,72.14,1775647.0
2017-09-11,72.69,73.38,72.48,73.35,2186492.0
2017-09-12,73.5,74.65,73.45,74.6,2483067.0
2017-09-13,74.54,74.95,74.2,74.93,2137316.0
2017-09-14,74.76,75.72,74.39,75.62,2480978.0
2017-09-15,75.59,76.98,75.22,76.91,4901320.0
2017-09-18,77.0,78.04,76.53,77.9,2832521.0
2017-09-19,77.74,77.87,76.96,77.03,3215299.0
2017-09-20,77.22,78.21,77.12,77.77,2482011.0
2017-09-21,77.7,78.25,77.66,78.06,1784557.0
2017-09-22,77.99,78.51,77.69,78.1,1624863.0
2017-09-25,78.14,78.23,76.89,77.55,2669637.0
2017-09-26,77.6,77.65,77.02,77.11,1855662.0
2017-09-27,77.44,77.61,76.81,77.12,2015333.0
2017-09-28,76.84,76.97,75.43,76.09,3048055.0
2017-09-29,75.95,76.94,75.72,76.79,2236259.0
2017-10-02,76.95,77.58,76.39,77.54,1755411.0
2017-10-03,77.68,77.76,77.25,77.45,2018126.0
2017-10-04,77.35,78.19,77.01,78.06,2209413.0
2017-10-05,77.96,78.25,77.59,77.8,2032978.0
2017-10-06,77.63,78.22,77.43,77.75,2281192.0
2017-10-09,77.76,78.12,77.31,77.68,1368753.0
2017-10-10,77.96,78.13,77.4,77.98,1612769.0
2017-10-11,77.95,78.67,77.73,78.53,2390582.0
2017-10-12,78.56,79.16,78.31,78.72,2504019.0
2017-10-13,79.12,79.19,78.47,78.53,1942761.0
2017-10-16,78.82,79.31,78.52,79.23,1400456.0
2017-10-17,77.83,78.43,76.6,78.07,3535673.0
2017-10-18,78.16,78.61,77.94,77.97,2249476.0
2017-10-19,77.37,78.19,77.34,78.02,2168542.0
2017-10-20,78.47,79.04,78.19,78.93,2560550.0
2017-10-23,79.03,79.09,78.42,78.48,2196924.0
2017-10-24,78.92,80.14,78.91,79.58,3107856.0
2017-10-25,79.44,79.69,78.33,78.98,2311198.0
2017-10-26,79.5,79.94,79.2,79.5,1642770.0
2017-10-27,79.47,79.99,79.14,79.77,1987626.0
2017-10-30,79.65,80.43,79.18,79.23,3741342.0
2017-10-31,77.94,81.5,77.62,80.02,4955367.0
2017-11-01,80.88,82.34,80.8,81.51,3680458.0
2017-11-02,81.05,81.34,79.33,79.38,3227141.0
2017-11-03,79.15,79.24,77.08,78.1,4477267.0
2017-11-06,78.1,78.64,77.64,78.31,2239793.0
2017-11-07,78.4,78.98,78.16,78.67,1454311.0
2017-11-08,78.41,79.21,77.94,79.05,2281816.0
2017-11-09,78.72,79.49,77.8,77.86,2957064.0
2017-11-10,77.9,78.08,77.48,77.92,1380391.0
2017-11-13,77.7,78.16,77.51,77.94,1393571.0
2017-11-14,77.49,77.67,76.89,76.89,1844785.0
2017-11-15,76.47,76.6,75.6,75.87,2029864.0
2017-11-16,76.14,76.8,76.14,76.44,1824814.0
2017-11-17,75.99,76.0,75.42,75.64,2965255.0
2017-11-20,75.86,75.98,75.5,75.69,2934168.0
2017-11-21,76.09,76.33,75.83,76.3,1802331.0
2017-11-22,76.33,76.67,76.18,76.22,995281.0
2017-11-24,76.37,76.37,75.83,75.92,698922.0
2017-11-27,75.94,76.05,75.53,75.53,1493915.0
2017-11-28,75.67,77.04,75.56,76.85,2029079.0
2017-11-29,77.02,77.29,76.36,76.84,1839554.0
2017-11-30,76.98,77.99,76.92,77.78,2725330.0
2017-12-01,77.99,78.42,76.4,77.7,2263985.0
2017-12-04,78.31,78.61,76.4,76.41,2329218.0
2017-12-05,76.55,76.62,74.94,74.95,3000553.0
2017-12-06,74.94,76.26,74.9,75.79,3000765.0
2017-12-07,75.65,77.47,75.62,77.26,3538475.0
2017-12-08,77.49,77.86,77.01,77.29,2363727.0
2017-12-11,77.34,78.11,77.11,77.77,3755061.0
2017-12-12,77.84,78.45,77.73,77.76,2189309.0
2017-12-13,77.96,78.49,77.54,77.57,2148054.0
2017-12-14,77.67,77.77,76.41,76.44,1719715.0
2017-12-15,76.61,77.78,76.58,77.29,3503663.0
2017-12-18,78.11,78.42,76.98,77.06,2747431.0
2017-12-19,77.27,77.32,76.74,76.86,1930790.0
2017-12-20,77.36,77.54,77.01,77.15,2319027.0
2017-12-21,77.48,78.38,77.16,78.1,2076889.0
2017-12-22,78.28,78.28,77.51,77.51,1362123.0
2017-12-26,77.6,77.71,77.21,77.32,676303.0
2017-12-27,77.4,77.68,77.01,77.42,1135454.0
2017-12-28,77.57,78.19,77.43,78.16,1083189.0
2017-12-29,78.91,79.65,78.56,79.01,3245939.0
2018-01-02,79.23,79.52,77.52,78.86,2814918.0
2018-01-03,79.26,81.67,78.86,81.64,4255893.0
2018-01-04,81.69,81.99,80.46,80.77,3936423.0
2018-01-05,80.88,81.42,80.25,81.39,2398900.0
2018-01-08,81.37,82.3,81.0,82.03,1818233.0
2018-01-09,81.87,82.49,80.31,81.98,2216041.0
2018-01-10,81.67,82.68,81.31,82.47,2127301.0
2018-01-11,82.66,83.99,82.33,83.99,1897871.0
2018-01-12,84.16,84.35,83.47,84.24,2417481.0
2018-01-16,84.44,84.5,82.69,83.35,2198454.0
2018-01-17,83.49,83.99,83.28,83.6,1379432.0
2018-01-18,83.69,84.0,83.02,83.56,2001600.0
2018-01-19,83.9,84.41,83.55,83.95,3215005.0
2018-01-22,83.93,84.42,83.51,84.36,2413427.0
2018-01-23,83.96,85.32,83.83,85.12,2393651.0
2018-01-24,85.6,85.61,84.34,84.5,2862229.0
2018-01-25,85.09,85.67,83.93,85.22,2592225.0
2018-01-26,85.5,86.51,85.04,86.49,1863270.0
2018-01-29,86.21,86.82,85.37,85.59,1883793.0
2018-01-30,84.91,85.63,84.33,84.74,2478757.0
2018-01-31,85.33,85.53,83.43,83.97,2901044.0
2018-02-01,86.93,89.85,86.65,87.86,6112747.0
2018-02-02,87.12,87.4,84.9,85.09,6100278.0
2018-02-05,85.67,85.68,81.58,81.58,5528363.0
2018-02-06,80.24,83.28,79.5,82.68,4994543.0
2018-02-07,82.32,84.38,81.59,81.62,3908996.0
2018-02-08,81.81,82.31,79.4,79.41,3150932.0
2018-02-09,80.7,81.6,78.99,80.77,4925807.0
2018-02-12,81.45,82.57,81.24,82.02,2789839.0
2018-02-13,81.46,82.14,80.98,81.83,1332524.0
2018-02-14,81.24,82.86,81.02,82.67,2399575.0
2018-02-15,83.11,83.42,81.78,82.76,1516624.0
2018-02-16,82.66,83.91,82.2,82.79,2200193.0
2018-02-20,82.43,83.04,81.45,81.71,3344556.0
2018-02-21,81.72,82.65,81.26,81.56,2219257.0
2018-02-22,82.03,82.65,81.68,81.88,1778941.0
2018-02-23,82.5,82.66,81.57,82.22,2204900.0
2018-02-26,82.36,82.55,81.54,82.28,2855451.0
2018-02-27,82.19,83.1,81.93,81.96,2514839.0
2018-02-28,82.16,82.51,80.68,80.7,2323493.0
2018-03-01,81.1,81.71,79.21,79.59,3527381.0
2018-03-02,79.16,80.09,78.39,79.7,3251021.0
2018-03-05,79.18,80.32,78.4,80.22,2983457.0
2018-03-06,80.79,80.97,79.72,80.94,2658735.0
2018-03-07,79.99,81.19,79.77,81.03,2741702.0
2018-03-08,81.93,81.96,80.49,81.14,5636039.0
2018-03-09,81.07,83.16,80.71,83.14,3155007.0
2018-03-12,83.09,83.24,81.21,81.53,3666118.0
2018-03-13,81.71,82.67,81.14,81.28,2869572.0
2018-03-14,81.89,81.92,79.96,80.09,2395910.0
2018-03-15,80.25,80.68,79.88,80.27,2840689.0
2018-03-16,80.43,81.3,80.23,80.98,4651868.0
2018-03-19,80.75,80.99,79.82,80.46,1709062.0
2018-03-20,80.7,81.87,80.5,81.16,1783183.0
2018-03-21,81.33,82.1,80.93,81.48,1847279.0
2018-03-22,80.64,81.36,79.28,79.43,2650354.0
2018-03-23,79.68,80.12,78.09,78.18,3332249.0
2018-03-26,80.18,81.43,79.51,81.1,4143089.0
2018-03-27,81.24,81.6,79.2,79.71,3678024.0
2018-03-28,79.81,79.87,78.57,79.05,2858409.0
2018-03-29,79.61,80.65,79.25,79.91,2902710.0
2018-04-02,79.47,79.63,76.51,77.69,2401543.0
2018-04-03,78.0,78.28,76.39,77.86,4515385.0
2018-04-04,76.48,78.67,76.14,78.58,3064081.0
2018-04-05,79.32,79.52,78.62,79.25,2434620.0
2018-04-06,78.35,78.92,75.66,75.97,4025877.0
2018-04-09,76.72,77.17,75.78,75.93,2921956.0
2018-04-10,77.9,78.45,77.41,77.59,2786342.0
2018-04-11,76.9,77.51,76.62,77.17,2279930.0
2018-04-12,77.5,78.06,77.36,77.44,3177046.0
2018-04-13,78.06,78.34,76.98,77.26,3313384.0
2018-04-16,77.89,78.14,77.25,77.45,3675910.0
2018-04-17,78.23,78.72,77.83,77.95,2536280.0
2018-04-18,78.42,79.4,78.11,79.19,2337716.0
2018-04-19,79.15,79.67,78.56,79.15,3317107.0
2018-04-20,79.32,79.6,78.47,79.06,2259388.0
2018-04-23,79.24,79.63,78.33,78.53,2085935.0
2018-04-24,79.12,79.51,74.71,75.93,3012983.0
2018-04-25,75.74,76.93,74.81,76.73,2744168.0
2018-04-26,76.69,76.84,75.0,75.91,3276460.0
2018-04-27,75.65,76.23,75.26,76.15,3401889.0
2018-04-30,76.2,76.58,75.03,75.03,3824731.0
2018-05-01,74.38,74.68,72.35,73.86,6034210.0
2018-05-02,73.51,74.26,72.63,72.82,4617956.0
2018-05-03,71.92,73.56,71.62,73.07,4229462.0
2018-05-04,72.56,75.3,72.31,74.87,3872138.0
2018-05-07,75.01,75.07,74.08,74.7,6020077.0
2018-05-08,74.8,74.99,74.29,74.82,3044136.0
2018-05-09,75.11,75.72,74.72,75.66,1596061.0
2018-05-10,75.82,76.58,75.45,76.45,2775146.0
2018-05-11,76.45,77.32,76.06,76.47,2188845.0
2018-05-14,76.76,76.95,76.27,76.58,2042274.0
2018-05-15,76.18,76.81,76.03,76.73,2588226.0
2018-05-16,76.71,77.89,76.61,77.33,2174777.0
2018-05-17,77.24,78.05,77.12,77.67,1607115.0
2018-05-18,78.52,79.05,78.43,78.59,2587510.0
2018-05-21,79.18,80.27,79.07,79.89,3375538.0
2018-05-22,80.1,80.5,79.11,79.16,1734103.0
2018-05-23,78.72,79.1,78.3,79.0,2805642.0
2018-05-24,78.98,79.43,78.0,78.91,3276757.0
2018-05-25,78.36,78.64,77.85,78.27,1688394.0
2018-05-29,77.48,77.61,76.24,76.94,2014584.0
2018-05-30,77.44,78.21,77.08,77.91,1575400.0
2018-05-31,78.21,78.21,76.31,76.58,2802323.0
2018-06-01,77.22,77.45,76.84,76.9,2043571.0
2018-06-04,77.25,77.68,76.78,76.97,2188772.0
2018-06-05,77.27,79.58,77.19,79.45,5141375.0
2018-06-06,79.81,80.28,79.0,80.28,3051580.0
2018-06-07,80.38,80.59,79.91,80.34,2362166.0
2018-06-08,80.08,80.4,79.74,80.35,1681497.0
2018-06-11,80.42,80.94,79.96,80.81,2111545.0
2018-06-12,80.84,81.18,80.14,80.41,2133638.0
2018-06-13,80.46,80.63,80.01,80.05,2598648.0
2018-06-14,80.21,80.53,79.08,79.28,1620671.0
2018-06-15,78.93,79.26,77.94,79.25,3580963.0
2018-06-18,78.51,79.28,78.17,79.23,2707871.0
2018-06-19,78.33,78.33,77.53,78.21,2510923.0
2018-06-20,78.67,78.76,77.73,77.94,1722951.0
2018-06-21,77.64,77.64,76.15,76.36,4231675.0
2018-06-22,77.03,77.26,76.5,76.59,2433622.0
2018-06-25,76.34,76.69,75.43,75.94,3283873.0
2018-06-26,76.13,76.39,75.41,75.51,2615118.0
2018-06-27,75.86,76.84,75.25,75.26,3630630.0
2018-06-28,75.22,75.5,73.48,74.44,5594906.0
2018-06-29,74.87,75.6,74.64,74.74,3533811.0
2018-07-02,74.19,75.09,74.11,74.93,2660116.0
2018-07-03,75.78,76.66,75.28,75.45,1378089.0
2018-07-05,75.84,76.0,75.15,75.84,1565231.0
2018-07-06,75.69,76.35,75.22,76.02,1736956.0
2018-07-09,76.15,77.82,76.07,77.8,1565434.0
2018-07-10,78.57,78.66,77.88,78.31,2027429.0
2018-07-11,77.47,77.47,75.44,75.76,2856038.0
2018-07-12,77.04,77.73,76.09,76.87,1875879.0
2018-07-13,76.64,77.8,76.54,77.76,1431933.0
2018-07-16,77.94,77.96,77.14,77.34,1975667.0
2018-07-17,77.12,78.04,76.96,77.82,2431713.0
2018-07-18,77.92,78.96,77.74,78.37,1944278.0
2018-07-19,77.9,78.35,77.58,78.21,2152556.0
2018-07-20,77.8,78.01,77.43,77.64,2212528.0
2018-07-23,77.62,77.78,76.7,76.87,3315936.0
2018-07-24,77.68,78.42,77.09,77.45,3754351.0
2018-07-25,77.36,79.08,77.13,78.98,3133580.0
2018-07-26,78.94,80.3,78.94,79.96,3256365.0
2018-07-27,80.12,80.91,79.96,80.57,2096747.0
2018-07-30,81.0,81.49,79.69,79.86,2812988.0
2018-07-31,80.2,83.55,80.13,83.17,4753375.0
2018-08-01,83.22,83.63,82.32,82.37,3613784.0
2018-08-02,81.23,81.7,80.78,81.17,2317120.0
2018-08-03,81.31,81.74,80.74,81.57,1861934.0
2018-08-06,81.72,81.9,81.08,81.19,1830838.0
2018-08-07,81.35,82.82,81.34,82.58,2823822.0
2018-08-08,82.5,82.62,81.7,81.91,1499870.0
2018-08-09,81.91,82.61,81.47,81.71,2096122.0
2018-08-10,81.16,81.24,80.26,80.55,2144474.0
2018-08-13,81.52,81.52,79.87,80.12,3273732.0
2018-08-14,80.27,80.65,79.83,80.14,2878820.0
2018-08-15,79.4,79.74,78.75,79.63,2158247.0
2018-08-16,80.22,80.99,80.18,80.51,2360406.0
2018-08-17,80.61,81.19,80.31,81.0,1664291.0
2018-08-20,81.27,81.85,81.15,81.35,1741685.0
2018-08-21,81.44,82.37,81.38,82.03,2936637.0
2018-08-22,81.93,81.99,81.17,81.49,2307564.0
2018-08-23,81.35,81.66,80.47,80.92,1846619.0
2018-08-24,81.35,81.71,80.96,81.68,1139190.0
2018-08-27,82.0,83.18,81.84,83.09,2144715.0
2018-08-28,83.42,83.88,83.35,83.57,2764039.0
2018-08-29,83.54,83.84,83.07,83.57,2092740.0
2018-08-30,83.28,83.48,82.71,82.83,1418538.0
2018-08-31,82.55,83.25,82.54,83.14,1887870.0
2018-09-04,83.09,83.13,81.91,82.77,2861363.0
2018-09-05,82.62,84.66,82.41,84.56,2506629.0
2018-09-06,84.55,84.92,84.21,84.67,1631200.0
2018-09-07,84.39,84.39,83.24,83.81,3133368.0
2018-09-10,84.56,85.68,84.56,85.25,2214062.0
2018-09-11,84.86,85.49,84.35,85.06,2259912.0
2018-09-12,85.1,86.17,84.69,85.97,2872944.0
2018-09-13,86.43,87.33,86.3,86.7,2016115.0
2018-09-14,86.9,87.41,86.57,87.15,1544145.0
2018-09-17,87.16,87.64,86.85,87.13,2562776.0
2018-09-18,87.24,87.53,86.03,86.93,2353783.0
2018-09-19,87.17,88.35,86.9,88.01,1798270.0
2018-09-20,88.51,88.84,87.21,88.32,2787593.0
2018-09-21,87.71,89.46,87.31,88.5,3942706.0
2018-09-24,88.25,88.39,87.17,87.45,2157911.0
2018-09-25,87.73,87.8,86.87,87.15,2542108.0
2018-09-26,87.34,87.76,86.79,86.91,2315855.0
2018-09-27,87.33,87.33,86.55,86.76,1694125.0
2018-09-28,86.85,87.09,86.45,86.73,2304862.0
2018-10-01,87.47,87.71,86.79,87.45,1960149.0
2018-10-02,87.45,87.93,87.19,87.85,1903311.0
2018-10-03,88.27,89.02,87.39,87.72,2880624.0
2018-10-04,87.56,88.57,86.98,87.7,1936865.0
2018-10-05,87.81,88.21,86.31,86.67,2365642.0
2018-10-08,86.43,86.84,85.54,86.67,1750730.0
2018-10-09,86.46,86.74,84.75,84.93,3364506.0
2018-10-10,84.72,84.84,81.69,81.75,3974141.0
2018-10-11,81.69,82.09,79.26,79.53,3285528.0
2018-10-12,81.2,81.71,78.69,79.77,3586774.0
2018-10-15,79.8,80.04,79.04,79.16,2135733.0
2018-10-16,79.76,80.35,79.2,80.26,1911529.0
2018-10-17,80.73,80.74,78.89,79.81,1805997.0
2018-10-18,79.21,79.68,77.88,78.38,1952295.0
2018-10-19,78.22,78.72,77.08,77.29,2107489.0
2018-10-22,77.57,77.94,76.48,76.56,3526529.0
2018-10-23,74.57,74.77,73.23,73.51,4793039.0
2018-10-24,73.51,73.85,70.2,70.39,4325811.0
2018-10-25,71.23,72.79,70.85,72.2,4193501.0
2018-10-26,71.37,72.95,70.58,72.01,4471557.0
2018-10-29,73.45,73.68,69.97,71.03,3191469.0
2018-10-30,68.43,70.88,67.7,70.35,7648224.0
2018-10-31,71.36,73.12,71.15,71.67,5767055.0
2018-11-01,71.79,74.11,71.27,73.75,3604592.0
2018-11-02,74.42,74.58,72.89,73.24,3366551.0
2018-11-05,73.64,74.28,73.28,73.75,3648809.0
2018-11-06,73.57,75.35,73.5,75.28,2898007.0
2018-11-07,75.95,76.16,74.67,75.42,3514279.0
2018-11-08,75.13,75.68,73.85,74.24,4239845.0
2018-11-09,73.67,74.05,72.75,73.43,3027381.0
2018-11-12,73.5,73.61,72.4,72.51,2161220.0
2018-11-13,72.52,73.8,72.01,72.31,2402909.0
2018-11-14,72.97,73.92,71.9,72.36,2843510.0
2018-11-15,72.0,74.33,71.64,73.98,2648742.0
2018-11-16,73.64,74.53,73.43,74.24,2379912.0
2018-11-19,73.93,74.48,73.07,73.48,1910975.0
2018-11-20,72.66,73.32,72.34,72.95,2043339.0
2018-11-21,73.35,74.77,73.05,74.08,3035878.0
2018-11-23,73.37,74.82,73.37,74.09,1260616.0
2018-11-26,74.91,75.56,74.29,75.09,2784424.0
2018-11-27,74.58,75.41,74.26,75.35,2316108.0
2018-11-28,75.63,76.63,74.4,76.57,2207755.0
2018-11-29,76.3,76.69,75.59,76.01,1716421.0
2018-11-30,75.57,77.0,75.25,76.94,3137777.0
2018-12-03,78.76,79.17,77.32,78.01,2002190.0
2018-12-04,77.99,78.2,74.84,74.99,2632937.0
2018-12-06,73.5,73.5,71.17,73.29,3912985.0
2018-12-07,73.42,74.39,70.98,71.25,3322199.0
2018-12-10,71.19,71.67,69.45,71.33,2213625.0
2018-12-11,72.8,72.87,70.5,70.92,1597222.0
2018-12-12,72.02,72.4,71.06,71.11,2304465.0
2018-12-13,71.57,71.75,70.39,70.8,2180720.0
2018-12-14,70.03,71.25,69.93,70.58,2818643.0
2018-12-17,70.39,70.79,68.7,69.18,3079459.0
2018-12-18,69.88,70.14,68.3,68.88,3025725.0
2018-12-19,68.94,70.12,67.45,68.01,4465377.0
2018-12-20,67.59,68.57,66.46,67.11,3872965.0
2018-12-21,67.25,68.69,66.19,66.37,5798116.0
2018-12-24,65.94,66.23,64.57,64.86,2060681.0
2018-12-26,65.32,67.82,64.46,67.79,2643359.0
2018-12-27,66.66,68.73,66.27,68.73,3272017.0
2018-12-28,69.25,69.26,68.04,68.24,2190647.0
2018-12-31,68.52,68.83,67.98,68.66,2281298.0
2019-01-02,67.72,68.96,67.6,68.61,2766642.0
2019-01-03,68.24,68.24,66.22,66.63,2803541.0
2019-01-04,67.7,68.54,67.0,68.53,3801814.0
2019-01-07,68.75,69.63,68.16,68.73,2342327.0
2019-01-08,69.33,69.75,67.75,68.18,4316477.0
2019-01-09,68.95,69.6,68.85,69.06,3184028.0
2019-01-10,68.59,70.35,68.44,70.19,2261588.0
2019-01-11,69.63,70.37,69.63,70.22,1676694.0
2019-01-14,69.73,70.53,69.27,70.38,1858832.0
2019-01-15,70.54,70.54,69.22,69.88,1814904.0
2019-01-16,69.8,70.36,69.73,70.1,1791899.0
2019-01-17,69.58,71.31,69.58,70.97,1440268.0
2019-01-18,71.44,72.54,71.26,71.87,2472316.0
2019-01-22,71.45,71.45,69.71,70.44,4081907.0
2019-01-23,70.54,70.8,69.55,70.15,2593435.0
2019-01-24,70.13,70.63,69.86,70.16,2997543.0
2019-01-25,71.0,71.42,70.75,71.07,2733605.0
2019-01-28,69.8,69.84,67.97,69.11,4635729.0
2019-01-29,69.85,71.25,69.44,71.11,3605170.0
2019-01-30,72.0,73.04,70.95,72.88,3652045.0
2019-01-31,75.21,76.52,74.46,76.25,6272221.0
2019-02-01,76.29,76.58,75.27,76.48,4160913.0
2019-02-04,76.73,77.15,76.01,77.1,2862348.0
2019-02-05,77.11,77.21,76.5,77.15,2496960.0
2019-02-06,76.44,77.46,76.44,76.94,2474973.0
2019-02-07,76.63,77.13,75.7,76.36,2465912.0
2019-02-08,75.86,76.09,75.12,75.83,1903422.0
2019-02-11,75.89,75.98,75.33,75.63,1785406.0
2019-02-12,76.15,76.84,76.05,76.67,2658156.0
2019-02-13,77.07,77.83,76.86,77.67,2120469.0
2019-02-14,77.14,77.84,76.68,77.2,1898646.0
2019-02-15,77.97,78.81,77.78,78.73,2233251.0
2019-02-19,78.31,79.02,78.05,78.8,2001054.0
2019-02-20,78.97,79.78,78.77,79.72,2320534.0
2019-02-21,79.62,79.81,79.14,79.69,1935325.0
2019-02-22,80.0,80.87,79.75,80.79,2584225.0
2019-02-25,81.51,81.51,80.71,80.92,2233675.0
2019-02-26,80.54,81.2,80.45,80.49,1560231.0
2019-02-27,80.38,80.68,79.7,80.64,2082711.0
2019-02-28,80.66,80.69,79.7,79.77,2560096.0
2019-03-01,81.25,81.36,79.04,80.23,4037808.0
2019-03-04,81.27,82.08,80.2,81.3,4052905.0
2019-03-05,81.15,81.44,80.68,80.8,3225489.0
2019-03-06,80.73,81.34,80.54,80.95,3900056.0
2019-03-07,80.12,80.12,78.74,79.93,2853473.0
2019-03-08,78.86,79.7,78.76,79.38,2249571.0
2019-03-11,79.2,80.37,79.15,80.31,2394204.0
2019-03-12,81.09,81.1,80.14,80.36,3430085.0
2019-03-13,80.71,81.19,80.28,80.59,2225115.0
2019-03-14,80.43,81.2,79.93,80.99,2476705.0
2019-03-15,80.94,81.42,80.43,80.58,4940006.0
2019-03-18,80.82,82.25,80.75,82.1,2971374.0
2019-03-19,82.59,82.84,81.83,82.22,2232100.0
2019-03-20,82.15,82.15,80.88,81.23,3261880.0
2019-03-21,80.81,82.3,80.78,82.01,1891152.0
2019-03-22,81.51,81.71,78.86,79.02,3797737.0
2019-03-25,79.0,79.56,78.62,78.96,2801538.0
2019-03-26,79.75,79.92,79.08,79.52,2062365.0
2019-03-27,79.54,80.06,78.95,79.37,2136244.0
2019-03-28,79.85,80.35,79.23,79.86,1766960.0
2019-03-29,80.65,80.67,80.25,80.56,2173130.0
2019-04-01,81.56,82.39,81.26,82.24,2124575.0
2019-04-02,82.49,82.94,82.13,82.64,1699229.0
2019-04-03,83.15,83.67,82.47,82.87,2080344.0
2019-04-04,82.24,83.24,82.24,83.18,1917440.0
2019-04-05,83.29,83.68,83.1,83.25,1542861.0
2019-04-08,83.0,83.69,82.52,83.68,1417887.0
2019-04-09,83.23,83.23,82.23,82.35,1984002.0
2019-04-10,82.44,82.75,81.98,82.42,1407836.0
2019-04-11,82.74,83.18,82.5,82.98,1349733.0
2019-04-12,83.59,83.9,83.08,83.88,1510381.0
2019-04-15,83.88,84.0,83.27,83.61,876514.0
2019-04-16,84.0,84.24,83.56,84.15,1821965.0
2019-04-17,84.73,85.25,84.14,84.43,1685111.0
2019-04-18,84.93,85.49,84.75,85.21,1637652.0
2019-04-22,84.68,85.07,84.45,84.94,1222940.0
2019-04-23,84.8,86.08,84.73,85.59,2058896.0
2019-04-24,85.44,85.87,85.21,85.34,1569452.0
2019-04-25,84.48,84.77,83.64,83.8,1598952.0
2019-04-26,83.96,84.02,83.07,83.77,2454819.0
2019-04-29,84.2,84.47,83.56,83.99,2426546.0
2019-04-30,82.49,83.52,80.68,82.82,4759304.0
2019-05-01,83.27,84.2,81.83,81.91,3525704.0
2019-05-02,81.17,82.05,80.77,81.42,3072196.0
2019-05-03,81.82,82.82,81.79,82.8,1982157.0
2019-05-06,81.53,82.3,80.76,82.04,1828528.0
2019-05-07,80.94,81.24,80.42,81.03,2654559.0
2019-05-08,80.88,81.69,80.76,80.96,2822535.0
2019-05-09,80.16,81.09,79.83,80.96,1957776.0
2019-05-10,80.77,81.83,79.43,81.49,1833169.0
2019-05-13,79.63,79.95,78.22,78.5,2729577.0
2019-05-14,78.88,79.65,78.7,79.15,1853536.0
2019-05-15,78.66,79.86,78.42,79.54,1315265.0
2019-05-16,79.74,80.31,79.51,80.01,1419904.0
2019-05-17,79.11,79.9,78.63,78.75,1607844.0
2019-05-20,78.12,78.82,77.92,78.42,1332813.0
2019-05-21,78.97,80.15,78.91,79.92,2048087.0
2019-05-22,79.52,79.81,78.86,78.93,1915369.0
2019-05-23,78.03,78.06,76.71,77.03,2019995.0
2019-05-24,77.65,77.85,77.03,77.39,1661496.0
2019-05-28,77.36,77.56,76.12,76.19,1958125.0
2019-05-29,75.75,76.35,75.21,75.59,2337907.0
2019-05-30,75.71,76.32,75.54,75.85,1265669.0
2019-05-31,74.87,74.87,74.29,74.49,1840079.0
2019-06-03,74.57,76.0,74.42,75.38,2132067.0
2019-06-04,76.27,78.04,76.06,77.77,2419007.0
2019-06-05,78.47,78.71,77.55,78.22,1747553.0
2019-06-06,78.64,78.78,77.59,78.3,1626301.0
2019-06-07,78.91,79.39,78.71,79.08,1739401.0
2019-06-10,79.54,80.12,79.11,79.32,1424034.0
2019-06-11,80.0,80.56,79.03,79.21,1724896.0
2019-06-12,79.11,79.26,78.34,78.67,1328193.0
2019-06-13,79.27,79.4,78.63,79.29,1487103.0
2019-06-14,78.76,79.08,77.74,78.37,1380736.0
2019-06-17,78.2,78.47,77.46,77.64,1315718.0
2019-06-18,78.12,79.76,78.08,79.47,1732125.0
2019-06-19,79.77,80.23,79.39,79.95,2498589.0
2019-06-20,81.4,82.92,81.17,82.64,4201206.0
2019-06-21,82.86,83.74,82.23,83.22,4828412.0
2019-06-24,82.92,83.31,81.85,82.27,2754815.0
2019-06-25,82.37,82.67,81.94,82.08,3184227.0
2019-06-26,82.35,82.89,82.16,82.63,1859221.0
2019-06-27,82.83,83.39,81.94,82.72,2214748.0
2019-06-28,82.87,83.48,82.72,83.28,3083492.0
2019-07-01,84.55,84.7,82.9,83.18,2302309.0
2019-07-02,82.88,82.88,80.99,81.74,2848247.0
2019-07-03,81.75,82.37,81.33,82.32,1081957.0
2019-07-05,81.66,81.84,80.48,81.81,1322678.0
2019-07-08,81.22,82.22,80.86,81.26,1338957.0
2019-07-09,80.6,80.83,79.91,80.25,3711829.0
2019-07-10,80.59,81.06,78.98,79.04,2177502.0
2019-07-11,79.29,79.34,78.24,79.15,2869207.0
2019-07-12,79.62,81.55,79.3,81.21,2058519.0
2019-07-15,81.22,81.41,80.32,80.69,1988365.0
2019-07-16,80.61,81.41,80.2,81.15,2163109.0
2019-07-17,81.05,81.14,79.32,79.35,1705905.0
2019-07-18,79.27,79.43,78.7,79.06,2721557.0
2019-07-19,79.63,80.48,79.38,79.86,2380447.0
2019-07-22,80.04,80.48,79.46,79.56,1699543.0
2019-07-23,80.13,81.87,79.65,81.81,2702594.0
2019-07-24,81.23,82.86,80.91,82.73,2009948.0
2019-07-25,82.56,82.76,81.57,81.98,2180741.0
2019-07-26,81.62,82.1,81.13,81.57,1783683.0
2019-07-29,81.45,81.65,80.67,81.07,2472496.0
2019-07-30,80.59,83.94,79.74,83.12,3136758.0
2019-07-31,83.08,83.38,81.33,82.19,4566390.0
2019-08-01,81.23,82.84,79.68,79.97,3124955.0
2019-08-02,79.57,80.03,78.98,79.3,2683498.0
2019-08-05,77.91,78.03,76.45,76.83,3098480.0
2019-08-06,78.28,79.08,77.1,78.89,2404304.0
2019-08-07,77.72,78.46,76.33,78.09,3220373.0
2019-08-08,78.71,80.02,78.71,79.76,1879044.0
2019-08-09,79.3,79.71,78.26,79.03,2388272.0
2019-08-12,78.55,78.84,77.77,77.95,2286192.0
2019-08-13,78.02,80.37,77.62,79.41,2349375.0
2019-08-14,77.6,77.94,74.95,75.19,5155737.0
2019-08-15,75.28,76.07,74.86,75.91,2479580.0
2019-08-16,76.37,77.68,76.3,77.32,1655170.0
2019-08-19,78.91,79.36,78.44,79.14,2158611.0
2019-08-20,79.0,79.0,77.98,78.16,1610006.0
2019-08-21,79.26,79.3,78.26,78.65,1483029.0
2019-08-22,78.98,79.08,77.73,78.37,1631546.0
2019-08-23,77.89,78.17,76.09,76.59,4322767.0
2019-08-26,77.16,77.4,76.05,76.83,1670046.0
2019-08-27,77.43,77.43,76.49,76.86,1853964.0
2019-08-28,76.5,77.99,76.12,77.87,1346992.0
2019-08-29,78.95,79.78,78.8,79.64,1646946.0
2019-08-30,80.44,81.28,80.29,80.72,2715656.0
2019-09-03,79.52,79.6,77.62,78.49,3527639.0
2019-09-04,79.3,79.76,78.92,79.17,1660066.0
2019-09-05,80.43,82.42,80.28,81.95,2243561.0
2019-09-06,81.98,83.49,81.71,83.25,1983946.0
2019-09-09,83.82,84.93,83.49,84.85,2055230.0
2019-09-10,85.0,86.86,85.0,86.84,3290339.0
2019-09-11,86.89,88.07,85.82,88.03,1999277.0
2019-09-12,88.01,88.1,86.7,87.3,2330262.0
2019-09-13,87.91,89.07,87.14,87.47,3175581.0
2019-09-16,86.97,86.99,85.86,86.46,1563449.0
2019-09-17,85.54,86.21,85.05,86.1,1505426.0
2019-09-18,85.43,85.86,84.05,84.98,2536323.0
2019-09-19,85.34,85.72,84.38,84.51,1852438.0
2019-09-20,84.8,85.31,83.49,83.57,3064339.0
2019-09-23,82.97,84.43,82.71,83.91,2369888.0
2019-09-24,84.14,84.29,81.8,82.32,2809617.0
2019-09-25,82.04,83.18,81.8,82.67,2387928.0
2019-09-26,82.63,82.83,82.0,82.49,1909156.0
2019-09-27,82.89,83.29,81.78,83.01,1503838.0
2019-09-30,83.35,83.56,82.77,83.15,1752265.0
2019-10-01,83.92,84.05,80.41,80.8,1814674.0
2019-10-02,79.68,79.68,76.86,77.76,2873482.0
2019-10-03,77.57,78.65,76.43,78.47,1568340.0
2019-10-04,78.54,79.42,78.43,79.32,1539115.0
2019-10-07,79.13,79.55,78.09,78.3,1945454.0
2019-10-08,77.38,77.39,76.2,76.25,1767936.0
2019-10-09,76.69,77.67,76.11,77.39,2226021.0
2019-10-10,77.65,79.2,77.5,78.6,1893632.0
2019-10-11,80.22,82.81,80.1,81.36,2721018.0
2019-10-14,80.91,81.27,80.4,80.86,1596832.0
2019-10-15,80.88,82.49,80.1,82.12,1922209.0
2019-10-16,80.81,82.87,80.81,81.07,2594545.0
2019-10-17,81.8,82.52,81.04,81.41,4792472.0
2019-10-18,81.47,82.91,81.39,82.56,1981762.0
2019-10-21,83.0,84.04,82.97,83.5,1875339.0
2019-10-22,83.71,85.16,83.18,84.72,1669828.0
2019-10-23,84.75,84.92,84.02,84.66,1548970.0
2019-10-24,84.99,85.17,83.87,84.25,1548111.0
2019-10-25,84.85,85.91,84.27,85.62,2083355.0
2019-10-28,86.48,87.63,86.48,87.22,3246473.0
2019-10-29,86.49,89.45,85.63,88.96,3551829.0
2019-10-30,88.98,88.98,87.22,88.25,2326978.0
2019-10-31,87.41,87.54,85.93,87.11,1953389.0
2019-11-01,87.61,88.64,86.89,88.61,2250102.0
2019-11-04,89.5,91.2,89.19,91.16,2523106.0
2019-11-05,90.87,91.65,89.89,90.64,2242135.0
2019-11-06,90.75,91.22,90.01,91.2,2097445.0
2019-11-07,91.89,92.15,90.68,90.9,1885910.0
2019-11-08,90.67,92.37,90.46,92.22,1980978.0
2019-11-11,90.98,92.0,90.98,91.88,1110042.0
2019-11-12,91.6,92.96,91.54,92.35,3600215.0
2019-11-13,91.48,91.85,90.57,90.78,2133281.0
2019-11-14,90.61,91.18,90.49,90.89,1166761.0
2019-11-15,91.7,92.16,91.36,91.79,1914045.0
2019-11-18,90.91,91.67,90.2,90.73,2306795.0
2019-11-19,90.73,90.86,89.87,90.21,2873828.0
2019-11-20,89.9,90.23,89.15,89.82,1855726.0
2019-11-21,89.98,90.19,89.36,90.16,1609934.0
2019-11-22,90.68,91.07,90.25,90.74,1652302.0
2019-11-25,91.37,92.53,90.71,92.15,3961101.0
2019-11-26,91.96,92.77,91.7,92.7,2510594.0
2019-11-27,92.67,93.12,91.84,93.0,1477475.0
2019-11-29,92.97,92.97,92.29,92.5,1032413.0
2019-12-02,92.98,93.38,91.94,91.98,2387774.0
2019-12-03,90.96,91.79,90.35,91.4,2908555.0
2019-12-04,90.86,92.64,90.86,91.12,2832583.0
2019-12-05,91.92,91.98,90.93,91.86,2982763.0
2019-12-06,93.34,93.76,92.57,93.08,1562251.0
2019-12-09,92.91,93.05,92.51,92.76,3380134.0
2019-12-10,92.76,93.37,92.18,92.68,1574133.0
2019-12-11,93.09,93.5,92.16,93.39,2134956.0
2019-12-12,93.5,94.64,93.07,94.45,2735221.0
2019-12-13,94.19,94.96,93.21,93.6,1844921.0
2019-12-16,94.05,94.83,93.9,94.08,1891479.0
2019-12-17,94.67,94.96,94.15,94.23,1693617.0
2019-12-18,94.21,94.48,93.44,94.43,2008363.0
2019-12-19,94.52,94.75,93.87,94.24,3083386.0
2019-12-20,94.99,95.46,94.08,94.4,5245705.0
2019-12-23,94.72,95.28,94.16,95.13,2332399.0
2019-12-24,95.36,95.36,94.3,94.48,664210.0
2019-12-26,94.66,95.05,94.26,95.04,1264601.0
2019-12-27,95.34,95.39,94.83,94.99,1004303.0
2019-12-30,94.95,95.48,94.56,94.93,1451864.0
2019-12-31,94.78,95.29,94.41,94.72,1461939.0
2020-01-02,95.24,95.88,94.24,95.87,2203938.0
2020-01-03,94.23,95.24,93.71,95.16,1557897.0
2020-01-06,94.54,95.43,94.27,95.34,3665159.0
2020-01-07,94.16,95.0,94.01,94.84,2632362.0
2020-01-08,94.84,95.56,94.65,95.13,2480492.0
2020-01-09,95.61,95.64,94.82,95.19,2736940.0
2020-01-10,95.52,95.61,94.7,94.98,2213033.0
2020-01-13,94.63,95.03,94.25,94.86,1638280.0
2020-01-14,95.05,95.19,93.99,94.1,2349912.0
2020-01-15,93.55,94.29,93.34,93.9,2653192.0
2020-01-16,94.71,94.84,93.98,94.82,1677013.0
2020-01-17,94.79,95.95,94.62,95.68,2978620.0
2020-01-21,95.35,95.49,94.32,94.52,3505271.0
2020-01-22,98.32,99.82,96.59,97.16,5604149.0
2020-01-23,96.33,97.97,95.41,97.9,3081270.0
2020-01-24,98.26,98.31,96.43,96.84,2626023.0
2020-01-27,94.86,95.15,93.96,94.64,2194436.0
2020-01-28,94.84,97.02,94.68,96.27,3394249.0
2020-01-29,96.87,97.48,96.12,96.87,2108130.0
2020-01-30,95.62,97.41,95.49,97.23,2680516.0
2020-01-31,96.38,96.86,94.03,94.47,4701832.0
2020-02-03,95.06,96.81,94.95,95.49,2745651.0
2020-02-04,97.97,101.54,97.86,100.91,4735385.0
2020-02-05,102.32,103.21,101.68,102.34,3339436.0
2020-02-06,103.5,103.5,101.86,102.48,2507867.0
2020-02-07,101.9,102.94,101.13,101.96,3063989.0
2020-02-10,101.84,102.93,101.5,102.91,2039630.0
2020-02-11,103.42,104.39,103.01,103.53,2481266.0
2020-02-12,104.5,104.97,103.8,104.03,2006249.0
2020-02-13,103.41,103.98,102.82,102.89,2059513.0
2020-02-14,102.96,103.6,102.51,103.55,1991932.0
2020-02-18,104.03,104.64,103.52,104.47,2298410.0
2020-02-19,104.5,104.98,104.16,104.31,1873054.0
2020-02-20,104.26,105.78,104.1,105.1,1755692.0
2020-02-21,104.23,105.14,103.81,104.93,2465728.0
2020-02-24,101.67,102.65,101.12,101.65,4178141.0
2020-02-25,101.95,102.46,98.1,98.21,4140859.0
2020-02-26,98.89,99.74,96.58,96.58,4108627.0
2020-02-27,94.34,96.63,92.63,93.24,5546358.0
2020-02-28,90.82,92.1,89.08,90.72,6790079.0
2020-03-02,91.5,95.75,91.01,95.68,5188931.0
2020-03-03,96.27,99.26,92.49,92.85,5114596.0
2020-03-04,94.71,98.2,94.43,98.12,4268982.0
2020-03-05,94.92,96.4,93.32,93.66,3980361.0
2020-03-06,90.31,93.93,90.08,92.77,4760047.0
2020-03-09,85.09,86.47,78.0,83.13,5205877.0
2020-03-10,86.23,89.52,84.63,89.06,4973962.0
2020-03-11,86.41,87.5,83.11,84.37,4422864.0
2020-03-12,78.25,80.49,75.01,75.92,5814852.0
2020-03-13,80.82,87.04,78.19,85.56,5712266.0
2020-03-16,75.81,81.28,74.87,75.32,4825509.0
2020-03-17,76.9,77.98,70.28,73.74,5774007.0
2020-03-18,68.13,69.44,58.72,68.82,5784857.0
2020-03-19,67.52,72.68,62.1,72.45,4599012.0
2020-03-20,73.86,73.86,64.47,64.93,4540884.0
2020-03-23,63.83,64.31,56.42,57.77,6097249.0
2020-03-24,61.64,72.41,61.17,71.21,5155932.0
2020-03-25,72.09,79.31,69.41,74.6,5259105.0
2020-03-26,76.29,78.96,73.82,78.25,3073456.0
2020-03-27,73.03,76.51,71.92,74.54,2621388.0
2020-03-30,74.42,78.71,74.0,78.32,2873415.0
2020-03-31,77.67,79.04,75.87,77.69,5641240.0
2020-04-01,72.57,74.03,71.13,73.14,3769692.0
2020-04-02,72.44,75.09,71.58,73.59,3162497.0
2020-04-03,74.12,74.12,70.34,71.25,2606693.0
2020-04-06,75.21,77.89,75.13,77.4,3109271.0
2020-04-07,81.17,82.25,75.94,76.16,3372098.0
2020-04-08,77.24,80.7,76.13,80.14,3272812.0
2020-04-09,80.69,84.83,80.5,81.44,4472118.0
2020-04-13,79.4,79.93,76.74,78.39,2238205.0
2020-04-14,80.51,81.24,78.68,79.84,1943416.0
2020-04-15,77.76,78.01,75.39,75.74,2040536.0
2020-04-16,75.6,76.24,74.35,75.82,2960974.0
2020-04-17,78.58,80.88,78.12,79.26,2450924.0
2020-04-20,77.53,79.45,76.71,77.89,2181204.0
2020-04-21,76.71,77.86,75.8,76.91,2400334.0
2020-04-22,78.92,79.68,77.5,77.65,2639352.0
2020-04-23,78.78,80.29,78.03,78.15,2289281.0
2020-04-24,78.98,79.38,77.7,78.86,2085053.0
2020-04-27,79.29,83.23,79.29,82.54,1992281.0
2020-04-28,84.53,85.45,82.63,83.1,2249204.0
2020-04-29,84.99,86.77,84.3,85.78,2563586.0
2020-04-30,85.31,85.49,82.67,83.5,3597945.0
2020-05-01,82.0,82.89,79.87,82.07,2505796.0
2020-05-04,80.47,81.14,78.09,79.32,2839853.0
2020-05-05,81.05,82.36,80.5,80.8,2260095.0
2020-05-06,80.77,81.65,79.92,79.92,1825490.0
2020-05-07,81.26,81.57,79.87,80.26,2219287.0
2020-05-08,81.5,82.4,81.09,82.25,1555139.0
2020-05-11,81.44,81.79,80.19,81.08,1786775.0
2020-05-12,81.47,82.09,77.27,77.46,1996443.0
2020-05-13,76.43,76.6,73.06,73.87,2336713.0
2020-05-14,71.91,74.99,70.54,74.91,2734043.0
2020-05-15,74.22,75.22,73.12,73.71,2661181.0
2020-05-18,77.0,79.0,76.64,78.27,1916472.0
2020-05-19,77.77,78.46,76.26,76.34,2356168.0
2020-05-20,77.68,78.62,76.56,77.93,1905104.0
2020-05-21,77.64,78.67,77.47,78.29,2130067.0
2020-05-22,78.41,78.75,77.06,78.67,1784379.0
2020-05-26,80.23,82.45,80.17,81.92,2683100.0
2020-05-27,84.28,86.47,83.91,86.28,3191019.0
2020-05-28,86.96,87.1,84.64,85.13,3491155.0
2020-05-29,84.31,85.16,83.06,84.9,3361668.0
2020-06-01,84.67,85.36,84.18,84.66,1584138.0
2020-06-02,85.14,85.62,84.24,85.62,1741342.0
2020-06-03,86.9,89.55,86.65,89.33,1819516.0
2020-06-04,88.47,92.04,87.94,91.99,3069596.0
2020-06-05,96.59,98.46,95.16,95.43,3398101.0
2020-06-08,94.76,96.31,94.66,95.67,2574156.0
2020-06-09,93.87,96.49,93.25,95.42,2260669.0
2020-06-10,95.0,95.42,91.98,91.98,2023642.0
2020-06-11,88.16,88.42,84.97,85.13,2069804.0
2020-06-12,88.45,88.66,83.95,86.01,1788060.0
2020-06-15,83.33,87.86,82.98,86.69,2651619.0
2020-06-16,90.01,90.97,87.25,88.94,2000571.0
2020-06-17,89.63,89.63,87.66,88.84,2027450.0
2020-06-18,88.1,88.83,87.16,87.53,1932044.0
2020-06-19,89.48,89.48,86.8,89.34,6551268.0
2020-06-22,88.75,88.75,86.43,87.08,2600267.0
2020-06-23,88.0,88.21,87.09,87.12,1841403.0
2020-06-24,86.31,86.45,83.88,84.01,2500893.0
2020-06-25,83.57,85.64,82.44,85.47,2502301.0
2020-06-26,85.24,85.96,84.67,85.5,3696068.0
2020-06-29,86.34,87.74,85.75,86.91,1690803.0
2020-06-30,86.47,87.93,86.12,87.48,1910093.0
2020-07-01,87.91,88.3,86.54,87.1,2183173.0
2020-07-02,88.72,89.98,88.09,88.24,1587747.0
2020-07-06,89.82,90.15,88.19,88.88,1516411.0
2020-07-07,88.37,88.58,87.12,87.4,1499633.0
2020-07-08,87.62,88.38,86.54,87.34,1561777.0
2020-07-09,87.1,87.52,85.05,85.64,2132438.0
2020-07-10,85.86,86.5,84.87,86.44,1380131.0
2020-07-13,87.01,89.17,86.63,87.43,1557049.0
2020-07-14,87.52,90.98,86.75,90.67,2221703.0
2020-07-15,92.3,93.84,91.26,93.4,2711575.0
2020-07-16,92.94,94.74,92.55,93.56,1397144.0
2020-07-17,94.14,95.25,93.63,94.57,1791671.0
2020-07-20,94.05,94.16,92.43,92.78,1419165.0
2020-07-21,93.4,94.6,93.0,93.56,1303372.0
2020-07-22,93.16,94.42,93.12,93.97,903887.0
2020-07-23,94.03,94.34,93.38,93.83,1200441.0
2020-07-24,93.97,94.5,93.05,93.61,1004114.0
2020-07-27,93.38,95.4,92.58,95.23,1265121.0
2020-07-28,94.76,95.18,93.3,93.34,1374036.0
2020-07-29,95.55,97.53,93.84,96.89,1964093.0
2020-07-30,95.3,95.3,93.39,94.46,1396255.0
2020-07-31,94.14,94.17,91.72,93.13,1664194.0
2020-08-03,93.82,95.49,93.26,94.87,1278546.0
2020-08-04,94.19,94.8,93.26,94.65,945629.0
2020-08-05,95.43,96.8,95.3,96.34,1355713.0
2020-08-06,96.17,96.77,95.54,96.51,960680.0
2020-08-07,96.71,97.85,95.96,97.76,1139960.0
2020-08-10,97.92,99.96,97.58,99.76,1574474.0
2020-08-11,100.28,103.73,100.28,102.18,2442787.0
2020-08-12,103.43,103.45,102.11,102.55,2671218.0
2020-08-13,101.11,101.92,100.61,101.43,1803229.0
2020-08-14,100.48,101.84,100.35,100.89,1192240.0
2020-08-17,101.27,102.2,100.31,100.9,1513145.0
2020-08-18,100.69,101.36,100.05,100.71,1205295.0
2020-08-19,100.34,101.51,99.53,100.48,1365747.0
2020-08-20,99.34,100.19,99.06,99.47,1209740.0
2020-08-21,99.58,101.19,99.32,100.59,1658149.0
2020-08-24,101.39,102.89,100.76,102.88,1595761.0
2020-08-25,103.6,103.82,101.82,102.82,1250067.0
2020-08-26,102.44,102.82,101.32,102.4,1127353.0
2020-08-27,102.88,103.26,101.47,102.09,947961.0
2020-08-28,102.49,103.57,101.51,103.51,1049714.0
2020-08-31,103.07,103.5,101.76,102.1,1690130.0
2020-09-01,101.75,103.52,101.32,103.43,1256948.0
2020-09-02,103.5,106.07,103.08,105.57,1393762.0
2020-09-03,105.5,105.84,101.5,102.15,3002817.0
2020-09-04,103.87,104.55,101.81,102.58,1545524.0
2020-09-08,101.59,102.18,99.87,100.48,1450901.0
2020-09-09,101.76,103.7,101.2,102.56,1346318.0
2020-09-10,103.0,103.98,100.64,101.0,1299285.0
2020-09-11,101.66,103.41,101.08,102.52,1049887.0
2020-09-14,103.31,103.92,102.63,103.18,1686231.0
2020-09-15,103.89,104.56,102.79,102.88,1490022.0
2020-09-16,103.68,105.39,103.0,104.39,1897510.0
2020-09-17,103.31,105.47,102.09,105.01,1384766.0
2020-09-18,104.77,105.89,103.08,103.4,2613141.0
2020-09-21,101.07,101.52,96.24,97.38,2353575.0
2020-09-22,97.57,99.56,97.02,99.31,1730477.0
2020-09-23,99.19,101.05,98.68,98.78,1981012.0
2020-09-24,98.48,100.77,98.05,99.65,1859484.0
2020-09-25,98.51,100.75,98.4,99.96,1605452.0
2020-09-28,101.53,103.52,101.2,102.34,1599663.0
2020-09-29,102.49,102.49,100.87,101.18,1077602.0
2020-09-30,101.71,103.65,100.95,102.03,1664804.0
2020-10-01,102.71,103.21,99.66,100.59,1355864.0
2020-10-02,99.13,104.21,98.99,102.65,1923951.0
2020-10-05,103.88,105.47,103.6,105.09,1467376.0
2020-10-06,105.31,106.79,104.33,104.44,1330595.0
2020-10-07,105.79,107.13,105.46,106.95,1481608.0
2020-10-08,107.29,107.92,106.23,107.48,1009244.0
2020-10-09,108.46,109.2,107.3,107.53,1512418.0
2020-10-12,108.61,109.63,108.0,108.21,1196298.0
2020-10-13,107.69,108.53,106.87,107.6,1547898.0
2020-10-14,107.89,109.46,107.66,108.19,826512.0
2020-10-15,106.97,108.7,106.64,108.63,955667.0
2020-10-16,109.36,111.19,108.81,109.26,1520184.0
2020-10-19,109.46,109.86,107.33,107.89,1207703.0
2020-10-20,108.6,110.65,108.12,108.74,1069802.0
2020-10-21,108.31,110.06,108.24,108.28,985650.0
2020-10-22,108.74,110.45,108.74,109.88,1199741.0
2020-10-23,110.8,111.65,109.7,109.81,1088648.0
2020-10-26,108.25,108.71,105.77,107.42,1330086.0
2020-10-27,107.43,107.71,105.18,105.42,943272.0
2020-10-28,103.14,104.91,101.84,102.31,1446598.0
2020-10-29,101.79,105.15,101.52,104.22,1148447.0
2020-10-30,103.86,104.68,102.28,103.79,1494490.0
2020-11-02,105.76,107.71,105.25,107.34,2226910.0
2020-11-03,109.26,111.99,106.92,111.25,2345031.0
2020-11-04,110.2,110.2,104.34,105.9,2874912.0
2020-11-05,107.78,110.49,107.37,109.81,1975800.0
2020-11-06,109.84,111.18,109.25,109.96,1212459.0
2020-11-09,116.12,119.48,113.42,113.5,2959828.0
2020-11-10,113.66,115.82,113.23,114.86,1992565.0
2020-11-11,116.99,117.0,113.2,114.07,2120709.0
2020-11-12,113.61,114.16,112.37,113.32,1159167.0
2020-11-13,114.0,115.24,113.49,114.45,1679595.0
2020-11-16,116.8,117.91,114.67,117.5,1913599.0
2020-11-17,116.19,116.91,114.45,116.07,1307617.0
2020-11-18,116.14,118.05,115.66,116.75,1282111.0
2020-11-19,117.58,118.93,114.91,118.12,2244538.0
2020-11-20,118.23,118.72,117.01,117.4,2182322.0
2020-11-23,118.3,120.34,118.06,120.26,2330185.0
2020-11-24,121.58,123.67,120.69,123.25,2709113.0
2020-11-25,122.64,122.64,120.71,122.19,1774226.0
2020-11-27,122.7,122.85,121.26,121.9,1039853.0
2020-11-30,121.8,122.15,120.01,121.11,3567106.0
2020-12-01,122.58,123.43,120.61,120.7,2483226.0
2020-12-02,119.61,120.99,117.99,118.92,2101199.0
2020-12-03,118.79,119.44,116.4,116.73,3257231.0
2020-12-04,116.94,119.66,116.94,118.82,1490767.0
2020-12-07,118.45,118.59,116.97,117.4,1310403.0
2020-12-08,116.83,118.54,116.27,117.86,1617962.0
2020-12-09,118.42,118.99,116.8,117.89,1511153.0
2020-12-10,117.13,117.13,114.77,115.15,1401479.0
2020-12-11,114.31,115.97,114.1,115.6,1279415.0
2020-12-14,115.97,116.47,113.83,113.84,1771650.0
2020-12-15,115.06,117.13,113.79,116.54,1983600.0
2020-12-16,116.6,116.69,115.07,115.37,1610573.0
2020-12-17,115.81,116.14,114.13,115.29,1794732.0
2020-12-18,115.03,116.48,114.3,116.08,4499221.0
2020-12-21,115.18,117.55,113.95,116.98,2548516.0
2020-12-22,117.18,117.63,115.72,116.61,1552777.0
2020-12-23,117.51,118.66,116.98,117.02,1109358.0
2020-12-24,117.2,118.08,116.01,118.07,362213.0
2020-12-28,119.07,119.96,117.66,117.72,1075481.0
2020-12-29,118.24,118.53,116.04,117.16,874309.0
2020-12-30,117.87,119.6,117.55,119.3,1288411.0
2020-12-31,119.27,120.4,118.73,120.14,1056873.0
2021-01-04,120.3,121.58,117.87,118.75,1947789.0
2021-01-05,118.32,120.54,118.18,120.01,1217420.0
2021-01-06,122.31,128.36,122.16,126.45,3083004.0
2021-01-07,127.79,130.0,126.43,129.09,2585346.0
2021-01-08,129.28,129.9,125.14,126.88,2695628.0
2021-01-11,125.2,127.77,125.13,126.96,1490239.0
2021-01-12,126.99,128.61,126.16,128.34,1479967.0
2021-01-13,127.91,128.34,125.3,125.41,2344135.0
2021-01-14,126.23,126.6,124.19,124.62,4047729.0
2021-01-15,122.88,123.4,121.0,123.17,2590518.0
2021-01-19,124.5,126.96,124.01,125.5,2144502.0
2021-01-20,125.55,126.49,124.36,125.98,1698637.0
2021-01-21,125.93,126.87,124.9,125.13,1348540.0
2021-01-22,124.43,125.22,122.93,124.43,1405702.0
2021-01-25,123.96,124.23,121.29,121.82,1598960.0
2021-01-26,122.53,122.61,120.5,120.74,1140763.0
2021-01-27,118.68,118.91,114.01,114.86,2062196.0
2021-01-28,115.92,119.71,115.52,118.29,1537357.0
2021-01-29,117.83,121.75,116.74,117.7,2444790.0
2021-02-01,119.0,122.17,118.33,121.54,3054736.0
2021-02-02,121.75,123.43,118.66,120.44,4882987.0
2021-02-03,120.89,121.55,119.0,119.54,2133231.0
2021-02-04,119.74,120.89,119.01,120.54,2184182.0
2021-02-05,122.04,122.69,120.06,121.94,1983024.0
2021-02-08,122.7,123.03,119.42,120.22,2548191.0
2021-02-09,120.45,120.61,118.6,119.83,1857658.0
2021-02-10,121.59,122.79,120.87,121.76,2988453.0
2021-02-11,122.34,123.98,121.46,123.53,2285849.0
2021-02-12,122.59,124.2,122.32,123.98,1586775.0
2021-02-16,126.0,126.37,124.95,125.0,2167913.0
2021-02-17,123.3,125.34,123.3,125.03,1302913.0
2021-02-18,124.24,125.73,124.11,125.19,1513392.0
2021-02-19,126.37,128.66,126.03,127.8,2662222.0
2021-02-22,127.22,131.72,126.7,130.85,2533163.0
2021-02-23,130.77,131.5,127.4,130.86,2963779.0
2021-02-24,131.31,133.92,131.03,132.68,3035379.0
2021-02-25,132.8,133.57,129.69,130.16,2635746.0
2021-02-26,130.48,132.04,128.58,130.19,2539119.0
2021-03-01,132.01,135.84,131.3,134.24,2858060.0
2021-03-02,134.26,134.92,133.34,133.97,1936485.0
2021-03-03,137.04,138.18,135.02,135.53,3316145.0
2021-03-04,134.46,136.55,131.46,134.45,2390915.0
2021-03-05,136.34,137.92,132.21,137.39,2381991.0
2021-03-08,138.69,141.05,137.6,139.44,2174633.0
2021-03-09,139.9,139.9,136.2,136.25,2805009.0
2021-03-10,136.78,140.35,136.22,139.25,2313655.0
2021-03-11,139.58,141.37,138.96,139.21,1844942.0
2021-03-12,140.32,141.0,139.46,140.77,1759504.0
2021-03-15,137.89,139.59,136.56,139.55,3192149.0
2021-03-16,139.55,139.55,135.82,136.83,2427111.0
2021-03-17,137.3,138.53,136.06,138.0,2594030.0
2021-03-18,138.2,139.76,136.68,136.96,2707571.0
2021-03-19,136.64,136.68,133.18,133.26,12545649.0
2021-03-22,133.47,135.34,132.24,134.86,2805093.0
2021-03-23,133.92,135.88,132.33,132.93,1851306.0
2021-03-24,134.01,136.19,133.85,134.45,2195606.0
2021-03-25,133.73,136.46,131.86,135.82,1511706.0
2021-03-26,136.97,138.86,136.31,138.69,1988339.0
2021-03-29,138.0,139.6,137.76,138.55,2399463.0
2021-03-30,138.58,140.18,138.46,139.66,2058599.0
2021-03-31,140.06,141.29,138.25,138.28,2338219.0
2021-04-01,139.03,139.78,137.96,139.49,2379395.0
2021-04-05,141.39,143.24,140.43,142.36,2039079.0
2021-04-06,142.17,143.29,140.87,141.12,1393304.0
2021-04-07,140.71,141.49,139.67,140.38,1882552.0
2021-04-08,139.98,140.56,138.78,139.9,1743311.0
2021-04-09,140.7,141.05,139.04,140.45,2430789.0
2021-04-12,140.2,141.6,140.2,141.29,1438041.0
2021-04-13,140.5,140.77,138.35,139.8,1536042.0
2021-04-14,139.85,141.24,139.71,140.24,1552207.0
2021-04-15,140.87,141.22,139.91,140.8,1619894.0
2021-04-16,142.46,143.09,140.41,141.15,1369999.0
2021-04-19,141.4,141.4,140.01,140.78,1259251.0
2021-04-20,140.02,140.28,137.56,138.46,1503744.0
2021-04-21,138.53,141.59,138.2,141.51,1432751.0
2021-04-22,142.14,142.57,140.9,141.4,2295004.0
2021-04-23,141.89,143.68,141.33,142.97,1652423.0
2021-04-26,143.33,144.55,143.07,143.37,1288369.0
2021-04-27,143.37,145.01,142.52,144.59,1874926.0
2021-04-28,144.13,145.89,143.8,144.53,1570109.0
2021-04-29,145.91,145.95,143.6,145.02,1602675.0
2021-04-30,143.91,144.42,142.66,142.93,1489756.0
2021-05-03,144.93,145.37,143.08,144.36,1548664.0
2021-05-04,143.19,145.09,141.23,144.67,3727652.0
2021-05-05,145.31,146.5,143.22,145.48,2688110.0
2021-05-06,145.75,146.5,144.59,146.44,1901050.0
2021-05-07,145.65,148.34,144.46,147.52,1593294.0
2021-05-10,148.04,149.38,147.39,147.42,1452669.0
2021-05-11,146.52,146.92,144.38,145.76,1636255.0
2021-05-12,145.02,146.09,143.3,143.69,3123338.0
2021-05-13,142.61,146.79,142.61,145.8,2040071.0
2021-05-14,146.71,148.63,146.31,148.16,1512774.0
2021-05-17,147.67,148.65,146.8,147.43,1466798.0
2021-05-18,147.3,147.42,144.27,144.33,1267421.0
2021-05-19,142.18,143.16,140.52,142.76,1950554.0
2021-05-20,143.39,143.81,141.88,143.63,2279161.0
2021-05-21,144.63,145.56,142.77,143.43,1790863.0
2021-05-24,144.62,144.62,142.64,143.64,1341074.0
2021-05-25,143.64,144.67,142.29,142.81,1685335.0
2021-05-26,143.2,143.69,142.12,142.98,1170402.0
2021-05-27,144.44,145.41,144.07,144.59,3082455.0
2021-05-28,145.27,145.53,144.28,145.25,1539505.0
2021-06-01,146.98,147.25,145.6,146.29,1321055.0
2021-06-02,146.2,146.89,145.41,145.97,1545876.0
2021-06-03,145.74,147.06,144.56,146.42,1277346.0
2021-06-04,146.91,148.85,146.91,148.51,1616973.0
2021-06-07,148.85,149.05,145.86,146.85,1820472.0
2021-06-08,146.81,147.96,145.33,147.12,1327491.0
2021-06-09,146.88,147.31,145.83,146.41,978325.0
2021-06-10,147.13,147.72,145.97,146.82,1648059.0
2021-06-11,147.01,148.12,145.62,146.63,997931.0
2021-06-14,146.45,146.69,144.88,146.0,1318350.0
2021-06-15,146.29,147.87,145.37,147.85,1475941.0
2021-06-16,147.74,148.67,145.7,146.37,1590450.0
2021-06-17,146.22,146.42,140.91,142.62,2517795.0
2021-06-18,140.57,141.43,139.12,139.26,3066903.0
2021-06-21,140.47,143.6,140.41,143.04,1488934.0
2021-06-22,142.94,143.92,141.78,142.83,1487761.0
2021-06-23,143.19,145.59,142.97,144.41,1962420.0
2021-06-24,145.28,146.08,144.29,145.65,1291555.0
2021-06-25,146.16,147.5,146.08,146.69,1469648.0
2021-06-28,146.95,146.95,144.78,146.5,1170641.0
2021-06-29,147.35,147.98,146.43,146.49,1433483.0
2021-06-30,146.1,148.49,145.79,148.18,1597431.0
2021-07-01,149.88,150.71,149.35,150.17,2246292.0
2021-07-02,150.01,151.45,149.39,151.4,1187276.0
2021-07-06,151.25,151.25,147.37,149.7,1633065.0
2021-07-07,149.49,152.27,149.47,152.18,1409362.0
2021-07-08,150.0,151.8,149.52,150.57,1856101.0
2021-07-09,152.33,154.3,152.24,153.56,1479466.0
2021-07-12,152.96,155.25,152.33,155.07,1764631.0
2021-07-13,154.6,155.31,153.77,154.04,1644254.0
2021-07-14,154.73,155.67,148.31,153.4,3902550.0
2021-07-15,152.22,154.54,152.18,153.87,1278237.0
2021-07-16,154.81,155.25,152.61,152.74,1636260.0
2021-07-19,150.53,150.53,146.99,149.19,1872834.0
2021-07-20,150.33,154.42,149.11,154.09,1744937.0
2021-07-21,154.96,156.64,154.75,155.63,1555654.0
2021-07-22,156.07,156.23,154.9,156.05,1313154.0
2021-07-23,156.86,157.34,155.85,156.73,1105793.0
2021-07-26,156.48,157.64,155.34,156.03,1708364.0
2021-07-27,155.12,157.23,154.3,156.14,1326628.0
2021-07-28,156.36,156.93,154.76,155.46,1890670.0
2021-07-29,156.64,158.11,155.93,157.71,1224796.0
2021-07-30,157.43,158.69,157.04,158.05,1501955.0
2021-08-02,158.59,159.96,156.49,156.49,1372388.0
2021-08-03,159.6,163.29,158.89,162.81,2420875.0
2021-08-04,163.07,164.27,161.69,161.83,1571933.0
2021-08-05,163.01,163.66,161.09,161.92,1280740.0
2021-08-06,163.0,163.73,162.04,162.89,1059967.0
2021-08-09,162.21,163.79,161.63,163.29,1181218.0
2021-08-10,164.05,167.53,163.9,167.35,2058504.0
2021-08-11,168.04,168.88,166.39,166.91,1476170.0
2021-08-12,165.84,167.35,165.04,167.17,1711903.0
2021-08-13,166.85,167.93,166.23,167.62,1717277.0
2021-08-16,167.31,168.9,166.34,168.51,1181701.0
2021-08-17,167.62,167.9,164.96,166.9,1181203.0
2021-08-18,166.49,168.3,166.33,166.44,1323389.0
2021-08-19,165.04,168.18,163.58,166.94,1384539.0
2021-08-20,167.92,167.92,166.23,167.46,1025260.0
2021-08-23,168.29,169.64,167.73,168.84,1398273.0
2021-08-24,168.4,170.26,167.67,169.39,1524485.0
2021-08-25,169.77,171.32,169.42,170.21,994676.0
2021-08-26,170.27,170.57,169.19,169.36,1201044.0
2021-08-27,170.13,170.67,168.64,170.03,1137988.0
2021-08-30,170.68,171.23,169.71,170.21,969396.0
2021-08-31,169.93,170.2,168.02,168.36,1863735.0
2021-09-01,168.22,168.41,165.76,166.75,1548784.0
2021-09-02,167.34,168.17,166.68,168.13,1529481.0
2021-09-03,168.19,168.19,166.33,166.38,1255407.0
2021-09-07,165.75,165.8,163.56,163.7,1748901.0
2021-09-08,162.62,164.3,161.4,163.36,1601893.0
2021-09-09,163.34,164.33,161.21,161.53,1215816.0
2021-09-10,163.14,163.28,160.31,160.39,1655009.0
2021-09-13,161.08,162.0,156.19,158.27,2685182.0
2021-09-14,155.52,158.47,155.52,156.3,2784901.0
2021-09-15,156.01,161.14,155.76,160.55,2965185.0
2021-09-16,160.71,160.71,158.23,159.29,1479103.0
2021-09-17,157.98,158.16,156.17,157.53,3115140.0
2021-09-20,154.45,156.65,153.89,156.5,1700839.0
2021-09-21,157.09,157.52,153.89,154.59,1231870.0
2021-09-22,155.63,157.59,155.63,156.43,1343946.0
2021-09-23,157.58,158.46,157.36,158.0,2237604.0
2021-09-24,157.51,158.2,155.88,156.01,1045781.0
2021-09-27,155.97,157.31,155.08,155.15,1642505.0
2021-09-28,155.0,155.39,152.52,153.99,1806491.0
2021-09-29,154.33,154.63,153.17,153.47,1590262.0
2021-09-30,153.84,154.19,149.25,149.31,2122134.0
2021-10-01,149.72,151.63,148.19,150.65,1605912.0
2021-10-04,149.95,151.39,147.35,148.36,1748637.0
2021-10-05,149.02,152.12,148.2,151.26,1762288.0
2021-10-06,149.74,151.82,148.11,151.7,1067724.0
2021-10-07,153.39,154.65,153.21,153.92,1783443.0
2021-10-08,153.34,154.22,152.77,153.56,1154280.0
2021-10-11,153.43,154.76,152.43,152.56,1179880.0
2021-10-12,153.31,154.28,151.35,151.62,1270825.0
2021-10-13,152.36,154.45,151.54,153.39,1404203.0
2021-10-14,154.64,159.95,153.75,159.57,2075424.0
2021-10-15,160.86,162.44,159.53,161.45,1678798.0
2021-10-18,160.37,161.88,159.81,161.27,884216.0
2021-10-19,162.08,162.57,160.88,161.48,883310.0
2021-10-20,161.74,163.33,160.73,163.2,1146025.0
2021-10-21,162.06,162.57,160.66,162.12,1368209.0
2021-10-22,162.74,164.04,162.28,162.38,771819.0
2021-10-25,162.2,163.94,161.33,162.51,1022893.0
2021-10-26,163.18,163.18,161.27,161.34,983566.0
2021-10-27,161.73,163.45,160.06,160.12,1029689.0
2021-10-28,160.12,165.07,160.12,164.96,1632917.0
2021-10-29,164.34,165.96,163.82,164.76,1678069.0
2021-11-01,165.2,165.94,163.26,164.34,1637291.0
2021-11-02,166.14,172.24,165.0,171.63,2398119.0
2021-11-03,169.64,172.01,167.33,169.49,1953930.0
2021-11-04,170.92,173.06,170.59,171.98,1147624.0
2021-11-05,172.93,173.45,170.28,171.3,1217567.0
2021-11-08,174.33,174.81,172.3,173.72,1695295.0
2021-11-09,173.89,175.24,173.43,174.66,1036894.0
2021-11-10,173.95,173.95,171.32,171.87,1314442.0
2021-11-11,172.03,172.13,169.51,169.92,1155962.0
2021-11-12,170.46,172.32,168.82,171.8,1188389.0
2021-11-15,171.99,173.21,171.56,172.74,1019587.0
2021-11-16,172.74,175.72,172.42,173.8,1434795.0
2021-11-17,173.8,174.3,171.51,173.1,1433286.0
2021-11-18,173.16,173.58,171.66,173.32,900831.0
2021-11-19,173.38,173.81,171.92,172.3,1334167.0
2021-11-22,173.38,174.91,172.19,172.32,1254785.0
2021-11-23,172.02,172.94,171.28,172.57,1054299.0
2021-11-24,171.46,172.23,170.17,170.95,1235941.0
2021-11-26,166.64,168.18,164.41,167.51,1121028.0
2021-11-29,169.38,169.65,165.45,167.38,2068803.0
2021-11-30,166.07,166.91,161.38,162.06,4247208.0
2021-12-01,165.48,167.26,161.37,161.47,1947197.0
2021-12-02,162.1,167.53,162.1,166.63,1413168.0
2021-12-03,167.33,168.1,164.48,166.44,1360784.0
2021-12-06,167.79,170.66,166.53,169.83,1733496.0
2021-12-07,172.17,174.47,170.25,170.59,1884605.0
2021-12-08,170.89,171.45,168.03,169.92,1986906.0
2021-12-09,169.78,170.0,167.46,168.59,1844828.0
2021-12-10,169.57,170.89,169.14,170.46,1432785.0
2021-12-13,170.64,171.35,168.8,169.7,1598830.0
2021-12-14,168.41,169.35,162.55,164.84,2837980.0
2021-12-15,166.15,169.5,165.4,169.26,2263770.0
2021-12-16,170.67,171.25,167.94,168.8,1403549.0
2021-12-17,168.53,169.49,164.72,165.07,2666699.0
2021-12-20,163.32,164.55,161.16,164.06,2146699.0
2021-12-21,165.42,167.37,164.4,167.24,2014086.0
2021-12-22,166.75,167.68,166.32,166.74,1259755.0
2021-12-23,167.27,169.18,167.15,168.04,861887.0
2021-12-27,168.94,170.74,167.73,170.67,730724.0
2021-12-28,170.62,171.76,170.31,171.2,672388.0
2021-12-29,171.65,172.12,170.48,171.71,1467762.0
2021-12-30,172.08,172.52,171.22,171.42,884412.0
2021-12-31,170.97,173.68,170.97,172.82,838589.0
2022-01-03,173.39,173.39,167.92,168.66,1307164.0
2022-01-04,169.63,172.28,168.84,171.46,2065406.0
2022-01-05,171.89,172.91,168.83,169.01,1718636.0
2022-01-06,168.9,170.74,168.4,169.41,1433797.0
2022-01-07,169.5,170.88,167.81,167.85,2079837.0
2022-01-10,166.51,166.9,162.8,166.42,1896408.0
2022-01-11,167.0,168.03,164.65,167.76,1075660.0
2022-01-12,169.17,172.0,168.7,171.46,1983440.0
2022-01-13,171.54,172.29,170.37,171.18,1336068.0
2022-01-14,168.94,171.71,167.6,170.92,2824600.0
2022-01-18,168.51,169.17,164.69,166.63,2106943.0
2022-01-19,166.79,167.13,163.19,163.39,2368283.0
2022-01-20,163.99,165.32,160.77,161.06,2067469.0
2022-01-21,161.35,163.74,159.62,160.54,2242063.0
2022-01-24,157.54,161.27,153.9,160.72,2614381.0
2022-01-25,158.07,159.39,153.33,157.44,2486995.0
2022-01-26,159.13,161.26,156.26,158.24,2024091.0
2022-01-27,160.41,161.0,154.26,155.42,1679328.0
2022-01-28,154.55,156.81,151.63,156.69,2339528.0
2022-01-31,155.63,158.54,154.5,158.43,2192570.0
2022-02-01,158.95,159.91,156.52,159.39,1571404.0
2022-02-02,159.78,161.85,158.95,161.41,1565640.0
2022-02-03,159.43,161.75,156.45,156.83,2492392.0
2022-02-04,154.57,155.95,150.24,151.0,4095463.0
2022-02-07,152.77,153.04,149.67,150.13,3515922.0
2022-02-08,150.19,152.0,148.62,151.5,2586427.0
2022-02-09,153.68,157.05,153.21,156.85,2809670.0
2022-02-10,154.02,158.26,153.85,154.79,2450889.0
2022-02-11,154.9,154.9,149.4,150.66,2104919.0
2022-02-14,150.98,153.0,149.29,152.17,2206427.0
2022-02-15,154.37,156.13,153.85,155.53,2061641.0
2022-02-16,154.86,157.49,154.78,157.03,2194034.0
2022-02-17,155.78,156.11,152.04,152.4,1324780.0
2022-02-18,152.34,154.19,151.7,153.36,3466582.0
2022-02-22,153.29,154.36,150.71,151.76,1684020.0
2022-02-23,152.43,152.89,148.92,149.31,1506040.0
2022-02-24,145.86,150.79,144.26,150.31,2168798.0
2022-02-25,150.3,154.24,150.1,154.12,2427372.0
2022-02-28,151.81,155.05,151.25,154.29,2454819.0
2022-03-01,154.0,154.68,144.37,146.45,4790365.0
2022-03-02,147.71,152.88,147.36,152.17,1880660.0
2022-03-03,153.08,156.2,153.08,154.97,2861399.0
2022-03-04,151.99,153.45,147.81,149.78,2678905.0
2022-03-07,149.79,149.79,145.01,145.79,2411606.0
2022-03-08,146.93,151.57,145.57,146.2,2235261.0
2022-03-09,150.25,151.5,148.98,149.12,1794236.0
2022-03-10,145.09,149.06,145.09,148.2,1782294.0
2022-03-11,149.36,150.33,146.74,146.92,1350025.0
2022-03-14,147.9,150.82,147.16,148.46,1581583.0
2022-03-15,150.18,150.74,148.07,150.27,1541717.0
2022-03-16,151.98,154.45,150.04,153.34,1892424.0
2022-03-17,151.93,154.71,151.01,154.69,1389940.0
2022-03-18,155.26,155.97,151.51,155.58,2792229.0
2022-03-21,156.08,156.35,153.31,154.6,1934317.0
2022-03-22,155.77,156.01,154.2,155.25,1226752.0
2022-03-23,154.05,154.94,152.34,152.43,1331864.0
2022-03-24,153.4,153.65,152.36,153.2,1078288.0
2022-03-25,153.77,154.79,152.84,154.18,1196464.0
2022-03-28,153.26,154.21,152.14,154.21,1239822.0
2022-03-29,156.46,158.01,155.27,157.53,1530844.0
2022-03-30,156.33,157.32,154.77,155.46,1294087.0
2022-03-31,155.06,156.36,151.59,151.76,2286239.0
2022-04-01,153.45,153.45,150.4,151.81,2098864.0
2022-04-04,150.92,151.04,148.32,150.92,1435091.0
2022-04-05,150.73,151.28,145.91,146.61,2046748.0
2022-04-06,144.36,145.28,142.84,144.86,2701440.0
2022-04-07,143.66,146.64,142.89,145.87,1788057.0
2022-04-08,145.62,147.31,144.46,145.18,1644360.0
2022-04-11,144.66,146.28,142.03,142.27,1800152.0
2022-04-12,142.89,144.97,140.02,140.82,1766180.0
2022-04-13,140.58,142.71,140.58,141.77,1530637.0
2022-04-14,141.01,142.71,139.41,139.91,1833025.0
2022-04-18,139.68,142.11,139.6,140.66,1561086.0
2022-04-19,141.72,146.07,140.8,145.77,1826746.0
2022-04-20,147.37,150.56,147.37,149.38,1834561.0
2022-04-21,151.69,153.27,149.2,149.95,2293864.0
2022-04-22,148.5,148.96,145.89,146.04,1655104.0
2022-04-25,145.9,147.09,142.72,147.07,1905474.0
2022-04-26,145.18,146.95,143.5,143.78,2313717.0
2022-04-27,143.75,146.89,143.47,145.71,1930473.0
2022-04-28,146.1,148.08,144.28,147.88,2473844.0
2022-04-29,147.75,149.83,144.77,145.02,2467483.0
2022-05-02,144.99,147.02,143.41,146.5,2732670.0
2022-05-03,144.51,150.96,144.51,146.58,3004852.0
2022-05-04,146.8,150.71,143.98,149.93,2558134.0
2022-05-05,148.72,150.88,147.1,148.38,3870981.0
2022-05-06,147.79,148.46,144.45,147.29,2101758.0
2022-05-09,145.34,149.31,145.05,147.96,3028912.0
2022-05-10,149.01,149.91,140.53,140.98,3543092.0
2022-05-11,141.13,144.3,140.22,140.81,1852352.0
2022-05-12,139.47,142.53,138.69,141.75,2251986.0
2022-05-13,142.85,143.44,139.65,141.33,2813091.0
2022-05-16,140.56,140.74,137.55,138.98,2551858.0
2022-05-17,141.41,143.84,140.79,143.38,1988472.0
2022-05-18,141.09,141.79,135.96,136.52,1946519.0
2022-05-19,135.0,138.01,132.38,136.08,2992348.0
2022-05-20,136.87,137.43,132.16,134.14,4686664.0
2022-05-23,135.62,136.87,133.16,136.76,2169613.0
2022-05-24,132.98,134.62,130.44,133.83,2709812.0
2022-05-25,133.51,135.28,131.5,134.08,1877463.0
2022-05-26,135.74,137.22,133.68,136.28,1366431.0
2022-05-27,137.6,139.88,137.09,139.82,1458990.0
2022-05-31,138.35,140.03,136.81,138.6,2900456.0
2022-06-01,139.94,140.25,136.45,137.72,1750761.0
2022-06-02,139.51,140.92,137.45,140.82,1289917.0
2022-06-03,139.64,140.96,139.35,140.35,1421333.0
2022-06-06,142.29,142.7,141.13,141.36,1659402.0
2022-06-07,140.6,145.49,139.66,145.41,2237455.0
2022-06-08,144.4,146.29,143.41,144.48,2273971.0
2022-06-09,143.37,145.21,142.43,142.5,1594841.0
2022-06-10,139.79,140.64,136.83,137.03,1543914.0
2022-06-13,134.77,134.77,132.0,132.85,1596743.0
2022-06-14,132.85,134.47,129.2,130.52,1927351.0
2022-06-15,131.55,132.75,128.87,131.01,1658652.0
2022-06-16,127.91,128.46,125.14,126.11,2006534.0
2022-06-17,125.12,127.35,124.57,125.52,3126530.0
2022-06-21,126.71,127.52,125.11,126.14,1584393.0
2022-06-22,123.69,126.95,123.69,126.22,1921722.0
2022-06-23,125.27,127.26,124.12,126.89,2022830.0
2022-06-24,128.47,131.91,127.58,131.83,1974203.0
2022-06-27,132.77,133.5,131.15,132.25,1596981.0
2022-06-28,132.84,133.93,129.25,129.32,1914874.0
2022-06-29,129.69,130.09,126.04,127.27,1740119.0
2022-06-30,125.11,127.07,124.66,125.99,2370068.0
2022-07-01,126.4,128.34,125.11,127.37,1749735.0
2022-07-05,125.57,126.81,123.18,126.68,1934152.0
2022-07-06,127.2,128.79,125.93,128.0,1734528.0
2022-07-07,129.39,129.92,127.37,129.59,1662731.0
2022-07-08,129.05,129.09,126.71,127.82,1213584.0
2022-07-11,126.8,128.74,126.79,127.85,831188.0
2022-07-12,127.29,129.14,126.47,126.88,1051597.0
2022-07-13,124.62,126.65,123.52,125.72,1604979.0
2022-07-14,123.57,125.29,122.5,125.04,1274088.0
2022-07-15,127.18,129.48,125.51,128.99,1956403.0
2022-07-18,130.0,130.39,126.35,126.88,1441554.0
2022-07-19,128.65,132.75,128.37,132.3,1454452.0
2022-07-20,132.79,134.15,132.0,133.85,1281971.0
2022-07-21,134.15,137.47,133.51,137.34,2001203.0
2022-07-22,137.57,138.88,135.74,136.65,1763486.0
2022-07-25,136.7,137.16,135.32,137.1,955875.0
2022-07-26,137.15,139.63,136.31,139.14,2103064.0
2022-07-27,139.67,142.58,138.85,141.67,1490424.0
2022-07-28,143.77,146.96,143.4,146.26,2759905.0
2022-07-29,146.25,149.13,145.95,148.39,1609301.0
2022-08-01,146.81,148.26,146.42,147.5,1886187.0
2022-08-02,148.5,151.48,146.25,146.39,2292502.0
2022-08-03,147.73,149.43,146.3,148.7,1377887.0
2022-08-04,149.22,149.95,148.3,148.71,1128906.0
2022-08-05,147.73,148.85,147.19,148.65,1243449.0
2022-08-08,150.17,150.63,147.54,147.93,1340620.0
2022-08-09,147.07,147.56,146.2,146.41,1170330.0
2022-08-10,149.6,149.99,148.26,149.34,1595324.0
2022-08-11,150.03,150.99,149.16,149.45,1434941.0
2022-08-12,150.16,152.51,149.9,152.44,1318554.0
2022-08-15,152.26,152.87,151.32,152.42,1123085.0
2022-08-16,150.79,153.57,150.26,153.1,1293584.0
2022-08-17,151.19,152.59,150.62,151.99,1036668.0
2022-08-18,152.27,153.82,151.58,153.35,1104836.0
2022-08-19,152.36,152.7,150.32,150.84,1308529.0
2022-08-22,148.37,148.8,146.21,146.75,1737004.0
2022-08-23,146.81,147.85,146.04,146.31,824486.0
2022-08-24,146.49,146.75,144.89,145.52,1030386.0
2022-08-25,146.67,148.08,146.18,148.05,1090728.0
2022-08-26,148.37,148.37,140.77,141.08,1743418.0
2022-08-29,139.94,142.01,139.23,140.71,1223923.0
2022-08-30,142.38,142.59,138.14,139.24,1153676.0
2022-08-31,139.94,139.94,136.1,136.64,2249915.0
2022-09-01,135.78,138.84,135.17,138.77,1538902.0
2022-09-02,140.48,140.69,136.87,137.3,1080237.0
2022-09-06,137.7,138.64,136.02,138.46,1388307.0
2022-09-07,138.42,142.13,138.1,141.27,2112616.0
2022-09-08,140.41,143.37,139.64,143.24,1716374.0
2022-09-09,143.81,146.26,143.59,145.71,1636890.0
2022-09-12,146.75,148.62,146.28,147.61,1570696.0
2022-09-13,144.14,145.48,141.82,142.51,1297823.0
2022-09-14,143.37,143.68,141.43,143.1,1461771.0
2022-09-15,142.75,145.01,140.96,141.11,1759740.0
2022-09-16,139.72,139.85,136.59,138.27,3415671.0
2022-09-19,137.12,140.48,137.12,140.22,1372718.0
2022-09-20,138.87,139.97,137.62,139.18,1621613.0
2022-09-21,140.61,142.01,137.79,137.83,1112695.0
2022-09-22,136.93,137.76,134.53,135.13,1871616.0
2022-09-23,133.85,134.6,132.26,134.14,1726426.0
2022-09-26,133.89,135.46,132.39,133.53,1674210.0
2022-09-27,135.01,135.41,129.85,131.3,2237011.0
2022-09-28,132.39,134.59,131.34,133.91,2346133.0
2022-09-29,132.29,134.31,131.21,134.15,2711027.0
2022-09-30,134.17,136.27,132.53,133.36,2739788.0
2022-10-03,134.48,139.42,133.88,137.79,1903909.0
2022-10-04,140.79,143.61,140.65,143.48,1996329.0
2022-10-05,142.12,145.77,141.88,144.5,2255392.0
2022-10-06,143.99,144.44,141.53,142.45,2381145.0
2022-10-07,140.43,140.64,135.82,136.83,1884562.0
2022-10-10,137.78,137.78,134.82,136.38,1860732.0
2022-10-11,135.06,138.16,134.27,136.42,1566231.0
2022-10-12,136.54,136.96,135.28,135.45,2073433.0
2022-10-13,132.75,139.58,132.02,138.1,2423447.0
2022-10-14,139.1,140.23,133.89,134.31,1863515.0
2022-10-17,136.34,139.08,136.34,138.22,1510141.0
2022-10-18,141.93,142.58,138.69,140.64,2003457.0
2022-10-19,139.83,140.98,138.25,139.0,1845093.0
2022-10-20,139.04,139.8,134.84,135.26,2079452.0
2022-10-21,135.69,139.56,134.81,139.33,2346214.0
2022-10-24,141.0,142.55,139.65,141.57,1358524.0
2022-10-25,140.82,146.14,140.82,146.05,2782417.0
2022-10-26,147.1,147.86,144.61,145.52,2057523.0
2022-10-27,146.74,147.89,146.23,146.69,2015140.0
2022-10-28,147.07,151.03,146.68,150.28,2885088.0
2022-10-31,149.0,151.63,148.79,150.07,2773189.0
2022-11-01,151.96,152.92,146.76,151.64,3128480.0
2022-11-02,152.0,156.73,150.47,150.61,2908123.0
2022-11-03,149.04,157.12,148.97,154.59,3720688.0
2022-11-04,159.13,159.96,155.38,158.69,2915578.0
2022-11-07,158.59,159.87,157.1,158.4,2339792.0
2022-11-08,159.0,159.98,157.08,158.19,1604132.0
2022-11-09,156.32,158.63,155.88,156.3,1485532.0
2022-11-10,160.58,162.55,159.5,162.13,2386275.0
2022-11-11,162.69,163.52,160.85,161.6,2361328.0
2022-11-14,161.0,164.23,160.51,161.65,1938435.0
2022-11-15,163.57,163.65,160.96,162.39,1485407.0
2022-11-16,161.86,162.78,160.29,161.74,1498504.0
2022-11-17,160.13,162.89,159.09,162.63,1523413.0
2022-11-18,164.27,165.12,162.48,165.01,1870067.0
2022-11-21,164.84,165.94,164.05,164.55,1227129.0
2022-11-22,165.25,166.83,164.72,166.48,1568942.0
2022-11-23,167.0,167.51,164.99,165.36,1401645.0
2022-11-25,166.41,167.22,165.78,166.11,628913.0
2022-11-28,164.69,165.75,161.88,162.55,1723060.0
2022-11-29,162.07,162.98,161.12,162.15,1073385.0
2022-11-30,161.71,163.71,159.06,163.45,2788445.0
2022-12-01,163.9,164.92,161.11,163.36,1486856.0
2022-12-02,161.06,163.57,159.07,163.31,1861653.0
2022-12-05,161.2,161.78,159.73,160.36,1312959.0
2022-12-06,159.6,160.15,156.33,157.81,1567715.0
2022-12-07,157.09,158.42,156.59,157.27,1798003.0
2022-12-08,157.89,158.86,157.28,158.75,1323176.0
2022-12-09,159.03,159.43,157.41,158.28,1068951.0
2022-12-12,158.4,161.0,157.87,160.83,1517978.0
2022-12-13,165.0,165.33,161.74,163.64,2038878.0
2022-12-14,163.63,164.55,160.73,161.36,1616140.0
2022-12-15,158.93,159.42,154.84,155.38,1892392.0
2022-12-16,153.48,155.08,151.59,154.5,3378350.0
2022-12-19,154.65,156.66,154.05,154.5,1466007.0
2022-12-20,154.56,156.33,153.78,155.91,1441402.0
2022-12-21,157.27,158.44,156.7,158.12,1331093.0
2022-12-22,156.96,157.21,153.63,156.11,1124894.0
2022-12-23,155.66,157.01,155.22,156.8,907972.0
2022-12-27,157.4,158.28,156.43,157.34,1337629.0
2022-12-28,157.6,158.16,155.51,155.75,724690.0
2022-12-29,157.06,158.17,156.61,157.35,874828.0
2022-12-30,156.94,157.45,155.62,156.95,826799.0
2023-01-03,158.08,158.94,155.94,157.75,1185358.0
2023-01-04,159.37,159.55,156.75,158.82,1396393.0
2023-01-05,157.9,158.8,156.24,157.2,1494756.0
2023-01-06,159.04,162.23,157.76,161.1,1732513.0
2023-01-09,161.5,164.27,160.6,160.88,1235890.0
2023-01-10,160.98,162.07,160.03,160.41,1709395.0
2023-01-11,160.89,164.18,160.46,164.09,1557427.0
2023-01-12,165.64,166.5,164.3,164.71,1656106.0
2023-01-13,163.95,165.11,163.18,164.45,1589944.0
2023-01-17,164.37,164.82,162.07,162.41,1823318.0
2023-01-18,162.88,163.22,157.31,157.53,1736991.0
2023-01-19,156.37,156.92,151.58,151.86,3001917.0
2023-01-20,152.53,155.6,150.86,155.51,1947751.0
2023-01-23,155.82,159.32,154.95,158.92,1513839.0
2023-01-24,159.26,162.52,156.6,161.69,1589850.0
2023-01-25,160.13,160.13,156.08,159.14,1341121.0
2023-01-26,160.49,161.56,158.45,160.9,1363075.0
2023-01-27,160.5,163.36,160.12,162.24,1283679.0
2023-01-30,161.01,162.61,160.63,160.87,1157772.0
2023-01-31,161.81,162.48,159.08,162.21,2146885.0
2023-02-01,161.7,164.73,160.89,163.34,1757837.0
2023-02-02,164.32,164.76,161.06,161.96,2637642.0
2023-02-03,161.2,163.76,160.72,163.24,1753184.0
2023-02-06,161.41,163.02,161.1,162.35,1681853.0
2023-02-07,161.28,164.79,161.28,164.49,2222367.0
2023-02-08,162.63,170.37,162.09,168.88,3937750.0
2023-02-09,169.39,170.8,166.98,167.27,3273647.0
2023-02-10,167.81,171.17,166.91,170.91,2256067.0
2023-02-13,171.54,175.61,171.42,174.32,2501723.0
2023-02-14,173.34,175.04,171.26,172.97,1244763.0
2023-02-15,172.44,173.84,171.66,173.75,1037558.0
2023-02-16,172.24,174.8,171.23,174.11,1497532.0
2023-02-17,174.0,176.19,172.93,175.24,1682714.0
2023-02-21,173.72,174.62,169.95,170.76,1483981.0
2023-02-22,171.23,173.15,170.42,171.31,1555422.0
2023-02-23,172.59,173.17,170.0,172.78,1286522.0
2023-02-24,170.41,173.29,170.0,173.25,1708056.0
2023-02-27,174.55,175.25,173.42,174.38,1927906.0
2023-02-28,173.99,175.41,173.48,174.93,2288581.0
2023-03-01,174.51,175.85,173.41,173.83,1676640.0
2023-03-02,172.82,175.45,171.92,175.15,1442206.0
2023-03-03,175.49,177.66,173.94,177.55,1546465.0
2023-03-06,177.72,178.75,176.84,177.15,1386082.0
2023-03-07,177.07,177.15,174.86,175.5,1605740.0
2023-03-08,175.74,177.45,175.12,177.21,1975496.0
2023-03-09,178.26,178.26,173.85,174.37,2014123.0
2023-03-10,174.65,174.68,169.87,170.3,2754210.0
2023-03-13,167.89,171.53,166.64,169.17,2337942.0
2023-03-14,172.2,173.39,169.33,171.83,2462271.0
2023-03-15,168.15,168.25,157.9,159.27,4526142.0
2023-03-16,159.47,165.07,157.91,164.38,3451839.0
2023-03-17,163.56,163.93,158.96,160.15,6000390.0
2023-03-20,162.79,164.67,161.62,163.56,2008998.0
2023-03-21,166.09,167.44,165.59,166.94,1517462.0
2023-03-22,167.0,170.55,166.13,166.16,2213282.0
2023-03-23,166.12,168.34,163.14,164.54,2143445.0
2023-03-24,163.45,164.04,160.23,163.64,2194942.0
2023-03-27,165.08,165.16,163.13,163.88,1890892.0
2023-03-28,163.96,165.66,163.89,165.59,1637410.0
2023-03-29,167.14,167.82,165.74,167.63,1789571.0
2023-03-30,169.21,170.79,168.32,169.09,1699760.0
2023-03-31,170.24,171.76,169.27,171.34,2931576.0
2023-04-03,170.52,172.19,169.79,170.54,1352818.0
2023-04-04,170.64,170.64,161.55,162.25,3301434.0
2023-04-05,160.53,161.34,156.84,158.47,3049097.0
2023-04-06,157.8,158.9,155.71,156.25,2653218.0
2023-04-10,155.6,157.87,155.38,157.44,2701451.0
2023-04-11,157.98,159.31,157.3,158.8,2167350.0
2023-04-12,160.97,163.68,160.49,162.22,2271577.0
2023-04-13,161.25,161.53,156.8,160.69,2676425.0
2023-04-14,161.59,163.84,160.58,161.82,1178353.0
2023-04-17,162.61,163.9,162.06,163.06,1439163.0
2023-04-18,163.95,165.63,163.4,163.69,1620080.0
2023-04-19,163.82,164.78,161.27,163.4,1525644.0
2023-04-20,162.15,163.89,161.96,162.96,1119545.0
2023-04-21,163.41,163.79,161.18,162.88,1046320.0
2023-04-24,162.76,163.94,162.76,163.79,1047469.0
2023-04-25,164.84,168.17,163.63,163.78,2216032.0
2023-04-26,162.15,163.72,161.12,161.92,1504921.0
2023-04-27,163.1,168.03,162.04,167.97,2086617.0
2023-04-28,167.33,168.42,166.27,167.12,2140245.0
2023-05-01,167.21,170.42,166.53,168.78,1794079.0
2023-05-02,168.89,174.03,166.4,173.25,3755436.0
2023-05-03,174.95,176.9,172.01,172.38,2200798.0
2023-05-04,171.36,171.39,167.35,168.44,2115280.0
2023-05-05,169.55,171.66,169.2,171.05,1914904.0
2023-05-08,171.68,171.95,168.56,169.88,1657368.0
2023-05-09,169.31,171.0,168.28,170.55,1100257.0
2023-05-10,171.61,172.21,167.25,169.11,1435414.0
2023-05-11,167.96,168.69,166.95,168.52,1145910.0
2023-05-12,169.78,170.29,166.71,168.58,892113.0
2023-05-15,169.04,171.01,168.43,169.92,1317034.0
2023-05-16,168.67,168.69,165.24,166.41,2031298.0
2023-05-17,167.29,171.46,167.19,171.0,2022536.0
2023-05-18,170.62,174.95,170.4,174.61,2729894.0
2023-05-19,175.57,177.49,172.08,174.15,1762079.0
2023-05-22,174.21,176.13,172.14,174.18,1459174.0
2023-05-23,172.79,174.28,170.98,171.36,1949051.0
2023-05-24,170.28,170.3,167.33,168.17,1952822.0
2023-05-25,174.51,177.3,172.67,176.95,3880848.0
2023-05-26,177.98,183.75,177.58,182.46,4137157.0
2023-05-30,183.51,184.97,180.41,181.81,2266912.0
2023-05-31,181.09,181.69,175.51,175.9,3138961.0
2023-06-01,176.51,180.02,175.29,179.04,2083660.0
2023-06-02,181.41,187.38,181.3,186.48,2763156.0
2023-06-05,186.38,186.38,183.2,183.59,1769410.0
2023-06-06,182.82,185.27,182.36,183.42,1176777.0
2023-06-07,183.48,188.72,182.2,188.6,2622960.0
2023-06-08,187.44,188.78,184.7,187.82,3046055.0
2023-06-09,187.9,188.23,185.0,187.3,1559308.0
2023-06-12,187.31,190.1,185.55,189.55,1435275.0
2023-06-13,189.29,193.9,188.35,193.86,1938527.0
2023-06-14,193.56,194.88,191.93,193.07,1836749.0
2023-06-15,192.69,197.49,192.13,196.89,2287493.0
2023-06-16,192.79,196.88,190.28,191.26,6249297.0
2023-06-20,189.59,194.57,189.26,194.23,2234949.0
2023-06-21,193.45,195.72,192.85,194.84,2497289.0
2023-06-22,194.92,196.47,193.15,195.6,2189770.0
2023-06-23,193.78,195.48,192.97,194.46,2299396.0
2023-06-26,194.47,197.93,194.26,196.08,1205906.0
2023-06-27,196.1,198.39,195.71,197.65,1560712.0
2023-06-28,197.96,197.96,194.15,194.75,2791070.0
2023-06-29,196.06,199.72,194.86,198.85,2471936.0
2023-06-30,199.81,202.36,199.18,201.1,1745596.0
2023-07-03,199.75,201.21,198.5,200.63,740859.0
2023-07-05,199.09,200.48,198.26,198.9,1585904.0
2023-07-06,197.55,198.75,196.35,197.75,1862871.0
2023-07-07,197.25,200.86,196.76,198.46,1586739.0
2023-07-10,199.19,203.15,198.94,203.06,1629127.0
2023-07-11,201.67,203.65,201.27,202.97,1769113.0
2023-07-12,205.0,205.02,201.66,201.92,1636468.0
2023-07-13,202.51,205.15,201.18,204.36,1498395.0
2023-07-14,203.96,204.34,202.1,203.46,1087027.0
2023-07-17,203.35,206.59,202.22,205.96,1385489.0
2023-07-18,206.21,210.73,205.97,210.34,2500124.0
2023-07-19,208.42,211.2,208.28,209.81,2516269.0
2023-07-20,210.87,211.83,209.86,210.91,1974627.0
2023-07-21,210.84,211.52,206.76,207.69,2583442.0
2023-07-24,208.33,209.68,207.0,207.36,1651289.0
2023-07-25,205.58,207.43,205.08,206.29,2275615.0
2023-07-26,204.84,205.98,200.86,203.04,2676166.0
2023-07-27,204.6,204.6,201.48,202.1,3367267.0
2023-07-28,203.91,204.57,202.25,203.3,2031430.0
2023-07-31,204.69,205.53,203.25,205.32,2346544.0
2023-08-01,211.39,219.9,211.0,219.0,5025272.0
2023-08-02,218.08,225.76,216.39,218.87,3603962.0
2023-08-03,217.74,219.44,215.64,217.1,2133156.0
2023-08-04,217.93,219.28,215.7,215.9,2044037.0
2023-08-07,217.32,221.73,217.0,221.09,1478529.0
2023-08-08,219.99,220.56,217.94,220.2,1593000.0
2023-08-09,219.91,220.56,216.92,217.83,1709256.0
2023-08-10,217.62,220.04,215.9,216.93,1313979.0
2023-08-11,217.69,219.72,217.05,218.36,1034286.0
2023-08-14,217.28,220.14,217.27,219.04,1274285.0
2023-08-15,217.8,218.64,216.79,217.94,965587.0
2023-08-16,218.0,219.9,216.0,216.09,1245475.0
2023-08-17,216.86,218.47,213.86,214.38,1092107.0
2023-08-18,212.74,216.27,212.1,214.65,1728580.0
2023-08-21,215.48,216.23,213.06,215.74,1342868.0
2023-08-22,217.11,217.84,215.34,217.29,1492887.0
2023-08-23,217.77,222.79,217.77,221.3,1757673.0
2023-08-24,221.8,224.18,220.71,220.91,2822623.0
2023-08-25,222.0,225.5,219.64,224.25,2433571.0
2023-08-28,224.22,227.7,224.16,226.24,1611330.0
2023-08-29,225.09,228.84,225.09,228.08,1392144.0
2023-08-30,229.04,230.23,227.96,230.08,1235614.0
2023-08-31,230.0,232.24,229.39,230.37,2040951.0
2023-09-01,231.44,233.98,231.18,233.67,1423299.0
2023-09-05,233.0,233.57,228.53,229.57,1614472.0
2023-09-06,229.57,232.54,229.14,231.61,1699349.0
2023-09-07,230.8,235.2,230.12,234.81,1751175.0
2023-09-08,234.44,236.19,233.87,236.13,1414711.0
2023-09-11,236.41,238.14,235.0,238.04,1539603.0
2023-09-12,236.92,240.44,225.64,227.9,5506832.0
2023-09-13,224.8,226.4,219.87,221.41,5816552.0
2023-09-14,223.4,224.44,221.12,222.15,2267662.0
2023-09-15,219.69,219.69,214.81,217.64,5063538.0
2023-09-18,217.27,221.63,216.41,219.15,2258446.0
2023-09-19,218.25,218.97,212.31,216.16,2551268.0
2023-09-20,217.44,220.22,214.34,214.65,1229595.0
2023-09-21,214.0,214.0,210.13,210.65,1937358.0
2023-09-22,209.77,214.18,209.02,212.66,2068295.0
2023-09-25,212.67,216.93,211.73,215.9,2133230.0
2023-09-26,214.48,215.46,210.61,211.07,1708348.0
2023-09-27,212.9,215.27,212.15,214.36,2033367.0
2023-09-28,213.63,217.34,213.07,215.53,1515931.0
2023-09-29,216.89,217.0,212.73,213.28,1317384.0
2023-10-02,213.44,214.61,207.94,210.24,1989396.0
2023-10-03,210.7,213.49,207.23,209.05,1676885.0
2023-10-04,208.85,210.35,206.55,209.34,1649726.0
2023-10-05,208.72,209.13,202.91,203.18,2983527.0
2023-10-06,204.0,211.63,202.84,210.19,2546801.0
2023-10-09,210.28,213.47,208.32,213.28,1721315.0
2023-10-10,213.41,216.22,212.33,213.24,1743587.0
2023-10-11,214.25,215.99,213.37,215.87,1132048.0
2023-10-12,216.45,220.46,215.35,217.45,2489494.0
2023-10-13,215.43,217.44,207.15,208.6,2656271.0
2023-10-16,211.08,214.6,208.91,211.63,1486765.0
2023-10-17,210.64,213.44,208.81,211.77,1149549.0
2023-10-18,206.91,206.91,201.12,202.41,2520033.0
2023-10-19,202.1,204.74,199.01,199.91,2001303.0
2023-10-20,199.37,199.99,191.82,193.99,4929722.0
2023-10-23,194.27,197.8,193.26,195.47,2754094.0
2023-10-24,197.48,199.85,195.67,199.64,2359765.0
2023-10-25,201.9,203.085,195.07,195.23,1803372.0
2023-10-26,196.15,200.1522,195.3,196.55,1692289.0
2023-10-27,196.44,198.43,193.77,195.31,1780847.0
2023-10-30,197.65,199.1,196.12,197.78,2518778.0
2023-10-31,199.6,208.88,198.68,207.91,4810983.0
2023-11-01,209.33,215.72,208.845,214.83,3716320.0
2023-11-02,216.6,219.65,214.14,216.16,2627964.0
2023-11-03,218.71,219.5399,214.715,214.79,1848840.0
2023-11-06,214.52,216.6,211.99,216.43,1584185.0
2023-11-07,214.81,218.22,214.03,215.84,1503557.0
2023-11-08,216.85,218.49,215.64,217.6,1507182.0
2023-11-09,219.5,223.27,217.61,218.38,2428916.0
2023-11-10,220.09,222.26,217.91,221.82,1632221.0
2023-11-13,221.57,223.03,220.24,222.57,1417149.0
2023-11-14,225.11,229.005,223.87,228.1,1801239.0
2023-11-15,228.0,228.98,225.23,225.65,2677342.0
2023-11-16,226.5,228.255,225.89,226.8,1633002.0
2023-11-17,226.72,228.44,226.38,227.8,2035148.0
2023-11-20,226.93,227.56,225.26,226.92,2142222.0
2023-11-21,226.63,227.71,225.58,227.01,1567289.0
2023-11-22,227.88,231.43,227.63,228.91,1470001.0
2023-11-24,229.74,230.35,228.14,228.72,524282.0
2023-11-27,228.28,229.89,227.7,228.78,975204.0
2023-11-28,228.56,229.33,224.52,224.59,1885499.0
2023-11-29,227.46,228.58,225.325,225.8,1432108.0
2023-11-30,226.94,228.465,225.9163,227.69,2200744.0
2023-12-01,227.83,232.01,227.5979,230.46,1605405.0
2023-12-04,228.62,229.3248,226.19,228.2,1592229.0
2023-12-05,227.42,227.88,224.61,225.6,1392578.0
2023-12-06,228.04,232.59,226.63,226.92,1305372.0
2023-12-07,227.74,229.34,226.795,227.93,1397890.0
2023-12-08,228.18,233.445,227.93,232.31,1909580.0
2023-12-11,233.73,236.68,232.7,234.68,1510884.0
2023-12-12,235.03,237.62,234.81,237.05,1247121.0
2023-12-13,237.46,238.075,234.36,236.79,1210245.0
2023-12-14,238.84,239.89,235.865,237.7,2202412.0
2023-12-15,234.25,238.48,233.91,237.41,4369961.0
2023-12-18,237.71,238.7,236.37,237.13,1472997.0
2023-12-19,237.69,239.06,236.65,238.15,1012913.0
2023-12-20,237.98,238.59,233.74,233.95,1434961.0
2023-12-21,235.72,237.45,234.18,237.29,1054500.0
2023-12-22,237.9,239.26,237.3,238.64,743079.0
2023-12-26,238.73,240.7183,238.73,240.21,683860.0
2023-12-27,240.03,241.36,239.82,240.82,937951.0
2023-12-28,239.5,241.84,238.386,240.75,773285.0
2023-12-29,241.29,241.9699,239.9139,240.82,948900.0
2024-01-02,238.89,240.27,236.85,238.9,1308959.0
2024-01-03,237.4,237.44,231.84,233.1,1836135.0
2024-01-04,233.76,236.95,233.76,234.48,1297425.0
2024-01-05,234.58,235.56,233.73,234.86,973671.0
2024-01-08,236.13,239.17,234.2,238.98,1273397.0
2024-01-09,237.45,239.76,235.67,239.48,970451.0
2024-01-10,241.0,242.41,239.805,240.89,1230497.0
2024-01-11,241.4,243.65,239.22,243.42,1362887.0
2024-01-12,244.27,244.27,240.77,242.11,993497.0
2024-01-16,241.18,243.25,239.2,241.74,1538263.0
2024-01-17,236.9,238.98,236.04,237.26,2036511.0
2024-01-18,237.3,240.6799,236.2,240.12,1290992.0
2024-01-19,241.77,244.62,240.05,244.6,1489153.0
2024-01-22,245.76,246.95,243.66,243.9,1716118.0
2024-01-23,244.0,244.0,239.17,243.25,1956972.0
2024-01-24,244.93,244.99,241.45,241.57,1541888.0
2024-01-25,243.73,246.285,241.8725,245.82,1675271.0
2024-01-26,246.0,247.55,245.005,245.89,1138692.0
2024-01-29,244.41,248.81,244.35,248.72,1460283.0
2024-01-30,248.81,251.14,248.06,250.27,1827899.0
2024-01-31,248.76,250.64,245.655,246.08,2300675.0
2024-02-01,255.63,264.75,255.46,264.57,3663696.0
2024-02-02,266.13,271.779,265.26,270.1,3172679.0
2024-02-05,269.36,270.7,266.56,269.42,1990039.0
2024-02-06,270.3,272.315,267.96,271.12,1919656.0
2024-02-07,272.88,274.01,271.145,272.85,1377580.0
2024-02-08,273.0,274.7,272.39,273.21,1578545.0
2024-02-09,273.54,278.58,273.0,277.96,1557463.0
2024-02-12,276.93,277.51,272.51,274.05,1327148.0
2024-02-13,268.41,273.06,266.0,272.38,2512295.0
2024-02-14,274.27,277.15,272.605,275.62,1430888.0
2024-02-15,275.62,277.04,272.78,275.79,1397991.0
2024-02-16,276.07,278.94,273.8,277.52,1646686.0
2024-02-20,276.23,277.86,274.21,276.09,1263453.0
2024-02-21,275.3,278.04,274.15,277.16,1315136.0
2024-02-22,282.8,286.37,282.16,284.58,2496252.0
2024-02-23,285.45,288.46,283.0,284.93,1230678.0
2024-02-26,286.0,287.55,284.18,284.3,1960264.0
2024-02-27,284.52,285.4,282.24,283.57,1677906.0
2024-02-28,283.57,287.64,282.67,286.96,1278863.0
2024-02-29,287.0,289.86,285.93,289.0,2534328.0
2024-03-01,289.36,294.435,288.81,293.7,2314609.0
2024-03-04,295.89,298.1326,294.5304,296.58,1943242.0
2024-03-05,294.35,295.07,289.37,291.93,2263328.0
2024-03-06,295.32,298.39,294.8824,296.74,1723492.0
2024-03-07,298.73,301.53,296.9,301.13,1868979.0
2024-03-08,299.76,303.4,295.5642,297.49,1894289.0
2024-03-11,295.5,295.79,289.6,292.7,1656565.0
2024-03-12,293.42,298.31,291.94,297.74,2063154.0
2024-03-13,296.46,300.69,295.68,300.24,1890970.0
2024-03-14,302.67,302.9801,297.456,300.29,2236417.0
2024-03-15,298.03,302.677,297.76,297.9,3024493.0
2024-03-18,300.81,303.245,298.58,298.75,1557052.0
2024-03-19,298.24,303.17,297.27,302.96,1462017.0
2024-03-20,304.56,310.43,303.36,309.81,1945582.0
2024-03-21,311.71,315.79,310.2,315.52,2167635.0
2024-03-22,314.93,317.02,314.36,316.58,2005349.0
2024-03-25,315.0,315.78,311.5,311.88,1703539.0
2024-03-26,311.66,316.3,311.46,312.08,2246707.0
2024-03-27,314.0,314.64,308.22,314.4,1870184.0
2024-03-28,314.69,314.75,312.0,312.68,1979047.0
2024-04-01,313.0,314.13,311.07,312.03,1175290.0
2024-04-02,313.04,316.425,312.58,314.75,2773072.0
2024-04-03,315.5,322.36,315.5,320.94,2984539.0
2024-04-04,323.91,326.21,318.17,320.16,3039900.0
2024-04-05,323.93,331.4699,322.79,330.51,2643302.0
2024-04-08,326.3,329.37,323.63,325.82,2423516.0
2024-04-09,324.94,325.51,313.0,313.87,4069008.0
2024-04-10,309.0,317.37,306.2101,314.37,2425876.0
2024-04-11,314.41,319.36,312.95,317.26,1547242.0
2024-04-12,314.27,318.67,314.27,318.5,2248318.0
2024-04-15,324.0,324.82,313.885,315.28,2447518.0
2024-04-16,312.89,317.54,311.32,315.35,1547374.0
2024-04-17,316.68,316.68,305.845,310.18,2204549.0
2024-04-18,313.75,315.71,308.46,308.94,1859994.0
2024-04-19,309.04,311.66,302.26,303.02,3084078.0
2024-04-22,305.35,310.34,304.17,308.09,2379155.0
2024-04-23,311.94,315.28,310.395,312.84,2781056.0
2024-04-24,324.0,325.41,313.95,318.79,3549848.0
2024-04-25,314.05,318.8811,312.15,317.1,2453023.0
2024-04-26,318.21,325.32,318.21,324.3,2305448.0
2024-04-29,324.92,327.19,321.415,326.51,3155229.0
2024-04-30,330.0,333.055,312.525,318.26,5279230.0
2024-05-01,318.83,319.475,311.74,312.03,3416539.0
2024-05-02,313.29,316.0912,305.26,315.27,3009501.0
2024-05-03,318.51,322.59,316.59,320.5,1769779.0
2024-05-06,322.33,327.43,322.33,327.24,1296984.0
2024-05-07,328.11,329.0,325.62,327.43,1792924.0
2024-05-08,327.4,333.13,326.82,330.4,1454259.0
2024-05-09,330.0,333.45,329.98,333.26,1487059.0
2024-05-10,335.0,337.7,330.11,330.57,1955043.0
2024-05-13,331.01,331.88,325.86,328.51,1903201.0
2024-05-14,326.16,331.37,321.97,330.45,1588155.0
2024-05-15,332.0,338.15,332.0,337.96,1720106.0
2024-05-16,337.9,338.88,330.13,330.18,2203012.0
2024-05-17,332.0,333.61,326.71,330.24,1881500.0
2024-05-20,330.0,335.71,329.0,333.25,1020929.0
2024-05-21,332.64,337.26,332.455,336.73,1389147.0
2024-05-22,336.74,338.41,333.18,336.18,1566423.0
2024-05-23,342.19,344.0,336.58,338.42,1772393.0
2024-05-24,339.08,345.19,338.93,340.89,1495532.0
2024-05-28,342.29,343.0,335.3,337.36,1772248.0
2024-05-29,335.3,336.425,332.69,332.89,1131299.0
2024-05-30,332.29,335.18,331.41,334.2,1240873.0
2024-05-31,333.45,335.0,322.22,332.85,3837859.0
2024-06-03,334.0,335.0,318.67,324.46,2494661.0
2024-06-04,324.52,325.5,310.15,316.17,4142956.0
2024-06-05,319.77,327.58,319.4032,326.59,2487077.0
2024-06-06,325.0,326.99,311.37,313.46,3069172.0
2024-06-07,313.48,317.83,310.78,314.83,2389464.0
2024-06-10,313.46,323.39,313.25,322.98,2049942.0
2024-06-11,320.69,322.0,317.44,319.17,1826137.0
2024-06-12,321.55,328.91,319.5,327.17,1682546.0
2024-06-13,326.43,329.12,321.83,328.35,2194635.0
2024-06-14,324.37,325.6431,316.93,319.02,2055567.0
2024-06-17,318.78,326.605,317.01,325.33,2552386.0
2024-06-18,324.0,330.1799,321.195,327.59,1903905.0
2024-06-20,328.17,329.87,320.02,323.24,1847635.0
2024-06-21,322.94,322.94,316.51,320.06,3068065.0
2024-06-24,322.1,324.39,319.19,322.08,1580882.0
2024-06-25,322.36,324.085,318.33,322.76,1579292.0
2024-06-26,320.76,321.06,313.51,315.27,1849623.0
2024-06-27,314.16,314.79,311.25,313.94,2549872.0
2024-06-28,312.89,319.64,310.335,313.55,2557566.0
2024-07-01,316.45,316.475,307.7603,312.37,1925862.0
2024-07-02,309.45,313.7499,309.45,313.28,2047377.0
2024-07-03,313.82,319.2499,312.95,318.42,1122124.0
2024-07-05,319.68,320.33,314.4936,317.37,1557455.0
2024-07-08,320.17,322.88,318.22,318.96,1139806.0
2024-07-09,320.19,321.14,318.12,318.71,980877.0
2024-07-10,318.75,327.22,318.61,327.07,2082960.0
2024-07-11,329.18,331.13,325.7,328.82,2060969.0
2024-07-12,330.75,333.71,326.21,330.48,1644783.0
2024-07-15,329.34,330.96,325.84,327.03,1415883.0
2024-07-16,330.55,335.12,328.755,332.46,1671158.0
2024-07-17,326.97,327.62,311.11,311.5,3312674.0
2024-07-18,313.39,319.23,305.66,309.07,4376403.0
2024-07-19,312.23,316.31,310.7,311.89,2287595.0
2024-07-22,316.5,321.5,315.45,320.32,2252332.0
2024-07-23,320.0,325.3299,319.6684,321.94,1518335.0
2024-07-24,316.84,318.08,299.32,299.6,3876300.0
2024-07-25,298.73,300.2797,286.87,292.88,5569661.0
2024-07-26,300.88,301.93,296.42,297.79,3089894.0
2024-07-29,298.6,300.39,294.56,296.61,2522550.0
2024-07-30,297.56,302.525,285.48,287.24,4777161.0
2024-07-31,306.19,310.87,301.37,304.79,5108021.0
2024-08-01,290.04,304.29,288.0,297.88,5433406.0
2024-08-02,290.0,290.635,276.01,280.26,4527598.0
2024-08-05,255.65,277.02,255.65,272.52,4620886.0
2024-08-06,274.65,282.03,274.65,277.65,3304467.0
2024-08-07,285.0,288.1,276.8,277.68,2856685.0
2024-08-08,282.05,288.06,278.11,287.48,3887858.0
2024-08-09,286.86,292.17,285.7,291.64,2190316.0
2024-08-12,291.12,293.45,285.53,288.43,1840380.0
2024-08-13,292.2,295.82,288.275,295.39,2256091.0
2024-08-14,296.01,300.05,294.43,298.3,1974767.0
2024-08-15,302.12,304.77,298.04,302.46,2316168.0
2024-08-16,302.07,302.53,293.38,296.68,2768069.0
2024-08-19,297.19,298.425,293.19,297.05,1572445.0
2024-08-20,297.92,299.64,294.58,296.24,1431968.0
2024-08-21,296.45,301.65,296.17,299.69,1400558.0
2024-08-22,300.46,303.4,296.7,297.69,2035717.0
2024-08-23,300.0,302.0,297.78,300.0,1950535.0
2024-08-26,300.28,301.75,296.0,296.91,1579542.0
2024-08-27,295.0,299.86,292.4,296.03,1711646.0
2024-08-28,296.82,297.49,292.23,293.6,2108394.0
2024-08-29,296.23,307.45,295.135,301.09,2426419.0
2024-08-30,301.49,307.65,300.125,306.93,2320120.0
2024-09-03,304.17,304.81,289.47,289.73,3058561.0
2024-09-04,288.2,292.79,286.62,288.77,2098507.0
2024-09-05,287.45,289.23,282.56,285.72,1930559.0
2024-09-06,288.62,292.2,281.34,284.97,2163703.0
2024-09-09,289.21,292.1,287.62,289.38,1755969.0
2024-09-10,291.23,291.9,284.455,288.3,1530813.0
2024-09-11,289.5,297.68,284.55,297.14,2389228.0
2024-09-12,296.85,304.465,294.84,303.38,2795247.0
2024-09-13,305.82,310.465,303.67,305.8,2022507.0
2024-09-16,306.0,306.98,301.475,306.55,1536141.0
2024-09-17,308.48,312.42,304.65,311.73,2116959.0
2024-09-18,313.56,321.15,313.55,314.65,2930875.0
2024-09-19,323.75,329.78,319.895,328.92,3155604.0
2024-09-20,326.68,331.42,326.0,330.6,3631349.0
2024-09-23,331.89,333.29,329.41,329.79,1787698.0
2024-09-24,329.71,330.23,326.3,327.39,1964422.0
2024-09-25,328.31,330.86,327.39,328.55,1599253.0
2024-09-26,333.17,336.3,329.34,333.02,2614373.0
2024-09-27,333.11,333.91,326.65,328.45,2061143.0
2024-09-30,326.69,331.695,324.69,331.44,2789426.0
2024-10-01,331.03,331.43,325.064,327.58,1000613.0
2024-10-02,326.0,329.8742,325.71,327.99,1150546.0
2024-10-03,327.34,328.45,324.42,326.96,960603.0
2024-10-04,331.9,333.31,328.25,333.05,1129312.0
2024-10-07,330.83,335.3173,330.19,334.63,1465827.0
2024-10-08,336.5,337.75,333.03,335.58,1136449.0
2024-10-09,335.48,338.86,334.72,338.25,1103480.0
2024-10-10,335.4,337.83,332.69,336.94,1280981.0
2024-10-11,337.0,341.98,335.9,341.39,1161593.0
2024-10-14,343.0,345.94,341.57,345.61,883448.0
2024-10-15,346.46,347.345,337.47,338.04,1861760.0
2024-10-16,338.95,341.3769,337.805,341.1,839851.0
2024-10-17,345.0,349.74,340.89,348.49,1715217.0
2024-10-18,349.56,349.7,345.268,348.18,1173316.0
2024-10-21,348.0,348.73,345.25,347.07,1068582.0
2024-10-22,343.89,345.26,340.8201,343.55,1321799.0
2024-10-23,341.0,345.72,340.31,344.96,1975509.0
2024-10-24,345.0,346.675,340.51,345.29,1406976.0
2024-10-25,347.07,348.5599,342.9,344.49,1176365.0
2024-10-28,347.95,348.62,345.11,345.51,2177678.0
2024-10-29,342.79,347.42,337.86,345.55,1843029.0
2024-10-30,344.65,346.69,340.855,342.81,2257757.0
2024-10-31,325.0,333.94,321.39,331.58,3869654.0
2024-11-01,335.95,337.02,329.65,335.0,2369035.0
2024-11-04,332.5,335.51,330.81,331.13,1942969.0
2024-11-05,331.87,338.2199,331.82,337.48,1776804.0
2024-11-06,355.0,366.08,352.055,359.18,4019598.0
2024-11-07,360.0,363.14,357.925,360.56,2739632.0
2024-11-08,362.03,369.29,361.3,366.67,2390464.0
2024-11-11,371.78,373.39,368.6487,371.95,1736238.0
2024-11-12,371.61,373.4899,365.67,368.99,2265426.0
2024-11-13,369.74,372.6799,369.01,369.66,1437415.0
2024-11-14,369.5,371.12,361.01,361.86,1816625.0
2024-11-15,358.12,361.22,355.3761,358.99,2231859.0
2024-11-18,359.59,361.23,356.54,357.83,1611882.0
2024-11-19,355.0,365.03,353.4205,363.69,1868090.0
2024-11-20,365.19,367.495,358.55,360.46,1425200.0
2024-11-21,364.49,373.39,362.45,370.95,1632010.0
2024-11-22,372.5,378.0,371.61,377.41,2407168.0
2024-11-25,378.0,379.12,372.14,376.68,3559513.0
2024-11-26,378.5,379.99,375.165,377.29,2096053.0
2024-11-27,375.5,377.56,371.01,371.98,1117229.0
2024-11-29,374.97,378.45,373.52,375.42,822388.0
2024-12-02,377.86,378.785,371.92,372.22,1131005.0
2024-12-03,372.29,375.44,368.6201,373.75,1303361.0
2024-12-04,375.27,378.47,375.02,377.52,1479376.0
2024-12-05,377.52,377.82,370.0,371.05,1624858.0
2024-12-06,371.74,373.28,369.245,371.22,1479112.0
2024-12-09,371.44,373.0,358.33,364.06,2338534.0
2024-12-10,363.54,364.02,357.95,358.49,1891098.0
2024-12-11,364.41,365.0,353.33,361.91,2440738.0
2024-12-12,361.93,363.06,358.075,358.64,1223492.0
2024-12-13,359.76,360.82,355.89,356.01,1164969.0
2024-12-16,355.75,357.5,353.54,355.15,1506153.0
2024-12-17,351.38,351.55,344.67,347.08,2562467.0
2024-12-18,349.0,349.59,334.715,335.12,2491463.0
2024-12-19,339.9,340.1,334.33,335.64,2667733.0
2024-12-20,333.28,342.0099,332.12,338.12,4862358.0
2024-12-23,337.13,338.52,334.2,337.71,1704510.0
2024-12-24,338.68,341.69,337.2,341.54,506077.0
2024-12-26,340.85,341.83,338.75,340.16,1196421.0
2024-12-27,336.82,338.85,331.2801,334.63,1601525.0
2024-12-30,329.14,334.07,327.54,332.38,1400194.0
2024-12-31,332.25,333.98,331.26,331.87,1134513.0
2025-01-02,334.68,337.91,330.24,331.96,1832980.0
2025-01-03,333.95,343.45,333.65,342.58,2570515.0
2025-01-06,348.0,353.4,346.6775,348.56,3157007.0
2025-01-07,348.35,349.48,341.14,343.91,2350207.0
2025-01-08,341.67,345.675,338.0,345.11,2020403.0
2025-01-10,342.89,343.96,337.97,341.45,1827846.0
2025-01-13,333.88,343.04,333.88,340.88,2523289.0
2025-01-14,344.74,347.235,339.0,340.14,3018899.0
2025-01-15,346.91,349.69,340.71,342.58,3434136.0
2025-01-16,346.76,347.7799,342.7,345.19,2424573.0
2025-01-17,348.29,349.47,345.75,346.28,2454288.0
2025-01-21,351.4,357.67,350.475,357.63,3574407.0
2025-01-22,372.27,377.925,365.0,371.23,3521587.0
2025-01-23,367.14,372.3,363.22,369.69,1961799.0
2025-01-24,377.12,378.0,367.16,368.98,1970780.0
2025-01-27,329.49,329.76,306.15,311.55,10210552.0
2025-01-28,311.76,313.66,298.29,312.67,8862855.0
2025-01-29,313.5,319.55,310.12,317.6,4291278.0
2025-01-30,324.83,329.59,321.11,327.1,4758307.0
2025-01-31,322.02,330.55,314.4,326.44,6484864.0
2025-02-03,317.34,322.1,311.1239,315.41,3303937.0
2025-02-04,319.01,319.6,313.01,314.7,2346712.0
2025-02-05,315.55,316.76,311.3,315.25,3084479.0
2025-02-06,316.09,323.68,312.77,315.85,3333951.0
2025-02-07,318.1,322.6399,311.97,313.05,2633988.0
2025-02-10,314.69,320.15,312.4501,319.88,2748438.0
2025-02-11,317.36,318.25,311.1,316.51,3215717.0
2025-02-12,308.2,311.96,305.69,309.88,2648741.0
2025-02-13,312.76,312.76,304.07,307.81,3015516.0
2025-02-14,309.52,311.375,307.5,309.17,3175029.0
2025-02-18,313.17,316.585,310.39,313.12,2682073.0
2025-02-19,310.58,311.742,307.3,309.43,2712189.0
2025-02-20,309.2,310.0,305.8402,308.82,1982865.0
2025-02-21,308.74,309.4,295.02,297.37,4401536.0
2025-02-24,297.54,298.79,285.51,289.85,5861166.0
2025-02-25,287.2,292.65,282.43,287.55,6041610.0
2025-02-26,292.09,299.6,290.57,297.35,4302249.0
2025-02-27,300.45,301.96,288.91,290.38,4525283.0
2025-02-28,289.45,293.38,284.79,293.32,4805962.0
2025-03-03,294.98,296.72,276.2,278.46,4890288.0
2025-03-04,273.12,285.56,267.63,279.22,6809024.0
2025-03-05,283.45,288.76,278.46,287.73,3752757.0
2025-03-06,277.22,280.665,272.28,277.55,3286563.0
2025-03-07,275.55,286.15,273.7101,284.98,4533918.0
2025-03-10,275.88,282.67,272.67,277.61,4149245.0
2025-03-11,276.53,287.39,274.6036,282.31,4482085.0
2025-03-12,297.46,300.04,285.54,292.04,5691530.0
2025-03-13,290.0,291.02,280.46,283.7,5611006.0
2025-03-14,290.45,294.61,286.6,293.61,3317107.0
2025-03-17,295.2,300.76,293.62,297.23,2949217.0
2025-03-18,293.82,295.58,288.365,290.64,2736941.0
2025-03-19,290.75,299.055,290.17,294.56,3216406.0
2025-03-20,291.1,300.24,290.12,295.53,3422146.0
2025-03-21,291.74,296.2499,289.49,295.44,3188203.0
2025-03-24,300.49,304.54,298.56,302.84,2896878.0
2025-03-25,303.3,304.94,295.98,300.0,3393829.0
2025-03-26,297.97,297.97,283.68,285.52,4710289.0
2025-03-27,283.81,285.5431,278.16,280.91,3454575.0
2025-03-28,278.26,279.73,271.65,274.17,3254045.0
2025-03-31,268.0,273.45,262.68,271.83,4882845.0
2025-04-01,271.81,278.0549,269.845,276.7,2468835.0
2025-04-02,270.69,285.67,270.0,283.84,2680454.0
2025-04-03,260.03,271.4959,258.6,260.85,5553597.0
2025-04-04,249.46,252.0,236.58,246.52,5290877.0
2025-04-07,237.85,262.9199,231.85,252.45,5543385.0
2025-04-08,264.65,267.92,245.3,251.5,5126721.0
2025-04-09,249.46,286.61,248.18,283.59,6040396.0
2025-04-10,273.99,275.9,261.565,270.72,4995873.0
2025-04-11,268.47,278.65,265.09,277.53,3832949.0
2025-04-14,282.82,283.0,274.085,277.83,2631936.0
2025-04-15,278.5,280.045,275.45,277.12,2217452.0
2025-04-16,272.44,276.2,264.82,269.16,3411277.0
2025-04-17,272.0,272.0,265.97,268.32,2539573.0
2025-04-21,264.12,264.46,255.1,259.47,2863427.0
2025-04-22,263.15,268.79,262.4108,266.91,2270595.0
2025-04-23,288.95,288.95,274.935,275.66,3148763.0
2025-04-24,277.6,288.26,275.98,287.02,2751608.0
2025-04-25,285.77,290.88,285.77,288.82,2177425.0
2025-04-28,288.06,293.54,283.11,287.74,2969605.0
2025-04-29,287.97,291.69,284.82,290.69,1965263.0
2025-04-30,284.42,295.1,283.0,294.37,2541505.0
2025-05-01,302.0,306.1,300.2469,301.66,4722208.0
2025-05-02,293.72,303.9659,286.6,299.71,5932032.0
2025-05-05,296.17,301.51,293.07,298.58,2454757.0
2025-05-06,296.28,301.25,296.0877,298.11,2459653.0
2025-05-07,299.51,303.295,296.93,302.2,1888401.0
2025-05-08,304.54,310.0,304.22,307.04,2076699.0
2025-05-09,309.68,311.7,306.77,309.87,2038446.0
2025-05-12,324.95,324.95,319.15,322.09,3542224.0
2025-05-13,323.69,333.96,322.29,330.75,3438783.0
2025-05-14,330.63,333.98,328.27,329.09,1886577.0
2025-05-15,326.75,330.82,326.21,326.82,2300387.0
2025-05-16,328.42,329.5,325.12,329.07,1997003.0
2025-05-19,323.22,329.87,322.2,329.29,1482174.0
2025-05-20,326.53,330.055,325.5,328.25,1654413.0
2025-05-21,324.6,329.9,322.01,322.33,1725403.0
2025-05-22,319.96,323.745,315.71,321.07,1677702.0
2025-05-23,315.19,322.89,312.9124,321.06,1432280.0
2025-05-27,324.72,328.93,323.37,328.16,1568440.0
2025-05-28,329.12,330.0,324.91,325.67,1982305.0
2025-05-29,329.9,330.79,323.34,324.81,1618179.0
2025-05-30,322.05,323.5,316.81,320.2,3787952.0
2025-06-02,319.48,319.915,311.9,318.86,1928486.0
2025-06-03,322.96,327.66,321.09,325.84,1978784.0
2025-06-04,327.0,329.68,325.53,327.08,1668878.0
2025-06-05,328.87,328.925,324.44,326.48,1600687.0
2025-06-06,331.2,333.5,329.775,331.45,2206261.0
2025-06-09,332.01,333.36,325.46,325.81,1621542.0
2025-06-10,327.5,327.5,318.76,324.24,1882095.0
2025-06-11,323.86,327.865,320.31,325.71,1423948.0
2025-06-12,322.98,331.455,322.4549,330.34,1777074.0
2025-06-13,324.49,328.415,322.3106,323.66,1565191.0
2025-06-16,330.09,339.705,328.295,338.01,3393055.0
2025-06-17,336.63,338.35,329.82,330.51,1869910.0
2025-06-18,329.85,338.16,329.8,334.86,2969072.0
2025-06-20,335.66,338.0,330.79,331.23,4407194.0
2025-06-23,331.32,333.45,324.38,332.95,1397732.0
2025-06-24,335.295,345.15,335.295,343.26,2977828.0
2025-06-25,346.35,347.43,341.79,342.35,1930090.0
2025-06-26,343.67,349.225,342.21,348.14,2284524.0
2025-06-27,353.37,357.6,351.635,353.23,3704257.0
2025-06-30,353.84,358.285,352.16,356.99,2212314.0
2025-07-01,355.78,357.38,350.06,355.04,2407807.0
2025-07-02,355.21,358.61,353.4477,358.19,1787461.0
2025-07-03,359.11,363.42,358.35,362.22,1086613.0
2025-07-07,362.22,363.18,354.93,358.49,1800511.0
2025-07-08,359.98,360.8,353.98,356.98,1739168.0
2025-07-09,360.27,360.38,356.07,359.78,1196517.0
2025-07-10,360.21,361.715,345.74,357.64,2809356.0
2025-07-11,356.94,361.65,353.8,360.62,1697800.0
2025-07-14,358.79,361.155,357.1,360.29,1179603.0
2025-07-15,369.745,371.14,361.5054,362.11,2061816.0
2025-07-16,362.12,364.305,356.7207,362.89,1756389.0
2025-07-17,375.87,380.81,374.955,380.72,3687077.0
2025-07-18,382.73,384.51,378.0,378.62,2940967.0
2025-07-21,379.7,379.9,373.565,373.66,2444912.0
2025-07-22,372.1,373.86,365.0,372.65,1805040.0
2025-07-23,376.5,382.2,375.85,380.24,2355116.0
2025-07-24,382.0,386.17,380.24,384.9,1658659.0
2025-07-25,388.0,393.07,387.8,392.17,2106426.0
2025-07-28,399.56,399.56,391.52,392.76,2334396.0
2025-07-29,394.26,395.62,387.055,390.01,1776098.0
2025-07-30,392.09,393.85,387.26,390.09,2726363.0
2025-07-31,390.13,396.28,384.12,384.72,2900027.0
2025-08-01,374.51,382.995,373.0501,381.29,2417142.0
2025-08-04,383.71,386.525,382.61,384.76,2741129.0
2025-08-05,360.94,363.79,353.7,356.45,7068028.0
2025-08-06,358.6,362.67,354.33,358.16,4507457.0
2025-08-07,360.0,361.285,354.0001,360.16,3057200.0
2025-08-08,362.0,364.12,359.4,362.84,2138885.0
2025-08-11,362.4,363.245,358.01,360.11,2849794.0
2025-08-12,361.69,363.605,358.84,363.3,2488525.0
2025-08-13,364.2,365.2,351.78,357.49,2751360.0
2025-08-14,353.63,358.6856,352.03,355.1,1895462.0
2025-08-15,355.0,355.0,350.27,351.03,1899653.0
2025-08-18,349.87,354.05,348.7085,353.5,1158401.0
2025-08-19,352.72,353.5,347.235,349.0,1870453.0
2025-08-20,344.04,347.56,339.26,346.22,2454580.0
2025-08-21,345.19,348.61,344.29,345.38,1454609.0
2025-08-22,346.695,353.08,345.1,347.61,1965047.0
2025-08-25,349.31,350.13,345.72,345.76,1251307.0
2025-08-26,346.3,353.13,345.71,352.02,1994736.0
2025-08-27,350.96,353.6774,350.0,351.4,1434420.0
2025-08-28,353.66,357.155,352.67,355.34,1773024.0
2025-08-29,354.95,356.52,345.27,349.14,2385754.0
2025-09-02,343.13,344.6,339.89,343.75,2463863.0
2025-09-03,345.78,346.065,339.66,342.99,1521232.0
2025-09-04,344.22,348.27,341.61,348.22,1859233.0
2025-09-05,350.47,351.28,342.27,349.03,2120472.0
2025-09-08,350.0,352.58,347.765,349.49,1631596.0
2025-09-09,349.94,350.27,343.64,348.23,1761383.0
2025-09-10,359.59,365.43,357.0,362.25,3483882.0
2025-09-11,363.68,365.3071,359.38,360.08,2253418.0
2025-09-12,359.93,367.68,358.78,365.9,3108103.0
2025-09-15,370.02,378.16,369.19,375.54,3031107.0
2025-09-16,378.0,378.98,369.65,371.19,2251043.0
2025-09-17,370.59,371.455,359.28,363.35,3480594.0
2025-09-18,366.98,374.06,364.45,371.27,1857833.0
2025-09-19,373.6,375.36,369.98,374.5,3482658.0
2025-09-22,374.08,382.92,371.92,378.31,2399153.0
2025-09-23,381.76,382.0,366.06,368.52,2776569.0
2025-09-24,369.82,373.62,368.215,372.21,2290741.0
2025-09-25,366.86,368.16,360.34,364.74,2028715.0
2025-09-26,365.01,366.51,360.265,365.58,1625296.0
2025-09-29,370.01,370.98,367.02,367.15,1466039.0
2025-09-30,366.45,374.99,366.45,374.25,1805528.0
2025-10-01,369.66,378.03,369.09,373.84,1589789.0
2025-10-02,376.07,381.58,370.8,376.76,1777954.0
2025-10-03,377.8,378.04,371.61,373.46,1372354.0
2025-10-06,380.0,385.6724,377.56,380.02,1852076.0
2025-10-07,382.0,384.86,367.49,370.94,2321323.0
2025-10-08,372.63,378.94,370.22,376.7,2168253.0
2025-10-09,381.575,381.87,373.29,377.19,1722815.0
2025-10-10,379.36,387.62,369.08,369.08,2164696.0
2025-10-13,374.73,379.19,372.8328,375.37,2089682.0
2025-10-14,368.73,379.15,364.36,374.35,1669351.0
2025-10-15,379.74,385.96,375.4,381.72,1589237.0
2025-10-16,385.89,386.67,372.1515,375.59,1597076.0
2025-10-17,373.4,379.01,370.2601,373.3,1732838.0
2025-10-20,375.62,379.0189,374.6,377.69,1331365.0
2025-10-21,377.64,378.46,371.435,373.46,2334950.0
2025-10-22,378.09,379.58,353.555,360.6,4029336.0
2025-10-23,361.36,373.82,361.36,372.4,1601151.0
2025-10-24,379.14,381.31,376.115,376.29,1649962.0
2025-10-27,381.0,381.0,376.53,379.74,1771986.0
2025-10-28,379.86,381.06,373.43,376.01,1551208.0
2025-10-29,376.88,390.0,376.282,387.75,2244867.0
2025-10-30,384.49,390.11,379.26,383.09,3112798.0
2025-10-31,386.02,393.59,379.22,381.56,2407197.0
2025-11-03,385.11,387.39,378.25,386.57,3254318.0
2025-11-04,360.63,382.63,352.1,377.72,7551160.0
2025-11-05,377.61,394.14,376.66,385.44,3075923.0
2025-11-06,384.07,386.61,373.85,377.4,2235739.0
2025-11-07,371.05,376.07,364.2,373.77,2604822.0
2025-11-10,380.92,382.56,372.4,379.57,1801813.0
2025-11-11,377.23,380.0,366.75,367.91,3103719.0
2025-11-12,368.01,372.0,366.37,369.4,1962031.0
2025-11-13,367.09,368.48,352.37,354.07,2762354.0
2025-11-14,350.0,361.0,347.0,352.39,3385118.0
2025-11-17,351.96,353.49,339.84,342.75,3019730.0
2025-11-18,340.325,343.0,335.1,338.29,3157994.0
2025-11-19,339.97,346.22,338.68,345.65,2650675.0
2025-11-20,356.38,357.78,326.95,328.19,4550618.0
2025-11-21,329.04,332.22,320.2039,331.71,4397567.0
2025-11-24,334.73,335.6399,329.27,330.43,3672737.0
2025-11-25,329.99,339.07,324.71,336.65,3968813.0
2025-11-26,338.55,344.6,337.18,341.69,2474010.0
2025-11-28,344.4,347.89,341.64,345.89,926275.0
2025-12-01,342.65,343.89,338.4,339.71,2248646.0
2025-12-02,343.5,343.78,332.88,333.11,3850251.0
2025-12-03,330.5,336.1999,323.57,335.57,3079321.0
2025-12-04,335.48,340.9,332.5,338.93,2351760.0
2025-12-05,338.89,341.42,336.0,337.66,1845400.0
2025-12-08,337.45,345.69,336.13,343.39,3734133.0
2025-12-09,344.09,348.64,341.55,341.76,2149665.0
2025-12-10,343.87,354.37,342.21,353.45,2553920.0
2025-12-11,350.51,351.14,341.56,350.36,2405454.0
2025-12-12,349.17,349.98,329.4,331.98,3921876.0
2025-12-15,334.5,336.04,331.72,333.21,2568954.0
2025-12-16,333.215,334.305,326.71,329.93,2527395.0
2025-12-17,329.25,331.12,311.915,315.82,7694346.0
2025-12-18,322.04,323.08,314.0,315.95,3826601.0
2025-12-19,315.68,320.71,315.45,317.8,7357325.0
2025-12-22,322.61,322.77,318.27,320.39,2080197.0
2025-12-23,319.66,324.205,319.195,322.81,2197035.0
2025-12-24,323.415,324.07,321.15,323.67,752365.0
2025-12-26,323.28,323.53,321.32,322.17,1100685.0
2025-12-29,322.34,325.43,320.67,321.45,1948691.0
2025-12-30,321.48,322.2751,320.05,320.86,1727254.0
2025-12-31,322.0,322.0,318.13,318.51,1553862.0
2026-01-02,323.21,328.21,321.22,327.31,2559737.0
2026-01-05,324.41,330.9372,321.93,322.26,3381725.0
2026-01-06,322.33,333.07,315.76,332.97,3246566.0
2026-01-07,333.0,333.27,320.57,322.67,3165820.0
2026-01-08,320.11,320.86,315.775,320.58,4582105.0
2026-01-09,322.15,325.22,320.79,324.51,2689800.0
2026-01-12,323.09,330.17,323.09,329.1,2166724.0
2026-01-13,329.87,334.0,329.76,332.38,2524451.0
2026-01-14,331.07,334.4682,328.225,331.14,2147890.0
2026-01-15,336.52,341.1381,332.54,333.46,2127425.0
2026-01-16,343.45,349.6,340.57,343.75,3768445.0
2026-01-20,337.78,344.7,336.504,337.59,2869575.0
2026-01-21,340.01,342.59,334.44,337.96,3426165.0
2026-01-22,342.12,343.0,331.61,334.04,2549032.0
2026-01-23,335.62,336.77,330.68,331.22,2235533.0
2026-01-26,331.22,333.63,327.5,332.28,2812817.0
2026-01-27,332.7,341.96,329.23,341.19,2814575.0
2026-01-28,341.04,349.23,340.0,347.32,3072450.0
2026-01-29,355.18,360.63,350.361,354.37,4065365.0
2026-01-30,350.86,355.4099,347.03,351.42,4261137.0
2026-02-02,351.175,361.33,350.35,359.44,3867541.0
2026-02-03,349.51,375.89,344.64,362.53,5853533.0
2026-02-04,365.6,377.12,355.0,365.0,5131602.0
2026-02-05,360.78,362.21,353.35,354.67,3303271.0
2026-02-06,359.31,374.9,357.685,373.82,3105907.0
2026-02-09,373.0,380.52,370.76,377.06,2809320.0
2026-02-10,378.95,382.2,375.525,377.47,1795261.0
2026-02-11,394.0,401.0,390.5982,396.09,3826585.0
2026-02-12,400.0,408.45,388.51,390.33,4603457.0
2026-02-13,392.21,394.5,385.25,389.25,2253195.0
2026-02-17,386.78,393.23,384.359,391.49,2094503.0
2026-02-18,393.89,397.0,379.02,380.38,2739972.0
2026-02-19,379.0,382.9,375.74,377.32,2277354.0
2026-02-20,375.17,378.4999,370.02,373.38,2600404.0
2026-02-23,367.12,368.58,359.84,362.05,2920686.0
2026-02-24,364.0,377.7499,363.17,374.56,2387557.0
2026-02-25,374.18,377.06,368.85,373.53,2299995.0
2026-02-26,373.15,374.72,360.26,374.59,2231418.0
2026-02-27,366.78,376.4599,365.3,375.92,2169175.0
2026-03-02,369.84,378.07,367.62,377.4,1828403.0
2026-03-03,362.81,365.83,350.75,355.56,2864186.0
2026-03-04,357.92,360.99,351.309,354.46,1792879.0
2026-03-05,351.28,356.295,345.77,354.79,3220216.0
2026-03-06,346.3,353.85,340.655,347.75,3795051.0
2026-03-09,343.32,355.56,338.25,353.87,3409105.0
2026-03-10,353.67,368.29,351.58,361.06,3646409.0
2026-03-11,361.01,362.97,355.395,355.79,2807443.0
2026-03-12,352.17,355.13,345.44,348.64,2429095.0
2026-03-13,351.2,360.99,346.0,355.4,3581788.0
2026-03-16,360.97,368.0,359.36,361.04,3493661.0
2026-03-17,365.73,366.63,355.26,363.95,1942273.0
2026-03-18,365.0,370.38,359.84,360.54,2240007.0
2026-03-19,353.88,362.9916,348.85,360.23,2143178.0
2026-03-20,361.49,367.0542,353.6501,356.8,4218975.0
2026-03-23,362.69,370.97,359.56,359.74,2618508.0
2026-03-24,359.68,375.93,356.6425,374.1,2666116.0
2026-03-25,378.47,380.445,372.7675,375.0,2527427.0
2026-03-26,370.75,373.38,356.67,357.1,2036812.0
2026-03-27,356.58,363.32,355.54,357.36,2152203.0
2026-03-30,359.89,363.915,342.0,343.53,3239170.0
2026-03-31,347.285,359.28,346.1,357.67,2174979.0
2026-04-01,362.06,368.43,361.74,365.56,1980510.0
2026-04-02,354.315,365.985,351.64,361.1,1424550.0
2026-04-06,361.0,364.21,357.0701,363.89,1360871.0
2026-04-07,363.0,369.11,359.71,368.85,2185189.0
2026-04-08,388.5,390.97,381.17,385.58,2255127.0
2026-04-09,386.0,401.11,385.71,400.44,2134364.0
2026-04-10,404.22,407.01,401.1,403.0,2218662.0
2026-04-13,403.85,404.75,395.18,403.36,1818484.0
2026-04-14,402.76,407.83,397.49,401.9,1826195.0
2026-04-15,400.44,401.335,389.4,395.06,2266733.0
2026-04-16,394.01,395.955,387.66,392.73,1815707.0
2026-04-17,395.26,410.91,394.28,406.21,2624433.0
2026-04-20,407.0,409.66,403.92,407.57,2416450.0
2026-04-21,410.62,418.38,409.13,409.7,2022300.0
2026-04-22,417.31,419.47,411.89,413.87,2682645.0
2026-04-23,417.23,429.31,416.26,424.5,2912085.0
2026-04-24,430.05,432.34,422.03,423.92,2490309.0
2026-04-27,425.4,426.38,414.2022,416.77,2463879.0
2026-04-28,408.0,416.41,401.65,413.07,2483715.0
2026-04-29,416.86,418.63,407.36,410.77,1932415.0
2026-04-30,417.66,434.3,417.65,433.01,3250948.0
2026-05-01,435.0,435.43,422.835,425.55,2478217.0
2026-05-04,426.23,434.75,421.93,422.44,3298426.0
2026-05-05,397.77,415.93,388.26,410.86,6876224.0
2026-05-06,423.97,423.97,409.02,421.39,3289425.0
2026-05-07,419.0,419.895,396.21,399.15,3589838.0
2026-05-08,400.56,406.85,399.0,401.51,2386620.0
2026-05-11,402.04,420.88,396.44,419.0,3724635.0
2026-05-12,415.48,415.98,396.19,401.53,2952943.0
2026-05-13,406.17,409.6,400.5593,406.94,2316353.0
2026-05-14,409.99,409.99,403.075,408.1,2011564.0
2026-05-15,399.32,402.12,395.35,399.44,3252959.0
2026-05-18,398.21,398.21,375.56,381.87,2862887.0
2026-05-19,372.41,377.1699,367.64,371.88,2951837.0
2026-05-20,373.77,382.455,371.46,379.69,2684596.0
2026-05-21,380.0,384.95,377.2,381.51,1933563.0
2026-05-22,385.35,395.21,380.56,391.35,2354392.0
2026-05-26,400.07,409.65,398.0,403.13,2856629.0
2026-05-27,402.72,406.83,395.3,406.37,2847805.0
2026-05-28,403.2,406.48,389.0,401.94,2319602.0
2026-05-29,402.39,404.28,397.5,400.6,3321926.0
2026-06-01,396.08,404.23,393.595,400.08,2339285.0
2026-06-02,405.61,419.68,404.7501,417.62,2074465.0
2026-06-03,420.0,426.585,414.655,421.21,2181708.0
2026-06-04,416.74,421.57,408.7626,418.61,1859498.0
2026-06-05,408.55,410.61,393.17,395.94,2537928.0
2026-06-08,400.13,406.51,398.1,403.14,2100769.0
2026-06-09,407.0,413.25,386.6201,401.72,2335653.0
2026-06-10,395.55,399.83,375.04,375.46,3555397.0
2026-06-11,382.0,396.18,378.06,393.64,2639580.0
2026-06-12,396.55,399.13,388.336,391.39,2174954.0
2026-06-15,403.08,412.04,402.95,407.06,2336461.0
2026-06-16,409.28,415.62,407.23,407.71,1788663.0
2026-06-17,414.14,419.17,408.0,409.64,2242330.0
2026-06-18,420.84,425.92,414.73,421.77,3715444.0
2026-06-22,426.98,436.74,422.61,435.78,2571500.0
2026-06-23,421.55,421.55,405.28,405.28,2458917.0
2026-06-24,405.01,412.73,400.51,404.59,2396958.0
2026-06-25,414.91,426.0,413.97,419.87,1896764.0
2026-06-26,410.55,413.1439,398.12,402.68,5273180.0
2026-06-29,404.06,411.74,401.325,408.26,2201199.0
2026-06-30,411.0,427.93,409.93,426.12,2537529.0
2026-07-01,419.99,423.45,404.74,412.31,2379733.0
2026-07-02,408.77,414.74,392.3,398.52,2602195.0
2026-07-06,405.59,420.245,404.4,413.42,1765053.0
2026-07-07,404.05,406.0,388.0974,395.68,2329916.0
2026-07-08,391.62,401.6099,390.7,399.56,1754219.0
2026-07-09,411.55,414.8559,403.65,405.83,1706204.0
2026-07-10,403.02,411.6727,401.84,407.28,1404310.0
2026-07-13,403.11,407.23,397.1,402.85,1682833.0
2026-07-14,411.4,417.0,407.5,415.52,1918532.0
2026-07-15,419.0,419.0,401.46,412.86,1946174.0
2026-07-16,401.79,406.62,390.865,396.27,3239081.0
2026-07-17,385.46,404.71,382.0,399.99,2650009.0
