date,open,high,low,close,volume
2015-01-02,16.8799991607666,17.280000686645508,16.440000534057617,17.1299991607666,1317500
2015-01-05,16.93000030517578,17.0,15.649999618530273,15.850000381469727,2034300
2015-01-06,15.800000190734863,16.440000534057617,15.800000190734863,16.270000457763672,1400700
2015-01-07,16.5,16.6299991607666,16.020000457763672,16.1299991607666,1151300
2015-01-08,16.459999084472656,17.239999771118164,16.200000762939453,17.18000030517578,1821600
2015-01-09,17.3700008392334,17.3700008392334,16.469999313354492,16.90999984741211,1205500
2015-01-12,16.610000610351562,16.610000610351562,15.75,15.819999694824219,2364700
2015-01-13,15.890000343322754,15.890000343322754,13.130000114440918,13.470000267028809,4923100
2015-01-14,11.899999618530273,12.34000015258789,9.890000343322754,11.699999809265137,7087700
2015-01-15,12.0,12.4399995803833,11.819999694824219,11.949999809265137,4845100
2015-01-16,12.199999809265137,13.319999694824219,11.989999771118164,13.279999732971191,4012200
2015-01-19,13.229999542236328,13.789999961853027,13.229999542236328,13.399999618530273,1097200
2015-01-20,13.460000038146973,14.210000038146973,13.460000038146973,13.729999542236328,2498000
2015-01-21,13.649999618530273,14.819999694824219,13.600000381469727,14.579999923706055,2771300
2015-01-22,14.350000381469727,14.829999923706055,14.069999694824219,14.149999618530273,3131100
2015-01-23,13.600000381469727,13.600000381469727,12.479999542236328,12.670000076293945,2861700
2015-01-26,12.399999618530273,12.9399995803833,12.069999694824219,12.220000267028809,3767500
2015-01-27,11.770000457763672,12.100000381469727,10.829999923706055,12.039999961853027,5710200
2015-01-28,12.029999732971191,12.520000457763672,11.710000038146973,11.9399995803833,2474900
2015-01-29,11.829999923706055,11.880000114440918,11.09000015258789,11.300000190734863,3675400
2015-01-30,11.789999961853027,11.789999961853027,11.140000343322754,11.59000015258789,3013300
2015-02-02,11.699999809265137,12.3100004196167,11.5600004196167,12.279999732971191,1646500
2015-02-03,13.0,13.550000190734863,12.84000015258789,13.119999885559082,3128600
2015-02-04,12.869999885559082,13.119999885559082,12.619999885559082,12.699999809265137,2477800
2015-02-05,12.899999618530273,13.210000038146973,12.640000343322754,12.960000038146973,1807600
2015-02-06,12.819999694824219,13.170000076293945,12.609999656677246,13.029999732971191,1668900
2015-02-09,12.819999694824219,13.399999618530273,12.8100004196167,12.829999923706055,1378300
2015-02-10,12.6899995803833,12.75,12.220000267028809,12.4399995803833,1878300
2015-02-11,12.449999809265137,12.65999984741211,12.350000381469727,12.460000038146973,1922100
2015-02-12,12.930000305175781,13.319999694824219,12.729999542236328,13.289999961853027,2002300
2015-02-13,13.489999771118164,13.930000305175781,13.460000038146973,13.6899995803833,1934000
2015-02-17,13.649999618530273,14.300000190734863,13.579999923706055,13.829999923706055,2145500
2015-02-18,13.770000457763672,14.470000267028809,13.760000228881836,14.329999923706055,3073300
2015-02-19,14.149999618530273,14.420000076293945,13.8100004196167,13.930000305175781,1715200
2015-02-20,14.0,14.100000381469727,13.670000076293945,13.989999771118164,1618800
2015-02-23,13.989999771118164,14.180000305175781,13.770000457763672,14.119999885559082,1926100
2015-02-24,14.489999771118164,15.289999961853027,14.270000457763672,15.210000038146973,3016100
2015-02-25,15.09000015258789,15.199999809265137,14.859999656677246,15.119999885559082,2408200
2015-02-26,15.550000190734863,16.09000015258789,15.40999984741211,15.789999961853027,3400400
2015-02-27,15.5600004196167,16.040000915527344,15.529999732971191,15.850000381469727,3180600
2015-03-02,16.280000686645508,16.43000030517578,15.569999694824219,15.760000228881836,1954100
2015-03-03,15.84000015258789,15.84000015258789,15.199999809265137,15.470000267028809,3006500
2015-03-04,15.279999732971191,15.829999923706055,15.149999618530273,15.350000381469727,3632800
2015-03-05,15.619999885559082,15.65999984741211,15.369999885559082,15.369999885559082,1415400
2015-03-06,15.199999809265137,15.25,14.960000038146973,15.050000190734863,4027500
2015-03-09,15.199999809265137,15.489999771118164,15.039999961853027,15.300000190734863,1832600
2015-03-10,14.770000457763672,14.770000457763672,14.15999984741211,14.229999542236328,2154700
2015-03-11,14.149999618530273,14.149999618530273,13.510000228881836,13.739999771118164,2239900
2015-03-12,14.210000038146973,14.449999809265137,13.680000305175781,13.8100004196167,2145800
2015-03-13,13.539999961853027,13.979999542236328,13.460000038146973,13.859999656677246,1389300
2015-03-16,13.630000114440918,13.970000267028809,13.520000457763672,13.770000457763672,1361900
2015-03-17,13.520000457763672,13.899999618530273,13.4399995803833,13.859999656677246,1744600
2015-03-18,13.479999542236328,13.760000228881836,12.979999542236328,13.569999694824219,2923300
2015-03-19,13.5,14.050000190734863,13.390000343322754,13.59000015258789,1943600
2015-03-20,14.0600004196167,16.0,14.0600004196167,15.010000228881836,5240300
2015-03-23,15.25,15.789999961853027,15.050000190734863,15.640000343322754,1647400
2015-03-24,15.210000038146973,15.6899995803833,15.109999656677246,15.380000114440918,1362800
2015-03-25,15.300000190734863,15.699999809265137,14.869999885559082,14.899999618530273,1775400
2015-03-26,15.109999656677246,15.8100004196167,14.899999618530273,14.989999771118164,3458500
2015-03-27,14.710000038146973,15.380000114440918,14.220000267028809,14.800000190734863,2065600
2015-03-30,14.680000305175781,15.640000343322754,14.550000190734863,15.25,2410700
2015-03-31,15.180000305175781,15.40999984741211,14.949999809265137,15.350000381469727,2343200
2015-04-01,15.510000228881836,15.75,15.319999694824219,15.6899995803833,2227400
2015-04-02,15.529999732971191,16.15999984741211,15.350000381469727,16.1200008392334,2395100
2015-04-06,16.3799991607666,16.399999618530273,16.0,16.1299991607666,943300
2015-04-07,16.149999618530273,16.59000015258789,16.149999618530273,16.489999771118164,1389300
2015-04-08,16.549999237060547,17.209999084472656,16.549999237060547,16.809999465942383,2013000
2015-04-09,16.959999084472656,17.100000381469727,16.229999542236328,16.6299991607666,1991800
2015-04-10,16.479999542236328,16.790000915527344,16.020000457763672,16.190000534057617,1718500
2015-04-13,16.040000915527344,16.049999237060547,15.470000267028809,15.680000305175781,2285700
2015-04-14,16.0,16.1200008392334,15.649999618530273,15.859999656677246,2114500
2015-04-15,16.010000228881836,16.399999618530273,15.970000267028809,16.18000030517578,2342200
2015-04-16,16.200000762939453,16.5,15.890000343322754,16.0,2108600
2015-04-17,15.880000114440918,16.049999237060547,15.369999885559082,15.550000190734863,1741100
2015-04-20,15.329999923706055,16.709999084472656,15.319999694824219,16.6200008392334,2252400
2015-04-21,16.6299991607666,16.6299991607666,16.0,16.09000015258789,2245700
2015-04-22,15.829999923706055,16.18000030517578,15.789999961853027,16.049999237060547,1281000
2015-04-23,16.100000381469727,16.600000381469727,16.040000915527344,16.549999237060547,1651900
2015-04-24,17.020000457763672,17.610000610351562,17.0,17.540000915527344,1918000
2015-04-27,17.739999771118164,18.75,17.670000076293945,18.700000762939453,3190100
2015-04-28,18.469999313354492,18.610000610351562,18.350000381469727,18.450000762939453,2603300
2015-04-29,18.190000534057617,18.440000534057617,18.030000686645508,18.299999237060547,1217700
2015-04-30,18.31999969482422,18.649999618530273,17.700000762939453,18.479999542236328,5673800
2015-05-01,18.729999542236328,19.829999923706055,18.56999969482422,19.520000457763672,3885600
2015-05-04,19.399999618530273,19.399999618530273,18.549999237060547,18.829999923706055,2500000
2015-05-05,18.709999084472656,19.020000457763672,18.290000915527344,18.350000381469727,2501800
2015-05-06,18.200000762939453,18.219999313354492,17.229999542236328,18.209999084472656,2554800
2015-05-07,17.700000762939453,18.5,17.600000381469727,18.5,2219300
2015-05-08,18.420000076293945,18.68000030517578,18.260000228881836,18.260000228881836,2237300
2015-05-11,18.170000076293945,18.600000381469727,17.8700008392334,18.040000915527344,1766100
2015-05-12,17.68000030517578,18.549999237060547,17.670000076293945,18.40999984741211,2885000
2015-05-13,18.56999969482422,18.56999969482422,17.770000457763672,18.09000015258789,1628500
2015-05-14,18.280000686645508,18.540000915527344,18.15999984741211,18.440000534057617,1815000
2015-05-15,18.489999771118164,18.690000534057617,18.219999313354492,18.639999389648438,2201000
2015-05-19,18.450000762939453,18.450000762939453,17.34000015258789,17.450000762939453,2231700
2015-05-20,17.549999237060547,17.8799991607666,17.149999618530273,17.25,1117600
2015-05-21,16.25,16.600000381469727,16.25,16.260000228881836,5089300
2015-05-22,16.399999618530273,16.729999542236328,16.329999923706055,16.450000762939453,3866100
2015-05-25,16.489999771118164,16.489999771118164,16.139999389648438,16.350000381469727,392100
2015-05-26,16.190000534057617,16.5,15.899999618530273,16.15999984741211,1867800
2015-05-27,16.190000534057617,16.459999084472656,16.1299991607666,16.329999923706055,1156500
2015-05-28,16.25,16.25,15.9399995803833,16.229999542236328,1029400
2015-05-29,16.219999313354492,16.34000015258789,15.930000305175781,16.079999923706055,2279200
2015-06-01,16.149999618530273,16.299999237060547,15.979999542236328,16.290000915527344,1969500
2015-06-02,16.43000030517578,17.489999771118164,16.3700008392334,17.100000381469727,2738600
2015-06-03,17.25,18.0,17.049999237060547,17.969999313354492,6739400
2015-06-04,17.760000228881836,18.0,17.18000030517578,17.329999923706055,4478800
2015-06-05,17.440000534057617,17.739999771118164,17.280000686645508,17.290000915527344,9890400
2015-06-08,17.1200008392334,17.260000228881836,16.579999923706055,16.93000030517578,2569000
2015-06-09,17.43000030517578,17.959999084472656,17.209999084472656,17.8700008392334,2040900
2015-06-10,18.010000228881836,18.559999465942383,17.65999984741211,17.700000762939453,2901600
2015-06-11,17.559999465942383,17.639999389648438,16.979999542236328,17.079999923706055,1895600
2015-06-12,17.209999084472656,17.59000015258789,17.040000915527344,17.469999313354492,2116100
2015-06-15,17.25,17.440000534057617,17.040000915527344,17.219999313354492,992900
2015-06-16,17.280000686645508,17.360000610351562,16.8700008392334,17.290000915527344,1992800
2015-06-17,17.18000030517578,17.5,17.1200008392334,17.469999313354492,1347400
2015-06-18,17.610000610351562,17.729999542236328,17.219999313354492,17.389999389648438,1286500
2015-06-19,17.15999984741211,17.299999237060547,16.760000228881836,16.809999465942383,8216900
2015-06-22,16.670000076293945,17.18000030517578,16.649999618530273,16.920000076293945,1667600
2015-06-23,17.100000381469727,17.639999389648438,16.940000534057617,17.59000015258789,2024700
2015-06-24,17.860000610351562,18.510000228881836,17.760000228881836,18.139999389648438,2954300
2015-06-25,18.100000381469727,18.100000381469727,17.1299991607666,17.280000686645508,3204400
2015-06-26,17.399999618530273,17.459999084472656,16.829999923706055,17.100000381469727,2485300
2015-06-29,16.790000915527344,17.190000534057617,16.790000915527344,16.8700008392334,1762600
2015-06-30,16.889999389648438,16.90999984741211,16.31999969482422,16.329999923706055,2093600
2015-07-02,16.3799991607666,16.75,15.890000343322754,16.31999969482422,1892500
2015-07-03,16.079999923706055,16.5,16.06999969482422,16.3799991607666,487000
2015-07-06,15.5,16.15999984741211,15.020000457763672,15.84000015258789,3590000
2015-07-07,15.479999542236328,15.5,13.770000457763672,15.020000457763672,6041900
2015-07-08,15.15999984741211,15.779999732971191,14.470000267028809,14.729999542236328,6770700
2015-07-09,15.579999923706055,15.829999923706055,14.970000267028809,15.40999984741211,3316300
2015-07-10,15.579999923706055,15.800000190734863,15.279999732971191,15.579999923706055,1551600
2015-07-13,15.5,16.479999542236328,15.4399995803833,16.43000030517578,2263400
2015-07-14,16.219999313354492,16.329999923706055,15.920000076293945,16.020000457763672,2308500
2015-07-15,16.0,16.15999984741211,15.59000015258789,15.619999885559082,4016700
2015-07-16,15.729999542236328,15.800000190734863,13.970000267028809,14.670000076293945,7873300
2015-07-17,14.3100004196167,14.770000457763672,14.050000190734863,14.210000038146973,2982600
2015-07-20,13.970000267028809,14.350000381469727,13.720000267028809,13.899999618530273,2128300
2015-07-21,14.210000038146973,14.520000457763672,13.880000114440918,13.989999771118164,2875300
2015-07-22,13.819999694824219,13.819999694824219,13.010000228881836,13.369999885559082,2799000
2015-07-23,13.40999984741211,13.420000076293945,12.289999961853027,12.289999961853027,5094400
2015-07-24,12.0,12.149999618530273,11.529999732971191,12.010000228881836,4369800
2015-07-27,11.529999732971191,12.020000457763672,10.90999984741211,11.5600004196167,3675900
2015-07-28,11.40999984741211,11.430000305175781,10.729999542236328,11.0600004196167,6408200
2015-07-29,11.260000228881836,11.369999885559082,10.949999809265137,11.300000190734863,5234200
2015-07-30,10.869999885559082,10.899999618530273,9.710000038146973,10.119999885559082,7789600
2015-07-31,10.300000190734863,10.569999694824219,10.100000381469727,10.449999809265137,5130700
2015-08-04,10.170000076293945,10.25,9.8100004196167,10.130000114440918,3752600
2015-08-05,10.329999923706055,10.640000343322754,9.390000343322754,9.489999771118164,5265300
2015-08-06,9.270000457763672,10.34000015258789,9.270000457763672,10.279999732971191,5495100
2015-08-07,10.15999984741211,10.40999984741211,9.760000228881836,9.920000076293945,3589000
2015-08-10,10.220000267028809,10.579999923706055,9.880000114440918,10.579999923706055,3146100
2015-08-11,9.770000457763672,9.869999885559082,9.350000381469727,9.760000228881836,3700700
2015-08-12,9.65999984741211,9.850000381469727,9.430000305175781,9.710000038146973,2686600
2015-08-13,9.890000343322754,9.890000343322754,9.140000343322754,9.3100004196167,3079500
2015-08-14,9.210000038146973,9.369999885559082,8.729999542236328,8.899999618530273,2906800
2015-08-17,8.729999542236328,8.729999542236328,8.069999694824219,8.470000267028809,4270200
2015-08-18,8.180000305175781,8.460000038146973,7.260000228881836,7.650000095367432,7874700
2015-08-19,7.320000171661377,7.840000152587891,7.21999979019165,7.630000114440918,6613000
2015-08-20,7.869999885559082,8.390000343322754,7.329999923706055,7.329999923706055,7409100
2015-08-21,7.199999809265137,7.480000019073486,6.78000020980835,6.789999961853027,5004600
2015-08-24,6.139999866485596,6.730000019073486,5.75,6.5,7411400
2015-08-25,7.059999942779541,7.199999809265137,6.559999942779541,6.599999904632568,3854300
2015-08-26,6.71999979019165,6.800000190734863,5.829999923706055,6.019999980926514,5957700
2015-08-27,6.28000020980835,7.070000171661377,6.139999866485596,6.869999885559082,10865800
2015-08-28,6.800000190734863,7.239999771118164,6.599999904632568,7.050000190734863,8818700
2015-08-31,6.849999904632568,7.03000020980835,6.460000038146973,6.860000133514404,5695900
2015-09-01,6.510000228881836,6.550000190734863,6.110000133514404,6.139999866485596,4964100
2015-09-02,6.449999809265137,6.46999979019165,6.050000190734863,6.400000095367432,3986800
2015-09-03,6.75,7.349999904632568,6.579999923706055,6.619999885559082,6125800
2015-09-04,6.420000076293945,6.449999809265137,6.119999885559082,6.199999809265137,4757500
2015-09-08,6.989999771118164,7.670000076293945,6.900000095367432,7.619999885559082,8410400
2015-09-09,7.929999828338623,8.029999732971191,7.190000057220459,7.199999809265137,7778300
2015-09-10,7.25,7.71999979019165,7.25,7.679999828338623,5618300
2015-09-11,7.480000019073486,7.880000114440918,7.429999828338623,7.75,5744700
2015-09-14,7.539999961853027,7.699999809265137,6.980000019073486,7.119999885559082,3178200
2015-09-15,7.039999961853027,7.369999885559082,7.0,7.079999923706055,2213700
2015-09-16,7.260000228881836,7.599999904632568,7.150000095367432,7.53000020980835,4511000
2015-09-17,7.5,7.849999904632568,7.369999885559082,7.590000152587891,6005600
2015-09-18,7.400000095367432,7.400000095367432,6.849999904632568,6.949999809265137,9442000
2015-09-21,6.940000057220459,6.949999809265137,6.130000114440918,6.300000190734863,4540700
2015-09-22,5.820000171661377,5.929999828338623,5.53000020980835,5.789999961853027,7653600
2015-09-23,5.789999961853027,5.840000152587891,5.5,5.550000190734863,4696000
2015-09-24,5.400000095367432,5.670000076293945,5.230000019073486,5.539999961853027,8977000
2015-09-25,5.550000190734863,5.619999885559082,5.349999904632568,5.46999979019165,5639400
2015-09-28,5.110000133514404,5.110000133514404,4.519999980926514,4.650000095367432,7418800
2015-09-29,4.849999904632568,5.079999923706055,4.579999923706055,4.650000095367432,6968800
2015-09-30,5.010000228881836,5.289999961853027,4.789999961853027,4.889999866485596,8229200
2015-10-01,5.050000190734863,5.289999961853027,4.849999904632568,4.889999866485596,5032400
2015-10-02,4.789999961853027,5.289999961853027,4.710000038146973,5.230000019073486,5328300
2015-10-05,5.489999771118164,6.449999809265137,5.46999979019165,6.190000057220459,8229800
2015-10-06,6.809999942779541,7.539999961853027,6.809999942779541,7.489999771118164,12536500
2015-10-07,8.069999694824219,8.930000305175781,8.050000190734863,8.850000381469727,10535600
2015-10-08,8.369999885559082,8.600000381469727,7.900000095367432,8.5600004196167,7924400
2015-10-09,9.800000190734863,10.329999923706055,8.569999694824219,8.630000114440918,9885000
2015-10-13,7.909999847412109,8.029999732971191,7.659999847412109,7.769999980926514,8325800
2015-10-14,7.829999923706055,7.889999866485596,7.480000019073486,7.510000228881836,7053800
2015-10-15,7.619999885559082,7.989999771118164,7.489999771118164,7.809999942779541,5915900
2015-10-16,7.809999942779541,7.820000171661377,7.510000228881836,7.510000228881836,3902400
2015-10-19,7.289999961853027,7.389999866485596,6.539999961853027,6.829999923706055,5352100
2015-10-20,6.75,7.429999828338623,6.739999771118164,6.920000076293945,5072300
2015-10-21,6.820000171661377,7.230000019073486,6.739999771118164,7.199999809265137,3475600
2015-10-22,7.210000038146973,7.699999809265137,7.210000038146973,7.480000019073486,7312800
2015-10-23,7.769999980926514,8.220000267028809,7.449999809265137,7.670000076293945,7867000
2015-10-26,7.739999771118164,7.75,7.460000038146973,7.539999961853027,4167200
2015-10-27,7.429999828338623,7.679999828338623,7.260000228881836,7.559999942779541,3838100
2015-10-28,7.550000190734863,7.900000095367432,7.300000190734863,7.460000038146973,5112400
2015-10-29,7.320000171661377,7.389999866485596,6.630000114440918,6.659999847412109,5134100
2015-10-30,6.800000190734863,7.099999904632568,6.659999847412109,6.980000019073486,3393800
2015-11-02,6.949999809265137,7.300000190734863,6.860000133514404,7.239999771118164,3034800
2015-11-03,6.900000095367432,7.480000019073486,6.840000152587891,7.369999885559082,3646400
2015-11-04,7.619999885559082,8.25,7.550000190734863,7.650000095367432,11815000
2015-11-05,7.300000190734863,7.309999942779541,6.739999771118164,7.130000114440918,6860100
2015-11-06,6.769999980926514,6.96999979019165,6.710000038146973,6.860000133514404,2713700
2015-11-09,6.769999980926514,7.010000228881836,6.300000190734863,6.650000095367432,3151800
2015-11-10,6.829999923706055,6.949999809265137,6.199999809265137,6.210000038146973,4951900
2015-11-11,6.349999904632568,6.369999885559082,5.690000057220459,5.690000057220459,3690600
2015-11-12,5.079999923706055,5.460000038146973,4.880000114440918,5.260000228881836,7357400
2015-11-13,5.28000020980835,5.409999847412109,5.099999904632568,5.21999979019165,4109700
2015-11-16,5.119999885559082,5.25,4.900000095367432,4.980000019073486,5145000
2015-11-17,5.019999980926514,5.289999961853027,4.920000076293945,5.099999904632568,4802400
2015-11-18,5.159999847412109,5.389999866485596,5.110000133514404,5.239999771118164,3798600
2015-11-19,5.25,5.340000152587891,5.199999809265137,5.269999980926514,2119500
2015-11-20,5.349999904632568,5.460000038146973,4.800000190734863,4.820000171661377,4815500
2015-11-23,4.679999828338623,4.730000019073486,4.409999847412109,4.539999961853027,3596800
2015-11-24,4.659999847412109,4.96999979019165,4.639999866485596,4.889999866485596,5191300
2015-11-25,4.849999904632568,5.099999904632568,4.75,4.809999942779541,4317300
2015-11-26,5.019999980926514,5.190000057220459,4.960000038146973,5.119999885559082,1834100
2015-11-27,4.920000076293945,4.96999979019165,4.739999771118164,4.800000190734863,2189200
2015-11-30,4.800000190734863,4.900000095367432,4.760000228881836,4.860000133514404,5253900
2015-12-01,5.0,5.139999866485596,4.889999866485596,5.110000133514404,5837700
2015-12-02,5.059999942779541,5.210000038146973,4.900000095367432,5.010000228881836,7305400
2015-12-03,4.96999979019165,5.179999828338623,4.920000076293945,4.980000019073486,5758700
2015-12-04,5.019999980926514,5.070000171661377,4.809999942779541,4.960000038146973,4787200
2015-12-07,4.900000095367432,4.900000095367432,4.349999904632568,4.409999847412109,5521100
2015-12-08,4.25,4.489999771118164,4.03000020980835,4.400000095367432,7055800
2015-12-09,4.670000076293945,4.840000152587891,4.400000095367432,4.760000228881836,7943300
2015-12-10,4.699999809265137,4.980000019073486,4.619999885559082,4.940000057220459,7355700
2015-12-11,4.849999904632568,4.889999866485596,4.380000114440918,4.440000057220459,6645600
2015-12-14,4.449999809265137,4.590000152587891,3.819999933242798,3.930000066757202,8108800
2015-12-15,4.0,4.119999885559082,3.7799999713897705,3.7799999713897705,6647100
2015-12-16,3.890000104904175,4.099999904632568,3.8299999237060547,4.03000020980835,10745400
2015-12-17,3.890000104904175,4.019999980926514,3.75,3.869999885559082,7309100
2015-12-18,4.110000133514404,4.639999866485596,4.010000228881836,4.599999904632568,15601300
2015-12-21,4.699999809265137,4.96999979019165,4.519999980926514,4.809999942779541,6803800
2015-12-22,4.760000228881836,5.239999771118164,4.659999847412109,5.119999885559082,6267700
2015-12-23,5.320000171661377,6.199999809265137,5.25,6.0,14746100
2015-12-24,5.929999828338623,6.039999961853027,5.519999980926514,5.809999942779541,3045400
2015-12-29,5.639999866485596,5.679999828338623,5.369999885559082,5.519999980926514,3915400
2015-12-30,5.380000114440918,5.489999771118164,5.159999847412109,5.199999809265137,2937100
2015-12-31,5.159999847412109,5.28000020980835,5.070000171661377,5.179999828338623,2446100
2016-01-04,4.78000020980835,5.170000076293945,4.699999809265137,5.110000133514404,5149500
2016-01-05,5.099999904632568,5.369999885559082,5.090000152587891,5.260000228881836,3837400
2016-01-06,4.980000019073486,5.079999923706055,4.710000038146973,4.769999980926514,5972100
2016-01-07,4.400000095367432,4.550000190734863,4.119999885559082,4.380000114440918,8141900
2016-01-08,4.510000228881836,4.559999942779541,4.239999771118164,4.239999771118164,3045400
2016-01-11,4.110000133514404,4.139999866485596,3.7100000381469727,3.8399999141693115,7381900
2016-01-12,3.9700000286102295,3.9700000286102295,3.0999999046325684,3.5,10527100
2016-01-13,3.8499999046325684,3.9200000762939453,3.2799999713897705,3.319999933242798,9931100
2016-01-14,3.4700000286102295,3.4800000190734863,3.25,3.380000114440918,10367200
2016-01-15,3.0299999713897705,3.140000104904175,2.869999885559082,3.0899999141693115,8288700
2016-01-18,3.1500000953674316,3.299999952316284,3.049999952316284,3.0999999046325684,2982000
2016-01-19,3.4100000858306885,3.5,2.7100000381469727,2.8499999046325684,6539200
2016-01-20,2.6500000953674316,3.009999990463257,2.1500000953674316,2.7200000286102295,15765800
2016-01-21,2.819999933242798,3.240000009536743,2.6600000858306885,2.7200000286102295,14228900
2016-01-22,3.0999999046325684,3.25,2.5299999713897705,2.5799999237060547,11275500
2016-01-25,2.5899999141693115,2.6700000762939453,2.4600000381469727,2.490000009536743,5261100
2016-01-26,2.7300000190734863,2.75,2.450000047683716,2.5,7525900
2016-01-27,2.450000047683716,2.759999990463257,2.359999895095825,2.5999999046325684,12333900
2016-01-28,2.700000047683716,2.809999942779541,2.4700000286102295,2.609999895095825,9441800
2016-01-29,2.690000057220459,3.0299999713897705,2.5999999046325684,3.0299999713897705,10837300
2016-02-01,2.9000000953674316,3.240000009536743,2.880000114440918,3.049999952316284,9020900
2016-02-02,3.0,3.0199999809265137,2.609999895095825,2.6600000858306885,7963800
2016-02-03,2.799999952316284,3.059999942779541,2.7100000381469727,3.0199999809265137,10579100
2016-02-04,3.1500000953674316,4.070000171661377,3.1500000953674316,4.050000190734863,16177900
2016-02-05,3.75,3.990000009536743,3.5999999046325684,3.930000066757202,9952500
2016-02-08,3.75,3.9800000190734863,3.6500000953674316,3.690000057220459,5084300
2016-02-09,3.319999933242798,3.430000066757202,3.130000114440918,3.2899999618530273,8097400
2016-02-10,3.309999942779541,3.3299999237060547,2.890000104904175,2.9200000762939453,7892800
2016-02-11,2.799999952316284,2.940000057220459,2.7100000381469727,2.940000057220459,5914900
2016-02-12,3.2100000381469727,3.3499999046325684,3.140000104904175,3.2899999618530273,6958500
2016-02-16,3.5899999141693115,4.019999980926514,3.380000114440918,3.9100000858306885,9461500
2016-02-17,3.5899999141693115,4.960000038146973,3.380000114440918,4.909999847412109,12003600
2016-02-18,4.630000114440918,4.769999980926514,4.059999942779541,4.360000133514404,14124200
2016-02-19,4.639999866485596,4.840000152587891,4.360000133514404,4.579999923706055,11595700
2016-02-22,5.050000190734863,5.300000190734863,4.590000152587891,4.699999809265137,12987100
2016-02-23,4.659999847412109,4.849999904632568,4.340000152587891,4.340000152587891,6704600
2016-02-24,4.659999847412109,4.659999847412109,3.859999895095825,4.46999979019165,10406800
2016-02-25,4.360000133514404,4.630000114440918,4.199999809265137,4.599999904632568,7252700
2016-02-26,5.090000152587891,5.119999885559082,4.809999942779541,4.860000133514404,7774000
2016-02-29,4.909999847412109,5.039999961853027,4.829999923706055,4.929999828338623,5488100
2016-03-01,5.010000228881836,5.269999980926514,4.889999866485596,5.190000057220459,7342700
2016-03-02,5.400000095367432,6.710000038146973,5.320000171661377,6.619999885559082,20482200
2016-03-03,6.5,7.389999866485596,6.269999980926514,6.639999866485596,21404600
2016-03-04,6.96999979019165,7.619999885559082,6.909999847412109,7.039999961853027,21950300
2016-03-07,7.159999847412109,7.650000095367432,7.119999885559082,7.289999961853027,12998600
2016-03-08,6.679999828338623,6.730000019073486,5.769999980926514,6.119999885559082,17299200
2016-03-09,6.309999942779541,6.420000076293945,5.840000152587891,6.260000228881836,10540500
2016-03-10,6.889999866485596,7.239999771118164,6.630000114440918,7.090000152587891,13594000
2016-03-11,7.320000171661377,7.570000171661377,7.119999885559082,7.369999885559082,9470500
2016-03-14,7.21999979019165,8.100000381469727,7.039999961853027,8.0,8762700
2016-03-15,7.440000057220459,7.78000020980835,7.269999980926514,7.650000095367432,9564600
2016-03-16,7.809999942779541,8.510000228881836,7.53000020980835,8.470000267028809,10960900
2016-03-17,8.800000190734863,8.869999885559082,8.109999656677246,8.210000038146973,11435300
2016-03-18,8.329999923706055,8.630000114440918,8.170000076293945,8.390000343322754,16546100
2016-03-21,8.479999542236328,8.529999732971191,8.220000267028809,8.399999618530273,6569800
2016-03-22,8.210000038146973,8.4399995803833,8.140000343322754,8.270000457763672,5364700
2016-03-23,8.079999923706055,8.09000015258789,6.690000057220459,6.920000076293945,11829300
2016-03-24,6.550000190734863,7.150000095367432,6.409999847412109,6.989999771118164,6450600
2016-03-28,7.019999980926514,7.059999942779541,6.5,6.789999961853027,4959300
2016-03-29,6.360000133514404,6.960000038146973,6.320000171661377,6.909999847412109,5336900
2016-03-30,7.0,7.230000019073486,6.699999809265137,6.75,6329600
2016-03-31,6.789999961853027,7.03000020980835,6.699999809265137,6.840000152587891,4333100
2016-04-01,6.519999980926514,6.920000076293945,6.420000076293945,6.809999942779541,3721100
2016-04-04,6.78000020980835,6.989999771118164,6.300000190734863,6.409999847412109,4789500
2016-04-05,6.289999961853027,6.579999923706055,6.139999866485596,6.440000057220459,5196600
2016-04-06,6.5,6.599999904632568,6.28000020980835,6.420000076293945,4419800
2016-04-07,6.090000152587891,6.21999979019165,5.380000114440918,5.539999961853027,10321200
2016-04-08,5.739999771118164,6.449999809265137,5.630000114440918,6.28000020980835,9665500
2016-04-11,6.599999904632568,6.730000019073486,6.420000076293945,6.489999771118164,4462100
2016-04-12,6.690000057220459,7.269999980926514,6.690000057220459,7.190000057220459,11969500
2016-04-13,7.519999980926514,7.840000152587891,7.0,7.139999866485596,8231300
2016-04-14,7.360000133514404,7.400000095367432,6.889999866485596,7.179999828338623,5681800
2016-04-15,6.860000133514404,7.349999904632568,6.800000190734863,7.139999866485596,5201600
2016-04-18,7.0,7.699999809265137,7.0,7.630000114440918,7000400
2016-04-19,7.800000190734863,8.84000015258789,7.789999961853027,8.829999923706055,12397500
2016-04-20,8.720000267028809,9.119999885559082,8.680000305175781,8.890000343322754,11632700
2016-04-21,9.260000228881836,9.359999656677246,8.550000190734863,8.600000381469727,12570300
2016-04-22,8.770000457763672,9.229999542236328,8.640000343322754,8.760000228881836,9854900
2016-04-25,8.699999809265137,8.8100004196167,8.329999923706055,8.470000267028809,5912700
2016-04-26,8.470000267028809,8.8100004196167,8.15999984741211,8.630000114440918,6714400
2016-04-27,8.619999885559082,9.489999771118164,8.569999694824219,9.319999694824219,7866200
2016-04-28,9.420000076293945,9.779999732971191,9.010000228881836,9.15999984741211,10604600
2016-04-29,9.979999542236328,11.579999923706055,9.949999809265137,10.6899995803833,18511100
2016-05-02,11.359999656677246,11.359999656677246,10.350000381469727,10.640000343322754,9041300
2016-05-03,10.149999618530273,10.300000190734863,9.819999694824219,10.100000381469727,9475800
2016-05-04,9.819999694824219,10.100000381469727,9.180000305175781,9.289999961853027,7495600
2016-05-05,9.390000343322754,9.529999732971191,8.960000038146973,9.239999771118164,8377900
2016-05-06,9.050000190734863,9.960000038146973,9.010000228881836,9.3100004196167,8386200
2016-05-09,8.670000076293945,8.680000305175781,7.96999979019165,7.980000019073486,8094600
2016-05-10,8.100000381469727,8.59000015258789,7.949999809265137,8.529999732971191,7512200
2016-05-11,9.050000190734863,9.34000015258789,8.819999694824219,9.229999542236328,8939900
2016-05-12,9.40999984741211,9.489999771118164,8.550000190734863,8.739999771118164,8473500
2016-05-13,8.699999809265137,8.739999771118164,8.239999771118164,8.380000114440918,6454600
2016-05-16,8.600000381469727,9.039999961853027,8.59000015258789,8.699999809265137,5651800
2016-05-17,8.720000267028809,9.25,8.40999984741211,9.220000267028809,7400000
2016-05-18,8.699999809265137,9.130000114440918,8.510000228881836,8.729999542236328,9973300
2016-05-19,8.319999694824219,8.819999694824219,8.09000015258789,8.619999885559082,8259600
2016-05-20,8.859999656677246,9.039999961853027,8.609999656677246,8.619999885559082,5880300
2016-05-24,8.75,8.880000114440918,8.180000305175781,8.229999542236328,5244700
2016-05-25,8.539999961853027,8.699999809265137,8.319999694824219,8.609999656677246,5886400
2016-05-26,8.859999656677246,9.029999732971191,8.630000114440918,8.720000267028809,7413700
2016-05-27,8.720000267028809,9.010000228881836,8.59000015258789,8.920000076293945,6164800
2016-05-30,8.819999694824219,8.850000381469727,8.720000267028809,8.800000190734863,1374900
2016-05-31,8.869999885559082,9.170000076293945,8.600000381469727,8.600000381469727,8020300
2016-06-01,8.489999771118164,8.699999809265137,8.1899995803833,8.65999984741211,6808900
2016-06-02,8.430000305175781,8.65999984741211,8.3100004196167,8.600000381469727,4820300
2016-06-03,8.949999809265137,9.239999771118164,8.949999809265137,9.149999618530273,7657600
2016-06-06,9.390000343322754,10.199999809265137,9.390000343322754,10.0600004196167,8401200
2016-06-07,9.550000190734863,9.930000305175781,9.40999984741211,9.680000305175781,9026700
2016-06-08,9.989999771118164,10.34000015258789,9.899999618530273,9.949999809265137,9092300
2016-06-09,9.529999732971191,9.630000114440918,9.079999923706055,9.180000305175781,8689200
2016-06-10,8.859999656677246,8.90999984741211,8.579999923706055,8.630000114440918,7013100
2016-06-13,8.529999732971191,8.949999809265137,8.529999732971191,8.770000457763672,4841800
2016-06-14,8.640000343322754,8.760000228881836,7.769999980926514,8.170000076293945,8857900
2016-06-15,8.539999961853027,8.829999923706055,8.420000076293945,8.640000343322754,7943400
2016-06-16,8.229999542236328,8.569999694824219,8.109999656677246,8.5,5839400
2016-06-17,8.5,8.859999656677246,8.449999809265137,8.770000457763672,9769400
2016-06-20,9.210000038146973,9.319999694824219,8.989999771118164,9.270000457763672,6080000
2016-06-21,9.25,9.25,8.819999694824219,9.149999618530273,4099700
2016-06-22,9.300000190734863,9.479999542236328,9.130000114440918,9.34000015258789,4184000
2016-06-23,9.5,9.949999809265137,9.449999809265137,9.829999923706055,5062000
2016-06-24,8.5,9.279999732971191,8.369999885559082,8.850000381469727,8949500
2016-06-27,8.729999542236328,8.890000343322754,8.109999656677246,8.239999771118164,6440100
2016-06-28,8.729999542236328,8.90999984741211,8.569999694824219,8.890000343322754,8280100
2016-06-29,9.09000015258789,9.319999694824219,9.0,9.239999771118164,7174700
2016-06-30,9.180000305175781,9.3100004196167,8.970000267028809,9.069999694824219,8283000
2016-07-04,9.539999961853027,10.020000457763672,9.520000457763672,9.869999885559082,6129800
2016-07-05,9.699999809265137,9.789999961853027,9.319999694824219,9.40999984741211,7591900
2016-07-06,9.210000038146973,9.270000457763672,9.039999961853027,9.130000114440918,8775200
2016-07-07,9.270000457763672,9.390000343322754,9.140000343322754,9.210000038146973,7994500
2016-07-08,9.3100004196167,9.569999694824219,9.25,9.289999961853027,5044200
2016-07-11,9.710000038146973,9.890000343322754,9.619999885559082,9.75,7193700
2016-07-12,10.09000015258789,10.8100004196167,10.09000015258789,10.779999732971191,8672600
2016-07-13,11.180000305175781,11.300000190734863,10.75,10.90999984741211,7933400
2016-07-14,11.25,11.25,10.779999732971191,10.899999618530273,4319500
2016-07-15,10.880000114440918,10.920000076293945,10.020000457763672,10.210000038146973,6001500
2016-07-18,10.069999694824219,10.430000305175781,9.90999984741211,10.40999984741211,5191200
2016-07-19,10.4399995803833,10.449999809265137,9.970000267028809,9.979999542236328,5136100
2016-07-20,9.859999656677246,10.25,9.529999732971191,10.0,5871200
2016-07-21,10.100000381469727,10.630000114440918,9.930000305175781,10.039999961853027,7173100
2016-07-22,10.050000190734863,10.140000343322754,9.729999542236328,9.989999771118164,3905900
2016-07-25,10.079999923706055,10.079999923706055,9.649999618530273,10.029999732971191,3795100
2016-07-26,9.90999984741211,10.59000015258789,9.850000381469727,10.479999542236328,5737300
2016-07-27,10.489999771118164,10.619999885559082,9.960000038146973,10.399999618530273,5592300
2016-07-28,11.029999732971191,11.449999809265137,10.899999618530273,11.350000381469727,14051600
2016-07-29,11.380000114440918,11.4399995803833,11.079999923706055,11.289999961853027,5084800
2016-08-02,11.25,11.4399995803833,11.199999809265137,11.270000457763672,5149200
2016-08-03,11.100000381469727,11.3100004196167,10.859999656677246,11.289999961853027,4323900
2016-08-04,11.0,11.619999885559082,10.989999771118164,11.470000267028809,4736800
2016-08-05,11.40999984741211,11.569999694824219,11.270000457763672,11.470000267028809,4326000
2016-08-08,11.699999809265137,12.260000228881836,11.520000457763672,11.920000076293945,5372400
2016-08-09,12.029999732971191,12.029999732971191,11.729999542236328,11.8100004196167,3427000
2016-08-10,12.199999809265137,12.25,11.970000267028809,12.029999732971191,4287600
2016-08-11,12.09000015258789,12.15999984741211,11.90999984741211,12.050000190734863,3098900
2016-08-12,11.850000381469727,11.869999885559082,11.59000015258789,11.670000076293945,4336100
2016-08-15,11.75,12.0,11.729999542236328,11.989999771118164,3227200
2016-08-16,12.0600004196167,12.149999618530273,11.920000076293945,12.100000381469727,3115600
2016-08-17,11.930000305175781,12.100000381469727,11.8100004196167,11.949999809265137,3412700
2016-08-18,12.149999618530273,12.34000015258789,12.09000015258789,12.170000076293945,3302500
2016-08-19,12.100000381469727,12.109999656677246,11.880000114440918,12.039999961853027,2411400
2016-08-22,11.65999984741211,11.970000267028809,11.5,11.9399995803833,3499300
2016-08-23,12.010000228881836,12.229999542236328,11.979999542236328,12.050000190734863,3548900
2016-08-24,11.890000343322754,11.9399995803833,10.960000038146973,11.079999923706055,6655300
2016-08-25,11.0,11.130000114440918,10.720000267028809,10.84000015258789,5622400
2016-08-26,11.079999923706055,11.369999885559082,10.65999984741211,10.760000228881836,5589500
2016-08-29,10.609999656677246,10.829999923706055,10.460000038146973,10.779999732971191,3915400
2016-08-30,10.859999656677246,10.859999656677246,9.899999618530273,10.09000015258789,4780700
2016-08-31,10.0,10.079999923706055,9.630000114440918,9.9399995803833,6470500
2016-09-01,9.989999771118164,10.289999961853027,9.819999694824219,10.050000190734863,4950500
2016-09-02,10.319999694824219,10.529999732971191,10.029999732971191,10.15999984741211,4279800
2016-09-06,10.390000343322754,10.4399995803833,10.0600004196167,10.329999923706055,3790100
2016-09-07,10.300000190734863,10.550000190734863,10.199999809265137,10.550000190734863,3330400
2016-09-08,10.550000190734863,11.130000114440918,10.479999542236328,11.050000190734863,4908000
2016-09-09,10.84000015258789,10.850000381469727,10.170000076293945,10.600000381469727,5156300
2016-09-12,10.279999732971191,10.920000076293945,10.079999923706055,10.819999694824219,4882000
2016-09-13,10.710000038146973,10.75,10.039999961853027,10.109999656677246,4623400
2016-09-14,10.289999961853027,10.75,10.270000457763672,10.420000076293945,5620500
2016-09-15,10.550000190734863,10.699999809265137,10.210000038146973,10.399999618530273,4889100
2016-09-16,10.350000381469727,10.680000305175781,10.270000457763672,10.569999694824219,5645700
2016-09-19,10.699999809265137,10.699999809265137,10.380000114440918,10.539999961853027,2117700
2016-09-20,10.649999618530273,10.649999618530273,10.210000038146973,10.239999771118164,2711500
2016-09-21,10.369999885559082,10.600000381469727,10.270000457763672,10.510000228881836,2904300
2016-09-22,10.850000381469727,11.140000343322754,10.800000190734863,11.029999732971191,4367300
2016-09-23,10.949999809265137,11.239999771118164,10.569999694824219,10.899999618530273,3881400
2016-09-26,10.779999732971191,10.920000076293945,10.630000114440918,10.680000305175781,2348500
2016-09-27,10.399999618530273,10.760000228881836,10.25,10.550000190734863,3477700
2016-09-28,10.800000190734863,10.9399995803833,10.510000228881836,10.789999961853027,2978600
2016-09-29,10.789999961853027,11.010000228881836,10.710000038146973,10.8100004196167,2187500
2016-09-30,10.920000076293945,11.039999961853027,10.699999809265137,10.859999656677246,2965600
2016-10-03,10.779999732971191,11.029999732971191,10.600000381469727,10.739999771118164,2669100
2016-10-04,10.739999771118164,10.75,10.079999923706055,10.100000381469727,3528500
2016-10-05,10.220000267028809,10.649999618530273,10.170000076293945,10.479999542236328,3554600
2016-10-06,10.520000457763672,10.779999732971191,10.4399995803833,10.5600004196167,3600300
2016-10-07,10.770000457763672,10.779999732971191,10.270000457763672,10.510000228881836,2884600
2016-10-11,10.699999809265137,10.770000457763672,10.550000190734863,10.680000305175781,2630500
2016-10-12,10.699999809265137,10.819999694824219,10.619999885559082,10.729999542236328,2217800
2016-10-13,10.300000190734863,10.640000343322754,10.050000190734863,10.609999656677246,4185400
2016-10-14,10.619999885559082,10.800000190734863,10.489999771118164,10.649999618530273,2445300
2016-10-17,10.699999809265137,10.760000228881836,10.539999961853027,10.59000015258789,2029100
2016-10-18,10.75,11.640000343322754,10.680000305175781,11.619999885559082,5870600
2016-10-19,11.600000381469727,11.630000114440918,11.3100004196167,11.619999885559082,3728500
2016-10-20,11.5,11.670000076293945,11.229999542236328,11.539999961853027,3676400
2016-10-21,11.40999984741211,11.869999885559082,11.359999656677246,11.699999809265137,3457900
2016-10-24,11.850000381469727,11.880000114440918,11.510000228881836,11.789999961853027,2530600
2016-10-25,11.989999771118164,12.529999732971191,11.970000267028809,12.149999618530273,5707800
2016-10-26,12.149999618530273,12.369999885559082,11.930000305175781,12.210000038146973,3723800
2016-10-27,12.300000190734863,12.34000015258789,11.930000305175781,12.100000381469727,3644200
2016-10-28,11.90999984741211,12.6899995803833,11.890000343322754,12.239999771118164,5986200
2016-10-31,12.40999984741211,12.829999923706055,12.279999732971191,12.739999771118164,5018200
2016-11-01,12.890000343322754,12.960000038146973,12.149999618530273,12.430000305175781,6217800
2016-11-02,12.399999618530273,12.520000457763672,11.739999771118164,11.920000076293945,3843200
2016-11-03,11.970000267028809,12.199999809265137,11.869999885559082,11.930000305175781,2565300
2016-11-04,11.9399995803833,12.550000190734863,11.760000228881836,12.100000381469727,3885100
2016-11-07,12.550000190734863,12.84000015258789,12.479999542236328,12.600000381469727,4016500
2016-11-08,12.720000267028809,14.09000015258789,12.609999656677246,13.65999984741211,6450700
2016-11-09,14.25,14.699999809265137,14.039999961853027,14.369999885559082,7796000
2016-11-10,14.949999809265137,15.739999771118164,14.829999923706055,14.970000267028809,11022400
2016-11-11,15.239999771118164,15.289999961853027,13.760000228881836,14.220000267028809,7131700
2016-11-14,14.350000381469727,14.670000076293945,13.369999885559082,13.569999694824219,6175900
2016-11-15,12.989999771118164,14.039999961853027,12.789999961853027,13.899999618530273,5055000
2016-11-16,13.699999809265137,13.979999542236328,13.479999542236328,13.850000381469727,4363300
2016-11-17,13.920000076293945,14.420000076293945,13.899999618530273,14.369999885559082,3930600
2016-11-18,14.289999961853027,14.350000381469727,13.579999923706055,13.8100004196167,4318500
2016-11-21,14.130000114440918,14.869999885559082,14.100000381469727,14.800000190734863,3939300
2016-11-22,15.109999656677246,15.789999961853027,15.109999656677246,15.729999542236328,4644500
2016-11-23,15.350000381469727,16.139999389648438,15.020000457763672,15.989999771118164,4834100
2016-11-24,16.270000457763672,16.8700008392334,16.209999084472656,16.670000076293945,1753900
2016-11-25,16.610000610351562,16.68000030517578,15.779999732971191,15.850000381469727,2829100
2016-11-28,15.890000343322754,16.010000228881836,15.520000457763672,15.739999771118164,3093700
2016-11-29,15.130000114440918,15.170000076293945,14.5,14.600000381469727,3497400
2016-11-30,15.020000457763672,15.430000305175781,14.680000305175781,15.34000015258789,5615500
2016-12-01,15.34000015258789,15.600000381469727,14.670000076293945,14.729999542236328,2687800
2016-12-02,14.680000305175781,14.9399995803833,14.449999809265137,14.760000228881836,2372600
2016-12-05,15.399999618530273,16.079999923706055,15.220000267028809,15.609999656677246,4355100
2016-12-06,15.350000381469727,15.600000381469727,15.25,15.470000267028809,2706700
2016-12-07,15.710000038146973,15.930000305175781,15.4399995803833,15.739999771118164,3015800
2016-12-08,15.850000381469727,16.040000915527344,15.4399995803833,15.84000015258789,2584700
2016-12-09,15.789999961853027,16.100000381469727,15.5600004196167,15.59000015258789,2374200
2016-12-12,15.65999984741211,15.979999542236328,15.449999809265137,15.65999984741211,2420200
2016-12-13,15.680000305175781,15.789999961853027,14.770000457763672,14.869999885559082,4856200
2016-12-14,14.75,15.069999694824219,14.369999885559082,14.5600004196167,3718200
2016-12-15,14.359999656677246,14.930000305175781,14.229999542236328,14.850000381469727,2542100
2016-12-16,14.699999809265137,15.0,14.069999694824219,14.279999732971191,7666800
2016-12-19,13.920000076293945,14.210000038146973,13.699999809265137,13.850000381469727,3003500
2016-12-20,13.949999809265137,14.5,13.800000190734863,14.4399995803833,3128900
2016-12-21,14.5,14.59000015258789,14.130000114440918,14.399999618530273,1785000
2016-12-22,14.390000343322754,14.399999618530273,13.930000305175781,14.130000114440918,1972200
2016-12-23,14.020000457763672,14.079999923706055,13.789999961853027,13.829999923706055,1285400
2016-12-28,14.210000038146973,14.34000015258789,13.84000015258789,14.029999732971191,2085200
2016-12-29,14.09000015258789,14.109999656677246,13.760000228881836,13.880000114440918,1704000
2016-12-30,14.09000015258789,14.210000038146973,13.279999732971191,13.350000381469727,2630600
2017-01-03,13.6899995803833,13.960000038146973,13.109999656677246,13.489999771118164,3533700
2017-01-04,13.779999732971191,14.600000381469727,13.729999542236328,14.579999923706055,4059900
2017-01-05,14.600000381469727,15.239999771118164,14.40999984741211,15.029999732971191,3631600
2017-01-06,14.90999984741211,15.119999885559082,14.65999984741211,14.760000228881836,1769700
2017-01-09,14.699999809265137,14.75,14.359999656677246,14.420000076293945,1316300
2017-01-10,15.119999885559082,15.930000305175781,15.100000381469727,15.869999885559082,5124300
2017-01-11,16.139999389648438,16.6299991607666,15.949999809265137,16.450000762939453,4012700
2017-01-12,16.790000915527344,17.020000457763672,16.299999237060547,16.440000534057617,4271300
2017-01-13,16.399999618530273,17.25,16.190000534057617,17.170000076293945,3825400
2017-01-16,17.170000076293945,17.200000762939453,16.5,16.5,1628000
2017-01-17,16.450000762939453,16.989999771118164,16.40999984741211,16.760000228881836,2850700
2017-01-18,16.850000381469727,17.18000030517578,16.639999389648438,16.670000076293945,3937500
2017-01-19,16.65999984741211,16.979999542236328,16.549999237060547,16.889999389648438,2541500
2017-01-20,16.889999389648438,17.059999465942383,16.610000610351562,16.899999618530273,4087800
2017-01-23,16.8700008392334,16.950000762939453,16.639999389648438,16.790000915527344,2563100
2017-01-24,17.0,17.510000228881836,16.969999313354492,17.329999923706055,6856900
2017-01-25,17.299999237060547,17.3799991607666,17.049999237060547,17.149999618530273,4583200
2017-01-26,17.149999618530273,17.190000534057617,16.25,16.6299991607666,4070400
2017-01-27,16.540000915527344,16.649999618530273,16.34000015258789,16.389999389648438,2733100
2017-01-30,16.09000015258789,16.149999618530273,15.75,15.960000038146973,2517100
2017-01-31,16.34000015258789,16.559999465942383,16.049999237060547,16.40999984741211,3915000
2017-02-01,16.3700008392334,16.950000762939453,16.299999237060547,16.860000610351562,2547600
2017-02-02,16.6200008392334,17.149999618530273,16.610000610351562,16.6200008392334,3126700
2017-02-03,16.309999465942383,16.530000686645508,15.989999771118164,16.059999465942383,2761800
2017-02-06,16.079999923706055,16.31999969482422,16.020000457763672,16.079999923706055,2455500
2017-02-07,16.06999969482422,16.280000686645508,15.84000015258789,15.930000305175781,2032600
2017-02-08,16.229999542236328,16.399999618530273,16.079999923706055,16.290000915527344,2884200
2017-02-09,16.3700008392334,16.440000534057617,15.890000343322754,16.350000381469727,2437400
2017-02-10,16.90999984741211,17.09000015258789,16.799999237060547,16.860000610351562,4173200
2017-02-13,17.1200008392334,17.549999237060547,16.950000762939453,16.989999771118164,4076800
2017-02-14,16.90999984741211,16.90999984741211,16.5,16.780000686645508,2908200
2017-02-15,16.649999618530273,16.649999618530273,16.1200008392334,16.280000686645508,2550800
2017-02-16,16.479999542236328,16.479999542236328,15.800000190734863,15.869999885559082,3315400
2017-02-17,14.899999618530273,15.279999732971191,14.0600004196167,15.0,7437500
2017-02-21,15.460000038146973,15.720000267028809,15.270000457763672,15.579999923706055,3926000
2017-02-22,15.449999809265137,15.529999732971191,15.079999923706055,15.220000267028809,2661400
2017-02-23,15.369999885559082,15.369999885559082,14.180000305175781,14.229999542236328,11203900
2017-02-24,14.0,14.210000038146973,13.770000457763672,14.0,3422800
2017-02-27,14.0,14.119999885559082,13.729999542236328,13.930000305175781,3833100
2017-02-28,13.75,14.130000114440918,13.710000038146973,13.819999694824219,3442500
2017-03-01,14.600000381469727,15.0600004196167,14.390000343322754,14.949999809265137,4090700
2017-03-02,14.699999809265137,14.920000076293945,14.489999771118164,14.739999771118164,3808800
2017-03-03,14.710000038146973,15.350000381469727,14.390000343322754,15.260000228881836,4663600
2017-03-06,14.760000228881836,14.869999885559082,14.479999542236328,14.819999694824219,2660000
2017-03-07,14.789999961853027,14.890000343322754,14.079999923706055,14.260000228881836,3538300
2017-03-08,14.079999923706055,14.260000228881836,13.949999809265137,14.069999694824219,2513100
2017-03-09,13.800000190734863,14.029999732971191,13.550000190734863,13.579999923706055,3178600
2017-03-10,13.920000076293945,13.949999809265137,13.359999656677246,13.609999656677246,2260100
2017-03-13,13.859999656677246,13.989999771118164,13.4399995803833,13.600000381469727,2836900
2017-03-14,13.369999885559082,13.550000190734863,13.050000190734863,13.380000114440918,3481400
2017-03-15,13.510000228881836,14.140000343322754,13.489999771118164,14.069999694824219,2468200
2017-03-16,14.449999809265137,14.880000114440918,14.319999694824219,14.609999656677246,3634500
2017-03-17,14.569999694824219,15.109999656677246,14.329999923706055,14.40999984741211,7834900
2017-03-20,14.40999984741211,14.710000038146973,14.25,14.420000076293945,2069000
2017-03-21,14.199999809265137,14.4399995803833,13.59000015258789,13.59000015258789,2446400
2017-03-22,13.5,13.760000228881836,13.380000114440918,13.699999809265137,2773500
2017-03-23,13.5,13.920000076293945,13.5,13.869999885559082,2713200
2017-03-24,13.960000038146973,13.989999771118164,13.510000228881836,13.630000114440918,1807100
2017-03-27,13.270000457763672,13.770000457763672,13.050000190734863,13.75,2419100
2017-03-28,13.720000267028809,14.0600004196167,13.65999984741211,13.949999809265137,2435900
2017-03-29,13.789999961853027,14.3100004196167,13.729999542236328,14.130000114440918,2108900
2017-03-30,14.15999984741211,14.529999732971191,14.039999961853027,14.229999542236328,2350000
2017-03-31,14.050000190734863,14.329999923706055,13.949999809265137,14.130000114440918,2431800
2017-04-03,14.1899995803833,14.390000343322754,13.890000343322754,14.100000381469727,3274200
2017-04-04,13.979999542236328,14.40999984741211,13.949999809265137,14.359999656677246,1932900
2017-04-05,14.760000228881836,15.039999961853027,14.479999542236328,14.510000228881836,2884500
2017-04-06,14.850000381469727,14.859999656677246,14.420000076293945,14.5600004196167,1407300
2017-04-07,14.479999542236328,14.600000381469727,14.25,14.3100004196167,2079300
2017-04-10,14.479999542236328,14.680000305175781,14.279999732971191,14.600000381469727,1164400
2017-04-11,14.699999809265137,14.880000114440918,14.449999809265137,14.5600004196167,1204700
2017-04-12,14.350000381469727,14.569999694824219,14.0,14.220000267028809,2170000
2017-04-13,14.3100004196167,14.359999656677246,13.979999542236328,14.0600004196167,1786800
2017-04-17,14.25,14.300000190734863,13.970000267028809,14.050000190734863,1223300
2017-04-18,13.6899995803833,13.859999656677246,13.3100004196167,13.470000267028809,2115500
2017-04-19,13.739999771118164,13.789999961853027,13.239999771118164,13.34000015258789,1981100
2017-04-20,13.539999961853027,13.579999923706055,13.34000015258789,13.4399995803833,1622600
2017-04-21,13.34000015258789,13.34000015258789,12.949999809265137,12.979999542236328,2399500
2017-04-24,13.0600004196167,13.359999656677246,12.970000267028809,13.109999656677246,2008600
2017-04-25,13.199999809265137,13.430000305175781,13.100000381469727,13.34000015258789,2839300
2017-04-26,13.210000038146973,13.449999809265137,13.119999885559082,13.329999923706055,3047700
2017-04-27,13.260000228881836,13.289999961853027,12.6899995803833,12.819999694824219,3275200
2017-04-28,12.329999923706055,13.829999923706055,12.25,13.010000228881836,4052100
2017-05-01,12.979999542236328,13.260000228881836,12.789999961853027,13.09000015258789,1853700
2017-05-02,12.899999618530273,13.0,12.6899995803833,12.710000038146973,2397700
2017-05-03,12.25,12.270000457763672,11.880000114440918,12.029999732971191,3390100
2017-05-04,11.680000305175781,11.819999694824219,11.430000305175781,11.59000015258789,3492100
2017-05-05,11.6899995803833,11.859999656677246,11.59000015258789,11.829999923706055,2210900
2017-05-08,11.5,11.65999984741211,11.4399995803833,11.619999885559082,2113600
2017-05-09,11.960000038146973,11.979999542236328,11.5,11.5600004196167,1544100
2017-05-10,11.710000038146973,11.930000305175781,11.539999961853027,11.920000076293945,2523300
2017-05-11,12.020000457763672,12.380000114440918,11.859999656677246,12.25,5701300
2017-05-12,12.279999732971191,12.369999885559082,12.100000381469727,12.229999542236328,2118800
2017-05-15,12.489999771118164,12.59000015258789,12.119999885559082,12.199999809265137,2455900
2017-05-16,12.380000114440918,12.579999923706055,12.239999771118164,12.510000228881836,2716300
2017-05-17,12.399999618530273,12.399999618530273,11.850000381469727,11.869999885559082,2425200
2017-05-18,11.640000343322754,11.680000305175781,11.279999732971191,11.5600004196167,3207500
2017-05-19,11.75,12.130000114440918,11.670000076293945,12.109999656677246,2631900
2017-05-23,12.15999984741211,12.350000381469727,11.949999809265137,12.010000228881836,1788300
2017-05-24,11.979999542236328,12.069999694824219,11.489999771118164,11.850000381469727,2060500
2017-05-25,11.850000381469727,12.170000076293945,11.649999618530273,11.899999618530273,1582500
2017-05-26,11.869999885559082,11.960000038146973,11.6899995803833,11.859999656677246,1247100
2017-05-29,11.84000015258789,11.920000076293945,11.59000015258789,11.680000305175781,596000
2017-05-30,11.600000381469727,11.649999618530273,11.5,11.630000114440918,975000
2017-05-31,11.539999961853027,11.649999618530273,11.180000305175781,11.390000343322754,2740200
2017-06-01,11.350000381469727,11.390000343322754,11.130000114440918,11.140000343322754,3175900
2017-06-02,11.0,11.0,10.579999923706055,10.859999656677246,2871000
2017-06-05,10.8100004196167,10.930000305175781,10.59000015258789,10.899999618530273,1123400
2017-06-06,10.880000114440918,10.960000038146973,10.75,10.890000343322754,1321900
2017-06-07,10.899999618530273,11.170000076293945,10.789999961853027,10.90999984741211,1748200
2017-06-08,11.119999885559082,11.949999809265137,11.020000457763672,11.75,2970800
2017-06-09,11.880000114440918,12.069999694824219,11.720000267028809,11.930000305175781,2567500
2017-06-12,11.899999618530273,12.399999618530273,11.850000381469727,11.90999984741211,2424900
2017-06-13,12.0,12.020000457763672,11.270000457763672,11.430000305175781,2920900
2017-06-14,11.470000267028809,11.5,10.880000114440918,10.90999984741211,3295200
2017-06-15,10.800000190734863,10.829999923706055,10.319999694824219,10.399999618530273,2909300
2017-06-16,10.550000190734863,10.600000381469727,10.180000305175781,10.210000038146973,7118200
2017-06-19,10.390000343322754,10.619999885559082,10.199999809265137,10.25,2248900
2017-06-20,10.130000114440918,10.149999618530273,9.6899995803833,9.84000015258789,2596200
2017-06-21,9.949999809265137,10.130000114440918,9.90999984741211,10.020000457763672,2533200
2017-06-22,9.9399995803833,10.390000343322754,9.9399995803833,10.15999984741211,2007300
2017-06-23,10.149999618530273,10.470000267028809,10.010000228881836,10.40999984741211,1901400
2017-06-26,10.569999694824219,10.59000015258789,10.270000457763672,10.399999618530273,1198400
2017-06-27,10.619999885559082,10.729999542236328,10.329999923706055,10.4399995803833,4480800
2017-06-28,10.59000015258789,10.880000114440918,10.300000190734863,10.880000114440918,1784200
2017-06-29,11.140000343322754,11.390000343322754,10.829999923706055,10.920000076293945,3324300
2017-06-30,10.970000267028809,11.09000015258789,10.609999656677246,10.970000267028809,3730100
2017-07-04,10.850000381469727,11.329999923706055,10.75,11.199999809265137,992700
2017-07-05,11.069999694824219,11.720000267028809,11.020000457763672,11.460000038146973,3933800
2017-07-06,11.449999809265137,11.619999885559082,11.3100004196167,11.390000343322754,2956700
2017-07-07,11.329999923706055,11.329999923706055,11.020000457763672,11.210000038146973,1660400
2017-07-10,10.880000114440918,11.760000228881836,10.850000381469727,11.699999809265137,2116400
2017-07-11,11.770000457763672,12.699999809265137,11.6899995803833,12.550000190734863,2924600
2017-07-12,12.670000076293945,13.050000190734863,12.600000381469727,12.739999771118164,3710500
2017-07-13,12.8100004196167,13.029999732971191,12.579999923706055,12.890000343322754,2494900
2017-07-14,12.819999694824219,12.899999618530273,12.380000114440918,12.579999923706055,2802700
2017-07-17,12.880000114440918,13.800000190734863,12.760000228881836,13.6899995803833,3397000
2017-07-18,13.640000343322754,13.65999984741211,13.1899995803833,13.420000076293945,3170400
2017-07-19,13.430000305175781,13.619999885559082,13.260000228881836,13.279999732971191,1757300
2017-07-20,13.300000190734863,13.390000343322754,12.680000305175781,12.739999771118164,2312900
2017-07-21,12.899999618530273,13.260000228881836,12.739999771118164,13.220000267028809,2601500
2017-07-24,13.15999984741211,13.329999923706055,12.960000038146973,13.149999618530273,2141300
2017-07-25,13.899999618530273,14.350000381469727,13.8100004196167,14.0,3590900
2017-07-26,14.010000228881836,14.829999923706055,13.819999694824219,14.380000114440918,3735800
2017-07-27,14.600000381469727,14.600000381469727,13.710000038146973,13.989999771118164,3282800
2017-07-28,13.170000076293945,13.779999732971191,13.100000381469727,13.460000038146973,3183600
2017-07-31,13.739999771118164,13.970000267028809,13.609999656677246,13.779999732971191,1602600
2017-08-01,13.520000457763672,13.579999923706055,13.260000228881836,13.279999732971191,2499500
2017-08-02,13.210000038146973,13.34000015258789,12.970000267028809,13.220000267028809,2150200
2017-08-03,13.039999961853027,13.220000267028809,12.75,12.75,2185000
2017-08-04,12.869999885559082,13.449999809265137,12.869999885559082,13.420000076293945,2057400
2017-08-08,13.449999809265137,14.140000343322754,13.449999809265137,14.0600004196167,3543700
2017-08-09,13.869999885559082,14.039999961853027,13.300000190734863,13.40999984741211,2169000
2017-08-10,13.1899995803833,13.399999618530273,12.739999771118164,12.75,3137100
2017-08-11,12.520000457763672,12.75,12.289999961853027,12.40999984741211,2581700
2017-08-14,12.600000381469727,12.850000381469727,12.5,12.65999984741211,1870700
2017-08-15,12.539999961853027,12.649999618530273,12.09000015258789,12.229999542236328,1771100
2017-08-16,12.680000305175781,13.5,12.460000038146973,13.40999984741211,3492100
2017-08-17,13.130000114440918,13.350000381469727,13.0600004196167,13.170000076293945,2097100
2017-08-18,13.210000038146973,13.260000228881836,12.829999923706055,12.890000343322754,1686300
2017-08-21,13.300000190734863,13.9399995803833,13.119999885559082,13.539999961853027,2757500
2017-08-22,13.869999885559082,13.90999984741211,13.470000267028809,13.539999961853027,1998400
2017-08-23,13.4399995803833,14.050000190734863,13.329999923706055,13.989999771118164,2980900
2017-08-24,14.0600004196167,14.760000228881836,13.960000038146973,14.489999771118164,4317500
2017-08-25,14.630000114440918,14.739999771118164,14.319999694824219,14.420000076293945,2493900
2017-08-28,14.649999618530273,15.210000038146973,14.649999618530273,15.199999809265137,3001300
2017-08-29,15.010000228881836,15.229999542236328,14.619999885559082,15.180000305175781,3902900
2017-08-30,15.140000343322754,15.260000228881836,14.819999694824219,14.899999618530273,3432900
2017-08-31,15.210000038146973,15.420000076293945,14.899999618530273,15.050000190734863,3521900
2017-09-01,15.25,15.260000228881836,14.9399995803833,15.229999542236328,2416000
2017-09-05,15.399999618530273,15.470000267028809,14.510000228881836,14.680000305175781,3046400
2017-09-06,14.8100004196167,14.850000381469727,14.359999656677246,14.420000076293945,3553200
2017-09-07,14.390000343322754,14.479999542236328,14.130000114440918,14.3100004196167,2127000
2017-09-08,13.890000343322754,13.90999984741211,13.4399995803833,13.760000228881836,2919100
2017-09-11,13.90999984741211,14.109999656677246,13.6899995803833,13.800000190734863,1415000
2017-09-12,13.720000267028809,13.84000015258789,13.5,13.800000190734863,2175600
2017-09-13,13.539999961853027,13.6899995803833,13.170000076293945,13.300000190734863,2954800
2017-09-14,13.15999984741211,13.319999694824219,12.819999694824219,13.279999732971191,2468700
2017-09-15,13.119999885559082,13.289999961853027,13.039999961853027,13.260000228881836,6888400
2017-09-18,13.3100004196167,13.720000267028809,13.239999771118164,13.460000038146973,2444500
2017-09-19,13.460000038146973,13.630000114440918,13.399999618530273,13.520000457763672,1537100
2017-09-20,13.59000015258789,14.09000015258789,13.550000190734863,13.899999618530273,2577200
2017-09-21,13.619999885559082,14.0600004196167,13.600000381469727,13.75,2456300
2017-09-22,13.720000267028809,14.079999923706055,13.600000381469727,14.029999732971191,3493500
2017-09-25,13.869999885559082,13.890000343322754,13.539999961853027,13.6899995803833,1955000
2017-09-26,13.609999656677246,14.069999694824219,13.609999656677246,13.760000228881836,2263700
2017-09-27,13.989999771118164,13.989999771118164,13.779999732971191,13.829999923706055,2820100
2017-09-28,13.75,14.489999771118164,13.619999885559082,14.069999694824219,3937100
2017-09-29,14.09000015258789,14.149999618530273,13.850000381469727,14.010000228881836,2018300
2017-10-02,13.989999771118164,14.569999694824219,13.960000038146973,14.479999542236328,1703300
2017-10-03,14.6899995803833,15.0600004196167,14.550000190734863,14.989999771118164,1921600
2017-10-04,14.949999809265137,15.140000343322754,14.859999656677246,15.09000015258789,1683000
2017-10-05,15.369999885559082,16.149999618530273,15.319999694824219,15.8100004196167,3459600
2017-10-06,15.729999542236328,15.829999923706055,15.279999732971191,15.399999618530273,1661900
2017-10-10,15.5,15.649999618530273,15.220000267028809,15.600000381469727,1753400
2017-10-11,15.510000228881836,15.680000305175781,15.40999984741211,15.430000305175781,1361100
2017-10-12,15.40999984741211,15.640000343322754,15.380000114440918,15.489999771118164,1213800
2017-10-13,15.65999984741211,15.850000381469727,15.430000305175781,15.460000038146973,1417300
2017-10-16,16.149999618530273,16.3700008392334,15.8100004196167,15.84000015258789,3009100
2017-10-17,15.720000267028809,15.729999542236328,15.149999618530273,15.1899995803833,1843900
2017-10-18,15.34000015258789,15.380000114440918,15.0,15.020000457763672,1601200
2017-10-19,14.630000114440918,15.050000190734863,14.600000381469727,15.029999732971191,1369800
2017-10-20,15.319999694824219,15.479999542236328,15.050000190734863,15.069999694824219,1786500
2017-10-23,15.069999694824219,15.140000343322754,14.819999694824219,14.920000076293945,1407100
2017-10-24,15.020000457763672,15.329999923706055,14.960000038146973,15.300000190734863,1866500
2017-10-25,15.25,15.3100004196167,14.9399995803833,15.029999732971191,1869100
2017-10-26,15.109999656677246,15.149999618530273,14.350000381469727,14.479999542236328,1625500
2017-10-27,13.649999618530273,14.449999809265137,13.630000114440918,14.210000038146973,3662000
2017-10-30,14.140000343322754,14.430000305175781,14.109999656677246,14.260000228881836,1194900
2017-10-31,14.25,14.529999732971191,14.09000015258789,14.430000305175781,2262400
2017-11-01,15.039999961853027,15.520000457763672,14.449999809265137,14.510000228881836,4883700
2017-11-02,14.550000190734863,15.329999923706055,14.520000457763672,14.899999618530273,3033200
2017-11-03,14.890000343322754,14.979999542236328,14.569999694824219,14.869999885559082,1924900
2017-11-06,15.029999732971191,16.010000228881836,15.020000457763672,15.9399995803833,2776100
2017-11-07,15.75,15.949999809265137,15.609999656677246,15.90999984741211,2442100
2017-11-08,15.9399995803833,16.549999237060547,15.859999656677246,16.520000457763672,2386100
2017-11-09,16.100000381469727,16.239999771118164,15.899999618530273,16.170000076293945,2163900
2017-11-10,16.25,16.450000762939453,16.049999237060547,16.100000381469727,1871700
2017-11-13,16.110000610351562,16.59000015258789,16.010000228881836,16.219999313354492,1621500
2017-11-14,15.970000267028809,16.18000030517578,15.319999694824219,15.369999885559082,3561900
2017-11-15,15.130000114440918,15.199999809265137,14.529999732971191,14.699999809265137,3861900
2017-11-16,14.859999656677246,15.079999923706055,14.729999542236328,14.789999961853027,3253500
2017-11-17,14.819999694824219,15.119999885559082,14.800000190734863,14.869999885559082,2097700
2017-11-20,14.8100004196167,14.979999542236328,14.649999618530273,14.800000190734863,1596500
2017-11-21,14.890000343322754,15.640000343322754,14.890000343322754,15.3100004196167,2348200
2017-11-22,15.520000457763672,15.779999732971191,15.350000381469727,15.670000076293945,1924800
2017-11-23,15.670000076293945,15.800000190734863,15.65999984741211,15.789999961853027,310900
2017-11-24,15.800000190734863,16.100000381469727,15.789999961853027,15.899999618530273,1094900
2017-11-27,15.649999618530273,15.819999694824219,15.260000228881836,15.489999771118164,1104700
2017-11-28,15.260000228881836,15.420000076293945,15.050000190734863,15.079999923706055,1412600
2017-11-29,15.079999923706055,15.229999542236328,14.420000076293945,14.510000228881836,1882400
2017-11-30,14.609999656677246,15.050000190734863,14.59000015258789,14.829999923706055,3898800
2017-12-01,14.930000305175781,15.199999809265137,14.710000038146973,15.010000228881836,2284800
2017-12-04,15.420000076293945,15.789999961853027,15.149999618530273,15.239999771118164,3135200
2017-12-05,14.6899995803833,14.760000228881836,14.479999542236328,14.5600004196167,2190300
2017-12-06,14.75,14.800000190734863,14.479999542236328,14.479999542236328,1718600
2017-12-07,14.369999885559082,14.90999984741211,14.359999656677246,14.8100004196167,3432800
2017-12-08,15.0,15.229999542236328,14.949999809265137,15.100000381469727,3206900
2017-12-11,15.300000190734863,16.079999923706055,15.199999809265137,15.899999618530273,3064000
2017-12-12,15.90999984741211,16.25,15.699999809265137,16.15999984741211,4413700
2017-12-13,16.170000076293945,17.0,16.170000076293945,16.899999618530273,3594000
2017-12-14,17.149999618530273,17.389999389648438,16.31999969482422,16.3700008392334,2464500
2017-12-15,16.6299991607666,17.280000686645508,16.549999237060547,17.1200008392334,5522100
2017-12-18,16.920000076293945,17.489999771118164,16.610000610351562,17.059999465942383,2918400
2017-12-19,17.0,17.239999771118164,16.760000228881836,16.920000076293945,1962200
2017-12-20,17.15999984741211,17.549999237060547,16.90999984741211,17.469999313354492,2162400
2017-12-21,17.5,17.700000762939453,17.459999084472656,17.6200008392334,1281200
2017-12-22,17.479999542236328,17.479999542236328,17.06999969482422,17.1200008392334,1689000
2017-12-27,17.25,17.610000610351562,17.149999618530273,17.5,1603000
2017-12-28,17.690000534057617,17.989999771118164,17.549999237060547,17.920000076293945,1869000
2017-12-29,17.889999389648438,17.889999389648438,17.290000915527344,17.610000610351562,2179700
2018-01-02,17.75,18.059999465942383,17.59000015258789,18.059999465942383,1707200
2018-01-03,18.079999923706055,18.5,17.729999542236328,18.489999771118164,1991500
2018-01-04,18.6200008392334,19.40999984741211,18.6200008392334,18.850000381469727,2075600
2018-01-05,18.56999969482422,18.829999923706055,18.450000762939453,18.700000762939453,1937600
2018-01-08,18.979999542236328,19.010000228881836,18.479999542236328,18.739999771118164,1421600
2018-01-09,18.799999237060547,18.889999389648438,18.559999465942383,18.639999389648438,5691500
2018-01-10,18.799999237060547,19.110000610351562,18.600000381469727,18.969999313354492,2529900
2018-01-11,19.190000534057617,19.579999923706055,18.8700008392334,19.459999084472656,2142300
2018-01-12,19.43000030517578,19.510000228881836,19.15999984741211,19.299999237060547,1635100
2018-01-15,19.75,19.75,19.420000076293945,19.600000381469727,657300
2018-01-16,19.299999237060547,19.709999084472656,19.100000381469727,19.40999984741211,2912800
2018-01-17,19.350000381469727,19.600000381469727,19.190000534057617,19.479999542236328,2448000
2018-01-18,19.540000915527344,19.600000381469727,19.18000030517578,19.299999237060547,1600900
2018-01-19,19.219999313354492,19.360000610351562,18.889999389648438,19.219999313354492,2294600
2018-01-22,19.229999542236328,19.360000610351562,18.709999084472656,19.030000686645508,3772000
2018-01-23,18.75,18.75,18.110000610351562,18.59000015258789,5227600
2018-01-24,19.219999313354492,19.219999313354492,18.719999313354492,19.0,3260200
2018-01-25,19.139999389648438,19.3799991607666,18.989999771118164,19.010000228881836,3104300
2018-01-26,19.06999969482422,19.139999389648438,18.559999465942383,18.979999542236328,3051700
2018-01-29,18.719999313354492,18.719999313354492,18.360000610351562,18.5,4179600
2018-01-30,18.3700008392334,18.3799991607666,18.1200008392334,18.170000076293945,3709200
2018-01-31,18.3799991607666,18.489999771118164,17.979999542236328,18.34000015258789,3297600
2018-02-01,18.149999618530273,18.75,17.790000915527344,18.43000030517578,3145900
2018-02-02,18.34000015258789,18.389999389648438,17.780000686645508,17.809999465942383,3229500
2018-02-05,17.65999984741211,18.540000915527344,17.5,17.670000076293945,3704300
2018-02-06,17.540000915527344,18.270000457763672,17.270000457763672,18.25,3004100
2018-02-07,17.8799991607666,18.25,17.399999618530273,17.639999389648438,3283400
2018-02-08,17.520000457763672,17.780000686645508,16.920000076293945,17.110000610351562,4990800
2018-02-09,16.969999313354492,17.75,16.829999923706055,17.68000030517578,3946400
2018-02-12,17.450000762939453,18.8799991607666,17.200000762939453,18.770000457763672,7044900
2018-02-13,18.780000686645508,20.309999465942383,18.75,20.219999313354492,6571900
2018-02-14,19.799999237060547,21.200000762939453,19.739999771118164,21.09000015258789,5365200
2018-02-15,21.1200008392334,21.709999084472656,20.600000381469727,21.389999389648438,4042700
2018-02-16,20.8700008392334,21.299999237060547,20.530000686645508,20.809999465942383,4550800
2018-02-20,20.110000610351562,20.850000381469727,20.020000457763672,20.59000015258789,2355600
2018-02-21,20.6299991607666,20.920000076293945,20.479999542236328,20.700000762939453,3279700
2018-02-22,20.760000228881836,20.899999618530273,20.579999923706055,20.639999389648438,2843700
2018-02-23,20.6200008392334,21.219999313354492,20.329999923706055,21.100000381469727,2535000
2018-02-26,21.149999618530273,21.479999542236328,21.09000015258789,21.440000534057617,1899800
2018-02-27,20.969999313354492,21.540000915527344,20.770000457763672,21.389999389648438,3552000
2018-02-28,21.229999542236328,21.31999969482422,20.690000534057617,20.90999984741211,3607700
2018-03-01,20.75,20.75,19.950000762939453,20.280000686645508,3160500
2018-03-02,20.200000762939453,20.479999542236328,19.93000030517578,20.3700008392334,2183500
2018-03-05,20.15999984741211,20.81999969482422,19.93000030517578,20.700000762939453,1795200
2018-03-06,21.100000381469727,21.649999618530273,20.75,20.799999237060547,2546300
2018-03-07,20.549999237060547,20.8700008392334,20.40999984741211,20.579999923706055,3172800
2018-03-08,20.559999465942383,20.56999969482422,19.229999542236328,19.860000610351562,4734200
2018-03-09,20.0,20.59000015258789,20.0,20.290000915527344,1957000
2018-03-12,20.389999389648438,21.079999923706055,20.229999542236328,21.020000457763672,2696700
2018-03-13,21.1299991607666,21.729999542236328,20.950000762939453,21.559999465942383,2294600
2018-03-14,21.899999618530273,22.0,21.139999389648438,21.670000076293945,2587300
2018-03-15,21.459999084472656,21.649999618530273,21.260000228881836,21.440000534057617,1892100
2018-03-16,21.450000762939453,21.530000686645508,21.139999389648438,21.190000534057617,5861300
2018-03-19,20.739999771118164,20.8700008392334,20.139999389648438,20.540000915527344,2031300
2018-03-20,20.610000610351562,20.639999389648438,17.780000686645508,18.0,9506100
2018-03-21,16.979999542236328,18.739999771118164,16.31999969482422,18.649999618530273,11419000
2018-03-22,18.049999237060547,18.520000457763672,17.770000457763672,17.799999237060547,3351900
2018-03-23,17.6299991607666,17.770000457763672,17.18000030517578,17.360000610351562,2434300
2018-03-26,17.09000015258789,18.239999771118164,17.079999923706055,18.15999984741211,2279300
2018-03-27,18.25,18.350000381469727,17.81999969482422,17.93000030517578,3519600
2018-03-28,17.780000686645508,17.899999618530273,16.639999389648438,16.670000076293945,3317000
2018-03-29,16.700000762939453,18.1299991607666,16.690000534057617,18.09000015258789,3648100
2018-04-02,18.059999465942383,18.420000076293945,17.889999389648438,18.18000030517578,1779900
2018-04-03,18.229999542236328,18.309999465942383,17.84000015258789,18.260000228881836,2085400
2018-04-04,17.5,18.049999237060547,17.1299991607666,17.8700008392334,1938800
2018-04-05,18.239999771118164,18.34000015258789,17.809999465942383,18.010000228881836,2268300
2018-04-06,17.59000015258789,17.940000534057617,17.190000534057617,17.270000457763672,2782600
2018-04-09,17.450000762939453,17.719999313354492,16.989999771118164,17.09000015258789,2129200
2018-04-10,17.540000915527344,18.1200008392334,17.350000381469727,18.049999237060547,2582100
2018-04-11,17.850000381469727,18.079999923706055,17.68000030517578,17.850000381469727,1526200
2018-04-12,17.549999237060547,17.780000686645508,17.260000228881836,17.6200008392334,1532200
2018-04-13,17.889999389648438,17.93000030517578,16.979999542236328,17.06999969482422,2212400
2018-04-16,17.290000915527344,17.290000915527344,16.600000381469727,16.729999542236328,1850000
2018-04-17,16.75,17.469999313354492,16.729999542236328,17.43000030517578,1968600
2018-04-18,18.0,18.8700008392334,18.0,18.59000015258789,3014400
2018-04-19,18.469999313354492,18.850000381469727,18.290000915527344,18.719999313354492,1901400
2018-04-20,18.889999389648438,19.06999969482422,18.709999084472656,18.84000015258789,1578500
2018-04-23,18.31999969482422,18.5,17.799999237060547,17.860000610351562,1845600
2018-04-24,18.06999969482422,18.270000457763672,17.290000915527344,17.729999542236328,1790900
2018-04-25,17.729999542236328,17.790000915527344,16.899999618530273,17.020000457763672,2115300
2018-04-26,17.360000610351562,17.5,16.920000076293945,17.469999313354492,1940300
2018-04-27,16.979999542236328,18.040000915527344,16.979999542236328,17.850000381469727,3426800
2018-04-30,17.940000534057617,18.889999389648438,17.450000762939453,18.5,3030800
2018-05-01,18.06999969482422,18.75,17.790000915527344,18.719999313354492,1831000
2018-05-02,18.770000457763672,19.799999237060547,18.760000228881836,19.1299991607666,3117200
2018-05-03,19.389999389648438,19.68000030517578,18.84000015258789,19.6299991607666,1981100
2018-05-04,19.299999237060547,20.100000381469727,19.290000915527344,20.059999465942383,1192700
2018-05-07,20.15999984741211,20.510000228881836,19.469999313354492,19.739999771118164,2615100
2018-05-08,19.549999237060547,19.600000381469727,19.020000457763672,19.299999237060547,1800800
2018-05-09,19.600000381469727,20.1200008392334,19.399999618530273,19.920000076293945,2103900
2018-05-10,20.34000015258789,20.75,20.219999313354492,20.420000076293945,1735500
2018-05-11,20.530000686645508,20.8799991607666,20.3799991607666,20.829999923706055,2369700
2018-05-14,20.93000030517578,20.989999771118164,20.540000915527344,20.81999969482422,1768300
2018-05-15,20.6299991607666,20.969999313354492,20.309999465942383,20.959999084472656,1461800
2018-05-16,21.0,22.139999389648438,20.959999084472656,22.0,3778700
2018-05-17,21.90999984741211,22.270000457763672,21.6299991607666,22.030000686645508,1760800
2018-05-18,21.780000686645508,22.030000686645508,21.700000762939453,21.940000534057617,1814500
2018-05-22,22.049999237060547,22.360000610351562,21.81999969482422,21.899999618530273,2870100
2018-05-23,21.270000457763672,21.479999542236328,20.790000915527344,21.170000076293945,2170300
2018-05-24,21.190000534057617,21.209999084472656,20.739999771118164,20.799999237060547,2055600
2018-05-25,20.459999084472656,20.690000534057617,19.799999237060547,19.989999771118164,1870900
2018-05-28,20.020000457763672,20.399999618530273,19.780000686645508,19.90999984741211,309800
2018-05-29,19.829999923706055,20.059999465942383,19.0,19.010000228881836,2368100
2018-05-30,19.260000228881836,19.850000381469727,19.0,19.790000915527344,2208200
2018-05-31,19.790000915527344,20.530000686645508,19.709999084472656,20.350000381469727,2895500
2018-06-01,20.700000762939453,20.760000228881836,19.899999618530273,20.31999969482422,2049700
2018-06-04,20.709999084472656,20.899999618530273,20.5,20.709999084472656,1253000
2018-06-05,21.0,22.0,20.979999542236328,21.309999465942383,3015900
2018-06-06,21.799999237060547,22.850000381469727,21.3700008392334,22.81999969482422,2556800
2018-06-07,22.530000686645508,23.049999237060547,21.280000686645508,21.90999984741211,3180000
2018-06-08,21.829999923706055,21.8700008392334,21.31999969482422,21.829999923706055,1726700
2018-06-11,21.81999969482422,21.889999389648438,21.200000762939453,21.309999465942383,1859800
2018-06-12,21.1200008392334,21.549999237060547,21.1200008392334,21.540000915527344,1166500
2018-06-13,21.56999969482422,21.84000015258789,21.5,21.780000686645508,1177400
2018-06-14,22.0,22.059999465942383,21.520000457763672,21.950000762939453,2265600
2018-06-15,21.530000686645508,21.649999618530273,20.6200008392334,21.06999969482422,4423400
2018-06-18,20.889999389648438,21.290000915527344,20.68000030517578,20.979999542236328,1650300
2018-06-19,20.34000015258789,20.600000381469727,19.360000610351562,20.3799991607666,2908500
2018-06-20,20.56999969482422,20.670000076293945,20.0,20.229999542236328,2026400
2018-06-21,20.139999389648438,20.540000915527344,19.799999237060547,20.270000457763672,2242700
2018-06-22,20.68000030517578,20.729999542236328,20.1200008392334,20.31999969482422,1838900
2018-06-25,20.1299991607666,20.190000534057617,18.90999984741211,19.399999618530273,3868700
2018-06-26,19.420000076293945,20.059999465942383,19.329999923706055,19.81999969482422,4132700
2018-06-27,19.920000076293945,19.940000534057617,18.979999542236328,19.079999923706055,2347800
2018-06-28,18.729999542236328,18.799999237060547,17.700000762939453,18.200000762939453,5077100
2018-06-29,19.0,19.959999084472656,19.0,19.3700008392334,5686600
2018-07-03,19.549999237060547,19.760000228881836,18.18000030517578,18.25,2207300
2018-07-04,18.200000762939453,18.40999984741211,17.530000686645508,18.40999984741211,1254100
2018-07-05,18.049999237060547,18.639999389648438,17.969999313354492,18.579999923706055,2104400
2018-07-06,18.399999618530273,19.049999237060547,18.260000228881836,18.860000610351562,1688400
2018-07-09,19.18000030517578,20.040000915527344,18.940000534057617,20.0,2825900
2018-07-10,19.770000457763672,20.0,19.43000030517578,19.790000915527344,1934000
2018-07-11,18.8700008392334,18.979999542236328,18.190000534057617,18.389999389648438,5311200
2018-07-12,18.739999771118164,19.469999313354492,18.56999969482422,18.969999313354492,3655000
2018-07-13,18.829999923706055,19.020000457763672,18.700000762939453,18.860000610351562,1690200
2018-07-16,18.450000762939453,18.969999313354492,18.360000610351562,18.709999084472656,1442500
2018-07-17,18.6299991607666,19.049999237060547,18.5,18.690000534057617,2086600
2018-07-18,18.770000457763672,19.170000076293945,18.440000534057617,19.1200008392334,3077500
2018-07-19,18.489999771118164,18.5,17.559999465942383,17.690000534057617,4279000
2018-07-20,18.0,18.239999771118164,17.8700008392334,17.899999618530273,2462100
2018-07-23,17.899999618530273,18.360000610351562,17.81999969482422,17.850000381469727,1860200
2018-07-24,18.489999771118164,19.190000534057617,18.489999771118164,18.8799991607666,3565800
2018-07-25,18.84000015258789,19.06999969482422,18.489999771118164,19.030000686645508,1860900
2018-07-26,18.950000762939453,19.270000457763672,18.760000228881836,19.260000228881836,1950500
2018-07-27,19.299999237060547,19.440000534057617,18.889999389648438,19.049999237060547,1833900
2018-07-30,19.049999237060547,19.299999237060547,18.979999542236328,19.1299991607666,2088700
2018-07-31,19.010000228881836,20.6299991607666,19.0,20.290000915527344,4612000
2018-08-01,19.459999084472656,19.530000686645508,18.670000076293945,18.68000030517578,3353500
2018-08-02,18.420000076293945,18.850000381469727,18.200000762939453,18.65999984741211,1594000
2018-08-03,18.65999984741211,19.040000915527344,18.450000762939453,18.68000030517578,1364100
2018-08-07,18.899999618530273,19.020000457763672,18.170000076293945,18.229999542236328,3088200
2018-08-08,18.299999237060547,18.450000762939453,17.8799991607666,18.229999542236328,1580300
2018-08-09,18.389999389648438,18.719999313354492,18.18000030517578,18.540000915527344,2317900
2018-08-10,18.18000030517578,18.229999542236328,17.760000228881836,18.06999969482422,2030800
2018-08-13,18.020000457763672,18.25,17.93000030517578,18.1200008392334,1563000
2018-08-14,17.799999237060547,17.989999771118164,17.389999389648438,17.5,2559700
2018-08-15,16.860000610351562,16.93000030517578,15.670000076293945,16.200000762939453,4987300
2018-08-16,16.600000381469727,17.110000610351562,16.600000381469727,16.989999771118164,2372400
2018-08-17,17.010000228881836,17.200000762939453,16.65999984741211,17.18000030517578,2071400
2018-08-20,17.31999969482422,17.709999084472656,16.950000762939453,17.049999237060547,1919200
2018-08-21,17.100000381469727,17.790000915527344,17.0,17.399999618530273,1746500
2018-08-22,17.459999084472656,17.68000030517578,17.329999923706055,17.40999984741211,1768700
2018-08-23,17.31999969482422,17.459999084472656,16.84000015258789,16.920000076293945,1653000
2018-08-24,17.399999618530273,17.989999771118164,17.299999237060547,17.59000015258789,1688100
2018-08-27,17.600000381469727,18.1299991607666,17.600000381469727,17.84000015258789,1480300
2018-08-28,18.059999465942383,18.489999771118164,17.549999237060547,17.729999542236328,1602600
2018-08-29,17.729999542236328,17.760000228881836,17.389999389648438,17.600000381469727,1730800
2018-08-30,17.299999237060547,17.34000015258789,16.600000381469727,16.700000762939453,2349200
2018-08-31,16.489999771118164,16.799999237060547,16.190000534057617,16.3700008392334,2224400
2018-09-04,15.649999618530273,15.680000305175781,15.109999656677246,15.289999961853027,3841000
2018-09-05,15.369999885559082,15.380000114440918,14.789999961853027,15.050000190734863,3550700
2018-09-06,15.359999656677246,15.489999771118164,14.729999542236328,14.75,2295500
2018-09-07,14.569999694824219,14.84000015258789,14.050000190734863,14.579999923706055,3339900
2018-09-10,14.6899995803833,14.6899995803833,14.380000114440918,14.539999961853027,1621100
2018-09-11,14.199999809265137,14.729999542236328,13.770000457763672,14.699999809265137,2283900
2018-09-12,14.729999542236328,15.949999809265137,14.5,15.260000228881836,3744000
2018-09-13,15.600000381469727,15.84000015258789,15.0600004196167,15.34000015258789,2476600
2018-09-14,15.430000305175781,15.539999961853027,15.220000267028809,15.34000015258789,2131200
2018-09-17,15.40999984741211,15.529999732971191,15.210000038146973,15.279999732971191,1374100
2018-09-18,15.680000305175781,16.280000686645508,15.619999885559082,16.139999389648438,2832200
2018-09-19,16.290000915527344,17.030000686645508,16.239999771118164,16.84000015258789,2978300
2018-09-20,17.25,17.670000076293945,16.899999618530273,16.979999542236328,2810600
2018-09-21,17.350000381469727,17.760000228881836,16.969999313354492,17.18000030517578,4993500
2018-09-24,17.360000610351562,17.360000610351562,15.890000343322754,15.960000038146973,2374200
2018-09-25,16.43000030517578,16.68000030517578,14.880000114440918,15.720000267028809,7312700
2018-09-26,15.539999961853027,16.309999465942383,15.239999771118164,16.06999969482422,5837600
2018-09-27,15.770000457763672,16.139999389648438,15.319999694824219,15.470000267028809,2750400
2018-09-28,15.619999885559082,15.649999618530273,14.579999923706055,14.710000038146973,4849900
2018-10-01,14.319999694824219,15.029999732971191,14.119999885559082,14.75,3355600
2018-10-02,14.84000015258789,15.279999732971191,14.600000381469727,14.739999771118164,2901500
2018-10-03,14.760000228881836,15.0600004196167,14.420000076293945,14.989999771118164,2724800
2018-10-04,15.1899995803833,15.199999809265137,14.699999809265137,14.920000076293945,4707500
2018-10-05,14.770000457763672,14.920000076293945,14.420000076293945,14.600000381469727,2144700
2018-10-09,14.59000015258789,14.65999984741211,14.079999923706055,14.470000267028809,3026800
2018-10-10,14.25,14.600000381469727,14.029999732971191,14.369999885559082,4348700
2018-10-11,14.539999961853027,14.890000343322754,14.079999923706055,14.6899995803833,3212500
2018-10-12,15.100000381469727,15.420000076293945,14.4399995803833,14.520000457763672,2685900
2018-10-15,14.829999923706055,14.829999923706055,14.010000228881836,14.0600004196167,2080500
2018-10-16,14.25,14.289999961853027,13.829999923706055,14.0,2507900
2018-10-17,14.210000038146973,14.210000038146973,13.5,13.579999923706055,2750500
2018-10-18,13.460000038146973,13.520000457763672,12.920000076293945,12.9399995803833,3345000
2018-10-19,13.050000190734863,13.09000015258789,12.630000114440918,12.779999732971191,2758800
2018-10-22,13.0,13.069999694824219,12.649999618530273,12.829999923706055,2192200
2018-10-23,12.470000267028809,12.510000228881836,11.84000015258789,12.470000267028809,3279600
2018-10-24,12.4399995803833,12.539999961853027,11.25,11.329999923706055,4074400
2018-10-25,11.550000190734863,11.609999656677246,10.899999618530273,10.930000305175781,3955700
2018-10-26,10.6899995803833,11.75,10.550000190734863,11.699999809265137,4085700
2018-10-29,12.199999809265137,12.25,10.84000015258789,11.100000381469727,3493700
2018-10-30,10.819999694824219,12.220000267028809,10.8100004196167,11.729999542236328,5566000
2018-10-31,11.930000305175781,13.170000076293945,11.930000305175781,13.140000343322754,5628100
2018-11-01,13.199999809265137,13.890000343322754,12.6899995803833,13.569999694824219,4269900
2018-11-02,14.180000305175781,14.199999809265137,13.220000267028809,13.489999771118164,4473800
2018-11-05,13.380000114440918,13.59000015258789,12.90999984741211,13.050000190734863,2275300
2018-11-06,12.720000267028809,13.140000343322754,12.649999618530273,12.760000228881836,2690300
2018-11-07,13.039999961853027,13.09000015258789,12.529999732971191,12.989999771118164,2719100
2018-11-08,13.010000228881836,13.09000015258789,12.680000305175781,12.960000038146973,1704000
2018-11-09,12.350000381469727,12.399999618530273,11.880000114440918,11.970000267028809,2764000
2018-11-12,12.0,12.0,11.579999923706055,11.640000343322754,2493300
2018-11-13,11.800000190734863,12.170000076293945,11.630000114440918,11.869999885559082,3140500
2018-11-14,11.789999961853027,12.130000114440918,11.649999618530273,12.029999732971191,1954400
2018-11-15,12.289999961853027,13.170000076293945,12.130000114440918,12.979999542236328,4040300
2018-11-16,12.859999656677246,12.989999771118164,12.359999656677246,12.569999694824219,3106200
2018-11-19,12.850000381469727,13.25,12.279999732971191,12.380000114440918,3387700
2018-11-20,12.140000343322754,12.140000343322754,11.279999732971191,11.510000228881836,4923400
2018-11-21,11.699999809265137,12.90999984741211,11.680000305175781,12.819999694824219,3442300
2018-11-22,12.640000343322754,12.710000038146973,12.210000038146973,12.449999809265137,976500
2018-11-23,12.079999923706055,12.130000114440918,11.4399995803833,11.800000190734863,2661400
2018-11-26,11.65999984741211,12.229999542236328,11.630000114440918,11.84000015258789,2108500
2018-11-27,11.609999656677246,11.6899995803833,11.149999618530273,11.609999656677246,2751900
2018-11-28,12.0,12.3100004196167,11.270000457763672,12.300000190734863,3305800
2018-11-29,12.300000190734863,12.930000305175781,12.09000015258789,12.140000343322754,2333200
2018-11-30,11.970000267028809,12.270000457763672,11.770000457763672,12.199999809265137,3187700
2018-12-03,12.9399995803833,13.899999618530273,12.640000343322754,13.59000015258789,4006900
2018-12-04,13.380000114440918,13.510000228881836,12.850000381469727,12.880000114440918,3599900
2018-12-05,13.039999961853027,13.210000038146973,12.510000228881836,12.84000015258789,1414900
2018-12-06,12.210000038146973,12.289999961853027,11.489999771118164,12.100000381469727,4368000
2018-12-07,12.300000190734863,12.470000267028809,11.899999618530273,12.09000015258789,2294900
2018-12-10,11.890000343322754,12.050000190734863,11.359999656677246,11.859999656677246,2931200
2018-12-11,12.229999542236328,12.609999656677246,11.819999694824219,12.470000267028809,4311200
2018-12-12,12.699999809265137,13.239999771118164,12.4399995803833,12.470000267028809,4079300
2018-12-13,13.029999732971191,13.029999732971191,11.970000267028809,12.390000343322754,2160600
2018-12-14,11.979999542236328,12.350000381469727,11.640000343322754,11.699999809265137,2609200
2018-12-17,11.779999732971191,11.890000343322754,10.899999618530273,10.970000267028809,2880400
2018-12-18,10.859999656677246,11.229999542236328,10.819999694824219,11.050000190734863,5446900
2018-12-19,11.3100004196167,11.520000457763672,10.109999656677246,10.199999809265137,4331500
2018-12-20,10.350000381469727,10.550000190734863,9.84000015258789,10.40999984741211,2739700
2018-12-21,10.550000190734863,10.579999923706055,10.09000015258789,10.350000381469727,7075100
2018-12-24,10.25,10.800000190734863,10.210000038146973,10.699999809265137,1121200
2018-12-27,10.699999809265137,11.069999694824219,10.569999694824219,11.069999694824219,2277600
2018-12-28,11.199999809265137,11.369999885559082,10.640000343322754,10.770000457763672,2531100
2018-12-31,10.90999984741211,11.050000190734863,10.619999885559082,11.039999961853027,1602800
2019-01-02,10.670000076293945,10.859999656677246,10.430000305175781,10.5600004196167,2453500
2019-01-03,10.4399995803833,10.5,9.449999809265137,9.609999656677246,4022000
2019-01-04,10.0600004196167,10.479999542236328,9.75,10.319999694824219,4857900
2019-01-07,10.329999923706055,10.40999984741211,9.9399995803833,9.989999771118164,4422700
2019-01-08,10.050000190734863,11.039999961853027,10.050000190734863,10.829999923706055,5267600
2019-01-09,11.039999961853027,11.5600004196167,11.039999961853027,11.279999732971191,4404700
2019-01-10,11.069999694824219,11.149999618530273,10.880000114440918,10.989999771118164,2108700
2019-01-11,11.0,11.369999885559082,10.930000305175781,11.1899995803833,2579500
2019-01-14,10.970000267028809,11.289999961853027,10.9399995803833,11.029999732971191,1599400
2019-01-15,11.1899995803833,11.239999771118164,10.890000343322754,10.949999809265137,2393700
2019-01-16,11.319999694824219,12.619999885559082,11.279999732971191,12.569999694824219,5242600
2019-01-17,12.4399995803833,12.899999618530273,11.75,12.859999656677246,4990300
2019-01-18,13.130000114440918,13.199999809265137,12.649999618530273,12.699999809265137,4275500
2019-01-21,12.739999771118164,12.899999618530273,12.59000015258789,12.75,822200
2019-01-22,12.5,12.630000114440918,12.279999732971191,12.609999656677246,2605000
2019-01-23,12.8100004196167,13.3100004196167,12.380000114440918,12.520000457763672,3591800
2019-01-24,12.470000267028809,12.729999542236328,12.119999885559082,12.510000228881836,2478900
2019-01-25,13.0,13.149999618530273,12.84000015258789,13.09000015258789,3486800
2019-01-28,12.869999885559082,13.140000343322754,12.850000381469727,13.029999732971191,2065800
2019-01-29,13.239999771118164,13.75,13.039999961853027,13.710000038146973,3599400
2019-01-30,14.0,14.430000305175781,13.920000076293945,14.229999542236328,4335600
2019-01-31,14.489999771118164,15.390000343322754,14.40999984741211,15.210000038146973,8419700
2019-02-01,15.149999618530273,15.279999732971191,14.59000015258789,14.819999694824219,3127000
2019-02-04,14.800000190734863,14.800000190734863,14.319999694824219,14.510000228881836,3549400
2019-02-05,14.550000190734863,14.699999809265137,14.079999923706055,14.239999771118164,2238700
2019-02-06,14.479999542236328,14.710000038146973,14.289999961853027,14.479999542236328,2206100
2019-02-07,14.550000190734863,14.970000267028809,14.4399995803833,14.489999771118164,2850500
2019-02-08,14.420000076293945,14.420000076293945,13.539999961853027,13.720000267028809,4704800
2019-02-11,13.350000381469727,13.979999542236328,13.319999694824219,13.720000267028809,2402800
2019-02-12,13.550000190734863,13.949999809265137,13.520000457763672,13.829999923706055,2159300
2019-02-13,13.979999542236328,14.180000305175781,13.75,13.800000190734863,1970600
2019-02-14,13.949999809265137,14.119999885559082,13.75,13.930000305175781,1988100
2019-02-15,14.050000190734863,14.069999694824219,13.430000305175781,14.010000228881836,3619700
2019-02-19,14.199999809265137,14.649999618530273,14.039999961853027,14.1899995803833,4163100
2019-02-20,14.380000114440918,14.890000343322754,14.329999923706055,14.649999618530273,4168200
2019-02-21,14.539999961853027,14.989999771118164,14.5,14.779999732971191,2488500
2019-02-22,15.109999656677246,15.420000076293945,15.010000228881836,15.399999618530273,2890100
2019-02-25,15.5,16.3799991607666,15.390000343322754,16.15999984741211,4852600
2019-02-26,16.030000686645508,16.25,15.890000343322754,15.899999618530273,2198900
2019-02-27,16.049999237060547,16.09000015258789,15.34000015258789,15.460000038146973,2898600
2019-02-28,15.319999694824219,15.529999732971191,15.069999694824219,15.09000015258789,2477300
2019-03-01,15.260000228881836,15.4399995803833,15.0,15.1899995803833,2093400
2019-03-04,15.210000038146973,15.579999923706055,14.779999732971191,15.0600004196167,2372300
2019-03-05,15.279999732971191,15.300000190734863,14.720000267028809,14.960000038146973,2037600
2019-03-06,15.069999694824219,15.470000267028809,14.819999694824219,14.9399995803833,3416500
2019-03-07,15.0,15.0,14.40999984741211,14.5600004196167,2205400
2019-03-08,14.199999809265137,14.260000228881836,13.869999885559082,14.039999961853027,2854700
2019-03-11,14.09000015258789,14.489999771118164,14.09000015258789,14.4399995803833,1756000
2019-03-12,14.739999771118164,14.779999732971191,14.550000190734863,14.760000228881836,1931000
2019-03-13,15.010000228881836,15.050000190734863,14.640000343322754,14.75,1489300
2019-03-14,14.539999961853027,14.569999694824219,14.1899995803833,14.25,1740100
2019-03-15,14.180000305175781,14.670000076293945,14.170000076293945,14.5600004196167,6404700
2019-03-18,14.770000457763672,14.9399995803833,14.5,14.640000343322754,1849200
2019-03-19,14.920000076293945,14.920000076293945,14.600000381469727,14.6899995803833,1418300
2019-03-20,14.550000190734863,14.829999923706055,14.390000343322754,14.729999542236328,2173100
2019-03-21,14.569999694824219,15.100000381469727,14.569999694824219,14.859999656677246,2193400
2019-03-22,14.550000190734863,14.6899995803833,13.920000076293945,14.100000381469727,5526600
2019-03-25,14.039999961853027,14.260000228881836,13.84000015258789,14.100000381469727,4279800
2019-03-26,14.489999771118164,14.729999542236328,14.15999984741211,14.699999809265137,2561700
2019-03-27,14.720000267028809,14.819999694824219,14.619999885559082,14.760000228881836,2034900
2019-03-28,14.75,14.819999694824219,14.529999732971191,14.739999771118164,1541900
2019-03-29,15.25,15.25,14.899999618530273,15.149999618530273,3621100
2019-04-01,15.399999618530273,15.6899995803833,15.399999618530273,15.550000190734863,2522900
2019-04-02,15.420000076293945,15.5600004196167,15.100000381469727,15.399999618530273,1715500
2019-04-03,15.699999809265137,16.0,15.520000457763672,15.630000114440918,2909000
2019-04-04,15.449999809265137,15.800000190734863,15.260000228881836,15.720000267028809,2058000
2019-04-05,15.609999656677246,15.789999961853027,15.369999885559082,15.770000457763672,1755300
2019-04-08,15.960000038146973,16.079999923706055,15.760000228881836,15.850000381469727,2978800
2019-04-09,15.880000114440918,15.899999618530273,15.489999771118164,15.850000381469727,1551900
2019-04-10,15.8100004196167,16.040000915527344,15.529999732971191,15.649999618530273,2128100
2019-04-11,15.720000267028809,15.930000305175781,15.59000015258789,15.779999732971191,2034400
2019-04-12,16.100000381469727,16.350000381469727,15.699999809265137,15.760000228881836,2675700
2019-04-15,15.539999961853027,15.84000015258789,15.300000190734863,15.729999542236328,2391700
2019-04-16,15.670000076293945,16.040000915527344,15.670000076293945,16.010000228881836,1684400
2019-04-17,16.229999542236328,16.6299991607666,16.139999389648438,16.360000610351562,2433900
2019-04-18,16.239999771118164,16.350000381469727,15.819999694824219,15.930000305175781,2403400
2019-04-22,15.829999923706055,15.850000381469727,15.300000190734863,15.630000114440918,1099800
2019-04-23,15.4399995803833,15.6899995803833,15.279999732971191,15.579999923706055,1963900
2019-04-24,15.270000457763672,15.779999732971191,15.270000457763672,15.470000267028809,2127000
2019-04-25,15.300000190734863,15.3100004196167,14.640000343322754,14.649999618530273,3403800
2019-04-26,14.649999618530273,15.050000190734863,14.600000381469727,15.039999961853027,1780100
2019-04-29,14.75,14.960000038146973,14.5,14.59000015258789,2225100
2019-04-30,14.600000381469727,14.609999656677246,13.899999618530273,14.149999618530273,4470400
2019-05-01,13.84000015258789,13.9399995803833,13.119999885559082,13.170000076293945,3530200
2019-05-02,13.029999732971191,13.069999694824219,12.539999961853027,12.890000343322754,3603300
2019-05-03,13.25,13.430000305175781,12.90999984741211,13.300000190734863,2473100
2019-05-06,12.520000457763672,13.15999984741211,12.520000457763672,12.920000076293945,2406200
2019-05-07,12.720000267028809,12.720000267028809,12.0,12.15999984741211,4152300
2019-05-08,12.180000305175781,12.720000267028809,12.119999885559082,12.640000343322754,2852700
2019-05-09,12.3100004196167,12.529999732971191,12.15999984741211,12.470000267028809,3110900
2019-05-10,12.4399995803833,12.5600004196167,12.100000381469727,12.449999809265137,2906400
2019-05-13,12.0,12.020000457763672,11.640000343322754,11.739999771118164,3231500
2019-05-14,11.989999771118164,12.050000190734863,11.779999732971191,11.899999618530273,2284600
2019-05-15,11.819999694824219,11.899999618530273,11.5,11.579999923706055,2268500
2019-05-16,11.699999809265137,12.09000015258789,11.569999694824219,12.010000228881836,2589300
2019-05-17,11.899999618530273,12.170000076293945,11.779999732971191,11.850000381469727,2790000
2019-05-21,11.5,11.539999961853027,10.720000267028809,11.0,6097300
2019-05-22,10.819999694824219,10.829999923706055,9.760000228881836,9.829999923706055,8895400
2019-05-23,9.550000190734863,10.180000305175781,9.550000190734863,9.850000381469727,6822400
2019-05-24,10.130000114440918,10.390000343322754,9.739999771118164,9.819999694824219,3799800
2019-05-27,9.84000015258789,10.029999732971191,9.779999732971191,10.020000457763672,1164800
2019-05-28,10.020000457763672,10.180000305175781,9.949999809265137,9.970000267028809,2549500
2019-05-29,9.800000190734863,9.9399995803833,9.680000305175781,9.930000305175781,2692600
2019-05-30,9.899999618530273,10.029999732971191,9.770000457763672,10.010000228881836,4786400
2019-05-31,9.949999809265137,10.100000381469727,9.789999961853027,9.84000015258789,7519900
2019-06-03,9.850000381469727,10.130000114440918,9.770000457763672,10.100000381469727,2983500
2019-06-04,10.069999694824219,10.600000381469727,10.029999732971191,10.59000015258789,2871900
2019-06-05,10.380000114440918,10.470000267028809,10.25,10.289999961853027,3039400
2019-06-06,10.34000015258789,10.510000228881836,10.199999809265137,10.5,1679400
2019-06-07,10.279999732971191,10.729999542236328,10.279999732971191,10.6899995803833,1707700
2019-06-10,10.75,10.9399995803833,10.6899995803833,10.770000457763672,1722500
2019-06-11,11.0600004196167,11.40999984741211,11.050000190734863,11.09000015258789,2110900
2019-06-12,11.010000228881836,11.119999885559082,10.6899995803833,11.010000228881836,1774300
2019-06-13,11.1899995803833,11.220000267028809,10.829999923706055,11.0600004196167,1551500
2019-06-14,10.960000038146973,11.25,10.829999923706055,11.149999618530273,1083900
2019-06-17,11.119999885559082,11.180000305175781,10.770000457763672,11.119999885559082,1838300
2019-06-18,11.430000305175781,11.710000038146973,11.300000190734863,11.430000305175781,2824700
2019-06-19,11.430000305175781,11.520000457763672,10.979999542236328,11.210000038146973,2656400
2019-06-20,11.609999656677246,11.930000305175781,11.5,11.859999656677246,3502900
2019-06-21,11.880000114440918,12.09000015258789,11.800000190734863,11.949999809265137,5158500
2019-06-24,12.109999656677246,12.380000114440918,11.930000305175781,12.34000015258789,2373100
2019-06-25,12.5,12.630000114440918,12.289999961853027,12.399999618530273,3014100
2019-06-26,12.329999923706055,12.520000457763672,12.029999732971191,12.420000076293945,2201800
2019-06-27,12.449999809265137,12.5,12.220000267028809,12.260000228881836,2019100
2019-06-28,12.329999923706055,12.470000267028809,12.210000038146973,12.4399995803833,1629300
2019-07-02,12.289999961853027,12.369999885559082,11.920000076293945,12.350000381469727,2865700
2019-07-03,12.420000076293945,12.470000267028809,12.100000381469727,12.170000076293945,984600
2019-07-04,12.029999732971191,12.199999809265137,12.029999732971191,12.09000015258789,524000
2019-07-05,11.899999618530273,12.050000190734863,11.550000190734863,11.770000457763672,2769400
2019-07-08,11.670000076293945,11.760000228881836,11.520000457763672,11.550000190734863,1663300
2019-07-09,11.350000381469727,11.350000381469727,10.390000343322754,10.800000190734863,4335700
2019-07-10,11.029999732971191,11.100000381469727,10.8100004196167,11.079999923706055,2834600
2019-07-11,10.930000305175781,11.470000267028809,10.930000305175781,11.390000343322754,2460800
2019-07-12,11.319999694824219,11.449999809265137,11.239999771118164,11.430000305175781,1397700
2019-07-15,11.5600004196167,11.970000267028809,11.5600004196167,11.949999809265137,1950300
2019-07-16,11.8100004196167,12.739999771118164,11.800000190734863,12.6899995803833,3519600
2019-07-17,12.510000228881836,12.600000381469727,12.25,12.390000343322754,2730100
2019-07-18,12.329999923706055,12.59000015258789,12.260000228881836,12.520000457763672,2239300
2019-07-19,12.970000267028809,13.489999771118164,12.970000267028809,13.3100004196167,3171800
2019-07-22,13.15999984741211,13.350000381469727,13.029999732971191,13.050000190734863,2460800
2019-07-23,13.100000381469727,13.1899995803833,12.84000015258789,12.949999809265137,2147000
2019-07-24,12.800000190734863,13.0,12.6899995803833,12.880000114440918,2379800
2019-07-25,12.979999542236328,13.010000228881836,12.34000015258789,12.430000305175781,2014600
2019-07-26,12.470000267028809,12.630000114440918,12.399999618530273,12.510000228881836,916900
2019-07-29,12.449999809265137,12.640000343322754,11.989999771118164,12.239999771118164,2125300
2019-07-30,11.859999656677246,12.210000038146973,11.680000305175781,12.130000114440918,4544500
2019-07-31,11.859999656677246,12.1899995803833,11.829999923706055,12.15999984741211,2544300
2019-08-01,11.90999984741211,11.960000038146973,10.619999885559082,10.739999771118164,4221600
2019-08-02,10.630000114440918,10.630000114440918,10.289999961853027,10.489999771118164,4022400
2019-08-06,10.289999961853027,10.319999694824219,9.829999923706055,10.140000343322754,3816600
2019-08-07,10.0,10.119999885559082,9.739999771118164,10.039999961853027,4078000
2019-08-08,10.180000305175781,10.380000114440918,10.149999618530273,10.300000190734863,3692800
2019-08-09,10.109999656677246,10.25,9.539999961853027,9.579999923706055,5248300
2019-08-12,9.600000381469727,9.710000038146973,9.420000076293945,9.59000015258789,3653600
2019-08-13,9.569999694824219,9.9399995803833,9.520000457763672,9.699999809265137,3035700
2019-08-14,9.390000343322754,9.470000267028809,8.920000076293945,8.960000038146973,3956700
2019-08-15,8.979999542236328,9.020000457763672,8.489999771118164,8.630000114440918,2807800
2019-08-16,8.739999771118164,8.75,8.3100004196167,8.4399995803833,1709500
2019-08-19,8.739999771118164,9.210000038146973,8.600000381469727,9.15999984741211,2422500
2019-08-20,9.039999961853027,9.069999694824219,8.899999618530273,8.960000038146973,1849500
2019-08-21,9.050000190734863,9.220000267028809,8.899999618530273,8.949999809265137,1866800
2019-08-22,8.979999542236328,9.0,8.779999732971191,8.800000190734863,1492000
2019-08-23,8.8100004196167,8.829999923706055,8.359999656677246,8.40999984741211,2293900
2019-08-26,8.529999732971191,8.649999618530273,8.09000015258789,8.170000076293945,2421300
2019-08-27,8.229999542236328,8.319999694824219,7.840000152587891,7.889999866485596,3065300
2019-08-28,7.869999885559082,8.029999732971191,7.849999904632568,7.989999771118164,4130600
2019-08-29,8.180000305175781,8.399999618530273,7.96999979019165,7.989999771118164,3106000
2019-08-30,8.09000015258789,8.220000267028809,7.96999979019165,8.15999984741211,2851200
2019-09-03,7.980000019073486,8.220000267028809,7.860000133514404,8.170000076293945,3231100
2019-09-04,8.399999618530273,8.819999694824219,8.380000114440918,8.6899995803833,3519200
2019-09-05,8.949999809265137,9.380000114440918,8.899999618530273,9.300000190734863,4893400
2019-09-06,9.399999618530273,9.399999618530273,9.020000457763672,9.050000190734863,1779200
2019-09-09,9.0600004196167,9.34000015258789,9.050000190734863,9.239999771118164,4991900
2019-09-10,9.220000267028809,9.600000381469727,9.0600004196167,9.399999618530273,2779900
2019-09-11,9.529999732971191,9.649999618530273,9.15999984741211,9.239999771118164,3524300
2019-09-12,9.25,10.380000114440918,9.239999771118164,10.029999732971191,11780100
2019-09-13,10.489999771118164,11.119999885559082,10.380000114440918,11.0,7969700
2019-09-16,10.600000381469727,10.75,10.399999618530273,10.550000190734863,2989600
2019-09-17,10.329999923706055,10.600000381469727,10.25,10.600000381469727,2600500
2019-09-18,10.539999961853027,10.569999694824219,9.960000038146973,10.149999618530273,4349400
2019-09-19,10.180000305175781,11.65999984741211,10.15999984741211,11.199999809265137,7390100
2019-09-20,11.670000076293945,12.720000267028809,11.630000114440918,12.210000038146973,12197800
2019-09-23,11.069999694824219,11.289999961853027,10.59000015258789,11.029999732971191,6479100
2019-09-24,11.039999961853027,11.579999923706055,10.989999771118164,11.5600004196167,4999100
2019-09-25,11.399999618530273,11.869999885559082,10.949999809265137,11.59000015258789,2434100
2019-09-26,11.640000343322754,11.680000305175781,10.279999732971191,10.369999885559082,5299400
2019-09-27,10.609999656677246,11.210000038146973,10.569999694824219,10.829999923706055,5003500
2019-09-30,10.890000343322754,11.229999542236328,10.789999961853027,11.130000114440918,3746500
2019-10-01,10.789999961853027,11.220000267028809,10.399999618530273,10.789999961853027,4562700
2019-10-02,10.529999732971191,10.569999694824219,9.920000076293945,9.960000038146973,4408900
2019-10-03,9.789999961853027,9.979999542236328,9.710000038146973,9.8100004196167,5795600
2019-10-04,9.75,9.899999618530273,9.550000190734863,9.670000076293945,3997100
2019-10-07,9.729999542236328,9.770000457763672,9.59000015258789,9.619999885559082,4149000
2019-10-08,9.520000457763672,9.539999961853027,9.34000015258789,9.479999542236328,3105400
2019-10-09,9.600000381469727,9.670000076293945,9.350000381469727,9.40999984741211,3567300
2019-10-10,9.649999618530273,9.75,9.460000038146973,9.640000343322754,3309900
2019-10-11,9.739999771118164,10.539999961853027,9.699999809265137,10.1899995803833,8406400
2019-10-15,9.930000305175781,9.989999771118164,9.5600004196167,9.880000114440918,3554000
2019-10-16,9.850000381469727,10.010000228881836,9.710000038146973,9.970000267028809,2391700
2019-10-17,10.75,11.680000305175781,10.6899995803833,11.100000381469727,6160700
2019-10-18,11.449999809265137,11.460000038146973,10.970000267028809,11.079999923706055,4558100
2019-10-21,11.329999923706055,11.5,11.0,11.039999961853027,3261000
2019-10-22,11.029999732971191,11.270000457763672,10.880000114440918,10.930000305175781,1588900
2019-10-23,11.170000076293945,11.199999809265137,10.760000228881836,11.0,2525800
2019-10-24,11.220000267028809,11.300000190734863,10.539999961853027,10.760000228881836,2024000
2019-10-25,10.6899995803833,11.130000114440918,10.6899995803833,10.989999771118164,1719000
2019-10-28,10.979999542236328,11.289999961853027,10.979999542236328,11.220000267028809,1601700
2019-10-29,11.029999732971191,11.880000114440918,10.930000305175781,11.640000343322754,5021900
2019-10-30,11.710000038146973,11.800000190734863,11.239999771118164,11.699999809265137,4249100
2019-10-31,11.699999809265137,11.770000457763672,10.890000343322754,11.130000114440918,4638500
2019-11-01,11.350000381469727,11.8100004196167,11.289999961853027,11.729999542236328,4159000
2019-11-04,12.100000381469727,12.699999809265137,11.859999656677246,12.510000228881836,4834400
2019-11-05,12.850000381469727,13.369999885559082,12.649999618530273,12.899999618530273,4724700
2019-11-06,12.859999656677246,12.869999885559082,12.25,12.25,3469600
2019-11-07,12.649999618530273,12.930000305175781,12.5600004196167,12.770000457763672,3656000
2019-11-08,12.520000457763672,12.710000038146973,12.420000076293945,12.609999656677246,1371700
2019-11-11,12.399999618530273,12.40999984741211,12.119999885559082,12.1899995803833,1269900
2019-11-12,12.199999809265137,12.270000457763672,11.800000190734863,11.90999984741211,3461400
2019-11-13,11.670000076293945,11.960000038146973,11.510000228881836,11.520000457763672,1513400
2019-11-14,11.569999694824219,11.800000190734863,11.3100004196167,11.479999542236328,1252100
2019-11-15,11.600000381469727,12.0600004196167,11.600000381469727,12.010000228881836,2960400
2019-11-18,11.819999694824219,12.1899995803833,11.760000228881836,12.130000114440918,1557100
2019-11-19,12.489999771118164,12.539999961853027,11.979999542236328,12.020000457763672,1785500
2019-11-20,11.930000305175781,12.079999923706055,11.720000267028809,11.800000190734863,1632400
2019-11-21,11.859999656677246,12.239999771118164,11.859999656677246,12.109999656677246,1982500
2019-11-22,12.3100004196167,12.449999809265137,12.119999885559082,12.359999656677246,2973300
2019-11-25,12.449999809265137,12.600000381469727,12.369999885559082,12.579999923706055,2736700
2019-11-26,12.569999694824219,12.59000015258789,12.25,12.40999984741211,2885700
2019-11-27,12.4399995803833,12.470000267028809,11.859999656677246,12.350000381469727,3239300
2019-11-28,12.25,12.380000114440918,12.210000038146973,12.329999923706055,302600
2019-11-29,12.220000267028809,12.390000343322754,12.109999656677246,12.149999618530273,3834500
2019-12-02,12.15999984741211,12.270000457763672,11.970000267028809,12.210000038146973,2203100
2019-12-03,11.989999771118164,12.100000381469727,11.430000305175781,11.460000038146973,3512800
2019-12-04,11.760000228881836,12.25,11.729999542236328,12.170000076293945,3754500
2019-12-05,12.149999618530273,12.300000190734863,11.970000267028809,12.25,3083700
2019-12-06,12.470000267028809,13.130000114440918,12.449999809265137,12.960000038146973,3399800
2019-12-09,13.25,13.609999656677246,13.25,13.520000457763672,4477600
2019-12-10,13.399999618530273,13.479999542236328,13.039999961853027,13.149999618530273,3785000
2019-12-11,13.449999809265137,13.720000267028809,13.210000038146973,13.600000381469727,4219600
2019-12-12,13.479999542236328,14.100000381469727,13.40999984741211,13.960000038146973,5609700
2019-12-13,13.899999618530273,14.029999732971191,13.350000381469727,13.5600004196167,4047000
2019-12-16,13.850000381469727,13.890000343322754,13.390000343322754,13.470000267028809,3440000
2019-12-17,13.489999771118164,13.850000381469727,13.229999542236328,13.739999771118164,4291400
2019-12-18,13.6899995803833,13.760000228881836,13.270000457763672,13.399999618530273,2559700
2019-12-19,13.350000381469727,13.510000228881836,13.279999732971191,13.380000114440918,1913200
2019-12-20,13.029999732971191,13.289999961853027,12.649999618530273,12.8100004196167,6101300
2019-12-23,12.899999618530273,12.989999771118164,12.649999618530273,12.75,1788500
2019-12-24,12.760000228881836,12.9399995803833,12.65999984741211,12.75,2295000
2019-12-27,12.880000114440918,13.0600004196167,12.6899995803833,12.829999923706055,2290400
2019-12-30,12.869999885559082,13.449999809265137,12.770000457763672,13.1899995803833,1409800
2019-12-31,13.050000190734863,13.239999771118164,13.020000457763672,13.170000076293945,1030000
2020-01-02,13.380000114440918,13.539999961853027,13.199999809265137,13.279999732971191,1424400
2020-01-03,12.960000038146973,13.039999961853027,12.40999984741211,12.430000305175781,2526000
2020-01-06,12.180000305175781,12.460000038146973,11.850000381469727,12.399999618530273,1897500
2020-01-07,12.420000076293945,13.170000076293945,12.40999984741211,12.960000038146973,2761800
2020-01-08,13.119999885559082,13.149999618530273,12.359999656677246,12.430000305175781,3952800
2020-01-09,12.609999656677246,12.619999885559082,11.949999809265137,12.069999694824219,3084300
2020-01-10,12.180000305175781,12.960000038146973,12.140000343322754,12.640000343322754,3752500
2020-01-13,12.75,13.4399995803833,12.640000343322754,13.279999732971191,3290200
2020-01-14,13.220000267028809,13.380000114440918,12.989999771118164,13.100000381469727,1978500
2020-01-15,12.960000038146973,13.180000305175781,12.880000114440918,13.029999732971191,1144800
2020-01-16,13.210000038146973,13.390000343322754,12.65999984741211,12.789999961853027,2708300
2020-01-17,12.850000381469727,13.270000457763672,12.789999961853027,13.1899995803833,2716100
2020-01-20,13.100000381469727,13.1899995803833,12.890000343322754,13.09000015258789,719500
2020-01-21,12.84000015258789,12.930000305175781,12.100000381469727,12.140000343322754,4155600
2020-01-22,12.300000190734863,12.770000457763672,12.260000228881836,12.5600004196167,2884300
2020-01-23,12.25,12.279999732971191,11.739999771118164,12.010000228881836,3117800
2020-01-24,12.020000457763672,12.199999809265137,11.899999618530273,12.039999961853027,3106400
2020-01-27,11.670000076293945,11.670000076293945,11.0,11.279999732971191,4040000
2020-01-28,11.359999656677246,11.899999618530273,11.140000343322754,11.789999961853027,3919400
2020-01-29,11.8100004196167,11.880000114440918,11.369999885559082,11.479999542236328,1719900
2020-01-30,11.25,11.329999923706055,10.720000267028809,11.010000228881836,4296000
2020-01-31,10.829999923706055,10.890000343322754,10.199999809265137,10.359999656677246,4152200
2020-02-03,10.430000305175781,10.680000305175781,10.300000190734863,10.600000381469727,3307000
2020-02-04,11.0,11.850000381469727,10.979999542236328,11.729999542236328,4859400
2020-02-05,12.119999885559082,12.270000457763672,11.720000267028809,11.800000190734863,2694200
2020-02-06,11.880000114440918,12.020000457763672,11.609999656677246,11.720000267028809,1325600
2020-02-07,11.529999732971191,11.529999732971191,10.869999885559082,11.149999618530273,2718000
2020-02-10,11.050000190734863,11.350000381469727,10.899999618530273,11.3100004196167,1526800
2020-02-11,11.600000381469727,12.109999656677246,11.569999694824219,11.729999542236328,2315100
2020-02-12,12.079999923706055,12.119999885559082,11.680000305175781,11.819999694824219,1836900
2020-02-13,11.579999923706055,12.029999732971191,11.489999771118164,11.869999885559082,1678800
2020-02-14,12.010000228881836,12.40999984741211,11.920000076293945,12.180000305175781,2174700
2020-02-18,11.899999618530273,12.0,11.699999809265137,11.800000190734863,1821700
2020-02-19,11.859999656677246,11.949999809265137,11.739999771118164,11.930000305175781,1574900
2020-02-20,11.779999732971191,12.199999809265137,11.779999732971191,12.039999961853027,1594700
2020-02-21,11.880000114440918,12.0,11.470000267028809,11.609999656677246,2192800
2020-02-24,10.510000228881836,11.029999732971191,9.930000305175781,10.920000076293945,2721100
2020-02-25,10.920000076293945,10.930000305175781,10.260000228881836,10.34000015258789,2979600
2020-02-26,10.479999542236328,10.649999618530273,10.079999923706055,10.180000305175781,2689400
2020-02-27,9.880000114440918,10.050000190734863,9.350000381469727,9.760000228881836,1772200
2020-02-28,9.180000305175781,9.960000038146973,8.989999771118164,9.920000076293945,4945500
2020-03-02,10.1899995803833,10.1899995803833,9.649999618530273,10.050000190734863,2436000
2020-03-03,10.010000228881836,10.149999618530273,9.489999771118164,9.680000305175781,4112500
2020-03-04,10.050000190734863,10.140000343322754,9.8100004196167,9.899999618530273,2219800
2020-03-05,9.529999732971191,9.819999694824219,9.420000076293945,9.609999656677246,2359900
2020-03-06,9.199999809265137,9.449999809265137,8.699999809265137,8.960000038146973,3410200
2020-03-09,7.0,7.980000019073486,6.599999904632568,6.96999979019165,5292800
2020-03-10,7.800000190734863,8.0600004196167,7.230000019073486,7.980000019073486,4822200
2020-03-11,7.519999980926514,7.539999961853027,7.0,7.059999942779541,4681800
2020-03-12,6.099999904632568,6.460000038146973,5.510000228881836,5.96999979019165,5697500
2020-03-13,7.070000171661377,7.090000152587891,6.110000133514404,6.800000190734863,6727500
2020-03-16,6.0,6.610000133514404,5.800000190734863,6.429999828338623,4810700
2020-03-17,6.400000095367432,7.300000190734863,5.920000076293945,6.989999771118164,4437900
2020-03-18,6.119999885559082,7.0,5.5,5.800000190734863,5248500
2020-03-19,5.849999904632568,6.789999961853027,5.599999904632568,6.150000095367432,4797600
2020-03-20,6.420000076293945,6.46999979019165,5.070000171661377,5.320000171661377,11230800
2020-03-23,5.28000020980835,5.389999866485596,4.710000038146973,5.039999961853027,4507600
2020-03-24,5.559999942779541,7.230000019073486,5.320000171661377,7.150000095367432,7953300
2020-03-25,7.179999828338623,8.109999656677246,6.889999866485596,7.119999885559082,4445000
2020-03-26,7.179999828338623,7.46999979019165,6.989999771118164,7.079999923706055,5027200
2020-03-27,6.559999942779541,6.78000020980835,6.420000076293945,6.590000152587891,4973100
2020-03-30,6.630000114440918,7.090000152587891,6.480000019073486,6.989999771118164,3295400
2020-03-31,7.25,7.659999847412109,7.130000114440918,7.190000057220459,4264900
2020-04-01,6.869999885559082,7.210000038146973,6.480000019073486,6.510000228881836,3251600
2020-04-02,6.570000171661377,6.78000020980835,6.199999809265137,6.460000038146973,5725700
2020-04-03,6.449999809265137,6.449999809265137,6.070000171661377,6.119999885559082,4492600
2020-04-06,6.679999828338623,6.789999961853027,6.389999866485596,6.550000190734863,6671500
2020-04-07,6.929999828338623,6.980000019073486,6.349999904632568,6.650000095367432,9732200
2020-04-08,6.699999809265137,7.199999809265137,6.420000076293945,7.159999847412109,6502600
2020-04-09,7.199999809265137,7.610000133514404,7.179999828338623,7.320000171661377,5308500
2020-04-13,7.5,7.760000228881836,7.199999809265137,7.480000019073486,2243100
2020-04-14,7.539999961853027,7.829999923706055,7.300000190734863,7.650000095367432,3654500
2020-04-15,7.25,7.349999904632568,7.03000020980835,7.179999828338623,2485900
2020-04-16,7.230000019073486,7.25,6.829999923706055,6.989999771118164,3023300
2020-04-17,7.300000190734863,7.349999904632568,7.070000171661377,7.139999866485596,4277100
2020-04-20,6.900000095367432,7.539999961853027,6.760000228881836,7.400000095367432,4141400
2020-04-21,6.900000095367432,7.199999809265137,6.860000133514404,7.139999866485596,3775400
2020-04-22,7.440000057220459,7.949999809265137,7.429999828338623,7.769999980926514,3510700
2020-04-23,7.869999885559082,8.15999984741211,7.739999771118164,7.900000095367432,2537900
2020-04-24,8.0,8.640000343322754,7.849999904632568,8.550000190734863,3285800
2020-04-27,8.640000343322754,8.779999732971191,8.329999923706055,8.640000343322754,2793600
2020-04-28,8.800000190734863,8.880000114440918,8.289999961853027,8.520000457763672,3204300
2020-04-29,8.800000190734863,9.579999923706055,8.789999961853027,9.069999694824219,3981700
2020-04-30,8.899999618530273,8.979999542236328,8.449999809265137,8.5,4979100
2020-05-01,8.270000457763672,8.40999984741211,8.010000228881836,8.260000228881836,2626600
2020-05-04,8.1899995803833,8.260000228881836,7.909999847412109,8.149999618530273,3521100
2020-05-05,8.399999618530273,8.449999809265137,8.130000114440918,8.170000076293945,1640100
2020-05-06,8.319999694824219,8.319999694824219,8.020000457763672,8.050000190734863,1428200
2020-05-07,8.300000190734863,8.6899995803833,8.180000305175781,8.550000190734863,2817700
2020-05-08,8.770000457763672,8.899999618530273,8.640000343322754,8.890000343322754,1699800
2020-05-11,8.649999618530273,8.899999618530273,8.579999923706055,8.609999656677246,2527100
2020-05-12,8.6899995803833,8.770000457763672,8.239999771118164,8.25,2167900
2020-05-13,8.180000305175781,8.260000228881836,7.840000152587891,8.010000228881836,2424300
2020-05-14,7.800000190734863,7.889999866485596,7.389999866485596,7.400000095367432,3094500
2020-05-15,7.400000095367432,7.880000114440918,7.340000152587891,7.570000171661377,3460000
2020-05-19,8.149999618530273,8.640000343322754,7.869999885559082,8.359999656677246,4638500
2020-05-20,8.59000015258789,8.729999542236328,8.430000305175781,8.630000114440918,1942600
2020-05-21,8.600000381469727,8.720000267028809,8.119999885559082,8.199999809265137,2218500
2020-05-22,8.170000076293945,8.170000076293945,7.699999809265137,7.869999885559082,2351500
2020-05-25,8.0,8.09000015258789,7.789999961853027,7.889999866485596,825600
2020-05-26,8.149999618530273,8.5,8.109999656677246,8.329999923706055,2828800
2020-05-27,8.350000381469727,8.489999771118164,8.100000381469727,8.220000267028809,2082400
2020-05-28,8.399999618530273,8.430000305175781,8.149999618530273,8.220000267028809,1749900
2020-05-29,8.1899995803833,8.210000038146973,7.849999904632568,8.069999694824219,9973100
2020-06-01,8.100000381469727,8.6899995803833,8.0,8.489999771118164,2905400
2020-06-02,8.640000343322754,9.079999923706055,8.550000190734863,8.890000343322754,2447700
2020-06-03,9.149999618530273,9.479999542236328,8.9399995803833,8.949999809265137,3908600
2020-06-04,8.859999656677246,8.979999542236328,8.520000457763672,8.539999961853027,3054200
2020-06-05,9.350000381469727,9.789999961853027,9.210000038146973,9.520000457763672,5105000
2020-06-08,9.760000228881836,9.789999961853027,9.25,9.510000228881836,2622100
2020-06-09,9.380000114440918,9.8100004196167,9.329999923706055,9.680000305175781,2777900
2020-06-10,9.979999542236328,10.270000457763672,9.770000457763672,9.890000343322754,3586000
2020-06-11,9.279999732971191,9.350000381469727,8.390000343322754,8.649999618530273,4840600
2020-06-12,8.949999809265137,9.0600004196167,8.699999809265137,8.789999961853027,3539100
2020-06-15,8.229999542236328,8.800000190734863,8.020000457763672,8.699999809265137,2965100
2020-06-16,9.09000015258789,9.369999885559082,8.960000038146973,9.170000076293945,4651000
2020-06-17,9.25,9.260000228881836,8.9399995803833,9.109999656677246,2061400
2020-06-18,8.899999618530273,9.130000114440918,8.8100004196167,8.859999656677246,2967600
2020-06-19,9.0600004196167,9.729999542236328,9.0600004196167,9.289999961853027,10581800
2020-06-22,9.510000228881836,9.779999732971191,9.420000076293945,9.5600004196167,2489000
2020-06-23,9.75,10.270000457763672,9.710000038146973,10.0,3337300
2020-06-24,9.789999961853027,9.8100004196167,9.079999923706055,9.670000076293945,4873300
2020-06-25,9.520000457763672,10.039999961853027,9.5,10.010000228881836,2317200
2020-06-26,10.020000457763672,10.180000305175781,9.729999542236328,9.890000343322754,2143100
2020-06-29,10.010000228881836,10.380000114440918,9.930000305175781,10.180000305175781,1912900
2020-06-30,10.149999618530273,11.0,10.100000381469727,10.819999694824219,3843200
2020-07-02,11.09000015258789,11.329999923706055,10.670000076293945,10.699999809265137,4131900
2020-07-03,10.630000114440918,10.670000076293945,10.40999984741211,10.65999984741211,562300
2020-07-06,10.850000381469727,11.3100004196167,10.8100004196167,11.25,2955600
2020-07-07,11.149999618530273,11.760000228881836,11.149999618530273,11.34000015258789,3262300
2020-07-08,11.430000305175781,12.25,11.350000381469727,12.170000076293945,3589600
2020-07-09,12.350000381469727,12.720000267028809,12.220000267028809,12.619999885559082,4545200
2020-07-10,12.729999542236328,13.5,12.729999542236328,13.449999809265137,4601800
2020-07-13,13.880000114440918,14.119999885559082,13.430000305175781,13.630000114440918,5185200
2020-07-14,13.220000267028809,13.979999542236328,12.949999809265137,13.970000267028809,5657100
2020-07-15,13.979999542236328,14.069999694824219,13.399999618530273,13.880000114440918,3514800
2020-07-16,13.609999656677246,13.800000190734863,13.210000038146973,13.319999694824219,3023500
2020-07-17,13.390000343322754,13.630000114440918,13.170000076293945,13.460000038146973,2717700
2020-07-20,13.100000381469727,13.369999885559082,12.649999618530273,13.0,3598200
2020-07-21,13.220000267028809,13.300000190734863,12.5600004196167,12.579999923706055,5153100
2020-07-22,12.449999809265137,12.5,12.210000038146973,12.25,3492100
2020-07-23,12.289999961853027,12.670000076293945,12.149999618530273,12.1899995803833,2475000
2020-07-24,12.050000190734863,12.170000076293945,11.609999656677246,12.0600004196167,3888000
2020-07-27,12.0600004196167,12.329999923706055,11.84000015258789,11.859999656677246,3020800
2020-07-28,11.680000305175781,12.180000305175781,11.649999618530273,12.050000190734863,2349200
2020-07-29,12.260000228881836,12.3100004196167,11.720000267028809,12.020000457763672,2462200
2020-07-30,11.75,11.829999923706055,11.3100004196167,11.359999656677246,2755900
2020-07-31,11.40999984741211,11.489999771118164,11.210000038146973,11.319999694824219,3286200
2020-08-04,11.479999542236328,11.84000015258789,11.319999694824219,11.729999542236328,3083200
2020-08-05,12.010000228881836,12.710000038146973,12.010000228881836,12.649999618530273,3015500
2020-08-06,12.529999732971191,12.930000305175781,12.460000038146973,12.920000076293945,2024600
2020-08-07,12.75,12.75,11.699999809265137,11.890000343322754,3259400
2020-08-10,12.180000305175781,12.430000305175781,11.949999809265137,12.069999694824219,1775700
2020-08-11,12.100000381469727,12.350000381469727,11.880000114440918,11.90999984741211,2383200
2020-08-12,12.140000343322754,12.34000015258789,12.079999923706055,12.09000015258789,1515000
2020-08-13,11.960000038146973,12.109999656677246,11.8100004196167,11.90999984741211,1914600
2020-08-14,11.960000038146973,12.100000381469727,11.869999885559082,12.100000381469727,1076200
2020-08-17,12.3100004196167,12.6899995803833,12.260000228881836,12.399999618530273,1650900
2020-08-18,12.729999542236328,13.0,12.479999542236328,12.670000076293945,2297600
2020-08-19,12.869999885559082,13.640000343322754,12.770000457763672,13.489999771118164,5112000
2020-08-20,13.350000381469727,13.369999885559082,12.710000038146973,12.899999618530273,2996900
2020-08-21,12.600000381469727,12.699999809265137,12.359999656677246,12.390000343322754,1977200
2020-08-24,12.600000381469727,12.680000305175781,12.119999885559082,12.260000228881836,2047300
2020-08-25,12.149999618530273,12.319999694824219,11.779999732971191,12.100000381469727,1808900
2020-08-26,12.210000038146973,12.489999771118164,12.050000190734863,12.420000076293945,1946600
2020-08-27,12.510000228881836,12.850000381469727,12.109999656677246,12.6899995803833,2298100
2020-08-28,12.819999694824219,13.1899995803833,12.699999809265137,13.069999694824219,3116800
2020-08-31,13.149999618530273,13.210000038146973,12.890000343322754,12.90999984741211,3074600
2020-09-01,13.0,13.550000190734863,12.699999809265137,13.529999732971191,2572900
2020-09-02,13.5600004196167,13.649999618530273,12.989999771118164,13.380000114440918,2141900
2020-09-03,13.0600004196167,13.15999984741211,12.359999656677246,12.760000228881836,3298200
2020-09-04,12.970000267028809,13.359999656677246,12.489999771118164,12.930000305175781,3653300
2020-09-08,12.510000228881836,12.5600004196167,12.15999984741211,12.449999809265137,2572600
2020-09-09,12.699999809265137,12.979999542236328,12.699999809265137,12.859999656677246,1686600
2020-09-10,12.930000305175781,13.050000190734863,12.539999961853027,12.6899995803833,1406300
2020-09-11,12.869999885559082,13.149999618530273,12.460000038146973,12.720000267028809,3288600
2020-09-14,12.890000343322754,12.899999618530273,12.350000381469727,12.649999618530273,3031200
2020-09-15,12.90999984741211,13.420000076293945,12.800000190734863,13.09000015258789,3237000
2020-09-16,13.470000267028809,14.420000076293945,13.380000114440918,14.279999732971191,5129900
2020-09-17,13.920000076293945,14.380000114440918,13.649999618530273,14.260000228881836,2621200
2020-09-18,14.270000457763672,14.850000381469727,13.84000015258789,14.609999656677246,15249800
2020-09-21,14.149999618530273,14.229999542236328,13.220000267028809,13.329999923706055,2684500
2020-09-22,13.6899995803833,13.75,12.75,12.899999618530273,3628900
2020-09-23,12.90999984741211,12.920000076293945,11.619999885559082,11.680000305175781,5207800
2020-09-24,11.619999885559082,11.880000114440918,11.350000381469727,11.609999656677246,4010500
2020-09-25,11.430000305175781,11.670000076293945,11.25,11.640000343322754,3701400
2020-09-28,11.859999656677246,11.930000305175781,11.550000190734863,11.869999885559082,3403000
2020-09-29,11.779999732971191,12.029999732971191,11.430000305175781,11.760000228881836,2179800
2020-09-30,11.84000015258789,12.140000343322754,11.6899995803833,11.869999885559082,3017600
2020-10-01,11.65999984741211,11.829999923706055,11.40999984741211,11.680000305175781,2338500
2020-10-02,11.4399995803833,11.729999542236328,11.399999618530273,11.569999694824219,2094000
2020-10-05,11.600000381469727,12.079999923706055,11.579999923706055,11.930000305175781,1747100
2020-10-06,12.0,12.0,11.260000228881836,11.34000015258789,2400400
2020-10-07,11.600000381469727,12.050000190734863,11.5600004196167,11.930000305175781,2772000
2020-10-08,12.050000190734863,12.130000114440918,11.90999984741211,12.0,1603100
2020-10-09,12.300000190734863,12.779999732971191,12.300000190734863,12.739999771118164,2853000
2020-10-13,12.529999732971191,12.710000038146973,12.279999732971191,12.319999694824219,1694900
2020-10-14,12.359999656677246,12.40999984741211,12.039999961853027,12.319999694824219,1459800
2020-10-15,12.100000381469727,12.6899995803833,12.0600004196167,12.649999618530273,1707900
2020-10-16,12.630000114440918,12.630000114440918,12.289999961853027,12.380000114440918,988600
2020-10-19,12.420000076293945,12.850000381469727,12.170000076293945,12.1899995803833,2282500
2020-10-20,12.420000076293945,13.390000343322754,12.399999618530273,13.149999618530273,3541300
2020-10-21,13.300000190734863,14.329999923706055,13.300000190734863,14.0,3541700
2020-10-22,13.829999923706055,14.239999771118164,13.779999732971191,14.210000038146973,3012200
2020-10-23,14.25,14.479999542236328,14.010000228881836,14.460000038146973,2008300
2020-10-26,14.0,14.520000457763672,13.970000267028809,14.180000305175781,2314500
2020-10-27,14.109999656677246,14.300000190734863,14.0,14.199999809265137,1717100
2020-10-28,13.84000015258789,14.319999694824219,13.760000228881836,14.100000381469727,6275400
2020-10-29,14.550000190734863,15.079999923706055,14.199999809265137,14.649999618530273,3958500
2020-10-30,14.59000015258789,15.380000114440918,14.359999656677246,15.3100004196167,3008900
2020-11-02,15.199999809265137,15.390000343322754,14.920000076293945,15.050000190734863,1931500
2020-11-03,15.270000457763672,15.449999809265137,14.90999984741211,15.359999656677246,2332500
2020-11-04,15.359999656677246,15.399999618530273,14.359999656677246,14.699999809265137,2111800
2020-11-05,14.970000267028809,15.09000015258789,14.729999542236328,14.770000457763672,2868200
2020-11-06,15.079999923706055,15.75,15.069999694824219,15.479999542236328,2793300
2020-11-09,16.0,17.43000030517578,15.489999771118164,15.569999694824219,3433400
2020-11-10,15.550000190734863,15.850000381469727,15.279999732971191,15.470000267028809,2292900
2020-11-11,15.40999984741211,15.5,14.800000190734863,15.460000038146973,3059200
2020-11-12,15.420000076293945,15.970000267028809,15.210000038146973,15.520000457763672,1971900
2020-11-13,15.859999656677246,16.389999389648438,15.65999984741211,16.1200008392334,2693300
2020-11-16,16.600000381469727,16.90999984741211,16.329999923706055,16.3799991607666,3139400
2020-11-17,16.389999389648438,17.040000915527344,16.239999771118164,16.8700008392334,2921100
2020-11-18,16.950000762939453,17.010000228881836,16.540000915527344,16.690000534057617,1895100
2020-11-19,16.549999237060547,16.989999771118164,16.43000030517578,16.790000915527344,2068100
2020-11-20,17.049999237060547,17.799999237060547,17.010000228881836,17.549999237060547,3527300
2020-11-23,17.700000762939453,18.18000030517578,17.350000381469727,17.59000015258789,2298500
2020-11-24,18.0,18.549999237060547,17.639999389648438,17.700000762939453,3864800
2020-11-25,17.65999984741211,17.93000030517578,17.209999084472656,17.799999237060547,1830900
2020-11-26,17.899999618530273,18.079999923706055,17.709999084472656,18.020000457763672,1203600
2020-11-27,18.219999313354492,18.3700008392334,17.93000030517578,18.040000915527344,1577700
2020-11-30,18.049999237060547,18.6200008392334,18.020000457763672,18.43000030517578,4345000
2020-12-01,19.0,19.479999542236328,18.799999237060547,19.200000762939453,2697100
2020-12-02,19.020000457763672,19.290000915527344,18.520000457763672,19.040000915527344,2478100
2020-12-03,19.110000610351562,19.90999984741211,19.100000381469727,19.889999389648438,2850300
2020-12-04,20.0,21.100000381469727,19.93000030517578,20.889999389648438,3672100
2020-12-07,20.68000030517578,20.739999771118164,19.520000457763672,19.670000076293945,2952700
2020-12-08,19.549999237060547,20.219999313354492,19.239999771118164,19.459999084472656,2783500
2020-12-09,19.600000381469727,19.959999084472656,19.469999313354492,19.90999984741211,2197100
2020-12-10,20.059999465942383,20.579999923706055,20.0,20.540000915527344,2134200
2020-12-11,20.270000457763672,20.940000534057617,20.18000030517578,20.40999984741211,2862400
2020-12-14,20.690000534057617,21.079999923706055,20.229999542236328,20.420000076293945,2700600
2020-12-15,20.65999984741211,20.950000762939453,20.459999084472656,20.93000030517578,2192300
2020-12-16,21.0,21.299999237060547,20.65999984741211,21.260000228881836,2363300
2020-12-17,21.559999465942383,22.0,21.440000534057617,21.780000686645508,2235600
2020-12-18,21.790000915527344,21.81999969482422,21.299999237060547,21.649999618530273,5594300
2020-12-21,20.649999618530273,22.06999969482422,20.420000076293945,22.0,2071800
2020-12-22,21.799999237060547,21.979999542236328,21.479999542236328,21.850000381469727,1663000
2020-12-23,22.0,23.0,21.950000762939453,22.989999771118164,1483800
2020-12-24,22.950000762939453,23.270000457763672,22.729999542236328,23.09000015258789,855600
2020-12-29,23.200000762939453,23.540000915527344,22.65999984741211,22.850000381469727,1624200
2020-12-30,22.850000381469727,24.450000762939453,22.81999969482422,23.68000030517578,1837800
2020-12-31,23.760000228881836,23.770000457763672,22.850000381469727,22.850000381469727,1559500
2021-01-04,23.549999237060547,25.219999313354492,23.549999237060547,24.809999465942383,3492100
2021-01-05,24.75,24.959999084472656,24.020000457763672,24.549999237060547,2595900
2021-01-06,24.760000228881836,26.1299991607666,24.5,25.540000915527344,2046900
2021-01-07,26.010000228881836,26.719999313354492,25.709999084472656,26.219999313354492,2604900
2021-01-08,26.1299991607666,26.530000686645508,25.700000762939453,26.260000228881836,2557900
2021-01-11,25.6299991607666,25.649999618530273,24.459999084472656,24.68000030517578,2844100
2021-01-12,24.799999237060547,25.530000686645508,24.309999465942383,25.25,2730000
2021-01-13,25.25,25.489999771118164,24.139999389648438,24.239999771118164,1897300
2021-01-14,24.450000762939453,24.8799991607666,24.280000686645508,24.700000762939453,2174900
2021-01-15,24.06999969482422,24.1200008392334,22.729999542236328,22.989999771118164,3488000
2021-01-18,22.700000762939453,23.149999618530273,20.899999618530273,22.8799991607666,1444800
2021-01-19,23.309999465942383,24.3700008392334,23.270000457763672,24.190000534057617,2341600
2021-01-20,24.489999771118164,24.68000030517578,23.510000228881836,23.700000762939453,3141500
2021-01-21,23.969999313354492,24.299999237060547,23.270000457763672,23.450000762939453,2682400
2021-01-22,22.799999237060547,23.75,22.719999313354492,23.540000915527344,1321200
2021-01-25,23.399999618530273,23.68000030517578,22.25,23.030000686645508,2277100
2021-01-26,22.489999771118164,22.799999237060547,21.110000610351562,21.350000381469727,2401800
2021-01-27,20.0,20.81999969482422,19.209999084472656,20.1299991607666,4447100
2021-01-28,20.690000534057617,22.290000915527344,20.270000457763672,21.790000915527344,4659900
2021-01-29,22.25,22.25,21.110000610351562,21.299999237060547,2725300
2021-02-01,21.690000534057617,22.270000457763672,21.459999084472656,22.149999618530273,2308600
2021-02-02,22.1299991607666,22.219999313354492,21.239999771118164,21.290000915527344,2695100
2021-02-03,21.440000534057617,22.420000076293945,21.239999771118164,22.350000381469727,2404700
2021-02-04,22.139999389648438,23.190000534057617,21.739999771118164,22.75,2033800
2021-02-05,23.190000534057617,24.309999465942383,23.1299991607666,23.799999237060547,3199000
2021-02-08,24.209999084472656,24.530000686645508,23.940000534057617,24.219999313354492,2048200
2021-02-09,24.510000228881836,24.649999618530273,23.469999313354492,23.829999923706055,2561000
2021-02-10,24.399999618530273,24.8700008392334,24.020000457763672,24.309999465942383,2345200
2021-02-11,24.31999969482422,24.68000030517578,24.149999618530273,24.5,1303200
2021-02-12,24.270000457763672,25.329999923706055,24.09000015258789,25.200000762939453,1625700
2021-02-16,25.530000686645508,27.149999618530273,25.510000228881836,26.31999969482422,2249500
2021-02-17,25.389999389648438,26.93000030517578,25.020000457763672,25.979999542236328,2288900
2021-02-18,26.540000915527344,26.799999237060547,25.81999969482422,26.200000762939453,1843200
2021-02-19,27.0,29.229999542236328,26.8700008392334,29.079999923706055,4040300
2021-02-22,29.549999237060547,30.229999542236328,28.25,30.0,3364400
2021-02-23,30.0,30.75,28.610000610351562,30.670000076293945,4475000
2021-02-24,30.600000381469727,31.239999771118164,30.100000381469727,31.059999465942383,3046900
2021-02-25,31.049999237060547,31.56999969482422,29.040000915527344,29.43000030517578,3152500
2021-02-26,28.600000381469727,28.729999542236328,26.850000381469727,27.43000030517578,5288500
2021-03-01,27.8700008392334,28.3799991607666,27.440000534057617,27.940000534057617,2238400
2021-03-02,28.1200008392334,28.59000015258789,27.31999969482422,28.06999969482422,2724800
2021-03-03,27.920000076293945,28.56999969482422,27.719999313354492,28.09000015258789,1513300
2021-03-04,27.270000457763672,27.360000610351562,25.43000030517578,26.09000015258789,3018400
2021-03-05,26.799999237060547,26.969999313354492,24.959999084472656,26.920000076293945,2902700
2021-03-08,26.530000686645508,27.3700008392334,26.149999618530273,26.510000228881836,1824800
2021-03-09,26.350000381469727,26.899999618530273,25.059999465942383,26.059999465942383,2602300
2021-03-10,26.1299991607666,27.270000457763672,26.1299991607666,26.68000030517578,2105500
2021-03-11,27.65999984741211,28.479999542236328,27.049999237060547,28.3799991607666,3032600
2021-03-12,27.850000381469727,28.030000686645508,27.110000610351562,27.899999618530273,1992700
2021-03-15,28.0,28.09000015258789,27.360000610351562,27.979999542236328,1616900
2021-03-16,27.600000381469727,27.600000381469727,26.239999771118164,26.260000228881836,2137700
2021-03-17,26.149999618530273,26.389999389648438,25.40999984741211,26.0,3584900
2021-03-18,25.850000381469727,26.079999923706055,24.889999389648438,24.899999618530273,3893500
2021-03-19,24.8700008392334,25.200000762939453,23.979999542236328,24.0,8857700
2021-03-22,23.940000534057617,24.809999465942383,23.540000915527344,24.3700008392334,3062000
2021-03-23,24.0,24.65999984741211,23.139999389648438,23.399999618530273,4335700
2021-03-24,23.979999542236328,24.709999084472656,23.420000076293945,23.600000381469727,2655700
2021-03-25,22.790000915527344,23.34000015258789,22.200000762939453,23.079999923706055,3045500
2021-03-26,23.5,24.239999771118164,23.1200008392334,24.200000762939453,2709300
2021-03-29,23.989999771118164,24.469999313354492,23.530000686645508,24.06999969482422,1580200
2021-03-30,23.889999389648438,24.489999771118164,23.6299991607666,24.200000762939453,2966700
2021-03-31,24.459999084472656,24.469999313354492,23.579999923706055,23.950000762939453,2365300
2021-04-01,24.049999237060547,25.010000228881836,23.8700008392334,24.969999313354492,2408000
2021-04-05,25.530000686645508,26.690000534057617,25.530000686645508,26.440000534057617,2011900
2021-04-06,26.719999313354492,27.770000457763672,26.600000381469727,27.420000076293945,3219900
2021-04-07,27.299999237060547,27.93000030517578,26.920000076293945,27.850000381469727,2414100
2021-04-08,28.0,28.290000915527344,27.639999389648438,28.149999618530273,1582100
2021-04-09,28.0,28.030000686645508,27.450000762939453,27.809999465942383,1708000
2021-04-12,27.6299991607666,27.68000030517578,25.8799991607666,25.899999618530273,2708800
2021-04-13,26.1299991607666,26.399999618530273,25.520000457763672,25.93000030517578,2271500
2021-04-14,26.520000457763672,27.760000228881836,26.469999313354492,27.190000534057617,3626800
2021-04-15,27.739999771118164,28.81999969482422,27.600000381469727,28.6200008392334,2152800
2021-04-16,28.780000686645508,29.489999771118164,28.469999313354492,28.489999771118164,1904400
2021-04-19,28.889999389648438,29.040000915527344,27.770000457763672,28.229999542236328,1256400
2021-04-20,28.0,28.520000457763672,27.15999984741211,27.190000534057617,1352200
2021-04-21,27.030000686645508,27.549999237060547,26.709999084472656,27.389999389648438,2126900
2021-04-22,27.459999084472656,27.5,26.43000030517578,26.889999389648438,1425800
2021-04-23,27.260000228881836,27.780000686645508,26.700000762939453,27.56999969482422,1833500
2021-04-26,28.260000228881836,29.81999969482422,28.15999984741211,29.670000076293945,2319600
2021-04-27,29.709999084472656,30.68000030517578,29.670000076293945,30.200000762939453,2515400
2021-04-28,29.670000076293945,30.559999465942383,29.510000228881836,30.200000762939453,1932500
2021-04-29,30.450000762939453,30.639999389648438,28.940000534057617,29.479999542236328,1842500
2021-04-30,29.350000381469727,29.360000610351562,28.1299991607666,28.329999923706055,2709000
2021-05-03,29.0,29.65999984741211,28.5,29.139999389648438,1471500
2021-05-04,28.889999389648438,29.280000686645508,28.719999313354492,29.09000015258789,1810700
2021-05-05,29.350000381469727,31.399999618530273,29.350000381469727,30.639999389648438,2113300
2021-05-06,31.0,31.56999969482422,29.8799991607666,31.56999969482422,2596300
2021-05-07,31.579999923706055,33.790000915527344,31.56999969482422,33.70000076293945,3441400
2021-05-10,34.45000076293945,35.06999969482422,31.81999969482422,31.979999542236328,4101500
2021-05-11,31.31999969482422,33.060001373291016,30.799999237060547,33.02000045776367,3424200
2021-05-12,32.68000030517578,32.849998474121094,30.15999984741211,30.809999465942383,3612400
2021-05-13,30.65999984741211,31.100000381469727,29.579999923706055,29.979999542236328,1957500
2021-05-14,30.0,30.15999984741211,29.139999389648438,29.520000457763672,2586200
2021-05-17,29.889999389648438,30.56999969482422,29.219999313354492,30.5,2258200
2021-05-18,30.899999618530273,31.670000076293945,29.93000030517578,30.520000457763672,1575900
2021-05-19,28.93000030517578,28.950000762939453,27.700000762939453,27.93000030517578,2975400
2021-05-20,28.030000686645508,28.139999389648438,27.329999923706055,28.049999237060547,1890900
2021-05-21,28.34000015258789,28.34000015258789,27.209999084472656,27.34000015258789,1748900
2021-05-25,27.5,27.8700008392334,27.139999389648438,27.399999618530273,1909500
2021-05-26,27.020000457763672,28.489999771118164,27.020000457763672,28.270000457763672,1675600
2021-05-27,28.860000610351562,29.850000381469727,28.34000015258789,29.389999389648438,3242500
2021-05-28,29.540000915527344,30.56999969482422,28.979999542236328,30.049999237060547,2120300
2021-05-31,29.90999984741211,30.149999618530273,29.559999465942383,29.700000762939453,594200
2021-06-01,30.399999618530273,30.690000534057617,29.719999313354492,29.860000610351562,1751000
2021-06-02,29.899999618530273,30.020000457763672,29.139999389648438,29.540000915527344,1165200
2021-06-03,28.809999465942383,28.829999923706055,28.18000030517578,28.489999771118164,1769500
2021-06-04,28.959999084472656,29.8799991607666,28.81999969482422,29.06999969482422,1718100
2021-06-07,28.739999771118164,29.229999542236328,28.399999618530273,28.920000076293945,906500
2021-06-08,28.6299991607666,29.440000534057617,28.350000381469727,28.959999084472656,1194600
2021-06-09,28.8700008392334,29.1200008392334,28.030000686645508,28.549999237060547,1363200
2021-06-10,28.450000762939453,29.020000457763672,28.239999771118164,28.549999237060547,1781400
2021-06-11,29.010000228881836,29.739999771118164,28.90999984741211,29.1299991607666,1860200
2021-06-14,29.0,29.0,27.90999984741211,28.049999237060547,1768900
2021-06-15,27.5,27.559999465942383,25.59000015258789,26.399999618530273,3274500
2021-06-16,26.020000457763672,26.549999237060547,25.68000030517578,26.18000030517578,3532800
2021-06-17,25.770000457763672,26.329999923706055,25.40999984741211,25.709999084472656,3204800
2021-06-18,25.440000534057617,26.290000915527344,25.440000534057617,25.90999984741211,3817900
2021-06-21,26.149999618530273,26.40999984741211,25.68000030517578,26.290000915527344,2038200
2021-06-22,26.68000030517578,27.479999542236328,26.200000762939453,27.260000228881836,2687100
2021-06-23,27.950000762939453,28.3799991607666,27.510000228881836,28.079999923706055,2200300
2021-06-24,28.260000228881836,28.270000457763672,27.799999237060547,28.18000030517578,1118800
2021-06-25,28.329999923706055,28.600000381469727,28.09000015258789,28.520000457763672,1297800
2021-06-28,28.75,28.75,28.209999084472656,28.40999984741211,1559900
2021-06-29,28.34000015258789,28.690000534057617,28.170000076293945,28.459999084472656,700900
2021-06-30,28.75,28.809999465942383,28.280000686645508,28.56999969482422,1994100
2021-07-02,28.690000534057617,28.8799991607666,27.700000762939453,28.309999465942383,1488900
2021-07-05,28.389999389648438,29.399999618530273,28.299999237060547,28.780000686645508,964300
2021-07-06,28.549999237060547,28.639999389648438,27.1200008392334,27.65999984741211,2262900
2021-07-07,27.8799991607666,28.8799991607666,27.850000381469727,28.459999084472656,2133700
2021-07-08,27.729999542236328,28.290000915527344,27.43000030517578,28.190000534057617,1681400
2021-07-09,28.399999618530273,29.350000381469727,28.360000610351562,28.850000381469727,1399000
2021-07-12,28.420000076293945,28.719999313354492,28.079999923706055,28.559999465942383,2463700
2021-07-13,28.459999084472656,28.899999618530273,28.200000762939453,28.520000457763672,1004300
2021-07-14,28.559999465942383,28.729999542236328,26.940000534057617,27.030000686645508,2778200
2021-07-15,27.079999923706055,27.700000762939453,27.0,27.270000457763672,1282700
2021-07-16,27.18000030517578,27.360000610351562,24.450000762939453,24.639999389648438,3250100
2021-07-19,23.959999084472656,24.0,22.600000381469727,23.1200008392334,4066300
2021-07-20,23.420000076293945,23.540000915527344,22.68000030517578,23.010000228881836,2422500
2021-07-21,23.270000457763672,23.920000076293945,23.260000228881836,23.709999084472656,2329900
2021-07-22,23.959999084472656,24.549999237060547,23.6299991607666,24.1299991607666,1441100
2021-07-23,24.540000915527344,25.040000915527344,24.290000915527344,24.549999237060547,1917800
2021-07-26,25.100000381469727,25.229999542236328,24.68000030517578,25.059999465942383,1748700
2021-07-27,24.770000457763672,25.399999618530273,24.43000030517578,25.270000457763672,1521300
2021-07-28,25.579999923706055,25.920000076293945,25.209999084472656,25.700000762939453,1755300
2021-07-29,26.34000015258789,27.270000457763672,26.31999969482422,26.920000076293945,2042800
2021-07-30,26.719999313354492,27.290000915527344,26.469999313354492,26.719999313354492,1414800
2021-08-03,26.110000610351562,26.329999923706055,25.25,26.309999465942383,2778100
2021-08-04,26.09000015258789,26.399999618530273,25.25,25.290000915527344,1761800
2021-08-05,25.3799991607666,25.8700008392334,25.260000228881836,25.450000762939453,936400
2021-08-06,25.700000762939453,26.579999923706055,25.670000076293945,26.329999923706055,2424700
2021-08-09,25.889999389648438,26.170000076293945,25.6299991607666,26.020000457763672,1164800
2021-08-10,25.989999771118164,26.700000762939453,25.989999771118164,26.540000915527344,1967200
2021-08-11,26.6299991607666,26.729999542236328,26.1200008392334,26.43000030517578,984000
2021-08-12,26.34000015258789,26.34000015258789,25.149999618530273,25.81999969482422,2311800
2021-08-13,25.829999923706055,26.860000610351562,25.709999084472656,26.579999923706055,2859300
2021-08-16,26.200000762939453,27.049999237060547,25.700000762939453,26.149999618530273,1963600
2021-08-17,25.670000076293945,25.969999313354492,24.780000686645508,25.31999969482422,3383600
2021-08-18,24.860000610351562,25.0,24.219999313354492,24.3700008392334,2273600
2021-08-19,23.639999389648438,23.799999237060547,22.799999237060547,23.170000076293945,3023400
2021-08-20,23.229999542236328,23.760000228881836,23.15999984741211,23.459999084472656,1468000
2021-08-23,24.0,25.389999389648438,23.920000076293945,25.030000686645508,2642400
2021-08-24,25.5,25.969999313354492,25.299999237060547,25.540000915527344,1091100
2021-08-25,25.790000915527344,25.829999923706055,25.170000076293945,25.350000381469727,1171500
2021-08-26,25.139999389648438,25.520000457763672,25.059999465942383,25.209999084472656,1045900
2021-08-27,25.579999923706055,27.079999923706055,25.40999984741211,26.639999389648438,2508400
2021-08-30,27.020000457763672,27.219999313354492,26.459999084472656,26.979999542236328,1413400
2021-08-31,26.950000762939453,27.139999389648438,26.200000762939453,26.280000686645508,2958300
2021-09-01,25.850000381469727,26.219999313354492,25.270000457763672,25.950000762939453,2146700
2021-09-02,25.8700008392334,26.1299991607666,24.920000076293945,25.030000686645508,1419000
2021-09-03,25.190000534057617,25.860000610351562,25.18000030517578,25.670000076293945,1455600
2021-09-07,25.510000228881836,26.18000030517578,25.40999984741211,25.6200008392334,2384900
2021-09-08,25.510000228881836,25.690000534057617,23.670000076293945,23.690000534057617,2285500
2021-09-09,23.899999618530273,24.600000381469727,23.899999618530273,24.25,1898900
2021-09-10,24.899999618530273,25.18000030517578,24.290000915527344,24.3799991607666,2514200
2021-09-13,24.350000381469727,24.6299991607666,23.84000015258789,24.06999969482422,2058700
2021-09-14,24.0,24.440000534057617,23.639999389648438,23.93000030517578,2084200
2021-09-15,24.280000686645508,24.780000686645508,24.06999969482422,24.469999313354492,1740200
2021-09-16,24.049999237060547,24.100000381469727,23.049999237060547,23.670000076293945,2043300
2021-09-17,23.6299991607666,24.049999237060547,22.31999969482422,22.540000915527344,5612100
2021-09-20,21.600000381469727,21.770000457763672,20.670000076293945,21.270000457763672,5496200
2021-09-21,21.540000915527344,21.75,20.760000228881836,21.010000228881836,4016000
2021-09-22,21.899999618530273,22.690000534057617,21.690000534057617,22.59000015258789,3790300
2021-09-23,22.5,23.149999618530273,22.5,22.889999389648438,1833400
2021-09-24,22.649999618530273,23.100000381469727,22.3799991607666,22.829999923706055,1574600
2021-09-27,22.75,23.459999084472656,22.600000381469727,23.309999465942383,1631900
2021-09-28,23.170000076293945,23.190000534057617,22.780000686645508,23.15999984741211,983100
2021-09-29,23.270000457763672,23.6299991607666,23.139999389648438,23.260000228881836,2092700
2021-09-30,23.110000610351562,24.0,23.030000686645508,23.450000762939453,2185300
2021-10-01,23.719999313354492,23.959999084472656,23.399999618530273,23.5,1698900
2021-10-04,23.68000030517578,24.209999084472656,23.43000030517578,23.670000076293945,1032100
2021-10-05,23.459999084472656,24.399999618530273,23.0,24.360000610351562,1607300
2021-10-06,23.809999465942383,24.209999084472656,23.329999923706055,23.8799991607666,2133100
2021-10-07,24.139999389648438,25.479999542236328,24.1200008392334,25.149999618530273,1834700
2021-10-08,25.399999618530273,25.719999313354492,25.290000915527344,25.5,1534700
2021-10-12,25.940000534057617,26.700000762939453,25.790000915527344,26.100000381469727,1891500
2021-10-13,26.3799991607666,27.219999313354492,25.969999313354492,27.049999237060547,2436300
2021-10-14,28.0,29.139999389648438,27.450000762939453,27.68000030517578,3286000
2021-10-15,28.459999084472656,30.280000686645508,28.3700008392334,29.899999618530273,3020200
2021-10-18,29.5,30.049999237060547,29.010000228881836,29.979999542236328,1628600
2021-10-19,30.059999465942383,30.420000076293945,29.829999923706055,30.309999465942383,1598000
2021-10-20,30.110000610351562,30.899999618530273,30.059999465942383,30.709999084472656,1535200
2021-10-21,30.190000534057617,30.200000762939453,28.610000610351562,29.209999084472656,2822300
2021-10-22,29.170000076293945,29.56999969482422,29.06999969482422,29.31999969482422,1657900
2021-10-25,29.510000228881836,30.780000686645508,29.5,30.75,1800300
2021-10-26,30.6299991607666,30.6299991607666,29.34000015258789,29.56999969482422,1571400
2021-10-27,28.860000610351562,29.0,28.290000915527344,28.440000534057617,1481700
2021-10-28,28.700000762939453,28.719999313354492,27.850000381469727,27.940000534057617,1542900
2021-10-29,27.639999389648438,29.540000915527344,27.360000610351562,29.299999237060547,2706500
2021-11-01,29.40999984741211,29.6299991607666,28.690000534057617,29.260000228881836,1796000
2021-11-02,29.079999923706055,29.079999923706055,27.959999084472656,28.170000076293945,1861100
2021-11-03,28.309999465942383,28.309999465942383,27.420000076293945,27.8700008392334,1081000
2021-11-04,27.959999084472656,28.420000076293945,27.549999237060547,27.790000915527344,1330600
2021-11-05,27.940000534057617,27.979999542236328,27.530000686645508,27.649999618530273,1365100
2021-11-08,28.100000381469727,29.139999389648438,27.790000915527344,28.700000762939453,2406100
2021-11-09,28.6200008392334,28.700000762939453,27.459999084472656,27.6299991607666,1697500
2021-11-10,27.65999984741211,27.739999771118164,26.75,27.100000381469727,1108000
2021-11-11,27.84000015258789,28.940000534057617,27.84000015258789,28.15999984741211,2222200
2021-11-12,28.309999465942383,28.690000534057617,28.280000686645508,28.420000076293945,856900
2021-11-15,28.1299991607666,28.209999084472656,27.200000762939453,27.739999771118164,1563100
2021-11-16,27.549999237060547,27.84000015258789,27.270000457763672,27.600000381469727,945000
2021-11-17,27.3799991607666,27.950000762939453,27.110000610351562,27.290000915527344,1517400
2021-11-18,27.329999923706055,27.459999084472656,26.579999923706055,27.139999389648438,1115400
2021-11-19,27.139999389648438,27.40999984741211,26.809999465942383,27.049999237060547,907300
2021-11-22,27.040000915527344,27.31999969482422,26.469999313354492,27.049999237060547,1600100
2021-11-23,27.5,28.670000076293945,27.489999771118164,28.6200008392334,2260100
2021-11-24,28.459999084472656,29.0,27.8700008392334,28.860000610351562,1324900
2021-11-25,28.989999771118164,29.0,28.489999771118164,28.610000610351562,389100
2021-11-26,27.270000457763672,27.469999313354492,26.31999969482422,27.049999237060547,1671100
2021-11-29,27.690000534057617,28.149999618530273,27.040000915527344,28.06999969482422,1848900
2021-11-30,27.75,28.489999771118164,26.649999618530273,27.229999542236328,3554300
2021-12-01,27.5,27.860000610351562,26.700000762939453,26.809999465942383,2500900
2021-12-02,26.950000762939453,28.110000610351562,26.639999389648438,27.700000762939453,1511900
2021-12-03,27.6299991607666,27.8700008392334,26.65999984741211,26.989999771118164,1485000
2021-12-06,27.309999465942383,28.18000030517578,26.75,28.049999237060547,1610200
2021-12-07,28.5,29.440000534057617,28.469999313354492,28.950000762939453,2249800
2021-12-08,29.149999618530273,29.3700008392334,28.670000076293945,29.309999465942383,1021300
2021-12-09,28.860000610351562,30.020000457763672,28.549999237060547,29.700000762939453,2501300
2021-12-10,29.860000610351562,29.899999618530273,28.190000534057617,28.469999313354492,1832600
2021-12-13,28.709999084472656,28.84000015258789,27.799999237060547,28.43000030517578,1827300
2021-12-14,28.15999984741211,28.790000915527344,27.940000534057617,28.100000381469727,899000
2021-12-15,27.329999923706055,27.6200008392334,26.850000381469727,27.549999237060547,2166400
2021-12-16,28.059999465942383,28.3700008392334,27.440000534057617,27.530000686645508,1712000
2021-12-17,27.530000686645508,27.950000762939453,27.100000381469727,27.1299991607666,3073800
2021-12-20,26.700000762939453,27.969999313354492,26.65999984741211,27.59000015258789,1660900
2021-12-21,27.969999313354492,29.049999237060547,27.860000610351562,28.969999313354492,1615100
2021-12-22,28.969999313354492,30.0,28.969999313354492,29.829999923706055,1300500
2021-12-23,29.889999389648438,30.40999984741211,29.600000381469727,30.239999771118164,1406500
2021-12-24,30.219999313354492,30.559999465942383,30.219999313354492,30.450000762939453,161200
2021-12-29,29.969999313354492,30.899999618530273,29.959999084472656,30.399999618530273,1252500
2021-12-30,30.3700008392334,30.579999923706055,30.110000610351562,30.1200008392334,541200
2021-12-31,30.1299991607666,30.420000076293945,30.0,30.270000457763672,553100
2022-01-04,30.68000030517578,30.90999984741211,30.219999313354492,30.540000915527344,1163000
2022-01-05,30.190000534057617,31.450000762939453,30.190000534057617,30.540000915527344,1166300
2022-01-06,30.270000457763672,30.43000030517578,29.670000076293945,30.15999984741211,900500
2022-01-07,30.25,30.510000228881836,29.399999618530273,30.399999618530273,1192700
2022-01-10,30.010000228881836,31.010000228881836,29.729999542236328,31.0,1466700
2022-01-11,31.030000686645508,33.06999969482422,30.850000381469727,33.0,2699500
2022-01-12,33.95000076293945,36.25,33.939998626708984,36.16999816894531,3468700
2022-01-13,35.54999923706055,36.13999938964844,35.15999984741211,35.79999923706055,2291100
2022-01-14,32.060001373291016,35.0,31.34000015258789,34.709999084472656,5366700
2022-01-17,33.9900016784668,34.97999954223633,33.7599983215332,34.97999954223633,1134700
2022-01-18,34.5,36.31999969482422,34.029998779296875,34.31999969482422,3203800
2022-01-19,35.25,35.720001220703125,34.95000076293945,35.29999923706055,1835000
2022-01-20,35.58000183105469,36.119998931884766,34.70000076293945,35.439998626708984,2912100
2022-01-21,35.099998474121094,35.209999084472656,33.33000183105469,33.619998931884766,1855300
2022-01-24,31.950000762939453,32.400001525878906,30.6200008392334,32.2400016784668,2721000
2022-01-25,32.13999938964844,32.400001525878906,31.329999923706055,32.31999969482422,1712200
2022-01-26,32.900001525878906,33.060001373291016,31.229999542236328,31.75,2058800
2022-01-27,31.799999237060547,32.5,30.81999969482422,30.889999389648438,1458900
2022-01-28,30.459999084472656,30.790000915527344,29.100000381469727,30.770000457763672,2010500
2022-01-31,30.5,31.3799991607666,29.84000015258789,31.309999465942383,1914300
2022-02-01,32.04999923706055,32.79999923706055,31.6299991607666,32.72999954223633,2209600
2022-02-02,32.7400016784668,33.650001525878906,32.720001220703125,33.18000030517578,1455400
2022-02-03,32.66999816894531,32.83000183105469,32.040000915527344,32.33000183105469,1099000
2022-02-04,32.11000061035156,33.029998779296875,32.040000915527344,32.869998931884766,1103800
2022-02-07,32.75,33.619998931884766,32.75,33.11000061035156,1339400
2022-02-08,33.11000061035156,34.54999923706055,32.650001525878906,34.15999984741211,1589500
2022-02-09,34.959999084472656,36.25,34.84000015258789,36.04999923706055,1373400
2022-02-10,35.83000183105469,37.849998474121094,35.66999816894531,37.0,2448200
2022-02-11,36.20000076293945,36.86000061035156,35.439998626708984,35.849998474121094,1213900
2022-02-14,35.900001525878906,36.0,34.939998626708984,35.38999938964844,1480000
2022-02-15,35.709999084472656,36.36000061035156,34.83000183105469,35.209999084472656,2306500
2022-02-16,34.5099983215332,36.119998931884766,34.45000076293945,34.7599983215332,2006100
2022-02-17,34.59000015258789,34.93000030517578,34.02000045776367,34.400001525878906,1367500
2022-02-18,34.84000015258789,34.9900016784668,33.529998779296875,33.95000076293945,1256600
2022-02-22,33.849998474121094,34.880001068115234,33.68000030517578,33.90999984741211,1630100
2022-02-23,34.15999984741211,34.939998626708984,33.86000061035156,34.310001373291016,1065800
2022-02-24,33.79999923706055,35.119998931884766,33.15999984741211,35.04999923706055,1988600
2022-02-25,35.15999984741211,36.7400016784668,34.97999954223633,36.720001220703125,1303200
2022-02-28,36.54999923706055,37.22999954223633,35.790000915527344,37.16999816894531,2445200
2022-03-01,37.369998931884766,38.040000915527344,36.150001525878906,36.810001373291016,2053700
2022-03-02,37.25,38.060001373291016,36.54999923706055,36.720001220703125,1999700
2022-03-03,37.52000045776367,39.099998474121094,37.45000076293945,38.45000076293945,2411200
2022-03-04,38.5,38.81999969482422,37.220001220703125,38.4900016784668,1731300
2022-03-07,37.65999984741211,39.09000015258789,36.77000045776367,36.810001373291016,2780100
2022-03-08,36.900001525878906,39.150001525878906,36.869998931884766,38.63999938964844,3833900
2022-03-09,38.029998779296875,39.11000061035156,37.119998931884766,39.04999923706055,2472200
2022-03-10,38.900001525878906,39.41999816894531,38.220001220703125,38.91999816894531,2192700
2022-03-11,38.66999816894531,39.099998474121094,37.970001220703125,38.439998626708984,1246300
2022-03-14,38.18000030517578,38.18000030517578,36.43000030517578,37.150001525878906,2158600
2022-03-15,36.38999938964844,37.02000045776367,35.380001068115234,37.0099983215332,2290400
2022-03-16,37.95000076293945,38.4900016784668,37.310001373291016,38.470001220703125,2398200
2022-03-17,38.47999954223633,40.619998931884766,38.45000076293945,40.59000015258789,2099100
2022-03-18,42.0,42.849998474121094,40.02000045776367,41.16999816894531,5510600
2022-03-21,41.54999923706055,42.279998779296875,40.9900016784668,42.189998626708984,2155000
2022-03-22,42.5,42.5,40.810001373291016,41.189998626708984,1384200
2022-03-23,41.02000045776367,42.4900016784668,41.02000045776367,41.45000076293945,1373300
2022-03-24,41.650001525878906,42.04999923706055,41.38999938964844,41.91999816894531,1078900
2022-03-25,41.529998779296875,42.66999816894531,41.529998779296875,42.5,1620300
2022-03-28,42.040000915527344,43.060001373291016,41.810001373291016,42.93000030517578,1580600
2022-03-29,42.70000076293945,42.900001525878906,42.029998779296875,42.209999084472656,1612300
2022-03-30,42.650001525878906,43.56999969482422,42.25,43.52000045776367,1098700
2022-03-31,43.619998931884766,43.81999969482422,42.65999984741211,43.279998779296875,1671600
2022-04-01,43.66999816894531,44.47999954223633,43.20000076293945,44.41999816894531,1294300
2022-04-04,44.63999938964844,45.380001068115234,44.33000183105469,44.959999084472656,1202300
2022-04-05,44.7599983215332,45.130001068115234,42.02000045776367,42.38999938964844,2065300
2022-04-06,42.0,42.529998779296875,40.90999984741211,41.40999984741211,1766500
2022-04-07,41.0099983215332,42.04999923706055,40.779998779296875,41.54999923706055,1154000
2022-04-08,41.7599983215332,41.97999954223633,40.540000915527344,40.7599983215332,1781400
2022-04-11,40.65999984741211,40.70000076293945,39.5099983215332,40.060001373291016,2781600
2022-04-12,40.349998474121094,40.95000076293945,39.63999938964844,39.86000061035156,1613200
2022-04-13,40.150001525878906,41.47999954223633,40.0,41.43000030517578,1790300
2022-04-14,41.36000061035156,41.540000915527344,40.61000061035156,41.0099983215332,986200
2022-04-18,41.33000183105469,43.029998779296875,41.0,42.880001068115234,2585100
2022-04-19,41.9900016784668,42.2599983215332,41.59000015258789,42.150001525878906,1372400
2022-04-20,41.91999816894531,43.279998779296875,40.5,41.11000061035156,2237400
2022-04-21,41.279998779296875,41.939998626708984,38.08000183105469,39.31999969482422,3998600
2022-04-22,38.5,38.7400016784668,35.70000076293945,35.75,2775900
2022-04-25,34.689998626708984,35.56999969482422,33.56999969482422,35.369998931884766,3159100
2022-04-26,35.599998474121094,35.599998474121094,33.689998626708984,33.83000183105469,2313900
2022-04-27,35.0,35.7400016784668,34.41999816894531,35.56999969482422,2667900
2022-04-28,35.9900016784668,37.72999954223633,35.689998626708984,37.349998474121094,3665600
2022-04-29,37.58000183105469,38.70000076293945,36.63999938964844,36.83000183105469,1885900
2022-05-02,36.150001525878906,36.5,35.380001068115234,35.79999923706055,1236900
2022-05-03,35.869998931884766,37.13999938964844,35.56999969482422,36.400001525878906,1257400
2022-05-04,36.52000045776367,36.59000015258789,34.720001220703125,36.470001220703125,2447800
2022-05-05,36.459999084472656,36.470001220703125,33.720001220703125,34.20000076293945,1772600
2022-05-06,33.709999084472656,34.0099983215332,31.8700008392334,33.02000045776367,2332400
2022-05-09,32.099998474121094,32.2599983215332,30.68000030517578,31.239999771118164,1956600
2022-05-10,32.25,32.439998626708984,30.8700008392334,31.719999313354492,2525800
2022-05-11,32.439998626708984,34.11000061035156,32.220001220703125,33.060001373291016,3367500
2022-05-12,32.15999984741211,32.90999984741211,31.010000228881836,32.310001373291016,2459000
2022-05-13,32.810001373291016,33.2599983215332,31.950000762939453,32.47999954223633,1905200
2022-05-16,32.650001525878906,34.220001220703125,32.25,34.119998931884766,1507800
2022-05-17,35.27000045776367,36.66999816894531,35.2599983215332,36.59000015258789,2630400
2022-05-18,36.220001220703125,36.33000183105469,34.16999816894531,34.59000015258789,1934500
2022-05-19,34.56999969482422,37.22999954223633,34.52000045776367,36.58000183105469,1428400
2022-05-20,37.22999954223633,37.93000030517578,35.279998779296875,36.33000183105469,1772500
2022-05-24,36.33000183105469,36.33000183105469,35.02000045776367,35.5099983215332,2443200
2022-05-25,35.290000915527344,35.5,34.599998474121094,34.7400016784668,2490000
2022-05-26,34.56999969482422,35.06999969482422,34.060001373291016,34.900001525878906,2319300
2022-05-27,35.5,36.5099983215332,35.29999923706055,36.34000015258789,2151300
2022-05-30,36.5,37.02000045776367,36.40999984741211,36.810001373291016,478100
2022-05-31,36.66999816894531,37.150001525878906,36.060001373291016,36.619998931884766,2863400
2022-06-01,37.099998474121094,37.709999084472656,35.47999954223633,36.63999938964844,1753100
2022-06-02,37.540000915527344,39.220001220703125,37.15999984741211,38.90999984741211,1965200
2022-06-03,38.400001525878906,39.27000045776367,37.70000076293945,38.0,1370500
2022-06-06,38.56999969482422,38.599998474121094,37.83000183105469,38.13999938964844,1244200
2022-06-07,37.70000076293945,38.06999969482422,37.189998626708984,37.5,3074100
2022-06-08,37.13999938964844,37.47999954223633,36.029998779296875,36.16999816894531,1814900
2022-06-09,35.59000015258789,36.029998779296875,34.5,34.529998779296875,2055900
2022-06-10,33.65999984741211,34.34000015258789,33.560001373291016,34.25,2132500
2022-06-13,32.84000015258789,32.97999954223633,31.700000762939453,32.08000183105469,2233100
2022-06-14,32.279998779296875,32.279998779296875,31.350000381469727,31.920000076293945,2160600
2022-06-15,31.719999313354492,31.989999771118164,31.049999237060547,31.68000030517578,2159800
2022-06-16,30.780000686645508,30.920000076293945,28.790000915527344,28.989999771118164,3992500
2022-06-17,29.030000686645508,29.100000381469727,27.020000457763672,28.739999771118164,5775800
2022-06-20,28.81999969482422,29.440000534057617,28.170000076293945,29.09000015258789,935400
2022-06-21,29.579999923706055,29.68000030517578,28.260000228881836,29.1299991607666,1939600
2022-06-22,28.010000228881836,28.049999237060547,26.489999771118164,26.510000228881836,2687100
2022-06-23,26.1200008392334,26.280000686645508,23.100000381469727,23.209999084472656,7484900
2022-06-24,23.540000915527344,26.049999237060547,23.510000228881836,25.8799991607666,3610400
2022-06-27,26.25,27.06999969482422,25.31999969482422,26.8799991607666,6108200
2022-06-28,27.389999389648438,27.940000534057617,26.420000076293945,27.049999237060547,2777900
2022-06-29,27.229999542236328,27.229999542236328,25.440000534057617,25.920000076293945,2360600
2022-06-30,25.110000610351562,25.110000610351562,23.579999923706055,24.420000076293945,3228200
2022-07-04,24.43000030517578,24.739999771118164,23.770000457763672,24.600000381469727,1411900
2022-07-05,23.489999771118164,23.540000915527344,22.40999984741211,23.239999771118164,3232800
2022-07-06,23.049999237060547,24.450000762939453,21.200000762939453,24.100000381469727,5482600
2022-07-07,25.5,27.059999465942383,25.43000030517578,26.709999084472656,4348800
2022-07-08,26.06999969482422,26.219999313354492,24.040000915527344,25.0,5115700
2022-07-11,24.049999237060547,24.440000534057617,22.299999237060547,22.920000076293945,3751400
2022-07-12,21.920000076293945,22.68000030517578,21.440000534057617,21.93000030517578,2643200
2022-07-13,21.219999313354492,22.219999313354492,21.079999923706055,21.690000534057617,2581200
2022-07-14,20.25,20.690000534057617,19.270000457763672,19.90999984741211,5001400
2022-07-15,20.110000610351562,20.579999923706055,19.34000015258789,20.440000534057617,2979700
2022-07-18,21.270000457763672,22.049999237060547,21.170000076293945,21.549999237060547,3271400
2022-07-19,21.440000534057617,21.940000534057617,20.559999465942383,21.8700008392334,2202200
2022-07-20,21.790000915527344,21.790000915527344,20.06999969482422,20.25,3313900
2022-07-21,19.950000762939453,19.979999542236328,18.68000030517578,19.860000610351562,4642900
2022-07-22,20.200000762939453,20.450000762939453,19.56999969482422,19.889999389648438,3577700
2022-07-25,20.260000228881836,20.440000534057617,19.489999771118164,19.559999465942383,2661200
2022-07-26,19.889999389648438,20.260000228881836,18.799999237060547,19.110000610351562,3426700
2022-07-27,19.1299991607666,20.760000228881836,18.829999923706055,20.34000015258789,5789900
2022-07-28,20.700000762939453,21.690000534057617,19.729999542236328,21.31999969482422,5277400
2022-07-29,21.729999542236328,23.479999542236328,21.190000534057617,23.399999618530273,5403600
2022-08-02,22.950000762939453,22.950000762939453,21.31999969482422,21.469999313354492,2924300
2022-08-03,21.809999465942383,21.889999389648438,20.56999969482422,20.6299991607666,2506700
2022-08-04,20.549999237060547,21.700000762939453,20.549999237060547,21.420000076293945,1954400
2022-08-05,21.25,22.530000686645508,21.1200008392334,22.510000228881836,2190200
2022-08-08,22.600000381469727,24.729999542236328,22.549999237060547,23.389999389648438,3183000
2022-08-09,23.459999084472656,23.489999771118164,22.3700008392334,22.59000015258789,1593100
2022-08-10,23.360000610351562,24.520000457763672,23.059999465942383,24.239999771118164,2176800
2022-08-11,24.709999084472656,25.010000228881836,24.06999969482422,24.440000534057617,1873800
2022-08-12,24.09000015258789,25.229999542236328,23.889999389648438,25.010000228881836,2889700
2022-08-15,23.899999618530273,24.079999923706055,23.329999923706055,23.90999984741211,3069300
2022-08-16,23.959999084472656,24.899999618530273,23.8799991607666,24.799999237060547,1775000
2022-08-17,24.260000228881836,24.860000610351562,23.799999237060547,23.899999618530273,3966800
2022-08-18,24.389999389648438,24.850000381469727,24.360000610351562,24.700000762939453,1311800
2022-08-19,24.290000915527344,24.780000686645508,23.75,24.1299991607666,1917900
2022-08-22,23.360000610351562,24.209999084472656,23.25,24.200000762939453,1939700
2022-08-23,24.440000534057617,25.850000381469727,24.389999389648438,25.65999984741211,2162400
2022-08-24,25.18000030517578,26.229999542236328,24.950000762939453,25.729999542236328,2364800
2022-08-25,26.43000030517578,27.229999542236328,26.3799991607666,26.520000457763672,2120000
2022-08-26,27.059999465942383,27.25,25.639999389648438,25.829999923706055,3045800
2022-08-29,24.989999771118164,26.1200008392334,24.8700008392334,25.719999313354492,3228400
2022-08-30,25.34000015258789,25.6299991607666,23.889999389648438,23.950000762939453,2911700
2022-08-31,23.700000762939453,24.139999389648438,23.190000534057617,23.239999771118164,4414700
2022-09-01,22.530000686645508,22.6200008392334,20.850000381469727,21.010000228881836,4250100
2022-09-02,21.700000762939453,22.219999313354492,21.06999969482422,21.3700008392334,3197400
2022-09-06,21.959999084472656,22.1299991607666,20.719999313354492,20.829999923706055,2561400
2022-09-07,20.440000534057617,21.34000015258789,20.110000610351562,21.1299991607666,3021800
2022-09-08,21.020000457763672,22.8799991607666,20.940000534057617,22.790000915527344,2477600
2022-09-09,23.3700008392334,24.15999984741211,23.239999771118164,23.81999969482422,3562300
2022-09-12,24.530000686645508,24.940000534057617,23.760000228881836,24.889999389648438,3132100
2022-09-13,23.719999313354492,24.389999389648438,23.399999618530273,23.489999771118164,2090100
2022-09-14,23.469999313354492,23.719999313354492,22.610000610351562,23.549999237060547,1953300
2022-09-15,22.75,24.15999984741211,22.649999618530273,23.34000015258789,1571300
2022-09-16,22.799999237060547,23.3700008392334,22.450000762939453,23.31999969482422,3389300
2022-09-19,22.5,24.489999771118164,22.459999084472656,24.260000228881836,1595800
2022-09-20,23.899999618530273,24.079999923706055,23.420000076293945,24.0,1271800
2022-09-21,24.40999984741211,24.40999984741211,22.969999313354492,23.270000457763672,2043700
2022-09-22,23.780000686645508,23.809999465942383,22.479999542236328,22.989999771118164,2354000
2022-09-23,22.040000915527344,22.100000381469727,21.059999465942383,21.3799991607666,3158300
2022-09-26,21.040000915527344,21.719999313354492,20.469999313354492,20.68000030517578,2483200
2022-09-27,21.270000457763672,22.200000762939453,20.920000076293945,21.309999465942383,1824900
2022-09-28,21.56999969482422,23.020000457763672,21.31999969482422,22.8700008392334,2346500
2022-09-29,22.719999313354492,23.059999465942383,22.059999465942383,22.959999084472656,1784700
2022-09-30,23.0,24.079999923706055,22.5,23.450000762939453,2517700
2022-10-03,24.0,24.979999542236328,23.979999542236328,24.219999313354492,4792300
2022-10-04,25.0,25.020000457763672,23.610000610351562,23.860000610351562,3135900
2022-10-05,23.100000381469727,24.149999618530273,22.780000686645508,24.100000381469727,2632600
2022-10-06,23.350000381469727,24.100000381469727,23.170000076293945,23.93000030517578,2340200
2022-10-07,23.43000030517578,23.75,22.600000381469727,23.170000076293945,3057100
2022-10-11,23.079999923706055,24.010000228881836,22.770000457763672,23.420000076293945,3165300
2022-10-12,23.5,24.600000381469727,23.219999313354492,24.540000915527344,4435400
2022-10-13,23.760000228881836,24.899999618530273,22.520000457763672,24.59000015258789,3460400
2022-10-14,24.799999237060547,24.8799991607666,23.760000228881836,24.309999465942383,3193400
2022-10-17,24.950000762939453,25.600000381469727,23.65999984741211,23.969999313354492,2462900
2022-10-18,23.969999313354492,24.100000381469727,22.43000030517578,22.889999389648438,3220700
2022-10-19,22.68000030517578,23.399999618530273,22.489999771118164,23.0,1931200
2022-10-20,23.200000762939453,25.299999237060547,22.93000030517578,23.959999084472656,3207100
2022-10-21,23.889999389648438,26.790000915527344,23.700000762939453,26.719999313354492,3927000
2022-10-24,26.479999542236328,26.479999542236328,24.40999984741211,24.510000228881836,3573400
2022-10-25,24.1299991607666,25.0,24.049999237060547,24.969999313354492,2155000
2022-10-26,24.75,26.809999465942383,23.979999542236328,25.729999542236328,4528100
2022-10-27,25.049999237060547,25.809999465942383,24.149999618530273,25.579999923706055,4303200
2022-10-28,25.25,25.25,24.170000076293945,24.700000762939453,2161200
2022-10-31,24.389999389648438,25.190000534057617,23.690000534057617,24.030000686645508,3250900
2022-11-01,25.149999618530273,26.43000030517578,25.110000610351562,26.18000030517578,3045900
2022-11-02,26.110000610351562,26.799999237060547,25.25,25.270000457763672,3102200
2022-11-03,24.780000686645508,26.139999389648438,24.780000686645508,25.530000686645508,3554400
2022-11-04,27.149999618530273,30.3700008392334,27.139999389648438,29.299999237060547,3680400
2022-11-07,29.149999618530273,29.399999618530273,28.31999969482422,28.760000228881836,3064600
2022-11-08,29.0,30.950000762939453,28.8799991607666,30.469999313354492,4006200
2022-11-09,30.149999618530273,30.459999084472656,28.68000030517578,28.850000381469727,2698800
2022-11-10,30.299999237060547,32.88999938964844,30.270000457763672,32.11000061035156,4111300
2022-11-11,33.0,34.849998474121094,32.529998779296875,33.560001373291016,4618400
2022-11-14,33.349998474121094,33.79999923706055,32.709999084472656,33.2599983215332,1760700
2022-11-15,33.79999923706055,34.0,32.81999969482422,32.86000061035156,1833000
2022-11-16,32.119998931884766,32.33000183105469,30.690000534057617,30.780000686645508,3954100
2022-11-17,29.790000915527344,30.040000915527344,29.059999465942383,29.469999313354492,3808800
2022-11-18,29.600000381469727,29.920000076293945,29.219999313354492,29.510000228881836,3011500
2022-11-21,29.18000030517578,30.030000686645508,28.309999465942383,29.969999313354492,3382700
2022-11-22,30.790000915527344,31.440000534057617,30.059999465942383,31.170000076293945,1707400
2022-11-23,30.549999237060547,31.459999084472656,30.549999237060547,31.200000762939453,1440600
2022-11-24,31.450000762939453,31.450000762939453,31.040000915527344,31.149999618530273,257700
2022-11-25,31.110000610351562,31.360000610351562,30.760000228881836,30.969999313354492,815000
2022-11-28,30.360000610351562,30.8700008392334,29.75,30.139999389648438,2370600
2022-11-29,30.84000015258789,31.969999313354492,30.649999618530273,31.31999969482422,1596200
2022-11-30,32.400001525878906,32.47999954223633,31.09000015258789,31.979999542236328,4863500
2022-12-01,32.5,32.65999984741211,31.75,32.189998626708984,1212600
2022-12-02,31.239999771118164,32.7400016784668,31.049999237060547,32.619998931884766,1605800
2022-12-05,32.7400016784668,33.0099983215332,32.369998931884766,32.88999938964844,1561000
2022-12-06,33.0,33.0,31.610000610351562,31.790000915527344,2323100
2022-12-07,31.719999313354492,32.0,30.950000762939453,31.219999313354492,2563000
2022-12-08,31.5,32.88999938964844,31.5,32.15999984741211,2374700
2022-12-09,32.0,33.560001373291016,31.809999465942383,32.68000030517578,2179400
2022-12-12,32.06999969482422,32.119998931884766,30.770000457763672,31.3799991607666,2101900
2022-12-13,33.0,33.33000183105469,31.06999969482422,31.209999084472656,2100800
2022-12-14,31.049999237060547,32.529998779296875,31.049999237060547,32.33000183105469,2414700
2022-12-15,30.760000228881836,31.0,27.139999389648438,27.56999969482422,7381600
2022-12-16,24.299999237060547,27.559999465942383,23.3799991607666,27.299999237060547,11148200
2022-12-19,27.690000534057617,27.690000534057617,26.790000915527344,27.530000686645508,1768200
2022-12-20,27.530000686645508,27.969999313354492,25.899999618530273,25.979999542236328,3241700
2022-12-21,26.18000030517578,27.889999389648438,26.170000076293945,27.649999618530273,2123100
2022-12-22,27.06999969482422,27.610000610351562,26.360000610351562,27.149999618530273,1958000
2022-12-23,27.34000015258789,27.969999313354492,26.989999771118164,27.850000381469727,896100
2022-12-28,28.440000534057617,29.299999237060547,28.389999389648438,28.670000076293945,1840000
2022-12-29,28.899999618530273,29.579999923706055,28.889999389648438,29.450000762939453,1625400
2022-12-30,29.450000762939453,29.450000762939453,28.200000762939453,28.290000915527344,1909500
2023-01-03,28.5,29.15999984741211,27.719999313354492,28.1299991607666,1908900
2023-01-04,27.989999771118164,28.700000762939453,27.34000015258789,28.40999984741211,1901600
2023-01-05,28.920000076293945,28.920000076293945,27.540000915527344,28.489999771118164,1747000
2023-01-06,29.020000457763672,30.59000015258789,28.540000915527344,29.84000015258789,2476200
2023-01-09,30.0,32.04999923706055,29.969999313354492,30.989999771118164,3264100
2023-01-10,30.989999771118164,31.3799991607666,30.209999084472656,30.940000534057617,2453100
2023-01-11,31.389999389648438,31.459999084472656,29.65999984741211,30.969999313354492,3040200
2023-01-12,30.65999984741211,31.520000457763672,29.940000534057617,31.309999465942383,2474100
2023-01-13,30.959999084472656,32.61000061035156,30.950000762939453,31.229999542236328,3015100
2023-01-16,30.760000228881836,31.190000534057617,29.229999542236328,29.309999465942383,1277500
2023-01-17,28.959999084472656,29.770000457763672,28.360000610351562,29.56999969482422,2844700
2023-01-18,30.079999923706055,31.520000457763672,29.8799991607666,30.020000457763672,3054800
2023-01-19,29.799999237060547,30.479999542236328,29.579999923706055,29.940000534057617,1749700
2023-01-20,29.889999389648438,30.940000534057617,29.270000457763672,30.559999465942383,1864400
2023-01-23,30.440000534057617,30.610000610351562,29.940000534057617,30.239999771118164,979100
2023-01-24,30.0,30.709999084472656,29.790000915527344,30.6299991607666,1153000
2023-01-25,30.139999389648438,31.020000457763672,30.06999969482422,30.850000381469727,990200
2023-01-26,31.0,31.75,30.559999465942383,30.989999771118164,2123200
2023-01-27,30.709999084472656,31.030000686645508,30.309999465942383,30.84000015258789,1085500
2023-01-30,30.469999313354492,30.860000610351562,30.31999969482422,30.360000610351562,1286000
2023-01-31,30.06999969482422,31.010000228881836,29.760000228881836,30.8700008392334,1645200
2023-02-01,30.850000381469727,31.260000228881836,30.100000381469727,30.690000534057617,1910100
2023-02-02,30.610000610351562,30.6200008392334,28.31999969482422,28.600000381469727,4390100
2023-02-03,28.3700008392334,29.040000915527344,27.790000915527344,27.899999618530273,2127000
2023-02-06,27.5,27.610000610351562,25.020000457763672,25.649999618530273,3349900
2023-02-07,25.649999618530273,27.600000381469727,25.649999618530273,27.510000228881836,2747800
2023-02-08,27.389999389648438,27.600000381469727,26.90999984741211,26.979999542236328,1177900
2023-02-09,27.940000534057617,28.139999389648438,26.450000762939453,26.93000030517578,1849100
2023-02-10,26.59000015258789,26.729999542236328,25.81999969482422,25.940000534057617,1595700
2023-02-13,25.84000015258789,26.889999389648438,25.84000015258789,26.75,1532100
2023-02-14,26.290000915527344,27.600000381469727,26.290000915527344,27.209999084472656,2075000
2023-02-15,26.100000381469727,27.530000686645508,25.100000381469727,27.219999313354492,2095500
2023-02-16,27.0,27.079999923706055,26.40999984741211,26.780000686645508,1886500
2023-02-17,26.5,27.040000915527344,26.389999389648438,26.56999969482422,1484900
2023-02-21,27.3799991607666,28.030000686645508,26.520000457763672,26.610000610351562,2050600
2023-02-22,26.6200008392334,26.799999237060547,25.829999923706055,25.959999084472656,2192500
2023-02-23,25.0,26.770000457763672,24.770000457763672,26.59000015258789,4019000
2023-02-24,25.950000762939453,26.600000381469727,25.649999618530273,26.579999923706055,2746500
2023-02-27,26.760000228881836,28.040000915527344,26.719999313354492,27.920000076293945,2303600
2023-02-28,28.239999771118164,30.030000686645508,28.110000610351562,29.809999465942383,4955100
2023-03-01,30.6299991607666,31.100000381469727,30.34000015258789,30.809999465942383,2611200
2023-03-02,30.149999618530273,30.889999389648438,30.06999969482422,30.729999542236328,2135200
2023-03-03,31.020000457763672,31.760000228881836,30.989999771118164,31.459999084472656,1412400
2023-03-06,31.010000228881836,31.520000457763672,30.850000381469727,31.389999389648438,1492900
2023-03-07,30.770000457763672,31.239999771118164,29.549999237060547,29.790000915527344,2178300
2023-03-08,31.100000381469727,31.440000534057617,29.770000457763672,29.989999771118164,3399700
2023-03-09,30.0,30.049999237060547,27.40999984741211,27.469999313354492,3162600
2023-03-10,27.700000762939453,28.709999084472656,26.850000381469727,27.0,2270500
2023-03-13,26.90999984741211,26.979999542236328,26.149999618530273,26.549999237060547,2213800
2023-03-14,26.690000534057617,27.8700008392334,26.600000381469727,27.15999984741211,2042600
2023-03-15,26.079999923706055,26.360000610351562,24.610000610351562,24.809999465942383,3637100
2023-03-16,24.690000534057617,26.0,24.43000030517578,25.829999923706055,2710800
2023-03-17,25.56999969482422,26.399999618530273,25.520000457763672,26.059999465942383,3013200
2023-03-20,26.600000381469727,27.829999923706055,26.510000228881836,26.8799991607666,2342200
2023-03-21,27.399999618530273,27.850000381469727,26.889999389648438,27.75,1689900
2023-03-22,27.790000915527344,28.8799991607666,27.68000030517578,28.170000076293945,1889700
2023-03-23,28.350000381469727,28.6299991607666,27.8700008392334,28.1200008392334,2861300
2023-03-24,27.549999237060547,28.549999237060547,27.360000610351562,28.350000381469727,1437800
2023-03-27,28.3700008392334,29.270000457763672,27.84000015258789,28.940000534057617,3438600
2023-03-28,28.90999984741211,29.6299991607666,28.809999465942383,29.200000762939453,1497200
2023-03-29,29.399999618530273,30.010000228881836,29.399999618530273,30.0,1210200
2023-03-30,30.100000381469727,31.1200008392334,30.06999969482422,30.75,1533300
2023-03-31,30.920000076293945,31.93000030517578,30.860000610351562,31.06999969482422,1969700
2023-04-03,31.25,32.630001068115234,31.190000534057617,32.290000915527344,5708300
2023-04-04,31.979999542236328,32.349998474121094,31.59000015258789,32.09000015258789,2044000
2023-04-05,32.06999969482422,32.25,31.31999969482422,31.780000686645508,1848000
2023-04-06,31.899999618530273,31.899999618530273,31.1200008392334,31.59000015258789,6451800
2023-04-10,31.170000076293945,31.469999313354492,30.799999237060547,31.100000381469727,5123000
2023-04-11,31.75,33.2599983215332,31.559999465942383,32.95000076293945,2348400
2023-04-12,33.04999923706055,33.22999954223633,32.65999984741211,32.83000183105469,1663800
2023-04-13,33.349998474121094,35.5,33.31999969482422,34.83000183105469,3013200
2023-04-14,34.75,34.79999923706055,33.70000076293945,34.439998626708984,6701800
2023-04-17,34.459999084472656,34.880001068115234,33.709999084472656,34.849998474121094,5592100
2023-04-18,34.939998626708984,35.58000183105469,34.93000030517578,35.369998931884766,4913200
2023-04-19,34.709999084472656,35.040000915527344,34.16999816894531,34.2599983215332,2133200
2023-04-20,33.5,34.619998931884766,33.43000030517578,33.720001220703125,1571900
2023-04-21,33.279998779296875,33.279998779296875,31.360000610351562,31.690000534057617,3492200
2023-04-24,31.219999313354492,32.130001068115234,31.059999465942383,31.90999984741211,2017400
2023-04-25,30.829999923706055,31.43000030517578,30.649999618530273,31.170000076293945,1703100
2023-04-26,31.790000915527344,32.95000076293945,31.100000381469727,32.18000030517578,2822000
2023-04-27,32.790000915527344,33.36000061035156,32.25,33.0099983215332,2541700
2023-04-28,32.81999969482422,33.08000183105469,32.38999938964844,32.91999816894531,2242400
2023-05-01,33.400001525878906,34.220001220703125,33.220001220703125,33.9900016784668,2035800
2023-05-02,33.58000183105469,34.04999923706055,33.029998779296875,33.619998931884766,1578800
2023-05-03,33.380001068115234,33.689998626708984,33.2599983215332,33.529998779296875,1242300
2023-05-04,33.540000915527344,34.59000015258789,33.16999816894531,33.59000015258789,2246800
2023-05-05,34.060001373291016,35.900001525878906,33.75,35.79999923706055,2560900
2023-05-08,36.0,36.380001068115234,35.310001373291016,36.2400016784668,3089700
2023-05-09,35.83000183105469,35.84000015258789,34.59000015258789,35.40999984741211,1274900
2023-05-10,35.4900016784668,35.619998931884766,32.9900016784668,33.45000076293945,1969700
2023-05-11,31.989999771118164,32.099998474121094,30.520000457763672,30.93000030517578,4510900
2023-05-12,31.270000457763672,31.93000030517578,30.670000076293945,31.829999923706055,2971800
2023-05-15,32.0,33.220001220703125,31.989999771118164,33.0099983215332,1721400
2023-05-16,32.16999816894531,32.84000015258789,31.75,32.209999084472656,1256200
2023-05-17,32.959999084472656,33.20000076293945,31.969999313354492,32.70000076293945,1214200
2023-05-18,32.16999816894531,32.2400016784668,31.079999923706055,31.600000381469727,1533600
2023-05-19,31.969999313354492,32.040000915527344,31.329999923706055,31.670000076293945,1571000
2023-05-23,31.579999923706055,31.65999984741211,30.299999237060547,30.600000381469727,2184300
2023-05-24,29.940000534057617,30.09000015258789,29.100000381469727,29.540000915527344,1754400
2023-05-25,29.790000915527344,29.8799991607666,29.399999618530273,29.5,1152300
2023-05-26,30.5,30.770000457763672,30.1299991607666,30.579999923706055,1001400
2023-05-29,30.579999923706055,30.6200008392334,30.399999618530273,30.56999969482422,222300
2023-05-30,30.760000228881836,30.989999771118164,29.65999984741211,29.940000534057617,1332700
2023-05-31,29.459999084472656,29.600000381469727,28.200000762939453,28.440000534057617,3553900
2023-06-01,28.719999313354492,29.440000534057617,28.719999313354492,28.860000610351562,2842900
2023-06-02,29.889999389648438,31.1299991607666,29.799999237060547,30.079999923706055,3250800
2023-06-05,29.8700008392334,29.889999389648438,28.670000076293945,29.3799991607666,1982900
2023-06-06,29.280000686645508,30.389999389648438,29.280000686645508,30.079999923706055,1286200
2023-06-07,30.229999542236328,30.639999389648438,30.049999237060547,30.239999771118164,1111800
2023-06-08,30.31999969482422,30.729999542236328,29.579999923706055,30.56999969482422,1732600
2023-06-09,30.540000915527344,30.760000228881836,29.540000915527344,29.670000076293945,1285800
2023-06-12,29.530000686645508,29.760000228881836,29.219999313354492,29.579999923706055,911600
2023-06-13,30.479999542236328,31.219999313354492,30.280000686645508,30.440000534057617,2314500
2023-06-14,31.0,31.530000686645508,30.450000762939453,30.959999084472656,2312900
2023-06-15,30.920000076293945,34.97999954223633,30.829999923706055,33.310001373291016,5507800
2023-06-16,33.400001525878906,33.560001373291016,32.70000076293945,33.22999954223633,5524800
2023-06-19,33.0,33.380001068115234,32.86000061035156,33.18000030517578,592400
2023-06-20,32.900001525878906,32.90999984741211,31.75,32.70000076293945,2343600
2023-06-21,32.15999984741211,33.4900016784668,31.920000076293945,33.099998474121094,2228500
2023-06-22,33.15999984741211,33.15999984741211,32.02000045776367,32.25,1538700
2023-06-23,31.15999984741211,31.65999984741211,30.1200008392334,31.549999237060547,2065100
2023-06-26,31.389999389648438,32.040000915527344,31.34000015258789,31.75,1613700
2023-06-27,31.610000610351562,31.670000076293945,30.8700008392334,31.09000015258789,2028700
2023-06-28,30.75,31.110000610351562,30.309999465942383,30.6200008392334,2350500
2023-06-29,30.450000762939453,31.030000686645508,30.09000015258789,30.540000915527344,1260700
2023-06-30,30.899999618530273,31.40999984741211,30.6200008392334,31.34000015258789,2023100
2023-07-04,31.3799991607666,32.43000030517578,31.229999542236328,32.2599983215332,857600
2023-07-05,32.18000030517578,32.63999938964844,31.649999618530273,32.25,2150000
2023-07-06,31.350000381469727,31.6299991607666,31.030000686645508,31.299999237060547,4144400
2023-07-07,31.0,32.060001373291016,30.979999542236328,31.84000015258789,1191400
2023-07-10,31.06999969482422,32.779998779296875,31.06999969482422,32.540000915527344,2351200
2023-07-11,32.59000015258789,33.15999984741211,32.56999969482422,32.83000183105469,1265100
2023-07-12,33.099998474121094,34.630001068115234,33.06999969482422,34.099998474121094,2205800
2023-07-13,34.31999969482422,35.130001068115234,34.099998474121094,34.869998931884766,1860200
2023-07-14,34.779998779296875,35.08000183105469,34.08000183105469,34.58000183105469,1589900
2023-07-17,33.61000061035156,34.310001373291016,33.5099983215332,34.099998474121094,689100
2023-07-18,33.7599983215332,35.04999923706055,33.63999938964844,34.97999954223633,2731300
2023-07-19,34.81999969482422,35.68000030517578,34.72999954223633,35.56999969482422,1983500
2023-07-20,36.0,36.20000076293945,35.130001068115234,35.36000061035156,1834500
2023-07-21,35.33000183105469,35.45000076293945,34.540000915527344,34.84000015258789,911900
2023-07-24,34.93000030517578,34.9900016784668,34.38999938964844,34.68000030517578,1215100
2023-07-25,35.33000183105469,36.880001068115234,35.209999084472656,36.119998931884766,1995900
2023-07-26,35.29999923706055,36.880001068115234,34.77000045776367,36.83000183105469,2600300
2023-07-27,36.5,38.060001373291016,36.38999938964844,37.4900016784668,3001800
2023-07-28,37.5,38.25,37.220001220703125,38.040000915527344,2008800
2023-07-31,38.119998931884766,39.130001068115234,37.90999984741211,39.11000061035156,1972400
2023-08-01,38.52000045776367,38.88999938964844,37.79999923706055,38.349998474121094,1086300
2023-08-02,37.52000045776367,37.529998779296875,36.06999969482422,36.459999084472656,3071200
2023-08-03,36.18000030517578,37.0099983215332,35.880001068115234,36.779998779296875,1397400
2023-08-04,36.58000183105469,37.61000061035156,36.380001068115234,37.06999969482422,2282400
2023-08-08,36.220001220703125,36.630001068115234,34.79999923706055,36.560001373291016,2198700
2023-08-09,36.61000061035156,37.0,35.95000076293945,36.56999969482422,1053600
2023-08-10,36.900001525878906,37.029998779296875,35.619998931884766,36.08000183105469,1002500
2023-08-11,35.560001373291016,36.470001220703125,35.16999816894531,36.43000030517578,973300
2023-08-14,36.04999923706055,36.25,35.15999984741211,35.75,1274300
2023-08-15,34.9900016784668,35.0099983215332,33.09000015258789,33.209999084472656,2069000
2023-08-16,32.959999084472656,34.18000030517578,32.77000045776367,33.65999984741211,2146000
2023-08-17,34.279998779296875,34.70000076293945,33.619998931884766,33.709999084472656,1089100
2023-08-18,33.77000045776367,33.77000045776367,33.060001373291016,33.34000015258789,1004100
2023-08-21,33.349998474121094,34.29999923706055,33.189998626708984,34.119998931884766,1880300
2023-08-22,34.61000061035156,34.939998626708984,33.61000061035156,33.720001220703125,1056700
2023-08-23,33.83000183105469,34.79999923706055,33.79999923706055,34.65999984741211,893000
2023-08-24,34.15999984741211,34.54999923706055,33.27000045776367,33.279998779296875,1200100
2023-08-25,33.279998779296875,33.81999969482422,32.9900016784668,33.38999938964844,1536200
2023-08-28,33.369998931884766,34.459999084472656,33.369998931884766,34.40999984741211,1444600
2023-08-29,34.06999969482422,35.58000183105469,33.810001373291016,35.56999969482422,1226200
2023-08-30,35.599998474121094,36.099998474121094,35.52000045776367,35.619998931884766,1885600
2023-08-31,35.619998931884766,36.349998474121094,35.560001373291016,36.29999923706055,2337500
2023-09-01,36.869998931884766,37.22999954223633,36.52000045776367,37.09000015258789,1757300
2023-09-05,36.68000030517578,36.70000076293945,34.869998931884766,34.90999984741211,2389300
2023-09-06,34.560001373291016,35.150001525878906,34.400001525878906,35.09000015258789,1359900
2023-09-07,34.810001373291016,35.060001373291016,34.5099983215332,34.56999969482422,1622200
2023-09-08,34.09000015258789,34.310001373291016,33.369998931884766,33.83000183105469,1318700
2023-09-11,35.16999816894531,36.0,34.83000183105469,35.189998626708984,2685100
2023-09-12,34.869998931884766,35.08000183105469,33.970001220703125,34.290000915527344,2238200
2023-09-13,34.150001525878906,34.220001220703125,33.70000076293945,34.06999969482422,1507400
2023-09-14,34.720001220703125,35.4900016784668,34.349998474121094,35.459999084472656,1979200
2023-09-15,35.47999954223633,36.02000045776367,35.36000061035156,35.81999969482422,3558400
2023-09-18,35.630001068115234,35.630001068115234,35.130001068115234,35.58000183105469,942200
2023-09-19,35.4900016784668,35.4900016784668,33.2599983215332,33.400001525878906,1650200
2023-09-20,33.75,34.43000030517578,33.63999938964844,33.70000076293945,882600
2023-09-21,33.04999923706055,33.11000061035156,32.15999984741211,32.689998626708984,1769300
2023-09-22,33.08000183105469,33.310001373291016,32.06999969482422,32.16999816894531,1189500
2023-09-25,31.700000762939453,32.13999938964844,31.110000610351562,32.099998474121094,1672900
2023-09-26,31.690000534057617,31.81999969482422,30.719999313354492,31.239999771118164,1483500
2023-09-27,31.3799991607666,31.479999542236328,29.850000381469727,30.3700008392334,1682500
2023-09-28,30.56999969482422,31.239999771118164,30.280000686645508,30.8799991607666,2342800
2023-09-29,31.68000030517578,32.47999954223633,31.68000030517578,32.09000015258789,2143900
2023-10-02,31.520000457763672,31.790000915527344,30.43000030517578,30.65999984741211,1282400
2023-10-03,30.030000686645508,31.0,29.65999984741211,29.969999313354492,2040000
2023-10-04,29.729999542236328,29.979999542236328,28.889999389648438,29.719999313354492,1525400
2023-10-05,29.40999984741211,29.959999084472656,29.329999923706055,29.739999771118164,1262100
2023-10-06,30.0,30.459999084472656,29.440000534057617,30.290000915527344,1339700
2023-10-10,30.709999084472656,31.049999237060547,30.200000762939453,30.809999465942383,1501300
2023-10-11,31.399999618530273,32.310001373291016,31.34000015258789,31.5,2478800
2023-10-12,31.639999389648438,31.93000030517578,30.3799991607666,30.84000015258789,1724300
2023-10-13,31.079999923706055,31.649999618530273,30.729999542236328,30.889999389648438,1347200
2023-10-16,31.329999923706055,32.470001220703125,31.270000457763672,31.739999771118164,1800600
2023-10-17,31.329999923706055,32.279998779296875,31.280000686645508,32.02000045776367,1301800
2023-10-18,31.81999969482422,32.02000045776367,30.799999237060547,30.920000076293945,1813600
2023-10-19,31.079999923706055,31.31999969482422,30.729999542236328,30.989999771118164,1367300
2023-10-20,30.639999389648438,30.68000030517578,29.93000030517578,29.979999542236328,1347100
2023-10-23,29.670000076293945,29.8700008392334,28.93000030517578,29.43000030517578,1996800
2023-10-24,29.950000762939453,30.5,29.530000686645508,29.600000381469727,1389100
2023-10-25,29.899999618530273,30.68000030517578,28.469999313354492,28.719999313354492,2591400
2023-10-26,28.360000610351562,28.790000915527344,27.31999969482422,27.979999542236328,2874900
2023-10-27,28.530000686645508,28.799999237060547,27.850000381469727,27.959999084472656,2643300
2023-10-30,25.0,25.100000381469727,19.360000610351562,20.0,9916000
2023-10-31,19.350000381469727,19.350000381469727,16.0,16.06999969482422,10917600
2023-11-01,16.0,16.0,13.65999984741211,14.779999732971191,7272900
2023-11-02,15.380000114440918,16.219999313354492,15.199999809265137,15.720000267028809,5244200
2023-11-03,16.639999389648438,17.649999618530273,16.610000610351562,17.459999084472656,6923600
2023-11-06,18.0,18.18000030517578,16.959999084472656,16.989999771118164,3704500
2023-11-07,16.950000762939453,17.049999237060547,16.540000915527344,16.610000610351562,3637800
2023-11-08,16.5,16.670000076293945,15.039999961853027,15.59000015258789,5357700
2023-11-09,15.75,16.979999542236328,15.75,16.84000015258789,2682600
2023-11-10,16.81999969482422,16.850000381469727,15.949999809265137,16.280000686645508,1998100
2023-11-13,15.710000038146973,16.059999465942383,15.4399995803833,15.649999618530273,2002700
2023-11-14,16.149999618530273,16.3700008392334,15.449999809265137,15.479999542236328,2885100
2023-11-15,15.65999984741211,15.960000038146973,15.3100004196167,15.84000015258789,2686100
2023-11-16,15.529999732971191,15.75,14.930000305175781,15.09000015258789,1846800
2023-11-17,15.380000114440918,15.550000190734863,14.90999984741211,15.3100004196167,2234100
2023-11-20,14.890000343322754,15.220000267028809,14.430000305175781,14.770000457763672,3453400
2023-11-21,14.760000228881836,15.65999984741211,13.989999771118164,14.1899995803833,3885400
2023-11-22,14.25,14.25,13.6899995803833,13.760000228881836,2755100
2023-11-23,13.75,14.149999618530273,13.630000114440918,13.65999984741211,796600
2023-11-24,13.569999694824219,13.649999618530273,13.0600004196167,13.3100004196167,2602600
2023-11-27,13.079999923706055,13.199999809265137,12.729999542236328,12.739999771118164,2202200
2023-11-28,11.699999809265137,12.850000381469727,11.680000305175781,12.640000343322754,4332700
2023-11-29,11.699999809265137,12.350000381469727,11.130000114440918,11.359999656677246,6918000
2023-11-30,11.520000457763672,11.600000381469727,10.890000343322754,11.109999656677246,7638600
2023-12-01,11.010000228881836,11.319999694824219,10.960000038146973,11.1899995803833,3849500
2023-12-04,10.770000457763672,11.34000015258789,10.770000457763672,11.029999732971191,4325500
2023-12-05,10.9399995803833,11.239999771118164,10.8100004196167,10.979999542236328,5744500
2023-12-06,11.029999732971191,11.100000381469727,10.430000305175781,10.460000038146973,2797400
2023-12-07,10.550000190734863,10.779999732971191,10.289999961853027,10.5,2598900
2023-12-08,10.34000015258789,10.529999732971191,10.300000190734863,10.390000343322754,2275800
2023-12-11,10.300000190734863,10.319999694824219,9.850000381469727,9.899999618530273,3074200
2023-12-12,9.75,9.899999618530273,9.619999885559082,9.649999618530273,2341300
2023-12-13,9.390000343322754,10.6899995803833,9.3100004196167,10.600000381469727,3163600
2023-12-14,10.880000114440918,11.119999885559082,10.069999694824219,10.300000190734863,3370100
2023-12-15,10.369999885559082,10.699999809265137,10.130000114440918,10.3100004196167,7789100
2023-12-18,10.5600004196167,10.949999809265137,10.3100004196167,10.380000114440918,2438500
2023-12-19,10.529999732971191,10.890000343322754,10.529999732971191,10.829999923706055,1893900
2023-12-20,10.770000457763672,11.029999732971191,10.34000015258789,10.369999885559082,1894600
2023-12-21,10.510000228881836,10.710000038146973,10.430000305175781,10.619999885559082,1505200
2023-12-22,10.600000381469727,11.449999809265137,10.600000381469727,11.050000190734863,2802000
2023-12-27,11.029999732971191,11.350000381469727,11.010000228881836,11.239999771118164,2197300
2023-12-28,11.180000305175781,11.430000305175781,10.90999984741211,11.050000190734863,1487800
2023-12-29,11.0,11.050000190734863,10.670000076293945,10.850000381469727,1622300
2024-01-02,10.819999694824219,12.5,10.770000457763672,11.970000267028809,4198600
2024-01-03,11.789999961853027,14.119999885559082,11.279999732971191,13.289999961853027,6832400
2024-01-04,13.739999771118164,13.739999771118164,12.729999542236328,13.050000190734863,4452300
2024-01-05,13.140000343322754,13.350000381469727,12.430000305175781,12.680000305175781,2923100
2024-01-08,12.510000228881836,13.109999656677246,12.510000228881836,12.930000305175781,2962600
2024-01-09,13.130000114440918,13.329999923706055,12.5600004196167,12.5600004196167,2187000
2024-01-10,12.5600004196167,12.800000190734863,12.34000015258789,12.539999961853027,2355500
2024-01-11,12.5,12.84000015258789,12.479999542236328,12.739999771118164,3158300
2024-01-12,12.8100004196167,13.380000114440918,12.75,13.149999618530273,2183700
2024-01-15,13.3100004196167,13.420000076293945,13.109999656677246,13.399999618530273,793000
2024-01-16,13.199999809265137,13.579999923706055,12.869999885559082,13.569999694824219,3659700
2024-01-17,13.300000190734863,13.300000190734863,12.40999984741211,12.65999984741211,4246000
2024-01-18,12.680000305175781,12.970000267028809,12.359999656677246,12.460000038146973,2673600
2024-01-19,12.0,12.699999809265137,11.800000190734863,12.550000190734863,3225700
2024-01-22,12.319999694824219,12.449999809265137,11.949999809265137,12.100000381469727,3847000
2024-01-23,12.100000381469727,12.779999732971191,12.09000015258789,12.619999885559082,1801200
2024-01-24,12.869999885559082,12.880000114440918,12.170000076293945,12.430000305175781,2049400
2024-01-25,12.550000190734863,12.779999732971191,12.350000381469727,12.460000038146973,1438000
2024-01-26,12.449999809265137,12.760000228881836,12.380000114440918,12.699999809265137,1593400
2024-01-29,12.579999923706055,12.710000038146973,12.359999656677246,12.710000038146973,1619600
2024-01-30,12.609999656677246,12.90999984741211,12.510000228881836,12.800000190734863,1392200
2024-01-31,12.670000076293945,12.949999809265137,12.199999809265137,12.199999809265137,1705400
2024-02-01,12.4399995803833,13.210000038146973,12.270000457763672,12.609999656677246,2208600
2024-02-02,12.550000190734863,12.720000267028809,12.140000343322754,12.399999618530273,2203900
2024-02-05,12.130000114440918,12.359999656677246,11.979999542236328,12.319999694824219,1979100
2024-02-06,12.300000190734863,12.600000381469727,12.180000305175781,12.520000457763672,1537100
2024-02-07,12.470000267028809,12.569999694824219,12.0,12.100000381469727,1216000
2024-02-08,12.220000267028809,12.420000076293945,11.989999771118164,12.220000267028809,1879200
2024-02-09,12.220000267028809,12.220000267028809,11.989999771118164,12.0600004196167,885300
2024-02-12,12.020000457763672,12.350000381469727,12.020000457763672,12.100000381469727,4325800
2024-02-13,11.90999984741211,11.930000305175781,11.3100004196167,11.630000114440918,3102700
2024-02-14,11.75,11.779999732971191,11.369999885559082,11.710000038146973,1642100
2024-02-15,11.920000076293945,12.130000114440918,11.84000015258789,11.920000076293945,1545000
2024-02-16,12.0,12.279999732971191,11.960000038146973,12.119999885559082,1238500
2024-02-20,12.0,12.0600004196167,11.609999656677246,11.609999656677246,1582800
2024-02-21,10.920000076293945,12.09000015258789,10.90999984741211,11.90999984741211,1805300
2024-02-22,12.75,13.270000457763672,12.229999542236328,12.510000228881836,14306800
2024-02-23,12.539999961853027,12.850000381469727,12.100000381469727,12.420000076293945,5129900
2024-02-26,12.199999809265137,12.369999885559082,11.960000038146973,12.270000457763672,5054000
2024-02-27,12.460000038146973,12.729999542236328,12.260000228881836,12.40999984741211,3386900
2024-02-28,12.149999618530273,12.600000381469727,12.130000114440918,12.470000267028809,3016700
2024-02-29,12.430000305175781,12.970000267028809,12.34000015258789,12.850000381469727,12024100
2024-03-01,12.75,13.010000228881836,12.449999809265137,12.899999618530273,2713000
2024-03-04,13.25,13.899999618530273,12.970000267028809,13.65999984741211,3414400
2024-03-05,13.670000076293945,14.229999542236328,13.59000015258789,13.90999984741211,7439900
2024-03-06,14.130000114440918,14.359999656677246,13.359999656677246,13.460000038146973,3445900
2024-03-07,13.470000267028809,13.65999984741211,12.880000114440918,12.949999809265137,3141700
2024-03-08,13.390000343322754,13.670000076293945,13.220000267028809,13.300000190734863,2272400
2024-03-11,13.130000114440918,13.270000457763672,12.989999771118164,13.069999694824219,1584500
2024-03-12,13.069999694824219,13.34000015258789,12.770000457763672,13.210000038146973,1443500
2024-03-13,13.5,14.890000343322754,13.5,14.859999656677246,4113500
2024-03-14,15.149999618530273,15.15999984741211,13.960000038146973,14.0600004196167,4056700
2024-03-15,14.170000076293945,15.289999961853027,14.170000076293945,15.010000228881836,8663700
2024-03-18,15.09000015258789,15.1899995803833,14.65999984741211,14.6899995803833,3168000
2024-03-19,14.449999809265137,14.789999961853027,14.380000114440918,14.579999923706055,1359300
2024-03-20,14.369999885559082,14.710000038146973,14.069999694824219,14.699999809265137,2741200
2024-03-21,15.029999732971191,15.220000267028809,13.75,13.850000381469727,3375400
2024-03-22,13.869999885559082,13.949999809265137,13.510000228881836,13.619999885559082,1489600
2024-03-25,13.819999694824219,14.40999984741211,13.600000381469727,13.609999656677246,2173600
2024-03-26,13.649999618530273,13.899999618530273,13.319999694824219,13.319999694824219,2216300
2024-03-27,13.300000190734863,14.300000190734863,13.300000190734863,14.229999542236328,2540500
2024-03-28,14.430000305175781,14.890000343322754,14.350000381469727,14.5600004196167,2720200
2024-04-01,14.9399995803833,14.9399995803833,14.329999923706055,14.550000190734863,1185500
2024-04-02,14.630000114440918,14.979999542236328,14.59000015258789,14.75,2246000
2024-04-03,14.90999984741211,15.170000076293945,14.609999656677246,15.170000076293945,1906500
2024-04-04,15.329999923706055,15.649999618530273,15.039999961853027,15.149999618530273,2518000
2024-04-05,15.300000190734863,15.470000267028809,14.760000228881836,15.260000228881836,2590300
2024-04-08,15.34000015258789,15.4399995803833,15.149999618530273,15.380000114440918,2269300
2024-04-09,15.420000076293945,16.450000762939453,15.399999618530273,16.149999618530273,2364600
2024-04-10,15.899999618530273,16.290000915527344,15.539999961853027,16.059999465942383,2057900
2024-04-11,16.200000762939453,16.239999771118164,15.40999984741211,15.9399995803833,3329500
2024-04-12,16.270000457763672,16.299999237060547,15.0600004196167,15.270000457763672,2620600
2024-04-15,15.380000114440918,15.859999656677246,14.59000015258789,14.859999656677246,3011700
2024-04-16,14.630000114440918,15.609999656677246,14.350000381469727,15.470000267028809,2775800
2024-04-17,15.569999694824219,15.6899995803833,14.699999809265137,14.779999732971191,3043500
2024-04-18,15.170000076293945,16.270000457763672,15.050000190734863,16.09000015258789,5588700
2024-04-19,16.059999465942383,16.18000030517578,15.84000015258789,15.960000038146973,2675900
2024-04-22,15.699999809265137,16.010000228881836,15.260000228881836,15.930000305175781,2344600
2024-04-23,15.829999923706055,16.18000030517578,15.470000267028809,15.520000457763672,2222400
2024-04-24,15.630000114440918,15.979999542236328,15.520000457763672,15.9399995803833,2260500
2024-04-25,16.0,16.5,15.829999923706055,16.239999771118164,4332100
2024-04-26,16.34000015258789,18.31999969482422,16.1299991607666,18.270000457763672,4285900
2024-04-29,18.030000686645508,18.399999618530273,17.139999389648438,17.56999969482422,3964500
2024-04-30,17.18000030517578,18.09000015258789,17.010000228881836,17.479999542236328,9343500
2024-05-01,17.299999237060547,17.639999389648438,16.610000610351562,17.290000915527344,2630100
2024-05-02,17.389999389648438,17.399999618530273,16.389999389648438,16.780000686645508,3460400
2024-05-03,17.100000381469727,18.639999389648438,17.079999923706055,18.579999923706055,4696300
2024-05-06,18.600000381469727,19.09000015258789,18.09000015258789,18.3700008392334,3221900
2024-05-07,18.3700008392334,18.540000915527344,17.729999542236328,18.489999771118164,2246800
2024-05-08,18.229999542236328,18.489999771118164,17.84000015258789,18.360000610351562,2417100
2024-05-09,18.5,18.889999389648438,17.989999771118164,18.040000915527344,2590700
2024-05-10,18.270000457763672,18.989999771118164,18.15999984741211,18.239999771118164,3655500
2024-05-13,18.399999618530273,18.469999313354492,17.780000686645508,17.969999313354492,3563800
2024-05-14,18.15999984741211,19.639999389648438,18.040000915527344,19.530000686645508,3460600
2024-05-15,19.649999618530273,19.75,18.479999542236328,18.600000381469727,3322400
2024-05-16,18.579999923706055,18.760000228881836,18.030000686645508,18.06999969482422,2353300
2024-05-17,18.600000381469727,19.459999084472656,18.270000457763672,19.43000030517578,2959200
2024-05-21,19.5,20.760000228881836,19.489999771118164,20.0,4285600
2024-05-22,19.5,19.799999237060547,18.56999969482422,18.65999984741211,2695200
2024-05-23,18.700000762939453,18.850000381469727,17.690000534057617,17.75,2693300
2024-05-24,17.90999984741211,18.309999465942383,17.6299991607666,18.100000381469727,2603900
2024-05-27,17.920000076293945,18.399999618530273,17.920000076293945,18.260000228881836,1402700
2024-05-28,18.299999237060547,18.829999923706055,18.15999984741211,18.5,1724900
2024-05-29,18.049999237060547,18.209999084472656,17.510000228881836,17.690000534057617,2223200
2024-05-30,17.440000534057617,18.040000915527344,17.25,17.81999969482422,1588300
2024-05-31,17.93000030517578,18.18000030517578,16.989999771118164,17.510000228881836,5663200
2024-06-03,17.709999084472656,17.770000457763672,17.09000015258789,17.31999969482422,2141200
2024-06-04,16.6200008392334,16.739999771118164,15.9399995803833,16.209999084472656,3179800
2024-06-05,16.350000381469727,17.469999313354492,16.350000381469727,17.139999389648438,2876200
2024-06-06,17.309999465942383,17.3799991607666,17.06999969482422,17.270000457763672,1807800
2024-06-07,16.65999984741211,17.110000610351562,16.479999542236328,16.920000076293945,2055700
2024-06-10,16.989999771118164,17.209999084472656,16.799999237060547,17.06999969482422,1946000
2024-06-11,16.8700008392334,17.059999465942383,16.459999084472656,17.0,2690900
2024-06-12,17.540000915527344,17.690000534057617,16.719999313354492,16.799999237060547,2520300
2024-06-13,16.68000030517578,16.68000030517578,16.1200008392334,16.209999084472656,1448900
2024-06-14,16.149999618530273,16.549999237060547,16.040000915527344,16.489999771118164,1958400
2024-06-17,16.1299991607666,16.389999389648438,15.819999694824219,16.190000534057617,2154100
2024-06-18,16.190000534057617,16.81999969482422,16.18000030517578,16.690000534057617,1924600
2024-06-19,16.6299991607666,16.860000610351562,16.520000457763672,16.850000381469727,1335600
2024-06-20,17.239999771118164,17.520000457763672,16.989999771118164,17.079999923706055,2890400
2024-06-21,16.969999313354492,17.34000015258789,16.729999542236328,17.1299991607666,14516100
2024-06-24,17.0,18.600000381469727,16.780000686645508,18.18000030517578,3577300
2024-06-25,17.81999969482422,18.3799991607666,17.700000762939453,18.290000915527344,1832700
2024-06-26,18.639999389648438,19.670000076293945,18.6200008392334,19.639999389648438,2535400
2024-06-27,19.600000381469727,19.690000534057617,18.639999389648438,19.3700008392334,2032800
2024-06-28,19.600000381469727,19.700000762939453,17.309999465942383,17.969999313354492,4193200
2024-07-02,18.68000030517578,19.350000381469727,18.260000228881836,18.520000457763672,3539100
2024-07-03,18.8799991607666,19.950000762939453,18.8799991607666,19.15999984741211,1969100
2024-07-04,19.0,19.510000228881836,18.969999313354492,19.149999618530273,412800
2024-07-05,19.399999618530273,19.690000534057617,18.969999313354492,18.979999542236328,1736400
2024-07-08,18.649999618530273,18.889999389648438,18.049999237060547,18.100000381469727,2418200
2024-07-09,18.0,18.270000457763672,17.780000686645508,17.799999237060547,1542800
2024-07-10,17.93000030517578,18.329999923706055,17.8799991607666,18.309999465942383,1605600
2024-07-11,18.389999389648438,18.790000915527344,18.0,18.670000076293945,2846900
2024-07-12,19.0,19.3700008392334,18.829999923706055,19.1299991607666,3798300
2024-07-15,19.0,19.059999465942383,18.309999465942383,18.3700008392334,1902800
2024-07-16,18.100000381469727,18.100000381469727,17.459999084472656,17.729999542236328,2348700
2024-07-17,17.68000030517578,17.68000030517578,16.950000762939453,17.360000610351562,2130100
2024-07-18,17.100000381469727,17.200000762939453,16.309999465942383,16.3799991607666,2453000
2024-07-19,16.229999542236328,16.649999618530273,16.18000030517578,16.559999465942383,1519800
2024-07-22,16.65999984741211,16.889999389648438,16.299999237060547,16.479999542236328,1725500
2024-07-23,16.510000228881836,16.649999618530273,15.800000190734863,16.34000015258789,1497700
2024-07-24,17.0,17.350000381469727,16.520000457763672,16.760000228881836,1835000
2024-07-25,16.489999771118164,16.899999618530273,15.979999542236328,16.68000030517578,2464300
2024-07-26,16.860000610351562,17.010000228881836,16.56999969482422,16.770000457763672,1449800
2024-07-29,16.600000381469727,16.610000610351562,16.190000534057617,16.540000915527344,1926800
2024-07-30,16.399999618530273,16.5,15.989999771118164,16.0,2011600
2024-07-31,16.5,16.899999618530273,16.100000381469727,16.899999618530273,2946900
2024-08-01,16.729999542236328,16.729999542236328,15.619999885559082,15.979999542236328,2103300
2024-08-02,15.600000381469727,15.960000038146973,15.210000038146973,15.479999542236328,2607100
2024-08-06,15.0,15.4399995803833,14.869999885559082,14.930000305175781,2183400
2024-08-07,15.039999961853027,15.229999542236328,14.40999984741211,14.5,1367200
2024-08-08,14.59000015258789,15.65999984741211,14.399999618530273,15.630000114440918,1408500
2024-08-09,15.630000114440918,15.8100004196167,15.460000038146973,15.529999732971191,1233600
2024-08-12,15.609999656677246,16.34000015258789,15.600000381469727,15.960000038146973,1782900
2024-08-13,15.920000076293945,16.059999465942383,15.680000305175781,15.819999694824219,1175400
2024-08-14,15.949999809265137,16.030000686645508,15.319999694824219,15.579999923706055,1342200
2024-08-15,15.949999809265137,16.8799991607666,15.800000190734863,16.790000915527344,1873700
2024-08-16,16.540000915527344,16.75,16.280000686645508,16.6200008392334,969600
2024-08-19,16.860000610351562,16.920000076293945,16.43000030517578,16.770000457763672,1475000
2024-08-20,16.59000015258789,16.8700008392334,16.5,16.700000762939453,803000
2024-08-21,16.780000686645508,17.1299991607666,16.670000076293945,16.8700008392334,1431600
2024-08-22,16.700000762939453,16.829999923706055,16.450000762939453,16.6200008392334,783300
2024-08-23,16.700000762939453,17.34000015258789,16.6200008392334,17.299999237060547,1234100
2024-08-26,17.420000076293945,17.739999771118164,17.239999771118164,17.6299991607666,991200
2024-08-27,17.440000534057617,17.549999237060547,17.139999389648438,17.18000030517578,906600
2024-08-28,16.850000381469727,16.940000534057617,16.309999465942383,16.610000610351562,1959600
2024-08-29,16.719999313354492,16.719999313354492,16.399999618530273,16.510000228881836,787200
2024-08-30,16.469999313354492,17.0,16.469999313354492,16.969999313354492,2721000
2024-09-03,16.270000457763672,16.399999618530273,14.609999656677246,14.630000114440918,2933400
2024-09-04,14.75,14.9399995803833,14.130000114440918,14.199999809265137,1840400
2024-09-05,14.449999809265137,14.760000228881836,13.930000305175781,14.0,2027000
2024-09-06,14.039999961853027,14.390000343322754,13.8100004196167,14.130000114440918,2157600
2024-09-09,14.350000381469727,15.109999656677246,14.350000381469727,14.520000457763672,2391100
2024-09-10,14.489999771118164,14.869999885559082,14.149999618530273,14.850000381469727,1324400
2024-09-11,14.930000305175781,15.850000381469727,14.720000267028809,15.829999923706055,1988000
2024-09-12,16.079999923706055,16.84000015258789,15.84000015258789,16.600000381469727,2928700
2024-09-13,16.770000457763672,16.979999542236328,16.65999984741211,16.860000610351562,1276000
2024-09-16,17.0,17.06999969482422,16.6200008392334,16.770000457763672,1571900
2024-09-17,16.760000228881836,17.440000534057617,16.610000610351562,17.399999618530273,1660500
2024-09-18,17.309999465942383,17.950000762939453,16.979999542236328,17.360000610351562,1841100
2024-09-19,17.979999542236328,18.450000762939453,17.600000381469727,17.940000534057617,1797800
2024-09-20,17.799999237060547,17.93000030517578,17.360000610351562,17.84000015258789,8110200
2024-09-23,17.899999618530273,18.059999465942383,17.489999771118164,17.610000610351562,1156300
2024-09-24,18.149999618530273,18.93000030517578,18.139999389648438,18.549999237060547,2359600
2024-09-25,18.360000610351562,18.649999618530273,18.15999984741211,18.34000015258789,1316400
2024-09-26,18.889999389648438,19.809999465942383,18.889999389648438,19.25,3496500
2024-09-27,19.1200008392334,19.219999313354492,18.600000381469727,18.950000762939453,3012400
2024-09-30,18.899999618530273,18.969999313354492,18.3799991607666,18.440000534057617,2953000
2024-10-01,18.489999771118164,19.0,18.010000228881836,18.989999771118164,2293500
2024-10-02,19.139999389648438,19.469999313354492,18.850000381469727,19.139999389648438,1685500
2024-10-03,18.799999237060547,18.799999237060547,18.299999237060547,18.540000915527344,2185700
2024-10-04,18.809999465942383,18.940000534057617,18.610000610351562,18.770000457763672,1306500
2024-10-07,18.799999237060547,18.950000762939453,18.549999237060547,18.790000915527344,1945300
2024-10-08,18.309999465942383,18.309999465942383,17.670000076293945,18.1299991607666,2693300
2024-10-09,17.8799991607666,18.260000228881836,17.809999465942383,17.860000610351562,1365800
2024-10-10,17.709999084472656,18.06999969482422,17.510000228881836,17.709999084472656,1934300
2024-10-11,17.84000015258789,18.469999313354492,17.709999084472656,18.309999465942383,1861200
2024-10-15,17.899999618530273,17.950000762939453,17.309999465942383,17.469999313354492,3038800
2024-10-16,17.65999984741211,18.3700008392334,17.530000686645508,17.889999389648438,2126800
2024-10-17,17.84000015258789,17.899999618530273,17.420000076293945,17.459999084472656,1288800
2024-10-18,17.809999465942383,18.3799991607666,17.68000030517578,18.299999237060547,1694600
2024-10-21,18.350000381469727,18.350000381469727,17.770000457763672,18.010000228881836,1051800
2024-10-22,18.200000762939453,18.469999313354492,17.780000686645508,18.3700008392334,1230000
2024-10-23,19.25,19.350000381469727,18.1200008392334,18.610000610351562,2325100
2024-10-24,18.829999923706055,18.950000762939453,18.18000030517578,18.510000228881836,1972700
2024-10-25,18.530000686645508,19.700000762939453,18.510000228881836,18.90999984741211,2451900
2024-10-28,18.770000457763672,19.110000610351562,18.299999237060547,18.510000228881836,2108900
2024-10-29,18.31999969482422,18.610000610351562,18.190000534057617,18.350000381469727,1497100
2024-10-30,18.100000381469727,18.110000610351562,17.780000686645508,18.049999237060547,1666800
2024-10-31,17.979999542236328,18.049999237060547,17.149999618530273,17.989999771118164,3926800
2024-11-01,18.25,18.700000762939453,18.059999465942383,18.209999084472656,1657400
2024-11-04,18.209999084472656,18.729999542236328,18.110000610351562,18.260000228881836,1000600
2024-11-05,18.3700008392334,18.700000762939453,18.280000686645508,18.670000076293945,1348800
2024-11-06,17.93000030517578,18.790000915527344,17.690000534057617,18.760000228881836,2342200
2024-11-07,19.100000381469727,20.549999237060547,19.059999465942383,20.489999771118164,2835300
2024-11-08,19.959999084472656,20.020000457763672,18.56999969482422,19.09000015258789,2212000
2024-11-11,18.84000015258789,19.31999969482422,18.799999237060547,18.950000762939453,1693600
2024-11-12,19.049999237060547,19.18000030517578,18.739999771118164,18.8799991607666,1907600
2024-11-13,18.799999237060547,18.8700008392334,17.860000610351562,17.940000534057617,1366200
2024-11-14,17.8799991607666,18.200000762939453,17.43000030517578,17.989999771118164,1761700
2024-11-15,18.149999618530273,18.3799991607666,17.520000457763672,17.600000381469727,1559900
2024-11-18,17.43000030517578,18.09000015258789,17.43000030517578,18.079999923706055,2020800
2024-11-19,18.030000686645508,18.469999313354492,17.920000076293945,18.3700008392334,1562900
2024-11-20,18.40999984741211,18.59000015258789,18.34000015258789,18.510000228881836,1388100
2024-11-21,18.6299991607666,19.170000076293945,18.399999618530273,19.06999969482422,2561700
2024-11-22,18.989999771118164,19.299999237060547,18.920000076293945,19.280000686645508,1689300
2024-11-25,19.200000762939453,19.809999465942383,18.8799991607666,18.90999984741211,9437100
2024-11-26,18.75,18.760000228881836,17.770000457763672,18.690000534057617,3394800
2024-11-27,18.709999084472656,19.270000457763672,18.520000457763672,19.040000915527344,2001300
2024-11-28,19.190000534057617,19.190000534057617,18.68000030517578,18.799999237060547,484100
2024-11-29,18.729999542236328,19.229999542236328,18.639999389648438,19.1299991607666,1361000
2024-12-02,19.15999984741211,19.479999542236328,18.84000015258789,19.15999984741211,1270800
2024-12-03,19.440000534057617,19.639999389648438,19.1200008392334,19.40999984741211,2177300
2024-12-04,19.450000762939453,19.93000030517578,19.440000534057617,19.68000030517578,1635200
2024-12-05,19.829999923706055,21.450000762939453,19.809999465942383,20.700000762939453,2679000
2024-12-06,20.739999771118164,20.860000610351562,20.190000534057617,20.389999389648438,2101700
2024-12-09,21.0,21.209999084472656,20.059999465942383,20.489999771118164,2865700
2024-12-10,20.6299991607666,20.6299991607666,20.040000915527344,20.309999465942383,1960200
2024-12-11,20.399999618530273,20.469999313354492,20.0,20.260000228881836,1326800
2024-12-12,20.110000610351562,20.149999618530273,19.40999984741211,19.459999084472656,1997800
2024-12-13,19.25,19.43000030517578,18.799999237060547,19.399999618530273,1592000
2024-12-16,19.31999969482422,19.56999969482422,18.56999969482422,18.600000381469727,2097900
2024-12-17,18.200000762939453,18.969999313354492,17.8799991607666,18.809999465942383,2234400
2024-12-18,18.809999465942383,18.950000762939453,17.489999771118164,17.770000457763672,2396900
2024-12-19,17.770000457763672,17.950000762939453,17.360000610351562,17.40999984741211,2005700
2024-12-20,17.25,18.850000381469727,17.239999771118164,18.809999465942383,5655600
2024-12-23,18.65999984741211,19.280000686645508,18.65999984741211,19.049999237060547,1806500
2024-12-24,19.0,19.200000762939453,18.850000381469727,19.0,483800
2024-12-27,19.190000534057617,19.219999313354492,18.809999465942383,19.020000457763672,1100500
2024-12-30,18.809999465942383,19.020000457763672,18.600000381469727,18.639999389648438,1425600
2024-12-31,18.56999969482422,18.760000228881836,18.360000610351562,18.530000686645508,1149900
2025-01-02,18.899999618530273,19.399999618530273,18.690000534057617,18.93000030517578,933400
2025-01-03,19.239999771118164,19.329999923706055,18.81999969482422,19.110000610351562,1333300
2025-01-06,19.280000686645508,19.799999237060547,19.260000228881836,19.389999389648438,1991700
2025-01-07,19.56999969482422,19.850000381469727,19.260000228881836,19.829999923706055,2408800
2025-01-08,19.760000228881836,19.989999771118164,19.09000015258789,19.93000030517578,2243200
2025-01-09,20.1200008392334,20.760000228881836,20.1200008392334,20.75,1032900
2025-01-10,21.0,21.0,19.510000228881836,19.829999923706055,2422400
2025-01-13,19.579999923706055,19.860000610351562,19.0,19.520000457763672,2106000
2025-01-14,19.530000686645508,19.700000762939453,19.1200008392334,19.34000015258789,1542800
2025-01-15,19.799999237060547,19.950000762939453,19.079999923706055,19.469999313354492,2473900
2025-01-16,19.0,19.290000915527344,18.6200008392334,18.729999542236328,2059000
2025-01-17,18.770000457763672,19.40999984741211,18.729999542236328,19.010000228881836,2636500
2025-01-20,19.079999923706055,19.950000762939453,19.049999237060547,19.899999618530273,1545600
2025-01-21,19.790000915527344,19.809999465942383,19.1299991607666,19.149999618530273,2173900
2025-01-22,19.1200008392334,19.31999969482422,18.6299991607666,18.65999984741211,1987300
2025-01-23,18.6299991607666,19.170000076293945,18.260000228881836,19.059999465942383,2024800
2025-01-24,19.15999984741211,19.350000381469727,18.56999969482422,18.860000610351562,1834100
2025-01-27,18.40999984741211,18.479999542236328,17.610000610351562,18.100000381469727,1917600
2025-01-28,18.1200008392334,18.149999618530273,17.510000228881836,17.600000381469727,1622700
2025-01-29,17.469999313354492,18.3700008392334,17.469999313354492,18.139999389648438,1683700
2025-01-30,18.469999313354492,19.280000686645508,18.440000534057617,19.100000381469727,3125700
2025-01-31,18.969999313354492,19.0,18.15999984741211,18.190000534057617,2455100
2025-02-03,17.649999618530273,18.200000762939453,17.59000015258789,17.68000030517578,2874700
2025-02-04,17.90999984741211,19.09000015258789,17.8799991607666,18.8799991607666,2688800
2025-02-05,18.799999237060547,19.290000915527344,18.799999237060547,19.190000534057617,1580000
2025-02-06,19.649999618530273,19.889999389648438,19.1299991607666,19.3799991607666,1808700
2025-02-07,19.700000762939453,20.360000610351562,19.34000015258789,19.920000076293945,2377500
2025-02-10,20.260000228881836,20.270000457763672,19.670000076293945,19.799999237060547,1593700
2025-02-11,19.200000762939453,19.299999237060547,18.540000915527344,18.829999923706055,3803700
2025-02-12,18.25,19.020000457763672,18.200000762939453,18.90999984741211,2906100
2025-02-13,19.229999542236328,19.8700008392334,18.510000228881836,19.850000381469727,2138400
2025-02-14,19.93000030517578,19.93000030517578,19.34000015258789,19.559999465942383,1722600
2025-02-18,19.520000457763672,19.56999969482422,19.209999084472656,19.440000534057617,1253100
2025-02-19,19.219999313354492,19.290000915527344,18.579999923706055,18.600000381469727,3097100
2025-02-20,18.709999084472656,19.020000457763672,18.5,18.940000534057617,2006800
2025-02-21,18.809999465942383,18.809999465942383,17.280000686645508,17.34000015258789,2465700
2025-02-24,17.40999984741211,17.770000457763672,17.280000686645508,17.670000076293945,1186100
2025-02-25,17.84000015258789,17.979999542236328,16.969999313354492,17.6299991607666,2259500
2025-02-26,18.0,18.399999618530273,17.350000381469727,17.739999771118164,1627100
2025-02-27,17.8799991607666,19.219999313354492,17.440000534057617,18.149999618530273,3827000
2025-02-28,18.049999237060547,18.290000915527344,17.719999313354492,17.950000762939453,3224200
2025-03-03,18.309999465942383,18.549999237060547,17.049999237060547,17.190000534057617,2211300
2025-03-04,16.8799991607666,17.360000610351562,16.299999237060547,16.889999389648438,1819200
2025-03-05,17.25,18.540000915527344,17.200000762939453,18.510000228881836,2040300
2025-03-06,18.100000381469727,18.850000381469727,18.09000015258789,18.459999084472656,1795300
2025-03-07,18.170000076293945,18.459999084472656,17.3700008392334,17.860000610351562,1694200
2025-03-10,17.530000686645508,17.540000915527344,16.450000762939453,16.889999389648438,2117600
2025-03-11,17.229999542236328,17.469999313354492,16.90999984741211,17.25,2167100
2025-03-12,17.530000686645508,18.059999465942383,17.440000534057617,17.780000686645508,2151600
2025-03-13,17.860000610351562,20.56999969482422,17.719999313354492,20.34000015258789,6801200
2025-03-14,20.469999313354492,21.75,20.15999984741211,21.030000686645508,6057700
2025-03-17,21.139999389648438,21.739999771118164,20.510000228881836,21.1299991607666,2968000
2025-03-18,21.200000762939453,21.920000076293945,20.889999389648438,21.709999084472656,3041800
2025-03-19,22.0,23.239999771118164,21.75,23.1200008392334,3111800
2025-03-20,22.649999618530273,23.149999618530273,22.149999618530273,22.190000534057617,2595000
2025-03-21,21.780000686645508,22.450000762939453,21.690000534057617,22.229999542236328,3950900
2025-03-24,22.549999237060547,22.920000076293945,22.270000457763672,22.84000015258789,3246500
2025-03-25,23.0,23.280000686645508,22.459999084472656,22.649999618530273,2685900
2025-03-26,22.739999771118164,22.739999771118164,21.06999969482422,21.350000381469727,3871800
2025-03-27,21.0,21.5,20.75,20.950000762939453,2535100
2025-03-28,20.75,20.90999984741211,19.5,19.790000915527344,3266100
2025-03-31,19.280000686645508,19.610000610351562,18.75,19.350000381469727,3248800
2025-04-01,19.5,20.440000534057617,19.299999237060547,20.299999237060547,2830300
2025-04-02,20.010000228881836,20.229999542236328,19.510000228881836,19.889999389648438,3552000
2025-04-03,18.5,18.969999313354492,17.989999771118164,18.100000381469727,3888900
2025-04-04,17.209999084472656,17.260000228881836,15.0,16.0,7351500
2025-04-07,15.25,16.75,15.149999618530273,15.59000015258789,4469400
2025-04-08,16.510000228881836,16.790000915527344,14.5600004196167,15.050000190734863,4922400
2025-04-09,15.100000381469727,17.709999084472656,14.40999984741211,16.950000762939453,6857100
2025-04-10,16.59000015258789,16.649999618530273,15.119999885559082,15.630000114440918,4003900
2025-04-11,15.920000076293945,16.3700008392334,15.699999809265137,16.100000381469727,4369400
2025-04-14,16.6200008392334,17.100000381469727,16.18000030517578,16.469999313354492,2859900
2025-04-15,16.260000228881836,16.81999969482422,16.260000228881836,16.6200008392334,2008800
2025-04-16,16.700000762939453,17.059999465942383,16.31999969482422,16.719999313354492,3233300
2025-04-17,16.68000030517578,16.8700008392334,16.31999969482422,16.559999465942383,1935200
2025-04-21,16.56999969482422,16.610000610351562,15.59000015258789,16.0,3000600
2025-04-22,16.34000015258789,16.989999771118164,16.299999237060547,16.65999984741211,2725600
2025-04-23,17.25,18.260000228881836,17.18000030517578,18.229999542236328,5254400
2025-04-24,18.59000015258789,19.639999389648438,18.579999923706055,19.09000015258789,5043600
2025-04-25,18.799999237060547,19.34000015258789,18.739999771118164,19.170000076293945,2568900
2025-04-28,19.09000015258789,19.190000534057617,18.299999237060547,18.579999923706055,2843300
2025-04-29,18.520000457763672,19.020000457763672,18.520000457763672,18.8799991607666,1899200
2025-04-30,17.969999313354492,18.579999923706055,17.65999984741211,18.510000228881836,4888100
2025-05-01,18.75,18.940000534057617,18.420000076293945,18.649999618530273,2196000
2025-05-02,18.93000030517578,19.110000610351562,18.68000030517578,18.790000915527344,2043800
2025-05-05,18.719999313354492,18.889999389648438,18.510000228881836,18.559999465942383,1524800
2025-05-06,18.43000030517578,19.3799991607666,18.43000030517578,19.239999771118164,2854000
2025-05-07,19.149999618530273,19.15999984741211,18.59000015258789,18.81999969482422,2195000
2025-05-08,18.899999618530273,19.270000457763672,18.479999542236328,18.709999084472656,2427900
2025-05-09,18.8799991607666,19.40999984741211,18.799999237060547,19.389999389648438,2292300
2025-05-12,20.110000610351562,20.489999771118164,19.8700008392334,20.170000076293945,2520000
2025-05-13,20.270000457763672,20.809999465942383,20.1200008392334,20.209999084472656,2113200
2025-05-14,20.309999465942383,20.700000762939453,20.040000915527344,20.190000534057617,1884600
2025-05-15,19.950000762939453,20.18000030517578,19.549999237060547,20.09000015258789,1798800
2025-05-16,19.84000015258789,20.06999969482422,19.25,19.530000686645508,2532500
2025-05-20,19.8799991607666,19.8799991607666,19.489999771118164,19.780000686645508,1841300
2025-05-21,19.780000686645508,20.18000030517578,19.610000610351562,19.6299991607666,1972700
2025-05-22,19.579999923706055,20.18000030517578,19.459999084472656,20.010000228881836,1551100
2025-05-23,19.809999465942383,20.610000610351562,19.809999465942383,20.489999771118164,2020100
2025-05-26,20.489999771118164,21.139999389648438,20.43000030517578,20.93000030517578,1170300
2025-05-27,20.940000534057617,21.329999923706055,20.559999465942383,20.68000030517578,2621800
2025-05-28,20.690000534057617,20.700000762939453,20.239999771118164,20.489999771118164,1866800
2025-05-29,20.670000076293945,21.09000015258789,20.489999771118164,20.68000030517578,1153400
2025-05-30,20.559999465942383,20.65999984741211,20.229999542236328,20.329999923706055,2780600
2025-06-02,20.700000762939453,21.040000915527344,20.31999969482422,20.8700008392334,2454600
2025-06-03,20.829999923706055,21.219999313354492,20.3799991607666,20.770000457763672,2365000
2025-06-04,20.860000610351562,21.139999389648438,20.520000457763672,21.030000686645508,1775900
2025-06-05,21.3799991607666,21.719999313354492,21.170000076293945,21.420000076293945,2019900
2025-06-06,21.56999969482422,21.8799991607666,21.40999984741211,21.579999923706055,1819500
2025-06-09,21.68000030517578,21.950000762939453,21.40999984741211,21.510000228881836,1774400
2025-06-10,21.479999542236328,21.549999237060547,21.030000686645508,21.399999618530273,2219600
2025-06-11,21.329999923706055,21.6299991607666,21.079999923706055,21.270000457763672,1657000
2025-06-12,21.09000015258789,21.829999923706055,20.8799991607666,20.959999084472656,2853400
2025-06-13,20.610000610351562,21.3700008392334,20.459999084472656,21.030000686645508,1880400
2025-06-16,21.200000762939453,21.610000610351562,21.030000686645508,21.459999084472656,1437200
2025-06-17,21.389999389648438,21.489999771118164,21.170000076293945,21.209999084472656,1338900
2025-06-18,21.229999542236328,21.579999923706055,21.1299991607666,21.43000030517578,1403600
2025-06-19,21.170000076293945,22.309999465942383,21.15999984741211,21.469999313354492,1614100
2025-06-20,21.8799991607666,22.100000381469727,21.260000228881836,21.360000610351562,3605300
2025-06-23,21.059999465942383,21.959999084472656,21.020000457763672,21.84000015258789,2433100
2025-06-24,22.0,22.579999923706055,21.75,22.549999237060547,2365200
2025-06-25,22.5,22.739999771118164,22.280000686645508,22.469999313354492,1744900
2025-06-26,22.829999923706055,24.18000030517578,22.809999465942383,24.149999618530273,2711900
2025-06-27,23.649999618530273,24.270000457763672,23.520000457763672,23.93000030517578,3073300
2025-06-30,24.1299991607666,24.469999313354492,23.729999542236328,24.190000534057617,2286600
2025-07-02,24.549999237060547,25.959999084472656,24.469999313354492,25.09000015258789,3482600
2025-07-03,25.139999389648438,25.280000686645508,24.729999542236328,25.1200008392334,1342600
2025-07-04,24.510000228881836,25.110000610351562,24.510000228881836,25.06999969482422,635000
2025-07-07,24.829999923706055,24.950000762939453,24.56999969482422,24.760000228881836,1929400
2025-07-08,24.899999618530273,25.09000015258789,24.059999465942383,24.219999313354492,2640300
2025-07-09,24.290000915527344,24.290000915527344,23.399999618530273,23.579999923706055,2781600
2025-07-10,23.65999984741211,23.969999313354492,23.5,23.81999969482422,2451500
2025-07-11,23.639999389648438,23.790000915527344,23.1200008392334,23.31999969482422,2602500
2025-07-14,23.110000610351562,23.3700008392334,22.729999542236328,23.239999771118164,2379400
2025-07-15,23.219999313354492,23.290000915527344,22.90999984741211,23.25,2214300
2025-07-16,23.200000762939453,23.200000762939453,22.610000610351562,23.110000610351562,1803800
2025-07-17,22.899999618530273,23.719999313354492,22.889999389648438,23.600000381469727,2316200
2025-07-18,23.81999969482422,23.84000015258789,23.299999237060547,23.389999389648438,1402400
2025-07-21,23.639999389648438,23.90999984741211,23.540000915527344,23.700000762939453,1762700
2025-07-22,23.940000534057617,24.520000457763672,23.420000076293945,24.329999923706055,2636300
2025-07-23,24.329999923706055,24.65999984741211,24.1200008392334,24.34000015258789,2338700
2025-07-24,24.219999313354492,24.719999313354492,23.90999984741211,23.940000534057617,2878100
2025-07-25,23.829999923706055,23.829999923706055,23.170000076293945,23.729999542236328,2062400
2025-07-28,23.56999969482422,23.6299991607666,23.030000686645508,23.600000381469727,1858100
2025-07-29,23.600000381469727,23.610000610351562,23.170000076293945,23.459999084472656,1340300
2025-07-30,23.450000762939453,23.559999465942383,22.56999969482422,23.0,1980600
2025-07-31,22.649999618530273,23.40999984741211,22.559999465942383,23.290000915527344,1806300
2025-08-01,22.950000762939453,22.989999771118164,22.15999984741211,22.18000030517578,2320500
2025-08-05,22.600000381469727,23.549999237060547,22.5,23.34000015258789,2797400
2025-08-06,23.59000015258789,23.59000015258789,22.729999542236328,22.950000762939453,2259100
2025-08-07,23.0,23.399999618530273,22.690000534057617,23.15999984741211,1858600
2025-08-08,23.200000762939453,23.8799991607666,23.18000030517578,23.760000228881836,1447200
2025-08-11,23.639999389648438,23.950000762939453,23.149999618530273,23.190000534057617,1383100
2025-08-12,23.440000534057617,23.8799991607666,23.239999771118164,23.68000030517578,2683700
2025-08-13,23.889999389648438,24.059999465942383,23.540000915527344,23.809999465942383,1466200
2025-08-14,23.600000381469727,23.729999542236328,23.260000228881836,23.639999389648438,2300800
2025-08-15,23.719999313354492,23.81999969482422,23.540000915527344,23.65999984741211,701900
2025-08-18,23.530000686645508,23.559999465942383,23.25,23.270000457763672,975900
2025-08-19,23.40999984741211,23.420000076293945,22.829999923706055,22.979999542236328,972100
2025-08-20,22.84000015258789,23.0,22.25,22.40999984741211,1437300
2025-08-21,22.280000686645508,22.670000076293945,22.209999084472656,22.5,1297200
2025-08-22,22.59000015258789,23.479999542236328,22.299999237060547,23.469999313354492,2809400
2025-08-25,23.5,23.770000457763672,23.3700008392334,23.579999923706055,1137500
2025-08-26,23.3700008392334,23.760000228881836,23.139999389648438,23.760000228881836,1661400
2025-08-27,23.530000686645508,23.56999969482422,23.139999389648438,23.34000015258789,1063400
2025-08-28,23.5,23.600000381469727,23.270000457763672,23.510000228881836,1152600
2025-08-29,23.540000915527344,24.149999618530273,23.309999465942383,24.06999969482422,2220500
2025-09-02,23.729999542236328,23.799999237060547,23.1200008392334,23.700000762939453,2274600
2025-09-03,23.829999923706055,25.239999771118164,23.760000228881836,25.059999465942383,2484600
2025-09-04,24.8799991607666,24.950000762939453,24.010000228881836,24.290000915527344,1827600
2025-09-05,24.6299991607666,24.979999542236328,24.31999969482422,24.579999923706055,2459100
2025-09-08,24.700000762939453,24.90999984741211,24.489999771118164,24.690000534057617,1448800
2025-09-09,24.809999465942383,25.489999771118164,24.760000228881836,25.3799991607666,2990600
2025-09-10,25.5,25.639999389648438,25.219999313354492,25.329999923706055,1773300
2025-09-11,25.520000457763672,26.100000381469727,25.469999313354492,26.079999923706055,1686200
2025-09-12,26.270000457763672,26.709999084472656,25.920000076293945,26.31999969482422,2913800
2025-09-15,26.389999389648438,26.90999984741211,26.350000381469727,26.739999771118164,1998100
2025-09-16,26.739999771118164,27.0,26.440000534057617,26.969999313354492,2723600
2025-09-17,26.510000228881836,26.889999389648438,26.329999923706055,26.440000534057617,3151900
2025-09-18,26.489999771118164,26.549999237060547,26.079999923706055,26.290000915527344,1967900
2025-09-19,26.739999771118164,27.219999313354492,26.43000030517578,27.0,10094000
2025-09-22,27.079999923706055,28.049999237060547,27.049999237060547,27.56999969482422,2888300
2025-09-23,27.729999542236328,28.020000457763672,27.450000762939453,27.829999923706055,2788700
2025-09-24,28.520000457763672,30.8799991607666,28.5,28.780000686645508,3495900
2025-09-25,28.549999237060547,28.950000762939453,28.200000762939453,28.729999542236328,2007000
2025-09-26,28.690000534057617,29.200000762939453,28.510000228881836,29.1200008392334,1649600
2025-09-29,29.65999984741211,31.600000381469727,29.65999984741211,31.559999465942383,3613700
2025-09-30,31.200000762939453,31.579999923706055,31.149999618530273,31.479999542236328,1865700
2025-10-01,31.3799991607666,31.950000762939453,30.760000228881836,31.770000457763672,2115800
2025-10-02,31.969999313354492,32.7599983215332,31.489999771118164,31.56999969482422,1904900
2025-10-03,32.0,32.43000030517578,31.610000610351562,32.34000015258789,2195600
2025-10-06,32.54999923706055,32.709999084472656,31.510000228881836,31.559999465942383,2090800
2025-10-07,31.93000030517578,32.220001220703125,31.229999542236328,31.420000076293945,1636900
2025-10-08,31.600000381469727,33.0099983215332,31.540000915527344,32.810001373291016,2563600
2025-10-09,33.529998779296875,33.880001068115234,32.119998931884766,32.529998779296875,1257400
2025-10-10,33.5,33.720001220703125,31.549999237060547,31.75,2389000
2025-10-14,31.899999618530273,32.209999084472656,31.170000076293945,31.989999771118164,2593700
2025-10-15,32.619998931884766,33.040000915527344,32.130001068115234,32.970001220703125,2253900
2025-10-16,33.0,33.04999923706055,31.729999542236328,31.809999465942383,2773700
2025-10-17,31.649999618530273,31.850000381469727,30.719999313354492,31.09000015258789,2247600
2025-10-20,31.479999542236328,31.93000030517578,30.90999984741211,31.010000228881836,2644200
2025-10-21,30.5,30.5,29.43000030517578,29.81999969482422,2031100
2025-10-22,29.440000534057617,29.84000015258789,29.049999237060547,29.559999465942383,2040100
2025-10-23,30.110000610351562,30.5,29.670000076293945,29.889999389648438,1532800
2025-10-24,30.200000762939453,30.510000228881836,29.770000457763672,30.34000015258789,811400
2025-10-27,30.719999313354492,30.739999771118164,30.059999465942383,30.479999542236328,1799500
2025-10-28,30.549999237060547,32.06999969482422,30.3799991607666,31.1299991607666,2149800
2025-10-29,29.25,31.93000030517578,29.25,30.510000228881836,2993200
2025-10-30,30.3799991607666,30.399999618530273,28.65999984741211,29.40999984741211,3355600
2025-10-31,29.450000762939453,29.6299991607666,28.950000762939453,29.1200008392334,3164800
2025-11-03,29.040000915527344,29.110000610351562,27.059999465942383,28.479999542236328,2722300
2025-11-04,27.700000762939453,28.219999313354492,27.420000076293945,27.6200008392334,2836200
2025-11-05,27.90999984741211,28.559999465942383,27.729999542236328,28.530000686645508,2343100
2025-11-06,28.860000610351562,29.899999618530273,28.81999969482422,29.3700008392334,2368200
2025-11-07,29.100000381469727,29.610000610351562,28.649999618530273,29.579999923706055,1620500
2025-11-10,30.350000381469727,30.540000915527344,29.940000534057617,30.219999313354492,2442900
2025-11-11,30.059999465942383,30.18000030517578,29.399999618530273,29.860000610351562,993400
2025-11-12,30.1299991607666,30.899999618530273,30.1200008392334,30.850000381469727,1640100
2025-11-13,30.790000915527344,31.25,29.56999969482422,29.920000076293945,1561000
2025-11-14,29.079999923706055,30.5,28.989999771118164,29.68000030517578,2500400
2025-11-17,29.530000686645508,29.68000030517578,29.010000228881836,29.600000381469727,2323800
2025-11-18,29.549999237060547,29.84000015258789,28.399999618530273,28.450000762939453,2634400
2025-11-19,28.899999618530273,29.200000762939453,28.559999465942383,28.979999542236328,1920800
2025-11-20,29.40999984741211,29.780000686645508,27.709999084472656,27.809999465942383,2647900
2025-11-21,27.90999984741211,28.760000228881836,27.68000030517578,28.6299991607666,1961600
2025-11-24,28.780000686645508,29.579999923706055,28.729999542236328,29.350000381469727,3627300
2025-11-25,29.809999465942383,29.809999465942383,29.3799991607666,29.5,1689900
2025-11-26,29.280000686645508,30.059999465942383,29.040000915527344,29.8799991607666,1891000
2025-11-27,29.670000076293945,30.5,29.65999984741211,30.450000762939453,602100
2025-11-28,30.690000534057617,32.029998779296875,30.469999313354492,31.84000015258789,2197600
2025-12-01,32.04999923706055,32.36000061035156,31.479999542236328,31.600000381469727,2090200
2025-12-02,31.670000076293945,31.790000915527344,30.809999465942383,31.530000686645508,1452800
2025-12-03,32.0,33.290000915527344,32.0,33.15999984741211,2698400
2025-12-04,33.16999816894531,33.599998474121094,32.77000045776367,33.029998779296875,1568200
2025-12-05,33.25,33.75,33.099998474121094,33.310001373291016,1444200
2025-12-08,33.38999938964844,33.720001220703125,32.66999816894531,32.70000076293945,1284700
2025-12-09,32.150001525878906,32.470001220703125,31.68000030517578,32.25,1477300
2025-12-10,32.40999984741211,33.22999954223633,32.380001068115234,33.18000030517578,1928000
2025-12-11,33.209999084472656,34.040000915527344,32.91999816894531,33.83000183105469,2751600
2025-12-12,34.099998474121094,34.84000015258789,33.08000183105469,33.2599983215332,2031300
2025-12-15,33.93000030517578,34.0,33.22999954223633,33.880001068115234,1794600
2025-12-16,33.689998626708984,34.15999984741211,33.16999816894531,33.93000030517578,2369400
2025-12-17,34.29999923706055,34.619998931884766,33.810001373291016,33.849998474121094,1297200
2025-12-18,34.119998931884766,34.619998931884766,33.790000915527344,34.22999954223633,1569300
2025-12-19,34.61000061035156,35.400001525878906,34.47999954223633,35.16999816894531,5126700
2025-12-22,35.52000045776367,36.18000030517578,34.86000061035156,36.09000015258789,1762500
2025-12-23,36.18000030517578,37.119998931884766,36.099998474121094,36.95000076293945,1972300
2025-12-24,36.439998626708984,36.84000015258789,36.02000045776367,36.41999816894531,650000
2025-12-29,35.880001068115234,37.0,35.099998474121094,36.4900016784668,1206200
2025-12-30,36.52000045776367,36.900001525878906,36.5,36.61000061035156,1669000
2025-12-31,36.41999816894531,36.900001525878906,36.15999984741211,36.79999923706055,1069600
2026-01-02,37.630001068115234,37.63999938964844,36.66999816894531,37.290000915527344,1276500
2026-01-05,38.369998931884766,39.599998474121094,38.369998931884766,39.540000915527344,1934900
2026-01-06,39.709999084472656,40.810001373291016,38.959999084472656,39.0,2378800
2026-01-07,38.209999084472656,38.4900016784668,36.7400016784668,38.150001525878906,2702100
2026-01-08,37.77000045776367,38.060001373291016,37.2599983215332,37.95000076293945,2669600
2026-01-09,38.20000076293945,39.95000076293945,37.900001525878906,39.630001068115234,1854900
2026-01-12,40.5,41.02000045776367,40.06999969482422,40.810001373291016,3287600
2026-01-13,41.20000076293945,41.20000076293945,40.310001373291016,40.70000076293945,1442400
2026-01-14,41.04999923706055,41.70000076293945,40.689998626708984,41.349998474121094,1636500
2026-01-15,41.290000915527344,41.88999938964844,40.810001373291016,41.20000076293945,1944800
2026-01-16,40.63999938964844,40.86000061035156,39.38999938964844,40.720001220703125,2578400
2026-01-19,40.18000030517578,41.09000015258789,40.040000915527344,41.0,644700
2026-01-20,40.310001373291016,41.59000015258789,40.25,41.099998474121094,2127800
2026-01-21,42.0,42.20000076293945,40.95000076293945,41.22999954223633,2929900
2026-01-22,41.5,41.77000045776367,38.66999816894531,38.75,3142700
2026-01-23,39.459999084472656,40.83000183105469,38.790000915527344,40.810001373291016,3208300
2026-01-26,41.52000045776367,42.47999954223633,41.18000030517578,41.40999984741211,2330200
2026-01-27,41.279998779296875,42.290000915527344,40.95000076293945,41.90999984741211,1963900
2026-01-28,42.279998779296875,42.720001220703125,41.02000045776367,41.630001068115234,2698000
2026-01-29,43.5,45.16999816894531,41.4900016784668,41.720001220703125,5921900
2026-01-30,39.77000045776367,40.060001373291016,37.84000015258789,38.4900016784668,3424900
2026-02-02,37.599998474121094,39.439998626708984,37.529998779296875,39.189998626708984,3290800
2026-02-03,40.099998474121094,41.36000061035156,39.56999969482422,40.59000015258789,2179300
2026-02-04,41.209999084472656,41.5,36.70000076293945,37.56999969482422,3520900
2026-02-05,36.619998931884766,37.34000015258789,35.06999969482422,35.58000183105469,3538500
2026-02-06,36.34000015258789,37.79999923706055,36.34000015258789,37.36000061035156,3371600
2026-02-09,37.43000030517578,39.09000015258789,37.22999954223633,38.72999954223633,2081200
2026-02-10,38.5099983215332,38.869998931884766,37.709999084472656,38.7599983215332,2598400
2026-02-11,38.75,40.349998474121094,37.11000061035156,37.599998474121094,5128000
2026-02-12,38.869998931884766,38.869998931884766,36.11000061035156,36.59000015258789,3093600
2026-02-13,36.04999923706055,36.81999969482422,35.470001220703125,36.220001220703125,3148300
2026-02-17,35.720001220703125,35.9900016784668,34.25,35.529998779296875,2962000
2026-02-18,35.93000030517578,36.81999969482422,35.5,36.34000015258789,3087400
2026-02-19,35.529998779296875,36.439998626708984,34.849998474121094,36.40999984741211,2117500
2026-02-20,36.279998779296875,37.83000183105469,36.279998779296875,37.709999084472656,3456700
2026-02-23,37.599998474121094,38.779998779296875,37.04999923706055,38.310001373291016,2775400
2026-02-24,38.0,40.720001220703125,37.97999954223633,40.2400016784668,4362100
2026-02-25,41.099998474121094,41.58000183105469,40.720001220703125,40.95000076293945,1871600
2026-02-26,40.709999084472656,41.38999938964844,39.970001220703125,41.349998474121094,2150600
2026-02-27,41.189998626708984,42.09000015258789,40.43000030517578,40.84000015258789,4796100
2026-03-02,40.25,40.369998931884766,39.2599983215332,40.18000030517578,2053500
2026-03-03,37.689998626708984,38.0,35.95000076293945,36.68000030517578,3689300
2026-03-04,37.470001220703125,37.959999084472656,36.689998626708984,37.779998779296875,2327100
2026-03-05,36.790000915527344,36.869998931884766,34.33000183105469,34.619998931884766,3373800
2026-03-06,33.470001220703125,33.86000061035156,32.5099983215332,32.90999984741211,4647900
2026-03-09,31.15999984741211,32.560001373291016,30.280000686645508,32.52000045776367,4173300
2026-03-10,33.0099983215332,33.65999984741211,32.33000183105469,32.4900016784668,2711600
2026-03-11,32.18000030517578,34.04999923706055,32.02000045776367,33.5099983215332,2670300
2026-03-12,33.54999923706055,33.91999816894531,32.869998931884766,33.86000061035156,2072400
2026-03-13,33.709999084472656,34.20000076293945,32.060001373291016,32.43000030517578,2209100
2026-03-16,33.150001525878906,33.400001525878906,32.2599983215332,32.9900016784668,2241500
2026-03-17,33.08000183105469,33.279998779296875,31.8799991607666,32.84000015258789,2154900
2026-03-18,32.20000076293945,32.20000076293945,31.020000457763672,31.09000015258789,2828700
2026-03-19,29.100000381469727,29.829999923706055,27.90999984741211,29.790000915527344,4043600
2026-03-20,29.739999771118164,30.670000076293945,28.780000686645508,29.190000534057617,6044700
2026-03-23,30.170000076293945,31.290000915527344,29.920000076293945,30.75,3010200
2026-03-24,30.219999313354492,31.600000381469727,29.799999237060547,31.389999389648438,3184100
2026-03-25,32.59000015258789,33.13999938964844,32.08000183105469,32.529998779296875,2542000
2026-03-26,31.649999618530273,32.29999923706055,30.700000762939453,30.860000610351562,2172300
2026-03-27,30.6200008392334,31.43000030517578,30.25,31.329999923706055,2121700
2026-03-30,32.0,32.380001068115234,30.670000076293945,31.049999237060547,2983500
2026-03-31,31.959999084472656,33.47999954223633,31.959999084472656,33.2599983215332,2789400
2026-04-01,33.7599983215332,35.34000015258789,33.20000076293945,34.88999938964844,3205700
2026-04-02,33.29999923706055,34.83000183105469,32.77000045776367,34.59000015258789,1835700
2026-04-06,34.630001068115234,36.83000183105469,34.279998779296875,36.34000015258789,4207600
2026-04-07,35.79999923706055,36.0,34.70000076293945,35.95000076293945,3259700
2026-04-08,38.47999954223633,39.61000061035156,37.31999969482422,37.56999969482422,4677600
2026-04-09,37.41999816894531,37.91999816894531,36.880001068115234,37.279998779296875,2224200
2026-04-10,37.95000076293945,38.439998626708984,37.52000045776367,38.040000915527344,2359400
2026-04-13,37.4900016784668,38.65999984741211,37.20000076293945,38.189998626708984,1850900
2026-04-14,38.43000030517578,39.02000045776367,38.20000076293945,38.599998474121094,2216500
2026-04-15,38.5,39.119998931884766,37.58000183105469,39.029998779296875,2456300
2026-04-16,39.0099983215332,39.279998779296875,38.279998779296875,39.060001373291016,1764300
2026-04-17,39.849998474121094,40.97999954223633,39.619998931884766,39.70000076293945,2849200
2026-04-20,39.5099983215332,40.0,38.810001373291016,39.34000015258789,2239100
2026-04-21,39.25,39.25,36.650001525878906,36.83000183105469,3698300
2026-04-22,37.720001220703125,38.380001068115234,37.63999938964844,38.279998779296875,2259700
2026-04-23,37.54999923706055,38.959999084472656,36.93000030517578,37.41999816894531,2120700
2026-04-24,38.0,38.0,35.65999984741211,35.849998474121094,3225200
2026-04-27,36.0,36.189998626708984,35.189998626708984,35.91999816894531,2312500
2026-04-28,35.13999938964844,35.279998779296875,33.95000076293945,34.290000915527344,2891000
2026-04-29,34.25,34.4900016784668,32.11000061035156,32.459999084472656,5416600
2026-04-30,33.11000061035156,33.93000030517578,32.470001220703125,33.2599983215332,5734100
2026-05-01,33.040000915527344,33.45000076293945,32.310001373291016,32.34000015258789,2498500
2026-05-04,32.099998474121094,32.43000030517578,31.020000457763672,31.040000915527344,3289400
2026-05-05,31.700000762939453,32.08000183105469,31.200000762939453,31.540000915527344,2722900
2026-05-06,32.90999984741211,33.65999984741211,32.709999084472656,33.25,5424200
2026-05-07,33.83000183105469,34.75,32.9900016784668,33.02000045776367,3981000
2026-05-08,33.810001373291016,35.34000015258789,33.810001373291016,35.0,4213300
2026-05-11,35.5,36.5099983215332,34.88999938964844,34.900001525878906,3647900
2026-05-12,34.97999954223633,36.369998931884766,34.650001525878906,36.0,5716800
2026-05-13,36.279998779296875,37.4900016784668,35.90999984741211,37.220001220703125,5430300
2026-05-14,37.189998626708984,37.29999923706055,36.38999938964844,37.0,4819000
2026-05-15,35.599998474121094,35.900001525878906,34.70000076293945,34.84000015258789,3268000
2026-05-19,34.31999969482422,34.529998779296875,33.11000061035156,34.0,2585900
2026-05-20,34.63999938964844,36.27000045776367,33.790000915527344,35.560001373291016,2838400
2026-05-21,35.119998931884766,36.560001373291016,34.7599983215332,36.27000045776367,4843700
2026-05-22,36.77000045776367,37.16999816894531,36.209999084472656,36.72999954223633,1902100
2026-05-25,37.540000915527344,39.880001068115234,37.529998779296875,39.79999923706055,1562000
2026-05-26,38.93000030517578,39.58000183105469,38.130001068115234,39.08000183105469,3177300
2026-05-27,38.66999816894531,40.189998626708984,38.65999984741211,39.709999084472656,3816100
2026-05-28,39.31999969482422,41.58000183105469,38.939998626708984,41.4900016784668,4036500
2026-05-29,41.70000076293945,42.81999969482422,41.689998626708984,42.439998626708984,7229300
2026-06-01,42.0,43.650001525878906,41.189998626708984,43.52000045776367,3193900
2026-06-02,43.7400016784668,46.22999954223633,43.7400016784668,46.130001068115234,4958700
2026-06-03,45.91999816894531,46.310001373291016,44.86000061035156,45.29999923706055,3122700
2026-06-04,45.119998931884766,46.189998626708984,44.720001220703125,45.7599983215332,2773700
2026-06-05,44.209999084472656,44.36000061035156,39.9900016784668,40.02000045776367,3250400
2026-06-08,40.97999954223633,41.7599983215332,40.439998626708984,40.4900016784668,2475800
2026-06-09,41.34000015258789,42.15999984741211,39.290000915527344,40.59000015258789,2590300
2026-06-10,39.95000076293945,40.560001373291016,39.130001068115234,39.720001220703125,2509400
2026-06-11,40.09000015258789,42.61000061035156,40.09000015258789,42.220001220703125,2937700
2026-06-12,43.0,44.13999938964844,42.68000030517578,43.38999938964844,2152900
2026-06-15,45.0,46.36000061035156,44.75,45.68000030517578,4712100
2026-06-16,45.529998779296875,45.97999954223633,44.43000030517578,45.119998931884766,3361700
2026-06-17,45.099998474121094,45.63999938964844,44.15999984741211,44.380001068115234,2361400
2026-06-18,44.7400016784668,44.7599983215332,43.209999084472656,43.310001373291016,3300900
2026-06-19,42.68000030517578,43.560001373291016,41.970001220703125,43.0099983215332,3351100
2026-06-22,43.06999969482422,43.20000076293945,41.29999923706055,41.939998626708984,5425200
2026-06-23,40.0,40.20000076293945,38.4900016784668,39.029998779296875,3335100
2026-06-24,37.720001220703125,38.029998779296875,36.13999938964844,36.75,2867200
2026-06-25,37.79999923706055,38.2400016784668,36.72999954223633,37.439998626708984,4680600
2026-06-26,37.13999938964844,38.13999938964844,36.79999923706055,37.29999923706055,2439400
2026-06-29,37.27000045776367,37.54999923706055,36.65999984741211,37.130001068115234,3633900
2026-06-30,37.529998779296875,38.869998931884766,37.5,38.7400016784668,2627300
2026-07-02,39.02000045776367,40.209999084472656,38.29999923706055,39.349998474121094,5015900
2026-07-03,39.70000076293945,40.02000045776367,39.599998474121094,39.79999923706055,660600
2026-07-06,39.619998931884766,39.779998779296875,38.63999938964844,38.790000915527344,1587300
2026-07-07,38.09000015258789,38.13999938964844,36.11000061035156,36.63999938964844,2822600
2026-07-08,35.75,37.400001525878906,35.41999816894531,37.099998474121094,4409700
2026-07-09,38.0099983215332,39.52000045776367,37.31999969482422,39.11000061035156,2462200
2026-07-10,38.88999938964844,39.529998779296875,38.689998626708984,39.2599983215332,1723700
2026-07-13,38.7400016784668,39.31999969482422,35.619998931884766,35.970001220703125,3607100
2026-07-14,37.36000061035156,39.380001068115234,37.36000061035156,38.939998626708984,3024600
2026-07-15,38.9900016784668,39.540000915527344,37.75,38.43000030517578,2009100
2026-07-16,37.720001220703125,37.93000030517578,37.06999969482422,37.38999938964844,1661600
2026-07-17,36.0,37.11000061035156,35.349998474121094,36.790000915527344,2376400
