date,open,high,low,close,volume
2015-01-05,14.15,15.94,14.15,15.94,1247142.29
2015-01-06,16.11,16.31,15.0,15.22,1066281.14
2015-01-07,15.11,16.06,14.98,15.39,660412.92
2015-01-08,15.29,15.55,14.48,14.71,521479.91
2015-01-09,14.61,15.06,14.37,14.39,445966.15
2015-01-12,14.16,14.18,13.55,13.75,405586.64
2015-01-13,13.6,13.93,13.26,13.45,311479.79
2015-01-14,13.25,13.42,12.74,12.92,476893.5
2015-01-15,12.67,13.17,12.18,13.16,547688.65
2015-01-16,13.08,13.59,12.98,13.27,409865.54
2015-01-19,12.61,13.21,11.87,12.08,487451.05
2015-01-20,12.05,12.58,12.05,12.5,294264.74
2015-01-21,12.57,13.31,12.47,13.23,413756.62
2015-01-22,13.36,14.43,13.36,13.95,690790.83
2015-01-23,14.46,14.66,13.6,13.68,482881.49
2015-01-26,13.68,14.25,13.41,13.95,340788.77
2015-01-27,14.01,14.3,13.59,14.0,356677.39
2015-01-28,13.67,13.86,13.56,13.65,226101.0
2015-01-29,13.4,13.61,13.16,13.2,278286.44
2015-01-30,13.24,13.61,13.19,13.23,187690.44
2015-02-02,13.06,13.54,12.85,13.25,188607.29
2015-02-03,13.44,13.59,13.16,13.56,167381.11
2015-02-04,14.08,14.25,13.66,13.69,328306.6
2015-02-05,14.16,14.21,13.07,13.12,288163.44
2015-02-06,13.0,13.18,12.24,12.88,275003.39
2015-02-09,12.72,12.92,12.55,12.85,139191.46
2015-02-10,12.78,13.05,12.75,13.0,151742.44
2015-02-11,12.94,13.04,12.76,12.79,116362.49
2015-02-12,12.81,12.85,12.44,12.64,155862.13
2015-02-13,12.83,13.36,12.8,13.01,284768.0
2015-02-16,13.04,13.21,12.98,13.11,135513.63
2015-02-17,13.11,13.34,13.11,13.28,143072.09
2015-02-25,13.35,13.35,12.93,12.98,146831.54
2015-02-26,12.96,13.89,12.92,13.85,344534.63
2015-02-27,14.06,14.06,13.55,13.73,253540.9
2015-03-02,13.98,14.74,13.98,14.38,497157.13
2015-03-03,14.24,14.93,13.95,14.32,580743.54
2015-03-04,14.21,14.46,13.96,14.11,290114.0
2015-03-05,14.01,14.04,13.67,13.97,254226.26
2015-03-06,13.92,14.73,13.85,14.38,477536.6
2015-03-09,14.11,14.27,13.7,14.25,280799.64
2015-03-10,14.26,14.58,14.11,14.14,266226.86
2015-03-11,14.04,14.23,13.77,13.96,203029.9
2015-03-12,14.15,14.25,13.87,14.24,248095.09
2015-03-13,14.28,14.73,14.24,14.42,397424.5
2015-03-16,14.48,15.01,14.28,14.98,465998.89
2015-03-17,15.26,15.45,14.76,15.12,576211.09
2015-03-18,15.13,15.46,14.91,15.45,572266.84
2015-03-19,15.56,16.12,15.18,15.39,642899.03
2015-03-20,15.4,15.61,15.09,15.28,469702.07
2015-03-23,16.46,16.86,15.84,16.04,825399.47
2015-03-24,16.27,17.53,15.78,17.51,1130417.48
2015-03-25,17.04,17.51,16.69,16.93,633131.74
2015-03-26,16.66,16.95,16.16,16.45,546139.75
2015-03-27,16.61,17.27,16.37,16.77,552080.62
2015-03-30,16.65,17.25,16.41,17.12,616363.83
2015-03-31,17.18,17.4,16.46,16.54,562803.1
2015-04-01,16.44,16.86,16.28,16.68,436589.55
2015-04-02,16.77,17.75,16.48,17.71,990168.69
2015-04-03,17.44,18.48,17.27,17.72,857271.4
2015-04-07,18.03,18.71,17.82,18.39,800744.48
2015-04-08,18.41,18.53,17.57,17.81,617128.91
2015-04-09,17.84,18.02,16.88,17.45,548238.25
2015-04-10,17.26,17.81,17.07,17.6,420661.86
2015-04-13,17.67,17.76,17.26,17.56,596057.44
2015-04-14,17.47,17.47,17.01,17.12,545262.3
2015-04-15,17.06,17.11,16.29,16.72,545132.28
2015-04-16,16.5,17.15,16.36,16.99,462397.15
2015-04-17,17.36,18.27,17.26,17.97,1147160.46
2015-04-20,18.02,18.8,17.46,17.64,1268797.88
2015-04-21,17.36,17.83,16.81,17.73,948093.1
2015-04-22,17.72,18.63,17.72,18.36,1067522.77
2015-04-23,18.25,20.27,18.2,19.92,1667618.38
2015-04-24,19.45,20.04,19.16,19.52,957514.11
2015-04-27,19.61,20.15,19.17,19.8,906490.1
2015-04-28,19.79,19.79,18.45,18.76,927140.34
2015-04-29,18.84,20.01,18.84,19.46,864540.42
2015-04-30,19.66,19.81,18.71,18.75,528533.9
2015-05-04,19.36,19.96,19.06,19.25,675769.67
2015-05-05,18.96,19.31,17.73,17.8,646800.77
2015-05-06,17.96,18.95,17.76,18.05,693642.16
2015-05-07,17.6,18.66,17.48,17.66,441529.34
2015-05-08,17.91,18.36,17.46,18.03,399596.12
2015-05-11,18.48,18.76,18.14,18.65,583949.61
2015-05-12,18.65,18.76,18.19,18.64,503151.63
2015-05-13,18.69,19.15,18.48,18.88,692105.63
2015-05-14,18.94,19.33,18.35,19.26,781608.21
2015-05-15,19.05,19.96,18.62,18.65,743756.89
2015-05-18,18.24,18.86,17.67,17.99,499979.24
2015-05-19,17.74,18.85,17.74,18.77,549250.96
2015-05-20,18.51,19.02,18.35,18.46,620465.53
2015-05-21,18.44,18.54,18.07,18.39,486171.65
2015-05-22,18.49,19.28,18.49,19.22,794925.41
2015-05-25,19.14,19.76,18.96,19.74,926058.4
2015-05-26,19.86,20.21,19.25,20.1,1049962.43
2015-05-27,20.16,22.05,19.54,21.35,1443203.88
2015-05-28,20.66,22.66,19.55,19.77,1651363.1
2015-05-29,20.25,21.16,18.77,20.52,1241586.1
2015-06-01,20.56,22.32,20.1,22.06,1176446.56
2015-06-02,22.03,22.32,21.42,22.1,910718.58
2015-06-03,22.16,22.27,20.96,21.31,688414.92
2015-06-04,21.25,22.01,19.38,21.77,874591.75
2015-06-05,21.86,24.26,21.86,23.84,1774639.32
2015-06-08,24.16,25.64,24.08,24.17,1425848.21
2015-06-09,24.46,25.32,23.19,24.6,934830.77
2015-06-10,24.26,25.26,23.76,24.55,734661.83
2015-06-11,24.52,24.76,23.56,23.91,717038.37
2015-06-12,23.85,24.32,23.52,23.77,671609.19
2015-06-15,23.84,24.32,23.18,23.39,648608.42
2015-06-16,22.86,22.86,21.79,21.9,575159.53
2015-06-17,21.9,23.24,21.38,23.17,628101.97
2015-06-18,23.16,23.81,21.76,21.82,497938.65
2015-06-19,21.45,22.16,19.87,20.05,508502.57
2015-06-23,20.04,20.97,18.67,20.95,485672.58
2015-06-24,21.08,22.3,20.68,22.04,692064.75
2015-06-25,21.86,22.34,20.35,20.48,535711.67
2015-06-26,19.66,20.05,18.0,18.0,563851.69
2015-06-29,18.72,18.89,15.77,15.78,801660.55
2015-06-30,15.31,17.19,13.97,17.17,783982.25
2015-07-01,17.04,17.61,15.02,15.02,639419.37
2015-07-02,15.26,15.51,13.08,13.08,838640.03
2015-07-03,12.67,13.78,11.34,12.87,960759.35
2015-07-06,14.51,14.51,11.33,12.52,890350.56
2015-07-07,11.78,11.93,10.83,10.87,1247994.97
2015-07-08,9.35,9.63,9.35,9.35,490596.71
2015-07-09,9.35,10.72,8.59,10.72,824265.12
2015-07-10,11.01,12.23,10.82,12.23,744120.86
2015-07-13,12.71,13.89,12.47,13.89,1173795.88
2015-07-14,13.36,14.24,12.52,12.85,932589.08
2015-07-15,12.37,12.54,11.13,11.13,673884.15
2015-07-16,11.13,11.92,10.29,11.56,499786.53
2015-07-17,11.76,12.77,11.51,12.46,476225.44
2015-07-20,12.39,12.99,12.06,12.5,523197.17
2015-07-21,12.17,12.76,12.07,12.55,457089.52
2015-07-22,12.56,13.01,12.15,12.63,550756.13
2015-07-23,12.64,13.34,12.31,13.25,750000.47
2015-07-24,13.15,13.93,12.72,12.86,990009.0
2015-07-27,12.26,12.64,11.16,11.16,684718.69
2015-07-28,10.45,11.16,9.64,10.58,711233.17
2015-07-29,10.89,11.54,10.56,11.48,479774.27
2015-07-30,11.44,11.82,10.86,10.9,385983.07
2015-07-31,10.67,11.41,10.59,11.35,329121.7
2015-08-03,10.9,11.83,10.9,11.8,434141.04
2015-08-04,11.8,12.46,11.61,12.36,380518.51
2015-08-05,12.34,12.46,11.72,11.8,297539.47
2015-08-06,11.47,11.77,11.36,11.54,218352.1
2015-08-07,11.67,12.13,11.62,11.9,297567.89
2015-08-10,12.02,13.08,11.97,12.9,489321.12
2015-08-11,13.16,14.04,13.16,13.55,771836.65
2015-08-12,13.14,13.86,12.75,13.17,536132.51
2015-08-13,13.3,13.97,13.2,13.91,609269.49
2015-08-14,13.85,14.11,13.17,13.38,530290.51
2015-08-17,13.33,13.81,12.99,13.78,422716.34
2015-08-18,13.86,13.94,11.99,11.99,558590.53
2015-08-19,11.66,12.84,11.0,12.66,363585.38
2015-08-20,12.44,13.34,12.34,12.43,366469.08
2015-08-21,12.34,12.72,11.27,11.59,297651.05
2015-08-24,10.86,11.21,10.02,10.02,360156.76
2015-08-25,8.77,9.09,8.6,8.6,489339.89
2015-08-26,8.74,9.06,7.37,7.77,586325.41
2015-08-27,8.11,8.4,7.76,8.38,344002.29
2015-08-28,8.85,9.63,8.71,9.63,706382.91
2015-08-31,9.53,9.55,8.83,9.49,453518.89
2015-09-01,9.26,9.78,8.66,9.69,489222.18
2015-09-02,8.97,10.22,8.73,9.96,698495.14
2015-09-07,9.82,10.56,9.37,9.42,275968.95
2015-09-08,9.33,10.05,9.01,9.99,177598.88
2015-09-09,10.46,10.88,10.43,10.79,396690.84
2015-09-10,10.35,10.69,10.18,10.26,259158.22
2015-09-11,10.41,10.62,10.02,10.26,166771.0
2015-09-14,10.39,10.5,8.82,9.62,352798.96
2015-09-15,9.36,9.54,8.46,8.73,182017.08
2015-09-16,8.88,10.02,8.73,9.8,221472.33
2015-09-17,10.21,10.54,9.87,9.95,391686.85
2015-09-18,10.15,10.22,9.56,9.76,229220.52
2015-09-21,9.38,10.02,9.3,10.01,218604.24
2015-09-22,9.98,10.44,9.78,10.07,275335.95
2015-09-23,9.62,9.74,9.32,9.49,226663.34
2015-09-24,9.5,9.66,9.3,9.57,145847.14
2015-09-25,9.56,9.56,9.02,9.13,182295.82
2015-09-28,9.13,9.24,8.92,9.15,105733.08
2015-09-29,8.86,8.91,8.58,8.69,179685.65
2015-09-30,8.78,9.0,8.73,8.85,115958.75
2015-10-08,9.44,9.74,9.37,9.42,234896.07
2015-10-09,9.47,10.13,9.44,9.93,290948.65
2015-10-12,10.21,10.67,10.1,10.54,369328.37
2015-10-13,10.29,10.46,10.09,10.35,232442.37
2015-10-14,10.29,10.72,10.13,10.14,238174.97
2015-10-15,10.21,10.48,10.15,10.47,224724.05
2015-10-16,10.51,10.59,10.31,10.51,320031.2
2015-10-19,10.51,11.28,10.3,10.87,474563.55
2015-10-20,10.59,10.73,10.39,10.67,290138.85
2015-10-21,10.66,10.76,9.26,9.52,340649.27
2015-10-22,9.64,10.04,9.39,9.95,233914.09
2015-10-23,9.98,10.31,9.94,10.28,273484.27
2015-10-26,10.66,10.66,10.26,10.34,262091.2
2015-10-27,10.23,10.26,9.72,10.19,225581.76
2015-10-28,10.06,10.51,10.0,10.19,253078.27
2015-10-29,10.1,10.37,10.07,10.21,174235.54
2015-10-30,10.1,10.15,9.77,9.92,180567.29
2015-11-02,9.76,9.96,9.66,9.71,136779.76
2015-11-03,9.77,9.91,9.68,9.77,106181.25
2015-11-04,9.85,10.44,9.82,10.43,290067.22
2015-11-05,10.49,11.33,10.42,10.83,590453.24
2015-11-06,10.71,11.37,10.64,11.2,451399.02
2015-11-09,10.94,11.5,10.81,11.27,456679.99
2015-11-10,11.16,12.71,11.03,12.55,759737.65
2015-11-11,12.15,12.26,11.67,11.87,496344.33
2015-11-12,11.85,12.36,11.62,11.77,403572.6
2015-11-13,11.41,11.42,10.88,10.98,408908.21
2015-11-16,10.75,11.31,10.67,11.24,226097.53
2015-11-17,11.26,11.55,11.02,11.03,291900.05
2015-11-18,10.99,11.31,10.86,10.91,177705.09
2015-11-19,10.98,11.25,10.98,11.24,155938.14
2015-11-20,11.26,11.54,11.16,11.34,244608.79
2015-11-23,11.34,12.06,11.1,11.45,408485.48
2015-11-24,11.35,11.37,10.97,11.23,217857.33
2015-11-25,11.5,11.71,11.4,11.53,318506.85
2015-11-26,11.54,12.54,11.33,11.94,587298.47
2015-11-27,11.82,11.85,10.47,10.73,362676.12
2015-11-30,10.71,10.86,9.78,10.4,274976.92
2015-12-01,10.35,10.72,10.14,10.64,169779.16
2015-12-02,10.72,11.32,10.64,11.19,269374.29
2015-12-03,10.99,11.23,10.9,11.15,200243.51
2015-12-04,11.03,11.15,10.63,10.7,201102.33
2015-12-07,10.87,10.99,10.75,10.85,143552.6
2015-12-08,10.62,10.66,10.23,10.36,183542.6
2015-12-09,10.28,10.56,10.22,10.34,121497.25
2015-12-10,10.33,10.74,10.28,10.44,203415.76
2015-12-11,10.36,11.8,10.28,11.27,442376.92
2015-12-14,10.97,12.81,10.96,12.25,727391.14
2015-12-15,12.16,12.16,11.6,11.76,395224.75
2015-12-16,11.67,12.66,11.67,12.29,489969.4
2015-12-17,12.41,12.84,12.14,12.47,550968.75
2015-12-18,12.26,13.06,11.86,12.59,602376.74
2015-12-21,12.64,12.95,12.34,12.71,454995.4
2015-12-22,12.74,13.38,12.64,12.95,442792.23
2015-12-23,12.76,13.21,12.45,12.48,357113.99
2015-12-24,12.56,12.84,12.06,12.34,259536.92
2015-12-25,12.39,12.51,12.17,12.45,155176.36
2015-12-28,12.47,12.48,11.56,11.62,284734.48
2015-12-29,11.62,11.81,11.45,11.78,165915.74
2015-12-30,11.95,12.02,11.56,11.77,161110.23
2015-12-31,11.78,12.0,11.59,11.6,166633.01
2016-01-04,11.57,11.63,10.14,10.19,173380.93
2016-01-05,9.77,10.52,9.54,10.06,285821.19
2016-01-06,10.23,11.14,9.97,10.85,324366.95
2016-01-07,10.58,10.63,9.36,9.39,90045.56
2016-01-08,9.86,10.56,9.36,10.35,315439.43
2016-01-11,10.16,10.42,9.26,9.31,305733.51
2016-01-12,9.41,9.65,9.1,9.37,191107.62
2016-01-13,9.42,9.72,9.12,9.17,188770.17
2016-01-14,8.86,9.49,8.77,9.46,204565.46
2016-01-15,9.45,9.45,8.4,8.77,223034.14
2016-01-18,8.46,9.24,8.46,8.86,185746.85
2016-01-19,8.91,9.4,8.86,9.31,153495.32
2016-01-20,9.17,9.51,9.07,9.33,195222.87
2016-01-21,9.17,9.44,8.79,8.81,166774.71
2016-01-22,8.96,9.23,8.81,9.09,117008.77
2016-01-25,9.21,9.46,9.17,9.32,131360.82
2016-01-26,9.19,9.24,8.16,8.33,183980.61
2016-01-27,8.55,8.81,8.06,8.63,161561.08
2016-01-28,8.55,8.76,7.86,7.95,188909.08
2016-01-29,7.66,8.44,7.66,8.27,146938.64
2016-02-01,8.1,8.28,7.72,7.95,101992.75
2016-02-02,7.99,8.28,7.99,8.24,97935.57
2016-02-03,8.09,8.25,7.88,8.19,84325.33
2016-02-04,8.49,9.12,8.49,8.9,243440.48
2016-02-05,8.91,9.11,8.71,8.73,164951.66
2016-02-15,8.46,9.6,8.41,9.31,281030.08
2016-02-26,8.82,9.16,8.23,8.87,303459.64
2016-02-29,8.81,8.81,7.66,8.4,262346.7
2016-03-01,8.44,9.31,8.26,9.27,333448.41
2016-03-02,9.21,10.61,9.16,10.61,535924.51
2016-03-03,11.01,11.74,10.52,10.55,653524.38
2016-03-04,10.97,11.46,10.31,10.98,570355.86
2016-03-07,11.74,12.49,11.18,11.82,665709.24
2016-03-08,11.76,11.76,11.09,11.54,500652.3
2016-03-09,10.56,10.66,10.06,10.4,440853.03
2016-03-10,10.44,10.57,9.67,9.78,305438.18
2016-03-11,9.77,10.38,9.66,10.26,310686.69
2016-03-14,10.14,10.96,9.92,10.43,425231.21
2016-03-15,10.16,10.25,9.76,9.96,253047.38
2016-03-16,9.96,10.13,9.73,10.04,233682.52
2016-03-17,10.29,10.57,10.04,10.4,286401.11
2016-03-18,10.74,11.33,10.69,10.87,482933.03
2016-03-21,10.81,11.19,10.55,11.07,454105.27
2016-03-22,10.83,11.1,10.67,10.79,308499.75
2016-03-23,10.71,10.96,10.51,10.84,277716.82
2016-03-24,10.36,10.36,9.96,9.99,385718.9
2016-03-25,9.99,10.08,9.59,9.95,243733.14
2016-03-28,10.03,10.21,9.78,9.83,204785.14
2016-03-29,9.83,9.96,9.56,9.66,182009.38
2016-03-30,9.82,10.05,9.82,10.01,198982.71
2016-03-31,10.01,10.09,9.76,10.02,229295.02
2016-04-01,9.96,10.26,9.86,10.23,270785.05
2016-04-05,10.02,10.33,9.96,10.31,222688.4
2016-04-06,10.27,10.43,10.04,10.19,200227.41
2016-04-07,10.2,10.27,9.86,9.9,198292.1
2016-04-08,9.61,9.7,9.32,9.47,293317.88
2016-04-11,9.5,9.89,9.5,9.74,241374.46
2016-04-12,9.75,9.87,9.58,9.86,182985.43
2016-04-13,10.26,11.26,10.26,11.03,1107850.49
2016-04-14,11.01,11.03,10.46,10.61,607323.85
2016-04-15,10.64,10.71,10.34,10.52,284209.79
2016-04-18,10.36,10.42,10.05,10.07,260961.16
2016-04-19,10.26,10.39,10.04,10.2,235436.17
2016-04-20,10.62,10.69,9.59,9.89,412192.32
2016-04-21,9.94,10.71,9.93,10.34,489978.62
2016-04-22,9.98,10.06,9.74,10.03,261117.48
2016-04-25,9.95,10.33,9.66,10.25,259784.73
2016-04-26,10.07,10.21,9.77,10.05,215124.21
2016-04-27,10.01,10.05,9.8,9.87,172622.97
2016-04-28,9.83,9.91,9.51,9.69,175940.47
2016-04-29,9.71,9.92,9.71,9.79,133055.55
2016-05-03,9.94,10.1,9.81,10.08,274753.14
2016-05-04,9.86,10.01,9.83,9.89,189372.77
2016-05-05,9.87,10.01,9.79,9.93,152749.26
2016-05-06,9.87,9.94,9.39,9.42,255883.05
2016-05-09,9.27,9.34,8.78,8.91,199965.34
2016-05-10,8.77,8.96,8.74,8.86,107033.45
2016-05-11,8.96,9.01,8.74,8.87,92553.23
2016-05-12,8.74,8.89,8.44,8.88,140286.27
2016-05-13,8.67,8.88,8.62,8.8,99718.99
2016-05-16,8.78,8.99,8.65,8.99,113897.85
2016-05-17,8.99,9.16,8.9,8.98,144721.21
2016-05-18,8.86,8.88,8.57,8.71,132276.52
2016-05-19,8.78,8.99,8.75,8.83,135703.0
2016-05-20,8.7,8.91,8.66,8.89,105244.45
2016-05-23,8.86,8.97,8.8,8.9,97929.54
2016-05-24,8.87,8.87,8.64,8.74,99031.54
2016-05-25,8.83,8.9,8.66,8.7,72382.61
2016-05-26,8.76,8.87,8.51,8.85,153513.15
2016-05-27,8.76,8.81,8.68,8.71,89051.24
2016-05-30,8.67,8.81,8.57,8.63,62275.39
2016-05-31,8.67,9.21,8.67,9.19,235337.69
2016-06-01,9.12,9.5,9.05,9.24,275377.99
2016-06-02,9.2,9.41,9.11,9.24,176150.0
2016-06-03,9.24,9.28,9.08,9.25,148767.81
2016-06-06,9.41,9.5,9.21,9.28,166176.18
2016-06-07,9.3,9.36,9.19,9.22,126283.67
2016-06-08,9.14,9.14,8.89,8.98,168094.68
2016-06-13,8.86,8.9,8.62,8.63,169143.29
2016-06-14,8.64,8.76,8.57,8.74,78541.27
2016-06-15,8.63,9.0,8.58,8.97,144677.75
2016-06-16,9.13,9.33,9.03,9.17,292083.32
2016-06-17,9.05,9.4,9.01,9.2,241742.53
2016-06-20,9.17,9.24,8.89,9.0,130961.85
2016-06-21,9.16,9.18,8.79,8.85,157715.69
2016-06-22,8.87,9.14,8.78,9.09,134981.81
2016-06-23,9.05,9.05,8.86,8.99,107784.05
2016-06-24,8.99,9.13,8.66,8.87,186536.57
2016-06-27,8.85,9.12,8.77,9.11,191274.25
2016-06-28,9.02,9.34,8.96,9.28,276937.64
2016-06-29,9.41,9.5,9.24,9.31,259868.11
2016-06-30,9.35,9.44,9.28,9.34,162000.55
2016-07-01,9.34,9.51,9.26,9.36,204399.96
2016-07-04,9.4,10.71,9.4,10.64,1046356.13
2016-07-05,10.35,10.42,10.03,10.31,537089.39
2016-07-06,10.09,10.8,10.05,10.41,623041.69
2016-07-07,10.36,11.11,10.29,10.67,679296.52
2016-07-08,10.29,10.64,10.25,10.35,307061.88
2016-07-11,10.5,11.71,10.49,11.11,680761.02
2016-07-12,11.26,12.06,11.13,11.5,615732.79
2016-07-13,11.87,12.81,11.58,12.48,830914.25
2016-07-14,12.25,12.29,11.75,12.08,545497.11
2016-07-15,11.92,12.22,11.8,11.97,370754.26
2016-07-18,11.79,11.84,11.42,11.53,418929.26
2016-07-19,11.66,11.91,11.3,11.72,380286.75
2016-07-20,11.81,11.82,11.17,11.22,370719.89
2016-07-21,11.11,11.53,11.1,11.46,323971.7
2016-07-22,11.44,11.44,11.05,11.13,271093.77
2016-07-25,11.06,11.24,10.94,11.18,163163.28
2016-07-26,11.09,11.38,11.08,11.37,219272.7
2016-07-27,11.41,11.42,10.24,10.44,440805.44
2016-07-28,10.44,10.66,10.28,10.6,264012.14
2016-07-29,10.61,10.71,10.32,10.35,180125.71
2016-08-01,10.41,10.69,10.29,10.67,224053.76
2016-08-02,10.44,10.68,10.38,10.62,133160.24
2016-08-03,10.63,10.74,10.46,10.54,171701.36
2016-08-04,10.57,10.62,10.34,10.56,150024.66
2016-08-05,10.53,10.61,10.38,10.48,138191.3
2016-08-08,10.34,10.84,10.24,10.82,258872.75
2016-08-09,10.75,10.85,10.69,10.81,170866.7
2016-08-10,10.8,11.31,10.75,11.04,281889.76
2016-08-11,10.92,11.2,10.87,10.88,221247.3
2016-08-12,10.91,11.04,10.57,11.01,185483.14
2016-08-15,10.94,11.35,10.79,11.28,289814.81
2016-08-16,11.27,11.35,11.11,11.26,262835.89
2016-08-17,11.18,11.22,10.98,11.12,194228.92
2016-08-18,11.11,11.19,10.99,11.17,171409.55
2016-08-19,11.09,11.15,10.91,11.05,140349.66
2016-08-22,11.05,11.08,10.62,10.63,171101.42
2016-08-23,10.64,10.74,10.54,10.67,111554.93
2016-08-24,10.58,10.72,10.58,10.63,96201.28
2016-08-25,10.48,10.57,10.36,10.56,136947.47
2016-08-26,10.61,10.71,10.52,10.54,117200.58
2016-08-29,10.53,10.56,10.37,10.47,107502.52
2016-08-30,10.49,10.58,10.44,10.49,98383.15
2016-08-31,10.51,10.54,10.34,10.47,111679.03
2016-09-01,10.49,10.56,10.42,10.43,113733.61
2016-09-02,10.44,10.51,10.24,10.31,123048.18
2016-09-05,10.34,10.66,10.32,10.53,184259.44
2016-09-06,10.48,10.6,10.28,10.58,134557.18
2016-09-07,10.61,10.7,10.56,10.57,176323.12
2016-09-08,10.53,10.57,10.45,10.5,97923.35
2016-09-09,10.53,10.57,10.36,10.37,110461.44
2016-09-12,10.11,10.13,9.66,9.79,209133.97
2016-09-13,9.92,9.93,9.73,9.8,85060.82
2016-09-14,9.74,9.86,9.67,9.81,70836.78
2016-09-19,9.9,10.03,9.89,9.94,79976.77
2016-09-20,9.91,9.96,9.83,9.9,45845.16
2016-09-21,9.87,10.11,9.87,9.96,76260.37
2016-09-22,10.07,10.11,9.98,10.01,81327.39
2016-09-23,10.09,10.18,9.99,10.03,93284.23
2016-09-26,10.05,10.05,9.74,9.8,115679.38
2016-09-27,9.76,9.89,9.72,9.89,69494.56
2016-09-28,9.89,9.89,9.77,9.81,51528.53
2016-09-29,9.86,10.02,9.86,9.91,101051.07
2016-09-30,9.86,9.98,9.82,9.9,78090.64
2016-10-10,9.94,10.08,9.91,10.08,107895.53
2016-10-11,10.16,10.2,10.06,10.16,121908.45
2016-10-12,10.09,10.09,10.0,10.05,77649.82
2016-10-13,10.04,10.15,10.01,10.06,74270.02
2016-10-14,9.97,10.0,9.85,9.98,92712.7
2016-10-17,10.02,10.13,9.91,9.95,124058.43
2016-10-18,9.93,10.15,9.89,10.14,148184.59
2016-10-19,10.2,10.58,10.2,10.29,269030.57
2016-10-20,10.21,10.29,10.17,10.25,99709.95
2016-10-21,10.26,10.46,10.16,10.33,168509.94
2016-10-24,10.36,10.64,10.28,10.58,253549.93
2016-10-25,10.65,10.82,10.48,10.81,256470.26
2016-10-26,10.8,10.94,10.58,10.61,246285.49
2016-10-27,10.61,10.68,10.53,10.58,124627.3
2016-10-28,10.66,10.68,10.31,10.43,143689.98
2016-10-31,10.55,10.62,10.4,10.57,149879.37
2016-11-01,10.6,10.81,10.52,10.72,201031.06
2016-11-02,10.77,10.79,10.46,10.53,222872.44
2016-11-03,10.46,10.81,10.35,10.77,202121.18
2016-11-04,10.92,11.02,10.65,10.67,240138.7
2016-11-07,10.73,11.93,10.63,11.66,758310.67
2016-11-08,11.56,11.72,11.42,11.48,449240.36
2016-11-09,11.85,12.14,11.51,11.92,751000.63
2016-11-10,13.08,13.52,13.07,13.51,2147991.97
2016-11-11,13.52,15.27,13.37,15.27,1540289.32
2016-11-14,15.29,17.13,15.28,16.42,2090180.39
2016-11-15,15.97,16.46,15.22,15.38,1334278.26
2016-11-16,15.38,16.41,15.21,16.08,1269883.42
2016-11-17,15.51,16.28,15.28,16.09,850401.81
2016-11-18,16.15,17.14,15.34,16.88,1099990.88
2016-11-21,16.34,18.52,16.24,16.85,1251140.93
2016-11-22,17.1,18.27,16.58,16.96,1657871.51
2016-11-23,16.58,16.86,16.17,16.32,768860.51
2016-11-24,16.96,18.0,16.66,16.89,1322813.9
2016-11-25,16.96,17.04,15.77,16.63,746348.79
2016-11-28,16.65,17.76,16.36,17.16,1082989.36
2016-11-29,16.67,16.71,15.9,16.01,868040.48
2016-11-30,15.41,15.81,14.79,15.07,866777.19
2016-12-01,15.36,15.55,15.17,15.27,505227.43
2016-12-02,15.16,15.2,14.41,14.81,486306.69
2016-12-05,14.49,15.4,14.49,15.07,471642.53
2016-12-06,15.47,15.47,14.31,14.38,624976.12
2016-12-07,14.42,15.22,14.28,15.05,563086.93
2016-12-08,14.76,15.29,14.61,14.94,524390.45
2016-12-09,14.68,15.24,14.67,15.22,382101.55
2016-12-12,15.36,15.51,13.81,13.88,538310.46
2016-12-13,13.66,13.9,13.31,13.85,492216.59
2016-12-14,13.63,13.86,13.18,13.76,393852.09
2016-12-15,13.87,14.21,13.61,13.87,355791.26
2016-12-16,13.76,13.81,13.25,13.45,441021.29
2016-12-19,13.27,13.61,13.08,13.22,345999.69
2016-12-20,13.05,13.36,12.89,13.33,460779.62
2016-12-21,13.42,13.48,13.18,13.43,354875.47
2016-12-22,13.31,13.43,13.0,13.28,264962.55
2016-12-23,13.39,13.44,12.86,13.07,309907.57
2016-12-26,12.76,13.07,12.34,13.02,426852.34
2016-12-27,12.92,13.28,12.86,13.11,345465.72
2016-12-28,13.31,13.54,13.12,13.27,438042.33
2016-12-29,13.12,13.31,12.86,13.24,283999.39
2016-12-30,13.2,13.32,12.65,12.69,328702.3
2017-01-03,12.96,13.21,12.79,13.04,337702.28
2017-01-04,12.91,13.34,12.76,13.31,438912.55
2017-01-05,13.56,14.2,13.5,13.91,769557.16
2017-01-06,13.68,13.93,13.61,13.83,345146.76
2017-01-09,13.85,14.01,13.67,13.95,264601.35
2017-01-10,13.89,14.41,13.67,14.07,543935.78
2017-01-11,14.36,14.78,14.02,14.04,715092.34
2017-01-12,13.99,14.1,13.43,13.63,369601.6
2017-01-13,13.86,14.16,13.36,13.51,356743.06
2017-01-16,13.54,14.21,12.71,13.87,524834.31
2017-01-17,13.6,13.74,13.02,13.57,321881.87
2017-01-18,13.36,13.84,13.22,13.65,274754.43
2017-01-19,13.54,13.64,13.26,13.41,213300.74
2017-01-20,13.33,13.52,13.12,13.22,265295.8
2017-01-23,13.31,14.75,13.27,14.21,624038.27
2017-01-24,14.06,14.46,13.98,14.36,414481.15
2017-01-25,14.76,15.25,14.58,14.85,654041.26
2017-01-26,14.84,16.74,14.81,16.74,825114.1
2017-02-03,16.36,16.46,15.76,16.03,628025.06
2017-02-06,15.79,15.88,14.98,15.58,608929.65
2017-02-07,15.43,15.79,15.21,15.68,459604.13
2017-02-08,15.53,16.1,15.33,16.07,584849.51
2017-02-09,16.0,16.27,15.64,15.73,524521.8
2017-02-10,15.56,16.52,15.49,16.23,622244.44
2017-02-13,17.96,18.2,16.75,16.94,899874.65
2017-02-14,17.09,17.83,16.77,17.45,695957.78
2017-02-15,16.91,16.96,16.31,16.33,621233.56
2017-02-16,16.36,16.81,16.07,16.25,484336.86
2017-02-17,16.06,16.14,15.68,15.87,381931.18
2017-02-20,15.76,16.19,15.73,16.17,327076.17
2017-02-21,16.36,16.45,15.89,16.06,320275.92
2017-02-22,16.12,16.32,15.91,16.01,279643.18
2017-02-23,15.95,16.12,15.52,15.68,438210.25
2017-02-24,15.06,15.06,14.7,14.96,583672.78
2017-02-27,14.85,14.98,14.67,14.78,265980.35
2017-02-28,14.82,15.08,14.78,14.88,239556.39
2017-03-01,14.94,15.64,14.71,15.43,544194.59
2017-03-02,15.43,15.44,14.96,15.08,320873.07
2017-03-03,14.66,14.69,14.33,14.62,352438.58
2017-03-06,14.59,14.82,14.46,14.65,266213.52
2017-03-07,14.51,14.62,14.4,14.58,281641.6
2017-03-08,14.45,14.66,14.28,14.64,349241.3
2017-03-09,14.4,14.41,14.11,14.22,259600.38
2017-03-10,14.22,14.36,14.17,14.27,204835.17
2017-03-13,14.3,14.91,14.26,14.89,519930.19
2017-03-14,14.95,14.95,14.68,14.74,276365.62
2017-03-15,14.74,15.06,14.72,14.94,327585.74
2017-03-16,15.24,15.4,14.99,15.09,368880.01
2017-03-17,15.1,15.1,14.51,14.56,285001.02
2017-03-20,14.64,14.69,14.14,14.3,325653.74
2017-03-21,14.16,14.22,13.81,14.03,381965.53
2017-03-22,13.76,13.91,13.59,13.74,422836.68
2017-03-23,13.85,13.91,13.58,13.89,292665.01
2017-03-24,13.74,13.88,13.39,13.79,398196.6
2017-03-27,13.62,13.65,13.44,13.51,308547.72
2017-03-28,13.58,13.68,13.54,13.62,222432.64
2017-03-29,13.79,13.91,13.67,13.78,314664.06
2017-03-30,13.72,13.72,13.0,13.07,367766.19
2017-03-31,13.16,13.29,13.09,13.21,167570.33
2017-04-05,13.36,13.71,13.31,13.66,295649.79
2017-04-06,13.78,13.92,13.69,13.75,322291.72
2017-04-07,13.67,14.23,13.55,13.81,404942.97
2017-04-10,13.68,13.76,13.53,13.58,213012.04
2017-04-11,13.53,13.53,13.11,13.49,312870.34
2017-04-12,13.41,13.62,13.23,13.37,199458.08
2017-04-13,13.14,13.51,13.11,13.44,153666.52
2017-04-14,13.44,13.44,13.16,13.19,176826.69
2017-04-17,13.26,13.37,12.96,13.17,179568.46
2017-04-18,13.16,13.26,12.76,12.77,189755.78
2017-04-19,12.61,12.61,12.12,12.16,289361.72
2017-04-20,12.16,12.27,11.84,12.05,257209.71
2017-04-21,12.12,12.27,12.07,12.23,139638.62
2017-04-24,12.18,12.21,11.74,11.75,179254.74
2017-04-25,11.78,12.04,11.78,11.84,141233.34
2017-04-26,11.91,12.26,11.91,12.1,183574.78
2017-04-27,12.01,12.29,11.78,12.24,205305.03
2017-04-28,12.17,12.51,12.13,12.38,163329.66
2017-05-02,12.48,12.61,12.26,12.33,142217.42
2017-05-03,12.27,12.4,12.12,12.17,149979.21
2017-05-04,11.8,11.9,11.64,11.7,284610.21
2017-05-05,11.61,11.61,11.05,11.2,285943.18
2017-05-08,11.21,11.36,10.98,11.11,180694.33
2017-05-09,11.04,11.32,10.98,11.24,133488.56
2017-05-10,11.23,11.28,10.75,10.77,159702.94
2017-05-11,10.65,10.75,10.09,10.65,249882.21
2017-05-12,10.61,10.79,10.49,10.66,129822.05
2017-05-15,10.72,10.86,10.68,10.79,119905.28
2017-05-16,10.78,11.12,10.56,11.11,174515.2
2017-05-17,11.09,11.19,10.98,11.05,147227.41
2017-05-18,10.86,11.05,10.77,10.82,114437.81
2017-05-19,10.81,11.07,10.79,10.93,124773.28
2017-05-22,11.09,11.38,10.95,11.01,252130.68
2017-05-23,11.04,11.05,10.58,10.86,162301.32
2017-05-24,10.66,10.83,10.49,10.7,130642.58
2017-05-25,10.71,11.31,10.66,11.2,236229.48
2017-05-26,11.16,11.31,11.12,11.18,155367.41
2017-05-31,11.21,11.42,11.02,11.06,166224.87
2017-06-01,11.05,11.05,10.74,10.76,162754.34
2017-06-02,10.76,11.01,10.68,10.96,116616.78
2017-06-05,10.95,11.12,10.93,11.05,113398.1
2017-06-06,11.05,11.16,10.94,11.15,113842.52
2017-06-07,11.17,11.52,11.09,11.47,232054.06
2017-06-08,11.42,11.51,11.26,11.46,155138.89
2017-06-09,11.62,11.67,11.39,11.53,203702.82
2017-06-12,11.63,11.64,11.24,11.27,178832.14
2017-06-13,11.18,11.93,11.18,11.82,369289.75
2017-06-14,11.71,11.77,11.56,11.74,185501.69
2017-06-15,11.67,11.81,11.59,11.73,152031.08
2017-06-16,11.66,11.87,11.5,11.63,209376.63
2017-06-19,11.56,11.8,11.51,11.78,186443.21
2017-06-20,11.85,11.88,11.66,11.71,184799.61
2017-06-21,11.74,11.74,11.51,11.64,156028.44
2017-06-22,11.69,12.01,11.66,11.68,353700.78
2017-06-23,11.63,12.13,11.6,12.11,291915.06
2017-06-26,12.18,12.41,12.04,12.4,334499.92
2017-06-27,12.34,12.44,12.1,12.37,283839.03
2017-06-28,12.32,12.8,12.29,12.62,411744.46
2017-06-29,12.79,13.04,12.67,12.76,406238.67
2017-06-30,12.71,12.98,12.64,12.82,255178.55
2017-07-03,12.76,12.9,12.52,12.89,283010.22
2017-07-04,12.73,12.8,12.38,12.44,305256.36
2017-07-05,12.44,12.89,12.41,12.87,319173.35
2017-07-06,12.73,13.14,12.66,13.01,361106.04
2017-07-07,12.88,13.62,12.82,13.55,478881.66
2017-07-10,13.46,13.88,13.26,13.34,533196.6
2017-07-11,13.27,13.35,12.88,12.98,364129.77
2017-07-12,13.1,13.24,12.73,13.23,322872.65
2017-07-13,13.11,13.87,13.11,13.36,680265.77
2017-07-14,13.22,13.41,13.0,13.22,282075.95
2017-07-17,13.24,13.64,12.41,13.25,570795.18
2017-07-18,13.21,14.06,13.18,13.95,786080.41
2017-07-19,13.89,14.91,13.79,14.9,1081804.21
2017-07-20,14.71,14.89,14.46,14.66,592111.22
2017-07-21,14.61,14.8,14.35,14.7,540085.38
2017-07-24,14.6,15.0,14.19,14.21,554488.86
2017-07-25,14.15,14.91,14.13,14.87,788825.37
2017-07-26,16.0,16.75,15.56,16.23,1922628.83
2017-07-27,15.9,16.21,15.09,15.73,1122267.16
2017-07-28,15.47,15.95,15.22,15.71,755542.92
2017-07-31,15.73,16.91,15.73,16.84,1122147.06
2017-08-01,16.39,16.69,15.93,16.02,803870.55
2017-08-02,15.98,16.71,15.62,15.73,892198.73
2017-08-03,15.76,16.31,15.49,15.82,680843.36
2017-08-04,15.84,16.65,15.66,15.71,833343.83
2017-08-07,15.45,16.06,14.83,16.03,844401.16
2017-08-08,16.16,16.71,15.84,15.9,899862.23
2017-08-09,16.21,16.61,15.63,16.6,842776.79
2017-08-10,16.16,16.34,15.65,15.72,697480.64
2017-08-11,15.1,15.26,13.76,13.87,1015823.19
2017-08-14,13.93,14.26,13.71,14.07,419102.45
2017-08-15,13.98,14.19,13.79,13.91,358158.96
2017-08-16,13.92,14.0,13.44,13.82,410599.45
2017-08-17,14.51,14.68,14.14,14.22,666685.98
2017-08-18,13.87,14.05,13.72,14.02,289759.3
2017-08-21,13.97,14.55,13.89,14.48,445927.85
2017-08-22,14.49,14.86,14.32,14.77,484364.33
2017-08-23,14.4,14.46,14.01,14.08,387918.24
2017-08-24,14.17,14.31,14.01,14.08,240279.13
2017-08-25,14.42,14.87,14.34,14.64,602586.39
2017-08-28,14.46,15.19,14.39,15.17,628416.52
2017-08-29,15.26,15.86,15.12,15.3,698481.73
2017-08-30,15.4,15.7,15.19,15.5,512151.68
2017-08-31,15.47,15.86,15.38,15.65,497789.66
2017-09-01,15.73,16.16,15.44,15.95,693446.48
2017-09-04,16.36,17.31,16.16,16.59,951028.07
2017-09-05,16.61,16.99,16.13,16.92,797930.62
2017-09-06,16.39,16.63,16.19,16.32,663873.07
2017-09-07,16.43,16.62,15.56,15.58,673104.08
2017-09-08,15.66,15.91,15.21,15.44,533662.01
2017-09-11,15.11,15.83,14.99,15.81,716067.61
2017-09-12,15.72,15.99,15.41,15.48,571281.38
2017-09-13,15.41,15.5,15.08,15.29,452128.9
2017-09-14,15.15,15.4,14.87,15.22,560222.93
2017-09-15,15.12,15.15,14.59,14.62,451389.87
2017-09-18,14.59,14.91,14.59,14.87,344426.32
2017-09-19,14.88,14.99,14.58,14.64,307559.66
2017-09-20,14.58,15.06,14.52,15.04,424012.56
2017-09-21,14.81,14.87,14.43,14.46,335571.35
2017-09-22,14.29,14.47,13.99,14.29,284806.17
2017-09-25,14.32,14.43,14.02,14.16,201066.83
2017-09-26,14.21,14.57,14.21,14.39,271835.98
2017-09-27,14.27,14.51,14.22,14.5,202211.6
2017-09-28,14.5,14.58,14.37,14.45,226080.9
2017-09-29,14.79,14.84,14.43,14.57,482984.27
2017-10-09,14.91,14.98,14.58,14.59,306330.66
2017-10-10,14.66,14.71,14.15,14.35,305242.87
2017-10-11,14.35,14.39,14.12,14.17,243118.14
2017-10-12,14.29,14.46,13.91,14.44,381427.9
2017-10-13,14.48,14.57,14.27,14.48,258442.41
2017-10-16,14.4,15.71,14.19,15.4,936642.46
2017-10-17,15.11,15.33,14.79,14.85,548632.66
2017-10-18,14.71,14.96,14.31,14.39,337798.4
2017-10-19,14.25,14.43,14.06,14.1,265533.33
2017-10-20,14.1,14.51,14.04,14.4,201674.64
2017-10-23,14.36,14.37,14.14,14.22,149037.93
2017-10-24,14.36,14.76,14.34,14.61,346547.8
2017-10-25,14.51,14.67,14.32,14.52,227838.82
2017-10-26,14.53,14.88,14.49,14.75,309513.33
2017-10-27,14.79,14.82,14.24,14.3,309763.79
2017-10-30,14.11,14.18,13.46,13.64,337133.65
2017-10-31,13.61,13.83,13.41,13.75,215616.35
2017-11-01,14.0,14.08,13.72,13.85,225136.65
2017-11-02,13.85,13.89,13.53,13.54,152977.81
2017-11-03,13.55,13.64,13.03,13.11,233102.78
2017-11-06,13.12,13.49,13.0,13.45,175965.5
2017-11-07,13.46,13.74,13.41,13.6,162457.81
2017-11-08,13.4,13.57,13.28,13.37,160365.65
2017-11-09,13.38,13.62,13.35,13.43,116053.79
2017-11-10,13.46,13.47,13.15,13.19,187217.63
2017-11-13,13.13,13.49,13.12,13.48,168055.01
2017-11-14,13.55,13.74,13.49,13.57,229567.87
2017-11-15,13.21,13.28,12.96,12.98,280629.04
2017-11-16,12.99,13.09,12.71,12.73,159551.65
2017-11-17,12.73,12.8,12.19,12.27,250302.3
2017-11-20,12.27,12.48,12.01,12.45,168191.28
2017-11-21,12.48,12.57,12.37,12.5,164459.28
2017-11-22,12.81,12.97,12.68,12.86,212300.29
2017-11-23,13.01,13.72,12.92,13.12,470805.91
2017-11-24,13.13,13.65,12.98,13.48,268121.09
2017-11-27,13.64,13.84,13.21,13.29,340429.96
2017-11-28,13.14,13.66,13.14,13.59,281317.05
2017-11-29,13.47,14.83,13.47,14.5,791818.81
2017-11-30,14.56,14.91,14.37,14.55,392552.22
2017-12-01,14.49,14.84,14.11,14.56,325208.15
2017-12-04,14.71,15.31,14.56,14.74,490482.12
2017-12-05,14.62,14.65,13.72,13.94,383187.45
2017-12-06,13.41,13.45,12.99,13.36,403868.55
2017-12-07,13.29,13.45,12.86,12.94,277442.89
2017-12-08,12.86,13.15,12.81,13.08,203114.27
2017-12-11,13.0,13.29,12.91,13.28,198081.51
2017-12-12,13.34,13.57,13.12,13.13,214487.38
2017-12-13,13.0,13.31,12.97,13.28,180168.07
2017-12-14,13.36,13.44,13.0,13.08,161311.07
2017-12-15,13.19,13.37,12.96,13.28,161493.84
2017-12-18,13.47,13.81,13.4,13.8,304849.34
2017-12-19,13.8,13.93,13.63,13.77,208835.8
2017-12-20,13.72,13.85,13.3,13.42,229141.05
2017-12-21,13.71,14.15,13.66,14.06,404226.87
2017-12-22,14.1,14.29,13.89,14.12,274634.97
2017-12-25,14.51,14.66,14.18,14.28,329833.42
2017-12-26,14.11,15.17,14.03,14.98,525968.72
2017-12-27,15.06,15.41,14.88,14.97,569255.67
2017-12-28,15.26,16.61,15.26,16.24,961706.99
2017-12-29,16.35,16.53,16.06,16.28,516924.7
2018-01-02,16.36,16.82,16.21,16.65,627840.77
2018-01-03,16.33,16.63,16.21,16.39,537115.11
2018-01-04,16.11,16.96,15.89,16.91,734292.76
2018-01-05,16.61,16.7,16.11,16.26,556531.08
2018-01-08,15.97,17.31,15.92,16.93,769409.8
2018-01-09,16.81,17.12,16.64,17.1,418356.49
2018-01-10,16.87,17.61,16.61,16.77,653375.43
2018-01-11,16.81,17.18,16.1,16.48,508146.15
2018-01-12,16.31,16.41,16.01,16.21,447258.01
2018-01-15,16.33,16.64,15.86,16.44,597417.24
2018-01-16,16.23,16.32,15.67,15.87,517018.88
2018-01-17,15.6,15.61,15.08,15.28,509880.87
2018-01-18,15.35,15.53,15.22,15.38,296434.51
2018-01-19,15.48,15.65,15.18,15.63,369246.11
2018-01-22,15.51,15.92,15.41,15.9,416377.69
2018-01-23,15.83,16.06,15.63,15.94,414732.89
2018-01-24,15.56,15.57,14.95,15.2,798857.18
2018-01-25,15.71,16.52,15.71,16.38,926081.71
2018-01-26,15.94,16.29,15.92,16.24,430728.27
2018-01-29,16.57,16.99,16.3,16.49,633795.03
2018-01-30,16.34,17.3,16.32,16.5,704877.46
2018-01-31,16.02,16.89,15.63,16.85,617677.56
2018-02-01,16.96,17.04,15.59,15.67,672292.78
2018-02-02,15.19,17.63,15.11,17.63,886488.62
2018-02-05,17.19,18.61,17.12,18.25,1227943.09
2018-02-06,17.91,18.98,17.63,17.74,1161381.72
2018-02-07,18.44,18.68,16.64,16.82,1151243.43
2018-02-08,16.01,16.22,15.18,15.55,859433.62
2018-02-09,14.75,14.96,13.61,13.61,958209.94
2018-02-12,13.66,13.98,13.19,13.84,554356.76
2018-02-13,14.08,14.44,13.93,14.2,539892.46
2018-02-14,14.48,14.51,14.16,14.31,426246.1
2018-02-22,14.51,14.95,14.31,14.78,599458.75
2018-02-23,15.0,15.09,14.49,14.92,442137.77
2018-02-26,14.94,15.47,14.61,15.32,580237.31
2018-02-27,15.29,15.29,14.63,14.68,516185.43
2018-02-28,14.31,14.86,14.13,14.54,415610.8
2018-03-01,14.28,14.56,14.16,14.43,356321.6
2018-03-02,14.22,14.57,14.17,14.29,328266.96
2018-03-05,14.27,14.54,14.03,14.09,303939.01
2018-03-06,14.22,14.81,13.95,14.73,632136.24
2018-03-07,14.56,14.66,14.26,14.29,408661.69
2018-03-08,14.29,14.69,14.22,14.45,382572.52
2018-03-09,14.27,14.41,14.09,14.35,389882.52
2018-03-12,14.56,14.75,14.43,14.65,525265.02
2018-03-13,14.6,14.6,14.33,14.35,324423.53
2018-03-14,14.35,14.77,14.33,14.62,498448.68
2018-03-15,14.61,14.67,14.29,14.51,324487.13
2018-03-16,14.34,14.42,14.04,14.09,392509.45
2018-03-19,13.9,14.0,13.62,13.81,306271.15
2018-03-20,13.66,13.97,13.52,13.88,215296.3
2018-03-21,13.74,13.99,13.51,13.78,315676.47
2018-03-22,13.92,13.99,13.65,13.79,217561.06
2018-03-23,13.02,13.61,12.68,13.59,706792.33
2018-03-26,13.15,13.44,13.04,13.37,198519.39
2018-03-27,13.61,13.68,13.43,13.58,226302.29
2018-03-28,13.31,13.45,13.09,13.24,204038.91
2018-03-29,13.24,13.6,13.08,13.45,269729.91
2018-03-30,13.49,13.53,13.33,13.4,165800.36
2018-04-02,13.37,13.79,13.35,13.57,258245.25
2018-04-03,13.4,13.46,13.12,13.25,182866.19
2018-04-04,13.33,13.36,13.01,13.03,206507.3
2018-04-09,12.96,13.19,12.8,12.98,165237.91
2018-04-10,13.12,13.44,13.1,13.41,262504.9
2018-04-11,13.67,13.74,13.39,13.46,252619.68
2018-04-12,13.36,13.36,13.09,13.12,228233.51
2018-04-13,13.24,13.24,13.1,13.15,109514.76
2018-04-16,13.09,13.22,12.91,13.16,167586.11
2018-04-17,13.26,13.41,12.97,12.99,176903.74
2018-04-18,13.12,13.19,12.59,13.04,220536.48
2018-04-19,13.36,13.6,13.26,13.54,430791.42
2018-04-20,13.3,13.42,12.97,13.36,308109.71
2018-04-23,13.36,13.51,13.18,13.49,223117.71
2018-04-24,13.34,13.73,13.28,13.59,403407.31
2018-04-25,13.51,13.54,13.21,13.27,228048.09
2018-04-26,13.29,13.29,12.92,13.16,210481.76
2018-04-27,13.15,13.39,12.97,13.27,158331.08
2018-05-02,13.06,13.2,13.02,13.12,113987.02
2018-05-03,13.12,13.28,12.99,13.21,139258.04
2018-05-04,13.22,13.34,13.16,13.2,130509.31
2018-05-07,13.22,13.49,13.16,13.44,224590.37
2018-05-08,13.43,13.68,13.39,13.53,269810.99
2018-05-09,13.41,13.56,13.37,13.43,142607.37
2018-05-10,13.53,13.66,13.43,13.56,193631.33
2018-05-11,13.67,13.96,13.56,13.8,447592.87
2018-05-14,13.82,13.99,13.68,13.9,280976.65
2018-05-15,13.76,13.88,13.57,13.83,207905.69
2018-05-16,13.61,13.74,13.48,13.5,175516.88
2018-05-17,13.56,13.63,13.43,13.52,102321.3
2018-05-18,13.52,13.95,13.36,13.92,330199.24
2018-05-21,13.99,14.09,13.7,13.88,328475.81
2018-05-22,13.85,13.86,13.58,13.79,199321.61
2018-05-23,13.78,13.84,13.45,13.47,183833.99
2018-05-24,13.37,13.43,13.14,13.21,195834.63
2018-05-25,13.24,13.3,13.11,13.29,134657.09
2018-05-28,13.24,13.29,13.0,13.08,126591.96
2018-05-29,13.07,13.29,13.06,13.23,131783.62
2018-05-30,13.01,13.01,12.33,12.42,230152.17
2018-05-31,12.54,12.65,12.41,12.61,142370.93
2018-06-01,12.56,12.75,12.49,12.55,114044.35
2018-06-04,12.76,12.8,12.57,12.61,108191.07
2018-06-05,12.7,12.76,12.58,12.75,108817.5
2018-06-06,13.06,13.47,13.06,13.32,348128.28
2018-06-07,13.61,13.76,13.31,13.38,329193.07
2018-06-08,13.41,13.61,13.06,13.23,278054.95
2018-06-11,13.34,13.56,13.27,13.4,203066.84
2018-06-12,13.23,13.33,12.96,13.18,190048.82
2018-06-13,13.14,13.22,12.8,13.05,176816.68
2018-06-14,12.94,13.24,12.91,13.12,144027.01
2018-06-15,12.99,13.11,12.62,13.08,224489.19
2018-06-19,12.58,13.26,12.39,13.11,702104.29
2018-06-20,12.83,12.94,12.43,12.78,145829.92
2018-06-21,12.73,13.05,12.55,12.57,152182.89
2018-06-22,12.41,12.54,11.97,12.47,126952.19
2018-06-25,12.6,12.68,12.19,12.21,127916.09
2018-06-26,12.01,12.11,11.81,12.02,130018.22
2018-06-27,12.0,12.13,11.76,12.02,100422.89
2018-06-28,11.89,12.03,11.76,11.78,79818.64
2018-06-29,11.76,12.02,11.55,11.96,119962.99
2018-07-02,11.94,11.97,10.91,11.18,196930.51
2018-07-03,11.17,11.23,10.74,11.11,148777.06
2018-07-04,10.97,11.14,10.71,11.05,122669.25
2018-07-05,10.91,11.28,10.61,11.27,250751.2
2018-07-06,11.02,11.21,10.79,11.03,106335.23
2018-07-09,11.12,11.36,11.12,11.33,91673.2
2018-07-10,11.33,11.54,11.24,11.4,99989.32
2018-07-11,11.01,11.01,10.69,10.78,154810.28
2018-07-12,10.74,11.18,10.72,11.1,153032.38
2018-07-13,11.11,11.21,10.97,11.15,118347.36
2018-07-16,11.2,11.2,10.91,11.05,74196.77
2018-07-17,11.04,11.07,10.86,10.94,69241.89
2018-07-18,10.97,11.02,10.83,10.84,80550.94
2018-07-19,10.92,10.98,10.76,10.81,74141.97
2018-07-20,10.71,11.07,10.69,11.03,113048.05
2018-07-23,11.04,11.5,10.99,11.48,188728.02
2018-07-24,11.41,12.06,11.36,11.84,272994.97
2018-07-25,12.05,12.09,11.71,11.9,188080.46
2018-07-26,11.86,12.05,11.67,11.76,118353.87
2018-07-27,11.69,11.82,11.61,11.62,73631.97
2018-07-30,11.78,11.98,11.66,11.72,127944.08
2018-07-31,11.66,11.84,11.59,11.73,92105.98
2018-08-01,11.83,11.86,11.5,11.52,104187.65
2018-08-02,11.38,11.38,10.75,11.08,139419.17
2018-08-03,11.01,11.2,10.87,10.9,107095.34
2018-08-06,10.82,10.95,10.48,10.51,113271.55
2018-08-07,10.55,11.31,10.47,11.14,196140.49
2018-08-08,11.01,11.2,10.96,10.97,103526.24
2018-08-09,10.94,11.34,10.88,11.27,161527.3
2018-08-10,11.2,11.29,11.1,11.23,87956.27
2018-08-13,11.06,11.1,10.81,11.02,123291.0
2018-08-14,11.0,11.22,10.9,11.21,125520.09
2018-08-15,11.1,11.11,10.77,10.78,98293.82
2018-08-16,10.44,10.76,10.36,10.55,109355.26
2018-08-17,10.67,10.74,10.38,10.39,76967.25
2018-08-20,10.39,10.57,10.31,10.55,66964.65
2018-08-21,10.55,10.79,10.54,10.7,89200.59
2018-08-22,10.69,10.77,10.58,10.63,62454.68
2018-08-23,10.63,10.73,10.5,10.64,56294.88
2018-08-24,10.66,10.7,10.49,10.6,58889.51
2018-08-27,10.7,10.89,10.67,10.87,90547.08
2018-08-28,10.91,11.12,10.82,11.01,125387.08
2018-08-29,11.0,11.1,10.89,10.93,87246.02
2018-08-30,10.87,11.02,10.63,10.68,91859.04
2018-08-31,10.63,10.82,10.52,10.82,68584.2
2018-09-03,10.75,10.75,10.42,10.58,77229.68
2018-09-04,10.58,10.71,10.52,10.63,62369.63
2018-09-05,10.54,10.58,10.44,10.44,60276.62
2018-09-06,10.47,10.54,10.33,10.35,67219.5
2018-09-07,10.35,10.56,10.34,10.39,65363.72
2018-09-10,10.38,10.42,10.16,10.19,90672.62
2018-09-11,10.19,10.25,10.1,10.18,43579.44
2018-09-12,10.18,10.27,10.14,10.21,37282.21
2018-09-13,10.39,10.48,10.26,10.38,70404.86
2018-09-14,10.41,10.52,10.34,10.38,59886.81
2018-09-17,10.25,10.26,10.13,10.15,52340.06
2018-09-18,10.11,10.37,10.11,10.37,87493.76
2018-09-19,10.46,10.68,10.45,10.54,149498.27
2018-09-20,10.52,10.71,10.49,10.5,116650.45
2018-09-21,10.54,10.85,10.51,10.81,186874.24
2018-09-25,10.79,10.92,10.69,10.78,115387.71
2018-09-26,10.78,10.95,10.71,10.76,155748.14
2018-09-27,10.8,10.86,10.67,10.68,109398.0
2018-09-28,10.62,10.81,10.61,10.78,96204.87
2018-10-08,10.64,10.71,10.33,10.41,121859.52
2018-10-09,10.39,10.67,10.39,10.6,102154.93
2018-10-10,10.69,10.98,10.66,10.8,158729.01
2018-10-11,10.37,10.47,9.62,9.84,217346.08
2018-10-12,9.85,10.03,9.47,9.93,125481.21
2018-10-15,9.97,9.98,9.6,9.61,88836.62
2018-10-16,9.64,9.75,9.14,9.25,100732.15
2018-10-17,9.43,9.48,9.16,9.33,68690.04
2018-10-18,9.31,9.31,8.86,8.92,94387.89
2018-10-19,8.87,9.17,8.73,9.17,90061.86
2018-10-22,9.23,9.86,9.13,9.65,187462.85
2018-10-23,9.64,9.64,9.34,9.38,102812.24
2018-10-24,9.39,9.65,9.35,9.61,111016.03
2018-10-25,9.21,9.56,9.17,9.51,90383.63
2018-10-26,9.59,9.78,9.46,9.51,110391.3
2018-10-29,9.49,9.57,9.2,9.31,83667.75
2018-10-30,9.31,9.6,9.26,9.53,89256.07
2018-10-31,9.53,9.98,9.43,9.8,210243.24
2018-11-01,9.78,9.96,9.66,9.77,173217.2
2018-11-02,10.04,10.19,9.81,10.18,259156.28
2018-11-05,10.09,10.13,9.86,10.0,144733.21
2018-11-06,9.93,9.99,9.8,9.94,92059.1
2018-11-07,9.95,10.16,9.83,9.86,169637.17
2018-11-08,9.97,10.01,9.67,9.73,102008.97
2018-11-09,9.67,9.76,9.6,9.6,72997.85
2018-11-12,9.55,9.81,9.52,9.81,86798.89
2018-11-13,9.66,10.03,9.63,9.91,160111.37
2018-11-14,9.87,10.0,9.77,9.79,126762.92
2018-11-15,9.75,10.03,9.75,10.01,131704.93
2018-11-16,10.08,10.09,9.95,10.0,142231.46
2018-11-19,10.04,10.18,9.94,10.18,139623.79
2018-11-20,10.05,10.35,9.97,9.98,191176.98
2018-11-21,9.76,9.95,9.59,9.9,106501.82
2018-11-22,9.91,9.97,9.84,9.94,72671.81
2018-11-23,9.95,9.97,9.41,9.46,113492.12
2018-11-26,9.44,9.52,9.31,9.36,81325.49
2018-11-27,9.51,9.53,9.36,9.43,52268.08
2018-11-28,9.38,9.63,9.36,9.58,84147.16
2018-11-29,9.8,9.93,9.56,9.56,133762.84
2018-11-30,9.57,9.7,9.51,9.59,76119.99
2018-12-03,9.91,10.06,9.82,9.94,132195.97
2018-12-04,9.9,9.91,9.77,9.89,106676.37
2018-12-05,9.71,9.9,9.61,9.76,106315.36
2018-12-06,9.67,9.74,9.58,9.59,76508.4
2018-12-07,9.65,9.68,9.55,9.6,39959.52
2018-12-10,9.55,9.63,9.48,9.56,57045.22
2018-12-11,9.57,9.68,9.53,9.61,46022.25
2018-12-12,9.66,9.69,9.58,9.59,35594.87
2018-12-13,9.62,9.83,9.5,9.78,92831.91
2018-12-14,9.74,9.77,9.51,9.55,74072.47
2018-12-17,9.54,9.62,9.51,9.6,45128.04
2018-12-18,9.7,9.7,9.44,9.52,52051.24
2018-12-19,9.45,9.61,9.43,9.53,60543.68
2018-12-20,9.48,9.54,9.36,9.44,46336.7
2018-12-21,9.44,9.46,9.28,9.38,47633.44
2018-12-24,9.37,9.48,9.28,9.33,36636.01
2018-12-25,9.21,9.33,9.02,9.29,70078.69
2018-12-26,9.25,9.51,9.25,9.49,77512.18
2018-12-27,9.6,9.63,9.37,9.38,55719.53
2018-12-28,9.46,9.53,9.39,9.47,41414.3
2019-01-02,9.46,9.47,9.26,9.3,44326.8
2019-01-03,9.3,9.37,9.21,9.28,49945.26
2019-01-04,9.14,9.52,9.11,9.49,90186.56
2019-01-07,9.59,9.97,9.53,9.85,162382.56
2019-01-08,9.81,9.84,9.68,9.69,58511.6
2019-01-09,9.75,9.89,9.67,9.69,88960.55
2019-01-10,9.67,9.76,9.63,9.66,55791.2
2019-01-11,9.7,9.8,9.66,9.77,58525.34
2019-01-14,9.71,9.86,9.66,9.69,63166.26
2019-01-15,9.69,9.79,9.61,9.74,86494.3
2019-01-16,9.73,9.78,9.67,9.76,50732.96
2019-01-17,9.75,9.88,9.65,9.71,95167.19
2019-01-18,9.72,9.94,9.69,9.92,152740.94
2019-01-21,10.0,10.04,9.81,9.86,112846.42
2019-01-22,9.81,9.81,9.59,9.59,92175.93
2019-01-23,9.59,9.59,9.43,9.46,91534.65
2019-01-24,9.47,9.52,9.33,9.45,107425.13
2019-01-25,9.49,9.5,9.4,9.4,68961.65
2019-01-28,9.54,9.56,9.39,9.44,87157.76
2019-01-29,9.41,9.43,9.19,9.3,87468.45
2019-01-30,9.33,9.41,9.23,9.31,48518.12
2019-01-31,9.45,9.76,9.45,9.58,169498.36
2019-02-01,9.63,9.77,9.51,9.75,125809.88
2019-02-11,9.75,9.91,9.7,9.91,157412.48
2019-02-12,9.85,10.0,9.8,9.92,155815.25
2019-02-13,9.92,10.33,9.89,10.18,255403.76
2019-02-14,10.16,10.35,10.07,10.17,155533.96
2019-02-15,10.15,10.24,9.97,10.03,139064.19
2019-02-18,10.21,10.46,10.09,10.45,241240.48
2019-02-19,10.47,10.63,10.26,10.35,239797.17
2019-02-20,10.61,11.06,10.61,10.72,338963.04
2019-02-21,10.89,10.99,10.62,10.68,290715.99
2019-02-22,10.6,10.91,10.43,10.88,225378.91
2019-02-25,11.23,12.34,11.14,12.34,713242.06
2019-02-26,12.37,13.29,12.06,12.52,734273.11
2019-02-27,12.36,12.64,11.91,12.11,443767.2
2019-02-28,12.19,12.28,11.73,11.86,279920.67
2019-03-01,11.95,12.02,11.69,12.0,235405.28
2019-03-04,12.16,12.47,12.06,12.16,526204.21
2019-03-05,12.39,12.51,12.14,12.39,422168.55
2019-03-06,12.51,13.0,12.41,12.83,617950.1
2019-03-07,12.71,13.66,12.47,13.11,697703.76
2019-03-08,12.51,12.73,11.82,11.84,578307.58
2019-03-11,11.96,12.3,11.77,12.25,303458.21
2019-03-12,12.36,12.47,11.99,12.16,348763.48
2019-03-13,12.19,12.26,11.81,11.89,251410.95
2019-03-14,11.95,12.22,11.6,11.72,258533.37
2019-03-15,11.74,12.06,11.73,12.01,201358.55
2019-03-18,12.18,12.39,12.06,12.37,325334.07
2019-03-19,12.41,12.44,12.13,12.26,216657.96
2019-03-20,12.24,12.32,11.97,12.2,214229.68
2019-03-21,12.39,12.69,12.29,12.64,466783.95
2019-03-22,12.46,12.54,12.05,12.36,272750.15
2019-03-25,11.9,12.05,11.72,11.84,289581.3
2019-03-26,11.89,11.99,11.51,11.57,194907.85
2019-03-27,11.66,11.71,11.45,11.62,117680.27
2019-03-28,11.53,11.6,11.4,11.43,130282.56
2019-03-29,11.49,11.93,11.44,11.91,211876.44
2019-04-01,12.17,13.27,12.17,12.96,696492.28
2019-04-02,12.97,13.09,12.55,12.86,494936.49
2019-04-03,12.72,12.97,12.66,12.97,328026.37
2019-04-04,13.14,13.43,12.81,12.98,460121.12
2019-04-08,13.05,13.76,13.0,13.4,629007.94
2019-04-09,13.34,13.34,12.91,13.15,315976.42
2019-04-10,12.9,13.05,12.58,12.8,312450.85
2019-04-11,12.81,12.98,12.4,12.48,230307.82
2019-04-12,12.43,12.62,12.41,12.59,153932.22
2019-04-15,13.3,13.41,12.59,12.63,328942.89
2019-04-16,12.51,13.9,12.46,13.37,812855.89
2019-04-17,13.31,13.52,13.17,13.35,394159.07
2019-04-18,13.35,13.86,13.26,13.27,389461.82
2019-04-19,13.11,13.2,12.62,13.1,379731.32
2019-04-22,13.09,13.09,12.66,12.67,276848.61
2019-04-23,12.66,12.81,12.41,12.42,252919.97
2019-04-24,12.43,12.56,12.31,12.55,178318.08
2019-04-25,12.49,12.5,11.76,11.88,295371.79
2019-04-26,11.91,11.95,11.71,11.72,186585.2
2019-04-29,11.74,11.85,11.44,11.51,184477.89
2019-04-30,11.56,11.78,11.54,11.64,141478.29
2019-05-06,10.81,11.01,10.22,10.39,320244.68
2019-05-07,10.44,10.61,10.27,10.56,171353.34
2019-05-08,10.2,10.59,10.2,10.46,146221.8
2019-05-09,10.36,10.51,10.24,10.33,121814.43
2019-05-10,10.51,10.64,10.11,10.61,179676.08
2019-05-13,10.47,10.48,10.31,10.37,106501.25
2019-05-14,10.27,10.45,10.23,10.27,102026.48
2019-05-15,10.4,10.49,10.34,10.45,114532.22
2019-05-16,10.5,11.19,10.42,11.04,340584.7
2019-05-17,10.9,10.94,10.28,10.36,220248.21
2019-05-20,10.3,10.78,10.11,10.68,186955.07
2019-05-21,10.71,11.67,10.55,11.27,401030.74
2019-05-22,11.19,11.26,10.87,10.87,238520.47
2019-05-23,10.82,10.96,10.62,10.7,138501.75
2019-05-24,10.63,11.01,10.57,10.67,129006.85
2019-05-27,10.71,11.14,10.65,11.03,166949.93
2019-05-28,10.96,11.06,10.88,11.03,145746.07
2019-05-29,11.09,11.39,11.09,11.24,274135.17
2019-05-30,11.07,11.29,10.86,11.18,209467.02
2019-05-31,11.08,11.39,10.97,11.18,211338.75
2019-06-03,11.11,11.21,10.8,10.89,168464.12
2019-06-04,10.89,11.06,10.52,10.59,137786.0
2019-06-05,10.75,10.95,10.72,10.81,123164.7
2019-06-06,10.7,11.05,10.69,10.8,137919.77
2019-06-10,10.98,11.02,10.7,10.96,130525.51
2019-06-11,10.91,11.46,10.9,11.42,283039.09
2019-06-12,11.4,11.95,11.33,11.42,403914.1
2019-06-13,11.3,11.46,11.17,11.34,183065.98
2019-06-14,11.35,11.63,11.19,11.41,224638.57
2019-06-17,11.31,11.66,11.24,11.47,180845.44
2019-06-18,11.47,11.55,11.18,11.32,131994.82
2019-06-19,11.64,11.7,11.37,11.43,198801.76
2019-06-20,11.56,11.89,11.43,11.84,303011.44
2019-06-21,11.8,12.26,11.69,11.85,372211.9
2019-06-24,11.85,12.19,11.77,12.1,276117.75
2019-06-25,12.26,12.56,11.96,12.41,504558.8
2019-06-26,12.16,12.3,11.94,11.95,267167.07
2019-06-27,11.91,12.15,11.82,11.97,187206.6
2019-06-28,12.07,12.26,11.85,12.05,214958.74
2019-07-01,12.16,12.25,12.02,12.22,293228.91
2019-07-02,12.09,12.1,11.85,11.89,226320.01
2019-07-03,12.02,12.12,11.75,11.78,204424.04
2019-07-04,11.8,12.06,11.73,11.83,176476.88
2019-07-05,11.85,11.9,11.71,11.84,102958.12
2019-07-08,11.77,11.77,11.09,11.09,219871.42
2019-07-09,11.07,11.14,10.95,11.01,99229.57
2019-07-10,11.02,11.07,10.81,10.82,108030.64
2019-07-11,11.1,11.23,11.02,11.05,150587.87
2019-07-12,11.04,11.18,10.99,11.12,76309.92
2019-07-15,11.11,11.34,10.91,11.32,131283.32
2019-07-16,11.29,11.46,11.24,11.39,107531.0
2019-07-17,11.36,11.49,11.26,11.27,74379.18
2019-07-18,11.36,11.51,11.2,11.21,110025.51
2019-07-19,11.49,12.0,11.47,11.86,361305.68
2019-07-22,11.74,11.93,11.55,11.65,195848.95
2019-07-23,11.58,11.68,11.44,11.55,114424.39
2019-07-24,11.56,11.68,11.48,11.59,145728.52
2019-07-25,11.58,11.58,11.32,11.42,123755.36
2019-07-26,11.39,11.4,11.21,11.34,99496.62
2019-07-29,11.41,11.46,11.23,11.25,68381.92
2019-07-30,11.36,11.57,11.32,11.54,150205.78
2019-07-31,11.35,11.38,11.12,11.26,122298.53
2019-08-01,11.12,11.15,11.01,11.05,122004.35
2019-08-02,10.83,11.05,10.81,10.97,106803.62
2019-08-05,10.86,11.16,10.78,10.91,146326.61
2019-08-06,10.78,11.01,10.54,10.71,149821.18
2019-08-07,10.86,11.46,10.86,11.34,333781.66
2019-08-08,11.45,11.5,11.25,11.28,128342.27
2019-08-09,11.35,11.44,11.06,11.11,107282.19
2019-08-12,11.09,11.16,10.87,11.11,98414.47
2019-08-13,11.07,11.22,10.96,11.19,136874.15
2019-08-14,11.24,11.28,10.92,10.97,134015.94
2019-08-15,10.79,10.91,10.72,10.85,93438.46
2019-08-16,10.88,10.95,10.8,10.84,79838.85
2019-08-19,10.88,11.15,10.81,11.15,150464.86
2019-08-20,11.07,11.45,11.04,11.23,171976.81
2019-08-21,11.17,11.2,11.04,11.09,82633.25
2019-08-22,11.12,11.17,10.93,11.01,74102.69
2019-08-23,11.01,11.08,10.84,10.93,92156.35
2019-08-26,10.7,10.91,10.68,10.81,78547.98
2019-08-27,10.86,11.05,10.84,11.01,101926.36
2019-08-28,11.01,11.01,10.87,10.88,65763.94
2019-08-29,10.87,10.96,10.75,10.76,100430.09
2019-08-30,10.9,10.92,10.71,10.82,90295.58
2019-09-02,10.81,11.13,10.79,11.06,164428.5
2019-09-03,11.06,11.07,10.94,11.01,85825.72
2019-09-04,11.06,11.24,11.06,11.2,165699.36
2019-09-05,11.48,11.65,11.36,11.38,324957.75
2019-09-06,11.5,11.57,11.27,11.39,131892.99
2019-09-09,11.48,11.52,11.36,11.51,152712.43
2019-09-10,11.44,11.64,11.43,11.57,164812.59
2019-09-11,11.61,11.68,11.37,11.51,171257.66
2019-09-12,11.57,11.64,11.44,11.56,120497.08
2019-09-16,11.79,11.89,11.65,11.69,204639.55
2019-09-17,11.65,11.69,11.29,11.3,164492.31
2019-09-18,11.31,11.41,11.17,11.25,122463.4
2019-09-19,11.3,11.31,11.07,11.27,118637.75
2019-09-20,11.29,11.29,11.16,11.25,112526.22
2019-09-23,11.21,11.22,10.89,10.99,123087.92
2019-09-24,11.04,11.08,10.98,11.0,67710.49
2019-09-25,11.0,11.0,10.85,10.93,74848.6
2019-09-26,10.95,11.03,10.83,10.96,86515.32
2019-09-27,10.92,10.97,10.83,10.91,75064.49
2019-09-30,10.87,11.0,10.87,10.88,54514.12
2019-10-08,10.87,10.96,10.85,10.87,60099.57
2019-10-09,10.8,10.86,10.72,10.82,67599.8
2019-10-10,10.83,10.92,10.79,10.92,56903.37
2019-10-11,11.02,11.07,10.87,11.01,98502.78
2019-10-14,11.09,11.16,11.01,11.11,99320.53
2019-10-15,11.06,11.07,10.9,10.91,68936.22
2019-10-16,10.92,10.97,10.76,10.79,92854.24
2019-10-17,10.79,11.01,10.71,10.86,107660.49
2019-10-18,10.82,10.87,10.61,10.62,97628.75
2019-10-21,10.61,10.72,10.51,10.69,68088.51
2019-10-22,10.69,10.89,10.63,10.81,61134.29
2019-10-23,10.8,10.82,10.67,10.7,46744.42
2019-10-24,10.78,11.04,10.76,10.94,128215.59
2019-10-25,10.81,10.92,10.73,10.89,76847.71
2019-10-28,10.81,10.95,10.81,10.91,71766.14
2019-10-29,10.95,10.96,10.67,10.67,79034.02
2019-10-30,10.65,10.78,10.65,10.75,51487.06
2019-10-31,10.74,10.74,10.63,10.65,40604.15
2019-11-01,10.63,10.72,10.61,10.71,63211.26
2019-11-04,10.74,10.87,10.68,10.76,84406.85
2019-11-05,10.77,10.98,10.69,10.97,144505.38
2019-11-06,10.89,11.15,10.89,11.01,158182.26
2019-11-07,10.92,11.05,10.89,10.94,68819.7
2019-11-08,11.08,11.11,10.91,10.93,78840.59
2019-11-11,10.84,10.84,10.52,10.56,102789.95
2019-11-12,10.54,10.66,10.52,10.58,51829.44
2019-11-13,10.57,10.63,10.52,10.63,46020.32
2019-11-14,10.63,10.65,10.58,10.62,38054.8
2019-11-15,10.65,10.65,10.47,10.49,60222.53
2019-11-18,10.51,10.54,10.43,10.46,69300.76
2019-11-19,10.48,10.55,10.43,10.55,58053.81
2019-11-20,10.54,10.57,10.5,10.54,47536.47
2019-11-21,10.55,10.55,10.38,10.4,61653.12
2019-11-22,10.43,10.53,10.31,10.38,61116.64
2019-11-25,10.41,10.78,10.4,10.69,154818.91
2019-11-26,10.65,10.72,10.56,10.58,91194.72
2019-11-27,10.65,10.79,10.58,10.73,105516.41
2019-11-28,10.69,10.72,10.56,10.6,69726.15
2019-11-29,10.65,10.66,10.56,10.6,37907.8
2019-12-02,10.62,10.85,10.62,10.8,128516.0
2019-12-03,10.75,10.82,10.68,10.77,64236.73
2019-12-04,10.77,10.83,10.71,10.83,79864.36
2019-12-05,10.85,10.94,10.79,10.82,75333.77
2019-12-06,10.81,10.85,10.72,10.81,66870.22
2019-12-09,10.98,11.06,10.89,11.01,167384.81
2019-12-10,11.31,12.0,11.3,11.6,490642.82
2019-12-11,11.66,11.8,11.52,11.71,264097.26
2019-12-12,12.01,12.1,11.66,11.7,250612.81
2019-12-13,11.76,11.99,11.65,11.79,249689.81
2019-12-16,11.71,11.79,11.59,11.78,199083.13
2019-12-17,11.88,12.3,11.86,12.16,353242.5
2019-12-18,12.09,12.21,11.97,11.99,173530.61
2019-12-19,11.99,12.08,11.93,12.06,118751.08
2019-12-20,12.18,12.24,11.72,11.75,152341.2
2019-12-23,11.75,11.75,11.33,11.41,163696.86
2019-12-24,11.54,12.82,11.46,12.74,541097.83
2019-12-25,12.66,12.99,12.56,12.75,392976.84
2019-12-26,12.65,13.2,12.52,12.68,352989.42
2019-12-27,12.77,14.13,12.7,13.3,702785.13
2019-12-30,13.09,14.03,12.98,13.8,619790.94
2019-12-31,13.61,13.76,13.27,13.44,346868.57
2020-01-02,13.57,14.01,13.54,13.64,351471.57
2020-01-03,13.61,13.87,13.4,13.68,268010.78
2020-01-06,13.61,13.78,13.36,13.5,388388.89
2020-01-07,13.56,13.77,13.37,13.61,332207.51
2020-01-08,13.69,13.7,13.14,13.36,330320.48
2020-01-09,13.51,13.56,13.19,13.35,219998.19
2020-01-10,13.36,13.42,13.05,13.34,237045.79
2020-01-13,13.18,13.39,13.06,13.36,179375.5
2020-01-14,13.52,13.71,13.37,13.41,316842.03
2020-01-15,13.36,13.41,12.97,13.01,208121.47
2020-01-16,13.05,13.2,12.87,12.96,138655.52
2020-01-17,13.0,13.05,12.77,12.8,125130.97
2020-01-20,12.79,12.9,12.71,12.89,121369.31
2020-01-21,12.84,12.85,12.11,12.12,322985.86
2020-01-22,12.03,12.27,11.73,12.19,269389.97
2020-01-23,11.9,12.18,11.46,11.64,255545.33
2020-02-03,10.13,10.29,10.13,10.13,231331.21
2020-02-04,10.03,10.29,9.93,10.21,396296.12
2020-02-05,10.21,10.67,10.21,10.39,378208.96
2020-02-06,10.44,10.58,10.25,10.55,444282.77
2020-02-07,10.39,10.51,10.29,10.49,265473.25
2020-02-10,10.38,10.78,10.34,10.75,365148.57
2020-02-11,10.77,10.88,10.61,10.76,323532.12
2020-02-12,10.7,10.93,10.61,10.85,322319.62
2020-02-13,10.89,11.09,10.76,10.83,318478.45
2020-02-14,10.83,11.32,10.76,11.11,362249.68
2020-02-17,11.1,11.42,11.03,11.41,369804.05
2020-02-18,11.32,11.42,11.11,11.29,322078.74
2020-02-19,11.31,11.41,11.18,11.21,305793.32
2020-02-20,11.21,11.46,10.93,11.4,424945.54
2020-02-21,11.31,11.59,11.27,11.42,369328.74
2020-02-24,11.38,11.56,11.19,11.38,379161.67
2020-02-25,11.11,11.2,10.7,11.06,420748.08
2020-02-26,10.77,11.33,10.76,11.03,336245.69
2020-02-27,11.07,11.17,10.88,10.89,236034.53
2020-02-28,10.52,10.69,10.2,10.2,389031.21
2020-03-02,10.28,10.84,10.27,10.81,281877.97
2020-03-03,11.08,11.16,10.68,10.77,271837.28
2020-03-04,10.81,10.98,10.74,10.98,244232.92
2020-03-05,11.07,11.35,10.95,11.26,437474.21
2020-03-06,11.06,11.16,10.87,10.94,305467.35
2020-03-09,10.61,10.62,10.29,10.42,401882.58
2020-03-10,10.35,10.67,10.3,10.66,243448.79
2020-03-11,10.61,10.66,10.48,10.48,169826.28
2020-03-12,10.41,10.44,10.22,10.3,196382.22
2020-03-13,9.8,10.13,9.64,10.08,277204.72
2020-03-16,10.11,10.19,9.74,9.77,198632.71
2020-03-17,9.78,9.98,9.52,9.75,178406.44
2020-03-18,9.77,9.87,9.29,9.31,243315.95
2020-03-19,8.97,9.09,8.61,8.82,319222.74
2020-03-20,8.88,9.14,8.74,9.12,172851.67
2020-03-23,8.69,8.87,8.66,8.7,141681.57
2020-03-24,9.03,9.14,8.86,9.11,205299.47
2020-03-25,9.51,9.57,9.24,9.38,195737.37
2020-03-26,9.25,9.36,9.12,9.19,136737.58
2020-03-27,9.32,9.36,9.18,9.21,111809.67
2020-03-30,9.03,9.12,8.86,8.97,95880.34
2020-03-31,9.15,9.28,8.99,9.14,103573.9
2020-04-01,9.11,9.33,9.06,9.08,120099.42
2020-04-02,8.92,9.24,8.91,9.24,101929.08
2020-04-03,9.22,9.22,9.1,9.17,83305.08
2020-04-07,9.38,9.74,9.32,9.67,248496.11
2020-04-08,9.51,9.85,9.49,9.77,187564.39
2020-04-09,9.96,10.0,9.63,9.65,141098.43
2020-04-10,9.76,9.76,9.39,9.58,130806.44
2020-04-13,9.59,9.89,9.44,9.89,190184.57
2020-04-14,9.91,10.16,9.77,10.05,254588.52
2020-04-15,9.94,9.95,9.65,9.67,169017.54
2020-04-16,9.61,9.61,9.45,9.57,116128.9
2020-04-17,9.71,9.77,9.59,9.6,107647.96
2020-04-20,9.66,9.66,9.53,9.61,93229.67
2020-04-21,9.53,9.53,9.31,9.4,110446.0
2020-04-22,9.31,9.38,9.2,9.38,90610.16
2020-04-23,9.4,9.43,9.25,9.31,91842.44
2020-04-24,9.29,9.34,9.15,9.18,86016.54
2020-04-27,9.15,9.39,9.15,9.24,82115.64
2020-04-28,9.23,9.24,8.84,9.05,95926.72
2020-04-29,8.92,9.08,8.89,9.02,64962.36
2020-04-30,9.06,9.34,9.06,9.31,112242.28
2020-05-06,9.14,9.45,9.11,9.42,117170.44
2020-05-07,9.43,9.43,9.32,9.37,89192.84
2020-05-08,9.46,9.59,9.39,9.5,122071.45
2020-05-11,9.55,9.61,9.4,9.47,90505.19
2020-05-12,9.46,9.46,9.26,9.32,79446.76
2020-05-13,9.24,9.28,9.16,9.23,57416.66
2020-05-14,9.23,9.4,9.17,9.23,64017.81
2020-05-15,9.22,9.27,9.12,9.12,92290.15
2020-05-18,9.22,9.61,9.16,9.5,232143.0
2020-05-19,9.69,9.79,9.5,9.53,189007.08
2020-05-20,9.53,9.6,9.34,9.38,104183.59
2020-05-21,9.47,9.59,9.32,9.35,124555.75
2020-05-22,9.24,9.3,9.01,9.14,126817.16
2020-05-25,9.1,9.19,9.07,9.1,54964.69
2020-05-26,9.14,9.21,9.1,9.2,66696.46
2020-05-27,9.19,9.2,9.01,9.12,72591.29
2020-05-28,9.11,9.27,9.08,9.21,85815.81
2020-05-29,9.17,9.26,9.08,9.26,81778.73
2020-06-01,9.24,9.52,9.24,9.51,167198.0
2020-06-02,9.58,9.59,9.41,9.46,112702.19
2020-06-03,9.55,9.71,9.54,9.55,201949.84
2020-06-04,9.58,9.59,9.33,9.39,104172.22
2020-06-05,9.42,9.58,9.32,9.56,97870.86
2020-06-08,10.0,10.38,9.91,10.12,538893.65
2020-06-09,10.09,10.43,10.02,10.11,289158.82
2020-06-10,10.41,10.43,9.95,10.01,204402.18
2020-06-11,10.28,10.29,9.76,9.83,223984.51
2020-06-12,9.49,9.62,9.33,9.59,235784.87
2020-06-15,9.47,9.58,9.38,9.39,145021.06
2020-06-16,9.47,9.76,9.44,9.74,179653.38
2020-06-17,9.61,9.75,9.52,9.72,124296.81
2020-06-18,9.72,9.97,9.57,9.82,146889.49
2020-06-19,9.85,9.9,9.74,9.86,132349.73
2020-06-22,9.93,10.04,9.78,9.82,168017.84
2020-06-23,9.85,10.0,9.77,9.85,123247.61
2020-06-24,9.88,9.96,9.78,9.79,96444.13
2020-06-29,9.92,9.97,9.7,9.86,153307.68
2020-06-30,9.94,9.98,9.86,9.97,152216.88
2020-07-01,10.06,10.48,10.06,10.44,440416.57
2020-07-02,10.41,10.88,10.38,10.82,519079.46
2020-07-03,10.86,11.33,10.73,10.99,555687.46
2020-07-06,11.24,12.33,11.24,12.29,767201.38
2020-07-07,12.71,12.93,11.89,11.9,748671.51
2020-07-08,11.91,13.0,11.81,12.6,813207.96
2020-07-09,12.87,13.15,12.4,13.01,889402.54
2020-07-10,12.66,12.78,12.16,12.22,582842.35
2020-07-13,12.71,13.47,12.67,13.23,849325.49
2020-07-14,12.86,13.27,12.57,12.89,564516.97
2020-07-15,12.97,13.14,12.17,12.38,464440.02
2020-07-16,12.2,12.48,11.52,11.53,421280.05
2020-07-17,11.55,11.86,11.43,11.62,304564.93
2020-07-20,11.8,12.65,11.69,12.5,439604.4
2020-07-21,12.62,12.73,12.19,12.31,259347.3
2020-07-22,12.91,13.09,12.53,12.58,423838.47
2020-07-23,12.55,12.72,12.16,12.54,323486.81
2020-07-24,12.4,12.64,11.79,11.84,324244.84
2020-07-27,11.99,12.7,11.99,12.63,492528.36
2020-07-28,13.14,13.23,12.23,12.41,530165.65
2020-07-29,12.38,12.49,11.93,12.49,316003.91
2020-07-30,12.43,12.56,12.15,12.3,262332.71
2020-07-31,12.31,13.2,12.26,12.8,596363.66
2020-08-03,12.76,13.01,12.53,12.9,502743.69
2020-08-04,12.97,13.95,12.77,13.47,785720.19
2020-08-05,13.56,13.73,13.12,13.53,486659.07
2020-08-06,13.66,13.94,13.25,13.69,596486.28
2020-08-07,13.87,13.87,12.93,13.22,447908.44
2020-08-10,12.7,12.8,12.41,12.56,354850.62
2020-08-11,12.64,12.75,11.95,11.97,354122.02
2020-08-12,11.65,11.76,11.29,11.62,349531.18
2020-08-13,11.75,11.8,11.58,11.63,192195.34
2020-08-14,11.54,11.74,11.43,11.71,174298.45
2020-08-17,11.71,12.16,11.63,12.15,261645.01
2020-08-18,12.36,12.44,12.09,12.24,229916.61
2020-08-19,12.51,12.71,12.33,12.34,304905.29
2020-08-20,12.21,12.38,12.09,12.21,156952.72
2020-08-21,12.15,12.37,12.15,12.2,143608.04
2020-08-24,12.11,12.15,11.86,12.06,125745.62
2020-08-25,12.1,12.11,11.64,11.74,177307.23
2020-08-26,11.74,11.88,11.53,11.61,129805.97
2020-08-27,11.71,11.78,11.61,11.72,75931.88
2020-08-28,11.72,12.06,11.67,12.06,133723.24
2020-08-31,12.09,12.63,12.09,12.23,282409.15
2020-09-01,12.27,12.87,12.26,12.84,397372.83
2020-09-02,12.64,12.74,12.37,12.56,256232.18
2020-09-03,12.56,12.77,12.43,12.49,172584.54
2020-09-04,12.1,12.29,11.98,12.06,209329.13
2020-09-07,12.31,12.81,12.31,12.43,364056.3
2020-09-08,12.49,12.69,12.13,12.56,253359.67
2020-09-09,12.21,12.28,11.96,12.02,173174.85
2020-09-10,12.2,12.32,11.74,11.76,156191.0
2020-09-11,11.62,11.8,11.49,11.77,146929.97
2020-09-14,11.82,12.04,11.49,11.88,105602.07
2020-09-15,11.91,12.05,11.72,12.02,107202.96
2020-09-16,11.9,11.98,11.67,11.74,104469.79
2020-09-17,11.65,11.72,11.48,11.6,118283.99
2020-09-18,11.76,12.67,11.76,12.6,348539.96
2020-09-21,12.65,12.85,12.6,12.64,312575.2
2020-09-22,12.5,12.51,12.04,12.06,199942.0
2020-09-23,12.06,12.16,11.69,11.78,167701.08
2020-09-24,11.51,11.59,11.25,11.25,241183.5
2020-09-25,11.36,11.43,11.13,11.2,151020.69
2020-09-28,11.27,11.32,11.02,11.05,148800.12
2020-09-29,11.21,11.21,10.79,10.86,217072.03
2020-09-30,10.89,10.9,10.68,10.78,131158.73
2020-10-09,11.08,11.24,11.02,11.16,177712.71
2020-10-12,11.18,11.55,11.18,11.52,168823.27
2020-10-13,11.51,11.55,11.28,11.46,118053.79
2020-10-14,11.38,11.38,11.19,11.23,105395.0
2020-10-15,11.25,11.4,11.21,11.25,65743.6
2020-10-16,11.32,11.44,11.21,11.27,97380.24
2020-10-19,11.31,11.76,11.25,11.41,185424.88
2020-10-20,11.34,11.36,11.06,11.34,116695.82
2020-10-21,11.63,11.69,11.36,11.55,191412.58
2020-10-22,11.46,11.76,11.28,11.44,151876.2
2020-10-23,11.32,11.63,11.26,11.45,147846.58
2020-10-26,11.4,11.62,11.24,11.54,163669.23
2020-10-27,11.4,11.43,11.09,11.23,162252.81
2020-10-28,11.23,12.03,11.17,11.88,346722.83
2020-10-29,11.62,12.02,11.33,11.83,292386.17
2020-10-30,11.74,11.74,11.41,11.41,163781.38
2020-11-02,11.4,11.68,11.31,11.66,143339.42
2020-11-03,11.74,12.81,11.74,12.71,622461.58
2020-11-04,12.53,12.59,12.09,12.25,356149.62
2020-11-05,12.46,12.55,12.17,12.37,245483.7
2020-11-06,12.51,12.75,12.38,12.56,220672.16
2020-11-09,12.94,13.14,12.76,12.81,432284.4
2020-11-10,12.81,13.07,12.64,12.73,351286.01
2020-11-11,12.69,13.24,12.64,12.91,425429.89
2020-11-12,12.74,12.74,12.41,12.49,253158.07
2020-11-13,12.5,12.7,12.29,12.53,211843.94
2020-11-16,12.79,14.12,12.72,14.05,1034971.06
2020-11-17,13.76,14.21,13.71,13.83,805399.32
2020-11-18,13.81,14.6,13.8,14.16,751612.13
2020-11-19,13.99,14.18,13.49,13.78,471002.27
2020-11-20,13.68,14.99,13.65,14.66,821907.64
2020-11-23,15.2,16.36,14.96,15.79,1048311.16
2020-11-24,15.79,17.06,15.32,16.76,966402.73
2020-11-25,16.76,17.36,16.22,16.35,869638.63
2020-11-26,16.46,17.18,16.22,17.18,895006.86
2020-11-27,17.0,17.66,16.26,17.46,957551.67
2020-11-30,17.61,19.49,17.51,18.61,1050625.23
2020-12-01,17.99,18.96,17.87,18.91,731507.86
2020-12-02,18.63,19.56,18.07,18.34,942592.01
2020-12-03,17.88,17.97,17.0,17.01,954738.45
2020-12-04,17.02,17.81,16.93,17.79,701088.87
2020-12-07,17.61,18.01,17.17,17.23,604501.9
2020-12-08,17.24,17.36,16.49,16.9,621114.71
2020-12-09,17.01,17.64,16.86,16.93,574053.92
2020-12-10,16.61,17.1,16.29,17.08,543582.01
2020-12-11,17.91,18.16,16.02,16.5,948543.15
2020-12-14,16.12,16.49,15.75,16.18,552058.79
2020-12-15,15.94,16.09,15.57,15.96,432882.06
2020-12-16,16.08,16.46,15.73,16.01,472062.51
2020-12-17,16.0,17.53,15.84,17.53,850027.39
2020-12-18,17.51,18.21,17.39,18.02,860491.62
2020-12-21,18.02,18.6,17.44,18.6,795475.44
2020-12-22,17.96,18.06,16.4,16.4,979790.27
2020-12-23,16.26,16.9,16.01,16.58,612812.87
2020-12-24,16.81,16.9,15.9,16.22,434206.41
2020-12-25,15.98,17.45,15.88,17.2,569566.77
2020-12-28,17.16,17.82,17.09,17.45,576289.12
2020-12-29,17.41,17.44,16.26,16.35,494575.26
2020-12-30,16.25,16.86,16.15,16.67,359582.79
2020-12-31,16.5,16.81,16.17,16.56,478959.19
2021-01-04,16.63,18.02,16.63,17.99,791013.61
2021-01-05,17.8,18.09,17.33,17.6,754029.87
2021-01-06,18.31,18.57,17.34,17.68,938360.0
2021-01-07,17.68,19.55,17.68,19.42,1328560.21
2021-01-08,19.91,21.57,18.83,21.45,1352700.21
2021-01-11,20.61,21.01,19.51,19.71,1151445.75
2021-01-12,18.71,20.05,18.46,19.96,836376.84
2021-01-13,19.76,20.96,19.01,19.16,924198.67
2021-01-14,19.41,19.42,18.01,18.41,622873.02
2021-01-15,18.8,19.15,17.94,18.46,554200.57
2021-01-18,17.96,18.83,17.27,18.58,521549.89
2021-01-19,18.5,18.51,17.42,17.48,512047.95
2021-01-20,17.47,18.07,17.41,17.98,388219.62
2021-01-21,17.99,19.66,17.8,19.53,776070.89
2021-01-22,19.06,19.3,18.54,18.92,562058.36
2021-01-25,18.87,20.01,18.61,19.33,647154.68
2021-01-26,18.91,19.0,17.62,17.78,600492.03
2021-01-27,17.78,18.01,16.94,17.48,394599.3
2021-01-28,16.43,16.87,15.92,16.0,562944.97
2021-01-29,16.32,16.43,15.03,15.45,488449.19
2021-02-01,15.45,16.23,15.31,16.16,379709.77
2021-02-02,16.11,16.5,15.83,16.16,301970.32
2021-02-03,16.11,16.66,15.64,16.0,407043.65
2021-02-04,16.1,16.51,15.4,15.91,399311.43
2021-02-05,15.99,16.21,15.22,15.27,366540.95
2021-02-08,15.81,16.54,15.61,16.4,401617.81
2021-02-09,16.92,17.89,16.82,17.78,568924.37
2021-02-10,17.7,19.76,17.61,19.53,814647.68
2021-02-18,21.82,21.82,21.11,21.82,938766.47
2021-02-19,21.82,24.15,21.56,23.55,1680233.11
2021-02-22,25.57,26.24,24.89,26.24,907200.31
2021-02-23,26.24,28.31,25.3,26.93,2019870.14
2021-02-24,26.59,27.11,24.69,24.9,1597580.79
2021-02-25,26.41,26.41,24.81,25.11,1302388.06
2021-02-26,23.33,25.79,23.31,24.51,1195414.94
2021-03-01,24.11,25.19,23.71,24.81,1135336.66
2021-03-02,24.03,24.11,22.63,23.26,1079500.6
2021-03-03,23.71,23.83,22.91,23.46,857079.04
2021-03-04,22.51,23.2,22.01,22.11,868822.73
2021-03-05,20.87,22.11,20.54,21.65,757845.91
2021-03-08,22.36,22.61,20.66,20.66,704046.2
2021-03-09,21.06,22.16,19.99,21.13,991236.7
2021-03-10,20.83,21.35,20.62,20.86,488088.64
2021-03-11,21.02,23.29,21.02,23.29,1143102.47
2021-03-12,23.29,23.61,22.48,23.61,969943.3
2021-03-15,23.76,24.5,22.87,23.39,847028.05
2021-03-16,23.01,23.1,21.32,21.73,812913.44
2021-03-17,20.91,21.79,20.51,21.61,589902.35
2021-03-18,21.99,22.26,21.21,21.27,539427.83
2021-03-19,20.63,21.28,20.51,20.72,439410.53
2021-03-22,20.82,21.26,20.29,21.14,443003.21
2021-03-23,21.44,21.57,19.71,19.91,604156.75
2021-03-24,19.41,19.5,18.16,18.23,702554.96
2021-03-25,18.24,18.68,18.22,18.25,373131.4
2021-03-26,18.19,18.81,18.05,18.64,409425.7
2021-03-29,18.81,18.84,18.27,18.63,372523.73
2021-03-30,18.31,19.3,17.83,19.14,627735.15
2021-03-31,18.8,18.9,18.39,18.73,323860.23
2021-04-01,18.62,19.05,18.33,18.81,327734.58
2021-04-02,18.72,19.8,18.58,19.71,555285.31
2021-04-06,20.31,20.49,19.67,19.69,466429.06
2021-04-07,19.44,19.98,19.03,19.86,413237.29
2021-04-08,20.11,22.19,20.11,22.07,1208798.22
2021-04-09,22.05,22.05,21.08,21.21,783499.84
2021-04-12,20.77,20.98,19.77,20.01,543733.63
2021-04-13,19.78,20.21,19.74,20.09,329562.15
2021-04-14,20.12,20.48,19.91,20.29,336521.85
2021-04-15,20.71,22.11,20.64,21.88,785941.78
2021-04-16,22.81,22.84,21.55,21.66,806262.86
2021-04-19,21.37,23.38,21.08,23.11,798100.52
2021-04-20,22.51,23.47,22.23,22.61,703378.24
2021-04-21,21.97,22.26,21.63,22.14,456440.71
2021-04-22,22.48,22.99,22.16,22.2,500834.65
2021-04-23,22.09,22.7,21.94,22.53,462269.55
2021-04-26,23.03,24.05,22.73,23.39,920117.62
2021-04-27,23.72,24.86,23.61,24.72,1017363.04
2021-04-28,23.77,23.95,23.11,23.66,766696.06
2021-04-29,24.39,24.49,23.78,23.94,592150.98
2021-04-30,23.51,23.6,22.78,23.17,604345.62
2021-05-06,24.39,24.68,23.63,24.06,678033.68
2021-05-07,24.61,25.32,24.33,24.64,816645.89
2021-05-10,25.62,27.43,25.41,27.42,1056377.51
2021-05-11,26.11,26.66,24.82,25.83,921560.43
2021-05-12,25.86,26.38,25.31,26.13,519711.41
2021-05-13,24.87,24.99,23.68,23.79,767880.32
2021-05-14,23.54,23.84,22.69,23.17,756152.08
2021-05-17,22.73,23.81,22.73,23.62,555682.74
2021-05-18,24.01,24.28,23.72,24.11,468616.56
2021-05-19,23.61,23.62,23.0,23.28,464259.8
2021-05-20,21.63,22.21,21.21,22.03,580427.27
2021-05-21,21.91,22.72,21.76,22.38,398163.9
2021-05-24,21.89,22.1,21.41,21.74,451730.92
2021-05-25,21.82,22.48,21.51,22.2,525387.42
2021-05-26,21.9,22.36,21.62,22.35,509806.71
2021-05-27,22.04,22.29,21.82,22.11,451548.18
2021-05-28,23.11,23.24,22.28,22.43,655011.7
2021-05-31,22.69,22.99,22.46,22.85,414394.04
2021-06-01,22.66,22.98,22.03,22.9,417936.68
2021-06-02,22.61,22.8,22.14,22.14,328999.09
2021-06-03,21.91,22.59,21.82,22.12,300482.97
2021-06-04,21.21,21.75,20.92,21.41,405646.36
2021-06-07,21.45,21.76,21.39,21.44,245502.9
2021-06-08,21.49,21.61,20.61,20.71,383143.68
2021-06-09,20.9,21.3,20.69,21.03,279332.23
2021-06-10,20.87,21.09,20.68,20.83,243232.15
2021-06-11,20.81,21.36,20.24,21.22,489002.92
2021-06-15,20.74,20.75,19.59,19.7,505842.06
2021-06-16,19.31,19.56,18.71,18.85,385568.49
2021-06-17,18.73,19.1,18.66,18.85,238322.27
2021-06-18,18.39,18.97,18.03,18.88,315083.62
2021-06-21,18.59,18.87,18.51,18.69,251578.58
2021-06-22,18.88,19.42,18.76,19.25,360510.56
2021-06-23,19.41,19.65,19.22,19.43,286855.95
2021-06-24,19.61,19.71,19.13,19.24,238343.66
2021-06-25,19.49,20.16,19.36,20.08,413139.76
2021-06-28,19.81,19.82,19.41,19.51,276166.0
2021-06-29,19.44,19.48,18.87,18.91,233749.24
2021-06-30,18.85,19.21,18.8,18.99,163307.33
2021-07-01,19.02,19.1,18.54,18.56,188344.18
2021-07-02,18.48,19.24,18.24,18.67,266272.05
2021-07-05,18.67,19.92,18.66,19.91,484717.51
2021-07-06,19.96,20.15,19.41,20.14,383657.28
2021-07-07,19.41,20.2,19.27,20.03,348812.6
2021-07-08,19.92,20.75,19.45,19.51,422500.17
2021-07-09,19.24,21.46,19.12,21.01,793900.43
2021-07-12,21.98,22.28,21.17,21.22,773262.87
2021-07-13,21.21,21.49,20.73,21.01,389025.5
2021-07-14,20.81,20.82,20.01,20.14,392623.88
2021-07-15,20.06,21.33,19.83,21.32,527450.36
2021-07-16,22.05,22.23,21.31,21.5,735386.2
2021-07-19,21.19,21.97,21.11,21.35,534527.2
2021-07-20,20.4,20.7,20.12,20.53,422992.63
2021-07-21,20.7,21.1,20.54,20.78,393725.99
2021-07-22,20.81,22.15,20.53,22.14,763592.19
2021-07-23,22.15,23.47,21.96,22.58,856312.13
2021-07-26,23.43,23.82,22.46,23.21,993782.88
2021-07-27,24.01,24.91,23.12,23.21,1138210.07
2021-07-28,22.71,22.89,21.26,21.81,662955.87
2021-07-29,22.38,22.69,21.89,22.59,567509.15
2021-07-30,22.12,22.65,21.82,22.53,530080.25
2021-08-02,22.38,23.29,21.57,23.15,697796.01
2021-08-03,22.46,22.5,20.91,21.21,687717.4
2021-08-04,21.22,21.75,20.94,21.57,375318.06
2021-08-05,21.08,21.23,20.29,20.48,608512.98
2021-08-06,20.41,21.64,20.36,21.49,543842.47
2021-08-09,20.72,21.33,20.39,21.18,396466.32
2021-08-10,20.92,21.14,20.56,21.0,343658.48
2021-08-11,21.48,21.58,21.0,21.12,394120.08
2021-08-12,21.09,22.21,20.79,22.21,706623.38
2021-08-13,21.81,22.19,21.54,21.98,492898.81
2021-08-16,22.51,22.68,20.87,20.95,560756.95
2021-08-17,20.71,21.47,20.22,20.46,460902.38
2021-08-18,20.17,20.67,19.93,20.45,300207.71
2021-08-19,19.88,19.89,19.36,19.57,421658.98
2021-08-20,19.51,19.52,19.11,19.41,301068.92
2021-08-23,19.71,19.96,19.56,19.84,300044.96
2021-08-24,19.99,20.99,19.99,20.69,526480.81
2021-08-25,20.71,21.32,20.4,21.26,529665.25
2021-08-26,20.91,22.15,20.85,21.46,689111.8
2021-08-27,21.42,22.18,21.42,22.13,658612.19
2021-08-30,22.73,23.0,22.06,22.55,812128.57
2021-08-31,22.21,23.3,21.71,23.24,869643.93
2021-09-01,23.01,23.58,21.22,21.58,855485.3
2021-09-02,21.22,23.06,21.21,22.43,652418.69
2021-09-03,22.43,24.71,22.27,23.01,1105511.15
2021-09-06,23.56,23.69,21.72,22.66,643316.35
2021-09-07,22.66,23.38,22.41,23.07,614968.12
2021-09-08,22.9,23.68,22.54,23.29,740616.81
2021-09-09,22.96,24.87,22.79,24.81,1192931.3
2021-09-10,24.71,26.3,24.52,25.29,1255572.02
2021-09-13,26.06,27.93,25.77,27.66,1301004.48
2021-09-14,26.69,26.69,24.99,25.28,1126640.57
2021-09-15,24.77,25.51,24.32,25.06,654953.01
2021-09-16,25.33,25.86,23.71,23.9,842298.29
2021-09-17,23.61,24.15,22.37,23.0,634666.99
2021-09-22,22.23,22.8,21.92,22.76,545526.0
2021-09-23,23.1,23.36,22.25,22.51,477113.95
2021-09-24,22.56,23.01,21.5,21.58,526609.75
2021-09-27,21.37,21.77,20.16,20.33,569119.09
2021-09-28,20.39,20.82,20.33,20.71,313816.42
2021-09-29,20.51,20.59,19.73,20.35,334210.1
2021-09-30,20.37,21.26,20.32,21.17,341332.92
2021-10-08,21.6,21.6,20.75,21.05,247720.28
2021-10-11,21.06,21.67,20.58,21.66,316430.22
2021-10-12,21.5,21.66,20.41,21.01,307006.27
2021-10-13,20.9,21.15,20.42,21.0,206405.78
2021-10-14,21.41,22.54,21.23,22.14,557855.81
2021-10-15,22.68,23.36,22.26,22.36,569555.92
2021-10-18,23.16,23.55,22.69,23.5,598430.31
2021-10-19,23.0,23.45,22.61,23.31,438916.95
2021-10-20,22.37,22.58,22.13,22.32,403974.76
2021-10-21,22.56,22.88,22.08,22.11,389520.61
2021-10-22,21.71,22.16,21.15,21.2,396171.78
2021-10-25,21.2,21.59,20.83,21.4,238376.43
2021-10-26,21.42,21.63,21.12,21.31,234340.94
2021-10-27,21.01,21.14,20.58,20.7,286308.51
2021-10-28,20.41,20.54,19.54,19.87,395560.13
2021-10-29,19.71,20.25,19.66,20.0,276966.15
2021-11-01,19.71,20.34,19.58,20.1,221727.07
2021-11-02,20.14,20.35,19.32,19.65,307901.22
2021-11-03,19.62,20.27,19.51,20.27,220438.66
2021-11-04,20.02,20.18,19.92,20.08,192593.55
2021-11-05,19.71,19.77,19.37,19.37,270125.85
2021-11-08,19.53,19.91,19.53,19.77,169461.14
2021-11-09,19.93,19.99,19.59,19.83,144160.58
2021-11-10,19.68,19.68,19.33,19.63,170938.22
2021-11-11,19.61,20.04,19.52,19.96,178877.78
2021-11-12,20.19,20.32,19.84,19.93,175132.68
2021-11-15,20.01,20.15,19.61,19.81,146154.83
2021-11-16,19.73,19.89,19.51,19.56,150146.6
2021-11-17,19.33,19.77,19.33,19.6,130075.99
2021-11-18,19.43,19.94,19.37,19.71,210312.41
2021-11-19,19.72,20.27,19.61,20.21,283093.34
2021-11-22,20.18,20.34,20.02,20.14,217120.51
2021-11-23,20.22,20.59,20.14,20.23,262034.85
2021-11-24,20.15,20.35,19.94,20.35,197511.89
2021-11-25,20.51,20.7,20.3,20.63,269349.96
2021-11-26,20.29,20.5,20.08,20.2,213681.86
2021-11-29,19.51,19.89,19.42,19.67,211988.13
2021-11-30,19.72,19.94,19.42,19.5,211230.4
2021-12-01,19.42,19.71,19.22,19.71,171360.38
2021-12-02,19.51,19.62,19.37,19.43,168563.18
2021-12-03,19.45,19.7,19.4,19.63,156111.94
2021-12-06,19.56,20.21,19.56,19.77,268022.6
2021-12-07,19.87,20.14,19.52,19.91,195133.86
2021-12-08,19.91,20.3,19.91,20.24,272741.45
2021-12-09,20.31,20.4,20.06,20.23,247051.66
2021-12-10,20.14,20.21,19.94,20.02,164632.01
2021-12-13,20.07,20.19,19.86,20.06,190837.97
2021-12-14,19.91,19.94,19.58,19.61,212409.87
2021-12-15,19.59,19.68,19.49,19.52,141310.86
2021-12-16,19.52,20.03,19.5,19.95,212489.93
2021-12-17,20.18,20.51,19.97,20.0,281566.62
2021-12-20,19.9,20.05,19.46,19.49,201650.58
2021-12-21,19.56,19.64,19.44,19.64,128271.4
2021-12-22,19.7,19.74,19.54,19.59,108631.53
2021-12-23,19.72,19.9,19.57,19.86,179384.6
2021-12-24,19.76,19.79,19.38,19.42,184947.04
2021-12-27,19.4,19.46,19.22,19.24,124778.37
2021-12-28,19.44,19.49,19.25,19.34,106209.89
2021-12-29,19.25,19.39,19.22,19.25,107692.39
2021-12-30,19.23,19.29,18.94,18.96,193047.06
2021-12-31,18.84,19.07,18.84,19.04,108585.8
2022-01-04,19.0,19.15,18.89,19.09,130855.57
2022-01-05,19.19,19.23,18.91,19.13,135055.39
2022-01-06,18.97,19.08,18.93,19.02,94663.11
2022-01-07,18.97,19.2,18.94,19.06,128704.57
2022-01-10,19.06,19.26,19.04,19.2,111039.06
2022-01-11,19.11,19.39,19.07,19.29,151788.55
2022-01-12,19.53,19.88,19.47,19.85,319023.63
2022-01-13,20.31,20.48,19.76,19.77,385167.85
2022-01-14,19.7,19.7,19.24,19.28,196676.37
2022-01-17,19.02,19.18,18.84,19.08,181522.72
2022-01-18,19.13,19.3,18.98,19.18,146712.14
2022-01-19,19.07,19.27,18.86,18.99,153990.77
2022-01-20,19.11,19.47,19.11,19.28,189128.05
2022-01-21,19.22,19.36,18.92,19.14,127140.01
2022-01-24,19.01,19.01,18.22,18.45,200643.21
2022-01-25,18.3,18.46,17.39,17.4,215193.66
2022-01-26,17.43,17.7,17.22,17.66,139884.33
2022-01-27,17.66,17.66,16.95,16.95,139012.1
2022-01-28,17.11,17.16,16.54,16.89,132003.64
2022-02-07,17.21,17.77,17.21,17.46,151496.94
2022-02-08,17.6,17.85,17.33,17.84,189477.08
2022-02-09,17.82,18.62,17.81,18.54,291906.94
2022-02-10,18.96,19.42,18.96,19.33,406532.02
2022-02-11,19.26,19.5,19.02,19.04,284513.32
2022-02-14,18.72,19.23,18.63,18.89,153305.06
2022-02-15,18.86,19.06,18.47,18.7,126685.87
2022-02-16,18.73,19.04,18.71,18.78,119873.6
2022-02-17,18.71,18.95,18.63,18.82,118787.46
2022-02-18,18.82,19.21,18.69,19.04,189138.96
2022-02-21,18.93,18.98,18.71,18.87,127066.46
2022-02-22,18.78,19.02,18.45,18.76,140529.09
2022-02-23,18.92,18.98,18.57,18.8,142097.22
2022-02-24,18.57,18.73,17.97,18.21,243401.92
2022-02-25,18.44,18.96,18.32,18.42,251631.8
2022-02-28,18.72,18.87,18.22,18.87,177231.95
2022-03-01,18.81,18.91,18.39,18.57,160330.8
2022-03-02,18.65,19.39,18.61,19.2,377774.3
2022-03-03,19.59,20.25,19.52,19.82,468882.27
2022-03-04,19.68,20.05,19.33,19.47,280024.48
2022-03-07,20.21,20.29,19.37,19.57,301692.92
2022-03-08,19.01,19.01,17.45,18.12,448612.86
2022-03-09,17.8,17.85,16.42,17.01,387816.77
2022-03-10,17.26,17.36,16.91,17.08,260559.3
2022-03-11,16.81,17.41,16.32,17.29,234098.17
2022-03-14,16.93,17.21,16.43,16.43,214712.8
2022-03-15,16.23,16.25,14.61,14.69,363470.99
2022-03-16,15.03,15.5,14.42,15.4,240411.68
2022-03-17,15.71,16.04,15.51,15.71,238076.89
2022-03-18,15.85,16.23,15.73,16.16,195071.77
2022-03-21,16.25,16.34,15.84,16.11,179076.96
2022-03-22,16.31,16.47,16.06,16.34,151215.06
2022-03-23,16.22,16.36,16.07,16.24,108673.14
2022-03-24,16.33,16.63,16.24,16.37,160594.06
2022-03-25,16.03,16.6,16.03,16.32,148909.62
2022-03-28,16.29,16.69,15.86,16.5,156994.56
2022-03-29,16.6,16.75,16.31,16.35,102177.16
2022-03-30,16.37,16.52,16.19,16.46,134357.57
2022-03-31,16.31,16.43,15.87,15.99,153584.06
2022-04-01,15.75,16.19,15.7,16.1,105212.0
2022-04-06,16.1,16.45,15.84,16.42,183033.0
2022-04-07,16.23,16.33,15.93,15.96,106155.0
2022-04-08,15.95,16.63,15.57,16.4,198375.0
2022-04-11,16.21,16.51,15.61,15.68,217046.0
2022-04-12,15.47,15.98,15.28,15.95,139413.0
2022-04-13,15.94,17.27,15.81,16.93,429913.0
2022-04-14,17.01,17.48,16.82,17.17,276663.0
2022-04-15,17.17,17.53,16.76,16.96,227169.0
2022-04-18,16.71,16.87,16.33,16.43,165561.0
2022-04-19,16.59,17.06,16.56,16.75,157245.0
2022-04-20,16.65,16.65,15.89,16.0,190676.0
2022-04-21,15.92,15.96,15.06,15.19,218561.0
2022-04-22,15.11,15.29,14.66,15.14,122675.0
2022-04-25,14.51,14.56,13.71,13.71,243431.0
2022-04-26,13.61,13.71,12.71,12.8,240410.0
2022-04-27,12.49,13.55,12.43,13.53,191465.0
2022-04-28,13.46,14.01,13.32,13.74,175034.0
2022-04-29,13.81,14.38,13.75,14.33,164051.0
2022-05-05,14.16,14.5,14.06,14.32,141627.0
2022-05-06,13.79,13.87,13.51,13.59,159286.0
2022-05-09,13.41,13.71,13.26,13.4,138971.0
2022-05-10,13.13,13.51,12.86,13.5,203696.0
2022-05-11,13.4,14.21,13.35,13.77,201073.0
2022-05-12,13.61,13.88,13.48,13.67,126453.0
2022-05-13,13.66,13.81,13.51,13.73,94429.0
2022-05-16,13.81,14.03,13.74,13.96,151302.0
2022-05-17,14.02,14.2,13.82,14.12,141014.0
2022-05-18,14.13,14.18,13.88,13.96,112284.0
2022-05-19,13.64,13.93,13.49,13.91,111912.0
2022-05-20,14.09,14.65,14.08,14.62,243964.0
2022-05-23,14.72,15.11,14.52,14.91,181618.0
2022-05-24,14.81,15.04,14.22,14.22,181009.0
2022-05-25,14.22,14.7,14.21,14.56,122950.0
2022-05-26,14.58,14.89,14.39,14.77,137867.0
2022-05-27,14.86,14.97,14.5,14.65,117489.0
2022-05-30,14.74,14.87,14.51,14.69,88022.0
2022-05-31,14.7,14.86,14.47,14.83,130771.0
2022-06-01,14.72,14.72,14.46,14.71,112310.0
2022-06-02,14.67,14.9,14.51,14.82,107277.0
2022-06-06,14.91,15.51,14.89,15.35,200103.0
2022-06-07,15.39,15.45,15.12,15.26,130193.0
2022-06-08,15.28,15.48,15.02,15.43,162018.0
2022-06-09,15.42,15.54,15.13,15.37,156778.0
2022-06-10,15.11,15.61,14.93,15.56,201032.0
2022-06-13,15.31,15.44,15.14,15.31,172066.0
2022-06-14,15.11,15.52,14.81,15.52,191391.0
2022-06-15,15.44,15.92,15.36,15.5,206726.0
2022-06-16,15.52,15.81,15.26,15.28,186989.0
2022-06-17,15.18,15.35,14.99,15.21,151595.0
2022-06-20,15.19,15.29,15.0,15.02,171818.0
2022-06-21,15.06,15.11,14.39,14.55,238589.0
2022-06-22,14.65,14.72,14.31,14.34,125025.0
2022-06-23,14.26,14.52,13.98,14.49,162775.0
2022-06-24,14.3,14.39,14.12,14.2,197255.0
2022-06-27,14.24,14.76,14.14,14.63,196171.0
2022-06-28,14.6,15.36,14.54,15.23,269721.0
2022-06-29,15.23,15.24,14.54,14.56,200865.0
2022-06-30,14.57,14.71,14.52,14.54,143385.0
2022-07-01,14.49,14.53,14.21,14.43,148328.0
2022-07-04,14.31,14.45,14.17,14.43,138729.0
2022-07-05,14.43,14.8,14.33,14.54,179179.0
2022-07-06,14.3,14.3,13.72,13.86,253705.0
2022-07-07,13.86,14.3,13.82,14.16,176412.0
2022-07-08,14.53,14.61,13.96,14.02,157572.0
2022-07-11,13.89,13.89,13.51,13.61,185513.0
2022-07-12,13.53,13.76,13.5,13.59,108130.0
2022-07-13,13.56,13.61,13.36,13.47,131425.0
2022-07-14,13.5,13.53,13.33,13.41,105951.0
2022-07-15,13.35,13.42,13.15,13.19,129467.0
2022-07-18,13.31,13.92,13.29,13.89,210060.0
2022-07-19,13.87,14.24,13.77,14.06,154229.0
2022-07-20,14.09,14.21,14.01,14.1,109033.0
2022-07-21,14.07,14.16,13.89,13.96,104231.0
2022-07-22,13.96,14.16,13.79,14.08,103063.0
2022-07-25,14.07,14.08,13.72,13.79,110354.0
2022-07-26,13.79,14.16,13.76,14.11,106304.0
2022-07-27,14.03,14.08,13.94,14.03,65589.0
2022-07-28,14.19,14.33,14.12,14.24,104730.0
2022-07-29,14.31,14.37,14.03,14.07,91183.0
2022-08-01,14.08,14.23,13.92,14.1,101045.0
2022-08-02,13.91,13.91,13.39,13.65,123376.0
2022-08-03,13.56,13.81,13.49,13.51,94417.0
2022-08-04,13.58,13.64,13.34,13.48,69712.0
2022-08-05,13.51,14.27,13.5,14.2,172222.0
2022-08-08,14.2,14.47,14.07,14.33,107731.0
2022-08-09,14.3,14.37,14.17,14.3,99191.0
2022-08-10,14.37,14.54,14.15,14.23,118129.0
2022-08-11,14.41,14.52,14.27,14.51,166563.0
2022-08-12,14.53,14.69,14.49,14.56,134116.0
2022-08-15,14.4,14.59,14.32,14.51,117707.0
2022-08-16,14.51,14.58,14.34,14.4,88870.0
2022-08-17,14.44,14.49,14.19,14.33,90221.0
2022-08-18,14.33,14.33,14.12,14.17,79853.0
2022-08-19,14.21,14.29,14.06,14.06,83405.0
2022-08-22,14.11,14.38,13.91,14.36,112586.0
2022-08-23,14.26,14.34,14.13,14.22,84356.0
2022-08-24,14.33,14.6,13.87,13.92,184482.0
2022-08-25,13.95,14.37,13.82,14.36,147595.0
2022-08-26,14.24,14.45,14.17,14.23,153237.0
2022-08-29,13.87,14.14,13.77,14.08,120655.0
2022-08-30,14.06,14.15,13.87,13.93,96252.0
2022-08-31,13.88,13.88,13.57,13.59,140121.0
2022-09-01,13.6,13.7,13.5,13.54,96640.0
2022-09-02,13.55,13.58,13.37,13.38,119546.0
2022-09-05,13.34,13.52,13.21,13.52,97001.0
2022-09-06,13.53,13.86,13.53,13.84,150609.0
2022-09-07,13.76,14.16,13.7,14.13,198797.0
2022-09-08,14.1,14.27,14.05,14.15,122912.0
2022-09-09,14.35,14.66,14.29,14.54,223833.0
2022-09-13,14.54,14.75,14.49,14.51,158061.0
2022-09-14,14.17,14.45,14.13,14.2,117489.0
2022-09-15,14.38,14.42,13.83,14.01,121648.0
2022-09-16,14.01,14.03,13.31,13.31,194146.0
2022-09-19,13.36,13.41,13.09,13.14,144891.0
2022-09-20,13.28,13.41,13.24,13.32,99129.0
2022-09-21,13.24,13.62,13.08,13.49,101309.0
2022-09-22,13.35,13.7,13.31,13.56,92445.0
2022-09-23,13.55,13.66,13.27,13.38,79641.0
2022-09-26,13.15,13.17,12.61,12.64,169086.0
2022-09-27,12.68,12.75,12.38,12.7,115376.0
2022-09-28,12.52,12.6,12.27,12.27,104680.0
2022-09-29,12.44,12.52,12.24,12.33,93726.0
2022-09-30,12.42,12.58,12.3,12.45,77340.0
2022-10-10,12.51,12.69,12.31,12.37,98957.0
2022-10-11,12.47,12.53,12.25,12.5,68617.0
2022-10-12,12.84,13.26,12.52,13.05,231081.0
2022-10-13,12.82,12.95,12.7,12.82,108873.0
2022-10-14,12.85,13.08,12.85,13.05,118066.0
2022-10-17,12.93,13.02,12.81,12.98,104777.0
2022-10-18,13.03,13.08,12.84,12.9,81372.0
2022-10-19,12.86,12.94,12.65,12.66,73447.0
2022-10-20,12.63,12.78,12.48,12.68,69519.0
2022-10-21,12.77,12.89,12.66,12.72,75186.0
2022-10-24,12.9,13.05,12.56,12.68,109537.0
2022-10-25,12.59,12.81,12.3,12.63,76140.0
2022-10-26,12.65,12.86,12.56,12.81,80551.0
2022-10-27,12.97,13.15,12.94,13.02,143055.0
2022-10-28,12.83,12.85,12.51,12.61,129750.0
2022-10-31,12.54,12.8,12.41,12.61,99874.0
2022-11-01,12.67,12.96,12.57,12.95,118338.0
2022-11-02,12.93,13.31,12.88,13.19,155484.0
2022-11-03,13.02,13.27,12.97,13.15,103222.0
2022-11-04,13.16,13.55,13.12,13.5,161256.0
2022-11-07,14.16,14.46,14.04,14.24,399935.0
2022-11-08,14.16,14.35,14.01,14.2,213523.0
2022-11-09,14.51,14.55,14.15,14.23,197164.0
2022-11-10,14.09,14.35,13.95,14.23,145641.0
2022-11-11,14.83,15.02,14.61,14.9,374364.0
2022-11-14,14.93,15.05,14.39,14.48,251864.0
2022-11-15,14.37,14.68,14.17,14.61,159774.0
2022-11-16,14.5,14.81,14.43,14.64,144647.0
2022-11-17,14.5,14.62,14.29,14.45,103202.0
2022-11-18,14.41,14.41,14.23,14.23,90815.0
2022-11-21,14.12,14.12,13.79,14.04,84769.0
2022-11-22,13.99,14.32,13.92,13.98,115580.0
2022-11-23,14.12,14.37,14.05,14.12,117514.0
2022-11-24,14.21,14.34,14.1,14.15,72502.0
2022-11-25,14.12,14.47,14.1,14.4,109348.0
2022-11-28,14.01,14.3,13.76,14.27,123904.0
2022-11-29,14.31,14.57,14.28,14.55,124861.0
2022-11-30,14.51,14.78,14.46,14.59,134485.0
2022-12-01,15.01,15.07,14.65,14.72,144676.0
2022-12-02,14.72,14.78,14.41,14.52,94358.0
2022-12-05,14.66,15.21,14.62,15.12,239287.0
2022-12-06,14.95,15.09,14.81,14.97,152283.0
2022-12-07,14.86,14.95,14.62,14.71,117570.0
2022-12-08,14.78,14.86,14.66,14.77,83621.0
2022-12-09,14.78,15.3,14.78,15.29,250273.0
2022-12-12,15.06,15.08,14.52,14.57,210983.0
2022-12-13,14.51,14.95,14.51,14.77,126157.0
2022-12-14,14.83,15.09,14.83,14.88,100943.0
2022-12-15,14.77,14.83,14.56,14.67,83613.0
2022-12-16,14.51,14.69,14.46,14.68,90102.0
2022-12-19,14.72,14.85,14.17,14.25,103478.0
2022-12-20,14.32,14.43,14.11,14.18,67888.0
2022-12-21,14.31,14.42,14.16,14.25,61031.0
2022-12-22,14.33,14.44,13.92,14.02,72413.0
2022-12-23,13.82,14.06,13.81,14.0,45272.0
2022-12-26,14.0,14.06,13.84,13.98,49164.0
2022-12-27,14.03,14.67,14.01,14.56,106785.0
2022-12-28,14.42,15.04,14.37,14.85,206096.0
2022-12-29,14.74,14.85,14.57,14.67,83421.0
2022-12-30,14.71,14.81,14.57,14.64,68885.0
2023-01-03,14.58,14.74,14.18,14.71,101359.0
2023-01-04,14.49,14.64,14.38,14.43,77552.0
2023-01-05,14.5,14.54,14.31,14.43,86227.0
2023-01-06,14.47,14.68,14.46,14.55,82814.0
2023-01-09,14.83,15.6,14.78,15.49,346515.0
2023-01-10,15.52,15.71,15.36,15.56,198623.0
2023-01-11,15.8,15.93,15.64,15.77,222563.0
2023-01-12,15.97,16.16,15.66,15.7,162185.0
2023-01-13,15.79,16.0,15.58,15.73,124338.0
2023-01-16,15.79,15.84,15.49,15.65,157012.0
2023-01-17,15.7,15.71,15.46,15.57,112904.0
2023-01-18,15.89,16.41,15.74,16.25,272134.0
2023-01-19,16.09,16.63,16.08,16.49,222580.0
2023-01-20,16.5,16.96,16.5,16.81,204314.0
2023-01-30,17.06,17.09,16.52,16.61,226036.0
2023-01-31,16.47,16.87,16.44,16.65,146082.0
2023-02-01,16.72,17.2,16.7,16.92,232084.0
2023-02-02,16.84,16.87,16.48,16.68,233670.0
2023-02-03,16.58,16.61,16.2,16.44,178519.0
2023-02-06,16.14,16.31,16.01,16.25,122678.0
2023-02-07,16.35,16.49,16.2,16.39,93210.0
2023-02-08,16.5,16.51,16.14,16.2,82859.0
2023-02-09,16.11,16.31,16.04,16.3,90386.0
2023-02-10,16.23,16.26,15.97,16.04,97972.0
2023-02-13,16.03,16.26,15.94,16.23,95452.0
2023-02-14,16.34,17.34,16.34,16.72,347874.0
2023-02-15,16.72,17.89,16.67,17.25,469410.0
2023-02-16,17.07,17.09,16.41,16.63,283251.0
2023-02-17,16.76,17.2,16.66,16.68,214268.0
2023-02-20,16.75,17.18,16.75,17.16,246805.0
2023-02-21,17.32,17.6,17.1,17.35,256291.0
2023-02-22,17.23,17.46,17.09,17.16,166329.0
2023-02-23,17.14,17.25,16.98,17.16,120241.0
2023-02-24,16.93,17.08,16.79,16.9,119380.0
2023-02-27,16.68,16.98,16.58,16.78,108049.0
2023-02-28,16.78,16.98,16.53,16.83,114121.0
2023-03-01,16.96,17.31,16.79,17.31,187802.0
2023-03-02,17.27,17.49,17.13,17.31,160501.0
2023-03-03,17.45,17.45,17.04,17.28,101373.0
2023-03-06,17.34,17.39,17.04,17.17,100811.0
2023-03-07,17.19,17.53,17.01,17.03,169120.0
2023-03-08,16.8,16.8,16.41,16.62,154823.0
2023-03-09,16.75,16.9,16.51,16.81,97792.0
2023-03-10,16.56,16.68,16.31,16.32,102151.0
2023-03-13,16.31,16.63,16.27,16.56,102240.0
2023-03-14,16.56,17.01,16.38,16.53,148895.0
2023-03-15,16.57,16.71,16.34,16.54,100986.0
2023-03-16,16.1,16.14,15.55,15.64,221392.0
2023-03-17,15.76,16.05,15.74,15.93,150231.0
2023-03-20,16.06,16.39,16.02,16.09,130396.0
2023-03-21,16.21,16.38,16.1,16.36,84872.0
2023-03-22,16.4,16.48,16.05,16.18,93614.0
2023-03-23,16.27,16.57,16.06,16.45,114262.0
2023-03-24,16.53,16.63,16.35,16.52,96976.0
2023-03-27,16.54,16.74,16.19,16.64,146007.0
2023-03-28,16.72,17.2,16.67,16.86,130968.0
2023-03-29,17.03,17.04,16.56,16.75,121089.0
2023-03-30,16.81,16.96,16.56,16.96,99464.0
2023-03-31,17.01,17.09,16.86,17.0,106184.0
2023-04-03,16.94,17.09,16.75,16.9,123754.0
2023-04-04,16.87,17.04,16.55,16.96,127132.0
2023-04-06,16.97,17.21,16.91,17.1,118708.0
2023-04-07,17.12,17.21,16.93,17.0,78975.0
2023-04-10,16.9,17.23,16.72,16.95,99813.0
2023-04-11,16.91,17.45,16.79,17.45,191616.0
2023-04-12,17.46,18.5,17.46,18.23,359407.0
2023-04-13,18.34,18.78,18.0,18.19,266020.0
2023-04-14,18.56,18.71,18.31,18.52,184277.0
2023-04-17,18.31,18.78,18.22,18.71,181372.0
2023-04-18,18.66,18.79,18.4,18.51,143631.0
2023-04-19,18.67,18.98,18.46,18.56,185931.0
2023-04-20,18.41,18.59,18.11,18.39,166391.0
2023-04-21,18.39,18.59,18.01,18.09,156676.0
2023-04-24,18.07,18.29,17.56,17.69,137502.0
2023-04-25,17.95,18.04,17.21,17.59,133958.0
2023-04-26,17.29,17.63,16.95,17.34,141843.0
2023-04-27,17.21,17.44,17.01,17.31,103659.0
2023-04-28,17.31,17.74,17.26,17.62,118710.0
2023-05-04,17.51,17.96,17.46,17.87,149034.0
2023-05-05,17.82,17.92,17.11,17.36,156914.0
2023-05-08,17.36,18.14,17.36,18.02,176136.0
2023-05-09,18.02,18.35,17.72,17.75,166174.0
2023-05-10,17.71,17.87,17.43,17.51,106543.0
2023-05-11,17.41,17.43,17.03,17.03,133148.0
2023-05-12,16.63,16.64,16.04,16.17,188693.0
2023-05-15,16.17,16.39,15.99,16.38,131139.0
2023-05-16,16.39,16.58,16.31,16.36,86223.0
2023-05-17,16.24,16.45,16.13,16.41,87580.0
2023-05-18,16.76,16.77,16.33,16.41,88747.0
2023-05-19,16.27,16.55,16.15,16.36,61744.0
2023-05-22,16.31,16.44,16.23,16.28,53990.0
2023-05-23,16.23,16.31,15.91,15.91,64559.0
2023-05-24,15.9,15.99,15.68,15.69,65727.0
2023-05-25,15.61,15.73,15.34,15.53,74829.0
2023-05-26,15.53,15.86,15.37,15.72,60120.0
2023-05-29,15.8,15.85,15.6,15.73,70184.0
2023-05-30,15.72,15.87,15.49,15.7,64673.0
2023-05-31,15.68,15.8,15.54,15.71,55924.0
2023-06-01,15.73,15.89,15.58,15.71,92845.0
2023-06-02,15.81,16.19,15.81,16.18,108878.0
2023-06-05,16.09,16.3,15.91,16.18,87778.0
2023-06-06,16.21,16.43,15.99,16.06,74941.0
2023-06-07,16.05,16.17,15.94,16.01,53806.0
2023-06-08,16.01,16.24,15.91,16.18,52926.0
2023-06-09,16.21,16.34,16.13,16.2,52926.0
2023-06-12,16.13,16.29,16.08,16.19,53517.0
2023-06-13,16.16,16.23,15.92,16.1,60981.0
2023-06-14,16.21,16.44,16.18,16.27,70987.0
2023-06-15,16.27,16.35,16.11,16.33,73707.0
2023-06-16,16.33,16.58,16.28,16.52,117689.0
2023-06-19,16.52,16.52,16.12,16.26,89394.0
2023-06-20,16.27,16.28,16.03,16.06,61511.0
2023-06-21,16.11,16.2,15.85,15.85,73074.0
2023-06-26,15.64,15.95,15.44,15.72,87285.0
2023-06-27,15.76,16.13,15.72,16.05,71520.0
2023-06-28,16.06,16.15,15.84,16.11,76122.0
2023-06-29,15.98,16.11,15.87,15.96,66249.0
2023-06-30,15.91,16.21,15.91,16.19,81910.0
2023-07-03,16.32,16.53,16.26,16.4,134484.0
2023-07-04,16.49,16.58,16.33,16.44,91641.0
2023-07-05,16.41,16.76,16.35,16.63,127351.0
2023-07-06,16.61,16.64,16.31,16.34,95105.0
2023-07-07,16.22,16.5,16.06,16.4,98636.0
2023-07-10,16.38,16.61,16.37,16.44,79220.0
2023-07-11,16.44,16.55,16.26,16.46,66057.0
2023-07-12,16.37,16.51,16.33,16.35,60550.0
2023-07-13,16.69,17.1,16.69,16.95,171863.0
2023-07-14,17.21,17.45,17.02,17.09,154706.0
2023-07-17,16.96,16.98,16.63,16.73,94484.0
2023-07-18,16.73,16.82,16.62,16.76,63739.0
2023-07-19,16.73,16.88,16.7,16.88,82578.0
2023-07-20,16.81,16.93,16.69,16.69,85682.0
2023-07-21,16.8,16.89,16.65,16.76,79093.0
2023-07-24,16.72,16.8,16.62,16.63,60338.0
2023-07-25,16.83,17.16,16.81,17.08,134723.0
2023-07-26,17.15,17.34,17.05,17.17,96249.0
2023-07-27,17.21,17.51,17.2,17.26,131165.0
2023-07-28,17.15,17.52,17.02,17.49,120384.0
2023-07-31,17.65,18.01,17.65,17.7,160747.0
2023-08-01,17.96,18.26,17.76,17.91,162153.0
2023-08-02,17.96,18.06,17.8,17.91,137209.0
2023-08-03,17.72,17.79,17.54,17.73,111541.0
2023-08-04,17.96,18.02,17.72,17.73,89886.0
2023-08-07,17.73,17.85,17.6,17.75,96938.0
2023-08-08,17.68,17.88,17.55,17.79,96941.0
2023-08-09,17.65,17.68,17.46,17.57,81816.0
2023-08-10,17.57,17.67,17.53,17.61,51250.0
2023-08-11,17.62,17.66,17.16,17.17,83743.0
2023-08-14,17.06,17.16,16.81,17.11,73798.0
2023-08-15,17.11,17.21,16.81,16.98,68170.0
2023-08-16,16.83,16.95,16.71,16.79,62029.0
2023-08-17,16.73,16.82,16.53,16.79,83829.0
2023-08-18,16.82,16.91,16.5,16.51,77946.0
2023-08-21,16.54,16.78,16.39,16.39,69641.0
2023-08-22,16.41,16.69,16.39,16.61,77991.0
2023-08-23,16.79,16.79,16.44,16.48,81133.0
2023-08-24,16.52,16.89,16.52,16.65,91234.0
2023-08-25,16.53,16.64,16.39,16.48,76052.0
2023-08-28,17.2,17.35,16.62,16.71,176082.0
2023-08-29,16.62,16.8,16.48,16.71,136519.0
2023-08-30,16.72,17.04,16.68,16.74,116981.0
2023-08-31,16.74,16.94,16.55,16.61,103935.0
2023-09-01,16.71,17.21,16.68,17.13,189363.0
2023-09-04,17.21,18.12,17.14,17.99,288836.0
2023-09-05,17.81,18.09,17.72,18.05,159055.0
2023-09-06,18.05,18.11,17.78,17.83,87120.0
2023-09-07,17.97,18.0,17.57,17.63,90290.0
2023-09-08,17.58,17.68,17.33,17.37,54653.0
2023-09-11,17.4,17.86,17.38,17.68,98241.0
2023-09-12,17.81,17.84,17.54,17.58,81357.0
2023-09-13,17.58,17.75,17.43,17.57,71011.0
2023-09-14,17.52,17.93,17.52,17.9,120671.0
2023-09-15,17.94,18.27,17.89,18.0,171602.0
2023-09-18,17.8,17.94,17.65,17.8,108751.0
2023-09-19,17.87,17.99,17.66,17.84,93492.0
2023-09-20,17.9,17.91,17.67,17.73,65605.0
2023-09-21,17.67,17.77,17.51,17.54,70763.0
2023-09-22,17.56,17.62,17.26,17.46,98374.0
2023-09-25,17.45,17.59,17.32,17.36,67408.0
2023-09-26,17.32,17.43,17.23,17.27,60404.0
2023-09-27,17.32,17.35,17.09,17.12,69479.0
2023-09-28,17.13,17.2,16.89,16.97,95172.0
2023-10-09,16.81,16.81,16.41,16.56,170316.0
2023-10-10,16.56,16.67,16.41,16.45,101644.0
2023-10-11,16.45,16.51,16.21,16.27,132052.0
2023-10-12,16.33,16.55,16.33,16.55,105296.0
2023-10-13,16.36,16.39,16.22,16.28,76475.0
2023-10-16,16.32,16.4,16.18,16.27,72227.0
2023-10-17,16.25,16.29,16.07,16.2,67858.0
2023-10-18,16.2,16.22,15.8,15.8,107461.0
2023-10-19,15.77,15.86,15.66,15.69,81585.0
2023-10-20,15.64,15.77,15.51,15.56,74777.0
2023-10-23,15.54,15.6,15.04,15.19,85788.0
2023-10-24,15.26,15.38,15.12,15.37,94848.0
2023-10-25,15.62,15.82,15.59,15.76,116964.0
2023-10-26,15.56,15.75,15.48,15.72,61511.0
2023-10-27,15.64,15.97,15.62,15.9,72068.0
2023-10-30,15.93,16.16,15.91,16.08,84395.0
2023-10-31,16.08,16.13,15.93,16.06,60644.0
2023-11-01,16.06,16.09,15.79,15.85,88177.0
2023-11-02,15.93,15.97,15.71,15.72,63071.0
2023-11-03,15.75,15.86,15.7,15.8,88530.0
2023-11-06,15.85,16.0,15.82,15.99,144990.0
2023-11-07,15.95,15.95,15.47,15.66,146853.0
2023-11-08,15.59,15.59,15.36,15.41,125447.0
2023-11-09,15.37,15.53,15.34,15.48,79319.0
2023-11-10,15.42,15.43,15.27,15.29,93409.0
2023-11-13,15.34,15.42,15.21,15.41,101183.0
2023-11-14,15.49,15.49,15.37,15.42,84818.0
2023-11-15,15.54,15.8,15.54,15.75,160835.0
2023-11-16,15.71,15.71,15.49,15.55,98170.0
2023-11-17,15.5,15.6,15.39,15.6,73202.0
2023-11-20,15.61,15.65,15.45,15.64,79319.0
2023-11-21,15.87,15.94,15.66,15.7,158700.0
2023-11-22,15.63,15.68,15.49,15.51,75935.0
2023-11-23,15.52,15.64,15.39,15.62,63282.0
2023-11-24,15.6,15.65,15.5,15.56,51844.0
2023-11-27,15.56,15.59,15.33,15.48,66839.0
2023-11-28,15.42,15.53,15.32,15.49,73548.0
2023-11-29,15.69,15.75,15.47,15.51,121332.0
2023-11-30,15.46,15.51,15.33,15.42,71541.0
2023-12-01,15.46,15.48,15.16,15.36,119585.0
2023-12-04,15.59,15.85,15.55,15.63,197983.0
2023-12-05,15.39,15.46,15.08,15.11,155855.0
2023-12-06,15.1,15.2,14.86,15.1,103280.0
2023-12-07,15.11,15.16,14.93,15.07,81287.0
2023-12-08,15.1,15.16,14.93,14.97,77682.0
2023-12-11,14.9,14.94,14.59,14.9,113118.0
2023-12-12,14.88,14.98,14.71,14.98,63386.0
2023-12-13,14.98,14.98,14.68,14.69,71022.0
2023-12-14,14.86,14.94,14.61,14.62,70229.0
2023-12-15,14.76,14.92,14.71,14.81,84594.0
2023-12-18,14.71,14.82,14.61,14.68,72165.0
2023-12-19,14.6,14.68,14.52,14.63,56879.0
2023-12-20,14.69,14.83,14.66,14.68,83175.0
2023-12-21,14.61,14.77,14.46,14.76,81092.0
2023-12-22,14.77,15.01,14.65,14.92,129869.0
2023-12-25,14.87,14.96,14.77,14.93,72917.0
2023-12-26,14.86,15.01,14.81,14.92,67581.0
2023-12-27,14.87,15.24,14.83,15.23,121048.0
2023-12-28,15.28,15.52,15.26,15.49,171075.0
2023-12-29,15.39,15.59,15.36,15.57,124913.0
2024-01-02,15.59,15.92,15.49,15.79,177171.0
2024-01-03,15.66,15.85,15.63,15.78,125691.0
2024-01-04,15.76,15.93,15.72,15.84,125381.0
2024-01-05,15.81,15.98,15.63,15.68,148571.0
2024-01-08,15.68,15.96,15.61,15.71,186436.0
2024-01-09,15.65,16.21,15.46,16.11,254907.0
2024-01-10,16.08,16.2,15.84,15.85,168937.0
2024-01-11,15.85,15.94,15.73,15.84,136137.0
2024-01-12,15.75,16.02,15.75,15.82,88364.0
2024-01-15,15.73,15.94,15.72,15.86,100073.0
2024-01-16,15.86,15.92,15.56,15.88,125339.0
2024-01-17,15.87,15.87,15.4,15.42,89988.0
2024-01-18,15.37,15.42,14.74,15.27,177229.0
2024-01-19,15.13,15.39,15.11,15.19,79696.0
2024-01-22,15.07,15.25,14.53,14.62,127286.0
2024-01-23,14.61,14.86,14.21,14.71,126140.0
2024-01-24,14.84,15.21,14.57,15.21,126269.0
2024-01-25,15.29,15.85,15.15,15.85,197739.0
2024-01-26,15.85,16.19,15.79,16.1,184814.0
2024-01-29,16.2,16.29,15.86,16.01,128768.0
2024-01-30,15.88,16.21,15.85,15.91,118663.0
2024-01-31,15.96,16.03,15.56,15.71,141715.0
2024-02-01,15.46,16.16,15.39,15.75,174795.0
2024-02-02,15.75,15.91,14.88,15.34,186594.0
2024-02-05,15.19,15.66,14.63,15.2,194179.0
2024-02-06,15.06,15.96,15.01,15.83,221672.0
2024-02-07,15.81,16.02,15.59,16.02,258146.0
2024-02-08,15.95,16.11,15.72,15.97,282340.0
2024-02-19,16.04,16.56,15.84,16.54,332637.0
2024-02-20,16.49,16.8,16.36,16.57,234627.0
2024-02-21,16.55,17.03,16.52,16.76,266864.0
2024-02-22,16.79,17.38,16.67,17.32,270715.0
2024-02-23,17.31,18.05,17.28,17.74,312990.0
2024-02-26,17.66,17.84,17.2,17.22,266636.0
2024-02-27,17.11,17.44,17.04,17.35,191085.0
2024-02-28,17.26,17.44,17.07,17.07,227582.0
2024-02-29,17.09,17.33,17.05,17.3,183222.0
2024-03-01,17.17,17.49,17.14,17.42,173630.0
2024-03-04,17.48,17.69,17.27,17.43,165559.0
2024-03-05,17.43,17.71,17.22,17.36,175017.0
2024-03-06,17.36,17.71,17.36,17.55,213809.0
2024-03-07,17.71,18.79,17.7,18.28,484208.0
2024-03-08,18.41,18.71,18.16,18.61,343846.0
2024-03-11,18.51,18.72,18.16,18.4,268455.0
2024-03-12,18.36,18.39,17.78,17.86,268800.0
2024-03-13,17.86,18.04,17.61,17.99,232925.0
2024-03-14,18.91,19.7,18.8,18.9,612046.0
2024-03-15,19.01,20.59,18.71,20.46,757635.0
2024-03-18,20.7,21.0,20.24,20.72,678548.0
2024-03-19,20.51,21.5,20.46,20.6,484558.0
2024-03-20,20.31,20.91,20.02,20.48,418961.0
2024-03-21,20.82,20.99,20.37,20.57,402531.0
2024-03-22,20.31,20.49,19.63,19.91,393844.0
2024-03-25,19.99,20.71,19.91,20.22,364253.0
2024-03-26,20.19,20.29,19.72,20.1,225954.0
2024-03-27,19.98,20.23,19.77,19.83,218383.0
2024-03-28,19.82,20.34,19.54,20.21,319890.0
2024-03-29,20.29,21.1,20.2,20.99,446233.0
2024-04-01,21.33,22.1,20.96,21.26,546112.0
2024-04-02,21.14,21.94,21.1,21.75,481840.0
2024-04-03,21.96,23.08,21.38,23.03,723413.0
2024-04-08,23.06,25.21,22.96,23.31,994848.0
2024-04-09,23.25,23.67,22.69,23.2,547130.0
2024-04-10,23.38,24.5,23.26,24.11,676658.0
2024-04-11,23.35,24.02,22.61,23.28,540382.0
2024-04-12,23.59,23.71,23.0,23.61,498488.0
2024-04-15,23.01,24.26,22.51,24.18,528534.0
2024-04-16,23.87,24.18,22.88,22.96,495504.0
2024-04-17,22.81,23.76,22.79,23.74,438453.0
2024-04-18,23.51,25.18,23.35,25.13,641070.0
2024-04-19,25.13,25.91,24.36,24.89,628282.0
2024-04-22,25.31,25.86,23.96,24.0,554033.0
2024-04-23,22.81,23.37,22.31,22.36,668444.0
2024-04-24,22.43,23.01,22.32,23.01,385714.0
2024-04-25,22.71,23.34,22.44,23.34,318320.0
2024-04-26,23.43,24.45,23.36,24.29,473688.0
2024-04-29,23.71,23.97,23.01,23.74,536681.0
2024-04-30,24.13,24.44,23.61,23.84,402675.0
2024-05-06,23.26,23.83,22.93,23.75,357894.0
2024-05-07,23.89,24.08,23.41,23.46,322207.0
2024-05-08,23.18,23.55,22.9,23.16,236655.0
2024-05-09,23.21,23.84,23.11,23.67,250923.0
2024-05-10,23.96,24.58,23.59,24.49,409469.0
2024-05-13,24.06,24.52,23.72,24.44,309328.0
2024-05-14,24.8,25.21,24.38,25.0,397415.0
2024-05-15,24.69,24.96,24.27,24.56,285545.0
2024-05-16,24.86,25.13,23.92,24.04,323675.0
2024-05-17,24.04,24.51,23.56,24.46,265592.0
2024-05-20,25.56,26.27,25.08,26.03,651905.0
2024-05-21,26.06,26.16,24.75,25.01,422422.0
2024-05-22,24.8,25.08,24.34,24.51,261955.0
2024-05-23,23.19,23.61,22.99,23.23,350186.0
2024-05-24,23.01,23.71,22.97,23.38,247686.0
2024-05-27,23.39,23.96,23.38,23.8,191008.0
2024-05-28,24.1,24.5,23.8,23.85,289953.0
2024-05-29,23.87,24.58,23.62,24.38,244964.0
2024-05-30,24.18,24.34,23.18,23.24,306859.0
2024-05-31,23.19,23.43,22.92,23.2,217039.0
2024-06-03,23.02,23.34,22.6,22.88,208508.0
2024-06-04,22.88,23.28,22.75,23.01,177659.0
2024-06-05,22.46,22.67,22.01,22.35,223443.0
2024-06-06,22.64,22.9,22.46,22.56,188221.0
2024-06-07,22.9,22.93,22.34,22.6,163900.0
2024-06-11,22.11,22.29,21.91,22.19,214164.0
2024-06-12,22.17,22.59,22.08,22.45,143812.0
2024-06-13,22.36,22.51,21.81,22.11,159493.0
2024-06-14,21.89,22.18,21.83,22.06,165611.0
2024-06-17,22.01,22.23,21.49,21.52,182962.0
2024-06-18,21.56,22.05,21.49,21.91,172464.0
2024-06-19,21.98,22.33,21.91,22.04,144956.0
2024-06-20,22.14,22.41,21.79,21.99,161965.0
2024-06-21,22.09,22.3,21.73,21.87,141578.0
2024-06-24,21.49,21.69,21.31,21.44,138795.0
2024-06-25,21.49,22.07,21.4,21.75,152174.0
2024-06-26,21.63,21.69,21.21,21.66,143897.0
2024-06-27,21.49,21.51,20.96,20.97,147459.0
2024-06-28,20.97,21.62,20.97,21.39,176635.0
2024-07-01,21.4,21.95,21.39,21.89,127860.0
2024-07-02,21.89,21.96,21.38,21.53,149510.0
2024-07-03,21.58,21.73,21.37,21.56,115534.0
2024-07-04,21.85,22.03,21.24,21.24,196819.0
2024-07-05,21.31,22.07,21.23,22.02,207870.0
2024-07-08,22.11,22.46,21.79,21.86,231899.0
2024-07-09,21.78,22.25,21.58,22.25,224537.0
2024-07-10,22.08,22.14,21.33,21.41,238048.0
2024-07-11,21.57,22.6,21.4,22.48,315427.0
2024-07-12,22.37,22.43,21.44,21.63,323345.0
2024-07-15,21.63,22.11,21.27,21.83,206491.0
2024-07-16,21.63,21.9,21.44,21.87,195531.0
2024-07-17,21.77,21.88,20.8,20.97,286083.0
2024-07-18,20.62,20.93,20.31,20.87,213518.0
2024-07-19,20.21,20.49,19.78,20.4,201611.0
2024-07-22,20.21,20.39,19.72,20.09,185528.0
2024-07-23,20.07,20.2,19.22,19.24,196588.0
2024-07-24,19.33,19.57,19.12,19.24,170020.0
2024-07-25,18.92,19.05,18.66,18.82,156226.0
2024-07-26,19.02,19.52,18.95,19.3,143282.0
2024-07-29,19.36,19.57,19.14,19.33,93388.0
2024-07-30,19.2,19.2,18.88,19.0,106097.0
2024-07-31,19.27,19.79,19.13,19.76,178718.0
2024-08-01,20.03,20.16,19.59,19.67,160830.0
2024-08-02,19.21,19.28,18.99,19.09,138016.0
2024-08-05,18.7,19.15,18.56,18.57,166563.0
2024-08-06,18.79,18.84,18.22,18.54,186477.0
2024-08-07,18.39,18.74,18.33,18.49,109289.0
2024-08-08,18.22,18.55,18.11,18.42,92103.0
2024-08-09,18.59,18.87,18.55,18.56,124353.0
2024-08-12,18.48,18.68,18.4,18.58,68134.0
2024-08-13,18.73,18.77,18.43,18.62,83652.0
2024-08-14,18.58,18.67,18.34,18.34,69533.0
2024-08-15,18.34,18.74,18.29,18.64,93489.0
2024-08-16,18.85,19.0,18.63,18.79,113280.0
2024-08-19,18.75,19.36,18.7,19.06,149594.0
2024-08-20,19.07,19.19,18.61,18.72,89253.0
2024-08-21,18.64,18.96,18.57,18.8,80083.0
2024-08-22,18.81,18.9,18.32,18.39,102658.0
2024-08-23,18.31,18.55,18.19,18.45,82096.0
2024-08-26,18.71,18.85,18.55,18.79,120350.0
2024-08-27,18.73,18.73,18.43,18.63,106471.0
2024-08-28,18.56,18.88,18.13,18.25,154004.0
2024-08-29,18.11,18.63,17.95,18.53,183591.0
2024-08-30,18.56,18.96,18.26,18.65,229202.0
2024-09-02,18.48,18.54,17.95,18.09,214295.0
2024-09-03,17.99,18.34,17.98,18.17,111093.0
2024-09-04,17.82,17.82,17.43,17.52,195687.0
2024-09-05,17.52,17.74,17.15,17.37,170755.0
2024-09-06,17.42,17.58,17.29,17.29,82670.0
2024-09-09,17.11,17.15,16.86,17.06,133564.0
2024-09-10,17.13,17.24,16.68,16.94,113151.0
2024-09-11,16.79,16.92,16.72,16.91,89314.0
2024-09-12,17.0,17.13,16.75,16.93,122688.0
2024-09-13,17.09,17.24,16.89,16.9,161740.0
2024-09-18,16.97,17.33,16.89,17.25,161980.0
2024-09-19,17.31,17.92,17.04,17.88,247472.0
2024-09-20,17.83,18.26,17.73,18.17,263420.0
2024-09-23,18.11,18.44,18.06,18.2,178566.0
2024-09-24,18.37,19.04,18.22,19.0,280046.0
2024-09-25,19.56,20.03,19.28,19.28,360417.0
2024-09-26,19.29,20.06,19.23,20.06,284152.0
2024-09-27,20.71,20.95,20.35,20.92,240517.0
2024-09-30,21.96,22.94,21.54,22.72,686626.0
2024-10-08,25.1,25.11,22.27,23.26,824578.0
2024-10-09,22.43,22.43,20.97,20.98,530629.0
2024-10-10,20.81,22.19,20.81,21.6,363302.0
2024-10-11,21.76,21.84,21.01,21.25,216976.0
2024-10-14,21.27,21.76,21.19,21.53,235414.0
2024-10-15,21.32,21.46,20.81,20.82,240233.0
2024-10-16,20.65,20.96,20.48,20.75,164071.0
2024-10-17,20.89,21.11,20.41,20.46,156645.0
2024-10-18,20.46,21.26,20.36,20.91,253609.0
2024-10-21,20.99,21.66,20.99,21.34,344500.0
2024-10-22,20.98,21.39,20.95,21.36,214512.0
2024-10-23,21.37,21.51,21.16,21.28,236382.0
2024-10-24,21.12,21.21,20.86,21.14,157830.0
2024-10-25,21.02,21.41,21.02,21.22,179723.0
2024-10-28,21.22,21.58,21.13,21.57,246171.0
2024-10-29,21.59,21.59,20.95,20.98,259540.0
2024-10-30,20.69,20.8,20.12,20.26,330839.0
2024-10-31,20.25,20.3,19.95,20.07,275554.0
2024-11-01,20.03,21.57,19.94,21.09,608423.0
2024-11-04,21.16,21.21,20.6,21.2,316440.0
2024-11-05,21.09,21.7,21.01,21.69,485909.0
2024-11-06,21.69,22.06,21.34,21.44,423273.0
2024-11-07,21.06,21.61,20.53,21.61,392069.0
2024-11-08,22.07,22.27,21.35,21.48,453975.0
2024-11-11,21.22,21.37,20.92,21.37,313509.0
2024-11-12,21.19,21.61,20.82,20.9,333201.0
2024-11-13,20.82,21.21,20.76,20.91,190751.0
2024-11-14,20.86,20.97,20.31,20.32,247547.0
2024-11-15,20.41,20.61,20.11,20.11,166642.0
2024-11-18,20.11,20.59,19.99,20.06,233073.0
2024-11-19,20.24,20.42,19.9,20.31,152382.0
2024-11-20,20.31,20.41,20.11,20.34,148280.0
2024-11-21,20.31,20.45,20.16,20.35,126412.0
2024-11-22,20.35,20.45,19.53,19.53,214954.0
2024-11-25,19.56,19.87,19.27,19.46,126345.0
2024-11-26,19.36,19.55,19.31,19.33,85388.0
2024-11-27,19.33,19.51,18.98,19.51,123139.0
2024-11-28,19.51,19.51,19.16,19.17,117551.0
2024-11-29,19.16,19.46,19.11,19.36,137917.0
2024-12-02,19.38,19.7,19.34,19.65,146785.0
2024-12-03,19.65,19.74,19.48,19.71,120690.0
2024-12-04,19.81,19.84,19.6,19.7,130931.0
2024-12-05,19.61,19.62,19.4,19.48,121371.0
2024-12-06,19.49,19.78,19.45,19.75,129506.0
2024-12-09,19.68,19.94,19.56,19.66,157288.0
2024-12-10,20.29,20.34,19.7,19.74,251378.0
2024-12-11,19.71,20.28,19.69,20.05,230006.0
2024-12-12,20.06,20.24,19.96,20.23,151075.0
2024-12-13,20.06,20.09,19.55,19.57,221895.0
2024-12-16,19.59,19.63,19.24,19.28,139014.0
2024-12-17,19.23,19.52,19.23,19.31,110791.0
2024-12-18,19.34,19.46,19.16,19.19,111157.0
2024-12-19,19.02,19.19,18.84,19.17,97097.0
2024-12-20,19.16,19.24,18.84,18.89,165199.0
2024-12-23,18.95,19.26,18.91,19.1,143593.0
2024-12-24,18.96,19.28,18.94,19.27,104294.0
2024-12-25,19.28,19.36,19.14,19.29,93343.0
2024-12-26,19.32,19.41,19.22,19.27,84766.0
2024-12-27,19.28,19.43,19.18,19.26,114033.0
2024-12-30,19.22,19.5,19.21,19.45,132044.0
2024-12-31,19.39,19.46,18.82,18.95,133968.0
2025-01-02,18.92,19.06,18.41,18.55,147336.0
2025-01-03,18.55,19.3,18.54,18.76,238124.0
2025-01-06,18.86,19.31,18.67,19.01,173228.0
2025-01-07,19.11,19.35,18.81,19.21,136163.0
2025-01-08,19.11,19.16,18.53,18.81,157115.0
2025-01-09,18.76,19.03,18.67,18.92,93520.0
2025-01-10,18.97,19.19,18.68,18.78,130717.0
2025-01-13,18.66,19.28,18.58,19.17,178264.0
2025-01-14,19.07,19.42,18.96,19.39,252050.0
2025-01-15,19.29,19.34,19.08,19.16,155384.0
2025-01-16,19.36,19.79,19.32,19.77,323383.0
2025-01-17,19.66,19.74,19.49,19.66,177483.0
2025-01-20,19.65,19.65,19.27,19.31,216794.0
2025-01-21,19.4,19.49,19.08,19.3,123107.0
2025-01-22,19.35,19.35,19.07,19.21,90254.0
2025-01-23,19.31,19.49,19.04,19.06,150319.0
2025-01-24,19.07,19.43,19.04,19.43,170350.0
2025-01-27,19.45,19.67,19.39,19.41,150919.0
2025-02-05,19.43,19.49,19.17,19.32,143245.0
2025-02-06,19.45,19.61,19.3,19.61,175665.0
2025-02-07,19.57,20.08,19.49,19.99,317483.0
2025-02-10,20.11,20.35,19.96,20.08,221626.0
2025-02-11,20.12,20.61,20.11,20.28,361807.0
2025-02-12,20.3,20.3,19.76,19.94,283369.0
2025-02-13,20.02,20.15,19.86,19.9,149213.0
2025-02-14,19.96,20.18,19.86,20.06,174081.0
2025-02-17,19.85,19.85,19.53,19.61,209457.0
2025-02-18,19.61,19.66,19.29,19.34,145111.0
2025-02-19,19.42,19.45,19.25,19.41,142134.0
2025-02-20,19.35,19.4,19.17,19.38,120899.0
2025-02-21,19.4,19.55,19.24,19.31,165764.0
2025-02-24,19.24,19.38,19.11,19.29,132999.0
2025-02-25,19.18,19.26,19.02,19.03,129186.0
2025-02-26,19.19,19.71,19.18,19.54,276672.0
2025-02-27,19.54,19.59,19.12,19.34,187008.0
2025-02-28,19.23,19.32,19.03,19.03,146112.0
2025-03-03,19.09,19.43,19.08,19.21,159447.0
2025-03-04,19.17,19.29,19.03,19.24,96538.0
2025-03-05,19.19,19.39,19.06,19.38,126174.0
2025-03-06,19.68,19.88,19.6,19.71,354292.0
2025-03-07,19.76,20.26,19.75,20.02,382544.0
2025-03-10,20.06,20.29,19.91,20.19,263700.0
2025-03-11,19.93,20.11,19.79,20.11,180248.0
2025-03-12,20.32,20.39,20.08,20.24,221475.0
2025-03-13,20.31,20.55,20.14,20.31,255299.0
2025-03-14,20.69,20.85,20.42,20.59,428159.0
2025-03-17,20.61,20.79,20.33,20.37,263910.0
2025-03-18,20.47,20.96,20.4,20.65,335077.0
2025-03-19,20.66,20.79,20.44,20.6,182163.0
2025-03-20,20.9,21.1,20.65,20.73,322256.0
2025-03-21,20.61,20.89,20.26,20.33,306098.0
2025-03-24,20.44,21.9,20.34,21.63,757289.0
2025-03-25,21.8,22.68,21.63,22.32,882235.0
2025-03-26,22.76,23.64,22.34,22.41,1103109.0
2025-03-27,21.61,22.15,21.54,21.68,546770.0
2025-03-28,21.76,22.08,21.53,21.79,434741.0
2025-03-31,21.51,21.78,21.12,21.35,374111.0
2025-04-01,21.47,21.65,21.25,21.52,268107.0
2025-04-02,21.31,21.5,21.09,21.17,220520.0
2025-04-03,20.82,20.98,20.61,20.65,289391.0
2025-04-07,18.42,18.8,18.42,18.42,419923.0
2025-04-08,18.33,18.33,17.62,18.11,463259.0
2025-04-09,17.73,18.35,17.32,18.35,361508.0
2025-04-10,18.8,19.13,18.51,19.05,414035.0
2025-04-11,19.01,19.14,18.84,19.02,268595.0
2025-04-14,19.3,19.94,19.26,19.59,358675.0
2025-04-15,19.64,19.64,19.22,19.42,179971.0
2025-04-16,19.65,19.67,18.93,19.24,216436.0
2025-04-17,19.57,19.58,19.23,19.34,227331.0
2025-04-18,19.27,19.44,19.21,19.41,120878.0
2025-04-21,19.41,20.19,19.35,20.17,319071.0
2025-04-22,20.18,20.7,20.02,20.51,323457.0
2025-04-23,20.51,20.57,20.12,20.18,221671.0
2025-04-24,20.12,20.27,19.82,19.95,144677.0
2025-04-25,20.11,20.2,19.86,19.91,149119.0
2025-04-28,19.83,19.92,19.61,19.84,114459.0
2025-04-29,19.9,19.93,19.71,19.73,110283.0
2025-04-30,19.73,19.85,19.57,19.59,135105.0
2025-05-06,19.71,20.1,19.69,20.1,159441.0
2025-05-07,20.33,20.36,19.92,20.11,144923.0
2025-05-08,19.91,20.09,19.81,19.99,116101.0
2025-05-09,19.99,20.01,19.76,19.84,95574.0
2025-05-12,19.93,20.24,19.93,20.23,152670.0
2025-05-13,20.29,20.33,20.08,20.19,109881.0
2025-05-14,20.28,20.49,20.2,20.48,184238.0
2025-05-15,20.33,20.35,20.07,20.1,126444.0
2025-05-16,20.11,20.24,19.89,20.03,126320.0
2025-05-19,19.93,19.97,19.84,19.91,88478.0
2025-05-20,19.92,20.0,19.88,19.91,80196.0
2025-05-21,19.99,20.29,19.94,20.28,164557.0
2025-05-22,20.16,20.2,20.01,20.03,98103.0
2025-05-23,20.02,20.26,19.97,19.97,115691.0
2025-05-26,20.14,20.31,20.02,20.15,148761.0
2025-05-27,20.11,20.15,19.54,19.59,174147.0
2025-05-28,19.61,19.77,19.61,19.65,66994.0
2025-05-29,19.61,19.79,19.49,19.75,91269.0
2025-05-30,19.67,19.71,19.49,19.56,83916.0
2025-06-03,19.63,19.91,19.63,19.76,123016.0
2025-06-04,19.78,20.44,19.78,20.36,292751.0
2025-06-05,20.36,20.46,20.13,20.17,139583.0
2025-06-06,20.35,20.65,20.35,20.58,219945.0
2025-06-09,20.51,20.54,20.28,20.45,164197.0
2025-06-10,20.56,20.6,20.26,20.39,148140.0
2025-06-11,20.39,20.75,20.39,20.61,159724.0
2025-06-12,20.61,20.79,20.41,20.76,128775.0
2025-06-13,20.67,20.93,20.56,20.63,176584.0
2025-06-16,20.63,20.78,20.48,20.54,138887.0
2025-06-17,20.52,20.65,20.46,20.5,85310.0
2025-06-18,20.52,20.55,20.21,20.44,106438.0
2025-06-19,20.34,20.43,19.86,19.94,133416.0
2025-06-20,19.94,20.05,19.85,19.9,91009.0
2025-06-23,19.86,20.03,19.84,19.96,81149.0
2025-06-24,20.06,20.35,19.97,20.23,141784.0
2025-06-25,20.29,20.44,20.2,20.44,139886.0
2025-06-26,20.48,20.7,20.44,20.52,179385.0
2025-06-27,20.94,22.06,20.92,21.88,613383.0
2025-06-30,22.31,22.35,21.4,21.74,434313.0
2025-07-01,21.62,22.1,21.26,22.1,399056.0
2025-07-02,21.83,22.67,21.77,22.1,618658.0
2025-07-03,22.2,22.4,21.94,22.14,363037.0
2025-07-04,21.97,21.97,21.62,21.79,312766.0
2025-07-07,21.66,21.81,21.54,21.58,185375.0
2025-07-08,21.63,21.87,21.63,21.72,180882.0
2025-07-09,22.14,22.17,21.17,21.22,523719.0
2025-07-10,21.21,21.45,21.16,21.37,255619.0
2025-07-11,21.41,22.24,21.36,21.79,538354.0
2025-07-14,21.91,22.24,21.88,21.91,333872.0
2025-07-15,21.77,22.07,21.61,21.72,233235.0
2025-07-16,21.72,21.8,21.41,21.52,159241.0
2025-07-17,21.51,21.58,21.38,21.48,174002.0
2025-07-18,21.55,21.94,21.55,21.88,272417.0
2025-07-21,22.01,22.78,21.99,22.71,525095.0
2025-07-22,22.73,23.1,22.5,23.09,522197.0
2025-07-23,23.09,23.11,22.73,22.84,381875.0
2025-07-24,22.88,23.49,22.79,23.38,437634.0
2025-07-25,23.22,23.36,22.92,22.96,292669.0
2025-07-28,22.74,22.91,22.51,22.89,246392.0
2025-07-29,22.75,22.87,22.49,22.65,227597.0
2025-07-30,22.66,22.85,22.28,22.45,232150.0
2025-07-31,22.0,22.0,21.4,21.48,486305.0
2025-08-01,21.45,21.71,21.35,21.56,210726.0
2025-08-04,21.49,21.72,21.44,21.71,198686.0
2025-08-05,21.78,22.02,21.69,21.93,220438.0
2025-08-06,21.8,22.73,21.76,22.52,430895.0
2025-08-07,22.52,22.65,22.14,22.46,269549.0
2025-08-08,22.44,22.96,22.34,22.83,343276.0
2025-08-11,22.98,23.23,22.72,23.02,317646.0
2025-08-12,23.01,23.1,22.82,23.03,215752.0
2025-08-13,23.28,24.26,23.25,23.91,548706.0
2025-08-14,23.89,24.35,23.71,23.72,405298.0
2025-08-15,23.67,24.67,23.67,24.34,425191.0
2025-08-18,24.37,24.37,23.74,23.88,480727.0
2025-08-19,23.82,23.95,23.39,23.51,345837.0
2025-08-20,23.49,23.93,23.45,23.82,267709.0
2025-08-21,23.85,24.08,23.56,23.64,223338.0
2025-08-22,23.6,23.76,23.41,23.72,244671.0
2025-08-25,24.16,26.19,24.16,25.97,935876.0
2025-08-26,25.9,26.11,25.63,25.83,523271.0
2025-08-27,25.81,25.92,25.08,25.09,441268.0
2025-08-28,24.71,25.22,24.4,25.08,413036.0
2025-08-29,25.49,27.41,25.44,26.9,811376.0
2025-09-01,27.45,28.17,26.59,27.96,977491.0
2025-09-02,28.18,28.94,27.58,28.0,885580.0
2025-09-03,28.9,29.8,28.28,28.7,986778.0
2025-09-04,28.72,29.66,27.1,27.61,822793.0
2025-09-05,27.45,28.46,27.45,28.39,619338.0
2025-09-08,28.69,28.7,27.36,27.53,563437.0
2025-09-09,27.4,28.3,27.39,27.66,582406.0
2025-09-10,27.0,27.77,26.77,27.6,450585.0
2025-09-11,27.7,28.13,27.53,28.0,453855.0
2025-09-12,28.48,30.65,28.48,29.97,909377.0
2025-09-15,29.55,29.97,29.17,29.28,589168.0
2025-09-16,29.9,30.16,28.15,29.06,679499.0
2025-09-17,28.73,30.41,28.43,30.06,727006.0
2025-09-18,29.05,29.05,27.72,28.07,792006.0
2025-09-19,27.68,28.35,27.5,28.0,394817.0
2025-09-22,28.46,28.5,27.2,27.65,409901.0
2025-09-23,27.59,28.12,27.04,27.44,365068.0
2025-09-24,27.15,27.65,26.97,27.52,302897.0
2025-09-25,29.87,29.89,28.78,29.26,1013714.0
2025-09-26,29.75,31.9,29.71,30.3,852110.0
2025-09-29,30.97,31.38,30.17,31.26,734324.0
2025-09-30,32.0,34.49,31.78,34.49,1037091.0
2025-10-09,38.03,38.04,37.35,38.04,354222.0
2025-10-10,39.0,41.94,38.6,41.1,1804480.0
2025-10-13,37.77,40.8,37.66,40.4,1545194.0
2025-10-14,41.0,42.23,37.45,37.58,1386754.0
2025-10-15,37.58,38.86,35.72,38.69,799817.0
2025-10-16,38.3,38.66,37.12,37.46,609059.0
2025-10-17,37.8,38.27,36.0,36.32,681954.0
2025-10-20,36.31,37.18,35.91,36.21,585070.0
2025-10-21,36.52,37.3,36.28,36.72,531129.0
2025-10-22,35.0,36.38,34.71,36.12,454769.0
2025-10-23,35.78,36.21,35.0,36.13,388420.0
2025-10-24,36.87,38.09,36.5,38.09,811942.0
2025-10-27,39.3,40.97,38.68,40.53,968302.0
2025-10-28,40.0,40.01,38.05,38.19,820748.0
2025-10-29,38.65,42.11,38.65,41.94,1029641.0
2025-10-30,41.0,44.15,40.9,42.35,1222189.0
2025-10-31,41.88,42.3,40.05,40.09,755746.0
2025-11-03,39.4,39.83,37.69,38.91,633643.0
2025-11-04,38.45,38.83,37.33,37.6,467643.0
2025-11-05,36.07,38.46,36.07,38.17,513750.0
2025-11-06,38.19,39.38,38.0,38.95,617776.0
2025-11-07,38.28,39.23,37.88,38.87,452743.0
2025-11-10,39.3,39.96,38.6,39.25,526068.0
2025-11-11,39.67,39.95,38.1,38.27,477743.0
2025-11-12,37.98,38.82,37.55,38.02,340189.0
2025-11-13,38.35,39.88,37.89,39.47,642218.0
2025-11-14,38.55,39.1,37.8,38.14,392920.0
2025-11-17,37.76,37.89,36.55,36.83,437922.0
2025-11-18,36.3,36.57,35.6,35.96,368420.0
2025-11-19,36.11,36.8,35.9,36.4,322371.0
2025-11-20,36.74,37.1,36.06,36.12,257200.0
2025-11-21,35.1,35.38,34.5,34.67,359338.0
2025-11-24,34.94,35.25,34.39,34.9,230120.0
2025-11-25,35.33,36.3,35.18,35.86,297288.0
2025-11-26,35.95,36.55,35.61,36.11,257091.0
2025-11-27,36.81,37.11,36.21,36.28,294549.0
2025-11-28,36.26,36.98,36.16,36.83,203019.0
2025-12-01,39.05,40.57,39.05,40.26,897515.0
2025-12-02,38.94,39.86,38.94,39.86,509686.0
2025-12-03,39.5,40.58,39.16,39.87,478388.0
2025-12-04,41.4,42.15,40.46,40.51,679405.0
2025-12-05,40.4,43.3,40.4,42.72,794338.0
2025-12-08,42.73,44.33,41.72,44.14,815408.0
2025-12-09,43.35,43.35,41.28,41.43,718089.0
2025-12-10,41.78,42.15,41.21,41.79,430776.0
2025-12-11,42.64,42.88,40.55,40.58,507626.0
2025-12-12,41.6,41.8,40.7,41.06,441117.0
2025-12-15,39.75,41.58,39.75,40.56,385758.0
2025-12-16,40.41,41.3,39.42,39.96,377135.0
2025-12-17,40.11,41.12,39.78,40.77,389542.0
2025-12-18,40.48,41.53,40.1,40.41,326746.0
2025-12-19,40.41,41.5,39.87,41.25,373231.0
2025-12-22,41.43,42.27,41.42,41.98,459278.0
2025-12-23,41.97,42.36,41.1,41.48,461031.0
2025-12-24,42.3,42.78,41.66,42.5,454485.0
2025-12-25,41.7,43.95,41.01,43.32,596494.0
2025-12-26,43.94,47.71,43.94,47.71,1004235.0
2025-12-29,49.81,50.9,48.28,48.39,1360939.0
2025-12-30,46.25,50.7,45.82,49.65,930508.0
2025-12-31,49.65,54.68,49.64,54.32,1288452.0
2026-01-05,54.42,54.68,52.2,53.7,1017932.0
2026-01-06,55.4,56.86,54.13,56.37,972184.0
2026-01-07,54.9,55.9,53.9,54.68,834089.0
2026-01-08,53.4,55.9,53.2,54.43,668250.0
2026-01-09,53.59,57.38,53.4,55.9,732108.0
2026-01-12,56.66,57.4,54.82,55.42,672340.0
2026-01-13,55.06,58.16,54.8,56.61,711263.0
2026-01-14,57.0,61.66,57.0,59.2,971164.0
2026-01-15,58.49,63.81,57.53,61.4,940175.0
2026-01-16,61.41,66.06,60.6,63.51,1035347.0
2026-01-19,62.32,62.32,57.1,59.9,923184.0
2026-01-20,61.04,61.7,58.2,60.3,705425.0
2026-01-21,60.0,61.59,58.71,61.59,643734.0
2026-01-22,60.46,60.95,59.2,59.7,514534.0
2026-01-23,59.7,60.78,58.79,59.01,790025.0
2026-01-26,60.27,63.5,60.25,62.22,1077304.0
2026-01-27,60.28,62.47,59.2,60.2,794617.0
2026-01-28,60.26,65.0,58.8,63.72,1289702.0
2026-01-29,64.94,70.1,60.4,69.87,1691422.0
2026-01-30,64.7,66.91,62.82,62.82,907242.0
2026-02-02,56.48,56.48,56.48,56.48,139349.0
2026-02-03,54.4,59.15,53.86,58.45,1107380.0
2026-02-04,60.22,60.27,57.61,58.26,650503.0
2026-02-05,56.2,57.53,53.76,55.26,712987.0
2026-02-06,52.4,55.58,51.41,54.52,539320.0
2026-02-09,55.59,55.88,54.45,54.86,405022.0
2026-02-10,54.99,56.45,54.6,55.0,367307.0
2026-02-11,54.85,56.38,54.82,55.87,388185.0
2026-02-12,55.7,56.93,55.65,55.99,383600.0
2026-02-13,54.66,55.65,54.4,54.43,373168.0
2026-02-24,56.29,57.02,55.63,56.51,409896.0
2026-02-25,56.51,58.8,55.9,57.04,682153.0
2026-02-26,57.07,57.39,55.83,56.3,388511.0
2026-02-27,55.9,57.66,55.9,57.44,516604.0
2026-03-02,57.8,59.7,55.12,59.01,892223.0
2026-03-03,57.86,57.89,55.21,55.22,623282.0
2026-03-04,53.55,55.64,53.4,54.26,400328.0
2026-03-05,55.0,55.25,53.56,54.48,371327.0
2026-03-06,53.7,54.13,52.05,52.99,395756.0
2026-03-09,50.91,51.72,49.0,51.17,580304.0
2026-03-10,52.2,52.5,51.56,51.84,321637.0
2026-03-11,52.28,52.55,51.26,51.48,318455.0
2026-03-12,51.2,51.95,50.23,50.95,345774.0
2026-03-13,50.9,52.23,50.04,50.14,362498.0
2026-03-16,49.3,49.9,47.35,48.65,541111.0
2026-03-17,49.39,49.59,47.9,47.92,297438.0
2026-03-18,48.0,48.11,46.92,47.66,298920.0
2026-03-19,45.58,47.03,44.86,45.07,495404.0
2026-03-20,45.41,45.9,44.3,44.4,336761.0
2026-03-23,42.6,43.88,41.6,41.85,467712.0
2026-03-24,42.9,43.26,42.08,43.13,388909.0
2026-03-25,44.46,44.77,43.68,44.14,401278.0
2026-03-26,44.14,44.73,43.45,43.61,247470.0
2026-03-27,42.22,43.67,42.22,43.29,331886.0
2026-03-30,43.1,43.55,42.47,43.18,266803.0
2026-03-31,43.5,43.7,42.3,42.4,250160.0
2026-04-01,43.69,44.63,43.2,43.95,356123.0
2026-04-02,43.67,43.67,42.3,42.66,232250.0
2026-04-03,42.7,42.96,41.7,41.86,168630.0
2026-04-07,42.11,42.5,41.85,42.24,166278.0
2026-04-08,44.4,45.13,43.93,45.04,506132.0
2026-04-09,44.39,44.91,44.08,44.45,250181.0
2026-04-10,44.85,45.08,44.25,44.3,280040.0
2026-04-13,44.35,45.15,44.35,44.94,374149.0
2026-04-14,46.2,46.77,45.22,45.74,467048.0
2026-04-15,46.97,48.24,45.95,46.27,699947.0
2026-04-16,46.41,46.95,46.04,46.62,451945.0
2026-04-17,46.19,46.64,45.91,46.15,299332.0
2026-04-20,46.4,46.9,45.77,46.06,402297.0
2026-04-21,46.06,46.06,44.7,45.62,302790.0
2026-04-22,45.4,45.81,44.76,45.35,306508.0
2026-04-23,45.95,46.27,43.71,44.06,455695.0
2026-04-24,43.66,44.45,43.12,44.19,309823.0
2026-04-27,44.15,44.64,44.0,44.19,254978.0
2026-04-28,43.84,44.0,43.2,43.68,226917.0
2026-04-29,43.4,45.8,43.35,45.78,542468.0
2026-04-30,45.45,45.55,44.31,44.86,413751.0
2026-05-06,45.0,46.5,44.68,46.33,594253.0
2026-05-07,46.85,47.96,46.34,47.0,583553.0
2026-05-08,46.4,48.7,45.91,48.16,701111.0
2026-05-11,48.18,48.18,46.91,47.67,642158.0
2026-05-12,49.06,49.77,48.22,48.54,830310.0
2026-05-13,49.47,50.29,49.12,49.46,740399.0
2026-05-14,49.21,51.28,47.79,47.8,706381.0
2026-05-15,47.43,47.5,45.26,45.77,589999.0
2026-05-18,44.18,44.93,43.6,44.84,458871.0
2026-05-19,44.51,44.59,42.77,43.52,382938.0
2026-05-20,42.6,45.04,42.15,44.36,563322.0
2026-05-21,44.96,45.72,42.83,42.88,435985.0
2026-05-22,43.0,45.41,42.59,44.68,487025.0
2026-05-25,45.59,45.74,44.1,44.43,396800.0
2026-05-26,44.08,46.2,43.3,45.94,595692.0
2026-05-27,45.93,45.94,43.33,43.52,514472.0
2026-05-28,43.4,43.4,41.7,42.87,353298.0
2026-05-29,43.65,44.6,42.6,42.9,481312.0
2026-06-01,42.92,43.69,42.45,42.56,337888.0
2026-06-02,43.4,46.88,43.4,46.88,840926.0
2026-06-03,47.9,48.88,46.83,47.42,1014734.0
2026-06-04,46.46,47.1,45.22,45.45,576324.0
2026-06-05,44.9,46.68,43.44,43.76,642375.0
2026-06-08,41.35,42.07,39.81,40.27,699964.0
2026-06-09,40.81,40.88,39.3,40.76,450717.0
2026-06-10,39.65,40.3,39.05,39.89,380350.0
2026-06-11,39.4,40.57,38.99,39.54,409497.0
2026-06-12,40.65,43.55,40.51,42.45,914270.0
2026-06-15,43.7,46.76,43.4,46.76,923206.0
2026-06-16,46.72,47.7,45.76,45.9,792888.0
2026-06-17,46.4,48.15,45.1,47.86,704755.0
2026-06-18,49.4,52.71,49.4,52.71,1246057.0
2026-06-22,52.27,54.57,49.87,54.26,1604047.0
2026-06-23,53.4,53.4,48.77,48.77,947491.0
2026-06-24,47.31,47.89,45.44,46.73,952812.0
2026-06-25,45.08,46.08,44.29,44.83,716811.0
2026-06-26,44.79,45.48,41.6,41.79,767235.0
2026-06-29,41.7,44.34,41.7,43.89,666938.0
2026-06-30,42.91,43.3,41.95,42.7,526664.0
2026-07-01,42.09,43.05,41.76,42.18,526398.0
2026-07-02,42.39,42.93,40.89,41.32,673587.0
2026-07-03,42.75,43.82,42.48,42.68,784459.0
2026-07-06,42.68,44.19,41.25,41.34,626934.0
2026-07-07,40.51,41.0,40.0,40.14,362075.0
2026-07-08,39.77,40.25,39.1,39.25,344327.0
2026-07-09,40.3,40.9,38.01,40.14,610346.0
2026-07-10,40.69,43.36,40.17,42.29,774930.0
2026-07-13,40.89,40.89,39.4,39.4,510548.0
2026-07-14,39.3,43.31,38.95,43.25,844400.0
2026-07-15,43.2,43.2,41.43,41.68,542400.0
2026-07-16,40.68,42.58,40.41,41.51,490676.0
2026-07-17,40.5,40.68,38.68,39.03,584734.0
