date,open,high,low,close,volume
2016-07-18,1866.0,1880.0,1841.5,1860.0,576
2016-07-19,1860.0,1875.0,1854.0,1861.5,566
2016-07-20,1861.5,1867.0,1820.5,1853.0,790
2016-07-21,1853.0,1890.0,1850.0,1859.5,781
2016-07-22,1859.5,1867.5,1838.0,1842.0,735
2016-07-25,1842.0,1866.0,1836.0,1848.0,668
2016-07-26,1848.0,1854.0,1830.0,1839.0,737
2016-07-27,1839.0,1845.0,1791.0,1797.5,759
2016-07-28,1797.5,1815.0,1795.0,1807.5,598
2016-07-29,1803.0,1829.5,1787.5,1826.0,1112
2016-08-01,1826.0,1849.0,1821.0,1823.5,930
2016-08-02,1814.0,1843.5,1814.0,1821.5,823
2016-08-03,1821.5,1823.0,1797.0,1808.0,1160
2016-08-04,1808.0,1815.0,1785.0,1796.0,751
2016-08-05,1796.0,1806.5,1782.5,1786.5,700
2016-08-08,1786.5,1805.0,1786.5,1795.5,564
2016-08-09,1795.5,1810.5,1783.0,1808.0,715
2016-08-10,1808.0,1851.5,1805.5,1819.0,1115
2016-08-11,1819.0,1838.5,1815.5,1834.0,694
2016-08-12,1834.0,1845.5,1810.0,1837.0,1056
2016-08-15,1837.0,1871.0,1819.0,1866.5,830
2016-08-16,1866.5,1884.5,1852.0,1875.0,1059
2016-08-17,1875.0,1894.0,1859.0,1886.0,889
2016-08-18,1886.0,1907.0,1875.5,1894.5,920
2016-08-19,1894.5,1895.5,1875.0,1889.0,1109
2016-08-22,1889.0,1896.0,1850.0,1852.5,810
2016-08-23,1852.5,1871.5,1848.5,1865.0,724
2016-08-24,1865.0,1875.0,1852.0,1858.5,908
2016-08-25,1857.5,1867.5,1842.0,1867.0,586
2016-08-26,1867.0,1889.5,1867.0,1879.0,873
2016-08-30,1879.0,1888.0,1861.0,1883.0,751
2016-08-31,1883.0,1905.0,1873.0,1899.5,1721
2016-09-01,1899.5,1948.0,1897.0,1941.0,947
2016-09-02,1941.0,1955.5,1924.0,1944.0,1008
2016-09-05,1944.0,1975.0,1939.5,1974.0,641
2016-09-06,1974.0,1974.0,1931.0,1942.0,878
2016-09-07,1942.5,1959.5,1917.5,1919.0,889
2016-09-08,1919.0,1926.0,1893.5,1921.5,870
2016-09-09,1921.5,1921.5,1892.0,1897.5,640
2016-09-12,1897.5,1897.5,1865.0,1883.0,1892
2016-09-13,1883.0,1914.5,1874.0,1891.0,1189
2016-09-14,1891.0,1965.0,1883.5,1950.5,1071
2016-09-15,1950.5,1956.5,1930.5,1944.0,1098
2016-09-16,1944.0,1955.5,1928.5,1934.5,958
2016-09-19,1934.5,1959.0,1924.5,1956.0,1068
2016-09-20,1956.0,1988.0,1951.5,1985.0,1381
2016-09-21,1985.0,1985.0,1932.0,1932.0,1014
2016-09-22,1944.0,1965.0,1942.5,1946.5,992
2016-09-23,1946.5,1949.0,1913.0,1917.0,1022
2016-09-26,1917.0,1949.0,1905.5,1946.5,881
2016-09-27,1946.5,1976.0,1930.5,1958.0,1444
2016-09-28,1953.0,2007.5,1951.0,2004.0,1216
2016-09-29,2004.0,2070.5,2000.5,2065.0,1680
2016-09-30,2065.0,2157.0,2056.0,2130.0,2095
2016-10-03,2130.0,2143.5,2060.5,2093.5,1852
2016-10-04,2093.5,2102.5,2060.5,2072.5,1467
2016-10-05,2072.5,2086.5,2045.0,2046.0,1079
2016-10-06,2046.0,2079.0,2036.0,2062.0,1010
2016-10-07,2062.0,2106.0,2056.5,2084.0,995
2016-10-10,2084.0,2118.5,2074.0,2103.0,988
2016-10-11,2103.0,2107.0,2047.5,2053.5,1271
2016-10-12,2053.5,2068.0,2023.0,2027.5,1229
2016-10-13,2027.5,2032.0,1992.0,2001.0,1252
2016-10-14,2001.0,2019.0,1991.0,2009.0,1143
2016-10-17,2009.0,2012.5,1977.5,1999.5,891
2016-10-18,1999.5,2016.5,1973.0,1977.0,920
2016-10-19,1977.0,2008.5,1966.5,2007.5,1139
2016-10-20,2007.5,2021.0,1994.5,2021.0,1224
2016-10-21,2021.0,2030.0,1995.0,2003.0,1076
2016-10-24,2003.0,2034.0,1996.5,2031.5,1033
2016-10-25,2031.5,2080.0,2031.5,2058.0,1530
2016-10-26,2058.0,2072.0,2043.0,2067.0,1217
2016-10-27,2067.0,2081.0,2042.0,2050.0,1063
2016-10-28,2050.0,2070.0,2050.0,2068.0,765
2016-10-31,2068.0,2117.5,2020.0,2058.5,1130
2016-11-01,2064.0,2085.0,2053.0,2069.0,1121
2016-11-02,2070.0,2080.0,2044.5,2060.0,853
2016-11-03,2066.0,2097.0,2059.0,2093.0,821
2016-11-04,2094.5,2106.0,2076.5,2096.0,699
2016-11-07,2097.5,2124.5,2075.0,2104.5,1091
2016-11-08,2104.5,2139.5,2076.0,2130.0,1095
2016-11-09,2130.0,2162.0,2076.5,2145.5,2173
2016-11-10,2145.5,2188.0,2135.0,2138.0,1203
2016-11-11,2138.0,2226.0,2110.0,2128.0,1691
2016-11-14,2128.0,2208.0,2128.0,2208.0,1499
2016-11-15,2208.0,2238.0,2164.0,2215.0,1563
2016-11-16,2215.0,2223.0,2161.0,2161.0,1130
2016-11-17,2161.0,2185.0,2132.5,2177.5,896
2016-11-18,2177.5,2192.5,2131.0,2135.5,1096
2016-11-21,2135.5,2190.5,2135.5,2178.0,803
2016-11-22,2178.0,2217.5,2175.0,2200.0,1057
2016-11-23,2200.0,2242.0,2179.5,2238.0,1091
2016-11-24,2238.0,2282.5,2232.0,2238.0,1063
2016-11-25,2238.0,2445.0,2218.0,2430.0,2519
2016-11-28,2430.0,2576.5,2396.5,2443.0,3454
2016-11-29,2443.0,2497.5,2340.0,2353.0,2481
2016-11-30,2353.0,2410.0,2303.0,2345.0,1647
2016-12-01,2345.0,2405.0,2310.0,2350.0,1248
2016-12-02,2350.0,2351.0,2262.0,2266.0,1251
2016-12-05,2266.0,2342.0,2257.0,2340.0,1124
2016-12-06,2335.0,2367.5,2293.0,2366.5,1138
2016-12-07,2366.5,2398.5,2299.0,2320.0,1330
2016-12-08,2320.0,2349.0,2281.0,2300.0,865
2016-12-09,2300.0,2329.0,2292.5,2311.0,694
2016-12-12,2311.0,2352.0,2305.5,2350.0,918
2016-12-13,2350.0,2395.0,2320.0,2343.0,989
2016-12-14,2343.0,2364.5,2316.0,2364.5,1094
2016-12-15,2364.5,2384.0,2297.0,2321.0,1189
2016-12-16,2321.0,2338.0,2238.0,2238.5,1027
2016-12-19,2245.0,2249.5,2130.0,2183.0,1239
2016-12-20,2195.0,2209.5,2140.0,2190.0,983
2016-12-21,2190.0,2206.0,2159.5,2170.5,630
2016-12-22,2170.5,2172.5,2100.0,2133.5,1412
2016-12-23,2133.5,2149.0,2055.0,2067.0,1091
2016-12-27,2067.0,2067.0,2067.0,2067.0,1
2016-12-28,2062.0,2082.5,2017.0,2020.0,1251
2016-12-29,2020.0,2045.0,1959.0,1990.5,1158
2016-12-30,1990.5,2033.0,1982.5,2014.5,916
2017-01-03,2014.5,2034.0,1986.0,2006.0,1066
2017-01-04,2006.0,2085.0,2002.5,2079.0,1077
2017-01-05,2079.0,2090.0,2040.0,2041.5,685
2017-01-06,2041.5,2070.0,2033.0,2069.5,631
2017-01-09,2069.5,2119.5,2066.0,2103.5,839
2017-01-10,2103.5,2191.0,2103.5,2182.0,944
2017-01-11,2172.0,2224.5,2126.0,2143.5,1235
2017-01-12,2143.5,2218.0,2140.5,2218.0,1080
2017-01-13,2218.0,2305.0,2191.5,2290.0,1646
2017-01-16,2290.0,2326.0,2259.0,2271.0,1583
2017-01-17,2271.0,2303.0,2225.0,2290.0,1280
2017-01-18,2290.0,2313.0,2265.5,2306.5,1271
2017-01-19,2306.5,2320.0,2270.0,2275.0,1034
2017-01-20,2275.0,2312.5,2242.0,2302.5,1131
2017-01-23,2302.5,2358.5,2302.5,2320.0,1000
2017-01-24,2330.0,2394.0,2325.0,2382.0,1237
2017-01-25,2382.0,2400.0,2348.0,2379.5,1195
2017-01-26,2379.5,2398.5,2300.0,2304.0,814
2017-01-27,2304.0,2330.5,2266.0,2275.0,1222
2017-01-30,2275.0,2364.0,2275.0,2349.5,1026
2017-01-31,2349.5,2382.0,2335.0,2349.5,821
2017-02-01,2361.0,2380.0,2325.5,2333.5,978
2017-02-02,2333.5,2352.0,2315.5,2342.5,578
2017-02-03,2342.5,2342.5,2277.5,2322.0,890
2017-02-06,2322.0,2357.0,2295.5,2340.0,912
2017-02-07,2340.0,2355.0,2314.0,2335.5,528
2017-02-08,2335.5,2403.0,2335.5,2390.5,905
2017-02-09,2390.5,2403.0,2322.0,2327.0,935
2017-02-10,2327.0,2408.0,2327.0,2402.0,1200
2017-02-13,2402.0,2458.5,2400.5,2421.0,1333
2017-02-14,2421.0,2444.0,2155.5,2365.0,1246
2017-02-15,2355.5,2379.0,2320.0,2321.5,1283
2017-02-16,2321.5,2348.0,2271.0,2297.5,1332
2017-02-17,2297.5,2297.5,2250.0,2253.0,1101
2017-02-20,2253.0,2324.5,2253.0,2316.0,829
2017-02-21,2316.0,2321.0,2264.5,2265.0,989
2017-02-22,2265.0,2298.0,2249.0,2280.5,1295
2017-02-23,2280.5,2285.0,2224.0,2233.5,1610
2017-02-24,2233.5,2266.0,2233.5,2259.5,897
2017-02-27,2259.5,2275.5,2236.0,2259.5,860
2017-02-28,2259.5,2280.0,2241.0,2249.0,994
2017-03-01,2249.0,2307.0,2246.5,2302.0,1244
2017-03-02,2302.0,2311.5,2235.0,2259.0,755
2017-03-03,2259.0,2269.0,2238.5,2249.0,768
2017-03-06,2249.0,2253.0,2199.5,2243.5,1334
2017-03-07,2243.5,2249.5,2208.5,2235.0,1318
2017-03-08,2235.0,2253.0,2221.0,2245.5,1203
2017-03-09,2245.5,2256.0,2203.0,2250.5,1419
2017-03-10,2250.5,2284.0,2230.0,2261.0,1053
2017-03-13,2261.0,2297.5,2261.0,2274.0,962
2017-03-14,2271.5,2285.0,2190.0,2233.5,1730
2017-03-15,2232.5,2259.0,2216.5,2250.0,1430
2017-03-16,2263.0,2285.5,2235.5,2248.0,1188
2017-03-17,2248.0,2294.0,2242.5,2292.5,1081
2017-03-20,2295.0,2315.0,2262.0,2270.5,1266
2017-03-21,2270.0,2300.0,2254.0,2271.0,1304
2017-03-22,2270.0,2373.0,2252.0,2370.0,2912
2017-03-23,2360.0,2391.5,2336.0,2368.5,1759
2017-03-24,2367.0,2373.5,2336.0,2353.0,1302
2017-03-27,2348.0,2349.0,2280.0,2296.0,2498
2017-03-28,2296.0,2340.0,2275.0,2326.5,1264
2017-03-29,2329.0,2351.0,2306.0,2343.0,1641
2017-03-30,2343.0,2357.0,2316.0,2329.0,1135
2017-03-31,2329.0,2347.0,2302.0,2333.5,1363
2017-04-03,2333.5,2340.0,2269.5,2286.5,1231
2017-04-04,2286.5,2318.0,2273.0,2313.5,768
2017-04-05,2313.5,2341.0,2301.0,2314.0,1344
2017-04-06,2314.0,2341.0,2285.0,2303.0,1177
2017-04-07,2303.0,2318.5,2220.0,2257.0,1944
2017-04-10,2257.0,2272.0,2234.5,2250.5,1419
2017-04-11,2250.5,2275.5,2216.5,2254.0,1918
2017-04-12,2254.0,2258.0,2228.5,2242.5,1194
2017-04-13,2242.5,2270.0,2235.0,2240.0,1158
2017-04-14,2242.5,2270.0,2235.0,2240.0,1158
2017-04-18,2239.0,2249.0,2098.0,2116.0,2589
2017-04-19,2116.0,2161.5,2115.0,2160.5,1818
2017-04-20,2160.5,2186.5,2129.0,2158.5,1764
2017-04-21,2158.5,2184.0,2115.0,2142.0,1408
2017-04-24,2142.0,2168.5,2133.5,2158.5,927
2017-04-25,2158.5,2187.5,2145.0,2169.0,951
2017-04-26,2169.0,2199.0,2155.5,2192.5,952
2017-04-27,2188.0,2217.0,2181.5,2213.0,1357
2017-04-28,2213.0,2260.0,2204.5,2250.0,1702
2017-05-01,2213.0,2260.0,2204.5,2250.0,1702
2017-05-02,2250.0,2276.5,2231.0,2242.5,1234
2017-05-03,2242.5,2262.5,2187.0,2194.5,1319
2017-05-04,2190.0,2202.0,2162.5,2195.0,1465
2017-05-05,2195.0,2195.0,2160.5,2179.0,1176
2017-05-08,2179.0,2181.5,2150.0,2166.0,1372
2017-05-09,2166.0,2190.5,2157.0,2168.5,1185
2017-05-10,2168.5,2198.0,2149.0,2190.5,1366
2017-05-11,2190.5,2219.5,2160.5,2177.0,1515
2017-05-12,2177.0,2184.5,2116.0,2124.0,1308
2017-05-15,2124.0,2145.5,2124.0,2131.0,996
2017-05-16,2131.0,2131.0,2080.5,2090.0,1354
2017-05-17,2090.0,2123.0,2086.5,2114.5,1130
2017-05-18,2114.5,2114.5,2043.5,2071.5,1378
2017-05-19,2071.5,2136.0,2068.0,2115.0,1677
2017-05-22,2115.0,2130.0,2092.0,2100.0,1290
2017-05-23,2100.0,2128.0,2073.5,2095.0,1377
2017-05-24,2095.0,2099.5,2072.0,2083.0,1041
2017-05-25,2083.0,2104.5,2070.0,2093.0,999
2017-05-26,2093.0,2130.5,2083.0,2123.0,869
2017-05-30,2123.0,2127.5,2089.0,2100.0,868
2017-05-31,2100.0,2123.0,2071.0,2117.0,1668
2017-06-01,2117.0,2129.5,2096.5,2104.0,1233
2017-06-02,2104.0,2119.0,2079.0,2111.5,1136
2017-06-05,2107.0,2121.5,2087.0,2106.5,1016
2017-06-06,2106.5,2115.0,2065.5,2070.0,1038
2017-06-07,2070.0,2091.0,2058.5,2062.5,983
2017-06-08,2062.5,2111.5,2058.5,2092.0,1230
2017-06-09,2092.0,2133.5,2085.0,2104.5,1318
2017-06-12,2104.5,2108.5,2052.0,2054.0,919
2017-06-13,2054.0,2084.0,2054.0,2060.0,1098
2017-06-14,2060.0,2086.0,2053.0,2073.0,753
2017-06-15,2073.0,2114.0,2071.5,2105.0,1076
2017-06-16,2105.0,2124.0,2097.0,2114.5,726
2017-06-19,2114.5,2150.0,2113.5,2136.0,965
2017-06-20,2136.0,2147.0,2112.0,2128.0,1000
2017-06-21,2128.0,2187.5,2117.0,2182.0,1527
2017-06-22,2182.0,2209.5,2175.5,2204.0,1055
2017-06-23,2204.0,2230.0,2186.5,2229.0,1526
2017-06-26,2225.0,2258.5,2216.5,2250.0,1080
2017-06-27,2250.0,2294.0,2241.0,2285.0,1277
2017-06-28,2285.0,2303.0,2271.0,2303.0,1506
2017-06-29,2303.0,2322.5,2296.0,2306.5,1140
2017-06-30,2306.5,2316.5,2277.0,2293.5,1488
2017-07-03,2293.5,2338.0,2286.0,2331.5,1127
2017-07-04,2331.5,2333.5,2286.5,2286.5,985
2017-07-05,2286.5,2301.0,2241.0,2277.5,1727
2017-07-06,2277.5,2297.0,2256.5,2286.0,889
2017-07-07,2286.0,2307.0,2273.0,2300.0,1057
2017-07-10,2300.0,2320.5,2271.0,2315.0,1279
2017-07-11,2315.0,2341.5,2300.0,2309.0,1548
2017-07-12,2309.0,2346.5,2308.0,2316.0,1403
2017-07-13,2316.0,2330.0,2285.0,2291.5,1042
2017-07-14,2291.5,2319.5,2266.0,2318.0,1462
2017-07-17,2318.0,2333.0,2289.5,2297.5,1226
2017-07-18,2297.5,2309.0,2264.0,2272.0,1138
2017-07-19,2272.0,2276.5,2210.0,2212.5,1332
2017-07-20,2212.5,2235.0,2203.5,2220.0,953
2017-07-21,2217.0,2254.0,2217.0,2245.0,983
2017-07-24,2245.0,2265.5,2237.5,2257.5,846
2017-07-25,2252.0,2323.0,2250.0,2322.5,1244
2017-07-26,2322.5,2347.0,2303.5,2307.5,1502
2017-07-27,2307.5,2334.0,2297.5,2303.5,1018
2017-07-28,2303.5,2328.0,2290.0,2328.0,1026
2017-07-31,2320.0,2346.5,2320.0,2331.0,995
2017-08-01,2331.0,2340.0,2301.0,2337.0,978
2017-08-02,2337.0,2366.0,2322.0,2360.5,1195
2017-08-03,2360.5,2387.0,2344.5,2363.0,1035
2017-08-04,2363.0,2375.0,2348.5,2357.5,1129
2017-08-07,2357.5,2390.0,2345.0,2368.5,1513
2017-08-08,2368.5,2395.0,2342.0,2388.0,1636
2017-08-09,2388.0,2422.0,2346.0,2356.0,2407
2017-08-10,2354.0,2395.5,2353.5,2363.5,1566
2017-08-11,2363.5,2368.5,2325.5,2334.0,1334
2017-08-14,2325.0,2349.0,2325.0,2342.0,766
2017-08-15,2342.0,2389.0,2342.0,2377.5,1227
2017-08-16,2377.5,2518.0,2375.0,2513.0,2656
2017-08-17,2513.0,2537.0,2400.0,2408.0,2114
2017-08-18,2408.0,2453.5,2356.5,2359.0,2666
2017-08-21,2359.0,2398.0,2344.0,2346.0,1733
2017-08-22,2346.0,2423.5,2321.0,2422.0,2078
2017-08-23,2422.0,2422.0,2376.5,2387.0,1201
2017-08-24,2387.0,2406.0,2346.0,2359.0,1312
2017-08-25,2377.0,2378.0,2320.0,2325.5,983
2017-08-28,2325.5,2325.5,2325.5,2325.5,1
2017-08-29,2350.5,2411.0,2339.0,2386.0,1458
2017-08-30,2386.0,2408.5,2365.0,2378.0,1353
2017-08-31,2378.0,2401.0,2370.5,2400.0,957
2017-09-01,2400.0,2414.0,2380.5,2402.0,1270
2017-09-04,2402.0,2419.5,2384.0,2393.0,714
2017-09-05,2393.0,2407.0,2323.0,2332.0,1628
2017-09-06,2332.0,2366.0,2315.0,2352.5,1569
2017-09-07,2352.5,2365.0,2316.0,2347.5,1168
2017-09-08,2347.5,2358.0,2258.0,2265.5,1999
2017-09-11,2265.5,2297.5,2257.0,2278.5,1528
2017-09-12,2278.5,2320.5,2256.5,2306.0,1549
2017-09-13,2310.0,2326.0,2274.5,2298.5,1678
2017-09-14,2298.5,2326.5,2272.0,2325.5,1520
2017-09-15,2325.5,2368.0,2310.0,2367.0,2178
2017-09-18,2367.0,2408.0,2364.0,2395.0,1433
2017-09-19,2395.0,2453.0,2379.0,2425.0,1835
2017-09-20,2425.0,2472.5,2423.5,2465.0,1814
2017-09-21,2435.0,2513.0,2423.5,2463.0,3003
2017-09-22,2463.0,2490.0,2373.0,2488.5,3292
2017-09-25,2488.5,2510.5,2465.5,2484.0,1716
2017-09-26,2484.0,2513.0,2460.0,2484.0,1405
2017-09-27,2484.0,2487.5,2446.0,2467.0,1212
2017-09-28,2467.0,2490.0,2445.0,2484.0,1264
2017-09-29,2484.0,2515.0,2467.0,2489.0,1509
2017-10-02,2489.0,2548.0,2486.0,2525.0,1188
2017-10-03,2525.0,2599.0,2487.0,2599.0,1539
2017-10-04,2599.0,2620.5,2544.5,2548.5,1654
2017-10-05,2548.5,2602.0,2530.0,2590.5,771
2017-10-06,2590.5,3233.0,2506.5,2534.0,1125
2017-10-09,2534.0,2540.0,2486.0,2513.0,1781
2017-10-10,2513.0,2560.0,2482.5,2559.0,1389
2017-10-11,2559.0,2565.0,2505.5,2558.0,1998
2017-10-12,2558.0,2585.0,2538.0,2567.0,1340
2017-10-13,2567.0,2567.0,2528.0,2535.0,1355
2017-10-16,2535.0,2584.0,2529.0,2546.0,1659
2017-10-17,2546.0,2549.5,2490.0,2495.5,1600
2017-10-18,2495.5,2530.0,2464.5,2513.5,2085
2017-10-19,2513.5,2515.0,2469.0,2475.0,1440
2017-10-20,2475.0,2533.0,2458.5,2467.5,1463
2017-10-23,2467.5,2505.0,2462.0,2503.5,1092
2017-10-24,2503.5,2517.5,2464.0,2476.5,1022
2017-10-25,2476.5,2497.0,2454.0,2488.0,1317
2017-10-26,2488.0,2505.0,2465.5,2480.5,975
2017-10-27,2480.5,2484.5,2421.0,2432.0,1597
2017-10-30,2432.0,2447.5,2396.0,2409.0,1381
2017-10-31,2414.0,2439.0,2402.0,2426.5,1137
2017-11-01,2437.0,2483.0,2424.0,2472.0,1821
2017-11-02,2478.5,2487.0,2442.0,2444.0,1286
2017-11-03,2446.0,2484.0,2443.5,2465.5,1201
2017-11-06,2468.0,2515.0,2466.0,2506.0,1056
2017-11-07,2506.0,2507.0,2478.0,2496.0,1298
2017-11-08,2496.0,2528.5,2478.0,2511.5,1269
2017-11-09,2511.5,2520.5,2486.0,2519.5,926
2017-11-10,2516.0,2559.0,2500.0,2516.0,1421
2017-11-13,2544.0,2544.0,2478.5,2523.0,1217
2017-11-14,2523.0,2523.0,2462.0,2475.0,1499
2017-11-15,2475.0,2475.0,2417.0,2426.0,1809
2017-11-16,2426.0,2440.0,2401.5,2404.0,1457
2017-11-17,2404.0,2446.0,2400.0,2445.0,1133
2017-11-20,2445.0,2465.0,2425.5,2457.0,1500
2017-11-21,2460.0,2482.5,2448.0,2478.0,970
2017-11-22,2479.0,2486.5,2444.5,2463.5,1101
2017-11-23,2463.5,2468.5,2425.0,2457.5,1072
2017-11-24,2457.5,2497.0,2453.0,2487.5,1074
2017-11-27,2487.5,2490.0,2445.5,2463.5,866
2017-11-28,2463.5,2463.5,2425.0,2429.0,1143
2017-11-29,2429.0,2447.0,2420.5,2437.0,1304
2017-11-30,2437.0,2489.0,2428.0,2471.5,1392
2017-12-01,2436.5,2550.0,2436.5,2541.0,2077
2017-12-04,2540.0,2560.0,2498.0,2501.0,1820
2017-12-05,2503.0,2525.0,2455.5,2494.5,1727
2017-12-06,2496.0,2516.5,2458.5,2510.0,1428
2017-12-07,2510.0,2518.0,2433.0,2441.0,1857
2017-12-08,2441.0,2467.0,2413.5,2453.0,1916
2017-12-11,2453.0,2499.0,2443.5,2494.5,1338
2017-12-12,2494.5,2521.0,2488.0,2516.5,1411
2017-12-13,2516.5,2525.0,2503.0,2521.0,987
2017-12-14,2521.0,2525.0,2478.0,2488.5,1176
2017-12-15,2488.5,2535.0,2485.0,2522.0,1176
2017-12-18,2522.0,2567.0,2517.0,2553.5,1279
2017-12-19,2553.5,2561.0,2537.0,2556.0,1060
2017-12-20,2556.0,2572.0,2512.5,2525.0,1414
2017-12-21,2525.0,2525.0,2479.0,2504.5,1708
2017-12-22,2504.5,2514.5,2476.0,2482.5,1511
2017-12-27,2482.5,2543.0,2239.0,2521.5,1345
2017-12-28,2521.5,2555.0,2507.0,2529.5,1033
2017-12-29,2529.5,2539.0,2486.0,2498.0,1460
2018-01-02,2498.0,2570.0,2488.0,2558.0,1703
2018-01-03,2558.0,2580.0,2545.5,2577.0,1377
2018-01-04,2577.0,2594.0,2544.0,2571.0,1308
2018-01-05,2571.0,2589.0,2538.0,2555.0,1132
2018-01-08,2555.0,2610.0,2547.5,2604.5,1484
2018-01-09,2604.5,2607.0,2542.0,2548.0,1362
2018-01-10,2548.0,2580.0,2542.0,2553.0,1123
2018-01-11,2553.0,2575.0,2541.0,2549.0,1054
2018-01-12,2549.0,2563.5,2517.0,2543.0,1217
2018-01-15,2543.0,2587.0,2538.0,2582.5,771
2018-01-16,2582.5,2582.5,2531.0,2562.5,1460
2018-01-17,2562.5,2570.0,2531.5,2562.0,1263
2018-01-18,2562.0,2613.5,2550.5,2604.0,1635
2018-01-19,2604.0,2630.5,2572.0,2586.0,1520
2018-01-22,2586.0,2624.5,2576.0,2610.5,1190
2018-01-23,2610.5,2636.5,2596.0,2608.0,1201
2018-01-24,2608.0,2649.5,2594.5,2633.5,1279
2018-01-25,2633.5,2653.0,2580.0,2584.5,1465
2018-01-26,2584.5,2624.0,2582.0,2608.0,1252
2018-01-29,2605.0,2650.0,2585.5,2598.5,1381
2018-01-30,2598.5,2624.0,2582.5,2601.5,1066
2018-01-31,2601.5,2636.0,2590.0,2618.0,1401
2018-02-01,2615.0,2668.0,2615.0,2665.0,1871
2018-02-02,2665.0,2685.0,2626.0,2668.0,1916
2018-02-05,2668.0,2673.5,2635.5,2639.5,1223
2018-02-06,2639.5,2640.0,2588.0,2595.5,1630
2018-02-07,2604.0,2611.0,2500.0,2524.0,1906
2018-02-08,2524.0,2537.0,2424.5,2528.0,2186
2018-02-09,2528.0,2544.0,2489.5,2538.0,1794
2018-02-12,2538.0,2546.0,2497.0,2517.0,1201
2018-02-13,2517.0,2565.0,2503.0,2550.5,1086
2018-02-14,2550.5,2593.0,2536.5,2583.0,1467
2018-02-15,2575.0,2621.5,2569.0,2612.0,1161
2018-02-16,2612.0,2639.0,2603.5,2607.5,1101
2018-02-19,2607.5,2615.0,2571.0,2588.0,819
2018-02-20,2588.0,2604.0,2556.0,2588.0,785
2018-02-21,2588.0,2592.0,2546.0,2562.0,947
2018-02-22,2560.0,2567.0,2515.0,2552.0,1334
2018-02-23,2532.5,2558.5,2515.0,2540.0,1201
2018-02-26,2540.0,2596.0,2540.0,2577.0,1290
2018-02-27,2577.0,2586.0,2558.0,2570.5,846
2018-02-28,2584.0,2584.0,2500.0,2502.0,1505
2018-03-01,2502.0,2504.5,2443.5,2446.0,1816
2018-03-02,2447.5,2469.0,2423.0,2455.0,1314
2018-03-05,2455.0,2464.5,2410.0,2431.0,1340
2018-03-06,2431.0,2445.0,2410.0,2430.0,1225
2018-03-07,2430.0,2443.5,2365.5,2377.5,1309
2018-03-08,2377.5,2399.0,2334.0,2348.5,1420
2018-03-09,2348.5,2390.0,2329.0,2386.5,1654
2018-03-12,2386.5,2387.5,2311.5,2336.0,1206
2018-03-13,2336.0,2400.0,2332.5,2398.0,1720
2018-03-14,2399.0,2448.0,2384.0,2392.5,1955
2018-03-15,2391.0,2416.5,2374.5,2410.0,1289
2018-03-16,2398.5,2432.0,2370.0,2378.5,1250
2018-03-19,2377.5,2396.5,2358.0,2361.0,1159
2018-03-20,2364.0,2371.0,2320.0,2347.5,1351
2018-03-21,2350.5,2414.5,2349.0,2397.0,1469
2018-03-22,2398.0,2420.0,2351.0,2368.0,1285
2018-03-23,2362.5,2362.5,2330.5,2343.0,1404
2018-03-26,2350.0,2393.0,2333.5,2386.0,1311
2018-03-27,2386.0,2410.0,2378.5,2406.0,1178
2018-03-28,2406.0,2425.0,2372.0,2415.0,1033
2018-03-29,2420.0,2424.0,2375.5,2397.0,1123
2018-03-30,2420.0,2424.0,2375.5,2397.0,3376
2018-04-02,2420.0,2424.0,2375.5,2397.0,3376
2018-04-03,2395.0,2420.5,2379.0,2399.5,1521
2018-04-04,2399.5,2404.5,2355.0,2368.0,986
2018-04-05,2368.0,2396.5,2360.0,2386.0,928
2018-04-06,2386.0,2398.0,2349.0,2383.0,911
2018-04-09,2383.0,2396.5,2371.0,2382.5,865
2018-04-10,2382.5,2403.0,2373.5,2388.0,1305
2018-04-11,2388.0,2410.0,2370.0,2391.0,928
2018-04-12,2391.0,2397.0,2316.0,2337.0,1891
2018-04-13,2337.0,2364.5,2290.5,2304.0,1303
2018-04-16,2304.0,2381.0,2288.0,2353.0,1707
2018-04-17,2353.0,2364.0,2325.0,2359.0,1206
2018-04-18,2359.0,2414.0,2326.5,2368.0,1526
2018-04-19,2368.0,2398.5,2325.0,2347.5,1669
2018-04-20,2347.5,2384.0,2323.0,2337.5,1437
2018-04-23,2337.5,2358.0,2317.0,2318.0,1322
2018-04-24,2318.0,2359.0,2305.0,2310.0,1241
2018-04-25,2310.0,2340.5,2272.0,2310.0,1769
2018-04-26,2310.0,2344.0,2292.0,2338.5,1440
2018-04-27,2338.5,2350.0,2320.0,2346.0,1007
2018-04-30,2346.0,2366.0,2312.5,2316.0,850
2018-05-01,2313.0,2334.5,2289.5,2303.5,919
2018-05-02,2303.5,2338.0,2241.0,2278.0,1365
2018-05-03,2278.0,2292.0,2241.0,2272.0,1326
2018-05-04,2272.0,2324.0,2259.5,2316.0,1363
2018-05-08,2320.0,2336.0,2286.0,2294.0,1371
2018-05-09,2294.0,2316.5,2281.0,2291.5,954
2018-05-10,2291.5,2335.0,2288.0,2301.0,1099
2018-05-11,2301.0,2358.0,2300.0,2348.0,1511
2018-05-14,2348.0,2402.0,2348.0,2384.5,1460
2018-05-15,2384.5,2393.5,2342.0,2356.5,1240
2018-05-16,2356.5,2373.5,2328.5,2340.0,1083
2018-05-17,2340.0,2374.0,2327.5,2363.0,962
2018-05-18,2363.0,2373.0,2330.0,2335.5,1066
2018-05-21,2335.5,2418.0,2335.0,2415.0,1273
2018-05-22,2415.0,2478.0,2403.0,2465.5,2166
2018-05-23,2465.5,2478.0,2445.0,2467.5,1583
2018-05-24,2467.5,2515.0,2465.5,2493.0,1804
2018-05-25,2493.0,2507.0,2426.0,2437.5,1715
2018-05-29,2437.5,2467.0,2424.0,2430.5,1404
2018-05-30,2430.5,2450.0,2416.0,2447.0,1080
2018-05-31,2447.0,2467.0,2440.5,2458.5,1094
2018-06-01,2458.5,2465.0,2427.5,2464.5,1049
2018-06-04,2464.5,2510.0,2431.0,2500.0,1427
2018-06-05,2500.0,2534.0,2485.5,2503.0,1449
2018-06-06,2503.0,2534.0,2499.0,2531.0,1057
2018-06-07,2531.0,2555.5,2491.0,2496.0,1373
2018-06-08,2520.0,2520.0,2465.0,2467.0,1664
2018-06-11,2467.0,2505.0,2467.0,2482.5,991
2018-06-12,2482.5,2502.0,2466.0,2468.0,825
2018-06-13,2492.0,2508.5,2464.0,2485.0,1034
2018-06-14,2485.0,2490.0,2449.0,2460.0,882
2018-06-15,2460.0,2462.5,2401.0,2401.0,923
2018-06-18,2401.0,2444.5,2392.5,2438.5,1193
2018-06-19,2438.5,2448.0,2400.5,2417.0,1258
2018-06-20,2417.0,2427.5,2395.5,2413.0,981
2018-06-21,2413.0,2422.0,2365.0,2396.5,1279
2018-06-22,2396.5,2422.5,2367.5,2414.5,1049
2018-06-25,2414.5,2427.5,2394.5,2411.5,1131
2018-06-26,2411.5,2434.5,2398.0,2417.0,1148
2018-06-27,2417.0,2449.0,2405.0,2433.0,1108
2018-06-28,2433.0,2436.5,2390.5,2402.0,1174
2018-06-29,2402.0,2443.0,2400.5,2409.0,1275
2018-07-02,2409.0,2421.5,2380.0,2390.0,1236
2018-07-03,2390.0,2409.0,2382.0,2386.0,838
2018-07-04,2386.0,2393.5,2307.0,2335.0,1101
2018-07-05,2335.0,2375.0,2316.0,2366.5,1624
2018-07-06,2366.5,2366.5,2314.0,2344.0,1422
2018-07-09,2344.0,2371.0,2329.0,2331.0,1227
2018-07-10,2331.0,2350.5,2271.5,2320.0,1382
2018-07-11,2320.0,2320.0,2186.0,2204.5,2762
2018-07-12,2194.0,2226.0,2139.5,2212.0,2543
2018-07-13,2212.0,2216.0,2176.0,2215.0,1938
2018-07-16,2215.0,2215.0,2165.5,2168.5,1535
2018-07-17,2168.5,2195.0,2163.5,2174.5,1152
2018-07-18,2174.5,2183.5,2131.0,2170.0,1527
2018-07-19,2170.0,2184.5,2095.0,2134.5,1555
2018-07-20,2134.5,2150.0,2115.0,2138.0,1322
2018-07-23,2138.0,2174.5,2123.5,2128.5,1379
2018-07-24,2128.5,2182.5,2124.5,2151.0,1041
2018-07-25,2151.0,2177.5,2127.0,2153.5,1543
2018-07-26,2153.5,2186.5,2146.0,2168.0,1200
2018-07-27,2168.0,2168.5,2132.0,2132.5,1027
2018-07-30,2132.5,2162.0,2112.0,2159.5,1107
2018-07-31,2159.5,2196.5,2144.5,2164.0,1715
2018-08-01,2155.0,2156.0,2112.0,2125.0,1274
2018-08-02,2125.0,2157.5,2111.0,2128.0,1391
2018-08-03,2128.0,2147.5,2097.0,2112.5,1557
2018-08-06,2112.5,2126.5,2074.0,2115.5,1510
2018-08-07,2130.0,2152.0,2118.0,2141.0,1260
2018-08-08,2141.0,2156.0,2126.0,2138.5,1060
2018-08-09,2138.5,2167.5,2102.5,2108.0,1234
2018-08-10,2108.0,2123.0,2089.0,2098.0,982
2018-08-13,2098.0,2125.0,2077.0,2103.0,1310
2018-08-14,2103.0,2125.0,2069.5,2074.0,1082
2018-08-15,2074.0,2084.0,1917.5,1949.0,2674
2018-08-16,1954.0,2059.5,1946.5,2006.5,2796
2018-08-17,2006.5,2021.5,1987.0,2000.0,1791
2018-08-20,2000.0,2027.5,1972.5,1980.0,1321
2018-08-21,1980.0,2021.5,1980.0,2014.5,1166
2018-08-22,2014.5,2024.0,1991.0,2015.0,989
2018-08-23,2015.0,2072.0,2004.0,2060.0,1423
2018-08-24,2060.0,2103.5,2059.0,2078.5,1297
2018-08-28,2078.5,2103.0,2072.0,2076.0,1271
2018-08-29,2076.0,2094.0,2066.0,2083.5,1009
2018-08-30,2083.5,2108.0,2051.5,2074.0,1283
2018-08-31,2074.0,2108.0,2057.0,2088.5,1623
2018-09-03,2088.5,2131.5,2076.0,2128.5,1614
2018-09-04,2128.5,2131.5,2066.0,2066.0,1381
2018-09-05,2066.0,2097.0,2043.0,2048.5,1349
2018-09-06,2048.5,2079.0,2025.5,2043.0,1589
2018-09-07,2043.0,2083.5,2029.0,2059.0,1533
2018-09-10,2059.0,2093.0,2015.5,2017.5,1839
2018-09-11,2017.5,2033.0,1957.5,1973.0,1905
2018-09-12,1973.0,2039.5,1973.0,2036.0,1719
2018-09-13,2036.0,2076.0,2028.0,2040.0,1475
2018-09-14,2040.0,2070.0,2025.0,2037.0,1276
2018-09-17,2037.0,2072.0,2014.0,2068.0,1463
2018-09-18,2056.0,2075.0,2032.0,2067.0,1527
2018-09-19,2067.0,2079.0,2011.5,2025.0,1692
2018-09-20,2025.0,2051.0,1994.0,2010.5,1394
2018-09-21,2010.5,2055.0,2000.0,2040.5,1560
2018-09-24,2040.5,2069.0,2024.0,2029.0,1385
2018-09-25,2029.0,2041.0,2006.0,2010.5,1404
2018-09-26,2010.5,2029.0,1981.0,1995.0,1298
2018-09-27,1995.0,2010.0,1973.0,2003.0,1385
2018-09-28,2003.0,2062.5,2002.0,2032.0,2071
2018-10-01,2032.0,2061.0,2015.0,2023.0,1321
2018-10-02,2023.0,2068.0,2001.0,2043.5,1269
2018-10-03,2043.5,2220.0,2010.5,2035.0,1323
2018-10-04,2035.0,2056.0,1987.0,1996.0,1304
2018-10-05,1996.0,2004.0,1978.0,1985.5,1061
2018-10-08,1985.5,2000.0,1967.0,1973.0,1170
2018-10-09,1974.0,2013.5,1928.0,1938.0,2177
2018-10-10,1938.0,1950.5,1903.0,1913.0,1710
2018-10-11,1910.0,2005.0,1876.0,1997.5,2768
2018-10-12,1997.5,2076.5,1976.0,2046.0,2533
2018-10-15,2046.0,2116.0,2027.5,2079.5,2234
2018-10-16,2079.5,2108.5,2052.0,2065.5,1447
2018-10-17,2068.5,2071.0,2016.0,2035.0,1546
2018-10-18,2047.0,2047.0,1993.0,1999.5,1170
2018-10-19,2035.0,2035.0,1970.5,1995.5,925
2018-10-22,1995.5,2027.5,1985.0,2001.0,1009
2018-10-23,2001.0,2016.5,1993.0,2003.5,670
2018-10-24,2003.5,2026.5,1994.0,2005.0,729
2018-10-25,2005.0,2023.0,1996.0,2004.0,787
2018-10-26,2004.0,2009.5,1984.0,1997.0,750
2018-10-29,1997.0,1998.0,1957.5,1960.5,909
2018-10-30,1960.0,1969.0,1916.0,1938.5,1331
2018-10-31,1942.5,1942.5,1886.0,1915.5,1446
2018-11-01,1915.0,1962.5,1913.0,1959.0,1227
2018-11-02,1957.5,2026.0,1950.5,1995.5,1873
2018-11-05,2008.0,2008.0,1929.5,1935.0,1427
2018-11-06,1935.0,1949.5,1905.0,1914.0,979
2018-11-07,1914.0,1945.5,1908.0,1933.5,1178
2018-11-08,1930.0,2008.5,1908.0,2001.0,0
2018-11-09,2001.0,2001.0,1958.5,1967.0,1110
2018-11-12,1967.0,1974.5,1920.5,1920.5,969
2018-11-13,1925.0,1955.0,1910.0,1943.5,0
2018-11-14,1943.5,1959.5,1928.0,1949.0,1021
2018-11-15,1949.0,1973.0,1925.5,1945.5,1083
2018-11-16,1945.5,2014.5,1937.5,1995.0,1445
2018-11-19,2000.0,2021.5,1980.5,1990.5,1557
2018-11-20,1990.5,2008.0,1958.5,1959.0,1369
2018-11-21,1959.0,2014.5,1959.0,2007.0,1049
2018-11-22,2007.0,2007.5,1981.5,1987.5,765
2018-11-23,1987.5,2003.5,1947.0,1964.0,951
2018-11-26,1964.0,1968.0,1925.5,1948.0,1052
2018-11-27,1948.0,1948.0,1897.5,1902.5,1284
2018-11-28,1902.5,1943.5,1902.5,1925.0,979
2018-11-29,1925.0,1969.0,1923.5,1931.0,1309
2018-11-30,1931.0,1982.0,1927.5,1953.0,1590
2018-12-03,1980.0,2010.0,1954.5,1961.5,1618
2018-12-04,1961.5,2009.5,1961.5,1993.0,1286
2018-12-05,1993.0,2007.0,1982.5,1986.0,919
2018-12-06,1986.0,1994.5,1959.5,1994.0,777
2018-12-07,1994.0,1998.0,1975.5,1995.0,1208
2018-12-10,1995.0,1997.0,1950.0,1955.0,822
2018-12-11,1955.0,1987.5,1953.0,1977.5,1015
2018-12-12,1979.0,1990.0,1961.5,1966.5,741
2018-12-13,1966.5,1985.5,1947.0,1947.0,997
2018-12-14,1947.0,1955.5,1928.0,1954.0,840
2018-12-17,1954.0,1958.5,1923.0,1929.0,1173
2018-12-18,1929.0,1973.0,1922.0,1958.0,1485
2018-12-19,1958.0,1973.0,1937.5,1956.5,1069
2018-12-20,1956.5,1982.0,1943.0,1974.5,940
2018-12-21,1974.5,1977.5,1937.0,1961.5,964
2018-12-24,1961.5,1995.0,1958.5,1987.0,1049
2018-12-25,1961.5,1995.0,1958.5,1987.0,1049
2018-12-27,1987.0,2045.0,1975.0,2035.5,1196
2018-12-28,2035.5,2062.0,2016.0,2043.0,1714
2018-12-31,2043.0,2056.5,2005.0,2010.5,955
2019-01-01,2010.5,2010.5,2010.5,2010.5,1
2019-01-02,2016.0,2038.5,1942.0,1958.5,1428
2019-01-03,1958.5,1972.5,1932.5,1941.5,1277
2019-01-04,1941.5,1969.0,1933.0,1956.0,1109
2019-01-07,1954.0,1964.0,1942.5,1948.0,785
2019-01-08,1948.0,1970.0,1941.5,1967.0,818
2019-01-09,1967.0,2001.0,1956.0,1963.5,1142
2019-01-10,1963.5,1984.0,1953.5,1976.5,1023
2019-01-11,1976.5,2002.0,1967.5,1998.0,1080
2019-01-14,1998.0,1998.0,1965.0,1980.0,1052
2019-01-15,1980.0,1994.0,1960.0,1966.5,987
2019-01-16,1966.5,1988.5,1965.0,1970.0,893
2019-01-17,1970.0,1976.0,1955.0,1970.5,785
2019-01-18,1970.5,2007.5,1966.5,1995.0,1230
2019-01-21,1995.0,2017.0,1994.0,2008.0,826
2019-01-22,2008.0,2024.0,1998.0,2010.5,1186
2019-01-23,2010.5,2038.5,2008.5,2028.5,1078
2019-01-24,2027.0,2075.0,2017.0,2073.5,1161
2019-01-25,2073.5,2110.0,2057.0,2106.0,1488
2019-01-28,2106.0,2129.0,2075.0,2079.5,1501
2019-01-29,2079.5,2095.5,2071.0,2078.0,1130
2019-01-30,2078.0,2095.0,2075.0,2085.0,806
2019-01-31,2085.0,2117.0,2085.0,2110.0,760
2019-02-01,2110.0,2128.0,2101.0,2122.0,850
2019-02-04,2122.0,2135.5,2110.5,2128.5,1103
2019-02-05,2128.5,2136.5,2097.5,2103.0,830
2019-02-06,2103.0,2111.0,2078.0,2083.0,657
2019-02-07,2083.0,2091.0,2075.0,2080.0,791
2019-02-08,2080.0,2095.0,2071.0,2089.5,705
2019-02-11,2089.5,2089.5,2044.0,2046.5,1056
2019-02-12,2046.5,2059.0,2028.0,2047.0,854
2019-02-13,2047.0,2048.5,2011.0,2026.0,1050
2019-02-14,2026.0,2044.0,2014.0,2037.0,894
2019-02-15,2037.0,2084.5,2027.0,2077.0,1266
2019-02-18,2077.0,2079.5,2025.5,2030.0,1009
2019-02-19,2030.0,2041.0,2016.0,2021.0,1138
2019-02-20,2021.0,2050.0,2013.0,2046.5,961
2019-02-21,2032.0,2070.0,2030.0,2070.0,785
2019-02-22,2060.5,2080.0,2057.5,2063.0,901
2019-02-25,2063.0,2089.0,2063.0,2081.0,929
2019-02-26,2081.0,2095.0,2067.0,2093.5,776
2019-02-27,2093.5,2144.0,2082.5,2130.0,1335
2019-02-28,2130.0,2178.5,2123.5,2139.0,1804
2019-03-01,2139.0,2169.5,2135.0,2137.0,1398
2019-03-04,2137.0,2154.0,2105.5,2105.5,1174
2019-03-05,2105.5,2120.0,2084.0,2101.5,1239
2019-03-06,2101.5,2107.0,2087.5,2103.0,714
2019-03-07,2103.0,2116.0,2093.5,2103.5,853
2019-03-08,2103.5,2105.0,2082.5,2091.0,850
2019-03-11,2091.0,2124.5,2060.0,2080.0,1460
2019-03-12,2083.5,2101.5,2078.0,2086.0,1331
2019-03-13,2086.0,2131.0,2086.0,2122.5,1302
2019-03-14,2120.0,2125.0,2104.0,2104.5,946
2019-03-15,2108.5,2130.0,2062.0,2066.5,1153
2019-03-18,2062.0,2071.5,2023.5,2032.0,1295
2019-03-19,2034.5,2049.0,2027.5,2034.0,1128
2019-03-20,2035.5,2049.0,2028.0,2042.5,979
2019-03-21,2045.5,2074.0,2039.0,2046.0,940
2019-03-22,2047.5,2057.0,2026.0,2034.0,773
2019-03-25,2037.0,2037.0,2011.0,2018.5,739
2019-03-26,2013.0,2022.0,1988.0,1996.5,988
2019-03-27,1997.0,2016.0,1985.5,2014.5,1041
2019-03-28,2020.0,2026.0,2011.0,2016.0,877
2019-03-29,2013.5,2042.0,2013.0,2016.5,1041
2019-04-01,2015.0,2038.5,2010.0,2011.0,1031
2019-04-02,2011.0,2021.0,1983.5,1989.0,887
2019-04-03,1989.0,2017.0,1989.0,2012.0,825
2019-04-04,2012.0,2019.0,1990.0,2000.0,739
2019-04-05,2000.0,2004.0,1982.5,1987.0,599
2019-04-08,1987.0,2003.5,1983.0,1991.0,865
2019-04-09,1991.0,2014.5,1975.0,1983.0,1206
2019-04-10,1983.0,1985.0,1950.0,1952.0,1100
2019-04-11,1952.0,1958.0,1918.0,1923.5,1121
2019-04-12,1923.5,1937.0,1907.0,1932.0,1108
2019-04-15,1932.0,1957.5,1925.5,1951.0,1163
2019-04-16,1951.0,1963.0,1918.0,1927.0,1318
2019-04-17,1927.0,1958.5,1926.0,1939.0,879
2019-04-18,1939.0,1947.0,1925.0,1943.0,747
2019-04-19,1939.0,1947.0,1925.0,1943.0,747
2019-04-22,1943.0,1943.0,1943.0,1943.0,1
2019-04-23,1941.0,1951.5,1916.5,1925.5,1074
2019-04-24,1925.5,1938.0,1921.0,1924.5,717
2019-04-25,1924.5,1937.5,1908.0,1930.0,877
2019-04-26,1930.0,1957.0,1926.5,1949.0,870
2019-04-29,1949.0,1969.5,1944.5,1965.0,760
2019-04-30,1965.0,1967.0,1922.0,1927.5,1072
2019-05-01,1927.5,1931.5,1846.5,1860.0,1541
2019-05-02,1860.0,1882.5,1852.5,1878.5,1334
2019-05-03,1878.5,1903.5,1875.5,1888.5,985
2019-05-07,1888.5,1896.0,1855.0,1868.5,1504
2019-05-08,1874.0,1887.0,1864.0,1880.0,1267
2019-05-09,1880.0,1880.0,1830.5,1844.5,984
2019-05-10,1844.5,1855.5,1819.0,1819.0,954
2019-05-13,1819.0,1822.5,1773.5,1790.0,875
2019-05-14,1790.0,1814.5,1776.0,1812.0,1071
2019-05-15,1812.0,1823.0,1796.5,1817.0,1093
2019-05-16,1817.0,1849.5,1812.0,1831.5,968
2019-05-17,1831.0,1833.0,1814.5,1820.5,704
2019-05-20,1820.5,1829.5,1800.0,1801.5,686
2019-05-21,1801.5,1823.5,1800.0,1810.0,848
2019-05-22,1810.0,1812.5,1798.0,1806.0,582
2019-05-23,1806.0,1817.0,1784.0,1815.5,826
2019-05-24,1810.5,1837.5,1810.5,1830.0,701
2019-05-28,1828.0,1828.0,1806.0,1813.0,865
2019-05-29,1813.0,1833.0,1797.0,1823.5,950
2019-05-30,1823.5,1826.5,1797.0,1799.0,706
2019-05-31,1799.0,1812.0,1792.0,1806.5,1011
2019-06-03,1805.5,1817.0,1794.0,1811.0,3867
2019-06-04,1813.5,1815.0,1802.5,1802.5,237
2019-06-05,1845.5,1882.0,1840.5,1855.0,1358
2019-06-06,1857.0,1918.5,1855.5,1889.0,1583
2019-06-07,1885.5,1895.5,1820.0,1832.5,1523
2019-06-10,1840.5,1890.0,1837.0,1885.5,1267
2019-06-11,1881.0,1917.5,1881.0,1904.5,1305
2019-06-12,1910.5,1912.0,1882.0,1887.0,963
2019-06-13,1892.0,1906.0,1874.0,1892.0,2784
2019-06-14,1894.5,1896.5,1864.0,1873.0,1937
2019-06-17,1868.5,1890.0,1868.5,1882.5,2856
2019-06-18,1884.5,1923.0,1877.5,1916.5,3660
2019-06-19,1916.0,1933.5,1880.0,1901.0,4177
2019-06-20,1904.0,1922.0,1893.0,1904.0,3237
2019-06-21,1905.0,1911.0,1885.0,1906.0,2547
2019-06-24,1894.0,1915.0,1889.5,1911.0,2704
2019-06-25,1911.0,1942.0,1901.5,1933.0,3102
2019-06-26,1934.0,1941.0,1919.0,1922.0,3145
2019-06-27,1923.0,1941.5,1920.5,1940.0,2830
2019-06-28,1940.0,1944.5,1925.5,1932.5,3374
2019-07-01,1940.0,1941.5,1892.5,1914.0,4150
2019-07-02,1916.5,1920.0,1883.0,1885.0,3369
2019-07-03,1886.0,1900.5,1875.0,1879.0,2552
2019-07-04,1884.0,1895.0,1871.5,1881.0,2232
2019-07-05,1881.5,1886.5,1861.0,1876.0,2695
2019-07-08,1883.0,1903.0,1874.5,1892.0,3281
2019-07-09,1894.5,1938.0,1882.0,1937.5,5515
2019-07-10,1925.5,1964.5,1925.0,1957.5,5246
2019-07-11,1958.0,1987.0,1942.0,1964.5,7555
2019-07-12,1964.5,1982.0,1959.0,1977.0,3546
2019-07-15,1980.0,1982.0,1972.0,1980.0,3887
2019-07-16,1977.5,1995.0,1977.0,1980.5,4702
2019-07-17,1982.5,2009.5,1980.0,2005.5,3698
2019-07-18,2005.5,2048.5,2004.5,2037.0,5189
2019-07-19,2040.0,2088.0,2033.0,2042.5,6091
2019-07-22,2041.5,2044.5,1996.0,2005.5,3538
2019-07-23,2007.0,2045.5,2000.0,2033.5,3548
2019-07-24,2033.5,2084.5,2033.5,2074.5,4174
2019-07-25,2073.0,2117.0,2071.5,2096.5,4897
2019-07-26,2098.5,2112.0,2062.0,2069.0,4427
2019-07-29,2065.5,2074.0,2027.0,2051.5,4175
2019-07-30,2061.5,2065.0,1992.0,1998.0,5295
2019-07-31,2001.0,2018.0,1981.5,2013.5,5084
2019-08-01,2010.5,2010.5,1978.0,1981.0,3784
2019-08-02,1980.0,1982.0,1943.5,1952.5,4182
2019-08-05,1953.5,1962.0,1932.0,1959.5,4931
2019-08-06,1959.5,2018.0,1957.0,1991.5,5221
2019-08-07,1995.0,2019.0,1975.0,2017.5,4106
2019-08-08,2020.0,2075.0,2020.0,2074.5,5028
2019-08-09,2063.0,2082.0,2053.5,2062.0,4461
2019-08-12,2080.0,2101.5,2051.5,2053.5,3902
2019-08-13,2056.0,2083.5,2025.5,2068.0,3949
2019-08-14,2073.0,2073.0,2028.5,2049.0,2728
2019-08-15,2042.0,2066.5,2036.5,2058.0,1921
2019-08-16,2059.0,2061.5,2032.0,2034.0,1752
2019-08-19,2033.0,2059.5,2022.0,2054.0,2132
2019-08-20,2057.5,2065.0,2045.0,2060.5,1923
2019-08-21,2059.5,2094.0,2047.0,2075.0,3661
2019-08-22,2075.5,2085.0,2059.0,2063.5,2831
2019-08-23,2064.5,2090.0,2059.0,2062.5,2663
2019-08-27,2060.0,2101.0,2060.0,2092.5,3553
2019-08-28,2095.5,2097.0,2061.0,2063.0,3483
2019-08-29,2063.5,2075.0,2039.0,2052.5,2935
2019-08-30,2058.0,2058.5,2020.0,2027.0,2966
2019-09-02,2029.0,2034.5,2008.0,2022.0,2049
2019-09-03,2029.5,2039.5,1986.0,1995.5,4543
2019-09-04,1992.5,2057.5,1992.0,2049.0,3494
2019-09-05,2053.5,2078.5,2048.5,2052.5,2750
2019-09-06,2051.0,2082.0,2025.0,2078.5,3714
2019-09-09,2081.5,2097.5,2066.5,2094.5,3020
2019-09-10,2093.0,2110.0,2081.5,2090.0,4656
2019-09-11,2098.5,2109.0,2076.0,2085.5,3331
2019-09-12,2077.5,2097.0,2073.0,2086.0,2901
2019-09-13,2082.0,2118.0,2082.0,2109.5,2943
2019-09-16,2111.5,2121.0,2092.5,2095.0,3777
2019-09-17,2094.5,2104.0,2055.0,2057.0,4147
2019-09-18,2058.0,2082.0,2052.0,2081.5,2535
2019-09-19,2075.5,2098.0,2069.5,2091.0,2275
2019-09-20,2090.5,2125.0,2086.0,2116.0,4204
2019-09-23,2115.0,2126.0,2075.5,2075.5,3387
2019-09-24,2077.0,2083.0,2056.5,2063.0,3151
2019-09-25,2060.0,2112.0,2060.0,2105.0,2862
2019-09-26,2106.0,2120.0,2090.0,2091.0,3613
2019-09-27,2090.0,2105.0,2067.0,2076.0,3192
2019-09-30,2073.0,2151.5,2073.0,2128.5,4605
2019-10-01,2129.5,2134.5,2089.5,2101.0,3943
2019-10-02,2096.5,2115.0,2081.0,2093.5,1992
2019-10-03,2104.0,2134.0,2098.0,2126.0,2693
2019-10-04,2122.5,2173.0,2122.0,2164.5,3329
2019-10-07,2160.0,2192.0,2160.0,2181.0,4125
2019-10-08,2182.0,2189.5,2132.5,2135.5,5389
2019-10-09,2144.0,2144.0,2117.0,2137.0,2703
2019-10-10,2134.5,2168.5,2134.5,2154.0,2444
2019-10-11,2152.5,2195.0,2151.0,2177.0,3892
2019-10-14,2178.0,2178.5,2129.5,2138.0,3011
2019-10-15,2137.5,2161.0,2126.5,2149.0,2728
2019-10-16,2148.5,2176.0,2140.5,2168.0,3486
2019-10-17,2162.0,2189.0,2159.5,2185.0,3155
2019-10-18,2186.0,2214.5,2170.0,2170.5,4029
2019-10-21,2173.0,2212.0,2169.5,2210.0,3067
2019-10-22,2209.0,2228.0,2197.0,2198.0,3708
2019-10-23,2199.5,2225.0,2194.5,2216.0,3269
2019-10-24,2219.0,2232.0,2208.5,2221.0,2908
2019-10-25,2220.0,2246.0,2212.0,2215.5,3496
2019-10-28,2216.0,2240.0,2198.0,2226.0,2903
2019-10-29,2226.5,2262.5,2226.5,2255.5,2958
2019-10-30,2256.5,2256.5,2189.5,2191.5,3755
2019-10-31,2197.5,2210.5,2155.0,2156.5,4245
2019-11-01,2160.0,2175.0,2153.5,2164.5,3717
2019-11-04,2163.5,2180.0,2156.5,2165.0,4191
2019-11-05,2167.0,2173.5,2142.0,2150.5,3176
2019-11-06,2151.0,2152.5,2101.0,2102.0,4274
2019-11-07,2108.0,2117.5,2091.5,2112.0,4612
2019-11-08,2114.5,2114.5,2084.0,2109.0,3054
2019-11-11,2105.0,2122.5,2085.0,2089.5,2647
2019-11-12,2093.5,2112.0,2050.0,2059.0,4360
2019-11-13,2059.5,2065.0,2028.5,2037.0,4761
2019-11-14,2039.0,2048.5,2016.0,2023.0,4461
2019-11-15,2023.0,2028.0,1997.0,2006.0,4967
2019-11-18,2006.0,2026.0,1951.5,1963.0,5874
2019-11-19,1963.0,2000.0,1960.5,1993.0,5161
2019-11-20,1990.0,2013.0,1972.0,1986.0,3949
2019-11-21,1987.0,1987.0,1955.5,1958.5,3096
2019-11-22,1961.5,1987.0,1960.0,1965.5,3328
2019-11-25,1973.5,1978.0,1930.0,1930.0,3426
2019-11-26,1935.0,1952.5,1907.5,1943.5,4486
2019-11-27,1943.0,1966.5,1940.0,1942.5,3160
2019-11-28,1943.0,1962.0,1926.0,1941.5,3061
2019-11-29,1947.5,1970.0,1938.5,1943.5,3054
2019-12-02,1944.0,1947.0,1897.0,1903.5,4909
2019-12-03,1905.0,1921.0,1890.0,1896.0,3817
2019-12-04,1895.0,1923.0,1895.0,1913.5,3038
2019-12-05,1912.5,1920.5,1901.5,1904.5,2371
2019-12-06,1902.5,1917.5,1880.0,1889.0,3237
2019-12-09,1888.0,1898.0,1865.5,1893.5,3046
2019-12-10,1894.0,1916.0,1890.5,1913.5,2771
2019-12-11,1916.0,1937.0,1916.0,1934.0,3146
2019-12-12,1925.0,1944.0,1921.0,1926.0,2510
2019-12-13,1929.0,1960.0,1902.5,1907.0,4762
2019-12-16,1906.5,1913.0,1882.0,1883.5,3584
2019-12-17,1886.0,1903.5,1885.5,1891.0,3285
2019-12-18,1893.5,1931.5,1882.0,1926.0,3275
2019-12-19,1926.0,1940.0,1908.5,1915.0,3138
2019-12-20,1916.0,1942.0,1914.0,1935.0,2049
2019-12-23,1936.0,1937.5,1908.0,1917.0,1560
2019-12-24,1921.5,1947.0,1917.0,1935.0,2576
2019-12-27,1940.0,1943.0,1923.0,1936.5,2637
2019-12-30,1929.0,1949.0,1929.0,1932.5,1518
2019-12-31,1933.0,1945.0,1916.0,1922.5,1504
2020-01-02,1922.5,1927.0,1896.5,1913.5,4042
2020-01-03,1916.5,1922.5,1897.0,1915.5,2772
2020-01-06,1916.0,1927.0,1901.0,1918.0,3042
2020-01-07,1919.0,1932.0,1899.0,1907.5,3991
2020-01-08,1901.0,1930.0,1901.0,1908.0,4434
2020-01-09,1912.0,1946.0,1905.0,1930.0,5353
2020-01-10,1932.5,1950.0,1924.0,1926.5,4239
2020-01-13,1928.5,1929.5,1903.5,1913.5,4149
2020-01-14,1910.0,1955.0,1909.0,1951.0,3259
2020-01-15,1948.0,2007.0,1946.0,2003.0,6536
2020-01-16,2000.5,2038.0,1974.5,1982.5,6293
2020-01-17,1986.5,2015.0,1966.0,1980.0,4565
2020-01-20,1978.5,2005.0,1957.5,1963.5,2926
2020-01-21,1965.5,1968.0,1938.0,1960.5,3310
2020-01-22,1958.0,1994.5,1953.5,1987.5,3593
2020-01-23,1983.5,1993.0,1951.5,1964.0,3939
2020-01-24,1957.0,1967.0,1921.0,1935.0,2854
2020-01-27,1927.0,1927.0,1870.0,1892.0,5548
2020-01-28,1892.0,1920.0,1878.5,1887.0,4547
2020-01-29,1889.5,1903.0,1820.0,1832.0,5280
2020-01-30,1832.0,1835.5,1797.0,1827.5,5298
2020-01-31,1836.5,1889.5,1828.0,1876.0,4738
2020-02-03,1889.0,1889.0,1820.0,1830.0,4134
2020-02-04,1832.5,1878.0,1818.0,1839.0,3846
2020-02-05,1840.5,1856.0,1817.5,1825.0,4334
2020-02-06,1829.0,1864.0,1818.0,1846.5,3809
2020-02-07,1847.0,1854.5,1811.5,1813.5,3898
2020-02-10,1817.0,1825.0,1790.5,1803.0,3336
2020-02-11,1805.0,1860.0,1804.0,1845.0,4789
2020-02-12,1845.5,1858.5,1837.5,1851.5,3149
2020-02-13,1852.0,1894.5,1844.5,1882.0,3810
2020-02-14,1882.0,1885.0,1841.0,1872.0,3384
2020-02-17,1872.0,1898.5,1865.5,1870.0,2464
2020-02-18,1872.0,1896.5,1846.0,1887.0,3506
2020-02-19,1888.0,1893.0,1850.5,1874.0,4206
2020-02-20,1876.0,1887.0,1856.0,1861.5,3387
2020-02-21,1864.5,1874.5,1828.0,1829.5,3988
2020-02-24,1828.0,1839.0,1810.0,1817.5,3373
2020-02-25,1819.5,1860.5,1819.5,1850.0,4147
2020-02-26,1850.0,1850.0,1812.5,1820.0,4392
2020-02-27,1824.0,1832.0,1806.0,1814.5,3435
2020-02-28,1816.0,1859.0,1778.5,1846.0,6240
2020-03-02,1835.0,1881.0,1834.0,1852.0,4690
2020-03-03,1857.0,1866.5,1823.0,1835.0,3400
2020-03-04,1836.0,1849.0,1810.5,1821.5,3452
2020-03-05,1821.5,1847.0,1815.5,1832.0,3109
2020-03-06,1834.0,1864.0,1822.0,1839.0,3586
2020-03-09,1836.0,1836.0,1799.0,1805.0,5146
2020-03-10,1810.0,1850.0,1789.0,1800.5,5301
2020-03-11,1805.0,1817.0,1757.5,1766.0,4598
2020-03-12,1765.0,1775.0,1738.5,1763.5,5148
2020-03-13,1760.5,1814.0,1738.0,1752.0,6777
2020-03-16,1750.0,1760.0,1682.5,1740.0,5524
2020-03-17,1740.0,1747.0,1617.5,1625.5,6996
2020-03-18,1629.0,1680.0,1570.0,1653.5,8335
2020-03-19,1666.0,1687.0,1602.0,1638.5,6278
2020-03-20,1640.0,1700.0,1625.0,1634.0,3672
2020-03-23,1629.5,1649.5,1580.0,1614.0,3685
2020-03-24,1618.5,1647.5,1580.5,1608.0,3557
2020-03-25,1610.0,1649.0,1584.0,1645.0,3266
2020-03-26,1650.0,1698.0,1635.5,1688.5,3701
2020-03-27,1687.5,1734.5,1687.0,1690.5,4309
2020-03-30,1686.0,1715.0,1650.5,1699.0,2362
2020-03-31,1702.5,1754.0,1702.5,1747.0,3254
2020-04-01,1742.0,1742.0,1690.0,1698.0,3129
2020-04-02,1702.0,1724.0,1686.0,1695.0,2219
2020-04-03,1697.0,1706.5,1648.0,1660.0,2495
2020-04-06,1655.0,1683.5,1639.5,1676.5,1986
2020-04-07,1676.0,1740.0,1676.0,1722.5,3269
2020-04-08,1722.0,1733.0,1710.5,1712.0,2749
2020-04-09,1715.5,1728.0,1700.5,1725.0,2371
2020-04-14,1727.0,1750.0,1708.5,1711.5,1709
2020-04-15,1700.0,1709.5,1679.0,1693.5,2862
2020-04-16,1690.0,1704.0,1686.5,1690.5,1664
2020-04-17,1696.0,1708.0,1663.5,1677.0,2236
2020-04-20,1675.0,1696.5,1665.0,1682.0,2162
2020-04-21,1679.0,1680.0,1645.0,1662.5,2518
2020-04-22,1663.5,1675.0,1649.5,1662.0,1789
2020-04-23,1662.5,1678.5,1645.0,1646.5,3070
2020-04-24,1646.0,1657.5,1611.5,1624.0,3860
2020-04-27,1629.5,1656.0,1624.5,1634.5,2596
2020-04-28,1628.0,1663.0,1628.0,1642.5,2980
2020-04-29,1648.0,1656.5,1638.0,1646.5,2088
2020-04-30,1646.5,1653.5,1591.5,1628.0,4359
2020-05-01,1629.0,1634.5,1603.5,1628.5,2154
2020-05-04,1623.5,1642.5,1610.5,1632.0,1973
2020-05-05,1635.0,1652.0,1621.0,1637.5,2281
2020-05-06,1636.0,1651.5,1627.0,1635.0,3145
2020-05-07,1637.0,1665.0,1633.0,1646.0,3790
2020-05-11,1645.0,1679.0,1641.0,1674.0,3484
2020-05-12,1674.0,1683.0,1630.5,1630.5,3266
2020-05-13,1625.5,1632.0,1595.0,1597.0,3923
2020-05-14,1601.5,1624.5,1592.5,1619.0,3054
2020-05-15,1622.0,1631.0,1592.5,1601.0,3332
2020-05-18,1606.0,1672.5,1602.5,1662.5,4863
2020-05-19,1657.0,1687.0,1649.0,1680.0,3899
2020-05-20,1679.0,1703.0,1664.5,1692.0,3767
2020-05-21,1696.5,1700.0,1642.0,1651.5,4257
2020-05-22,1644.0,1655.0,1612.0,1646.0,3589
2020-05-26,1648.0,1687.5,1648.0,1674.0,3268
2020-05-27,1674.5,1674.5,1626.0,1642.0,3776
2020-05-28,1643.0,1651.0,1625.0,1634.0,2737
2020-05-29,1631.0,1677.5,1621.5,1661.5,4480
2020-06-01,1663.0,1684.5,1646.5,1677.5,4526
2020-06-02,1679.0,1725.0,1667.5,1716.5,5087
2020-06-03,1715.0,1730.0,1704.0,1714.0,3951
2020-06-04,1713.5,1744.5,1688.0,1738.5,5017
2020-06-05,1737.5,1779.0,1733.0,1760.5,6285
2020-06-08,1775.0,1775.0,1733.0,1761.0,3709
2020-06-09,1762.0,1769.0,1741.0,1760.0,3523
2020-06-10,1760.0,1765.0,1736.5,1743.0,3331
2020-06-11,1743.0,1750.0,1712.0,1736.5,4888
2020-06-12,1731.0,1770.0,1723.5,1748.5,4261
2020-06-15,1751.0,1754.0,1721.5,1740.5,3216
2020-06-16,1753.0,1788.0,1746.0,1772.0,5715
2020-06-17,1772.0,1796.0,1767.0,1789.0,4332
2020-06-18,1785.0,1815.0,1785.0,1792.5,4302
2020-06-19,1795.0,1801.0,1777.0,1779.0,3571
2020-06-22,1783.5,1789.0,1764.0,1775.0,3115
2020-06-23,1765.0,1778.0,1745.0,1746.5,3568
2020-06-24,1748.5,1774.5,1748.0,1761.5,3080
2020-06-25,1764.5,1790.0,1760.0,1783.5,3132
2020-06-26,1786.0,1790.0,1766.0,1784.0,2661
2020-06-29,1780.0,1803.0,1779.0,1797.5,2499
2020-06-30,1796.0,1807.0,1771.0,1778.0,4236
2020-07-01,1779.5,1793.0,1758.5,1776.0,4410
2020-07-02,1778.5,1790.0,1760.5,1772.5,3218
2020-07-03,1774.5,1788.0,1763.5,1784.0,2101
2020-07-06,1788.0,1801.5,1782.0,1795.0,2949
2020-07-07,1796.0,1833.0,1781.5,1811.0,3981
2020-07-08,1815.5,1848.0,1809.0,1815.5,5087
2020-07-09,1810.0,1843.0,1810.0,1829.5,4028
2020-07-10,1832.0,1868.0,1825.5,1853.5,4523
2020-07-13,1855.5,1886.0,1854.5,1884.5,4594
2020-07-14,1885.5,1885.5,1843.5,1848.0,4053
2020-07-15,1850.0,1872.5,1834.0,1851.5,3101
2020-07-16,1849.0,1858.5,1824.0,1837.0,2873
2020-07-17,1839.5,1847.0,1810.0,1812.5,3322
2020-07-20,1815.5,1842.0,1804.0,1828.5,2607
2020-07-21,1829.0,1851.5,1828.5,1841.0,4320
2020-07-22,1843.5,1850.0,1794.5,1812.5,5615
2020-07-23,1822.0,1842.0,1808.5,1827.5,3383
2020-07-24,1829.0,1841.5,1808.0,1810.5,4256
2020-07-27,1811.0,1860.0,1811.0,1855.5,4774
2020-07-28,1857.5,1870.0,1847.0,1861.0,4483
2020-07-29,1859.0,1878.0,1853.5,1876.0,4289
2020-07-30,1872.5,1883.5,1852.0,1867.5,3595
2020-07-31,1871.0,1882.0,1856.0,1864.0,3838
2020-08-03,1866.5,1889.0,1856.5,1869.0,5208
2020-08-04,1869.0,1888.0,1836.0,1883.0,5837
2020-08-05,1880.0,1936.5,1880.0,1917.0,5127
2020-08-06,1917.0,1972.0,1913.5,1951.0,5424
2020-08-07,1955.5,1965.5,1910.0,1913.5,4897
2020-08-10,1912.0,1920.5,1895.0,1902.5,3911
2020-08-11,1903.0,1965.0,1892.5,1952.5,5472
2020-08-12,1952.5,1963.5,1931.5,1949.0,3932
2020-08-13,1950.0,1960.5,1933.5,1950.0,2518
2020-08-14,1948.5,1962.0,1937.5,1947.0,2452
2020-08-17,1949.0,1978.0,1946.5,1964.5,3408
2020-08-18,1971.0,1995.0,1960.0,1993.0,4008
2020-08-19,1993.5,2025.5,1988.0,2002.0,4656
2020-08-20,1999.0,1999.0,1962.5,1985.0,3447
2020-08-21,1986.0,2008.5,1956.5,1963.0,3856
2020-08-24,1962.5,1989.5,1962.5,1979.0,1995
2020-08-25,1981.5,2013.0,1978.5,1987.0,3042
2020-08-26,1990.0,2005.0,1968.5,1980.0,2746
2020-08-27,1982.0,1990.0,1961.5,1980.0,3034
2020-08-28,1983.0,2012.0,1966.5,1974.5,3470
2020-09-01,1980.5,2014.0,1968.0,1974.0,6265
2020-09-02,1976.0,1986.0,1931.5,1936.5,4832
2020-09-03,1936.5,1960.5,1911.5,1939.0,5168
2020-09-04,1938.0,1978.0,1936.0,1974.5,3636
2020-09-07,1976.5,1990.0,1966.5,1970.5,2354
2020-09-08,1970.5,1972.5,1902.0,1915.5,6488
2020-09-09,1915.0,1918.5,1890.0,1894.5,4474
2020-09-10,1895.5,1900.5,1866.5,1874.0,3940
2020-09-11,1873.5,1902.5,1870.5,1890.0,4011
2020-09-14,1889.5,1930.0,1884.0,1921.0,3880
2020-09-15,1927.0,1946.0,1904.0,1908.0,3947
2020-09-16,1911.0,1921.0,1886.5,1891.5,3228
2020-09-17,1895.5,1912.0,1875.0,1900.5,2959
2020-09-18,1902.0,1922.0,1901.0,1912.0,2345
2020-09-21,1913.5,1917.5,1867.0,1895.0,4146
2020-09-22,1897.0,1906.0,1880.5,1887.5,2873
2020-09-23,1887.5,1890.0,1862.0,1876.0,3857
2020-09-24,1875.0,1880.0,1850.0,1866.0,3253
2020-09-25,1868.0,1868.0,1827.0,1838.0,4514
2020-09-28,1838.0,1850.0,1818.5,1848.5,4303
2020-09-29,1846.0,1855.0,1828.5,1842.0,3380
2020-09-30,1842.5,1849.5,1814.0,1825.5,4103
2020-10-01,1825.5,1842.0,1764.0,1793.5,6166
2020-10-02,1803.5,1804.5,1765.5,1771.5,5762
2020-10-05,1780.0,1780.5,1755.0,1756.0,4649
2020-10-06,1759.0,1786.5,1759.0,1780.0,3847
2020-10-07,1780.0,1809.0,1771.0,1795.5,3495
2020-10-08,1802.5,1805.0,1783.5,1792.0,2713
2020-10-09,1794.5,1819.0,1782.5,1816.0,5470
2020-10-12,1818.5,1851.0,1805.5,1837.0,4050
2020-10-13,1837.0,1846.5,1796.5,1801.0,3848
2020-10-14,1795.0,1806.0,1782.5,1786.0,3154
2020-10-15,1788.0,1791.0,1763.5,1782.5,3247
2020-10-16,1785.0,1786.0,1750.0,1750.5,4205
2020-10-19,1752.5,1771.5,1752.0,1756.0,3242
2020-10-20,1755.0,1779.5,1750.0,1777.0,3905
2020-10-21,1778.0,1826.0,1766.0,1800.0,4331
2020-10-22,1801.0,1816.0,1791.0,1794.5,2721
2020-10-23,1796.0,1811.5,1768.0,1777.0,3175
2020-10-26,1778.5,1785.5,1756.0,1774.5,3096
2020-10-27,1777.0,1803.5,1772.0,1777.5,3029
2020-10-28,1777.5,1813.0,1774.0,1810.0,4541
2020-10-29,1809.5,1845.0,1799.0,1832.0,5529
2020-10-30,1835.0,1837.0,1797.0,1808.5,5223
2020-11-02,1811.5,1813.0,1783.5,1796.0,3333
2020-11-03,1797.5,1827.5,1792.5,1805.0,3403
2020-11-04,1820.0,1849.0,1777.0,1838.0,4587
2020-11-05,1837.5,1863.5,1825.5,1838.0,3912
2020-11-06,1837.5,1863.0,1826.0,1831.5,3437
2020-11-09,1840.0,1864.5,1826.5,1832.5,4326
2020-11-10,1832.5,1867.0,1826.5,1866.0,3889
2020-11-11,1863.0,1878.0,1851.0,1866.0,4460
2020-11-12,1866.5,1904.0,1863.0,1884.5,4471
2020-11-13,1885.5,1915.0,1885.0,1902.0,5009
2020-11-16,1902.5,1916.5,1888.0,1908.0,3983
2020-11-17,1913.5,1948.0,1905.5,1946.0,6481
2020-11-18,1945.0,1962.0,1933.0,1953.5,4203
2020-11-19,1953.5,1989.5,1942.0,1970.5,4872
2020-11-20,1970.5,2038.0,1968.5,2026.0,6853
2020-11-23,2032.0,2032.0,1998.5,1998.5,4689
2020-11-24,2005.0,2042.5,1997.5,2019.0,4380
2020-11-25,2021.0,2048.5,2015.5,2023.5,4274
2020-11-26,2024.5,2053.0,2024.5,2043.0,2612
2020-11-27,2045.0,2113.5,2040.5,2104.5,4199
2020-11-30,2107.0,2138.0,2061.5,2062.5,6203
2020-12-01,2063.0,2104.5,2062.0,2069.0,4029
2020-12-02,2069.0,2073.0,2027.5,2050.5,5178
2020-12-03,2048.5,2065.0,2030.0,2031.5,3041
2020-12-04,2032.5,2056.0,2023.0,2032.5,3044
2020-12-07,2033.0,2099.5,2024.0,2086.5,3125
2020-12-08,2088.5,2102.0,2062.5,2094.5,2781
2020-12-09,2095.0,2115.0,2089.5,2093.0,2285
2020-12-10,2096.0,2112.0,2077.5,2081.0,3396
2020-12-11,2085.5,2100.5,2047.0,2057.0,3116
2020-12-14,2056.5,2079.5,2025.5,2030.0,3905
2020-12-15,2030.5,2055.5,2009.0,2055.0,3610
2020-12-16,2052.0,2062.0,2040.5,2042.0,2477
2020-12-17,2044.5,2060.0,2034.5,2035.0,2275
2020-12-18,2037.5,2059.0,2030.0,2030.0,2598
2020-12-21,2034.0,2034.0,1946.0,1950.0,5351
2020-12-22,1952.0,1970.0,1929.0,1960.0,4063
2020-12-23,1960.0,1988.5,1951.5,1975.5,2650
2020-12-24,1973.0,1990.0,1958.0,1986.5,1597
2020-12-29,1995.0,2007.0,1955.0,1972.0,2982
2020-12-30,1978.0,1999.0,1968.0,1991.0,1947
2020-12-31,1996.0,2002.5,1969.0,1986.0,1795
2021-01-04,1986.0,2065.0,1986.0,2063.5,4879
2021-01-05,2063.5,2083.5,2045.5,2073.5,3974
2021-01-06,2077.0,2085.0,2041.5,2044.0,3834
2021-01-07,2046.5,2069.0,2028.5,2031.5,3603
2021-01-08,2030.5,2044.0,1978.0,1993.5,4206
2021-01-11,1998.0,2002.0,1960.0,1975.0,3444
2021-01-12,1974.0,2030.0,1966.0,2028.5,4362
2021-01-13,2029.5,2055.0,2023.0,2049.0,3486
2021-01-14,2053.5,2062.5,2020.0,2020.0,3347
2021-01-15,2022.0,2030.0,1990.5,1991.0,3900
2021-01-18,1989.0,2015.5,1987.0,1995.0,1520
2021-01-19,1998.0,2023.0,1986.0,2006.5,2219
2021-01-20,2010.5,2048.0,2008.5,2036.0,3036
2021-01-21,2039.0,2059.0,2032.0,2034.0,2191
2021-01-22,2034.5,2054.5,2010.0,2046.0,3360
2021-01-25,2046.0,2074.0,2044.0,2063.0,3395
2021-01-26,2048.0,2081.0,2040.0,2076.0,3461
2021-01-27,2078.0,2078.0,2027.0,2028.0,4797
2021-01-28,2027.5,2047.0,2007.5,2027.0,3854
2021-01-29,2029.0,2052.5,2005.0,2024.0,4492
2021-02-01,2024.0,2040.0,2015.0,2033.0,3332
2021-02-02,2031.5,2034.0,2008.0,2012.0,2865
2021-02-03,2015.5,2037.5,2001.0,2023.0,2693
2021-02-04,2025.0,2046.0,2013.5,2035.5,2922
2021-02-05,2033.0,2065.0,2032.0,2060.5,2784
2021-02-08,2061.0,2078.0,2048.5,2074.0,2882
2021-02-09,2075.0,2099.0,2065.0,2071.0,4050
2021-02-10,2076.0,2109.0,2064.0,2082.5,3217
2021-02-11,2074.5,2122.0,2074.0,2119.5,3232
2021-02-12,2122.0,2130.0,2108.5,2125.5,2958
2021-02-15,2130.0,2145.0,2113.5,2116.0,2089
2021-02-16,2115.5,2123.0,2102.5,2106.5,2283
2021-02-17,2105.0,2117.0,2095.5,2107.0,2204
2021-02-18,2104.5,2149.0,2100.5,2128.0,3506
2021-02-19,2128.0,2170.0,2101.0,2148.5,4209
2021-02-22,2158.5,2185.0,2147.0,2167.0,3758
2021-02-23,2165.5,2171.5,2117.0,2125.5,3826
2021-02-24,2128.5,2145.0,2097.0,2139.0,3824
2021-02-25,2139.0,2169.5,2131.0,2145.0,3213
2021-02-26,2140.5,2143.0,2044.0,2067.0,6139
2021-03-01,2074.0,2089.0,2052.5,2067.0,4788
2021-03-02,2063.5,2089.5,2056.0,2074.5,3389
2021-03-03,2076.0,2079.0,2041.5,2042.0,4498
2021-03-04,2041.0,2051.0,1996.0,1996.0,5060
2021-03-05,2004.0,2042.5,2000.0,2000.5,3300
2021-03-08,2013.0,2020.0,1975.0,1989.0,3655
2021-03-09,1988.0,1998.5,1956.0,1964.5,4153
2021-03-10,1962.5,1973.0,1942.5,1943.5,3833
2021-03-11,1945.0,1980.0,1940.5,1962.0,5075
2021-03-12,1962.0,1975.0,1950.0,1966.5,3393
2021-03-15,1967.5,1979.0,1957.5,1968.5,3329
2021-03-16,1966.5,1972.0,1931.0,1931.0,4028
2021-03-17,1934.0,1958.0,1916.0,1916.0,3911
2021-03-18,1927.0,1932.5,1908.0,1926.0,3248
2021-03-19,1923.5,1978.0,1915.0,1975.5,3271
2021-03-22,1968.5,1989.5,1959.0,1974.0,2857
2021-03-23,1974.0,1984.0,1945.5,1951.0,3081
2021-03-24,1949.0,1973.5,1930.0,1930.0,3152
2021-03-25,1936.0,1947.0,1917.5,1937.0,3041
2021-03-26,1934.0,1964.0,1928.0,1949.0,2956
2021-03-29,1951.0,1970.0,1945.0,1963.5,2497
2021-03-30,1956.5,1980.0,1954.0,1960.5,2316
2021-03-31,1962.0,1983.0,1960.0,1974.5,2536
2021-04-01,1979.5,1986.5,1954.0,1958.0,2346
2021-04-06,1964.0,1976.5,1936.0,1968.0,4365
2021-04-07,1967.0,1997.0,1959.0,1980.0,2830
2021-04-08,1988.5,1996.5,1972.5,1985.5,2205
2021-04-09,1985.0,1988.0,1970.0,1971.5,2042
2021-04-12,1974.5,1984.0,1960.0,1976.5,2944
2021-04-13,1979.5,1991.0,1967.5,1983.0,2268
2021-04-14,1982.0,2006.5,1978.5,1997.0,3146
2021-04-15,1999.0,2030.5,1995.5,2027.5,3567
2021-04-16,2028.5,2062.5,2017.0,2032.5,4236
2021-04-19,2025.5,2062.0,2022.0,2055.0,2513
2021-04-20,2060.5,2066.5,2021.0,2023.5,3365
2021-04-21,2029.0,2038.0,1998.0,2031.5,4280
2021-04-22,2028.0,2050.0,2019.5,2031.5,2168
2021-04-23,2034.5,2061.5,2021.5,2055.5,2681
2021-04-26,2056.0,2094.0,2046.0,2075.0,3491
2021-04-27,2076.0,2097.0,2062.0,2093.5,3293
2021-04-28,2090.5,2104.0,2071.0,2095.0,3977
2021-04-29,2098.0,2121.0,2084.0,2112.5,5194
2021-04-30,2113.0,2155.0,2100.0,2142.0,5911
2021-05-04,2144.5,2201.0,2144.5,2184.5,5898
2021-05-05,2185.5,2205.0,2167.0,2169.0,4640
2021-05-06,2168.0,2225.0,2149.5,2220.5,6574
2021-05-07,2215.5,2244.5,2207.5,2226.5,4194
2021-05-10,2234.0,2258.5,2206.5,2217.0,4486
2021-05-11,2215.0,2245.0,2209.5,2217.0,3661
2021-05-12,2218.5,2235.0,2176.5,2182.5,5096
2021-05-13,2183.0,2187.0,2122.5,2147.0,4891
2021-05-14,2146.5,2168.0,2128.0,2153.0,3156
2021-05-17,2157.0,2215.0,2149.5,2203.0,4258
2021-05-18,2208.0,2235.5,2206.0,2225.0,4994
2021-05-19,2226.5,2235.5,2166.0,2197.0,3905
2021-05-20,2199.0,2223.0,2182.0,2214.0,3367
2021-05-21,2205.0,2232.0,2179.5,2196.0,4242
2021-05-24,2190.5,2196.5,2133.0,2138.5,4794
2021-05-25,2138.5,2165.0,2114.0,2162.5,5106
2021-05-26,2155.0,2192.0,2153.5,2186.5,2809
2021-05-27,2189.0,2208.0,2167.5,2205.5,3117
2021-05-28,2205.0,2214.0,2191.0,2198.5,3137
2021-06-01,2204.5,2225.0,2180.5,2207.0,4731
2021-06-02,2211.5,2225.0,2193.0,2205.5,3735
2021-06-03,2209.0,2215.0,2158.0,2161.5,4301
2021-06-04,2164.5,2173.0,2131.0,2136.0,4037
2021-06-07,2133.0,2165.0,2116.0,2162.0,3094
2021-06-08,2162.5,2191.0,2145.5,2180.0,3150
2021-06-09,2183.0,2200.5,2180.5,2192.0,2870
2021-06-10,2198.5,2198.5,2170.5,2184.0,3179
2021-06-11,2187.0,2218.0,2182.5,2206.0,2675
2021-06-14,2214.5,2215.0,2184.5,2205.0,2279
2021-06-15,2200.5,2205.5,2168.0,2176.0,3082
2021-06-16,2178.5,2206.0,2172.0,2195.5,2532
2021-06-17,2182.0,2190.5,2123.0,2125.0,5027
2021-06-18,2130.0,2165.0,2121.5,2152.5,5334
2021-06-21,2154.0,2174.5,2137.5,2163.0,3779
2021-06-22,2163.5,2178.0,2158.0,2173.0,3463
2021-06-23,2173.5,2195.0,2165.0,2187.5,2769
2021-06-24,2189.0,2229.0,2180.0,2218.0,4485
2021-06-25,2218.5,2233.5,2210.5,2227.5,4117
2021-06-28,2229.0,2247.5,2193.0,2243.0,7110
2021-06-29,2240.0,2322.0,2235.0,2287.5,8561
2021-06-30,2293.0,2344.0,2263.5,2266.5,8179
2021-07-01,2266.5,2275.0,2230.5,2253.0,6127
2021-07-02,2265.0,2308.0,2241.5,2294.0,5590
2021-07-05,2300.0,2328.0,2280.5,2284.0,3331
2021-07-06,2285.0,2319.5,2281.0,2289.5,4324
2021-07-07,2293.0,2316.0,2284.0,2289.5,4149
2021-07-08,2285.0,2326.5,2264.0,2298.0,5356
2021-07-09,2300.0,2340.0,2284.0,2329.0,5187
2021-07-12,2331.0,2340.0,2308.5,2328.0,4513
2021-07-13,2327.0,2330.5,2293.0,2307.0,4904
2021-07-14,2311.0,2313.0,2288.0,2294.5,3553
2021-07-15,2297.0,2331.0,2294.0,2326.5,4273
2021-07-16,2316.0,2333.0,2312.0,2314.0,2771
2021-07-19,2315.5,2324.5,2273.5,2287.5,5367
2021-07-20,2292.0,2333.5,2282.0,2328.0,5613
2021-07-21,2328.0,2350.0,2305.5,2346.0,6384
2021-07-22,2339.5,2404.0,2339.5,2386.0,6282
2021-07-23,2388.5,2399.0,2364.0,2368.5,4279
2021-07-26,2373.0,2388.0,2347.0,2364.5,4128
2021-07-27,2365.0,2371.5,2330.0,2333.5,5381
2021-07-28,2337.0,2358.0,2324.0,2343.5,4082
2021-07-29,2351.5,2378.5,2340.0,2366.0,3422
2021-07-30,2366.0,2395.0,2350.5,2376.5,4506
2021-08-02,2376.5,2412.5,2376.5,2395.5,4790
2021-08-03,2404.0,2404.0,2364.0,2391.0,5070
2021-08-04,2396.0,2403.0,2370.0,2371.0,4259
2021-08-05,2371.0,2389.5,2344.0,2345.5,4042
2021-08-06,2344.0,2360.0,2267.5,2276.5,6984
2021-08-09,2284.0,2294.5,2251.0,2263.0,5371
2021-08-10,2262.0,2302.5,2262.0,2296.0,3870
2021-08-11,2296.0,2323.0,2283.5,2315.0,3121
2021-08-12,2317.0,2343.0,2300.0,2302.5,3416
2021-08-13,2313.0,2340.0,2304.5,2332.0,2964
2021-08-16,2325.0,2329.5,2299.0,2314.0,3517
2021-08-17,2314.0,2329.5,2291.0,2291.5,4761
2021-08-18,2293.0,2311.0,2281.0,2295.0,3889
2021-08-19,2294.0,2312.0,2241.0,2255.5,6508
2021-08-20,2256.0,2279.0,2250.0,2260.5,3219
2021-08-23,2264.0,2297.5,2260.5,2280.0,3263
2021-08-24,2280.5,2300.5,2270.0,2292.0,3184
2021-08-25,2285.0,2329.5,2284.5,2310.0,3770
2021-08-26,2311.0,2324.0,2268.5,2288.5,3907
2021-08-27,2286.5,2310.5,2283.0,2285.0,2880
2021-08-31,2291.0,2295.0,2247.0,2257.0,5680
2021-09-01,2262.0,2285.0,2256.0,2278.0,4531
2021-09-02,2274.5,2315.0,2272.5,2297.5,4644
2021-09-03,2319.0,2319.0,2286.5,2295.5,3008
2021-09-06,2299.0,2310.5,2264.0,2270.5,3465
2021-09-07,2275.0,2285.0,2258.0,2268.0,4216
2021-09-08,2273.5,2289.0,2265.0,2271.0,3583
2021-09-09,2273.0,2300.0,2268.5,2291.5,4155
2021-09-10,2298.5,2325.0,2289.5,2303.0,4471
2021-09-13,2304.0,2313.0,2269.0,2282.5,4013
2021-09-14,2285.5,2286.5,2261.0,2261.0,3344
2021-09-15,2262.0,2267.0,2213.0,2232.5,6105
2021-09-16,2238.0,2254.0,2205.0,2205.0,4311
2021-09-17,2208.0,2238.0,2180.0,2181.0,5018
2021-09-20,2188.0,2191.0,2150.0,2150.0,4385
2021-09-21,2152.5,2175.0,2131.0,2147.0,4293
2021-09-22,2150.0,2163.0,2108.5,2116.0,5604
2021-09-23,2115.5,2142.0,2112.0,2134.5,9436
2021-09-24,2139.0,2172.0,2130.0,2161.5,4735
2021-09-27,2166.5,2173.5,2136.0,2165.5,3759
2021-09-28,2168.0,2191.5,2158.0,2158.0,4349
2021-09-29,2169.0,2177.0,2131.5,2131.5,2780
2021-09-30,2142.5,2149.0,2060.0,2107.0,6519
2021-10-01,2105.0,2157.0,2081.5,2153.0,3799
2021-10-04,2153.0,2173.5,2122.0,2146.5,3278
2021-10-05,2158.0,2172.0,2136.0,2162.0,1745
2021-10-06,2154.0,2168.0,2135.0,2137.5,2239
2021-10-07,2147.5,2185.0,2131.0,2181.5,3009
2021-10-08,2180.5,2230.0,2171.0,2225.0,3977
2021-10-11,2224.5,2249.0,2206.5,2206.5,3651
2021-10-12,2217.5,2247.0,2192.5,2195.0,4013
2021-10-13,2205.0,2274.5,2194.5,2233.0,5211
2021-10-14,2241.0,2307.0,2235.5,2295.5,5923
2021-10-15,2286.0,2368.0,2281.5,2330.0,6854
2021-10-18,2329.0,2393.0,2325.0,2375.5,6861
2021-10-19,2375.0,2403.0,2360.0,2361.0,6333
2021-10-20,2360.0,2447.0,2340.0,2433.0,5549
2021-10-21,2433.5,2433.5,2363.0,2390.0,6378
2021-10-22,2395.0,2432.0,2389.5,2425.0,4595
2021-10-25,2425.5,2452.5,2407.5,2430.5,4129
2021-10-26,2435.0,2441.5,2406.5,2411.0,3922
2021-10-27,2422.5,2426.0,2364.0,2367.0,5954
2021-10-28,2374.0,2433.0,2364.0,2418.0,3544
2021-10-29,2415.0,2428.0,2375.0,2379.0,4911
2021-11-01,2384.0,2404.5,2368.0,2371.0,3493
2021-11-02,2377.5,2394.5,2356.0,2361.0,3290
2021-11-03,2368.0,2395.0,2360.5,2365.0,3147
2021-11-04,2364.0,2393.0,2330.5,2346.5,3483
2021-11-05,2347.5,2376.5,2342.5,2351.5,1788
2021-11-08,2355.0,2368.5,2330.5,2360.0,2706
2021-11-09,2362.5,2377.0,2334.0,2334.0,2606
2021-11-10,2344.5,2350.0,2310.5,2338.5,2957
2021-11-11,2341.5,2369.5,2320.5,2355.0,3518
2021-11-12,2369.0,2380.0,2340.0,2358.5,2641
2021-11-15,2359.0,2359.0,2315.5,2317.0,2340
2021-11-16,2324.5,2344.0,2280.0,2280.0,3744
2021-11-17,2288.0,2295.5,2250.0,2250.0,3817
2021-11-18,2258.0,2271.0,2212.0,2228.5,4204
2021-11-19,2220.0,2251.0,2212.0,2220.5,4276
2021-11-22,2225.0,2261.5,2219.0,2248.5,4706
2021-11-23,2251.0,2272.0,2240.0,2250.5,2703
2021-11-24,2257.0,2283.5,2256.0,2270.0,2905
2021-11-25,2268.0,2290.0,2261.0,2276.0,1998
2021-11-26,2273.5,2288.5,2212.0,2276.0,3998
2021-11-29,2275.0,2332.5,2265.0,2280.5,4635
2021-11-30,2280.5,2313.5,2260.0,2266.5,4271
2021-12-01,2270.0,2306.0,2270.0,2285.0,3436
2021-12-02,2282.5,2301.0,2242.5,2244.0,3467
2021-12-03,2249.5,2269.0,2190.0,2196.5,5085
2021-12-06,2210.5,2232.0,2192.0,2202.0,3292
2021-12-07,2210.0,2225.5,2182.5,2197.0,4194
2021-12-08,2203.0,2297.5,2196.0,2290.0,6476
2021-12-09,2282.5,2300.0,2264.0,2275.0,3844
2021-12-10,2275.0,2304.5,2251.0,2291.5,3182
2021-12-13,2289.0,2316.0,2286.0,2290.0,2339
2021-12-14,2290.0,2307.0,2277.5,2280.5,2661
2021-12-15,2282.5,2305.0,2246.0,2292.0,2657
2021-12-16,2305.0,2344.5,2288.0,2313.5,4814
2021-12-17,2319.0,2334.5,2298.0,2302.5,3581
2021-12-20,2305.0,2310.5,2268.5,2303.0,2495
2021-12-21,2299.0,2314.0,2274.0,2291.5,2505
2021-12-22,2296.5,2322.5,2278.0,2319.5,2401
2021-12-23,2317.0,2334.0,2265.0,2267.0,2990
2021-12-24,2265.0,2291.5,2255.0,2272.0,688
2021-12-29,2270.0,2302.5,2258.5,2274.0,2587
2021-12-30,2286.0,2301.5,2274.0,2286.5,1559
2021-12-31,2292.0,2310.0,2274.0,2290.0,1215
2022-01-04,2298.0,2306.0,2271.0,2296.0,3373
2022-01-05,2294.0,2319.5,2280.5,2287.0,3806
2022-01-06,2290.0,2314.0,2266.0,2302.0,3792
2022-01-07,2307.5,2329.0,2271.0,2288.5,3890
2022-01-10,2282.5,2295.5,2272.0,2276.5,2710
2022-01-11,2290.0,2311.0,2272.5,2302.0,2762
2022-01-12,2310.0,2350.0,2301.0,2332.0,5349
2022-01-13,2333.5,2366.5,2330.0,2346.5,4506
2022-01-14,2353.0,2380.5,2347.5,2374.5,4118
2022-01-17,2367.0,2371.0,2348.5,2352.5,2192
2022-01-18,2357.0,2363.0,2316.5,2317.0,3607
2022-01-19,2327.0,2370.0,2320.0,2354.0,2710
2022-01-20,2359.0,2379.0,2344.0,2369.5,2750
2022-01-21,2362.0,2388.0,2350.5,2355.0,3196
2022-01-24,2360.5,2372.5,2335.0,2339.0,3070
2022-01-25,2351.0,2361.5,2328.0,2332.5,3283
2022-01-26,2334.5,2353.5,2320.5,2326.0,2955
2022-01-27,2324.0,2339.0,2310.5,2315.0,3526
2022-01-28,2324.0,2324.0,2250.0,2250.0,4816
2022-01-31,2265.0,2287.0,2216.0,2216.0,5838
2022-02-01,2235.0,2254.0,2224.0,2230.0,3434
2022-02-02,2238.0,2245.0,2204.5,2228.0,5253
2022-02-03,2236.5,2242.0,2186.0,2208.0,5614
2022-02-04,2210.0,2228.0,2183.0,2208.0,5843
2022-02-07,2219.0,2228.5,2187.5,2202.5,4908
2022-02-08,2208.0,2217.0,2188.0,2204.0,4513
2022-02-09,2209.0,2268.0,2201.0,2264.0,4933
2022-02-10,2260.5,2290.0,2252.0,2274.0,5659
2022-02-11,2274.5,2288.0,2245.0,2276.5,3752
2022-02-14,2280.5,2294.0,2264.0,2287.5,3403
2022-02-15,2287.5,2315.0,2280.0,2301.5,5226
2022-02-16,2301.5,2350.0,2297.0,2342.0,4426
2022-02-17,2344.0,2352.0,2320.5,2335.0,4534
2022-02-18,2344.0,2355.0,2325.5,2326.5,3470
2022-02-21,2332.5,2347.0,2316.0,2322.5,3239
2022-02-22,2324.5,2348.5,2305.0,2341.5,2882
2022-02-23,2342.5,2352.0,2326.0,2343.0,2878
2022-02-24,2335.5,2382.0,2329.0,2333.5,5385
2022-02-25,2338.0,2376.0,2338.0,2368.5,4569
2022-02-28,2370.5,2402.5,2365.5,2391.5,5299
2022-03-01,2393.0,2420.0,2378.0,2408.0,4649
2022-03-02,2409.0,2435.0,2396.5,2415.0,5172
2022-03-03,2412.5,2432.0,2402.5,2414.0,4472
2022-03-04,2408.0,2474.0,2408.0,2459.0,5191
2022-03-07,2474.0,2526.0,2442.5,2450.0,6920
2022-03-08,2460.0,2700.0,2460.0,2551.5,7557
2022-03-09,2535.5,2547.0,2350.0,2358.0,4965
2022-03-10,2375.0,2437.0,2350.5,2365.5,4450
2022-03-11,2364.5,2385.0,2291.5,2296.0,2960
2022-03-14,2320.0,2338.0,2250.5,2256.0,5404
2022-03-15,2263.0,2291.0,2230.5,2260.0,3844
2022-03-16,2269.0,2278.5,2247.5,2248.0,3815
2022-03-17,2262.0,2278.0,2245.5,2248.5,3238
2022-03-18,2252.5,2315.0,2246.0,2246.0,3497
2022-03-21,2248.5,2272.0,2248.5,2250.5,2796
2022-03-22,2255.5,2300.0,2251.0,2271.0,3198
2022-03-23,2272.0,2380.0,2272.0,2376.5,4466
2022-03-24,2370.5,2389.0,2281.5,2287.0,4697
2022-03-25,2308.5,2354.5,2297.5,2332.0,2156
2022-03-28,2344.0,2371.5,2327.0,2363.0,2371
2022-03-29,2358.5,2390.0,2352.5,2389.0,2106
2022-03-30,2379.5,2429.5,2378.0,2428.5,2412
2022-03-31,2404.0,2434.0,2390.5,2392.0,3309
2022-04-01,2407.5,2453.5,2387.0,2411.0,3469
2022-04-04,2432.0,2444.5,2395.0,2396.0,2635
2022-04-05,2398.5,2438.0,2398.5,2400.5,2663
2022-04-06,2402.0,2422.0,2392.0,2413.5,2530
2022-04-07,2415.5,2423.0,2365.0,2366.5,2838
2022-04-08,2377.0,2425.0,2377.0,2405.0,2249
2022-04-11,2399.5,2409.0,2362.5,2362.5,2243
2022-04-12,2365.0,2420.0,2365.0,2412.0,2385
2022-04-13,2413.0,2444.0,2396.5,2443.0,3218
2022-04-14,2432.5,2450.0,2406.5,2443.5,2680
2022-04-19,2450.0,2488.0,2405.5,2446.0,3851
2022-04-20,2439.5,2445.5,2406.0,2415.0,2308
2022-04-21,2423.0,2434.0,2393.0,2393.0,1860
2022-04-22,2393.5,2416.5,2375.0,2381.5,1608
2022-04-25,2385.0,2389.5,2321.0,2341.5,3619
2022-04-26,2354.0,2366.5,2300.5,2341.5,3229
2022-04-27,2335.0,2350.0,2275.5,2282.5,4603
2022-04-28,2287.0,2294.0,2250.0,2264.0,3806
2022-04-29,2271.5,2295.0,2250.0,2272.5,3842
2022-05-03,2251.0,2290.0,2240.0,2255.5,3725
2022-05-04,2267.0,2324.0,2253.0,2290.0,3531
2022-05-05,2298.5,2333.0,2268.5,2268.5,2993
2022-05-06,2280.0,2285.0,2228.5,2229.5,4101
2022-05-09,2242.5,2246.5,2132.0,2153.5,6115
2022-05-10,2153.5,2188.5,2107.5,2139.0,5706
2022-05-11,2135.0,2143.0,2103.5,2118.0,3990
2022-05-12,2118.0,2121.5,2069.0,2082.0,4303
2022-05-13,2082.0,2100.5,2056.0,2078.0,3360
2022-05-16,2073.5,2118.0,2073.5,2110.5,3102
2022-05-17,2107.5,2125.5,2093.0,2093.0,2763
2022-05-18,2112.0,2112.0,2047.0,2048.0,3470
2022-05-19,2048.5,2080.0,2025.0,2074.0,3233
2022-05-20,2082.5,2181.0,2075.0,2157.5,4936
2022-05-23,2163.0,2195.0,2158.0,2190.0,3421
2022-05-24,2188.5,2192.0,2160.0,2173.5,2202
2022-05-25,2171.0,2177.5,2089.0,2093.0,3719
2022-05-26,2093.5,2135.0,2072.5,2124.5,3843
2022-05-27,2133.5,2173.0,2104.0,2163.5,2928
2022-05-30,2145.0,2195.0,2143.0,2171.0,1821
2022-05-31,2183.5,2192.5,2165.5,2174.5,2791
2022-06-01,2185.5,2187.5,2147.0,2155.0,2550
2022-06-06,2170.0,2245.0,2158.5,2216.0,4342
2022-06-07,2228.0,2229.5,2172.0,2216.0,3129
2022-06-08,2221.5,2245.0,2201.0,2201.0,3012
2022-06-09,2203.0,2227.0,2180.0,2192.0,2743
2022-06-10,2182.5,2192.0,2136.0,2137.5,2096
2022-06-13,2139.0,2144.5,2089.0,2089.0,3224
2022-06-14,2092.5,2116.5,2065.0,2077.0,3157
2022-06-15,2088.0,2113.0,2075.0,2077.0,2674
2022-06-16,2092.0,2124.5,2075.5,2119.5,3183
2022-06-17,2106.0,2128.5,2050.0,2050.0,3464
2022-06-20,2056.0,2099.5,2042.0,2082.5,2990
2022-06-21,2090.5,2115.5,2060.0,2062.0,3597
2022-06-22,2060.5,2060.5,2011.5,2015.0,4062
2022-06-23,2022.0,2031.0,1940.0,1942.0,4977
2022-06-24,1949.5,1962.5,1900.5,1936.0,4403
2022-06-27,1940.5,2009.5,1936.5,1986.5,4673
2022-06-28,1987.5,2017.5,1965.5,1971.5,2891
2022-06-29,1975.5,1981.5,1923.5,1928.0,4600
2022-06-30,1927.0,1946.0,1883.0,1920.0,5024
2022-07-01,1931.0,1949.0,1896.5,1930.0,4113
2022-07-04,1937.0,1961.0,1909.5,1945.0,2477
2022-07-05,1945.0,1960.5,1918.5,1935.0,3191
2022-07-06,1941.5,1995.0,1925.0,1984.0,4008
2022-07-07,1990.0,2007.5,1953.5,1968.0,4292
2022-07-08,1962.5,1972.0,1911.0,1924.5,3164
2022-07-11,1926.0,1957.0,1913.0,1948.0,2555
2022-07-12,1950.5,1956.5,1912.0,1931.0,3337
2022-07-13,1929.0,1970.0,1913.0,1931.0,3250
2022-07-14,1937.5,1939.0,1784.5,1827.5,7497
2022-07-15,1828.0,1952.5,1828.0,1938.5,5305
2022-07-18,1935.0,2004.0,1934.0,1977.0,3561
2022-07-19,1983.0,1994.0,1943.5,1987.5,3472
2022-07-20,1987.0,2039.5,1977.0,2017.5,4346
2022-07-21,2015.5,2031.0,1985.5,1996.0,3178
2022-07-22,1998.5,2027.5,1989.0,2006.0,1979
2022-07-25,2008.5,2019.5,1993.0,2007.5,1668
2022-07-26,2011.5,2028.0,1999.5,2010.5,2900
2022-07-27,2023.0,2027.5,2006.0,2007.0,2140
2022-07-28,2021.0,2047.0,1975.0,2002.0,3549
2022-07-29,2009.5,2050.0,2005.0,2036.0,3218
2022-08-01,2035.5,2065.0,2018.0,2053.0,3180
2022-08-02,2051.5,2061.0,2029.5,2041.5,2640
2022-08-03,2045.0,2054.5,2012.0,2013.5,2786
2022-08-04,2017.5,2050.0,2001.0,2042.5,2277
2022-08-05,2047.0,2082.0,2035.0,2078.0,3034
2022-08-08,2066.0,2165.0,2066.0,2143.0,6246
2022-08-09,2143.0,2184.5,2122.5,2157.5,4792
2022-08-10,2167.5,2183.0,2145.0,2177.0,3137
2022-08-11,2181.0,2208.5,2171.0,2196.5,3921
2022-08-12,2196.5,2217.0,2162.5,2173.0,3186
2022-08-15,2180.5,2186.5,2137.5,2171.0,3459
2022-08-16,2172.5,2197.5,2145.5,2151.0,3938
2022-08-17,2150.0,2162.5,2092.0,2092.0,2651
2022-08-18,2101.5,2138.0,2062.0,2066.0,3536
2022-08-19,2069.5,2081.0,2030.0,2047.5,3228
2022-08-22,2048.0,2064.0,2006.0,2012.0,3362
2022-08-23,2015.5,2030.5,1961.0,1977.0,4762
2022-08-24,1975.5,1992.0,1943.0,1966.0,4954
2022-08-25,1969.0,2006.5,1967.0,1973.0,3567
2022-08-26,1973.5,2011.5,1956.0,1996.5,4457
2022-08-30,1980.0,2004.5,1969.5,1985.0,3045
2022-08-31,1990.0,1994.5,1938.0,1955.5,4080
2022-09-01,1959.0,1959.0,1898.0,1903.0,4005
2022-09-02,1906.0,1934.5,1882.0,1886.5,4469
2022-09-05,1891.5,1897.5,1875.0,1895.0,2155
2022-09-06,1892.0,1910.5,1883.5,1899.0,3114
2022-09-07,1900.5,1909.0,1875.5,1904.0,2641
2022-09-08,1907.0,1915.0,1879.0,1896.5,3196
2022-09-09,1892.0,1933.0,1890.5,1930.0,3119
2022-09-12,1922.0,1958.5,1921.5,1952.0,2556
2022-09-13,1955.0,1975.0,1918.0,1949.0,3482
2022-09-14,1948.0,1967.5,1933.0,1961.0,2701
2022-09-15,1958.5,1966.0,1911.5,1914.0,2344
2022-09-16,1914.0,1918.0,1882.5,1885.5,2807
2022-09-19,1894.5,1901.0,1880.0,1882.0,2105
2022-09-20,1885.0,1902.5,1862.0,1867.0,2878
2022-09-21,1870.0,1882.5,1834.0,1847.5,3613
2022-09-22,1849.5,1897.0,1843.0,1852.5,3984
2022-09-23,1852.0,1858.0,1795.5,1796.0,4596
2022-09-26,1814.5,1823.5,1748.0,1749.0,6206
2022-09-27,1757.0,1769.0,1746.0,1754.5,4341
2022-09-28,1757.0,1849.0,1755.5,1843.5,6325
2022-09-29,1836.5,1891.0,1810.0,1865.5,6018
2022-09-30,1877.0,1918.0,1861.5,1883.5,4615
2022-10-03,1888.0,1897.0,1850.0,1853.0,3903
2022-10-04,1861.5,1948.5,1855.5,1940.0,5381
2022-10-05,1940.0,2041.0,1936.5,2032.0,8098
2022-10-06,2030.0,2093.5,2020.5,2021.5,8749
2022-10-07,2032.5,2072.0,2029.0,2037.0,4765
2022-10-10,2035.0,2065.0,1965.0,1970.0,7483
2022-10-11,1980.0,2035.0,1965.5,2022.5,4591
2022-10-12,2014.5,2048.0,2006.5,2040.5,3577
2022-10-13,2040.0,2050.0,1990.0,2041.5,4061
2022-10-14,2037.5,2049.0,2014.0,2035.0,2752
2022-10-17,2026.0,2046.0,2016.5,2036.0,4494
2022-10-18,2036.0,2054.0,1991.0,2020.0,3457
2022-10-19,2021.5,2029.0,1961.0,1986.0,3968
2022-10-20,1990.5,1994.5,1942.0,1974.0,4048
2022-10-21,1968.0,1968.0,1883.5,1898.5,5421
2022-10-24,1903.0,1935.0,1885.5,1893.5,3579
2022-10-25,1894.5,1907.0,1861.5,1862.0,3518
2022-10-26,1868.5,1903.5,1859.5,1888.5,3954
2022-10-27,1889.5,1914.5,1852.5,1857.0,3507
2022-10-28,1862.5,2019.5,1840.0,1988.0,9192
2022-10-31,1992.5,2018.0,1948.0,1957.0,7288
2022-11-01,1962.5,1999.0,1948.5,1986.0,4022
2022-11-02,1986.0,1997.0,1950.0,1988.0,3430
2022-11-03,1992.0,2009.0,1953.5,2006.5,3480
2022-11-04,1997.5,2044.0,1981.5,1985.5,5096
2022-11-07,1978.0,2045.0,1962.0,2035.5,5420
2022-11-08,2037.5,2061.0,1997.5,2035.5,3763
2022-11-09,2039.5,2080.0,2022.5,2061.0,6604
2022-11-10,2065.0,2102.0,2029.0,2094.0,4810
2022-11-11,2097.5,2187.0,2088.0,2159.5,7527
2022-11-14,2159.5,2198.0,2123.0,2184.0,6031
2022-11-15,2175.0,2223.0,2173.5,2195.0,5748
2022-11-16,2203.0,2215.0,2140.5,2160.0,6251
2022-11-17,2164.5,2169.5,2135.0,2138.5,3898
2022-11-18,2140.0,2189.0,2134.5,2158.5,4107
2022-11-21,2156.0,2156.0,2097.5,2108.5,3214
2022-11-22,2109.0,2128.5,2082.0,2082.0,3038
2022-11-23,2092.0,2123.5,2083.0,2095.0,2263
2022-11-24,2118.0,2147.0,2116.5,2127.0,1970
2022-11-25,2127.5,2144.0,2107.5,2115.5,2345
2022-11-28,2113.0,2137.5,2097.0,2110.5,2416
2022-11-29,2106.0,2149.0,2106.0,2135.0,2457
2022-11-30,2135.0,2196.5,2125.0,2179.0,4814
2022-12-01,2190.0,2205.5,2166.0,2177.5,3550
2022-12-02,2174.0,2213.0,2164.5,2212.0,3394
2022-12-05,2210.0,2240.5,2208.0,2231.0,3083
2022-12-06,2228.0,2236.5,2199.5,2201.5,3775
2022-12-07,2209.0,2224.5,2185.0,2213.0,3208
2022-12-08,2211.5,2233.5,2205.0,2205.0,2319
2022-12-09,2207.5,2229.0,2167.5,2167.5,2737
2022-12-12,2179.0,2192.0,2157.0,2180.5,3148
2022-12-13,2185.0,2208.5,2169.0,2189.5,3700
2022-12-14,2196.0,2198.0,2151.0,2176.0,2875
2022-12-15,2195.0,2195.0,2140.0,2145.5,3292
2022-12-16,2155.0,2169.0,2143.0,2145.5,2455
2022-12-19,2154.0,2187.0,2145.5,2145.5,3695
2022-12-20,2154.0,2189.0,2148.5,2184.5,2924
2022-12-21,2182.5,2220.0,2146.5,2215.0,4368
2022-12-22,2214.0,2290.0,2192.5,2195.0,5126
2022-12-23,2201.0,2279.0,2201.0,2255.0,3897
2022-12-28,2268.0,2302.5,2182.0,2215.5,7208
2022-12-29,2194.0,2277.0,2194.0,2271.5,4498
2022-12-30,2270.0,2298.0,2240.5,2292.0,4230
2023-01-03,2295.0,2298.0,2253.5,2285.5,5174
2023-01-04,2280.5,2290.0,2253.0,2255.0,4801
2023-01-05,2255.0,2265.0,2206.5,2208.5,5417
2023-01-06,2215.0,2235.5,2175.5,2222.5,4907
2023-01-09,2221.0,2310.0,2215.0,2218.0,10134
2023-01-10,2228.0,2250.0,2155.0,2186.0,10092
2023-01-11,2186.0,2199.5,2168.0,2178.5,6836
2023-01-12,2181.0,2207.5,2120.0,2192.0,9223
2023-01-13,2190.5,2258.0,2173.5,2240.0,7359
2023-01-16,2240.5,2250.0,2205.5,2206.0,3873
2023-01-17,2210.5,2239.5,2210.0,2218.5,3337
2023-01-18,2217.0,2225.0,2168.5,2171.5,5512
2023-01-19,2173.0,2185.0,2130.0,2135.0,5557
2023-01-20,2144.0,2160.0,2083.0,2084.0,6491
2023-01-23,2093.0,2119.0,2048.5,2048.5,5268
2023-01-24,2060.0,2146.5,2055.0,2142.0,4826
2023-01-25,2139.0,2237.0,2112.5,2157.5,6661
2023-01-26,2170.0,2230.0,2159.5,2193.0,4592
2023-01-27,2199.5,2208.0,2170.0,2179.5,2880
2023-01-30,2180.0,2197.0,2140.0,2140.0,3359
2023-01-31,2140.0,2172.0,2128.0,2137.5,0
2023-02-01,2136.5,2175.0,2126.0,2140.0,0
2023-02-02,2141.0,2172.0,2125.0,2150.0,0
2023-02-03,2134.5,2153.5,2092.0,2103.5,0
2023-02-06,2105.0,2143.0,2082.5,2100.0,0
2023-02-07,2100.0,2124.0,2083.0,2111.5,0
2023-02-08,2111.5,2136.0,2096.5,2132.0,0
2023-02-09,2132.5,2169.0,2117.5,2119.0,0
2023-02-10,2122.0,2129.0,2075.5,2091.0,0
2023-02-13,2090.0,2114.5,2081.0,2114.5,0
2023-02-14,2115.0,2115.0,2091.0,2103.0,2920
2023-02-15,2103.5,2103.5,2050.0,2050.0,6113
2023-02-16,2054.5,2069.0,2023.0,2050.5,5625
2023-02-17,2047.0,2078.5,2042.5,2071.0,4011
2023-02-20,2069.0,2175.0,2060.5,2157.5,4981
2023-02-21,2161.0,2171.5,2126.0,2142.5,5119
2023-02-22,2147.0,2152.5,2090.0,2091.0,4229
2023-02-23,2099.0,2106.5,2051.0,2051.5,4576
2023-02-24,2060.5,2082.5,2050.0,2077.0,3757
2023-02-27,2081.5,2115.0,2068.0,2108.5,4017
2023-02-28,2109.5,2111.0,2074.0,2102.5,2894
2023-03-01,2102.0,2145.0,2096.5,2141.5,4289
2023-03-02,2137.5,2138.5,2097.5,2125.5,3866
2023-03-03,2125.5,2140.0,2104.0,2118.0,4116
2023-03-06,2109.0,2139.5,2105.5,2105.5,3755
2023-03-07,2111.0,2117.0,2072.0,2085.0,3667
2023-03-08,2090.0,2106.5,2070.0,2089.0,2722
2023-03-09,2092.5,2095.0,2069.0,2081.5,2094
2023-03-10,2081.5,2103.0,2059.0,2068.0,3870
2023-03-13,2069.0,2098.5,2057.5,2080.0,5869
2023-03-14,2077.0,2107.0,2060.0,2082.0,3474
2023-03-15,2084.5,2105.5,2062.5,2067.5,5425
2023-03-16,2071.5,2082.5,2060.0,2066.0,4075
2023-03-17,2066.5,2099.0,2064.0,2089.0,4717
2023-03-20,2095.0,2121.5,2076.0,2114.0,3668
2023-03-21,2109.0,2134.5,2076.0,2103.0,5817
2023-03-22,2103.0,2120.5,2095.0,2115.5,3083
2023-03-23,2114.5,2139.5,2107.0,2117.0,3735
2023-03-24,2119.5,2129.0,2105.0,2120.0,2570
2023-03-27,2125.0,2137.0,2108.0,2132.5,2396
2023-03-28,2131.5,2149.5,2117.5,2117.5,3873
2023-03-29,2121.0,2149.5,2114.0,2134.0,5639
2023-03-30,2135.0,2154.0,2122.0,2133.5,4765
2023-03-31,2135.0,2139.0,2102.5,2106.0,4728
2023-04-03,2110.0,2130.0,2096.5,2112.0,4298
2023-04-04,2115.0,2127.0,2105.5,2111.0,3527
2023-04-05,2113.0,2123.0,2104.0,2108.5,3108
2023-04-06,2104.5,2126.0,2089.5,2114.0,3965
2023-04-11,2111.5,2111.5,2082.5,2083.0,4562
2023-04-12,2092.0,2139.0,2088.5,2122.0,5246
2023-04-13,2123.0,2150.0,2122.0,2140.0,5638
2023-04-14,2144.0,2179.5,2134.0,2157.0,6669
2023-04-17,2163.0,2167.0,2097.0,2111.0,7473
2023-04-18,2115.0,2148.0,2111.5,2145.0,3997
2023-04-19,2145.0,2158.5,2120.0,2145.0,5250
2023-04-20,2149.0,2167.5,2134.0,2152.0,4453
2023-04-21,2153.5,2171.5,2139.0,2151.0,4445
2023-04-24,2154.0,2158.0,2124.0,2141.0,3941
2023-04-25,2141.5,2145.5,2103.0,2113.5,4126
2023-04-26,2116.0,2120.0,2093.5,2113.0,4746
2023-04-27,2109.5,2120.5,2096.5,2107.0,3240
2023-04-28,2110.0,2158.0,2100.0,2147.0,4447
2023-05-02,2153.5,2174.0,2140.0,2159.0,5321
2023-05-03,2161.0,2163.5,2120.0,2120.0,4950
2023-05-04,2120.0,2140.0,2099.0,2119.0,4819
2023-05-05,2120.5,2133.0,2105.0,2107.0,4010
2023-05-09,2116.0,2140.5,2106.0,2136.5,3894
2023-05-10,2137.0,2145.0,2122.5,2126.5,4441
2023-05-11,2133.5,2136.5,2105.0,2105.0,5151
2023-05-12,2109.5,2116.0,2070.0,2070.5,7739
2023-05-15,2073.5,2098.0,2067.0,2073.0,4465
2023-05-16,2074.5,2080.5,2044.0,2044.0,6013
2023-05-17,2045.5,2074.0,2035.0,2050.0,6271
2023-05-18,2058.5,2064.5,2038.5,2060.5,4407
2023-05-19,2057.5,2099.0,2057.0,2091.0,4943
2023-05-22,2091.0,2097.0,2077.0,2085.5,3406
2023-05-23,2087.5,2087.5,2068.0,2075.5,4055
2023-05-24,2075.5,2078.0,2042.0,2042.0,4283
2023-05-25,2047.0,2078.0,2027.0,2058.5,6746
2023-05-26,2060.0,2089.5,2057.0,2075.5,3833
2023-05-30,2070.5,2075.5,2050.0,2068.5,3444
2023-05-31,2067.5,2069.0,2007.5,2010.5,6220
2023-06-01,2015.0,2037.0,1976.0,2002.5,9505
2023-06-02,2000.5,2040.5,1996.0,2035.0,5266
2023-06-05,2030.0,2037.5,2018.0,2031.5,3270
2023-06-06,2030.0,2049.0,2017.0,2034.5,3334
2023-06-07,2039.0,2048.0,2028.5,2035.0,3234
2023-06-08,2038.5,2049.0,2014.0,2045.0,3143
2023-06-09,2042.0,2059.5,2040.0,2053.5,4505
2023-06-12,2056.0,2080.0,2047.0,2066.0,5180
2023-06-13,2069.0,2085.5,2056.5,2079.5,4365
2023-06-14,2081.0,2119.5,2075.5,2114.0,8780
2023-06-15,2113.5,2135.0,2087.5,2128.0,8908
2023-06-16,2126.5,2145.0,2118.0,2133.5,7493
2023-06-19,2133.0,2150.0,2122.0,2125.0,6350
2023-06-20,2126.0,2148.0,2112.5,2141.5,6442
2023-06-21,2141.0,2176.0,2132.0,2166.0,6269
2023-06-22,2165.0,2190.0,2149.0,2155.5,5886
2023-06-23,2159.0,2159.5,2115.5,2128.0,6067
2023-06-26,2131.5,2133.0,2064.5,2073.0,6689
2023-06-27,2073.5,2114.5,2071.5,2097.0,5460
2023-06-28,2097.0,2097.0,2068.0,2073.5,4462
2023-06-29,2074.0,2080.5,2050.0,2055.0,4588
2023-06-30,2055.0,2102.5,2051.0,2086.5,6261
2023-07-03,2088.0,2100.0,2079.0,2091.5,3500
2023-07-04,2090.5,2097.5,2081.0,2090.0,2162
2023-07-05,2090.0,2091.0,2062.0,2065.5,5201
2023-07-06,2066.5,2077.0,2046.0,2051.5,6664
2023-07-07,2050.0,2064.5,2030.0,2054.0,7095
2023-07-10,2055.0,2070.0,2045.5,2060.0,3634
2023-07-11,2059.5,2078.0,2050.0,2058.0,4699
2023-07-12,2060.5,2095.0,2059.0,2092.0,5134
2023-07-13,2091.0,2130.0,2089.5,2117.0,5220
2023-07-14,2122.0,2131.0,2103.0,2123.5,4958
2023-07-17,2124.5,2124.5,2090.0,2096.5,4310
2023-07-18,2101.0,2112.0,2091.0,2095.0,3123
2023-07-19,2098.0,2101.0,2078.5,2090.0,3535
2023-07-20,2093.0,2118.5,2085.0,2114.0,3875
2023-07-21,2106.5,2143.0,2106.5,2134.5,5987
2023-07-24,2136.0,2177.0,2129.5,2165.0,7522
2023-07-25,2162.5,2181.0,2149.0,2174.0,7317
2023-07-26,2173.5,2177.0,2139.0,2144.5,4980
2023-07-27,2147.0,2175.0,2146.5,2156.5,5134
2023-07-28,2156.0,2167.0,2148.0,2155.0,3948
2023-07-31,2156.0,2166.0,2142.0,2160.5,3863
2023-08-01,2158.0,2159.0,2133.0,2134.0,3829
2023-08-02,2135.5,2154.5,2131.0,2147.0,4401
2023-08-03,2148.0,2164.5,2133.0,2149.5,3929
2023-08-04,2152.5,2159.0,2125.0,2134.5,3513
2023-08-07,2132.5,2160.0,2128.5,2133.0,4457
2023-08-08,2134.0,2139.5,2111.0,2121.5,3631
2023-08-09,2122.0,2140.0,2115.0,2137.0,3664
2023-08-10,2137.5,2145.0,2128.5,2134.0,3233
2023-08-11,2132.5,2135.0,2100.0,2129.0,5177
2023-08-14,2125.0,2125.0,2094.0,2098.5,4766
2023-08-15,2100.5,2130.0,2093.5,2119.0,6111
2023-08-16,2120.0,2132.0,2107.5,2117.5,5055
2023-08-17,2113.0,2143.0,2111.0,2137.0,4323
2023-08-18,2138.0,2155.0,2129.0,2146.0,4311
2023-08-21,2151.5,2172.0,2138.0,2165.0,6176
2023-08-22,2163.0,2186.0,2151.0,2151.5,6336
2023-08-23,2152.0,2190.0,2152.0,2187.0,7103
2023-08-24,2185.0,2194.0,2170.0,2172.5,6005
2023-08-25,2176.5,2188.0,2155.0,2160.0,4879
2023-08-29,2159.0,2194.5,2132.0,2184.0,10031
2023-08-30,2185.5,2213.0,2171.0,2171.0,7377
2023-08-31,2179.0,2228.0,2176.0,2220.0,9790
2023-09-01,2218.0,2301.0,2216.5,2254.0,13448
2023-09-04,2250.5,2250.5,2202.0,2202.0,6324
2023-09-05,2209.0,2243.0,2192.5,2225.0,7902
2023-09-06,2225.0,2239.5,2201.5,2226.0,6131
2023-09-07,2225.5,2244.0,2212.5,2226.5,7293
2023-09-08,2229.0,2230.0,2200.0,2226.0,5664
2023-09-11,2227.5,2252.0,2214.5,2248.5,6132
2023-09-12,2249.0,2249.5,2207.0,2219.0,6582
2023-09-13,2223.0,2223.0,2202.0,2212.0,4371
2023-09-14,2217.0,2248.0,2214.0,2245.0,5571
2023-09-15,2245.0,2269.0,2233.0,2261.0,6432
2023-09-18,2261.0,2270.0,2226.5,2247.5,6002
2023-09-19,2249.0,2251.5,2215.0,2216.5,6518
2023-09-20,2219.0,2234.5,2206.0,2206.0,6251
2023-09-21,2205.0,2211.0,2163.0,2184.0,9447
2023-09-22,2181.5,2217.5,2181.5,2204.0,5072
2023-09-25,2208.0,2214.5,2172.0,2181.5,5092
2023-09-26,2181.0,2203.0,2181.0,2182.0,4010
2023-09-27,2182.0,2188.0,2151.0,2151.0,5800
2023-09-28,2154.0,2198.5,2147.0,2191.5,6830
2023-09-29,2190.5,2203.0,2166.5,2178.5,5296
2023-10-02,2176.0,2183.5,2140.0,2142.0,4693
2023-10-03,2145.5,2145.5,2114.0,2121.5,6917
2023-10-04,2122.5,2135.0,2106.0,2108.5,5524
2023-10-05,2112.0,2142.5,2102.0,2135.5,6250
2023-10-06,2133.0,2166.0,2133.0,2140.5,5763
2023-10-09,2137.0,2175.0,2120.5,2122.0,5834
2023-10-10,2126.0,2132.0,2089.0,2091.5,8019
2023-10-11,2099.5,2118.5,2086.0,2086.5,5832
2023-10-12,2090.0,2105.5,2052.0,2060.0,7965
2023-10-13,2062.5,2075.0,2040.0,2048.0,8225
2023-10-16,2049.5,2080.0,2029.0,2077.5,8312
2023-10-17,2074.5,2115.5,2058.5,2087.0,10827
2023-10-18,2090.0,2115.0,2087.5,2090.0,4846
2023-10-19,2092.5,2109.5,2080.0,2091.5,5799
2023-10-20,2092.5,2102.0,2066.5,2090.0,3834
2023-10-23,2093.0,2105.5,2079.5,2098.0,4684
2023-10-24,2101.0,2120.0,2100.0,2100.5,5143
2023-10-25,2104.0,2109.0,2080.0,2080.0,5146
2023-10-26,2085.0,2098.0,2074.5,2092.5,3900
2023-10-27,2097.5,2125.0,2092.5,2103.0,4585
2023-10-30,2105.0,2138.0,2105.0,2114.0,4203
2023-10-31,2116.5,2120.0,2080.0,2081.0,4409
2023-11-01,2085.5,2115.0,2075.5,2106.0,5698
2023-11-02,2110.5,2129.0,2108.0,2126.0,4231
2023-11-03,2128.0,2174.0,2125.5,2170.5,7721
2023-11-06,2167.0,2194.0,2153.0,2185.5,8170
2023-11-07,2180.5,2195.0,2163.5,2190.5,7650
2023-11-08,2188.5,2200.0,2173.0,2195.5,8123
2023-11-09,2190.5,2195.0,2180.5,2192.0,5534
2023-11-10,2187.5,2193.0,2162.0,2177.5,5981
2023-11-13,2177.0,2190.0,2165.5,2167.0,4997
2023-11-14,2169.0,2210.0,2156.0,2207.5,5465
2023-11-15,2203.0,2251.0,2191.0,2243.0,10235
2023-11-16,2245.5,2286.0,2228.5,2257.0,13360
2023-11-17,2259.0,2300.5,2257.0,2293.5,10783
2023-11-20,2293.5,2308.5,2266.0,2275.0,7750
2023-11-21,2275.0,2288.0,2247.5,2266.5,7264
2023-11-22,2270.5,2270.5,2214.0,2216.0,6863
2023-11-23,2219.5,2236.0,2211.0,2211.0,3116
2023-11-24,2218.5,2228.0,2190.0,2194.5,5490
2023-11-27,2195.0,2202.5,2161.0,2162.0,5623
2023-11-28,2166.5,2181.0,2145.0,2151.5,8366
2023-11-29,2156.0,2174.0,2126.0,2142.0,8536
2023-11-30,2144.0,2151.5,2121.0,2125.5,6452
2023-12-01,2131.5,2145.0,2113.0,2124.0,8001
2023-12-04,2128.0,2131.5,2089.0,2091.0,7674
2023-12-05,2095.0,2103.5,2050.0,2052.0,13056
2023-12-06,2051.5,2073.5,2023.0,2024.5,14069
2023-12-07,2030.0,2044.0,2016.0,2016.5,10075
2023-12-08,2024.0,2053.5,2020.0,2023.0,7357
2023-12-11,2025.0,2065.5,2021.0,2053.5,6940
2023-12-12,2056.5,2084.5,2032.5,2036.0,7160
2023-12-13,2040.0,2049.5,2030.0,2040.0,3708
2023-12-14,2048.0,2077.0,2048.0,2068.5,5631
2023-12-15,2069.0,2102.0,2067.0,2075.5,5569
2023-12-18,2079.0,2092.0,2047.0,2051.5,5233
2023-12-19,2052.5,2084.5,2046.0,2066.0,5353
2023-12-20,2067.5,2087.5,2066.0,2074.5,3832
2023-12-21,2073.0,2082.5,2061.5,2063.0,3100
2023-12-22,2067.5,2083.0,2058.0,2070.5,2729
2023-12-27,2073.0,2093.5,2068.5,2085.5,4171
2023-12-28,2085.0,2097.0,2076.0,2082.0,2828
2023-12-29,2084.0,2090.0,2055.0,2066.5,4363
2024-01-02,2070.5,2080.0,2042.0,2062.5,4619
2024-01-03,2059.5,2070.0,2043.5,2045.0,4994
2024-01-04,2050.5,2059.5,2040.0,2046.5,3210
2024-01-05,2045.5,2090.0,2044.5,2075.0,5988
2024-01-08,2075.5,2087.0,2055.5,2062.5,4640
2024-01-09,2063.5,2074.0,2047.5,2055.0,3333
2024-01-10,2056.5,2091.5,2056.0,2083.0,5198
2024-01-11,2086.0,2121.5,2084.5,2095.5,6036
2024-01-12,2098.0,2106.0,2078.0,2091.0,5018
2024-01-15,2091.5,2113.0,2082.5,2102.0,3029
2024-01-16,2104.0,2112.5,2093.5,2094.0,4609
2024-01-17,2097.0,2097.0,2054.0,2057.0,9026
2024-01-18,2065.0,2080.5,2049.0,2074.5,5937
2024-01-19,2075.0,2110.0,2075.0,2106.0,6442
2024-01-22,2105.0,2129.0,2093.5,2122.5,6124
2024-01-23,2124.0,2172.0,2123.0,2163.5,10940
2024-01-24,2166.5,2188.0,2144.0,2150.5,10842
2024-01-25,2150.5,2168.0,2123.5,2145.0,9316
2024-01-26,2146.0,2169.0,2126.0,2162.5,5730
2024-01-29,2160.5,2176.5,2151.0,2168.5,5519
2024-01-30,2172.0,2179.0,2154.5,2175.0,5778
2024-01-31,2175.5,2177.5,2146.5,2162.0,6660
2024-02-01,2157.5,2160.0,2139.0,2140.5,6481
2024-02-02,2145.0,2153.0,2130.0,2136.5,5227
2024-02-05,2140.0,2140.5,2106.0,2106.0,5655
2024-02-06,2110.5,2136.5,2110.0,2115.0,5088
2024-02-07,2117.5,2122.0,2095.0,2097.5,5196
2024-02-08,2101.0,2119.0,2050.0,2052.5,6645
2024-02-09,2052.5,2057.0,2025.5,2041.0,9659
2024-02-12,2039.5,2057.5,2021.0,2029.0,7816
2024-02-13,2028.0,2035.0,1994.5,1995.0,8959
2024-02-14,1996.0,2032.0,1996.0,2018.5,7747
2024-02-15,2025.0,2059.5,2024.5,2047.0,7040
2024-02-16,2049.5,2073.5,2039.0,2065.5,6461
2024-02-19,2069.5,2069.5,2031.0,2035.5,5691
2024-02-20,2036.0,2055.5,2031.0,2052.0,4596
2024-02-21,2052.5,2081.5,2046.5,2077.5,5993
2024-02-22,2079.0,2091.5,2071.0,2088.5,4759
2024-02-23,2085.0,2101.0,2073.5,2097.5,4314
2024-02-26,2098.0,2102.0,2080.0,2095.5,4882
2024-02-27,2097.0,2110.0,2079.5,2081.5,4527
2024-02-28,2083.5,2090.0,2065.0,2084.5,4556
2024-02-29,2084.5,2090.0,2056.0,2063.5,6041
2024-03-01,2063.0,2071.0,2033.0,2036.0,8015
2024-03-04,2039.5,2057.5,2031.0,2050.5,5833
2024-03-05,2052.0,2062.0,2031.0,2054.0,5252
2024-03-06,2050.5,2077.0,2046.0,2066.5,5929
2024-03-07,2069.5,2110.0,2068.0,2069.5,7184
2024-03-08,2110.0,2139.5,2095.0,2100.0,10142
2024-03-11,2100.0,2146.0,2100.0,2120.5,8013
2024-03-12,2124.0,2148.0,2119.0,2146.0,7459
2024-03-13,2142.0,2172.0,2137.5,2165.0,7625
2024-03-14,2164.5,2170.0,2141.0,2153.5,6748
2024-03-15,2152.0,2158.5,2111.0,2129.0,8513
2024-03-18,2125.0,2135.5,2085.0,2087.0,7745
2024-03-19,2088.0,2106.5,2074.0,2094.5,6253
2024-03-20,2096.5,2103.5,2062.5,2069.5,8755
2024-03-21,2072.0,2082.5,2048.5,2055.0,8580
2024-03-22,2055.0,2065.5,2032.0,2034.5,8273
2024-03-25,2036.5,2051.5,2025.5,2038.5,7943
2024-03-26,2038.0,2045.5,2016.0,2016.0,5917
2024-03-27,2018.5,2022.5,2001.0,2003.0,7692
2024-03-28,2005.5,2063.0,1995.0,2052.5,11749
2024-04-02,2050.0,2054.5,2011.0,2018.5,10381
2024-04-03,2022.0,2090.0,2005.0,2085.5,8924
2024-04-04,2090.5,2142.0,2086.0,2137.5,11469
2024-04-05,2132.0,2147.5,2104.0,2126.0,9298
2024-04-08,2115.0,2149.0,2094.0,2135.5,11731
2024-04-09,2137.5,2165.0,2122.5,2160.0,8588
2024-04-10,2157.5,2192.5,2142.0,2157.5,11700
2024-04-11,2162.5,2187.0,2140.0,2141.0,8222
2024-04-12,2148.0,2194.0,2144.0,2168.5,8750
2024-04-15,2185.0,2198.0,2153.5,2168.0,8630
2024-04-16,2168.0,2191.0,2141.0,2145.0,9056
2024-04-17,2150.0,2176.0,2135.0,2165.0,6465
2024-04-18,2160.5,2192.0,2149.5,2182.0,7574
2024-04-19,2182.0,2222.0,2179.5,2211.5,9295
2024-04-22,2212.5,2215.5,2155.5,2158.0,8628
2024-04-23,2164.0,2192.0,2141.0,2182.0,6733
2024-04-24,2182.5,2209.0,2180.5,2200.0,5869
2024-04-25,2200.0,2219.0,2186.5,2210.0,4465
2024-04-26,2210.0,2245.0,2203.0,2203.0,7039
2024-04-29,2205.0,2233.0,2197.0,2226.0,5271
2024-04-30,2221.0,2233.0,2194.5,2214.0,7381
2024-05-01,2215.5,2223.5,2171.0,2171.5,5264
2024-05-02,2171.5,2202.0,2171.5,2191.0,5350
2024-05-03,2193.5,2224.0,2180.5,2215.0,4318
2024-05-07,2228.0,2250.0,2227.5,2243.5,8011
2024-05-08,2242.0,2254.0,2212.0,2229.0,6755
2024-05-09,2232.5,2237.0,2204.5,2233.0,4536
2024-05-10,2235.5,2250.0,2219.0,2225.5,4750
2024-05-13,2225.0,2259.5,2215.0,2248.0,4709
2024-05-14,2248.0,2270.5,2241.0,2266.0,6626
2024-05-15,2255.0,2295.5,2246.5,2273.5,8424
2024-05-16,2273.5,2298.0,2259.5,2289.5,7022
2024-05-17,2289.0,2307.5,2281.0,2301.0,6400
2024-05-20,2293.0,2348.5,2293.0,2329.0,7945
2024-05-21,2335.0,2353.5,2318.0,2328.5,7496
2024-05-22,2329.0,2359.0,2308.5,2312.0,7759
2024-05-23,2312.5,2317.0,2265.0,2295.5,6876
2024-05-24,2300.0,2305.0,2275.0,2302.0,4344
2024-05-28,2307.0,2351.0,2305.0,2332.5,6343
2024-05-29,2336.5,2357.0,2302.0,2315.5,5964
2024-05-30,2315.5,2320.5,2272.5,2279.5,5170
2024-05-31,2274.0,2313.0,2253.0,2273.5,5857
2024-06-03,2279.0,2300.0,2272.0,2282.0,4741
2024-06-04,2282.0,2300.5,2240.5,2243.0,7307
2024-06-05,2243.5,2255.0,2210.5,2243.0,8144
2024-06-06,2243.0,2259.0,2228.5,2237.0,6106
2024-06-07,2239.5,2249.5,2191.0,2192.0,6222
2024-06-10,2202.5,2217.5,2180.5,2208.5,5814
2024-06-11,2208.5,2222.0,2154.0,2166.5,7621
2024-06-12,2166.5,2192.0,2158.0,2174.5,8129
2024-06-13,2174.0,2188.0,2160.0,2162.5,5359
2024-06-14,2170.0,2174.0,2128.5,2153.0,8486
2024-06-17,2146.0,2177.0,2141.0,2158.0,7359
2024-06-18,2162.5,2203.5,2153.0,2194.5,8456
2024-06-19,2190.0,2245.0,2186.0,2192.0,11176
2024-06-20,2200.5,2224.0,2162.0,2214.5,7703
2024-06-21,2215.0,2223.0,2181.0,2183.0,6318
2024-06-24,2187.5,2201.5,2161.0,2162.0,4375
2024-06-25,2162.0,2219.0,2156.5,2211.5,7755
2024-06-26,2212.5,2218.5,2187.0,2191.5,5890
2024-06-27,2192.5,2202.5,2176.5,2185.0,4032
2024-06-28,2185.5,2230.0,2179.0,2221.5,5007
2024-07-01,2216.0,2236.0,2212.0,2213.5,4631
2024-07-02,2219.0,2238.5,2197.0,2199.5,6359
2024-07-03,2201.0,2229.0,2198.0,2216.0,5654
2024-07-04,2224.5,2234.0,2209.0,2229.5,3709
2024-07-05,2226.5,2254.0,2222.5,2237.5,5050
2024-07-08,2236.5,2259.0,2225.0,2236.0,5339
2024-07-09,2236.0,2238.0,2186.0,2236.0,7597
2024-07-10,2195.0,2207.0,2175.5,2176.0,4825
2024-07-11,2176.0,2205.0,2171.0,2194.5,5385
2024-07-12,2194.5,2214.0,2173.5,2212.0,5010
2024-07-15,2206.0,2212.5,2185.0,2189.5,4224
2024-07-16,2190.0,2197.0,2168.5,2187.0,5855
2024-07-17,2189.5,2224.5,2179.0,2184.0,9693
2024-07-18,2188.0,2207.0,2149.5,2188.0,8408
2024-07-19,2152.5,2158.5,2120.0,2121.0,8603
2024-07-22,2127.0,2147.0,2080.0,2084.0,9730
2024-07-23,2087.0,2104.5,2050.5,2053.5,10450
2024-07-24,2058.0,2072.0,2035.5,2038.5,11050
2024-07-25,2037.0,2058.5,2026.0,2037.0,9803
2024-07-26,2035.0,2083.5,2029.5,2074.5,9766
2024-07-29,2074.5,2094.0,2060.0,2062.5,6769
2024-07-30,2062.5,2066.0,2030.0,2035.5,8224
2024-07-31,2038.5,2100.0,2038.5,2097.0,7128
2024-08-01,2100.0,2109.5,2048.0,2048.5,8022
2024-08-02,2054.0,2056.5,2018.0,2033.5,8109
2024-08-05,2027.0,2038.0,1926.5,1955.5,12479
2024-08-06,1946.0,1975.0,1917.0,1962.0,9595
2024-08-07,1951.5,1978.5,1938.5,1953.5,6573
2024-08-08,1953.5,1982.0,1941.5,1978.5,7200
2024-08-09,1978.5,2047.5,1976.0,2036.5,7547
2024-08-12,2040.0,2082.0,2032.0,2032.5,6425
2024-08-13,2040.0,2047.5,1984.0,1984.0,6180
2024-08-14,1997.5,2021.5,1982.5,2015.0,5131
2024-08-15,2015.0,2057.5,2006.5,2034.5,5181
2024-08-16,2034.0,2045.5,2007.0,2041.0,4170
2024-08-19,2041.0,2062.0,2021.0,2037.5,4749
2024-08-20,2029.0,2080.0,2029.0,2061.0,4021
2024-08-21,2059.0,2090.0,2053.0,2089.0,5527
2024-08-22,2080.5,2096.5,2046.0,2056.0,4294
2024-08-23,2062.0,2122.0,2062.0,2110.0,7424
2024-08-27,2113.0,2126.0,2102.0,2123.5,6885
2024-08-28,2123.5,2124.0,2070.0,2070.0,5638
2024-08-29,2071.0,2080.5,2032.5,2041.5,5242
2024-08-30,2040.5,2072.0,2038.0,2065.5,5653
2024-09-02,2044.5,2070.0,2044.0,2059.5,3945
2024-09-03,2064.0,2067.0,2028.5,2064.0,4210
2024-09-04,2064.0,2067.0,2015.0,2015.5,5708
2024-09-05,2019.5,2026.0,1988.0,1988.0,5326
2024-09-06,1994.0,2003.0,1961.0,1968.5,6214
2024-09-09,1965.5,1979.0,1946.0,1955.5,6587
2024-09-10,1958.5,1967.5,1949.0,1954.5,4789
2024-09-11,1956.0,2000.0,1956.0,1989.5,4421
2024-09-12,1995.0,2037.0,1988.0,2031.5,4652
2024-09-13,2032.0,2048.0,2012.5,2039.5,4683
2024-09-16,2030.5,2062.0,2020.0,2030.0,4289
2024-09-17,2035.5,2052.0,2005.5,2010.5,5091
2024-09-18,2010.5,2042.5,1997.5,2031.0,6476
2024-09-19,2031.0,2090.5,2022.0,2079.5,8120
2024-09-20,2081.0,2097.5,2038.5,2042.0,6379
2024-09-23,2042.0,2067.0,2035.0,2051.0,4666
2024-09-24,2054.5,2094.5,2048.5,2080.0,5011
2024-09-25,2082.0,2102.5,2058.5,2098.5,5451
2024-09-26,2097.5,2147.0,2080.5,2133.0,10623
2024-09-27,2135.5,2142.5,2107.5,2111.5,7863
2024-09-30,2126.0,2135.0,2092.0,2107.0,4736
2024-10-01,2104.0,2127.0,2101.0,2104.0,3740
2024-10-02,2110.0,2157.0,2109.0,2148.5,5554
2024-10-03,2148.5,2161.0,2120.0,2142.5,5382
2024-10-04,2140.0,2159.5,2135.5,2150.0,4196
2024-10-07,2150.0,2167.0,2142.5,2150.0,3631
2024-10-08,2151.0,2156.0,2085.0,2101.0,7111
2024-10-09,2101.0,2110.0,2047.5,2076.0,6234
2024-10-10,2076.0,2076.0,2045.5,2072.5,5057
2024-10-11,2072.5,2100.0,2070.0,2095.5,3776
2024-10-14,2095.5,2095.5,2046.0,2067.5,5703
2024-10-15,2065.5,2086.0,2035.5,2078.5,5162
2024-10-16,2079.5,2110.5,2071.5,2082.5,5235
2024-10-17,2082.5,2102.5,2065.0,2068.0,4083
2024-10-18,2069.0,2082.0,2061.0,2070.0,3743
2024-10-21,2065.5,2086.0,2049.0,2049.0,3909
2024-10-22,2054.0,2087.5,2048.0,2075.5,4806
2024-10-23,2080.0,2083.0,2051.0,2055.0,3884
2024-10-24,2056.0,2082.0,2053.5,2071.5,3772
2024-10-25,2071.5,2079.0,2041.0,2041.5,5172
2024-10-28,2044.5,2046.0,2020.0,2027.0,6399
2024-10-29,2029.0,2029.0,1996.0,2008.0,7802
2024-10-30,2013.5,2029.5,2003.0,2004.0,6555
2024-10-31,2003.5,2039.0,1993.0,2036.0,6602
2024-11-01,2031.5,2070.0,2030.0,2036.5,7480
2024-11-04,2036.5,2070.5,2030.0,2037.0,4283
2024-11-05,2035.5,2048.5,2022.5,2028.5,5010
2024-11-06,2022.0,2049.5,2005.5,2045.5,5782
2024-11-07,2037.5,2060.0,2034.5,2036.5,4946
2024-11-08,2031.5,2052.5,2022.0,2023.0,3985
2024-11-11,2021.5,2037.5,2015.5,2020.5,3527
2024-11-12,2027.0,2036.5,2019.0,2024.0,5020
2024-11-13,2022.5,2038.5,2003.0,2007.5,5003
2024-11-14,2008.5,2008.5,1958.0,1961.5,6987
2024-11-15,1963.5,1996.5,1950.5,1950.5,6609
2024-11-18,1950.5,1998.0,1948.5,1993.5,7476
2024-11-19,1992.5,2013.5,1975.5,2002.5,6053
2024-11-20,2012.0,2043.5,2001.5,2013.0,7724
2024-11-21,2017.5,2024.0,1982.5,2001.0,5631
2024-11-22,2004.5,2034.0,2004.5,2016.0,5746
2024-11-25,2022.5,2048.0,2018.5,2022.0,4903
2024-11-26,2017.5,2035.5,2005.0,2010.0,5176
2024-11-27,2010.0,2060.0,2010.0,2059.5,5468
2024-11-28,2058.5,2070.0,2037.0,2044.0,4324
2024-11-29,2050.5,2081.5,2050.5,2079.5,6712
2024-12-02,2076.5,2080.0,2056.5,2071.0,5695
2024-12-03,2073.0,2084.0,2054.5,2083.0,5448
2024-12-04,2078.0,2088.0,2063.0,2085.0,5903
2024-12-05,2087.5,2100.0,2081.0,2095.0,5936
2024-12-06,2095.0,2102.5,2065.0,2066.0,5044
2024-12-09,2065.0,2097.0,2061.0,2063.5,5790
2024-12-10,2071.0,2071.0,2058.0,2064.5,5079
2024-12-11,2068.5,2070.0,2032.0,2032.0,5915
2024-12-12,2041.5,2043.0,2001.0,2001.0,7428
2024-12-13,2005.0,2016.0,1994.5,2013.0,6525
2024-12-16,2012.0,2023.5,1995.0,1995.0,5049
2024-12-17,1995.0,2012.0,1983.0,1985.0,7999
2024-12-18,1987.5,1997.5,1970.0,1979.0,7793
2024-12-19,1974.0,1975.5,1955.5,1972.0,7398
2024-12-20,1956.0,1990.0,1956.0,1981.0,4635
2024-12-23,1983.5,2006.0,1977.0,1990.0,4436
2024-12-24,1987.5,1998.0,1980.0,1980.0,2389
2024-12-27,1981.5,1982.5,1950.0,1965.5,4699
2024-12-30,1966.5,1967.5,1945.0,1945.0,5842
2024-12-31,1949.5,1961.5,1940.0,1951.0,3723
2025-01-02,1950.0,1966.0,1933.0,1933.5,5223
2025-01-03,1937.0,1937.5,1920.0,1921.0,5195
2025-01-06,1925.0,1955.5,1924.0,1944.5,5668
2025-01-07,1947.0,1975.0,1934.5,1969.5,5993
2025-01-08,1970.0,1972.0,1928.0,1930.5,7446
2025-01-09,1934.0,1949.0,1917.0,1934.0,6614
2025-01-10,1935.0,1985.0,1933.0,1981.0,7616
2025-01-13,1981.0,1981.0,1941.0,1947.0,6875
2025-01-14,1952.5,1970.0,1937.5,1967.0,5495
2025-01-15,1966.0,1966.0,1928.0,1934.0,7258
2025-01-16,1934.0,1978.0,1934.0,1972.5,5783
2025-01-17,1970.0,1987.0,1954.5,1965.0,5810
2025-01-20,1967.5,1995.5,1962.5,1972.0,4618
2025-01-21,1971.5,1975.5,1942.0,1966.5,7361
2025-01-22,1966.5,1985.0,1959.0,1964.0,5321
2025-01-23,1970.0,1977.5,1947.0,1949.0,5183
2025-01-24,1953.0,1970.0,1935.5,1936.5,5871
2025-01-27,1937.0,1957.0,1936.5,1949.5,4929
2025-01-28,1949.0,1950.0,1926.0,1931.0,4084
2025-01-29,1936.0,1973.0,1934.5,1961.0,5927
2025-01-30,1965.0,1984.0,1959.0,1964.5,4460
2025-01-31,1964.5,1968.5,1944.5,1947.0,4566
2025-02-03,1945.0,1957.5,1935.0,1942.5,6368
2025-02-04,1945.0,1973.5,1940.0,1967.5,8046
2025-02-05,1970.5,2006.5,1969.5,2002.5,9292
2025-02-06,2004.0,2014.0,1985.5,1986.0,9034
2025-02-07,1986.0,2020.5,1986.0,1990.0,6666
2025-02-10,1993.0,2004.0,1975.5,1997.5,5523
2025-02-11,1997.5,1998.5,1973.0,1975.5,5216
2025-02-12,1979.0,1993.5,1971.0,1973.0,4901
2025-02-13,1976.5,1997.5,1973.5,1988.5,4611
2025-02-14,1992.5,2002.5,1972.0,1982.0,7021
2025-02-17,1983.5,2006.5,1981.0,1982.5,5031
2025-02-18,1989.0,1998.0,1980.0,1994.0,4959
2025-02-19,1995.0,1999.0,1972.5,1991.5,7427
2025-02-20,1993.5,2011.0,1990.0,2001.5,5619
2025-02-21,2001.5,2010.0,1985.0,2002.0,4737
2025-02-24,2004.5,2015.0,1981.5,1985.0,6944
2025-02-25,1985.0,2011.5,1978.0,1999.0,6167
2025-02-26,1999.0,2024.0,1988.0,2003.5,11069
2025-02-27,2008.5,2015.0,1991.0,2005.5,7070
2025-02-28,2005.5,2010.0,1987.0,1987.0,6312
2025-03-03,1994.5,1999.5,1983.0,1994.5,4985
2025-03-04,1993.0,2014.5,1986.5,2010.5,6034
2025-03-05,2010.5,2035.0,2007.0,2028.0,9264
2025-03-06,2028.0,2054.5,2027.5,2037.5,8302
2025-03-07,2035.0,2041.0,2012.0,2016.0,7084
2025-03-10,2016.0,2055.0,2016.0,2040.0,7681
2025-03-11,2040.0,2055.0,2034.5,2051.5,5390
2025-03-12,2051.5,2083.0,2051.0,2079.5,8353
2025-03-13,2077.5,2084.5,2064.5,2070.5,6122
2025-03-14,2070.5,2090.0,2063.0,2068.5,7624
2025-03-17,2076.5,2100.0,2076.0,2084.5,7580
2025-03-18,2083.5,2095.0,2078.5,2089.0,7143
2025-03-19,2089.5,2104.5,2080.0,2086.0,7850
2025-03-20,2089.5,2095.5,2048.5,2049.5,7737
2025-03-21,2049.5,2061.0,2015.0,2026.0,7843
2025-03-24,2028.5,2065.0,2023.5,2036.0,16889
2025-03-25,2036.0,2085.0,2036.0,2077.5,17071
2025-03-26,2077.0,2094.0,2066.0,2085.5,23955
2025-03-27,2087.5,2090.5,2038.0,2040.0,25054
2025-03-28,2040.0,2045.0,2022.0,2022.5,19172
2025-03-31,2030.0,2030.0,2009.5,2010.5,7136
2025-04-01,2010.5,2021.5,1984.0,1997.5,8769
2025-04-02,2000.0,2000.5,1966.5,1973.0,8930
2025-04-03,1971.0,1980.0,1946.0,1951.5,9996
2025-04-04,1951.5,1956.0,1902.0,1951.5,11673
2025-04-07,1901.0,1925.0,1850.0,1886.0,14881
2025-04-08,1886.0,1893.5,1860.5,1867.5,8953
2025-04-09,1867.5,1875.5,1837.5,1864.5,8621
2025-04-10,1872.5,1911.0,1870.5,1889.0,8355
2025-04-11,1890.5,1923.5,1890.0,1911.5,7162
2025-04-14,1911.5,1925.5,1905.5,1910.5,5340
2025-04-15,1910.0,1938.0,1900.5,1902.0,5672
2025-04-16,1902.0,1917.0,1888.5,1904.0,4481
2025-04-17,1905.5,1930.0,1902.0,1925.0,3616
2025-04-22,1925.0,1944.0,1915.0,1915.0,4619
2025-04-23,1929.0,1950.0,1923.5,1948.0,3816
2025-04-24,1948.0,1964.0,1932.0,1958.5,5376
2025-04-25,1961.5,1965.0,1941.0,1942.5,4557
2025-04-28,1948.0,1978.5,1942.0,1975.5,6563
2025-04-29,1975.5,1982.5,1962.0,1974.5,4089
2025-04-30,1983.0,1983.0,1944.0,1944.5,6602
2025-05-01,1944.5,1969.5,1938.5,1956.5,4867
2025-05-02,1954.5,1971.0,1930.0,1931.0,5625
2025-05-06,1939.0,1954.5,1917.0,1918.0,8657
2025-05-07,1918.0,1961.0,1915.0,1953.0,8200
2025-05-08,1953.0,1958.0,1932.5,1952.0,4818
2025-05-09,1952.5,1985.5,1948.5,1982.5,6945
2025-05-12,1982.5,2003.0,1963.0,1965.5,7910
2025-05-13,1973.5,1997.0,1970.0,1991.0,6450
2025-05-14,1991.0,2004.0,1975.0,1991.5,7702
2025-05-15,1994.0,2005.0,1977.0,2001.5,6132
2025-05-16,2001.5,2007.0,1982.5,2003.5,6343
2025-05-19,1997.0,2009.0,1957.0,1963.0,7086
2025-05-20,1965.0,1994.5,1961.5,1984.0,6999
2025-05-21,1984.0,1994.0,1955.0,1976.0,6486
2025-05-22,1975.0,1977.0,1947.5,1964.0,6838
2025-05-23,1971.5,1994.5,1970.0,1992.0,6779
2025-05-27,1987.0,1994.0,1973.5,1987.5,4406
2025-05-28,1985.5,1988.5,1974.0,1975.0,4979
2025-05-29,1975.0,1993.0,1958.0,1960.0,5647
2025-05-30,1962.0,1965.0,1942.0,1962.0,6795
2025-06-02,1967.0,1985.0,1963.5,1980.0,4832
2025-06-03,1978.5,1986.5,1959.5,1983.5,4904
2025-06-04,1985.0,1994.5,1979.5,1984.0,5877
2025-06-05,1983.5,1989.5,1975.0,1979.0,4290
2025-06-06,1982.0,1993.0,1973.5,1974.0,4573
2025-06-09,1977.5,1993.5,1973.5,1988.0,4849
2025-06-10,1989.0,1995.0,1976.5,1985.0,5384
2025-06-11,1982.0,1995.0,1978.5,1991.0,5144
2025-06-12,1988.5,1999.5,1983.0,1992.0,3897
2025-06-13,1994.5,2000.0,1983.0,1990.0,5228
2025-06-16,1985.0,2016.0,1984.0,2006.5,6477
2025-06-17,2006.5,2008.0,1975.0,1975.5,8678
2025-06-18,1983.0,1996.0,1971.0,1987.5,4961
2025-06-19,1989.5,1998.0,1983.5,1988.0,3689
2025-06-20,1991.5,1995.5,1978.0,1994.0,3859
2025-06-23,1992.5,2010.5,1989.5,2007.0,5335
2025-06-24,2003.5,2029.0,2000.0,2012.0,8856
2025-06-25,2018.0,2049.0,2016.5,2031.5,8548
2025-06-26,2032.0,2049.5,2032.0,2038.5,5986
2025-06-27,2041.0,2046.0,2026.0,2040.0,5491
2025-06-30,2040.0,2053.5,2036.0,2038.0,5392
2025-07-01,2043.0,2051.5,2036.0,2039.0,5221
2025-07-02,2041.0,2065.0,2034.5,2061.0,6249
2025-07-03,2061.0,2073.0,2057.0,2062.0,5309
2025-07-04,2060.0,2067.5,2052.0,2057.0,3591
2025-07-07,2057.0,2058.0,2031.0,2036.0,4311
2025-07-08,2038.0,2062.0,2030.5,2042.0,5406
2025-07-09,2043.5,2059.5,2036.0,2056.5,4839
2025-07-10,2055.0,2071.5,2032.5,2036.0,7168
2025-07-11,2038.0,2038.0,2016.0,2017.0,6438
2025-07-14,2017.0,2023.0,2001.0,2004.0,7032
2025-07-15,2008.5,2009.0,1985.0,2001.0,8131
2025-07-16,1999.0,2005.0,1974.5,1976.0,8625
2025-07-17,1975.5,1980.5,1967.0,1976.0,8671
2025-07-18,1970.5,2014.0,1970.5,2011.0,10040
2025-07-21,2010.0,2017.5,1994.0,2013.5,6485
2025-07-22,2012.5,2018.0,1994.0,2013.5,5864
2025-07-23,2013.0,2036.0,2000.5,2028.0,8284
2025-07-24,2029.0,2042.0,2018.0,2020.5,6358
2025-07-25,2020.5,2041.5,2011.5,2020.0,5381
2025-07-28,2020.0,2038.0,2014.0,2017.5,5307
2025-07-29,2024.5,2024.5,2007.0,2019.0,4282
2025-07-30,2019.0,2021.0,1989.0,1990.5,5546
2025-07-31,1990.0,1996.0,1963.0,1969.0,10982
2025-08-01,1970.0,1981.0,1961.0,1972.5,8980
2025-08-04,1974.0,1977.5,1956.0,1961.0,7078
2025-08-05,1962.5,1979.5,1958.0,1973.5,6919
2025-08-06,1976.5,2002.5,1975.5,1996.0,8827
2025-08-07,1996.0,2011.0,1996.0,2006.5,5826
2025-08-08,2006.5,2014.5,1994.0,2001.5,5395
2025-08-11,2003.0,2014.0,1995.0,1997.5,4105
2025-08-12,2000.5,2019.0,1996.5,2014.0,5865
2025-08-13,2013.5,2019.0,1983.5,1987.5,4694
2025-08-14,1988.0,1996.5,1980.0,1990.0,5289
2025-08-15,1990.0,1997.5,1980.5,1981.5,3878
2025-08-18,1982.5,1985.0,1968.0,1974.0,6048
2025-08-19,1977.0,1988.5,1967.5,1973.5,6347
2025-08-20,1972.5,1983.5,1965.0,1980.0,4768
2025-08-21,1978.5,1983.5,1967.0,1970.0,3414
2025-08-22,1975.0,1998.0,1970.0,1990.5,5362
2025-08-26,1988.5,2005.5,1983.5,1987.0,6691
2025-08-27,1988.0,1995.5,1982.5,1984.0,3889
2025-08-28,1985.5,1996.5,1982.0,1986.5,3935
2025-08-29,1986.0,1998.0,1982.5,1995.0,5948
2025-09-01,1995.0,2007.0,1986.0,2002.5,3465
2025-09-02,2003.5,2007.0,1984.5,1997.0,5559
2025-09-03,1996.0,2007.0,1992.0,1994.0,3791
2025-09-04,1991.0,1999.5,1984.0,1988.0,4630
2025-09-05,1989.5,2004.0,1982.0,1988.0,5640
2025-09-08,1989.5,1999.5,1985.0,1990.0,3467
2025-09-09,1990.0,1992.5,1975.0,1975.5,4481
2025-09-10,1980.0,1989.5,1972.0,1987.0,6372
2025-09-11,1986.5,1997.0,1983.0,1993.5,4491
2025-09-12,1993.0,2020.0,1991.5,2017.0,6495
2025-09-15,2015.0,2017.5,1999.0,2001.5,5645
2025-09-16,2005.0,2011.5,1991.0,2005.5,5228
2025-09-17,2004.0,2014.5,1995.0,2005.0,6004
2025-09-18,2008.5,2015.0,2001.0,2002.5,5198
2025-09-19,2002.5,2012.0,1994.5,2000.0,3767
2025-09-22,1999.0,2003.5,1991.5,1997.0,3611
2025-09-23,1997.0,2005.0,1984.5,1999.0,4783
2025-09-24,2000.0,2009.0,1997.5,2002.5,4822
2025-09-25,1998.0,2018.0,1997.5,2009.0,6874
2025-09-26,2008.0,2012.0,1999.0,2001.0,5011
2025-09-29,2003.5,2003.5,1988.0,1995.5,6212
2025-09-30,1998.0,2001.0,1983.0,1985.5,5812
2025-10-01,1985.5,2016.0,1985.5,2012.5,8781
2025-10-02,2011.0,2029.0,2007.0,2018.0,9132
2025-10-03,2018.0,2035.0,2010.5,2014.5,7598
2025-10-06,2018.0,2019.5,2001.0,2002.0,5583
2025-10-07,2000.0,2016.5,1996.5,2006.0,5167
2025-10-08,2010.0,2013.5,1998.5,2000.5,3720
2025-10-09,2002.5,2034.0,1999.5,2020.0,11987
2025-10-10,2020.0,2046.0,2010.0,2045.0,13939
2025-10-13,2017.5,2023.0,1985.5,1993.5,8223
2025-10-14,1994.0,1998.0,1975.0,1977.5,9388
2025-10-15,1979.5,1997.5,1978.0,1984.0,4671
2025-10-16,1983.5,1990.5,1963.0,1970.5,6878
2025-10-17,1970.0,1986.5,1967.0,1971.0,6003
2025-10-20,1972.5,1994.0,1971.5,1991.0,6203
2025-10-21,1991.0,1996.0,1982.0,1991.5,4548
2025-10-22,1991.0,1998.0,1987.5,1992.5,3966
2025-10-23,1993.0,2013.0,1991.0,2010.5,8564
2025-10-24,2012.0,2020.0,2006.0,2014.0,5165
2025-10-27,2014.0,2026.5,2011.0,2023.5,5745
2025-10-28,2023.5,2027.0,2010.5,2024.0,5901
2025-10-29,2023.0,2034.5,2018.5,2019.0,6199
2025-10-30,2023.0,2033.0,2019.0,2021.5,4729
2025-10-31,2022.5,2025.0,2010.0,2023.0,5472
2025-11-03,2018.5,2031.0,2017.5,2028.0,6722
2025-11-04,2028.0,2032.5,2016.5,2021.0,6826
2025-11-05,2022.0,2035.0,2017.0,2017.5,6450
2025-11-06,2019.5,2039.0,2015.0,2037.0,7183
2025-11-07,2037.0,2056.0,2029.5,2044.0,10443
2025-11-10,2046.0,2064.0,2043.0,2056.0,9408
2025-11-11,2056.0,2067.5,2047.0,2065.5,8374
2025-11-12,2067.5,2097.0,2062.5,2090.0,11294
2025-11-13,2090.0,2093.5,2073.5,2075.0,9377
2025-11-14,2074.5,2079.5,2059.0,2064.0,7822
2025-11-17,2060.5,2063.0,2035.0,2038.5,9020
2025-11-18,2039.0,2043.5,2022.0,2025.5,8517
2025-11-19,2025.0,2027.5,2013.5,2014.5,7863
2025-11-20,2020.0,2022.0,2005.0,2005.0,6267
2025-11-21,2005.0,2013.0,1980.0,1987.5,12148
2025-11-24,1993.0,1997.0,1980.5,1991.0,7991
2025-11-25,1988.5,1993.5,1979.0,1979.5,7904
2025-11-26,1981.5,1989.0,1973.5,1974.0,8237
2025-11-27,1976.5,1988.0,1973.5,1983.5,5337
2025-11-28,1983.0,1996.5,1977.0,1979.5,5358
2025-12-01,1986.0,2008.0,1975.0,1999.5,10696
2025-12-02,1990.5,2009.5,1988.0,1992.0,5281
2025-12-03,1999.0,2010.0,1995.0,1996.5,5843
2025-12-04,1998.0,2019.5,1995.5,2014.5,5759
2025-12-05,2015.0,2022.5,2000.5,2008.5,6801
2025-12-08,2008.0,2016.0,1996.0,1996.5,5626
2025-12-09,1996.5,2004.0,1975.0,1976.0,6804
2025-12-10,1983.0,1989.5,1978.5,1979.0,5988
2025-12-11,1987.5,1996.0,1981.5,1983.5,4950
2025-12-12,1983.5,1987.5,1965.0,1966.0,6155
2025-12-15,1966.0,1973.0,1939.0,1945.5,9180
2025-12-16,1946.5,1951.0,1937.5,1942.0,7391
2025-12-17,1945.0,1968.0,1938.0,1961.0,7241
2025-12-18,1957.0,1965.5,1951.5,1959.0,5209
2025-12-19,1965.5,1990.0,1960.5,1983.0,5945
2025-12-22,1983.0,1986.0,1965.0,1968.5,3566
2025-12-23,1971.5,1995.0,1968.5,1981.5,5625
2025-12-24,1988.5,2000.0,1988.5,1997.5,3939
2025-12-29,1997.5,2028.0,1989.0,2006.5,9294
2025-12-30,2009.5,2030.0,2007.0,2012.5,6006
2025-12-31,2011.0,2020.0,1999.0,2005.5,4320
2026-01-02,2005.5,2017.0,1994.0,1994.0,4597
2026-01-05,2008.0,2030.5,1993.0,2027.5,6987
2026-01-06,2022.0,2078.0,2022.0,2070.0,14264
2026-01-07,2073.5,2086.0,2041.5,2056.0,16268
2026-01-08,2055.0,2058.0,2016.5,2016.5,11641
2026-01-09,2021.5,2059.0,2020.0,2044.5,6722
2026-01-12,2059.0,2067.0,2047.5,2052.0,8864
2026-01-13,2052.0,2063.5,2042.5,2057.5,7067
2026-01-14,2046.5,2088.5,2046.5,2085.0,8200
2026-01-15,2086.0,2102.0,2072.5,2095.5,10709
2026-01-16,2095.5,2099.0,2036.5,2038.0,10696
2026-01-19,2038.0,2065.0,2038.0,2064.0,4744
2026-01-20,2060.0,2062.5,2024.0,2027.5,8623
2026-01-21,2029.5,2049.5,2021.0,2023.0,6155
2026-01-22,2023.0,2034.5,2012.0,2031.0,7498
2026-01-23,2031.0,2038.0,2018.0,2034.0,5211
2026-01-26,2034.0,2067.5,2023.5,2035.5,8840
2026-01-27,2035.5,2036.5,2009.0,2026.0,7807
2026-01-28,2027.5,2036.0,2016.0,2025.5,5966
2026-01-29,2027.0,2060.0,2005.5,2011.0,9699
2026-01-30,2009.5,2014.0,1980.0,1988.5,10688
2026-02-02,1995.0,2003.5,1952.5,1969.0,10766
2026-02-03,1969.0,1982.5,1961.0,1961.5,10106
2026-02-04,1965.0,1971.5,1956.0,1965.5,6945
2026-02-05,1968.5,1971.0,1952.5,1954.0,7228
2026-02-06,1952.0,1966.5,1945.0,1965.0,6092
2026-02-09,1965.0,1976.5,1948.5,1972.0,6814
2026-02-10,1974.0,1981.5,1960.5,1976.0,5030
2026-02-11,1974.5,1996.0,1974.5,1992.5,5087
2026-02-12,1996.5,1998.5,1970.0,1981.5,4664
2026-02-13,1982.5,1982.5,1956.5,1968.5,5126
2026-02-16,1962.5,1965.5,1951.0,1952.0,3525
2026-02-17,1958.5,1959.0,1943.5,1943.5,6243
2026-02-18,1952.0,1970.0,1943.5,1963.0,5458
2026-02-19,1967.5,1974.0,1952.5,1953.0,4748
2026-02-20,1953.0,1968.5,1946.0,1963.5,8359
2026-02-23,1963.5,1968.5,1949.5,1952.0,3362
2026-02-24,1957.0,1976.0,1950.5,1958.0,6398
2026-02-25,1958.0,1996.0,1957.0,1993.0,8790
2026-02-26,1993.0,1994.5,1972.0,1978.0,6235
2026-02-27,1977.5,1990.5,1958.0,1960.0,5513
2026-03-02,1962.0,1981.5,1956.0,1960.5,8649
2026-03-03,1967.5,1976.0,1927.0,1935.5,10316
2026-03-04,1937.0,1964.5,1935.5,1959.5,9371
2026-03-05,1960.5,1963.0,1937.0,1942.5,6934
2026-03-06,1945.0,1955.0,1937.0,1946.0,7481
2026-03-09,1940.0,1942.0,1927.5,1931.0,5836
2026-03-10,1934.5,1946.0,1930.0,1941.5,6580
2026-03-11,1940.5,1949.0,1932.5,1937.0,4252
2026-03-12,1937.0,1945.5,1932.0,1937.5,4181
2026-03-13,1938.0,1938.5,1890.0,1902.0,7597
2026-03-16,1905.0,1926.0,1883.0,1922.5,6545
2026-03-17,1922.5,1932.0,1913.0,1924.5,7740
2026-03-18,1924.5,1938.0,1906.0,1913.0,5346
2026-03-19,1911.0,1915.5,1872.5,1896.0,10351
2026-03-20,1893.0,1908.0,1880.0,1889.0,7227
2026-03-23,1889.0,1909.0,1873.5,1898.5,7519
2026-03-24,1895.5,1901.0,1885.5,1897.0,4346
2026-03-25,1909.5,1920.0,1899.0,1910.0,6236
2026-03-26,1906.5,1908.0,1883.5,1890.0,5437
2026-03-27,1892.0,1909.0,1888.0,1899.5,4421
2026-03-30,1904.5,1914.5,1894.0,1910.0,5224
2026-03-31,1908.5,1917.0,1892.5,1906.0,7877
2026-04-01,1913.0,1944.0,1907.0,1938.0,9937
2026-04-02,1931.5,1939.5,1915.0,1933.0,6979
2026-04-07,1933.0,1948.5,1924.5,1939.0,8649
2026-04-08,1944.0,1962.5,1940.0,1945.5,7771
2026-04-09,1943.0,1948.0,1921.0,1925.5,6639
2026-04-10,1926.0,1935.0,1919.5,1929.0,5385
2026-04-13,1929.0,1931.0,1913.0,1927.5,4963
2026-04-14,1927.0,1941.5,1926.5,1934.5,4476
2026-04-15,1934.5,1968.0,1934.5,1964.0,9145
2026-04-16,1964.0,1972.5,1946.0,1947.0,5952
2026-04-17,1951.0,1973.5,1948.0,1961.0,6345
2026-04-20,1961.0,1975.0,1945.0,1974.0,6654
2026-04-21,1968.0,1985.5,1956.0,1957.0,10271
2026-04-22,1959.0,1970.0,1951.0,1961.0,7065
2026-04-23,1964.5,1968.0,1945.0,1947.5,5574
2026-04-24,1950.5,1970.0,1948.5,1959.0,7015
2026-04-27,1959.0,1966.5,1947.0,1961.5,6850
2026-04-28,1961.5,1963.0,1949.5,1951.0,5318
2026-04-29,1953.0,1963.0,1945.0,1945.5,4735
2026-04-30,1945.5,1958.5,1940.5,1953.0,7184
2026-05-01,1958.0,1963.0,1943.5,1950.5,6664
2026-05-05,1948.0,1973.5,1946.5,1972.0,5537
2026-05-06,1972.0,1989.0,1969.0,1972.5,8010
2026-05-07,1977.0,1990.0,1969.0,1975.5,8527
2026-05-08,1974.0,1979.0,1958.0,1976.0,6514
2026-05-11,1977.0,1990.0,1970.5,1987.5,7244
2026-05-12,1987.0,1998.0,1972.5,1996.0,10507
2026-05-13,1996.5,2016.0,1995.5,2004.0,11736
2026-05-14,2004.0,2017.0,2001.5,2011.0,8814
2026-05-15,2013.5,2014.0,1973.0,1982.5,10528
2026-05-18,1983.5,1987.0,1976.0,1981.0,5770
2026-05-19,1983.0,1983.0,1961.0,1961.0,6647
2026-05-20,1962.0,1981.0,1961.0,1977.0,8505
2026-05-21,1977.0,2006.5,1977.0,2004.0,10278
2026-05-22,2005.0,2015.0,1995.0,2011.5,6832
2026-05-26,2011.5,2022.0,2010.0,2013.5,8042
2026-05-27,2016.0,2021.0,2000.0,2001.0,7014
2026-05-28,2001.0,2022.0,1990.5,2018.5,9017
2026-05-29,2017.0,2027.5,2010.0,2011.0,9193
2026-06-01,2015.0,2024.0,2003.0,2011.5,7071
2026-06-02,2009.5,2046.0,2008.0,2035.5,9235
2026-06-03,2038.0,2046.0,2017.0,2019.5,8338
2026-06-04,2020.0,2025.0,2007.0,2015.0,6524
2026-06-05,2015.0,2018.5,1999.0,2002.5,7111
2026-06-08,2002.5,2007.0,1985.5,1988.5,8214
2026-06-09,1991.0,2001.5,1975.0,1980.5,8423
2026-06-10,1980.5,1981.0,1960.0,1961.5,9929
2026-06-11,1960.0,1974.0,1942.0,1954.5,12426
2026-06-12,1954.5,1968.5,1947.5,1965.0,7256
2026-06-15,1965.0,1981.0,1965.0,1967.0,8336
2026-06-16,1970.0,1983.5,1962.0,1980.5,6464
2026-06-17,1979.5,1987.0,1973.0,1979.5,5424
2026-06-18,1977.0,1988.0,1964.5,1976.0,6827
2026-06-19,1979.5,1981.5,1950.0,1950.0,5563
2026-06-22,1950.0,1966.0,1948.0,1964.0,6427
2026-06-23,1963.0,1963.0,1932.5,1943.0,9580
2026-06-24,1938.0,1942.0,1910.0,1911.5,9726
2026-06-25,1916.5,1924.5,1906.0,1912.5,9731
2026-06-26,1913.0,1916.5,1901.0,1901.5,7852
2026-06-29,1901.5,1914.0,1890.0,1891.5,8779
2026-06-30,1890.5,1898.0,1871.0,1872.0,11792
2026-07-01,1870.0,1881.5,1853.0,1865.0,11466
2026-07-02,1866.0,1880.5,1858.0,1868.5,8020
2026-07-03,1870.5,1898.0,1870.5,1888.0,5199
2026-07-06,1888.0,1895.5,1878.0,1881.0,4770
2026-07-07,1882.5,1904.5,1875.0,1887.5,6039
2026-07-08,1887.5,1904.5,1885.5,1890.5,6638
2026-07-09,1889.0,1904.0,1886.5,1893.5,4941
2026-07-10,1893.5,1901.0,1886.5,1895.5,5129
2026-07-13,1892.5,1892.5,1866.5,1871.0,6638
2026-07-14,1870.5,1881.0,1851.0,1866.0,10064
2026-07-15,1866.0,1868.0,1840.0,1850.0,9125
2026-07-16,1851.0,1878.5,1850.0,1869.0,8568
2026-07-17,1869.5,1890.5,1863.5,1885.5,8440
