date,open,high,low,close,volume,open_interest
2001-02-12,1771.0,1776.0,1770.0,1775.0,72103.0,2096.0
2001-02-13,1773.0,1794.0,1771.0,1791.5,54823.0,1797.0
2001-02-14,1782.0,1783.0,1775.0,1780.0,41877.0,1517.0
2001-02-15,1795.0,1804.0,1795.0,1799.0,53969.0,5598.0
2001-02-16,1805.0,1805.0,1789.0,1794.0,39921.0,5445.0
2001-02-19,1785.0,1788.0,1779.0,1780.5,64555.0,1198.0
2001-02-20,1777.0,1783.0,1775.0,1780.0,48018.0,1248.0
2001-02-21,1774.0,1776.0,1758.0,1761.0,59851.0,1247.0
2001-02-22,1756.0,1758.0,1752.0,1753.0,67851.0,6217.0
2001-02-23,1758.0,1763.0,1733.0,1745.0,63397.0,2066.0
2001-02-26,1748.5,1765.0,1748.0,1764.0,69685.0,8833.0
2001-02-27,1762.0,1762.0,1754.0,1761.0,83489.0,1144.0
2001-02-28,1752.0,1774.0,1751.0,1774.0,70.0,2088.0
2001-03-01,1770.0,1787.0,1770.0,1787.0,80.0,1270.0
2001-03-02,1792.0,1792.0,1790.0,1790.0,30.0,2016.0
2001-03-05,1793.0,1808.0,1792.0,1807.0,220.0,4145.0
2001-03-06,1827.0,1836.0,1827.0,1834.0,110.0,96682.0
2001-03-07,1831.0,1831.0,1821.0,1821.0,80.0,4634.0
2001-03-08,1816.0,1816.0,1797.0,1797.0,70.0,4089.0
2001-03-09,1796.0,1810.0,1795.0,1810.0,170.0,3193.0
2001-03-12,1803.0,1807.0,1794.0,1799.0,90.0,1988.0
2001-03-13,1792.0,1792.0,1780.0,1782.0,260.0,5230.0
2001-03-14,1789.0,1789.0,1765.0,1766.0,290.0,2166.0
2001-03-15,1770.0,1774.0,1765.0,1767.0,360.0,5617.0
2001-03-16,1768.0,1768.0,1735.0,1735.0,190.0,3588.0
2001-03-19,1723.0,1740.0,1723.0,1740.0,240.0,1936.0
2001-03-20,1745.0,1753.0,1743.5,1751.0,310.0,104963.0
2001-03-21,1736.0,1740.0,1731.0,1734.0,140.0,76730.0
2001-03-22,1735.0,1735.0,1713.0,1713.0,270.0,82211.0
2001-03-23,1723.0,1724.0,1717.0,1717.0,200.0,73034.0
2001-03-26,1727.0,1736.0,1720.0,1720.0,230.0,68848.0
2001-03-27,1710.0,1736.0,1710.0,1736.0,180.0,65798.0
2001-03-28,1731.0,1732.0,1700.0,1700.0,210.0,84561.0
2001-03-29,1691.0,1694.0,1689.0,1691.0,150.0,86178.0
2001-03-30,1702.0,1702.0,1689.0,1689.0,80.0,92826.0
2001-04-02,1682.0,1780.0,1673.5,1673.5,110.0,72287.0
2001-04-03,1677.0,1680.0,1672.0,1677.0,90.0,56616.0
2001-04-04,1683.0,1694.0,1681.0,1685.0,270.0,39366.0
2001-04-05,1690.0,1699.0,1690.0,1697.0,200.0,66795.0
2001-04-06,1697.0,1697.0,1664.0,1664.0,120.0,71002.0
2001-04-09,1660.0,1677.0,1654.0,1677.0,160.0,76799.0
2001-04-10,1683.0,1707.0,1677.5,1699.0,280.0,70336.0
2001-04-11,1796.0,1796.0,1690.0,1690.0,210.0,93101.0
2001-04-12,1696.0,1696.0,1683.0,1683.0,90.0,96030.0
2001-04-16,1694.0,1697.0,1694.0,1695.0,130.0,72436.0
2001-04-17,1699.0,1699.0,1691.0,1693.0,40.0,77535.0
2001-04-18,1696.0,1725.0,1694.0,1725.0,220.0,72806.0
2001-04-19,1728.0,1728.0,1721.0,1721.0,60.0,66820.0
2001-04-20,1710.0,1714.0,1705.0,1711.0,290.0,48854.0
2001-04-23,1710.0,1714.0,1689.0,1689.0,120.0,194062.0
2001-04-24,1682.0,1690.0,1675.0,1679.0,550.0,194062.0
2001-04-25,1680.0,1700.0,1676.0,1700.0,220.0,194468.0
2001-04-26,1695.0,1704.0,1685.0,1685.0,110.0,194274.0
2001-04-27,1685.0,1692.0,1684.0,1690.25,60.0,195967.0
2001-04-30,1685.0,1692.0,1680.0,1692.0,160.0,201479.0
2001-05-01,1695.0,1708.0,1694.0,1704.0,210.0,201479.0
2001-05-02,1709.0,1731.0,1709.0,1730.0,170.0,201479.0
2001-05-03,1731.0,1743.0,1720.0,1720.0,260.0,201479.0
2001-05-04,1720.0,1723.0,1708.0,1708.0,170.0,201479.0
2001-05-07,1715.0,1717.0,1708.0,1710.0,0.0,0.0
2001-05-08,1717.0,1717.0,1685.0,1688.0,230.0,201479.0
2001-05-09,1687.0,1687.0,1675.0,1675.0,330.0,201479.0
2001-05-10,1681.0,1687.0,1672.0,1672.0,180.0,212358.0
2001-05-11,1670.0,1675.0,1666.0,1670.0,130.0,201479.0
2001-05-14,1681.0,1683.0,1663.0,1663.0,80.0,201479.0
2001-05-15,1667.0,1667.0,1661.0,1661.0,60.0,216418.0
2001-05-16,1663.0,1666.0,1658.0,1658.0,50.0,204348.0
2001-05-17,1675.0,1695.0,1673.0,1695.0,90.0,209497.0
2001-05-18,1696.0,1724.0,1693.0,1724.0,190.0,207435.0
2001-05-21,1741.0,1756.0,1737.0,1756.0,290.0,209497.0
2001-05-22,1743.0,1747.0,1743.0,1746.5,140.0,210931.0
2001-05-23,1728.0,1728.0,1723.0,1723.0,50.0,59351.0
2001-05-24,1728.0,1748.0,1728.0,1748.0,80.0,53968.0
2001-05-25,1737.0,1739.0,1737.0,1739.0,50.0,52179.0
2001-05-29,1733.0,1733.0,1725.0,1725.0,40.0,50255.0
2001-05-30,1697.0,1701.0,1690.0,1690.0,30.0,205529.0
2001-05-31,1690.0,1770.0,1675.0,1675.0,50.0,205529.0
2001-06-01,1677.0,1678.0,1672.0,1672.0,60.0,205529.0
2001-06-04,1671.0,1671.0,1657.0,1657.0,70.0,210493.0
2001-06-05,1669.0,1685.0,1666.5,1685.0,260.0,164903.0
2001-06-06,1687.0,1687.0,1680.0,1680.0,40.0,209969.0
2001-06-07,1676.0,1676.0,1669.0,1671.0,80.0,209159.0
2001-06-08,1662.0,1662.0,1631.0,1646.0,230.0,207956.0
2001-06-11,1635.0,1635.0,1630.0,1630.0,110.0,207956.0
2001-06-12,1631.0,1633.0,1625.5,1625.5,80.0,210119.0
2001-06-13,1624.0,1624.0,1612.0,1612.0,70.0,68722.0
2001-06-14,1616.0,1629.0,1613.0,1629.0,50.0,214134.0
2001-06-15,1622.0,1622.0,1605.0,1605.0,170.0,213459.0
2001-06-18,1599.0,1604.0,1593.0,1604.0,80.0,213459.0
2001-06-19,1611.5,1616.0,1611.5,1616.0,60.0,213057.0
2001-06-20,1609.0,1609.0,1606.0,1607.0,50.0,199069.0
2001-06-21,1600.0,1601.0,1600.0,1601.0,20.0,201873.0
2001-06-22,1596.5,1603.0,1596.5,1603.0,50.0,202627.0
2001-06-25,1594.0,1601.0,1584.0,1589.0,78.0,207691.0
2001-06-26,1588.0,1600.0,1582.0,1600.0,50.0,205741.0
2001-06-27,1603.0,1612.0,1597.0,1607.0,180.0,210620.0
2001-06-28,1600.0,1600.0,1556.0,1583.0,59.0,209209.0
2001-06-29,1572.0,1575.0,1572.0,1575.0,60.0,208729.0
2001-07-02,1562.0,1584.0,1560.0,1584.0,40.0,209525.0
2001-07-03,1583.0,1583.0,1580.0,1580.0,30.0,210508.0
2001-07-04,1574.0,1575.0,1574.0,1575.0,30.0,210508.0
2001-07-05,1572.5,1572.5,1570.0,1570.0,50.0,51755.0
2001-07-06,1555.0,1560.0,1552.5,1560.0,140.0,56372.0
2001-07-09,1560.0,1564.0,1560.0,1562.0,80.0,52885.0
2001-07-10,1567.0,1567.0,1566.0,1566.0,20.0,52885.0
2001-07-11,1578.5,1578.5,1574.0,1574.0,100.0,204266.0
2001-07-12,1571.0,1571.0,1561.0,1561.0,60.0,49581.0
2001-07-13,1555.0,1557.0,1551.5,1551.5,350.0,52401.0
2001-07-16,1555.0,1557.5,1549.0,1557.5,170.0,65468.0
2001-07-17,1558.0,1579.0,1554.0,1578.0,170.0,110069.0
2001-07-18,1580.0,1583.0,1554.5,1557.0,420.0,184161.0
2001-07-19,1556.0,1558.0,1538.0,1538.0,385.0,189254.0
2001-07-20,1539.0,1549.0,1535.5,1541.0,280.0,186844.0
2001-07-23,1536.0,1536.0,1510.0,1512.5,550.0,186844.0
2001-07-24,1516.0,1520.0,1515.0,1520.0,290.0,184243.0
2001-07-25,1501.5,1502.5,1496.0,1502.0,280.0,79758.0
2001-07-26,1507.0,1511.0,1503.0,1510.0,110.0,90586.0
2001-07-27,1514.0,1515.0,1495.0,1496.0,185.0,189024.0
2001-07-30,1494.0,1504.0,1494.0,1496.0,75.0,79646.0
2001-07-31,1496.0,1505.0,1491.0,1500.0,260.0,68319.0
2001-08-01,1496.0,1502.0,1480.0,1500.0,315.0,82414.0
2001-08-02,1513.0,1517.0,1510.0,1510.0,345.0,179510.0
2001-08-03,1500.0,1501.75,1490.0,1492.0,95.0,179510.0
2001-08-06,1491.0,1491.0,1481.0,1485.0,140.0,41430.0
2001-08-07,1479.0,1480.0,1470.0,1477.0,150.0,185352.0
2001-08-08,1473.0,1473.0,1464.0,1465.0,160.0,183970.0
2001-08-09,1460.0,1474.0,1454.0,1474.0,140.0,183209.0
2001-08-10,1472.0,1474.0,1463.0,1463.0,150.0,182078.0
2001-08-13,1456.0,1459.0,1456.0,1459.0,105.0,182829.0
2001-08-14,1454.0,1468.0,1448.0,1468.0,35.0,172157.0
2001-08-15,1472.0,1473.0,1463.0,1463.0,55.0,175650.0
2001-08-16,1462.0,1477.0,1460.0,1477.0,180.0,175763.0
2001-08-17,1487.0,1518.0,1486.0,1518.0,405.0,175763.0
2001-08-20,1518.5,1518.5,1512.0,1516.0,235.0,175763.0
2001-08-21,1492.5,1492.5,1480.0,1480.0,320.0,175763.0
2001-08-22,1487.0,1501.0,1487.0,1496.0,215.0,175763.0
2001-08-23,1507.0,1518.0,1507.0,1514.0,320.0,175763.0
2001-08-24,1504.0,1517.0,1496.0,1514.0,180.0,175763.0
2001-08-28,1531.0,1534.0,1524.0,1524.0,150.0,175763.0
2001-08-29,1513.0,1534.0,1513.0,1532.0,240.0,175763.0
2001-08-30,1529.0,1529.0,1500.0,1501.0,165.0,175763.0
2001-08-31,1500.0,1508.0,1498.0,1508.0,115.0,53096.0
2001-09-03,1496.0,1496.0,1479.0,1479.0,120.0,62437.0
2001-09-04,1476.0,1486.0,1474.0,1486.0,310.0,53274.0
2001-09-05,1482.0,1485.0,1475.0,1479.0,250.0,66246.0
2001-09-06,1480.0,1480.0,1393.0,1455.0,755.0,80248.0
2001-09-07,1458.0,1459.0,1452.0,1452.0,485.0,6099.0
2001-09-10,1445.0,1446.0,1437.0,1441.0,220.0,2433.0
2001-09-11,1443.0,1512.0,1439.0,1470.0,266.0,478.0
2001-09-12,1460.0,1463.0,1440.0,1444.0,307.0,1268.0
2001-09-13,1446.0,1446.0,1400.0,1444.0,264.0,1828.0
2001-09-14,1434.0,1462.0,1434.0,1462.0,139.0,159128.0
2001-09-17,1454.0,1457.0,1437.0,1437.0,198.0,153361.0
2001-09-18,1447.0,1456.0,1443.0,1444.0,964.0,144706.0
2001-09-19,1444.0,1444.0,1433.0,1435.0,281.0,144706.0
2001-09-20,1434.0,1435.0,1424.0,1435.0,443.0,124931.0
2001-09-21,1447.0,1452.0,1434.0,1448.0,428.0,124602.0
2001-09-24,1454.0,1457.0,1444.0,1451.0,383.0,128931.0
2001-09-25,1446.0,1446.0,1435.0,1435.0,168.0,129617.0
2001-09-26,1440.0,1450.0,1440.0,1445.0,240.0,123944.0
2001-09-27,1448.0,1449.0,1443.0,1445.0,171.0,130064.0
2001-09-28,1450.0,1451.0,1434.0,1435.5,185.0,130159.0
2001-10-01,1431.0,1431.75,1421.0,1430.0,248.0,3483.0
2001-10-02,1427.0,1432.5,1424.0,1432.5,158.0,4442.0
2001-10-03,1424.0,1425.0,1408.0,1408.0,261.0,4251.0
2001-10-04,1413.5,1416.0,1413.0,1416.0,289.0,6978.0
2001-10-05,1414.5,1416.0,1403.0,1405.0,159.0,181853.0
2001-10-08,1418.0,1418.0,1410.0,1414.0,190.0,184069.0
2001-10-09,1409.0,1409.0,1400.0,1408.0,272.0,180520.0
2001-10-10,1406.0,1406.0,1400.0,1404.0,54.0,182000.0
2001-10-11,1398.0,1406.5,1396.0,1404.5,409.0,185728.0
2001-10-12,1407.0,1418.0,1402.0,1404.0,323.0,186754.0
2001-10-15,1402.0,1406.0,1400.0,1402.0,334.0,184890.0
2001-10-16,1401.0,1419.0,1401.0,1414.0,381.0,168824.0
2001-10-17,1415.0,1423.0,1407.0,1407.0,467.0,182853.0
2001-10-18,1406.0,1406.0,1391.0,1392.0,778.0,182102.0
2001-10-19,1387.0,1388.0,1373.0,1373.0,722.0,182102.0
2001-10-22,1367.0,1377.0,1364.0,1375.0,176.0,181853.0
2001-10-23,1376.0,1411.0,1376.0,1393.0,237.0,181853.0
2001-10-24,1385.0,1388.0,1370.0,1370.0,138.0,181853.0
2001-10-25,1376.0,1379.0,1374.5,1378.0,180.0,191824.0
2001-10-26,1387.0,1396.0,1387.0,1393.0,109.0,181853.0
2001-10-29,1389.0,1389.0,1377.0,1385.0,64.0,2719.0
2001-10-30,1385.0,1395.0,1381.0,1395.0,275.0,191117.0
2001-10-31,1391.0,1391.0,1367.0,1373.0,323.0,190073.0
2001-11-01,1365.0,1374.0,1362.5,1362.5,212.0,189054.0
2001-11-02,1361.0,1363.5,1353.0,1353.0,236.0,192003.0
2001-11-05,1355.0,1358.0,1353.0,1358.0,75.0,194074.0
2001-11-06,1363.0,1368.0,1360.0,1360.0,214.0,192905.0
2001-11-07,1356.0,1357.0,1336.0,1338.0,528.0,194099.0
2001-11-08,1343.0,1366.0,1341.5,1356.0,218.0,194099.0
2001-11-09,1361.0,1405.0,1357.0,1404.0,518.0,194099.0
2001-11-12,1403.0,1438.0,1403.0,1435.0,423.0,197952.0
2001-11-13,1424.0,1490.0,1424.0,1478.0,519.0,198446.0
2001-11-14,1491.0,1499.0,1470.0,1477.0,735.0,195580.0
2001-11-15,1462.0,1476.0,1462.0,1467.0,220.0,195580.0
2001-11-16,1465.0,1495.0,1465.0,1495.0,647.0,195580.0
2001-11-19,1508.0,1530.0,1496.0,1498.0,382.0,195580.0
2001-11-20,1481.5,1489.0,1473.0,1477.0,277.0,195580.0
2001-11-21,1474.0,1490.0,1472.0,1487.0,209.0,195580.0
2001-11-22,1485.0,1485.0,1478.0,1480.0,154.0,195580.0
2001-11-23,1466.0,1477.0,1466.0,1473.5,302.0,195580.0
2001-11-26,1481.0,1520.0,1481.0,1513.0,263.0,15140.0
2001-11-27,1530.0,1556.0,1530.0,1550.0,843.0,197259.0
2001-11-28,1551.0,1555.0,1530.0,1549.0,277.0,197259.0
2001-11-29,1567.0,1573.0,1548.0,1569.0,386.0,199953.0
2001-11-30,1567.0,1588.0,1548.0,1581.0,477.0,199498.0
2001-12-03,1569.0,1571.0,1442.0,1542.0,652.0,199498.0
2001-12-04,1530.0,1538.0,1525.0,1536.0,477.0,199498.0
2001-12-05,1532.0,1532.0,1506.0,1524.0,730.0,199498.0
2001-12-06,1533.0,1538.0,1509.0,1509.0,249.0,199498.0
2001-12-07,1508.0,1518.0,1486.0,1490.0,240.0,199498.0
2001-12-10,1492.0,1492.0,1481.0,1488.0,252.0,245626.0
2001-12-11,1494.0,1502.0,1487.0,1500.0,128.0,204720.0
2001-12-12,1502.0,1504.0,1475.0,1475.0,281.0,204828.0
2001-12-13,1477.0,1477.0,1465.0,1472.0,372.0,204627.0
2001-12-14,1475.0,1475.0,1469.0,1472.0,141.0,207653.0
2001-12-17,1472.0,1472.0,1466.0,1468.0,95.0,206724.0
2001-12-18,1494.0,1497.0,1489.0,1496.0,164.0,206401.0
2001-12-19,1506.0,1508.0,1473.0,1481.0,106.0,202089.0
2001-12-20,1491.0,1491.0,1486.0,1486.0,185.0,192806.0
2001-12-21,1474.0,1483.0,1469.0,1483.0,259.0,193136.0
2001-12-24,1485.0,1492.0,1483.0,1492.0,167.0,189786.0
2001-12-27,1501.0,1506.0,1493.0,1493.0,112.0,189786.0
2001-12-28,1490.0,1490.0,1484.0,1485.0,93.0,193838.0
2001-12-31,1477.0,1477.0,1477.0,1477.0,580.0,194039.0
2002-01-02,1460.0,1460.0,1438.5,1440.0,952.0,194039.0
2002-01-03,1441.0,1453.0,1435.0,1451.0,476.0,194039.0
2002-01-04,1455.0,1474.0,1455.0,1473.0,378.0,194039.0
2002-01-07,1483.0,1554.0,1483.0,1554.0,583.0,197236.0
2002-01-08,1568.0,1570.0,1546.0,1547.0,283.0,199405.0
2002-01-09,1535.0,1576.0,1535.0,1562.0,263.0,201199.0
2002-01-10,1556.0,1569.0,1537.0,1538.0,290.0,201199.0
2002-01-11,1543.0,1550.0,1535.0,1545.0,319.0,202420.0
2002-01-14,1543.0,1561.0,1538.0,1538.0,199.0,204694.0
2002-01-15,1554.0,1560.0,1538.0,1542.0,202.0,207682.0
2002-01-16,1537.0,1555.0,1529.0,1551.0,511.0,207573.0
2002-01-17,1548.0,1551.0,1542.0,1545.0,218.0,195487.0
2002-01-18,1544.0,1546.0,1528.0,1528.0,279.0,198516.0
2002-01-21,1530.0,1532.0,1524.0,1532.0,158.0,193778.0
2002-01-22,1536.0,1537.0,1520.0,1537.0,501.0,195731.0
2002-01-23,1537.0,1553.0,1528.0,1549.0,497.0,193851.0
2002-01-24,1550.0,1566.0,1547.0,1564.0,721.0,195491.0
2002-01-25,1562.0,1571.0,1549.0,1553.0,246.0,195931.0
2002-01-28,1545.0,1548.0,1530.5,1530.5,676.0,197671.0
2002-01-29,1533.0,1534.0,1524.0,1528.0,535.0,198845.0
2002-01-30,1529.0,1529.0,1523.0,1528.0,501.0,199516.0
2002-01-31,1537.0,1597.0,1534.0,1593.0,693.0,198633.0
2002-02-01,1596.0,1617.0,1596.0,1603.0,1064.0,198700.0
2002-02-04,1597.0,1609.0,1589.0,1589.0,686.0,198700.0
2002-02-05,1590.0,1599.0,1588.0,1599.0,310.0,206444.0
2002-02-06,1606.0,1606.0,1583.0,1589.0,579.0,206237.0
2002-02-07,1588.0,1605.0,1585.0,1605.0,441.0,204192.0
2002-02-08,1600.0,1613.0,1595.0,1597.0,599.0,202009.0
2002-02-11,1596.0,1596.0,1587.0,1587.0,205.0,202009.0
2002-02-12,1590.0,1595.0,1585.0,1594.0,366.0,202009.0
2002-02-13,1598.0,1636.0,1598.0,1636.0,770.0,202009.0
2002-02-14,1632.0,1637.0,1622.0,1622.0,555.0,202009.0
2002-02-15,1621.0,1622.0,1605.0,1605.0,237.0,202009.0
2002-02-18,1600.0,1600.0,1590.0,1593.0,400.0,202009.0
2002-02-19,1591.0,1591.0,1555.0,1557.0,564.0,207625.0
2002-02-20,1557.0,1564.0,1545.0,1556.0,339.0,157080.0
2002-02-21,1563.0,1570.0,1557.0,1570.0,375.0,204566.0
2002-02-22,1563.0,1563.0,1536.0,1543.0,505.0,203341.0
2002-02-25,1550.0,1551.0,1539.0,1550.0,374.0,202941.0
2002-02-26,1553.0,1562.0,1545.0,1547.0,249.0,202523.0
2002-02-27,1544.0,1578.0,1538.0,1577.0,481.0,201542.0
2002-02-28,1570.0,1578.0,1564.0,1564.0,364.0,197462.0
2002-03-01,1562.0,1596.5,1556.0,1596.5,352.0,198015.0
2002-03-04,1596.0,1617.0,1596.0,1610.0,312.0,198015.0
2002-03-05,1611.0,1615.0,1605.0,1605.0,169.0,149846.0
2002-03-06,1609.0,1635.0,1608.0,1620.0,521.0,198281.0
2002-03-07,1625.0,1645.0,1624.0,1633.0,425.0,198281.0
2002-03-08,1629.0,1645.0,1624.0,1632.0,520.0,198281.0
2002-03-11,1630.0,1636.0,1625.0,1626.0,184.0,198281.0
2002-03-12,1623.0,1626.0,1615.0,1615.0,372.0,198281.0
2002-03-13,1614.0,1619.0,1611.0,1611.0,327.0,198281.0
2002-03-14,1613.0,1625.0,1608.0,1623.0,249.0,203890.0
2002-03-15,1628.0,1636.0,1628.0,1634.0,108.0,204045.0
2002-03-18,1638.0,1668.0,1637.0,1663.0,584.0,203890.0
2002-03-19,1668.0,1675.0,1667.0,1674.5,639.0,205327.0
2002-03-20,1664.0,1668.0,1663.0,1665.0,220.0,207277.0
2002-03-21,1665.0,1665.0,1651.0,1652.0,285.0,205676.0
2002-03-22,1653.0,1653.0,1630.0,1632.0,500.0,206957.0
2002-03-25,1629.0,1629.0,1608.0,1608.0,564.0,210782.0
2002-03-26,1618.0,1630.0,1614.0,1622.0,677.0,211922.0
2002-03-27,1628.0,1641.0,1628.0,1638.0,136.0,212472.0
2002-03-28,1642.0,1655.0,1640.0,1655.0,307.0,211784.0
2002-03-29,1654.0,1660.0,1649.0,1656.0,696.0,211403.0
2002-04-01,1655.0,1660.0,1654.0,1655.0,606.0,211403.0
2002-04-02,1658.0,1674.0,1658.0,1665.0,314.0,211403.0
2002-04-03,1657.0,1660.0,1618.0,1623.0,1667.0,212114.0
2002-04-04,1620.0,1623.0,1600.0,1600.0,1270.0,212807.0
2002-04-05,1605.0,1616.0,1581.0,1587.0,696.0,216958.0
2002-04-08,1592.0,1594.0,1577.0,1589.0,221.0,215487.0
2002-04-09,1596.0,1597.5,1590.0,1591.5,262.0,214546.0
2002-04-10,1592.0,1592.0,1580.0,1588.0,331.0,215197.0
2002-04-11,1594.0,1602.0,1588.0,1588.0,331.0,215197.0
2002-04-12,1587.0,1587.0,1570.0,1577.0,363.0,211131.0
2002-04-15,1576.0,1580.0,1565.0,1580.0,477.0,209044.0
2002-04-16,1579.0,1600.0,1575.0,1595.0,551.0,210015.0
2002-04-17,1601.0,1615.0,1597.0,1614.0,713.0,213423.0
2002-04-18,1608.0,1614.0,1598.0,1598.0,379.0,201454.0
2002-04-19,1603.0,1614.0,1598.0,1609.0,351.0,204283.0
2002-04-22,1610.0,1635.0,1608.0,1628.0,629.0,207719.0
2002-04-23,1628.0,1638.0,1607.0,1609.0,447.0,204246.0
2002-04-24,1607.0,1617.0,1603.0,1612.0,432.0,204800.0
2002-04-25,1610.0,1616.0,1598.0,1605.5,616.0,206425.0
2002-04-26,1610.0,1618.0,1609.0,1618.0,286.0,204490.0
2002-04-29,1616.0,1637.5,1614.0,1614.0,307.0,201665.0
2002-04-30,1612.0,1617.0,1608.0,1608.5,156.0,201229.0
2002-05-01,1611.0,1614.0,1585.0,1587.0,396.0,201229.0
2002-05-02,1595.0,1600.0,1589.0,1600.0,240.0,201229.0
2002-05-03,1605.0,1606.0,1576.0,1585.0,368.0,201229.0
2002-05-06,1586.5,1587.5,1567.5,1570.0,663.0,201229.0
2002-05-07,1573.0,1593.0,1568.0,1593.0,684.0,201229.0
2002-05-08,1595.0,1608.0,1594.0,1607.5,365.0,204799.0
2002-05-09,1609.0,1616.0,1602.0,1602.0,247.0,206668.0
2002-05-10,1610.0,1614.0,1604.0,1614.0,420.0,206668.0
2002-05-13,1614.0,1615.0,1602.0,1612.0,339.0,204514.0
2002-05-14,1614.0,1630.0,1606.0,1625.0,667.0,203704.0
2002-05-15,1623.0,1627.0,1614.5,1626.0,343.0,200538.0
2002-05-16,1623.0,1624.0,1610.0,1610.0,489.0,200292.0
2002-05-17,1612.0,1612.0,1589.0,1593.0,397.0,202937.0
2002-05-20,1590.0,1593.0,1585.0,1593.0,290.0,203974.0
2002-05-21,1592.0,1597.0,1586.0,1594.0,322.0,202392.0
2002-05-22,1598.0,1606.0,1587.0,1592.0,685.0,202392.0
2002-05-23,1596.0,1613.0,1588.0,1613.0,373.0,201265.0
2002-05-24,1612.5,1625.0,1612.0,1625.0,402.0,201856.0
2002-05-27,1613.0,1619.0,1613.0,1619.0,128.0,201514.0
2002-05-28,1623.0,1654.0,1623.0,1647.0,1518.0,203320.0
2002-05-29,1656.0,1660.0,1638.5,1638.5,961.0,202773.0
2002-05-30,1639.0,1668.0,1639.0,1643.0,857.0,207205.0
2002-05-31,1646.0,1665.0,1646.0,1665.0,419.0,213019.0
2002-06-03,1662.0,1671.0,1662.0,1671.0,494.0,215855.0
2002-06-04,1676.0,1682.0,1673.0,1675.0,426.0,215855.0
2002-06-05,1703.0,1707.0,1691.0,1701.0,1186.0,215855.0
2002-06-06,1699.0,1717.0,1695.0,1695.0,997.0,213389.0
2002-06-07,1692.0,1700.0,1690.0,1694.0,321.0,224692.0
2002-06-10,1695.0,1701.0,1688.0,1701.0,354.0,226840.0
2002-06-11,1688.0,1688.0,1672.0,1672.0,638.0,224331.0
2002-06-12,1671.0,1676.0,1671.0,1671.0,329.0,223626.0
2002-06-13,1675.5,1681.0,1665.0,1674.0,914.0,225781.0
2002-06-14,1670.0,1670.0,1651.0,1670.0,579.0,223654.0
2002-06-17,1670.0,1673.0,1663.0,1668.0,884.0,224403.0
2002-06-18,1670.0,1674.0,1660.0,1671.0,438.0,223562.0
2002-06-19,1663.0,1665.0,1653.0,1665.0,640.0,221786.0
2002-06-20,1664.0,1664.0,1648.0,1652.0,398.0,215540.0
2002-06-21,1647.0,1650.0,1632.0,1637.5,823.0,215693.0
2002-06-24,1645.0,1645.0,1629.0,1634.0,1210.0,218169.0
2002-06-25,1642.0,1657.0,1634.0,1651.0,1020.0,216923.0
2002-06-26,1638.0,1657.0,1637.0,1657.0,410.0,220180.0
2002-06-27,1655.0,1669.0,1655.0,1658.0,519.0,220180.0
2002-06-28,1666.0,1688.0,1666.0,1687.0,285.0,218802.0
2002-07-01,1685.0,1693.0,1683.0,1684.0,652.0,212338.0
2002-07-02,1676.0,1680.0,1660.0,1665.0,590.0,212053.0
2002-07-03,1663.0,1664.0,1650.0,1651.0,436.0,213218.0
2002-07-04,1654.0,1657.0,1648.0,1648.0,237.0,210455.0
2002-07-05,1649.0,1667.0,1647.0,1667.0,277.0,204372.0
2002-07-08,1664.0,1666.0,1653.5,1659.0,509.0,203848.0
2002-07-09,1660.0,1667.0,1657.0,1667.0,480.0,202103.0
2002-07-10,1658.0,1668.0,1656.0,1656.0,246.0,199997.0
2002-07-11,1647.0,1648.5,1637.0,1640.0,888.0,200293.0
2002-07-12,1646.0,1650.0,1632.0,1634.0,1420.0,198443.0
2002-07-15,1629.0,1630.0,1620.0,1625.0,1304.0,199266.0
2002-07-16,1633.0,1635.0,1625.5,1632.0,814.0,195408.0
2002-07-17,1632.0,1647.0,1619.0,1619.0,1189.0,196663.0
2002-07-18,1623.0,1624.0,1612.0,1613.0,907.0,197489.0
2002-07-19,1610.0,1611.0,1586.0,1591.0,2284.0,199846.0
2002-07-22,1581.0,1581.0,1560.5,1563.0,1355.0,202373.0
2002-07-23,1566.0,1573.0,1535.0,1539.0,2326.0,207847.0
2002-07-24,1509.0,1538.0,1505.0,1538.0,1822.0,211025.0
2002-07-25,1539.0,1544.0,1515.0,1522.0,724.0,216197.0
2002-07-26,1524.0,1536.0,1522.0,1522.0,679.0,217049.0
2002-07-29,1527.0,1538.0,1527.0,1538.0,561.0,216562.0
2002-07-30,1543.0,1545.0,1521.0,1527.0,454.0,219025.0
2002-07-31,1527.0,1529.0,1505.0,1506.0,829.0,219050.0
2002-08-01,1491.0,1511.0,1490.0,1510.0,469.0,215057.0
2002-08-02,1504.0,1506.0,1498.0,1502.0,495.0,216067.0
2002-08-05,1499.5,1502.0,1475.0,1479.0,428.0,215387.0
2002-08-06,1474.0,1500.0,1470.0,1492.0,961.0,216580.0
2002-08-07,1490.0,1498.0,1486.0,1486.0,498.0,219113.0
2002-08-08,1489.0,1502.0,1484.0,1495.0,601.0,221929.0
2002-08-09,1506.0,1507.0,1493.0,1497.0,385.0,225074.0
2002-08-12,1498.0,1498.0,1484.0,1496.0,437.0,224725.0
2002-08-13,1498.0,1505.0,1487.0,1496.5,452.0,224543.0
2002-08-14,1482.0,1489.0,1476.0,1480.0,1094.0,222015.0
2002-08-15,1493.0,1521.0,1491.0,1509.0,945.0,224333.0
2002-08-16,1516.0,1520.0,1489.0,1489.0,578.0,224045.0
2002-08-19,1488.0,1497.0,1484.0,1490.0,379.0,221217.0
2002-08-20,1495.0,1507.0,1494.0,1504.0,517.0,221217.0
2002-08-21,1498.0,1512.0,1493.0,1493.0,631.0,218756.0
2002-08-22,1498.0,1511.0,1492.0,1509.0,355.0,211183.0
2002-08-23,1511.0,1517.0,1507.0,1508.0,411.0,212226.0
2002-08-26,1510.0,1526.0,1509.0,1517.0,0.0,0.0
2002-08-27,1515.0,1524.0,1508.0,1520.0,408.0,211162.0
2002-08-28,1522.0,1528.0,1512.0,1514.0,703.0,209170.0
2002-08-29,1513.0,1513.0,1503.0,1512.0,832.0,208438.0
2002-08-30,1514.0,1518.5,1511.0,1515.0,320.0,208374.0
2002-09-02,1517.0,1522.0,1510.0,1515.0,171.0,206112.0
2002-09-03,1507.0,1510.0,1484.0,1493.0,1317.0,205956.0
2002-09-04,1488.0,1496.0,1484.0,1493.0,895.0,206057.0
2002-09-05,1494.0,1495.0,1475.0,1481.0,639.0,208614.0
2002-09-06,1477.0,1494.0,1465.0,1493.0,581.0,208116.0
2002-09-09,1501.0,1525.0,1496.0,1521.5,1042.0,210148.0
2002-09-10,1519.0,1558.0,1519.0,1545.0,2215.0,210148.0
2002-09-11,1533.0,1557.0,1533.0,1541.0,819.0,209358.0
2002-09-12,1531.0,1541.0,1528.0,1539.0,770.0,210385.0
2002-09-13,1528.0,1532.0,1520.0,1527.0,1398.0,210445.0
2002-09-16,1528.0,1528.0,1504.0,1506.0,866.0,209013.0
2002-09-17,1517.0,1523.0,1498.0,1507.0,1416.0,208251.0
2002-09-18,1500.0,1502.0,1487.0,1487.0,887.0,207073.0
2002-09-19,1493.0,1495.0,1481.0,1484.0,429.0,202385.0
2002-09-20,1479.0,1495.0,1475.0,1493.5,639.0,202691.0
2002-09-23,1493.0,1495.0,1476.0,1481.0,268.0,205085.0
2002-09-24,1480.0,1482.0,1471.0,1472.0,674.0,208346.0
2002-09-25,1471.0,1486.0,1471.0,1481.0,548.0,207165.0
2002-09-26,1485.0,1493.0,1485.0,1487.0,350.0,208154.0
2002-09-27,1490.0,1492.0,1466.0,1466.0,730.0,207746.0
2002-09-30,1456.0,1460.0,1450.0,1458.0,772.0,205404.0
2002-10-01,1460.0,1471.0,1456.0,1471.0,281.0,205404.0
2002-10-02,1478.0,1487.0,1474.0,1485.0,787.0,205404.0
2002-10-03,1477.0,1483.0,1468.0,1468.0,390.0,205404.0
2002-10-04,1469.0,1469.0,1453.0,1456.0,579.0,205404.0
2002-10-07,1452.0,1460.0,1448.0,1459.5,495.0,205404.0
2002-10-08,1461.0,1465.0,1460.0,1460.0,152.0,207198.0
2002-10-09,1459.0,1461.0,1457.0,1461.0,61.0,205424.0
2002-10-10,1461.0,1475.0,1461.0,1472.0,479.0,207300.0
2002-10-11,1478.0,1500.0,1477.0,1499.0,935.0,214451.0
2002-10-14,1493.0,1493.0,1475.0,1475.0,473.0,213798.0
2002-10-15,1473.0,1493.0,1470.0,1485.0,770.0,213723.0
2002-10-16,1482.0,1500.0,1474.0,1483.0,951.0,202161.0
2002-10-17,1487.0,1527.0,1487.0,1521.0,2401.0,200692.0
2002-10-18,1525.0,1534.0,1510.0,1515.0,995.0,203921.0
2002-10-21,1511.0,1540.0,1509.0,1540.0,1164.0,201943.0
2002-10-22,1531.0,1539.0,1526.0,1527.0,1148.0,197727.0
2002-10-23,1522.0,1540.0,1514.0,1520.0,721.0,194252.0
2002-10-24,1524.0,1539.0,1524.0,1537.0,662.0,191272.0
2002-10-25,1533.0,1558.0,1533.0,1552.0,1055.0,191051.0
2002-10-28,1550.0,1570.0,1549.0,1558.0,1546.0,191855.0
2002-10-29,1550.0,1552.0,1535.0,1537.0,987.0,189685.0
2002-10-30,1540.0,1548.0,1540.0,1540.0,591.0,190888.0
2002-10-31,1540.0,1571.0,1540.0,1568.0,1216.0,189896.0
2002-11-01,1572.0,1588.0,1571.0,1586.0,1576.0,149234.0
2002-11-04,1587.5,1604.0,1587.5,1593.0,1319.0,155404.0
2002-11-05,1585.0,1593.0,1584.0,1589.0,673.0,163895.0
2002-11-06,1593.0,1607.0,1589.0,1601.0,1638.0,203730.0
2002-11-07,1588.0,1599.0,1568.0,1568.0,713.0,204988.0
2002-11-08,1570.0,1579.0,1565.0,1572.0,782.0,208017.0
2002-11-11,1570.0,1592.0,1570.0,1584.0,427.0,208151.0
2002-11-12,1587.0,1597.0,1580.5,1582.0,560.0,207847.0
2002-11-13,1574.0,1583.0,1567.5,1580.0,686.0,207408.0
2002-11-14,1573.0,1575.0,1567.0,1568.0,741.0,206546.0
2002-11-15,1579.0,1590.0,1575.0,1581.0,759.0,206310.0
2002-11-18,1596.0,1609.0,1591.5,1600.0,1080.0,205113.0
2002-11-19,1599.0,1606.0,1593.0,1602.0,654.0,197353.0
2002-11-20,1610.0,1637.0,1609.0,1626.0,1977.0,194668.0
2002-11-21,1629.0,1633.0,1623.0,1626.0,704.0,196663.0
2002-11-22,1631.0,1633.0,1616.0,1619.0,539.0,203777.0
2002-11-25,1618.0,1623.0,1611.0,1619.0,280.0,205295.0
2002-11-26,1615.0,1619.0,1604.0,1605.0,758.0,202950.0
2002-11-27,1602.0,1647.0,1602.0,1641.0,1364.0,201165.0
2002-11-28,1644.0,1659.0,1636.0,1636.0,1145.0,201711.0
2002-11-29,1646.0,1667.0,1640.0,1663.0,755.0,200014.0
2002-12-02,1671.0,1677.0,1659.0,1665.0,1248.0,193367.0
2002-12-03,1657.0,1667.0,1649.0,1660.0,1291.0,201642.0
2002-12-04,1678.0,1681.0,1646.0,1658.0,2050.0,201810.0
2002-12-05,1658.0,1660.0,1630.0,1630.0,839.0,205881.0
2002-12-06,1634.0,1638.0,1619.0,1631.0,667.0,202427.0
2002-12-09,1623.0,1635.0,1609.0,1610.0,650.0,202880.0
2002-12-10,1615.0,1625.0,1610.0,1624.0,1383.0,204220.0
2002-12-11,1625.0,1629.0,1614.0,1628.0,431.0,204967.0
2002-12-12,1628.0,1634.0,1616.0,1618.0,386.0,205793.0
2002-12-13,1621.0,1625.0,1602.0,1603.0,1042.0,204954.0
2002-12-16,1605.0,1610.0,1593.0,1601.0,790.0,204541.0
2002-12-17,1602.0,1618.0,1601.0,1607.0,972.0,203190.0
2002-12-18,1613.0,1614.0,1591.0,1596.0,1017.0,198739.0
2002-12-19,1600.0,1603.0,1586.0,1589.0,1264.0,199283.0
2002-12-20,1593.0,1593.0,1581.0,1584.0,1337.0,197871.0
2002-12-23,1595.0,1598.0,1588.0,1595.0,703.0,191928.0
2002-12-24,1593.0,1595.0,1593.0,1593.0,170.0,191699.0
2002-12-27,1563.0,1568.0,1558.5,1568.0,100.0,191699.0
2002-12-30,1578.0,1578.0,1560.0,1562.0,806.0,89562.0
2002-12-31,1563.0,1563.0,1550.5,1556.0,390.0,193532.0
2003-01-02,1557.0,1591.0,1553.0,1591.0,982.0,193481.0
2003-01-03,1605.0,1617.0,1602.0,1616.0,1184.0,197122.0
2003-01-06,1629.5,1632.0,1615.0,1632.0,1407.0,200353.0
2003-01-07,1617.0,1626.0,1612.0,1625.0,897.0,203931.0
2003-01-08,1619.0,1647.0,1616.0,1644.0,1655.0,203276.0
2003-01-09,1650.0,1662.0,1643.0,1657.0,1386.0,203276.0
2003-01-10,1650.0,1665.0,1637.5,1639.0,1250.0,207853.0
2003-01-13,1633.0,1657.0,1630.0,1655.0,793.0,208977.0
2003-01-14,1652.0,1674.0,1652.0,1672.0,1614.0,216499.0
2003-01-15,1672.0,1689.0,1666.0,1681.0,1310.0,209624.0
2003-01-16,1677.0,1694.0,1673.0,1673.0,1599.0,214255.0
2003-01-17,1676.0,1683.0,1669.0,1671.0,982.0,213969.0
2003-01-20,1670.0,1698.75,1670.0,1691.0,852.0,216443.0
2003-01-21,1701.0,1711.0,1690.0,1692.0,1560.0,220399.0
2003-01-22,1696.0,1711.0,1696.0,1702.0,1020.0,218695.0
2003-01-23,1700.0,1715.0,1698.0,1700.0,1101.0,67907.0
2003-01-24,1709.0,1718.0,1692.0,1693.0,877.0,220814.0
2003-01-27,1692.0,1692.0,1676.0,1678.0,766.0,58283.0
2003-01-28,1673.0,1683.0,1671.0,1674.0,817.0,221488.0
2003-01-29,1674.0,1693.0,1668.0,1688.0,1298.0,221488.0
2003-01-30,1689.0,1741.0,1688.0,1738.0,1109.0,221488.0
2003-01-31,1734.0,1750.0,1728.5,1750.0,1386.0,221488.0
2003-02-03,1755.0,1757.0,1740.0,1740.0,354.0,221488.0
2003-02-04,1737.0,1740.0,1712.0,1717.0,873.0,221488.0
2003-02-05,1715.0,1720.0,1702.0,1715.0,1273.0,221488.0
2003-02-06,1709.0,1714.0,1686.0,1693.0,936.0,221488.0
2003-02-07,1685.0,1700.0,1681.0,1685.0,761.0,221488.0
2003-02-10,1685.0,1720.0,1679.0,1713.0,853.0,216248.0
2003-02-11,1718.0,1730.0,1703.0,1711.0,748.0,214196.0
2003-02-12,1709.0,1715.0,1694.0,1697.0,451.0,215167.0
2003-02-13,1698.0,1698.0,1653.0,1660.0,1841.0,210554.0
2003-02-14,1659.0,1667.0,1651.0,1667.0,662.0,208400.0
2003-02-17,1668.0,1676.0,1654.0,1674.5,824.0,209269.0
2003-02-18,1669.0,1670.0,1647.0,1647.0,1146.0,203743.0
2003-02-19,1646.0,1657.0,1640.0,1657.0,1634.0,200925.0
2003-02-20,1663.0,1675.0,1656.0,1664.0,1195.0,199716.0
2003-02-21,1671.0,1718.0,1671.0,1715.0,2275.0,200387.0
2003-02-24,1724.0,1734.0,1720.0,1731.0,944.0,202606.0
2003-02-25,1723.0,1726.0,1713.0,1721.0,1186.0,202091.0
2003-02-26,1739.0,1755.0,1732.0,1751.0,1530.0,202732.0
2003-02-27,1744.0,1753.0,1735.0,1740.0,752.0,204569.0
2003-02-28,1732.0,1736.0,1705.0,1708.0,837.0,205052.0
2003-03-03,1718.0,1735.5,1710.0,1735.0,647.0,207552.0
2003-03-04,1732.0,1743.0,1710.0,1710.0,1740.0,204721.0
2003-03-05,1694.0,1706.0,1674.0,1682.0,1753.0,205242.0
2003-03-06,1684.0,1687.0,1660.0,1663.0,1657.0,206765.0
2003-03-07,1664.0,1690.0,1660.0,1690.0,1052.0,205485.0
2003-03-10,1693.0,1694.0,1663.0,1665.0,821.0,205564.0
2003-03-11,1665.0,1688.5,1665.0,1686.0,1176.0,206442.0
2003-03-12,1690.0,1691.0,1667.0,1668.0,1114.0,206030.0
2003-03-13,1674.0,1675.0,1651.0,1657.0,2146.0,208127.0
2003-03-14,1662.0,1666.0,1653.0,1658.0,1270.0,210352.0
2003-03-17,1664.0,1700.0,1655.0,1700.0,1400.0,205052.0
2003-03-18,1707.0,1710.0,1681.0,1684.0,1951.0,207641.0
2003-03-19,1687.0,1711.0,1684.0,1710.0,1267.0,203471.0
2003-03-20,1694.0,1703.0,1683.0,1690.0,853.0,208266.0
2003-03-21,1690.0,1712.0,1687.0,1711.0,858.0,209212.0
2003-03-24,1692.0,1697.0,1683.0,1688.0,506.0,211770.0
2003-03-25,1685.0,1697.0,1678.0,1695.0,1077.0,211288.0
2003-03-26,1690.0,1694.0,1659.0,1663.0,1087.0,206523.0
2003-03-27,1661.0,1662.0,1616.0,1618.0,2420.0,206872.0
2003-03-28,1609.0,1609.0,1585.0,1604.0,1604.0,211800.0
2003-03-31,1603.0,1612.0,1579.0,1581.0,1195.0,211817.0
2003-04-01,1589.0,1609.0,1584.0,1607.0,1417.0,211783.0
2003-04-02,1603.0,1605.0,1587.0,1590.0,610.0,214975.0
2003-04-03,1594.0,1594.0,1571.0,1577.0,1201.0,215188.0
2003-04-04,1591.0,1596.0,1584.0,1591.0,727.0,214525.0
2003-04-07,1610.0,1625.0,1605.0,1612.0,1287.0,213656.0
2003-04-08,1611.0,1614.0,1595.0,1601.0,821.0,212040.0
2003-04-09,1606.0,1607.0,1586.0,1594.0,1134.0,210589.0
2003-04-10,1597.0,1600.0,1579.0,1585.0,1059.0,211230.0
2003-04-11,1577.0,1609.0,1573.0,1607.0,849.0,213151.0
2003-04-14,1604.0,1608.0,1597.0,1605.0,444.0,211432.0
2003-04-15,1610.0,1632.5,1608.0,1628.0,1386.0,212673.0
2003-04-16,1630.0,1639.0,1620.0,1629.0,842.0,209073.0
2003-04-17,1629.0,1634.0,1616.0,1632.0,763.0,207812.0
2003-04-21,1631.0,1631.0,1609.5,1612.0,0.0,207812.0
2003-04-22,1606.0,1614.0,1595.0,1599.0,729.0,207812.0
2003-04-23,1602.0,1609.0,1590.0,1607.0,456.0,205349.0
2003-04-24,1593.0,1595.0,1576.0,1586.0,1304.0,204990.0
2003-04-25,1582.0,1586.0,1578.0,1583.0,819.0,204703.0
2003-04-28,1585.0,1597.0,1584.0,1586.0,360.0,204703.0
2003-04-29,1592.0,1606.0,1589.0,1605.0,605.0,201012.0
2003-04-30,1604.0,1609.0,1597.0,1608.0,743.0,201012.0
2003-05-01,1608.0,1621.0,1604.0,1609.0,786.0,201012.0
2003-05-02,1608.0,1608.0,1584.0,1587.0,978.0,201012.0
2003-05-06,1584.0,1596.0,1579.0,1595.0,625.0,201012.0
2003-05-07,1600.0,1619.0,1598.0,1616.5,1437.0,201012.0
2003-05-08,1622.0,1635.0,1621.0,1629.0,1635.0,201012.0
2003-05-09,1626.0,1631.0,1621.0,1626.0,730.0,190660.0
2003-05-12,1623.0,1655.0,1613.0,1655.0,1711.0,187581.0
2003-05-13,1654.0,1679.0,1652.0,1677.0,2020.0,186427.0
2003-05-14,1664.0,1680.0,1664.0,1672.0,2340.0,188895.0
2003-05-15,1672.0,1686.0,1672.0,1673.0,980.0,193239.0
2003-05-16,1676.0,1684.5,1671.0,1673.0,797.0,196259.0
2003-05-19,1677.0,1683.0,1673.0,1675.0,848.0,192241.0
2003-05-20,1668.0,1676.0,1663.0,1676.0,1263.0,191330.0
2003-05-21,1676.0,1694.0,1676.0,1690.0,1207.0,188698.0
2003-05-22,1690.0,1707.5,1685.0,1687.0,2027.0,188208.0
2003-05-23,1685.0,1694.0,1682.0,1683.0,718.0,190579.0
2003-05-27,1690.0,1718.0,1689.0,1712.0,1029.0,188191.0
2003-05-28,1711.0,1715.0,1689.0,1695.0,842.0,207205.0
2003-05-29,1694.0,1708.5,1689.0,1698.0,783.0,197754.0
2003-05-30,1696.0,1720.0,1693.0,1719.0,912.0,200733.0
2003-06-02,1724.0,1739.0,1723.0,1735.0,1457.0,202851.0
2003-06-03,1729.0,1737.0,1722.0,1722.0,916.0,205190.0
2003-06-04,1719.0,1734.0,1713.0,1716.0,752.0,207659.0
2003-06-05,1711.0,1729.0,1711.0,1720.5,714.0,205979.0
2003-06-06,1722.0,1730.0,1717.0,1720.0,531.0,206813.0
2003-06-09,1717.0,1720.0,1696.0,1698.0,1246.0,206164.0
2003-06-10,1696.0,1702.5,1690.0,1691.0,601.0,206990.0
2003-06-11,1695.0,1697.0,1682.0,1690.0,936.0,206766.0
2003-06-12,1690.0,1705.0,1680.0,1702.0,1563.0,206939.0
2003-06-13,1705.0,1705.0,1678.0,1680.0,1236.0,211715.0
2003-06-16,1682.0,1686.0,1673.0,1679.0,1092.0,211583.0
2003-06-17,1688.0,1720.0,1687.0,1717.0,1943.0,210975.0
2003-06-18,1720.0,1727.0,1712.0,1712.0,1265.0,217162.0
2003-06-19,1715.0,1724.0,1708.0,1719.75,776.0,205251.0
2003-06-20,1715.0,1721.0,1699.0,1706.0,729.0,208631.0
2003-06-23,1702.0,1704.0,1688.0,1690.0,1529.0,207361.0
2003-06-24,1692.0,1697.0,1684.0,1692.0,495.0,205120.0
2003-06-25,1692.0,1692.0,1668.0,1675.0,1534.0,202558.0
2003-06-26,1670.0,1672.0,1664.0,1664.0,1375.0,202558.0
2003-06-27,1668.0,1678.0,1668.0,1675.0,841.0,197408.0
2003-06-30,1670.0,1670.5,1645.0,1653.0,1605.0,193958.0
2003-07-01,1654.0,1656.0,1640.5,1647.0,1812.0,194018.0
2003-07-02,1657.0,1670.0,1651.0,1667.0,2085.0,197704.0
2003-07-03,1665.0,1665.0,1650.0,1650.0,490.0,197973.0
2003-07-04,1653.0,1662.0,1653.0,1662.0,197.0,195595.0
2003-07-07,1660.0,1690.0,1660.0,1688.0,1377.0,192485.0
2003-07-08,1684.0,1694.0,1683.0,1685.0,1130.0,193273.0
2003-07-09,1686.0,1710.0,1684.0,1708.0,1728.0,191704.0
2003-07-10,1706.0,1721.0,1703.0,1710.0,1127.0,192352.0
2003-07-11,1702.0,1713.0,1699.0,1708.0,603.0,195570.0
2003-07-14,1705.0,1747.0,1705.0,1743.0,1623.0,194445.0
2003-07-15,1745.0,1748.0,1735.0,1737.0,1319.0,198028.0
2003-07-16,1737.5,1745.0,1727.0,1735.0,689.0,196083.0
2003-07-17,1736.0,1743.0,1715.5,1717.5,1715.0,193771.0
2003-07-18,1720.0,1730.0,1718.0,1723.0,442.0,198144.0
2003-07-21,1727.0,1737.0,1700.0,1704.0,1099.0,198547.0
2003-07-22,1706.0,1707.0,1696.5,1698.0,1131.0,196378.0
2003-07-23,1703.0,1714.0,1695.0,1709.0,971.0,197622.0
2003-07-24,1713.0,1741.0,1713.0,1740.0,1411.0,197770.0
2003-07-25,1740.0,1762.0,1740.0,1746.0,1428.0,200743.0
2003-07-28,1758.0,1780.0,1757.0,1768.0,2930.0,202527.0
2003-07-29,1763.0,1776.0,1761.0,1765.5,1158.0,207752.0
2003-07-30,1763.0,1778.0,1754.0,1756.0,1667.0,213890.0
2003-07-31,1763.5,1800.0,1757.0,1790.0,1384.0,221058.0
2003-08-01,1791.0,1807.0,1784.0,1790.0,1031.0,221999.0
2003-08-04,1784.0,1784.0,1760.0,1770.0,1189.0,227019.0
2003-08-05,1770.0,1777.0,1757.0,1769.0,1222.0,228076.0
2003-08-06,1766.0,1774.0,1762.0,1763.0,1064.0,226575.0
2003-08-07,1760.0,1788.0,1756.0,1786.0,862.0,224956.0
2003-08-08,1804.0,1805.0,1750.0,1750.0,2148.0,226157.0
2003-08-11,1749.0,1767.5,1746.0,1767.0,1073.0,223854.0
2003-08-12,1758.0,1767.0,1730.0,1734.5,2175.0,221440.0
2003-08-13,1736.0,1742.0,1720.0,1739.0,2690.0,216193.0
2003-08-14,1742.0,1759.0,1733.0,1754.0,1175.0,213194.0
2003-08-15,1753.0,1754.0,1735.0,1737.0,738.0,213787.0
2003-08-18,1743.0,1751.0,1738.0,1751.0,810.0,213703.0
2003-08-19,1755.0,1768.0,1748.0,1762.0,976.0,212269.0
2003-08-20,1765.0,1767.0,1757.0,1767.0,690.0,207813.0
2003-08-21,1763.0,1766.0,1754.0,1763.0,1100.0,206187.0
2003-08-22,1764.0,1783.0,1764.0,1770.0,1404.0,208868.0
2003-08-26,1770.0,1780.0,1752.0,1753.0,1018.0,209948.0
2003-08-27,1749.0,1751.0,1739.0,1750.0,956.0,210192.0
2003-08-28,1749.0,1752.0,1731.0,1738.5,956.0,206721.0
2003-08-29,1743.0,1769.0,1741.0,1768.0,1248.0,204834.0
2003-09-01,1774.0,1776.0,1770.0,1776.0,541.0,204637.0
2003-09-02,1782.0,1792.0,1782.0,1787.0,1092.0,206180.0
2003-09-03,1785.0,1819.5,1783.0,1819.0,2180.0,210496.0
2003-09-04,1812.0,1815.0,1795.0,1795.0,1350.0,222653.0
2003-09-05,1793.0,1830.0,1787.0,1822.0,1325.0,226626.0
2003-09-08,1818.0,1821.0,1811.0,1813.0,726.0,228338.0
2003-09-09,1817.0,1827.5,1793.0,1793.0,1023.0,228519.0
2003-09-10,1797.0,1797.0,1769.0,1776.0,1307.0,231093.0
2003-09-11,1786.0,1825.0,1786.0,1819.0,1601.0,232028.0
2003-09-12,1813.0,1825.0,1791.0,1792.0,1050.0,231614.0
2003-09-15,1796.0,1811.0,1795.0,1803.0,954.0,232583.0
2003-09-16,1802.0,1802.0,1781.0,1792.0,1397.0,237298.0
2003-09-17,1804.0,1810.0,1795.0,1808.0,1100.0,237405.0
2003-09-18,1805.0,1816.0,1794.0,1814.0,581.0,237326.0
2003-09-19,1820.0,1828.0,1817.0,1824.0,1078.0,236949.0
2003-09-22,1830.0,1837.0,1823.0,1823.0,1206.0,237416.0
2003-09-23,1822.0,1826.0,1813.0,1814.0,1140.0,237091.0
2003-09-24,1820.0,1832.0,1819.0,1821.0,1021.0,238042.0
2003-09-25,1816.0,1829.0,1810.0,1823.0,1378.0,239321.0
2003-09-26,1825.0,1830.0,1799.0,1802.0,946.0,240216.0
2003-09-29,1805.0,1814.0,1791.0,1810.0,1208.0,240122.0
2003-09-30,1811.0,1816.0,1792.0,1798.0,1183.0,232028.0
2003-10-01,1798.0,1814.0,1798.0,1807.0,934.0,232028.0
2003-10-02,1814.0,1832.0,1814.0,1827.0,1194.0,232028.0
2003-10-03,1829.0,1840.0,1827.0,1837.0,984.0,232028.0
2003-10-06,1843.0,1846.0,1828.0,1836.0,716.0,232028.0
2003-10-07,1840.0,1858.0,1837.0,1856.0,1350.0,235880.0
2003-10-08,1865.0,1873.0,1856.0,1873.0,1177.0,237542.0
2003-10-09,1870.0,1885.0,1866.0,1874.0,760.0,237468.0
2003-10-10,1866.0,1895.0,1863.0,1894.0,929.0,233993.0
2003-10-13,1912.0,1948.0,1911.5,1945.0,2256.0,243786.0
2003-10-14,1965.0,1965.0,1912.0,1915.0,1974.0,240628.0
2003-10-15,1934.0,1973.5,1925.0,1970.0,1256.0,237680.0
2003-10-16,1975.0,1976.0,1945.0,1962.0,1091.0,238383.0
2003-10-17,1963.0,1970.0,1942.0,1963.0,1195.0,240639.0
2003-10-20,1986.0,2006.0,1980.0,2006.0,1252.0,241414.0
2003-10-21,1996.0,1996.0,1975.0,1992.0,1272.0,241269.0
2003-10-22,2005.0,2017.0,1983.0,2009.0,1830.0,239793.0
2003-10-23,1991.0,1993.0,1969.0,1990.0,1662.0,236564.0
2003-10-24,1965.0,1977.0,1952.0,1960.0,1539.0,240589.0
2003-10-27,1971.0,1996.0,1967.0,1996.0,1241.0,239424.0
2003-10-28,1993.0,2004.0,1983.0,1986.0,1214.0,240695.0
2003-10-29,2000.0,2022.0,1994.0,2022.0,1377.0,239951.0
2003-10-30,2041.0,2057.0,2032.0,2054.0,2235.0,242091.0
2003-10-31,2058.0,2071.0,2050.0,2064.0,1303.0,246075.0
2003-11-03,2077.0,2081.0,2047.0,2052.0,1105.0,243657.0
2003-11-04,2050.0,2107.0,2039.0,2107.0,1223.0,245929.0
2003-11-05,2117.0,2117.0,2089.0,2100.0,1720.0,246982.0
2003-11-06,2090.0,2112.0,2060.0,2070.0,1530.0,247487.0
2003-11-07,2050.0,2088.0,2048.0,2078.0,994.0,251245.0
2003-11-10,2062.0,2068.0,2040.0,2042.0,1075.0,249683.0
2003-11-11,2055.0,2082.0,2052.0,2082.0,758.0,251191.0
2003-11-12,2077.0,2099.5,2071.0,2092.0,1035.0,250835.0
2003-11-13,2102.0,2107.0,2061.0,2075.0,1242.0,249888.0
2003-11-14,2072.0,2098.0,2070.0,2096.0,876.0,254022.0
2003-11-17,2085.0,2090.5,2027.0,2027.0,1605.0,253990.0
2003-11-18,2035.0,2060.0,2026.0,2059.0,994.0,251848.0
2003-11-19,2035.0,2042.0,2014.0,2014.0,1044.0,247367.0
2003-11-20,1993.0,2007.0,1955.0,1960.0,2958.0,242921.0
2003-11-21,1977.0,1981.0,1955.0,1980.0,2592.0,242384.0
2003-11-24,1982.0,2001.0,1973.0,2001.0,980.0,241367.0
2003-11-25,1988.0,2001.0,1966.0,1969.0,723.0,238870.0
2003-11-26,1985.0,2004.0,1983.0,2002.0,1154.0,239510.0
2003-11-27,2000.0,2018.0,1997.0,2018.0,423.0,240867.0
2003-11-28,2024.0,2070.0,2024.0,2069.0,1017.0,237725.0
2003-12-01,2090.0,2109.0,2081.0,2108.0,1637.0,236729.0
2003-12-02,2093.0,2142.0,2086.0,2136.0,1807.0,238795.0
2003-12-03,2146.0,2172.0,2135.0,2148.0,1043.0,240266.0
2003-12-04,2140.0,2163.0,2119.0,2122.0,1703.0,236792.0
2003-12-05,2103.0,2148.0,2100.0,2132.0,848.0,237346.0
2003-12-08,2125.0,2166.0,2124.0,2127.0,790.0,238072.0
2003-12-09,2150.0,2161.0,2140.0,2148.0,753.0,234607.0
2003-12-10,2142.0,2159.0,2128.0,2147.0,596.0,225168.0
2003-12-11,2149.0,2153.0,2133.0,2145.0,419.0,231084.0
2003-12-12,2140.0,2164.0,2137.0,2164.0,724.0,230710.0
2003-12-15,2175.0,2183.0,2167.0,2173.0,777.0,230617.0
2003-12-16,2168.0,2205.0,2168.0,2205.0,1164.0,230869.0
2003-12-17,2198.0,2202.0,2188.0,2188.0,813.0,227749.0
2003-12-18,2192.0,2231.0,2187.0,2231.0,764.0,225469.0
2003-12-19,2229.0,2247.0,2229.0,2245.0,713.0,224305.0
2003-12-22,2232.0,2234.0,2211.5,2212.0,876.0,226146.0
2003-12-23,2208.0,2246.5,2208.0,2236.0,629.0,223950.0
2003-12-24,2232.0,2246.0,2232.0,2240.0,393.0,220694.0
2003-12-29,2265.0,2285.0,2263.0,2284.0,546.0,218744.0
2003-12-30,2272.0,2283.0,2262.0,2282.0,465.0,219779.0
2003-12-31,2291.0,2303.0,2290.0,2298.0,575.0,218800.0
2004-01-02,2307.0,2349.0,2307.0,2346.0,580.0,217327.0
2004-01-05,2370.0,2385.0,2354.0,2376.0,957.0,222363.0
2004-01-06,2378.0,2391.0,2320.0,2345.0,1053.0,219251.0
2004-01-07,2335.0,2360.0,2310.0,2329.0,1519.0,216968.0
2004-01-08,2350.0,2425.0,2324.0,2424.0,1698.0,213473.0
2004-01-09,2416.0,2421.0,2396.0,2415.0,1126.0,214974.0
2004-01-12,2405.0,2412.0,2365.0,2370.0,1482.0,212395.0
2004-01-13,2372.0,2415.0,2367.0,2375.0,1559.0,214178.0
2004-01-14,2385.0,2410.0,2366.0,2392.0,1850.0,208737.0
2004-01-15,2392.0,2395.0,2340.0,2368.0,2058.0,208805.0
2004-01-16,2374.0,2403.0,2361.0,2391.0,1293.0,208805.0
2004-01-19,2418.0,2435.0,2400.0,2404.0,689.0,208805.0
2004-01-20,2413.0,2450.0,2405.0,2444.0,1130.0,208805.0
2004-01-21,2448.0,2455.0,2434.0,2448.0,1036.0,208805.0
2004-01-22,2449.0,2468.0,2449.0,2451.0,513.0,208805.0
2004-01-23,2450.0,2466.0,2446.0,2460.0,677.0,208805.0
2004-01-26,2450.0,2460.0,2439.0,2444.0,572.0,208805.0
2004-01-27,2447.0,2457.0,2435.0,2438.0,912.0,208805.0
2004-01-28,2440.0,2478.0,2440.0,2477.0,1334.0,205759.0
2004-01-29,2470.0,2479.0,2447.0,2452.0,1415.0,205408.0
2004-01-30,2455.0,2500.0,2452.0,2499.0,1288.0,201601.0
2004-02-02,2505.0,2518.0,2494.0,2495.0,1193.0,201927.0
2004-02-03,2499.0,2548.0,2493.0,2546.0,1364.0,201268.0
2004-02-04,2555.0,2561.0,2547.0,2558.0,1100.0,202838.0
2004-02-05,2573.0,2581.0,2552.0,2552.0,1176.0,199407.0
2004-02-06,2549.0,2573.0,2533.0,2572.0,1215.0,199954.0
2004-02-09,2590.0,2600.0,2578.0,2585.0,1058.0,199224.0
2004-02-10,2560.0,2591.0,2550.0,2563.0,2041.0,197721.0
2004-02-11,2570.0,2641.0,2565.0,2641.0,1336.0,196954.0
2004-02-12,2641.0,2702.0,2630.0,2693.0,1714.0,198074.0
2004-02-13,2688.0,2728.0,2686.0,2703.0,1961.0,198597.0
2004-02-16,2696.0,2740.0,2696.0,2740.0,1067.0,202214.0
2004-02-17,2760.0,2840.0,2759.0,2818.0,2648.0,201265.0
2004-02-18,2890.0,2960.0,2780.0,2825.0,2659.0,196206.0
2004-02-19,2808.0,2891.0,2795.0,2890.0,2023.0,194591.0
2004-02-20,2905.0,2915.0,2830.0,2855.0,1769.0,194219.0
2004-02-23,2864.0,2873.0,2838.0,2865.0,994.0,193058.0
2004-02-24,2852.0,2906.0,2844.0,2905.0,1006.0,195290.0
2004-02-25,2946.0,2980.0,2853.0,2863.0,2739.0,194452.0
2004-02-26,2890.0,2968.0,2865.0,2965.0,2275.0,192899.0
2004-02-27,2960.0,2980.0,2912.0,2950.0,1329.0,192054.0
2004-03-01,2979.0,3051.0,2969.0,3044.0,1416.0,192196.0
2004-03-02,3040.0,3042.0,2986.0,3000.0,1835.0,192770.0
2004-03-03,2991.0,3000.0,2825.0,2857.0,2263.0,190598.0
2004-03-04,2865.0,2903.0,2835.0,2891.0,1900.0,185128.0
2004-03-05,2845.0,2935.0,2823.0,2935.0,1296.0,185752.0
2004-03-08,2903.0,2905.0,2822.0,2835.0,1924.0,184010.0
2004-03-09,2860.0,2860.0,2765.0,2787.0,1833.0,185734.0
2004-03-10,2809.0,2828.0,2786.0,2825.0,1324.0,184575.0
2004-03-11,2825.0,2928.0,2819.0,2927.0,2001.0,185659.0
2004-03-12,2915.0,2925.0,2850.0,2870.0,1893.0,189009.0
2004-03-15,2895.0,2970.0,2895.0,2960.0,1175.0,188133.0
2004-03-16,2965.0,3000.0,2957.0,2993.0,1212.0,184638.0
2004-03-17,2976.0,2995.0,2933.0,2945.0,1211.0,176983.0
2004-03-18,2965.0,2999.0,2961.0,2990.0,1351.0,173217.0
2004-03-19,3024.0,3030.0,2995.0,3007.0,1190.0,174882.0
2004-03-22,3020.0,3020.0,2953.0,2955.0,1146.0,172361.0
2004-03-23,2955.0,2971.0,2885.0,2960.0,2247.0,172399.0
2004-03-24,2950.0,2986.0,2950.0,2965.0,1139.0,174145.0
2004-03-25,2950.0,2960.0,2900.0,2937.0,1655.0,174930.0
2004-03-26,2923.0,2970.0,2916.0,2958.0,1080.0,174403.0
2004-03-29,2950.0,2992.0,2940.0,2978.0,683.0,174382.0
2004-03-30,2985.0,3002.0,2940.0,2950.0,1129.0,175341.0
2004-03-31,2960.0,2996.0,2948.0,2990.0,1642.0,176778.0
2004-04-01,2982.0,3025.0,2981.0,3021.0,1804.0,173296.0
2004-04-02,3027.0,3044.0,2954.0,2977.0,1220.0,176367.0
2004-04-05,2980.0,2988.0,2860.0,2895.0,1990.0,178111.0
2004-04-06,2870.0,2923.0,2859.0,2914.0,1368.0,179535.0
2004-04-07,2890.0,2920.0,2870.0,2883.0,1517.0,175730.0
2004-04-08,2895.0,2902.0,2871.0,2889.0,1136.0,178125.0
2004-04-12,2865.0,2865.0,2810.0,2847.0,0.0,0.0
2004-04-13,2828.0,2850.0,2798.0,2836.0,1074.0,175632.0
2004-04-14,2835.0,2873.0,2805.0,2865.0,1057.0,176656.0
2004-04-15,2870.0,2870.0,2828.0,2850.0,1111.0,174911.0
2004-04-16,2840.0,2945.0,2830.0,2942.0,1396.0,174946.0
2004-04-19,2930.0,2976.0,2927.0,2976.0,1086.0,173831.0
2004-04-20,2955.0,2958.0,2870.0,2874.0,1849.0,172397.0
2004-04-21,2810.0,2810.0,2697.0,2706.0,3904.0,170280.0
2004-04-22,2680.0,2742.0,2678.0,2704.0,1379.0,168652.0
2004-04-23,2740.0,2746.0,2708.0,2727.0,1068.0,166902.0
2004-04-26,2720.0,2740.0,2700.0,2725.0,1194.0,168227.0
2004-04-27,2725.0,2731.0,2713.0,2730.0,625.0,167247.0
2004-04-28,2680.0,2690.0,2573.0,2586.0,2122.0,165401.0
2004-04-29,2595.0,2635.0,2595.0,2632.0,1107.0,165569.0
2004-04-30,2626.0,2665.0,2614.0,2654.0,901.0,9107.0
2004-05-03,2665.0,2710.0,2665.0,2690.0,193.0,9107.0
2004-05-04,2685.0,2704.0,2672.0,2692.0,890.0,9107.0
2004-05-05,2695.0,2722.0,2688.0,2718.0,1251.0,9107.0
2004-05-06,2710.0,2745.0,2705.0,2713.0,1679.0,6274.0
2004-05-07,2695.0,2700.0,2600.0,2615.0,1050.0,166107.0
2004-05-10,2610.0,2620.0,2535.0,2539.0,2356.0,168457.0
2004-05-11,2568.0,2620.0,2556.0,2620.0,1522.0,164102.0
2004-05-12,2570.0,2632.0,2565.0,2603.5,1348.0,162168.0
2004-05-13,2590.0,2622.0,2575.0,2593.0,1117.0,163123.0
2004-05-14,2582.0,2620.0,2573.0,2585.0,1163.0,161802.0
2004-05-17,2580.0,2596.0,2508.0,2515.0,1826.0,160234.0
2004-05-18,2478.0,2529.0,2475.0,2529.0,1167.0,157572.0
2004-05-19,2527.0,2617.0,2526.0,2612.0,2062.0,155167.0
2004-05-20,2612.0,2614.0,2559.0,2590.0,1608.0,153588.0
2004-05-21,2630.0,2680.0,2630.0,2665.0,2101.0,155892.0
2004-05-24,2643.0,2718.0,2643.0,2683.0,1252.0,155067.0
2004-05-25,2690.0,2711.0,2670.0,2687.0,1273.0,155815.0
2004-05-26,2661.0,2710.0,2649.0,2683.0,2006.0,154542.0
2004-05-27,2710.0,2779.0,2710.0,2770.0,1972.0,156039.0
2004-05-28,2763.0,2783.0,2760.0,2777.0,870.0,158292.0
2004-05-31,2778.0,2805.0,2778.0,2805.0,0.0,6274.0
2004-06-01,2783.0,2828.0,2783.0,2828.0,1615.0,155950.0
2004-06-02,2845.0,2870.0,2735.0,2742.0,1328.0,161792.0
2004-06-03,2703.0,2774.0,2695.0,2735.0,1393.0,163978.0
2004-06-04,2725.0,2728.0,2674.0,2705.0,1526.0,164398.0
2004-06-07,2755.0,2780.0,2747.0,2772.0,1519.0,162591.0
2004-06-08,2767.0,2767.0,2695.0,2711.0,1834.0,163546.0
2004-06-09,2682.0,2700.0,2560.0,2564.0,2272.0,161217.0
2004-06-10,2582.0,2778.0,2490.0,2575.0,2439.0,163697.0
2004-06-11,2580.0,2580.0,2532.0,2554.0,849.0,164885.0
2004-06-14,2536.0,2568.0,2520.0,2548.0,1194.0,161575.0
2004-06-15,2533.0,2645.0,2498.0,2625.0,1999.0,159179.0
2004-06-16,2615.0,2620.0,2555.0,2588.0,1364.0,159179.0
2004-06-17,2606.0,2648.0,2600.0,2635.0,1406.0,151284.0
2004-06-18,2610.0,2641.0,2600.0,2620.0,1589.0,153967.0
2004-06-21,2635.0,2648.0,2605.0,2623.0,648.0,153955.0
2004-06-22,2618.0,2624.0,2532.0,2552.0,1498.0,153851.0
2004-06-23,2565.0,2630.0,2545.0,2622.0,1402.0,155148.0
2004-06-24,2620.0,2692.0,2605.0,2680.0,1526.0,155152.0
2004-06-25,2679.0,2680.0,2625.0,2654.0,1343.0,105875.0
2004-06-28,2680.0,2680.0,2635.0,2653.0,1139.0,155746.0
2004-06-29,2648.0,2648.0,2570.0,2585.0,1911.0,154490.0
2004-06-30,2593.0,2730.0,2588.0,2649.0,3390.0,154598.0
2004-07-01,2665.0,2701.0,2648.0,2683.0,2297.0,155312.0
2004-07-02,2665.0,2695.0,2650.0,2680.0,1186.0,157148.0
2004-07-05,2692.0,2732.0,2690.0,2728.0,1137.0,157245.0
2004-07-06,2716.0,2730.0,2660.0,2677.0,1744.0,157529.0
2004-07-07,2692.0,2756.0,2685.0,2753.0,2943.0,160109.0
2004-07-08,2714.0,2746.0,2690.0,2738.0,2378.0,161884.0
2004-07-09,2745.0,2815.0,2728.0,2791.0,1863.0,165033.0
2004-07-12,2783.0,2823.0,2780.0,2783.0,1554.0,165033.0
2004-07-13,2784.0,2812.0,2760.0,2782.0,1384.0,165033.0
2004-07-14,2773.0,2795.5,2751.0,2784.0,1670.0,171191.0
2004-07-15,2781.0,2804.0,2776.0,2801.0,1103.0,170731.0
2004-07-16,2792.0,2850.5,2792.0,2841.0,1596.0,170731.0
2004-07-19,2845.0,2862.0,2814.0,2830.0,1929.0,170731.0
2004-07-20,2829.0,2835.0,2770.0,2792.0,2092.0,170731.0
2004-07-21,2780.0,2793.0,2740.0,2770.0,1149.0,170731.0
2004-07-22,2770.0,2800.5,2760.0,2790.0,1114.0,164624.0
2004-07-23,2766.0,2770.0,2690.0,2710.0,2750.0,165165.0
2004-07-26,2694.0,2737.0,2687.0,2705.0,1806.0,168349.0
2004-07-27,2690.0,2708.5,2653.0,2661.0,2047.0,167560.0
2004-07-28,2688.0,2775.0,2682.0,2767.0,2976.0,167463.0
2004-07-29,2792.0,2800.0,2757.5,2797.0,2012.0,169010.0
2004-07-30,2780.0,2830.5,2775.0,2828.0,1722.0,169276.0
2004-08-02,2834.0,2835.0,2802.0,2819.0,1475.0,170382.0
2004-08-03,2804.0,2825.0,2782.0,2812.0,1702.0,168849.0
2004-08-04,2810.0,2820.0,2771.0,2799.0,1805.0,168222.0
2004-08-05,2829.0,2846.0,2770.0,2775.0,2658.0,167574.0
2004-08-06,2790.0,2798.5,2771.0,2784.0,1509.0,169489.0
2004-08-09,2793.0,2795.0,2699.0,2715.0,3930.0,167485.0
2004-08-10,2720.0,2745.0,2717.0,2742.0,1675.0,169839.0
2004-08-11,2735.0,2780.0,2724.0,2777.0,2174.0,169331.0
2004-08-12,2760.0,2785.0,2752.0,2770.0,1284.0,170034.0
2004-08-13,2764.0,2867.0,2752.0,2855.0,2907.0,170139.0
2004-08-16,2847.0,2885.0,2829.0,2844.0,2888.0,171454.0
2004-08-17,2844.0,2865.0,2815.0,2830.0,1358.0,172374.0
2004-08-18,2835.0,2837.0,2748.0,2772.0,2795.0,172102.0
2004-08-19,2751.0,2815.0,2740.0,2807.0,1684.0,169697.0
2004-08-20,2800.0,2803.0,2759.0,2772.5,2347.0,167934.0
2004-08-23,2773.0,2773.0,2710.0,2723.0,2164.0,168259.0
2004-08-24,2725.0,2755.5,2723.0,2730.0,2073.0,168291.0
2004-08-25,2735.0,2735.0,2687.0,2725.0,2380.0,168713.0
2004-08-26,2729.0,2750.0,2719.0,2740.0,1515.0,164038.0
2004-08-27,2735.0,2788.0,2729.0,2759.0,2119.0,159488.0
2004-08-31,2775.0,2800.0,2762.5,2800.0,1055.0,158515.0
2004-09-01,2780.0,2787.0,2766.0,2775.0,1374.0,157207.0
2004-09-02,2770.0,2775.0,2718.0,2730.0,1103.0,155189.0
2004-09-03,2720.0,2723.0,2685.0,2715.0,2298.0,153502.0
2004-09-06,2710.0,2733.0,2705.0,2723.0,771.0,154887.0
2004-09-07,2715.0,2780.0,2703.0,2770.0,1963.0,155305.0
2004-09-08,2762.0,2768.0,2715.0,2735.0,1398.0,154775.0
2004-09-09,2753.0,2755.0,2720.0,2750.0,1525.0,155429.0
2004-09-10,2750.0,2805.0,2738.0,2784.0,3452.0,157236.0
2004-09-13,2779.0,2795.0,2772.0,2789.0,1159.0,160024.0
2004-09-14,2785.0,2809.0,2755.0,2777.0,1973.0,160576.0
2004-09-15,2768.0,2790.0,2757.0,2767.0,1432.0,159732.0
2004-09-16,2785.0,2828.0,2783.0,2819.0,4463.0,158596.0
2004-09-17,2837.0,2838.0,2800.0,2819.0,2001.0,163206.0
2004-09-20,2830.0,2854.0,2824.0,2852.0,1115.0,165381.0
2004-09-21,2860.0,2912.0,2860.0,2903.0,2714.0,165361.0
2004-09-22,2938.0,2950.0,2888.0,2945.0,2767.0,167555.0
2004-09-23,2920.0,2940.0,2900.0,2925.0,1483.0,167701.0
2004-09-24,2930.0,2936.0,2898.0,2916.0,2185.0,167672.0
2004-09-27,2925.0,2960.0,2925.0,2956.0,2233.0,168492.0
2004-09-28,2970.0,2970.0,2920.0,2924.0,873.0,168952.0
2004-09-29,2937.0,2997.0,2926.0,2987.0,1726.0,168601.0
2004-09-30,3000.0,3018.0,2975.0,2995.0,2115.0,168601.0
2004-10-01,2995.0,3010.0,2972.0,3008.0,1810.0,168601.0
2004-10-04,3010.0,3016.0,2960.0,2980.0,1774.0,168601.0
2004-10-05,2990.0,3000.0,2975.0,3000.0,1237.0,168601.0
2004-10-06,3000.0,3050.0,2998.0,3046.0,2366.0,168601.0
2004-10-07,3051.0,3068.0,3033.0,3055.0,1765.0,171079.0
2004-10-08,3071.0,3155.0,3065.0,3145.0,1925.0,172333.0
2004-10-11,3150.0,3179.5,3110.0,3136.0,2257.0,174867.0
2004-10-12,3087.0,3100.0,3030.0,3088.0,1830.0,173892.0
2004-10-13,3038.0,3050.0,2740.0,2760.0,6080.0,172509.0
2004-10-14,2807.0,2813.0,2650.0,2750.0,6703.0,172492.0
2004-10-15,2760.0,2840.0,2735.0,2830.0,3702.0,174004.0
2004-10-18,2847.0,2850.0,2770.0,2780.0,2374.0,168149.0
2004-10-19,2780.0,2840.0,2774.0,2810.0,2545.0,165546.0
2004-10-20,2790.0,2887.0,2754.0,2810.0,2733.0,159240.0
2004-10-21,2806.0,2850.0,2805.0,2829.0,1487.0,157504.0
2004-10-22,2815.0,2828.0,2780.0,2815.0,1373.0,156741.0
2004-10-25,2830.0,2835.0,2750.0,2767.0,1715.0,155648.0
2004-10-26,2765.0,2795.0,2757.0,2782.0,1576.0,157101.0
2004-10-27,2783.0,2812.0,2760.0,2794.0,1271.0,154798.0
2004-10-28,2788.0,2794.5,2725.0,2750.0,3538.0,153546.0
2004-10-29,2750.0,2893.0,2748.0,2891.0,3763.0,154404.0
2004-11-01,2852.0,2870.0,2831.0,2835.0,1238.0,155475.0
2004-11-02,2844.0,2867.0,2830.0,2857.0,1136.0,156460.0
2004-11-03,2862.0,2889.0,2853.0,2880.0,1222.0,154768.0
2004-11-04,2875.0,2928.0,2874.0,2908.0,1689.0,157154.0
2004-11-05,2915.0,2956.0,2898.0,2946.0,2250.0,158511.0
2004-11-08,2957.0,2979.0,2937.0,2944.0,2387.0,160768.0
2004-11-09,2940.0,2988.0,2932.0,2975.0,2139.0,162975.0
2004-11-10,2960.0,2985.0,2935.0,2947.0,1646.0,164624.0
2004-11-11,2963.0,3002.5,2955.0,2980.0,1557.0,166919.0
2004-11-12,2987.0,3028.0,2987.0,3025.0,2088.0,167804.0
2004-11-15,3025.0,3031.0,2985.0,3005.0,1566.0,170785.0
2004-11-16,2928.0,2983.0,2928.0,2953.0,1832.0,169028.0
2004-11-17,2969.0,3034.0,2969.0,3033.0,2158.0,167369.0
2004-11-18,3048.0,3089.0,3048.0,3068.0,3386.0,168172.0
2004-11-19,3055.0,3085.0,3035.0,3085.0,1479.0,172250.0
2004-11-22,3045.0,3055.0,3010.0,3053.0,1874.0,113419.0
2004-11-23,3040.0,3093.0,3038.0,3073.0,1846.0,173985.0
2004-11-24,3080.0,3112.0,3080.0,3110.0,1874.0,174106.0
2004-11-25,3120.0,3142.5,3115.0,3120.0,1029.0,175302.0
2004-11-26,3125.0,3128.0,3045.0,3088.0,2500.0,175776.0
2004-11-29,3080.0,3139.0,3078.0,3125.0,2036.0,176251.0
2004-11-30,3130.0,3133.0,3090.0,3110.0,2366.0,177719.0
2004-12-01,3102.0,3127.0,3101.0,3118.0,2306.0,177525.0
2004-12-02,3117.0,3125.0,2987.0,2996.0,4130.0,177530.0
2004-12-03,2980.0,3030.0,2965.0,3028.0,3297.0,178972.0
2004-12-06,3010.0,3020.0,2978.0,3004.0,1283.0,182472.0
2004-12-07,3001.0,3030.0,2930.0,2950.0,2939.0,180365.0
2004-12-08,2935.0,2935.0,2858.0,2875.0,5377.0,181332.0
2004-12-09,2902.0,2906.0,2860.0,2888.0,3023.0,178763.0
2004-12-10,2890.0,2910.0,2869.5,2903.0,1450.0,179511.0
2004-12-13,2925.0,2976.0,2925.0,2961.0,1956.0,178385.0
2004-12-14,2956.0,2990.0,2948.0,2970.0,1448.0,178455.0
2004-12-15,2992.0,3022.0,2980.0,3018.0,2941.0,175366.0
2004-12-16,3048.0,3054.0,3000.0,3025.0,1617.0,174411.0
2004-12-17,3015.0,3045.0,3010.0,3039.0,977.0,173149.0
2004-12-20,3054.0,3085.0,3050.0,3082.0,1004.0,173166.0
2004-12-21,3079.0,3124.0,3051.0,3122.0,2259.0,173833.0
2004-12-22,3140.0,3155.5,3008.0,3040.0,3506.0,175422.0
2004-12-23,3057.0,3080.0,3010.0,3080.0,1682.0,178579.0
2004-12-24,3079.0,3095.0,3060.0,3067.0,913.0,178490.0
2004-12-29,3122.0,3132.0,3097.0,3123.0,950.0,177983.0
2004-12-30,3127.0,3140.0,3105.0,3135.0,1211.0,180613.0
2004-12-31,3150.0,3165.0,3135.0,3165.0,973.0,180613.0
2005-01-04,3115.0,3115.0,2875.0,2910.0,7751.0,179484.0
2005-01-05,2915.0,2970.0,2888.0,2970.0,5687.0,184380.0
2005-01-06,2990.0,3010.0,2945.0,2967.0,3498.0,179429.0
2005-01-07,2968.0,2997.0,2958.0,2965.0,2587.0,180751.0
2005-01-10,2950.0,2977.0,2935.0,2960.0,2217.0,177964.0
2005-01-11,2969.0,3025.0,2965.0,3016.0,1413.0,17599.0
2005-01-12,3030.0,3048.0,3002.0,3025.0,1868.0,174599.0
2005-01-13,3020.0,3021.0,2980.0,2986.0,1337.0,175492.0
2005-01-14,2983.0,3018.0,2970.0,3016.0,2001.0,175005.0
2005-01-17,3030.0,3053.0,3020.0,3020.0,1210.0,176537.0
2005-01-18,3005.0,3017.0,2972.0,3014.0,2436.0,176627.0
2005-01-19,3022.0,3050.0,3019.5,3025.0,1137.0,174827.0
2005-01-20,3020.0,3040.0,3010.0,3040.0,1047.0,175671.0
2005-01-21,3062.0,3086.0,3055.0,3081.0,2024.0,176075.0
2005-01-24,3110.0,3120.0,3069.0,3072.0,1656.0,176163.0
2005-01-25,3086.0,3094.0,3037.0,3070.0,2149.0,176155.0
2005-01-26,3045.0,3080.0,3020.0,3079.0,1849.0,177166.0
2005-01-27,3085.0,3090.0,3042.0,3062.0,1554.0,177092.0
2005-01-28,3082.0,3092.0,3071.0,3085.0,1707.0,177678.0
2005-01-31,3083.0,3085.0,3063.0,3080.0,1158.0,178811.0
2005-02-01,3084.0,3090.0,3030.0,3050.0,2645.0,179809.0
2005-02-02,3058.0,3062.0,3000.0,3015.0,2286.0,181419.0
2005-02-03,2995.0,3009.0,2955.0,3008.0,3050.0,183709.0
2005-02-04,3018.0,3020.0,2969.0,2970.0,1739.0,183709.0
2005-02-07,2978.0,3028.0,2978.0,3004.0,1955.0,183709.0
2005-02-08,3008.0,3015.0,2980.0,3012.0,974.0,183709.0
2005-02-09,3015.0,3015.0,2989.0,3008.0,1243.0,183709.0
2005-02-10,3015.0,3090.0,3013.0,3084.0,4523.0,183709.0
2005-02-11,3076.0,3085.0,3055.0,3076.0,2027.0,183709.0
2005-02-14,3080.0,3118.0,3070.0,3110.0,1749.0,183709.0
2005-02-15,3119.0,3154.0,3119.0,3150.0,3751.0,179766.0
2005-02-16,3131.0,3152.0,3106.0,3130.0,3011.0,183665.0
2005-02-17,3120.0,3220.0,3108.0,3220.0,3948.0,183894.0
2005-02-18,3204.0,3230.0,3180.0,3225.0,2477.0,189202.0
2005-02-21,3203.0,3219.0,3197.0,3210.0,1178.0,190117.0
2005-02-22,3235.0,3256.0,3217.0,3234.0,2493.0,191589.0
2005-02-23,3219.0,3245.0,3205.0,3240.0,1808.0,193530.0
2005-02-24,3246.0,3249.0,3174.0,3203.0,2771.0,191939.0
2005-02-25,3198.0,3220.0,3135.0,3218.0,2959.0,193164.0
2005-02-28,3262.0,3275.0,3228.0,3239.0,2097.0,193257.0
2005-03-01,3223.0,3242.0,3169.0,3179.0,1843.0,190667.0
2005-03-02,3190.0,3215.0,3135.0,3213.0,4422.0,191722.0
2005-03-03,3203.0,3221.0,3175.0,3204.0,1736.0,189918.0
2005-03-04,3192.0,3260.0,3185.0,3240.0,1343.0,189731.0
2005-03-07,3232.0,3260.0,3220.0,3246.0,1485.0,189365.0
2005-03-08,3235.0,3300.0,3228.0,3260.0,3622.0,193621.0
2005-03-09,3265.0,3300.0,3230.5,3273.0,2299.0,194286.0
2005-03-10,3275.0,3280.0,3225.0,3260.0,3320.0,197552.0
2005-03-11,3247.0,3260.0,3175.0,3237.0,3614.0,199616.0
2005-03-14,3240.0,3248.0,3195.0,3213.0,1808.0,199568.0
2005-03-15,3229.0,3271.0,3223.0,3250.0,2734.0,199058.0
2005-03-16,3284.0,3307.0,3270.0,3280.0,3426.0,200081.0
2005-03-17,3284.0,3292.0,3260.0,3273.5,1645.0,201332.0
2005-03-18,3251.0,3298.0,3235.0,3285.0,2362.0,200123.0
2005-03-21,3275.0,3280.0,3234.0,3250.0,1884.0,200263.0
2005-03-22,3255.0,3287.0,3245.0,3275.0,2860.0,200701.0
2005-03-23,3230.0,3255.0,3180.0,3188.0,5729.0,202486.0
2005-03-24,3209.0,3225.0,3195.0,3211.0,2418.0,203329.0
2005-03-29,3231.0,3250.0,3225.0,3232.0,2005.0,203019.0
2005-03-30,3222.0,3266.0,3219.0,3266.0,1952.0,201843.0
2005-03-31,3264.0,3307.0,3255.0,3288.0,4250.0,202527.0
2005-04-01,3287.0,3300.0,3222.0,3245.0,2792.0,202237.0
2005-04-04,3250.0,3260.0,3215.0,3255.0,2144.0,198284.0
2005-04-05,3247.0,3250.0,3210.0,3235.0,2809.0,197348.0
2005-04-06,3251.0,3291.0,3245.0,3289.0,2680.0,196828.0
2005-04-07,3292.0,3300.0,3280.0,3282.0,1273.0,198653.0
2005-04-08,3283.0,3296.5,3263.0,3290.0,1836.0,200703.0
2005-04-11,3303.0,3320.0,3302.0,3318.0,2905.0,196927.0
2005-04-12,3324.0,3338.0,3250.0,3250.0,2363.0,199681.0
2005-04-13,3275.0,3280.0,3180.0,3200.0,5240.0,200155.0
2005-04-14,3177.0,3178.0,3110.0,3135.0,7760.0,199996.0
2005-04-15,3152.0,3196.0,3142.5,3180.0,4002.0,199230.0
2005-04-18,3175.0,3186.0,3150.0,3185.0,3960.0,199748.0
2005-04-19,3193.0,3245.0,3190.0,3244.0,3181.0,191670.0
2005-04-20,3255.0,3320.0,3249.0,3315.0,3775.0,191685.0
2005-04-21,3300.0,3300.0,3225.0,3250.0,4207.0,191527.0
2005-04-22,3255.0,3282.0,3249.0,3274.0,2550.0,190049.0
2005-04-25,3245.0,3266.0,3211.0,3260.0,2777.0,189139.0
2005-04-26,3258.0,3274.0,3210.0,3220.0,3204.0,188287.0
2005-04-27,3187.0,3225.0,3150.0,3180.0,4500.0,187299.0
2005-04-28,3185.0,3197.0,3168.0,3175.0,3272.0,187973.0
2005-04-29,3190.0,3231.0,3190.0,3216.0,1762.0,187973.0
2005-05-03,3190.0,3200.0,3163.0,3186.0,2077.0,187973.0
2005-05-04,3195.0,3195.0,3128.0,3158.0,3659.0,187973.0
2005-05-05,3165.0,3183.0,3143.0,3166.0,2534.0,187973.0
2005-05-06,3170.0,3205.0,3160.0,3182.0,2190.0,188712.0
2005-05-09,3178.0,3225.25,3175.0,3200.0,3115.0,187462.0
2005-05-10,3206.0,3225.0,3193.0,3222.0,2024.0,188713.0
2005-05-11,3200.0,3210.0,3171.0,3182.0,2255.0,187413.0
2005-05-12,3170.0,3170.0,3050.0,3060.0,7707.0,186370.0
2005-05-13,3045.0,3054.0,2990.0,3005.0,5767.0,187931.0
2005-05-16,3023.0,3030.5,2971.5,3000.0,4802.0,183971.0
2005-05-17,2962.0,3018.0,2960.0,2997.0,3409.0,178835.0
2005-05-18,3002.0,3050.0,2999.5,3046.0,3958.0,176038.0
2005-05-19,3050.0,3060.0,3010.0,3010.0,2675.0,178264.0
2005-05-20,3015.0,3050.0,2996.0,3027.0,2871.0,178034.0
2005-05-23,3006.0,3046.0,2990.0,3038.0,2444.0,178731.0
2005-05-24,3040.0,3080.0,3039.0,3059.0,3255.0,179174.0
2005-05-25,3052.0,3078.0,3050.0,3072.0,1849.0,179006.0
2005-05-26,3053.0,3095.0,3046.5,3085.0,3331.0,179339.0
2005-05-27,3086.0,3100.0,3060.0,3063.0,1564.0,181201.0
2005-05-31,3028.0,3065.0,3020.0,3057.0,2789.0,179664.0
2005-06-01,3045.0,3115.0,3025.0,3112.0,3779.0,179204.0
2005-06-02,3112.0,3187.0,3103.0,3179.0,4371.0,182047.0
2005-06-03,3180.0,3280.0,3178.0,3265.0,6497.0,186917.0
2005-06-06,3311.0,3322.0,3255.0,3280.0,4195.0,187330.0
2005-06-07,3267.5,3310.5,3241.0,3242.0,3849.0,192068.0
2005-06-08,3245.0,3272.0,3222.0,3240.0,3005.0,195516.0
2005-06-09,3214.0,3259.0,3214.0,3255.0,2806.0,198393.0
2005-06-10,3268.0,3303.0,3252.0,3300.0,3651.0,197790.0
2005-06-13,3287.0,3294.0,3260.0,3268.0,2659.0,197302.0
2005-06-14,3265.0,3290.0,3245.0,3257.0,2252.0,196779.0
2005-06-15,3264.0,3300.0,3264.0,3291.0,3827.0,194417.0
2005-06-16,3297.0,3348.5,3289.0,3327.0,4343.0,196029.0
2005-06-17,3339.0,3405.0,3333.0,3395.0,4156.0,197914.0
2005-06-20,3425.0,3435.0,3363.0,3365.0,3726.0,198036.0
2005-06-21,3383.0,3397.0,3350.0,3390.0,2800.0,197620.0
2005-06-22,3385.0,3392.0,3333.0,3358.0,3536.0,199302.0
2005-06-23,3349.0,3349.0,3259.5,3311.0,3568.0,201008.0
2005-06-24,3323.0,3389.0,3318.0,3367.0,2532.0,201498.0
2005-06-27,3384.0,3395.0,3360.0,3388.0,1337.0,203223.0
2005-06-28,3368.0,3375.0,3333.0,3347.0,1708.0,202139.0
2005-06-29,3320.0,3370.0,3280.0,3368.0,2861.0,201347.0
2005-06-30,3369.0,3390.0,3272.25,3290.0,3477.0,201530.0
2005-07-01,3311.0,3327.0,3185.0,3215.0,3289.0,203232.0
2005-07-04,3237.0,3270.0,3212.0,3233.0,2086.0,205028.0
2005-07-05,3260.0,3290.0,3242.0,3289.0,1971.0,205500.0
2005-07-06,3270.0,3332.0,3268.0,3325.0,2787.0,204594.0
2005-07-07,3324.0,3340.0,3265.0,3325.0,3382.0,209647.0
2005-07-08,3325.0,3378.0,3315.0,3370.0,2495.0,207717.0
2005-07-11,3352.0,3387.0,3332.0,3364.0,2397.0,212692.0
2005-07-12,3375.0,3380.0,3300.0,3315.0,2403.0,208683.0
2005-07-13,3330.0,3380.0,3320.0,3350.0,2461.0,206370.0
2005-07-14,3348.0,3392.0,3337.0,3350.0,2905.0,207252.0
2005-07-15,3371.0,3379.0,3339.0,3373.0,1946.0,207820.0
2005-07-18,3375.0,3410.0,3356.0,3365.0,2202.0,207649.0
2005-07-19,3361.0,3405.0,3336.0,3400.0,2083.0,207716.0
2005-07-20,3395.0,3418.0,3384.0,3410.0,1920.0,202881.0
2005-07-21,3416.0,3440.0,3374.0,3383.0,2802.0,207191.0
2005-07-22,3400.0,3453.0,3395.0,3453.0,3133.0,201487.0
2005-07-25,3477.0,3482.0,3445.0,3465.0,2284.0,199143.0
2005-07-26,3465.0,3485.0,3445.0,3485.0,2002.0,199735.0
2005-07-27,3443.0,3498.0,3430.0,3496.0,3204.0,199384.0
2005-07-28,3495.0,3545.0,3472.0,3535.0,3087.0,201369.0
2005-07-29,3533.0,3545.0,3515.0,3535.0,2336.0,205036.0
2005-08-01,3520.0,3580.0,3504.0,3575.0,2511.0,203934.0
2005-08-02,3569.0,3581.0,3546.0,3572.0,2274.0,204261.0
2005-08-03,3570.0,3596.0,3560.0,3596.0,1963.0,203850.0
2005-08-04,3589.0,3595.0,3548.0,3567.0,2163.0,207680.0
2005-08-05,3560.0,3600.0,3560.0,3563.0,2516.0,207584.0
2005-08-08,3565.0,3575.0,3535.0,3561.0,2744.0,209274.0
2005-08-09,3572.0,3576.0,3470.0,3475.0,4470.0,208353.0
2005-08-10,3477.0,3560.0,3454.0,3545.0,4293.0,208643.0
2005-08-11,3550.0,3560.0,3498.0,3535.0,3280.0,208657.0
2005-08-12,3535.0,3605.0,3521.0,3593.0,3983.0,207861.0
2005-08-15,3595.0,3633.0,3590.0,3628.0,2283.0,205540.0
2005-08-16,3633.0,3670.0,3611.0,3664.0,3329.0,202927.0
2005-08-17,3659.0,3664.0,3525.0,3555.0,4839.0,201810.0
2005-08-18,3543.0,3605.0,3534.0,3567.0,3643.0,203197.0
2005-08-19,3545.0,3579.0,3510.0,3574.0,3004.0,204882.0
2005-08-22,3570.0,3634.0,3552.0,3632.0,2072.0,206026.0
2005-08-23,3633.0,3641.5,3600.0,3632.0,1906.0,205512.0
2005-08-24,3615.0,3620.0,3575.0,3594.0,2704.0,204802.0
2005-08-25,3582.0,3606.0,3556.0,3566.0,3057.0,204773.0
2005-08-26,3570.0,3639.0,3569.0,3639.0,2939.0,204626.0
2005-08-30,3620.0,3655.0,3614.5,3640.0,2208.0,204207.0
2005-08-31,3645.0,3661.0,3572.0,3594.0,3957.0,202662.0
2005-09-01,3615.0,3640.0,3564.0,3640.0,3530.0,198654.0
2005-09-02,3635.0,3725.0,3630.0,3684.0,4758.0,199541.0
2005-09-05,3693.0,3697.0,3652.0,3681.0,1615.0,203420.0
2005-09-06,3669.0,3710.5,3645.0,3664.75,2977.0,201154.0
2005-09-07,3663.0,3676.0,3624.0,3635.0,3182.0,198279.0
2005-09-08,3650.0,3666.0,3562.5,3575.0,4606.0,201373.0
2005-09-09,3585.0,3640.0,3510.0,3545.0,5989.0,202166.0
2005-09-12,3567.0,3639.0,3551.5,3629.0,2812.0,204094.0
2005-09-13,3632.0,3635.0,3568.0,3581.0,3894.0,205192.0
2005-09-14,3589.0,3594.0,3540.0,3565.0,3979.0,202789.0
2005-09-15,3560.0,3582.0,3514.0,3540.0,4225.0,199972.0
2005-09-16,3535.0,3555.0,3490.0,3515.0,3999.0,200476.0
2005-09-19,3494.0,3652.0,3492.0,3650.0,5145.0,200800.0
2005-09-20,3644.0,3725.0,3635.0,3674.5,4478.0,200633.0
2005-09-21,3674.0,3770.0,3667.0,3770.0,4430.0,201612.0
2005-09-22,3765.0,3790.0,3750.0,3756.0,2886.0,198291.0
2005-09-23,3762.0,3795.0,3720.0,3740.0,2317.0,199759.0
2005-09-26,3735.0,3798.0,3717.0,3798.0,2798.0,201839.0
2005-09-27,3795.0,3812.0,3751.0,3784.0,3112.0,201422.0
2005-09-28,3785.0,3825.0,3767.5,3817.0,2826.0,200861.0
2005-09-29,3825.0,3835.0,3785.0,3797.0,2627.0,198064.0
2005-09-30,3810.0,3820.0,3758.0,3772.0,3912.0,199499.0
2005-10-03,3790.0,3830.0,3750.0,3825.0,2772.0,199886.0
2005-10-04,3830.0,3845.0,3805.0,3845.0,2519.0,203211.0
2005-10-05,3835.0,3890.0,3820.0,3883.0,2158.0,203910.0
2005-10-06,3880.0,3894.0,3860.0,3873.0,1623.0,205119.0
2005-10-07,3866.0,3932.0,3866.0,3932.0,2734.0,206628.0
2005-10-10,3935.0,3952.0,3917.0,3921.0,2239.0,211499.0
2005-10-11,3921.0,3985.0,3911.0,3980.0,2017.0,206667.0
2005-10-12,3984.0,3984.0,3890.0,3890.0,2629.0,206060.0
2005-10-13,3902.0,3931.0,3833.0,3835.0,5047.0,205154.0
2005-10-14,3846.0,3855.0,3784.0,3818.0,5432.0,205217.0
2005-10-17,3852.0,3975.0,3852.0,3955.0,3442.0,202872.0
2005-10-18,3967.0,3987.25,3935.0,3969.0,2108.0,201912.0
2005-10-19,3955.0,3964.5,3895.0,3929.0,2954.0,199836.0
2005-10-20,3930.0,4018.0,3886.0,3887.0,4447.0,198822.0
2005-10-21,3863.0,3901.0,3752.0,3895.0,6751.0,200110.0
2005-10-24,3917.0,3923.5,3810.0,3869.0,3838.0,200332.0
2005-10-25,3842.0,3955.0,3835.0,3948.0,2447.0,201629.0
2005-10-26,3950.0,3988.0,3869.0,3915.0,3675.0,5198.0
2005-10-27,3921.0,3956.0,3880.0,3895.0,3496.0,204652.0
2005-10-28,3893.0,3925.0,3825.0,3925.0,3158.0,206269.0
2005-10-31,3880.0,3946.0,3872.0,3891.0,2129.0,204697.0
2005-11-01,3915.0,3940.0,3853.0,3912.0,3062.0,203366.0
2005-11-02,3915.0,3950.0,3890.0,3948.0,2217.0,203164.0
2005-11-03,3930.0,3972.0,3923.0,3940.0,2585.0,204765.0
2005-11-04,3930.0,4002.0,3920.0,3986.0,3173.0,207837.0
2005-11-07,3990.0,3995.0,3953.0,3985.0,1971.0,206968.0
2005-11-08,3975.0,3975.0,3933.0,3955.0,2282.0,208986.0
2005-11-09,3948.0,3973.0,3927.5,3953.0,2068.0,208318.0
2005-11-10,3955.0,4025.0,3940.0,4025.0,2526.0,207125.0
2005-11-11,4029.0,4105.0,4024.0,4100.0,3309.0,211330.0
2005-11-14,4132.0,4132.0,4078.0,4118.0,3254.0,211772.0
2005-11-15,4100.0,4174.0,4084.0,4145.0,2599.0,210256.0
2005-11-16,4140.0,4155.0,4040.0,4145.0,3864.0,206357.0
2005-11-17,4140.0,4185.0,4110.0,4160.0,2994.0,206129.0
2005-11-18,4180.0,4243.0,4172.0,4230.0,4054.0,209712.0
2005-11-21,4235.0,4240.0,4168.0,4220.0,2839.0,208375.0
2005-11-22,4205.0,4215.0,4085.0,4090.0,5213.0,210167.0
2005-11-23,4040.0,4120.0,4010.0,4115.0,4810.0,214330.0
2005-11-24,4130.0,4205.0,4110.0,4174.0,3016.0,214998.0
2005-11-25,4215.0,4236.0,4180.0,4220.0,1148.0,215505.0
2005-11-28,4194.0,4224.0,4178.5,4220.0,2006.0,217540.0
2005-11-29,4218.0,4257.0,4186.0,4217.0,3004.0,217423.0
2005-11-30,4253.0,4270.0,4227.0,4258.0,2644.0,217499.0
2005-12-01,4243.0,4415.0,4240.0,4399.0,5342.0,217045.0
2005-12-02,4425.0,4425.0,4360.0,4380.0,4623.0,220379.0
2005-12-05,4380.0,4415.0,4330.0,4415.0,2293.0,221007.0
2005-12-06,4395.0,4395.0,4335.0,4378.0,2175.0,221303.0
2005-12-07,4395.0,4465.0,4370.0,4458.0,3489.0,219999.0
2005-12-08,4445.0,4472.0,4425.0,4455.0,2520.0,218147.0
2005-12-09,4455.0,4475.0,4443.0,4450.0,1584.0,214268.0
2005-12-12,4469.0,4475.0,4351.0,4358.0,2603.0,218668.0
2005-12-13,4370.0,4460.0,4348.0,4445.0,3759.0,219440.0
2005-12-14,4455.0,4460.0,4317.0,4330.0,2739.0,217725.0
2005-12-15,4365.0,4405.0,4251.0,4392.0,2676.0,217916.0
2005-12-16,4380.0,4465.0,4363.0,4460.0,2831.0,217892.0
2005-12-19,4448.0,4455.0,4415.0,4421.0,1818.0,217804.0
2005-12-20,4428.0,4438.0,4405.0,4430.0,1231.0,219029.0
2005-12-21,4427.0,4430.5,4380.0,4412.0,2201.0,212543.0
2005-12-22,4432.0,4439.75,4404.0,4431.0,1563.0,211186.0
2005-12-23,4440.0,4455.0,4426.0,4451.0,1826.0,212156.0
2005-12-28,4500.0,4511.5,4476.5,4495.0,1219.0,214982.0
2005-12-29,4470.0,4473.0,4408.0,4449.0,2248.0,216000.0
2005-12-30,4448.0,4448.0,4395.0,4405.0,1706.0,215500.0
2006-01-03,4400.0,4455.0,4330.0,4449.0,2813.0,213405.0
2006-01-04,4460.0,4576.0,4460.0,4555.0,5679.0,214123.0
2006-01-05,4540.0,4555.0,4478.0,4488.0,3078.0,218284.0
2006-01-06,4511.0,4545.75,4425.0,4518.0,5588.0,221209.0
2006-01-09,4545.0,4595.0,4530.0,4565.0,2614.0,221209.0
2006-01-10,4585.0,4630.0,4557.0,4585.0,3125.0,223815.0
2006-01-11,4595.0,4595.0,4560.0,4563.0,2310.0,221157.0
2006-01-12,4560.0,4577.0,4530.0,4554.0,3399.0,222952.0
2006-01-13,4560.0,4610.0,4545.0,4603.0,2847.0,224373.0
2006-01-16,4620.0,4620.5,4585.0,4588.0,1569.0,228854.0
2006-01-17,4593.0,4602.0,4560.0,4587.0,2622.0,228579.0
2006-01-18,4535.0,4618.0,4525.0,4603.0,4606.0,229427.0
2006-01-19,4610.0,4630.5,4580.0,4589.0,2063.0,226371.0
2006-01-20,4590.0,4608.0,4537.0,4557.0,2699.0,224576.0
2006-01-23,4565.0,4611.0,4550.0,4609.0,2455.0,222094.0
2006-01-24,4608.0,4680.0,4568.0,4670.0,3244.0,222204.0
2006-01-25,4665.0,4795.25,4660.0,4790.0,3810.0,223522.0
2006-01-26,4822.0,4823.0,4770.0,4785.0,2842.0,225678.0
2006-01-27,4805.0,4865.0,4750.0,4855.0,3105.0,227318.0
2006-01-30,4857.0,4860.0,4828.5,4850.0,1976.0,228399.0
2006-01-31,4855.0,4859.0,4800.0,4840.0,2425.0,228223.0
2006-02-01,4830.0,4898.0,4815.0,4895.0,4521.0,227992.0
2006-02-02,4912.0,5030.0,4900.0,5010.0,4537.0,230885.0
2006-02-03,5025.0,5037.0,4992.0,5035.0,2706.0,233031.0
2006-02-06,5030.0,5075.0,4980.0,5065.0,2937.0,231297.0
2006-02-07,5090.0,5090.0,4951.0,4955.0,6136.0,231456.0
2006-02-08,4940.0,5002.0,4860.0,4960.0,6102.0,233614.0
2006-02-09,5010.0,5038.0,4982.0,5017.0,2777.0,232759.0
2006-02-10,4975.0,5000.0,4770.0,4840.0,5912.0,234973.0
2006-02-13,4815.0,4893.0,4745.0,4862.0,5608.0,238309.0
2006-02-14,4880.0,4950.0,4875.0,4936.0,3509.0,239892.0
2006-02-15,4935.0,4940.0,4739.0,4770.0,5167.0,238543.0
2006-02-16,4768.0,4845.0,4660.0,4840.0,5500.0,234351.0
2006-02-17,4780.0,4875.0,4759.5,4785.0,4072.0,238965.0
2006-02-20,4800.0,4902.0,4793.0,4900.0,1150.0,239578.0
2006-02-21,4898.0,4970.0,4858.0,4950.0,2993.0,240400.0
2006-02-22,4932.0,4970.0,4892.0,4949.0,4507.0,237103.0
2006-02-23,4900.0,4910.0,4820.0,4830.0,3675.0,238176.0
2006-02-24,4878.0,4914.0,4830.0,4850.0,2975.0,239330.0
2006-02-27,4820.0,4855.0,4645.0,4672.0,5762.0,238117.0
2006-02-28,4712.0,4810.0,4700.0,4791.0,5106.0,238795.0
2006-03-01,4780.0,4900.0,4750.0,4890.0,4214.0,238146.0
2006-03-02,4876.0,4974.0,4865.0,4965.0,4453.0,240258.0
2006-03-03,4960.0,4990.0,4943.0,4950.0,2273.0,239736.0
2006-03-06,4940.0,4942.0,4798.0,4803.0,2918.0,238052.0
2006-03-07,4830.0,4835.0,4730.0,4750.0,5715.0,240590.0
2006-03-08,4771.0,4780.0,4672.0,4730.0,5775.0,240613.0
2006-03-09,4750.0,4830.0,4750.0,4805.0,5995.0,242437.0
2006-03-10,4780.0,4830.0,4650.0,4825.0,3612.0,247218.0
2006-03-13,4820.0,4910.0,4820.0,4910.0,2445.0,248381.0
2006-03-14,4899.0,4930.0,4846.0,4920.0,2843.0,247432.0
2006-03-15,4904.0,4983.0,4904.0,4920.0,3912.0,246066.0
2006-03-16,4892.0,4955.0,4872.0,4945.0,3928.0,244670.0
2006-03-17,4970.0,5160.0,4966.0,5146.0,7152.0,240658.0
2006-03-20,5160.0,5163.0,5085.0,5088.0,2973.0,243978.0
2006-03-21,5105.0,5186.0,5060.0,5070.0,3386.0,244680.0
2006-03-22,5073.0,5125.0,5062.0,5105.0,2762.0,243633.0
2006-03-23,5120.0,5250.0,5110.0,5236.0,3756.0,246135.0
2006-03-24,5223.0,5276.0,5190.0,5235.0,3493.0,247335.0
2006-03-27,5250.0,5332.0,5225.0,5318.0,2645.0,247551.0
2006-03-28,5306.0,5335.0,5278.0,5315.0,3510.0,248073.0
2006-03-29,5290.0,5360.0,5258.5,5335.0,3538.0,247571.0
2006-03-30,5335.0,5450.0,5335.0,5437.0,3035.0,248689.0
2006-03-31,5480.0,5510.0,5351.0,5395.0,4248.0,252586.0
2006-04-03,5405.0,5616.0,5400.0,5600.0,3186.0,252211.0
2006-04-04,5605.0,5612.0,5540.0,5550.0,4165.0,251395.0
2006-04-05,5571.0,5705.0,5560.0,5700.0,3762.0,255140.0
2006-04-06,5730.0,5799.0,5715.0,5794.0,4250.0,256813.0
2006-04-07,5825.0,5830.0,5670.0,5785.0,5232.0,256264.0
2006-04-10,5848.0,5965.0,5833.0,5965.0,4419.0,259936.0
2006-04-11,5990.0,6001.0,5865.0,5960.0,4303.0,254164.0
2006-04-12,5970.0,6110.0,5935.0,6065.0,4651.0,252589.0
2006-04-13,6075.0,6150.0,6045.0,6149.0,3513.0,254704.0
2006-04-18,6437.0,6493.0,6360.0,6490.0,4187.0,253876.0
2006-04-19,6517.0,6545.0,6360.0,6415.0,6684.0,252910.0
2006-04-20,6390.0,6449.0,6150.0,6405.0,6283.0,252152.0
2006-04-21,6350.0,6850.0,6291.0,6830.0,5581.0,251335.0
2006-04-24,6925.0,6930.0,6738.0,6780.0,6197.0,251075.0
2006-04-25,6790.0,7240.0,6760.0,7235.0,4816.0,247283.0
2006-04-26,7200.0,7385.0,7120.0,7292.5,4875.0,247422.0
2006-04-27,7348.0,7365.0,6950.0,6990.0,5951.0,249237.0
2006-04-28,7130.0,7260.0,7000.0,7080.0,4042.0,248277.0
2006-05-02,7240.0,7280.0,7085.0,7168.0,3208.0,248972.0
2006-05-03,7170.0,7230.0,7060.0,7210.0,3411.0,250382.0
2006-05-04,7191.0,7700.0,7170.0,7655.0,4979.0,249232.0
2006-05-05,7780.0,7800.0,7570.0,7665.0,4411.0,249232.0
2006-05-08,7710.0,7715.0,7475.0,7660.0,3788.0,255586.0
2006-05-09,7665.0,7875.0,7620.0,7875.0,3718.0,250860.0
2006-05-10,8010.0,8110.0,7905.0,8065.0,3394.0,254361.0
2006-05-11,8150.0,8800.0,8150.0,8615.0,4394.0,252312.0
2006-05-12,8525.0,8620.0,8309.5,8500.0,3543.0,252002.0
2006-05-15,8560.0,8560.0,7700.0,8135.0,4833.0,251400.0
2006-05-16,7890.0,8420.0,7750.0,8385.0,3325.0,248958.0
2006-05-17,8380.0,8560.0,7910.0,7955.0,3794.0,247199.0
2006-05-18,8000.0,8240.0,7825.0,8140.0,3121.0,245943.0
2006-05-19,8050.0,8100.0,7500.0,7610.0,5371.0,246077.0
2006-05-22,7650.0,7750.0,7245.0,7580.0,6210.0,247229.0
2006-05-23,7415.0,8525.0,7405.0,8450.0,5165.0,247172.0
2006-05-24,8380.0,8450.0,7700.0,7950.0,6692.0,248874.0
2006-05-25,7750.0,8250.0,7735.0,8100.0,3216.0,249645.0
2006-05-26,8100.0,8300.0,8020.0,8210.0,2327.0,248825.0
2006-05-30,8310.0,8435.0,7880.0,8000.0,3417.0,248073.0
2006-05-31,8050.0,8180.0,7850.0,7905.0,3273.0,245053.0
2006-06-01,7915.0,7940.0,7340.0,7650.0,5426.0,244397.0
2006-06-02,7670.0,7910.0,7580.0,7820.0,3107.0,246626.0
2006-06-05,7900.0,8010.0,7640.0,7800.0,2195.0,245212.0
2006-06-06,7780.0,7780.0,7490.0,7600.0,2672.0,243188.0
2006-06-07,7550.0,7860.0,7250.0,7755.0,5273.0,241448.0
2006-06-08,7710.0,7730.0,7275.0,7315.0,4143.0,238762.0
2006-06-09,7400.0,7575.0,7065.0,7085.0,3924.0,239159.0
2006-06-12,7050.0,7225.0,6880.0,6990.0,3850.0,239630.0
2006-06-13,6950.0,6975.0,6480.0,6500.0,5040.0,240094.0
2006-06-14,6445.0,6775.0,6410.0,6555.0,4042.0,240993.0
2006-06-15,6520.0,7115.0,6470.0,7000.0,4875.0,238039.0
2006-06-16,7080.0,7125.0,6905.0,7065.0,3854.0,238557.0
2006-06-19,6960.0,7000.0,6730.0,6775.0,2603.0,236997.0
2006-06-20,6595.0,6870.0,6531.0,6800.0,3897.0,234781.0
2006-06-21,6725.0,6860.0,6669.75,6820.0,1732.0,232425.0
2006-06-22,6850.0,7200.0,6660.0,6710.0,4688.0,230077.0
2006-06-23,6670.0,6920.0,6572.0,6920.0,2558.0,233046.0
2006-06-26,6900.0,7100.0,6685.0,7059.0,2246.0,232724.0
2006-06-27,7020.0,7125.0,6680.0,6750.0,2834.0,231927.0
2006-06-28,6700.0,6995.0,6700.0,6950.0,2932.0,230678.0
2006-06-29,6935.0,7360.0,6865.0,7280.0,4882.0,229052.0
2006-06-30,7340.0,7600.0,7290.0,7350.0,3479.0,226969.0
2006-07-03,7475.0,7480.0,7175.0,7250.0,2273.0,224892.0
2006-07-04,7320.0,7475.0,7299.5,7320.0,1291.0,224892.0
2006-07-05,7350.0,7535.0,7295.0,7410.0,2988.0,223288.0
2006-07-06,7450.0,7898.0,7330.0,7898.0,4473.0,222163.0
2006-07-07,7880.0,7890.0,7700.0,7735.0,2961.0,222364.0
2006-07-10,7730.0,7850.0,7580.0,7810.0,1876.0,222255.0
2006-07-11,7775.0,7975.0,7775.0,7910.0,2646.0,220004.0
2006-07-12,7983.0,8210.0,7875.0,7980.0,5503.0,218838.0
2006-07-13,7935.0,8040.0,7870.0,7995.0,2735.0,220229.0
2006-07-14,8000.0,8135.0,7910.0,8084.0,1703.0,219962.0
2006-07-17,8075.0,8100.0,7639.75,7802.0,2866.0,219504.0
2006-07-18,7780.0,7960.0,7675.0,7742.75,2630.0,218888.0
2006-07-19,7700.0,7840.0,7505.0,7840.0,3598.0,218799.0
2006-07-20,7830.0,7830.0,7315.0,7385.0,3093.0,219404.0
2006-07-21,7360.0,7515.0,7070.0,7175.0,2751.0,217715.0
2006-07-24,7190.0,7340.0,7000.0,7330.0,3608.0,218289.0
2006-07-25,7320.0,7540.0,7300.0,7500.0,2792.0,217757.0
2006-07-26,7495.0,7508.0,7320.0,7440.0,2429.0,219672.0
2006-07-27,7450.0,7610.0,7410.0,7550.0,1921.0,219066.0
2006-07-28,7515.0,7702.0,7500.0,7702.0,2245.0,217524.0
2006-07-31,7725.0,7940.0,7725.0,7780.0,3264.0,219412.0
2006-08-01,7800.0,7850.0,7770.0,7830.0,1982.0,219027.0
2006-08-02,7845.0,7920.0,7740.0,7820.0,2506.0,220813.0
2006-08-03,7780.0,7910.0,7450.0,7590.0,3270.0,218399.0
2006-08-04,7535.0,7999.0,7530.0,7915.0,3279.0,218466.0
2006-08-07,7990.0,8030.0,7698.0,7890.0,2351.0,217532.0
2006-08-08,7850.0,7930.0,7735.0,7900.0,2257.0,219396.0
2006-08-09,7825.0,8095.0,7740.0,8060.0,3494.0,219104.0
2006-08-10,8010.0,8150.0,7830.0,7882.0,2420.0,219890.0
2006-08-11,7880.0,8030.0,7500.0,7620.0,3708.0,220436.0
2006-08-14,7650.0,7735.0,7545.0,7700.0,2073.0,221575.0
2006-08-15,7690.0,7770.0,7570.0,7670.0,1828.0,219785.0
2006-08-16,7620.0,7730.0,7525.0,7600.0,2326.0,218909.0
2006-08-17,7600.0,7710.0,7180.0,7318.0,5001.0,219110.0
2006-08-18,7350.0,7555.0,7350.0,7500.0,3443.0,220723.0
2006-08-21,7450.0,7700.0,7430.0,7699.0,1984.0,220037.0
2006-08-22,7670.0,7690.0,7500.0,7620.0,1829.0,219751.0
2006-08-23,7580.0,7745.0,7550.0,7620.0,2109.0,219072.0
2006-08-24,7606.0,7700.0,7435.0,7520.0,2525.0,218722.0
2006-08-25,7560.0,7605.0,7460.0,7550.0,1267.0,219614.0
2006-08-29,7575.0,7595.0,7350.0,7460.0,2838.0,219479.0
2006-08-30,7460.0,7531.0,7340.0,7390.0,2277.0,221859.0
2006-08-31,7400.0,7715.0,7400.0,7620.0,4006.0,224518.0
2006-09-01,7615.0,7701.0,7510.0,7610.0,3113.0,223140.0
2006-09-04,7635.0,7740.0,7630.0,7655.0,1251.0,222535.0
2006-09-05,7680.0,8030.0,7665.0,7925.0,4946.0,221768.0
2006-09-06,8000.0,8080.0,7900.0,8070.0,4060.0,224332.0
2006-09-07,8080.0,8110.0,7945.0,8020.0,3098.0,223725.0
2006-09-08,8020.0,8060.0,7765.0,7855.0,3042.0,223842.0
2006-09-11,7760.0,7805.0,7460.0,7490.0,3913.0,223798.0
2006-09-12,7490.0,7610.0,7400.0,7425.0,3648.0,224515.0
2006-09-13,7405.0,7560.0,7310.0,7430.0,4617.0,224966.0
2006-09-14,7450.0,7600.0,7375.0,7400.0,3288.0,224994.0
2006-09-15,7370.0,7440.0,7215.0,7320.0,3219.0,224059.0
2006-09-18,7300.0,7530.0,7250.0,7520.0,2558.0,226492.0
2006-09-19,7515.0,7560.0,7409.0,7430.0,2098.0,228109.0
2006-09-20,7420.0,7544.25,7150.0,7440.0,7302.0,225689.0
2006-09-21,7360.0,7580.0,7360.0,7550.0,3524.0,223281.0
2006-09-22,7525.0,7710.0,7460.0,7570.0,3656.0,224221.0
2006-09-25,7525.0,7575.0,7350.0,7550.0,2997.0,223860.0
2006-09-26,7560.0,7660.0,7465.0,7620.0,3578.0,222540.0
2006-09-27,7595.0,7770.0,7550.0,7645.0,3747.0,223670.0
2006-09-28,7675.0,7735.0,7470.0,7500.0,2989.0,222776.0
2006-09-29,7520.0,7680.0,7500.0,7590.0,3617.0,224947.0
2006-10-02,7602.0,7699.0,7480.0,7520.0,2989.0,223469.0
2006-10-03,7555.0,7555.0,7215.0,7225.0,5705.0,220834.0
2006-10-04,7255.0,7400.0,7002.0,7080.0,5746.0,223409.0
2006-10-05,7095.0,7335.75,7070.0,7270.0,2985.0,223409.0
2006-10-06,7270.0,7550.0,7244.75,7480.0,2962.0,223409.0
2006-10-09,7525.0,7580.0,7450.0,7500.0,1719.0,221024.0
2006-10-10,7470.0,7550.0,7390.0,7425.0,1850.0,220450.0
2006-10-11,7425.0,7542.0,7340.0,7475.0,2357.0,216460.0
2006-10-12,7480.0,7535.0,7320.0,7465.0,3126.0,216905.0
2006-10-13,7475.0,7560.0,7405.0,7490.0,2779.0,216596.0
2006-10-16,7490.0,7840.0,7440.0,7810.0,5227.0,216337.0
2006-10-17,7810.0,7890.0,7610.0,7660.0,4341.0,216632.0
2006-10-18,7700.0,7730.0,7590.0,7630.0,2924.0,214726.0
2006-10-19,7650.0,7710.0,7610.0,7690.0,1601.0,215014.0
2006-10-20,7710.0,7710.0,7525.0,7595.0,2464.0,215728.0
2006-10-23,7570.0,7636.0,7480.0,7565.0,2847.0,216208.0
2006-10-24,7575.0,7590.0,7370.0,7500.0,3654.0,217280.0
2006-10-25,7510.0,7520.0,7391.0,7490.0,2916.0,216636.0
2006-10-26,7509.0,7560.0,7425.0,7489.0,2698.0,217317.0
2006-10-27,7477.25,7535.25,7430.0,7489.0,2344.0,217364.0
2006-10-30,7465.0,7510.0,7260.0,7390.0,4672.0,218678.0
2006-10-31,7400.0,7450.0,7349.75,7371.0,3442.0,219301.0
2006-11-01,7420.0,7440.0,7083.0,7190.0,5754.0,220047.0
2006-11-02,7225.0,7290.0,7160.0,7285.0,4108.0,223146.0
2006-11-03,7310.0,7360.0,7225.0,7320.0,2213.0,224115.0
2006-11-06,7320.0,7355.0,7290.0,7290.0,391.0,224127.0
2006-11-07,7365.0,7410.0,7340.0,7390.0,594.0,223929.0
2006-11-08,7420.0,7430.0,7115.0,7160.0,2911.0,223724.0
2006-11-09,7210.0,7365.0,7108.0,7345.0,2720.0,223102.0
2006-11-10,7325.0,7325.0,6865.0,6925.0,6636.0,222578.0
2006-11-13,6890.0,6965.0,6770.0,6890.0,6792.0,224488.0
2006-11-14,6910.0,6985.0,6805.0,6880.0,3241.0,224295.0
2006-11-15,6860.0,6935.0,6760.0,6880.0,3103.0,224547.0
2006-11-16,6855.0,6905.0,6730.0,6770.0,3174.0,225910.0
2006-11-17,6730.0,6835.0,6645.0,6800.0,4060.0,227195.0
2006-11-20,6800.0,6900.0,6760.0,6800.0,2595.0,226258.0
2006-11-21,6800.0,6980.0,6765.0,6940.0,3616.0,226930.0
2006-11-22,6931.0,7070.0,6865.0,6915.0,3725.0,225802.0
2006-11-23,6910.0,7000.0,6910.0,6998.0,1107.0,229031.0
2006-11-24,7010.0,7190.0,7000.0,7135.0,3106.0,229279.0
2006-11-27,7145.0,7250.0,7050.0,7090.0,3244.0,230009.0
2006-11-28,7110.0,7130.0,6925.0,6991.0,3188.0,227164.0
2006-11-29,7015.0,7070.0,6875.0,6980.0,3353.0,227453.0
2006-11-30,7007.0,7100.0,6975.0,7080.0,3050.0,225329.0
2006-12-01,7095.0,7095.0,6925.0,7000.25,3051.0,225075.0
2006-12-04,7020.0,7035.0,6965.0,6995.0,2400.0,226441.0
2006-12-05,6997.0,7229.25,6965.0,7155.0,5872.0,226275.0
2006-12-06,7150.0,7150.0,6960.0,6965.0,4017.0,226243.0
2006-12-07,6975.0,6989.0,6806.0,6860.0,4483.0,222999.0
2006-12-08,6860.0,6910.0,6825.0,6885.0,2631.0,223454.0
2006-12-11,6889.0,6980.0,6830.0,6920.0,2199.0,224591.0
2006-12-12,6940.0,6950.0,6815.0,6830.0,2541.0,223504.0
2006-12-13,6840.0,6863.0,6681.0,6702.0,3733.0,224516.0
2006-12-14,6709.0,6847.5,6709.0,6745.0,3182.0,225934.0
2006-12-15,6760.0,6782.0,6618.0,6645.0,3489.0,229007.0
2006-12-18,6675.0,6730.0,6630.0,6680.0,4335.0,229888.0
2006-12-19,6695.0,6735.0,6620.0,6655.0,2709.0,227545.0
2006-12-20,6670.0,6689.0,6494.0,6537.0,5015.0,225311.0
2006-12-21,6559.75,6586.0,6320.0,6345.0,4320.0,226189.0
2006-12-22,6355.0,6430.0,6300.0,6310.0,3149.0,223686.0
2006-12-27,6375.0,6449.75,6340.5,6430.0,1978.0,223466.0
2006-12-28,6410.0,6435.0,6370.0,6390.0,1505.0,221976.0
2006-12-29,6390.0,6435.0,6250.0,6270.0,2494.0,218424.0
2007-01-02,6300.0,6344.0,6100.0,6115.0,3021.0,217298.0
2007-01-03,6140.0,6140.0,5822.0,5865.0,7602.0,217262.0
2007-01-04,5865.0,5870.0,5625.0,5720.0,6719.0,219283.0
2007-01-05,5730.0,5825.0,5517.5,5610.0,6751.0,222790.0
2007-01-08,5610.0,5690.0,5430.0,5570.0,6527.0,224934.0
2007-01-09,5630.0,5670.0,5499.5,5630.0,5138.0,227306.0
2007-01-10,5670.0,5920.0,5655.0,5890.0,6125.0,229360.0
2007-01-11,5930.0,5950.0,5700.0,5870.0,4870.0,229480.0
2007-01-12,5820.0,5855.0,5720.0,5740.0,3452.0,230257.0
2007-01-15,5780.0,5805.0,5590.0,5636.0,2798.0,230542.0
2007-01-16,5635.0,5750.0,5470.0,5687.0,5437.0,229264.0
2007-01-17,5670.0,5688.0,5555.0,5655.0,3823.0,230900.0
2007-01-18,5665.0,5750.0,5483.0,5495.0,4170.0,231795.0
2007-01-19,5525.0,5625.0,5480.0,5580.0,3648.0,230864.0
2007-01-22,5585.0,5660.0,5502.0,5575.0,3198.0,235658.0
2007-01-23,5590.0,5770.0,5560.0,5720.0,4352.0,238828.0
2007-01-24,5739.0,5770.0,5680.0,5735.0,4078.0,238358.0
2007-01-25,5770.0,5910.0,5720.0,5860.0,5481.0,238227.0
2007-01-26,5850.0,5860.0,5715.0,5800.0,4807.0,240312.0
2007-01-29,5830.0,5848.0,5560.0,5580.0,5109.0,243238.0
2007-01-30,5590.0,5697.5,5530.0,5655.0,3323.0,244282.0
2007-01-31,5666.0,5755.0,5640.0,5730.0,3288.0,241975.0
2007-02-01,5760.0,5760.0,5550.0,5580.0,3570.0,238401.0
2007-02-02,5610.0,5630.0,5250.0,5330.0,7195.0,239274.0
2007-02-05,5380.0,5420.0,5320.0,5340.0,3429.0,242886.0
2007-02-06,5350.0,5515.5,5345.0,5510.0,3324.0,241986.0
2007-02-07,5485.0,5510.0,5354.0,5408.0,2988.0,243666.0
2007-02-08,5420.0,5434.0,5260.0,5430.0,4207.0,245256.0
2007-02-09,5440.0,5589.0,5417.75,5570.0,4587.0,245539.0
2007-02-12,5580.0,5620.0,5435.0,5475.0,3502.0,244011.0
2007-02-13,5475.0,5755.0,5475.0,5719.0,5104.0,242137.0
2007-02-14,5740.0,5780.0,5675.0,5695.0,3769.0,241929.0
2007-02-15,5725.0,5935.0,5725.0,5860.0,6556.0,239022.0
2007-02-16,5875.0,5890.0,5770.0,5818.0,2768.0,239464.0
2007-02-19,5835.0,5835.0,5779.5,5800.0,1147.0,238854.0
2007-02-20,5817.0,5845.0,5665.0,5710.0,3860.0,236783.0
2007-02-21,5730.0,5900.0,5660.0,5890.0,3346.0,240356.0
2007-02-22,5870.0,6170.0,5821.5,6100.0,7585.0,241215.0
2007-02-23,6120.0,6335.0,6110.0,6270.0,4564.0,244440.0
2007-02-26,6285.0,6374.0,6265.0,6280.0,3826.0,244337.0
2007-02-27,6280.0,6300.0,6155.0,6195.0,5619.0,243166.0
2007-02-28,6100.0,6190.0,5980.0,6068.0,6338.0,243595.0
2007-03-01,6100.0,6200.0,6010.0,6050.0,5824.0,243586.0
2007-03-02,6080.0,6124.0,5960.0,6010.0,4442.0,250107.0
2007-03-05,5930.0,5990.0,5796.0,5875.0,4140.0,246977.0
2007-03-06,5895.0,6015.0,5895.0,5990.0,3001.0,248709.0
2007-03-07,6000.0,6150.0,5965.0,6135.0,5943.0,231075.0
2007-03-08,6140.0,6330.0,6120.0,6245.0,5909.0,248106.0
2007-03-09,6225.0,6235.0,6120.0,6135.0,3317.0,247229.0
2007-03-12,6125.0,6275.0,6125.0,6270.0,3130.0,245792.0
2007-03-13,6276.0,6330.0,6168.0,6168.0,4079.0,242796.0
2007-03-14,6200.0,6310.0,6140.0,6250.0,4346.0,242763.0
2007-03-15,6260.0,6552.0,6250.0,6510.0,7640.0,243669.0
2007-03-16,6510.0,6620.0,6470.0,6610.0,4649.0,243099.0
2007-03-19,6570.0,6660.0,6510.0,6625.0,5144.0,240605.0
2007-03-20,6640.0,6715.0,6580.0,6620.0,4048.0,237303.0
2007-03-21,6615.0,6665.0,6555.0,6648.0,5412.0,232455.0
2007-03-22,6685.0,6784.5,6650.0,6730.0,4713.0,231947.0
2007-03-23,6740.0,6865.0,6712.0,6727.0,4662.0,234158.0
2007-03-26,6758.0,6920.0,6755.0,6886.0,3448.0,234553.0
2007-03-27,6872.0,6895.0,6675.0,6695.0,4821.0,236022.0
2007-03-28,6690.0,6760.0,6602.0,6730.0,5989.0,237041.0
2007-03-29,6725.0,6789.0,6645.0,6789.0,2679.0,240824.0
2007-03-30,6785.0,6935.0,6785.0,6875.0,4132.0,241084.0
2007-04-02,6900.0,6980.0,6807.0,6980.0,4898.0,239147.0
2007-04-03,6970.0,7270.0,6970.0,7265.0,6903.0,240005.0
2007-04-04,7250.0,7440.0,7180.0,7400.0,8287.0,240760.0
2007-04-05,7380.0,7510.0,7330.0,7400.0,4805.0,240354.0
2007-04-10,7690.0,7898.75,7650.0,7710.0,5281.0,239982.0
2007-04-11,7705.0,7950.0,7635.0,7850.0,7723.0,240062.0
2007-04-12,7850.0,7970.0,7633.0,7640.0,6886.0,241101.0
2007-04-13,7660.0,7815.0,7655.0,7765.0,4812.0,240665.0
2007-04-16,7795.0,7928.0,7700.0,7775.0,4669.0,241899.0
2007-04-17,7790.0,8100.0,7665.0,8070.0,8358.0,242944.0
2007-04-18,8049.0,8090.0,7929.75,7951.25,5951.0,240261.0
2007-04-19,7999.0,8035.0,7721.0,7860.25,7372.0,242976.0
2007-04-20,7890.0,8039.0,7815.0,7955.0,3912.0,243203.0
2007-04-23,7960.0,8030.0,7820.0,8010.0,4303.0,243625.0
2007-04-24,8027.0,8095.0,7760.0,7805.0,7179.0,242749.0
2007-04-25,7845.0,7920.0,7740.0,7919.0,5107.0,243464.0
2007-04-26,7920.0,7948.0,7622.0,7714.0,6948.0,245416.0
2007-04-27,7680.0,7770.25,7575.0,7763.0,5636.0,244335.0
2007-04-30,7730.0,7854.0,7706.0,7795.0,3020.0,245500.0
2007-05-01,7760.0,8010.0,7723.0,7960.0,4352.0,242746.0
2007-05-02,7950.0,8030.0,7863.0,7990.0,4042.0,245088.0
2007-05-03,7980.0,8190.0,7955.0,8165.0,3957.0,244555.0
2007-05-04,8150.0,8335.0,8110.0,8245.0,5441.0,244060.0
2007-05-08,8164.0,8240.0,8110.0,8170.0,2797.0,243139.0
2007-05-09,8179.0,8230.0,7975.0,8050.0,4555.0,248794.0
2007-05-10,8050.0,8085.0,7825.0,7835.0,5432.0,249232.0
2007-05-11,7825.0,7960.5,7735.0,7900.0,5300.0,248795.0
2007-05-14,7890.0,7897.75,7640.0,7640.0,5926.0,246916.0
2007-05-15,7669.75,7785.0,7585.0,7750.0,5725.0,246691.0
2007-05-16,7760.0,7760.0,7498.0,7515.0,6082.0,243089.0
2007-05-17,7530.0,7530.0,7095.0,7260.0,9247.0,243483.0
2007-05-18,7240.0,7330.0,7090.0,7265.0,6912.0,244090.0
2007-05-21,7266.0,7465.0,7230.0,7450.0,4354.0,243222.0
2007-05-22,7445.0,7535.0,7230.0,7230.0,4778.0,241828.0
2007-05-23,7220.0,7310.5,7140.0,7240.0,6838.0,244033.0
2007-05-24,7250.0,7330.0,6952.0,6990.0,5382.0,244647.0
2007-05-25,6990.0,7290.0,6980.0,7270.0,5509.0,253037.0
2007-05-29,7300.0,7375.0,7165.0,7270.0,4637.0,253990.0
2007-05-30,7260.0,7290.0,7155.0,7250.0,3637.0,254597.0
2007-05-31,7260.0,7465.0,7250.0,7460.0,4340.0,252152.0
2007-06-01,7455.0,7528.75,7395.0,7460.0,4970.0,252121.0
2007-06-04,7455.0,7645.0,7395.0,7600.0,4581.0,252436.0
2007-06-05,7615.0,7680.0,7510.0,7545.0,4646.0,253201.0
2007-06-06,7545.0,7580.0,7375.0,7456.0,5277.0,254734.0
2007-06-07,7476.0,7499.5,7360.0,7406.0,3943.0,252530.0
2007-06-08,7408.0,7420.0,7125.0,7160.0,5898.0,252570.0
2007-06-11,7200.0,7370.0,7180.0,7369.0,3520.0,251945.0
2007-06-12,7365.0,7370.0,7160.0,7190.0,4925.0,250813.0
2007-06-13,7182.0,7300.0,7050.0,7280.0,6492.0,252258.0
2007-06-14,7270.0,7525.0,7250.0,7440.0,6404.0,250864.0
2007-06-15,7435.0,7540.0,7335.0,7507.0,4931.0,254011.0
2007-06-18,7501.0,7695.0,7470.0,7520.0,6657.0,254811.0
2007-06-19,7500.0,7500.0,7387.0,7460.0,3486.0,253464.0
2007-06-20,7455.0,7585.0,7440.0,7540.0,3808.0,248941.0
2007-06-21,7520.0,7594.0,7405.0,7492.0,4769.0,247138.0
2007-06-22,7480.0,7525.0,7415.0,7440.0,3141.0,249012.0
2007-06-25,7480.0,7485.0,7240.0,7465.0,6753.0,248545.0
2007-06-26,7450.0,7475.0,7290.0,7330.0,4900.0,247546.0
2007-06-27,7317.75,7392.0,7245.0,7360.0,5630.0,247344.0
2007-06-28,7370.0,7590.0,7350.0,7530.0,5658.0,246485.0
2007-06-29,7535.0,7640.0,7515.0,7578.0,6500.0,246647.0
2007-07-02,7580.0,7740.0,7550.0,7724.0,5903.0,245264.0
2007-07-03,7730.0,7805.0,7661.0,7760.0,4558.0,244763.0
2007-07-04,7775.0,7858.0,7740.0,7845.0,3732.0,247319.0
2007-07-05,7842.0,7876.0,7759.75,7870.0,5333.0,248000.0
2007-07-06,7880.0,7880.0,7802.0,7855.0,3876.0,250971.0
2007-07-09,7878.0,8015.0,7878.0,7960.0,5277.0,248208.0
2007-07-10,7965.0,8005.0,7820.0,7893.0,4670.0,248514.0
2007-07-11,7939.75,7970.0,7820.0,7910.0,4653.0,246899.0
2007-07-12,7890.0,7990.0,7805.0,7821.0,4629.0,248119.0
2007-07-13,7820.0,7910.0,7745.0,7889.0,5183.0,250142.0
2007-07-16,7888.0,7910.0,7780.0,7805.0,2979.0,248344.0
2007-07-17,7790.0,7820.0,7695.0,7775.0,5070.0,246932.0
2007-07-18,7750.0,7830.0,7730.0,7820.0,3418.0,243128.0
2007-07-19,7820.0,8035.0,7801.0,8030.0,5334.0,242878.0
2007-07-20,8030.0,8160.0,8005.0,8110.0,6223.0,245315.0
2007-07-23,8118.0,8212.0,8000.0,8000.0,5464.0,245336.0
2007-07-24,8012.0,8115.0,7930.0,7955.0,5812.0,241541.0
2007-07-25,7940.0,7970.0,7750.0,7820.0,6075.0,242974.0
2007-07-26,7820.0,7880.0,7730.0,7765.0,6401.0,243133.0
2007-07-27,7790.0,7850.0,7705.0,7770.0,5167.0,244889.0
2007-07-30,7790.0,7875.0,7706.0,7870.0,5194.0,244626.0
2007-07-31,7880.0,8029.75,7875.0,7995.0,6034.0,244454.0
2007-08-01,7980.25,7985.0,7809.75,7865.0,7475.0,244392.0
2007-08-02,7900.0,7942.0,7840.0,7866.0,3053.0,244444.0
2007-08-03,7880.0,7904.0,7650.0,7675.0,6571.0,244419.0
2007-08-06,7620.0,7695.0,7585.0,7670.0,4852.0,245961.0
2007-08-07,7695.0,7785.0,7680.0,7747.0,3868.0,245616.0
2007-08-08,7760.0,7764.0,7531.0,7625.0,6800.0,244296.0
2007-08-09,7625.0,7659.0,7365.0,7425.0,9860.0,241907.0
2007-08-10,7415.0,7465.0,7275.0,7445.0,9480.0,241250.0
2007-08-13,7470.0,7585.0,7465.0,7553.0,4811.0,238659.0
2007-08-14,7542.0,7605.0,7395.0,7400.0,5473.0,239798.0
2007-08-15,7395.0,7395.0,7245.0,7355.0,6446.0,234532.0
2007-08-16,7300.0,7345.0,6730.0,6830.0,16132.0,238454.0
2007-08-17,6908.0,7060.0,6750.0,6960.0,13063.0,243324.0
2007-08-20,7035.0,7128.5,6985.0,6992.0,5687.0,242340.0
2007-08-21,6995.0,7071.0,6953.0,7005.0,6049.0,245218.0
2007-08-22,6975.25,7180.0,6975.25,7170.0,4661.0,239887.0
2007-08-23,7200.0,7335.0,7199.75,7270.0,5009.0,235740.0
2007-08-24,7290.0,7470.0,7160.0,7470.0,12554.0,235262.0
2007-08-28,7465.0,7469.0,7195.0,7300.0,6195.0,232975.0
2007-08-29,7260.0,7399.75,7194.0,7358.0,5968.0,233659.0
2007-08-30,7400.0,7430.0,7311.25,7405.0,3920.0,234787.0
2007-08-31,7400.0,7540.0,7380.0,7500.0,6075.0,233724.0
2007-09-03,7480.0,7480.0,7366.0,7390.0,1997.0,235250.0
2007-09-04,7392.0,7420.0,7210.0,7290.0,5708.0,236789.0
2007-09-05,7300.0,7387.0,7139.0,7190.25,7171.0,237319.0
2007-09-06,7200.0,7340.0,7125.0,7314.0,5323.0,237889.0
2007-09-07,7290.0,7330.0,7085.0,7191.0,5796.0,239543.0
2007-09-10,7150.0,7250.0,7130.0,7195.0,4140.0,240508.0
2007-09-11,7198.0,7515.0,7198.0,7479.5,7328.0,240178.0
2007-09-12,7470.0,7474.0,7327.0,7410.0,6379.0,241909.0
2007-09-13,7410.0,7550.75,7365.0,7500.0,5279.0,241625.0
2007-09-14,7490.0,7622.0,7420.0,7484.0,6851.0,241629.0
2007-09-17,7490.0,7583.0,7480.0,7535.0,3359.0,240029.0
2007-09-18,7522.0,7608.0,7490.0,7590.0,3865.0,238730.0
2007-09-19,7665.5,7930.0,7665.0,7880.0,8979.0,235003.0
2007-09-20,7861.0,7953.0,7820.0,7900.0,7253.0,234221.0
2007-09-21,7876.0,8025.0,7840.0,7890.0,6347.0,235228.0
2007-09-24,7910.0,8045.0,7881.0,8035.0,4963.0,238450.0
2007-09-25,8020.0,8070.0,7912.0,8000.0,7332.0,242990.0
2007-09-26,7999.0,8060.0,7925.0,7955.0,4433.0,246113.0
2007-09-27,7954.0,8099.75,7950.0,8049.0,5269.0,246309.0
2007-09-28,8060.0,8155.0,7980.0,8030.0,4748.0,246878.0
2007-10-01,8025.5,8139.75,8025.0,8125.0,3707.0,246788.0
2007-10-02,8110.0,8280.25,8057.0,8185.0,7588.0,245438.0
2007-10-03,8200.0,8315.0,8185.0,8270.0,1479.0,244455.0
2007-10-04,8270.0,8275.0,8155.0,8240.0,4078.0,245246.0
2007-10-05,8250.0,8275.0,8177.0,8215.0,3806.0,245579.0
2007-10-08,8225.0,8225.0,7885.0,7965.25,6539.0,244776.0
2007-10-09,7960.0,8040.0,7892.0,7970.0,7026.0,245758.0
2007-10-10,8000.0,8225.0,7950.0,8155.0,5689.0,245958.0
2007-10-11,8170.0,8229.0,8065.0,8112.0,6037.0,245298.0
2007-10-12,8070.0,8160.0,8015.0,8075.0,4756.0,245565.0
2007-10-15,8100.0,8261.0,8100.0,8160.0,5289.0,244232.0
2007-10-16,8161.0,8205.0,7982.0,8042.0,7414.0,243752.0
2007-10-17,8070.0,8085.0,7910.0,7960.0,8675.0,239410.0
2007-10-18,7956.0,7985.0,7814.0,7842.0,7604.0,240434.0
2007-10-19,7850.0,7928.0,7811.0,7880.0,4406.0,239861.0
2007-10-22,7850.0,7850.0,7665.0,7800.0,6614.0,238843.0
2007-10-23,7790.0,7887.0,7750.0,7800.0,5363.0,239000.0
2007-10-24,7790.0,7797.75,7645.0,7690.0,6197.0,239596.0
2007-10-25,7749.75,7785.0,7703.0,7750.0,3502.0,239444.0
2007-10-26,7769.75,7885.0,7750.0,7885.0,3827.0,239323.0
2007-10-29,7895.0,7969.0,7820.0,7825.0,3768.0,238140.0
2007-10-30,7810.0,7815.0,7666.0,7750.0,5973.0,237652.0
2007-10-31,7750.0,7815.0,7686.0,7750.0,3922.0,239455.0
2007-11-01,7760.0,7774.75,7490.0,7529.5,9671.0,238306.0
2007-11-02,7545.0,7560.0,7390.0,7470.0,7163.0,241704.0
2007-11-05,7480.0,7500.0,7350.0,7390.0,4780.0,242427.0
2007-11-06,7400.0,7514.0,7390.0,7500.0,5188.0,241997.0
2007-11-07,7520.0,7580.0,7290.0,7310.0,9054.0,243874.0
2007-11-08,7309.75,7320.0,7130.0,7190.0,9531.0,243020.0
2007-11-09,7200.0,7255.0,6963.0,7035.0,9592.0,243766.0
2007-11-12,7030.0,7075.0,6790.0,6930.0,12214.0,242893.0
2007-11-13,6910.0,7030.0,6856.0,6965.0,7424.0,245763.0
2007-11-14,6990.0,7386.0,6990.0,7335.0,11459.0,246272.0
2007-11-15,7340.0,7340.0,6870.0,6900.0,10371.0,248487.0
2007-11-16,6880.0,7075.0,6785.0,7054.0,8830.0,250663.0
2007-11-19,7060.0,7060.0,6665.25,6682.0,10392.0,250815.0
2007-11-20,6690.0,6822.0,6550.0,6765.0,12320.0,249903.0
2007-11-21,6770.5,6770.5,6460.0,6470.0,11155.0,246720.0
2007-11-22,6470.0,6629.0,6430.0,6585.0,5067.0,246395.0
2007-11-23,6560.0,6725.0,6520.0,6700.0,5269.0,247464.0
2007-11-26,6710.0,6810.0,6655.0,6709.0,6237.0,248816.0
2007-11-27,6643.0,6735.0,6562.0,6615.0,6502.0,249819.0
2007-11-28,6608.0,6750.0,6565.0,6720.0,6693.0,248842.0
2007-11-29,6730.0,6950.0,6724.0,6870.0,7439.0,247162.0
2007-11-30,6860.0,7065.0,6840.0,7029.0,8945.0,247943.0
2007-12-03,7050.0,7075.0,6760.0,6775.0,6360.0,247335.0
2007-12-04,6775.0,6801.0,6580.0,6672.0,7622.0,246037.0
2007-12-05,6709.0,6805.0,6600.0,6725.0,7502.0,246813.0
2007-12-06,6720.0,6810.0,6645.0,6740.0,5396.0,243970.0
2007-12-07,6770.0,6954.0,6715.0,6904.5,8100.0,248094.0
2007-12-10,6890.0,6910.0,6780.0,6820.0,5406.0,247660.0
2007-12-11,6812.0,6838.0,6672.0,6815.0,6545.0,248267.0
2007-12-12,6726.0,6750.0,6570.0,6705.0,9085.0,248951.0
2007-12-13,6680.0,6710.0,6480.0,6510.0,7430.0,249618.0
2007-12-14,6540.0,6575.0,6470.0,6525.0,5356.0,251064.0
2007-12-17,6520.0,6570.0,6357.0,6374.0,6831.0,252671.0
2007-12-18,6360.0,6425.0,6317.0,6357.0,5808.0,251258.0
2007-12-19,6375.0,6557.0,6355.0,6530.0,4559.0,247394.0
2007-12-20,6520.25,6659.0,6510.0,6552.5,4901.0,245161.0
2007-12-21,6555.0,6855.0,6552.0,6855.0,8693.0,244477.0
2007-12-27,6950.0,7065.0,6845.0,6890.0,6166.0,242188.0
2007-12-28,6880.0,6890.0,6761.0,6782.0,4135.0,244095.0
2007-12-31,6780.0,6815.0,6660.0,6695.0,2692.0,241472.0
2008-01-02,6750.0,6820.0,6695.0,6750.0,5925.0,243751.0
2008-01-03,6775.0,7035.0,6750.0,7030.0,7832.0,245828.0
2008-01-04,7040.0,7135.0,6870.0,6930.0,10142.0,246211.0
2008-01-07,6960.0,7040.0,6857.0,6940.0,5927.0,247174.0
2008-01-08,6948.0,7310.0,6948.0,7290.0,10520.0,248430.0
2008-01-09,7260.0,7450.0,7190.0,7230.0,9774.0,253803.0
2008-01-10,7265.0,7279.0,7100.0,7215.0,9822.0,250333.0
2008-01-11,7245.0,7340.0,7175.0,7300.0,8190.0,252672.0
2008-01-14,7315.0,7415.0,7295.0,7385.0,5868.0,252344.0
2008-01-15,7400.0,7420.0,7126.0,7180.0,7619.0,252442.0
2008-01-16,7120.0,7140.0,6950.0,7000.0,10879.0,249825.0
2008-01-17,7010.0,7180.0,6940.0,7020.0,9025.0,249496.0
2008-01-18,6990.0,7158.0,6980.0,7155.0,7079.0,251657.0
2008-01-21,7170.0,7229.0,6835.0,6880.0,10769.0,252671.0
2008-01-22,6865.0,7100.0,6675.0,7100.0,13473.0,255206.0
2008-01-23,7089.75,7095.0,6815.0,6865.0,11516.0,255694.0
2008-01-24,6965.0,7130.0,6930.0,7050.0,9816.0,258116.0
2008-01-25,7080.0,7205.0,7010.0,7040.0,7209.0,260464.0
2008-01-28,7030.25,7091.0,6904.0,7085.0,6292.0,259588.0
2008-01-29,7108.0,7320.0,7058.0,7320.0,12458.0,261169.0
2008-01-30,7260.0,7295.0,7120.0,7155.0,6854.0,265986.0
2008-01-31,7160.0,7345.0,7080.0,7325.0,9648.0,265545.0
2008-02-01,7299.75,7389.0,7195.0,7230.0,8038.0,266215.0
2008-02-04,7270.0,7350.0,7229.5,7310.0,5505.0,268608.0
2008-02-05,7320.0,7340.0,7056.0,7116.0,9433.0,271940.0
2008-02-06,7080.0,7335.0,7025.0,7285.0,8889.0,272486.0
2008-02-07,7295.0,7630.0,7265.0,7575.0,13012.0,268301.0
2008-02-08,7570.0,7788.0,7560.0,7717.0,10572.0,271835.0
2008-02-11,7740.0,7880.0,7721.0,7825.0,6824.0,273687.0
2008-02-12,7819.75,7898.0,7755.0,7826.0,6035.0,275371.0
2008-02-13,7813.0,7830.0,7651.0,7775.0,7545.0,272971.0
2008-02-14,7785.0,7877.0,7630.0,7650.0,5384.0,274110.0
2008-02-15,7640.0,7855.0,7640.0,7735.0,5802.0,276115.0
2008-02-18,7770.0,7990.0,7750.0,7970.0,5869.0,278435.0
2008-02-19,7960.0,8225.0,7950.0,8190.0,8932.0,274393.0
2008-02-20,8190.0,8200.0,8059.75,8150.0,7105.0,274956.0
2008-02-21,8170.0,8445.0,8169.25,8360.0,9751.0,273363.0
2008-02-22,8330.25,8390.0,8240.0,8325.0,6494.0,273514.0
2008-02-25,8370.0,8485.0,8135.0,8234.0,9152.0,274104.0
2008-02-26,8240.0,8360.0,8075.0,8340.0,9494.0,275334.0
2008-02-27,8367.0,8480.0,8310.0,8435.0,8618.0,276988.0
2008-02-28,8420.0,8570.0,8380.0,8510.0,8946.0,275748.0
2008-02-29,8515.0,8530.0,8410.0,8410.0,6568.0,279738.0
2008-03-03,8415.0,8661.0,8400.0,8590.0,8093.0,279583.0
2008-03-04,8574.75,8630.0,8333.0,8365.0,8764.0,280361.0
2008-03-05,8384.75,8725.0,8316.0,8700.0,11804.0,279228.0
2008-03-06,8700.0,8820.0,8460.0,8570.0,10515.0,279957.0
2008-03-07,8587.0,8645.0,8451.0,8560.0,6698.0,280661.0
2008-03-10,8570.0,8600.0,8269.0,8340.0,8949.0,277257.0
2008-03-11,8320.0,8515.0,8255.0,8315.0,11827.0,277073.0
2008-03-12,8320.0,8415.0,8208.0,8410.0,7929.0,278597.0
2008-03-13,8395.0,8466.0,8305.0,8340.0,5725.0,281686.0
2008-03-14,8325.0,8545.0,8320.0,8385.0,6550.0,280982.0
2008-03-17,8425.0,8521.0,8010.0,8085.0,14432.0,280504.0
2008-03-18,8100.0,8240.0,8029.75,8186.0,7951.0,282165.0
2008-03-19,8190.0,8265.0,7930.0,7930.0,10353.0,275765.0
2008-03-20,7900.0,7915.0,7611.0,7831.0,13391.0,277722.0
2008-03-25,7890.0,8144.0,7890.0,8090.0,7639.0,280435.0
2008-03-26,8095.0,8235.0,8070.0,8225.0,6623.0,280123.0
2008-03-27,8215.0,8550.0,8171.0,8494.0,9705.0,279536.0
2008-03-28,8475.0,8608.0,8337.0,8405.0,6808.0,282451.0
2008-03-31,8410.0,8500.0,8360.0,8395.0,6276.0,279345.0
2008-04-01,8380.0,8400.0,8160.0,8340.0,10837.0,277551.0
2008-04-02,8330.0,8554.75,8310.0,8550.0,8090.0,276877.0
2008-04-03,8545.0,8629.0,8420.0,8527.5,6015.0,278987.0
2008-04-04,8535.0,8695.0,8480.0,8678.0,6159.0,278954.0
2008-04-07,8700.0,8759.0,8605.0,8695.0,5659.0,279327.0
2008-04-08,8710.0,8710.0,8480.0,8535.0,5923.0,277379.0
2008-04-09,8519.0,8790.0,8460.0,8769.0,8560.0,276061.0
2008-04-10,8775.0,8818.0,8575.0,8598.0,7076.0,277128.0
2008-04-11,8600.0,8725.0,8580.0,8650.0,4379.0,275002.0
2008-04-14,8615.0,8615.0,8375.0,8555.0,7420.0,274166.0
2008-04-15,8522.0,8620.0,8430.0,8460.0,5349.0,273155.0
2008-04-16,8470.0,8810.25,8425.0,8680.0,9693.0,269860.0
2008-04-17,8700.0,8880.0,8575.0,8600.0,10988.0,266225.0
2008-04-18,8593.0,8697.5,8430.0,8579.0,9087.0,265897.0
2008-04-21,8580.0,8650.0,8460.0,8510.0,4721.0,266492.0
2008-04-22,8510.25,8745.0,8487.0,8695.0,7553.0,265929.0
2008-04-23,8675.0,8735.0,8525.0,8560.0,6928.0,265262.0
2008-04-24,8570.0,8683.0,8500.0,8530.0,6353.0,262644.0
2008-04-25,8550.0,8635.0,8370.0,8590.0,7645.0,262415.0
2008-04-28,8630.0,8660.0,8555.0,8632.0,4290.0,262033.0
2008-04-29,8632.0,8638.0,8502.25,8540.0,4392.0,262229.0
2008-04-30,8540.0,8580.0,8465.0,8580.0,6453.0,259638.0
2008-05-01,8585.0,8625.0,8105.0,8190.0,10959.0,259485.0
2008-05-02,8220.0,8455.0,8152.0,8400.0,7886.0,260598.0
2008-05-06,8550.0,8565.0,8422.5,8538.0,5577.0,255581.0
2008-05-07,8520.0,8535.0,8401.0,8442.5,4743.0,254965.0
2008-05-08,8440.0,8469.75,8260.0,8310.0,6495.0,253277.0
2008-05-09,8316.0,8335.0,8100.0,8170.0,7638.0,255203.0
2008-05-12,8174.0,8300.0,8115.0,8240.0,5821.0,254097.0
2008-05-13,8244.0,8350.0,8184.0,8221.0,6025.0,252300.0
2008-05-14,8240.0,8240.0,8055.0,8120.0,6579.0,250711.0
2008-05-15,8120.0,8312.0,8090.0,8249.0,5887.0,252298.0
2008-05-16,8250.0,8490.0,8240.75,8430.0,7010.0,253769.0
2008-05-19,8450.0,8495.0,8265.0,8330.0,4847.0,251444.0
2008-05-20,8339.75,8380.0,8225.0,8290.0,5202.0,249151.0
2008-05-21,8310.0,8330.0,8213.0,8250.0,5688.0,244933.0
2008-05-22,8249.0,8358.0,8089.5,8180.0,7752.0,244023.0
2008-05-23,8168.0,8240.0,8040.0,8240.0,6260.0,244426.0
2008-05-27,8230.0,8245.0,8130.0,8197.5,4464.0,244066.0
2008-05-28,8183.0,8210.0,8020.0,8146.0,7938.0,242131.0
2008-05-29,8125.0,8148.0,7855.0,7889.0,10777.0,243521.0
2008-05-30,7890.0,7980.0,7863.0,7945.0,6510.0,249009.0
2008-06-02,7945.0,7980.0,7825.25,7910.0,6053.0,244596.0
2008-06-03,7915.0,7980.0,7875.0,7879.0,4491.0,244192.0
2008-06-04,7919.75,7919.75,7825.0,7842.0,5959.0,241907.0
2008-06-05,7840.0,7875.0,7760.0,7839.5,5443.0,239843.0
2008-06-06,7860.0,8075.0,7860.0,8000.0,8705.0,239350.0
2008-06-09,8010.0,8078.75,7910.0,7984.0,4031.0,239206.0
2008-06-10,7945.0,7985.0,7855.0,7860.0,5747.0,238679.0
2008-06-11,7862.0,7955.5,7795.0,7920.0,6050.0,240086.0
2008-06-12,7870.25,7929.0,7783.0,7850.0,6260.0,238369.0
2008-06-13,7833.0,7980.0,7821.0,7950.0,6858.0,240584.0
2008-06-16,7980.0,8159.0,7945.0,8081.0,7280.0,242412.0
2008-06-17,8070.0,8149.5,8010.0,8070.0,5834.0,243222.0
2008-06-18,8073.0,8300.0,8060.0,8285.0,8315.0,240611.0
2008-06-19,8277.0,8405.0,8226.0,8337.0,8284.0,242620.0
2008-06-20,8330.0,8456.0,8300.0,8440.0,6256.0,245959.0
2008-06-23,8431.0,8490.0,8319.0,8405.0,6576.0,246765.0
2008-06-24,8411.25,8411.25,8321.25,8335.0,4132.0,243976.0
2008-06-25,8325.0,8430.5,8275.0,8357.0,5976.0,244206.0
2008-06-26,8370.0,8490.0,8355.0,8431.0,6696.0,243956.0
2008-06-27,8425.0,8559.0,8425.0,8546.0,6311.0,244453.0
2008-06-30,8550.0,8620.0,8463.0,8560.0,7107.0,246286.0
2008-07-01,8530.0,8645.0,8530.0,8610.0,6311.0,244523.0
2008-07-02,8600.0,8940.0,8552.25,8850.0,10013.0,246223.0
2008-07-03,8880.0,8880.0,8630.0,8642.0,8794.0,246799.0
2008-07-04,8647.0,8680.0,8455.0,8470.0,4467.0,249078.0
2008-07-07,8505.0,8590.0,8375.0,8460.0,6224.0,249351.0
2008-07-08,8455.0,8490.75,8150.25,8180.0,11857.0,251405.0
2008-07-09,8195.0,8285.0,8080.0,8260.0,9399.0,249428.0
2008-07-10,8245.0,8385.0,8120.0,8230.0,7959.0,250250.0
2008-07-11,8250.0,8400.0,8227.0,8310.0,6120.0,250250.0
2008-07-14,8300.0,8359.0,8220.0,8285.0,4537.0,249202.0
2008-07-15,8290.0,8315.0,8110.25,8195.0,6147.0,251436.0
2008-07-16,8179.5,8224.75,8030.0,8080.0,7397.0,245912.0
2008-07-17,8075.0,8212.0,8045.0,8145.0,6243.0,246938.0
2008-07-18,8140.0,8155.0,8065.0,8085.0,5217.0,243040.0
2008-07-21,8085.0,8190.0,8085.0,8130.0,2764.0,243128.0
2008-07-22,8158.0,8250.0,8087.0,8150.0,5991.0,239970.0
2008-07-23,8156.0,8175.0,8025.0,8100.0,6527.0,242209.0
2008-07-24,8075.0,8115.0,7887.0,7925.0,9211.0,242821.0
2008-07-25,7934.0,7979.0,7903.0,7979.0,4899.0,244798.0
2008-07-28,7995.0,8025.0,7935.0,7996.0,3530.0,242891.0
2008-07-29,8010.25,8010.25,7877.0,7935.0,4588.0,240355.0
2008-07-30,7940.0,8160.0,7840.0,8065.0,9419.0,241141.0
2008-07-31,8090.0,8175.0,8050.0,8071.0,5820.0,243644.0
2008-08-01,8065.0,8082.0,7850.0,7905.0,9386.0,246636.0
2008-08-04,7893.0,7924.0,7601.0,7625.0,13608.0,248024.0
2008-08-05,7625.0,7675.0,7530.0,7612.0,10062.0,249461.0
2008-08-06,7600.0,7724.0,7595.0,7613.0,7091.0,253765.0
2008-08-07,7615.0,7705.0,7591.0,7636.0,4651.0,253699.0
2008-08-08,7625.0,7635.0,7350.0,7415.0,9758.0,254239.0
2008-08-11,7390.0,7450.0,7300.0,7310.25,8068.0,251428.0
2008-08-12,7350.0,7360.0,7120.0,7140.0,9817.0,251279.0
2008-08-13,7145.0,7482.0,7140.0,7430.0,11553.0,249757.0
2008-08-14,7425.0,7617.0,7325.0,7380.0,11835.0,252587.0
2008-08-15,7370.0,7430.0,7185.0,7400.0,8182.0,251964.0
2008-08-18,7435.0,7525.0,7308.0,7379.0,5001.0,253606.0
2008-08-19,7365.0,7670.0,7305.0,7585.0,8071.0,254734.0
2008-08-20,7570.25,7740.0,7462.0,7555.0,8955.0,252361.0
2008-08-21,7575.0,7889.0,7570.0,7850.0,9188.0,250336.0
2008-08-22,7830.0,7885.0,7635.0,7681.25,7607.0,252578.0
2008-08-26,7718.0,7750.0,7485.0,7555.0,6166.0,251192.0
2008-08-27,7580.0,7710.0,7545.0,7630.0,6474.0,250803.0
2008-08-28,7630.0,7685.0,7520.0,7560.0,7024.0,249586.0
2008-08-29,7569.75,7575.0,7426.0,7510.0,6607.0,249328.0
2008-09-01,7520.0,7520.0,7268.0,7312.0,5025.0,248324.0
2008-09-02,7323.0,7330.0,7128.0,7280.0,17370.0,249937.0
2008-09-03,7280.0,7385.0,7211.0,7345.0,8036.0,251499.0
2008-09-04,7354.75,7440.0,7205.0,7244.0,7591.0,253523.0
2008-09-05,7225.0,7225.0,6860.0,6888.0,18776.0,256918.0
2008-09-08,6980.0,7025.0,6852.0,6858.0,9515.0,262921.0
2008-09-09,6863.0,6955.0,6778.0,6852.0,12893.0,264985.0
2008-09-10,6828.5,6970.0,6775.0,6930.0,14534.0,266921.0
2008-09-11,6905.0,6970.0,6800.0,6940.0,11294.0,269809.0
2008-09-12,6970.0,7180.0,6940.0,7107.0,10773.0,272455.0
2008-09-15,7125.0,7195.0,6806.0,6955.0,11529.0,273896.0
2008-09-16,6930.0,6940.0,6720.0,6855.25,12626.0,277355.0
2008-09-17,6879.75,6925.0,6721.0,6795.0,9240.0,269904.0
2008-09-18,6830.0,6987.0,6625.0,6780.0,13190.0,269140.0
2008-09-19,6770.0,7160.0,6720.0,7040.0,13818.0,272159.0
2008-09-22,7070.0,7333.0,7005.0,7315.0,10741.0,274613.0
2008-09-23,7290.0,7290.0,6960.0,6979.0,10865.0,275617.0
2008-09-24,6990.0,7075.0,6860.0,6910.0,8629.0,279845.0
2008-09-25,6906.0,6980.0,6835.0,6955.0,7712.0,280318.0
2008-09-26,6950.0,6960.0,6767.0,6820.0,7427.0,275960.0
2008-09-29,6790.0,6805.0,6349.5,6400.0,9506.0,275902.0
2008-09-30,6375.0,6440.0,6170.0,6380.0,11516.0,273143.0
2008-10-01,6395.0,6530.0,6120.0,6165.0,12067.0,274449.0
2008-10-02,6150.0,6270.0,5785.0,5790.0,13553.0,275824.0
2008-10-03,5825.0,6025.0,5680.0,5900.0,12814.0,277450.0
2008-10-06,5845.0,5845.0,5465.0,5475.0,14398.0,276685.0
2008-10-07,5575.0,5735.25,5480.0,5573.25,12444.0,280176.0
2008-10-08,5424.75,5681.0,5212.0,5350.0,18583.0,278222.0
2008-10-09,5265.0,5429.0,5220.0,5360.0,8804.0,279739.0
2008-10-10,5200.0,5200.0,4570.0,4615.0,16029.0,278703.0
2008-10-13,4900.0,5180.0,4795.0,5170.0,8808.0,282234.0
2008-10-14,5195.0,5615.0,5195.0,5300.0,14966.0,279667.0
2008-10-15,5275.0,5275.0,4820.0,4820.0,8756.0,275970.0
2008-10-16,4700.0,4909.0,4545.0,4605.0,15095.0,278080.0
2008-10-17,4800.0,4960.0,4548.0,4835.0,9477.0,281267.0
2008-10-20,4810.0,4950.0,4661.0,4720.0,6853.0,278939.0
2008-10-21,4780.0,4842.0,4430.0,4480.0,10062.0,276162.0
2008-10-22,4475.0,4475.0,4040.0,4060.0,11747.0,274190.0
2008-10-23,4054.25,4145.0,3815.0,3983.0,12221.0,281344.0
2008-10-24,4064.5,4126.0,3665.0,3715.0,11934.0,278807.0
2008-10-27,3750.0,4070.0,3590.0,4000.0,11693.0,278663.0
2008-10-28,3930.0,4200.0,3825.0,4200.0,11294.0,284611.0
2008-10-29,4260.0,4696.0,4090.0,4545.0,16482.0,279741.0
2008-10-30,4610.0,4820.0,4131.0,4200.0,14986.0,280307.0
2008-10-31,4190.0,4205.0,3832.0,4155.0,12504.0,284762.0
2008-11-03,4150.0,4270.0,3934.0,4105.0,9463.0,282168.0
2008-11-04,4090.0,4435.0,3938.0,4345.0,10385.0,280703.0
2008-11-05,4300.0,4300.0,3970.0,4039.5,12004.0,278564.0
2008-11-06,4000.0,4030.0,3765.0,3780.0,10973.0,277327.0
2008-11-07,3750.25,3952.0,3730.75,3745.0,8008.0,275930.0
2008-11-10,3940.0,4171.75,3855.0,3910.0,10945.0,278510.0
2008-11-11,3850.0,3920.0,3620.0,3662.0,8478.0,277392.0
2008-11-12,3680.0,3725.0,3570.0,3620.0,7504.0,278783.0
2008-11-13,3560.0,3720.0,3520.0,3715.0,8308.0,275342.0
2008-11-14,3760.0,3868.0,3735.0,3800.0,7822.0,275922.0
2008-11-17,3700.0,3764.5,3600.0,3680.0,6103.0,276331.0
2008-11-18,3650.0,3775.0,3561.0,3682.5,7142.0,274846.0
2008-11-19,3719.75,3726.0,3540.0,3595.0,6710.0,269321.0
2008-11-20,3549.0,3600.0,3430.0,3500.0,7750.0,267770.0
2008-11-21,3440.0,3653.0,3375.0,3495.0,8556.0,269010.0
2008-11-24,3560.0,3815.0,3440.0,3735.0,10191.0,270345.0
2008-11-25,3730.0,3770.0,3560.0,3657.0,11542.0,272366.0
2008-11-26,3650.0,3840.5,3615.0,3765.0,8514.0,271712.0
2008-11-27,3745.0,3790.0,3653.0,3730.0,3635.0,272959.0
2008-11-28,3735.0,3735.0,3582.0,3660.0,5185.0,270717.0
2008-12-01,3640.0,3710.0,3577.75,3609.0,5166.0,270830.0
2008-12-02,3585.0,3610.0,3475.0,3524.75,6616.0,270377.0
2008-12-03,3530.0,3535.0,3351.0,3390.0,7988.0,269197.0
2008-12-04,3410.0,3456.0,3225.0,3265.0,8881.0,264472.0
2008-12-05,3220.0,3230.0,2991.0,3075.0,7872.0,264192.0
2008-12-08,3075.25,3380.0,3073.25,3305.0,8734.0,264309.0
2008-12-09,3305.0,3305.0,3102.0,3167.0,7957.0,261692.0
2008-12-10,3155.0,3345.0,3150.0,3270.0,6012.0,259854.0
2008-12-11,3241.0,3355.0,3230.0,3329.0,5922.0,262784.0
2008-12-12,3265.0,3275.0,3025.0,3165.0,9410.0,261325.0
2008-12-15,3240.0,3280.0,3090.0,3100.0,4913.0,263087.0
2008-12-16,3124.75,3145.0,3034.0,3055.0,5030.0,259560.0
2008-12-17,3101.75,3140.0,2940.25,3050.0,7054.0,248756.0
2008-12-18,3050.0,3055.0,2860.0,2860.0,5392.0,248602.0
2008-12-19,2879.75,2959.75,2860.0,2926.0,5297.0,245052.0
2008-12-22,2980.0,3065.0,2920.0,2960.0,4061.0,245075.0
2008-12-23,2960.0,2975.0,2825.0,2827.0,4203.0,245220.0
2008-12-24,2860.0,2918.75,2825.0,2850.0,3160.0,242282.0
2008-12-29,2850.0,2940.0,2844.0,2900.0,3589.0,242607.0
2008-12-30,2885.0,2925.0,2845.0,2910.0,3296.0,242782.0
2008-12-31,2928.0,3106.0,2910.0,3090.0,5543.0,240474.0
2009-01-02,3055.0,3265.0,3025.0,3210.5,6142.0,241893.0
2009-01-05,3220.0,3290.0,3115.0,3205.0,7455.0,241229.0
2009-01-06,3190.0,3480.0,3181.5,3454.0,13154.0,240424.0
2009-01-07,3450.0,3570.0,3305.0,3305.0,11265.0,241555.0
2009-01-08,3320.0,3350.0,3184.0,3222.5,8753.0,243471.0
2009-01-09,3244.0,3449.75,3244.0,3430.0,12646.0,245006.0
2009-01-12,3430.0,3520.0,3196.0,3256.0,10806.0,250715.0
2009-01-13,3270.0,3420.0,3120.0,3373.5,12670.0,257246.0
2009-01-14,3380.0,3410.0,3205.0,3300.0,9403.0,250120.0
2009-01-15,3295.5,3345.25,3171.0,3268.75,9417.0,249903.0
2009-01-16,3310.0,3445.0,3290.0,3359.0,9090.0,247701.0
2009-01-19,3360.0,3475.0,3334.75,3440.0,6247.0,250946.0
2009-01-20,3390.0,3415.0,3259.5,3290.0,8055.0,246590.0
2009-01-21,3285.0,3355.0,3175.0,3208.0,10660.0,244418.0
2009-01-22,3245.0,3280.0,3080.0,3102.0,9201.0,247188.0
2009-01-23,3104.75,3290.0,3055.0,3290.0,10071.0,252926.0
2009-01-26,3260.0,3603.75,3211.0,3510.0,13120.0,254276.0
2009-01-27,3519.0,3610.0,3223.0,3297.0,12039.0,253815.0
2009-01-28,3295.0,3437.5,3255.0,3349.75,8672.0,253815.0
2009-01-29,3305.0,3320.0,3139.0,3231.25,8052.0,250581.0
2009-01-30,3228.0,3255.0,3119.0,3211.75,6935.0,250577.0
2009-02-02,3224.5,3255.0,3096.0,3185.0,6381.0,249495.0
2009-02-03,3205.0,3390.0,3190.0,3373.0,8901.0,249636.0
2009-02-04,3370.0,3472.0,3332.0,3375.0,8834.0,249256.0
2009-02-05,3360.0,3430.0,3288.0,3350.0,6759.0,248558.0
2009-02-06,3350.0,3605.0,3350.0,3600.0,12947.0,245868.0
2009-02-09,3600.0,3669.0,3532.0,3570.0,7428.0,245488.0
2009-02-10,3579.75,3623.0,3456.0,3484.0,8835.0,245933.0
2009-02-11,3451.0,3495.0,3372.0,3396.0,7644.0,243797.0
2009-02-12,3450.0,3469.0,3344.0,3415.0,7163.0,243054.0
2009-02-13,3435.0,3496.0,3420.0,3445.0,5349.0,246370.0
2009-02-16,3395.0,3410.0,3307.0,3320.0,5013.0,248244.0
2009-02-17,3330.0,3355.0,3180.0,3209.0,10182.0,246412.0
2009-02-18,3185.0,3250.0,3165.0,3237.0,7837.0,248142.0
2009-02-19,3240.0,3349.75,3226.0,3297.0,6483.0,247054.0
2009-02-20,3289.75,3300.0,3139.0,3170.0,8420.0,246520.0
2009-02-23,3200.0,3305.0,3180.0,3225.0,6917.0,248069.0
2009-02-24,3190.0,3375.0,3157.0,3370.0,7537.0,245154.0
2009-02-25,3350.0,3425.0,3321.0,3405.0,8216.0,243815.0
2009-02-26,3390.0,3540.75,3385.0,3509.0,11479.0,243897.0
2009-02-27,3471.0,3485.0,3315.0,3423.0,9230.0,242010.0
2009-03-02,3390.0,3424.0,3340.0,3375.0,6075.0,242290.0
2009-03-03,3370.0,3548.0,3360.0,3529.0,9903.0,240019.0
2009-03-04,3550.0,3785.0,3520.0,3740.0,14962.0,242034.0
2009-03-05,3770.0,3770.0,3636.25,3650.0,10135.0,240953.0
2009-03-06,3650.0,3785.25,3640.0,3716.0,7678.0,241667.0
2009-03-09,3724.0,3725.0,3588.0,3625.0,7327.0,239833.0
2009-03-10,3635.0,3753.0,3600.0,3710.0,8713.0,241525.0
2009-03-11,3712.0,3714.5,3555.0,3586.5,8781.0,240906.0
2009-03-12,3580.0,3654.0,3500.0,3654.0,7989.0,241699.0
2009-03-13,3630.0,3720.0,3598.25,3685.0,6918.0,244168.0
2009-03-16,3670.0,3850.0,3650.0,3845.0,8277.0,243465.0
2009-03-17,3810.0,3862.0,3754.0,3780.0,7998.0,241420.0
2009-03-18,3795.0,3855.0,3725.0,3845.0,7521.0,235433.0
2009-03-19,3856.0,4020.0,3835.0,3985.0,12841.0,237921.0
2009-03-20,3980.0,4075.0,3930.5,3960.0,9840.0,239472.0
2009-03-23,3975.0,4135.0,3975.0,4075.0,9605.0,241470.0
2009-03-24,4100.0,4134.0,3921.0,3985.0,8829.0,242697.0
2009-03-25,3980.0,4020.0,3890.0,3950.0,7867.0,245476.0
2009-03-26,3980.0,4135.0,3980.0,4105.0,9415.0,246057.0
2009-03-27,4129.0,4168.0,3972.0,4015.0,7254.0,247875.0
2009-03-30,4010.0,4069.0,3886.25,3890.0,6653.0,248031.0
2009-03-31,3925.0,4099.0,3920.0,4084.0,10369.0,247751.0
2009-04-01,4040.0,4084.75,3960.75,4078.0,8605.0,246864.0
2009-04-02,4090.0,4187.5,4055.0,4165.0,14115.0,247056.0
2009-04-03,4168.0,4396.0,4113.0,4350.0,13436.0,248745.0
2009-04-06,4332.5,4459.0,4235.0,4279.75,11671.0,250265.0
2009-04-07,4290.0,4415.0,4235.0,4350.0,8738.0,253362.0
2009-04-08,4350.0,4420.0,4277.0,4384.5,8381.0,252224.0
2009-04-09,4380.0,4570.0,4360.0,4568.75,11094.0,251363.0
2009-04-14,4700.0,4925.0,4580.0,4634.0,12637.0,249213.0
2009-04-15,4650.0,4850.0,4623.0,4842.0,10345.0,247617.0
2009-04-16,4880.0,4888.0,4716.0,4750.0,9986.0,247273.0
2009-04-17,4760.0,4825.0,4675.0,4795.0,7585.0,245089.0
2009-04-20,4750.0,4790.0,4565.0,4575.0,7906.0,244078.0
2009-04-21,4585.0,4585.0,4369.0,4516.0,10583.0,243930.0
2009-04-22,4501.0,4578.0,4390.25,4470.0,9163.0,244568.0
2009-04-23,4430.0,4579.0,4290.0,4310.0,14094.0,244516.0
2009-04-24,4340.0,4485.0,4270.0,4480.0,10049.0,243345.0
2009-04-27,4430.0,4430.0,4252.0,4306.75,9121.0,239891.0
2009-04-28,4310.0,4355.0,4158.0,4168.0,12116.0,242183.0
2009-04-29,4185.0,4382.0,4170.0,4378.0,10241.0,247337.0
2009-04-30,4300.0,4513.75,4300.0,4440.0,8644.0,246760.0
2009-05-01,4450.0,4625.0,4440.0,4625.0,6338.0,245227.0
2009-05-05,4700.0,4750.0,4508.0,4530.0,8625.0,243326.0
2009-05-06,4519.0,4794.0,4510.0,4780.0,13077.0,244461.0
2009-05-07,4800.0,4848.0,4630.5,4660.0,11156.0,243253.0
2009-05-08,4701.5,4818.75,4660.0,4699.0,9388.0,243791.0
2009-05-11,4678.0,4695.0,4508.0,4562.0,7399.0,244425.0
2009-05-12,4570.0,4717.0,4533.0,4577.5,8660.0,243625.0
2009-05-13,4595.0,4659.0,4433.0,4454.0,10249.0,246346.0
2009-05-14,4440.0,4465.0,4315.0,4458.0,9895.0,247661.0
2009-05-15,4465.0,4495.25,4332.0,4435.0,8657.0,249484.0
2009-05-18,4425.0,4549.75,4343.0,4535.0,8621.0,247728.0
2009-05-19,4549.75,4673.75,4501.0,4555.0,10356.0,244898.0
2009-05-20,4555.0,4680.0,4530.0,4642.0,8005.0,243098.0
2009-05-21,4610.0,4610.0,4425.0,4492.0,10436.0,241959.0
2009-05-22,4525.0,4650.0,4490.0,4616.0,7352.0,239791.0
2009-05-26,4620.0,4702.0,4480.0,4699.75,9666.0,236215.0
2009-05-27,4700.0,4725.0,4615.0,4630.0,7505.0,237605.0
2009-05-28,4602.0,4746.0,4552.0,4700.0,8323.0,236941.0
2009-05-29,4720.0,4827.0,4705.0,4795.0,9174.0,240009.0
2009-06-01,4819.75,5091.0,4810.0,5088.0,11066.0,240621.0
2009-06-02,5060.0,5145.0,4982.0,5030.0,10712.0,241862.0
2009-06-03,5030.0,5113.75,4839.0,4840.0,13824.0,241811.0
2009-06-04,4880.0,5060.0,4847.0,5055.0,10814.0,243532.0
2009-06-05,5060.0,5125.0,4897.0,5003.0,10942.0,244087.0
2009-06-08,4999.0,5064.75,4906.0,4985.0,7573.0,246247.0
2009-06-09,5015.0,5207.75,4966.0,5190.0,10507.0,243508.0
2009-06-10,5185.0,5264.0,5137.75,5184.75,9943.0,244023.0
2009-06-11,5201.0,5388.0,5158.5,5375.0,10785.0,248977.0
2009-06-12,5350.0,5365.0,5183.0,5225.0,10862.0,248452.0
2009-06-15,5220.0,5224.75,4995.0,5008.5,10859.0,247768.0
2009-06-16,5010.0,5090.25,4922.0,4955.0,11026.0,240843.0
2009-06-17,4930.0,5010.0,4880.0,4981.0,11521.0,236648.0
2009-06-18,4970.0,5009.0,4890.0,4980.0,8217.0,235968.0
2009-06-19,4985.0,5047.0,4927.0,4950.0,7365.0,236640.0
2009-06-22,4940.0,4940.0,4715.0,4740.0,11349.0,237986.0
2009-06-23,4705.0,4870.0,4685.0,4840.0,10212.0,238276.0
2009-06-24,4833.0,5057.75,4775.5,5016.0,12495.0,239919.0
2009-06-25,5033.5,5145.5,4935.0,5099.75,12542.0,240307.0
2009-06-26,5100.0,5140.0,5014.0,5052.5,8889.0,243682.0
2009-06-29,5025.0,5174.0,5020.0,5101.0,9481.0,243853.0
2009-06-30,5110.0,5180.0,4910.0,4970.25,12274.0,244115.0
2009-07-01,4984.0,5187.5,4975.0,5130.0,13788.0,244742.0
2009-07-02,5125.0,5144.0,4966.5,5038.0,9695.0,242752.0
2009-07-03,5030.0,5068.0,4950.0,4960.0,4615.0,239252.0
2009-07-06,4945.0,4975.25,4842.25,4969.5,7260.0,237139.0
2009-07-07,4970.0,5045.0,4865.0,4900.0,8576.0,238220.0
2009-07-08,4855.0,4928.0,4710.0,4746.0,10837.0,237424.0
2009-07-09,4755.0,4930.0,4750.0,4902.0,11930.0,239949.0
2009-07-10,4880.0,4939.0,4810.0,4880.0,7769.0,245730.0
2009-07-13,4900.0,4920.0,4810.0,4900.0,6709.0,244819.0
2009-07-14,4913.0,5080.5,4880.0,5040.0,9026.0,241003.0
2009-07-15,5061.0,5284.0,5045.0,5243.0,14725.0,240641.0
2009-07-16,5255.0,5278.25,5163.0,5240.0,9777.0,243625.0
2009-07-17,5240.0,5351.0,5199.75,5318.0,9246.0,246130.0
2009-07-20,5310.0,5464.75,5305.0,5400.0,9759.0,247516.0
2009-07-21,5415.0,5469.0,5330.0,5351.0,8188.0,248056.0
2009-07-22,5360.0,5550.0,5338.0,5549.0,11239.0,244643.0
2009-07-23,5531.0,5565.0,5420.0,5500.0,11878.0,247906.0
2009-07-24,5490.0,5575.0,5454.5,5529.0,6207.0,247439.0
2009-07-27,5535.0,5646.0,5517.0,5570.0,8807.0,245802.0
2009-07-28,5570.25,5645.0,5485.0,5560.0,8903.0,246232.0
2009-07-29,5540.0,5566.0,5385.0,5425.0,10525.0,245819.0
2009-07-30,5440.0,5640.0,5408.0,5625.0,10706.0,245529.0
2009-07-31,5601.0,5755.0,5588.0,5748.0,11530.0,248119.0
2009-08-03,5781.0,6040.5,5765.0,6039.0,10948.0,248128.0
2009-08-04,6025.0,6144.5,5912.5,6090.0,10791.0,251238.0
2009-08-05,6099.0,6235.0,6040.0,6195.0,11743.0,251629.0
2009-08-06,6190.0,6190.0,5978.0,6055.0,12822.0,254845.0
2009-08-07,6031.0,6170.0,5915.0,6125.0,12498.0,257653.0
2009-08-10,6120.0,6258.0,6053.0,6081.0,9444.0,257395.0
2009-08-11,6072.0,6184.75,6016.25,6045.0,8666.0,259254.0
2009-08-12,6070.0,6234.0,5941.0,6216.0,11924.0,259470.0
2009-08-13,6200.0,6450.0,6185.0,6414.0,11803.0,257514.0
2009-08-14,6421.0,6480.0,6205.0,6205.0,9870.0,260463.0
2009-08-17,6205.0,6205.0,6000.0,6093.0,10531.0,262432.0
2009-08-18,6080.0,6190.0,5981.75,6075.0,11149.0,261857.0
2009-08-19,6097.0,6141.0,5818.0,6061.25,15554.0,258709.0
2009-08-20,6060.0,6154.0,5975.0,6020.0,9942.0,260234.0
2009-08-21,6020.0,6335.25,5958.0,6305.0,12497.0,260574.0
2009-08-24,6335.0,6433.0,6290.5,6360.0,8717.0,262528.0
2009-08-25,6376.0,6380.0,6250.0,6250.0,7883.0,264195.0
2009-08-26,6252.0,6408.5,6237.5,6295.25,9516.0,264245.0
2009-08-27,6298.25,6352.0,6222.0,6315.0,7153.0,261974.0
2009-08-28,6319.0,6549.0,6319.0,6505.0,9966.0,260136.0
2009-09-01,6310.0,6379.0,6150.0,6185.0,11174.0,258266.0
2009-09-02,6163.0,6230.0,6025.0,6190.0,11909.0,257745.0
2009-09-03,6170.0,6316.25,6115.0,6290.0,9442.0,254323.0
2009-09-04,6315.0,6358.0,6220.5,6265.0,6276.0,253595.0
2009-09-07,6270.0,6350.0,6270.0,6343.0,2296.0,254190.0
2009-09-08,6335.0,6530.0,6280.0,6458.0,10324.0,252861.0
2009-09-09,6475.0,6516.0,6355.75,6400.0,6960.0,255150.0
2009-09-10,6380.0,6472.0,6212.0,6315.0,10044.0,254357.0
2009-09-11,6345.0,6397.0,6220.0,6230.0,8153.0,256958.0
2009-09-14,6198.0,6199.75,6070.0,6150.0,9791.0,256878.0
2009-09-15,6169.5,6280.0,6140.0,6280.0,7513.0,259038.0
2009-09-16,6275.0,6474.75,6250.0,6470.0,9283.0,256336.0
2009-09-17,6460.0,6470.0,6332.0,6362.0,8941.0,255240.0
2009-09-18,6350.0,6380.0,6118.0,6139.0,10228.0,257797.0
2009-09-21,6140.0,6221.0,6050.0,6175.0,11367.0,257413.0
2009-09-22,6170.0,6349.75,6165.0,6290.0,8512.0,257776.0
2009-09-23,6300.0,6305.0,6065.0,6173.75,10100.0,255326.0
2009-09-24,6110.0,6158.0,5927.5,5928.0,14874.0,254381.0
2009-09-25,5903.0,6030.0,5900.0,6001.75,9602.0,256653.0
2009-09-28,6015.0,6021.5,5855.25,5982.0,8322.0,256447.0
2009-09-29,5975.0,6039.75,5907.0,5981.0,7801.0,256528.0
2009-09-30,5985.0,6193.0,5985.0,6179.5,13540.0,256317.0
2009-10-01,6180.0,6195.0,5972.75,6009.0,9602.0,252481.0
2009-10-02,5990.0,5990.0,5810.0,5897.25,10560.0,251024.0
2009-10-05,5880.0,6008.75,5847.75,6000.5,6068.0,255471.0
2009-10-06,5995.0,6176.0,5995.0,6085.0,9300.0,249858.0
2009-10-07,6100.0,6160.0,6040.25,6090.0,9000.0,248970.0
2009-10-08,6135.0,6363.0,6119.75,6335.75,11951.0,249279.0
2009-10-09,6312.5,6340.0,6195.0,6230.5,8393.0,251810.0
2009-10-12,6260.25,6305.0,6222.0,6270.0,4301.0,254200.0
2009-10-13,6251.0,6329.5,6055.25,6125.0,10555.0,253983.0
2009-10-14,6160.0,6280.0,6160.0,6251.75,7591.0,254926.0
2009-10-15,6267.0,6325.0,6098.0,6260.0,10035.0,255299.0
2009-10-16,6300.0,6305.0,6170.0,6240.0,6968.0,255389.0
2009-10-19,6200.25,6510.0,6170.0,6482.5,13479.0,256149.0
2009-10-20,6490.0,6570.0,6390.0,6410.0,13420.0,254239.0
2009-10-21,6420.5,6665.0,6345.0,6660.25,13673.0,250820.0
2009-10-22,6620.0,6645.0,6528.25,6580.0,10323.0,256808.0
2009-10-23,6588.5,6714.0,6571.0,6646.0,10198.0,256874.0
2009-10-26,6635.0,6732.0,6530.0,6540.0,9852.0,257182.0
2009-10-27,6559.75,6642.0,6538.0,6605.5,9342.0,257121.0
2009-10-28,6600.0,6660.0,6420.0,6456.5,12898.0,256564.0
2009-10-29,6455.0,6675.0,6405.0,6652.0,11344.0,261451.0
2009-10-30,6658.0,6685.0,6465.25,6490.0,10383.0,261934.0
2009-11-02,6502.0,6565.0,6428.0,6478.0,8335.0,263743.0
2009-11-03,6498.0,6571.0,6372.25,6534.0,12105.0,262431.0
2009-11-04,6549.0,6638.0,6549.0,6577.0,8952.0,264779.0
2009-11-05,6567.0,6585.0,6485.0,6540.0,5254.0,263761.0
2009-11-06,6535.0,6620.0,6440.5,6495.0,10317.0,267004.0
2009-11-09,6560.0,6615.0,6524.0,6560.0,7198.0,266680.0
2009-11-10,6570.0,6580.0,6470.0,6530.0,7392.0,267179.0
2009-11-11,6544.0,6660.0,6510.0,6569.75,9792.0,268836.0
2009-11-12,6578.0,6586.0,6468.0,6497.0,8822.0,270409.0
2009-11-13,6499.0,6560.0,6467.25,6542.75,6967.0,276053.0
2009-11-16,6550.0,6865.0,6550.0,6855.0,14841.0,275547.0
2009-11-17,6820.0,6873.75,6779.75,6865.0,9013.0,275631.0
2009-11-18,6860.0,6992.0,6827.0,6857.5,10815.0,267721.0
2009-11-19,6875.0,6900.0,6759.0,6826.0,9157.0,267533.0
2009-11-20,6840.0,6870.0,6729.0,6857.0,8357.0,270500.0
2009-11-23,6900.0,7010.0,6891.0,6910.0,7230.0,269537.0
2009-11-24,6880.0,6950.0,6826.25,6890.0,8358.0,269198.0
2009-11-25,6910.0,7025.0,6895.0,7010.0,7578.0,268073.0
2009-11-26,7000.0,7060.0,6813.0,6825.0,7724.0,269469.0
2009-11-27,6832.0,6860.0,6620.0,6860.0,16042.0,271876.0
2009-11-30,6870.0,6972.0,6830.0,6969.0,9445.0,276641.0
2009-12-01,6940.0,7089.0,6910.25,7060.0,10286.0,270410.0
2009-12-02,7059.0,7170.0,7026.0,7115.0,10732.0,272463.0
2009-12-03,7115.0,7166.0,7079.0,7117.0,8114.0,271448.0
2009-12-04,7079.75,7170.0,7014.5,7055.0,10787.0,272220.0
2009-12-07,7050.0,7070.0,6920.0,7045.0,8039.0,273259.0
2009-12-08,7049.75,7113.0,6900.0,6900.0,11673.0,271758.0
2009-12-09,6910.0,7000.0,6817.0,6843.0,11031.0,276441.0
2009-12-10,6874.0,6900.0,6762.75,6818.0,9679.0,277840.0
2009-12-11,6830.0,6920.0,6815.0,6880.0,8094.0,277022.0
2009-12-14,6880.0,6940.0,6832.0,6925.0,6343.0,276175.0
2009-12-15,6929.0,6950.0,6833.0,6903.5,6600.0,272703.0
2009-12-16,6909.75,7067.0,6909.75,7030.0,9343.0,266330.0
2009-12-17,7020.0,7033.0,6850.0,6861.0,8808.0,266486.0
2009-12-18,6890.0,6926.0,6820.0,6898.0,7692.0,263133.0
2009-12-21,6920.0,6978.25,6895.0,6925.0,4822.0,262193.0
2009-12-22,6929.0,6940.0,6845.0,6897.0,4941.0,260160.0
2009-12-23,6910.0,7049.75,6880.0,7049.75,6697.0,258921.0
2009-12-24,7025.5,7167.0,7001.0,7134.0,5275.0,258594.0
2009-12-29,7260.0,7307.0,7230.0,7265.0,5837.0,257456.0
2009-12-30,7244.75,7380.0,7241.0,7333.0,5028.0,258479.0
2009-12-31,7355.0,7423.75,7340.0,7408.0,4764.0,260711.0
2010-01-04,7405.0,7536.0,7380.0,7506.0,10218.0,259458.0
2010-01-05,7480.0,7528.0,7435.0,7525.0,7457.0,259704.0
2010-01-06,7516.0,7742.0,7500.0,7665.0,12940.0,258274.0
2010-01-07,7694.0,7796.0,7530.0,7542.5,12577.0,256843.0
2010-01-08,7552.0,7575.0,7455.0,7510.0,11205.0,256894.0
2010-01-11,7555.0,7705.0,7555.0,7587.5,10360.0,256968.0
2010-01-12,7580.0,7617.0,7320.0,7330.0,15874.0,259899.0
2010-01-13,7325.0,7518.25,7298.0,7492.75,15582.0,261019.0
2010-01-14,7529.5,7575.0,7435.25,7489.0,9250.0,261882.0
2010-01-15,7490.25,7529.0,7365.0,7390.0,7170.0,261871.0
2010-01-18,7400.0,7555.0,7400.0,7530.0,5288.0,264086.0
2010-01-19,7530.0,7608.0,7445.25,7582.0,11740.0,257956.0
2010-01-20,7607.5,7625.0,7345.0,7420.0,14608.0,247972.0
2010-01-21,7425.0,7500.0,7220.0,7280.0,18512.0,248652.0
2010-01-22,7280.0,7417.0,7194.0,7395.0,18922.0,250244.0
2010-01-25,7375.0,7488.75,7318.0,7455.0,10214.0,251357.0
2010-01-26,7455.0,7471.0,7282.25,7378.0,13574.0,248706.0
2010-01-27,7364.0,7389.0,7035.75,7047.5,19838.0,250296.0
2010-01-28,7060.0,7145.0,6821.0,6870.0,24001.0,253436.0
2010-01-29,6890.0,6950.0,6720.0,6738.25,20196.0,256535.0
2010-02-01,6755.0,6835.0,6600.0,6825.0,14881.0,257454.0
2010-02-02,6830.0,6894.75,6727.0,6853.75,14997.0,257866.0
2010-02-03,6855.0,6948.0,6525.0,6590.0,23768.0,257613.0
2010-02-04,6619.0,6680.0,6329.0,6376.5,22509.0,259979.0
2010-02-05,6385.5,6400.0,6225.0,6285.0,20711.0,259728.0
2010-02-08,6390.0,6475.0,6340.0,6408.75,11905.0,259915.0
2010-02-09,6408.75,6650.0,6371.25,6630.0,15847.0,264426.0
2010-02-10,6615.0,6673.5,6494.5,6640.0,14143.0,266686.0
2010-02-11,6670.0,6970.0,6661.0,6946.25,17880.0,266825.0
2010-02-12,6910.0,6921.0,6720.0,6790.0,13644.0,270727.0
2010-02-15,6850.0,6900.0,6787.0,6880.0,3178.0,274944.0
2010-02-16,6901.25,7146.0,6900.0,7145.0,13510.0,270697.0
2010-02-17,7140.0,7240.0,7094.25,7165.0,13156.0,271267.0
2010-02-18,7140.0,7336.0,7045.25,7290.0,14575.0,269658.0
2010-02-19,7234.0,7450.0,7115.0,7411.5,14811.0,274062.0
2010-02-22,7405.5,7420.0,7285.0,7313.0,11325.0,271198.0
2010-02-23,7283.25,7410.0,7075.75,7110.0,18096.0,270087.0
2010-02-24,7135.0,7198.0,7020.0,7166.0,15200.0,271006.0
2010-02-25,7166.0,7240.0,6970.0,7078.25,16754.0,270533.0
2010-02-26,7113.0,7229.75,7055.0,7226.0,12248.0,271570.0
2010-03-01,7521.75,7600.0,7321.0,7360.0,18717.0,270487.0
2010-03-02,7380.0,7515.0,7255.0,7500.0,16460.0,277944.0
2010-03-03,7470.0,7634.0,7373.75,7550.0,18561.0,273855.0
2010-03-04,7500.0,7555.0,7367.0,7403.0,15072.0,273855.0
2010-03-05,7425.0,7610.0,7410.0,7532.0,12002.0,280235.0
2010-03-08,7540.0,7629.75,7460.0,7519.0,9756.0,279889.0
2010-03-09,7536.75,7536.75,7387.0,7507.5,10337.0,283831.0
2010-03-10,7504.75,7588.0,7385.0,7437.0,13973.0,282498.0
2010-03-11,7440.0,7480.0,7356.0,7465.0,12206.0,282037.0
2010-03-12,7470.0,7510.0,7405.5,7461.0,7986.0,282995.0
2010-03-15,7453.75,7453.75,7270.0,7296.0,11730.0,282247.0
2010-03-16,7310.25,7464.0,7300.0,7426.0,8975.0,281938.0
2010-03-17,7440.0,7555.0,7435.0,7550.0,7618.0,280195.0
2010-03-18,7530.0,7545.0,7444.0,7495.0,8149.0,280215.0
2010-03-19,7490.0,7550.0,7406.25,7445.0,8923.0,285973.0
2010-03-22,7412.0,7469.5,7305.0,7460.0,12124.0,280036.0
2010-03-23,7470.0,7515.0,7407.0,7445.0,9687.0,280786.0
2010-03-24,7431.0,7469.0,7330.0,7346.0,9615.0,278258.0
2010-03-25,7370.0,7463.0,7343.0,7390.0,9148.0,279212.0
2010-03-26,7380.0,7570.0,7363.5,7515.0,11535.0,278687.0
2010-03-29,7549.0,7800.0,7549.0,7795.0,15625.0,278519.0
2010-03-30,7795.0,7878.0,7706.25,7830.0,13784.0,279919.0
2010-03-31,7821.0,7869.0,7759.0,7819.75,13190.0,281376.0
2010-04-01,7820.0,7939.75,7785.0,7885.0,9028.0,280872.0
2010-04-06,7955.5,8010.0,7929.75,7961.25,7873.0,282798.0
2010-04-07,7975.0,8005.0,7902.0,7950.0,9446.0,283866.0
2010-04-08,7912.0,7912.0,7805.0,7890.0,7423.0,285392.0
2010-04-09,7905.0,7985.0,7903.0,7915.0,6369.0,286710.0
2010-04-12,7990.25,8043.75,7850.0,7850.0,10467.0,285504.0
2010-04-13,7842.5,7950.0,7823.0,7943.75,10915.0,286097.0
2010-04-14,7949.25,7983.0,7921.0,7960.0,6572.0,285549.0
2010-04-15,7975.0,7996.25,7865.0,7944.75,8251.0,289424.0
2010-04-16,7925.0,7965.5,7713.75,7773.5,14148.0,289548.0
2010-04-19,7749.75,7769.0,7610.25,7734.0,14141.0,289514.0
2010-04-20,7755.25,7851.0,7715.0,7753.0,9986.0,286712.0
2010-04-21,7770.0,7825.0,7675.0,7794.0,12230.0,282504.0
2010-04-22,7773.25,7808.0,7652.0,7715.0,13313.0,283659.0
2010-04-23,7715.0,7780.0,7645.0,7761.0,11621.0,284485.0
2010-04-26,7780.0,7865.0,7770.75,7790.25,6306.0,284377.0
2010-04-27,7802.0,7802.0,7425.0,7460.0,20281.0,284081.0
2010-04-28,7425.0,7501.5,7360.0,7465.75,17393.0,280781.0
2010-04-29,7480.0,7520.0,7341.5,7395.5,11980.0,279536.0
2010-04-30,7375.0,7465.0,7341.0,7407.0,13206.0,275129.0
2010-05-04,7288.0,7342.0,6998.0,7023.0,22143.0,271437.0
2010-05-05,7005.0,7077.75,6632.75,6958.0,31175.0,277370.0
2010-05-06,6965.5,7085.0,6825.0,6880.0,23394.0,278602.0
2010-05-07,6834.0,7000.0,6760.0,6928.75,17897.0,279591.0
2010-05-10,7020.0,7206.75,6980.0,7121.0,15539.0,274212.0
2010-05-11,7112.0,7135.0,6908.0,7036.5,14345.0,271640.0
2010-05-12,7010.0,7147.0,6911.0,7015.0,15632.0,272538.0
2010-05-13,7050.0,7182.75,7010.0,7152.0,10539.0,276094.0
2010-05-14,7100.0,7119.75,6879.0,6890.0,14157.0,273138.0
2010-05-17,6880.5,6895.0,6429.0,6478.0,23406.0,272160.0
2010-05-18,6522.5,6770.0,6502.0,6645.0,19483.0,271746.0
2010-05-19,6575.0,6640.0,6460.0,6565.0,20413.0,268020.0
2010-05-20,6617.5,6719.75,6415.0,6570.0,22535.0,266989.0
2010-05-21,6538.0,6882.0,6522.0,6824.0,20030.0,270545.0
2010-05-24,6820.0,6965.5,6764.75,6944.5,14353.0,269882.0
2010-05-25,6889.0,6889.0,6661.5,6740.0,15823.0,270392.0
2010-05-26,6820.0,6895.75,6755.0,6825.0,10786.0,270538.0
2010-05-27,6760.0,7000.0,6730.0,6967.25,10920.0,272325.0
2010-05-28,7000.0,7043.0,6850.0,6869.75,10781.0,271047.0
2010-06-01,6890.0,6892.0,6678.0,6793.75,12904.0,268993.0
2010-06-02,6750.0,6775.0,6560.0,6693.0,15856.0,268524.0
2010-06-03,6749.0,6774.0,6477.5,6530.0,14967.0,269040.0
2010-06-04,6550.0,6620.0,6235.0,6250.0,19509.0,272512.0
2010-06-07,6205.0,6215.0,6037.5,6131.0,16255.0,274812.0
2010-06-08,6125.0,6187.0,6059.0,6130.0,14791.0,273666.0
2010-06-09,6210.0,6384.75,6122.0,6326.75,14148.0,274613.0
2010-06-10,6307.0,6455.0,6222.0,6380.0,12809.0,273348.0
2010-06-11,6398.25,6545.0,6374.0,6460.0,12694.0,273677.0
2010-06-14,6525.25,6713.75,6525.25,6650.0,8471.0,273636.0
2010-06-15,6608.5,6700.0,6560.0,6685.0,9484.0,274924.0
2010-06-16,6705.0,6775.0,6550.0,6650.0,9785.0,267233.0
2010-06-17,6600.0,6621.0,6410.0,6461.0,15457.0,265431.0
2010-06-18,6480.0,6485.0,6310.0,6420.0,12147.0,267483.0
2010-06-21,6495.0,6729.75,6470.0,6554.0,13236.0,266665.0
2010-06-22,6541.0,6649.5,6470.0,6631.0,11176.0,265025.0
2010-06-23,6585.0,6645.0,6480.25,6547.5,10084.0,265349.0
2010-06-24,6570.0,6694.0,6538.0,6690.0,15329.0,263077.0
2010-06-25,6670.0,6875.0,6595.0,6871.5,14303.0,266208.0
2010-06-28,6840.25,6885.0,6755.0,6812.0,12070.0,263679.0
2010-06-29,6810.0,6810.0,6465.0,6475.0,20288.0,263809.0
2010-06-30,6477.0,6570.0,6340.0,6522.0,15261.0,265133.0
2010-07-01,6460.0,6490.0,6318.0,6360.0,17180.0,266683.0
2010-07-02,6420.0,6535.0,6390.0,6450.0,11229.0,270452.0
2010-07-05,6480.0,6568.0,6450.0,6475.5,4528.0,269605.0
2010-07-06,6460.0,6666.25,6425.0,6545.0,11029.0,267176.0
2010-07-07,6574.0,6690.0,6510.0,6687.75,9520.0,266348.0
2010-07-08,6698.0,6745.0,6611.0,6660.0,9706.0,268623.0
2010-07-09,6690.0,6775.0,6657.0,6745.0,7336.0,267780.0
2010-07-12,6750.0,6763.75,6602.0,6654.0,8017.0,268759.0
2010-07-13,6670.0,6700.0,6560.0,6671.5,9632.0,269139.0
2010-07-14,6688.0,6750.0,6614.0,6640.25,11152.0,270148.0
2010-07-15,6642.0,6723.5,6603.0,6645.0,8618.0,270133.0
2010-07-16,6669.0,6690.0,6477.0,6498.0,13150.0,268596.0
2010-07-19,6479.0,6551.0,6470.0,6518.5,8958.0,267789.0
2010-07-20,6499.25,6675.0,6499.25,6675.0,13915.0,263391.0
2010-07-21,6689.0,6879.0,6612.0,6846.0,18284.0,260242.0
2010-07-22,6804.75,7050.0,6751.0,6975.25,21252.0,261365.0
2010-07-23,6975.0,7090.0,6940.25,7031.0,12749.0,266278.0
2010-07-26,7044.5,7148.0,6985.0,7132.5,12027.0,264292.0
2010-07-27,7117.0,7145.0,7016.0,7085.0,18629.0,265422.0
2010-07-28,7052.0,7213.0,7036.0,7168.0,12354.0,263600.0
2010-07-29,7155.25,7283.0,7126.0,7252.0,11074.0,265180.0
2010-07-30,7240.0,7310.0,7168.0,7290.25,11325.0,267511.0
2010-08-02,7290.0,7500.0,7281.5,7475.0,12841.0,266914.0
2010-08-03,7470.0,7485.0,7351.0,7414.75,11208.0,268066.0
2010-08-04,7397.0,7527.0,7353.0,7487.0,12430.0,267655.0
2010-08-05,7485.75,7520.0,7331.0,7395.0,13584.0,266391.0
2010-08-06,7371.0,7456.0,7335.0,7380.0,10112.0,269383.0
2010-08-09,7410.0,7489.0,7387.75,7412.0,6684.0,272130.0
2010-08-10,7410.0,7430.0,7223.5,7304.0,11542.0,270907.0
2010-08-11,7317.0,7359.0,7158.0,7192.0,10823.0,269399.0
2010-08-12,7175.0,7280.0,7150.0,7236.0,9537.0,269189.0
2010-08-13,7255.0,7315.0,7154.0,7190.25,11514.0,270672.0
2010-08-16,7195.0,7288.0,7178.0,7249.0,8975.0,267750.0
2010-08-17,7245.25,7405.0,7235.0,7390.0,9830.0,265729.0
2010-08-18,7375.25,7409.5,7310.25,7403.75,9564.0,261483.0
2010-08-19,7376.0,7496.0,7280.0,7324.0,13984.0,260943.0
2010-08-20,7340.5,7360.0,7188.0,7270.0,9837.0,261493.0
2010-08-23,7295.0,7300.0,7231.0,7273.5,5620.0,260918.0
2010-08-24,7216.75,7270.0,7105.0,7145.0,15492.0,260367.0
2010-08-25,7122.75,7200.0,7028.25,7118.5,14547.0,261172.0
2010-08-26,7139.5,7320.0,7139.0,7310.0,13220.0,260226.0
2010-08-27,7271.0,7472.25,7248.0,7445.0,14694.0,261792.0
2010-08-31,7475.0,7484.75,7364.5,7405.0,13519.0,260669.0
2010-09-01,7430.0,7647.0,7415.0,7620.0,16789.0,262222.0
2010-09-02,7622.5,7689.0,7600.0,7645.5,8153.0,264608.0
2010-09-03,7645.0,7750.0,7612.5,7692.75,11699.0,264357.0
2010-09-06,7670.0,7734.0,7663.0,7718.0,3956.0,267045.0
2010-09-07,7685.0,7705.0,7496.25,7612.0,12606.0,267562.0
2010-09-08,7585.0,7712.0,7565.5,7673.25,10707.0,270229.0
2010-09-09,7665.0,7685.0,7460.0,7568.0,14928.0,271725.0
2010-09-10,7535.0,7575.0,7466.5,7497.0,9814.0,275279.0
2010-09-13,7595.25,7674.5,7580.0,7650.0,7434.0,278644.0
2010-09-14,7635.0,7683.0,7535.0,7624.0,10358.0,277898.0
2010-09-15,7604.25,7641.5,7548.0,7626.25,8369.0,278353.0
2010-09-16,7645.0,7729.0,7572.75,7676.75,11202.0,276844.0
2010-09-17,7681.0,7810.0,7663.25,7735.0,14659.0,278172.0
2010-09-20,7721.0,7812.0,7685.0,7714.75,8213.0,279455.0
2010-09-21,7720.0,7760.0,7651.0,7666.0,8749.0,281016.0
2010-09-22,7685.5,7868.0,7685.0,7840.0,11298.0,280780.0
2010-09-23,7830.0,7909.0,7828.0,7887.0,8665.0,280124.0
2010-09-24,7864.75,7990.0,7835.0,7952.25,10589.0,281054.0
2010-09-27,7986.0,7986.0,7884.0,7907.5,9070.0,283994.0
2010-09-28,7886.0,7999.0,7844.75,7981.0,10338.0,282478.0
2010-09-29,7970.0,8075.0,7953.0,8048.0,11376.0,282815.0
2010-09-30,8025.0,8065.0,7953.0,8032.5,12677.0,282837.0
2010-10-01,8042.0,8178.0,8040.0,8099.0,9861.0,283608.0
2010-10-04,8120.75,8169.0,8031.0,8057.0,6503.0,290096.0
2010-10-05,8050.0,8229.25,8015.0,8195.0,14478.0,288867.0
2010-10-06,8220.0,8326.0,8210.0,8244.0,10534.0,295052.0
2010-10-07,8255.0,8315.0,8038.0,8071.75,16903.0,295354.0
2010-10-08,8094.75,8349.5,8040.0,8278.5,17430.0,295329.0
2010-10-11,8330.0,8388.0,8287.0,8317.5,9691.0,295902.0
2010-10-12,8300.0,8365.0,8165.0,8333.75,13502.0,298618.0
2010-10-13,8340.0,8430.0,8334.0,8400.0,11434.0,299890.0
2010-10-14,8410.0,8490.0,8361.25,8380.75,13777.0,301373.0
2010-10-15,8376.0,8484.0,8337.0,8412.0,15384.0,301520.0
2010-10-18,8390.0,8481.0,8295.25,8464.75,13502.0,301994.0
2010-10-19,8469.0,8492.0,8199.0,8225.0,26466.0,296662.0
2010-10-20,8195.0,8345.0,8170.0,8343.0,16635.0,295078.0
2010-10-21,8351.5,8455.0,8272.5,8294.0,17912.0,291426.0
2010-10-22,8288.0,8385.0,8270.0,8347.25,10700.0,295971.0
2010-10-25,8382.0,8549.0,8382.0,8470.0,13803.0,294153.0
2010-10-26,8480.5,8554.0,8435.0,8504.0,12543.0,294414.0
2010-10-27,8520.0,8547.0,8266.5,8280.0,19711.0,296853.0
2010-10-28,8310.0,8408.0,8305.0,8322.5,13098.0,294956.0
2010-10-29,8320.0,8321.75,8140.0,8190.0,16355.0,296537.0
2010-11-01,8266.5,8376.5,8256.0,8290.5,12404.0,294602.0
2010-11-02,8315.0,8439.25,8280.0,8411.0,10421.0,294007.0
2010-11-03,8409.0,8454.0,8275.0,8365.75,13081.0,297367.0
2010-11-04,8390.0,8597.25,8390.0,8575.0,18957.0,298375.0
2010-11-05,8600.0,8769.5,8600.0,8675.0,17156.0,304780.0
2010-11-08,8727.25,8735.0,8605.0,8660.0,9573.0,306807.0
2010-11-09,8650.0,8884.0,8625.0,8800.25,19941.0,307027.0
2010-11-10,8779.75,8825.0,8660.25,8740.0,16634.0,306542.0
2010-11-11,8756.5,8966.0,8750.0,8843.5,19964.0,309023.0
2010-11-12,8865.0,8870.0,8549.5,8570.75,28879.0,310334.0
2010-11-15,8590.25,8691.75,8460.0,8618.0,19633.0,310532.0
2010-11-16,8588.25,8638.5,8100.0,8201.0,22911.0,309792.0
2010-11-17,8185.75,8286.25,7920.0,8205.0,26757.0,304328.0
2010-11-18,8240.0,8459.0,8165.25,8420.0,17691.0,304840.0
2010-11-19,8470.5,8521.0,8320.0,8440.0,16781.0,307294.0
2010-11-22,8427.75,8516.75,8210.0,8266.0,13633.0,306670.0
2010-11-23,8300.0,8328.75,8050.0,8153.5,18898.0,305739.0
2010-11-24,8157.75,8309.0,8157.75,8290.0,15069.0,301446.0
2010-11-25,8280.0,8345.0,8190.0,8339.75,6722.0,303890.0
2010-11-26,8300.0,8324.0,8150.0,8245.0,10960.0,304566.0
2010-11-29,8191.0,8359.5,8175.0,8230.0,13942.0,300139.0
2010-11-30,8280.0,8408.0,8155.0,8387.0,21353.0,302411.0
2010-12-01,8353.25,8655.0,8338.0,8638.0,18968.0,303691.0
2010-12-02,8630.0,8751.5,8612.0,8705.0,14075.0,302499.0
2010-12-03,8732.0,8770.0,8646.0,8739.25,10318.0,305315.0
2010-12-06,8750.0,8802.5,8701.0,8782.25,9101.0,309116.0
2010-12-07,8790.0,9044.0,8717.0,8865.0,25333.0,311550.0
2010-12-08,8808.0,9012.0,8705.5,8987.0,19491.0,312166.0
2010-12-09,9015.0,9091.0,8898.5,8920.0,15663.0,315186.0
2010-12-10,8940.0,9070.0,8921.25,9021.75,12174.0,316718.0
2010-12-13,9020.0,9248.0,9018.5,9240.0,12575.0,322472.0
2010-12-14,9222.25,9267.5,9166.75,9240.0,10925.0,320292.0
2010-12-15,9200.0,9245.25,9015.5,9066.75,13659.0,309064.0
2010-12-16,9045.0,9069.0,8930.25,9005.0,11438.0,311206.0
2010-12-17,9022.0,9175.0,9022.0,9130.0,9473.0,312644.0
2010-12-20,9170.0,9257.5,9110.0,9200.0,10244.0,314955.0
2010-12-21,9220.0,9392.0,9177.75,9365.0,11639.0,315046.0
2010-12-22,9380.0,9390.0,9290.0,9345.0,9221.0,314751.0
2010-12-23,9350.0,9370.25,9205.0,9311.5,8809.0,316043.0
2010-12-24,9315.0,9371.0,9235.0,9360.0,2388.0,315814.0
2010-12-29,9405.5,9447.0,9355.0,9411.0,8074.0,312939.0
2010-12-30,9412.0,9550.0,9380.0,9542.0,9997.0,314087.0
2010-12-31,9535.0,9687.0,9511.0,9685.0,6137.0,314594.0
2011-01-04,9685.0,9754.0,9518.0,9568.0,14976.0,313516.0
2011-01-05,9575.0,9633.75,9367.0,9611.0,20863.0,316441.0
2011-01-06,9639.0,9654.25,9425.0,9475.0,13563.0,317113.0
2011-01-07,9424.5,9510.0,9300.0,9370.0,17007.0,322250.0
2011-01-10,9430.0,9459.0,9300.0,9335.0,9885.0,322083.0
2011-01-11,9360.0,9539.0,9344.5,9520.0,13052.0,323035.0
2011-01-12,9514.0,9715.75,9507.75,9685.0,13447.0,322147.0
2011-01-13,9685.0,9696.0,9555.0,9621.0,12617.0,323252.0
2011-01-14,9580.25,9677.0,9534.25,9675.0,14030.0,323262.0
2011-01-17,9680.0,9687.0,9558.5,9599.5,7798.0,324420.0
2011-01-18,9600.0,9736.0,9563.0,9680.0,12621.0,321550.0
2011-01-19,9691.25,9781.0,9553.75,9587.0,18126.0,317583.0
2011-01-20,9580.0,9628.0,9281.0,9356.5,25947.0,312520.0
2011-01-21,9350.0,9515.0,9350.0,9455.0,15823.0,309521.0
2011-01-24,9498.5,9579.0,9465.0,9536.0,11572.0,307754.0
2011-01-25,9491.0,9523.75,9235.0,9280.0,18158.0,305434.0
2011-01-26,9315.0,9380.0,9262.75,9363.25,12550.0,305551.0
2011-01-27,9400.0,9553.0,9390.0,9523.25,17804.0,302132.0
2011-01-28,9492.0,9666.0,9415.0,9554.0,17422.0,307947.0
2011-01-31,9569.75,9782.0,9532.0,9770.0,17204.0,310653.0
2011-02-01,9775.0,9968.0,9769.75,9968.0,17681.0,309424.0
2011-02-02,9945.0,9988.25,9890.0,9960.0,10647.0,310124.0
2011-02-03,9980.0,10000.0,9890.0,9940.0,10137.0,308305.0
2011-02-04,9964.75,10100.0,9934.0,10055.0,10809.0,309421.0
2011-02-07,10040.0,10160.0,10007.0,10020.0,8569.0,309947.0
2011-02-08,9990.0,10074.0,9880.0,10030.0,15136.0,306742.0
2011-02-09,10027.5,10044.0,9870.0,9923.0,12821.0,306993.0
2011-02-10,9918.0,9995.0,9841.25,9952.75,13825.0,307081.0
2011-02-11,9980.0,10045.0,9838.0,9980.0,13510.0,306261.0
2011-02-14,10005.0,10170.25,9962.25,10161.75,13540.0,306259.0
2011-02-15,10160.25,10190.0,9940.0,9955.0,14211.0,306037.0
2011-02-16,9961.0,9992.0,9815.0,9850.0,19541.0,315296.0
2011-02-17,9865.0,9933.0,9705.0,9879.0,20641.0,296596.0
2011-02-18,9880.0,9941.5,9720.0,9827.75,15322.0,297917.0
2011-02-21,9860.25,9920.0,9781.5,9849.0,8742.0,297776.0
2011-02-22,9801.0,9888.5,9510.0,9540.0,21373.0,298409.0
2011-02-23,9550.0,9575.0,9365.0,9465.0,24219.0,296312.0
2011-02-24,9480.0,9551.0,9311.0,9515.0,19248.0,296856.0
2011-02-25,9540.0,9795.0,9512.0,9790.25,18766.0,295352.0
2011-02-28,9750.0,9897.25,9705.0,9874.0,13740.0,296893.0
2011-03-01,9862.75,9942.0,9775.0,9870.25,17237.0,297289.0
2011-03-02,9821.25,9918.0,9786.25,9868.0,14825.0,297264.0
2011-03-03,9866.25,9979.0,9817.0,9873.0,14801.0,302722.0
2011-03-04,9882.0,9999.0,9819.5,9845.0,12081.0,302620.0
2011-03-07,9875.5,9922.0,9469.0,9527.0,19118.0,300251.0
2011-03-08,9560.0,9570.0,9346.25,9535.0,21869.0,299412.0
2011-03-09,9530.0,9623.0,9211.0,9280.0,24802.0,300847.0
2011-03-10,9279.5,9295.0,9115.0,9226.0,22977.0,301903.0
2011-03-11,9235.0,9275.0,8992.0,9260.0,21200.0,298890.0
2011-03-14,9230.0,9249.0,9092.5,9230.0,14279.0,297534.0
2011-03-15,9231.75,9249.0,8944.5,9136.0,28384.0,300782.0
2011-03-16,9205.25,9382.0,9166.0,9230.0,20604.0,287546.0
2011-03-17,9205.0,9585.0,9189.5,9560.0,21165.0,287614.0
2011-03-18,9555.0,9611.0,9450.0,9548.0,13761.0,283581.0
2011-03-21,9528.0,9593.25,9384.75,9425.0,11225.0,280764.0
2011-03-22,9396.75,9503.0,9396.75,9480.0,8854.0,279184.0
2011-03-23,9474.75,9750.0,9466.25,9745.0,17438.0,279085.0
2011-03-24,9720.0,9784.0,9641.5,9701.5,14937.0,282640.0
2011-03-25,9705.0,9777.0,9665.0,9719.75,8677.0,286628.0
2011-03-28,9705.25,9720.25,9510.25,9555.0,11366.0,288271.0
2011-03-29,9519.75,9595.75,9429.5,9582.0,12358.0,292941.0
2011-03-30,9570.0,9619.0,9341.0,9375.25,16847.0,292616.0
2011-03-31,9400.0,9480.0,9332.0,9478.0,12493.0,292346.0
2011-04-01,9454.25,9480.0,9263.25,9362.0,13835.0,290167.0
2011-04-04,9367.5,9475.0,9285.0,9354.0,8688.0,288907.0
2011-04-05,9355.0,9428.75,9264.0,9367.75,11007.0,287935.0
2011-04-06,9363.0,9625.0,9360.0,9620.0,15551.0,285500.0
2011-04-07,9600.0,9753.0,9566.0,9700.0,15756.0,285578.0
2011-04-08,9706.5,9899.0,9670.25,9895.0,16790.0,286867.0
2011-04-11,9900.0,9944.75,9793.0,9827.75,13710.0,290004.0
2011-04-12,9805.0,9842.75,9593.25,9637.0,18797.0,288606.0
2011-04-13,9633.75,9692.0,9443.0,9448.25,19355.0,289215.0
2011-04-14,9450.0,9516.0,9350.0,9442.75,17284.0,292275.0
2011-04-15,9465.0,9512.0,9331.75,9382.25,14881.0,292663.0
2011-04-18,9360.0,9454.75,9207.0,9270.0,22154.0,292388.0
2011-04-19,9295.25,9393.0,9230.5,9383.0,15419.0,290910.0
2011-04-20,9380.75,9590.0,9363.0,9570.0,14887.0,298873.0
2011-04-21,9597.0,9710.0,9531.25,9681.0,17693.0,283029.0
2011-04-26,9518.0,9576.75,9382.5,9555.0,13030.0,282254.0
2011-04-27,9585.0,9585.0,9295.0,9385.0,17261.0,280439.0
2011-04-28,9415.25,9515.0,9298.0,9371.0,12792.0,277215.0
2011-05-03,9239.5,9380.0,9194.75,9342.0,16956.0,272360.0
2011-05-04,9340.0,9340.0,9080.0,9101.0,21530.0,273237.0
2011-05-05,9097.5,9107.75,8744.25,8795.0,30053.0,276917.0
2011-05-06,8787.0,8935.0,8657.5,8789.0,25787.0,278772.0
2011-05-09,8846.75,8970.0,8811.0,8888.75,15835.0,277813.0
2011-05-10,8932.0,8990.0,8835.5,8920.0,13912.0,278022.0
2011-05-11,8949.0,8974.0,8625.0,8643.0,20215.0,277906.0
2011-05-12,8639.5,8800.0,8504.5,8790.0,26161.0,277279.0
2011-05-13,8760.25,8930.0,8711.0,8812.5,20266.0,277746.0
2011-05-16,8750.0,8866.0,8715.0,8801.25,12342.0,275780.0
2011-05-17,8818.0,8925.0,8715.25,8830.0,15134.0,272410.0
2011-05-18,8900.0,9100.0,8883.0,9100.0,17262.0,270203.0
2011-05-19,9046.0,9090.0,8918.0,8935.5,14919.0,272700.0
2011-05-20,8966.0,9130.0,8950.0,9080.0,10502.0,270018.0
2011-05-23,9050.0,9055.5,8732.0,8806.0,17319.0,267356.0
2011-05-24,8778.0,8956.0,8778.0,8865.0,13310.0,266385.0
2011-05-25,8867.0,9099.0,8867.0,9046.25,17970.0,267351.0
2011-05-26,9056.25,9118.0,8980.0,9080.0,13673.0,266123.0
2011-05-27,9080.0,9238.0,9046.25,9207.5,17343.0,264826.0
2011-05-31,9185.0,9278.5,9123.5,9228.75,13628.0,264951.0
2011-06-01,9240.0,9246.75,9049.0,9059.0,16184.0,266084.0
2011-06-02,9040.5,9102.0,8905.75,9035.0,15880.0,267475.0
2011-06-03,9033.0,9141.25,8932.0,9100.0,17100.0,268857.0
2011-06-06,9136.0,9202.0,9092.25,9132.5,7730.0,269122.0
2011-06-07,9100.0,9184.75,9068.5,9175.0,8949.0,266742.0
2011-06-08,9157.75,9157.75,8952.0,9041.0,14562.0,263407.0
2011-06-09,9075.0,9088.75,8932.0,9056.0,12161.0,262415.0
2011-06-10,9047.5,9095.0,8901.75,8940.0,14843.0,261707.0
2011-06-13,8930.0,8968.75,8864.75,8905.0,11129.0,264247.0
2011-06-14,8918.5,9195.0,8905.0,9180.0,19770.0,262308.0
2011-06-15,9165.5,9234.0,9080.5,9097.0,16190.0,259971.0
2011-06-16,9090.0,9140.0,8951.0,9109.0,16308.0,258132.0
2011-06-17,9105.5,9189.0,9022.0,9075.0,12368.0,258672.0
2011-06-20,9067.5,9097.5,8900.0,9011.0,14423.0,258374.0
2011-06-21,9025.0,9138.0,9000.0,9043.0,11194.0,259968.0
2011-06-22,9070.0,9082.0,8980.0,9065.25,11200.0,260662.0
2011-06-23,9000.0,9030.0,8911.0,8975.0,16775.0,259774.0
2011-06-24,8995.0,9145.0,8991.5,9063.5,16159.0,262607.0
2011-06-27,9053.0,9054.75,8942.25,8991.5,13472.0,262791.0
2011-06-28,9020.0,9085.0,8978.0,9049.0,8576.0,262644.0
2011-06-29,9088.0,9317.0,9065.0,9287.0,23161.0,262898.0
2011-06-30,9295.0,9428.25,9255.0,9399.0,18283.0,267690.0
2011-07-01,9375.0,9470.0,9345.0,9460.25,14434.0,269521.0
2011-07-04,9475.0,9520.25,9429.0,9484.0,8536.0,271236.0
2011-07-05,9477.25,9565.0,9411.0,9540.0,12281.0,271065.0
2011-07-06,9530.0,9547.0,9451.0,9512.0,14362.0,273841.0
2011-07-07,9517.0,9758.0,9496.0,9749.75,21091.0,274550.0
2011-07-08,9730.0,9789.75,9618.5,9681.0,17309.0,277635.0
2011-07-11,9649.75,9712.25,9519.0,9571.0,14467.0,278486.0
2011-07-12,9604.5,9670.0,9480.0,9650.0,16063.0,278078.0
2011-07-13,9655.0,9749.75,9610.0,9656.75,15645.0,278319.0
2011-07-14,9672.0,9709.0,9605.0,9633.75,10004.0,279804.0
2011-07-15,9602.5,9723.75,9587.0,9687.25,10153.0,281861.0
2011-07-18,9730.25,9735.0,9612.0,9681.25,9845.0,281191.0
2011-07-19,9695.0,9873.5,9689.75,9837.75,16901.0,277916.0
2011-07-20,9835.0,9850.0,9731.75,9753.0,10768.0,278228.0
2011-07-21,9770.0,9800.0,9608.0,9642.0,15299.0,279374.0
2011-07-22,9659.0,9728.5,9619.0,9682.0,9673.0,280814.0
2011-07-25,9675.0,9708.75,9608.0,9678.75,7800.0,278333.0
2011-07-26,9682.0,9850.25,9656.25,9840.0,12751.0,278854.0
2011-07-27,9820.0,9859.75,9721.75,9777.0,12439.0,281357.0
2011-07-28,9750.0,9851.0,9742.5,9820.0,12021.0,282255.0
2011-07-29,9822.5,9895.0,9702.0,9840.0,17009.0,282805.0
2011-08-01,9886.25,9905.0,9625.0,9685.0,19590.0,281073.0
2011-08-02,9689.0,9726.0,9615.5,9653.0,17310.0,281934.0
2011-08-03,9620.0,9689.75,9520.0,9549.0,20082.0,283771.0
2011-08-04,9567.5,9608.0,9331.0,9344.0,26950.0,278412.0
2011-08-05,9320.0,9332.0,9010.75,9114.75,37445.0,280795.0
2011-08-08,9051.0,9104.25,8750.0,8766.75,35453.0,276878.0
2011-08-09,8701.5,8890.0,8446.25,8757.0,32803.0,277187.0
2011-08-10,8878.0,9005.0,8550.0,8653.0,27328.0,275427.0
2011-08-11,8578.0,8921.5,8518.0,8888.75,28936.0,275809.0
2011-08-12,8925.0,8990.0,8807.25,8877.0,12488.0,276100.0
2011-08-15,8869.5,8980.0,8831.5,8933.0,11476.0,273002.0
2011-08-16,8938.75,8953.75,8751.0,8831.0,15897.0,268910.0
2011-08-17,8826.0,9019.25,8785.0,8935.0,16452.0,265273.0
2011-08-18,8944.0,8953.5,8750.0,8760.0,17744.0,264143.0
2011-08-19,8732.25,8885.75,8700.0,8810.0,17453.0,267983.0
2011-08-22,8758.25,8890.0,8715.0,8754.75,13234.0,267931.0
2011-08-23,8764.0,8937.0,8750.0,8851.5,16111.0,267933.0
2011-08-24,8880.0,8925.0,8781.0,8873.0,12235.0,267930.0
2011-08-25,8885.0,9075.0,8850.0,9049.75,16004.0,267684.0
2011-08-26,9033.75,9139.0,8945.0,9069.0,18630.0,266410.0
2011-08-30,9082.75,9225.0,9031.0,9147.0,14211.0,263480.0
2011-08-31,9148.5,9304.0,9114.0,9258.0,14038.0,263281.0
2011-09-01,9257.5,9257.5,9092.25,9145.25,15177.0,264403.0
2011-09-02,9136.0,9165.0,9018.0,9090.75,11465.0,263719.0
2011-09-05,9035.75,9112.75,8916.0,8959.5,10952.0,264173.0
2011-09-06,8936.25,9019.75,8870.0,8950.0,15537.0,265522.0
2011-09-07,8972.5,9112.0,8968.75,9095.25,16002.0,266802.0
2011-09-08,9102.5,9160.0,9004.0,9109.0,12775.0,265537.0
2011-09-09,9081.75,9125.0,8813.5,8834.0,18644.0,264345.0
2011-09-12,8800.0,8818.75,8620.0,8766.0,18407.0,265879.0
2011-09-13,8801.5,8880.0,8731.0,8796.0,17483.0,267680.0
2011-09-14,8795.0,8852.0,8590.0,8619.0,23995.0,270541.0
2011-09-15,8646.75,8787.0,8610.0,8746.25,19760.0,268096.0
2011-09-16,8749.0,8835.5,8680.0,8690.0,13419.0,263841.0
2011-09-19,8651.75,8656.0,8323.0,8348.75,27877.0,262801.0
2011-09-20,8325.0,8448.0,8240.0,8249.0,22618.0,262709.0
2011-09-21,8240.0,8376.75,8234.75,8337.0,22606.0,262757.0
2011-09-22,8229.75,8229.75,7615.0,7620.0,44712.0,259590.0
2011-09-23,7655.0,7729.5,7115.75,7288.0,46122.0,270524.0
2011-09-26,7377.25,7420.75,6800.0,7288.0,40726.0,276960.0
2011-09-27,7357.75,7694.0,7275.0,7615.0,34585.0,282217.0
2011-09-28,7530.0,7565.0,7060.0,7067.5,30168.0,279919.0
2011-09-29,6925.0,7267.0,6821.0,7174.0,31256.0,274472.0
2011-09-30,7187.5,7330.0,6880.0,6997.0,29268.0,274754.0
2011-10-03,6910.0,7020.0,6635.0,6876.0,20781.0,280376.0
2011-10-04,6785.0,6971.5,6712.0,6805.0,17623.0,279171.0
2011-10-05,6925.0,7009.75,6700.0,6916.5,17905.0,280525.0
2011-10-06,6925.0,7230.25,6897.5,7228.0,18046.0,279696.0
2011-10-07,7241.0,7385.0,7219.75,7292.5,18820.0,280928.0
2011-10-10,7289.0,7501.0,7274.25,7478.0,17322.0,279669.0
2011-10-11,7470.0,7503.5,7159.75,7286.25,21560.0,279104.0
2011-10-12,7244.25,7544.75,7163.0,7491.0,19438.0,278869.0
2011-10-13,7429.5,7469.0,7277.0,7340.0,17354.0,278422.0
2011-10-14,7352.0,7580.25,7335.0,7560.75,16588.0,279242.0
2011-10-17,7555.5,7660.0,7456.0,7460.25,19266.0,277972.0
2011-10-18,7426.5,7469.25,7215.0,7442.0,20525.0,271933.0
2011-10-19,7455.0,7469.0,7170.0,7180.0,20092.0,272622.0
2011-10-20,7158.0,7158.0,6710.0,6784.75,30486.0,274102.0
2011-10-21,6819.5,7168.0,6810.0,7141.75,25506.0,278785.0
2011-10-24,7192.0,7671.25,7180.0,7657.25,25451.0,280321.0
2011-10-25,7639.5,7820.0,7428.0,7539.75,26815.0,281673.0
2011-10-26,7522.25,7920.0,7512.75,7740.0,30101.0,287185.0
2011-10-27,7750.0,8205.0,7735.0,8194.0,30780.0,290258.0
2011-10-28,8248.25,8280.0,7980.0,8168.5,19936.0,296334.0
2011-10-31,8109.25,8109.75,7873.25,8007.0,20672.0,295728.0
2011-11-01,7934.25,8062.5,7635.75,7753.75,27679.0,298074.0
2011-11-02,7765.25,8005.25,7765.25,7918.0,21144.0,297965.0
2011-11-03,7875.0,7960.0,7673.0,7903.75,22554.0,295418.0
2011-11-04,7890.0,8059.75,7825.75,7875.0,14670.0,296576.0
2011-11-07,7960.5,7984.0,7719.75,7843.0,12330.0,294276.0
2011-11-08,7897.5,7933.0,7755.0,7835.0,14265.0,291542.0
2011-11-09,7900.0,7959.75,7580.0,7606.75,24860.0,289929.0
2011-11-10,7587.0,7587.0,7357.0,7469.5,18067.0,283490.0
2011-11-11,7445.0,7662.5,7435.0,7655.0,13259.0,286742.0
2011-11-14,7740.0,7933.0,7695.0,7720.75,18616.0,287049.0
2011-11-15,7781.25,7791.25,7645.0,7753.0,14390.0,282467.0
2011-11-16,7761.25,7825.0,7588.75,7753.25,16795.0,280048.0
2011-11-17,7680.0,7723.75,7450.0,7470.25,19619.0,277480.0
2011-11-18,7420.0,7615.0,7380.0,7553.5,15715.0,280730.0
2011-11-21,7448.0,7495.5,7252.0,7306.75,16492.0,279375.0
2011-11-22,7368.25,7469.0,7333.0,7393.0,16540.0,281876.0
2011-11-23,7402.5,7462.75,7168.0,7280.0,21699.0,283512.0
2011-11-24,7280.0,7343.0,7100.25,7270.0,14653.0,283721.0
2011-11-25,7265.0,7337.25,7140.25,7270.0,13538.0,288542.0
2011-11-28,7376.25,7535.0,7375.75,7434.75,16183.0,286361.0
2011-11-29,7440.0,7523.25,7385.0,7475.0,15006.0,287481.0
2011-11-30,7474.0,8000.0,7290.0,7868.25,39550.0,287372.0
2011-12-01,7892.0,7923.75,7743.0,7799.75,19086.0,288124.0
2011-12-02,7804.25,7988.0,7350.0,7892.25,17641.0,290868.0
2011-12-05,7933.75,7995.0,7843.5,7927.5,12971.0,292826.0
2011-12-06,7830.0,7874.0,7752.0,7859.5,15502.0,298590.0
2011-12-07,7875.0,7950.0,7743.5,7797.0,14221.0,300117.0
2011-12-08,7833.25,7919.25,7660.0,7706.75,17725.0,300796.0
2011-12-09,7720.75,7852.5,7653.0,7836.0,13535.0,298469.0
2011-12-12,7806.0,7806.0,7565.5,7612.5,14478.0,296387.0
2011-12-13,7619.75,7686.75,7555.0,7594.25,12651.0,295611.0
2011-12-14,7537.75,7552.5,7176.0,7222.75,25809.0,292855.0
2011-12-15,7225.0,7342.0,7131.0,7219.0,19744.0,295082.0
2011-12-16,7248.0,7443.0,7236.25,7363.5,15119.0,297238.0
2011-12-19,7350.0,7350.0,7198.0,7296.25,11403.0,295712.0
2011-12-20,7322.0,7470.0,7248.0,7423.75,14081.0,293351.0
2011-12-21,7438.0,7573.0,7376.5,7461.0,14090.0,288883.0
2011-12-22,7438.0,7553.75,7395.0,7539.75,9201.0,283134.0
2011-12-23,7520.0,7650.0,7515.0,7621.0,8134.0,277540.0
2011-12-28,7539.0,7595.0,7403.25,7405.0,10011.0,275897.0
2011-12-29,7398.0,7492.0,7368.0,7428.0,8060.0,274541.0
2011-12-30,7480.0,7605.25,7468.0,7557.25,9683.0,271740.0
2012-01-03,7645.0,7787.0,7634.75,7769.5,12267.0,271716.0
2012-01-04,7724.75,7744.75,7531.25,7555.0,16604.0,270769.0
2012-01-05,7572.0,7653.75,7449.0,7537.5,19012.0,270874.0
2012-01-06,7560.0,7627.25,7480.0,7574.0,14319.0,267743.0
2012-01-09,7539.75,7580.0,7445.0,7511.5,12463.0,270180.0
2012-01-10,7544.5,7738.5,7496.25,7725.0,18247.0,270550.0
2012-01-11,7680.0,7831.0,7642.25,7805.0,19134.0,266006.0
2012-01-12,7789.5,8074.5,7750.0,8024.75,30951.0,268614.0
2012-01-13,7966.0,8117.0,7879.0,8005.25,26305.0,271158.0
2012-01-16,7950.0,8110.0,7909.5,8052.0,11367.0,278140.0
2012-01-17,8057.25,8262.0,8045.0,8196.5,22057.0,277288.0
2012-01-18,8200.0,8263.0,8121.0,8257.25,19382.0,276499.0
2012-01-19,8278.0,8410.0,8270.0,8387.0,19231.0,273605.0
2012-01-20,8393.0,8428.5,8206.0,8244.0,18713.0,274260.0
2012-01-23,8211.0,8389.0,8183.0,8373.0,12817.0,273919.0
2012-01-24,8370.0,8402.75,8255.0,8376.5,14359.0,271367.0
2012-01-25,8417.0,8475.0,8276.0,8471.0,16662.0,269851.0
2012-01-26,8466.5,8610.0,8435.75,8575.0,14509.0,267647.0
2012-01-27,8550.0,8679.5,8507.0,8570.0,15589.0,273064.0
2012-01-30,8510.0,8528.0,8348.0,8422.0,17919.0,271063.0
2012-01-31,8440.0,8524.75,8287.0,8341.0,20642.0,272002.0
2012-02-01,8352.0,8465.0,8280.25,8449.75,19501.0,269200.0
2012-02-02,8410.0,8475.0,8295.0,8330.0,19962.0,272307.0
2012-02-03,8345.25,8598.5,8318.0,8596.5,18066.0,275379.0
2012-02-06,8549.0,8570.5,8427.5,8510.0,14582.0,279647.0
2012-02-07,8519.5,8535.5,8354.0,8505.0,17208.0,279182.0
2012-02-08,8490.0,8652.0,8478.75,8578.0,20256.0,280518.0
2012-02-09,8560.0,8765.0,8497.0,8740.25,27105.0,282200.0
2012-02-10,8705.0,8711.25,8466.25,8472.0,24468.0,283417.0
2012-02-13,8548.0,8587.75,8390.0,8450.0,17178.0,285959.0
2012-02-14,8442.25,8479.5,8320.0,8386.5,18924.0,284779.0
2012-02-15,8420.0,8517.5,8337.0,8385.0,17820.0,282685.0
2012-02-16,8358.5,8378.75,8205.0,8371.25,22563.0,283206.0
2012-02-17,8380.0,8424.25,8131.0,8186.0,20881.0,281121.0
2012-02-20,8336.0,8396.5,8203.0,8259.0,13459.0,284959.0
2012-02-21,8257.5,8470.0,8251.0,8451.25,21970.0,283127.0
2012-02-22,8450.0,8488.0,8361.0,8449.0,17390.0,282934.0
2012-02-23,8433.5,8461.0,8320.0,8391.0,14962.0,283578.0
2012-02-24,8420.0,8544.0,8330.0,8500.0,17125.0,283797.0
2012-02-27,8466.0,8560.0,8420.0,8510.0,13165.0,281691.0
2012-02-28,8505.0,8689.0,8490.0,8565.5,19053.0,277392.0
2012-02-29,8585.0,8695.25,8403.5,8525.0,23878.0,274458.0
2012-03-01,8515.0,8647.5,8447.5,8628.0,20429.0,272683.0
2012-03-02,8607.75,8670.0,8537.0,8578.0,13874.0,273916.0
2012-03-05,8600.0,8636.0,8430.0,8485.5,16205.0,276097.0
2012-03-06,8520.0,8530.5,8221.0,8244.5,24757.0,273060.0
2012-03-07,8246.25,8330.0,8176.75,8283.5,24065.0,274483.0
2012-03-08,8305.0,8434.25,8285.5,8336.25,17321.0,275680.0
2012-03-09,8352.25,8526.75,8345.0,8494.0,17792.0,276446.0
2012-03-12,8473.0,8491.5,8398.0,8447.0,11381.0,278537.0
2012-03-13,8457.75,8608.75,8450.5,8552.25,11879.0,276597.0
2012-03-14,8574.0,8598.75,8430.0,8430.0,14803.0,277454.0
2012-03-15,8434.25,8580.0,8411.25,8571.0,13451.0,279609.0
2012-03-16,8547.0,8660.0,8505.0,8527.0,18060.0,283971.0
2012-03-19,8530.25,8613.0,8473.5,8584.0,12976.0,282491.0
2012-03-20,8575.0,8594.75,8383.0,8442.5,18812.0,281554.0
2012-03-21,8466.25,8512.0,8421.25,8446.0,12648.0,273554.0
2012-03-22,8475.0,8484.0,8262.5,8314.75,21534.0,270963.0
2012-03-23,8350.0,8425.0,8290.0,8380.0,19476.0,270697.0
2012-03-26,8400.0,8568.5,8359.75,8568.0,18225.0,269096.0
2012-03-27,8552.5,8585.0,8477.25,8526.0,14667.0,272312.0
2012-03-28,8505.0,8508.5,8327.0,8360.0,18784.0,272826.0
2012-03-29,8386.5,8410.0,8286.0,8360.25,18531.0,272225.0
2012-03-30,8390.0,8480.0,8382.75,8434.0,13612.0,274371.0
2012-04-02,8468.25,8653.0,8428.25,8620.75,22182.0,272215.0
2012-04-03,8615.5,8702.75,8562.0,8614.25,14063.0,275856.0
2012-04-04,8550.0,8564.5,8348.0,8362.5,17717.0,276085.0
2012-04-05,8385.0,8431.0,8314.0,8365.5,14979.0,276687.0
2012-04-10,8240.0,8345.0,8050.0,8080.5,35479.0,276229.0
2012-04-11,8095.0,8110.0,8018.0,8046.75,20678.0,275560.0
2012-04-12,8051.0,8238.0,8050.0,8210.0,23004.0,271566.0
2012-04-13,8201.25,8218.0,7964.25,8008.25,23212.0,269805.0
2012-04-16,7975.25,8040.75,7885.25,8033.25,22318.0,272267.0
2012-04-17,8002.25,8078.5,7918.0,8062.5,18149.0,269384.0
2012-04-18,8055.5,8125.0,7986.0,8019.25,16498.0,261199.0
2012-04-19,8019.5,8088.5,7970.5,8039.75,15172.0,258758.0
2012-04-20,8037.75,8217.75,8031.75,8181.75,17293.0,256662.0
2012-04-23,8175.0,8175.0,7977.25,8043.0,24092.0,257606.0
2012-04-24,8032.5,8162.0,8025.75,8118.0,17202.0,258766.0
2012-04-25,8150.5,8225.0,8100.5,8205.0,19580.0,260386.0
2012-04-26,8207.0,8341.0,8164.0,8333.0,17146.0,257155.0
2012-04-27,8315.0,8433.0,8277.25,8426.0,17436.0,256885.0
2012-04-30,8455.0,8496.75,8347.25,8402.0,13881.0,256554.0
2012-05-01,8418.25,8454.0,8355.25,8431.75,10343.0,255956.0
2012-05-02,8412.5,8422.5,8275.0,8305.5,17498.0,257690.0
2012-05-03,8306.0,8326.0,8200.0,8215.0,12872.0,259216.0
2012-05-04,8223.0,8263.5,8146.5,8193.5,15884.0,261013.0
2012-05-08,8259.0,8268.75,8050.5,8100.0,18177.0,261440.0
2012-05-09,8107.25,8131.0,7950.0,8075.25,24312.0,259534.0
2012-05-10,8057.0,8170.0,8010.0,8118.0,18156.0,257543.0
2012-05-11,8070.0,8106.0,7966.25,8000.0,18439.0,256767.0
2012-05-14,8043.0,8085.5,7813.0,7825.25,28633.0,253623.0
2012-05-15,7800.0,7860.75,7732.0,7755.0,21662.0,251593.0
2012-05-16,7742.5,7770.0,7625.0,7650.0,24182.0,245123.0
2012-05-17,7683.75,7775.75,7626.75,7669.0,20457.0,247114.0
2012-05-18,7660.0,7760.0,7626.75,7657.5,18004.0,248050.0
2012-05-21,7644.75,7799.0,7644.75,7755.0,17921.0,248657.0
2012-05-22,7793.25,7816.0,7705.75,7736.0,15063.0,248747.0
2012-05-23,7692.75,7694.25,7503.0,7559.0,22399.0,252119.0
2012-05-24,7579.0,7631.25,7542.0,7565.0,20581.0,255861.0
2012-05-25,7598.0,7680.0,7568.0,7627.0,14152.0,254155.0
2012-05-28,7658.0,7755.5,7658.0,7676.5,9498.0,254295.0
2012-05-29,7684.75,7765.0,7647.0,7657.5,18532.0,254944.0
2012-05-30,7668.0,7675.0,7463.0,7508.5,24539.0,256257.0
2012-05-31,7460.0,7540.0,7403.0,7437.5,21560.0,257980.0
2012-06-01,7439.0,7483.25,7301.0,7340.0,25709.0,257657.0
2012-06-06,7331.75,7477.5,7318.0,7463.75,17509.0,259024.0
2012-06-07,7462.25,7585.0,7365.0,7480.25,23601.0,262374.0
2012-06-08,7458.0,7462.75,7233.25,7299.0,21169.0,263597.0
2012-06-11,7437.5,7506.75,7380.0,7408.25,17550.0,263940.0
2012-06-12,7368.0,7444.25,7328.25,7402.0,15380.0,263143.0
2012-06-13,7415.25,7471.25,7360.0,7376.0,13070.0,262786.0
2012-06-14,7367.25,7443.0,7357.75,7426.0,12642.0,260812.0
2012-06-15,7441.0,7562.5,7438.5,7560.0,16549.0,261332.0
2012-06-18,7575.0,7615.0,7455.75,7510.0,16060.0,258387.0
2012-06-19,7512.75,7619.5,7472.0,7608.25,15232.0,254747.0
2012-06-20,7585.0,7601.25,7446.25,7504.0,13555.0,248815.0
2012-06-21,7490.0,7490.0,7320.0,7331.0,20311.0,249486.0
2012-06-22,7336.25,7350.0,7219.5,7338.0,15874.0,251754.0
2012-06-25,7333.5,7400.25,7290.0,7385.5,15363.0,247935.0
2012-06-26,7393.5,7402.0,7317.0,7360.5,12707.0,246993.0
2012-06-27,7351.0,7434.0,7307.0,7420.0,14767.0,245778.0
2012-06-28,7409.75,7449.5,7350.0,7390.0,16131.0,245641.0
2012-06-29,7395.0,7745.0,7381.0,7738.0,30040.0,247515.0
2012-07-02,7701.0,7710.0,7604.75,7632.5,18063.0,246325.0
2012-07-03,7625.0,7823.0,7620.0,7784.25,24800.0,248662.0
2012-07-04,7780.25,7785.25,7703.5,7720.0,9219.0,248597.0
2012-07-05,7700.0,7790.0,7635.0,7685.0,16619.0,254405.0
2012-07-06,7686.0,7715.0,7509.0,7527.5,14190.0,255932.0
2012-07-09,7518.0,7572.5,7486.25,7571.0,11456.0,254511.0
2012-07-10,7575.0,7585.0,7482.0,7501.25,11784.0,252622.0
2012-07-11,7488.75,7603.0,7482.75,7573.25,14981.0,251612.0
2012-07-12,7563.25,7570.25,7465.75,7550.0,14516.0,248202.0
2012-07-13,7547.25,7730.0,7530.0,7715.0,18802.0,246391.0
2012-07-16,7705.25,7710.0,7641.0,7696.0,11315.0,246361.0
2012-07-17,7698.25,7738.0,7576.75,7628.0,16671.0,245008.0
2012-07-18,7648.25,7684.75,7581.0,7642.0,10468.0,241182.0
2012-07-19,7659.75,7813.0,7650.0,7770.0,21328.0,240040.0
2012-07-20,7767.0,7767.0,7530.0,7572.0,23213.0,243203.0
2012-07-23,7552.25,7585.0,7360.0,7434.0,23335.0,240269.0
2012-07-24,7432.5,7494.0,7365.0,7392.75,17174.0,237844.0
2012-07-25,7414.75,7497.0,7344.25,7479.0,19116.0,235697.0
2012-07-26,7455.75,7573.25,7387.25,7469.0,19338.0,234104.0
2012-07-27,7480.5,7585.0,7441.5,7566.25,16635.0,233839.0
2012-07-30,7565.0,7620.0,7501.0,7542.75,12571.0,233839.0
2012-07-31,7549.0,7622.0,7529.75,7539.0,14382.0,236000.0
2012-08-01,7540.0,7563.0,7421.5,7446.75,14034.0,235258.0
2012-08-02,7436.75,7476.5,7280.0,7290.0,27758.0,233919.0
2012-08-03,7314.75,7450.0,7306.0,7425.25,19023.0,234078.0
2012-08-06,7435.0,7494.0,7385.0,7480.0,10059.0,235300.0
2012-08-07,7465.5,7612.75,7444.5,7589.0,16412.0,236274.0
2012-08-08,7558.5,7569.0,7504.0,7525.0,13891.0,237269.0
2012-08-09,7537.75,7588.75,7503.0,7540.0,10282.0,237137.0
2012-08-10,7532.75,7547.75,7416.0,7487.0,12372.0,237902.0
2012-08-13,7487.25,7494.5,7380.0,7400.0,11747.0,238438.0
2012-08-14,7408.0,7465.0,7366.0,7417.5,12364.0,236039.0
2012-08-15,7410.25,7456.5,7368.0,7397.5,12883.0,230884.0
2012-08-16,7409.0,7479.75,7383.5,7466.0,10672.0,230686.0
2012-08-17,7462.25,7554.0,7451.0,7539.0,12294.0,231679.0
2012-08-20,7523.0,7528.5,7400.5,7450.25,12840.0,230963.0
2012-08-21,7453.0,7632.0,7435.0,7585.0,20541.0,229844.0
2012-08-22,7579.75,7648.0,7550.25,7595.0,18494.0,228318.0
2012-08-23,7629.25,7720.5,7615.0,7645.0,20361.0,227508.0
2012-08-24,7640.0,7684.75,7608.0,7662.75,14334.0,227121.0
2012-08-28,7623.5,7629.5,7565.0,7612.0,12367.0,225361.0
2012-08-29,7618.5,7622.0,7531.0,7577.25,11939.0,223366.0
2012-08-30,7559.75,7670.0,7536.0,7570.0,14164.0,220242.0
2012-08-31,7568.5,7616.5,7498.0,7592.0,15163.0,220535.0
2012-09-03,7591.5,7700.0,7545.25,7660.75,11726.0,220442.0
2012-09-04,7673.0,7693.0,7618.5,7630.5,12255.0,223596.0
2012-09-05,7625.75,7750.0,7584.25,7732.5,23128.0,221602.0
2012-09-06,7725.0,7762.25,7666.0,7708.75,23159.0,224773.0
2012-09-07,7713.0,8000.0,7692.75,7982.0,36030.0,229656.0
2012-09-10,7972.25,8109.75,7952.25,8069.25,27357.0,238146.0
2012-09-11,8043.0,8127.75,7985.0,8088.25,19870.0,244101.0
2012-09-12,8070.5,8170.0,8027.0,8076.5,20826.0,243815.0
2012-09-13,8070.0,8200.5,8018.5,8184.0,19208.0,248479.0
2012-09-14,8176.0,8411.0,8176.0,8393.25,27384.0,254014.0
2012-09-17,8376.0,8386.25,8290.0,8290.0,16382.0,257984.0
2012-09-18,8269.5,8329.25,8216.5,8302.0,15638.0,258938.0
2012-09-19,8318.0,8422.0,8297.5,8350.0,20205.0,258503.0
2012-09-20,8335.0,8358.0,8194.0,8258.0,21004.0,253749.0
2012-09-21,8284.25,8354.5,8266.0,8292.75,16015.0,257103.0
2012-09-24,8260.0,8260.0,8150.0,8178.25,15152.0,259524.0
2012-09-25,8200.0,8295.0,8200.0,8255.25,13698.0,259968.0
2012-09-26,8209.25,8246.25,8082.0,8143.25,19650.0,256414.0
2012-09-27,8159.5,8213.5,8115.0,8210.0,19767.0,255350.0
2012-09-28,8200.75,8278.75,8195.0,8218.0,15482.0,254235.0
2012-10-01,8190.5,8316.75,8155.0,8297.0,14640.0,253560.0
2012-10-02,8286.25,8379.75,8260.75,8321.25,12766.0,252816.0
2012-10-03,8305.0,8310.75,8252.0,8290.0,11576.0,253958.0
2012-10-04,8291.25,8355.0,8255.5,8315.0,9970.0,251986.0
2012-10-05,8316.0,8350.0,8255.0,8257.5,9930.0,251653.0
2012-10-08,8249.0,8249.0,8128.0,8180.0,13650.0,251534.0
2012-10-09,8192.25,8240.0,8138.0,8162.0,12483.0,251423.0
2012-10-10,8145.0,8180.0,8110.5,8160.0,14020.0,253874.0
2012-10-11,8146.75,8283.0,8105.0,8222.0,16493.0,252358.0
2012-10-12,8231.0,8237.0,8118.0,8118.25,13532.0,257034.0
2012-10-15,8085.0,8148.75,8050.0,8126.25,15885.0,260029.0
2012-10-16,8135.0,8181.0,8105.0,8141.75,9662.0,257113.0
2012-10-17,8176.75,8233.0,8096.25,8212.0,13832.0,251401.0
2012-10-18,8205.5,8260.0,8164.25,8205.0,11426.0,251560.0
2012-10-19,8200.0,8222.5,7983.0,7992.25,19882.0,251143.0
2012-10-22,7971.5,8025.0,7930.0,7944.0,16278.0,249780.0
2012-10-23,7975.0,8009.0,7807.75,7853.0,21091.0,248181.0
2012-10-24,7871.0,7918.0,7810.25,7860.5,15804.0,247931.0
2012-10-25,7865.5,7900.0,7788.75,7825.0,16856.0,246522.0
2012-10-26,7835.0,7857.0,7756.25,7822.75,18904.0,246226.0
2012-10-29,7823.75,7840.5,7670.0,7724.0,16673.0,245270.0
2012-10-30,7730.0,7778.0,7711.0,7735.0,14216.0,243999.0
2012-10-31,7739.0,7840.0,7734.0,7750.0,17866.0,242946.0
2012-11-01,7767.25,7865.0,7758.25,7833.25,13827.0,243941.0
2012-11-02,7830.0,7835.0,7656.25,7671.75,18504.0,243703.0
2012-11-05,7695.0,7695.0,7596.0,7651.0,18058.0,240569.0
2012-11-06,7661.0,7743.0,7644.25,7735.25,12304.0,241379.0
2012-11-07,7712.0,7806.25,7563.25,7601.0,25391.0,240564.0
2012-11-08,7614.0,7652.0,7571.0,7648.0,16455.0,238817.0
2012-11-09,7645.0,7698.5,7506.0,7576.5,19522.0,239008.0
2012-11-12,7620.0,7657.75,7560.0,7654.0,14839.0,240294.0
2012-11-13,7620.0,7715.0,7548.0,7660.0,17892.0,241299.0
2012-11-14,7663.5,7701.0,7613.0,7617.5,13515.0,244652.0
2012-11-15,7609.5,7674.0,7606.0,7650.0,10593.0,247540.0
2012-11-16,7648.0,7666.75,7560.0,7615.0,12334.0,249834.0
2012-11-19,7655.0,7806.75,7655.0,7779.25,18366.0,252127.0
2012-11-20,7768.25,7795.0,7731.5,7754.25,14088.0,252399.0
2012-11-21,7761.25,7770.0,7660.0,7717.5,14721.0,247456.0
2012-11-22,7735.0,7751.5,7710.25,7725.0,6388.0,243527.0
2012-11-23,7713.75,7783.0,7672.0,7779.75,11589.0,247869.0
2012-11-26,7770.0,7795.25,7730.0,7787.0,13560.0,247945.0
2012-11-27,7804.0,7828.75,7758.0,7795.0,15471.0,249880.0
2012-11-28,7790.0,7803.75,7681.0,7748.5,16046.0,250562.0
2012-11-29,7775.0,7943.0,7767.5,7905.0,22812.0,248730.0
2012-11-30,7891.0,8002.0,7872.0,7990.0,22105.0,250757.0
2012-12-03,7994.75,8045.0,7981.75,8014.0,15307.0,253036.0
2012-12-04,8005.0,8068.5,7963.5,8035.0,17400.0,252399.0
2012-12-05,8032.75,8095.75,8005.0,8076.0,17520.0,256725.0
2012-12-06,8066.75,8089.0,7970.0,7997.25,16230.0,258468.0
2012-12-07,8000.75,8065.0,7986.0,8038.0,12362.0,263095.0
2012-12-10,8055.75,8159.0,8040.0,8134.0,15887.0,268050.0
2012-12-11,8120.0,8131.75,8082.0,8088.0,10255.0,273266.0
2012-12-12,8097.0,8162.0,8070.5,8152.25,11945.0,272712.0
2012-12-13,8120.0,8121.75,8016.5,8044.5,12928.0,273636.0
2012-12-14,8050.0,8108.25,8044.0,8073.0,8384.0,272571.0
2012-12-17,8058.0,8104.25,8006.25,8052.25,12162.0,272597.0
2012-12-18,8070.0,8090.0,8008.0,8010.25,9698.0,262371.0
2012-12-19,8034.0,8039.5,7900.0,7922.0,16052.0,256064.0
2012-12-20,7930.0,7937.75,7735.0,7773.0,23100.0,254034.0
2012-12-21,7790.0,7872.0,7773.0,7846.5,18198.0,246489.0
2012-12-24,7835.0,7876.25,7797.5,7818.0,4566.0,245134.0
2012-12-27,7888.75,7945.25,7887.0,7917.75,9537.0,241190.0
2012-12-28,7939.25,7955.25,7879.0,7893.5,7741.0,240549.0
2012-12-31,7905.0,7970.0,7898.5,7944.25,6789.0,238714.0
2013-01-02,8000.0,8255.0,8000.0,8200.0,21540.0,238289.0
2013-01-03,8202.5,8256.5,8136.0,8149.0,15135.0,241788.0
2013-01-04,8115.0,8138.0,8058.0,8102.0,16738.0,245834.0
2013-01-07,8092.25,8104.0,8025.0,8087.75,12353.0,248376.0
2013-01-08,8089.75,8103.0,8040.0,8074.75,11864.0,250766.0
2013-01-09,8079.0,8144.0,8055.0,8066.75,10638.0,247552.0
2013-01-10,8064.0,8165.0,8055.75,8150.0,13169.0,248296.0
2013-01-11,8146.0,8162.0,8030.0,8039.0,13470.0,249577.0
2013-01-14,8058.0,8110.0,7990.25,8007.5,14087.0,248027.0
2013-01-15,8024.0,8035.0,7940.0,7989.0,16791.0,250592.0
2013-01-16,8003.0,8021.25,7920.0,7946.75,13221.0,245603.0
2013-01-17,7967.5,8065.0,7927.0,8058.0,17038.0,244362.0
2013-01-18,8044.75,8130.0,8040.0,8088.0,11736.0,242283.0
2013-01-21,8082.25,8085.25,8047.0,8055.0,4694.0,245745.0
2013-01-22,8060.0,8144.5,8059.75,8138.5,11489.0,243835.0
2013-01-23,8132.25,8154.25,8085.0,8103.0,13446.0,244215.0
2013-01-24,8094.0,8124.0,8051.0,8075.0,12284.0,247210.0
2013-01-25,8080.0,8135.0,8010.0,8042.0,14741.0,249195.0
2013-01-28,8055.0,8086.0,8017.5,8049.5,11925.0,249437.0
2013-01-29,8068.0,8122.0,8036.0,8112.25,15432.0,248739.0
2013-01-30,8116.75,8245.5,8100.0,8239.0,23885.0,249657.0
2013-01-31,8230.0,8291.25,8165.0,8199.75,23437.0,252188.0
2013-02-01,8205.0,8318.0,8176.75,8310.0,20257.0,255060.0
2013-02-04,8298.75,8346.0,8266.0,8287.25,15556.0,259799.0
2013-02-05,8280.0,8312.0,8258.5,8288.25,10749.0,262377.0
2013-02-06,8283.0,8322.0,8207.0,8235.0,14115.0,264230.0
2013-02-07,8245.25,8265.0,8190.0,8210.0,12403.0,266288.0
2013-02-08,8219.0,8306.75,8211.75,8276.5,12313.0,267696.0
2013-02-11,8289.0,8293.5,8171.0,8201.0,8777.0,267601.0
2013-02-12,8196.0,8251.25,8166.25,8241.25,7445.0,263982.0
2013-02-13,8243.5,8280.0,8205.0,8235.5,8414.0,267498.0
2013-02-14,8230.5,8259.25,8208.5,8237.5,7437.0,270918.0
2013-02-15,8236.0,8266.0,8200.0,8240.75,12001.0,269921.0
2013-02-18,8249.5,8252.0,8107.5,8125.25,12401.0,267993.0
2013-02-19,8132.5,8153.5,8038.0,8052.0,16872.0,268305.0
2013-02-20,8086.75,8099.25,7954.0,7964.0,23008.0,264982.0
2013-02-21,7965.0,7968.0,7813.5,7852.0,30848.0,262519.0
2013-02-22,7875.0,7938.0,7796.0,7817.25,23277.0,264622.0
2013-02-25,7825.0,7902.5,7820.0,7830.0,18858.0,263847.0
2013-02-26,7815.0,7906.5,7785.0,7892.25,21516.0,262609.0
2013-02-27,7895.0,7919.0,7846.75,7863.75,12180.0,262956.0
2013-02-28,7890.5,7930.0,7805.0,7816.0,19961.0,260721.0
2013-03-01,7827.5,7838.5,7652.0,7720.5,28338.0,260536.0
2013-03-04,7749.75,7770.0,7670.0,7740.25,20949.0,263202.0
2013-03-05,7761.75,7818.0,7749.5,7775.25,16227.0,262248.0
2013-03-06,7788.0,7812.5,7689.25,7706.0,16248.0,261123.0
2013-03-07,7727.0,7789.75,7700.0,7751.75,13719.0,260370.0
2013-03-08,7770.0,7790.0,7715.75,7749.0,13044.0,261193.0
2013-03-11,7730.0,7772.0,7667.0,7768.0,16292.0,262656.0
2013-03-12,7776.25,7883.0,7722.0,7829.5,18051.0,264239.0
2013-03-13,7828.0,7866.0,7768.0,7790.0,16190.0,269845.0
2013-03-14,7795.0,7831.25,7748.75,7804.25,11771.0,268369.0
2013-03-15,7810.0,7850.0,7750.0,7758.5,14813.0,263770.0
2013-03-18,7710.25,7710.25,7545.75,7567.0,30114.0,262800.0
2013-03-19,7598.0,7604.5,7486.25,7510.0,18986.0,267992.0
2013-03-20,7500.0,7633.75,7495.5,7619.0,16930.0,257614.0
2013-03-21,7606.0,7750.0,7566.25,7609.25,22547.0,257154.0
2013-03-22,7618.75,7688.0,7591.25,7668.0,12527.0,258739.0
2013-03-25,7674.25,7710.0,7606.25,7632.0,10083.0,256381.0
2013-03-26,7639.0,7684.75,7605.0,7642.0,13591.0,258664.0
2013-03-27,7652.0,7654.0,7576.0,7640.0,13242.0,260440.0
2013-03-28,7640.0,7656.25,7522.0,7533.25,18372.0,255623.0
2013-04-02,7464.75,7497.0,7439.0,7483.25,22241.0,257728.0
2013-04-03,7471.0,7497.25,7375.0,7375.0,18839.0,261300.0
2013-04-04,7376.0,7475.0,7331.25,7450.0,16365.0,264785.0
2013-04-05,7440.0,7476.0,7384.0,7422.0,10587.0,266310.0
2013-04-08,7425.0,7524.5,7407.5,7471.5,14088.0,269131.0
2013-04-09,7483.75,7645.25,7483.75,7630.0,18506.0,269269.0
2013-04-10,7621.5,7621.5,7536.25,7580.0,13116.0,268271.0
2013-04-11,7560.0,7622.0,7510.0,7594.25,16758.0,266581.0
2013-04-12,7598.25,7606.5,7375.0,7428.75,20367.0,264452.0
2013-04-15,7408.0,7434.75,7085.0,7280.75,42987.0,266066.0
2013-04-16,7240.0,7325.75,7135.75,7319.25,27173.0,265266.0
2013-04-17,7326.25,7328.0,7038.75,7044.75,30446.0,266109.0
2013-04-18,7009.75,7107.5,6800.0,7075.25,40484.0,265239.0
2013-04-19,7070.0,7080.0,6875.0,6967.5,30289.0,266658.0
2013-04-22,6932.25,7001.75,6815.0,6926.0,25586.0,271210.0
2013-04-23,6920.75,6924.25,6762.25,6812.75,30706.0,273044.0
2013-04-24,6818.5,7053.0,6818.5,6999.0,23486.0,272947.0
2013-04-25,6989.75,7200.0,6982.75,7200.0,26743.0,281579.0
2013-04-26,7192.5,7258.0,7020.25,7038.0,20431.0,284492.0
2013-04-29,7000.0,7160.0,6980.0,7125.0,12152.0,281702.0
2013-04-30,7108.25,7175.0,7010.0,7037.0,15657.0,281769.0
2013-05-01,7054.25,7055.75,6785.75,6798.0,23189.0,282566.0
2013-05-02,6800.0,6936.0,6780.0,6858.0,24750.0,285985.0
2013-05-03,6900.0,7306.5,6877.0,7290.0,44642.0,285778.0
2013-05-07,7256.75,7374.0,7195.0,7274.0,26457.0,289842.0
2013-05-08,7276.5,7480.0,7250.0,7420.0,25624.0,290835.0
2013-05-09,7434.0,7434.0,7300.0,7356.5,19431.0,292759.0
2013-05-10,7321.5,7416.25,7275.25,7391.0,21342.0,292301.0
2013-05-13,7413.5,7444.0,7350.0,7396.0,14730.0,289364.0
2013-05-14,7387.75,7442.0,7214.0,7244.75,18370.0,287893.0
2013-05-15,7272.0,7295.0,7101.0,7199.25,22096.0,286574.0
2013-05-16,7193.0,7291.0,7120.0,7263.75,22413.0,289337.0
2013-05-17,7240.5,7367.0,7235.0,7310.0,17471.0,286911.0
2013-05-20,7280.0,7430.0,7232.25,7388.5,19386.0,283477.0
2013-05-21,7380.5,7450.0,7328.5,7361.75,18981.0,284692.0
2013-05-22,7369.75,7533.75,7364.25,7442.75,26647.0,283223.0
2013-05-23,7424.75,7431.5,7215.0,7304.25,30972.0,282668.0
2013-05-24,7320.0,7352.25,7245.0,7283.25,13754.0,282595.0
2013-05-28,7301.0,7379.0,7220.0,7304.5,17502.0,283991.0
2013-05-29,7297.0,7336.0,7229.25,7287.5,19426.0,282186.0
2013-05-30,7270.0,7345.0,7198.0,7303.75,19668.0,281822.0
2013-05-31,7314.25,7349.25,7245.0,7276.0,15136.0,281546.0
2013-06-03,7285.0,7397.75,7285.0,7350.5,19670.0,283145.0
2013-06-04,7360.5,7456.5,7337.75,7430.75,17992.0,283065.0
2013-06-05,7453.0,7500.0,7398.0,7441.75,20174.0,284869.0
2013-06-06,7426.0,7443.5,7300.75,7330.0,19405.0,284317.0
2013-06-07,7345.0,7386.0,7221.0,7234.75,21783.0,287268.0
2013-06-10,7175.0,7195.5,7127.0,7168.0,12685.0,286122.0
2013-06-11,7203.5,7223.25,7032.0,7067.0,17248.0,288022.0
2013-06-12,7030.0,7162.25,7020.0,7133.5,15541.0,292734.0
2013-06-13,7120.0,7190.0,7011.25,7062.0,25372.0,295148.0
2013-06-14,7084.0,7141.75,7063.5,7091.0,17073.0,299283.0
2013-06-17,7081.0,7176.0,7050.0,7087.25,15133.0,298995.0
2013-06-18,7105.25,7133.0,6965.0,6990.0,22189.0,297031.0
2013-06-19,7015.0,7040.0,6925.0,6976.0,18631.0,290887.0
2013-06-20,6918.0,6930.0,6750.0,6773.0,32700.0,292495.0
2013-06-21,6750.0,6860.0,6697.0,6844.0,25334.0,297696.0
2013-06-24,6833.0,6836.75,6613.0,6705.5,27829.0,298408.0
2013-06-25,6710.75,6828.25,6602.0,6767.5,28123.0,297464.0
2013-06-26,6770.5,6831.5,6673.5,6735.0,23122.0,301194.0
2013-06-27,6750.0,6800.0,6703.75,6736.25,18109.0,303084.0
2013-06-28,6738.75,6828.75,6660.5,6765.0,20695.0,304958.0
2013-07-01,6774.5,6978.5,6721.25,6963.0,25434.0,303977.0
2013-07-02,6952.0,6982.0,6905.0,6927.75,20543.0,303716.0
2013-07-03,6934.0,6999.0,6917.25,6994.0,19660.0,304187.0
2013-07-04,6995.0,6999.0,6917.5,6925.0,9752.0,299888.0
2013-07-05,6928.75,6952.0,6730.5,6768.0,22539.0,306174.0
2013-07-08,6775.75,6846.5,6747.25,6830.5,13074.0,307871.0
2013-07-09,6824.0,6870.0,6671.75,6756.0,21306.0,307378.0
2013-07-10,6756.25,6835.25,6685.0,6797.5,19767.0,310627.0
2013-07-11,6892.0,7049.25,6884.75,7002.5,33753.0,305712.0
2013-07-12,7005.0,7036.0,6910.0,6953.25,16708.0,303827.0
2013-07-15,6942.25,6985.0,6895.0,6939.25,14261.0,297268.0
2013-07-16,6940.0,7035.25,6913.0,7005.0,15971.0,295414.0
2013-07-17,7000.0,7046.0,6867.25,6899.0,24166.0,286992.0
2013-07-18,6906.0,6920.0,6850.0,6909.0,12456.0,286951.0
2013-07-19,6909.25,6970.0,6864.25,6920.0,15544.0,285119.0
2013-07-22,6960.0,7053.0,6938.25,7010.0,20100.0,282889.0
2013-07-23,7016.5,7050.0,6973.0,7048.0,14689.0,281773.0
2013-07-24,7053.0,7119.0,6975.0,7016.0,24375.0,280990.0
2013-07-25,7028.75,7037.5,6942.5,7010.0,16989.0,281056.0
2013-07-26,7026.0,7035.0,6837.0,6855.0,21228.0,280612.0
2013-07-29,6838.0,6891.0,6820.0,6875.0,15668.0,282658.0
2013-07-30,6860.5,6873.0,6721.0,6727.75,19204.0,281061.0
2013-07-31,6730.5,6916.0,6729.5,6886.25,23880.0,284314.0
2013-08-01,6890.25,7044.0,6868.0,6993.0,23304.0,282812.0
2013-08-02,6991.25,7079.0,6923.0,7007.0,21514.0,284893.0
2013-08-05,7020.0,7023.0,6950.0,6990.0,10951.0,287376.0
2013-08-06,6985.5,7078.0,6950.0,6997.0,17062.0,286017.0
2013-08-07,6982.0,7028.75,6906.5,7020.0,18345.0,285776.0
2013-08-08,7018.75,7215.0,6997.0,7190.0,35532.0,285823.0
2013-08-09,7180.0,7298.0,7134.0,7270.5,21788.0,292411.0
2013-08-12,7255.0,7318.5,7220.0,7267.0,19668.0,293678.0
2013-08-13,7276.75,7354.75,7241.25,7291.0,17614.0,296218.0
2013-08-14,7287.0,7343.25,7246.0,7325.0,14276.0,299390.0
2013-08-15,7335.0,7355.0,7224.75,7353.75,19059.0,302705.0
2013-08-16,7340.5,7420.0,7328.0,7374.0,22737.0,305239.0
2013-08-19,7384.0,7402.5,7290.5,7312.75,14114.0,304518.0
2013-08-20,7320.0,7337.0,7253.0,7322.5,13165.0,302312.0
2013-08-21,7307.75,7320.0,7227.0,7271.0,10991.0,292937.0
2013-08-22,7260.0,7389.0,7244.75,7295.0,18344.0,288294.0
2013-08-23,7315.0,7372.75,7280.0,7353.0,12256.0,290546.0
2013-08-27,7311.75,7400.0,7275.0,7309.0,19700.0,289683.0
2013-08-28,7313.75,7352.5,7252.0,7262.0,16229.0,289469.0
2013-08-29,7263.5,7294.25,7147.0,7161.5,20777.0,290136.0
2013-08-30,7147.0,7200.75,7081.5,7111.0,20893.0,287644.0
2013-09-02,7140.0,7276.5,7131.75,7241.0,20011.0,288848.0
2013-09-03,7265.0,7289.0,7193.0,7251.75,16906.0,288890.0
2013-09-04,7245.0,7253.25,7087.0,7135.75,22501.0,287104.0
2013-09-05,7142.0,7167.75,7083.0,7134.5,17133.0,280605.0
2013-09-06,7132.5,7217.0,7126.0,7160.0,16634.0,282243.0
2013-09-09,7185.75,7243.0,7173.25,7205.0,12088.0,280400.0
2013-09-10,7207.0,7237.0,7150.0,7174.0,15479.0,278071.0
2013-09-11,7191.0,7210.0,7151.0,7164.5,9754.0,278969.0
2013-09-12,7185.0,7185.0,7025.0,7070.75,21693.0,273538.0
2013-09-13,7056.0,7097.0,7024.0,7064.0,15507.0,274161.0
2013-09-16,7096.0,7130.0,7039.0,7095.25,15835.0,273351.0
2013-09-17,7071.0,7120.0,7040.0,7087.0,12073.0,269888.0
2013-09-18,7085.0,7205.0,7053.0,7205.0,17525.0,267362.0
2013-09-19,7266.75,7357.0,7264.75,7325.0,21544.0,267825.0
2013-09-20,7344.5,7368.0,7266.5,7283.25,14293.0,269075.0
2013-09-23,7264.75,7264.75,7166.5,7250.0,17810.0,270806.0
2013-09-24,7220.5,7236.0,7117.5,7177.0,7202.0,270946.0
2013-09-25,7170.75,7205.0,7153.0,7186.0,10061.0,269942.0
2013-09-26,7183.0,7295.0,7169.5,7257.5,15945.0,264896.0
2013-09-27,7250.5,7308.5,7227.0,7292.0,12920.0,268403.0
2013-09-30,7270.25,7330.0,7254.0,7293.0,13851.0,268271.0
2013-10-01,7290.0,7325.0,7147.0,7190.0,18188.0,268712.0
2013-10-02,7202.75,7286.0,7142.0,7286.0,15158.0,266762.0
2013-10-03,7274.0,7300.0,7174.0,7194.75,12847.0,265323.0
2013-10-04,7210.0,7282.5,7165.0,7251.5,11481.0,264613.0
2013-10-07,7249.5,7273.5,7177.25,7238.5,9488.0,264106.0
2013-10-08,7249.25,7295.0,7215.0,7233.5,14628.0,262574.0
2013-10-09,7241.0,7243.25,7087.0,7117.5,23990.0,263109.0
2013-10-10,7097.0,7150.75,7081.0,7139.5,16963.0,262434.0
2013-10-11,7142.5,7200.0,7105.0,7200.0,16105.0,268880.0
2013-10-14,7161.25,7273.25,7140.0,7257.0,19042.0,268548.0
2013-10-15,7246.5,7267.25,7210.0,7262.25,13380.0,269986.0
2013-10-16,7252.5,7299.75,7173.0,7265.0,21847.0,261880.0
2013-10-17,7276.25,7300.0,7185.0,7233.5,17322.0,256208.0
2013-10-18,7230.25,7280.0,7222.75,7225.0,13598.0,257190.0
2013-10-21,7235.25,7269.0,7209.0,7252.25,9236.0,256109.0
2013-10-22,7246.5,7350.0,7240.0,7316.5,22834.0,253424.0
2013-10-23,7312.0,7315.0,7170.25,7176.5,25376.0,256003.0
2013-10-24,7190.0,7213.5,7138.0,7190.0,17824.0,255185.0
2013-10-25,7189.75,7195.0,7115.0,7180.0,17379.0,258567.0
2013-10-28,7176.0,7222.25,7155.0,7178.0,10491.0,256929.0
2013-10-29,7180.0,7236.75,7135.25,7199.5,19307.0,257263.0
2013-10-30,7202.25,7299.25,7189.0,7272.0,23535.0,257547.0
2013-10-31,7251.0,7273.75,7222.75,7238.75,16056.0,258362.0
2013-11-01,7235.25,7298.0,7224.0,7237.0,14397.0,263226.0
2013-11-04,7255.0,7260.75,7140.0,7165.0,20999.0,260908.0
2013-11-05,7178.25,7204.0,7141.0,7163.25,16826.0,262889.0
2013-11-06,7176.5,7203.75,7093.0,7122.0,17838.0,264446.0
2013-11-07,7125.0,7160.0,7103.0,7138.0,20029.0,265701.0
2013-11-08,7135.0,7182.0,7105.0,7158.5,18359.0,263026.0
2013-11-11,7175.0,7206.75,7133.0,7163.0,10949.0,261520.0
2013-11-12,7155.0,7169.25,7095.0,7100.0,15973.0,261947.0
2013-11-13,7098.0,7098.25,6956.0,6985.0,33493.0,263708.0
2013-11-14,7000.0,7032.25,6940.0,6993.75,23670.0,263882.0
2013-11-15,7003.25,7035.25,6948.5,7010.25,18704.0,264462.0
2013-11-18,7012.0,7018.0,6955.25,6963.5,14225.0,259735.0
2013-11-19,6938.75,7005.25,6910.0,6965.75,19436.0,254382.0
2013-11-20,6970.0,7020.0,6965.0,6977.75,12474.0,251258.0
2013-11-21,6965.0,7060.0,6950.0,7043.75,16723.0,255340.0
2013-11-22,7041.0,7098.0,7020.0,7092.0,16690.0,258671.0
2013-11-25,7125.0,7133.75,7051.25,7100.0,15253.0,258125.0
2013-11-26,7100.0,7114.75,7061.25,7070.25,13513.0,259484.0
2013-11-27,7064.75,7100.0,6991.25,7012.5,15185.0,258878.0
2013-11-28,7030.0,7050.0,6992.0,7029.0,9407.0,256432.0
2013-11-29,7038.0,7075.0,7023.0,7030.0,14240.0,257565.0
2013-12-02,7039.75,7060.5,6965.0,6976.25,15552.0,259539.0
2013-12-03,6984.0,6988.25,6938.75,6955.0,15209.0,256296.0
2013-12-04,6966.0,7128.0,6966.0,7094.0,30269.0,253274.0
2013-12-05,7082.0,7104.0,7048.0,7080.0,16522.0,259054.0
2013-12-06,7072.5,7140.0,7054.75,7111.0,20604.0,262234.0
2013-12-09,7100.0,7149.0,7087.0,7144.0,12500.0,265751.0
2013-12-10,7131.25,7188.0,7122.0,7163.75,20974.0,266972.0
2013-12-11,7175.0,7221.0,7138.5,7217.0,21100.0,264298.0
2013-12-12,7201.0,7250.0,7189.75,7220.5,22232.0,266009.0
2013-12-13,7210.0,7265.25,7183.25,7245.25,18676.0,268587.0
2013-12-16,7237.0,7295.0,7230.0,7286.0,19167.0,273405.0
2013-12-17,7272.75,7300.0,7259.75,7272.5,17038.0,269311.0
2013-12-18,7268.75,7280.0,7221.25,7277.0,14491.0,263139.0
2013-12-19,7262.5,7266.0,7176.0,7225.5,15272.0,265309.0
2013-12-20,7226.25,7260.0,7213.0,7235.75,12192.0,264591.0
2013-12-23,7244.0,7260.0,7227.0,7241.0,9515.0,269408.0
2013-12-24,7243.5,7292.25,7242.5,7286.5,6303.0,268742.0
2013-12-27,7350.75,7415.5,7350.75,7382.5,19316.0,269943.0
2013-12-30,7381.5,7404.5,7355.0,7374.25,10448.0,275694.0
2013-12-31,7355.0,7395.0,7350.0,7374.5,7120.0,275905.0
2014-01-02,7389.5,7460.0,7372.0,7385.0,15654.0,273750.0
2014-01-03,7390.25,7395.0,7312.0,7313.75,12498.0,277061.0
2014-01-06,7323.0,7348.5,7278.75,7331.0,14329.0,279524.0
2014-01-07,7324.0,7352.5,7293.0,7350.0,15051.0,282293.0
2014-01-08,7344.0,7379.5,7315.0,7316.25,15344.0,282030.0
2014-01-09,7324.0,7341.0,7209.0,7227.75,21762.0,282440.0
2014-01-10,7221.5,7315.0,7215.0,7313.75,18657.0,285715.0
2014-01-13,7320.5,7345.0,7260.0,7323.0,17971.0,284802.0
2014-01-14,7324.0,7334.25,7275.0,7297.25,14151.0,282344.0
2014-01-15,7294.5,7360.0,7250.0,7352.0,16846.0,278392.0
2014-01-16,7345.75,7370.0,7291.0,7317.25,15171.0,279008.0
2014-01-17,7308.5,7364.75,7282.5,7324.0,15125.0,278473.0
2014-01-20,7328.75,7349.25,7300.25,7314.5,7741.0,282174.0
2014-01-21,7319.0,7349.25,7267.0,7345.0,17010.0,277399.0
2014-01-22,7331.0,7348.0,7283.25,7298.0,11849.0,274478.0
2014-01-23,7291.5,7314.5,7190.0,7216.0,24498.0,273190.0
2014-01-24,7200.0,7244.0,7176.25,7180.5,20133.0,272359.0
2014-01-27,7176.25,7220.0,7148.5,7157.0,18416.0,272341.0
2014-01-28,7150.5,7190.0,7135.0,7148.0,14879.0,270232.0
2014-01-29,7147.0,7187.25,7125.0,7128.75,16708.0,268073.0
2014-01-30,7144.5,7165.0,7066.0,7097.5,19912.0,266710.0
2014-01-31,7103.5,7108.0,7033.5,7043.0,14058.0,264627.0
2014-02-03,7044.25,7059.25,7020.0,7020.0,13128.0,258958.0
2014-02-04,7018.25,7075.75,7016.0,7036.5,12899.0,257157.0
2014-02-05,7044.0,7085.0,7020.0,7032.0,11727.0,257499.0
2014-02-06,7037.5,7210.0,7031.0,7106.0,14559.0,256412.0
2014-02-07,7133.75,7158.0,7117.75,7133.0,11402.0,257982.0
2014-02-10,7144.0,7168.0,7092.0,7102.25,10231.0,260259.0
2014-02-11,7105.0,7115.0,7068.5,7106.0,13475.0,259745.0
2014-02-12,7098.0,7160.0,7098.0,7148.75,13725.0,260838.0
2014-02-13,7136.75,7147.0,7083.25,7141.75,13975.0,258378.0
2014-02-14,7127.0,7167.0,7126.5,7150.0,11453.0,258502.0
2014-02-17,7185.25,7206.5,7166.75,7185.0,10575.0,261005.0
2014-02-18,7175.25,7199.0,7129.75,7189.25,12130.0,258438.0
2014-02-19,7188.25,7220.0,7168.5,7174.0,13241.0,256749.0
2014-02-20,7175.0,7180.0,7113.0,7157.0,14914.0,258687.0
2014-02-21,7161.0,7166.0,7128.0,7150.0,7767.0,259558.0
2014-02-24,7150.0,7150.0,7041.0,7099.75,22002.0,260485.0
2014-02-25,7090.0,7132.0,7034.0,7061.0,16540.0,264714.0
2014-02-26,7064.0,7098.75,7027.0,7030.0,16638.0,264529.0
2014-02-27,7025.25,7048.5,6993.5,7030.75,19633.0,268946.0
2014-02-28,7033.5,7054.0,6995.0,7012.25,16030.0,267240.0
2014-03-03,6997.75,7031.75,6944.0,6968.0,17058.0,267042.0
2014-03-04,6972.75,7067.0,6960.0,7049.0,17029.0,263531.0
2014-03-05,7050.0,7085.75,7025.0,7029.0,14617.0,262277.0
2014-03-06,7028.0,7058.0,7008.0,7049.0,10497.0,262881.0
2014-03-07,7055.5,7060.75,6772.0,6777.0,45153.0,262435.0
2014-03-10,6696.0,6746.0,6608.0,6682.0,35771.0,270232.0
2014-03-11,6681.75,6716.5,6470.0,6483.0,39037.0,274293.0
2014-03-12,6490.0,6543.5,6376.25,6499.0,40458.0,275252.0
2014-03-13,6505.0,6533.25,6400.0,6400.0,22797.0,279912.0
2014-03-14,6409.5,6498.0,6388.75,6463.0,18794.0,282114.0
2014-03-17,6478.0,6540.0,6410.0,6478.75,20959.0,279368.0
2014-03-18,6478.5,6570.0,6450.25,6486.0,17923.0,282061.0
2014-03-19,6482.0,6584.5,6321.0,6580.0,40903.0,269624.0
2014-03-20,6557.0,6561.75,6403.0,6452.5,23294.0,274565.0
2014-03-21,6442.0,6538.75,6412.5,6480.25,15721.0,275693.0
2014-03-24,6472.0,6518.0,6419.75,6469.5,14721.0,275314.0
2014-03-25,6471.0,6623.75,6459.25,6571.5,22083.0,276772.0
2014-03-26,6570.0,6616.0,6500.0,6516.25,17009.0,280187.0
2014-03-27,6515.0,6584.75,6509.75,6565.75,13047.0,282571.0
2014-03-28,6576.0,6673.5,6576.0,6660.0,19248.0,288705.0
2014-03-31,6671.0,6680.0,6622.0,6645.25,12843.0,293667.0
2014-04-01,6652.75,6670.25,6625.0,6658.25,10227.0,294126.0
2014-04-02,6657.75,6734.0,6657.5,6670.5,23508.0,295676.0
2014-04-03,6664.0,6664.0,6598.0,6639.0,15470.0,297451.0
2014-04-04,6649.75,6708.75,6607.0,6613.0,13423.0,299915.0
2014-04-07,6597.5,6692.5,6578.25,6675.25,10947.0,301853.0
2014-04-08,6653.5,6710.0,6627.5,6682.0,13394.0,299646.0
2014-04-09,6685.0,6686.75,6576.25,6626.0,16361.0,300967.0
2014-04-10,6650.0,6660.0,6598.0,6650.0,13415.0,300543.0
2014-04-11,6640.25,6720.0,6620.0,6655.25,19513.0,303570.0
2014-04-14,6672.5,6687.0,6641.0,6657.5,9196.0,311778.0
2014-04-15,6654.0,6664.5,6513.25,6560.0,23949.0,307265.0
2014-04-16,6561.0,6695.0,6546.0,6632.25,22984.0,304225.0
2014-04-17,6628.0,6673.0,6613.75,6673.0,7295.0,298646.0
2014-04-22,6644.0,6665.0,6605.25,6657.5,13333.0,297685.0
2014-04-23,6659.75,6678.0,6625.0,6677.5,14251.0,298141.0
2014-04-24,6665.5,6771.5,6663.75,6751.0,26077.0,302103.0
2014-04-25,6745.0,6780.0,6710.75,6770.25,17883.0,309500.0
2014-04-28,6772.0,6798.0,6742.0,6745.0,15421.0,306364.0
2014-04-29,6758.0,6770.0,6715.0,6730.25,15885.0,305915.0
2014-04-30,6740.0,6740.0,6636.5,6643.0,19738.0,308199.0
2014-05-01,6640.0,6658.75,6591.0,6636.0,11370.0,311049.0
2014-05-02,6647.5,6746.5,6617.25,6729.0,14520.0,316568.0
2014-05-06,6698.0,6720.5,6685.0,6700.0,11009.0,309778.0
2014-05-07,6700.0,6715.0,6622.25,6655.0,16936.0,311585.0
2014-05-08,6666.0,6726.5,6640.0,6715.0,15368.0,316627.0
2014-05-09,6710.25,6764.0,6690.0,6754.25,14893.0,317494.0
2014-05-12,6756.0,6895.0,6749.25,6879.0,29678.0,326764.0
2014-05-13,6879.75,6893.25,6825.0,6838.75,14612.0,332584.0
2014-05-14,6859.25,6940.0,6823.25,6895.0,18756.0,333624.0
2014-05-15,6900.0,6930.0,6864.0,6867.0,15598.0,338158.0
2014-05-16,6875.0,6909.0,6835.0,6874.0,13896.0,340871.0
2014-05-19,6883.0,6954.0,6867.0,6915.75,12689.0,340871.0
2014-05-20,6913.0,6946.75,6831.25,6870.0,13171.0,341616.0
2014-05-21,6873.0,6879.25,6785.0,6839.0,16391.0,336152.0
2014-05-22,6836.0,6897.0,6822.25,6860.0,14836.0,337068.0
2014-05-23,6861.75,6944.25,6860.0,6913.5,10888.0,338168.0
2014-05-27,6952.0,6966.0,6914.75,6938.75,10366.0,338800.0
2014-05-28,6933.75,6970.0,6911.0,6940.0,9379.0,332370.0
2014-05-29,6932.75,6941.5,6865.0,6876.0,12763.0,333300.0
2014-05-30,6885.0,6911.0,6836.0,6843.5,13380.0,333743.0
2014-06-02,6860.5,6935.5,6859.25,6926.75,10268.0,329397.0
2014-06-03,6918.5,6930.0,6852.0,6864.0,13246.0,330476.0
2014-06-04,6868.5,6875.5,6760.0,6785.0,23842.0,332934.0
2014-06-05,6776.0,6815.0,6754.0,6783.0,14945.0,330094.0
2014-06-06,6785.0,6786.25,6640.0,6708.75,27495.0,332308.0
2014-06-09,6703.25,6708.75,6636.0,6674.75,17797.0,331940.0
2014-06-10,6679.5,6700.0,6628.0,6697.0,13395.0,332278.0
2014-06-11,6695.0,6732.5,6654.0,6673.75,15493.0,329717.0
2014-06-12,6665.0,6689.0,6614.75,6618.0,15690.0,324068.0
2014-06-13,6628.25,6680.0,6625.0,6642.0,13620.0,320429.0
2014-06-16,6649.0,6722.0,6646.0,6685.0,14417.0,314203.0
2014-06-17,6681.0,6723.0,6670.25,6719.0,12157.0,315396.0
2014-06-18,6716.0,6744.0,6692.75,6718.0,10444.0,300558.0
2014-06-19,6727.0,6745.0,6684.5,6734.5,10902.0,301178.0
2014-06-20,6730.0,6830.0,6726.0,6820.0,22473.0,298762.0
2014-06-23,6812.0,6900.0,6809.75,6873.5,17574.0,301066.0
2014-06-24,6882.25,6895.0,6840.0,6877.0,15431.0,303783.0
2014-06-25,6874.75,6928.0,6842.25,6922.0,19381.0,306857.0
2014-06-26,6925.75,6955.0,6895.0,6947.0,19613.0,307547.0
2014-06-27,6938.75,6983.75,6927.0,6933.75,12834.0,307547.0
2014-06-30,6939.25,7025.0,6924.5,7014.0,17668.0,311028.0
2014-07-01,7016.25,7028.5,6990.0,7007.25,15913.0,315305.0
2014-07-02,7006.25,7144.5,6966.5,7134.0,26142.0,315295.0
2014-07-03,7127.0,7187.5,7106.25,7173.0,17170.0,322104.0
2014-07-04,7174.5,7190.0,7130.0,7154.0,7233.0,323623.0
2014-07-07,7155.5,7160.0,7080.0,7140.25,12366.0,319526.0
2014-07-08,7130.0,7212.0,7110.0,7140.75,15988.0,321306.0
2014-07-09,7143.0,7175.0,7112.0,7117.0,14989.0,324080.0
2014-07-10,7126.75,7170.75,7082.5,7170.0,16379.0,326132.0
2014-07-11,7168.0,7170.0,7111.0,7160.0,14230.0,327038.0
2014-07-14,7175.0,7175.0,7116.0,7128.25,11666.0,329331.0
2014-07-15,7129.5,7150.0,7078.25,7132.5,15908.0,328934.0
2014-07-16,7125.0,7142.5,7051.25,7061.0,15532.0,320613.0
2014-07-17,7063.5,7080.0,7030.25,7069.0,11780.0,322464.0
2014-07-18,7063.75,7065.0,6960.0,6993.5,15884.0,324712.0
2014-07-21,6985.25,7038.25,6968.75,7029.0,11285.0,320816.0
2014-07-22,7022.0,7099.75,7022.0,7050.75,13941.0,321155.0
2014-07-23,7045.0,7074.0,7017.5,7050.25,10620.0,318923.0
2014-07-24,7040.25,7175.0,7039.5,7168.5,21642.0,317124.0
2014-07-25,7155.5,7198.25,7117.0,7129.0,17701.0,321198.0
2014-07-28,7129.25,7145.75,7090.0,7130.0,9968.0,319875.0
2014-07-29,7129.25,7151.5,7065.0,7074.75,12232.0,315384.0
2014-07-30,7075.0,7170.0,7045.0,7129.5,11952.0,315689.0
2014-07-31,7129.75,7155.0,7089.25,7103.0,12937.0,314810.0
2014-08-01,7099.75,7149.0,7059.0,7076.5,14135.0,315921.0
2014-08-04,7074.0,7145.0,7040.0,7141.0,13311.0,316864.0
2014-08-05,7136.25,7140.0,7044.25,7050.75,14500.0,320483.0
2014-08-06,7055.0,7058.75,6952.0,6966.75,24204.0,320521.0
2014-08-07,6973.5,7018.0,6955.0,6985.0,16352.0,319465.0
2014-08-08,6986.5,7007.75,6957.5,6999.75,10154.0,320095.0
2014-08-11,7017.75,7038.0,6986.75,6996.25,10122.0,317993.0
2014-08-12,6999.5,7029.5,6955.0,6955.0,15079.0,316450.0
2014-08-13,6955.25,6973.0,6873.75,6885.0,18642.0,316338.0
2014-08-14,6885.25,6901.25,6821.0,6827.0,15412.0,314892.0
2014-08-15,6824.25,6875.0,6823.0,6872.75,13039.0,315477.0
2014-08-18,6873.75,6930.0,6855.0,6895.0,11443.0,313838.0
2014-08-19,6903.25,6926.75,6855.5,6864.5,9825.0,313467.0
2014-08-20,6866.25,7027.5,6854.5,7018.0,22804.0,305279.0
2014-08-21,7019.0,7045.75,6973.5,7027.25,15260.0,306757.0
2014-08-22,7024.0,7091.0,7010.0,7089.0,13613.0,309288.0
2014-08-26,7100.25,7108.75,7039.0,7057.25,10944.0,310029.0
2014-08-27,7049.75,7057.25,6994.0,7025.25,10384.0,311785.0
2014-08-28,7017.0,7045.0,6913.25,6934.75,16558.0,310659.0
2014-08-29,6926.5,6997.0,6922.25,6957.25,13070.0,312208.0
2014-09-01,6958.0,6987.5,6915.0,6943.0,7714.0,310821.0
2014-09-02,6937.75,6988.0,6933.0,6950.5,11997.0,308277.0
2014-09-03,6957.0,6974.0,6882.0,6903.0,16969.0,305840.0
2014-09-04,6893.5,6980.75,6893.5,6943.0,13364.0,308796.0
2014-09-05,6940.25,6978.0,6925.0,6975.0,10140.0,309211.0
2014-09-08,6980.0,7052.25,6961.25,6988.5,13498.0,307720.0
2014-09-09,6998.25,7005.5,6821.75,6851.5,27386.0,309513.0
2014-09-10,6850.0,6889.75,6830.0,6868.0,13273.0,315255.0
2014-09-11,6870.0,6879.0,6770.0,6836.0,21042.0,313480.0
2014-09-12,6830.0,6864.25,6804.5,6863.0,11773.0,317161.0
2014-09-15,6789.0,6832.5,6770.75,6824.0,13865.0,319168.0
2014-09-16,6816.0,6985.75,6810.0,6960.5,27915.0,313144.0
2014-09-17,6967.5,6969.25,6903.0,6928.5,13444.0,312508.0
2014-09-18,6912.0,6920.0,6824.5,6834.25,15075.0,309139.0
2014-09-19,6830.0,6864.75,6784.75,6828.0,13639.0,305096.0
2014-09-22,6815.0,6822.0,6707.25,6730.0,20953.0,306341.0
2014-09-23,6728.5,6780.0,6708.5,6710.5,15132.0,307189.0
2014-09-24,6717.25,6769.5,6686.0,6745.0,20193.0,305796.0
2014-09-25,6748.0,6766.5,6676.75,6705.5,16541.0,304804.0
2014-09-26,6709.0,6742.75,6695.5,6708.0,11048.0,304233.0
2014-09-29,6676.0,6774.5,6666.0,6735.0,14997.0,306051.0
2014-09-30,6731.0,6763.5,6650.0,6655.0,17460.0,303848.0
2014-10-01,6653.25,6729.0,6637.0,6696.0,13174.0,302962.0
2014-10-02,6687.0,6711.5,6604.0,6641.0,16468.0,302577.0
2014-10-03,6649.25,6669.0,6620.0,6642.5,10399.0,300583.0
2014-10-06,6625.0,6719.75,6625.0,6712.0,9131.0,300570.0
2014-10-07,6710.0,6725.0,6667.25,6704.75,10508.0,298792.0
2014-10-08,6696.5,6727.5,6625.5,6645.5,19377.0,300156.0
2014-10-09,6675.0,6745.0,6665.5,6702.0,17464.0,302399.0
2014-10-10,6680.0,6710.25,6613.0,6705.0,25546.0,305011.0
2014-10-13,6671.0,6737.0,6670.0,6737.0,18519.0,308323.0
2014-10-14,6700.0,6825.0,6693.0,6797.5,23684.0,306048.0
2014-10-15,6780.75,6798.75,6620.0,6620.0,25960.0,306291.0
2014-10-16,6657.0,6682.75,6535.0,6587.75,28325.0,309493.0
2014-10-17,6586.0,6645.0,6530.0,6629.5,17841.0,311855.0
2014-10-20,6640.75,6645.0,6541.75,6589.25,12892.0,310654.0
2014-10-21,6588.0,6682.25,6561.75,6663.0,16394.0,312891.0
2014-10-22,6669.0,6710.0,6628.0,6633.25,12965.0,311182.0
2014-10-23,6635.25,6706.0,6627.75,6670.0,11421.0,316742.0
2014-10-24,6678.0,6726.75,6669.0,6684.5,11052.0,320560.0
2014-10-27,6675.0,6752.0,6659.5,6730.0,14477.0,320983.0
2014-10-28,6721.0,6795.0,6721.0,6790.0,15983.0,319848.0
2014-10-29,6776.0,6835.5,6753.0,6761.25,15755.0,319658.0
2014-10-30,6783.0,6783.0,6680.0,6742.0,15411.0,320753.0
2014-10-31,6728.5,6795.0,6682.0,6711.0,18422.0,319908.0
2014-11-03,6700.0,6752.75,6683.0,6735.0,13589.0,319610.0
2014-11-04,6718.75,6754.0,6618.5,6648.0,19368.0,317518.0
2014-11-05,6645.0,6655.75,6543.5,6628.0,19843.0,316395.0
2014-11-06,6635.75,6660.0,6602.75,6642.0,10225.0,316799.0
2014-11-07,6653.25,6710.0,6639.25,6697.25,14424.0,320297.0
2014-11-10,6706.0,6726.25,6658.25,6669.0,9233.0,323811.0
2014-11-11,6660.0,6698.0,6606.0,6689.0,13485.0,320616.0
2014-11-12,6694.25,6720.0,6664.0,6678.75,11436.0,321770.0
2014-11-13,6680.75,6720.0,6590.0,6607.0,14073.0,325831.0
2014-11-14,6620.5,6713.0,6601.0,6706.75,21237.0,330783.0
2014-11-17,6707.75,6734.0,6665.0,6700.0,11323.0,321851.0
2014-11-18,6696.0,6702.75,6612.0,6627.5,17448.0,317959.0
2014-11-19,6631.0,6706.75,6600.0,6682.5,18629.0,307734.0
2014-11-20,6676.0,6687.25,6620.0,6657.75,10958.0,309893.0
2014-11-21,6672.75,6772.5,6645.0,6700.5,24302.0,311244.0
2014-11-24,6719.0,6730.5,6643.75,6656.0,13268.0,316474.0
2014-11-25,6662.0,6698.0,6583.0,6591.5,22941.0,317238.0
2014-11-26,6588.5,6617.25,6556.0,6576.25,18561.0,322621.0
2014-11-27,6578.0,6606.75,6538.0,6547.75,11451.0,320257.0
2014-11-28,6549.75,6560.0,6342.0,6348.0,44058.0,323339.0
2014-12-01,6280.0,6460.0,6230.75,6450.0,39043.0,324615.0
2014-12-02,6424.75,6438.75,6320.25,6418.0,19147.0,326793.0
2014-12-03,6408.5,6430.0,6361.0,6377.5,14226.0,326034.0
2014-12-04,6394.0,6498.0,6387.25,6470.5,19449.0,325225.0
2014-12-05,6453.75,6525.5,6434.75,6438.5,12597.0,326422.0
2014-12-08,6449.75,6473.25,6398.25,6399.75,11953.0,327866.0
2014-12-09,6402.0,6532.5,6354.0,6467.5,25349.0,328905.0
2014-12-10,6459.75,6477.5,6411.25,6417.0,11877.0,327681.0
2014-12-11,6420.0,6484.0,6410.0,6453.0,12332.0,332609.0
2014-12-12,6445.0,6508.0,6445.0,6490.0,12460.0,334917.0
2014-12-15,6481.5,6520.0,6363.0,6370.0,14363.0,335077.0
2014-12-16,6380.0,6400.75,6308.5,6345.0,22501.0,331913.0
2014-12-17,6351.25,6404.25,6268.0,6368.0,18029.0,318853.0
2014-12-18,6370.0,6388.0,6309.0,6311.75,14270.0,325620.0
2014-12-19,6324.0,6429.75,6315.5,6390.0,12614.0,317741.0
2014-12-22,6391.0,6422.0,6345.0,6360.5,9473.0,317299.0
2014-12-23,6359.75,6375.0,6315.0,6338.75,9784.0,316424.0
2014-12-24,6335.75,6354.5,6298.0,6312.25,6431.0,313558.0
2014-12-29,6250.0,6316.0,6230.0,6255.0,14065.0,313097.0
2014-12-30,6290.0,6344.25,6260.0,6316.0,11616.0,312842.0
2014-12-31,6314.75,6337.25,6280.75,6284.25,7245.0,306395.0
2015-01-02,6273.5,6303.75,6218.0,6250.25,9695.0,302811.0
2015-01-05,6255.0,6275.5,6095.5,6142.0,24672.0,306200.0
2015-01-06,6150.0,6178.0,6114.0,6132.0,14692.0,309644.0
2015-01-07,6130.0,6151.5,6091.5,6126.75,16406.0,307483.0
2015-01-08,6126.5,6189.0,6104.25,6123.75,17036.0,305344.0
2015-01-09,6132.0,6148.5,6073.5,6104.5,15089.0,308471.0
2015-01-12,6096.0,6102.25,5966.0,6031.75,19415.0,311603.0
2015-01-13,6019.25,6034.0,5774.75,5774.75,29400.0,318405.0
2015-01-14,5770.0,5790.25,5353.25,5510.0,53042.0,316479.0
2015-01-15,5562.75,5724.0,5555.0,5653.5,31369.0,318118.0
2015-01-16,5657.25,5797.5,5606.0,5778.25,19023.0,313272.0
2015-01-19,5770.0,5780.0,5630.0,5670.0,15638.0,316290.0
2015-01-20,5668.5,5768.0,5650.0,5713.0,14747.0,314987.0
2015-01-21,5707.5,5805.0,5590.0,5736.5,20104.0,305459.0
2015-01-22,5753.5,5760.0,5640.0,5679.5,14844.0,310481.0
2015-01-23,5692.5,5704.0,5502.0,5521.0,20883.0,312677.0
2015-01-26,5500.0,5625.0,5339.5,5616.0,35934.0,315718.0
2015-01-27,5591.5,5598.0,5405.0,5434.0,21333.0,325115.0
2015-01-28,5422.0,5509.5,5411.5,5460.0,17429.0,321828.0
2015-01-29,5441.0,5452.5,5346.0,5427.5,19939.0,320245.0
2015-01-30,5412.5,5507.0,5365.0,5494.0,17716.0,322120.0
2015-02-02,5468.5,5548.0,5460.5,5487.0,17659.0,331047.0
2015-02-03,5513.5,5703.0,5513.5,5700.0,26679.0,332314.0
2015-02-04,5680.0,5755.0,5628.0,5707.0,22624.0,334660.0
2015-02-05,5690.0,5731.0,5568.0,5717.5,20491.0,327744.0
2015-02-06,5705.5,5744.5,5645.5,5675.0,15056.0,328500.0
2015-02-09,5653.0,5698.0,5629.0,5684.5,11308.0,331553.0
2015-02-10,5673.5,5692.5,5560.5,5618.0,15911.0,333033.0
2015-02-11,5607.5,5688.0,5581.0,5596.5,15414.0,339503.0
2015-02-12,5602.5,5754.0,5585.0,5716.5,17101.0,337214.0
2015-02-13,5736.5,5793.5,5702.0,5715.0,14589.0,343047.0
2015-02-16,5728.0,5765.0,5688.0,5749.5,9622.0,343676.0
2015-02-17,5736.5,5762.0,5621.0,5686.0,14500.0,341059.0
2015-02-18,5691.0,5790.0,5650.0,5726.5,12565.0,334822.0
2015-02-19,5755.0,5762.0,5669.0,5752.0,10575.0,342601.0
2015-02-20,5751.5,5754.0,5669.0,5699.5,11320.0,342520.0
2015-02-23,5700.0,5736.0,5633.5,5680.5,9768.0,339607.0
2015-02-24,5678.0,5846.0,5636.0,5783.5,19484.0,340055.0
2015-02-25,5780.0,5810.0,5740.0,5803.5,13967.0,340517.0
2015-02-26,5783.5,5944.0,5781.0,5904.5,24220.0,335406.0
2015-02-27,5891.5,5910.0,5828.5,5896.0,15261.0,335329.0
2015-03-02,5919.0,5960.0,5877.0,5917.5,15864.0,334940.0
2015-03-03,5910.0,5910.0,5785.5,5835.5,16605.0,336411.0
2015-03-04,5835.0,5877.0,5792.0,5835.0,12490.0,337499.0
2015-03-05,5838.5,5879.0,5812.5,5819.0,10137.0,339986.0
2015-03-06,5824.5,5830.5,5725.0,5733.5,14687.0,341677.0
2015-03-09,5729.0,5877.0,5714.0,5851.0,17401.0,344381.0
2015-03-10,5854.5,5855.0,5728.5,5760.0,14927.0,346815.0
2015-03-11,5753.0,5818.5,5710.0,5725.5,14083.0,345190.0
2015-03-12,5718.0,5884.0,5716.0,5843.5,20178.0,348190.0
2015-03-13,5865.0,5900.0,5811.0,5857.5,13188.0,355358.0
2015-03-16,5843.5,5893.0,5822.0,5858.0,10538.0,353296.0
2015-03-17,5857.0,5877.0,5740.0,5800.0,17683.0,356194.0
2015-03-18,5790.5,5810.0,5625.0,5713.0,30018.0,349329.0
2015-03-19,5711.5,5857.0,5711.5,5840.0,27968.0,368148.0
2015-03-20,5842.0,6081.0,5807.0,6040.5,35775.0,362601.0
2015-03-23,6053.5,6154.0,6045.5,6150.0,22164.0,366435.0
2015-03-24,6175.0,6203.5,6080.5,6132.0,18054.0,370402.0
2015-03-25,6136.5,6139.0,6080.0,6137.0,12069.0,373393.0
2015-03-26,6115.5,6294.5,6105.0,6152.5,25101.0,376560.0
2015-03-27,6156.5,6156.5,6046.5,6061.5,18991.0,378392.0
2015-03-30,6046.5,6124.0,6034.0,6094.0,10803.0,377071.0
2015-03-31,6104.5,6118.0,6007.0,6019.5,18762.0,378750.0
2015-04-01,6030.0,6065.0,5952.5,6035.0,17481.0,379542.0
2015-04-02,6032.0,6072.0,5968.5,5985.0,15432.0,380068.0
2015-04-07,5972.5,6093.0,5970.0,6055.0,13053.0,381274.0
2015-04-08,6047.0,6079.0,5988.0,6005.0,12527.0,384472.0
2015-04-09,6007.5,6063.0,5968.0,5995.5,11507.0,383055.0
2015-04-10,5997.5,6106.5,5986.0,6020.0,16763.0,379330.0
2015-04-13,6028.0,6080.0,5980.0,5984.0,13993.0,381929.0
2015-04-14,5991.0,6004.0,5900.0,5945.0,20136.0,381026.0
2015-04-15,5948.0,5975.0,5874.5,5962.0,12341.0,374127.0
2015-04-16,5969.0,6100.0,5966.0,6087.5,18784.0,371010.0
2015-04-17,6071.5,6147.0,6048.0,6086.0,14842.0,374375.0
2015-04-20,6160.0,6173.0,5972.0,5992.0,20721.0,373299.0
2015-04-21,5980.0,6013.5,5930.0,5933.0,17759.0,375537.0
2015-04-22,5945.5,5979.0,5894.5,5914.0,17440.0,375208.0
2015-04-23,5902.5,5962.5,5864.5,5959.5,19170.0,369143.0
2015-04-24,5944.0,6075.0,5943.0,6025.5,17695.0,365715.0
2015-04-27,6046.5,6122.0,6035.0,6096.0,14870.0,363414.0
2015-04-28,6096.5,6129.0,6050.0,6127.0,11667.0,363662.0
2015-04-29,6103.5,6149.5,6055.5,6133.5,15183.0,361441.0
2015-04-30,6130.0,6330.0,6118.0,6315.5,30208.0,359569.0
2015-05-01,6310.0,6424.5,6299.5,6424.5,16914.0,363870.0
2015-05-05,6392.0,6481.0,6350.0,6429.0,21304.0,366551.0
2015-05-06,6433.0,6458.0,6366.5,6415.0,17698.0,363262.0
2015-05-07,6419.0,6447.0,6372.0,6385.0,11904.0,364324.0
2015-05-08,6398.0,6434.0,6335.5,6391.5,10859.0,364215.0
2015-05-11,6410.0,6421.0,6350.5,6380.0,10017.0,360042.0
2015-05-12,6389.5,6459.0,6363.0,6421.0,12892.0,359340.0
2015-05-13,6430.0,6458.5,6386.5,6425.0,14509.0,359860.0
2015-05-14,6419.5,6439.5,6375.0,6398.0,10434.0,359212.0
2015-05-15,6403.0,6425.0,6352.0,6411.5,11457.0,358214.0
2015-05-18,6422.5,6439.0,6352.0,6376.0,11456.0,355477.0
2015-05-19,6384.5,6392.0,6207.5,6225.0,19354.0,352073.0
2015-05-20,6236.0,6245.0,6194.0,6216.0,14216.0,340334.0
2015-05-21,6216.5,6280.0,6216.0,6264.5,10237.0,340133.0
2015-05-22,6254.5,6273.0,6143.0,6182.0,14434.0,338328.0
2015-05-26,6202.5,6230.0,6105.0,6117.5,13566.0,334377.0
2015-05-27,6118.5,6146.0,6075.5,6098.0,17101.0,334412.0
2015-05-28,6088.5,6132.5,6085.0,6108.0,14123.0,335278.0
2015-05-29,6106.0,6137.0,6012.5,6018.0,23435.0,334807.0
2015-06-01,6015.0,6050.0,5985.0,6002.5,16322.0,333949.0
2015-06-02,5995.0,6055.5,5990.0,6040.5,16506.0,332967.0
2015-06-03,6032.5,6064.0,5998.0,6003.5,16392.0,330758.0
2015-06-04,6016.0,6019.0,5906.0,5920.5,17123.0,329756.0
2015-06-05,5930.0,5971.5,5885.0,5941.5,14993.0,333004.0
2015-06-08,5953.5,5966.0,5913.5,5959.0,9105.0,332250.0
2015-06-09,5951.5,6015.0,5936.5,5967.0,14334.0,331350.0
2015-06-10,5977.0,6083.5,5962.5,6030.5,15444.0,332186.0
2015-06-11,6037.5,6047.0,5861.5,5888.5,21483.0,330416.0
2015-06-12,5888.0,5916.0,5859.0,5915.0,12590.0,333587.0
2015-06-15,5901.5,5908.5,5777.0,5827.0,15072.0,333133.0
2015-06-16,5820.0,5843.0,5749.0,5750.0,13249.0,329104.0
2015-06-17,5757.0,5793.5,5728.0,5746.5,12576.0,321672.0
2015-06-18,5764.0,5820.0,5736.0,5748.0,15207.0,314848.0
2015-06-19,5741.5,5773.5,5652.0,5666.5,15133.0,312834.0
2015-06-22,5674.0,5688.0,5642.5,5655.0,9511.0,312688.0
2015-06-23,5667.0,5788.0,5667.0,5752.0,17079.0,313299.0
2015-06-24,5750.0,5828.5,5721.0,5769.5,18626.0,310988.0
2015-06-25,5766.0,5782.0,5692.0,5760.0,12247.0,315080.0
2015-06-26,5755.5,5820.0,5741.5,5792.5,14770.0,315380.0
2015-06-29,5775.0,5838.0,5755.0,5797.5,20253.0,314193.0
2015-06-30,5796.0,5818.0,5706.0,5762.0,18457.0,317937.0
2015-07-01,5752.5,5825.0,5731.0,5783.0,16181.0,313683.0
2015-07-02,5785.0,5820.0,5764.5,5787.5,11251.0,314091.0
2015-07-03,5789.0,5825.0,5746.5,5751.0,9820.0,314205.0
2015-07-06,5720.0,5746.5,5520.0,5567.5,26449.0,313658.0
2015-07-07,5583.5,5610.0,5261.5,5393.0,48456.0,314404.0
2015-07-08,5408.0,5546.5,5240.0,5486.0,41816.0,318489.0
2015-07-09,5494.0,5722.5,5479.5,5615.0,27717.0,319410.0
2015-07-10,5637.5,5660.0,5555.0,5582.5,14762.0,319066.0
2015-07-13,5566.5,5648.0,5492.5,5583.0,18964.0,316939.0
2015-07-14,5592.0,5603.0,5515.0,5585.0,12139.0,314836.0
2015-07-15,5587.5,5668.0,5534.0,5544.5,19950.0,309521.0
2015-07-16,5544.0,5598.0,5518.0,5545.5,10180.0,312105.0
2015-07-17,5550.0,5580.0,5458.0,5481.5,13485.0,311343.0
2015-07-20,5502.5,5504.0,5429.0,5460.0,12987.0,309868.0
2015-07-21,5451.5,5545.0,5450.0,5453.5,14548.0,308323.0
2015-07-22,5460.0,5469.5,5346.5,5356.5,17401.0,303240.0
2015-07-23,5364.0,5405.0,5255.0,5256.0,22780.0,301555.0
2015-07-24,5251.5,5294.0,5191.5,5268.0,25045.0,303132.0
2015-07-27,5250.0,5281.0,5164.0,5196.5,20278.0,300773.0
2015-07-28,5189.0,5333.0,5189.0,5308.0,18429.0,299646.0
2015-07-29,5319.5,5398.0,5281.5,5326.5,16222.0,300597.0
2015-07-30,5327.0,5350.0,5210.0,5257.5,14019.0,297873.0
2015-07-31,5262.0,5295.0,5211.5,5224.0,14124.0,297016.0
2015-08-03,5218.5,5240.0,5142.0,5192.0,20078.0,290908.0
2015-08-04,5195.0,5266.0,5158.5,5222.5,14556.0,296324.0
2015-08-05,5217.0,5227.5,5176.0,5191.0,12540.0,294903.0
2015-08-06,5199.0,5220.0,5170.0,5184.5,10988.0,295274.0
2015-08-07,5185.0,5197.0,5121.0,5156.5,17795.0,296953.0
2015-08-10,5135.0,5323.5,5118.0,5298.5,19734.0,296025.0
2015-08-11,5293.0,5363.5,5109.0,5148.0,28974.0,296279.0
2015-08-12,5155.0,5198.0,5062.0,5185.0,27133.0,298579.0
2015-08-13,5188.5,5253.0,5128.5,5177.0,13195.0,299981.0
2015-08-14,5172.5,5212.5,5140.0,5170.0,11902.0,299639.0
2015-08-17,5165.0,5167.5,5076.0,5115.0,12548.0,296316.0
2015-08-18,5101.0,5112.5,4983.0,5020.0,20479.0,292133.0
2015-08-19,5025.5,5050.0,4976.0,5005.0,17083.0,289574.0
2015-08-20,5006.0,5119.0,4991.0,5090.0,20597.0,290983.0
2015-08-21,5092.0,5102.0,4992.5,5063.0,16817.0,290113.0
2015-08-24,5018.0,5019.0,4855.0,4950.0,31061.0,288973.0
2015-08-25,4926.0,5071.5,4912.5,5056.0,23796.0,295363.0
2015-08-26,5039.5,5040.0,4903.0,4920.0,22069.0,297094.0
2015-08-27,4950.0,5142.5,4949.5,5124.0,23996.0,297714.0
2015-08-28,5130.0,5197.5,5071.5,5143.5,21688.0,297611.0
2015-09-01,5126.5,5151.0,5064.0,5068.0,16262.0,293747.0
2015-09-02,5060.0,5162.0,5045.0,5114.5,16047.0,293572.0
2015-09-03,5140.0,5314.0,5119.0,5220.0,18064.0,290498.0
2015-09-04,5236.0,5236.5,5079.0,5109.0,12371.0,289645.0
2015-09-07,5105.0,5208.0,5081.0,5135.5,12494.0,293329.0
2015-09-08,5154.0,5378.0,5121.5,5352.5,28402.0,294473.0
2015-09-09,5364.0,5434.5,5328.0,5356.0,18783.0,298322.0
2015-09-10,5340.5,5435.0,5331.5,5392.0,14702.0,296089.0
2015-09-11,5380.0,5414.5,5321.5,5382.5,14389.0,297818.0
2015-09-14,5371.0,5393.5,5275.5,5293.0,13625.0,298827.0
2015-09-15,5308.0,5346.0,5251.0,5332.0,15190.0,298234.0
2015-09-16,5341.0,5405.0,5310.0,5390.0,15804.0,287362.0
2015-09-17,5405.0,5440.5,5351.0,5395.0,12841.0,284204.0
2015-09-18,5407.5,5417.0,5233.0,5233.0,22159.0,287051.0
2015-09-21,5234.5,5314.0,5208.0,5254.0,13924.0,290973.0
2015-09-22,5256.5,5263.0,5036.0,5075.0,31720.0,291682.0
2015-09-23,5072.0,5122.5,5048.0,5059.0,15353.0,297184.0
2015-09-24,5065.0,5102.0,5013.5,5080.0,18578.0,294013.0
2015-09-25,5077.0,5110.0,5023.0,5035.0,12097.0,295996.0
2015-09-28,5035.5,5080.0,4925.0,4968.0,18366.0,295473.0
2015-09-29,4960.5,5011.5,4915.5,4981.5,14109.0,296275.0
2015-09-30,4987.5,5192.0,4976.5,5151.0,23371.0,295964.0
2015-10-01,5153.5,5230.0,5060.0,5075.0,17651.0,301758.0
2015-10-02,5095.0,5160.0,5010.0,5150.0,13119.0,303366.0
2015-10-05,5163.5,5224.0,5128.0,5193.0,13251.0,300474.0
2015-10-06,5187.0,5226.0,5120.0,5188.0,11923.0,299170.0
2015-10-07,5189.0,5270.0,5175.0,5207.5,13980.0,299707.0
2015-10-08,5194.0,5205.0,5103.0,5159.0,16692.0,296443.0
2015-10-09,5196.0,5356.0,5178.0,5300.0,29101.0,295618.0
2015-10-12,5298.0,5350.0,5285.0,5301.0,11937.0,300444.0
2015-10-13,5292.0,5301.0,5240.0,5250.0,12884.0,303183.0
2015-10-14,5239.5,5311.0,5230.0,5306.0,9607.0,306221.0
2015-10-15,5309.5,5348.0,5280.0,5325.5,12908.0,309637.0
2015-10-16,5344.5,5345.0,5232.0,5272.0,12704.0,312943.0
2015-10-19,5276.0,5276.0,5185.0,5212.0,11753.0,312056.0
2015-10-20,5203.0,5243.0,5171.0,5201.0,12879.0,308962.0
2015-10-21,5193.0,5200.0,5136.0,5192.5,16426.0,301218.0
2015-10-22,5190.0,5285.0,5186.5,5233.5,17470.0,303798.0
2015-10-23,5242.0,5319.5,5162.0,5180.0,22393.0,306394.0
2015-10-26,5158.0,5240.0,5157.5,5188.0,12330.0,304448.0
2015-10-27,5181.0,5238.0,5162.0,5207.5,11423.0,304733.0
2015-10-28,5205.0,5229.0,5134.5,5190.0,16230.0,304136.0
2015-10-29,5210.0,5210.0,5120.0,5129.0,15605.0,306746.0
2015-10-30,5145.0,5165.0,5104.0,5113.0,14505.0,312993.0
2015-11-02,5089.5,5133.5,5086.5,5120.0,12203.0,312062.0
2015-11-03,5120.0,5179.0,5095.0,5162.5,13688.0,311399.0
2015-11-04,5148.0,5220.0,5125.0,5130.0,18722.0,310287.0
2015-11-05,5138.5,5155.0,5001.0,5008.0,27123.0,309323.0
2015-11-06,5014.0,5050.0,4970.0,4978.5,21575.0,316684.0
2015-11-09,4990.5,5007.0,4953.5,4959.0,12170.0,314666.0
2015-11-10,4956.0,4980.0,4904.5,4935.0,18582.0,313265.0
2015-11-11,4931.0,4949.0,4885.0,4926.0,15243.0,308319.0
2015-11-12,4939.0,4954.5,4800.0,4841.0,27639.0,309482.0
2015-11-13,4823.0,4836.0,4787.5,4809.5,16173.0,317542.0
2015-11-16,4795.0,4825.5,4685.0,4703.5,23319.0,315993.0
2015-11-17,4703.0,4722.0,4590.0,4674.5,24559.0,311742.0
2015-11-18,4665.0,4668.5,4594.5,4605.0,17686.0,301970.0
2015-11-19,4618.5,4635.0,4573.5,4607.5,18539.0,299923.0
2015-11-20,4619.5,4671.0,4552.0,4553.0,17939.0,299841.0
2015-11-23,4556.5,4560.0,4443.5,4468.0,27084.0,296290.0
2015-11-24,4480.0,4623.0,4452.0,4621.5,26649.0,297631.0
2015-11-25,4604.5,4614.5,4526.0,4541.0,19542.0,296710.0
2015-11-26,4538.0,4741.0,4538.0,4637.0,23808.0,293634.0
2015-11-27,4646.0,4694.0,4565.0,4580.0,17108.0,300785.0
2015-11-30,4600.0,4619.5,4530.0,4572.5,17586.0,300861.0
2015-12-01,4565.0,4635.0,4544.5,4610.0,18189.0,300891.0
2015-12-02,4622.5,4647.0,4522.0,4552.0,21099.0,302364.0
2015-12-03,4550.0,4586.5,4513.0,4571.5,18650.0,299704.0
2015-12-04,4570.5,4657.0,4537.0,4611.0,16781.0,298627.0
2015-12-07,4618.0,4649.0,4540.0,4552.5,13880.0,299830.0
2015-12-08,4548.0,4601.0,4524.5,4573.0,15776.0,300568.0
2015-12-09,4581.5,4640.0,4570.0,4595.0,15916.0,301187.0
2015-12-10,4590.0,4610.0,4560.0,4590.5,9627.0,296456.0
2015-12-11,4581.0,4736.5,4578.0,4677.0,24039.0,294327.0
2015-12-14,4680.0,4722.5,4639.0,4680.5,16410.0,302339.0
2015-12-15,4676.0,4696.0,4554.0,4573.0,19497.0,299075.0
2015-12-16,4574.0,4639.0,4562.0,4605.0,15768.0,295232.0
2015-12-17,4604.5,4619.0,4531.0,4550.0,14957.0,292506.0
2015-12-18,4550.0,4691.5,4546.0,4673.0,20338.0,291513.0
2015-12-21,4690.5,4749.5,4664.5,4745.5,13810.0,291814.0
2015-12-22,4745.0,4745.0,4665.5,4680.0,9646.0,288765.0
2015-12-23,4678.0,4718.0,4654.5,4718.0,9906.0,286560.0
2015-12-24,4718.0,4721.0,4672.5,4692.5,5787.0,285839.0
2015-12-29,4639.0,4750.0,4617.0,4730.5,11104.0,285675.0
2015-12-30,4726.0,4746.0,4700.0,4742.5,8337.0,288450.0
2015-12-31,4738.0,4744.5,4680.0,4689.0,5570.0,285099.0
2016-01-04,4716.0,4732.0,4591.5,4608.0,19554.0,285290.0
2016-01-05,4614.0,4680.0,4596.0,4645.0,13543.0,287415.0
2016-01-06,4633.0,4647.5,4593.0,4620.0,12604.0,286682.0
2016-01-07,4625.0,4636.0,4430.0,4487.5,34184.0,287066.0
2016-01-08,4491.0,4562.0,4472.5,4475.0,17593.0,289988.0
2016-01-11,4467.5,4467.5,4381.0,4384.0,23776.0,291063.0
2016-01-12,4396.0,4410.0,4350.0,4358.0,19280.0,293191.0
2016-01-13,4366.5,4410.0,4357.0,4357.0,16158.0,297381.0
2016-01-14,4363.5,4430.0,4330.0,4404.5,18477.0,298528.0
2016-01-15,4415.5,4418.0,4318.0,4325.5,18987.0,303456.0
2016-01-18,4332.5,4394.0,4330.0,4380.0,14132.0,306117.0
2016-01-19,4378.5,4476.0,4366.0,4392.5,18820.0,306299.0
2016-01-20,4392.5,4412.0,4348.0,4385.0,14472.0,295328.0
2016-01-21,4392.0,4441.0,4353.0,4438.0,14884.0,293156.0
2016-01-22,4441.0,4484.0,4418.0,4444.5,15540.0,293047.0
2016-01-25,4446.5,4472.0,4406.0,4432.0,12899.0,295017.0
2016-01-26,4423.0,4544.5,4408.0,4522.0,23848.0,294205.0
2016-01-27,4525.0,4595.0,4505.0,4577.0,18487.0,299240.0
2016-01-28,4560.0,4584.0,4516.0,4543.5,15036.0,298272.0
2016-01-29,4543.0,4579.5,4527.5,4569.0,10859.0,300056.0
2016-02-01,4560.0,4565.0,4496.5,4565.0,12820.0,295289.0
2016-02-02,4553.0,4628.0,4526.0,4546.0,17540.0,298298.0
2016-02-03,4534.0,4648.0,4520.0,4644.5,17215.0,301266.0
2016-02-04,4648.5,4720.0,4631.5,4690.0,19576.0,299361.0
2016-02-05,4692.5,4696.0,4612.0,4616.0,14159.0,304474.0
2016-02-08,4620.0,4648.5,4573.5,4620.0,10404.0,307492.0
2016-02-09,4610.0,4646.5,4467.0,4508.5,23221.0,308397.0
2016-02-10,4518.0,4524.0,4430.0,4464.0,13593.0,309352.0
2016-02-11,4465.5,4497.0,4433.0,4443.0,12818.0,309588.0
2016-02-12,4462.0,4515.0,4448.0,4491.0,8714.0,313289.0
2016-02-15,4526.0,4615.0,4526.0,4565.0,17309.0,316660.0
2016-02-16,4569.5,4611.0,4546.0,4547.0,13341.0,314529.0
2016-02-17,4556.5,4608.0,4535.0,4592.0,12175.0,305652.0
2016-02-18,4586.5,4600.0,4552.5,4592.0,10982.0,307280.0
2016-02-19,4584.5,4631.5,4562.0,4606.0,13317.0,307282.0
2016-02-22,4622.5,4701.0,4619.0,4684.0,15066.0,308805.0
2016-02-23,4675.0,4681.5,4629.0,4657.0,11510.0,307479.0
2016-02-24,4654.0,4669.5,4580.0,4667.5,15580.0,306187.0
2016-02-25,4670.0,4676.0,4578.0,4609.0,16359.0,306922.0
2016-02-26,4612.0,4771.0,4610.0,4691.5,32885.0,306414.0
2016-02-29,4691.0,4715.0,4645.0,4700.0,17315.0,312400.0
2016-03-01,4695.0,4738.5,4636.0,4734.0,17395.0,313887.0
2016-03-02,4726.5,4810.0,4716.0,4810.0,21623.0,314552.0
2016-03-03,4800.5,4865.0,4778.0,4864.0,21640.0,317395.0
2016-03-04,4862.0,5059.0,4855.5,4995.5,33069.0,322898.0
2016-03-07,5000.0,5035.0,4940.0,5007.0,23173.0,326586.0
2016-03-08,4998.5,4998.5,4852.5,4888.0,27223.0,328065.0
2016-03-09,4881.5,4962.0,4849.5,4922.5,21712.0,337306.0
2016-03-10,4926.5,4942.5,4863.5,4896.0,18238.0,343368.0
2016-03-11,4897.5,4977.0,4892.5,4948.5,14185.0,344423.0
2016-03-14,4941.0,5030.0,4923.0,4954.5,20468.0,342788.0
2016-03-15,4946.0,4953.5,4881.5,4943.0,15435.0,340966.0
2016-03-16,4954.0,5000.0,4919.0,4986.0,13395.0,336559.0
2016-03-17,5007.0,5075.0,4980.5,5068.0,21810.0,341028.0
2016-03-18,5066.0,5131.0,5031.0,5048.0,21982.0,340287.0
2016-03-21,5039.0,5088.0,5018.0,5048.0,13292.0,340024.0
2016-03-22,5062.5,5073.0,5024.5,5063.5,11077.0,338986.0
2016-03-23,5065.0,5078.0,4944.0,4962.0,18885.0,340311.0
2016-03-24,4960.5,4970.5,4886.0,4958.5,15363.0,341239.0
2016-03-29,4969.0,4981.0,4880.0,4917.0,18250.0,344712.0
2016-03-30,4922.0,4930.0,4850.0,4873.0,17560.0,348533.0
2016-03-31,4860.0,4884.0,4816.0,4856.5,18969.0,353505.0
2016-04-01,4850.0,4895.5,4805.0,4812.0,16915.0,347137.0
2016-04-04,4809.5,4824.0,4757.5,4768.5,11748.0,348753.0
2016-04-05,4764.0,4811.5,4751.0,4768.5,16759.0,346930.0
2016-04-06,4772.0,4795.0,4751.0,4775.0,13789.0,344971.0
2016-04-07,4780.0,4799.0,4631.0,4635.0,28217.0,344192.0
2016-04-08,4650.0,4680.0,4633.5,4665.0,18015.0,344496.0
2016-04-11,4667.0,4703.5,4633.5,4668.5,14856.0,342622.0
2016-04-12,4654.5,4788.0,4640.0,4780.0,26764.0,340712.0
2016-04-13,4787.0,4855.0,4775.0,4837.0,24192.0,338123.0
2016-04-14,4845.0,4845.5,4778.0,4840.0,15789.0,337891.0
2016-04-15,4830.0,4843.5,4765.5,4806.0,12903.0,336867.0
2016-04-18,4772.5,4844.0,4758.0,4825.0,19746.0,335209.0
2016-04-19,4828.0,4951.0,4782.0,4943.0,27602.0,335130.0
2016-04-20,4936.0,4985.0,4886.5,4972.5,24546.0,332689.0
2016-04-21,4976.0,5065.0,4930.0,4997.0,33243.0,331849.0
2016-04-22,4996.0,5091.0,4958.0,5030.5,26625.0,332997.0
2016-04-25,5020.0,5030.0,4970.0,4990.0,17155.0,336940.0
2016-04-26,4981.0,5002.0,4916.5,4964.0,18608.0,335342.0
2016-04-27,4972.0,4983.0,4873.0,4932.0,19682.0,336623.0
2016-04-28,4940.0,4955.0,4880.0,4932.0,16622.0,336701.0
2016-04-29,4930.5,5073.5,4926.0,5035.5,22836.0,334953.0
2016-05-03,5007.0,5012.0,4897.5,4907.5,26082.0,335209.0
2016-05-04,4912.5,4925.0,4839.0,4841.0,18200.0,332751.0
2016-05-05,4853.0,4866.0,4764.0,4770.5,22474.0,337745.0
2016-05-06,4776.5,4825.0,4755.0,4788.0,19900.0,337973.0
2016-05-09,4781.0,4784.5,4682.5,4686.5,29647.0,336532.0
2016-05-10,4685.0,4724.0,4663.5,4678.0,19348.0,342716.0
2016-05-11,4678.0,4751.0,4674.0,4692.5,20789.0,339541.0
2016-05-12,4692.5,4770.0,4600.0,4622.0,34755.0,345894.0
2016-05-13,4628.5,4659.0,4594.0,4622.0,20415.0,349988.0
2016-05-16,4619.5,4687.0,4596.0,4654.5,21168.0,347570.0
2016-05-17,4656.5,4699.5,4612.0,4640.0,21016.0,343010.0
2016-05-18,4656.0,4667.5,4563.5,4634.0,25599.0,341394.0
2016-05-19,4601.5,4608.0,4540.0,4596.0,21968.0,342790.0
2016-05-20,4595.5,4637.5,4566.0,4571.0,16805.0,342544.0
2016-05-23,4576.0,4588.5,4545.0,4565.0,15758.0,342139.0
2016-05-24,4563.0,4635.0,4554.5,4586.5,21063.0,337677.0
2016-05-25,4604.5,4677.0,4596.5,4676.0,19385.0,335728.0
2016-05-26,4665.5,4712.0,4653.0,4662.0,18985.0,337182.0
2016-05-27,4662.5,4719.5,4640.0,4687.0,13486.0,338222.0
2016-05-31,4665.0,4696.5,4650.0,4654.0,13709.0,337916.0
2016-06-01,4647.5,4647.5,4565.5,4606.0,22478.0,332752.0
2016-06-02,4615.5,4620.0,4571.5,4597.0,14943.0,334945.0
2016-06-03,4594.0,4725.0,4594.0,4683.0,24431.0,337573.0
2016-06-06,4694.0,4748.0,4676.0,4676.0,16569.0,339270.0
2016-06-07,4685.5,4704.0,4552.0,4558.5,30436.0,339931.0
2016-06-08,4568.0,4623.0,4565.0,4580.0,19230.0,334322.0
2016-06-09,4594.5,4633.5,4483.5,4538.5,26064.0,329955.0
2016-06-10,4527.5,4540.0,4487.0,4516.0,15504.0,332465.0
2016-06-13,4518.0,4589.0,4495.5,4555.0,22152.0,331381.0
2016-06-14,4569.5,4570.5,4511.5,4530.5,15219.0,326994.0
2016-06-15,4524.5,4690.0,4523.5,4645.0,26591.0,321796.0
2016-06-16,4639.5,4646.0,4525.0,4544.0,24742.0,324038.0
2016-06-17,4561.5,4594.0,4532.0,4550.0,19799.0,326489.0
2016-06-20,4580.0,4650.0,4566.5,4636.5,18921.0,326432.0
2016-06-21,4631.5,4700.5,4588.0,4699.5,20620.0,326170.0
2016-06-22,4697.5,4733.5,4657.0,4708.0,24026.0,322701.0
2016-06-23,4720.0,4795.0,4695.0,4774.5,31076.0,323295.0
2016-06-24,4766.0,4778.0,4588.0,4698.0,36816.0,323418.0
2016-06-27,4680.0,4751.5,4655.5,4705.5,18706.0,325666.0
2016-06-28,4714.5,4830.0,4698.5,4823.5,25533.0,326935.0
2016-06-29,4826.5,4847.5,4780.5,4840.5,15713.0,325989.0
2016-06-30,4847.0,4865.0,4805.0,4850.5,20038.0,327553.0
2016-07-01,4854.5,4936.5,4784.0,4905.5,24872.0,326271.0
2016-07-04,4918.5,4960.0,4880.0,4885.0,17757.0,332884.0
2016-07-05,4897.5,4901.0,4787.5,4817.5,21547.0,331569.0
2016-07-06,4817.0,4835.0,4713.5,4768.5,24700.0,337109.0
2016-07-07,4761.0,4776.0,4685.0,4687.0,15600.0,338553.0
2016-07-08,4702.0,4737.0,4682.0,4689.5,11356.0,338670.0
2016-07-11,4702.0,4788.0,4692.0,4743.0,12984.0,338504.0
2016-07-12,4744.5,4912.0,4744.5,4885.5,18802.0,339089.0
2016-07-13,4891.0,5032.0,4870.0,4936.0,32491.0,345333.0
2016-07-14,4929.0,4975.0,4913.5,4938.5,14940.0,352629.0
2016-07-15,4934.0,5000.0,4915.0,4923.0,16534.0,354176.0
2016-07-18,4913.5,4944.0,4853.0,4935.5,15700.0,356484.0
2016-07-19,4939.0,4990.0,4902.5,4984.0,15762.0,356871.0
2016-07-20,4977.0,4992.5,4900.0,4958.5,16860.0,347742.0
2016-07-21,4951.5,5000.0,4946.0,4980.0,17182.0,351140.0
2016-07-22,4955.5,4997.0,4906.0,4922.5,15112.0,351775.0
2016-07-25,4930.0,4949.5,4875.0,4915.5,13486.0,351755.0
2016-07-26,4908.0,4930.0,4859.0,4917.0,13131.0,352378.0
2016-07-27,4922.0,4935.0,4830.0,4834.0,15298.0,354850.0
2016-07-28,4850.0,4916.0,4849.5,4899.0,11693.0,354882.0
2016-07-29,4898.5,4945.0,4848.0,4920.0,15279.0,358344.0
2016-08-01,4911.0,4965.0,4865.5,4872.0,14880.0,353278.0
2016-08-02,4865.0,4959.0,4855.0,4886.0,18334.0,359563.0
2016-08-03,4884.5,4902.5,4820.0,4868.5,19697.0,361131.0
2016-08-04,4884.5,4886.0,4786.0,4832.0,20313.0,355986.0
2016-08-05,4832.5,4849.0,4783.0,4796.0,13678.0,357537.0
2016-08-08,4789.0,4842.0,4789.0,4809.0,11758.0,356036.0
2016-08-09,4799.0,4810.0,4761.0,4776.5,13305.0,357622.0
2016-08-10,4776.0,4888.5,4776.0,4822.0,20419.0,357210.0
2016-08-11,4815.5,4855.0,4809.5,4848.0,8855.0,352217.0
2016-08-12,4850.5,4864.0,4750.5,4752.0,18289.0,349786.0
2016-08-15,4752.0,4782.0,4752.0,4772.0,11408.0,349208.0
2016-08-16,4770.0,4828.0,4762.0,4813.0,13944.0,342473.0
2016-08-17,4806.0,4819.0,4763.5,4775.0,9547.0,335383.0
2016-08-18,4784.5,4844.5,4780.5,4809.0,15712.0,334372.0
2016-08-19,4806.0,4818.5,4782.0,4808.0,11400.0,335221.0
2016-08-22,4809.5,4809.5,4735.0,4758.0,19623.0,333891.0
2016-08-23,4759.0,4770.0,4694.0,4706.0,19862.0,333709.0
2016-08-24,4703.5,4717.5,4622.5,4629.0,22107.0,335060.0
2016-08-25,4631.5,4655.5,4620.0,4627.0,15704.0,337982.0
2016-08-26,4625.0,4665.5,4615.0,4620.5,16452.0,337165.0
2016-08-30,4625.5,4646.5,4600.0,4609.0,17288.0,338442.0
2016-08-31,4620.0,4641.0,4610.0,4618.0,14950.0,340310.0
2016-09-01,4619.5,4657.0,4612.0,4625.0,14799.0,330248.0
2016-09-02,4627.0,4650.0,4615.0,4615.0,14379.0,332151.0
2016-09-05,4618.5,4642.0,4610.0,4626.5,10371.0,335416.0
2016-09-06,4627.0,4656.0,4619.5,4636.0,12973.0,331974.0
2016-09-07,4640.5,4688.5,4633.0,4651.0,15039.0,330959.0
2016-09-08,4648.5,4670.0,4630.0,4664.5,11381.0,330811.0
2016-09-09,4665.0,4671.5,4625.0,4630.5,13279.0,331653.0
2016-09-12,4630.0,4660.0,4582.0,4659.0,19282.0,330073.0
2016-09-13,4662.0,4692.0,4635.0,4662.5,14233.0,329895.0
2016-09-14,4653.0,4781.5,4653.0,4772.0,21631.0,329018.0
2016-09-15,4765.0,4787.5,4744.0,4780.0,14283.0,330202.0
2016-09-16,4782.5,4794.5,4747.5,4777.0,12271.0,334813.0
2016-09-19,4769.5,4777.0,4732.5,4767.5,13239.0,335700.0
2016-09-20,4761.0,4800.0,4746.0,4781.0,13648.0,330120.0
2016-09-21,4789.0,4789.0,4754.0,4767.0,10503.0,325928.0
2016-09-22,4779.0,4858.5,4779.0,4845.0,21658.0,323333.0
2016-09-23,4845.0,4869.0,4826.5,4856.0,16203.0,326777.0
2016-09-26,4863.5,4865.0,4813.5,4844.5,11509.0,326271.0
2016-09-27,4838.0,4845.0,4770.5,4797.0,15266.0,328963.0
2016-09-28,4796.5,4832.0,4790.5,4830.0,11200.0,328717.0
2016-09-29,4844.0,4860.0,4812.0,4825.0,14557.0,326262.0
2016-09-30,4831.0,4889.0,4815.0,4877.5,16231.0,328553.0
2016-10-03,4865.0,4887.0,4783.5,4833.5,14423.0,328912.0
2016-10-04,4838.0,4839.5,4780.0,4790.0,12754.0,328087.0
2016-10-05,4790.5,4814.0,4773.0,4797.0,8745.0,324689.0
2016-10-06,4789.0,4798.0,4750.0,4760.0,10846.0,321485.0
2016-10-07,4757.5,4816.0,4750.0,4790.0,13511.0,321508.0
2016-10-10,4794.0,4860.0,4784.0,4844.0,13156.0,323924.0
2016-10-11,4851.0,4856.0,4797.0,4825.0,15905.0,322534.0
2016-10-12,4829.5,4842.0,4806.5,4808.0,9174.0,322970.0
2016-10-13,4810.0,4818.0,4687.5,4715.0,29103.0,322495.0
2016-10-14,4710.0,4730.0,4674.5,4675.5,16056.0,327869.0
2016-10-17,4676.0,4704.5,4673.0,4674.0,12330.0,327096.0
2016-10-18,4681.0,4714.0,4672.5,4675.0,14520.0,322228.0
2016-10-19,4674.0,4685.5,4640.0,4670.5,18632.0,312569.0
2016-10-20,4671.0,4691.5,4633.0,4652.0,13656.0,314862.0
2016-10-21,4653.0,4664.5,4633.5,4644.0,11700.0,313796.0
2016-10-24,4640.0,4670.0,4634.0,4643.5,13341.0,314010.0
2016-10-25,4649.0,4754.5,4646.5,4738.0,28424.0,314807.0
2016-10-26,4735.5,4759.0,4713.5,4756.5,12482.0,316694.0
2016-10-27,4747.5,4797.0,4721.0,4788.0,16628.0,313773.0
2016-10-28,4785.5,4850.0,4775.0,4845.5,22730.0,317114.0
2016-10-31,4852.0,4878.0,4820.0,4862.0,19221.0,321503.0
2016-11-01,4865.5,4922.0,4850.0,4914.0,24907.0,321175.0
2016-11-02,4915.0,4923.5,4866.0,4905.5,19729.0,326704.0
2016-11-03,4905.0,4965.5,4894.5,4957.5,21961.0,330229.0
2016-11-04,4954.0,5003.0,4928.0,4992.0,20014.0,336277.0
2016-11-07,4980.0,5100.5,4973.0,5100.0,29370.0,339353.0
2016-11-08,5090.0,5250.5,5051.0,5247.5,36934.0,344081.0
2016-11-09,5230.0,5443.0,5115.0,5420.5,54598.0,351091.0
2016-11-10,5417.0,5714.0,5410.0,5617.0,45316.0,363043.0
2016-11-11,5615.5,6025.5,5506.0,5559.0,73514.0,374446.0
2016-11-14,5557.0,5736.5,5528.5,5564.0,26305.0,377523.0
2016-11-15,5563.5,5674.0,5360.0,5522.5,28756.0,377633.0
2016-11-16,5521.0,5543.0,5400.5,5451.0,18862.0,364592.0
2016-11-17,5433.0,5529.5,5381.5,5476.0,17604.0,365121.0
2016-11-18,5465.0,5513.0,5401.5,5435.0,17432.0,367912.0
2016-11-21,5446.5,5594.0,5438.0,5559.0,15597.0,368629.0
2016-11-22,5566.0,5687.0,5566.0,5612.0,19493.0,368948.0
2016-11-23,5609.0,5786.0,5562.0,5768.0,21631.0,367246.0
2016-11-24,5798.0,5957.5,5770.0,5863.0,28627.0,366760.0
2016-11-25,5893.5,5919.0,5804.0,5919.0,16525.0,377053.0
2016-11-28,5881.0,6045.5,5820.5,5874.5,28458.0,376665.0
2016-11-29,5859.0,5885.0,5697.0,5739.5,28737.0,372613.0
2016-11-30,5730.0,5845.0,5612.5,5795.0,28453.0,372241.0
2016-12-01,5800.0,5870.0,5751.0,5795.0,16866.0,376811.0
2016-12-02,5790.0,5805.0,5713.0,5789.0,13600.0,376351.0
2016-12-05,5766.5,5969.0,5726.0,5927.5,14764.0,376942.0
2016-12-06,5923.5,5951.5,5831.0,5872.5,14427.0,375644.0
2016-12-07,5886.0,5950.0,5780.0,5830.0,18307.0,377494.0
2016-12-08,5818.0,5875.0,5745.5,5780.0,17199.0,379309.0
2016-12-09,5772.0,5866.5,5764.5,5830.0,11627.0,380032.0
2016-12-12,5882.0,5910.0,5755.5,5760.0,14442.0,383902.0
2016-12-13,5732.5,5790.0,5655.5,5720.5,17634.0,385097.0
2016-12-14,5689.5,5765.0,5665.5,5746.0,10199.0,389224.0
2016-12-15,5718.0,5776.5,5673.0,5725.0,14154.0,387081.0
2016-12-16,5733.5,5751.0,5624.0,5640.0,10990.0,384624.0
2016-12-19,5620.0,5640.0,5459.0,5505.0,17637.0,382988.0
2016-12-20,5497.5,5534.0,5475.0,5515.0,10701.0,377981.0
2016-12-21,5520.0,5559.5,5498.0,5505.0,9002.0,366616.0
2016-12-22,5507.0,5532.0,5419.5,5529.0,14258.0,361954.0
2016-12-23,5539.0,5571.0,5464.0,5469.5,7146.0,361954.0
2016-12-28,5560.5,5596.0,5480.0,5515.5,11943.0,360202.0
2016-12-29,5520.0,5568.0,5477.0,5495.0,7727.0,356122.0
2016-12-30,5495.5,5550.0,5493.0,5516.0,7319.0,354818.0
2017-01-03,5542.5,5616.0,5480.5,5481.5,15280.0,351854.0
2017-01-04,5492.0,5644.0,5450.5,5635.0,17095.0,356619.0
2017-01-05,5640.0,5698.0,5576.5,5582.5,12740.0,355333.0
2017-01-06,5584.5,5614.0,5536.5,5595.0,10116.0,355074.0
2017-01-09,5604.0,5618.5,5551.0,5590.0,11118.0,356542.0
2017-01-10,5590.0,5779.0,5573.5,5745.0,23259.0,354865.0
2017-01-11,5756.0,5788.5,5711.5,5723.0,14074.0,356763.0
2017-01-12,5726.0,5884.0,5725.0,5876.0,20982.0,356236.0
2017-01-13,5860.0,5917.0,5808.5,5910.0,17748.0,354373.0
2017-01-16,5929.0,5930.0,5832.0,5843.0,11138.0,360023.0
2017-01-17,5850.0,5855.0,5727.5,5776.5,17759.0,358774.0
2017-01-18,5766.5,5788.0,5735.0,5759.0,11716.0,347800.0
2017-01-19,5760.0,5793.5,5668.0,5740.0,13437.0,342671.0
2017-01-20,5746.0,5813.5,5693.0,5757.5,12140.0,340790.0
2017-01-23,5760.0,5860.0,5759.0,5810.0,10791.0,339607.0
2017-01-24,5807.5,5956.5,5803.0,5945.5,19565.0,339511.0
2017-01-25,5951.0,5973.0,5886.5,5945.0,18612.0,338185.0
2017-01-26,5953.0,5981.5,5819.0,5850.0,14464.0,338326.0
2017-01-27,5831.0,5903.0,5825.0,5899.5,8794.0,337738.0
2017-01-30,5901.5,5912.0,5785.0,5850.0,9289.0,336690.0
2017-01-31,5854.0,5998.5,5837.5,5980.0,15894.0,335760.0
2017-02-01,5976.0,6007.0,5931.0,5948.0,12548.0,334173.0
2017-02-02,5963.0,5976.0,5853.0,5906.5,12239.0,331427.0
2017-02-03,5910.0,5912.5,5755.0,5765.5,19565.0,332171.0
2017-02-06,5765.0,5855.0,5765.0,5845.5,12017.0,333022.0
2017-02-07,5843.0,5854.0,5782.5,5807.0,10849.0,333034.0
2017-02-08,5805.5,5925.0,5802.0,5867.5,15029.0,330704.0
2017-02-09,5876.0,5894.0,5814.5,5848.0,14404.0,322537.0
2017-02-10,5837.5,6091.0,5810.0,6087.5,35462.0,322109.0
2017-02-13,6090.0,6204.0,6086.5,6127.0,26260.0,325367.0
2017-02-14,6120.0,6190.0,5981.5,6047.5,25840.0,328788.0
2017-02-15,6026.5,6074.5,5992.0,6053.0,18149.0,325142.0
2017-02-16,6051.5,6098.0,5957.0,5990.0,21408.0,324716.0
2017-02-17,5984.0,6038.0,5920.0,5970.0,14707.0,327305.0
2017-02-20,5977.5,6105.0,5958.0,6070.0,11889.0,325480.0
2017-02-21,6070.5,6093.0,6031.0,6056.0,12852.0,324179.0
2017-02-22,6053.0,6066.5,5986.0,6027.0,13475.0,323302.0
2017-02-23,6042.0,6042.0,5838.5,5853.0,22709.0,321356.0
2017-02-24,5854.0,5956.0,5845.0,5914.0,18452.0,324732.0
2017-02-27,5934.5,5954.5,5877.0,5939.5,12864.0,323667.0
2017-02-28,5932.0,5994.5,5898.5,5979.5,13836.0,320385.0
2017-03-01,5982.0,6090.0,5955.0,6012.0,21237.0,320201.0
2017-03-02,6020.0,6035.5,5908.5,5927.5,14774.0,326063.0
2017-03-03,5918.0,5958.5,5901.0,5939.0,12144.0,327665.0
2017-03-06,5934.5,5950.0,5835.0,5855.0,16886.0,327533.0
2017-03-07,5855.5,5876.0,5759.0,5779.5,20528.0,328875.0
2017-03-08,5773.5,5816.5,5731.0,5738.5,17106.0,329564.0
2017-03-09,5741.5,5743.5,5652.0,5694.5,21581.0,330810.0
2017-03-10,5692.5,5778.0,5687.5,5734.0,17701.0,333284.0
2017-03-13,5749.0,5824.0,5743.0,5799.0,12590.0,333686.0
2017-03-14,5795.5,5843.0,5735.0,5835.0,14741.0,331994.0
2017-03-15,5835.5,5901.0,5814.5,5888.0,11785.0,329535.0
2017-03-16,5895.0,5948.5,5889.0,5910.0,13897.0,329851.0
2017-03-17,5899.5,5945.0,5863.0,5940.0,10957.0,329517.0
2017-03-20,5918.5,5950.0,5850.0,5865.0,12737.0,328925.0
2017-03-21,5866.0,5870.0,5761.0,5771.0,19770.0,329788.0
2017-03-22,5768.5,5838.0,5715.0,5837.5,16767.0,326607.0
2017-03-23,5834.0,5855.0,5768.0,5853.5,13969.0,326653.0
2017-03-24,5839.5,5840.0,5776.5,5815.0,9541.0,329990.0
2017-03-27,5800.0,5810.0,5671.0,5800.0,21377.0,329263.0
2017-03-28,5799.0,5903.0,5769.0,5890.0,16433.0,329509.0
2017-03-29,5891.0,5927.5,5858.0,5905.0,16788.0,330242.0
2017-03-30,5899.5,5985.0,5851.0,5915.0,19812.0,334036.0
2017-03-31,5886.5,5915.0,5810.5,5861.0,16649.0,337126.0
2017-04-03,5847.0,5872.0,5749.0,5758.0,14097.0,339703.0
2017-04-04,5759.5,5783.0,5730.0,5783.0,10108.0,340275.0
2017-04-05,5784.5,5944.0,5778.0,5924.5,25871.0,341557.0
2017-04-06,5901.0,5932.0,5848.0,5878.0,15085.0,341760.0
2017-04-07,5857.0,5895.5,5752.0,5847.5,20105.0,342726.0
2017-04-10,5826.5,5832.0,5742.0,5755.0,14465.0,342575.0
2017-04-11,5746.5,5792.0,5710.0,5768.0,18342.0,340702.0
2017-04-12,5759.5,5768.5,5615.0,5624.5,30134.0,342170.0
2017-04-13,5625.0,5732.5,5624.5,5682.5,16031.0,345527.0
2017-04-18,5725.5,5739.5,5568.5,5605.0,20916.0,346370.0
2017-04-19,5596.0,5675.5,5530.0,5595.0,23779.0,341842.0
2017-04-20,5591.0,5658.0,5555.5,5635.5,16854.0,337376.0
2017-04-21,5643.0,5686.5,5598.5,5637.5,14129.0,336235.0
2017-04-24,5672.0,5686.5,5613.0,5655.0,11407.0,332344.0
2017-04-25,5653.0,5722.0,5634.5,5714.0,12812.0,333855.0
2017-04-26,5702.5,5738.0,5693.5,5734.5,12952.0,332872.0
2017-04-27,5720.0,5728.0,5656.0,5715.0,14736.0,332014.0
2017-04-28,5714.5,5750.0,5700.0,5735.0,15174.0,330288.0
2017-05-02,5800.5,5820.0,5761.5,5806.0,16601.0,332739.0
2017-05-03,5790.0,5792.0,5591.5,5592.5,27357.0,338358.0
2017-05-04,5580.0,5614.0,5494.0,5540.5,27772.0,343680.0
2017-05-05,5545.5,5591.0,5524.0,5585.0,17335.0,345435.0
2017-05-08,5607.0,5609.0,5462.5,5497.5,18059.0,342321.0
2017-05-09,5499.0,5554.0,5477.0,5513.5,11763.0,340049.0
2017-05-10,5507.5,5540.0,5481.5,5510.0,10242.0,340535.0
2017-05-11,5509.5,5627.5,5491.5,5538.5,15287.0,340798.0
2017-05-12,5541.5,5575.0,5529.0,5568.0,10093.0,339838.0
2017-05-15,5560.5,5637.0,5560.5,5606.0,10883.0,337031.0
2017-05-16,5597.0,5625.0,5563.0,5621.0,11537.0,338142.0
2017-05-17,5606.0,5640.0,5573.0,5611.5,14551.0,324039.0
2017-05-18,5599.0,5600.0,5485.0,5583.0,22565.0,326153.0
2017-05-19,5589.0,5694.5,5575.5,5687.5,19818.0,322255.0
2017-05-22,5680.5,5720.0,5654.0,5718.0,13178.0,319237.0
2017-05-23,5715.5,5724.5,5666.0,5724.0,12860.0,321587.0
2017-05-24,5712.0,5713.0,5635.5,5703.0,17080.0,327218.0
2017-05-25,5685.5,5768.5,5672.0,5729.5,17694.0,328901.0
2017-05-26,5724.0,5738.5,5631.5,5662.0,12448.0,331967.0
2017-05-30,5650.5,5667.0,5602.0,5658.0,8495.0,333584.0
2017-05-31,5660.0,5702.0,5633.0,5693.0,16737.0,331591.0
2017-06-01,5691.0,5720.5,5651.0,5702.5,15296.0,330024.0
2017-06-02,5688.5,5690.5,5575.0,5688.0,23461.0,331320.0
2017-06-05,5658.0,5674.0,5606.5,5648.0,11291.0,333025.0
2017-06-06,5637.0,5659.5,5553.0,5618.0,21993.0,330611.0
2017-06-07,5616.0,5644.0,5588.0,5625.0,16248.0,329569.0
2017-06-08,5625.0,5747.0,5611.0,5746.5,25766.0,329615.0
2017-06-09,5743.0,5832.0,5719.0,5830.0,21327.0,336898.0
2017-06-12,5823.0,5825.0,5750.0,5763.5,13930.0,341190.0
2017-06-13,5764.5,5782.0,5689.0,5730.0,14892.0,348690.0
2017-06-14,5718.0,5745.0,5655.5,5667.0,15221.0,351268.0
2017-06-15,5645.0,5708.0,5642.0,5674.0,16038.0,350303.0
2017-06-16,5668.0,5700.5,5647.5,5673.0,11132.0,349331.0
2017-06-19,5669.0,5742.0,5658.5,5726.0,12186.0,345625.0
2017-06-20,5728.0,5735.0,5642.0,5668.0,16620.0,341825.0
2017-06-21,5660.0,5763.0,5630.0,5725.0,19819.0,328430.0
2017-06-22,5741.5,5775.0,5690.0,5741.0,15919.0,328903.0
2017-06-23,5742.0,5854.5,5723.5,5800.0,20285.0,333089.0
2017-06-26,5784.5,5843.5,5775.0,5801.5,12450.0,332663.0
2017-06-27,5798.0,5868.0,5779.5,5846.5,15666.0,332259.0
2017-06-28,5843.0,5883.5,5824.5,5879.0,15214.0,331456.0
2017-06-29,5881.0,5963.5,5875.5,5925.0,23910.0,329148.0
2017-06-30,5928.5,5965.0,5892.0,5959.0,16957.0,332477.0
2017-07-03,5946.0,5957.0,5898.0,5915.0,13749.0,334961.0
2017-07-04,5909.0,5912.5,5865.0,5887.5,11150.0,333367.0
2017-07-05,5888.5,5909.0,5815.0,5850.0,18499.0,337127.0
2017-07-06,5846.5,5872.0,5831.0,5848.5,12365.0,341900.0
2017-07-07,5844.0,5869.0,5811.0,5831.0,12848.0,342037.0
2017-07-10,5838.0,5853.5,5792.0,5836.5,11818.0,338275.0
2017-07-11,5830.0,5890.0,5816.0,5877.0,15173.0,337574.0
2017-07-12,5884.5,5933.0,5883.0,5903.5,14019.0,334098.0
2017-07-13,5902.5,5930.0,5859.0,5864.5,13826.0,338401.0
2017-07-14,5873.5,5932.0,5864.5,5928.0,12739.0,345307.0
2017-07-17,5926.0,6022.5,5910.5,6004.5,20450.0,345186.0
2017-07-18,5996.0,6015.0,5967.0,6004.0,12932.0,341944.0
2017-07-19,6001.0,6020.0,5963.5,5966.0,11431.0,333779.0
2017-07-20,5962.0,5993.5,5945.5,5975.0,13173.0,330743.0
2017-07-21,5977.5,6051.0,5972.0,5997.0,17028.0,329601.0
2017-07-24,5993.0,6034.0,5985.0,6033.5,10191.0,329674.0
2017-07-25,6029.5,6280.0,6025.5,6261.0,38946.0,329795.0
2017-07-26,6255.5,6400.0,6235.0,6306.5,34972.0,337857.0
2017-07-27,6314.5,6378.0,6300.5,6320.0,19084.0,340737.0
2017-07-28,6320.0,6348.5,6258.0,6344.5,17290.0,342008.0
2017-07-31,6344.5,6430.0,6340.0,6373.0,19171.0,344149.0
2017-08-01,6371.5,6392.5,6313.0,6347.5,16329.0,347430.0
2017-08-02,6337.5,6365.0,6308.0,6354.0,15782.0,322255.0
2017-08-03,6349.0,6375.5,6302.0,6345.0,12858.0,343774.0
2017-08-04,6347.5,6385.5,6317.0,6362.0,16975.0,346101.0
2017-08-07,6367.5,6447.5,6336.5,6418.5,22495.0,346172.0
2017-08-08,6419.0,6493.0,6378.5,6481.5,21087.0,345414.0
2017-08-09,6482.0,6515.0,6431.0,6455.0,19076.0,345859.0
2017-08-10,6456.0,6479.0,6382.0,6402.0,16951.0,348179.0
2017-08-11,6393.0,6432.0,6336.5,6427.0,18789.0,348585.0
2017-08-14,6430.0,6445.5,6376.5,6404.0,12887.0,349644.0
2017-08-15,6405.5,6431.5,6355.0,6363.0,12122.0,347435.0
2017-08-16,6361.5,6576.5,6355.0,6526.5,24240.0,342012.0
2017-08-17,6534.5,6580.0,6468.0,6472.5,16130.0,339300.0
2017-08-18,6444.0,6536.0,6438.0,6481.0,18486.0,340195.0
2017-08-21,6477.0,6623.0,6473.0,6574.0,20126.0,337673.0
2017-08-22,6580.0,6649.0,6545.0,6587.5,19870.0,335304.0
2017-08-23,6592.0,6597.0,6535.0,6583.5,14463.0,337108.0
2017-08-24,6586.5,6731.5,6576.0,6696.0,20129.0,336157.0
2017-08-25,6702.5,6747.0,6662.0,6704.0,17490.0,335408.0
2017-08-29,6745.0,6843.5,6745.0,6804.5,19813.0,336501.0
2017-08-30,6797.5,6833.0,6761.5,6776.0,12588.0,339776.0
2017-08-31,6770.0,6872.0,6770.0,6815.0,15833.0,338995.0
2017-09-01,6818.0,6847.0,6779.0,6846.0,12255.0,339385.0
2017-09-04,6860.0,6924.0,6850.0,6923.0,13705.0,345063.0
2017-09-05,6919.0,6970.0,6835.0,6861.0,17204.0,344642.0
2017-09-06,6870.0,6926.0,6864.5,6923.0,16689.0,346238.0
2017-09-07,6925.0,6929.0,6836.0,6915.0,16537.0,346993.0
2017-09-08,6918.5,6949.0,6669.0,6680.5,27792.0,349189.0
2017-09-11,6687.0,6774.0,6671.5,6747.0,16686.0,351419.0
2017-09-12,6753.5,6755.0,6635.5,6672.0,17031.0,354936.0
2017-09-13,6678.5,6693.0,6529.0,6555.0,20991.0,358832.0
2017-09-14,6555.0,6568.0,6452.5,6504.5,25624.0,360116.0
2017-09-15,6509.0,6541.5,6453.0,6488.0,18265.0,366456.0
2017-09-18,6506.5,6584.5,6502.0,6532.0,15790.0,365254.0
2017-09-19,6542.0,6564.0,6506.5,6533.5,13395.0,362256.0
2017-09-20,6539.5,6584.0,6506.0,6535.0,12601.0,350736.0
2017-09-21,6513.0,6517.5,6426.0,6456.0,16666.0,346187.0
2017-09-22,6442.0,6480.5,6366.0,6476.5,16001.0,346142.0
2017-09-25,6485.5,6510.5,6435.5,6462.5,10423.0,344655.0
2017-09-26,6475.0,6527.0,6401.0,6433.0,14791.0,340113.0
2017-09-27,6417.5,6491.5,6413.5,6445.5,13039.0,340327.0
2017-09-28,6446.0,6575.0,6394.0,6552.5,20980.0,336416.0
2017-09-29,6548.0,6581.0,6482.0,6501.0,15961.0,336430.0
2017-10-02,6539.5,6545.0,6463.0,6493.0,9635.0,336183.0
2017-10-03,6490.5,6537.0,6439.5,6513.0,8344.0,335657.0
2017-10-04,6509.0,6538.0,6485.5,6511.0,7638.0,331643.0
2017-10-05,6510.0,6708.5,6504.5,6689.5,15527.0,334324.0
2017-10-06,6692.0,6724.0,6642.0,6654.0,10084.0,334304.0
2017-10-09,6652.5,6685.0,6629.5,6667.5,11326.0,335697.0
2017-10-10,6675.0,6760.5,6672.0,6752.5,15379.0,336733.0
2017-10-11,6746.0,6822.0,6722.0,6813.5,20913.0,342939.0
2017-10-12,6810.5,6903.0,6788.5,6877.5,17554.0,341680.0
2017-10-13,6877.5,6918.5,6852.5,6893.0,16387.0,344309.0
2017-10-16,6890.5,7177.0,6854.0,7130.0,33816.0,345955.0
2017-10-17,7125.0,7137.0,7019.5,7040.0,19620.0,349447.0
2017-10-18,7052.5,7079.0,6981.5,6991.0,17305.0,343661.0
2017-10-19,6989.5,7013.0,6905.0,6972.5,14568.0,342258.0
2017-10-20,6977.0,7068.5,6920.5,6969.5,15407.0,343273.0
2017-10-23,6965.5,7022.5,6937.5,7012.5,11817.0,339277.0
2017-10-24,7016.0,7123.0,7007.5,7043.0,16486.0,339002.0
2017-10-25,7039.0,7052.5,6925.0,7010.5,16007.0,340616.0
2017-10-26,7014.0,7045.0,6957.5,6999.5,12107.0,340176.0
2017-10-27,6993.0,6993.5,6782.5,6843.5,24345.0,339753.0
2017-10-30,6823.0,6875.0,6814.0,6862.5,11138.0,337647.0
2017-10-31,6860.0,6921.0,6821.5,6862.0,13256.0,333500.0
2017-11-01,6867.5,7020.0,6867.5,6927.0,23001.0,330294.0
2017-11-02,6938.0,6996.0,6873.5,6931.0,17120.0,331001.0
2017-11-03,6945.0,6963.0,6857.0,6881.0,13541.0,330205.0
2017-11-06,6896.5,7000.0,6889.0,6972.0,12263.0,327860.0
2017-11-07,6981.5,6991.0,6812.5,6828.5,17090.0,325924.0
2017-11-08,6833.5,6876.5,6780.0,6853.0,14821.0,323302.0
2017-11-09,6844.5,6865.0,6761.5,6828.5,14048.0,319667.0
2017-11-10,6837.5,6870.5,6780.0,6795.0,10411.0,318694.0
2017-11-13,6810.0,6932.0,6783.0,6898.5,16535.0,318587.0
2017-11-14,6906.0,6915.5,6752.0,6772.5,20022.0,314402.0
2017-11-15,6758.5,6780.0,6713.0,6753.0,17217.0,312524.0
2017-11-16,6761.0,6813.5,6721.0,6754.0,12223.0,309755.0
2017-11-17,6757.5,6802.5,6715.0,6800.0,9989.0,309540.0
2017-11-20,6801.5,6845.0,6754.0,6838.0,12182.0,308227.0
2017-11-21,6833.0,6928.5,6815.0,6920.0,12764.0,309401.0
2017-11-22,6918.5,6957.5,6900.0,6938.5,12078.0,311577.0
2017-11-23,6942.5,6984.0,6911.0,6970.0,8434.0,310792.0
2017-11-24,6962.0,7023.0,6961.0,7017.0,10952.0,315666.0
2017-11-27,7006.5,7024.0,6908.0,6929.0,14551.0,316633.0
2017-11-28,6928.0,6940.5,6797.5,6805.0,19306.0,318921.0
2017-11-29,6812.0,6846.5,6737.0,6749.5,20023.0,320660.0
2017-11-30,6760.0,6806.5,6720.0,6770.5,15747.0,324270.0
2017-12-01,6778.0,6876.0,6751.0,6816.5,17620.0,323987.0
2017-12-04,6838.5,6863.5,6795.0,6806.5,11015.0,326660.0
2017-12-05,6810.5,6831.5,6507.5,6531.5,40834.0,326757.0
2017-12-06,6530.0,6604.5,6525.0,6550.5,19903.0,330290.0
2017-12-07,6555.5,6620.0,6526.5,6559.0,15178.0,332642.0
2017-12-08,6565.0,6617.5,6546.5,6577.5,11430.0,330130.0
2017-12-11,6575.0,6673.0,6554.0,6654.0,16470.0,328980.0
2017-12-12,6660.5,6689.0,6630.0,6677.5,12194.0,327962.0
2017-12-13,6671.5,6748.0,6655.0,6742.0,13655.0,328497.0
2017-12-14,6745.5,6847.0,6693.5,6784.0,16678.0,330152.0
2017-12-15,6786.0,6913.0,6762.0,6901.0,20414.0,331190.0
2017-12-18,6899.0,6934.0,6858.0,6932.5,14271.0,335753.0
2017-12-19,6915.0,6953.5,6861.0,6937.0,14648.0,334490.0
2017-12-20,6927.0,7070.5,6914.5,7048.0,21968.0,323684.0
2017-12-21,7038.0,7088.0,7005.0,7085.5,16586.0,329057.0
2017-12-22,7072.0,7139.0,7034.5,7136.0,13645.0,324207.0
2017-12-27,7167.0,7259.0,7150.0,7219.0,20611.0,328380.0
2017-12-28,7225.0,7312.5,7196.0,7286.5,17497.0,329671.0
2017-12-29,7281.0,7291.5,7176.5,7251.5,11916.0,332319.0
2018-01-02,7250.0,7285.0,7196.0,7216.5,13301.0,332564.0
2018-01-03,7210.0,7212.5,7132.5,7174.5,14367.0,335167.0
2018-01-04,7166.0,7265.0,7150.0,7185.5,15399.0,335177.0
2018-01-05,7198.5,7217.5,7107.0,7118.0,14903.0,335354.0
2018-01-08,7133.5,7160.0,7105.0,7125.0,12735.0,336132.0
2018-01-09,7131.5,7187.5,7086.0,7105.5,16798.0,335996.0
2018-01-10,7103.0,7225.0,7098.0,7146.0,15557.0,336598.0
2018-01-11,7155.5,7185.0,7081.0,7128.5,16199.0,337202.0
2018-01-12,7133.5,7171.0,7100.0,7112.5,13768.0,339333.0
2018-01-15,7130.5,7262.0,7130.0,7206.0,16230.0,339465.0
2018-01-16,7218.0,7221.0,7035.5,7111.5,24565.0,334023.0
2018-01-17,7106.0,7116.0,7027.0,7058.5,16521.0,330067.0
2018-01-18,7048.0,7105.0,7036.5,7074.5,12287.0,329356.0
2018-01-19,7083.5,7146.5,7041.0,7045.0,18085.0,330500.0
2018-01-22,7049.0,7116.5,7049.0,7077.0,14250.0,329369.0
2018-01-23,7090.0,7099.5,6885.0,6901.0,33800.0,328413.0
2018-01-24,6919.0,7173.5,6912.5,7144.5,30302.0,324716.0
2018-01-25,7155.5,7208.0,7110.5,7114.0,20588.0,325802.0
2018-01-26,7094.0,7150.0,7061.5,7091.0,17514.0,324062.0
2018-01-29,7108.5,7169.0,7071.5,7089.0,14553.0,328034.0
2018-01-30,7091.0,7121.0,6994.0,7080.0,20540.0,325906.0
2018-01-31,7080.5,7165.5,7047.5,7101.0,17032.0,324547.0
2018-02-01,7115.0,7139.5,7063.0,7117.0,16772.0,320662.0
2018-02-02,7130.0,7188.5,7029.0,7079.0,23562.0,319144.0
2018-02-05,7060.5,7220.0,7050.5,7128.0,22552.0,325161.0
2018-02-06,7111.0,7140.0,7025.0,7083.0,25860.0,325869.0
2018-02-07,7121.0,7161.0,6865.0,6876.0,38765.0,322956.0
2018-02-08,6892.0,6941.0,6809.0,6859.0,31779.0,329178.0
2018-02-09,6840.0,6858.0,6733.0,6750.0,24662.0,325687.0
2018-02-12,6786.0,6889.0,6786.0,6862.0,15832.0,330604.0
2018-02-13,6851.5,7025.0,6843.0,7017.0,22147.0,329189.0
2018-02-14,7018.0,7176.5,6965.5,7162.5,22704.0,329328.0
2018-02-15,7166.0,7202.0,7125.5,7189.0,14677.0,328371.0
2018-02-16,7194.5,7253.0,7181.0,7184.0,13971.0,327308.0
2018-02-19,7189.0,7206.0,7088.0,7137.5,7597.0,329306.0
2018-02-20,7125.0,7125.0,7060.0,7076.5,8763.0,325268.0
2018-02-21,7081.5,7144.5,7034.5,7135.0,9220.0,319863.0
2018-02-22,7088.0,7193.0,7003.5,7170.5,18442.0,318641.0
2018-02-23,7166.0,7167.5,7083.5,7110.0,12213.0,317722.0
2018-02-26,7113.0,7179.0,7092.0,7111.5,13137.0,314505.0
2018-02-27,7127.5,7143.0,6988.5,7028.0,18826.0,311153.0
2018-02-28,7020.0,7037.5,6923.5,6936.5,17840.0,310303.0
2018-03-01,6930.0,6965.0,6858.5,6887.5,19985.0,311430.0
2018-03-02,6924.0,6960.0,6881.0,6916.5,14977.0,311025.0
2018-03-05,6932.0,6943.0,6855.0,6925.0,13489.0,303839.0
2018-03-06,6936.0,7029.5,6928.5,6992.5,13191.0,305302.0
2018-03-07,6972.0,6990.0,6905.0,6941.0,14463.0,308486.0
2018-03-08,6944.5,6952.5,6809.0,6823.0,15726.0,310120.0
2018-03-09,6839.0,6971.5,6777.0,6957.5,19366.0,311544.0
2018-03-12,6964.0,6992.0,6886.5,6915.0,13540.0,309803.0
2018-03-13,6929.0,6959.0,6873.5,6952.5,11690.0,308618.0
2018-03-14,6939.0,7064.0,6925.0,6982.0,18644.0,309520.0
2018-03-15,6989.5,7011.5,6890.0,6922.0,14677.0,309673.0
2018-03-16,6907.5,6974.0,6852.0,6889.5,12960.0,309517.0
2018-03-19,6872.5,6880.0,6785.0,6832.5,15733.0,310992.0
2018-03-20,6839.5,6865.5,6730.0,6756.0,19449.0,305488.0
2018-03-21,6755.0,6835.0,6702.0,6830.5,18721.0,296480.0
2018-03-22,6841.5,6860.0,6674.0,6726.5,22180.0,295748.0
2018-03-23,6718.5,6719.5,6623.5,6649.0,21064.0,297746.0
2018-03-26,6638.0,6666.0,6532.0,6623.5,25238.0,298516.0
2018-03-27,6635.5,6721.5,6623.5,6657.5,18108.0,297252.0
2018-03-28,6649.0,6690.0,6605.0,6667.0,19025.0,300435.0
2018-03-29,6671.0,6778.5,6661.5,6740.5,19004.0,299288.0
2018-04-03,6764.0,6828.0,6764.0,6810.0,18655.0,298223.0
2018-04-04,6811.0,6822.0,6621.5,6713.0,24782.0,300284.0
2018-04-05,6738.5,6870.0,6721.0,6818.5,14607.0,305386.0
2018-04-06,6772.5,6802.0,6732.0,6754.5,10460.0,304019.0
2018-04-09,6769.0,6855.0,6750.5,6853.5,14683.0,306031.0
2018-04-10,6830.0,6973.0,6818.0,6968.5,18452.0,307618.0
2018-04-11,6962.5,6987.5,6893.0,6911.5,17735.0,312496.0
2018-04-12,6913.0,6933.0,6772.0,6821.0,19937.0,317819.0
2018-04-13,6805.0,6882.5,6802.5,6833.5,12928.0,320628.0
2018-04-16,6835.0,6936.0,6782.5,6883.5,14995.0,322419.0
2018-04-17,6884.5,6910.0,6812.5,6873.0,15474.0,316556.0
2018-04-18,6876.5,7075.0,6861.0,7036.5,28142.0,313971.0
2018-04-19,7035.5,7112.0,6933.0,6962.0,27753.0,312193.0
2018-04-20,6967.5,7007.5,6920.0,6982.5,14799.0,310910.0
2018-04-23,6978.0,7040.5,6858.0,6927.5,20035.0,310995.0
2018-04-24,6927.0,7050.0,6909.5,6982.5,20248.0,307507.0
2018-04-25,6985.5,7028.0,6948.5,6977.5,16774.0,307746.0
2018-04-26,6981.5,7007.5,6890.0,6967.0,17281.0,311143.0
2018-04-27,6964.5,6970.0,6776.5,6812.0,20569.0,311295.0
2018-04-30,6824.0,6852.0,6783.5,6821.5,10423.0,311806.0
2018-05-01,6821.0,6838.0,6710.0,6762.0,18481.0,313022.0
2018-05-02,6771.5,6856.0,6771.5,6817.0,19032.0,321148.0
2018-05-03,6807.5,6927.5,6792.0,6865.0,19626.0,318038.0
2018-05-04,6864.0,6892.5,6787.0,6845.0,12689.0,312689.0
2018-05-08,6826.0,6870.0,6720.0,6817.0,22816.0,312717.0
2018-05-09,6820.0,6827.5,6766.0,6817.0,13730.0,316478.0
2018-05-10,6817.0,6929.5,6797.5,6919.5,19577.0,315446.0
2018-05-11,6911.0,6947.0,6897.0,6921.0,12322.0,315085.0
2018-05-14,6925.5,6957.0,6850.0,6883.0,15569.0,318391.0
2018-05-15,6870.0,6905.0,6765.0,6810.0,18169.0,318855.0
2018-05-16,6808.0,6850.0,6780.5,6845.0,10842.0,318719.0
2018-05-17,6850.0,6900.0,6833.0,6862.0,12193.0,317230.0
2018-05-18,6868.0,6881.5,6810.0,6823.5,12288.0,314230.0
2018-05-21,6841.5,6923.0,6829.0,6898.0,14465.0,311455.0
2018-05-22,6895.0,6999.0,6876.0,6963.0,21613.0,313059.0
2018-05-23,6957.0,6969.5,6805.0,6835.0,22287.0,316305.0
2018-05-24,6846.0,6913.0,6838.5,6910.5,11970.0,317901.0
2018-05-25,6904.0,6942.0,6840.0,6858.0,12687.0,315378.0
2018-05-29,6845.0,6940.0,6825.0,6827.0,20171.0,317952.0
2018-05-30,6821.5,6856.0,6727.0,6840.0,27867.0,316835.0
2018-05-31,6849.0,6895.5,6801.0,6828.0,18657.0,319352.0
2018-06-01,6840.5,6912.0,6826.0,6904.5,16634.0,319692.0
2018-06-04,6917.5,6992.0,6891.0,6986.5,18230.0,317793.0
2018-06-05,6983.5,7117.0,6952.5,7117.0,30646.0,316462.0
2018-06-06,7122.0,7252.0,7092.0,7235.0,30586.0,323123.0
2018-06-07,7235.5,7348.0,7232.5,7247.0,33282.0,333321.0
2018-06-08,7252.5,7333.0,7211.0,7305.5,23507.0,341966.0
2018-06-11,7311.5,7329.0,7212.5,7223.0,18827.0,339896.0
2018-06-12,7220.5,7258.0,7192.5,7215.0,13707.0,345572.0
2018-06-13,7212.5,7259.0,7169.0,7241.5,13131.0,346764.0
2018-06-14,7238.0,7238.0,7156.0,7161.0,14241.0,345983.0
2018-06-15,7143.5,7168.5,6996.0,7009.0,22098.0,346992.0
2018-06-18,7003.0,7027.5,6918.0,6972.0,15703.0,345520.0
2018-06-19,6969.5,7002.5,6809.0,6825.5,36029.0,341854.0
2018-06-20,6819.0,6872.0,6772.0,6815.5,24507.0,332094.0
2018-06-21,6818.0,6842.5,6772.5,6799.5,19623.0,328888.0
2018-06-22,6795.5,6831.5,6768.0,6801.0,14583.0,328913.0
2018-06-25,6820.0,6837.5,6702.5,6704.0,18449.0,324025.0
2018-06-26,6716.0,6744.0,6692.0,6727.0,15151.0,321147.0
2018-06-27,6723.5,6748.0,6667.0,6693.0,20613.0,318716.0
2018-06-28,6693.0,6703.0,6589.5,6623.0,19346.0,318029.0
2018-06-29,6636.5,6692.5,6610.5,6619.0,14926.0,320461.0
2018-07-02,6630.0,6635.5,6519.0,6571.0,16824.0,319308.0
2018-07-03,6565.5,6612.5,6493.0,6509.0,20291.0,319245.0
2018-07-04,6518.0,6566.0,6344.0,6403.5,22866.0,316879.0
2018-07-05,6406.0,6428.0,6306.5,6324.0,21966.0,321893.0
2018-07-06,6333.5,6344.0,6221.5,6308.5,22322.0,321281.0
2018-07-09,6329.0,6438.0,6326.0,6405.0,18699.0,318876.0
2018-07-10,6424.0,6441.0,6301.0,6345.0,14953.0,315432.0
2018-07-11,6328.0,6328.0,6081.0,6135.0,33237.0,316141.0
2018-07-12,6147.5,6247.0,6103.0,6215.0,19587.0,323283.0
2018-07-13,6227.0,6244.0,6156.0,6215.0,14944.0,323703.0
2018-07-16,6224.0,6267.5,6150.0,6192.0,13487.0,323195.0
2018-07-17,6189.0,6261.5,6142.0,6160.5,15911.0,321554.0
2018-07-18,6158.5,6194.5,6080.0,6180.0,16864.0,314513.0
2018-07-19,6189.5,6214.5,5988.0,6054.5,23504.0,312328.0
2018-07-20,6071.5,6171.5,6007.5,6152.0,18716.0,314787.0
2018-07-23,6153.5,6205.5,6118.0,6128.0,13943.0,312171.0
2018-07-24,6136.0,6328.0,6110.0,6262.0,22409.0,312150.0
2018-07-25,6269.0,6331.0,6241.0,6305.5,13666.0,311338.0
2018-07-26,6350.0,6378.0,6256.5,6281.5,14920.0,309195.0
2018-07-27,6271.5,6325.0,6217.5,6244.0,12738.0,308811.0
2018-07-30,6262.0,6277.0,6162.0,6245.0,14023.0,307956.0
2018-07-31,6242.0,6341.5,6192.0,6322.0,16467.0,308328.0
2018-08-01,6299.5,6299.5,6106.0,6124.0,20252.0,307460.0
2018-08-02,6145.0,6177.0,6066.0,6139.0,18911.0,308049.0
2018-08-03,6114.5,6236.0,6074.5,6176.5,17868.0,311649.0
2018-08-06,6156.0,6182.0,6064.0,6105.5,15100.0,313236.0
2018-08-07,6114.0,6195.0,6106.0,6156.5,11653.0,314278.0
2018-08-08,6171.5,6209.5,6129.0,6172.5,13162.0,311598.0
2018-08-09,6171.5,6308.0,6166.5,6198.0,18969.0,312453.0
2018-08-10,6199.0,6220.0,6126.5,6155.0,14501.0,318172.0
2018-08-13,6149.5,6183.0,6095.0,6129.5,13374.0,318373.0
2018-08-14,6138.0,6150.5,6024.0,6045.0,17354.0,319064.0
2018-08-15,6039.0,6043.0,5773.0,5831.0,33893.0,315168.0
2018-08-16,5827.5,5957.5,5800.0,5890.5,29301.0,315677.0
2018-08-17,5893.5,5945.0,5864.0,5934.0,15803.0,318241.0
2018-08-20,5968.0,6033.0,5951.0,5989.5,15161.0,317863.0
2018-08-21,6005.5,6076.0,5994.0,6060.5,11936.0,318397.0
2018-08-22,6036.0,6056.5,5973.5,6010.5,12110.0,312788.0
2018-08-23,5997.5,5999.0,5901.5,5965.0,16011.0,309597.0
2018-08-24,5969.5,6116.5,5963.5,6069.0,15644.0,308416.0
2018-08-28,6101.5,6167.0,6057.5,6132.0,17269.0,307818.0
2018-08-29,6129.5,6149.5,6071.5,6092.0,12420.0,308099.0
2018-08-30,6093.5,6115.0,6010.0,6075.5,17547.0,303471.0
2018-08-31,6043.5,6070.5,5963.5,5990.0,18287.0,300729.0
2018-09-03,5977.5,6005.0,5945.5,5948.0,9396.0,303397.0
2018-09-04,5952.0,5973.0,5800.5,5840.0,23313.0,304426.0
2018-09-05,5842.5,5891.0,5826.5,5882.5,16028.0,302044.0
2018-09-06,5890.0,5988.0,5870.0,5908.5,16793.0,295640.0
2018-09-07,5915.0,5947.0,5831.0,5880.0,16509.0,291022.0
2018-09-10,5883.0,5910.0,5850.0,5890.0,11218.0,291254.0
2018-09-11,5890.0,5962.0,5805.0,5880.0,20786.0,290567.0
2018-09-12,5886.0,6012.5,5851.5,5997.0,20159.0,289192.0
2018-09-13,5999.5,6074.0,5985.0,5990.0,17670.0,281479.0
2018-09-14,5996.5,6037.0,5896.0,5905.5,16059.0,285553.0
2018-09-17,5872.5,5955.5,5861.5,5950.5,15661.0,288339.0
2018-09-18,5858.0,6118.5,5855.0,6091.0,28489.0,286718.0
2018-09-19,6108.0,6145.0,6068.5,6087.0,15795.0,281225.0
2018-09-20,6094.5,6124.0,6045.5,6115.0,14315.0,279395.0
2018-09-21,6141.5,6382.5,6132.5,6337.5,31119.0,282955.0
2018-09-24,6312.5,6375.5,6289.0,6293.5,17193.0,282230.0
2018-09-25,6292.5,6329.0,6213.0,6280.5,25601.0,278706.0
2018-09-26,6276.5,6317.0,6256.0,6289.0,13790.0,281854.0
2018-09-27,6277.0,6290.0,6162.5,6179.0,16507.0,283433.0
2018-09-28,6174.0,6268.0,6156.0,6259.5,16463.0,282609.0
2018-10-01,6255.0,6290.0,6152.0,6237.5,12791.0,285856.0
2018-10-02,6225.5,6356.0,6178.0,6253.5,19707.0,288319.0
2018-10-03,6271.0,6339.5,6254.5,6332.0,12092.0,286299.0
2018-10-04,6307.0,6393.5,6207.0,6228.5,15358.0,289618.0
2018-10-05,6234.5,6245.0,6152.0,6186.5,11769.0,292448.0
2018-10-08,6197.0,6224.5,6126.0,6196.5,12728.0,295834.0
2018-10-09,6202.0,6303.5,6163.0,6295.0,16513.0,300234.0
2018-10-10,6301.0,6310.5,6212.0,6218.0,13760.0,305242.0
2018-10-11,6176.5,6300.0,6091.5,6273.5,26046.0,307369.0
2018-10-12,6231.5,6335.0,6228.0,6288.5,15967.0,311904.0
2018-10-15,6295.0,6342.0,6231.5,6239.5,14521.0,311602.0
2018-10-16,6235.5,6252.5,6183.5,6233.0,14340.0,309491.0
2018-10-17,6230.0,6276.0,6175.0,6220.5,17651.0,314349.0
2018-10-18,6214.5,6226.0,6121.5,6132.0,17182.0,305116.0
2018-10-19,6135.0,6242.5,6125.5,6222.0,13005.0,305732.0
2018-10-22,6226.0,6331.5,6211.5,6228.5,15938.0,308642.0
2018-10-23,6216.0,6237.5,6148.0,6183.0,16272.0,309415.0
2018-10-24,6193.0,6275.5,6171.0,6178.0,13018.0,309822.0
2018-10-25,6165.5,6227.5,6113.5,6197.5,17800.0,308953.0
2018-10-26,6185.0,6191.0,6100.0,6182.0,16929.0,311183.0
2018-10-29,6199.0,6240.0,6127.0,6127.0,14003.0,307154.0
2018-10-30,6127.0,6155.5,6014.5,6025.0,21225.0,310268.0
2018-10-31,6026.5,6057.5,5984.0,5999.5,17119.0,310878.0
2018-11-01,6008.0,6143.0,5974.5,6139.0,21333.0,306480.0
2018-11-02,6129.0,6315.0,6089.5,6305.0,32134.0,306299.0
2018-11-05,6295.0,6300.5,6171.0,6182.0,17360.0,309980.0
2018-11-06,6198.0,6226.0,6134.5,6143.5,10772.0,308828.0
2018-11-07,6155.0,6219.5,6136.5,6155.0,12020.0,309538.0
2018-11-08,6152.0,6170.0,6084.0,6144.0,12314.0,308948.0
2018-11-09,6130.0,6135.5,6034.0,6039.0,14076.0,308120.0
2018-11-12,6050.5,6085.5,6038.0,6042.0,10203.0,311793.0
2018-11-13,6030.0,6181.0,6016.0,6048.0,18992.0,313816.0
2018-11-14,6064.5,6123.5,6032.0,6100.0,13838.0,314140.0
2018-11-15,6109.0,6214.0,6095.5,6202.0,17261.0,315558.0
2018-11-16,6188.5,6278.5,6152.5,6242.5,13151.0,320838.0
2018-11-19,6235.0,6274.0,6190.0,6255.0,15775.0,318061.0
2018-11-20,6241.0,6296.0,6146.0,6173.0,25198.0,312946.0
2018-11-21,6164.0,6262.5,6162.0,6233.0,12026.0,306777.0
2018-11-22,6225.0,6267.0,6207.5,6267.0,7460.0,310626.0
2018-11-23,6254.0,6260.0,6154.5,6168.0,12312.0,310298.0
2018-11-26,6187.0,6230.0,6155.0,6172.5,13742.0,309444.0
2018-11-27,6158.0,6172.0,6092.0,6111.0,14418.0,309050.0
2018-11-28,6113.0,6269.0,6113.0,6251.5,15114.0,307531.0
2018-11-29,6244.5,6254.5,6196.5,6205.5,13391.0,303374.0
2018-11-30,6205.5,6236.0,6164.0,6198.5,14835.0,300686.0
2018-12-03,6300.0,6352.0,6237.0,6250.0,25242.0,299785.0
2018-12-04,6239.5,6299.0,6153.0,6168.5,19925.0,304897.0
2018-12-05,6176.0,6203.0,6142.0,6193.5,13243.0,301742.0
2018-12-06,6165.0,6165.0,6068.0,6134.5,22859.0,302290.0
2018-12-07,6139.0,6193.0,6129.5,6149.0,11698.0,301960.0
2018-12-10,6119.0,6149.0,6075.0,6095.0,11978.0,300993.0
2018-12-11,6102.5,6194.5,6100.0,6146.0,14944.0,298325.0
2018-12-12,6170.5,6186.0,6132.0,6150.0,11197.0,296109.0
2018-12-13,6153.0,6231.0,6144.0,6153.0,13667.0,295933.0
2018-12-14,6148.0,6159.0,6078.0,6140.5,15617.0,297704.0
2018-12-17,6132.0,6144.0,6079.0,6133.5,12979.0,299913.0
2018-12-18,6116.0,6136.0,5955.0,5956.0,26606.0,295122.0
2018-12-19,5970.0,6075.0,5970.0,6065.0,16853.0,290140.0
2018-12-20,6004.0,6059.0,5946.0,6017.5,15358.0,287138.0
2018-12-21,6027.0,6051.0,5972.5,5978.0,10683.0,286774.0
2018-12-24,5974.0,5993.0,5941.0,5959.0,7931.0,281658.0
2018-12-27,6030.0,6045.0,5957.0,5972.0,11634.0,283080.0
2018-12-28,6006.5,6079.0,5984.0,5991.0,10939.0,283995.0
2018-12-31,6011.5,6040.0,5887.5,5912.0,7673.0,286185.0
2019-01-02,5970.0,5994.0,5831.0,5872.5,25288.0,281282.0
2019-01-03,5835.0,5890.5,5725.0,5775.0,24378.0,281590.0
2019-01-04,5773.0,5940.0,5772.5,5936.0,25018.0,282478.0
2019-01-07,5929.0,5958.5,5898.5,5914.0,12275.0,284285.0
2019-01-08,5920.0,5947.0,5885.5,5938.0,12907.0,288047.0
2019-01-09,5940.0,6008.0,5926.0,5963.5,16677.0,286194.0
2019-01-10,5956.0,5985.5,5905.0,5916.5,14629.0,283117.0
2019-01-11,5922.0,5983.5,5918.0,5957.5,16941.0,286851.0
2019-01-14,5946.0,5969.0,5877.5,5912.0,12546.0,286573.0
2019-01-15,5919.0,5955.0,5898.0,5906.0,15432.0,285596.0
2019-01-16,5912.0,5990.0,5912.0,5976.0,16079.0,280245.0
2019-01-17,5971.0,5998.5,5943.0,5995.5,12622.0,281706.0
2019-01-18,6009.5,6077.0,6000.5,6056.0,19865.0,277448.0
2019-01-21,6047.5,6047.5,5969.0,5974.0,10878.0,280354.0
2019-01-22,5978.0,5992.0,5921.5,5932.5,12620.0,280824.0
2019-01-23,5934.0,5982.5,5924.0,5942.0,13672.0,282486.0
2019-01-24,5946.0,5962.0,5897.0,5915.0,13375.0,282708.0
2019-01-25,5923.5,6080.0,5918.5,6079.0,21366.0,282857.0
2019-01-28,6069.0,6069.0,5976.5,5989.0,15024.0,287661.0
2019-01-29,5988.5,6073.0,5988.5,6062.5,13955.0,284858.0
2019-01-30,6062.0,6168.0,6051.5,6133.0,23773.0,283586.0
2019-01-31,6139.0,6199.0,6139.0,6163.5,18514.0,285534.0
2019-02-01,6176.0,6177.5,6105.0,6141.5,14434.0,281757.0
2019-02-04,6132.5,6192.0,6090.5,6185.0,13715.0,283737.0
2019-02-05,6191.5,6242.0,6187.5,6223.0,14052.0,286609.0
2019-02-06,6229.0,6284.5,6222.0,6247.0,13292.0,288382.0
2019-02-07,6247.0,6289.5,6232.0,6253.5,13277.0,288047.0
2019-02-08,6254.0,6266.0,6194.5,6201.5,10944.0,289304.0
2019-02-11,6192.5,6192.5,6132.0,6144.5,16549.0,291794.0
2019-02-12,6150.0,6159.5,6085.0,6123.0,14274.0,294876.0
2019-02-13,6127.5,6149.0,6111.0,6144.0,11207.0,297798.0
2019-02-14,6139.5,6195.0,6105.0,6137.0,15726.0,295769.0
2019-02-15,6138.5,6226.0,6104.0,6224.0,19249.0,297356.0
2019-02-18,6218.0,6278.5,6187.0,6261.0,14478.0,300560.0
2019-02-19,6259.5,6334.0,6235.5,6332.0,20596.0,300605.0
2019-02-20,6329.0,6426.5,6324.5,6425.0,22174.0,295078.0
2019-02-21,6406.5,6407.0,6356.0,6374.0,19074.0,292533.0
2019-02-22,6380.0,6485.0,6359.0,6477.0,22056.0,293838.0
2019-02-25,6497.0,6540.0,6455.0,6485.5,22772.0,298476.0
2019-02-26,6480.0,6506.5,6449.5,6467.5,19894.0,299159.0
2019-02-27,6486.5,6531.0,6457.0,6520.5,16640.0,300855.0
2019-02-28,6513.5,6529.0,6467.0,6481.0,13867.0,297563.0
2019-03-01,6486.0,6536.0,6441.5,6442.0,20318.0,292854.0
2019-03-04,6466.0,6481.5,6377.0,6410.5,22890.0,297447.0
2019-03-05,6412.0,6498.5,6412.0,6483.0,19560.0,295941.0
2019-03-06,6476.0,6494.5,6439.0,6455.0,12326.0,296720.0
2019-03-07,6456.0,6464.5,6402.0,6435.0,15026.0,297738.0
2019-03-08,6423.5,6446.5,6351.0,6395.5,16482.0,296420.0
2019-03-11,6380.0,6427.5,6380.0,6421.5,10375.0,297266.0
2019-03-12,6425.0,6519.0,6422.5,6468.0,16400.0,297472.0
2019-03-13,6475.0,6487.5,6434.0,6466.0,13133.0,299954.0
2019-03-14,6466.5,6478.0,6370.5,6385.0,17209.0,301913.0
2019-03-15,6392.0,6457.5,6374.0,6431.5,19581.0,299551.0
2019-03-18,6419.0,6480.0,6413.0,6433.0,15056.0,298816.0
2019-03-19,6438.0,6503.0,6435.0,6459.0,13647.0,291757.0
2019-03-20,6445.0,6497.0,6431.0,6493.0,10416.0,287486.0
2019-03-21,6496.0,6555.5,6405.0,6432.5,22096.0,288716.0
2019-03-22,6443.5,6447.5,6300.5,6325.0,26079.0,288979.0
2019-03-25,6310.5,6342.0,6295.0,6335.0,12910.0,289283.0
2019-03-26,6339.0,6354.5,6314.0,6351.5,12145.0,285000.0
2019-03-27,6355.0,6366.0,6302.5,6336.0,11757.0,286388.0
2019-03-28,6335.0,6387.5,6317.0,6366.5,11695.0,283660.0
2019-03-29,6370.0,6499.5,6369.5,6473.5,20450.0,284163.0
2019-04-01,6540.0,6545.0,6440.0,6461.0,19679.0,282674.0
2019-04-02,6462.5,6480.0,6410.0,6432.5,13257.0,286886.0
2019-04-03,6431.5,6516.0,6427.0,6495.5,15953.0,283715.0
2019-04-04,6497.5,6512.0,6419.0,6450.0,14905.0,284945.0
2019-04-05,6450.0,6466.0,6393.5,6398.0,8161.0,287370.0
2019-04-08,6407.5,6502.0,6407.0,6486.0,13926.0,285274.0
2019-04-09,6479.5,6540.0,6473.0,6487.0,17988.0,286752.0
2019-04-10,6482.0,6505.0,6434.0,6462.0,13017.0,291076.0
2019-04-11,6462.5,6474.5,6392.0,6404.5,13506.0,291700.0
2019-04-12,6408.5,6531.5,6401.0,6505.5,19262.0,292764.0
2019-04-15,6494.0,6511.5,6450.5,6490.0,11352.0,294430.0
2019-04-16,6489.5,6515.0,6470.5,6491.5,10349.0,293686.0
2019-04-17,6480.5,6608.5,6480.0,6549.5,26053.0,294006.0
2019-04-18,6541.0,6545.5,6426.5,6464.5,17781.0,291418.0
2019-04-23,6439.0,6454.0,6380.0,6414.0,17084.0,292335.0
2019-04-24,6414.5,6455.0,6399.0,6441.5,12103.0,292764.0
2019-04-25,6438.0,6456.0,6340.0,6346.0,18052.0,293218.0
2019-04-26,6355.0,6415.0,6354.0,6401.0,14585.0,292654.0
2019-04-29,6400.0,6424.0,6356.0,6415.0,12754.0,292641.0
2019-04-30,6410.0,6461.5,6376.5,6432.0,14277.0,294276.0
2019-05-01,6432.5,6443.0,6215.5,6234.5,23406.0,290221.0
2019-05-02,6211.5,6228.5,6150.0,6175.0,20530.0,297410.0
2019-05-03,6180.0,6265.5,6150.0,6243.0,14834.0,293347.0
2019-05-07,6270.0,6290.0,6151.0,6161.5,26589.0,287737.0
2019-05-08,6176.0,6227.0,6119.0,6133.0,22179.0,291388.0
2019-05-09,6140.0,6150.0,6058.5,6141.0,22122.0,292355.0
2019-05-10,6141.5,6194.0,6106.0,6146.0,17804.0,291235.0
2019-05-13,6112.5,6118.5,6007.5,6021.5,20312.0,287525.0
2019-05-14,6040.0,6068.0,6019.0,6043.5,14942.0,286971.0
2019-05-15,6065.0,6094.5,6017.5,6077.5,28358.0,286904.0
2019-05-16,6083.0,6143.0,6067.0,6081.5,14870.0,289017.0
2019-05-17,6090.0,6094.5,6027.5,6057.0,11247.0,291160.0
2019-05-20,6070.0,6079.0,6004.0,6033.5,9940.0,291478.0
2019-05-21,6036.0,6066.5,5989.0,6006.0,14362.0,292502.0
2019-05-22,6006.0,6011.5,5913.5,5931.5,18870.0,292918.0
2019-05-23,5921.5,5947.0,5880.0,5942.0,15764.0,298055.0
2019-05-24,5940.0,5988.5,5940.0,5962.5,11973.0,301501.0
2019-05-28,5995.5,6010.0,5947.0,5966.0,10956.0,300951.0
2019-05-29,5962.0,5962.0,5873.5,5891.0,16322.0,303208.0
2019-05-30,5898.0,5915.5,5832.5,5858.0,18376.0,304246.0
2019-05-31,5831.5,5880.0,5812.5,5823.5,19460.0,307086.0
2019-06-03,5810.0,5870.0,5801.0,5867.5,14942.0,304422.0
2019-06-04,5863.0,5895.0,5824.5,5894.5,10681.0,306318.0
2019-06-05,5888.0,5903.5,5789.0,5790.0,15881.0,303131.0
2019-06-06,5802.5,5849.0,5795.0,5839.0,11538.0,303517.0
2019-06-07,5850.0,5867.5,5740.0,5792.5,15646.0,304714.0
2019-06-10,5815.0,5881.0,5801.5,5877.0,11238.0,305004.0
2019-06-11,5876.0,5956.0,5868.5,5891.0,18959.0,302068.0
2019-06-12,5889.0,5900.0,5826.0,5852.5,12772.0,299904.0
2019-06-13,5849.0,5873.0,5811.5,5863.5,15101.0,297677.0
2019-06-14,5858.0,5880.5,5806.0,5807.5,11988.0,299217.0
2019-06-17,5813.5,5857.0,5776.0,5852.0,12367.0,300147.0
2019-06-18,5845.0,5974.0,5832.5,5956.0,19124.0,296960.0
2019-06-19,5961.5,5967.5,5895.0,5895.0,11387.0,297274.0
2019-06-20,5940.0,6027.0,5936.0,5972.0,17497.0,299461.0
2019-06-21,5975.5,6003.0,5928.0,5959.5,12527.0,298659.0
2019-06-24,5966.0,5976.0,5914.5,5965.0,9579.0,299999.0
2019-06-25,5969.5,6051.5,5952.0,6015.5,16553.0,298606.0
2019-06-26,6015.0,6063.5,5963.0,5997.0,15084.0,298066.0
2019-06-27,5986.5,6016.0,5960.0,6002.5,12717.0,299105.0
2019-06-28,6005.0,6017.0,5965.0,6001.0,10236.0,299905.0
2019-07-01,6046.5,6075.0,5936.0,5941.0,22472.0,291426.0
2019-07-02,5940.0,5964.5,5881.0,5894.0,15951.0,297811.0
2019-07-03,5902.0,5937.5,5840.0,5935.5,14826.0,296244.0
2019-07-04,5938.0,5938.0,5900.5,5916.0,5906.0,295998.0
2019-07-05,5925.0,5925.0,5858.5,5898.0,13153.0,296217.0
2019-07-08,5907.0,5946.5,5878.5,5879.5,12137.0,297454.0
2019-07-09,5877.0,5882.0,5791.0,5823.0,18252.0,298674.0
2019-07-10,5829.0,5966.5,5818.5,5965.0,18023.0,303994.0
2019-07-11,5952.5,5965.5,5924.0,5937.5,10741.0,303966.0
2019-07-12,5941.0,5998.0,5912.0,5960.0,11259.0,306288.0
2019-07-15,5957.0,6020.0,5937.0,5998.5,12923.0,316082.0
2019-07-16,5997.0,6037.5,5958.0,5960.0,13124.0,300821.0
2019-07-17,5956.0,5992.5,5927.5,5982.5,11202.0,291067.0
2019-07-18,5972.0,6000.0,5943.5,5966.5,9592.0,290956.0
2019-07-19,5987.5,6170.5,5987.5,6077.0,30224.0,293715.0
2019-07-22,6068.5,6095.5,6012.5,6019.5,11112.0,294641.0
2019-07-23,6009.0,6036.0,5950.0,5984.0,12418.0,293742.0
2019-07-24,5980.0,6017.0,5971.5,5999.0,8421.0,297902.0
2019-07-25,6005.0,6053.0,5979.5,5985.5,11586.0,299807.0
2019-07-26,5991.0,6003.5,5955.0,5966.0,9667.0,296858.0
2019-07-29,5965.0,6023.0,5950.0,6015.0,9566.0,296515.0
2019-07-30,6020.0,6032.0,5938.0,5938.0,13294.0,297186.0
2019-07-31,5945.0,5969.0,5914.0,5940.0,13773.0,301208.0
2019-08-01,5918.5,5924.0,5850.0,5865.0,15713.0,294284.0
2019-08-02,5818.5,5847.5,5718.5,5722.0,28586.0,303688.0
2019-08-05,5720.0,5740.5,5640.0,5684.0,22130.0,306060.0
2019-08-06,5662.0,5719.0,5650.0,5704.5,14687.0,308029.0
2019-08-07,5699.0,5746.0,5665.0,5746.0,14142.0,308730.0
2019-08-08,5747.0,5811.5,5724.0,5780.0,13113.0,308629.0
2019-08-09,5779.0,5814.0,5745.0,5766.5,13133.0,311402.0
2019-08-12,5761.0,5800.0,5715.5,5740.5,11594.0,313753.0
2019-08-13,5745.5,5852.0,5709.0,5844.0,18675.0,312997.0
2019-08-14,5842.0,5844.5,5726.5,5770.0,14100.0,317452.0
2019-08-15,5769.5,5782.0,5718.0,5740.0,12308.0,314602.0
2019-08-16,5753.0,5773.5,5733.5,5754.5,9515.0,313635.0
2019-08-19,5756.0,5819.0,5751.5,5769.0,11172.0,311761.0
2019-08-20,5764.0,5775.0,5708.0,5717.0,11836.0,305389.0
2019-08-21,5720.0,5747.0,5712.5,5729.0,8997.0,295653.0
2019-08-22,5731.0,5736.0,5671.0,5695.0,14760.0,294694.0
2019-08-23,5692.0,5725.5,5624.5,5634.5,14978.0,297980.0
2019-08-27,5647.0,5716.0,5630.0,5678.0,14367.0,298369.0
2019-08-28,5681.0,5708.5,5655.0,5702.5,10331.0,296171.0
2019-08-29,5696.0,5754.5,5667.5,5706.5,17311.0,295085.0
2019-08-30,5720.5,5726.0,5651.5,5652.0,14006.0,288663.0
2019-09-02,5657.0,5695.0,5611.0,5617.0,11214.0,285092.0
2019-09-03,5621.5,5642.0,5518.0,5610.0,22052.0,291391.0
2019-09-04,5611.0,5759.0,5611.0,5751.0,22052.0,288995.0
2019-09-05,5740.0,5865.0,5736.0,5840.0,29201.0,289160.0
2019-09-06,5840.0,5864.5,5803.0,5828.0,13318.0,289007.0
2019-09-09,5825.5,5829.5,5790.0,5814.0,8755.0,287108.0
2019-09-10,5818.0,5847.0,5761.5,5809.0,14224.0,285343.0
2019-09-11,5807.0,5834.5,5763.5,5780.0,12240.0,282982.0
2019-09-12,5814.0,5898.0,5741.0,5860.5,22068.0,281034.0
2019-09-13,5848.0,5980.0,5847.5,5966.0,15435.0,285622.0
2019-09-16,5954.0,5964.5,5852.0,5855.0,17743.0,285556.0
2019-09-17,5857.5,5870.5,5783.0,5815.5,14909.0,284764.0
2019-09-18,5818.5,5849.0,5776.0,5805.0,13101.0,279121.0
2019-09-19,5792.0,5823.0,5780.0,5793.5,10066.0,271417.0
2019-09-20,5790.0,5841.0,5749.0,5755.0,9850.0,274219.0
2019-09-23,5776.0,5798.0,5718.0,5793.5,14045.0,274057.0
2019-09-24,5805.5,5815.0,5758.5,5774.5,11371.0,275705.0
2019-09-25,5777.0,5795.0,5742.5,5788.0,11795.0,274358.0
2019-09-26,5789.0,5803.5,5719.0,5721.0,12046.0,274149.0
2019-09-27,5718.0,5792.0,5711.0,5762.0,12688.0,274412.0
2019-09-30,5770.0,5804.5,5708.0,5711.5,12372.0,272811.0
2019-10-01,5712.0,5719.5,5588.0,5688.5,19327.0,268261.0
2019-10-02,5698.5,5731.0,5648.0,5691.0,11911.0,274682.0
2019-10-03,5698.5,5715.0,5625.5,5655.0,13203.0,274039.0
2019-10-04,5658.0,5679.5,5606.5,5673.0,10044.0,274679.0
2019-10-07,5668.5,5727.0,5650.0,5707.5,9702.0,274333.0
2019-10-08,5703.5,5758.0,5674.0,5683.5,17048.0,275013.0
2019-10-09,5683.5,5710.5,5671.5,5688.0,11681.0,277106.0
2019-10-10,5671.5,5790.0,5665.0,5780.5,16941.0,278512.0
2019-10-11,5773.5,5825.0,5764.5,5803.0,14083.0,281493.0
2019-10-14,5804.5,5822.0,5742.0,5820.0,16783.0,286043.0
2019-10-15,5820.0,5820.0,5766.0,5775.5,11696.0,283294.0
2019-10-16,5772.5,5773.0,5696.0,5721.5,17234.0,278790.0
2019-10-17,5721.0,5787.5,5705.0,5749.0,13579.0,277736.0
2019-10-18,5747.0,5827.0,5722.0,5820.0,17795.0,280253.0
2019-10-21,5814.5,5868.5,5808.0,5841.0,13538.0,282917.0
2019-10-22,5838.0,5849.0,5807.5,5826.0,11538.0,284210.0
2019-10-23,5815.0,5896.0,5780.0,5878.5,16939.0,286288.0
2019-10-24,5884.5,5908.0,5865.5,5884.0,14317.0,287689.0
2019-10-25,5877.5,5935.0,5862.0,5907.5,12925.0,287873.0
2019-10-28,5911.5,5927.0,5893.0,5917.0,9862.0,289227.0
2019-10-29,5916.0,5941.5,5892.5,5921.0,11184.0,290007.0
2019-10-30,5929.0,5933.0,5863.0,5887.0,12227.0,290442.0
2019-10-31,5899.0,5915.0,5801.0,5806.0,20077.0,285105.0
2019-11-01,5811.0,5867.5,5808.5,5862.0,14117.0,283449.0
2019-11-04,5862.5,5899.0,5853.5,5883.0,9830.0,284163.0
2019-11-05,5881.0,5978.0,5876.5,5947.0,16838.0,279482.0
2019-11-06,5939.5,5943.5,5869.0,5884.5,11583.0,285233.0
2019-11-07,5885.0,6011.0,5884.0,6001.0,17187.0,285362.0
2019-11-08,5985.0,5985.0,5905.0,5923.0,13379.0,289326.0
2019-11-11,5923.5,5924.0,5862.5,5880.0,9931.0,289325.0
2019-11-12,5882.0,5923.0,5842.0,5854.0,13589.0,288252.0
2019-11-13,5854.5,5864.0,5827.0,5829.5,12258.0,292963.0
2019-11-14,5838.0,5877.5,5800.0,5801.0,14416.0,293990.0
2019-11-15,5824.0,5857.0,5818.0,5841.0,11362.0,295766.0
2019-11-18,5846.5,5866.5,5808.0,5818.5,11546.0,296765.0
2019-11-19,5814.5,5894.0,5814.5,5880.0,13860.0,294806.0
2019-11-20,5877.0,5905.5,5850.5,5854.0,11217.0,283980.0
2019-11-21,5856.0,5860.0,5814.0,5818.0,12169.0,286142.0
2019-11-22,5826.5,5873.5,5812.5,5852.5,11187.0,287593.0
2019-11-25,5865.5,5917.0,5847.5,5871.0,11868.0,286992.0
2019-11-26,5878.0,5946.5,5855.0,5943.0,15737.0,286712.0
2019-11-27,5935.0,5968.0,5915.0,5948.0,13907.0,287273.0
2019-11-28,5935.5,5935.5,5888.0,5889.0,7003.0,291881.0
2019-11-29,5892.5,5904.0,5858.0,5879.5,10033.0,292612.0
2019-12-02,5886.0,5908.5,5852.0,5858.0,15239.0,288938.0
2019-12-03,5866.5,5870.0,5806.0,5815.0,19134.0,291585.0
2019-12-04,5817.0,5891.5,5810.5,5875.0,14209.0,293512.0
2019-12-05,5877.0,5912.0,5864.5,5895.5,8507.0,295698.0
2019-12-06,5894.5,6027.0,5891.0,6025.0,18335.0,296595.0
2019-12-09,6019.0,6084.5,5997.0,6081.5,21139.0,300930.0
2019-12-10,6070.0,6100.0,6057.0,6092.0,16083.0,304845.0
2019-12-11,6086.0,6158.0,6078.0,6144.5,15886.0,309607.0
2019-12-12,6147.5,6174.0,6089.5,6161.5,19681.0,312790.0
2019-12-13,6189.0,6216.0,6096.0,6143.0,21263.0,315966.0
2019-12-16,6140.5,6206.5,6128.0,6195.5,10459.0,317632.0
2019-12-17,6187.0,6223.0,6175.5,6190.0,12978.0,314202.0
2019-12-18,6182.5,6194.0,6138.0,6187.0,12132.0,310559.0
2019-12-19,6186.0,6220.0,6165.5,6218.0,9503.0,312899.0
2019-12-20,6214.0,6235.5,6166.5,6175.0,10071.0,314730.0
2019-12-23,6172.5,6193.0,6155.0,6179.0,7997.0,312164.0
2019-12-24,6179.5,6235.0,6175.5,6203.5,8746.0,315203.0
2019-12-27,6250.0,6266.5,6195.0,6226.5,11229.0,317576.0
2019-12-30,6217.5,6249.0,6208.0,6218.0,9200.0,317995.0
2019-12-31,6209.5,6213.5,6164.5,6169.0,7938.0,319198.0
2020-01-02,6188.5,6233.0,6161.0,6207.0,14304.0,319952.0
2020-01-03,6206.0,6209.0,6088.5,6137.5,18427.0,321619.0
2020-01-06,6124.0,6162.0,6100.5,6143.0,14695.0,322063.0
2020-01-07,6148.5,6180.0,6135.0,6170.0,12551.0,321080.0
2020-01-08,6122.5,6200.0,6115.0,6189.0,14061.0,321454.0
2020-01-09,6195.0,6213.5,6161.5,6164.0,10300.0,319344.0
2020-01-10,6168.0,6243.5,6163.5,6203.5,13151.0,321045.0
2020-01-13,6202.0,6298.5,6191.5,6291.5,16275.0,323493.0
2020-01-14,6292.0,6321.0,6271.0,6310.5,13642.0,326664.0
2020-01-15,6298.0,6309.5,6246.0,6302.0,10509.0,330443.0
2020-01-16,6300.0,6343.0,6258.0,6269.0,15593.0,332481.0
2020-01-17,6279.0,6324.0,6257.5,6269.0,10750.0,332798.0
2020-01-20,6269.5,6297.0,6247.0,6263.0,6347.0,335604.0
2020-01-21,6262.0,6262.0,6145.5,6145.5,17572.0,336128.0
2020-01-22,6151.5,6178.0,6095.5,6105.0,17855.0,337581.0
2020-01-23,6106.0,6116.0,5981.0,6026.0,20790.0,336020.0
2020-01-24,6018.5,6020.0,5910.5,5922.5,15978.0,338733.0
2020-01-27,5836.0,5850.0,5726.0,5747.0,21851.0,339289.0
2020-01-28,5739.0,5762.5,5690.5,5702.5,18825.0,337677.0
2020-01-29,5707.0,5757.0,5642.0,5647.5,16629.0,337550.0
2020-01-30,5651.5,5664.0,5565.0,5565.0,19085.0,336070.0
2020-01-31,5626.0,5663.0,5533.5,5560.5,17413.0,336768.0
2020-02-03,5596.0,5668.0,5527.0,5561.0,26964.0,330419.0
2020-02-04,5569.5,5691.0,5569.5,5634.5,27256.0,328851.0
2020-02-05,5633.0,5769.0,5633.0,5721.5,25762.0,327602.0
2020-02-06,5732.0,5813.5,5710.0,5742.5,20041.0,326415.0
2020-02-07,5743.0,5758.0,5647.0,5655.0,16417.0,327267.0
2020-02-10,5657.0,5716.5,5638.0,5659.0,16030.0,333631.0
2020-02-11,5695.0,5777.0,5691.0,5725.0,17014.0,333600.0
2020-02-12,5740.0,5783.0,5720.0,5763.0,12144.0,331291.0
2020-02-13,5733.5,5814.5,5725.0,5791.0,16404.0,330920.0
2020-02-14,5779.5,5794.0,5744.5,5756.5,10992.0,329524.0
2020-02-17,5770.0,5828.5,5770.0,5822.0,11150.0,330626.0
2020-02-18,5802.0,5814.5,5746.0,5765.0,17194.0,320659.0
2020-02-19,5781.0,5818.0,5714.0,5784.0,16755.0,314583.0
2020-02-20,5793.5,5814.0,5720.0,5737.5,14172.0,314880.0
2020-02-21,5743.5,5788.5,5684.0,5765.0,17046.0,314518.0
2020-02-24,5712.0,5716.5,5671.5,5688.5,16076.0,314700.0
2020-02-25,5710.0,5728.0,5673.0,5678.5,14581.0,312390.0
2020-02-26,5670.0,5696.5,5623.5,5660.5,19674.0,309167.0
2020-02-27,5665.0,5681.0,5574.5,5656.0,24401.0,308871.0
2020-02-28,5651.0,5653.5,5533.0,5588.5,30004.0,306968.0
2020-03-02,5579.0,5733.5,5577.0,5723.0,23183.0,310082.0
2020-03-03,5742.0,5780.5,5622.5,5660.0,25121.0,311646.0
2020-03-04,5705.0,5730.0,5667.5,5695.0,16669.0,313662.0
2020-03-05,5703.0,5731.5,5655.0,5671.0,14992.0,313276.0
2020-03-06,5679.5,5685.0,5592.5,5630.5,22681.0,312671.0
2020-03-09,5535.0,5583.0,5433.0,5524.0,29721.0,309873.0
2020-03-10,5563.0,5653.5,5548.5,5585.0,22902.0,310060.0
2020-03-11,5591.0,5612.0,5507.0,5508.0,18392.0,307170.0
2020-03-12,5463.5,5485.0,5376.5,5435.0,29755.0,306743.0
2020-03-13,5396.0,5589.0,5319.5,5453.5,31255.0,313481.0
2020-03-16,5401.0,5436.5,5182.5,5285.0,29822.0,309169.0
2020-03-17,5335.0,5365.0,5127.0,5145.0,27627.0,305690.0
2020-03-18,5156.0,5191.0,4681.0,4734.0,33987.0,295013.0
2020-03-19,4780.0,4845.0,4371.0,4810.0,30513.0,294735.0
2020-03-20,4741.0,4938.5,4613.0,4700.0,25437.0,286455.0
2020-03-23,4675.0,4676.0,4461.0,4601.0,23871.0,283872.0
2020-03-24,4701.5,4929.5,4643.5,4848.0,21181.0,282932.0
2020-03-25,4849.0,4890.5,4745.0,4872.5,13878.0,281637.0
2020-03-26,4854.5,4854.5,4767.0,4814.0,10401.0,278849.0
2020-03-27,4832.0,4866.5,4768.5,4815.0,11616.0,277444.0
2020-03-30,4766.0,4803.5,4739.5,4756.5,10644.0,276051.0
2020-03-31,4800.0,4971.0,4800.0,4930.0,14352.0,273704.0
2020-04-01,4898.0,4912.5,4769.0,4804.5,15408.0,270937.0
2020-04-02,4799.5,4936.0,4760.0,4881.5,15166.0,270216.0
2020-04-03,4880.0,4936.5,4833.5,4842.0,10154.0,268991.0
2020-04-06,4844.5,4927.0,4841.0,4904.5,7310.0,266987.0
2020-04-07,4941.0,5114.0,4937.0,5024.0,20186.0,266628.0
2020-04-08,4995.0,5065.0,4964.0,5022.5,14237.0,266569.0
2020-04-09,5041.0,5070.0,4984.0,5032.0,12066.0,268341.0
2020-04-14,5140.0,5200.0,5127.0,5188.5,14120.0,262009.0
2020-04-15,5175.0,5184.0,5070.0,5111.5,11194.0,259685.0
2020-04-16,5101.5,5150.0,5092.0,5116.5,10029.0,258218.0
2020-04-17,5165.0,5237.5,5165.0,5210.0,16553.0,259302.0
2020-04-20,5197.5,5248.0,5161.0,5174.0,13229.0,259485.0
2020-04-21,5155.0,5182.0,4953.0,5026.5,21510.0,261147.0
2020-04-22,5070.0,5137.0,4973.5,5108.5,14689.0,261440.0
2020-04-23,5105.0,5210.0,5084.0,5139.0,12891.0,260483.0
2020-04-24,5144.0,5190.0,5105.0,5188.0,10864.0,259302.0
2020-04-27,5200.0,5269.0,5153.5,5186.0,14499.0,257524.0
2020-04-28,5180.5,5252.0,5170.0,5208.5,14986.0,261884.0
2020-04-29,5200.0,5280.0,5197.0,5246.0,13639.0,266005.0
2020-04-30,5278.0,5294.5,5177.0,5183.0,15995.0,265648.0
2020-05-01,5167.0,5170.0,5077.0,5106.0,12655.0,264677.0
2020-05-04,5085.0,5134.5,5060.0,5129.0,9035.0,268329.0
2020-05-05,5140.0,5185.0,5117.0,5176.0,9077.0,268278.0
2020-05-06,5177.0,5242.0,5146.5,5218.5,16029.0,267737.0
2020-05-07,5188.0,5295.0,5188.0,5280.5,14645.0,265785.0
2020-05-11,5309.0,5370.0,5244.5,5280.5,16185.0,266425.0
2020-05-12,5266.0,5291.5,5220.0,5229.0,12359.0,266700.0
2020-05-13,5199.0,5272.5,5189.0,5212.0,12592.0,269507.0
2020-05-14,5223.0,5235.5,5146.0,5213.0,16607.0,272050.0
2020-05-15,5235.0,5272.0,5176.0,5185.5,13593.0,273963.0
2020-05-18,5205.0,5347.0,5205.0,5345.5,18102.0,275556.0
2020-05-19,5374.0,5377.5,5322.0,5353.0,14357.0,273534.0
2020-05-20,5343.5,5455.0,5328.0,5445.5,14384.0,271783.0
2020-05-21,5444.0,5464.0,5380.0,5390.0,15644.0,274087.0
2020-05-22,5381.0,5390.0,5261.5,5305.0,14390.0,275082.0
2020-05-26,5337.5,5404.5,5333.0,5369.0,12266.0,272153.0
2020-05-27,5345.0,5368.0,5246.0,5295.5,16038.0,271792.0
2020-05-28,5303.0,5381.5,5294.0,5372.0,11436.0,271438.0
2020-05-29,5350.0,5387.5,5319.5,5380.0,12598.0,269957.0
2020-06-01,5400.0,5488.0,5385.0,5484.0,19896.0,265469.0
2020-06-02,5472.0,5532.0,5450.0,5518.5,15271.0,268777.0
2020-06-03,5537.5,5552.0,5487.0,5508.5,15573.0,269353.0
2020-06-04,5498.5,5546.0,5448.5,5525.0,12932.0,272293.0
2020-06-05,5510.0,5698.0,5507.5,5659.0,23471.0,273597.0
2020-06-08,5660.0,5719.0,5618.0,5717.0,14604.0,277562.0
2020-06-09,5729.0,5780.0,5676.0,5767.0,18900.0,277710.0
2020-06-10,5780.0,5913.5,5776.5,5904.0,24124.0,280353.0
2020-06-11,5902.0,5928.0,5738.0,5753.0,20816.0,284418.0
2020-06-12,5720.0,5842.0,5688.0,5779.5,19171.0,290980.0
2020-06-15,5774.0,5774.0,5665.5,5739.0,16718.0,292095.0
2020-06-16,5772.0,5836.0,5698.0,5742.0,24341.0,288202.0
2020-06-17,5741.0,5804.0,5713.0,5797.0,13068.0,283066.0
2020-06-18,5775.5,5862.5,5751.5,5802.0,15456.0,283725.0
2020-06-19,5809.0,5899.0,5787.0,5810.0,16151.0,287427.0
2020-06-22,5807.0,5902.0,5807.0,5895.0,15024.0,288637.0
2020-06-23,5904.0,5920.0,5823.0,5911.0,15580.0,287637.0
2020-06-24,5902.0,5948.0,5858.0,5885.0,16389.0,290332.0
2020-06-25,5873.0,5943.5,5852.0,5937.0,11085.0,291824.0
2020-06-26,5939.5,6006.0,5923.0,5943.0,13769.0,291988.0
2020-06-29,5931.0,5993.0,5924.5,5969.0,14128.0,291103.0
2020-06-30,5980.0,6055.0,5971.0,6039.0,19917.0,290991.0
2020-07-01,6038.0,6094.0,5995.0,6056.0,21720.0,293145.0
2020-07-02,6090.0,6120.0,6047.5,6093.5,14776.0,297468.0
2020-07-03,6082.0,6085.0,5987.0,6015.0,12257.0,298360.0
2020-07-06,6040.5,6143.0,6031.0,6140.0,15836.0,294125.0
2020-07-07,6158.0,6195.0,6076.0,6193.0,16701.0,295944.0
2020-07-08,6180.0,6248.0,6168.0,6236.0,17394.0,299093.0
2020-07-09,6247.0,6360.0,6246.0,6297.0,23038.0,302704.0
2020-07-10,6305.0,6429.5,6253.5,6429.0,22174.0,306072.0
2020-07-13,6455.0,6633.0,6439.5,6545.5,33790.0,308351.0
2020-07-14,6500.0,6532.5,6431.0,6500.0,17305.0,309406.0
2020-07-15,6540.0,6550.0,6373.5,6394.5,20936.0,311405.0
2020-07-16,6404.0,6442.5,6305.5,6410.0,18415.0,314076.0
2020-07-17,6419.5,6464.0,6387.5,6437.0,10948.0,318835.0
2020-07-20,6446.5,6522.5,6387.0,6474.5,13450.0,315775.0
2020-07-21,6488.5,6565.0,6473.0,6563.0,12707.0,316903.0
2020-07-22,6569.0,6601.5,6415.5,6477.0,18921.0,316282.0
2020-07-23,6485.0,6552.0,6433.5,6506.0,12585.0,316265.0
2020-07-24,6486.5,6506.5,6366.0,6400.0,20371.0,314209.0
2020-07-27,6410.5,6471.0,6389.5,6430.0,11095.0,316620.0
2020-07-28,6466.0,6520.5,6389.5,6469.0,15233.0,315979.0
2020-07-29,6458.0,6505.0,6426.0,6476.0,10553.0,318494.0
2020-07-30,6499.0,6505.0,6392.0,6455.5,12252.0,320196.0
2020-07-31,6473.0,6500.0,6375.0,6376.0,17822.0,319170.0
2020-08-03,6358.0,6505.0,6301.0,6478.0,20189.0,316109.0
2020-08-04,6493.0,6493.0,6409.0,6450.0,11645.0,316161.0
2020-08-05,6465.0,6538.0,6434.0,6486.0,20325.0,319884.0
2020-08-06,6489.5,6511.5,6433.0,6486.0,11787.0,319284.0
2020-08-07,6494.0,6495.5,6226.0,6237.0,25379.0,320849.0
2020-08-10,6244.5,6428.0,6234.0,6401.0,20566.0,322897.0
2020-08-11,6397.0,6416.0,6338.0,6405.0,11371.0,329715.0
2020-08-12,6352.0,6450.0,6268.5,6435.0,21149.0,330200.0
2020-08-13,6425.0,6439.5,6252.0,6270.0,19531.0,332660.0
2020-08-14,6265.0,6384.5,6256.0,6365.5,15285.0,335819.0
2020-08-17,6364.0,6489.5,6344.0,6449.0,14476.0,332464.0
2020-08-18,6462.5,6600.5,6427.0,6599.0,23550.0,327538.0
2020-08-19,6602.0,6707.0,6576.0,6690.0,26051.0,323973.0
2020-08-20,6635.0,6651.5,6560.0,6613.0,14628.0,328890.0
2020-08-21,6646.0,6650.0,6465.0,6490.0,17488.0,331061.0
2020-08-24,6500.0,6580.0,6493.0,6517.0,10961.0,329638.0
2020-08-25,6519.0,6544.0,6489.5,6536.0,8571.0,330205.0
2020-08-26,6545.0,6603.0,6526.5,6600.0,10133.0,329588.0
2020-08-27,6607.0,6653.0,6541.5,6623.0,14208.0,325703.0
2020-08-28,6633.5,6709.5,6624.5,6674.0,15114.0,326662.0
2020-09-01,6722.0,6830.0,6682.0,6683.0,22603.0,322804.0
2020-09-02,6690.0,6722.0,6636.5,6687.5,13992.0,329430.0
2020-09-03,6700.0,6722.5,6546.5,6582.5,18557.0,329457.0
2020-09-04,6565.5,6780.0,6565.5,6780.0,19894.0,327755.0
2020-09-07,6791.0,6822.5,6728.0,6792.0,11756.0,327708.0
2020-09-08,6779.0,6810.5,6640.5,6709.5,15731.0,328558.0
2020-09-09,6679.0,6765.5,6658.5,6759.0,12216.0,324995.0
2020-09-10,6766.5,6773.5,6609.0,6633.0,15666.0,323828.0
2020-09-11,6611.0,6755.5,6589.0,6715.0,13834.0,323855.0
2020-09-14,6745.0,6800.0,6705.5,6779.5,11284.0,325941.0
2020-09-15,6778.0,6829.5,6747.0,6758.0,12280.0,325043.0
2020-09-16,6751.0,6794.0,6735.0,6792.0,9499.0,326929.0
2020-09-17,6779.0,6797.0,6676.0,6795.0,16062.0,321998.0
2020-09-18,6803.0,6875.0,6774.0,6850.0,15837.0,324788.0
2020-09-21,6833.0,6877.5,6655.0,6683.5,21786.0,323806.0
2020-09-22,6705.0,6807.0,6702.5,6768.0,17318.0,324074.0
2020-09-23,6768.5,6768.5,6593.0,6595.5,25796.0,326153.0
2020-09-24,6566.0,6582.5,6449.0,6576.0,27936.0,322635.0
2020-09-25,6578.0,6610.0,6502.0,6552.0,15363.0,323357.0
2020-09-28,6576.0,6639.5,6540.0,6595.0,14192.0,321186.0
2020-09-29,6615.0,6624.5,6524.0,6611.0,15098.0,320267.0
2020-09-30,6616.5,6698.0,6563.0,6686.0,15883.0,316561.0
2020-10-01,6680.0,6710.0,6328.5,6342.5,24705.0,313289.0
2020-10-02,6355.0,6583.5,6269.0,6545.0,23746.0,315469.0
2020-10-05,6563.0,6579.0,6471.0,6525.5,8945.0,314098.0
2020-10-06,6537.0,6558.0,6508.0,6537.5,7427.0,310283.0
2020-10-07,6480.0,6710.0,6455.0,6666.0,19568.0,310442.0
2020-10-08,6667.0,6689.0,6619.5,6669.5,11837.0,312443.0
2020-10-09,6676.0,6781.0,6676.0,6772.0,19506.0,309983.0
2020-10-12,6745.0,6785.0,6706.0,6738.0,11020.0,310380.0
2020-10-13,6734.5,6734.5,6657.0,6686.0,14106.0,311082.0
2020-10-14,6690.5,6748.0,6684.0,6714.5,10900.0,313226.0
2020-10-15,6703.0,6787.0,6668.0,6779.0,14917.0,313767.0
2020-10-16,6785.0,6791.5,6718.5,6728.0,11280.0,312223.0
2020-10-19,6722.5,6812.0,6722.0,6768.0,12877.0,307336.0
2020-10-20,6760.0,6937.5,6750.0,6905.5,18976.0,301156.0
2020-10-21,6886.0,7034.0,6882.0,6996.0,20701.0,301959.0
2020-10-22,6981.5,6987.0,6883.5,6909.0,12346.0,303893.0
2020-10-23,6910.5,6926.0,6855.0,6876.0,9895.0,305473.0
2020-10-26,6860.5,6872.0,6756.5,6773.0,12792.0,306349.0
2020-10-27,6779.0,6827.0,6764.5,6800.5,8680.0,305033.0
2020-10-28,6777.0,6822.5,6698.0,6746.0,15823.0,304561.0
2020-10-29,6748.0,6794.0,6698.0,6741.5,10298.0,304864.0
2020-10-30,6727.0,6777.0,6693.0,6713.0,15354.0,304231.0
2020-11-02,6697.0,6812.0,6672.0,6773.0,15555.0,301886.0
2020-11-03,6798.0,6855.5,6778.5,6779.5,12434.0,303161.0
2020-11-04,6728.0,6849.5,6670.0,6835.0,21991.0,302497.0
2020-11-05,6837.5,6891.0,6780.0,6865.0,14393.0,302586.0
2020-11-06,6846.0,6979.0,6834.0,6947.0,15263.0,303279.0
2020-11-09,6968.0,7054.0,6910.5,6938.0,22431.0,301006.0
2020-11-10,6916.0,6961.5,6833.0,6961.5,18631.0,301959.0
2020-11-11,6941.0,6991.5,6857.0,6885.5,11461.0,307416.0
2020-11-12,6896.0,6965.5,6886.5,6916.0,11926.0,304163.0
2020-11-13,6917.0,7022.5,6897.0,7000.0,14100.0,308330.0
2020-11-16,7028.5,7179.0,7020.5,7095.0,30043.0,306713.0
2020-11-17,7107.0,7135.5,7011.0,7074.5,14650.0,305972.0
2020-11-18,7054.0,7147.5,7041.0,7069.0,14203.0,299453.0
2020-11-19,7045.0,7095.5,7012.5,7090.0,14004.0,299993.0
2020-11-20,7097.0,7294.5,7082.0,7261.0,23800.0,305170.0
2020-11-23,7273.0,7288.5,7158.0,7209.0,14829.0,309536.0
2020-11-24,7214.0,7331.0,7208.0,7309.0,18332.0,309612.0
2020-11-25,7326.5,7360.0,7252.5,7326.0,13592.0,308838.0
2020-11-26,7324.5,7424.0,7323.0,7412.0,15539.0,311015.0
2020-11-27,7421.0,7520.0,7383.5,7505.5,17284.0,313362.0
2020-11-30,7520.0,7708.5,7514.0,7566.0,31164.0,313997.0
2020-12-01,7592.5,7743.0,7580.5,7700.0,18762.0,313650.0
2020-12-02,7666.0,7723.0,7565.5,7675.0,17282.0,314463.0
2020-12-03,7670.0,7741.0,7629.5,7658.5,15854.0,309213.0
2020-12-04,7665.0,7774.0,7662.5,7758.0,15004.0,311383.0
2020-12-07,7765.0,7800.0,7659.0,7719.5,12468.0,312495.0
2020-12-08,7708.0,7717.0,7635.0,7710.5,12518.0,313204.0
2020-12-09,7706.0,7778.0,7691.5,7694.0,13037.0,313773.0
2020-12-10,7679.0,7900.0,7673.5,7873.0,19279.0,319186.0
2020-12-11,7889.0,7973.5,7700.5,7768.5,25220.0,321082.0
2020-12-14,7783.0,7830.5,7733.5,7778.0,12117.0,321763.0
2020-12-15,7746.0,7832.0,7718.0,7807.0,11169.0,314929.0
2020-12-16,7796.5,7876.5,7786.0,7814.0,11227.0,309271.0
2020-12-17,7857.0,7954.0,7846.5,7939.0,13731.0,308658.0
2020-12-18,7916.0,8028.0,7901.5,7995.5,16976.0,307467.0
2020-12-21,7980.0,7989.0,7821.0,7875.0,17591.0,308139.0
2020-12-22,7878.5,7918.0,7728.0,7746.0,14008.0,309890.0
2020-12-23,7750.0,7853.5,7673.0,7847.0,11805.0,308483.0
2020-12-24,7836.0,7869.5,7783.0,7830.5,6792.0,308571.0
2020-12-29,7885.0,7917.0,7817.0,7821.0,10671.0,308652.0
2020-12-30,7823.0,7895.0,7806.5,7819.0,9485.0,310752.0
2020-12-31,7830.0,7846.5,7733.0,7753.5,9023.0,311291.0
2021-01-04,7784.0,7946.0,7784.0,7856.0,19785.0,307871.0
2021-01-05,7867.0,8050.5,7854.0,8050.5,16428.0,310236.0
2021-01-06,8054.0,8169.0,8003.0,8073.0,21930.0,310882.0
2021-01-07,8073.0,8182.0,8032.5,8172.0,16607.0,304499.0
2021-01-08,8185.0,8238.0,8011.0,8084.5,22975.0,306748.0
2021-01-11,8077.0,8096.0,7838.0,7845.5,19306.0,308705.0
2021-01-12,7876.5,8038.5,7876.0,7998.5,15186.0,309836.0
2021-01-13,8027.0,8052.5,7952.0,7971.0,11765.0,307203.0
2021-01-14,7992.0,8085.0,7950.0,8084.0,12737.0,307644.0
2021-01-15,8084.5,8115.5,7910.0,7934.0,13895.0,310345.0
2021-01-18,7912.0,8047.0,7909.5,7945.0,9788.0,311869.0
2021-01-19,7989.5,8051.0,7930.0,7994.0,13918.0,308367.0
2021-01-20,8014.5,8067.0,7973.5,8041.5,11539.0,304337.0
2021-01-21,8037.0,8094.0,8015.0,8034.0,11678.0,305768.0
2021-01-22,8034.5,8034.5,7864.5,7986.0,19471.0,305967.0
2021-01-25,8009.0,8023.0,7931.0,8005.5,10003.0,310408.0
2021-01-26,7997.5,8029.5,7905.0,7995.0,11625.0,312059.0
2021-01-27,8004.0,8007.5,7777.5,7843.0,22937.0,311965.0
2021-01-28,7808.0,7928.0,7705.0,7904.0,21722.0,316542.0
2021-01-29,7875.0,7952.0,7788.5,7813.5,23474.0,322360.0
2021-02-01,7800.0,7893.5,7765.5,7822.5,13740.0,317587.0
2021-02-02,7818.0,7850.0,7712.0,7752.0,15113.0,318334.0
2021-02-03,7783.0,7857.0,7719.5,7848.0,13315.0,319599.0
2021-02-04,7850.5,7880.0,7789.0,7814.5,10696.0,320900.0
2021-02-05,7837.5,7988.0,7823.0,7983.0,13197.0,324390.0
2021-02-08,7990.0,8078.5,7967.0,8073.5,16303.0,328702.0
2021-02-09,8083.5,8173.0,8061.0,8157.0,18662.0,331284.0
2021-02-10,8163.0,8327.5,8153.0,8275.5,23111.0,333618.0
2021-02-11,8250.5,8320.0,8238.0,8291.5,8050.0,337324.0
2021-02-12,8294.5,8350.0,8178.0,8318.0,10247.0,341974.0
2021-02-15,8353.0,8406.0,8337.0,8395.0,7521.0,343839.0
2021-02-16,8395.0,8437.0,8350.0,8427.0,9041.0,337332.0
2021-02-17,8404.0,8432.5,8346.0,8413.0,10013.0,339399.0
2021-02-18,8440.0,8633.0,8440.0,8606.0,26565.0,338908.0
2021-02-19,8587.0,8995.0,8554.0,8941.0,38878.0,342378.0
2021-02-22,9020.0,9269.5,8961.0,9113.5,32082.0,341627.0
2021-02-23,9103.0,9305.0,9008.5,9250.0,32545.0,342168.0
2021-02-24,9265.5,9522.5,9127.0,9497.5,30018.0,345379.0
2021-02-25,9450.0,9617.0,9315.0,9355.0,27906.0,342571.0
2021-02-26,9318.0,9354.0,8975.0,9000.0,31212.0,339743.0
2021-03-01,9126.0,9205.0,9002.5,9031.0,16792.0,333544.0
2021-03-02,9050.0,9288.5,8900.0,9276.5,25229.0,331439.0
2021-03-03,9256.5,9257.5,9073.0,9118.0,15852.0,330618.0
2021-03-04,9060.0,9132.0,8570.0,8589.0,32781.0,329788.0
2021-03-05,8698.0,9020.0,8669.5,8977.0,20397.0,329191.0
2021-03-08,9104.0,9130.0,8806.5,9006.5,18551.0,326552.0
2021-03-09,9011.5,9073.0,8755.0,8826.0,16343.0,326434.0
2021-03-10,8787.0,8945.5,8778.0,8893.5,10957.0,325926.0
2021-03-11,8874.5,9135.0,8836.5,9125.0,16820.0,324710.0
2021-03-12,9098.0,9142.0,8960.0,9132.5,13391.0,322920.0
2021-03-15,9158.0,9199.5,9056.5,9116.5,10105.0,317496.0
2021-03-16,9104.0,9143.0,8908.0,8923.5,14270.0,313813.0
2021-03-17,8936.0,9158.0,8923.0,9130.0,10530.0,309914.0
2021-03-18,9122.0,9143.5,8983.0,8998.0,10059.0,313825.0
2021-03-19,8990.5,9079.0,8841.0,9066.0,13110.0,312437.0
2021-03-22,9020.0,9130.0,8987.0,9130.0,10709.0,311775.0
2021-03-23,9134.0,9145.0,8871.0,8871.0,16808.0,313284.0
2021-03-24,8891.5,9041.0,8881.5,8889.0,13228.0,314503.0
2021-03-25,8910.0,8923.0,8702.0,8799.0,21819.0,315713.0
2021-03-26,8810.0,8981.0,8805.5,8950.0,9742.0,313146.0
2021-03-29,8976.5,9000.0,8837.0,8879.0,9099.0,312554.0
2021-03-30,8899.0,8922.5,8748.5,8750.5,10710.0,309167.0
2021-03-31,8788.5,8850.0,8723.0,8809.5,32358.0,310142.0
2021-04-01,8782.0,8823.0,8695.0,8805.0,12964.0,303533.0
2021-04-06,8925.0,9104.0,8925.0,9040.0,17447.0,305071.0
2021-04-07,9047.0,9063.0,8891.5,8930.0,13522.0,306502.0
2021-04-08,8941.5,9025.0,8908.5,9009.5,10935.0,306965.0
2021-04-09,9010.0,9047.5,8900.5,8929.0,8340.0,303875.0
2021-04-12,8938.5,8938.5,8800.0,8872.0,11164.0,305504.0
2021-04-13,8866.5,8953.0,8825.0,8895.0,10150.0,309345.0
2021-04-14,8905.0,9104.0,8893.0,9080.0,15571.0,309168.0
2021-04-15,9074.5,9312.0,9054.5,9310.0,23778.0,314774.0
2021-04-16,9320.0,9353.5,9165.0,9182.0,17342.0,316989.0
2021-04-19,9163.0,9436.0,9150.5,9322.0,20093.0,322249.0
2021-04-20,9342.5,9483.0,9281.0,9285.0,13627.0,316615.0
2021-04-21,9284.5,9475.0,9281.0,9450.0,10678.0,318160.0
2021-04-22,9460.0,9468.5,9385.0,9395.0,10182.0,316010.0
2021-04-23,9407.0,9559.5,9407.0,9551.5,15465.0,315933.0
2021-04-26,9547.5,9780.0,9541.0,9778.0,21954.0,318995.0
2021-04-27,9795.5,9965.0,9784.5,9878.5,20882.0,320094.0
2021-04-28,9861.5,9895.0,9719.0,9856.5,16237.0,321033.0
2021-04-29,9902.5,10008.0,9822.0,9861.0,19335.0,322757.0
2021-04-30,9883.0,9964.5,9786.5,9809.0,12609.0,323344.0
2021-05-04,9922.0,9977.0,9878.0,9950.0,12942.0,324722.0
2021-05-05,9991.0,10040.0,9898.0,9932.0,12458.0,327365.0
2021-05-06,9926.0,10117.5,9892.0,10115.5,13570.0,327586.0
2021-05-07,10118.0,10440.0,10099.5,10412.5,23447.0,328659.0
2021-05-10,10478.5,10747.5,10310.0,10395.5,29003.0,325402.0
2021-05-11,10388.0,10567.5,10302.0,10556.0,17693.0,325799.0
2021-05-12,10554.5,10620.0,10385.0,10410.0,18939.0,326185.0
2021-05-13,10415.5,10495.0,10225.0,10288.0,23538.0,325148.0
2021-05-14,10292.0,10374.0,10145.0,10233.5,17823.0,331343.0
2021-05-17,10272.5,10388.0,10223.0,10367.0,10212.0,326340.0
2021-05-18,10400.0,10525.0,10372.5,10416.0,12370.0,324377.0
2021-05-19,10375.0,10411.0,9977.5,10073.5,22390.0,315632.0
2021-05-20,10041.0,10180.0,9969.0,10008.0,16198.0,312331.0
2021-05-21,9994.5,10046.5,9848.0,9901.0,19691.0,312900.0
2021-05-24,9900.0,9995.0,9795.0,9983.0,11277.0,311766.0
2021-05-25,9996.0,10086.5,9896.0,9935.0,12258.0,311989.0
2021-05-26,9950.0,10015.0,9901.0,9958.0,8212.0,311990.0
2021-05-27,9964.5,10300.0,9921.5,10293.5,13926.0,312747.0
2021-05-28,10293.5,10342.0,10120.0,10274.5,18677.0,314980.0
2021-06-01,10310.0,10365.0,10211.0,10239.0,18460.0,311220.0
2021-06-02,10250.5,10284.5,10086.0,10113.5,10564.0,314865.0
2021-06-03,10133.0,10178.5,9762.0,9818.5,24098.0,316111.0
2021-06-04,9835.0,9996.0,9775.0,9960.0,17222.0,321084.0
2021-06-07,9960.5,9999.5,9844.5,9950.0,9292.0,319016.0
2021-06-08,9947.0,10044.0,9825.5,10015.0,17578.0,317719.0
2021-06-09,10013.5,10041.0,9884.5,9971.0,11489.0,320023.0
2021-06-10,9979.0,9992.5,9786.0,9894.0,13376.0,323186.0
2021-06-11,9891.0,10120.0,9867.0,9995.0,15405.0,326846.0
2021-06-14,10043.5,10049.5,9922.0,9957.0,5872.0,327466.0
2021-06-15,9958.0,9958.0,9511.0,9560.0,27192.0,327486.0
2021-06-16,9566.0,9686.0,9489.0,9630.0,15937.0,322584.0
2021-06-17,9480.0,9560.0,9161.0,9190.5,19359.0,319433.0
2021-06-18,9223.5,9299.0,9109.0,9149.0,16037.0,320278.0
2021-06-21,9133.0,9209.0,9011.0,9180.0,15841.0,318979.0
2021-06-22,9191.0,9334.0,9158.5,9269.0,16713.0,320535.0
2021-06-23,9284.5,9517.0,9269.0,9487.5,13866.0,319944.0
2021-06-24,9460.0,9475.0,9333.0,9458.0,10622.0,320946.0
2021-06-25,9456.0,9502.5,9368.0,9435.0,10207.0,317961.0
2021-06-28,9410.0,9462.5,9342.0,9394.0,7404.0,316935.0
2021-06-29,9388.0,9400.5,9236.0,9346.5,11937.0,315261.0
2021-06-30,9350.0,9496.5,9323.5,9380.0,13359.0,314240.0
2021-07-01,9411.0,9449.5,9266.0,9269.0,12935.0,313005.0
2021-07-02,9278.0,9398.0,9270.0,9379.0,10579.0,317896.0
2021-07-05,9384.0,9536.0,9328.0,9512.5,12391.0,316783.0
2021-07-06,9511.0,9632.5,9268.0,9310.0,21868.0,314279.0
2021-07-07,9306.0,9538.0,9300.0,9445.0,17614.0,315291.0
2021-07-08,9434.0,9467.5,9278.0,9328.0,14153.0,318550.0
2021-07-09,9354.0,9558.5,9322.0,9493.0,15749.0,317634.0
2021-07-12,9499.5,9543.0,9365.5,9455.5,11348.0,316167.0
2021-07-13,9478.0,9502.5,9316.5,9401.5,12752.0,312635.0
2021-07-14,9384.0,9422.0,9322.0,9334.5,11059.0,311175.0
2021-07-15,9335.0,9505.0,9311.0,9424.0,14828.0,310173.0
2021-07-16,9436.0,9507.0,9418.0,9447.0,8768.0,311834.0
2021-07-19,9410.0,9416.0,9131.0,9194.0,21145.0,312241.0
2021-07-20,9202.0,9353.5,9202.0,9342.5,12791.0,309891.0
2021-07-21,9342.5,9384.0,9260.5,9356.5,11123.0,299982.0
2021-07-22,9360.0,9482.0,9348.5,9459.5,13130.0,296025.0
2021-07-23,9480.0,9632.0,9452.0,9624.0,18296.0,296750.0
2021-07-26,9650.0,9860.0,9562.5,9855.5,25536.0,295229.0
2021-07-27,9832.0,9924.0,9656.5,9790.0,19902.0,300218.0
2021-07-28,9800.0,9830.5,9654.0,9660.5,13883.0,298848.0
2021-07-29,9693.0,9841.0,9668.0,9840.0,11669.0,298922.0
2021-07-30,9840.0,9883.0,9668.0,9714.0,14835.0,298932.0
2021-08-02,9735.0,9810.0,9616.5,9616.5,12087.0,293804.0
2021-08-03,9647.0,9691.0,9485.0,9560.0,14796.0,298248.0
2021-08-04,9565.5,9602.5,9430.5,9466.0,13083.0,293561.0
2021-08-05,9470.0,9511.5,9410.0,9480.0,9608.0,293936.0
2021-08-06,9474.0,9603.5,9451.5,9470.0,11550.0,294394.0
2021-08-09,9400.0,9471.5,9273.0,9366.0,14577.0,290542.0
2021-08-10,9365.0,9554.0,9362.0,9512.5,16239.0,288259.0
2021-08-11,9519.5,9545.0,9441.5,9535.0,9894.0,284219.0
2021-08-12,9546.0,9609.5,9451.5,9465.5,22709.0,285869.0
2021-08-13,9487.5,9620.0,9458.0,9520.0,10944.0,289723.0
2021-08-16,9492.5,9554.5,9396.0,9439.0,13755.0,284309.0
2021-08-17,9467.0,9495.0,9222.0,9224.0,24995.0,282439.0
2021-08-18,9250.0,9336.5,9022.5,9055.5,27512.0,276262.0
2021-08-19,9051.5,9109.0,8740.0,8885.0,34700.0,278142.0
2021-08-20,8896.0,9073.0,8892.0,9051.5,20588.0,280476.0
2021-08-23,9073.0,9292.5,9058.5,9238.0,18623.0,277991.0
2021-08-24,9226.0,9430.0,9204.0,9357.5,14711.0,278076.0
2021-08-25,9331.0,9425.0,9317.0,9345.0,11724.0,277617.0
2021-08-26,9350.0,9379.0,9268.0,9299.0,10872.0,274604.0
2021-08-27,9289.5,9458.5,9276.0,9420.0,14873.0,274025.0
2021-08-31,9499.0,9546.5,9426.0,9535.0,18171.0,270910.0
2021-09-01,9526.0,9526.5,9275.0,9336.0,14084.0,268989.0
2021-09-02,9345.0,9410.0,9298.0,9400.0,12650.0,269389.0
2021-09-03,9394.0,9482.0,9340.0,9470.0,13173.0,269789.0
2021-09-06,9440.5,9483.0,9388.5,9454.0,6073.0,268693.0
2021-09-07,9460.0,9465.0,9301.0,9337.0,10689.0,266289.0
2021-09-08,9332.0,9386.0,9208.0,9269.5,14808.0,264642.0
2021-09-09,9271.5,9438.0,9239.5,9395.0,12272.0,262901.0
2021-09-10,9385.0,9738.0,9363.5,9687.5,28433.0,262675.0
2021-09-13,9670.0,9755.5,9472.0,9536.0,20650.0,264274.0
2021-09-14,9535.5,9571.0,9380.0,9432.5,14724.0,261925.0
2021-09-15,9428.5,9646.0,9394.0,9608.5,13807.0,257414.0
2021-09-16,9623.0,9623.0,9320.0,9332.0,15708.0,258223.0
2021-09-17,9370.0,9509.0,9253.0,9267.0,17535.0,261741.0
2021-09-20,9250.0,9296.0,8975.0,9006.0,17249.0,261989.0
2021-09-21,9039.0,9149.0,8810.0,9018.0,16336.0,260137.0
2021-09-22,9018.0,9335.0,9008.0,9296.5,18555.0,258282.0
2021-09-23,9279.0,9385.0,9202.0,9279.0,13273.0,259373.0
2021-09-24,9273.0,9407.0,9228.0,9355.0,13106.0,260798.0
2021-09-27,9386.5,9431.0,9300.5,9350.5,12952.0,261427.0
2021-09-28,9348.0,9381.0,9240.5,9256.0,14608.0,261380.0
2021-09-29,9269.0,9281.5,9145.5,9160.5,12863.0,260460.0
2021-09-30,9148.5,9204.0,8878.0,8948.0,17580.0,258672.0
2021-10-01,8957.5,9155.5,8876.5,9154.0,13696.0,256907.0
2021-10-04,9195.0,9379.0,9120.0,9272.5,10364.0,257388.0
2021-10-05,9238.5,9264.5,9061.5,9141.5,7773.0,259256.0
2021-10-06,9133.5,9204.0,8992.0,9087.0,12570.0,258690.0
2021-10-07,9142.0,9306.0,9100.0,9306.0,8682.0,258275.0
2021-10-08,9300.0,9390.0,9232.5,9350.0,15854.0,256678.0
2021-10-11,9325.5,9570.0,9308.0,9531.0,20324.0,259541.0
2021-10-12,9496.0,9575.0,9357.0,9454.0,16494.0,262903.0
2021-10-13,9413.5,9770.0,9405.0,9718.0,21925.0,261755.0
2021-10-14,9709.0,10024.0,9680.0,10000.0,29005.0,265685.0
2021-10-15,9973.0,10328.5,9963.0,10215.0,28843.0,274549.0
2021-10-18,10322.0,10452.5,10140.0,10206.0,16465.0,275025.0
2021-10-19,10205.0,10402.5,10070.0,10119.0,16870.0,272180.0
2021-10-20,10127.0,10211.0,9908.5,10210.0,14287.0,270318.0
2021-10-21,10178.0,10242.0,9779.0,9786.0,15225.0,269487.0
2021-10-22,9838.0,9966.0,9690.0,9740.0,14557.0,269992.0
2021-10-25,9798.0,9916.0,9771.5,9843.0,9036.0,267946.0
2021-10-26,9867.0,9896.0,9735.0,9762.0,9576.0,265178.0
2021-10-27,9765.0,9813.0,9507.5,9573.5,14169.0,267225.0
2021-10-28,9549.5,9733.0,9500.0,9640.0,13752.0,270254.0
2021-10-29,9634.0,9680.0,9438.0,9544.0,13759.0,270349.0
2021-11-01,9525.0,9595.0,9418.0,9501.5,11047.0,265374.0
2021-11-02,9535.0,9620.0,9430.0,9514.0,11516.0,263873.0
2021-11-03,9515.0,9679.0,9360.0,9480.5,16001.0,261503.0
2021-11-04,9511.0,9633.0,9369.0,9413.0,14490.0,262449.0
2021-11-05,9454.0,9546.5,9362.0,9504.0,12069.0,262125.0
2021-11-08,9536.0,9662.0,9472.0,9662.0,11283.0,259712.0
2021-11-09,9652.0,9717.0,9506.0,9568.0,11595.0,259358.0
2021-11-10,9581.0,9664.5,9440.0,9480.0,12145.0,261219.0
2021-11-11,9457.5,9682.0,9457.5,9628.0,14704.0,261834.0
2021-11-12,9645.0,9750.0,9580.0,9745.5,10511.0,264966.0
2021-11-15,9760.0,9773.0,9621.0,9667.0,10775.0,263567.0
2021-11-16,9674.0,9742.0,9507.0,9529.0,14779.0,260156.0
2021-11-17,9543.0,9589.0,9363.0,9363.0,16459.0,254421.0
2021-11-18,9347.0,9500.0,9315.0,9480.0,17833.0,254282.0
2021-11-19,9442.0,9683.5,9430.0,9651.0,17815.0,254916.0
2021-11-22,9616.0,9750.0,9575.5,9671.5,10613.0,252637.0
2021-11-23,9673.0,9792.0,9650.0,9729.0,12149.0,254906.0
2021-11-24,9738.0,9880.0,9662.5,9845.0,13789.0,256457.0
2021-11-25,9841.0,9920.0,9725.0,9761.0,11696.0,261361.0
2021-11-26,9750.5,9771.0,9445.0,9445.0,22762.0,262641.0
2021-11-29,9553.5,9655.0,9521.5,9600.0,15072.0,261412.0
2021-11-30,9613.5,9624.0,9381.5,9451.0,17412.0,261825.0
2021-12-01,9476.0,9600.0,9349.0,9373.0,14957.0,253553.0
2021-12-02,9395.0,9508.5,9358.5,9469.5,14562.0,255113.0
2021-12-03,9471.5,9565.0,9369.5,9417.0,10636.0,257145.0
2021-12-06,9470.0,9578.0,9383.0,9577.0,8908.0,258269.0
2021-12-07,9544.5,9677.5,9479.0,9550.5,14113.0,260168.0
2021-12-08,9589.0,9672.0,9530.5,9653.0,10233.0,262099.0
2021-12-09,9635.5,9673.0,9485.0,9550.5,10958.0,262479.0
2021-12-10,9525.0,9607.0,9450.5,9454.0,8767.0,264170.0
2021-12-13,9501.5,9554.5,9434.5,9465.0,8850.0,262985.0
2021-12-14,9456.0,9488.5,9385.0,9388.0,9261.0,256566.0
2021-12-15,9413.0,9442.0,9135.0,9257.0,22111.0,249421.0
2021-12-16,9334.5,9525.0,9326.5,9477.5,16203.0,252644.0
2021-12-17,9485.0,9545.0,9422.0,9446.0,8070.0,249700.0
2021-12-20,9446.0,9471.0,9337.5,9459.5,6077.0,248823.0
2021-12-21,9466.0,9570.0,9447.0,9555.0,9990.0,246696.0
2021-12-22,9552.0,9648.0,9515.5,9642.0,10557.0,246830.0
2021-12-23,9621.5,9669.0,9546.5,9639.0,8089.0,248607.0
2021-12-24,9626.0,9634.0,9561.5,9597.0,2429.0,248012.0
2021-12-29,9670.0,9706.0,9604.0,9674.5,10701.0,246243.0
2021-12-30,9676.0,9708.5,9611.0,9613.0,7439.0,250630.0
2021-12-31,9645.0,9795.0,9618.0,9755.0,6684.0,252248.0
2022-01-04,9681.0,9812.0,9597.5,9795.0,13063.0,252542.0
2022-01-05,9788.0,9788.0,9660.5,9692.0,11692.0,251688.0
2022-01-06,9657.0,9676.0,9467.5,9562.0,14824.0,252324.0
2022-01-07,9555.0,9690.5,9538.0,9674.0,10165.0,247933.0
2022-01-10,9653.0,9715.0,9520.0,9565.0,9518.0,242626.0
2022-01-11,9639.5,9740.0,9593.0,9729.0,8111.0,242626.0
2022-01-12,9719.0,10072.0,9707.0,9986.0,29363.0,242985.0
2022-01-13,10010.0,10026.0,9891.5,9963.0,15402.0,247777.0
2022-01-14,9911.0,9975.5,9698.5,9731.5,15145.0,249084.0
2022-01-17,9764.0,9767.0,9634.0,9756.5,7183.0,249423.0
2022-01-18,9758.0,9778.0,9630.0,9676.5,11580.0,245466.0
2022-01-19,9688.0,9870.0,9664.0,9821.0,11499.0,240167.0
2022-01-20,9811.0,10065.0,9797.0,10039.0,14904.0,238738.0
2022-01-21,9975.0,10051.0,9852.5,9933.5,15310.0,240374.0
2022-01-24,9934.0,9939.5,9660.0,9747.0,20589.0,242297.0
2022-01-25,9770.0,9846.0,9660.0,9846.0,14151.0,245629.0
2022-01-26,9820.0,9964.0,9780.0,9905.5,14652.0,245248.0
2022-01-27,9853.0,9878.5,9700.0,9725.0,14075.0,245449.0
2022-01-28,9735.0,9802.0,9496.0,9496.0,21901.0,247717.0
2022-01-31,9545.5,9617.0,9458.0,9539.0,12680.0,249767.0
2022-02-01,9559.0,9771.0,9505.5,9723.0,12379.0,243863.0
2022-02-02,9733.0,9906.0,9733.0,9863.0,13582.0,248886.0
2022-02-03,9834.5,9884.0,9720.0,9823.0,9591.0,249453.0
2022-02-04,9832.5,9890.0,9725.0,9875.0,10967.0,248244.0
2022-02-07,9881.0,9890.0,9751.5,9850.0,9138.0,249756.0
2022-02-08,9843.5,9843.5,9680.0,9820.0,13173.0,251488.0
2022-02-09,9807.5,10105.0,9720.0,10095.0,21740.0,251258.0
2022-02-10,10081.5,10289.0,10031.0,10182.0,27334.0,254000.0
2022-02-11,10140.0,10140.0,9802.0,9830.0,22923.0,259658.0
2022-02-14,9813.0,9930.0,9780.0,9851.0,14856.0,262993.0
2022-02-15,9875.0,9993.5,9837.5,9974.0,10444.0,260337.0
2022-02-16,9956.0,10072.0,9938.5,9955.0,10132.0,256917.0
2022-02-17,9975.0,10002.0,9820.0,9922.5,11435.0,255217.0
2022-02-18,9921.5,10046.5,9921.0,9955.0,10832.0,254734.0
2022-02-21,9964.0,9994.5,9875.0,9875.0,7351.0,254792.0
2022-02-22,9891.0,9972.0,9850.0,9884.0,13038.0,251642.0
2022-02-23,9912.0,9993.5,9817.0,9846.0,12373.0,252032.0
2022-02-24,9825.0,10076.5,9778.0,9853.0,23628.0,250243.0
2022-02-25,9905.0,9925.0,9800.0,9860.0,11558.0,251861.0
2022-02-28,9835.0,9956.5,9794.0,9859.5,15163.0,249768.0
2022-03-01,9882.0,10090.0,9882.0,10080.0,22658.0,249179.0
2022-03-02,10054.0,10290.0,9990.0,10255.0,30371.0,251924.0
2022-03-03,10235.0,10450.0,10206.0,10416.5,38984.0,259788.0
2022-03-04,10402.0,10707.5,10335.0,10600.0,25390.0,260021.0
2022-03-07,10738.0,10845.0,10212.0,10315.0,25755.0,259539.0
2022-03-08,10266.5,10764.5,10011.0,10334.5,22005.0,257510.0
2022-03-09,10335.5,10345.0,9947.0,9977.0,13266.0,254997.0
2022-03-10,9967.0,10194.5,9967.0,10130.0,9352.0,254201.0
2022-03-11,10125.0,10337.0,10080.0,10101.0,8388.0,254124.0
2022-03-14,10078.5,10100.0,9866.0,9887.5,15585.0,254416.0
2022-03-15,9888.0,9978.0,9820.0,9892.0,14512.0,246616.0
2022-03-16,9909.0,10139.0,9892.5,10133.5,11557.0,239639.0
2022-03-17,10110.0,10283.0,10081.0,10253.5,11158.0,239337.0
2022-03-18,10260.0,10380.0,10206.0,10306.0,12904.0,241167.0
2022-03-21,10307.0,10330.5,10180.0,10269.5,6563.0,241067.0
2022-03-22,10294.0,10385.0,10230.0,10280.0,9308.0,239467.0
2022-03-23,10247.0,10450.0,10247.0,10425.0,10013.0,240130.0
2022-03-24,10450.0,10505.0,10282.0,10310.0,10985.0,244656.0
2022-03-25,10316.5,10420.0,10251.0,10277.0,8547.0,247457.0
2022-03-28,10250.0,10369.0,10166.0,10360.0,8890.0,255380.0
2022-03-29,10332.5,10387.5,10271.0,10351.0,7690.0,255994.0
2022-03-30,10375.0,10520.0,10350.0,10371.0,10551.0,254537.0
2022-03-31,10371.5,10425.0,10286.0,10367.0,7090.0,255905.0
2022-04-01,10367.5,10377.0,10234.0,10269.5,10092.0,253172.0
2022-04-04,10287.0,10490.0,10258.0,10425.0,7921.0,257474.0
2022-04-05,10445.5,10580.0,10413.5,10432.0,11963.0,258123.0
2022-04-06,10410.0,10440.0,10270.0,10302.5,12192.0,260326.0
2022-04-07,10293.0,10336.5,10230.0,10299.5,10663.0,263279.0
2022-04-08,10306.0,10414.5,10290.5,10344.0,8370.0,264870.0
2022-04-11,10309.0,10330.0,10153.0,10157.5,15385.0,265475.0
2022-04-12,10164.5,10359.5,10164.5,10302.5,10352.0,264929.0
2022-04-13,10315.5,10403.0,10250.0,10301.0,10312.0,266252.0
2022-04-14,10298.0,10374.0,10240.0,10332.0,9877.0,268811.0
2022-04-19,10425.0,10516.0,10268.5,10323.5,15940.0,267378.0
2022-04-20,10316.0,10340.0,10177.0,10245.0,12537.0,265530.0
2022-04-21,10250.0,10345.0,10187.0,10298.0,11692.0,265124.0
2022-04-22,10284.5,10318.0,10060.0,10069.0,15176.0,264167.0
2022-04-25,10100.0,10113.0,9756.5,9836.5,21712.0,261216.0
2022-04-26,9870.0,9992.5,9796.0,9800.0,14599.0,261051.0
2022-04-27,9794.0,9941.0,9772.0,9855.0,14655.0,256990.0
2022-04-28,9845.0,9888.0,9675.0,9764.5,15427.0,255331.0
2022-04-29,9761.0,9900.0,9701.5,9714.0,12442.0,256040.0
2022-05-03,9535.0,9615.5,9403.5,9454.0,18962.0,252342.0
2022-05-04,9466.0,9554.0,9375.0,9510.0,11585.0,254642.0
2022-05-05,9607.0,9770.0,9433.5,9459.5,20495.0,255369.0
2022-05-06,9466.0,9526.0,9370.0,9388.0,14837.0,254067.0
2022-05-09,9351.0,9373.0,9139.0,9270.0,21238.0,252683.0
2022-05-10,9274.0,9408.5,9151.5,9275.0,16043.0,248153.0
2022-05-11,9212.5,9390.0,9200.0,9281.5,13610.0,249564.0
2022-05-12,9308.0,9339.0,8938.0,9041.0,21446.0,247616.0
2022-05-13,9087.0,9248.0,8988.5,9212.5,14946.0,247691.0
2022-05-16,9253.5,9303.5,9162.0,9290.0,10308.0,250450.0
2022-05-17,9314.0,9434.0,9284.5,9336.0,11790.0,246257.0
2022-05-18,9346.5,9366.0,9171.0,9180.5,10752.0,243856.0
2022-05-19,9172.5,9447.0,9159.5,9440.0,13769.0,244331.0
2022-05-20,9414.0,9510.0,9358.0,9421.0,12560.0,243216.0
2022-05-23,9485.0,9565.0,9404.5,9531.0,11619.0,239929.0
2022-05-24,9517.5,9544.0,9379.0,9484.0,11109.0,242372.0
2022-05-25,9485.0,9490.0,9304.0,9376.0,12106.0,243119.0
2022-05-26,9395.0,9420.0,9277.0,9386.5,10634.0,242714.0
2022-05-27,9402.0,9494.0,9365.0,9490.0,8988.0,244235.0
2022-05-30,9500.0,9579.0,9480.0,9525.0,7717.0,241096.0
2022-05-31,9523.5,9591.5,9429.0,9439.0,11987.0,241591.0
2022-06-01,9437.5,9555.5,9384.0,9520.0,13774.0,237378.0
2022-06-06,9730.0,9805.5,9667.5,9743.0,15095.0,234729.0
2022-06-07,9750.0,9750.0,9597.0,9723.0,11343.0,233899.0
2022-06-08,9745.0,9757.0,9642.0,9735.0,9855.0,234533.0
2022-06-09,9750.0,9750.0,9575.5,9608.5,10073.0,234750.0
2022-06-10,9589.0,9622.5,9415.5,9435.0,12511.0,234845.0
2022-06-13,9375.0,9409.5,9230.0,9324.5,18510.0,235229.0
2022-06-14,9305.0,9381.0,9135.0,9147.5,14795.0,233032.0
2022-06-15,9175.5,9312.0,9175.5,9208.0,13735.0,232457.0
2022-06-16,9277.5,9343.0,9020.0,9126.0,20482.0,230800.0
2022-06-17,9118.0,9165.0,8916.5,8949.0,15675.0,229479.0
2022-06-20,8991.5,8995.0,8830.0,8931.0,13365.0,229867.0
2022-06-21,8950.0,9062.0,8886.0,8965.0,13431.0,227330.0
2022-06-22,8953.5,8953.5,8656.0,8786.0,22562.0,223484.0
2022-06-23,8738.0,8751.0,8326.0,8337.0,22214.0,226909.0
2022-06-24,8376.0,8474.0,8122.5,8322.0,24542.0,228838.0
2022-06-27,8379.0,8488.0,8308.0,8357.0,11356.0,231387.0
2022-06-28,8353.5,8538.5,8330.0,8400.0,14938.0,232027.0
2022-06-29,8373.0,8489.0,8260.0,8409.5,12442.0,234888.0
2022-06-30,8407.0,8440.0,8218.0,8237.5,13953.0,231728.0
2022-07-01,8232.0,8256.0,7955.0,8055.0,19710.0,227751.0
2022-07-04,8061.0,8067.0,7918.0,7970.0,10856.0,233493.0
2022-07-05,7997.0,8069.5,7597.0,7625.0,20580.0,234825.0
2022-07-06,7680.0,7720.0,7291.5,7596.0,25192.0,235522.0
2022-07-07,7631.0,7943.0,7544.0,7860.0,21458.0,235189.0
2022-07-08,7857.5,7915.0,7640.0,7773.5,13525.0,235130.0
2022-07-11,7693.5,7739.5,7520.0,7608.0,11882.0,232900.0
2022-07-12,7582.0,7652.0,7273.0,7294.0,16599.0,234168.0
2022-07-13,7240.0,7416.0,7160.0,7400.0,23116.0,237455.0
2022-07-14,7347.0,7373.5,7059.0,7104.0,16632.0,237880.0
2022-07-15,7160.0,7262.0,6955.0,7174.5,21766.0,239972.0
2022-07-18,7181.0,7475.0,7137.0,7384.5,16992.0,241408.0
2022-07-19,7370.5,7390.0,7220.0,7298.0,15026.0,239086.0
2022-07-20,7305.0,7473.0,7305.0,7330.5,15930.0,233836.0
2022-07-21,7335.0,7364.0,7211.0,7299.0,12127.0,231612.0
2022-07-22,7311.0,7530.0,7296.0,7389.5,17958.0,231510.0
2022-07-25,7374.5,7555.0,7370.0,7482.0,15866.0,229879.0
2022-07-26,7461.5,7708.0,7460.0,7545.0,18034.0,231560.0
2022-07-27,7549.0,7664.5,7507.0,7654.5,15747.0,232692.0
2022-07-28,7700.0,7830.0,7684.0,7739.0,16490.0,232390.0
2022-07-29,7769.0,7939.5,7717.0,7925.0,17804.0,235743.0
2022-08-01,7900.0,7970.0,7796.0,7800.5,15313.0,232210.0
2022-08-02,7818.0,7887.0,7665.0,7755.0,16003.0,233830.0
2022-08-03,7732.0,7841.0,7664.0,7710.0,14435.0,232974.0
2022-08-04,7697.0,7812.0,7602.0,7743.0,15273.0,233533.0
2022-08-05,7738.5,7947.0,7735.0,7889.5,18192.0,235755.0
2022-08-08,7863.5,8020.0,7836.0,7947.0,14400.0,236714.0
2022-08-09,7952.0,8040.0,7897.0,7955.0,12227.0,240588.0
2022-08-10,7953.5,8099.0,7889.0,8077.5,16429.0,241948.0
2022-08-11,8060.0,8199.0,8048.5,8191.5,16948.0,241862.0
2022-08-12,8175.0,8214.0,8070.0,8112.0,14156.0,246026.0
2022-08-15,8102.0,8110.0,7865.0,7978.0,17137.0,248551.0
2022-08-16,7956.0,8055.0,7925.0,8005.5,11633.0,247503.0
2022-08-17,8003.0,8054.5,7885.0,7920.0,14224.0,242561.0
2022-08-18,7927.5,8085.0,7852.0,8031.0,17767.0,243297.0
2022-08-19,8045.0,8123.0,7965.0,8086.5,16851.0,243288.0
2022-08-22,8067.0,8138.0,7966.0,8052.5,13459.0,244494.0
2022-08-23,8065.0,8189.0,8007.0,8105.0,17689.0,245448.0
2022-08-24,8100.0,8135.5,7995.0,8027.0,13279.0,244742.0
2022-08-25,8034.0,8155.0,8017.0,8143.0,11253.0,247391.0
2022-08-26,8133.5,8318.0,8129.0,8129.0,17776.0,245906.0
2022-08-30,8000.0,8007.0,7833.0,7854.5,21291.0,245214.0
2022-08-31,7864.0,7960.0,7653.5,7790.5,24344.0,246606.0
2022-09-01,7760.5,7768.0,7550.0,7550.0,17158.0,241962.0
2022-09-02,7572.5,7657.0,7510.0,7552.0,14878.0,248040.0
2022-09-05,7525.0,7680.0,7520.0,7674.0,9011.0,249142.0
2022-09-06,7653.5,7768.0,7638.0,7666.0,11871.0,248071.0
2022-09-07,7665.0,7693.0,7563.0,7622.5,13046.0,249543.0
2022-09-08,7648.5,7862.0,7639.5,7850.0,15304.0,251944.0
2022-09-09,7863.0,8020.0,7825.0,7868.5,16382.0,251311.0
2022-09-12,7851.5,8008.0,7820.0,8004.0,9751.0,253173.0
2022-09-13,8005.5,8153.0,7827.0,7830.0,19206.0,250221.0
2022-09-14,7825.0,7868.5,7753.0,7785.5,12684.0,252487.0
2022-09-15,7801.0,7867.0,7694.5,7711.5,12599.0,248760.0
2022-09-16,7686.0,7831.5,7601.0,7809.5,15258.0,249060.0
2022-09-19,7850.0,7875.0,7698.5,7772.0,9197.0,247987.0
2022-09-20,7814.5,7849.0,7713.0,7724.0,12554.0,248186.0
2022-09-21,7741.5,7778.0,7658.0,7659.0,13245.0,243925.0
2022-09-22,7621.0,7785.0,7590.0,7684.0,16171.0,241730.0
2022-09-23,7683.5,7691.5,7394.0,7444.5,26035.0,243668.0
2022-09-26,7462.0,7468.0,7292.0,7292.0,16964.0,249035.0
2022-09-27,7325.0,7448.5,7266.0,7291.0,13722.0,246820.0
2022-09-28,7320.0,7485.0,7220.0,7479.0,21451.0,246180.0
2022-09-29,7462.0,7583.5,7319.5,7515.0,20263.0,245105.0
2022-09-30,7566.5,7644.0,7482.5,7490.0,15634.0,244418.0
2022-10-03,7487.0,7538.5,7406.0,7503.5,9502.0,238703.0
2022-10-04,7535.0,7765.0,7500.0,7687.0,16077.0,237427.0
2022-10-05,7684.0,7788.0,7590.0,7702.0,11629.0,237715.0
2022-10-06,7787.0,7879.0,7544.0,7559.0,16330.0,239312.0
2022-10-07,7547.5,7588.0,7441.5,7462.0,10476.0,238623.0
2022-10-10,7455.0,7645.0,7437.5,7584.5,17335.0,237320.0
2022-10-11,7580.0,7638.0,7455.0,7596.5,18379.0,240421.0
2022-10-12,7542.0,7622.5,7491.0,7534.0,16084.0,240415.0
2022-10-13,7550.0,7644.5,7402.0,7641.0,21050.0,241960.0
2022-10-14,7610.0,7695.5,7511.5,7531.5,17042.0,243884.0
2022-10-17,7555.0,7629.0,7485.0,7531.5,14752.0,245097.0
2022-10-18,7522.0,7580.0,7400.0,7447.5,17919.0,241545.0
2022-10-19,7437.5,7483.5,7343.0,7365.0,14886.0,237529.0
2022-10-20,7366.0,7583.0,7341.5,7534.0,18315.0,237350.0
2022-10-21,7510.0,7658.0,7401.0,7650.5,19390.0,238186.0
2022-10-24,7660.0,7685.0,7532.0,7572.0,11601.0,237248.0
2022-10-25,7563.5,7588.0,7430.0,7516.0,12603.0,236795.0
2022-10-26,7508.0,7800.0,7469.5,7769.5,21218.0,236838.0
2022-10-27,7780.0,7800.0,7663.0,7755.0,15522.0,237460.0
2022-10-28,7750.0,7750.0,7530.0,7557.5,15478.0,238445.0
2022-10-31,7549.5,7590.0,7420.0,7444.0,17284.0,236968.0
2022-11-01,7449.0,7699.0,7449.0,7660.0,19421.0,231186.0
2022-11-02,7654.0,7730.0,7575.0,7640.0,15211.0,234233.0
2022-11-03,7565.0,7630.5,7460.0,7565.0,18228.0,234033.0
2022-11-04,7561.0,8140.0,7552.0,8133.0,40561.0,233562.0
2022-11-07,7997.0,8055.0,7888.0,7949.0,17801.0,241886.0
2022-11-08,7952.0,8132.0,7872.0,8054.0,17747.0,243963.0
2022-11-09,8042.5,8214.0,7983.5,8081.0,19478.0,245375.0
2022-11-10,8078.5,8315.0,7975.0,8263.0,24538.0,245884.0
2022-11-11,8267.5,8593.0,8267.5,8591.0,28249.0,252516.0
2022-11-14,8600.0,8600.0,8345.0,8415.0,22599.0,251649.0
2022-11-15,8390.5,8507.0,8331.0,8385.5,18467.0,251561.0
2022-11-16,8371.5,8386.0,8253.0,8262.0,13845.0,264025.0
2022-11-17,8271.5,8292.5,8101.0,8118.0,17948.0,245497.0
2022-11-18,8130.0,8179.5,8023.0,8036.0,17629.0,245770.0
2022-11-21,8041.5,8045.0,7858.0,7895.0,16007.0,245122.0
2022-11-22,7919.5,8090.0,7915.0,7995.5,17237.0,244648.0
2022-11-23,8013.5,8087.5,7956.0,8027.5,10213.0,243010.0
2022-11-24,8047.0,8105.0,8014.0,8023.5,6685.0,244147.0
2022-11-25,8031.0,8143.0,7984.5,7990.0,9878.0,245172.0
2022-11-28,7940.0,7999.0,7850.0,7980.0,15326.0,246845.0
2022-11-29,7940.0,8121.0,7934.5,8044.0,15077.0,244405.0
2022-11-30,8047.5,8285.0,8029.0,8285.0,21985.0,241369.0
2022-12-01,8308.5,8408.0,8220.0,8360.0,18624.0,241319.0
2022-12-02,8343.0,8480.0,8255.5,8472.0,21525.0,242165.0
2022-12-05,8490.0,8555.0,8343.5,8360.0,17737.0,246097.0
2022-12-06,8370.0,8495.0,8363.0,8405.0,13343.0,245443.0
2022-12-07,8402.5,8516.0,8322.0,8495.0,13290.0,243012.0
2022-12-08,8461.0,8593.0,8434.5,8536.0,13917.0,243955.0
2022-12-09,8536.0,8618.0,8468.5,8485.5,15691.0,244116.0
2022-12-12,8453.0,8474.0,8337.5,8369.0,12065.0,245450.0
2022-12-13,8388.0,8629.0,8370.5,8462.5,17675.0,244228.0
2022-12-14,8460.5,8546.0,8444.5,8524.0,9304.0,248462.0
2022-12-15,8500.0,8504.5,8276.0,8295.0,15437.0,247850.0
2022-12-16,8300.0,8371.0,8225.0,8303.0,12600.0,247844.0
2022-12-19,8329.5,8405.5,8280.5,8280.5,10435.0,249818.0
2022-12-20,8290.0,8421.0,8210.0,8373.0,15124.0,244951.0
2022-12-21,8375.0,8410.0,8344.0,8396.5,9089.0,238627.0
2022-12-22,8410.5,8458.5,8257.0,8257.5,11150.0,234842.0
2022-12-23,8287.0,8387.0,8283.5,8378.5,8845.0,234835.0
2022-12-28,8445.5,8520.0,8410.0,8423.0,11662.0,235687.0
2022-12-29,8428.5,8473.0,8381.0,8430.0,8816.0,236037.0
2022-12-30,8423.5,8465.5,8357.0,8374.0,11170.0,237092.0
2023-01-03,8445.0,8512.5,8300.0,8320.0,19101.0,233482.0
2023-01-04,8330.0,8388.0,8188.0,8251.0,19903.0,241605.0
2023-01-05,8267.0,8451.0,8218.0,8439.5,18114.0,241291.0
2023-01-06,8416.0,8624.0,8361.0,8610.0,24205.0,242598.0
2023-01-09,8650.0,8870.0,8640.0,8798.5,27668.0,244835.0
2023-01-10,8805.0,8944.0,8757.0,8937.0,17308.0,252411.0
2023-01-11,8935.0,9185.0,8910.0,9168.5,24968.0,252492.0
2023-01-12,9150.0,9240.0,9058.0,9178.5,22827.0,253851.0
2023-01-13,9168.0,9257.0,9062.0,9240.0,14676.0,257145.0
2023-01-16,9231.0,9237.0,9090.0,9100.0,10499.0,259028.0
2023-01-17,9114.0,9308.0,9026.0,9295.0,18676.0,257674.0
2023-01-18,9282.0,9550.5,9245.0,9288.5,21479.0,253841.0
2023-01-19,9265.0,9376.0,9167.0,9323.0,17036.0,256041.0
2023-01-20,9325.0,9386.0,9243.0,9342.0,11624.0,271527.0
2023-01-23,9395.0,9439.0,9283.0,9354.0,9010.0,252243.0
2023-01-24,9356.0,9402.0,9261.0,9335.0,8362.0,253286.0
2023-01-25,9346.5,9376.0,9252.0,9335.0,7726.0,252484.0
2023-01-26,9316.0,9380.0,9293.0,9364.0,9585.0,251603.0
2023-01-27,9389.5,9395.0,9175.0,9270.0,12688.0,253154.0
2023-01-30,9303.0,9337.0,9174.5,9196.5,11971.0,253962.0
2023-01-31,9197.5,9289.0,9060.0,9279.0,17704.0,255332.0
2023-02-01,9254.0,9260.0,9033.0,9054.0,14851.0,250758.0
2023-02-02,9178.0,9222.5,9003.0,9033.5,17698.0,254004.0
2023-02-03,9025.0,9110.0,8922.5,8925.5,19899.0,254022.0
2023-02-06,8932.0,8980.0,8808.0,8899.5,17046.0,253598.0
2023-02-07,8910.5,9010.5,8831.0,8906.5,14782.0,253797.0
2023-02-08,8958.0,9065.0,8862.0,8921.5,14993.0,253796.0
2023-02-09,8910.0,9064.0,8910.0,9000.5,14984.0,252574.0
2023-02-10,8974.0,8993.0,8838.0,8854.0,12287.0,250899.0
2023-02-13,8850.5,8967.0,8817.0,8960.0,13243.0,251975.0
2023-02-14,8950.0,9055.5,8908.0,9018.0,15667.0,247422.0
2023-02-15,9018.0,9020.0,8786.0,8868.0,15906.0,243750.0
2023-02-16,8868.0,9062.5,8857.0,9055.0,16691.0,239209.0
2023-02-17,9013.0,9013.5,8879.0,9009.0,11630.0,241260.0
2023-02-20,9012.0,9150.0,8974.0,9111.0,13022.0,261895.0
2023-02-21,9115.5,9212.0,9033.0,9179.5,18178.0,241173.0
2023-02-22,9185.0,9190.0,9055.0,9137.0,16170.0,246525.0
2023-02-23,9142.0,9142.0,8857.0,8879.5,20052.0,250020.0
2023-02-24,8906.5,8951.0,8684.0,8694.5,29104.0,252307.0
2023-02-27,8721.5,8834.0,8670.0,8834.0,19511.0,252382.0
2023-02-28,8816.5,8987.0,8780.0,8980.0,17524.0,251036.0
2023-03-01,8946.5,9135.0,8931.0,9128.0,19981.0,244774.0
2023-03-02,9120.5,9120.5,8881.0,8926.0,21174.0,248007.0
2023-03-03,8949.0,9025.0,8915.5,8923.5,11030.0,251494.0
2023-03-06,8910.5,8980.0,8810.5,8950.0,14589.0,250117.0
2023-03-07,8944.0,8976.0,8722.0,8732.5,19549.0,251396.0
2023-03-08,8732.0,8944.5,8713.0,8859.5,20041.0,251825.0
2023-03-09,8872.5,8910.0,8811.0,8832.0,9489.0,246836.0
2023-03-10,8828.0,8920.0,8729.5,8777.0,19471.0,245939.0
2023-03-13,8854.0,8950.0,8638.0,8928.0,35877.0,244250.0
2023-03-14,8892.0,8921.0,8783.0,8827.0,18608.0,245643.0
2023-03-15,8809.0,8877.0,8489.5,8572.0,41920.0,245425.0
2023-03-16,8589.0,8610.0,8442.0,8533.0,22210.0,250342.0
2023-03-17,8567.0,8713.0,8540.0,8612.0,16144.0,245608.0
2023-03-20,8667.0,8740.0,8509.5,8711.0,17823.0,244294.0
2023-03-21,8697.0,8870.0,8656.0,8791.0,17379.0,243591.0
2023-03-22,8806.5,8983.0,8726.5,8928.5,17282.0,269177.0
2023-03-23,8904.5,9047.5,8836.0,8989.0,20579.0,243755.0
2023-03-24,9012.5,9095.0,8893.5,8945.0,20031.0,246180.0
2023-03-27,8964.0,8990.0,8844.0,8989.0,11998.0,249049.0
2023-03-28,9000.0,9030.0,8925.0,8957.0,11901.0,248916.0
2023-03-29,8968.0,9080.0,8912.5,8980.5,13713.0,250443.0
2023-03-30,8974.0,9092.0,8943.0,9001.0,13594.0,251030.0
2023-03-31,9030.0,9050.0,8854.0,8993.5,15915.0,253903.0
2023-04-03,8970.0,9017.0,8888.0,8906.5,11824.0,253457.0
2023-04-04,8917.5,8963.0,8705.0,8756.0,18212.0,254374.0
2023-04-05,8758.5,8803.0,8665.0,8779.0,13610.0,253043.0
2023-04-06,8788.0,8874.0,8755.0,8861.5,18503.0,250265.0
2023-04-11,8799.0,8920.0,8776.0,8891.0,14426.0,248360.0
2023-04-12,8880.5,8975.0,8783.0,8960.0,15214.0,249196.0
2023-04-13,8950.0,9085.5,8904.5,9071.0,19804.0,251822.0
2023-04-14,9048.0,9183.0,8995.0,9044.0,22136.0,256974.0
2023-04-17,9036.5,9083.0,8935.5,8955.0,13647.0,261708.0
2023-04-18,8954.5,9029.5,8944.5,9002.5,10463.0,256804.0
2023-04-19,9004.0,9011.5,8871.0,8970.0,13912.0,253085.0
2023-04-20,8953.5,8972.0,8838.0,8884.0,15856.0,252334.0
2023-04-21,8860.0,8880.0,8770.0,8781.0,20843.0,249967.0
2023-04-24,8787.0,8818.0,8726.5,8744.0,17645.0,251881.0
2023-04-25,8743.0,8781.5,8505.5,8528.5,38115.0,252768.0
2023-04-26,8533.0,8632.0,8522.0,8529.0,22233.0,255970.0
2023-04-27,8520.0,8601.0,8426.0,8593.5,23782.0,256461.0
2023-04-28,8574.5,8648.0,8513.0,8595.5,14511.0,254848.0
2023-05-02,8671.5,8714.0,8505.0,8531.0,12911.0,252473.0
2023-05-03,8518.0,8538.0,8455.0,8489.0,13312.0,253127.0
2023-05-04,8466.5,8623.0,8466.5,8535.0,19002.0,256123.0
2023-05-05,8526.5,8615.5,8454.0,8580.0,18017.0,253033.0
2023-05-09,8638.0,8651.0,8567.5,8615.0,12900.0,249899.0
2023-05-10,8614.5,8641.0,8461.5,8484.0,20024.0,252830.0
2023-05-11,8500.0,8515.0,8152.0,8188.5,35001.0,254159.0
2023-05-12,8174.0,8290.5,8136.5,8243.0,19634.0,258496.0
2023-05-15,8246.0,8346.5,8189.0,8275.0,14122.0,255545.0
2023-05-16,8263.0,8299.0,8090.5,8120.0,18829.0,255857.0
2023-05-17,8096.0,8339.0,8088.5,8308.0,20890.0,256136.0
2023-05-18,8287.0,8320.5,8144.0,8158.5,15415.0,255531.0
2023-05-19,8172.0,8327.5,8137.5,8242.0,16754.0,256270.0
2023-05-22,8252.0,8267.0,8117.5,8142.5,14854.0,255775.0
2023-05-23,8140.0,8193.5,8022.0,8080.5,20142.0,254585.0
2023-05-24,8072.0,8081.5,7867.0,7891.0,26515.0,254485.0
2023-05-25,7904.0,8020.0,7871.0,7990.0,18442.0,259015.0
2023-05-26,7974.0,8160.0,7944.0,8139.0,17324.0,258811.0
2023-05-30,8127.5,8185.0,8042.0,8115.0,16309.0,256723.0
2023-05-31,8121.0,8123.5,8037.0,8110.0,14653.0,256828.0
2023-06-01,8129.5,8264.5,8087.0,8231.5,20154.0,252355.0
2023-06-02,8213.0,8381.0,8186.0,8247.5,20660.0,252631.0
2023-06-05,8245.5,8372.0,8169.0,8328.5,17887.0,249744.0
2023-06-06,8320.0,8362.5,8236.0,8325.0,16305.0,250424.0
2023-06-07,8332.0,8418.0,8275.5,8293.0,20876.0,252191.0
2023-06-08,8292.0,8377.0,8246.0,8372.0,16689.0,254019.0
2023-06-09,8354.0,8451.0,8322.0,8339.0,16986.0,253135.0
2023-06-12,8330.5,8345.5,8261.5,8288.0,11527.0,250471.0
2023-06-13,8291.0,8515.5,8289.0,8441.0,24249.0,251620.0
2023-06-14,8436.0,8528.5,8384.5,8526.0,21888.0,253902.0
2023-06-15,8485.5,8581.5,8395.5,8563.5,21730.0,253431.0
2023-06-16,8558.0,8634.0,8541.0,8585.0,19689.0,255270.0
2023-06-19,8550.0,8577.0,8505.0,8542.0,11209.0,258302.0
2023-06-20,8529.5,8595.5,8478.5,8566.0,15674.0,255176.0
2023-06-21,8563.0,8623.0,8477.0,8591.0,15910.0,253225.0
2023-06-22,8575.0,8711.5,8549.5,8579.0,17380.0,256718.0
2023-06-23,8577.5,8581.5,8367.0,8419.5,18657.0,262206.0
2023-06-26,8440.0,8479.0,8346.5,8388.0,17902.0,261401.0
2023-06-27,8365.0,8470.5,8331.0,8350.0,19074.0,262847.0
2023-06-28,8334.5,8377.0,8212.0,8239.5,19536.0,262255.0
2023-06-29,8233.0,8289.5,8141.0,8173.0,21808.0,260579.0
2023-06-30,8174.0,8329.0,8170.5,8319.5,17089.0,261306.0
2023-07-03,8317.0,8404.0,8307.0,8380.0,10244.0,255208.0
2023-07-04,8372.0,8408.0,8339.0,8359.0,6589.0,256253.0
2023-07-05,8356.0,8376.0,8249.0,8322.5,14320.0,255629.0
2023-07-06,8312.0,8344.0,8236.0,8277.0,13309.0,255035.0
2023-07-07,8282.0,8380.0,8246.5,8366.5,14805.0,256526.0
2023-07-10,8363.5,8394.0,8285.0,8383.0,12293.0,258665.0
2023-07-11,8384.0,8448.0,8306.0,8337.5,16510.0,258928.0
2023-07-12,8343.0,8525.0,8337.5,8513.5,20625.0,261640.0
2023-07-13,8518.0,8710.0,8486.0,8707.0,26081.0,263884.0
2023-07-14,8709.0,8719.5,8612.0,8671.0,20312.0,271642.0
2023-07-17,8653.5,8665.5,8428.0,8495.0,20233.0,274791.0
2023-07-18,8481.5,8515.5,8412.0,8461.5,14688.0,271559.0
2023-07-19,8479.5,8484.5,8361.0,8432.5,16122.0,267412.0
2023-07-20,8425.5,8581.5,8422.0,8457.5,18176.0,270076.0
2023-07-21,8458.0,8553.5,8420.0,8438.0,13916.0,271204.0
2023-07-24,8447.5,8538.0,8371.0,8525.5,17277.0,269516.0
2023-07-25,8510.0,8698.0,8504.0,8660.0,21965.0,269944.0
2023-07-26,8659.5,8659.5,8561.0,8604.0,12788.0,273683.0
2023-07-27,8617.5,8700.0,8531.0,8551.0,15854.0,275375.0
2023-07-28,8516.5,8684.0,8502.0,8675.0,13262.0,277951.0
2023-07-31,8693.0,8846.0,8628.0,8836.0,24737.0,279956.0
2023-08-01,8840.0,8860.0,8625.0,8636.0,26042.0,281000.0
2023-08-02,8625.0,8668.0,8490.0,8506.0,22665.0,287010.0
2023-08-03,8512.0,8640.0,8462.5,8639.0,16790.0,285172.0
2023-08-04,8631.0,8682.5,8474.5,8548.5,17255.0,285703.0
2023-08-07,8529.0,8587.5,8482.0,8496.0,15575.0,286250.0
2023-08-08,8499.5,8517.0,8275.0,8378.0,33063.0,284955.0
2023-08-09,8378.0,8488.0,8358.5,8404.5,19495.0,284119.0
2023-08-10,8405.0,8494.0,8344.5,8348.5,16249.0,282355.0
2023-08-11,8355.0,8390.5,8252.0,8295.0,23169.0,282445.0
2023-08-14,8312.0,8340.0,8234.5,8292.0,16591.0,281375.0
2023-08-15,8288.0,8343.0,8164.0,8178.0,26244.0,277567.0
2023-08-16,8170.0,8240.0,8148.5,8173.0,20199.0,273524.0
2023-08-17,8152.0,8297.0,8120.0,8234.0,20922.0,274055.0
2023-08-18,8234.5,8295.5,8191.5,8276.0,12401.0,280492.0
2023-08-21,8291.5,8309.0,8216.0,8288.0,12365.0,276592.0
2023-08-22,8280.5,8395.0,8280.5,8361.0,17683.0,278377.0
2023-08-23,8359.5,8465.5,8359.5,8454.0,16736.0,278250.0
2023-08-24,8447.0,8459.0,8357.0,8361.0,12768.0,279135.0
2023-08-25,8351.0,8442.0,8322.0,8359.0,15482.0,280042.0
2023-08-29,8381.0,8458.0,8363.0,8455.0,14416.0,281332.0
2023-08-30,8448.5,8482.0,8406.0,8468.0,14208.0,280214.0
2023-08-31,8454.0,8476.0,8373.5,8437.0,15418.0,279176.0
2023-09-01,8442.5,8599.0,8439.5,8491.5,22357.0,275105.0
2023-09-04,8491.0,8534.0,8416.5,8450.0,10622.0,283259.0
2023-09-05,8450.0,8496.5,8376.0,8473.0,17424.0,281417.0
2023-09-06,8462.0,8473.5,8351.0,8361.5,22262.0,282078.0
2023-09-07,8351.0,8381.5,8265.0,8305.0,23345.0,284484.0
2023-09-08,8310.0,8317.5,8213.0,8230.0,17345.0,282990.0
2023-09-11,8237.5,8432.0,8235.0,8402.0,19080.0,284018.0
2023-09-12,8400.0,8427.0,8351.0,8392.5,10279.0,282373.0
2023-09-13,8381.0,8443.0,8351.0,8394.0,13799.0,281876.0
2023-09-14,8373.5,8491.0,8364.5,8438.0,17247.0,278122.0
2023-09-15,8434.0,8507.5,8388.0,8409.0,14815.0,264357.0
2023-09-18,8421.5,8455.0,8342.0,8352.0,13638.0,264287.0
2023-09-19,8358.0,8372.0,8262.0,8309.5,17647.0,259578.0
2023-09-20,8310.0,8384.0,8293.0,8337.5,14033.0,260231.0
2023-09-21,8277.5,8302.0,8071.0,8225.0,38733.0,256161.0
2023-09-22,8210.0,8297.5,8185.5,8198.5,16114.0,263000.0
2023-09-25,8210.0,8229.0,8110.0,8149.0,17176.0,266012.0
2023-09-26,8147.0,8185.0,8068.0,8106.5,21244.0,267306.0
2023-09-27,8101.0,8120.5,8070.0,8080.0,17217.0,269405.0
2023-09-28,8109.5,8244.0,8069.0,8215.0,18045.0,266136.0
2023-09-29,8239.5,8377.0,8236.5,8275.0,21478.0,267267.0
2023-10-02,8283.5,8331.0,8048.5,8065.0,20946.0,263611.0
2023-10-03,8060.0,8078.0,7956.5,8008.5,19610.0,268961.0
2023-10-04,8002.0,8026.5,7880.0,7921.0,21645.0,269308.0
2023-10-05,7921.0,7983.0,7870.0,7889.0,14510.0,270697.0
2023-10-06,7902.0,8065.0,7878.5,8045.0,17193.0,272551.0
2023-10-09,8010.0,8142.0,8010.0,8111.0,22595.0,273762.0
2023-10-10,8111.0,8146.0,7967.0,8029.0,17653.0,275610.0
2023-10-11,8037.5,8120.0,7988.5,8001.0,15520.0,271256.0
2023-10-12,8011.0,8093.5,7957.0,7964.0,16404.0,269614.0
2023-10-13,7977.5,8046.0,7927.5,7938.0,17491.0,271915.0
2023-10-16,7972.5,8022.0,7943.0,7984.5,15633.0,275282.0
2023-10-17,7974.0,7995.5,7891.0,7961.0,21033.0,270675.0
2023-10-18,7979.0,8069.5,7965.0,7992.0,17035.0,267972.0
2023-10-19,7978.0,8032.5,7952.5,8010.5,16238.0,269012.0
2023-10-20,7984.5,7998.5,7909.0,7940.0,17384.0,268338.0
2023-10-23,7934.0,7995.0,7856.0,7985.5,20268.0,267435.0
2023-10-24,7974.5,8080.0,7936.5,8077.0,20085.0,268744.0
2023-10-25,8072.5,8104.0,7983.0,7984.5,16332.0,267960.0
2023-10-26,7976.5,8047.0,7960.0,7988.0,14915.0,270234.0
2023-10-27,8000.5,8122.5,7979.0,8091.0,19502.0,269881.0
2023-10-30,8083.0,8231.0,8083.0,8138.5,23835.0,269056.0
2023-10-31,8116.5,8166.5,8080.0,8119.0,16188.0,268717.0
2023-11-01,8101.5,8186.5,8080.0,8108.0,18298.0,261565.0
2023-11-02,8145.0,8194.0,8123.5,8179.5,17463.0,261887.0
2023-11-03,8172.0,8218.0,8116.0,8168.5,21027.0,261649.0
2023-11-06,8161.5,8260.0,8156.0,8247.0,17782.0,262433.0
2023-11-07,8228.0,8232.0,8131.0,8195.0,17611.0,264412.0
2023-11-08,8187.0,8234.5,8101.0,8106.0,16764.0,262889.0
2023-11-09,8116.0,8165.5,8073.0,8117.5,17066.0,261981.0
2023-11-10,8116.0,8136.0,8020.0,8034.5,20510.0,264204.0
2023-11-13,8028.5,8196.0,8028.5,8187.0,19915.0,265826.0
2023-11-14,8173.5,8275.0,8137.5,8212.5,25003.0,264802.0
2023-11-15,8205.0,8291.0,8199.0,8276.5,20887.0,261859.0
2023-11-16,8275.0,8321.5,8212.0,8241.0,22388.0,260039.0
2023-11-17,8227.0,8311.5,8183.5,8309.0,17430.0,263169.0
2023-11-20,8277.0,8454.0,8275.0,8447.5,27117.0,260757.0
2023-11-21,8443.5,8486.0,8408.5,8470.0,22642.0,264299.0
2023-11-22,8449.5,8458.0,8327.0,8376.5,17733.0,261835.0
2023-11-23,8374.5,8455.0,8368.5,8397.0,10241.0,263948.0
2023-11-24,8413.0,8444.0,8363.0,8440.0,12232.0,263181.0
2023-11-27,8422.0,8442.5,8353.5,8375.0,13205.0,265956.0
2023-11-28,8373.5,8484.0,8345.0,8451.0,23286.0,266879.0
2023-11-29,8478.5,8500.0,8408.0,8445.0,19012.0,266778.0
2023-11-30,8444.5,8482.5,8402.5,8469.5,19711.0,267484.0
2023-12-01,8477.0,8640.0,8454.5,8625.0,32377.0,265661.0
2023-12-04,8610.0,8612.0,8427.0,8427.0,26305.0,279159.0
2023-12-05,8436.5,8461.5,8313.0,8341.5,26723.0,279309.0
2023-12-06,8351.5,8422.0,8238.0,8247.0,23304.0,281713.0
2023-12-07,8253.0,8371.5,8253.0,8370.0,19968.0,285421.0
2023-12-08,8371.0,8498.0,8350.5,8438.0,23953.0,284757.0
2023-12-11,8439.0,8439.0,8327.0,8343.0,16972.0,287622.0
2023-12-12,8346.5,8395.0,8305.0,8342.0,17974.0,286783.0
2023-12-13,8346.0,8358.0,8267.0,8339.0,15777.0,285899.0
2023-12-14,8417.0,8588.0,8417.0,8531.0,31153.0,285852.0
2023-12-15,8532.0,8608.0,8471.0,8525.0,20315.0,288531.0
2023-12-18,8535.5,8555.0,8456.0,8470.0,13610.0,288008.0
2023-12-19,8471.5,8630.0,8450.0,8586.0,20589.0,283477.0
2023-12-20,8581.0,8665.0,8549.5,8596.0,15854.0,282282.0
2023-12-21,8554.0,8630.0,8531.5,8606.0,14546.0,279700.0
2023-12-22,8612.0,8644.5,8564.5,8570.0,14356.0,281050.0
2023-12-27,8577.5,8715.0,8576.0,8696.0,21467.0,279872.0
2023-12-28,8695.0,8716.0,8615.0,8615.0,15222.0,284368.0
2023-12-29,8618.0,8654.5,8536.5,8562.0,13368.0,282106.0
2024-01-02,8586.5,8611.5,8511.0,8532.5,18378.0,273904.0
2024-01-03,8530.0,8542.0,8455.0,8515.0,21920.0,279106.0
2024-01-04,8535.0,8552.0,8424.5,8481.5,19193.0,277389.0
2024-01-05,8478.0,8520.0,8400.0,8415.0,23142.0,278479.0
2024-01-08,8430.5,8463.0,8377.5,8437.0,23126.0,276315.0
2024-01-09,8462.5,8483.0,8324.0,8329.0,26202.0,277962.0
2024-01-10,8341.0,8399.0,8320.0,8391.0,25734.0,279959.0
2024-01-11,8386.5,8460.0,8348.0,8375.0,22333.0,278575.0
2024-01-12,8386.0,8448.0,8292.5,8295.0,22847.0,276666.0
2024-01-15,8328.0,8393.0,8308.0,8384.0,17018.0,280398.0
2024-01-16,8367.0,8394.5,8326.0,8345.0,18703.0,278825.0
2024-01-17,8345.5,8350.0,8258.0,8283.5,24893.0,276112.0
2024-01-18,8298.5,8329.0,8245.0,8312.0,21849.0,274433.0
2024-01-19,8326.0,8391.5,8301.5,8380.0,18674.0,277061.0
2024-01-22,8376.5,8381.0,8311.0,8329.0,14172.0,277769.0
2024-01-23,8328.0,8427.5,8321.0,8420.0,20282.0,278341.0
2024-01-24,8416.0,8586.5,8402.0,8567.5,35337.0,278633.0
2024-01-25,8557.5,8599.0,8529.0,8547.5,22413.0,278930.0
2024-01-26,8556.5,8587.0,8508.0,8529.0,17994.0,280423.0
2024-01-29,8526.5,8590.0,8472.0,8578.0,15981.0,280505.0
2024-01-30,8580.0,8650.0,8535.5,8642.0,21802.0,280010.0
2024-01-31,8628.0,8704.5,8589.0,8615.5,29899.0,283647.0
2024-02-01,8605.0,8605.0,8508.5,8524.5,19640.0,282752.0
2024-02-02,8526.0,8544.5,8454.0,8464.0,20536.0,285191.0
2024-02-05,8455.5,8485.0,8357.0,8374.5,18860.0,289851.0
2024-02-06,8375.0,8428.0,8367.0,8401.5,17244.0,290102.0
2024-02-07,8412.0,8425.5,8295.0,8308.0,21233.0,289787.0
2024-02-08,8314.0,8364.0,8182.5,8226.0,28873.0,289421.0
2024-02-09,8224.0,8249.0,8127.0,8189.0,19581.0,291971.0
2024-02-12,8182.0,8260.0,8143.0,8257.5,13729.0,294459.0
2024-02-13,8261.5,8325.0,8208.0,8209.0,13690.0,294167.0
2024-02-14,8219.5,8253.5,8188.5,8201.0,14070.0,294105.0
2024-02-15,8210.5,8328.0,8208.0,8322.5,14068.0,295882.0
2024-02-16,8315.0,8499.5,8314.5,8472.0,22792.0,294370.0
2024-02-19,8463.5,8467.5,8417.5,8427.5,16777.0,296436.0
2024-02-20,8430.0,8540.5,8406.5,8531.0,19832.0,290415.0
2024-02-21,8520.5,8604.5,8499.0,8546.0,26965.0,288521.0
2024-02-22,8570.0,8608.5,8535.0,8608.0,22030.0,293597.0
2024-02-23,8600.0,8607.5,8495.0,8559.0,20388.0,299059.0
2024-02-26,8537.5,8545.0,8444.0,8449.0,19028.0,296732.0
2024-02-27,8462.0,8511.0,8457.5,8490.0,15534.0,298512.0
2024-02-28,8475.5,8489.0,8427.0,8455.0,14907.0,295629.0
2024-02-29,8458.5,8520.0,8448.5,8478.5,16666.0,290239.0
2024-03-01,8484.5,8534.0,8427.5,8522.0,16295.0,284889.0
2024-03-04,8519.0,8574.0,8480.0,8525.0,14770.0,285552.0
2024-03-05,8522.5,8549.0,8484.5,8489.0,14731.0,283981.0
2024-03-06,8483.5,8590.0,8483.5,8546.0,17739.0,282347.0
2024-03-07,8544.5,8680.0,8544.5,8641.5,26844.0,283066.0
2024-03-08,8646.0,8689.0,8563.0,8568.0,20876.0,286039.0
2024-03-11,8586.0,8657.5,8556.0,8654.0,13289.0,286673.0
2024-03-12,8654.0,8700.0,8605.0,8648.5,22533.0,285430.0
2024-03-13,8670.5,8950.0,8638.5,8920.0,47710.0,289567.0
2024-03-14,8933.0,8976.5,8835.5,8912.0,29590.0,301315.0
2024-03-15,8906.5,9098.0,8897.0,9074.0,31632.0,305663.0
2024-03-18,9056.5,9164.5,9025.5,9102.0,28914.0,310968.0
2024-03-19,9095.0,9106.0,8944.0,8972.0,24193.0,312837.0
2024-03-20,8960.0,9012.0,8886.5,8990.0,21407.0,309806.0
2024-03-21,9004.0,9091.0,8918.5,8963.5,27338.0,313844.0
2024-03-22,8968.0,8971.0,8833.0,8847.0,21491.0,315221.0
2024-03-25,8840.0,8933.0,8835.5,8863.0,16436.0,313841.0
2024-03-26,8863.0,8896.0,8810.0,8863.5,15777.0,310620.0
2024-03-27,8858.0,8880.0,8776.0,8867.5,20482.0,311400.0
2024-03-28,8851.5,8925.0,8817.5,8872.0,18895.0,310510.0
2024-04-02,8939.0,9044.0,8929.0,9011.0,25886.0,308652.0
2024-04-03,9020.0,9299.0,9001.0,9295.0,30584.0,312183.0
2024-04-04,9308.5,9397.5,9293.5,9379.0,23048.0,315202.0
2024-04-05,9324.0,9358.5,9209.0,9348.0,18308.0,318090.0
2024-04-08,9303.0,9484.5,9216.0,9443.5,38400.0,317877.0
2024-04-09,9458.0,9523.0,9366.0,9427.0,33775.0,323201.0
2024-04-10,9450.0,9511.5,9325.0,9398.0,29849.0,324180.0
2024-04-11,9377.5,9443.5,9312.5,9361.0,20398.0,327243.0
2024-04-12,9375.0,9590.5,9352.0,9407.0,33267.0,330674.0
2024-04-15,9569.0,9640.5,9415.5,9568.0,32802.0,333322.0
2024-04-16,9590.0,9602.5,9412.0,9474.5,27418.0,333615.0
2024-04-17,9474.0,9616.5,9435.0,9548.0,22706.0,334512.0
2024-04-18,9535.0,9774.0,9502.0,9743.0,34096.0,332714.0
2024-04-19,9746.0,9913.5,9663.0,9874.5,34299.0,335150.0
2024-04-22,9880.0,9988.0,9805.0,9853.0,29959.0,335030.0
2024-04-23,9850.0,9865.0,9627.0,9728.0,28242.0,335320.0
2024-04-24,9710.0,9843.0,9695.0,9790.0,23419.0,335012.0
2024-04-25,9768.0,9958.0,9736.0,9900.0,28627.0,332327.0
2024-04-26,9920.0,10033.5,9886.0,9960.0,26587.0,336706.0
2024-04-29,9988.5,10185.0,9940.0,10162.0,21828.0,339346.0
2024-04-30,10153.0,10208.0,9942.0,9976.5,26742.0,338120.0
2024-05-01,9940.0,9953.5,9851.0,9897.0,17704.0,337860.0
2024-05-02,9947.5,9973.0,9739.0,9795.0,21172.0,339286.0
2024-05-03,9815.0,9941.5,9771.0,9914.0,18957.0,338136.0
2024-05-07,10015.0,10118.0,9951.5,10009.5,26752.0,334121.0
2024-05-08,10003.5,10006.5,9819.5,9902.0,20886.0,334099.0
2024-05-09,9880.0,9950.0,9837.5,9950.0,19648.0,333230.0
2024-05-10,9958.0,10114.0,9941.0,10040.0,34447.0,339191.0
2024-05-13,9985.0,10206.0,9960.0,10206.0,22160.0,341349.0
2024-05-14,10220.0,10260.0,10046.0,10075.0,43207.0,336321.0
2024-05-15,10115.0,10400.0,10090.5,10282.0,44107.0,336977.0
2024-05-16,10286.0,10445.5,10286.0,10371.5,33791.0,338316.0
2024-05-17,10389.5,10720.0,10366.0,10715.0,33214.0,340589.0
2024-05-20,10747.5,11104.5,10723.0,10958.5,35928.0,341157.0
2024-05-21,10955.5,11038.0,10768.0,10822.0,27151.0,342479.0
2024-05-22,10815.5,10850.0,10363.0,10396.0,35716.0,343561.0
2024-05-23,10391.5,10508.0,10210.0,10359.0,30463.0,348186.0
2024-05-24,10357.5,10465.5,10316.5,10334.0,16717.0,348302.0
2024-05-28,10469.0,10563.5,10417.5,10533.5,17798.0,346372.0
2024-05-29,10539.5,10604.0,10386.5,10475.0,19494.0,346643.0
2024-05-30,10422.0,10455.5,10058.5,10125.0,33634.0,346206.0
2024-05-31,10120.0,10214.0,10020.0,10069.0,23744.0,346552.0
2024-06-03,10112.0,10202.5,10050.5,10193.0,15876.0,340466.0
2024-06-04,10214.5,10238.0,9914.0,9928.0,26623.0,343161.0
2024-06-05,9955.0,10010.0,9860.0,10006.5,21464.0,341783.0
2024-06-06,10001.0,10159.0,9995.0,10145.5,14517.0,333270.0
2024-06-07,10135.0,10186.0,9747.5,9748.5,19807.0,333308.0
2024-06-10,9745.0,9913.0,9741.0,9881.0,15845.0,334437.0
2024-06-11,9884.0,9941.0,9680.0,9805.0,24899.0,332027.0
2024-06-12,9817.5,10014.0,9780.5,9946.0,19376.0,330321.0
2024-06-13,9901.5,9920.0,9740.0,9787.0,18883.0,305473.0
2024-06-14,9781.5,9851.5,9705.5,9772.5,18104.0,333507.0
2024-06-17,9782.0,9782.5,9587.0,9693.5,20174.0,333341.0
2024-06-18,9697.0,9756.5,9551.0,9719.0,20399.0,327156.0
2024-06-19,9731.0,9822.0,9686.0,9785.0,16418.0,319493.0
2024-06-20,9782.0,9889.0,9752.0,9883.5,17076.0,319814.0
2024-06-21,9880.0,9892.0,9651.0,9680.0,18283.0,321454.0
2024-06-24,9655.0,9730.0,9625.0,9644.0,14291.0,323339.0
2024-06-25,9644.0,9722.0,9536.0,9536.0,18992.0,326506.0
2024-06-26,9550.0,9616.5,9508.0,9595.0,21383.0,326156.0
2024-06-27,9559.0,9610.0,9485.5,9514.0,15506.0,326494.0
2024-06-28,9519.0,9674.0,9496.5,9586.0,15543.0,328760.0
2024-07-01,9567.0,9690.5,9530.0,9636.0,15435.0,327110.0
2024-07-02,9629.5,9749.5,9606.5,9660.5,18472.0,325628.0
2024-07-03,9672.0,9912.5,9647.0,9852.0,24349.0,326449.0
2024-07-04,9856.0,9918.0,9803.5,9886.0,14353.0,326029.0
2024-07-05,9868.0,10000.0,9864.0,9970.0,24017.0,327504.0
2024-07-08,9950.0,10000.0,9857.0,9897.0,17356.0,326087.0
2024-07-09,9920.0,9968.0,9819.0,9875.0,14083.0,328973.0
2024-07-10,9875.0,9933.0,9800.0,9858.0,16419.0,333252.0
2024-07-11,9868.0,9924.0,9764.0,9777.5,19469.0,332835.0
2024-07-12,9792.0,9886.5,9708.5,9877.0,20816.0,327059.0
2024-07-15,9833.0,9919.5,9753.0,9768.0,15195.0,324343.0
2024-07-16,9765.0,9804.0,9626.0,9664.0,22820.0,319914.0
2024-07-17,9665.0,9737.5,9609.5,9616.0,20107.0,311139.0
2024-07-18,9638.0,9665.0,9370.5,9371.0,38419.0,310739.0
2024-07-19,9355.0,9421.5,9283.0,9290.0,25041.0,306104.0
2024-07-22,9330.0,9357.0,9172.0,9236.5,23244.0,300975.0
2024-07-23,9214.0,9273.5,9110.5,9157.0,18415.0,298621.0
2024-07-24,9151.5,9194.5,9050.5,9050.5,21937.0,297329.0
2024-07-25,9039.5,9169.5,8900.0,9091.0,29126.0,296846.0
2024-07-26,9088.5,9169.0,9063.0,9073.0,17336.0,294639.0
2024-07-29,9128.5,9163.0,8984.0,9025.0,16597.0,289767.0
2024-07-30,9030.0,9046.5,8915.0,9031.0,18987.0,291114.0
2024-07-31,9033.5,9267.0,9025.5,9240.0,20343.0,292377.0
2024-08-01,9250.0,9322.0,8986.5,9002.5,26350.0,290483.0
2024-08-02,9003.0,9144.5,8974.0,9087.0,21638.0,291614.0
2024-08-05,9063.5,9171.5,8714.0,8854.5,45842.0,291121.0
2024-08-06,8912.0,8990.0,8779.5,8923.0,21184.0,292453.0
2024-08-07,8871.0,8900.0,8745.0,8750.5,20445.0,292666.0
2024-08-08,8737.5,8823.5,8716.0,8809.0,21765.0,288578.0
2024-08-09,8820.0,8957.0,8811.0,8831.0,17398.0,286720.0
2024-08-12,8829.0,9062.0,8819.5,9028.0,16305.0,283270.0
2024-08-13,9026.5,9026.5,8895.0,8978.5,18445.0,281094.0
2024-08-14,8986.0,9054.5,8938.0,8944.5,16098.0,284055.0
2024-08-15,8949.5,9175.0,8926.0,9138.0,21400.0,285525.0
2024-08-16,9133.5,9184.5,9047.0,9177.5,16917.0,284737.0
2024-08-19,9167.0,9277.0,9144.0,9260.0,17167.0,285591.0
2024-08-20,9262.5,9286.5,9170.0,9181.5,18289.0,282154.0
2024-08-21,9196.0,9276.0,9151.0,9249.0,12530.0,279836.0
2024-08-22,9251.5,9293.0,9120.0,9120.0,15029.0,278366.0
2024-08-23,9137.0,9299.5,9137.0,9298.0,15808.0,280032.0
2024-08-27,9307.5,9453.0,9291.0,9419.5,18864.0,279886.0
2024-08-28,9412.0,9418.5,9233.5,9238.5,17179.0,283461.0
2024-08-29,9238.0,9323.5,9177.0,9272.0,17200.0,284870.0
2024-08-30,9249.0,9382.0,9225.0,9251.5,17295.0,283419.0
2024-09-02,9250.0,9267.0,9148.5,9217.5,12942.0,280261.0
2024-09-03,9189.0,9221.5,8926.5,8988.0,30580.0,280467.0
2024-09-04,8999.5,9038.0,8890.0,8965.0,22863.0,277791.0
2024-09-05,8975.5,9158.0,8892.0,9100.5,22874.0,279018.0
2024-09-06,9110.0,9175.5,8952.5,8954.0,18039.0,278718.0
2024-09-09,8971.5,9149.0,8941.0,9096.5,16444.0,279437.0
2024-09-10,9097.5,9143.5,8983.0,9019.0,15200.0,280574.0
2024-09-11,9028.0,9151.0,9003.5,9138.0,16973.0,272311.0
2024-09-12,9147.0,9294.5,9129.5,9207.5,19422.0,271578.0
2024-09-13,9233.0,9327.0,9195.5,9257.0,16435.0,271587.0
2024-09-16,9270.0,9466.5,9217.0,9372.5,19738.0,271149.0
2024-09-17,9362.0,9445.5,9337.0,9379.0,13471.0,268239.0
2024-09-18,9381.0,9444.0,9300.0,9400.0,24105.0,270160.0
2024-09-19,9372.0,9586.5,9312.0,9539.0,28505.0,271446.0
2024-09-20,9530.5,9599.5,9468.0,9486.0,17864.0,274874.0
2024-09-23,9488.5,9562.5,9381.5,9542.0,18163.0,279602.0
2024-09-24,9529.0,9825.0,9513.0,9821.0,34842.0,280465.0
2024-09-25,9850.0,9913.0,9731.5,9801.0,24958.0,284146.0
2024-09-26,9809.5,10090.0,9769.5,10090.0,38650.0,287818.0
2024-09-27,10080.5,10095.0,9946.0,9973.5,23553.0,295464.0
2024-09-30,10111.0,10158.0,9813.5,9865.0,25976.0,297267.0
2024-10-01,9870.0,10020.0,9851.0,9945.0,15780.0,298825.0
2024-10-02,9945.0,10105.0,9926.0,10103.0,14618.0,300180.0
2024-10-03,10100.0,10120.0,9845.5,9893.5,16082.0,300348.0
2024-10-04,9908.0,10015.0,9880.0,9956.0,14185.0,301999.0
2024-10-07,9980.0,10015.0,9860.0,9952.5,13181.0,300040.0
2024-10-08,9948.0,9988.0,9700.0,9758.0,30227.0,300565.0
2024-10-09,9779.5,9855.0,9606.5,9684.0,22188.0,296848.0
2024-10-10,9678.0,9767.5,9618.0,9737.5,19273.0,292571.0
2024-10-11,9746.0,9817.0,9693.5,9803.0,15825.0,292105.0
2024-10-14,9720.0,9784.5,9626.0,9648.0,19037.0,290729.0
2024-10-15,9668.0,9686.5,9520.0,9520.0,21566.0,283009.0
2024-10-16,9539.0,9642.0,9521.0,9591.0,15777.0,278013.0
2024-10-17,9590.0,9667.0,9435.5,9506.5,20794.0,277621.0
2024-10-18,9519.5,9656.0,9482.0,9622.5,16873.0,277483.0
2024-10-21,9646.0,9758.0,9548.0,9562.0,17576.0,275938.0
2024-10-22,9561.0,9659.0,9545.0,9619.0,14886.0,277741.0
2024-10-23,9605.0,9622.0,9460.5,9503.0,19304.0,278105.0
2024-10-24,9515.0,9647.0,9496.0,9563.0,17793.0,274549.0
2024-10-25,9567.5,9608.0,9483.5,9563.5,15428.0,275657.0
2024-10-28,9561.5,9598.0,9507.5,9556.0,13862.0,275174.0
2024-10-29,9541.5,9667.0,9494.0,9550.0,22133.0,275625.0
2024-10-30,9560.0,9589.0,9488.0,9559.0,15661.0,274614.0
2024-10-31,9519.0,9580.0,9491.5,9547.0,16403.0,274546.0
2024-11-01,9568.0,9629.5,9521.0,9539.0,18040.0,272490.0
2024-11-04,9591.0,9723.5,9576.0,9676.0,20883.0,273359.0
2024-11-05,9671.0,9782.0,9659.0,9733.0,20239.0,275386.0
2024-11-06,9663.0,9702.0,9302.0,9321.0,44725.0,278249.0
2024-11-07,9317.5,9688.5,9317.5,9678.5,27306.0,276881.0
2024-11-08,9665.0,9674.0,9410.5,9433.0,22371.0,275728.0
2024-11-11,9468.0,9491.0,9282.0,9299.0,17700.0,274331.0
2024-11-12,9333.0,9358.5,9107.0,9144.5,29979.0,273396.0
2024-11-13,9151.0,9189.0,9006.0,9007.5,30497.0,278465.0
2024-11-14,9022.0,9040.0,8867.0,9024.0,34121.0,279845.0
2024-11-15,8994.5,9179.5,8955.5,8971.0,29701.0,280256.0
2024-11-18,8993.5,9106.0,8958.0,9094.5,17340.0,276075.0
2024-11-19,9100.5,9140.0,9022.5,9117.0,16421.0,272979.0
2024-11-20,9133.0,9165.0,9082.0,9082.0,15083.0,269763.0
2024-11-21,9103.0,9141.0,9002.0,9023.0,16105.0,269163.0
2024-11-22,9014.5,9047.0,8938.0,8972.5,19427.0,269073.0
2024-11-25,9030.0,9092.5,9019.0,9044.0,14642.0,271482.0
2024-11-26,8967.0,9072.5,8950.5,8962.5,18755.0,268659.0
2024-11-27,8986.0,9065.0,8971.5,9018.0,15079.0,270943.0
2024-11-28,9015.5,9042.5,8963.5,8987.0,11547.0,273109.0
2024-11-29,8994.0,9056.0,8980.5,9015.0,13181.0,273320.0
2024-12-02,8979.0,9025.0,8904.0,8996.5,16850.0,268230.0
2024-12-03,9008.5,9154.0,8957.5,9120.5,26951.0,271266.0
2024-12-04,9085.5,9125.5,9041.0,9097.0,16553.0,268972.0
2024-12-05,9102.0,9149.5,9060.0,9090.0,12003.0,268404.0
2024-12-06,9079.5,9178.5,9063.0,9092.5,15380.0,272353.0
2024-12-09,9103.0,9260.0,9067.0,9231.5,19710.0,274221.0
2024-12-10,9222.0,9245.0,9164.0,9233.5,12398.0,271232.0
2024-12-11,9240.0,9314.0,9155.5,9177.0,19687.0,268843.0
2024-12-12,9197.0,9265.0,9072.0,9072.0,21755.0,267074.0
2024-12-13,9087.5,9116.5,9036.0,9056.5,14493.0,270755.0
2024-12-16,9060.0,9109.5,9022.0,9065.0,13867.0,270967.0
2024-12-17,9076.0,9083.5,8964.0,9006.5,14622.0,270658.0
2024-12-18,9004.0,9049.5,8950.0,9045.0,12243.0,267240.0
2024-12-19,8969.5,8970.0,8859.5,8885.0,19004.0,264957.0
2024-12-20,8885.0,8953.5,8880.5,8944.0,13370.0,262163.0
2024-12-23,8942.0,8994.5,8900.0,8936.5,10200.0,262330.0
2024-12-24,8934.0,8988.0,8919.0,8967.0,7071.0,262446.0
2024-12-27,8999.5,9018.5,8947.0,8981.5,9038.0,261661.0
2024-12-30,8986.0,9018.0,8905.5,8933.5,9383.0,261839.0
2024-12-31,8948.0,8948.0,8757.0,8781.5,12595.0,262638.0
2025-01-02,8810.0,8871.5,8766.0,8801.0,18462.0,258240.0
2025-01-03,8814.0,8908.0,8775.0,8893.5,16862.0,261132.0
2025-01-06,8893.0,9076.0,8851.0,8966.0,28294.0,262101.0
2025-01-07,8976.0,9040.0,8955.0,8980.0,14866.0,260430.0
2025-01-08,8989.0,9061.0,8956.0,9051.0,18624.0,261895.0
2025-01-09,9036.5,9114.0,9023.5,9111.5,18410.0,261050.0
2025-01-10,9102.0,9145.0,9048.5,9073.5,19248.0,268171.0
2025-01-13,9081.5,9150.0,9063.5,9094.0,15578.0,275847.0
2025-01-14,9115.0,9170.0,9103.5,9164.0,16547.0,280151.0
2025-01-15,9152.0,9219.0,9083.5,9217.0,17901.0,280514.0
2025-01-16,9202.0,9271.0,9171.5,9245.0,20102.0,286130.0
2025-01-17,9232.0,9290.0,9124.0,9181.5,22664.0,286788.0
2025-01-20,9190.0,9297.0,9144.5,9266.0,22228.0,291488.0
2025-01-21,9242.0,9292.0,9155.0,9291.0,20335.0,297968.0
2025-01-22,9283.5,9283.5,9200.0,9235.0,13378.0,295353.0
2025-01-23,9231.5,9243.0,9142.0,9237.0,15895.0,295646.0
2025-01-24,9232.0,9355.5,9208.0,9269.0,22663.0,291819.0
2025-01-27,9230.0,9267.0,9077.0,9086.5,19925.0,294105.0
2025-01-28,9100.5,9112.0,8982.0,9015.5,17309.0,292252.0
2025-01-29,9008.0,9089.0,8957.0,9077.0,13625.0,284739.0
2025-01-30,9062.5,9164.0,9037.0,9113.0,11640.0,282976.0
2025-01-31,9100.0,9100.5,9022.0,9064.0,10916.0,281918.0
2025-02-03,9008.0,9134.5,8914.5,9110.0,21267.0,276358.0
2025-02-04,9125.0,9185.0,9103.0,9174.0,14750.0,281642.0
2025-02-05,9178.0,9292.0,9124.0,9270.0,21276.0,280316.0
2025-02-06,9280.0,9350.0,9258.5,9289.0,19904.0,279430.0
2025-02-07,9298.5,9507.0,9292.5,9440.0,32919.0,281368.0
2025-02-10,9490.0,9530.0,9371.5,9453.0,18526.0,288165.0
2025-02-11,9437.0,9447.0,9315.0,9356.5,17985.0,287841.0
2025-02-12,9351.0,9490.0,9342.5,9469.0,16676.0,290998.0
2025-02-13,9464.0,9511.5,9415.0,9476.0,20387.0,290578.0
2025-02-14,9500.0,9684.5,9448.5,9465.0,35784.0,295249.0
2025-02-17,9460.5,9513.5,9379.5,9382.5,15106.0,297991.0
2025-02-18,9396.0,9485.0,9361.0,9475.0,14749.0,295366.0
2025-02-19,9451.0,9540.0,9403.0,9442.0,16909.0,288666.0
2025-02-20,9460.0,9575.0,9449.5,9558.0,17731.0,287279.0
2025-02-21,9558.0,9571.5,9454.0,9515.5,18881.0,292039.0
2025-02-24,9520.0,9555.0,9474.0,9502.0,15678.0,290545.0
2025-02-25,9477.0,9528.0,9385.0,9395.0,23372.0,293590.0
2025-02-26,9466.0,9551.5,9411.5,9423.0,21736.0,296479.0
2025-02-27,9420.5,9466.0,9368.0,9413.0,18229.0,294932.0
2025-02-28,9375.5,9398.0,9324.0,9361.0,20744.0,293341.0
2025-03-03,9379.0,9429.0,9327.0,9400.0,17142.0,296434.0
2025-03-04,9384.5,9416.0,9335.0,9387.0,17603.0,298242.0
2025-03-05,9399.0,9594.5,9361.0,9594.0,33126.0,295292.0
2025-03-06,9568.0,9739.0,9568.0,9689.0,27504.0,302095.0
2025-03-07,9681.5,9708.0,9564.0,9602.0,20248.0,302784.0
2025-03-10,9612.0,9638.0,9488.0,9493.0,14813.0,302564.0
2025-03-11,9513.0,9679.0,9455.5,9679.0,17946.0,299793.0
2025-03-12,9672.0,9800.0,9644.5,9789.0,21519.0,297453.0
2025-03-13,9770.0,9837.5,9713.5,9749.0,22723.0,297956.0
2025-03-14,9761.5,9850.0,9761.0,9793.0,15419.0,302095.0
2025-03-17,9791.0,9880.0,9776.0,9864.5,14286.0,296460.0
2025-03-18,9880.0,9917.0,9820.0,9902.0,15927.0,290561.0
2025-03-19,9888.0,9998.0,9867.5,9997.5,17485.0,288619.0
2025-03-20,9999.0,10046.5,9906.5,9910.0,19676.0,292790.0
2025-03-21,9932.0,9996.5,9802.0,9852.0,18233.0,293840.0
2025-03-24,9874.5,10044.5,9871.0,9934.5,15231.0,297712.0
2025-03-25,9942.0,10130.0,9939.0,10094.5,18287.0,300728.0
2025-03-26,10098.0,10164.5,9893.0,9907.0,30655.0,303489.0
2025-03-27,9922.5,9997.0,9808.0,9846.5,25826.0,310704.0
2025-03-28,9846.5,9887.0,9739.0,9783.5,20138.0,309324.0
2025-03-31,9791.0,9812.0,9679.5,9690.0,18271.0,308330.0
2025-04-01,9718.5,9794.0,9669.0,9692.5,21210.0,303022.0
2025-04-02,9701.0,9754.5,9668.5,9721.0,16695.0,302920.0
2025-04-03,9650.0,9654.0,9330.5,9330.5,35196.0,301922.0
2025-04-04,9335.0,9335.5,8644.0,8690.0,50972.0,302268.0
2025-04-07,8550.0,9096.5,8105.0,8714.0,68554.0,303157.0
2025-04-08,8776.0,8864.5,8515.0,8588.0,33286.0,300162.0
2025-04-09,8506.0,8974.0,8458.5,8897.0,36321.0,300988.0
2025-04-10,8890.5,9062.0,8838.5,8977.5,28172.0,297652.0
2025-04-11,8959.5,9188.0,8931.0,9184.0,22062.0,293127.0
2025-04-14,9199.0,9271.5,9139.0,9220.5,16068.0,290706.0
2025-04-15,9225.0,9247.5,9085.5,9137.0,14561.0,292708.0
2025-04-16,9137.5,9216.5,9028.5,9188.5,16027.0,290126.0
2025-04-17,9225.0,9279.5,9111.0,9254.0,13813.0,282849.0
2025-04-22,9280.5,9398.5,9252.5,9354.0,16520.0,281354.0
2025-04-23,9389.0,9481.5,9352.0,9369.0,16793.0,280991.0
2025-04-24,9354.5,9459.5,9349.0,9455.0,10021.0,284031.0
2025-04-25,9460.0,9460.0,9350.0,9360.0,12657.0,285779.0
2025-04-28,9370.0,9415.0,9311.5,9405.5,11015.0,285380.0
2025-04-29,9415.0,9480.0,9361.0,9446.5,15506.0,284027.0
2025-04-30,9439.5,9439.5,9088.5,9125.5,25001.0,287361.0
2025-05-01,9138.5,9260.5,9125.0,9245.5,11436.0,285024.0
2025-05-02,9260.5,9458.5,9237.0,9356.0,18224.0,288591.0
2025-05-06,9405.0,9563.0,9363.5,9520.0,20293.0,289175.0
2025-05-07,9550.0,9582.0,9400.5,9406.0,15288.0,291649.0
2025-05-08,9411.0,9475.0,9325.0,9474.5,17788.0,290704.0
2025-05-09,9453.5,9479.5,9341.0,9439.0,16230.0,295096.0
2025-05-12,9490.0,9576.0,9450.5,9502.0,21841.0,291224.0
2025-05-13,9515.0,9624.5,9489.5,9624.5,16908.0,289770.0
2025-05-14,9608.5,9664.0,9564.0,9592.0,17304.0,291016.0
2025-05-15,9590.0,9606.0,9465.0,9600.0,13902.0,293706.0
2025-05-16,9590.0,9595.5,9430.0,9440.0,13950.0,293535.0
2025-05-19,9450.0,9536.0,9436.5,9516.0,11374.0,293619.0
2025-05-20,9517.0,9572.0,9445.0,9554.5,12871.0,290176.0
2025-05-21,9568.5,9597.0,9487.0,9487.0,13686.0,285331.0
2025-05-22,9504.0,9572.5,9433.5,9519.5,14385.0,287484.0
2025-05-23,9509.5,9630.0,9478.0,9614.0,19904.0,288742.0
2025-05-27,9605.0,9640.0,9553.5,9596.0,15828.0,289893.0
2025-05-28,9598.5,9655.0,9548.0,9566.0,14383.0,293958.0
2025-05-29,9572.0,9640.0,9557.0,9567.0,13343.0,295433.0
2025-05-30,9565.0,9605.0,9486.0,9497.0,13004.0,293884.0
2025-06-02,9560.0,9636.5,9511.0,9615.0,15349.0,286370.0
2025-06-03,9599.0,9648.0,9517.5,9638.5,16351.0,287316.0
2025-06-04,9631.5,9675.0,9603.5,9649.0,14200.0,284146.0
2025-06-05,9635.0,9809.5,9621.0,9707.5,27595.0,283000.0
2025-06-06,9705.5,9767.0,9657.0,9670.5,15603.0,288236.0
2025-06-09,9672.5,9805.5,9669.5,9768.5,14115.0,285334.0
2025-06-10,9761.5,9785.0,9720.5,9725.0,13107.0,286326.0
2025-06-11,9725.0,9788.0,9614.0,9647.0,22671.0,288336.0
2025-06-12,9663.0,9709.5,9639.0,9690.5,13568.0,289206.0
2025-06-13,9698.0,9712.5,9532.0,9647.5,18125.0,291422.0
2025-06-16,9636.0,9719.5,9611.5,9695.0,13001.0,294934.0
2025-06-17,9683.5,9731.5,9647.5,9670.0,12735.0,292892.0
2025-06-18,9668.0,9730.0,9648.0,9650.5,13333.0,291020.0
2025-06-19,9656.0,9671.0,9585.0,9619.5,12100.0,289792.0
2025-06-20,9630.0,9700.0,9558.5,9660.5,16794.0,288717.0
2025-06-23,9639.0,9697.0,9599.5,9694.5,13137.0,286663.0
2025-06-24,9681.0,9760.5,9649.0,9664.0,21098.0,284256.0
2025-06-25,9675.0,9738.0,9674.5,9727.0,14874.0,286436.0
2025-06-26,9738.0,9913.5,9729.5,9896.0,31408.0,287624.0
2025-06-27,9885.0,9917.0,9823.5,9879.0,17846.0,292214.0
2025-06-30,9876.5,9892.5,9812.0,9878.0,13734.0,288111.0
2025-07-01,9885.0,10000.0,9857.0,9943.0,22475.0,283945.0
2025-07-02,9950.0,10020.5,9913.0,10010.0,16830.0,285081.0
2025-07-03,9998.0,10015.0,9937.0,9951.5,13441.0,282135.0
2025-07-04,9957.5,9968.0,9825.0,9852.0,12938.0,284560.0
2025-07-07,9870.0,9872.5,9774.0,9784.0,11586.0,281488.0
2025-07-08,9797.0,9888.5,9569.5,9665.0,20076.0,277346.0
2025-07-09,9590.0,9769.5,9553.5,9660.0,38279.0,279898.0
2025-07-10,9650.0,9744.0,9634.0,9682.0,18905.0,280026.0
2025-07-11,9690.5,9719.5,9606.0,9663.0,19905.0,281240.0
2025-07-14,9650.0,9701.0,9575.0,9643.5,20636.0,279773.0
2025-07-15,9634.0,9657.5,9598.0,9657.5,14553.0,278725.0
2025-07-16,9642.0,9664.0,9588.0,9637.0,16662.0,267706.0
2025-07-17,9636.0,9678.0,9587.0,9678.0,11283.0,268114.0
2025-07-18,9664.0,9799.0,9658.5,9794.5,15349.0,266511.0
2025-07-21,9750.0,9885.0,9749.5,9867.0,14279.0,266155.0
2025-07-22,9858.0,9923.0,9823.0,9898.0,13525.0,266147.0
2025-07-23,9925.0,9947.0,9864.0,9933.5,15969.0,265592.0
2025-07-24,9926.5,9965.0,9848.0,9854.5,14856.0,267039.0
2025-07-25,9855.0,9881.0,9766.5,9796.0,12065.0,270447.0
2025-07-28,9800.0,9856.5,9759.0,9762.5,13965.0,269658.0
2025-07-29,9757.0,9827.0,9754.0,9803.0,11075.0,269331.0
2025-07-30,9793.5,9821.0,9676.0,9730.0,16032.0,271139.0
2025-07-31,9675.0,9815.5,9571.5,9607.0,46546.0,271360.0
2025-08-01,9646.0,9692.0,9576.0,9633.0,26400.0,272346.0
2025-08-04,9659.5,9738.0,9630.0,9708.5,13816.0,266600.0
2025-08-05,9697.5,9747.5,9627.0,9634.5,18753.0,265284.0
2025-08-06,9625.0,9708.0,9622.5,9674.0,12883.0,265250.0
2025-08-07,9665.0,9738.0,9665.0,9670.5,10901.0,263245.0
2025-08-08,9696.0,9780.0,9680.0,9768.0,13222.0,267065.0
2025-08-11,9755.0,9796.0,9708.0,9726.5,11784.0,266806.0
2025-08-12,9730.0,9865.0,9729.5,9840.0,18029.0,265814.0
2025-08-13,9829.0,9865.0,9775.0,9777.0,12200.0,267749.0
2025-08-14,9795.0,9836.5,9714.0,9777.0,14623.0,268577.0
2025-08-15,9777.5,9808.0,9725.0,9760.0,12143.0,271444.0
2025-08-18,9756.0,9792.0,9722.0,9752.0,11092.0,267850.0
2025-08-19,9738.0,9778.0,9680.0,9684.5,15292.0,265519.0
2025-08-20,9688.0,9736.0,9670.5,9721.0,14574.0,263224.0
2025-08-21,9721.0,9746.5,9673.0,9734.5,10667.0,264704.0
2025-08-22,9744.0,9813.5,9705.5,9809.0,16972.0,268259.0
2025-08-26,9816.5,9862.0,9776.5,9846.5,15548.0,268781.0
2025-08-27,9853.0,9859.0,9730.5,9773.5,15787.0,265544.0
2025-08-28,9769.0,9848.0,9769.0,9839.5,14271.0,267979.0
2025-08-29,9833.0,9924.5,9832.0,9906.0,23251.0,268453.0
2025-09-01,9908.0,9947.0,9875.0,9875.0,10513.0,269195.0
2025-09-02,9896.0,10015.0,9844.0,10013.5,26783.0,277825.0
2025-09-03,10018.0,10038.0,9930.0,9974.0,21500.0,281336.0
2025-09-04,9972.0,9975.0,9875.0,9891.5,14228.0,286497.0
2025-09-05,9896.0,10008.0,9860.0,9865.0,21458.0,288108.0
2025-09-08,9883.0,9937.5,9883.0,9906.5,14428.0,290036.0
2025-09-09,9912.0,9959.0,9890.0,9916.5,13258.0,288791.0
2025-09-10,9912.0,10015.5,9911.0,10012.0,17327.0,287300.0
2025-09-11,9996.0,10065.0,9970.0,10057.0,19132.0,289090.0
2025-09-12,10070.0,10126.0,10053.0,10064.5,20594.0,291554.0
2025-09-15,10072.5,10192.5,10051.5,10189.0,17034.0,294745.0
2025-09-16,10168.0,10177.5,10086.0,10117.0,16815.0,292099.0
2025-09-17,10120.0,10134.0,9925.0,9974.0,27540.0,293081.0
2025-09-18,9985.0,9995.0,9917.0,9946.0,14733.0,290347.0
2025-09-19,9945.0,9999.5,9937.5,9996.5,11534.0,289843.0
2025-09-22,10001.0,10022.0,9950.5,10002.0,12521.0,289706.0
2025-09-23,10015.0,10027.5,9955.5,9993.5,11418.0,289156.0
2025-09-24,9980.0,10364.0,9927.5,10320.0,47088.0,289561.0
2025-09-25,10300.0,10485.0,10241.0,10275.5,42366.0,295609.0
2025-09-26,10271.0,10294.0,10165.5,10205.0,20104.0,297660.0
2025-09-29,10237.0,10450.0,10213.0,10428.5,25473.0,299683.0
2025-09-30,10430.5,10440.0,10252.0,10296.0,20753.0,300467.0
2025-10-01,10302.0,10399.0,10263.0,10360.0,17641.0,294812.0
2025-10-02,10386.5,10531.0,10344.0,10481.5,23637.0,301451.0
2025-10-03,10498.5,10765.0,10485.0,10700.0,24008.0,308789.0
2025-10-06,10688.5,10800.0,10607.5,10652.5,18441.0,311693.0
2025-10-07,10683.0,10792.0,10658.5,10725.5,18854.0,319719.0
2025-10-08,10724.5,10815.0,10661.0,10701.0,17830.0,320694.0
2025-10-09,10652.0,11000.0,10591.0,10776.5,44782.0,318513.0
2025-10-10,10829.5,10861.0,10326.0,10374.0,41112.0,322494.0
2025-10-13,10490.0,10864.5,10480.0,10802.0,29408.0,323077.0
2025-10-14,10848.5,10863.5,10463.0,10598.5,29074.0,323147.0
2025-10-15,10595.0,10766.0,10523.5,10576.0,16201.0,320194.0
2025-10-16,10550.0,10664.0,10490.0,10620.0,19917.0,321574.0
2025-10-17,10610.0,10650.0,10430.0,10607.0,25458.0,322296.0
2025-10-20,10600.0,10733.5,10591.5,10712.5,16240.0,292892.0
2025-10-21,10702.5,10733.0,10542.0,10596.5,16707.0,318694.0
2025-10-22,10584.0,10706.5,10536.5,10658.5,15515.0,317268.0
2025-10-23,10658.5,10876.0,10647.5,10817.0,24037.0,315591.0
2025-10-24,10832.0,10979.5,10796.0,10947.0,25665.0,319309.0
2025-10-27,10995.0,11094.0,10917.0,11000.5,24511.0,320722.0
2025-10-28,10974.0,11050.5,10859.0,11029.5,21782.0,322916.0
2025-10-29,11023.5,11200.0,10984.0,11090.0,29130.0,327681.0
2025-10-30,11123.0,11125.5,10814.5,10930.0,35174.0,332841.0
2025-10-31,10929.5,10980.0,10806.0,10891.5,20737.0,335665.0
2025-11-03,10901.5,10927.5,10816.0,10819.0,15544.0,324072.0
2025-11-04,10819.0,10859.5,10577.5,10649.0,33128.0,324633.0
2025-11-05,10631.0,10738.5,10580.0,10733.0,20729.0,325516.0
2025-11-06,10735.0,10792.5,10666.0,10687.0,16169.0,326093.0
2025-11-07,10707.5,10759.5,10682.0,10695.0,11689.0,324423.0
2025-11-10,10727.5,10903.0,10727.5,10874.5,16937.0,323568.0
2025-11-11,10851.0,10871.0,10800.0,10840.0,13386.0,324358.0
2025-11-12,10828.0,10972.0,10778.0,10897.0,19884.0,318950.0
2025-11-13,10901.5,11018.0,10844.0,10859.0,19398.0,321344.0
2025-11-14,10881.5,10922.0,10755.0,10846.0,21594.0,326350.0
2025-11-17,10830.0,10851.0,10756.5,10766.5,16399.0,324433.0
2025-11-18,10752.0,10766.0,10660.5,10698.0,24521.0,319542.0
2025-11-19,10695.5,10823.0,10695.5,10802.5,16612.0,317153.0
2025-11-20,10813.0,10827.0,10680.0,10686.0,18624.0,317237.0
2025-11-21,10700.0,10798.5,10607.5,10778.0,23965.0,321196.0
2025-11-24,10770.0,10805.0,10743.0,10781.5,11776.0,327848.0
2025-11-25,10788.0,10949.0,10788.0,10832.5,23187.0,329297.0
2025-11-26,10846.0,11025.0,10846.0,10953.0,22476.0,327090.0
2025-11-27,10965.0,10979.0,10892.5,10930.0,10519.0,330192.0
2025-11-28,10950.0,11210.5,10941.0,11175.5,22550.0,333503.0
2025-12-01,11220.0,11334.0,11160.0,11232.5,27396.0,334442.0
2025-12-02,11198.0,11268.0,11121.0,11145.0,21303.0,333305.0
2025-12-03,11183.0,11540.0,11180.0,11448.5,44104.0,335104.0
2025-12-04,11440.0,11529.0,11335.5,11434.0,24540.0,340906.0
2025-12-05,11422.5,11705.0,11420.5,11665.0,30649.0,341872.0
2025-12-08,11653.0,11771.0,11583.0,11675.0,21149.0,342321.0
2025-12-09,11641.0,11666.5,11434.5,11470.0,23075.0,342175.0
2025-12-10,11489.0,11666.0,11489.0,11559.5,20807.0,345416.0
2025-12-11,11646.5,11906.0,11585.0,11833.5,28560.0,344846.0
2025-12-12,11819.0,11952.0,11451.5,11552.5,41561.0,348144.0
2025-12-15,11545.5,11890.5,11541.5,11686.0,23181.0,351056.0
2025-12-16,11660.0,11686.5,11536.5,11619.0,19885.0,350621.0
2025-12-17,11630.0,11821.5,11621.5,11742.5,16830.0,344239.0
2025-12-18,11726.0,11790.0,11667.0,11727.0,14534.0,344850.0
2025-12-19,11738.5,11928.0,11693.0,11870.5,19401.0,342091.0
2025-12-22,11879.5,11996.0,11873.0,11911.0,15865.0,344790.0
2025-12-23,11925.0,12159.5,11889.5,12055.0,26306.0,341953.0
2025-12-24,12121.5,12282.0,12028.0,12133.0,18195.0,339705.0
2025-12-29,12445.0,12960.0,12145.0,12187.5,64636.0,340973.0
2025-12-30,12223.5,12693.5,12216.0,12673.5,30309.0,342009.0
2025-12-31,12534.0,12664.0,12382.0,12496.5,18914.0,338445.0
2026-01-02,12560.0,12584.0,12444.0,12460.5,11936.0,335822.0
2026-01-05,12538.0,13090.0,12531.0,13087.5,37339.0,339174.0
2026-01-06,13054.0,13387.5,13049.0,13254.5,47155.0,337657.0
2026-01-07,13249.0,13285.0,12833.0,12866.0,43606.0,329420.0
2026-01-08,12850.0,13016.5,12517.0,12702.0,35292.0,324584.0
2026-01-09,12705.0,13039.0,12585.0,12965.5,27067.0,325367.0
2026-01-12,13088.0,13323.0,12990.5,13172.0,35741.0,324921.0
2026-01-13,13114.0,13313.5,13033.0,13156.5,32399.0,324378.0
2026-01-14,13165.0,13407.0,13140.0,13300.0,33837.0,323708.0
2026-01-15,13233.0,13233.5,12912.0,13148.5,31803.0,326287.0
2026-01-16,13096.5,13183.0,12696.0,12822.5,32724.0,324184.0
2026-01-19,12920.0,13028.0,12816.0,12987.0,20647.0,326751.0
2026-01-20,12933.0,12988.0,12680.0,12796.5,27897.0,326162.0
2026-01-21,12810.0,12962.0,12712.0,12761.5,23537.0,317480.0
2026-01-22,12808.5,12874.0,12621.0,12840.0,28201.0,315921.0
2026-01-23,12842.0,13187.5,12826.0,13128.5,30249.0,325527.0
2026-01-26,13190.0,13311.0,13033.0,13183.0,28384.0,332992.0
2026-01-27,13093.0,13145.0,12893.0,13024.0,26728.0,331709.0
2026-01-28,13105.0,13247.0,13045.0,13120.0,28871.0,329948.0
2026-01-29,13201.0,14527.5,13162.5,13705.0,75210.0,331270.0
2026-01-30,13496.0,13590.0,12845.0,13070.5,51302.0,332729.0
2026-02-02,13002.0,13107.0,12414.5,12900.0,49237.0,327056.0
2026-02-03,12988.0,13526.0,12935.0,13410.0,38687.0,325780.0
2026-02-04,13503.0,13524.0,12949.0,13040.0,26353.0,332322.0
2026-02-05,13123.0,13197.5,12783.0,12855.0,30323.0,324210.0
2026-02-06,12740.0,13065.0,12528.0,13060.0,25637.0,324508.0
2026-02-09,13080.0,13228.0,12975.0,13185.0,15190.0,326974.0
2026-02-10,13175.0,13186.0,13049.0,13100.0,12249.0,325291.0
2026-02-11,13086.0,13480.0,13072.5,13239.0,26491.0,326184.0
2026-02-12,13251.0,13333.0,12787.0,12855.5,22114.0,322313.0
2026-02-13,12850.0,13010.0,12675.0,12931.5,26671.0,322575.0
2026-02-16,12883.5,12928.5,12782.0,12826.0,6794.0,326775.0
2026-02-17,12803.0,12840.5,12582.5,12663.5,16337.0,322410.0
2026-02-18,12650.0,12941.0,12643.5,12853.0,13134.0,319828.0
2026-02-19,12841.0,12933.0,12670.0,12838.0,12790.0,316612.0
2026-02-20,12848.0,13020.5,12778.0,13000.0,16641.0,317522.0
2026-02-23,13016.5,13050.0,12804.0,12901.0,11678.0,317849.0
2026-02-24,12921.5,13228.0,12916.5,13195.0,25655.0,316639.0
2026-02-25,13182.0,13350.0,13172.0,13349.5,18795.0,320954.0
2026-02-26,13325.0,13348.0,13168.0,13259.0,17986.0,316159.0
2026-02-27,13252.0,13527.0,13228.5,13296.0,25260.0,315662.0
2026-03-02,13396.5,13433.0,13072.0,13084.5,27833.0,312188.0
2026-03-03,13140.0,13265.0,12722.0,12964.5,40583.0,307341.0
2026-03-04,12957.5,13180.0,12933.0,13027.5,24881.0,306245.0
2026-03-05,13085.0,13145.0,12792.0,12859.0,27870.0,305292.0
2026-03-06,12899.5,13010.0,12808.5,12869.0,24353.0,307669.0
2026-03-09,12747.0,12968.5,12583.0,12919.0,30871.0,302580.0
2026-03-10,13000.0,13174.0,12986.0,13096.5,21626.0,303615.0
2026-03-11,13132.5,13144.5,12930.0,13049.0,17094.0,303257.0
2026-03-12,13027.0,13073.0,12915.0,12948.5,16859.0,303536.0
2026-03-13,12939.5,12990.0,12733.0,12735.5,22647.0,306680.0
2026-03-16,12720.0,12940.0,12667.0,12918.5,19728.0,301514.0
2026-03-17,12908.0,12948.0,12721.0,12780.0,16551.0,293259.0
2026-03-18,12770.0,12800.0,12340.5,12340.5,33622.0,288387.0
2026-03-19,12313.0,12333.0,11754.0,12211.5,46922.0,288626.0
2026-03-20,12233.0,12354.0,11833.0,11834.5,27672.0,293257.0
2026-03-23,11781.5,12395.0,11700.0,12221.0,51935.0,292313.0
2026-03-24,12130.0,12160.0,11895.0,12092.5,23191.0,292719.0
2026-03-25,12280.0,12383.0,12196.5,12283.0,22643.0,296137.0
2026-03-26,12262.0,12282.5,12079.0,12120.0,18490.0,296463.0
2026-03-27,12122.0,12325.0,12106.0,12141.0,15470.0,295472.0
2026-03-30,12049.0,12278.0,12021.0,12195.0,15294.0,295018.0
2026-03-31,12152.0,12420.0,12121.0,12382.5,18831.0,298893.0
2026-04-01,12449.5,12492.5,12334.5,12472.5,24861.0,291195.0
2026-04-02,12431.0,12449.0,12212.0,12348.5,20300.0,294897.0
2026-04-07,12374.5,12471.0,12280.0,12328.5,16379.0,294424.0
2026-04-08,12506.0,12755.5,12505.0,12705.5,27986.0,294067.0
2026-04-09,12658.5,12715.0,12536.5,12695.5,18496.0,297471.0
2026-04-10,12669.0,12928.0,12642.0,12857.0,22055.0,293443.0
2026-04-13,12700.0,13133.0,12683.0,13123.5,26780.0,291903.0
2026-04-14,13105.5,13305.0,13055.0,13296.0,25253.0,289323.0
2026-04-15,13280.5,13392.5,13222.5,13276.0,22801.0,289149.0
2026-04-16,13285.0,13373.5,13182.5,13242.0,16990.0,286698.0
2026-04-17,13217.0,13380.0,13183.0,13349.0,20407.0,280499.0
2026-04-20,13216.0,13370.0,13195.0,13245.0,18097.0,280977.0
2026-04-21,13261.0,13330.0,13139.0,13154.5,15384.0,279345.0
2026-04-22,13193.5,13480.0,13193.5,13470.5,22332.0,275319.0
2026-04-23,13454.0,13481.5,13203.5,13310.0,22139.0,276402.0
2026-04-24,13290.0,13336.0,13213.5,13289.0,17226.0,277406.0
2026-04-27,13278.0,13373.0,13193.0,13226.5,15479.0,278732.0
2026-04-28,13233.0,13261.5,12937.5,13034.5,27866.0,275532.0
2026-04-29,13032.5,13155.0,12967.0,12989.0,19363.0,275574.0
2026-04-30,13002.0,13141.5,12948.0,13019.0,21029.0,274995.0
2026-05-01,13047.0,13120.0,12940.0,12949.5,13248.0,265325.0
2026-05-05,12805.0,13161.0,12780.0,13100.5,17781.0,266087.0
2026-05-06,13111.0,13462.0,13109.0,13391.5,26965.0,267572.0
2026-05-07,13350.0,13450.0,13283.0,13323.5,16604.0,271942.0
2026-05-08,13284.0,13619.0,13270.0,13535.5,29475.0,270788.0
2026-05-11,13520.5,13969.0,13515.0,13920.0,26837.0,271989.0
2026-05-12,13944.5,14106.5,13833.0,14080.0,25775.0,273116.0
2026-05-13,14141.5,14196.5,14058.0,14083.0,22594.0,274983.0
2026-05-14,14080.0,14133.0,13888.0,13985.0,22284.0,277447.0
2026-05-15,13965.0,13965.0,13467.5,13544.5,34269.0,280916.0
2026-05-18,13530.0,13625.0,13394.5,13590.0,24202.0,283015.0
2026-05-19,13618.0,13645.0,13387.0,13427.0,19794.0,276552.0
2026-05-20,13428.5,13676.0,13350.0,13654.5,17423.0,273177.0
2026-05-21,13630.5,13710.0,13454.5,13610.0,17553.0,273320.0
2026-05-22,13601.5,13689.5,13551.0,13635.0,16157.0,269885.0
2026-05-26,13688.5,13725.0,13601.0,13610.5,16622.0,268498.0
2026-05-27,13671.0,13746.0,13508.5,13516.0,23729.0,270396.0
2026-05-28,13530.0,13747.0,13464.0,13746.5,20746.0,275685.0
2026-05-29,13731.0,13748.0,13602.0,13611.5,16272.0,277028.0
2026-06-01,13650.0,13885.5,13634.0,13879.5,25667.0,272879.0
2026-06-02,13883.0,14056.0,13818.5,13983.5,22080.0,272637.0
2026-06-03,13983.0,14027.0,13785.0,13785.5,20644.0,272267.0
2026-06-04,13800.0,13967.5,13702.0,13904.0,21051.0,271204.0
2026-06-05,13884.0,13896.0,13499.5,13517.0,25231.0,272780.0
2026-06-08,13498.0,13683.0,13478.0,13590.5,19243.0,271461.0
2026-06-09,13592.5,13813.0,13518.0,13559.5,22990.0,266458.0
2026-06-10,13552.5,13611.0,13395.0,13449.0,24841.0,267434.0
2026-06-11,13394.0,13612.5,13378.0,13575.0,21178.0,265309.0
2026-06-12,13600.0,13743.5,13600.0,13713.5,18854.0,266310.0
2026-06-15,13800.0,13893.5,13713.0,13796.5,16642.0,262801.0
2026-06-16,13776.0,13820.0,13640.5,13816.5,15419.0,258730.0
2026-06-17,13788.0,13844.5,13767.0,13835.0,11514.0,251151.0
2026-06-18,13711.0,13772.0,13633.0,13655.0,15636.0,250529.0
2026-06-19,13650.0,13685.0,13523.0,13587.0,10545.0,253144.0
2026-06-22,13588.0,13742.0,13588.0,13671.0,16020.0,252175.0
2026-06-23,13659.0,13664.0,13363.0,13373.5,26080.0,251686.0
2026-06-24,13376.0,13482.0,12988.0,13026.5,35758.0,247625.0
2026-06-25,13084.0,13316.0,13054.5,13316.0,23630.0,247931.0
2026-06-26,13276.0,13378.0,13083.0,13322.0,19185.0,246646.0
2026-06-29,13317.0,13452.5,13252.5,13344.5,14167.0,246390.0
2026-06-30,13317.0,13444.0,13224.0,13380.0,17267.0,244706.0
2026-07-01,13370.5,13379.5,13103.5,13330.5,22515.0,241584.0
2026-07-02,13308.0,13398.0,13199.5,13285.5,14847.0,250327.0
2026-07-03,13301.0,13440.0,13301.0,13357.5,8490.0,249740.0
