date,open,high,low,close,volume
2015-01-05,4.85,5.18,4.66,5.08,559280.98
2015-01-06,5.03,5.87,4.91,5.38,1027345.67
2015-01-07,5.28,5.38,5.14,5.29,400900.77
2015-01-08,5.29,5.33,5.04,5.15,388500.5
2015-01-09,5.16,5.44,5.15,5.2,424276.17
2015-01-12,5.22,5.49,5.19,5.42,424484.25
2015-01-13,5.41,5.6,5.36,5.58,440684.99
2015-01-14,5.58,5.58,5.33,5.39,286081.59
2015-01-15,5.39,5.45,5.29,5.36,216157.57
2015-01-16,5.44,5.84,5.43,5.63,531794.5
2015-01-19,5.43,5.92,5.25,5.31,555137.62
2015-01-20,5.29,5.62,5.29,5.56,384060.01
2015-01-21,5.65,5.89,5.53,5.82,616550.79
2015-01-22,5.82,5.85,5.65,5.77,434386.46
2015-01-23,5.76,5.95,5.66,5.91,660947.81
2015-01-26,5.92,5.96,5.77,5.91,581418.6
2015-01-27,5.89,5.9,5.57,5.68,504009.06
2015-01-28,5.67,5.78,5.58,5.65,333138.39
2015-01-29,5.59,5.92,5.52,5.91,603279.87
2015-01-30,5.95,5.95,5.67,5.69,378703.22
2015-02-02,5.61,5.63,5.35,5.4,426255.72
2015-02-03,5.49,5.57,5.38,5.54,238783.87
2015-02-04,5.55,5.66,5.44,5.44,225378.05
2015-02-05,5.58,5.58,5.17,5.18,442494.29
2015-02-06,5.21,5.32,5.06,5.07,206532.71
2015-02-09,5.1,5.23,5.09,5.12,152404.97
2015-02-10,5.18,5.26,5.13,5.21,156941.15
2015-02-11,5.22,5.28,5.18,5.21,181448.34
2015-02-12,5.22,5.33,5.17,5.25,202137.6
2015-02-13,5.26,5.51,5.26,5.36,343228.09
2015-02-16,5.44,5.52,5.38,5.48,275974.15
2015-02-17,5.57,5.65,5.44,5.5,364496.59
2015-02-25,5.51,5.64,5.46,5.51,293934.13
2015-02-26,5.51,5.92,5.49,5.86,670048.16
2015-02-27,5.83,6.05,5.81,5.85,527999.33
2015-03-02,5.9,5.9,5.73,5.8,509239.84
2015-03-03,5.82,5.95,5.67,5.67,521330.23
2015-03-04,5.67,5.9,5.67,5.86,423734.29
2015-03-05,5.86,5.87,5.66,5.73,369787.32
2015-03-06,5.76,6.06,5.74,5.94,686046.91
2015-03-09,5.87,6.0,5.71,5.98,426070.5
2015-03-10,5.95,6.29,5.91,6.1,653248.27
2015-03-11,6.05,6.11,5.87,5.94,443247.28
2015-03-12,6.0,6.14,5.85,6.08,489429.8
2015-03-13,6.07,6.09,5.94,5.96,340771.2
2015-03-16,5.98,6.29,5.97,6.19,647567.28
2015-03-17,6.19,6.47,6.14,6.31,801469.5
2015-03-18,6.35,6.53,6.32,6.49,760568.84
2015-03-19,6.49,6.56,6.37,6.46,577191.07
2015-03-20,6.57,6.99,6.5,6.94,966390.6
2015-03-23,7.09,7.17,6.78,6.99,950291.92
2015-03-24,7.03,7.03,6.57,6.89,837035.65
2015-03-25,6.9,6.9,6.54,6.66,739123.98
2015-03-26,6.67,6.85,6.56,6.81,651849.61
2015-03-27,6.81,7.85,6.75,7.85,1321766.91
2015-03-30,8.16,8.96,8.08,8.45,1902992.11
2015-03-31,8.45,8.85,8.16,8.41,1217569.84
2015-04-01,8.48,9.61,8.48,9.61,805172.07
2015-04-02,10.18,10.7,9.84,10.1,1770354.25
2015-04-03,10.18,10.45,9.7,10.28,1165836.82
2015-04-07,10.21,10.45,9.8,9.95,1186468.52
2015-04-08,9.85,9.85,9.13,9.49,1205227.57
2015-04-09,9.23,10.06,9.22,9.78,1344436.74
2015-04-10,9.72,9.99,9.55,9.78,833142.01
2015-04-13,9.73,10.09,9.44,9.92,1014235.29
2015-04-14,9.86,10.36,9.73,9.96,1045078.19
2015-04-15,9.77,9.78,8.79,8.86,1122344.38
2015-04-16,8.67,9.4,8.65,9.05,801362.7
2015-04-17,9.15,9.44,9.08,9.21,865834.14
2015-04-20,9.23,9.94,8.86,9.37,1157314.3
2015-04-21,9.58,9.7,9.26,9.66,718174.37
2015-04-22,9.84,10.98,9.84,10.56,1458635.42
2015-04-23,10.59,10.98,10.14,10.38,1191080.19
2015-04-24,10.3,10.65,9.84,10.19,943835.68
2015-04-27,10.33,10.74,10.16,10.71,1261030.3
2015-04-28,10.72,10.76,9.65,9.82,1035564.23
2015-04-29,9.44,9.78,9.32,9.71,743350.04
2015-04-30,9.75,10.18,9.59,9.96,849265.98
2015-05-04,9.95,10.41,9.73,10.2,693730.01
2015-05-05,10.21,10.22,9.14,9.26,625271.41
2015-05-06,9.49,9.64,8.67,8.83,580439.09
2015-05-07,8.86,9.02,8.49,8.51,402824.81
2015-05-08,8.65,8.89,8.45,8.84,523308.74
2015-05-11,8.85,9.83,8.75,9.46,844612.48
2015-05-12,9.49,9.71,9.18,9.36,605230.63
2015-05-13,9.34,9.59,9.05,9.23,690128.68
2015-05-14,9.21,9.55,9.13,9.47,621874.97
2015-05-15,9.39,9.4,8.94,8.96,565185.15
2015-05-18,9.2,9.3,8.78,8.86,551274.94
2015-05-19,8.83,9.58,8.77,9.51,784724.19
2015-05-20,9.63,9.98,9.43,9.45,811641.08
2015-05-21,9.66,9.94,9.36,9.88,718832.66
2015-05-22,10.08,10.56,9.92,10.47,1053352.39
2015-05-25,10.45,11.61,10.36,11.31,1033831.25
2015-05-26,11.4,12.35,11.4,11.66,1096023.91
2015-05-27,11.81,11.83,11.0,11.3,901819.79
2015-05-28,11.16,12.03,10.3,10.62,1002888.72
2015-05-29,10.82,12.04,10.37,12.04,1221578.85
2015-06-01,12.54,13.37,12.24,13.22,1855126.86
2015-06-02,12.88,13.83,12.76,13.4,1241151.84
2015-06-03,13.52,13.86,12.47,13.45,1025812.45
2015-06-04,13.45,13.75,12.01,13.27,865144.45
2015-06-05,13.45,13.57,12.85,13.26,1041743.78
2015-06-08,13.52,13.55,12.53,12.78,789383.11
2015-06-09,12.81,13.46,12.71,13.05,692816.78
2015-06-10,13.28,14.04,13.04,13.35,997926.09
2015-06-11,13.22,13.22,12.69,12.9,661203.41
2015-06-12,12.89,13.38,12.84,13.12,725799.11
2015-06-15,13.13,13.57,12.96,13.09,759947.48
2015-06-16,12.76,12.76,11.43,11.52,815792.66
2015-06-17,11.52,11.83,10.74,11.66,725156.04
2015-06-18,11.53,11.95,10.68,10.88,793698.76
2015-06-19,10.74,11.08,9.87,10.04,636489.43
2015-06-23,10.07,10.32,9.04,10.29,571626.77
2015-06-24,10.39,11.35,10.38,10.95,787731.23
2015-06-25,11.03,11.23,9.97,10.24,552146.12
2015-06-26,9.81,10.04,8.87,8.87,759759.82
2015-06-29,9.3,9.43,7.63,7.64,918330.39
2015-06-30,7.65,8.66,6.53,8.48,988048.1
2015-07-01,8.24,8.88,7.3,7.4,693486.42
2015-07-02,7.5,7.83,6.31,6.31,874447.86
2015-07-03,6.11,6.6,5.33,5.33,1067299.34
2015-07-06,6.22,6.22,4.84,5.6,1398747.94
2015-07-07,5.23,5.65,4.69,4.69,1332054.84
2015-07-08,3.88,4.52,3.88,3.96,1981431.28
2015-07-09,4.13,4.71,4.04,4.71,928976.14
2015-07-10,5.15,5.53,4.77,5.53,882346.81
2015-07-13,6.05,6.43,5.94,6.43,1205117.58
2015-07-14,6.42,7.14,5.76,6.46,1197974.43
2015-07-15,6.17,6.28,5.47,5.81,819447.61
2015-07-16,5.81,6.22,5.19,6.02,627974.09
2015-07-17,6.19,6.72,6.02,6.57,677419.26
2015-07-20,6.57,6.85,6.2,6.48,729323.46
2015-07-21,6.31,7.47,6.07,7.32,1111255.33
2015-07-22,7.21,7.43,6.68,7.17,919544.13
2015-07-23,7.15,7.57,7.12,7.41,801625.45
2015-07-24,7.47,7.76,6.92,7.16,883122.86
2015-07-27,7.01,7.63,6.09,6.09,932963.14
2015-07-28,5.47,6.33,5.19,5.72,813474.64
2015-07-29,5.93,6.56,5.67,6.39,664035.34
2015-07-30,6.31,6.6,5.85,6.0,560510.5
2015-07-31,5.82,6.25,5.81,6.19,448802.1
2015-08-03,5.99,6.51,5.94,6.28,496587.72
2015-08-04,6.31,7.09,6.27,7.06,591824.37
2015-08-05,6.93,7.53,6.93,6.99,591598.8
2015-08-06,6.84,7.45,6.79,7.1,503986.95
2015-08-07,7.61,8.16,7.44,8.16,1385924.2
2015-08-10,8.41,8.82,8.05,8.63,1069645.63
2015-08-11,8.42,8.71,8.22,8.4,671270.55
2015-08-12,8.25,8.51,7.93,7.96,503790.41
2015-08-13,8.18,8.36,7.72,8.32,462986.67
2015-08-14,8.45,8.74,8.28,8.41,468738.03
2015-08-17,8.31,8.53,7.93,8.26,456483.22
2015-08-18,8.16,8.4,7.08,7.08,524842.55
2015-08-19,6.53,7.43,6.02,7.15,589930.27
2015-08-20,6.95,7.01,6.39,6.43,351719.73
2015-08-21,6.21,6.45,5.45,5.77,462166.0
2015-08-24,5.24,5.47,4.84,4.84,497133.47
2015-08-25,4.03,4.37,4.01,4.01,638136.1
2015-08-26,4.03,4.31,3.38,3.71,568595.58
2015-08-27,3.97,4.31,3.72,4.3,709380.56
2015-08-28,4.43,4.89,4.37,4.88,631006.6
2015-08-31,4.89,5.72,4.78,5.72,754510.14
2015-09-01,5.72,5.72,4.8,5.15,914236.55
2015-09-02,4.49,5.4,4.36,5.01,655881.66
2015-09-07,5.18,5.47,4.6,4.66,626087.0
2015-09-08,4.52,4.95,4.03,4.88,415621.33
2015-09-09,5.0,5.42,4.89,5.22,517950.58
2015-09-10,5.04,5.44,4.95,5.27,375890.14
2015-09-11,5.18,5.4,4.95,5.18,266620.44
2015-09-14,5.39,5.43,4.42,5.26,643342.15
2015-09-15,5.04,5.04,4.38,4.73,384524.24
2015-09-16,4.55,5.5,4.52,5.32,361765.58
2015-09-17,5.27,5.65,4.93,4.99,422254.51
2015-09-18,5.01,5.18,4.76,4.88,232914.28
2015-09-21,4.66,5.35,4.66,5.32,297712.44
2015-09-22,5.36,5.61,5.14,5.41,401399.63
2015-09-23,5.18,5.4,4.98,5.2,383511.61
2015-09-24,5.42,5.52,5.06,5.14,454784.34
2015-09-25,5.08,5.14,4.63,4.77,337624.22
2015-09-28,4.81,4.91,4.53,4.89,170548.96
2015-09-29,4.73,4.8,4.56,4.72,166454.28
2015-09-30,4.77,4.85,4.67,4.71,149673.01
2015-10-08,5.04,5.54,4.96,5.11,607045.73
2015-10-09,5.18,5.81,5.07,5.74,804574.23
2015-10-12,5.82,6.25,5.62,5.74,1077859.55
2015-10-13,5.65,6.22,5.56,6.19,726364.62
2015-10-14,6.05,6.32,5.82,5.96,607192.2
2015-10-15,5.83,6.16,5.77,6.12,548396.55
2015-10-16,6.22,6.68,6.14,6.28,594279.34
2015-10-19,6.33,6.4,5.88,6.05,541894.9
2015-10-20,6.11,6.33,5.91,6.21,461105.1
2015-10-21,6.16,6.33,5.25,5.81,672075.24
2015-10-22,5.65,5.96,5.5,5.91,439798.6
2015-10-23,6.05,6.33,5.99,6.27,599275.7
2015-10-26,6.51,6.58,6.11,6.49,777331.38
2015-10-27,6.31,6.33,5.9,6.25,465798.55
2015-10-28,6.22,6.54,6.06,6.13,481798.83
2015-10-29,6.25,6.38,6.11,6.19,337015.59
2015-10-30,6.17,6.55,6.0,6.33,566494.05
2015-11-02,6.22,6.33,5.94,5.95,349377.43
2015-11-03,5.99,6.07,5.61,5.69,345564.93
2015-11-04,5.73,6.18,5.66,6.16,418246.42
2015-11-05,6.17,6.57,6.08,6.21,852524.08
2015-11-06,6.28,6.86,6.27,6.74,841643.84
2015-11-09,6.64,6.83,6.41,6.65,827056.46
2015-11-10,6.62,6.91,6.53,6.67,595832.21
2015-11-11,6.75,6.79,6.48,6.65,476381.09
2015-11-12,6.65,6.75,6.25,6.61,939149.1
2015-11-13,6.46,7.02,6.4,6.65,903567.87
2015-11-16,6.46,6.58,6.28,6.57,482829.93
2015-11-17,6.8,6.88,6.36,6.39,786847.57
2015-11-18,6.51,6.99,6.42,6.46,777726.16
2015-11-19,6.54,6.68,6.35,6.65,416207.21
2015-11-20,6.63,6.7,6.41,6.49,597938.46
2015-11-23,6.45,6.51,6.11,6.2,543035.72
2015-11-24,6.22,6.22,5.89,6.09,372035.18
2015-11-25,6.06,6.35,6.02,6.19,366815.62
2015-11-26,6.17,6.45,6.17,6.25,423236.65
2015-11-27,6.28,6.28,5.36,5.43,461649.83
2015-11-30,5.48,5.61,4.95,5.42,379461.57
2015-12-01,5.44,5.55,5.35,5.45,204263.77
2015-12-02,5.47,5.61,5.27,5.6,278168.18
2015-12-03,5.59,5.7,5.5,5.66,260387.59
2015-12-04,5.62,5.62,5.35,5.41,266254.42
2015-12-07,5.4,5.51,5.35,5.45,208096.29
2015-12-08,5.4,5.41,5.11,5.18,232149.09
2015-12-09,5.15,5.4,5.04,5.07,307778.14
2015-12-10,5.15,5.25,5.03,5.09,207190.77
2015-12-11,5.1,5.17,4.81,4.88,331097.89
2015-12-14,4.84,5.1,4.77,5.06,294508.09
2015-12-15,5.1,5.1,4.96,5.09,262364.0
2015-12-16,5.12,5.39,5.1,5.21,398216.76
2015-12-17,5.31,5.52,5.25,5.43,390090.15
2015-12-18,5.43,5.44,5.24,5.27,282221.4
2015-12-21,5.18,5.44,5.18,5.38,295776.65
2015-12-22,5.37,5.5,5.34,5.46,247252.25
2015-12-23,5.46,5.51,5.36,5.39,259273.16
2015-12-24,5.4,5.56,5.25,5.55,248426.86
2015-12-25,5.54,5.59,5.48,5.53,161957.96
2015-12-28,5.53,5.65,5.13,5.16,306259.84
2015-12-29,5.18,5.33,5.15,5.32,172400.44
2015-12-30,5.41,5.92,5.4,5.85,587457.27
2015-12-31,5.92,6.6,5.85,6.16,1049546.15
2016-01-04,6.27,6.49,5.54,5.61,509831.59
2016-01-05,5.62,6.51,5.44,6.51,1319689.94
2016-01-06,6.49,6.84,6.39,6.71,1342431.11
2016-01-07,6.46,6.53,5.69,5.7,292121.18
2016-01-08,6.18,6.62,5.89,6.58,1270573.08
2016-01-11,6.17,6.42,5.57,5.58,984317.9
2016-01-12,5.76,5.85,5.1,5.23,606736.1
2016-01-13,5.28,5.4,4.44,4.47,544596.79
2016-01-14,4.18,5.03,4.07,4.84,504972.58
2016-01-15,4.85,5.06,4.34,4.53,414373.54
2016-01-18,4.23,4.89,4.23,4.64,315961.36
2016-01-19,4.67,5.25,4.62,5.18,436423.49
2016-01-20,5.07,5.24,4.86,4.96,372843.09
2016-01-21,4.79,5.01,4.44,4.48,286840.98
2016-01-22,4.59,4.69,4.4,4.56,226007.99
2016-01-25,4.71,4.99,4.6,4.91,316106.39
2016-01-26,4.78,4.91,4.12,4.28,361103.41
2016-01-27,4.31,4.43,3.8,4.26,356500.93
2016-01-28,4.07,4.25,3.68,3.69,307586.11
2016-01-29,3.7,4.14,3.7,4.01,264451.07
2016-02-01,3.97,4.08,3.74,3.86,190477.95
2016-02-02,3.9,4.22,3.86,4.18,252987.5
2016-02-03,4.08,4.27,4.01,4.2,176430.23
2016-02-04,4.26,4.46,4.2,4.31,233429.89
2016-02-05,4.35,4.46,4.07,4.11,203751.03
2016-02-15,3.82,4.07,3.77,4.0,145302.19
2016-02-16,4.1,4.39,4.05,4.31,247138.39
2016-02-17,4.31,4.45,4.23,4.38,278160.81
2016-02-18,4.43,4.49,4.28,4.32,226652.46
2016-02-19,4.26,4.44,4.25,4.34,192119.02
2016-02-22,4.49,4.81,4.39,4.66,315400.1
2016-02-23,4.69,4.7,4.48,4.6,174674.17
2016-02-24,4.6,4.81,4.53,4.77,241454.42
2016-02-25,4.85,4.85,3.95,4.1,377898.42
2016-02-26,4.19,4.26,3.96,4.16,186737.78
2016-02-29,4.16,4.19,3.55,3.78,250051.2
2016-03-01,3.79,3.96,3.59,3.86,206219.11
2016-03-02,3.87,4.26,3.82,4.18,242966.24
2016-03-03,4.2,4.35,4.15,4.23,206354.33
2016-03-04,4.14,4.34,3.97,4.27,298032.77
2016-03-07,4.33,4.45,4.12,4.26,213959.99
2016-03-08,4.2,4.25,3.82,4.24,220456.83
2016-03-09,4.13,4.15,3.94,4.13,116291.0
2016-03-10,4.12,4.27,3.99,4.01,189685.4
2016-03-11,3.85,3.99,3.74,3.87,177359.87
2016-03-14,3.92,4.15,3.92,4.05,234318.27
2016-03-15,4.02,4.11,3.94,4.0,150248.64
2016-03-16,3.97,4.07,3.93,4.0,174327.02
2016-03-17,4.04,4.23,3.99,4.2,261983.92
2016-03-18,4.16,4.44,4.16,4.36,499112.08
2016-03-21,4.42,4.53,4.39,4.46,383769.95
2016-03-22,4.38,4.56,4.33,4.45,306844.6
2016-03-23,4.4,5.24,4.37,4.96,631834.0
2016-03-24,4.73,4.91,4.71,4.76,349854.42
2016-03-25,4.75,4.88,4.63,4.84,233237.67
2016-03-28,4.86,5.03,4.64,4.71,320262.95
2016-03-29,4.7,4.7,4.36,4.45,213002.55
2016-03-30,4.53,4.74,4.51,4.71,215876.3
2016-03-31,4.82,4.92,4.6,4.84,284147.56
2016-04-01,4.78,5.1,4.77,5.06,386147.29
2016-04-05,5.04,5.45,5.04,5.2,518222.35
2016-04-06,5.2,5.35,5.07,5.22,372221.37
2016-04-07,5.27,5.27,4.92,4.97,271660.54
2016-04-08,4.9,5.1,4.88,5.02,207701.78
2016-04-11,5.18,5.21,5.03,5.07,245946.65
2016-04-12,5.05,5.16,4.96,5.09,200788.85
2016-04-13,5.14,5.29,5.03,5.06,410518.63
2016-04-14,5.11,5.15,4.98,5.07,207177.79
2016-04-15,5.08,5.26,5.05,5.15,293572.46
2016-04-18,5.13,5.13,4.91,4.95,177021.71
2016-04-19,5.01,5.05,4.77,4.85,205394.74
2016-04-20,4.91,4.92,4.25,4.49,346829.09
2016-04-21,4.42,4.53,4.36,4.38,163561.13
2016-04-22,4.34,4.52,4.3,4.52,130597.88
2016-04-25,4.51,4.58,4.36,4.51,123287.39
2016-04-26,4.52,4.75,4.49,4.74,218742.79
2016-04-27,4.72,4.8,4.55,4.59,189239.55
2016-04-28,4.59,4.64,4.39,4.47,150171.58
2016-04-29,4.47,4.59,4.44,4.59,133637.39
2016-05-03,4.59,4.86,4.53,4.81,282260.8
2016-05-04,4.81,4.81,4.65,4.71,238216.25
2016-05-05,4.69,4.82,4.65,4.78,169283.5
2016-05-06,4.77,4.79,4.37,4.38,203801.74
2016-05-09,4.3,4.44,4.12,4.22,172202.52
2016-05-10,4.22,4.35,4.19,4.23,121929.72
2016-05-11,4.26,4.31,4.15,4.19,133556.61
2016-05-12,4.12,4.38,3.98,4.3,165808.39
2016-05-13,4.26,4.37,4.15,4.19,78013.77
2016-05-16,4.19,4.27,4.12,4.27,79438.16
2016-05-17,4.28,4.35,4.24,4.27,98314.11
2016-05-18,4.23,4.23,4.04,4.15,130707.51
2016-05-19,4.14,4.21,4.09,4.13,139454.84
2016-05-20,4.08,4.18,4.03,4.17,90408.39
2016-05-23,4.2,4.31,4.14,4.22,99154.24
2016-05-24,4.18,4.2,4.07,4.11,83844.84
2016-05-25,4.17,4.19,4.03,4.04,102575.08
2016-05-26,4.02,4.08,3.89,4.02,110418.6
2016-05-27,4.03,4.16,4.0,4.12,132872.77
2016-05-30,4.12,4.14,4.05,4.08,78007.71
2016-05-31,4.12,4.45,4.08,4.42,247071.9
2016-06-01,4.44,4.44,4.35,4.38,148440.03
2016-06-02,4.39,4.41,4.27,4.37,128407.31
2016-06-03,4.38,4.69,4.36,4.57,317909.14
2016-06-06,4.55,4.57,4.46,4.48,137854.19
2016-06-07,4.54,4.56,4.41,4.49,107595.95
2016-06-08,4.49,4.49,4.34,4.38,141870.3
2016-06-13,4.32,4.32,4.12,4.12,153885.52
2016-06-14,4.12,4.19,4.05,4.12,85910.98
2016-06-15,4.07,4.34,4.04,4.27,179390.34
2016-06-16,4.31,4.49,4.21,4.33,220300.04
2016-06-17,4.3,4.42,4.24,4.29,152889.27
2016-06-20,4.29,4.44,4.29,4.42,190369.39
2016-06-21,4.46,4.51,4.31,4.37,155291.52
2016-06-22,4.32,4.41,4.24,4.4,107924.65
2016-06-23,4.38,4.38,4.26,4.28,94413.37
2016-06-24,4.28,4.34,4.0,4.13,171936.88
2016-06-27,4.1,4.25,4.08,4.24,125747.05
2016-06-28,4.21,4.31,4.17,4.3,109502.06
2016-06-29,4.31,4.35,4.23,4.29,148884.13
2016-06-30,4.3,4.45,4.26,4.4,166753.42
2016-07-01,4.37,4.41,4.29,4.3,92709.24
2016-07-04,4.3,4.42,4.26,4.4,196869.12
2016-07-05,4.4,4.47,4.36,4.42,243901.3
2016-07-06,4.4,4.41,4.33,4.4,185335.61
2016-07-07,4.38,4.62,4.35,4.54,356836.26
2016-07-08,4.51,4.55,4.43,4.44,177195.06
2016-07-11,4.46,4.57,4.41,4.47,205273.83
2016-07-12,4.64,4.81,4.5,4.71,579808.15
2016-07-13,4.73,4.92,4.73,4.77,370797.0
2016-07-14,4.77,4.81,4.69,4.77,199071.5
2016-07-15,4.82,4.96,4.71,4.88,290474.07
2016-07-18,4.89,5.1,4.82,4.98,302093.22
2016-07-19,4.99,5.06,4.91,5.01,234811.18
2016-07-20,5.01,5.07,4.84,4.85,206697.32
2016-07-21,4.91,5.0,4.87,4.95,194832.92
2016-07-22,4.96,4.96,4.82,4.84,156763.21
2016-07-25,4.85,4.88,4.76,4.82,149722.8
2016-07-26,4.82,4.97,4.78,4.97,163642.6
2016-07-27,4.97,5.08,4.69,4.85,359170.74
2016-07-28,4.79,5.14,4.76,5.13,408659.18
2016-07-29,5.11,5.47,5.11,5.3,517480.38
2016-08-01,5.23,5.28,4.94,5.18,268511.9
2016-08-02,5.11,5.34,5.06,5.33,162902.1
2016-08-03,5.28,5.34,5.21,5.22,185505.85
2016-08-04,5.21,5.28,5.02,5.11,235221.67
2016-08-05,5.06,5.21,4.96,5.1,178971.31
2016-08-08,5.04,5.28,4.96,5.28,178009.34
2016-08-09,5.22,5.26,5.14,5.24,182440.43
2016-08-10,5.21,5.25,5.07,5.1,124718.57
2016-08-11,5.1,5.19,4.95,4.96,188997.32
2016-08-12,4.96,5.17,4.89,5.13,147648.95
2016-08-15,5.11,5.36,5.09,5.36,341090.64
2016-08-16,5.4,5.44,5.26,5.28,199172.55
2016-08-17,5.28,5.51,5.27,5.49,310438.87
2016-08-18,5.51,5.66,5.41,5.44,287883.86
2016-08-19,5.43,5.52,5.38,5.47,131127.72
2016-08-22,5.48,5.65,5.37,5.58,230083.23
2016-08-23,5.55,5.77,5.47,5.62,255336.57
2016-08-24,5.63,5.76,5.53,5.69,207976.38
2016-08-25,5.62,5.65,5.4,5.48,212294.11
2016-08-26,5.47,5.59,5.41,5.47,99330.53
2016-08-29,5.5,5.62,5.4,5.44,166165.3
2016-08-30,5.45,5.52,5.4,5.44,89650.5
2016-08-31,5.45,5.54,5.35,5.44,107199.39
2016-09-01,5.4,5.73,5.38,5.58,270361.84
2016-09-02,5.55,6.02,5.55,5.88,416431.91
2016-09-05,5.88,5.94,5.72,5.78,165434.19
2016-09-06,5.78,5.99,5.75,5.9,317960.07
2016-09-07,5.92,5.99,5.86,5.89,208595.54
2016-09-08,5.89,6.13,5.89,5.98,264745.04
2016-09-09,5.98,6.0,5.72,5.73,214874.82
2016-09-12,5.56,5.73,5.5,5.7,305442.52
2016-09-13,5.68,5.77,5.62,5.74,131354.34
2016-09-14,5.71,5.76,5.6,5.69,119767.36
2016-09-19,5.67,5.89,5.67,5.86,159207.93
2016-09-20,5.86,5.88,5.77,5.85,118291.12
2016-09-21,5.86,6.14,5.86,6.09,268857.51
2016-09-22,6.1,6.17,6.0,6.13,190297.22
2016-09-23,6.15,6.15,6.06,6.09,106912.43
2016-09-26,6.08,6.18,5.89,5.9,168546.12
2016-09-27,5.87,5.97,5.8,5.93,98151.01
2016-09-28,5.95,5.99,5.83,5.84,77491.18
2016-09-29,5.86,5.91,5.82,5.84,74154.53
2016-09-30,5.81,6.13,5.81,6.1,126672.69
2016-10-10,6.08,6.24,6.02,6.19,153917.01
2016-10-11,6.15,6.41,6.13,6.33,195727.58
2016-10-12,6.36,6.54,6.27,6.29,226143.83
2016-10-13,6.33,6.38,6.24,6.29,106613.46
2016-10-14,6.35,6.35,6.2,6.29,91473.62
2016-10-17,6.32,6.32,6.12,6.2,115615.56
2016-10-18,6.21,6.42,6.19,6.41,182791.94
2016-10-19,6.42,6.49,6.31,6.4,119675.6
2016-10-20,6.38,6.43,6.28,6.33,94695.79
2016-10-21,6.32,6.32,6.13,6.15,138452.99
2016-10-24,6.21,6.32,6.15,6.21,139442.76
2016-10-25,6.31,6.38,6.22,6.37,148875.06
2016-10-26,6.37,6.38,6.21,6.28,109705.83
2016-10-27,6.27,6.27,6.14,6.21,125299.55
2016-10-28,6.21,6.28,6.18,6.2,103730.83
2016-10-31,6.2,6.21,5.36,5.51,545905.05
2016-11-01,5.51,5.72,5.47,5.67,202113.65
2016-11-02,5.63,5.72,5.57,5.64,121774.3
2016-11-03,5.65,5.65,5.41,5.53,160944.14
2016-11-04,5.51,5.63,5.39,5.4,161751.21
2016-11-07,5.41,5.51,5.35,5.45,126071.91
2016-11-08,5.49,5.54,5.43,5.48,75433.99
2016-11-09,5.48,5.48,5.25,5.32,163159.31
2016-11-10,5.41,5.44,5.39,5.44,100729.76
2016-11-11,5.44,5.58,5.43,5.53,147416.59
2016-11-14,5.51,5.67,5.47,5.56,161611.3
2016-11-15,5.61,6.2,5.46,6.03,399040.61
2016-11-16,5.94,6.0,5.83,5.87,171366.74
2016-11-17,5.82,6.24,5.77,6.02,292175.1
2016-11-18,5.99,6.09,5.95,6.02,118758.0
2016-11-21,6.06,6.06,5.78,5.85,166230.2
2016-11-22,5.83,5.92,5.78,5.8,171677.57
2016-11-23,5.88,5.89,5.72,5.78,158220.0
2016-11-24,5.74,5.77,5.49,5.56,251198.08
2016-11-25,5.61,5.61,5.47,5.56,163120.4
2016-11-28,5.63,5.77,5.62,5.67,239904.95
2016-11-29,5.66,5.81,5.62,5.64,150815.46
2016-11-30,5.64,5.68,5.56,5.61,94601.57
2016-12-01,5.61,5.72,5.58,5.62,101168.36
2016-12-02,5.62,5.77,5.6,5.69,172008.59
2016-12-05,5.61,5.84,5.52,5.82,213349.81
2016-12-06,5.85,6.08,5.77,5.96,315708.46
2016-12-07,6.01,6.03,5.9,6.0,184156.52
2016-12-08,6.06,6.06,5.82,5.85,178836.13
2016-12-09,5.79,5.89,5.73,5.81,179892.97
2016-12-12,5.83,5.87,5.59,5.78,285329.61
2016-12-13,5.73,5.77,5.51,5.54,214392.77
2016-12-14,5.59,6.43,5.56,6.13,800012.3
2016-12-15,6.1,6.25,5.94,6.2,436450.54
2016-12-16,6.22,6.27,6.03,6.07,286202.66
2016-12-19,6.09,6.28,6.05,6.11,231477.25
2016-12-20,6.14,6.14,5.73,5.87,274468.52
2016-12-21,5.89,6.07,5.87,5.99,260679.07
2016-12-22,6.2,6.43,6.1,6.31,487424.62
2016-12-23,6.24,6.43,6.18,6.41,376409.35
2016-12-26,6.36,6.36,6.1,6.34,350196.18
2016-12-27,6.32,6.58,6.25,6.37,437869.89
2016-12-28,6.32,6.42,6.22,6.28,167777.25
2017-06-08,6.79,6.79,5.77,6.05,1951257.08
2017-06-09,6.16,6.98,6.16,6.98,1325460.47
2017-06-12,7.21,7.46,7.05,7.17,1187208.91
2017-06-13,7.1,7.22,6.89,7.17,522414.5
2017-06-14,7.13,7.19,6.91,6.94,363545.48
2017-06-15,6.95,6.99,6.57,6.65,505636.24
2017-06-16,6.61,6.7,6.47,6.61,306406.65
2017-06-19,6.68,6.8,6.57,6.73,335717.83
2017-06-20,6.78,6.78,6.45,6.51,299125.74
2017-06-21,6.55,6.65,6.35,6.61,376464.65
2017-06-22,6.59,6.76,6.44,6.64,381641.76
2017-06-23,6.58,6.58,6.21,6.31,514681.3
2017-06-26,6.26,7.12,6.25,6.9,711015.71
2017-06-27,6.94,7.2,6.83,6.88,368252.46
2017-06-28,6.84,6.98,6.74,6.87,214151.79
2017-06-29,6.87,7.03,6.77,6.83,228249.19
2017-06-30,6.86,7.09,6.75,7.05,290155.9
2017-07-03,7.05,7.17,6.94,6.98,249827.19
2017-07-04,6.96,7.05,6.8,7.02,238367.66
2017-07-05,6.98,7.39,6.93,7.33,419704.29
2017-07-06,7.34,7.45,7.15,7.3,297031.03
2017-07-07,7.25,7.52,7.21,7.33,315495.04
2017-07-10,7.25,7.35,7.06,7.08,246236.38
2017-07-11,7.03,7.18,6.86,6.9,200458.24
2017-07-12,6.89,7.01,6.5,6.6,373905.98
2017-07-13,6.61,6.78,6.57,6.74,187798.51
2017-07-14,6.76,6.82,6.63,6.77,106118.0
2017-07-17,6.77,6.83,6.42,6.7,281392.3
2017-07-18,6.67,6.83,6.47,6.76,216473.12
2017-07-19,6.77,7.04,6.71,6.94,283659.76
2017-07-20,6.88,7.05,6.83,7.03,201944.13
2017-07-21,7.01,7.13,6.94,6.97,162031.85
2017-07-24,6.95,7.16,6.86,7.03,189992.65
2017-07-25,6.96,7.02,6.71,6.73,240148.49
2017-07-26,6.7,6.8,6.58,6.72,169009.7
2017-07-27,6.72,6.77,6.59,6.75,158034.44
2017-07-28,6.75,7.01,6.7,6.94,151681.96
2017-07-31,7.14,7.18,6.84,6.9,313666.99
2017-08-01,6.98,7.11,6.8,6.9,336172.72
2017-08-02,6.81,6.88,6.65,6.72,279298.55
2017-08-03,6.74,6.74,6.5,6.61,268833.94
2017-08-04,6.61,6.67,6.44,6.46,238731.88
2017-08-07,6.44,6.58,6.43,6.47,174834.75
2017-08-08,6.54,6.54,6.38,6.42,158830.22
2017-08-09,6.43,6.64,6.43,6.59,200496.89
2017-08-10,6.56,6.61,6.34,6.55,205279.82
2017-08-11,6.47,6.65,6.42,6.6,192167.71
2017-08-14,6.65,6.68,6.56,6.68,156013.46
2017-08-15,6.71,6.76,6.57,6.6,153801.98
2017-08-16,6.6,6.62,6.47,6.55,108208.29
2017-08-17,6.5,6.78,6.5,6.64,163472.25
2017-08-18,6.75,6.95,6.59,6.89,351820.55
2017-08-21,6.95,7.11,6.84,6.87,285423.16
2017-08-22,6.9,7.0,6.8,6.92,235860.98
2017-08-23,6.89,6.9,6.67,6.74,186173.68
2017-08-24,6.72,6.72,6.54,6.56,133816.28
2017-08-25,6.55,6.7,6.51,6.61,180299.33
2017-08-28,6.62,6.7,6.6,6.63,207434.31
2017-08-29,6.66,6.67,6.49,6.55,204420.0
2017-08-30,6.56,6.62,6.49,6.53,177010.31
2017-08-31,6.51,6.64,6.5,6.62,172663.2
2017-09-01,6.62,6.65,6.53,6.54,161839.1
2017-09-04,6.53,6.55,6.33,6.46,328467.43
2017-09-05,6.44,6.46,6.31,6.32,272521.95
2017-09-06,6.33,6.33,6.18,6.23,299567.37
2017-09-07,6.21,6.35,6.19,6.23,201991.56
2017-09-08,6.27,6.46,6.27,6.34,231767.59
2017-09-11,6.35,6.52,6.31,6.4,300273.15
2017-09-12,6.44,6.64,6.42,6.47,436401.43
2017-09-13,6.44,6.49,6.3,6.34,202137.38
2017-09-14,6.34,6.34,6.2,6.22,276535.52
2017-09-15,6.22,6.32,6.16,6.27,168009.0
2017-09-18,6.28,6.32,6.2,6.27,179333.35
2017-09-19,6.29,6.29,6.16,6.21,205960.91
2017-09-20,6.2,6.21,6.1,6.19,163347.68
2017-09-21,6.18,6.3,6.13,6.25,185052.48
2017-09-22,6.22,6.31,6.2,6.29,136512.86
2017-09-25,6.29,6.32,6.18,6.28,199698.76
2017-09-26,6.24,6.28,6.21,6.24,86149.61
2017-09-27,6.22,6.39,6.22,6.34,132127.68
2017-09-28,6.38,6.41,6.3,6.36,137516.71
2017-09-29,6.36,6.46,6.35,6.39,165786.15
2017-10-09,6.52,6.58,6.41,6.53,275626.45
2017-10-10,6.58,6.58,6.39,6.54,205415.59
2017-10-11,6.52,6.59,6.47,6.54,159442.08
2017-10-12,6.57,6.57,6.4,6.45,147409.73
2017-10-13,6.49,6.49,6.41,6.47,112292.64
2017-10-16,6.52,6.6,6.46,6.53,198992.15
2017-10-17,6.53,6.65,6.51,6.58,233487.33
2017-10-18,6.54,6.74,6.54,6.72,255986.28
2017-10-26,6.77,6.9,6.49,6.55,421789.74
2017-10-27,6.53,6.72,6.36,6.4,330535.27
2017-10-30,6.38,6.64,6.24,6.62,246592.31
2017-10-31,6.56,6.68,6.56,6.62,183538.73
2017-11-01,6.65,7.3,6.63,6.96,544426.68
2017-11-02,7.02,7.13,6.86,7.04,253754.97
2017-11-03,7.06,7.1,6.9,7.09,248366.48
2017-11-06,7.04,7.23,6.96,7.16,340746.7
2017-11-07,7.15,7.3,6.98,7.03,348106.44
2017-11-08,7.06,7.16,6.93,6.94,302324.42
2017-11-09,6.99,7.76,6.92,7.72,904879.58
2017-11-10,7.71,8.81,7.67,8.7,1417119.69
2017-11-13,8.68,8.79,8.45,8.63,659551.98
2017-11-14,8.63,8.66,8.28,8.48,532734.64
2017-11-15,8.39,8.56,8.0,8.13,768782.17
2017-11-16,8.06,8.72,8.04,8.71,619761.65
2017-11-17,8.68,9.03,8.49,8.8,683301.09
2017-11-20,8.66,9.08,8.24,9.04,439776.48
2017-11-21,9.11,9.49,8.83,8.86,508568.94
2017-11-22,8.83,9.04,8.58,8.89,440809.22
2017-11-23,8.86,8.86,8.17,8.22,463229.66
2017-11-24,8.17,8.38,7.95,8.25,303056.35
2017-11-27,8.29,8.31,7.97,8.27,204569.98
2017-11-28,8.15,8.39,8.06,8.32,181727.64
2017-11-29,8.22,8.49,7.76,7.81,337262.17
2017-11-30,7.82,7.94,7.65,7.8,226043.97
2017-12-01,7.77,7.98,7.74,7.87,211197.52
2017-12-04,7.87,8.0,7.65,7.78,271497.52
2017-12-05,7.78,8.11,7.72,8.04,386479.64
2017-12-06,7.96,8.26,7.84,8.08,322797.28
2017-12-07,8.09,8.19,7.68,7.76,272796.18
2017-12-08,7.71,7.76,7.48,7.62,250161.24
2017-12-11,7.74,8.02,7.64,7.98,242948.56
2017-12-12,8.02,8.02,7.77,7.78,140837.67
2017-12-13,7.83,8.16,7.74,8.09,248580.64
2017-12-14,8.1,8.1,7.44,7.58,360674.7
2017-12-15,7.58,7.74,7.51,7.54,190525.46
2017-12-18,7.59,7.6,7.27,7.49,246835.9
2017-12-19,7.45,7.62,7.42,7.52,232681.05
2017-12-20,7.58,7.62,7.36,7.43,167685.64
2017-12-21,7.47,7.78,7.42,7.67,309277.25
2017-12-22,7.65,7.84,7.58,7.59,211040.58
2017-12-25,7.6,7.71,7.11,7.19,348374.57
2017-12-26,7.21,7.36,7.11,7.3,229420.59
2017-12-27,7.32,7.32,7.08,7.12,198150.44
2017-12-28,7.13,7.3,7.09,7.17,151732.54
2017-12-29,7.19,7.42,7.14,7.41,164795.74
2018-01-02,7.43,7.5,7.3,7.45,252311.64
2018-01-03,7.47,7.74,7.34,7.6,311186.28
2018-01-04,7.6,7.74,7.45,7.52,302621.19
2018-01-05,7.49,7.51,7.26,7.33,323989.95
2018-01-08,7.33,7.33,7.13,7.23,231788.86
2018-01-09,7.24,7.32,7.12,7.25,267043.53
2018-01-10,7.27,7.29,7.09,7.13,156501.6
2018-01-11,7.14,7.34,7.09,7.31,208636.67
2018-01-12,7.31,7.31,6.97,6.97,320929.05
2018-01-15,6.92,6.93,6.28,6.51,553943.82
2018-01-16,6.44,6.53,6.28,6.5,245988.88
2018-01-17,6.49,6.71,6.44,6.53,192494.51
2018-01-18,6.47,6.75,6.42,6.73,204008.4
2018-01-19,6.75,7.21,6.73,7.02,418389.39
2018-01-22,6.99,7.16,6.95,7.06,190516.51
2018-01-23,7.06,7.21,7.03,7.14,181327.37
2018-01-24,7.15,7.24,7.05,7.17,124221.78
2018-01-25,7.19,7.49,7.14,7.23,250694.63
2018-01-26,7.14,7.29,7.02,7.06,110161.84
2018-01-29,6.96,7.19,6.94,7.12,139912.58
2018-01-30,7.05,7.32,7.05,7.28,153519.72
2018-01-31,7.19,7.19,6.37,6.63,519788.39
2018-02-01,6.58,6.76,6.46,6.75,312706.81
2018-02-02,6.72,6.72,6.45,6.65,182508.01
2018-02-05,6.41,6.58,6.3,6.31,168669.53
2018-02-06,6.09,6.32,6.01,6.31,272515.64
2018-02-07,6.33,6.43,6.07,6.25,190060.52
2018-02-08,6.16,6.29,6.11,6.24,102120.92
2018-02-09,6.08,6.18,5.34,5.77,287307.84
2018-02-12,5.77,5.9,5.58,5.87,171629.71
2018-02-13,5.89,6.07,5.81,5.83,132167.22
2018-02-14,5.86,6.03,5.85,5.98,81627.83
2018-02-22,6.09,6.26,5.99,6.21,82283.8
2018-02-23,6.24,6.28,6.12,6.21,88368.2
2018-02-26,6.25,6.42,6.24,6.38,150464.23
2018-02-27,6.43,6.45,6.22,6.38,183664.85
2018-02-28,6.27,6.28,6.17,6.22,135152.29
2018-03-01,6.18,6.39,6.15,6.38,142269.55
2018-03-02,6.32,6.54,6.27,6.3,104550.03
2018-03-05,6.38,6.4,6.22,6.39,77394.02
2018-03-06,6.36,6.43,6.31,6.41,92603.0
2018-03-07,6.43,6.58,6.35,6.42,123015.0
2018-03-08,6.46,6.47,6.36,6.43,70724.73
2018-03-09,6.44,6.63,6.42,6.58,120370.06
2018-03-12,6.61,6.87,6.58,6.77,158264.46
2018-03-13,6.78,6.81,6.66,6.72,96213.02
2018-03-14,6.75,6.89,6.62,6.64,106814.01
2018-03-15,6.62,6.62,6.39,6.45,106796.43
2018-03-16,6.44,6.65,6.4,6.5,97992.55
2018-03-19,6.54,6.54,6.38,6.44,83033.99
2018-03-20,6.43,6.76,6.33,6.53,110726.63
2018-03-21,6.62,6.78,6.59,6.62,194866.31
2018-03-22,6.55,7.12,6.29,6.63,313359.61
2018-03-23,6.27,6.66,6.16,6.63,374219.26
2018-03-26,6.44,6.58,6.33,6.55,140202.02
2018-03-27,6.69,6.76,6.53,6.58,201091.9
2018-03-28,6.6,6.74,6.38,6.49,162329.73
2018-03-29,6.51,6.54,6.4,6.52,103843.1
2018-03-30,6.51,6.58,6.42,6.56,121305.68
2018-04-02,6.57,6.65,6.47,6.47,112348.45
2018-04-03,6.5,6.68,6.45,6.65,227190.96
2018-04-04,6.64,6.65,6.5,6.55,136396.75
2018-04-09,6.5,6.53,6.21,6.38,183475.15
2018-04-10,6.38,6.47,6.27,6.38,120298.53
2018-04-11,6.41,6.6,6.33,6.57,116823.14
2018-04-12,6.54,6.75,6.51,6.67,171008.76
2018-04-13,6.81,6.98,6.81,6.83,275556.96
2018-04-16,6.77,6.84,6.55,6.66,171497.96
2018-04-17,6.67,6.72,6.43,6.44,102956.8
2018-04-18,6.54,6.56,6.32,6.51,115040.55
2018-04-19,6.55,6.7,6.5,6.63,117329.33
2018-04-20,6.66,6.68,6.51,6.62,153547.93
2018-04-23,6.61,6.66,6.53,6.61,118855.17
2018-04-24,6.61,6.81,6.61,6.79,146214.02
2018-04-25,6.8,6.87,6.7,6.83,92416.71
2018-04-26,6.83,6.89,6.68,6.83,108105.19
2018-04-27,6.81,6.88,6.68,6.84,122359.07
2018-05-02,6.83,7.13,6.77,7.04,241527.01
2018-05-03,7.01,7.31,7.0,7.22,237956.55
2018-05-04,7.21,7.46,7.18,7.27,168578.47
2018-05-07,7.28,7.6,7.25,7.53,206807.25
2018-05-08,7.54,7.59,7.39,7.43,164256.42
2018-05-09,7.43,7.59,7.41,7.53,132836.64
2018-05-10,7.49,7.8,7.49,7.72,147067.85
2018-05-11,7.74,7.78,7.45,7.47,128258.8
2018-05-14,7.46,7.58,7.36,7.49,119310.93
2018-05-15,7.52,7.53,7.19,7.3,141531.38
2018-05-16,7.34,7.56,7.3,7.43,144642.52
2018-05-17,7.43,7.5,7.19,7.27,105412.76
2018-05-18,7.27,7.38,7.22,7.29,79316.29
2018-05-21,7.34,7.51,7.33,7.37,92313.05
2018-05-22,7.43,7.43,7.06,7.1,153052.96
2018-05-23,7.1,7.22,7.02,7.1,93226.94
2018-05-24,7.13,7.15,6.83,6.87,117399.74
2018-05-25,6.89,6.97,6.76,6.91,75782.21
2018-05-28,6.89,6.93,6.73,6.75,81253.88
2018-05-29,6.76,6.84,6.69,6.8,81892.16
2018-05-30,6.68,6.73,6.57,6.58,110409.89
2018-05-31,6.58,6.76,6.58,6.71,65240.6
2018-06-01,6.72,6.73,6.35,6.42,99408.46
2018-06-04,6.41,6.52,6.2,6.35,111193.46
2018-06-05,6.47,6.64,6.37,6.58,92392.87
2018-06-06,6.58,6.8,6.58,6.73,94714.8
2018-06-07,6.77,6.9,6.7,6.8,82556.7
2018-06-08,6.8,6.81,6.6,6.8,81775.9
2018-06-11,6.75,6.77,6.6,6.72,79169.85
2018-06-12,6.72,6.72,6.54,6.7,72648.7
2018-06-13,6.64,6.81,6.57,6.7,75672.11
2018-06-14,6.65,6.75,6.62,6.7,47172.55
2018-06-15,6.69,6.71,6.32,6.7,107047.49
2018-06-19,6.6,6.81,6.51,6.76,437891.94
2018-06-20,6.65,6.67,6.37,6.5,86855.51
2018-06-21,6.51,6.59,6.38,6.39,58665.01
2018-06-22,6.4,6.49,6.13,6.27,93086.34
2018-06-25,6.35,6.4,6.13,6.13,41342.0
2018-06-26,6.1,6.1,5.88,5.95,94824.94
2018-06-27,5.98,6.03,5.79,5.98,63582.42
2018-06-28,5.98,6.06,5.88,5.98,47806.75
2018-06-29,6.1,6.22,5.99,6.18,47879.39
2018-07-02,6.18,6.26,6.01,6.07,65702.04
2018-07-03,6.05,6.06,5.85,5.95,102525.93
2018-07-04,6.0,6.0,5.49,5.55,124646.22
2018-07-05,5.61,5.7,5.32,5.68,131984.8
2018-07-06,5.63,5.69,5.39,5.59,68015.38
2018-07-09,5.55,5.77,5.55,5.72,64704.31
2018-07-10,5.83,5.89,5.7,5.85,64081.67
2018-07-11,5.77,5.83,5.62,5.78,40742.63
2018-07-12,5.8,6.06,5.73,5.96,78143.37
2018-07-13,6.03,6.17,5.96,6.11,76931.63
2018-07-16,6.17,6.17,5.99,6.08,38772.57
2018-07-17,6.03,6.1,5.89,6.05,48417.45
2018-07-18,6.04,6.16,5.93,5.96,37891.97
2018-07-19,6.03,6.03,5.77,5.79,45243.59
2018-07-20,5.78,6.1,5.69,5.98,73218.67
2018-07-23,5.96,6.16,5.94,6.09,62744.25
2018-07-24,6.16,6.46,6.1,6.39,92507.36
2018-07-25,6.38,6.48,6.27,6.31,63543.73
2018-07-26,6.3,6.39,6.2,6.27,57239.34
2018-07-27,6.36,6.36,6.16,6.19,31619.42
2018-07-30,6.2,6.45,6.14,6.2,64888.27
2018-07-31,6.17,6.27,6.05,6.24,53200.66
2018-08-01,6.2,6.23,6.01,6.03,54559.39
2018-08-02,5.99,6.06,5.7,5.73,123926.11
2018-08-03,5.81,6.06,5.7,5.72,137538.23
2018-08-06,5.77,5.87,5.67,5.74,58909.01
2018-08-07,5.78,5.84,5.66,5.81,58367.35
2018-08-08,5.8,6.05,5.76,5.94,94654.09
2018-08-09,5.89,6.16,5.88,6.12,63865.76
2018-08-10,6.11,6.19,6.06,6.1,50384.82
2018-08-13,5.99,6.09,5.87,5.92,72789.44
2018-08-14,5.93,6.04,5.91,6.02,82523.15
2018-08-15,6.05,6.05,5.85,5.91,57908.4
2018-08-16,5.84,6.01,5.79,5.87,40807.4
2018-08-17,5.98,5.99,5.8,5.81,52424.72
2018-08-20,5.89,5.89,5.69,5.85,47072.31
2018-08-21,5.85,5.96,5.81,5.88,28370.9
2018-08-22,5.88,5.92,5.74,5.89,41989.54
2018-08-23,5.89,5.92,5.77,5.87,49093.44
2018-08-24,5.82,5.87,5.56,5.62,117672.4
2018-08-27,5.65,5.75,5.61,5.74,96515.7
2018-08-28,5.93,6.32,5.9,6.27,189495.03
2018-08-29,6.27,6.42,6.2,6.37,121389.25
2018-08-30,6.42,6.53,6.27,6.34,108858.61
2018-08-31,6.47,6.5,6.3,6.34,152649.41
2018-09-03,6.35,6.41,6.19,6.24,92359.71
2018-09-04,6.29,6.45,6.25,6.37,89578.51
2018-09-05,6.35,6.4,6.25,6.29,54107.37
2018-09-06,6.21,6.34,6.06,6.1,96229.21
2018-09-07,6.22,6.32,6.13,6.25,64175.68
2018-09-10,6.88,7.16,6.58,6.59,451879.96
2018-09-11,6.7,6.7,6.43,6.5,158014.03
2018-09-12,6.53,6.56,6.36,6.38,104657.66
2018-09-13,6.46,6.7,6.26,6.68,131956.12
2018-09-14,6.62,6.79,6.62,6.66,132988.43
2018-09-17,6.65,6.76,6.56,6.66,70975.88
2018-09-18,6.66,7.05,6.62,7.02,208436.54
2018-09-19,6.99,7.19,6.92,6.98,139960.84
2018-09-20,6.95,7.13,6.89,6.97,80579.33
2018-09-21,6.92,7.05,6.85,7.02,146033.43
2018-09-25,6.9,7.07,6.9,7.02,80435.2
2018-09-26,7.01,7.37,7.01,7.17,163268.65
2018-09-27,7.2,7.28,7.12,7.18,66496.61
2018-09-28,7.18,7.25,7.04,7.25,86230.91
2018-10-08,7.21,7.21,6.81,6.88,97955.36
2018-10-09,6.83,7.03,6.74,6.87,91172.96
2018-10-10,6.91,7.03,6.79,6.91,122704.39
2018-10-11,6.7,6.9,6.31,6.47,180594.29
2018-10-12,6.38,6.72,6.36,6.68,112921.04
2018-10-15,6.68,6.89,6.61,6.63,106695.89
2018-10-16,6.68,6.82,6.42,6.46,102875.21
2018-10-17,6.59,6.92,6.54,6.79,159729.52
2018-10-18,6.76,6.76,6.5,6.52,101049.45
2018-10-19,6.41,6.97,6.34,6.88,191691.77
2018-10-22,6.94,7.32,6.94,7.06,213170.69
2018-10-23,7.13,7.23,7.02,7.08,141299.79
2018-10-24,7.07,7.36,7.05,7.26,175042.27
2018-10-25,7.04,7.34,6.99,7.32,135799.5
2018-10-26,7.28,7.41,7.04,7.16,152900.34
2018-10-29,7.12,7.43,7.02,7.08,211040.45
2018-10-30,7.1,7.2,6.94,7.09,165045.37
2018-10-31,7.07,7.14,6.94,7.08,132935.28
2018-11-01,7.37,7.5,7.2,7.28,210711.84
2018-11-02,7.36,7.55,7.27,7.53,168393.37
2018-11-05,7.49,7.49,7.24,7.36,159366.32
2018-11-06,7.32,7.36,7.14,7.31,79984.39
2018-11-07,7.32,7.45,7.23,7.23,78792.73
2018-11-08,7.25,7.28,7.07,7.08,77336.71
2018-11-09,7.04,7.25,7.04,7.17,59991.48
2018-11-12,7.17,7.45,7.12,7.43,120926.36
2018-11-13,7.29,7.44,7.27,7.31,115518.26
2018-11-14,7.34,7.53,7.28,7.49,168610.2
2018-11-15,7.48,7.5,7.34,7.42,107116.4
2018-11-16,7.44,7.57,7.37,7.4,106344.88
2018-11-19,7.38,7.5,7.32,7.47,132859.64
2018-11-20,7.42,7.42,7.25,7.32,88556.25
2018-11-21,7.28,7.28,7.19,7.23,63056.68
2018-11-22,7.33,7.34,7.16,7.2,42822.16
2018-11-23,7.2,7.27,6.93,6.94,102808.21
2018-11-26,6.94,7.14,6.94,7.05,74986.42
2018-11-27,7.15,7.15,6.97,6.98,44320.08
2018-11-28,7.02,7.14,6.88,7.08,81639.16
2018-11-29,7.15,7.21,7.05,7.17,92157.89
2018-11-30,7.2,7.21,6.94,7.21,89558.09
2018-12-03,7.25,7.48,7.24,7.36,140983.02
2018-12-04,7.34,7.46,7.32,7.42,53233.24
2018-12-05,7.32,7.61,7.32,7.59,162243.1
2018-12-06,7.6,7.72,7.45,7.46,162188.75
2018-12-07,7.41,7.72,7.41,7.62,110148.61
2018-12-10,7.61,7.96,7.58,7.93,243235.78
2018-12-11,7.93,8.04,7.83,7.91,154339.77
2018-12-12,8.04,8.04,7.78,7.82,145261.59
2018-12-13,7.89,8.09,7.84,7.9,129693.57
2018-12-14,7.86,8.12,7.86,7.92,124811.97
2018-12-17,7.87,8.02,7.82,7.86,112873.36
2018-12-18,7.91,8.02,7.64,7.83,134436.84
2018-12-19,7.87,8.0,7.52,7.65,139318.9
2018-12-20,7.73,7.78,7.43,7.64,112020.32
2018-12-21,7.54,7.75,7.46,7.6,87293.19
2018-12-24,7.46,7.69,7.46,7.6,59888.01
2018-12-25,7.56,7.57,7.4,7.51,99967.87
2018-12-26,7.63,8.08,7.52,7.64,167485.84
2018-12-27,7.76,7.8,7.47,7.5,96172.4
2018-12-28,7.5,7.78,7.4,7.76,109575.1
2019-01-02,7.77,7.8,7.31,7.53,130583.37
2019-01-03,7.46,7.57,7.38,7.56,87364.77
2019-01-04,7.5,7.86,7.41,7.82,161677.82
2019-01-07,7.86,8.43,7.86,8.35,287297.64
2019-01-08,8.26,8.35,8.06,8.13,152749.75
2019-01-09,8.17,8.24,8.05,8.08,143260.47
2019-01-10,8.05,8.28,8.01,8.24,149275.69
2019-01-11,8.21,8.23,7.97,8.13,102688.98
2019-01-14,8.18,8.2,7.93,7.98,86178.27
2019-01-15,8.01,8.32,7.95,8.22,130948.42
2019-01-16,8.22,8.3,8.04,8.09,107636.37
2019-01-17,8.14,8.2,7.95,8.01,83848.78
2019-01-18,8.05,8.29,8.04,8.26,146587.04
2019-01-21,8.33,8.41,8.24,8.31,132202.94
2019-01-22,8.25,8.28,8.09,8.11,86613.28
2019-01-23,8.1,8.48,8.07,8.32,131256.62
2019-01-24,8.34,8.44,8.24,8.38,96361.13
2019-01-25,8.38,8.48,8.25,8.33,89846.17
2019-01-28,8.34,8.6,8.28,8.45,129919.9
2019-01-29,8.37,8.48,8.27,8.44,69217.02
2019-01-30,8.41,8.5,8.16,8.19,104977.04
2019-01-31,8.11,8.27,8.04,8.12,71433.84
2019-02-01,8.09,8.47,8.09,8.42,89262.45
2019-02-11,8.5,8.56,8.39,8.44,139716.51
2019-02-12,8.53,8.59,8.33,8.5,193112.46
2019-02-13,8.49,8.57,8.31,8.51,230093.73
2019-02-14,8.47,8.64,8.3,8.5,206050.99
2019-02-15,8.46,8.72,8.42,8.48,200880.68
2019-02-18,8.55,8.8,8.55,8.67,282468.12
2019-02-19,8.67,8.7,8.37,8.49,225544.16
2019-02-20,8.43,8.44,8.04,8.17,286788.26
2019-02-21,8.18,8.37,8.06,8.16,207998.66
2019-02-22,8.19,8.35,8.13,8.35,165359.64
2019-02-25,8.49,8.68,8.17,8.67,468017.31
2019-02-26,8.61,8.61,8.27,8.33,407262.29
2019-02-27,8.28,8.28,7.57,7.69,596862.73
2019-02-28,7.59,7.89,7.59,7.74,256188.97
2019-03-01,7.81,7.82,7.67,7.78,171910.69
2019-03-04,7.98,8.41,7.98,8.13,531742.86
2019-03-05,8.15,8.22,7.97,8.11,285921.95
2019-03-06,8.09,8.2,7.98,8.1,268323.11
2019-03-07,8.03,8.09,7.78,7.9,325280.59
2019-03-08,7.75,8.2,7.69,8.0,355811.0
2019-03-11,9.1,9.1,9.1,9.1,335568.71
2019-03-12,10.3,10.3,10.3,10.3,230530.45
2019-03-13,10.35,11.61,10.15,10.58,1833360.54
2019-03-14,10.35,10.35,9.23,9.28,1075154.79
2019-03-15,9.28,9.88,9.28,9.48,584068.2
2019-03-18,9.48,9.83,9.0,9.63,538339.47
2019-03-19,9.54,10.22,9.51,9.93,508083.21
2019-03-20,9.83,10.14,9.56,9.69,357175.44
2019-03-21,9.65,10.2,9.65,9.82,425937.42
2019-03-22,9.71,9.83,9.42,9.62,279835.73
2019-03-25,9.41,9.53,9.04,9.12,292830.65
2019-03-26,9.14,9.42,9.02,9.08,209571.83
2019-03-27,9.31,9.38,9.04,9.23,160363.07
2019-03-28,9.18,9.35,9.0,9.02,188325.15
2019-03-29,9.03,9.3,8.85,9.26,321896.09
2019-04-01,9.4,9.7,9.2,9.59,344740.15
2019-04-02,9.55,9.87,9.55,9.64,342224.1
2019-04-03,9.47,9.47,8.96,9.32,448404.15
2019-04-04,9.15,9.59,9.14,9.42,373923.05
2019-04-08,9.47,9.51,9.03,9.14,342351.03
2019-04-09,9.1,9.27,8.91,9.23,213167.28
2019-04-10,9.19,9.23,8.99,9.14,202061.63
2019-04-11,9.15,9.76,9.15,9.48,411459.76
2019-04-12,9.52,9.77,9.27,9.57,394217.49
2019-04-15,9.8,9.89,9.25,9.29,261682.35
2019-04-16,9.33,9.38,8.98,9.35,247044.95
2019-04-17,9.25,9.7,9.19,9.62,340267.1
2019-04-18,9.59,9.62,9.38,9.5,177746.06
2019-04-19,9.64,9.69,9.34,9.54,166547.27
2019-04-22,9.63,9.63,9.19,9.29,165745.02
2019-04-23,9.42,9.58,9.26,9.34,215941.38
2019-04-24,9.31,9.51,9.11,9.37,182251.66
2019-04-25,9.47,9.59,9.25,9.27,277083.7
2019-04-26,9.27,9.41,8.49,8.54,360991.07
2019-04-29,8.56,8.75,8.3,8.53,272086.72
2019-04-30,8.67,8.67,8.33,8.57,166025.86
2019-05-06,8.33,8.46,7.69,7.89,281515.54
2019-05-07,8.04,8.13,7.77,8.01,152690.34
2019-05-08,7.86,7.96,7.64,7.75,151833.36
2019-05-09,7.63,7.85,7.6,7.68,110535.48
2019-05-10,7.75,8.01,7.58,8.0,126491.14
2019-05-13,7.91,7.93,7.62,7.7,132694.11
2019-05-14,7.58,7.75,7.56,7.69,89247.23
2019-05-15,7.79,7.97,7.66,7.95,148713.37
2019-05-16,7.97,8.55,7.87,8.39,203279.34
2019-05-17,8.35,8.35,8.09,8.12,156153.04
2019-05-20,8.2,8.2,7.75,7.95,144495.0
2019-05-21,7.98,8.14,7.87,8.03,118657.63
2019-05-22,8.08,8.27,7.97,8.11,114579.48
2019-05-23,8.11,8.2,7.81,8.09,108077.09
2019-05-24,8.01,8.09,7.9,8.06,75390.64
2019-05-27,7.98,8.15,7.84,8.11,112945.16
2019-05-28,8.14,8.43,8.13,8.42,180545.25
2019-05-29,8.27,8.33,8.16,8.26,97342.84
2019-05-30,8.16,8.19,7.66,7.76,237057.93
2019-05-31,7.79,7.79,7.58,7.63,144248.87
2019-06-03,7.64,7.68,6.97,7.17,326681.24
2019-06-04,7.17,7.17,6.81,7.03,186896.63
2019-06-05,7.1,7.16,6.95,7.04,109420.62
2019-06-06,7.04,7.09,6.94,7.02,82474.0
2019-06-10,7.08,7.24,6.98,7.15,120862.65
2019-06-11,7.15,7.46,7.1,7.42,163439.56
2019-06-12,7.42,7.51,7.34,7.42,125289.62
2019-06-13,7.42,7.43,7.27,7.33,79232.37
2019-06-14,7.35,7.4,7.14,7.33,126952.01
2019-06-17,7.36,7.36,7.14,7.23,72343.68
2019-06-18,7.28,7.31,7.19,7.22,61759.86
2019-06-19,7.42,7.61,7.41,7.46,159828.9
2019-06-20,7.55,7.83,7.49,7.76,167193.19
2019-06-21,7.9,8.08,7.8,7.91,175732.69
2019-06-24,7.92,8.03,7.83,8.0,82064.81
2019-06-25,7.88,7.97,7.75,7.8,77369.35
2019-06-26,7.79,7.98,7.74,7.9,92686.45
2019-06-27,7.94,8.03,7.84,7.97,94667.98
2019-06-28,8.0,8.0,7.74,7.83,58022.32
2019-07-01,7.97,8.11,7.89,7.96,96848.18
2019-07-02,7.99,8.08,7.91,8.0,99720.27
2019-07-03,7.98,8.2,7.91,8.05,107886.92
2019-07-04,8.05,8.18,8.01,8.12,83143.89
2019-07-05,8.19,8.19,7.95,8.04,70088.33
2019-07-08,8.04,8.05,7.71,7.81,75223.36
2019-07-09,7.78,7.85,7.53,7.69,80710.45
2019-07-10,7.78,7.97,7.74,7.9,87254.94
2019-07-11,7.91,7.99,7.75,7.78,66664.57
2019-07-12,7.78,7.87,7.74,7.76,50525.15
2019-07-15,7.71,7.84,7.59,7.75,73454.11
2019-07-16,7.83,7.85,7.62,7.66,71344.69
2019-07-17,7.63,7.71,7.59,7.65,73296.39
2019-07-18,7.61,7.63,7.46,7.46,48966.0
2019-07-19,7.49,7.58,7.42,7.5,57217.07
2019-07-22,7.49,7.8,7.35,7.58,103797.54
2019-07-23,7.56,7.82,7.56,7.72,127430.51
2019-07-24,7.78,8.3,7.77,8.07,231073.51
2019-07-25,8.19,8.21,8.06,8.12,94665.06
2019-07-26,8.07,8.19,8.06,8.11,111817.78
2019-07-29,8.22,8.28,8.11,8.21,75679.43
2019-07-30,8.2,8.31,8.14,8.16,69763.74
2019-07-31,8.16,8.26,8.12,8.17,72031.98
2019-08-01,8.21,8.21,8.01,8.08,67831.44
2019-08-02,7.93,8.0,7.79,7.82,79151.63
2019-08-05,7.71,7.83,7.56,7.56,98247.47
2019-08-06,7.4,7.56,7.18,7.41,104162.92
2019-08-07,7.57,7.67,7.41,7.59,69445.59
2019-08-08,7.6,7.64,7.44,7.57,81508.38
2019-08-09,7.66,7.66,7.39,7.41,60814.65
2019-08-12,7.46,7.61,7.42,7.56,53157.99
2019-08-13,7.51,7.64,7.44,7.58,49378.29
2019-08-14,7.67,7.73,7.63,7.65,87986.22
2019-08-15,7.56,7.71,7.53,7.63,88486.23
2019-08-16,7.69,7.7,7.5,7.54,87844.35
2019-08-19,7.65,7.79,7.55,7.78,127700.49
2019-08-20,7.8,7.82,7.71,7.75,59577.24
2019-08-21,7.7,7.76,7.49,7.57,143607.9
2019-08-22,7.5,7.61,7.43,7.5,81249.75
2019-08-23,7.5,7.54,7.25,7.32,141594.07
2019-08-26,7.16,7.27,7.15,7.23,64937.04
2019-08-27,7.27,7.49,7.27,7.32,131308.41
2019-08-28,7.32,7.4,7.25,7.32,61657.78
2019-08-29,7.27,7.34,7.25,7.27,49057.22
2019-08-30,7.31,7.35,7.24,7.27,67518.37
2019-09-02,7.19,7.75,7.19,7.67,161644.94
2019-09-03,7.69,8.01,7.61,7.99,178180.19
2019-09-04,8.02,8.42,7.99,8.35,304878.49
2019-09-05,8.37,8.77,8.37,8.54,298235.6
2019-09-06,8.56,8.92,8.56,8.77,338744.06
2019-09-09,9.03,9.26,8.82,8.94,302129.58
2019-09-10,9.2,9.23,8.86,8.98,175096.93
2019-09-11,9.12,9.14,8.83,8.89,156692.95
2019-09-12,8.97,9.0,8.71,8.84,172087.04
2019-09-16,8.91,8.93,8.63,8.82,132462.01
2019-09-17,8.83,8.92,8.48,8.54,167982.59
2019-09-18,8.71,8.94,8.67,8.72,209977.74
2019-09-19,8.86,8.88,8.55,8.68,141415.61
2019-09-20,8.77,9.26,8.7,9.1,412375.57
2019-09-23,9.23,9.3,8.98,9.22,327469.75
2019-09-24,9.17,9.8,9.12,9.7,325997.25
2019-09-25,9.64,9.9,9.44,9.49,175239.48
2019-09-26,9.58,9.58,9.09,9.19,187951.29
2019-09-27,9.29,9.3,8.95,9.19,150304.16
2019-09-30,9.08,9.28,8.9,9.09,104831.28
2019-10-08,8.94,9.37,8.94,9.14,124084.9
2019-10-09,9.14,9.58,9.03,9.46,151498.93
2019-10-10,9.45,9.89,9.41,9.78,200028.08
2019-10-11,9.75,9.91,9.64,9.75,113461.59
2019-10-14,9.91,10.83,9.91,10.28,265843.0
2019-10-15,10.28,10.28,9.77,9.85,114225.14
2019-10-16,10.04,10.14,9.7,9.87,127433.89
2019-10-17,10.04,10.26,9.82,9.89,92191.22
2019-10-18,10.22,10.32,9.69,9.85,113864.62
2019-10-21,9.74,9.93,9.47,9.54,124790.26
2019-10-22,9.67,9.85,9.48,9.73,121229.67
2019-10-23,9.64,9.75,9.49,9.52,84953.27
2019-10-24,9.55,9.63,9.35,9.42,86571.74
2019-10-25,9.47,9.57,9.19,9.52,87733.03
2019-10-28,9.57,9.83,9.36,9.74,186132.57
2019-10-29,9.74,9.74,9.53,9.63,117405.48
2019-10-30,9.38,9.91,9.35,9.78,137129.02
2019-10-31,9.84,10.07,9.75,9.96,107867.84
2019-11-01,10.09,10.28,9.97,10.22,111716.24
2019-11-04,10.3,10.51,10.11,10.2,157168.69
2019-11-05,10.25,10.5,10.21,10.25,123363.24
2019-11-06,10.25,10.36,10.07,10.11,108766.47
2019-11-07,10.17,10.43,10.13,10.31,85490.91
2019-11-08,10.37,10.48,10.25,10.28,119925.26
2019-11-11,10.26,10.54,10.08,10.28,109152.66
2019-11-12,10.35,10.58,10.29,10.58,129483.96
2019-11-13,10.65,10.65,10.23,10.38,115994.5
2019-11-14,10.47,11.13,10.37,10.89,252782.2
2019-11-15,10.97,11.28,10.8,10.97,184161.91
2019-11-18,10.95,11.35,10.71,11.25,159044.06
2019-11-19,11.21,11.33,11.03,11.17,157095.79
2019-11-20,11.28,11.3,10.99,11.11,126614.9
2019-11-21,11.07,11.2,10.94,11.07,176651.75
2019-11-22,11.15,11.19,10.72,10.85,117949.31
2019-11-25,10.84,11.13,10.76,10.87,148908.66
2019-11-26,11.0,11.0,10.62,10.79,177661.42
2019-11-27,10.9,10.91,10.56,10.68,114367.14
2019-11-28,10.69,10.89,10.56,10.68,64581.25
2019-11-29,10.67,10.77,10.4,10.54,74212.32
2019-12-02,10.55,11.09,10.51,10.56,157033.7
2019-12-03,10.51,10.65,10.15,10.25,217749.14
2019-12-04,10.29,10.3,9.11,9.35,492829.6
2019-12-05,9.42,9.63,8.91,9.2,480461.41
2019-12-06,9.2,9.31,9.09,9.23,225205.25
2019-12-09,9.35,9.48,9.2,9.3,219817.98
2019-12-10,9.29,9.29,9.06,9.18,124101.35
2019-12-11,9.12,9.57,8.99,9.2,277198.95
2019-12-12,9.22,9.22,8.92,8.97,204037.14
2019-12-13,9.05,9.44,8.97,9.19,340627.32
2019-12-16,9.26,9.48,9.21,9.44,207278.38
2019-12-17,9.47,9.86,9.35,9.7,232983.94
2019-12-18,9.77,9.78,9.53,9.64,220449.61
2019-12-19,10.05,10.56,9.82,9.91,364321.94
2019-12-20,10.03,10.04,9.5,9.51,217669.39
2019-12-23,9.42,9.61,9.39,9.52,102801.37
2019-12-24,9.44,9.55,9.24,9.41,84323.35
2019-12-25,9.41,9.87,9.38,9.8,122260.56
2019-12-26,9.8,9.87,9.6,9.75,82561.29
2019-12-27,9.74,9.87,9.63,9.65,94061.26
2019-12-30,9.61,9.71,9.47,9.6,125208.29
2019-12-31,9.6,9.69,9.36,9.51,154694.82
2020-01-02,9.64,10.18,9.59,9.93,199850.26
2020-01-03,9.93,10.1,9.87,9.97,109558.12
2020-01-06,9.92,10.21,9.85,9.96,143958.92
2020-01-07,9.96,10.1,9.92,10.06,87767.32
2020-01-08,10.08,10.08,9.68,9.75,116486.3
2020-01-09,9.87,9.99,9.77,9.88,99091.13
2020-01-10,9.95,9.95,9.44,9.62,226881.74
2020-01-13,9.57,9.7,9.48,9.67,141940.06
2020-01-14,9.71,9.77,9.56,9.6,134808.59
2020-01-15,9.58,9.6,9.33,9.41,149000.28
2020-01-16,9.37,9.4,8.79,8.92,369471.65
2020-01-17,8.86,8.86,7.75,7.9,1129574.14
2020-01-20,8.0,8.4,7.96,8.36,565669.25
2020-01-21,8.36,8.44,8.12,8.14,282845.33
2020-01-22,8.22,8.3,7.98,8.17,260447.62
2020-01-23,8.09,8.24,7.68,7.77,253390.52
2020-02-03,6.72,6.86,6.72,6.77,384091.15
2020-02-04,6.76,7.27,6.76,7.24,275356.93
2020-02-05,7.36,7.55,7.13,7.23,356627.65
2020-02-06,7.29,7.46,7.16,7.37,253335.14
2020-02-07,7.32,7.47,7.2,7.41,188596.99
2020-02-10,7.4,8.07,7.39,8.05,400704.71
2020-02-11,8.11,8.13,7.94,8.04,216015.76
2020-02-12,8.11,8.28,8.0,8.25,204968.89
2020-02-13,8.26,8.35,8.16,8.17,196859.83
2020-02-14,8.21,8.61,8.21,8.39,234953.95
2020-02-17,8.39,8.59,8.26,8.48,318545.05
2020-02-18,8.37,8.49,8.19,8.45,259031.38
2020-02-19,8.49,8.6,8.39,8.45,227879.85
2020-02-20,8.5,8.71,8.37,8.63,285372.79
2020-02-21,8.61,9.17,8.6,8.94,356176.2
2020-02-24,8.89,9.04,8.72,8.9,271372.04
2020-02-25,8.7,8.7,8.09,8.43,351367.31
2020-02-26,8.26,8.53,8.17,8.27,228935.1
2020-02-27,8.39,9.18,8.29,8.99,510700.08
2020-02-28,8.64,9.15,8.46,8.73,456200.2
2020-03-02,8.84,9.74,8.84,9.56,413790.99
2020-03-03,9.91,10.02,9.22,9.4,362219.44
2020-03-04,9.25,9.56,9.13,9.34,181942.52
2020-03-05,9.96,10.19,9.66,9.75,453022.42
2020-03-06,9.87,10.22,9.51,9.6,448201.84
2020-03-09,9.61,10.13,9.32,9.74,465557.17
2020-03-10,9.41,9.99,9.17,9.92,382621.22
2020-03-11,10.1,10.18,9.58,9.63,316199.03
2020-03-12,9.64,10.31,9.64,9.77,489212.66
2020-03-13,9.15,10.39,9.02,10.18,748854.13
2020-03-16,10.37,10.37,9.18,9.35,556175.23
2020-03-17,9.49,9.69,8.75,9.58,455573.62
2020-03-18,9.7,9.93,9.12,9.16,429132.62
2020-03-19,8.9,9.26,8.35,8.83,516109.22
2020-03-20,8.96,9.11,8.59,8.75,270658.85
2020-03-23,8.44,9.12,8.37,8.83,302839.76
2020-03-24,9.07,9.35,8.94,9.3,291530.07
2020-03-25,9.64,9.86,9.05,9.24,379857.91
2020-03-26,9.1,9.11,8.78,8.83,266585.59
2020-03-27,8.99,9.0,8.76,8.83,191022.43
2020-03-30,8.54,9.03,8.51,8.86,183281.33
2020-03-31,9.0,9.0,8.66,8.68,130337.35
2020-04-01,8.8,8.99,8.31,8.42,213591.55
2020-04-02,8.37,8.57,8.31,8.55,177331.09
2020-04-03,8.53,8.62,8.34,8.43,129002.61
2020-04-07,8.66,8.94,8.64,8.85,185777.31
2020-04-08,8.77,8.97,8.72,8.86,98536.63
2020-04-09,8.9,9.34,8.9,9.13,196015.38
2020-04-10,9.15,9.26,8.96,9.07,120273.57
2020-04-13,8.97,9.23,8.86,8.91,108195.48
2020-04-14,9.01,9.4,8.88,9.28,241259.01
2020-04-15,9.34,9.49,9.16,9.22,227307.25
2020-04-16,9.12,9.8,9.07,9.62,328893.4
2020-04-17,9.61,9.73,9.34,9.44,251787.49
2020-04-20,9.49,9.8,9.49,9.74,240010.96
2020-04-21,9.69,9.7,9.28,9.41,217312.26
2020-04-22,9.28,9.73,9.19,9.54,210445.36
2020-04-23,9.57,9.62,9.12,9.19,268205.33
2020-04-24,9.11,9.17,8.67,8.69,292640.35
2020-04-27,8.69,8.93,8.53,8.57,191061.66
2020-04-28,8.57,8.7,8.14,8.58,240602.84
2020-04-29,8.57,8.68,8.42,8.56,107263.11
2020-04-30,8.76,9.0,8.76,8.89,206935.84
2020-05-06,8.76,8.9,8.61,8.84,370490.76
2020-05-07,8.85,9.03,8.77,8.83,254689.55
2020-05-08,8.89,8.94,8.79,8.83,256979.58
2020-05-11,8.89,8.92,8.64,8.68,272693.42
2020-05-12,8.67,8.75,8.58,8.69,215713.81
2020-05-13,8.66,8.9,8.59,8.86,282242.76
2020-05-14,8.83,8.99,8.68,8.82,240019.11
2020-05-15,8.88,8.97,8.72,8.75,159051.09
2020-05-18,8.77,8.82,8.49,8.5,247714.87
2020-05-19,8.57,8.63,8.42,8.57,180835.75
2020-05-20,8.59,8.63,8.4,8.46,150150.73
2020-05-21,8.5,8.5,8.25,8.29,172457.69
2020-05-22,8.35,8.35,8.0,8.1,141230.51
2020-05-25,8.1,8.1,7.9,8.0,130061.31
2020-05-26,8.03,8.19,7.99,8.11,110886.02
2020-05-27,8.09,8.17,7.99,8.05,95029.5
2020-05-28,8.05,8.23,7.95,8.08,144464.2
2020-05-29,8.06,8.12,7.95,7.97,134210.71
2020-06-01,8.02,8.42,8.02,8.39,214630.96
2020-06-02,8.43,8.5,8.37,8.47,121768.35
2020-06-03,8.48,8.52,8.4,8.46,130781.14
2020-06-04,8.47,8.5,8.25,8.32,100721.12
2020-06-05,8.44,8.44,8.2,8.25,132212.25
2020-06-08,8.3,8.41,8.16,8.37,184870.32
2020-06-09,8.37,8.37,8.23,8.24,123573.37
2020-06-10,8.24,8.31,8.07,8.29,176882.04
2020-06-11,8.25,8.44,8.17,8.34,217670.59
2020-06-12,8.19,8.9,8.12,8.89,383822.36
2020-06-15,8.83,8.98,8.75,8.8,183680.74
2020-06-16,9.11,9.32,8.83,8.84,307159.48
2020-06-17,8.96,9.01,8.78,8.83,198112.01
2020-06-18,8.9,9.1,8.79,9.01,163475.73
2020-06-19,9.05,9.11,8.93,8.96,173697.23
2020-06-22,9.0,9.18,8.76,8.96,282471.34
2020-06-23,9.08,9.37,9.01,9.25,359012.5
2020-06-24,9.29,9.39,9.14,9.25,160080.02
2020-06-29,9.25,9.25,8.82,9.01,212517.23
2020-06-30,9.11,9.18,8.92,8.97,159957.57
2020-07-01,9.01,9.06,8.82,8.98,164691.61
2020-07-02,8.99,9.33,8.96,9.14,296525.13
2020-07-03,9.19,9.44,9.14,9.38,305803.73
2020-07-06,9.63,9.83,9.44,9.7,342225.77
2020-07-07,9.87,10.03,9.72,9.8,470526.28
2020-07-08,9.87,10.11,9.75,10.11,390375.1
2020-07-09,10.15,10.28,9.99,10.26,381823.85
2020-07-10,10.27,10.27,9.91,10.15,349498.71
2020-07-13,10.08,10.24,9.98,10.17,371140.46
2020-07-14,10.17,10.49,10.03,10.39,414859.75
2020-07-15,10.5,10.57,9.97,10.15,327260.47
2020-07-16,10.18,10.37,9.64,9.71,281953.32
2020-07-17,9.69,9.8,9.31,9.58,248919.27
2020-07-20,9.74,10.77,9.66,10.7,601172.5
2020-07-21,10.85,10.95,10.58,10.73,319064.79
2020-07-22,10.73,10.82,10.43,10.53,292462.46
2020-07-23,10.39,10.53,10.11,10.29,226217.37
2020-07-24,10.29,10.52,9.4,9.52,336165.48
2020-07-27,9.64,9.76,9.32,9.45,219290.91
2020-07-28,9.52,9.62,9.36,9.46,201227.23
2020-07-29,9.4,9.66,9.29,9.66,218203.6
2020-07-30,9.58,9.73,9.5,9.66,173489.37
2020-07-31,9.66,9.95,9.57,9.72,216174.87
2020-08-03,9.74,10.02,9.73,9.99,245425.99
2020-08-04,9.97,10.14,9.86,10.03,210483.21
2020-08-05,10.03,10.27,9.92,10.19,217515.59
2020-08-06,10.17,10.3,9.89,9.93,249329.86
2020-08-07,9.98,10.14,9.8,10.08,202103.09
2020-08-10,10.0,10.13,9.85,9.99,152911.54
2020-08-11,9.95,10.06,9.47,9.51,211944.93
2020-08-12,9.52,9.63,9.25,9.62,165670.3
2020-08-13,9.57,9.81,9.52,9.52,115091.8
2020-08-14,9.53,9.72,9.43,9.68,110101.45
2020-08-17,9.72,10.25,9.72,10.17,208539.36
2020-08-18,10.21,10.53,10.15,10.4,207798.54
2020-08-19,10.39,10.83,10.27,10.53,307001.7
2020-08-20,10.5,10.67,10.32,10.41,164201.47
2020-08-21,10.6,10.62,10.22,10.38,141751.78
2020-08-24,10.49,10.8,10.4,10.62,196673.76
2020-08-25,10.67,11.06,10.63,10.76,253154.29
2020-08-26,10.68,10.9,10.36,10.64,183698.88
2020-08-27,10.59,10.61,10.32,10.45,105832.16
2020-08-28,10.44,10.85,10.37,10.81,145794.73
2020-08-31,10.79,11.1,10.33,10.39,211122.68
2020-09-01,10.39,10.65,10.37,10.56,144292.2
2020-09-02,10.65,10.92,10.43,10.75,207419.04
2020-09-03,10.75,10.87,10.33,10.4,211706.74
2020-09-04,10.15,10.21,9.81,9.89,243870.08
2020-09-07,9.85,9.92,9.48,9.49,228581.72
2020-09-08,9.49,9.67,9.4,9.54,171800.65
2020-09-09,9.41,9.51,9.11,9.13,265157.49
2020-09-10,9.22,9.27,9.0,9.11,187522.62
2020-09-11,9.07,9.08,8.8,8.94,185862.86
2020-09-14,9.05,9.14,8.88,9.1,170791.34
2020-09-15,9.1,9.29,9.0,9.14,191571.55
2020-09-16,9.08,9.25,9.03,9.22,124345.61
2020-09-17,9.15,9.25,9.04,9.13,119128.75
2020-09-18,9.16,9.26,9.01,9.25,147580.81
2020-09-21,9.32,9.36,9.08,9.1,130300.91
2020-09-22,9.1,9.14,8.85,8.89,155606.24
2020-09-23,8.95,8.97,8.81,8.89,93259.21
2020-09-24,8.85,9.03,8.59,8.61,165612.94
2020-09-25,8.66,8.84,8.62,8.81,108832.22
2020-09-28,8.9,8.99,8.85,8.89,83104.29
2020-09-29,8.87,8.97,8.71,8.78,125593.99
2020-09-30,8.79,8.91,8.73,8.83,145205.06
2020-10-09,8.94,9.1,8.92,9.05,197497.89
2020-10-12,9.14,9.52,9.11,9.52,274314.77
2020-10-13,9.48,9.48,9.32,9.48,116460.74
2020-10-14,9.58,9.65,9.47,9.63,185542.2
2020-10-15,9.61,9.63,9.47,9.55,83899.81
2020-10-16,9.57,9.66,9.31,9.34,121147.61
2020-10-19,9.51,9.52,9.26,9.37,81756.21
2020-10-20,9.27,9.43,9.24,9.37,107548.43
2020-10-21,9.34,9.39,8.93,8.99,148656.55
2020-10-22,9.03,9.37,8.88,9.34,152803.96
2020-10-23,9.39,9.44,9.11,9.16,96374.76
2020-10-26,9.25,9.37,9.08,9.3,77414.83
2020-10-27,9.26,9.3,9.11,9.29,74383.67
2020-10-28,9.39,9.87,9.26,9.77,283946.43
2020-10-29,9.66,9.92,9.64,9.7,146553.42
2020-10-30,9.7,9.78,9.29,9.44,171808.25
2020-11-02,9.63,10.25,9.61,10.15,310880.69
2020-11-03,10.3,10.32,10.04,10.17,190313.6
2020-11-04,10.21,10.33,9.96,10.05,195064.51
2020-11-05,10.21,10.41,10.1,10.22,268411.48
2020-11-06,10.26,10.63,10.15,10.36,280758.21
2020-11-09,10.56,10.83,10.41,10.82,371096.22
2020-11-10,10.76,10.88,10.54,10.59,239350.16
2020-11-11,10.69,10.81,10.59,10.66,195926.72
2020-11-12,10.73,11.07,10.45,10.94,234758.05
2020-11-13,10.9,11.11,10.77,11.08,222927.91
2020-11-16,11.2,11.25,10.96,11.23,241125.75
2020-11-17,11.2,11.44,11.06,11.28,269319.35
2020-11-18,11.25,11.29,10.84,11.05,280756.22
2020-11-19,11.01,11.11,10.85,11.02,150559.01
2020-11-20,11.06,11.37,10.98,11.28,201840.32
2020-11-23,11.31,11.58,11.17,11.42,236765.41
2020-11-24,11.42,12.5,11.38,12.3,556980.38
2020-11-25,12.29,12.3,11.77,11.79,333311.27
2020-11-26,11.77,11.77,10.7,10.81,415888.79
2020-11-27,10.91,11.43,10.85,11.31,376517.39
2020-11-30,11.32,11.32,10.93,11.07,188861.45
2020-12-01,11.04,11.11,10.76,10.99,217688.71
2020-12-02,10.94,10.98,10.58,10.63,233050.33
2020-12-03,10.63,10.7,10.38,10.48,208134.82
2020-12-04,10.47,10.55,10.3,10.47,148037.71
2020-12-07,10.39,10.63,10.34,10.44,137260.78
2020-12-08,10.4,10.59,10.4,10.51,114014.02
2020-12-09,10.65,10.78,10.32,10.36,161971.1
2020-12-10,10.41,10.48,10.23,10.41,106564.95
2020-12-11,10.4,10.44,10.15,10.34,159857.03
2020-12-14,10.24,10.34,10.07,10.21,101116.63
2020-12-15,10.24,10.61,10.19,10.6,152293.56
2020-12-16,10.66,11.32,10.56,10.87,269243.28
2020-12-17,10.93,11.11,10.8,11.01,172547.22
2020-12-18,11.22,11.43,11.07,11.4,240294.5
2020-12-21,11.4,12.01,11.32,11.99,302468.21
2020-12-22,12.01,12.28,11.59,11.68,326761.23
2020-12-23,11.82,12.53,11.77,12.41,348571.57
2020-12-24,12.47,12.64,12.18,12.39,139097.21
2020-12-25,12.38,12.76,12.19,12.36,167316.97
2020-12-28,12.5,13.09,12.49,12.92,292596.35
2020-12-29,12.84,12.92,12.46,12.67,172291.85
2020-12-30,12.64,12.93,12.44,12.59,165127.3
2020-12-31,12.53,12.81,12.38,12.8,159180.03
2021-01-04,12.95,13.44,12.85,12.87,251190.55
2021-01-05,12.82,13.12,12.53,13.12,261020.39
2021-01-06,13.05,13.12,12.4,12.64,289739.83
2021-01-07,12.55,13.16,12.52,13.16,262384.72
2021-01-08,13.22,13.9,13.2,13.52,337428.53
2021-01-11,13.63,13.89,12.83,12.92,401390.15
2021-01-12,12.99,13.34,12.79,13.29,224532.68
2021-01-13,13.38,13.66,12.95,13.34,252062.31
2021-01-14,13.34,13.76,13.06,13.34,303445.71
2021-01-15,13.25,13.54,12.82,12.99,185684.73
2021-01-18,12.9,14.55,12.78,14.14,558821.78
2021-01-19,14.26,14.44,14.01,14.38,399856.78
2021-01-20,14.22,14.85,14.14,14.45,235947.57
2021-01-21,14.67,15.0,14.31,14.67,244131.42
2021-01-22,14.93,15.84,14.62,15.42,367187.49
2021-01-25,15.25,15.94,15.06,15.86,348466.36
2021-01-26,15.89,15.92,15.0,15.29,285667.15
2021-01-27,15.15,15.65,14.9,15.6,205403.17
2021-01-28,15.17,15.28,14.31,14.45,287713.07
2021-01-29,14.67,14.84,14.15,14.45,176040.96
2021-02-01,14.35,14.88,14.23,14.61,184697.84
2021-02-02,14.61,15.17,14.44,15.03,196111.7
2021-02-03,15.03,15.24,14.82,14.94,184898.3
2021-02-04,14.96,15.07,14.15,14.53,255066.46
2021-02-05,14.62,14.81,14.18,14.34,273871.09
2021-02-08,14.38,15.36,14.15,15.35,245596.25
2021-02-09,15.45,16.75,15.43,16.74,360615.98
2021-02-10,16.68,17.06,16.35,16.97,206381.86
2021-02-18,17.3,17.54,16.25,16.45,267347.39
2021-02-19,16.58,16.59,16.0,16.23,233796.04
2021-02-22,16.17,16.26,15.28,15.32,233074.42
2021-02-23,15.25,15.45,14.68,14.74,246904.13
2021-02-24,14.86,14.95,13.81,14.08,231289.04
2021-02-25,14.27,14.37,13.74,13.76,209023.45
2021-02-26,13.58,14.11,13.39,13.85,265712.34
2021-03-01,14.08,14.74,14.05,14.37,270983.24
2021-03-02,14.9,16.07,14.9,15.69,574415.69
2021-03-03,15.36,15.36,14.45,14.64,459696.13
2021-03-04,14.26,14.45,13.63,13.88,228549.91
2021-03-05,13.71,14.42,13.68,14.11,176543.25
2021-03-08,14.18,14.27,12.85,12.9,311503.16
2021-03-09,12.9,13.57,12.47,12.84,284548.4
2021-03-10,13.34,13.47,12.88,12.93,148941.63
2021-03-11,12.96,13.25,12.87,13.23,129173.61
2021-03-12,13.23,14.03,13.1,13.99,267376.63
2021-03-15,13.75,14.2,13.63,13.97,202758.29
2021-03-16,14.0,15.02,14.0,14.73,315939.92
2021-03-17,14.55,15.15,14.3,15.12,219318.42
2021-03-18,14.95,15.26,14.78,15.13,165772.78
2021-03-19,14.78,14.99,14.32,14.44,175006.76
2021-03-22,14.69,15.91,14.66,15.77,257625.12
2021-03-23,15.85,16.11,15.55,15.94,188037.19
2021-03-24,15.6,15.91,15.12,15.25,182859.56
2021-03-25,15.07,15.81,14.92,15.42,127923.71
2021-03-26,15.42,16.06,15.37,15.72,145605.17
2021-03-29,15.88,16.56,15.88,16.24,152204.61
2021-03-30,15.97,16.2,15.56,15.64,195060.12
2021-03-31,15.74,15.74,15.04,15.44,160739.99
2021-04-01,15.42,16.2,15.29,15.81,114427.14
2021-04-02,15.85,16.11,15.58,15.67,82756.2
2021-04-06,15.65,15.91,15.28,15.81,82132.78
2021-04-07,15.77,15.78,15.32,15.65,115593.02
2021-04-08,15.48,16.0,15.35,15.83,94175.47
2021-04-09,15.94,16.56,15.76,15.83,150231.75
2021-04-12,16.11,16.2,15.06,15.11,235101.63
2021-04-13,14.9,15.18,14.58,15.04,137335.77
2021-04-14,14.86,15.54,14.66,15.37,124110.88
2021-04-15,15.29,15.37,14.73,15.18,129839.45
2021-04-16,15.15,15.27,14.65,14.9,155457.72
2021-04-19,15.08,15.54,14.73,15.48,126179.06
2021-04-20,15.48,15.94,15.37,15.83,93775.51
2021-04-21,15.73,16.06,15.55,15.83,120213.13
2021-04-22,15.92,15.99,15.46,15.65,80615.45
2021-04-23,15.56,16.85,15.43,16.4,234866.01
2021-04-26,16.41,16.59,15.77,15.9,166449.55
2021-04-27,15.81,15.88,15.13,15.29,172587.92
2021-04-28,15.39,16.1,15.29,16.05,161395.31
2021-04-29,15.95,16.24,15.77,15.98,133500.09
2021-04-30,16.22,16.22,15.65,15.93,128820.07
2021-05-06,15.65,15.91,15.14,15.29,178127.76
2021-05-07,15.31,15.62,14.61,14.67,161766.77
2021-05-10,14.73,15.01,14.26,14.56,151015.52
2021-05-11,14.49,14.49,13.95,14.47,129993.21
2021-05-12,14.34,14.51,14.16,14.44,98399.5
2021-05-13,14.23,14.4,13.92,14.06,110510.98
2021-05-14,14.06,14.64,14.03,14.55,166636.84
2021-05-17,14.61,14.85,14.3,14.47,131266.51
2021-05-18,14.47,14.69,14.2,14.38,72486.4
2021-05-19,14.21,14.47,14.11,14.37,76202.77
2021-05-20,14.81,14.99,14.59,14.82,164389.95
2021-05-21,14.82,14.88,14.23,14.23,142344.12
2021-05-24,14.06,14.2,13.34,13.53,323306.02
2021-05-25,13.5,14.09,13.33,14.09,213665.42
2021-05-26,14.08,14.84,14.03,14.59,177772.02
2021-05-27,14.7,15.1,14.39,15.08,163928.57
2021-05-28,15.1,15.19,14.74,14.94,106621.19
2021-05-31,15.14,15.43,14.9,15.43,129064.47
2021-06-01,15.45,15.47,14.74,14.96,128434.51
2021-06-02,14.93,15.18,14.78,14.95,88745.01
2021-06-03,14.79,15.02,14.5,14.51,91719.15
2021-06-04,14.51,15.53,14.38,15.36,179973.87
2021-06-07,15.36,15.36,14.67,14.74,124055.23
2021-06-08,14.71,15.69,14.71,15.52,229424.5
2021-06-09,15.36,15.61,15.08,15.32,114387.85
2021-06-10,15.35,15.36,14.9,15.03,161230.3
2021-06-11,14.99,15.02,14.12,14.37,294514.87
2021-06-15,14.36,14.36,13.83,14.08,160362.52
2021-06-16,14.02,14.09,13.71,13.81,111527.68
2021-06-17,13.92,14.03,13.46,13.56,159842.05
2021-06-18,13.61,14.2,13.57,14.01,141724.53
2021-06-21,13.93,13.93,13.52,13.83,150830.54
2021-06-22,13.89,13.9,13.61,13.69,108546.87
2021-06-23,13.78,14.24,13.77,13.9,139294.49
2021-06-24,13.85,14.26,13.42,14.12,201960.07
2021-06-25,14.14,14.41,13.98,14.24,152081.55
2021-06-28,14.25,14.47,13.89,14.02,160598.28
2021-06-29,14.11,14.14,13.71,13.89,144710.82
2021-06-30,13.8,13.86,13.58,13.8,129455.1
2021-07-01,13.93,14.33,13.83,13.87,170657.3
2021-07-02,14.02,14.22,13.78,14.12,240307.76
2021-07-05,14.08,14.44,13.96,14.43,176990.17
2021-07-06,14.43,14.43,14.08,14.23,120546.78
2021-07-07,14.22,15.05,14.12,14.94,261789.82
2021-07-08,14.96,15.32,14.8,15.03,188621.75
2021-07-09,15.1,15.3,14.87,15.24,178308.78
2021-07-12,15.3,16.0,15.03,15.79,239310.3
2021-07-13,16.03,16.15,15.6,15.94,173787.28
2021-07-14,15.94,16.12,15.58,15.92,154775.16
2021-07-15,15.89,16.4,15.76,16.19,141791.93
2021-07-16,16.14,16.24,15.6,15.65,166922.16
2021-07-19,15.67,16.18,15.49,15.69,136608.54
2021-07-20,15.55,16.0,15.38,15.89,125123.4
2021-07-21,15.97,16.52,15.69,16.38,193218.78
2021-07-22,16.42,16.55,15.78,16.0,188980.62
2021-07-23,15.96,17.11,15.87,16.76,283529.73
2021-07-26,16.78,18.67,16.78,18.37,608092.45
2021-07-27,18.34,18.35,17.12,17.26,427470.28
2021-07-28,16.61,17.63,16.58,16.85,352231.67
2021-07-29,17.28,18.22,17.11,17.67,349535.94
2021-07-30,17.8,19.67,17.76,19.44,573341.02
2021-08-02,20.24,20.51,18.42,19.92,547474.28
2021-08-03,19.7,20.69,19.21,19.47,321176.85
2021-08-04,19.47,19.99,18.89,19.91,299541.48
2021-08-05,20.03,20.1,18.76,19.12,302972.54
2021-08-06,18.74,19.52,18.69,18.83,244239.83
2021-08-09,18.85,18.85,18.12,18.64,219988.3
2021-08-10,18.53,19.6,18.42,18.8,276353.24
2021-08-11,19.19,19.83,18.73,19.7,367494.04
2021-08-12,19.63,20.01,18.99,19.3,212428.69
2021-08-13,19.3,19.89,19.03,19.47,204377.63
2021-08-16,19.16,19.33,17.92,17.99,355029.19
2021-08-17,17.91,18.76,17.86,18.01,300032.06
2021-08-18,18.33,19.28,18.01,18.9,268474.3
2021-08-19,19.39,19.39,18.53,19.07,235314.15
2021-08-20,19.06,19.38,18.49,19.23,250002.49
2021-08-23,19.28,20.24,19.02,20.17,345219.09
2021-08-24,20.34,21.12,19.89,20.31,335002.62
2021-08-25,20.24,21.26,19.98,21.18,238301.13
2021-08-26,21.27,21.35,19.79,19.81,220948.46
2021-08-27,19.81,20.02,19.19,19.64,201293.35
2021-08-30,19.87,20.73,19.81,20.38,245627.71
2021-08-31,20.07,22.65,19.91,21.98,457848.02
2021-09-01,22.32,23.5,20.66,20.89,724223.18
2021-09-02,21.28,23.21,21.14,23.21,693304.15
2021-09-03,23.5,24.75,22.2,22.53,676390.6
2021-09-06,22.8,23.01,20.19,21.28,544346.57
2021-09-07,21.35,21.41,20.44,20.92,448402.04
2021-09-08,20.82,21.46,19.27,19.82,706670.04
2021-09-09,19.75,19.75,18.49,19.17,602112.19
2021-09-10,19.6,20.79,19.46,19.98,746984.61
2021-09-13,20.44,20.9,19.87,20.03,410538.32
2021-09-14,20.25,20.33,19.27,19.67,261462.07
2021-09-15,19.67,20.43,19.3,20.37,290897.21
2021-09-16,20.96,21.39,20.37,20.78,409357.09
2021-09-17,20.58,23.01,20.45,22.39,484867.74
2021-09-22,22.03,24.54,22.03,23.71,489372.41
2021-09-23,23.45,24.49,21.95,22.21,638918.81
2021-09-24,21.96,22.17,21.02,21.66,380362.97
2021-09-27,22.05,22.96,21.25,21.42,352506.8
2021-09-28,21.35,22.47,21.16,22.21,312924.85
2021-09-29,21.83,22.48,21.14,21.42,291496.74
2021-09-30,21.28,22.8,21.28,22.6,370466.67
2021-10-08,22.89,23.39,21.67,22.34,377247.19
2021-10-11,22.17,22.51,20.48,20.5,441348.54
2021-10-12,20.85,21.12,19.64,20.09,275183.38
2021-10-13,19.89,20.46,19.61,20.24,168712.5
2021-10-14,20.24,21.14,20.03,20.93,150003.72
2021-10-15,20.72,21.8,20.24,21.51,261830.59
2021-10-18,21.51,23.03,21.33,22.97,351062.15
2021-10-19,22.45,23.19,22.36,22.91,215173.41
2021-10-20,23.12,23.35,22.74,23.12,217515.63
2021-10-21,23.12,23.76,22.69,23.47,228987.35
2021-10-22,23.66,23.66,22.39,23.01,187483.4
2021-10-25,23.08,25.55,23.08,25.55,538837.49
2021-10-26,25.3,25.93,24.44,24.94,421470.24
2021-10-27,25.17,25.65,24.44,25.1,274690.81
2021-10-28,25.14,25.57,24.61,25.37,255523.41
2021-10-29,25.41,25.58,24.05,24.7,314160.01
2021-11-01,24.87,24.96,22.39,23.21,547688.79
2021-11-02,23.21,23.43,22.48,22.94,275567.35
2021-11-03,22.94,23.25,22.39,22.98,243985.08
2021-11-04,23.55,24.53,23.29,23.9,307908.03
2021-11-05,23.87,23.87,22.67,23.35,205271.46
2021-11-08,23.71,24.46,23.02,23.85,211230.69
2021-11-09,24.03,24.39,23.62,24.16,165537.35
2021-11-10,24.05,24.05,22.51,22.69,257477.69
2021-11-11,22.6,23.12,22.16,22.93,253110.51
2021-11-12,23.71,25.44,23.22,24.75,569443.89
2021-11-15,25.65,27.28,24.53,24.62,730316.45
2021-11-16,24.89,25.03,23.99,24.14,286188.39
2021-11-17,24.17,25.24,23.38,24.98,344998.06
2021-11-18,24.48,26.11,24.24,25.71,287397.85
2021-11-19,25.44,26.11,25.03,25.53,262936.81
2021-11-22,25.72,25.99,25.12,25.53,294628.95
2021-11-23,25.54,26.66,25.24,26.07,279075.33
2021-11-24,25.72,26.39,25.44,26.08,187848.93
2021-11-25,26.14,28.92,26.14,28.92,660852.65
2021-11-26,28.57,28.99,27.19,28.85,582575.44
2021-11-29,28.18,30.05,27.48,27.55,541924.39
2021-11-30,27.53,27.69,26.21,26.42,565707.43
2021-12-01,26.24,26.66,25.63,26.29,422971.68
2021-12-02,26.09,27.01,25.71,26.87,292106.53
2021-12-03,26.55,27.12,25.85,26.95,218844.29
2021-12-06,26.8,28.05,26.55,26.77,267084.34
2021-12-07,26.69,27.17,26.05,26.51,282966.38
2021-12-08,26.64,27.7,26.17,27.48,279838.38
2021-12-09,27.46,27.74,26.07,26.16,391328.75
2021-12-10,26.14,26.44,25.57,25.9,352331.52
2021-12-13,26.12,28.73,26.12,28.13,791256.31
2021-12-14,27.83,29.67,27.37,28.99,502851.56
2021-12-15,28.88,30.91,28.38,29.17,621612.92
2021-12-16,29.46,29.6,28.37,28.98,262585.59
2021-12-17,28.62,29.39,27.79,27.87,406607.22
2021-12-20,27.53,28.35,26.9,27.04,308031.96
2021-12-21,26.83,27.88,26.57,27.77,273461.71
2021-12-22,27.77,28.15,27.1,27.42,183851.26
2021-12-23,27.6,29.14,27.08,29.12,372586.85
2021-12-24,28.91,29.59,28.22,28.71,258288.81
2021-12-27,28.57,29.54,25.6,26.41,676505.51
2021-12-28,26.49,26.87,25.42,26.43,461714.34
2021-12-29,26.45,26.89,24.44,25.17,604112.64
2021-12-30,25.51,26.35,25.1,25.62,367036.49
2021-12-31,26.14,26.21,25.1,25.46,232578.28
2022-01-04,25.5,25.64,24.33,24.55,400649.3
2022-01-05,24.49,24.68,23.35,23.8,439493.86
2022-01-06,23.42,23.99,23.01,23.78,471437.02
2022-01-07,23.74,24.05,23.1,23.19,329603.37
2022-01-10,23.18,23.71,22.56,23.39,339799.37
2022-01-11,23.34,24.11,23.1,23.88,360519.32
2022-01-12,25.19,25.86,24.58,24.89,646650.56
2022-01-13,25.14,25.19,24.61,25.08,357756.09
2022-01-14,24.75,24.89,23.98,24.22,311209.87
2022-01-17,24.22,24.86,23.62,23.8,315935.67
2022-01-18,23.81,25.02,23.67,24.82,365185.12
2022-01-19,25.06,26.29,24.75,25.67,433785.17
2022-01-20,25.72,26.28,24.75,25.16,238249.93
2022-01-21,25.24,25.3,23.89,24.19,243704.07
2022-01-24,23.98,24.61,23.82,24.12,166614.94
2022-01-25,23.81,24.2,22.46,22.65,327017.64
2022-01-26,23.01,24.26,22.95,24.25,344344.48
2022-01-27,24.5,24.5,23.14,23.19,287581.44
2022-01-28,23.5,23.6,21.55,21.97,438358.06
2022-02-07,22.67,22.84,22.04,22.49,225398.45
2022-02-08,22.58,22.59,21.28,21.65,288090.58
2022-02-09,21.52,21.67,20.49,21.64,385927.42
2022-02-10,21.48,21.59,20.58,21.0,274439.88
2022-02-11,20.86,21.0,20.1,20.18,397796.3
2022-02-14,19.91,20.21,19.57,19.85,310763.61
2022-02-15,20.08,20.92,19.85,20.81,263107.83
2022-02-16,21.17,21.17,20.44,20.49,231297.32
2022-02-17,20.61,21.6,20.41,21.43,412328.74
2022-02-18,21.27,21.35,20.73,21.1,213570.1
2022-02-21,21.2,21.76,20.74,21.18,299758.07
2022-02-22,20.89,21.03,20.44,20.96,203080.93
2022-02-23,20.96,21.94,20.81,21.92,272123.62
2022-02-24,21.62,22.44,21.31,21.69,306011.86
2022-02-25,22.05,22.62,21.74,21.9,193696.81
2022-02-28,21.9,22.35,21.6,22.21,200564.55
2022-03-01,22.56,22.7,22.11,22.18,203864.57
2022-03-02,22.06,22.38,21.28,21.41,308035.84
2022-03-03,21.63,21.88,20.9,20.99,210263.98
2022-03-04,20.72,21.19,20.58,20.88,202497.96
2022-03-07,20.88,20.89,19.96,20.17,295317.54
2022-03-08,20.39,20.98,20.05,20.37,358257.14
2022-03-09,20.73,21.43,20.18,21.31,463848.66
2022-03-10,22.14,22.58,21.67,22.33,400825.18
2022-03-11,22.08,22.32,21.5,22.14,293679.62
2022-03-14,21.74,22.14,21.41,21.45,230938.38
2022-03-15,21.22,21.86,20.03,20.2,359099.97
2022-03-16,20.49,20.64,17.95,18.44,1067548.24
2022-03-17,18.81,19.87,18.49,19.25,718880.89
2022-03-18,19.19,19.19,18.05,19.05,401570.67
2022-03-21,19.02,19.69,18.78,19.39,240266.64
2022-03-22,19.34,19.64,18.59,18.79,230938.24
2022-03-23,19.15,20.07,18.89,19.84,380884.16
2022-03-24,19.68,19.85,19.37,19.71,193938.36
2022-03-25,19.71,19.79,19.03,19.09,194811.58
2022-03-28,18.67,19.08,18.49,18.7,166329.04
2022-03-29,18.71,18.85,18.17,18.28,253776.85
2022-03-30,18.55,19.53,18.37,19.52,342977.09
2022-03-31,19.51,19.64,18.95,19.53,286806.2
2022-04-01,19.38,19.54,18.99,19.06,207411.0
2022-04-06,19.19,19.3,18.39,18.57,209035.0
2022-04-07,18.5,18.95,18.37,18.57,166926.0
2022-04-08,18.6,19.01,18.37,18.59,138571.0
2022-04-11,18.35,18.35,16.98,17.11,323442.0
2022-04-12,17.46,17.97,17.21,17.8,220959.0
2022-04-13,17.8,17.8,17.11,17.46,160457.0
2022-04-14,17.51,18.07,17.39,17.82,150130.0
2022-04-15,17.63,17.76,17.3,17.48,114248.0
2022-04-18,17.25,18.2,17.19,18.01,130246.0
2022-04-19,18.18,18.35,17.6,17.67,124592.0
2022-04-20,17.65,17.76,17.13,17.17,162649.0
2022-04-21,16.78,17.14,16.15,16.31,224442.0
2022-04-22,16.14,16.48,15.93,16.26,167549.0
2022-04-25,15.89,16.12,15.62,15.72,243479.0
2022-04-26,15.76,15.94,15.43,15.6,241258.0
2022-04-27,15.89,17.39,15.79,17.39,411426.0
2022-04-28,17.53,18.2,17.39,17.96,300490.0
2022-04-29,18.67,19.99,17.91,19.89,403225.0
2022-05-05,20.99,20.99,19.2,19.44,350315.0
2022-05-06,18.96,20.06,18.87,19.53,187478.0
2022-05-09,19.19,20.0,19.14,19.83,118708.0
2022-05-10,20.04,20.53,19.54,19.9,330117.0
2022-05-11,19.9,20.68,19.68,20.3,276934.0
2022-05-12,20.06,20.97,19.99,20.86,239002.0
2022-05-13,20.92,20.93,20.28,20.54,159027.0
2022-05-16,20.78,21.14,20.41,20.78,99370.0
2022-05-17,20.84,21.46,20.47,21.42,160646.0
2022-05-18,21.46,21.52,20.7,21.03,181907.0
2022-05-19,20.7,21.41,20.53,21.17,109976.0
2022-05-20,21.37,21.83,20.76,21.76,304310.0
2022-05-23,21.58,21.58,20.46,21.18,232711.0
2022-05-24,21.0,21.31,20.2,20.22,228375.0
2022-05-25,20.17,21.23,19.83,21.05,240490.0
2022-05-26,20.81,21.14,20.28,20.9,166635.0
2022-05-27,21.01,21.6,20.65,20.79,120998.0
2022-05-30,20.87,21.38,20.49,21.29,164137.0
2022-05-31,21.95,22.18,21.29,21.45,376662.0
2022-06-01,21.42,22.21,21.28,22.13,293830.0
2022-06-02,22.51,22.51,21.7,22.15,214517.0
2022-06-06,21.98,22.21,21.38,21.67,322437.0
2022-06-07,21.52,21.62,20.79,21.42,249430.0
2022-06-08,21.28,21.41,20.27,20.87,358816.0
2022-06-09,20.96,21.37,20.58,20.85,214406.0
2022-06-10,20.51,21.08,20.44,21.07,212105.0
2022-06-13,20.72,21.04,20.43,20.8,209273.0
2022-06-14,20.38,20.58,19.21,19.95,330528.0
2022-06-15,19.75,20.3,19.53,19.8,217664.0
2022-06-16,19.8,20.44,19.76,20.23,193121.0
2022-06-17,20.27,20.84,19.96,20.55,215960.0
2022-06-20,20.8,20.99,20.26,20.35,253549.0
2022-06-21,20.51,20.65,19.97,20.36,201984.0
2022-06-22,20.62,20.82,19.96,20.0,210764.0
2022-06-23,19.95,21.44,19.71,21.26,315859.0
2022-06-24,21.6,21.78,21.17,21.58,228306.0
2022-06-27,21.83,21.83,21.17,21.4,274584.0
2022-06-28,21.46,21.46,20.78,21.27,203916.0
2022-06-29,21.28,21.33,20.2,20.25,354286.0
2022-06-30,20.2,20.68,20.2,20.45,165712.0
2022-07-01,20.45,20.83,20.35,20.52,140795.0
2022-07-04,20.29,21.26,20.22,21.24,345266.0
2022-07-05,21.36,21.68,21.03,21.53,380539.0
2022-07-06,21.52,22.12,20.87,21.19,313942.0
2022-07-07,21.21,22.33,20.88,22.1,380755.0
2022-07-08,22.33,22.53,21.62,21.76,384376.0
2022-07-11,22.02,22.78,21.73,22.2,549564.0
2022-07-12,22.02,22.95,21.9,21.96,449407.0
2022-07-13,21.78,22.9,21.73,22.72,545015.0
2022-07-14,22.71,23.23,22.28,22.59,385263.0
2022-07-15,22.6,23.69,22.53,23.07,504430.0
2022-07-18,23.07,23.37,22.53,23.12,372563.0
2022-07-19,23.13,23.13,22.13,22.21,334653.0
2022-07-20,22.35,22.43,21.99,22.22,189755.0
2022-07-21,22.12,22.93,21.88,22.38,273483.0
2022-07-22,22.38,23.03,22.38,22.74,239159.0
2022-07-25,22.62,22.64,21.51,21.64,250297.0
2022-07-26,21.49,22.08,21.47,21.99,151699.0
2022-07-27,21.98,22.13,21.37,22.09,257751.0
2022-07-28,22.08,22.19,21.62,21.66,167987.0
2022-07-29,21.95,23.51,21.95,22.27,498764.0
2022-08-01,22.35,22.35,21.45,22.17,244723.0
2022-08-02,21.83,21.84,20.95,21.38,278412.0
2022-08-03,21.67,22.41,21.52,21.74,303140.0
2022-08-04,22.24,22.85,21.98,22.33,306734.0
2022-08-05,22.28,22.32,21.74,22.1,185041.0
2022-08-08,21.85,22.24,21.6,22.04,141940.0
2022-08-09,22.03,22.48,21.78,21.89,191674.0
2022-08-10,21.79,21.91,21.49,21.7,132364.0
2022-08-11,21.98,21.98,21.55,21.8,168613.0
2022-08-12,21.76,21.97,21.35,21.37,193131.0
2022-08-15,21.36,21.83,21.3,21.78,176272.0
2022-08-16,21.79,22.43,21.74,21.76,235990.0
2022-08-17,22.04,22.45,21.84,22.06,287419.0
2022-08-18,22.03,22.48,21.93,22.09,255270.0
2022-08-19,22.0,22.09,21.52,21.83,173422.0
2022-08-22,21.96,22.18,21.78,22.01,159218.0
2022-08-23,21.95,22.39,21.73,22.22,268730.0
2022-08-24,22.27,22.6,21.58,21.6,265068.0
2022-08-25,21.73,21.77,20.24,20.64,319747.0
2022-08-26,20.7,21.51,20.7,21.17,228773.0
2022-08-29,20.9,21.98,20.7,21.95,240769.0
2022-08-30,22.1,22.33,21.71,21.77,179137.0
2022-08-31,21.54,21.7,20.83,20.83,320799.0
2022-09-01,21.01,21.41,20.58,20.71,186807.0
2022-09-02,20.54,20.72,19.7,19.92,243193.0
2022-09-05,19.92,20.11,19.45,19.73,152313.0
2022-09-06,19.83,20.24,19.54,20.08,157769.0
2022-09-07,19.74,20.15,19.74,20.03,177980.0
2022-09-08,20.08,20.11,19.73,19.74,142850.0
2022-09-09,19.86,20.24,19.62,20.02,200250.0
2022-09-13,20.03,20.17,19.71,19.92,127467.0
2022-09-14,19.68,19.78,18.96,19.18,273203.0
2022-09-15,19.29,19.36,18.23,18.45,293705.0
2022-09-16,18.49,18.89,18.2,18.33,212203.0
2022-09-19,18.33,18.84,18.25,18.62,131450.0
2022-09-20,18.63,18.77,18.53,18.65,102721.0
2022-09-21,18.59,18.88,18.28,18.53,131105.0
2022-09-22,18.18,18.68,17.78,18.53,154784.0
2022-09-23,18.59,18.83,18.5,18.73,159775.0
2022-09-26,18.53,18.81,18.18,18.2,142611.0
2022-09-27,18.28,18.73,18.27,18.66,137131.0
2022-09-28,18.64,18.64,17.75,17.83,160038.0
2022-09-29,17.91,18.61,17.91,18.48,190689.0
2022-09-30,18.36,18.83,18.36,18.68,159917.0
2022-10-10,19.36,19.36,18.33,18.35,166761.0
2022-10-11,18.29,18.87,18.29,18.82,149865.0
2022-10-12,19.01,19.37,18.67,19.37,163069.0
2022-10-13,19.3,19.44,19.03,19.28,122097.0
2022-10-14,19.53,19.68,19.29,19.49,162961.0
2022-10-17,19.41,19.49,18.95,19.19,161991.0
2022-10-18,19.28,19.5,19.1,19.3,96431.0
2022-10-19,19.35,19.6,19.16,19.2,113273.0
2022-10-20,19.12,19.45,18.78,19.29,130616.0
2022-10-21,19.23,19.62,19.19,19.27,110093.0
2022-10-24,19.16,19.59,18.83,18.99,158565.0
2022-10-25,18.99,19.36,18.62,19.08,178251.0
2022-10-26,19.09,19.83,18.92,19.68,191791.0
2022-10-27,19.83,20.01,19.35,19.39,142537.0
2022-10-28,19.28,19.68,18.2,18.5,209456.0
2022-10-31,18.03,18.6,17.79,18.28,204715.0
2022-11-01,18.68,19.7,18.41,19.67,323366.0
2022-11-02,19.71,20.18,19.25,19.83,252807.0
2022-11-03,19.78,19.98,19.53,19.78,169143.0
2022-11-04,19.73,20.6,19.63,20.2,294729.0
2022-11-07,20.2,20.41,19.98,20.16,175765.0
2022-11-08,20.17,20.3,19.85,20.23,203229.0
2022-11-09,20.23,20.25,19.62,19.78,157299.0
2022-11-10,19.67,19.7,19.01,19.3,223887.0
2022-11-11,19.77,19.94,19.48,19.73,188235.0
2022-11-14,20.03,20.18,19.36,19.44,172351.0
2022-11-15,19.23,19.61,19.14,19.43,202805.0
2022-11-16,19.43,19.44,18.79,18.93,248124.0
2022-11-17,18.87,19.08,18.78,19.08,127344.0
2022-11-18,19.12,20.16,19.04,19.95,366624.0
2022-11-21,19.95,20.87,19.93,20.29,434774.0
2022-11-22,20.49,20.55,19.66,20.1,181496.0
2022-11-23,19.89,20.67,19.88,20.58,208468.0
2022-11-24,20.66,20.78,20.33,20.43,124946.0
2022-11-25,20.28,20.58,19.95,20.41,142220.0
2022-11-28,20.41,20.69,20.08,20.38,231502.0
2022-11-29,20.18,20.57,20.1,20.36,182869.0
2022-11-30,20.44,20.44,19.7,20.09,311466.0
2022-12-01,20.05,20.15,19.61,19.69,355552.0
2022-12-02,19.62,19.96,19.53,19.81,178826.0
2022-12-05,19.91,20.01,19.67,19.93,205519.0
2022-12-06,19.88,20.25,19.81,20.23,236739.0
2022-12-07,20.23,20.42,20.03,20.21,179523.0
2022-12-08,20.03,20.39,19.88,20.08,210912.0
2022-12-09,19.91,20.08,19.35,19.95,669586.0
2022-12-12,19.62,19.78,19.24,19.73,271495.0
2022-12-13,19.6,19.93,19.25,19.33,167183.0
2022-12-14,19.2,19.41,18.62,18.62,298517.0
2022-12-15,18.62,18.95,18.62,18.95,168094.0
2022-12-16,18.81,19.18,18.78,19.12,151328.0
2022-12-19,19.06,19.1,18.83,18.93,95607.0
2022-12-20,18.78,19.01,18.5,18.62,104792.0
2022-12-21,18.52,18.7,18.22,18.34,139473.0
2022-12-22,18.48,18.6,18.08,18.31,151784.0
2022-12-23,18.26,18.58,18.18,18.34,73618.0
2022-12-26,18.37,19.41,18.37,19.32,187337.0
2022-12-27,19.38,19.48,19.1,19.17,77249.0
2022-12-28,19.16,19.26,18.85,18.97,121430.0
2022-12-29,18.73,19.08,18.73,18.93,92127.0
2022-12-30,18.94,19.1,18.27,18.28,271977.0
2023-01-03,18.21,18.99,18.15,18.88,243132.0
2023-01-04,18.93,18.97,17.93,18.08,292062.0
2023-01-05,18.11,18.41,18.03,18.3,301322.0
2023-01-06,18.19,18.68,18.08,18.42,323240.0
2023-01-09,18.73,19.58,18.73,19.48,485940.0
2023-01-10,19.41,20.03,19.14,19.78,288392.0
2023-01-11,19.78,20.02,19.49,19.55,149368.0
2023-01-12,19.56,20.24,19.56,20.03,235974.0
2023-01-13,19.98,20.1,19.74,20.03,188784.0
2023-01-16,20.12,20.53,19.95,20.28,233637.0
2023-01-17,20.58,20.96,20.45,20.62,216847.0
2023-01-18,20.74,20.85,20.34,20.48,150578.0
2023-01-19,20.62,20.62,20.18,20.38,212624.0
2023-01-20,20.37,20.5,20.13,20.28,241888.0
2023-01-30,20.62,20.62,19.88,19.92,259754.0
2023-01-31,19.87,20.12,19.77,19.94,185105.0
2023-02-01,19.99,20.1,19.66,20.03,168515.0
2023-02-02,20.03,20.13,19.78,19.81,176315.0
2023-02-03,19.79,19.9,19.49,19.73,193665.0
2023-02-06,19.89,20.08,19.47,19.63,199948.0
2023-02-07,19.73,19.85,19.53,19.74,115585.0
2023-02-08,19.83,19.92,19.63,19.69,101324.0
2023-02-09,19.58,19.8,19.52,19.69,138317.0
2023-02-10,19.56,19.63,19.22,19.31,198887.0
2023-02-13,19.35,19.43,19.21,19.28,157199.0
2023-02-14,19.41,20.1,19.34,20.1,335226.0
2023-02-15,20.23,20.23,19.7,19.96,198572.0
2023-02-16,19.87,19.9,19.14,19.33,246353.0
2023-02-17,19.33,19.4,19.03,19.12,162515.0
2023-02-20,19.15,19.35,18.81,19.3,167834.0
2023-02-21,19.29,19.66,19.25,19.58,165534.0
2023-02-22,19.52,19.58,19.37,19.38,106405.0
2023-02-23,19.38,19.53,19.23,19.45,97406.0
2023-02-24,19.45,19.82,19.39,19.53,204359.0
2023-02-27,19.45,20.0,19.41,19.83,197678.0
2023-02-28,19.83,19.94,19.54,19.83,119036.0
2023-03-01,19.87,19.99,19.66,19.83,160250.0
2023-03-02,19.78,20.03,19.78,19.92,133053.0
2023-03-03,19.99,20.38,19.83,20.16,257201.0
2023-03-06,20.18,20.41,19.8,20.35,283711.0
2023-03-07,20.36,20.48,20.0,20.08,182490.0
2023-03-08,19.95,20.19,19.78,20.0,133001.0
2023-03-09,20.11,20.11,19.71,19.73,109222.0
2023-03-10,19.73,19.88,19.58,19.67,133173.0
2023-03-13,19.62,20.28,19.52,20.2,199842.0
2023-03-14,20.12,20.2,19.64,19.83,173670.0
2023-03-15,19.98,20.38,19.88,20.13,148070.0
2023-03-16,20.03,20.21,19.46,19.54,197542.0
2023-03-17,19.75,20.83,19.72,20.75,480106.0
2023-03-20,20.73,20.98,20.55,20.83,264513.0
2023-03-21,20.97,21.0,20.58,20.71,179096.0
2023-03-22,20.78,20.83,20.39,20.55,140006.0
2023-03-23,20.45,20.58,20.2,20.43,160789.0
2023-03-24,20.53,21.09,20.27,20.93,292359.0
2023-03-27,20.71,21.23,20.53,20.97,253740.0
2023-03-28,21.11,21.53,20.89,21.0,292233.0
2023-03-29,21.15,21.3,20.75,20.77,135741.0
2023-03-30,20.68,20.93,20.58,20.91,125704.0
2023-03-31,20.79,20.91,20.38,20.54,155613.0
2023-04-03,20.7,20.7,20.41,20.54,129447.0
2023-04-04,20.58,20.59,19.95,20.37,177528.0
2023-04-06,20.28,20.35,20.0,20.17,123278.0
2023-04-07,20.17,20.59,20.04,20.59,109048.0
2023-04-10,20.45,20.68,20.17,20.52,147799.0
2023-04-11,20.32,20.48,19.97,20.33,147237.0
2023-04-12,20.45,20.57,20.12,20.2,134399.0
2023-04-13,20.2,20.48,20.02,20.39,197859.0
2023-04-14,20.45,20.52,20.1,20.33,165912.0
2023-04-17,20.27,20.53,20.1,20.19,166482.0
2023-04-18,20.25,20.95,20.25,20.61,250152.0
2023-04-19,20.62,20.66,20.21,20.3,150651.0
2023-04-20,20.31,20.38,20.03,20.16,136621.0
2023-04-21,20.16,20.28,19.61,19.68,163284.0
2023-04-24,19.62,19.86,19.48,19.66,116731.0
2023-04-25,19.66,19.74,18.87,19.11,208818.0
2023-04-26,19.28,19.59,19.19,19.28,119945.0
2023-04-27,19.27,19.38,18.97,19.22,141811.0
2023-04-28,19.59,19.86,19.3,19.72,150780.0
2023-05-04,19.72,20.1,19.6,20.02,159724.0
2023-05-05,19.95,19.99,19.6,19.68,101621.0
2023-05-08,19.68,20.18,19.68,19.84,168319.0
2023-05-09,19.74,19.99,19.38,19.83,169585.0
2023-05-10,19.78,20.9,19.77,20.45,294468.0
2023-05-11,20.48,20.69,20.29,20.58,162789.0
2023-05-12,20.48,20.7,20.33,20.42,89993.0
2023-05-15,20.65,20.98,20.44,20.79,167147.0
2023-05-16,20.95,21.43,20.87,21.18,270457.0
2023-05-17,21.2,21.41,20.92,21.18,162545.0
2023-05-18,21.2,21.41,21.0,21.13,156304.0
2023-05-19,21.28,21.52,21.0,21.21,154598.0
2023-05-22,21.19,21.49,20.98,21.13,163229.0
2023-05-23,21.27,21.27,20.48,20.49,179990.0
2023-05-24,20.6,20.69,20.36,20.43,144410.0
2023-05-25,20.29,20.66,20.12,20.37,118711.0
2023-05-26,20.31,20.37,20.07,20.32,65157.0
2023-05-29,20.28,20.49,20.18,20.33,103034.0
2023-05-30,20.33,21.04,20.33,20.88,179826.0
2023-05-31,21.07,21.09,20.57,20.82,140104.0
2023-06-01,20.78,21.04,20.39,20.43,168196.0
2023-06-02,20.48,20.73,20.25,20.3,132025.0
2023-06-05,20.43,20.51,20.13,20.24,87990.0
2023-06-06,20.24,20.49,20.21,20.27,119901.0
2023-06-07,20.22,20.34,19.87,19.98,124271.0
2023-06-08,19.98,20.03,19.68,19.88,136726.0
2023-06-09,19.88,20.26,19.66,20.18,164392.0
2023-06-12,20.18,20.33,19.96,19.99,97727.0
2023-06-13,20.0,20.2,19.62,20.13,109335.0
2023-06-14,20.13,20.24,19.92,19.93,126208.0
2023-06-15,20.13,20.85,19.98,20.8,226333.0
2023-06-16,20.87,21.23,20.79,21.15,167777.0
2023-06-19,21.12,21.7,21.03,21.33,230720.0
2023-06-20,21.44,21.6,21.17,21.26,106105.0
2023-06-21,21.26,21.45,21.03,21.07,156466.0
2023-06-26,21.49,21.49,20.62,20.95,201322.0
2023-06-27,21.06,21.25,20.68,20.95,150116.0
2023-06-28,20.95,21.26,20.78,21.24,132234.0
2023-06-29,21.21,21.67,21.1,21.57,154213.0
2023-06-30,21.57,21.73,21.38,21.38,126491.0
2023-07-03,21.43,21.8,21.34,21.37,122153.0
2023-07-04,21.37,21.87,21.36,21.71,161705.0
2023-07-05,21.95,22.53,21.93,22.03,238075.0
2023-07-06,22.2,22.37,21.68,21.73,121863.0
2023-07-07,21.91,22.19,21.62,21.78,168635.0
2023-07-10,21.84,22.1,21.5,21.84,134869.0
2023-07-11,21.63,21.91,21.6,21.78,103517.0
2023-07-12,22.08,22.38,21.94,22.15,204196.0
2023-07-13,22.14,22.53,22.08,22.46,238095.0
2023-07-14,22.38,22.69,21.88,21.91,182026.0
2023-07-17,21.92,22.65,21.73,22.62,217634.0
2023-07-18,22.56,22.75,22.48,22.74,231097.0
2023-07-19,22.74,23.12,22.6,22.88,223367.0
2023-07-20,22.88,23.13,22.42,22.51,187752.0
2023-07-21,22.43,22.6,22.18,22.34,130323.0
2023-07-24,22.17,22.26,22.0,22.11,118735.0
2023-07-25,22.34,22.35,21.78,22.06,194992.0
2023-07-26,21.9,22.23,21.81,22.2,193286.0
2023-07-27,22.23,22.55,21.92,21.98,140019.0
2023-07-28,21.97,22.27,21.7,22.27,177499.0
2023-07-31,22.43,22.69,22.19,22.6,205705.0
2023-08-01,22.56,22.7,21.83,22.27,237139.0
2023-08-02,22.2,22.4,21.51,21.8,215137.0
2023-08-03,21.75,22.13,21.68,22.12,160395.0
2023-08-04,22.16,22.29,21.93,22.1,127915.0
2023-08-07,22.08,22.58,22.03,22.58,173122.0
2023-08-08,22.48,22.95,22.36,22.68,165357.0
2023-08-09,22.74,22.74,22.28,22.44,148228.0
2023-08-10,22.48,22.75,22.44,22.67,102046.0
2023-08-11,22.5,22.62,21.87,21.87,141222.0
2023-08-14,21.79,21.99,21.52,21.68,99423.0
2023-08-15,21.69,22.14,21.63,21.85,118039.0
2023-08-16,21.86,21.95,21.48,21.71,94339.0
2023-08-17,21.53,21.72,21.29,21.46,112689.0
2023-08-18,21.57,21.67,21.29,21.29,78169.0
2023-08-21,21.29,21.52,21.08,21.08,126248.0
2023-08-22,21.13,21.61,21.13,21.39,170078.0
2023-08-23,21.44,21.6,20.85,20.92,137579.0
2023-08-24,20.88,21.16,20.79,20.98,96140.0
2023-08-25,20.8,21.07,20.76,20.86,124161.0
2023-08-28,21.66,21.79,21.0,21.15,191821.0
2023-08-29,21.03,21.8,21.03,21.68,186112.0
2023-08-30,21.78,22.08,21.69,21.94,134756.0
2023-08-31,21.95,22.26,21.78,22.1,167836.0
2023-09-01,21.98,22.07,21.4,21.52,107325.0
2023-09-04,21.67,21.88,21.6,21.85,146333.0
2023-09-05,21.85,21.94,21.68,21.79,106073.0
2023-09-06,21.64,21.81,21.55,21.65,72444.0
2023-09-07,21.6,21.7,21.24,21.29,121419.0
2023-09-08,21.38,21.48,21.15,21.28,69016.0
2023-09-11,21.17,21.61,21.17,21.44,136081.0
2023-09-12,21.35,21.54,21.3,21.48,91485.0
2023-09-13,21.49,21.49,20.95,21.04,127901.0
2023-09-14,21.06,21.38,21.02,21.23,124299.0
2023-09-15,21.23,21.33,20.65,21.33,366281.0
2023-09-18,21.02,21.08,20.74,20.83,210689.0
2023-09-19,20.83,20.93,20.61,20.91,118939.0
2023-09-20,20.97,20.97,20.47,20.5,134197.0
2023-09-21,20.36,20.65,20.31,20.31,163389.0
2023-09-22,20.5,21.06,20.33,21.06,239287.0
2023-09-25,21.23,21.23,20.86,20.99,127198.0
2023-09-26,21.04,21.21,20.7,20.74,101960.0
2023-09-27,20.4,20.85,20.19,20.32,199888.0
2023-09-28,20.5,20.54,20.34,20.47,119152.0
2023-10-09,20.47,20.86,20.35,20.57,148838.0
2023-10-10,20.84,20.84,20.48,20.66,107016.0
2023-10-11,20.86,21.07,20.6,20.61,186582.0
2023-10-12,20.93,20.95,20.63,20.88,106102.0
2023-10-13,20.63,20.72,20.31,20.41,115016.0
2023-10-16,20.39,20.46,19.95,20.06,134187.0
2023-10-17,20.18,20.48,19.98,20.42,99299.0
2023-10-18,20.28,20.63,20.24,20.61,157703.0
2023-10-19,20.54,20.88,20.48,20.71,202961.0
2023-10-20,20.68,20.76,20.26,20.38,130886.0
2023-10-23,20.33,20.33,19.78,19.94,136885.0
2023-10-24,19.57,19.93,19.28,19.86,193908.0
2023-10-25,20.14,20.46,19.78,19.97,180482.0
2023-10-26,19.93,20.43,19.84,20.37,174770.0
2023-10-27,20.23,20.91,20.23,20.82,137282.0
2023-10-30,20.7,20.99,20.61,20.78,106553.0
2023-10-31,20.78,20.94,20.58,20.83,118199.0
2023-11-01,20.71,21.06,20.48,20.94,171817.0
2023-11-02,21.13,21.22,20.89,20.95,87302.0
2023-11-03,20.93,21.1,20.8,20.86,107732.0
2023-11-06,20.9,21.28,20.86,20.94,170941.0
2023-11-07,20.9,21.0,20.74,20.9,87220.0
2023-11-08,20.89,21.01,20.73,20.79,91922.0
2023-11-09,20.93,20.99,20.7,20.95,92821.0
2023-11-10,20.8,21.0,20.77,20.8,82253.0
2023-11-13,20.87,20.99,20.53,20.6,134663.0
2023-11-14,20.71,20.84,20.21,20.29,164386.0
2023-11-15,20.43,20.93,20.34,20.71,226061.0
2023-11-16,20.65,20.76,20.3,20.49,216273.0
2023-11-17,20.33,20.57,20.29,20.48,148908.0
2023-11-20,20.58,20.86,20.47,20.74,119380.0
2023-11-21,20.91,20.91,20.49,20.5,174278.0
2023-11-22,20.38,20.62,20.34,20.34,88703.0
2023-11-23,20.31,20.56,20.31,20.52,101690.0
2023-11-24,20.48,20.52,20.32,20.34,74905.0
2023-11-27,20.29,20.42,20.13,20.38,115604.0
2023-11-28,20.42,20.42,20.16,20.29,111860.0
2023-11-29,20.35,20.35,20.07,20.18,106210.0
2023-11-30,20.25,20.57,20.16,20.29,145468.0
2023-12-01,20.29,20.3,19.83,20.26,221454.0
2023-12-04,20.26,20.45,20.18,20.27,132870.0
2023-12-05,20.39,20.39,19.88,19.88,148375.0
2023-12-06,19.83,19.98,19.69,19.69,136384.0
2023-12-07,19.67,19.74,19.48,19.59,151268.0
2023-12-08,19.59,19.73,19.42,19.54,189101.0
2023-12-11,18.48,19.65,18.36,19.6,210468.0
2023-12-12,19.5,19.56,19.28,19.49,114574.0
2023-12-13,19.48,19.5,19.16,19.16,129719.0
2023-12-14,19.16,19.58,19.13,19.38,163997.0
2023-12-15,19.48,19.63,18.93,18.93,223820.0
2023-12-18,18.96,19.33,18.73,19.12,173243.0
2023-12-19,19.1,19.56,19.0,19.42,153248.0
2023-12-20,19.26,19.61,19.26,19.3,109879.0
2023-12-21,19.24,19.66,19.19,19.6,154677.0
2023-12-22,19.59,19.94,19.36,19.87,178689.0
2023-12-25,19.93,20.04,19.68,19.83,94387.0
2023-12-26,19.83,19.86,19.56,19.73,73970.0
2023-12-27,19.79,19.98,19.55,19.93,142312.0
2023-12-28,19.93,20.24,19.83,20.16,177675.0
2023-12-29,20.28,20.62,20.16,20.6,253060.0
2024-01-02,20.5,20.6,20.27,20.38,164618.0
2024-01-03,20.38,20.74,20.29,20.68,166047.0
2024-01-04,20.87,20.88,20.39,20.66,222724.0
2024-01-05,20.57,20.8,20.3,20.47,182253.0
2024-01-08,20.7,20.7,20.19,20.2,189385.0
2024-01-09,20.38,20.38,19.9,20.11,183489.0
2024-01-10,20.05,20.24,19.83,19.91,141522.0
2024-01-11,19.83,19.97,19.34,19.38,198674.0
2024-01-12,19.22,19.44,18.89,19.25,236844.0
2024-01-15,19.09,19.64,19.09,19.41,160088.0
2024-01-16,19.5,19.63,19.1,19.47,217134.0
2024-01-17,19.46,19.52,19.07,19.07,226964.0
2024-01-18,19.08,19.67,18.69,19.47,377577.0
2024-01-19,19.36,19.54,19.14,19.3,312333.0
2024-01-22,19.22,19.5,18.89,19.15,301913.0
2024-01-23,18.94,19.27,18.63,18.83,280789.0
2024-01-24,19.02,19.02,18.52,18.94,253084.0
2024-01-25,18.98,19.57,18.83,19.52,269425.0
2024-01-26,19.47,19.58,19.19,19.44,224941.0
2024-01-29,19.47,19.83,19.4,19.67,237233.0
2024-01-30,19.58,19.83,19.2,19.23,251621.0
2024-01-31,19.48,19.62,19.14,19.29,256717.0
2024-02-01,19.18,19.62,19.11,19.16,251275.0
2024-02-02,19.16,19.29,18.48,18.88,237999.0
2024-02-05,18.94,19.7,18.65,19.43,300306.0
2024-02-06,19.23,20.5,19.2,20.42,358995.0
2024-02-07,20.49,20.73,20.23,20.73,371097.0
2024-02-08,20.62,21.23,20.54,20.75,341467.0
2024-02-19,21.08,21.11,20.65,20.97,254906.0
2024-02-20,20.98,21.22,20.81,21.17,132931.0
2024-02-21,20.82,21.23,20.82,20.84,261700.0
2024-02-22,20.7,21.13,20.63,21.04,162307.0
2024-02-23,20.8,21.07,20.41,21.0,280601.0
2024-02-26,21.0,21.42,20.91,21.03,178789.0
2024-02-27,20.96,21.23,20.88,21.19,123027.0
2024-02-28,21.28,21.33,20.9,21.06,206688.0
2024-02-29,21.04,21.5,21.02,21.46,193521.0
2024-03-01,21.31,21.68,21.21,21.58,171364.0
2024-03-04,21.58,22.38,21.57,22.14,261957.0
2024-03-05,21.98,22.96,21.94,22.81,364056.0
2024-03-06,22.81,23.75,22.81,23.29,394820.0
2024-03-07,23.29,23.41,23.05,23.17,244034.0
2024-03-08,22.95,23.32,22.77,23.13,315327.0
2024-03-11,23.13,23.61,23.05,23.3,262167.0
2024-03-12,23.49,23.52,22.91,22.94,250560.0
2024-03-13,22.58,23.19,22.52,22.82,257228.0
2024-03-14,22.89,22.89,22.48,22.6,269875.0
2024-03-15,22.48,22.65,22.04,22.38,287185.0
2024-03-18,22.45,22.93,22.28,22.86,249306.0
2024-03-19,22.88,22.93,22.56,22.61,169211.0
2024-03-20,22.75,22.96,22.48,22.87,200557.0
2024-03-21,23.08,23.18,22.79,22.88,185837.0
2024-03-22,22.94,22.95,22.54,22.79,241593.0
2024-03-25,22.95,23.04,22.73,22.84,161393.0
2024-03-26,22.71,23.08,22.58,22.64,168710.0
2024-03-27,22.66,22.76,22.36,22.36,205210.0
2024-03-28,22.36,22.73,22.18,22.39,194745.0
2024-03-29,22.39,22.73,22.33,22.62,97426.0
2024-04-01,22.64,23.2,22.55,22.71,186801.0
2024-04-02,22.67,22.74,22.35,22.54,261855.0
2024-04-03,22.4,22.53,21.88,21.9,238485.0
2024-04-08,21.91,22.66,21.88,22.15,261171.0
2024-04-09,22.25,22.31,21.82,21.95,145543.0
2024-04-10,21.98,22.07,21.7,21.76,128685.0
2024-04-11,21.73,22.9,21.67,22.79,325812.0
2024-04-12,22.68,23.33,22.66,22.98,291839.0
2024-04-15,22.74,23.74,22.74,23.38,336490.0
2024-04-16,23.19,23.64,23.04,23.31,265754.0
2024-04-17,23.05,23.98,22.96,23.83,304884.0
2024-04-18,23.78,24.58,23.7,24.33,369565.0
2024-04-19,24.08,24.32,23.61,23.79,247126.0
2024-04-22,23.96,24.21,23.73,23.86,185132.0
2024-04-23,23.88,24.08,23.4,23.75,227864.0
2024-04-24,23.86,24.18,23.75,24.06,193618.0
2024-04-25,23.83,24.01,23.39,23.46,189768.0
2024-04-26,23.58,23.65,22.3,22.38,545043.0
2024-04-29,22.28,22.53,21.83,21.93,530124.0
2024-04-30,21.93,22.08,21.18,21.82,564498.0
2024-05-06,22.29,22.33,21.21,21.42,872356.0
2024-05-07,21.42,21.77,21.25,21.51,407125.0
2024-05-08,21.23,21.52,21.15,21.23,347696.0
2024-05-09,21.22,21.78,21.22,21.55,397097.0
2024-05-10,21.55,21.89,21.26,21.69,475018.0
2024-05-13,21.7,22.63,21.53,22.5,769837.0
2024-05-14,22.5,22.75,22.13,22.43,481938.0
2024-05-15,22.42,22.68,21.8,21.83,305704.0
2024-05-16,21.66,21.78,21.26,21.29,495551.0
2024-05-17,21.28,21.43,21.15,21.36,263353.0
2024-05-20,21.36,21.45,20.98,21.08,556383.0
2024-05-21,21.0,21.08,20.72,20.79,347508.0
2024-05-22,20.77,20.88,20.63,20.74,284599.0
2024-05-23,20.73,20.73,20.43,20.52,244081.0
2024-05-24,20.48,20.96,20.43,20.52,403912.0
2024-05-27,20.54,21.4,20.53,21.28,647241.0
2024-05-28,21.24,21.51,21.18,21.28,350649.0
2024-05-29,21.18,21.5,20.99,21.19,279074.0
2024-05-30,21.28,21.78,21.28,21.42,419244.0
2024-05-31,21.44,21.49,20.79,20.79,472325.0
2024-06-03,20.68,21.33,20.56,21.17,351472.0
2024-06-04,21.11,22.44,21.05,22.36,669637.0
2024-06-05,22.36,22.78,22.01,22.09,478183.0
2024-06-06,21.98,22.73,21.98,22.23,337211.0
2024-06-07,22.28,22.43,21.88,22.05,275319.0
2024-06-11,21.88,22.23,21.83,21.94,232249.0
2024-06-12,21.99,22.16,21.71,21.88,250333.0
2024-06-13,21.97,22.61,21.88,22.42,392484.0
2024-06-14,22.51,23.04,22.23,22.71,417011.0
2024-06-17,22.7,23.78,22.62,23.51,645992.0
2024-06-18,23.46,23.73,23.17,23.61,305182.0
2024-06-19,23.61,23.86,23.2,23.33,251705.0
2024-06-20,23.35,23.57,23.11,23.34,245926.0
2024-06-21,23.49,23.59,23.01,23.38,291836.0
2024-06-24,23.31,23.91,23.22,23.6,361089.0
2024-06-25,23.59,23.69,22.93,23.14,315854.0
2024-06-26,23.09,23.28,22.81,23.17,194200.0
2024-06-27,23.13,23.17,22.86,23.02,208460.0
2024-06-28,23.02,24.01,22.96,23.77,413815.0
2024-07-01,23.74,23.83,23.36,23.66,214414.0
2024-07-02,23.48,23.6,22.92,23.23,248444.0
2024-07-03,23.12,23.25,22.96,23.15,131344.0
2024-07-04,23.26,23.91,23.17,23.51,239210.0
2024-07-05,23.53,23.56,22.88,23.44,247234.0
2024-07-08,23.44,23.93,23.41,23.6,279354.0
2024-07-09,23.54,24.09,23.31,24.01,294558.0
2024-07-10,23.98,24.26,23.29,23.5,290018.0
2024-07-11,23.45,23.6,23.11,23.35,244187.0
2024-07-12,23.41,23.41,22.93,23.16,256513.0
2024-07-15,23.14,23.25,22.71,22.96,236735.0
2024-07-16,22.97,23.18,22.62,23.04,226024.0
2024-07-17,23.04,23.09,22.53,23.02,228288.0
2024-07-18,23.02,23.85,22.89,23.53,335991.0
2024-07-19,23.46,23.68,22.93,23.61,372598.0
2024-07-22,23.6,23.91,23.23,23.3,279258.0
2024-07-23,23.41,23.54,22.63,22.89,277452.0
2024-07-24,22.77,23.09,22.68,22.83,165564.0
2024-07-25,22.81,22.87,22.4,22.77,210251.0
2024-07-26,22.69,23.3,22.53,23.2,231834.0
2024-07-29,23.46,23.81,23.08,23.22,232178.0
2024-07-30,23.07,23.1,22.58,22.86,195588.0
2024-07-31,22.77,23.06,22.34,22.83,297766.0
2024-08-01,22.81,23.21,22.57,22.61,248195.0
2024-08-02,22.6,22.89,22.33,22.48,156738.0
2024-08-05,22.51,22.81,22.37,22.53,218148.0
2024-08-06,22.59,22.71,22.05,22.34,261441.0
2024-08-07,22.36,22.84,22.36,22.63,231857.0
2024-08-08,22.52,22.7,22.17,22.46,219257.0
2024-08-09,22.41,22.84,22.24,22.34,123497.0
2024-08-12,22.51,22.66,22.32,22.34,101142.0
2024-08-13,22.34,22.86,22.32,22.61,193121.0
2024-08-14,22.78,22.78,22.16,22.16,192562.0
2024-08-15,22.12,22.56,21.84,22.48,158394.0
2024-08-16,22.44,22.57,22.26,22.44,160880.0
2024-08-19,22.5,22.75,22.36,22.5,110269.0
2024-08-20,22.64,22.64,22.03,22.21,159357.0
2024-08-21,22.2,22.31,22.02,22.29,131089.0
2024-08-22,22.28,22.84,22.16,22.71,187833.0
2024-08-23,22.52,22.99,22.44,22.57,134077.0
2024-08-26,22.57,22.7,22.26,22.39,125181.0
2024-08-27,22.27,22.41,21.93,22.13,153591.0
2024-08-28,22.22,22.46,21.8,22.11,177931.0
2024-08-29,22.11,22.64,21.66,22.57,268682.0
2024-08-30,22.45,23.56,22.45,23.43,380757.0
2024-09-02,23.39,23.79,23.34,23.53,270996.0
2024-09-03,23.46,24.28,23.37,24.15,277624.0
2024-09-04,24.1,24.28,23.72,24.19,222843.0
2024-09-05,24.24,24.29,23.6,24.02,221363.0
2024-09-06,24.12,24.26,23.91,23.92,125743.0
2024-09-09,24.19,24.21,23.63,23.95,277979.0
2024-09-10,24.0,24.08,23.78,23.99,201127.0
2024-09-11,23.98,24.49,23.92,24.37,183802.0
2024-09-12,24.41,24.86,24.31,24.41,206983.0
2024-09-13,24.41,24.8,24.21,24.65,169366.0
2024-09-18,24.65,25.19,24.56,24.88,169599.0
2024-09-19,25.18,25.18,24.31,24.52,298906.0
2024-09-20,24.46,24.71,24.22,24.55,236665.0
2024-09-23,24.43,24.84,24.39,24.45,116598.0
2024-09-24,24.87,24.9,24.05,24.5,374827.0
2024-09-25,24.92,25.8,24.58,25.28,463980.0
2024-09-26,25.8,25.81,24.41,24.86,553812.0
2024-09-27,24.99,25.81,24.01,24.93,428370.0
2024-09-30,25.45,26.72,25.17,26.48,1062523.0
2024-10-08,29.25,29.25,26.31,26.71,1196924.0
2024-10-09,26.44,27.45,25.74,25.96,902323.0
2024-10-10,25.99,26.8,25.7,25.93,699748.0
2024-10-11,26.01,26.06,25.17,25.46,328406.0
2024-10-14,25.83,26.06,25.18,25.69,347829.0
2024-10-15,25.56,25.65,24.72,24.75,409172.0
2024-10-16,24.56,25.09,24.32,24.8,269697.0
2024-10-17,24.95,25.08,24.47,24.57,247983.0
2024-10-18,24.66,25.53,24.49,25.17,351497.0
2024-10-21,25.35,25.35,24.61,24.7,412501.0
2024-10-22,24.71,25.79,24.71,25.5,382182.0
2024-10-23,25.6,25.9,25.32,25.38,285429.0
2024-10-24,25.48,25.48,25.16,25.29,136813.0
2024-10-25,25.4,25.42,25.05,25.25,204730.0
2024-10-28,25.22,25.96,24.97,25.92,336703.0
2024-10-29,25.9,26.52,25.83,26.3,289386.0
2024-10-30,26.25,26.61,25.61,25.86,265857.0
2024-10-31,25.85,25.92,24.76,24.91,419881.0
2024-11-01,24.91,25.69,24.78,25.49,291742.0
2024-11-04,25.55,25.98,25.37,25.59,219313.0
2024-11-05,25.45,25.98,25.33,25.95,264406.0
2024-11-06,25.9,26.31,25.66,25.78,240345.0
2024-11-07,25.79,26.32,25.79,26.21,230552.0
2024-11-08,26.34,26.83,26.16,26.25,332136.0
2024-11-11,25.8,26.22,25.79,25.97,283076.0
2024-11-12,25.62,26.47,25.14,25.19,477526.0
2024-11-13,25.19,25.94,25.16,25.85,344273.0
2024-11-14,25.62,26.1,25.31,25.37,230133.0
2024-11-15,25.16,25.74,24.86,25.16,260460.0
2024-11-18,25.16,25.61,25.08,25.27,202661.0
2024-11-19,25.28,25.69,25.07,25.34,159739.0
2024-11-20,25.36,25.5,25.07,25.42,153580.0
2024-11-21,25.5,25.74,25.35,25.7,227609.0
2024-11-22,25.79,25.8,24.75,24.76,279375.0
2024-11-25,24.75,24.86,23.98,24.02,330958.0
2024-11-26,23.95,24.19,23.76,23.88,196877.0
2024-11-27,23.88,23.98,23.54,23.95,206784.0
2024-11-28,23.97,23.97,23.46,23.56,231294.0
2024-11-29,23.73,23.93,23.46,23.63,193222.0
2024-12-02,23.76,23.76,23.38,23.59,273313.0
2024-12-03,23.62,24.08,23.49,23.97,349342.0
2024-12-04,23.95,24.03,23.57,23.84,196171.0
2024-12-05,23.75,23.77,23.48,23.53,197157.0
2024-12-06,23.55,23.95,23.48,23.81,207406.0
2024-12-09,23.81,24.03,23.67,23.87,177841.0
2024-12-10,24.25,24.39,23.77,23.86,280056.0
2024-12-11,23.98,23.98,23.66,23.9,228525.0
2024-12-12,23.81,24.01,23.7,24.0,196441.0
2024-12-13,23.76,23.92,23.38,23.41,315228.0
2024-12-16,23.42,23.78,22.95,23.03,314574.0
2024-12-17,22.96,23.7,22.9,23.46,254857.0
2024-12-18,23.6,23.73,23.4,23.5,152643.0
2024-12-19,23.48,24.09,23.28,24.03,271771.0
2024-12-20,24.04,24.13,23.56,23.8,219649.0
2024-12-23,23.72,24.06,23.65,23.67,195180.0
2024-12-24,23.8,24.21,23.68,24.19,264970.0
2024-12-25,24.19,24.39,23.85,23.95,147309.0
2024-12-26,23.96,24.14,23.73,24.01,124647.0
2024-12-27,23.86,24.13,23.76,24.02,145783.0
2024-12-30,23.98,24.43,23.95,24.05,173392.0
2024-12-31,23.98,24.37,23.85,24.17,306032.0
2025-01-02,24.15,24.2,23.02,23.17,349585.0
2025-01-03,23.1,23.39,22.73,22.81,200125.0
2025-01-06,23.0,23.1,22.58,22.74,193497.0
2025-01-07,22.73,23.1,22.58,22.7,171627.0
2025-01-08,22.71,22.81,22.24,22.55,187876.0
2025-01-09,22.5,23.01,22.3,22.66,195129.0
2025-01-10,22.8,22.8,22.4,22.4,127945.0
2025-01-13,22.29,22.57,22.03,22.15,164636.0
2025-01-14,22.15,22.82,21.84,22.65,220539.0
2025-01-15,22.55,22.71,22.17,22.19,187975.0
2025-01-16,22.22,22.48,21.71,21.85,285364.0
2025-01-17,21.85,22.22,21.61,21.92,232028.0
2025-01-20,22.18,22.47,21.76,21.82,328232.0
2025-01-21,22.0,22.55,21.88,22.37,298859.0
2025-01-22,22.65,22.77,22.03,22.48,270150.0
2025-01-23,22.54,22.66,21.69,21.79,415259.0
2025-01-24,21.73,22.52,21.69,22.27,364663.0
2025-01-27,22.28,22.49,22.03,22.03,199538.0
2025-02-05,22.18,22.21,21.76,21.85,269508.0
2025-02-06,21.77,22.02,21.76,22.01,290753.0
2025-02-07,22.03,22.36,21.82,22.08,381988.0
2025-02-10,22.1,22.3,21.95,22.17,327693.0
2025-02-11,22.17,22.2,21.87,22.01,221862.0
2025-02-12,22.03,22.21,21.92,22.09,348938.0
2025-02-13,22.13,22.29,21.97,22.0,324456.0
2025-02-14,21.97,22.7,21.96,22.64,531515.0
2025-02-17,22.91,22.92,22.4,22.57,313379.0
2025-02-18,22.55,22.83,22.34,22.45,249482.0
2025-02-19,22.35,22.46,22.17,22.28,301112.0
2025-02-20,22.28,22.29,21.96,22.17,265395.0
2025-02-21,22.35,22.73,22.2,22.57,423658.0
2025-02-24,22.61,22.68,22.3,22.42,329135.0
2025-02-25,22.24,22.43,22.05,22.09,336465.0
2025-02-26,22.05,22.15,21.9,22.12,320057.0
2025-02-27,22.07,22.19,21.92,22.1,324616.0
2025-02-28,22.1,22.99,22.02,22.4,603065.0
2025-03-03,22.51,22.87,22.45,22.54,327667.0
2025-03-04,22.4,22.83,22.37,22.57,241329.0
2025-03-05,22.46,22.74,22.4,22.43,262466.0
2025-03-06,22.54,22.54,22.18,22.25,376906.0
2025-03-07,22.21,22.25,21.82,21.85,445682.0
2025-03-10,21.85,21.88,21.28,21.34,540798.0
2025-03-11,21.05,21.4,21.05,21.33,327413.0
2025-03-12,21.42,21.43,21.07,21.35,381758.0
2025-03-13,21.24,21.56,21.21,21.35,309379.0
2025-03-14,21.4,21.73,21.35,21.51,505074.0
2025-03-17,21.56,21.67,21.37,21.43,332760.0
2025-03-18,21.51,21.62,21.33,21.4,279699.0
2025-03-19,21.42,21.45,21.2,21.3,293638.0
2025-03-20,21.26,21.51,21.14,21.44,283951.0
2025-03-21,21.39,21.62,21.1,21.1,370082.0
2025-03-24,21.11,21.38,21.05,21.2,277764.0
2025-03-25,21.19,21.65,21.1,21.45,347885.0
2025-03-26,21.4,21.63,21.23,21.41,269883.0
2025-03-27,21.35,21.47,21.24,21.43,192267.0
2025-03-28,21.42,21.49,21.2,21.28,234534.0
2025-03-31,21.22,21.32,20.85,20.85,317964.0
2025-04-01,20.83,21.09,20.67,21.06,250376.0
2025-04-02,21.02,21.17,20.85,20.85,194019.0
2025-04-03,20.55,21.37,20.55,21.28,419894.0
2025-04-07,20.65,21.38,20.26,20.81,887174.0
2025-04-08,20.95,22.2,20.85,22.12,1161179.0
2025-04-09,22.15,22.91,21.95,22.91,994364.0
2025-04-10,23.55,23.6,22.25,22.31,652490.0
2025-04-11,22.89,22.91,21.96,22.31,446750.0
2025-04-14,22.33,22.43,22.03,22.36,283125.0
2025-04-15,22.4,22.49,22.18,22.46,230756.0
2025-04-16,22.47,22.59,22.12,22.58,304010.0
2025-04-17,22.52,22.55,22.28,22.55,217065.0
2025-04-18,22.35,22.38,22.21,22.25,150920.0
2025-04-21,22.16,22.34,22.05,22.12,155516.0
2025-04-22,22.12,22.33,22.0,22.01,171649.0
2025-04-23,22.16,22.16,21.77,21.85,234076.0
2025-04-24,21.85,22.15,21.82,22.08,178208.0
2025-04-25,22.15,22.23,21.8,21.83,232908.0
2025-04-28,21.83,22.13,21.83,22.05,154808.0
2025-04-29,21.91,21.95,21.1,21.16,529897.0
2025-04-30,21.16,21.24,21.05,21.1,235748.0
2025-05-06,21.08,21.27,20.98,21.27,323778.0
2025-05-07,21.66,21.66,21.25,21.55,388321.0
2025-05-08,21.45,21.91,21.33,21.87,301937.0
2025-05-09,21.87,21.93,21.69,21.84,180444.0
2025-05-12,21.91,22.13,21.74,21.91,215737.0
2025-05-13,21.94,22.0,21.67,21.94,210626.0
2025-05-14,21.88,22.05,21.73,21.99,192608.0
2025-05-15,21.92,22.05,21.75,21.78,149479.0
2025-05-16,21.75,21.83,21.5,21.61,192870.0
2025-05-19,21.67,21.89,21.57,21.85,134193.0
2025-05-20,21.9,21.93,21.67,21.87,199887.0
2025-05-21,21.82,21.93,21.72,21.72,151124.0
2025-05-22,21.69,22.04,21.69,22.03,224777.0
2025-05-23,21.95,22.1,21.4,21.4,269720.0
2025-05-26,21.39,21.67,21.13,21.19,214489.0
2025-05-27,21.19,21.28,21.06,21.06,159024.0
2025-05-28,21.09,21.25,20.99,20.99,168084.0
2025-05-29,21.06,21.21,20.95,21.13,161751.0
2025-05-30,21.06,21.25,20.82,21.14,275842.0
2025-06-03,20.92,21.07,20.75,20.8,418700.0
2025-06-04,20.8,20.94,20.67,20.81,402194.0
2025-06-05,20.93,21.09,20.83,21.06,339748.0
2025-06-06,21.09,21.42,20.98,21.32,347272.0
2025-06-09,21.32,21.39,21.1,21.25,267915.0
2025-06-10,21.26,21.34,21.05,21.13,269640.0
2025-06-11,21.13,21.29,21.08,21.22,274671.0
2025-06-12,21.23,21.53,21.18,21.34,224137.0
2025-06-13,21.34,21.45,21.26,21.33,229356.0
2025-06-16,21.3,21.44,21.11,21.4,222186.0
2025-06-17,21.4,21.51,21.33,21.49,178836.0
2025-06-18,21.45,21.74,21.44,21.53,211673.0
2025-06-19,21.49,21.71,21.3,21.43,388750.0
2025-06-20,21.56,21.88,21.44,21.77,295902.0
2025-06-23,21.65,21.78,21.34,21.71,223395.0
2025-06-24,21.72,21.78,21.5,21.57,291003.0
2025-06-25,21.57,21.86,21.42,21.78,261752.0
2025-06-26,21.72,21.88,21.68,21.68,216777.0
2025-06-27,21.75,21.76,21.55,21.64,208417.0
2025-06-30,21.68,21.84,21.56,21.79,235653.0
2025-07-01,21.8,21.81,21.56,21.59,208879.0
2025-07-02,21.58,21.65,21.44,21.56,166821.0
2025-07-03,21.49,21.56,21.38,21.45,204020.0
2025-07-04,21.44,21.53,21.35,21.41,173676.0
2025-07-07,21.46,21.61,21.42,21.54,173316.0
2025-07-08,21.58,21.65,21.43,21.47,340062.0
2025-07-09,21.47,21.57,21.41,21.47,238833.0
2025-07-10,21.47,21.55,21.25,21.25,411836.0
2025-07-11,21.28,21.39,21.22,21.24,411373.0
2025-07-14,21.25,21.41,21.21,21.23,360775.0
2025-07-15,21.27,21.33,21.1,21.2,254831.0
2025-07-16,21.18,21.2,21.09,21.09,238981.0
2025-07-17,21.13,21.28,21.08,21.28,215537.0
2025-07-18,21.28,21.3,21.05,21.17,341694.0
2025-07-21,22.18,22.46,21.84,22.31,2004047.0
2025-07-22,22.65,23.37,22.0,23.02,2150023.0
2025-07-23,23.37,23.37,21.91,22.03,1852291.0
2025-07-24,21.88,21.93,21.63,21.82,867751.0
2025-07-25,21.77,21.95,21.6,21.6,626143.0
2025-07-28,21.65,21.68,21.5,21.52,478375.0
2025-07-29,21.47,21.54,21.35,21.48,502043.0
2025-07-30,21.48,21.54,21.34,21.38,449505.0
2025-07-31,21.35,21.41,21.25,21.26,446015.0
2025-08-01,21.3,21.3,21.1,21.18,404089.0
2025-08-04,21.11,21.27,21.08,21.27,259139.0
2025-08-05,21.28,21.32,21.18,21.3,280320.0
2025-08-06,21.29,21.35,21.2,21.34,243249.0
2025-08-07,21.35,21.52,21.3,21.48,383821.0
2025-08-08,21.48,21.51,21.38,21.46,334051.0
2025-08-11,21.47,21.48,21.36,21.39,346687.0
2025-08-12,21.37,21.4,21.29,21.31,295890.0
2025-08-13,21.31,21.35,21.23,21.25,467726.0
2025-08-14,21.26,21.35,21.14,21.16,417988.0
2025-08-15,21.09,21.26,21.09,21.17,400694.0
2025-08-18,21.17,21.41,21.14,21.17,796146.0
2025-08-19,21.22,21.36,21.18,21.19,462352.0
2025-08-20,21.19,21.2,21.09,21.19,508325.0
2025-08-21,21.22,21.37,21.21,21.34,648848.0
2025-08-22,21.33,21.33,21.13,21.24,766839.0
2025-08-25,21.3,21.72,21.29,21.66,1109995.0
2025-08-26,21.72,21.88,21.55,21.73,650623.0
2025-08-27,21.76,21.83,21.38,21.38,820320.0
2025-08-28,21.39,21.66,21.23,21.47,794714.0
2025-08-29,21.47,21.58,21.11,21.13,1227251.0
2025-09-01,21.21,21.25,20.96,20.98,868422.0
2025-09-02,20.99,21.16,20.89,21.07,585732.0
2025-09-03,21.07,21.11,20.63,20.76,862084.0
2025-09-04,20.59,20.85,20.46,20.68,868088.0
2025-09-05,20.5,20.86,20.5,20.81,505486.0
2025-09-08,20.87,21.66,20.82,21.63,1279802.0
2025-09-09,21.6,21.68,21.43,21.6,745956.0
2025-09-10,21.61,21.66,21.38,21.59,590045.0
2025-09-11,21.59,21.82,21.53,21.79,833429.0
2025-09-12,21.77,21.83,21.6,21.62,452295.0
2025-09-15,21.63,22.03,21.63,21.82,592177.0
2025-09-16,21.81,21.82,21.39,21.55,435635.0
2025-09-17,21.52,21.82,21.52,21.8,487206.0
2025-09-18,21.83,21.97,21.59,21.67,572672.0
2025-09-19,21.67,21.93,21.49,21.68,808554.0
2025-09-22,21.69,21.91,21.59,21.7,413075.0
2025-09-23,21.76,21.91,21.43,21.7,590856.0
2025-09-24,21.67,21.67,21.45,21.61,390121.0
2025-09-25,21.6,22.03,21.54,21.98,723077.0
2025-09-26,22.07,22.52,21.96,22.22,832399.0
2025-09-29,22.22,22.28,21.77,22.07,646102.0
2025-09-30,22.13,22.63,22.05,22.49,830777.0
2025-10-09,22.83,23.01,22.53,22.91,968251.0
2025-10-10,22.91,23.37,22.76,23.06,850366.0
2025-10-13,22.55,23.1,22.51,23.02,714070.0
2025-10-14,23.13,23.51,22.87,23.06,781086.0
2025-10-15,22.97,23.27,22.71,23.22,626134.0
2025-10-16,23.57,23.67,23.1,23.43,857094.0
2025-10-17,23.26,23.36,22.53,22.54,736497.0
2025-10-20,22.73,22.96,22.5,22.66,411565.0
2025-10-21,22.68,23.13,22.53,22.99,451502.0
2025-10-22,22.98,22.98,22.51,22.54,373965.0
2025-10-23,22.43,22.58,22.15,22.54,387684.0
2025-10-24,22.61,22.83,22.56,22.65,286619.0
2025-10-27,22.78,23.26,22.78,23.08,456777.0
2025-10-28,22.99,23.16,22.88,23.05,388674.0
2025-10-29,23.05,24.52,22.99,24.46,1102198.0
2025-10-30,24.51,24.53,23.73,23.87,672061.0
2025-10-31,23.95,24.59,23.72,23.76,684467.0
2025-11-03,23.8,24.04,23.45,24.01,557386.0
2025-11-04,24.06,24.52,23.67,23.7,548525.0
2025-11-05,23.5,24.68,23.29,24.26,1100711.0
2025-11-06,24.47,25.38,24.47,24.88,1361983.0
2025-11-07,24.82,25.39,24.53,24.68,870104.0
2025-11-10,24.94,25.0,24.41,24.58,621490.0
2025-11-11,24.86,25.09,24.43,24.54,601456.0
2025-11-12,24.47,24.5,23.39,23.63,769792.0
2025-11-13,23.56,23.98,23.41,23.93,501202.0
2025-11-14,23.81,23.81,23.31,23.33,464339.0
2025-11-17,23.3,23.38,22.94,23.22,396581.0
2025-11-18,23.22,23.22,22.68,22.8,346076.0
2025-11-19,22.77,22.9,22.54,22.61,312417.0
2025-11-20,22.65,22.79,22.28,22.32,400708.0
2025-11-21,22.14,22.27,21.76,21.77,496037.0
2025-11-24,22.0,22.06,21.63,21.68,411410.0
2025-11-25,21.77,21.95,21.69,21.72,461997.0
2025-11-26,21.69,21.78,21.56,21.65,334354.0
2025-11-27,21.67,21.8,21.59,21.62,341809.0
2025-11-28,21.61,21.77,21.51,21.69,373950.0
2025-12-01,21.8,21.97,21.77,21.9,402634.0
2025-12-02,21.9,21.95,21.75,21.85,279107.0
2025-12-03,21.86,21.89,21.66,21.81,304190.0
2025-12-04,21.82,22.1,21.78,21.94,336013.0
2025-12-05,21.95,22.27,21.83,22.23,449196.0
2025-12-08,22.28,22.47,22.2,22.26,367038.0
2025-12-09,22.26,22.26,21.96,22.0,283981.0
2025-12-10,21.98,22.17,21.86,22.15,235882.0
2025-12-11,22.14,22.66,22.13,22.25,391021.0
2025-12-12,22.25,22.83,22.2,22.75,557570.0
2025-12-15,22.83,23.0,22.53,22.55,447612.0
2025-12-16,22.48,22.55,22.21,22.37,338913.0
2025-12-17,22.26,22.63,22.21,22.59,334923.0
2025-12-18,22.45,22.52,22.33,22.43,231927.0
2025-12-19,22.43,22.63,22.35,22.37,315178.0
2025-12-22,22.28,22.56,22.28,22.49,289741.0
2025-12-23,22.49,22.58,22.26,22.53,291776.0
2025-12-24,22.48,22.67,22.28,22.58,270879.0
2025-12-25,22.55,22.62,22.42,22.48,225760.0
2025-12-26,22.46,22.54,22.24,22.3,338086.0
2025-12-29,22.33,22.5,22.21,22.27,415894.0
2025-12-30,22.18,22.35,22.07,22.11,307060.0
2025-12-31,22.13,22.15,21.94,22.01,245954.0
2026-01-05,22.11,22.79,22.11,22.68,622438.0
2026-01-06,22.76,23.03,22.58,22.99,442198.0
2026-01-07,23.03,23.38,22.91,23.01,460921.0
2026-01-08,23.01,23.38,22.86,23.14,374767.0
2026-01-09,23.12,23.46,23.05,23.21,411596.0
2026-01-12,23.26,23.47,23.09,23.28,660257.0
2026-01-13,23.33,24.37,22.89,23.93,1556286.0
2026-01-14,23.94,24.0,23.08,23.25,1361162.0
2026-01-15,23.21,23.71,23.11,23.33,921553.0
2026-01-16,25.18,25.32,23.77,23.93,3018096.0
2026-01-19,24.41,26.37,24.4,25.73,3345017.0
2026-01-20,25.93,26.43,25.45,25.78,3115476.0
2026-01-21,25.68,25.9,25.04,25.17,1875487.0
2026-01-22,25.38,25.7,24.66,24.83,1232217.0
2026-01-23,24.84,25.29,24.74,24.95,1319391.0
2026-01-26,25.08,25.88,25.08,25.36,1603211.0
2026-01-27,25.26,25.33,24.75,24.91,1116495.0
2026-01-28,25.0,25.56,24.94,25.04,1141912.0
2026-01-29,24.98,25.06,24.36,24.65,1150056.0
2026-01-30,24.54,24.86,24.08,24.73,961337.0
2026-02-02,25.03,25.62,24.84,25.01,1449380.0
2026-02-03,25.16,25.49,24.81,25.47,1005868.0
2026-02-04,25.33,25.7,25.09,25.4,663442.0
2026-02-05,25.2,25.35,24.61,24.77,754946.0
2026-02-06,24.62,24.93,24.44,24.74,524612.0
2026-02-09,24.95,25.17,24.7,25.1,633394.0
2026-02-10,25.1,25.33,24.83,25.28,614216.0
2026-02-11,25.27,25.58,25.13,25.31,574430.0
2026-02-12,25.71,26.29,25.16,26.03,1319481.0
2026-02-13,25.9,25.9,25.36,25.66,695671.0
2026-02-24,25.91,26.59,25.85,26.39,877477.0
2026-02-25,26.41,26.93,26.2,26.51,1030408.0
2026-02-26,26.5,27.18,26.25,26.97,884916.0
2026-02-27,26.77,27.07,26.56,26.83,688839.0
2026-03-02,26.57,28.21,26.54,27.86,1433877.0
2026-03-03,27.88,28.06,27.03,27.23,1143987.0
2026-03-04,26.72,28.43,26.66,28.13,1314489.0
2026-03-05,28.48,29.49,28.26,29.04,1789722.0
2026-03-06,28.75,30.26,28.62,29.54,1606741.0
2026-03-09,29.81,31.59,29.8,31.05,2125265.0
2026-03-10,30.53,30.94,30.07,30.33,1692778.0
2026-03-11,30.33,30.88,29.55,30.23,1657034.0
2026-03-12,30.04,30.31,29.38,29.75,1368555.0
2026-03-13,29.53,29.71,28.63,28.74,1396432.0
2026-03-16,28.75,29.01,28.13,28.23,1027199.0
2026-03-17,28.44,28.62,27.58,27.61,1058160.0
2026-03-18,27.63,27.98,27.28,27.76,916560.0
2026-03-19,27.46,27.67,27.21,27.34,720798.0
2026-03-20,27.51,27.62,26.87,26.93,851508.0
2026-03-23,26.53,27.36,26.4,26.62,1113055.0
2026-03-24,26.95,27.03,26.03,26.51,837308.0
2026-03-25,26.62,27.3,26.62,27.05,892944.0
2026-03-26,27.22,27.23,26.44,26.52,619042.0
2026-03-27,26.24,26.88,26.2,26.66,537317.0
2026-03-30,26.33,26.4,25.75,26.16,630919.0
2026-03-31,26.19,26.38,25.52,25.52,649872.0
2026-04-01,25.88,25.98,25.68,25.95,540152.0
2026-04-02,25.98,26.19,25.45,25.62,539728.0
2026-04-03,25.62,26.23,25.44,25.53,597162.0
2026-04-07,25.5,25.52,24.98,25.07,532103.0
2026-04-08,25.53,26.14,25.53,26.11,833000.0
2026-04-09,25.98,25.98,25.38,25.49,654676.0
2026-04-10,25.64,26.11,25.58,25.89,607102.0
2026-04-13,25.53,25.53,25.09,25.42,683318.0
2026-04-14,25.68,25.78,25.36,25.7,586528.0
2026-04-15,25.9,26.84,25.86,26.39,1306863.0
2026-04-16,26.53,26.59,25.94,26.4,845564.0
2026-04-17,26.47,26.61,26.16,26.34,711541.0
2026-04-20,26.39,26.83,26.2,26.77,1007730.0
2026-04-21,26.82,26.88,26.43,26.56,671874.0
2026-04-22,26.59,26.85,26.37,26.54,991197.0
2026-04-23,26.73,27.0,26.13,26.48,995982.0
2026-04-24,26.36,26.67,26.06,26.07,666788.0
2026-04-27,26.05,26.05,25.7,25.76,565438.0
2026-04-28,25.68,25.88,25.39,25.6,644084.0
2026-04-29,25.79,26.17,25.77,26.15,864313.0
2026-04-30,26.12,26.12,25.44,25.5,978525.0
2026-05-06,25.52,26.09,25.52,25.75,1339871.0
2026-05-07,25.82,26.0,25.59,25.97,1114447.0
2026-05-08,26.03,26.04,25.41,25.61,1095119.0
2026-05-11,25.74,27.35,25.73,26.38,2457225.0
2026-05-12,26.39,26.89,26.23,26.43,1788980.0
2026-05-13,26.42,27.93,26.39,27.55,2478550.0
2026-05-14,27.94,28.01,26.79,26.8,1857623.0
2026-05-15,26.81,27.08,25.87,26.01,1478337.0
2026-05-18,25.99,26.23,25.73,26.02,810671.0
2026-05-19,26.04,26.67,25.83,26.5,1084393.0
2026-05-20,26.51,26.77,25.99,26.06,894056.0
2026-05-21,26.05,26.19,25.16,25.19,1196950.0
2026-05-22,25.19,25.45,25.04,25.36,607402.0
2026-05-25,25.68,26.22,25.68,25.79,842923.0
2026-05-26,25.8,25.83,24.8,25.01,1054873.0
2026-05-27,25.02,25.23,24.53,25.1,1043688.0
2026-05-28,25.11,25.12,24.46,24.63,800116.0
2026-05-29,24.64,24.79,24.23,24.43,788161.0
2026-06-01,24.49,24.99,24.45,24.75,941468.0
2026-06-02,24.76,24.78,24.03,24.17,903893.0
2026-06-03,23.98,24.01,23.59,23.78,843993.0
2026-06-04,23.73,23.73,23.25,23.33,819876.0
2026-06-05,23.09,23.35,22.95,22.98,678171.0
2026-06-08,22.56,22.86,22.19,22.39,747123.0
2026-06-09,22.53,22.62,22.16,22.57,537481.0
2026-06-10,22.33,22.39,22.08,22.21,493300.0
2026-06-11,22.18,22.6,22.13,22.38,529538.0
2026-06-12,22.58,22.89,22.38,22.77,704185.0
2026-06-15,23.02,23.33,22.84,22.99,654766.0
2026-06-16,23.03,23.2,22.81,23.07,606516.0
2026-06-17,23.07,23.09,22.65,22.85,626704.0
2026-06-18,22.83,22.9,22.5,22.59,608882.0
2026-06-22,22.71,23.49,22.43,23.48,1095577.0
2026-06-23,23.48,23.48,22.59,22.7,807706.0
2026-06-24,23.1,23.11,22.43,22.48,601557.0
2026-06-25,22.41,22.56,22.21,22.36,617785.0
2026-06-26,22.68,22.8,22.14,22.27,668084.0
2026-06-29,22.23,23.01,22.13,22.93,820141.0
2026-06-30,23.03,23.03,22.56,22.85,573137.0
2026-07-01,22.87,22.93,22.37,22.67,698093.0
2026-07-02,22.62,22.92,22.54,22.67,577778.0
2026-07-03,22.68,23.11,22.66,22.89,584094.0
2026-07-06,22.93,23.3,22.77,23.16,605363.0
2026-07-07,23.2,23.28,22.72,22.79,453592.0
2026-07-08,22.71,22.78,22.48,22.51,357853.0
2026-07-09,22.4,22.45,21.26,21.68,1110010.0
2026-07-10,21.74,22.29,21.53,22.04,702656.0
2026-07-13,22.04,22.08,21.61,21.7,530460.0
2026-07-14,21.72,22.0,21.42,21.99,427572.0
2026-07-15,21.93,22.29,21.82,22.16,366520.0
2026-07-16,22.05,22.22,21.9,22.1,345495.0
2026-07-17,22.05,22.61,22.02,22.19,879036.0
