date,open,high,low,close,volume
2016-07-18,10205,10590.0,10140.0,10590.0,1479
2016-07-19,10590,10660.0,10340.0,10475.0,1539
2016-07-20,10475,10595.0,10305.0,10570.0,1330
2016-07-21,10570,10895.0,10530.0,10735.0,1573
2016-07-22,10735,10735.0,10375.0,10375.0,1158
2016-07-25,10375,10540.0,10360.0,10480.0,948
2016-07-26,10480,10480.0,10230.0,10350.0,1025
2016-07-27,10350,10475.0,10260.0,10330.0,997
2016-07-28,10330,10725.0,10330.0,10715.0,1028
2016-07-29,10695,10720.0,10470.0,10635.0,1173
2016-08-01,10635,10800.0,10600.0,10740.0,868
2016-08-02,10740,10860.0,10555.0,10725.0,1342
2016-08-03,10725,10780.0,10585.0,10750.0,1194
2016-08-04,10765,10770.0,10440.0,10560.0,1086
2016-08-05,10560,10720.0,10515.0,10710.0,991
2016-08-08,10710,10850.0,10645.0,10730.0,842
2016-08-09,10730,10800.0,10655.0,10790.0,736
2016-08-10,10790,11030.0,10685.0,10830.0,1130
2016-08-11,10800,10815.0,10705.0,10730.0,635
2016-08-12,10745,10780.0,10285.0,10295.0,1287
2016-08-15,10295,10510.0,10275.0,10450.0,1001
2016-08-16,10450,10485.0,10240.0,10245.0,1126
2016-08-17,10245,10370.0,10175.0,10235.0,1128
2016-08-18,10235,10425.0,10235.0,10330.0,673
2016-08-19,10330,10405.0,10265.0,10355.0,660
2016-08-22,10355,10360.0,10160.0,10270.0,658
2016-08-23,10270,10310.0,10210.0,10240.0,563
2016-08-24,10280,10280.0,9955.0,9985.0,779
2016-08-25,10000,10000.0,9810.0,9835.0,1065
2016-08-26,9835,9950.0,9785.0,9825.0,865
2016-08-30,9825,9895.0,9750.0,9820.0,712
2016-08-31,9820,9880.0,9765.0,9770.0,1267
2016-09-01,9770,9955.0,9770.0,9930.0,1072
2016-09-02,9930,10100.0,9910.0,10035.0,901
2016-09-05,10035,10095.0,9960.0,10025.0,556
2016-09-06,10050,10225.0,10020.0,10115.0,748
2016-09-07,10115,10260.0,10090.0,10225.0,634
2016-09-08,10225,10370.0,10170.0,10290.0,901
2016-09-09,10290,10440.0,10260.0,10355.0,860
2016-09-12,10320,10345.0,9950.0,10090.0,2024
2016-09-13,10090,10155.0,9850.0,9900.0,875
2016-09-14,9900,9960.0,9780.0,9870.0,919
2016-09-15,9870,9940.0,9700.0,9715.0,789
2016-09-16,9715,9760.0,9630.0,9725.0,678
2016-09-19,9745,10160.0,9745.0,10160.0,1118
2016-09-20,10160,10315.0,10080.0,10275.0,884
2016-09-21,10280,10385.0,10180.0,10325.0,833
2016-09-22,10325,10660.0,10325.0,10655.0,1341
2016-09-23,10660,10715.0,10520.0,10640.0,1004
2016-09-26,10640,10640.0,10420.0,10465.0,849
2016-09-27,10465,10900.0,10250.0,10695.0,2017
2016-09-28,10695,10730.0,10570.0,10700.0,1005
2016-09-29,10700,10825.0,10380.0,10410.0,1540
2016-09-30,10410,10700.0,10350.0,10515.0,1090
2016-10-03,10510,10635.0,10175.0,10315.0,1212
2016-10-04,10315,10375.0,10015.0,10050.0,1189
2016-10-05,10050,10150.0,9945.0,10085.0,756
2016-10-06,10085,10270.0,10050.0,10260.0,690
2016-10-07,10260,10380.0,10165.0,10220.0,680
2016-10-10,10220,10550.0,10220.0,10540.0,1204
2016-10-11,10540,10560.0,10360.0,10440.0,1075
2016-10-12,10440,10620.0,10425.0,10580.0,916
2016-10-13,10580,10595.0,10360.0,10415.0,1102
2016-10-14,10415,10510.0,10370.0,10480.0,757
2016-10-17,10480,10500.0,10285.0,10315.0,800
2016-10-18,10315,10470.0,10305.0,10440.0,555
2016-10-19,10440,10460.0,10175.0,10315.0,878
2016-10-20,10315,10345.0,10115.0,10125.0,783
2016-10-21,10125,10170.0,9960.0,9975.0,847
2016-10-24,9975,10175.0,9970.0,10160.0,924
2016-10-25,10160,10350.0,10140.0,10235.0,1150
2016-10-26,10235,10290.0,10135.0,10225.0,841
2016-10-27,10225,10390.0,10100.0,10340.0,775
2016-10-28,10340,10445.0,10310.0,10380.0,830
2016-10-31,10380,10585.0,10330.0,10400.0,1034
2016-11-01,10410,10555.0,10385.0,10420.0,919
2016-11-02,10435,10475.0,10290.0,10330.0,1136
2016-11-03,10340,10540.0,10340.0,10485.0,722
2016-11-04,10490,10520.0,10410.0,10425.0,686
2016-11-07,10450,11225.0,10440.0,11210.0,2516
2016-11-08,11210,11370.0,11035.0,11220.0,2667
2016-11-09,11220,11660.0,10835.0,11655.0,3839
2016-11-10,11655,11900.0,11420.0,11475.0,2949
2016-11-11,11475,12145.0,11025.0,11205.0,5755
2016-11-14,11175,11450.0,11080.0,11355.0,2370
2016-11-15,11305,11530.0,11060.0,11365.0,1817
2016-11-16,11330,11440.0,11175.0,11330.0,1496
2016-11-17,11300,11330.0,11185.0,11195.0,962
2016-11-18,11195,11225.0,10845.0,10925.0,1643
2016-11-21,10925,11400.0,10925.0,11370.0,1442
2016-11-22,11370,11550.0,11320.0,11345.0,1474
2016-11-23,11345,11645.0,11275.0,11630.0,1306
2016-11-24,11630,11755.0,11525.0,11560.0,1596
2016-11-25,11560,11740.0,11410.0,11690.0,1633
2016-11-28,11645,11900.0,11490.0,11520.0,1735
2016-11-29,11555,11630.0,10995.0,11150.0,2223
2016-11-30,11150,11250.0,10870.0,11170.0,2222
2016-12-01,11200,11320.0,11110.0,11200.0,1443
2016-12-02,11205,11555.0,11080.0,11480.0,1523
2016-12-05,11500,11755.0,11445.0,11625.0,1356
2016-12-06,11625,11715.0,11520.0,11615.0,1048
2016-12-07,11615,11725.0,11375.0,11410.0,1636
2016-12-08,11410,11495.0,11060.0,11150.0,1307
2016-12-09,11150,11480.0,11150.0,11470.0,1278
2016-12-12,11500,11670.0,11260.0,11335.0,1337
2016-12-13,11350,11525.0,11230.0,11380.0,1308
2016-12-14,11380,11520.0,11300.0,11470.0,1371
2016-12-15,11470,11560.0,11235.0,11260.0,1622
2016-12-16,11280,11415.0,11135.0,11180.0,1324
2016-12-19,11200,11225.0,10685.0,10895.0,1640
2016-12-20,10890,11030.0,10880.0,10945.0,970
2016-12-21,10945,11025.0,10820.0,10820.0,933
2016-12-22,10820,10920.0,10565.0,10785.0,1200
2016-12-23,10800,10800.0,10390.0,10430.0,951
2016-12-27,10430,10430.0,10430.0,10430.0,1
2016-12-28,10450,10450.0,10095.0,10115.0,1684
2016-12-29,10120,10205.0,10030.0,10150.0,923
2016-12-30,10150,10185.0,10000.0,10055.0,819
2017-01-03,10030,10265.0,9910.0,9970.0,1416
2017-01-04,9970,10255.0,9890.0,10215.0,1428
2017-01-05,10210,10375.0,10160.0,10245.0,1479
2017-01-06,10245,10315.0,10155.0,10295.0,804
2017-01-09,10295,10400.0,10260.0,10380.0,890
2017-01-10,10380,10630.0,10325.0,10535.0,1099
2017-01-11,10550,10590.0,10020.0,10095.0,1932
2017-01-12,10150,10350.0,9660.0,10325.0,3770
2017-01-13,10300,10460.0,10050.0,10405.0,1677
2017-01-16,10410,10425.0,10235.0,10255.0,950
2017-01-17,10255,10340.0,10085.0,10145.0,1134
2017-01-18,10145,10260.0,10140.0,10170.0,912
2017-01-19,10190,10230.0,9865.0,9910.0,1601
2017-01-20,9910,10000.0,9640.0,9690.0,1908
2017-01-23,9720,9940.0,9710.0,9785.0,1900
2017-01-24,9785,9890.0,9710.0,9825.0,1255
2017-01-25,9825,9840.0,9555.0,9735.0,1379
2017-01-26,9735,9875.0,9350.0,9350.0,1299
2017-01-27,9350,9550.0,9350.0,9550.0,1246
2017-01-30,9550,9745.0,9505.0,9730.0,1118
2017-01-31,9730,10015.0,9695.0,9965.0,1200
2017-02-01,9965,10280.0,9965.0,10280.0,1443
2017-02-02,10280,10500.0,10190.0,10340.0,1560
2017-02-03,10310,10340.0,10025.0,10280.0,2302
2017-02-06,10280,10475.0,10275.0,10455.0,1152
2017-02-07,10450,10450.0,10285.0,10350.0,908
2017-02-08,10350,10545.0,10330.0,10475.0,896
2017-02-09,10475,10485.0,10270.0,10285.0,905
2017-02-10,10305,10665.0,10260.0,10650.0,1325
2017-02-13,10650,10785.0,10635.0,10685.0,1245
2017-02-14,10690,10895.0,10650.0,10790.0,1360
2017-02-15,10770,10930.0,10690.0,10910.0,1079
2017-02-16,10890,11070.0,10855.0,11050.0,1554
2017-02-17,11050,11070.0,10855.0,11070.0,1237
2017-02-20,11070,11165.0,10975.0,11155.0,838
2017-02-21,11140,11160.0,10800.0,10835.0,1366
2017-02-22,10840,10900.0,10710.0,10730.0,1146
2017-02-23,10760,10810.0,10530.0,10555.0,2289
2017-02-24,10555,10915.0,10530.0,10885.0,1008
2017-02-27,10885,11080.0,10840.0,11035.0,1059
2017-02-28,11030,11035.0,10770.0,10960.0,1055
2017-03-01,10970,11120.0,10910.0,11035.0,1053
2017-03-02,11035,11070.0,10765.0,10810.0,916
2017-03-03,10810,11020.0,10795.0,10975.0,973
2017-03-06,10975,11095.0,10935.0,11075.0,981
2017-03-07,11075,11075.0,10625.0,10665.0,1258
2017-03-08,10665,10735.0,10105.0,10175.0,1822
2017-03-09,10150,10235.0,10010.0,10150.0,1546
2017-03-10,10150,10215.0,9860.0,9920.0,1612
2017-03-13,9940,10280.0,9940.0,10210.0,1296
2017-03-14,10210,10300.0,10050.0,10230.0,1289
2017-03-15,10220,10340.0,10185.0,10250.0,959
2017-03-16,10250,10345.0,10160.0,10215.0,1098
2017-03-17,10210,10295.0,10135.0,10265.0,691
2017-03-20,10265,10305.0,10090.0,10175.0,923
2017-03-21,10180,10240.0,10115.0,10150.0,761
2017-03-22,10150,10150.0,9915.0,10070.0,1211
2017-03-23,10065,10115.0,9960.0,10015.0,940
2017-03-24,10015,10035.0,9825.0,9895.0,1114
2017-03-27,9880,9910.0,9655.0,9845.0,2795
2017-03-28,9845,10020.0,9755.0,10005.0,1050
2017-03-29,9995,10095.0,9930.0,10025.0,1142
2017-03-30,10025,10145.0,9940.0,10035.0,1177
2017-03-31,10035,10120.0,9885.0,10020.0,1036
2017-04-03,10020,10080.0,9795.0,9820.0,840
2017-04-04,9820,10000.0,9755.0,10000.0,628
2017-04-05,9975,10360.0,9975.0,10345.0,1400
2017-04-06,10345,10375.0,10055.0,10115.0,1697
2017-04-07,10115,10250.0,9935.0,10205.0,1273
2017-04-10,10205,10210.0,10060.0,10105.0,1125
2017-04-11,10070,10190.0,9760.0,9850.0,1632
2017-04-12,9850,9900.0,9700.0,9705.0,1250
2017-04-13,9705,9845.0,9655.0,9705.0,1086
2017-04-14,9705,9845.0,9655.0,9705.0,1086
2017-04-18,9690,9725.0,9305.0,9350.0,1528
2017-04-19,9350,9540.0,9315.0,9390.0,1415
2017-04-20,9390,9560.0,9330.0,9495.0,1509
2017-04-21,9495,9560.0,9340.0,9380.0,1320
2017-04-24,9400,9440.0,9245.0,9270.0,1237
2017-04-25,9285,9345.0,9230.0,9300.0,999
2017-04-26,9300,9350.0,9225.0,9285.0,844
2017-04-27,9285,9370.0,9185.0,9345.0,838
2017-04-28,9345,9595.0,9325.0,9455.0,1097
2017-05-01,9345,9595.0,9325.0,9455.0,1097
2017-05-02,9455,9575.0,9455.0,9545.0,772
2017-05-03,9545,9555.0,9215.0,9245.0,1274
2017-05-04,9230,9295.0,8970.0,9010.0,1326
2017-05-05,9010,9185.0,8905.0,9145.0,1004
2017-05-08,9145,9185.0,8995.0,9140.0,1187
2017-05-09,9140,9315.0,9100.0,9225.0,902
2017-05-10,9225,9260.0,9070.0,9145.0,1058
2017-05-11,9145,9385.0,9090.0,9295.0,1306
2017-05-12,9295,9395.0,9255.0,9320.0,919
2017-05-15,9320,9380.0,9155.0,9165.0,1242
2017-05-16,9185,9235.0,9040.0,9165.0,1227
2017-05-17,9165,9280.0,9100.0,9125.0,866
2017-05-18,9125,9195.0,8995.0,9170.0,1187
2017-05-19,9175,9440.0,9100.0,9370.0,1061
2017-05-22,9370,9445.0,9335.0,9400.0,972
2017-05-23,9400,9430.0,9265.0,9345.0,788
2017-05-24,9345,9360.0,9085.0,9125.0,1058
2017-05-25,9125,9190.0,9035.0,9045.0,683
2017-05-26,9075,9115.0,9020.0,9085.0,622
2017-05-30,9085,9175.0,9030.0,9110.0,591
2017-05-31,9110,9160.0,8825.0,8950.0,1328
2017-06-01,8970,8970.0,8810.0,8815.0,1225
2017-06-02,8815,8915.0,8700.0,8905.0,781
2017-06-05,8750,8940.0,8750.0,8860.0,666
2017-06-06,8885,9005.0,8840.0,8925.0,953
2017-06-07,8925,8960.0,8805.0,8815.0,644
2017-06-08,8815,8910.0,8765.0,8845.0,833
2017-06-09,8845,8985.0,8795.0,8955.0,745
2017-06-12,8955,9040.0,8740.0,8740.0,667
2017-06-13,8755,8835.0,8680.0,8805.0,723
2017-06-14,8805,8945.0,8770.0,8890.0,767
2017-06-15,8890,8965.0,8850.0,8900.0,771
2017-06-16,8900,8990.0,8880.0,8935.0,547
2017-06-19,8935,9125.0,8845.0,9015.0,874
2017-06-20,9015,9090.0,8820.0,8885.0,901
2017-06-21,8885,9020.0,8855.0,8970.0,636
2017-06-22,8985,9090.0,8905.0,9040.0,643
2017-06-23,9040,9230.0,9030.0,9105.0,837
2017-06-26,9105,9155.0,9005.0,9025.0,539
2017-06-27,9025,9265.0,9025.0,9230.0,763
2017-06-28,9230,9295.0,9170.0,9240.0,757
2017-06-29,9240,9370.0,9240.0,9260.0,1144
2017-06-30,9260,9390.0,9215.0,9375.0,786
2017-07-03,9385,9445.0,9300.0,9330.0,832
2017-07-04,9335,9345.0,9110.0,9160.0,729
2017-07-05,9160,9200.0,9070.0,9140.0,775
2017-07-06,9140,9175.0,9070.0,9100.0,595
2017-07-07,9100,9110.0,8910.0,8980.0,912
2017-07-10,8960,9030.0,8865.0,9010.0,886
2017-07-11,9010,9205.0,8975.0,9175.0,690
2017-07-12,9160,9290.0,9160.0,9195.0,830
2017-07-13,9195,9280.0,9155.0,9190.0,729
2017-07-14,9190,9580.0,9175.0,9535.0,1122
2017-07-17,9555,9730.0,9525.0,9610.0,1100
2017-07-18,9610,9785.0,9555.0,9720.0,933
2017-07-19,9740,9780.0,9630.0,9650.0,769
2017-07-20,9650,9690.0,9460.0,9510.0,874
2017-07-21,9500,9690.0,9500.0,9550.0,874
2017-07-24,9545,9785.0,9475.0,9760.0,686
2017-07-25,9745,10025.0,9735.0,10025.0,1272
2017-07-26,10025,10085.0,9850.0,9970.0,1392
2017-07-27,9995,10220.0,9980.0,10145.0,1282
2017-07-28,10145,10290.0,10020.0,10270.0,1431
2017-07-31,10270,10355.0,10180.0,10220.0,1074
2017-08-01,10240,10300.0,10085.0,10225.0,1222
2017-08-02,10240,10355.0,10135.0,10345.0,1020
2017-08-03,10345,10445.0,10250.0,10375.0,1000
2017-08-04,10375,10415.0,10180.0,10330.0,1189
2017-08-07,10330,10415.0,10245.0,10385.0,1475
2017-08-08,10385,10770.0,10260.0,10750.0,1354
2017-08-09,10750,10835.0,10670.0,10755.0,1322
2017-08-10,10755,10990.0,10720.0,10880.0,1172
2017-08-11,10880,10900.0,10540.0,10650.0,1637
2017-08-14,10650,10725.0,10385.0,10425.0,1135
2017-08-15,10425,10510.0,10330.0,10330.0,1122
2017-08-16,10330,10830.0,10330.0,10715.0,1686
2017-08-17,10715,10870.0,10645.0,10675.0,1479
2017-08-18,10650,11055.0,10610.0,10995.0,2537
2017-08-21,10995,11355.0,10975.0,11330.0,2320
2017-08-22,11330,11555.0,11235.0,11445.0,2264
2017-08-23,11445,11825.0,11225.0,11785.0,2120
2017-08-24,11785,11785.0,11610.0,11745.0,1833
2017-08-25,11745,11745.0,11395.0,11470.0,1569
2017-08-28,11470,11470.0,11470.0,11470.0,1
2017-08-29,11610,11885.0,11600.0,11730.0,1722
2017-08-30,11710,11795.0,11565.0,11610.0,1374
2017-08-31,11590,11820.0,11590.0,11795.0,1510
2017-09-01,11795,12150.0,11755.0,12135.0,1839
2017-09-04,12135,12380.0,12115.0,12280.0,1610
2017-09-05,12280,12320.0,11915.0,11980.0,1692
2017-09-06,12000,12250.0,11910.0,12250.0,1402
2017-09-07,12205,12320.0,12005.0,12185.0,1756
2017-09-08,12185,12365.0,11465.0,11505.0,3278
2017-09-11,11505,11840.0,11450.0,11835.0,2135
2017-09-12,11835,11990.0,11565.0,11905.0,1586
2017-09-13,11915,11970.0,11330.0,11435.0,2333
2017-09-14,11435,11525.0,11105.0,11215.0,2339
2017-09-15,11215,11270.0,10845.0,11125.0,2129
2017-09-18,11125,11260.0,11060.0,11170.0,1480
2017-09-19,11200,11240.0,10875.0,11135.0,1657
2017-09-20,11135,11485.0,11135.0,11360.0,1733
2017-09-21,11360,11360.0,10620.0,10720.0,2756
2017-09-22,10790,10825.0,10420.0,10635.0,2701
2017-09-25,10635,10655.0,10435.0,10620.0,1641
2017-09-26,10620,10685.0,10400.0,10445.0,1603
2017-09-27,10445,10625.0,10215.0,10300.0,1938
2017-09-28,10300,10525.0,10230.0,10450.0,1762
2017-09-29,10450,10840.0,10375.0,10520.0,1817
2017-10-02,10520,10590.0,10270.0,10460.0,1400
2017-10-03,10460,10775.0,10430.0,10730.0,1487
2017-10-04,10730,10840.0,10565.0,10575.0,946
2017-10-05,10575,10700.0,10510.0,10560.0,911
2017-10-06,10560,10690.0,10510.0,10575.0,853
2017-10-09,10575,11015.0,10015.0,10990.0,1834
2017-10-10,10990,11060.0,10830.0,11040.0,1472
2017-10-11,11040,11255.0,10885.0,11180.0,1703
2017-10-12,11180,11425.0,11135.0,11420.0,1549
2017-10-13,11420,11745.0,11370.0,11720.0,1980
2017-10-16,11720,11930.0,11585.0,11880.0,2570
2017-10-17,11890,11895.0,11615.0,11770.0,1926
2017-10-18,11770,11855.0,11595.0,11635.0,1583
2017-10-19,11635,11795.0,11590.0,11775.0,1380
2017-10-20,11775,12165.0,11650.0,11720.0,2284
2017-10-23,11720,11930.0,11670.0,11905.0,1447
2017-10-24,11905,12080.0,11880.0,12040.0,1301
2017-10-25,12040,12085.0,11795.0,11850.0,1206
2017-10-26,11850,11975.0,11650.0,11765.0,1231
2017-10-27,11765,11765.0,11350.0,11585.0,1660
2017-10-30,11550,11775.0,11465.0,11670.0,1117
2017-10-31,11620,12455.0,11295.0,12390.0,1966
2017-11-01,12400,13030.0,12400.0,12635.0,3597
2017-11-02,12725,12915.0,12365.0,12530.0,2381
2017-11-03,12570,12795.0,12515.0,12680.0,1844
2017-11-06,12720,12970.0,12670.0,12950.0,1510
2017-11-07,12950,12950.0,12540.0,12660.0,1775
2017-11-08,12660,12730.0,12525.0,12695.0,1328
2017-11-09,12695,12695.0,12190.0,12285.0,1800
2017-11-10,12290,12445.0,12065.0,12100.0,1586
2017-11-13,12140,12545.0,12130.0,12505.0,1700
2017-11-14,12505,12580.0,11755.0,11800.0,2714
2017-11-15,11810,11850.0,11450.0,11655.0,2419
2017-11-16,11655,11755.0,11320.0,11385.0,1635
2017-11-17,11425,11640.0,11420.0,11595.0,1393
2017-11-20,11595,11710.0,11450.0,11670.0,1502
2017-11-21,11660,11880.0,11615.0,11850.0,1124
2017-11-22,11840,11945.0,11660.0,11855.0,1416
2017-11-23,11855,11940.0,11655.0,11915.0,1247
2017-11-24,11915,12100.0,11895.0,12035.0,1248
2017-11-27,12035,12035.0,11565.0,11585.0,1341
2017-11-28,11585,11645.0,11255.0,11375.0,1380
2017-11-29,11375,11520.0,11285.0,11420.0,1356
2017-11-30,11420,11440.0,11110.0,11145.0,1287
2017-12-01,11165,11425.0,10940.0,11315.0,2354
2017-12-04,11310,11470.0,11280.0,11380.0,1209
2017-12-05,11380,11380.0,10865.0,10905.0,1878
2017-12-06,10905,10925.0,10755.0,10830.0,1294
2017-12-07,10830,11050.0,10740.0,11005.0,1570
2017-12-08,11000,11150.0,10870.0,10955.0,1376
2017-12-11,10955,11240.0,10835.0,11210.0,1295
2017-12-12,11200,11225.0,10975.0,11105.0,1208
2017-12-13,11105,11225.0,11085.0,11095.0,922
2017-12-14,11095,11325.0,11030.0,11190.0,1119
2017-12-15,11190,11625.0,11155.0,11565.0,2074
2017-12-18,11565,11850.0,11470.0,11815.0,1397
2017-12-19,11795,11830.0,11660.0,11765.0,1033
2017-12-20,11765,12115.0,11710.0,12005.0,1567
2017-12-21,12005,12100.0,11865.0,12080.0,1715
2017-12-22,12080,12220.0,11940.0,12080.0,1641
2017-12-27,12005,12110.0,11805.0,12060.0,1174
2017-12-28,12065,12420.0,11950.0,12350.0,1452
2017-12-29,12340,12950.0,12160.0,12645.0,1913
2018-01-02,12700,12835.0,12480.0,12655.0,2128
2018-01-03,12655,12655.0,12350.0,12450.0,1126
2018-01-04,12470,12715.0,12375.0,12640.0,1242
2018-01-05,12640,12665.0,12430.0,12545.0,1265
2018-01-08,12580,12675.0,12340.0,12575.0,1418
2018-01-09,12580,12780.0,12520.0,12665.0,1646
2018-01-10,12665,13200.0,12650.0,12865.0,1994
2018-01-11,12875,12900.0,12585.0,12610.0,1490
2018-01-12,12580,12745.0,12565.0,12665.0,1676
2018-01-15,12670,12975.0,12670.0,12865.0,1135
2018-01-16,12865,12875.0,12190.0,12550.0,2447
2018-01-17,12560,12595.0,12380.0,12410.0,1235
2018-01-18,12410,12600.0,12380.0,12465.0,1116
2018-01-19,12480,12755.0,12360.0,12680.0,1844
2018-01-22,12680,12845.0,12650.0,12745.0,1267
2018-01-23,12750,12900.0,12575.0,12820.0,1568
2018-01-24,12820,13665.0,12725.0,13535.0,3357
2018-01-25,13535,13915.0,13470.0,13720.0,2920
2018-01-26,13720,13825.0,13540.0,13635.0,1722
2018-01-29,13635,14040.0,13635.0,13845.0,1654
2018-01-30,13860,13910.0,13300.0,13395.0,2554
2018-01-31,13410,13625.0,13345.0,13490.0,1698
2018-02-01,13550,14030.0,13415.0,13955.0,2087
2018-02-02,13960,13975.0,13185.0,13505.0,3031
2018-02-05,13480,13820.0,13300.0,13670.0,2514
2018-02-06,13645,13645.0,13255.0,13345.0,2775
2018-02-07,13425,13720.0,13150.0,13175.0,2573
2018-02-08,13200,13320.0,12840.0,13165.0,2819
2018-02-09,13150,13150.0,12755.0,12960.0,2131
2018-02-12,13020,13170.0,12965.0,13105.0,1663
2018-02-13,13105,13570.0,13085.0,13425.0,1926
2018-02-14,13425,14135.0,13410.0,13980.0,2346
2018-02-15,13500,14420.0,13500.0,14150.0,1962
2018-02-16,14150,14240.0,13650.0,13670.0,1480
2018-02-19,13670,13905.0,13575.0,13670.0,897
2018-02-20,13670,13800.0,13470.0,13520.0,1127
2018-02-21,13520,13930.0,13410.0,13780.0,1326
2018-02-22,13705,13840.0,13390.0,13820.0,1588
2018-02-23,13800,13870.0,13670.0,13740.0,1161
2018-02-26,13740,14065.0,13660.0,13935.0,1956
2018-02-27,13920,14030.0,13700.0,13840.0,1439
2018-02-28,13810,13885.0,13720.0,13745.0,1302
2018-03-01,13745,13830.0,13300.0,13395.0,2457
2018-03-02,13440,13520.0,13305.0,13485.0,1093
2018-03-05,13485,13525.0,13220.0,13400.0,1277
2018-03-06,13400,13705.0,13400.0,13640.0,1176
2018-03-07,13610,13615.0,13350.0,13530.0,1457
2018-03-08,13515,13565.0,13130.0,13200.0,1917
2018-03-09,13200,13900.0,13120.0,13820.0,2385
2018-03-12,13810,13845.0,13650.0,13675.0,1466
2018-03-13,13715,13920.0,13620.0,13905.0,1691
2018-03-14,13865,14030.0,13750.0,13795.0,1576
2018-03-15,13785,13845.0,13520.0,13640.0,1107
2018-03-16,13605,13790.0,13515.0,13590.0,1227
2018-03-19,13590,13590.0,13355.0,13470.0,1366
2018-03-20,13480,13610.0,13380.0,13465.0,1254
2018-03-21,13460,13575.0,13210.0,13465.0,1805
2018-03-22,13515,13655.0,13060.0,13170.0,2301
2018-03-23,13165,13265.0,12900.0,12990.0,2422
2018-03-26,12950,13090.0,12820.0,13005.0,1995
2018-03-27,13005,13215.0,12930.0,12960.0,1511
2018-03-28,12960,13140.0,12870.0,13045.0,1837
2018-03-29,13065,13415.0,13020.0,13390.0,1544
2018-03-30,13065,13415.0,13020.0,13390.0,7312
2018-04-02,13390,13390.0,13390.0,13390.0,4
2018-04-03,13460,13660.0,13415.0,13510.0,1963
2018-04-04,13510,13540.0,12980.0,13155.0,2083
2018-04-05,13155,13495.0,13155.0,13365.0,1100
2018-04-06,13365,13365.0,12920.0,13265.0,1362
2018-04-09,13310,13500.0,13095.0,13445.0,1842
2018-04-10,13445,13800.0,13405.0,13730.0,1904
2018-04-11,13730,13900.0,13565.0,13825.0,1789
2018-04-12,13825,13850.0,13475.0,13770.0,2092
2018-04-13,13770,14080.0,13705.0,13905.0,1843
2018-04-16,13905,14375.0,13860.0,14200.0,2180
2018-04-17,14200,14335.0,13875.0,14315.0,3038
2018-04-18,14315,15875.0,14205.0,15305.0,4942
2018-04-19,15305,16690.0,14810.0,15025.0,6756
2018-04-20,15025,15235.0,14530.0,14855.0,2633
2018-04-23,14855,14880.0,13830.0,14280.0,3309
2018-04-24,14280,14450.0,13980.0,14090.0,1988
2018-04-25,14090,14245.0,13940.0,14185.0,1576
2018-04-26,14185,14300.0,13920.0,14290.0,1869
2018-04-27,14255,14300.0,13805.0,13875.0,1999
2018-04-30,13840,13940.0,13650.0,13685.0,1319
2018-05-01,13670,13830.0,13555.0,13780.0,1301
2018-05-02,13780,14040.0,13780.0,13965.0,1471
2018-05-03,13965,14200.0,13770.0,13905.0,1624
2018-05-04,13905,14065.0,13810.0,13950.0,1106
2018-05-08,13980,14110.0,13745.0,13910.0,1237
2018-05-09,13965,13965.0,13760.0,13945.0,1077
2018-05-10,13945,13950.0,13795.0,13850.0,1006
2018-05-11,13850,14125.0,13780.0,14030.0,1119
2018-05-14,14030,14520.0,14030.0,14475.0,2171
2018-05-15,14475,14660.0,14205.0,14475.0,1958
2018-05-16,14475,14635.0,14360.0,14450.0,1223
2018-05-17,14455,14750.0,14455.0,14595.0,1590
2018-05-18,14595,14870.0,14580.0,14635.0,1679
2018-05-21,14690,14740.0,14545.0,14730.0,957
2018-05-22,14730,14835.0,14565.0,14815.0,1345
2018-05-23,14815,14815.0,14430.0,14605.0,1782
2018-05-24,14605,14935.0,14530.0,14885.0,1194
2018-05-25,14885,15055.0,14675.0,14740.0,1339
2018-05-29,14740,15020.0,14740.0,14845.0,1759
2018-05-30,14845,15190.0,14685.0,15070.0,1822
2018-05-31,15070,15370.0,15070.0,15295.0,1550
2018-06-01,15295,15690.0,15105.0,15410.0,2626
2018-06-04,15410,15515.0,15245.0,15500.0,1812
2018-06-05,15500,15810.0,15255.0,15755.0,1788
2018-06-06,15755,15845.0,15620.0,15640.0,1319
2018-06-07,15640,15840.0,15360.0,15420.0,1660
2018-06-08,15640,15640.0,15280.0,15445.0,1370
2018-06-11,15445,15545.0,15250.0,15265.0,1026
2018-06-12,15250,15395.0,15155.0,15255.0,1125
2018-06-13,15340,15730.0,15170.0,15650.0,1295
2018-06-14,15650,15690.0,15105.0,15280.0,1728
2018-06-15,15280,15400.0,15100.0,15170.0,1317
2018-06-18,15170,15335.0,14925.0,14980.0,994
2018-06-19,14980,15055.0,14580.0,14720.0,2868
2018-06-20,14720,15030.0,14700.0,14960.0,1706
2018-06-21,14960,15195.0,14925.0,15075.0,1714
2018-06-22,15075,15390.0,14985.0,15370.0,1401
2018-06-25,15370,15410.0,14730.0,14790.0,1704
2018-06-26,14790,14915.0,14550.0,14900.0,1827
2018-06-27,14900,15020.0,14505.0,14865.0,2090
2018-06-28,14865,15010.0,14720.0,14790.0,1601
2018-06-29,14790,15095.0,14760.0,14940.0,1481
2018-07-02,14940,14940.0,14525.0,14565.0,1551
2018-07-03,14565,14750.0,14330.0,14340.0,2154
2018-07-04,14340,14480.0,13995.0,14140.0,2320
2018-07-05,14140,14385.0,14040.0,14195.0,1815
2018-07-06,14195,14255.0,13830.0,13960.0,2534
2018-07-09,13975,14240.0,13975.0,14065.0,1769
2018-07-10,14090,14285.0,14000.0,14170.0,1471
2018-07-11,14170,14170.0,13570.0,13945.0,2725
2018-07-12,13945,14410.0,13880.0,14245.0,2741
2018-07-13,14245,14305.0,13915.0,13970.0,1710
2018-07-16,13970,14050.0,13605.0,13630.0,1855
2018-07-17,13630,13765.0,13475.0,13545.0,2015
2018-07-18,13545,13700.0,13305.0,13665.0,1918
2018-07-19,13665,13780.0,13210.0,13405.0,2083
2018-07-20,13450,13630.0,13305.0,13510.0,1643
2018-07-23,13510,13640.0,13350.0,13375.0,1508
2018-07-24,13375,13770.0,13265.0,13600.0,1669
2018-07-25,13600,13840.0,13565.0,13715.0,1265
2018-07-26,13800,13840.0,13605.0,13780.0,1174
2018-07-27,13770,13895.0,13670.0,13780.0,1185
2018-07-30,13780,13895.0,13660.0,13895.0,927
2018-07-31,13895,14120.0,13800.0,14065.0,1499
2018-08-01,14065,14070.0,13360.0,13390.0,1985
2018-08-02,13405,13570.0,13275.0,13350.0,2388
2018-08-03,13350,13560.0,13080.0,13510.0,2419
2018-08-06,13510,13725.0,13305.0,13685.0,1652
2018-08-07,13685,13920.0,13600.0,13875.0,1576
2018-08-08,13875,14055.0,13845.0,14040.0,1365
2018-08-09,14040,14145.0,13845.0,13880.0,1498
2018-08-10,13870,13990.0,13625.0,13805.0,1540
2018-08-13,13805,13895.0,13475.0,13535.0,1531
2018-08-14,13575,13605.0,13380.0,13425.0,1775
2018-08-15,13425,13465.0,12770.0,12880.0,2586
2018-08-16,12905,13465.0,12835.0,13340.0,2233
2018-08-17,13340,13630.0,13195.0,13555.0,1576
2018-08-20,13625,13840.0,13490.0,13615.0,1527
2018-08-21,13690,13775.0,13510.0,13560.0,1350
2018-08-22,13560,13730.0,13455.0,13580.0,1479
2018-08-23,13580,13580.0,13185.0,13240.0,1492
2018-08-24,13240,13480.0,13225.0,13420.0,1642
2018-08-28,13420,13680.0,13310.0,13635.0,1768
2018-08-29,13635,13660.0,13435.0,13450.0,1353
2018-08-30,13460,13565.0,13210.0,13310.0,1582
2018-08-31,13260,13350.0,12795.0,12810.0,2236
2018-09-03,12815,12855.0,12695.0,12795.0,1309
2018-09-04,12795,12805.0,12375.0,12490.0,2036
2018-09-05,12490,12630.0,12360.0,12475.0,1524
2018-09-06,12475,12595.0,12390.0,12470.0,1443
2018-09-07,12470,12550.0,12225.0,12335.0,1496
2018-09-10,12300,12500.0,12255.0,12410.0,1385
2018-09-11,12410,12445.0,12165.0,12215.0,1461
2018-09-12,12245,12655.0,12085.0,12630.0,1888
2018-09-13,12630,12780.0,12560.0,12595.0,1450
2018-09-14,12595,12705.0,12400.0,12415.0,1419
2018-09-17,12420,12435.0,12240.0,12275.0,1655
2018-09-18,12240,12620.0,12130.0,12360.0,1473
2018-09-19,12360,12620.0,12310.0,12490.0,1569
2018-09-20,12490,12690.0,12450.0,12650.0,1018
2018-09-21,12650,13300.0,12650.0,13275.0,2251
2018-09-24,13150,13225.0,12780.0,12820.0,1219
2018-09-25,12820,13020.0,12750.0,12955.0,1498
2018-09-26,12955,13075.0,12780.0,12820.0,1230
2018-09-27,12820,12900.0,12505.0,12550.0,1505
2018-09-28,12550,12795.0,12520.0,12545.0,1985
2018-10-01,12545,12590.0,12330.0,12430.0,1723
2018-10-02,12430,12630.0,12320.0,12535.0,1018
2018-10-03,12535,12965.0,12440.0,12920.0,1160
2018-10-04,12920,12990.0,12400.0,12555.0,1430
2018-10-05,12555,12730.0,12360.0,12655.0,1207
2018-10-08,12640,12675.0,12410.0,12665.0,1362
2018-10-09,12665,13020.0,12595.0,12970.0,1613
2018-10-10,12970,13015.0,12680.0,12700.0,1593
2018-10-11,12700,12780.0,12385.0,12705.0,2066
2018-10-12,12705,12875.0,12610.0,12685.0,1325
2018-10-15,12685,12815.0,12550.0,12585.0,1410
2018-10-16,12585,12630.0,12395.0,12535.0,1559
2018-10-17,12450,12615.0,12330.0,12355.0,1512
2018-10-18,12375,12420.0,12200.0,12295.0,1302
2018-10-19,12360,12625.0,12325.0,12475.0,1274
2018-10-22,12475,12725.0,12455.0,12460.0,1412
2018-10-23,12450,12545.0,12355.0,12395.0,983
2018-10-24,12395,12535.0,12200.0,12215.0,1351
2018-10-25,12215,12335.0,12080.0,12185.0,1786
2018-10-26,12185,12185.0,11810.0,11880.0,1569
2018-10-29,11905,11945.0,11700.0,11735.0,1120
2018-10-30,11740,11855.0,11705.0,11750.0,1200
2018-10-31,11765,11795.0,11475.0,11530.0,1140
2018-11-01,11555,11915.0,11495.0,11840.0,1751
2018-11-02,11830,12160.0,11770.0,11930.0,1982
2018-11-05,11935,11960.0,11690.0,11740.0,1198
2018-11-06,11740,11920.0,11730.0,11795.0,1121
2018-11-07,11795,11920.0,11625.0,11770.0,1239
2018-11-08,11755,11920.0,11585.0,11775.0,0
2018-11-09,11750,11765.0,11400.0,11415.0,0
2018-11-12,11400,11445.0,11310.0,11345.0,960
2018-11-13,11330,11570.0,11255.0,11325.0,0
2018-11-14,11345,11360.0,11240.0,11305.0,815
2018-11-15,11305,11555.0,11250.0,11325.0,1276
2018-11-16,11320,11480.0,11280.0,11395.0,1148
2018-11-19,11395,11410.0,11175.0,11190.0,956
2018-11-20,11195,11340.0,11050.0,11085.0,1218
2018-11-21,11085,11160.0,11010.0,11030.0,916
2018-11-22,11030,11090.0,10950.0,10960.0,864
2018-11-23,10960,10960.0,10735.0,10875.0,1451
2018-11-26,10875,10890.0,10735.0,10880.0,1056
2018-11-27,10870,10885.0,10720.0,10740.0,877
2018-11-28,10755,10920.0,10740.0,10865.0,792
2018-11-29,10865,11070.0,10790.0,11010.0,1200
2018-11-30,11010,11200.0,10945.0,11095.0,1412
2018-12-03,11290,11440.0,11125.0,11195.0,1822
2018-12-04,11195,11415.0,11080.0,11130.0,1904
2018-12-05,11130,11235.0,11050.0,11220.0,1014
2018-12-06,11190,11200.0,10760.0,10860.0,1383
2018-12-07,10860,11000.0,10830.0,10955.0,985
2018-12-10,10920,10940.0,10770.0,10785.0,975
2018-12-11,10785,10945.0,10725.0,10745.0,1103
2018-12-12,10775,10845.0,10755.0,10785.0,683
2018-12-13,10785,10945.0,10725.0,10850.0,824
2018-12-14,10850,11080.0,10755.0,11040.0,864
2018-12-17,11015,11115.0,10970.0,10995.0,825
2018-12-18,10995,11080.0,10775.0,10840.0,1160
2018-12-19,10840,11015.0,10810.0,10980.0,648
2018-12-20,10980,11000.0,10815.0,10955.0,843
2018-12-21,10955,10980.0,10840.0,10875.0,837
2018-12-24,10875,10980.0,10860.0,10875.0,530
2018-12-25,10875,10980.0,10860.0,10875.0,530
2018-12-27,10810,10810.0,10700.0,10720.0,851
2018-12-28,10750,10770.0,10635.0,10740.0,574
2018-12-31,10740,10980.0,10635.0,10645.0,636
2019-01-01,10645,10645.0,10645.0,10645.0,1
2019-01-02,10645,10875.0,10525.0,10825.0,1182
2019-01-03,10810,10930.0,10675.0,10880.0,1312
2019-01-04,10880,11165.0,10825.0,11125.0,1314
2019-01-07,11120,11195.0,11080.0,11150.0,852
2019-01-08,11150,11265.0,11040.0,11205.0,925
2019-01-09,11260,11330.0,11175.0,11250.0,828
2019-01-10,11250,11315.0,11160.0,11230.0,849
2019-01-11,11230,11515.0,11200.0,11460.0,1244
2019-01-14,11460,11510.0,11335.0,11405.0,937
2019-01-15,11405,11690.0,11390.0,11605.0,1133
2019-01-16,11605,11770.0,11580.0,11605.0,940
2019-01-17,11605,11670.0,11455.0,11585.0,1021
2019-01-18,11585,11855.0,11585.0,11810.0,983
2019-01-21,11810,11885.0,11725.0,11810.0,688
2019-01-22,11810,11835.0,11550.0,11595.0,921
2019-01-23,11595,11725.0,11580.0,11695.0,827
2019-01-24,11695,11790.0,11590.0,11750.0,783
2019-01-25,11750,11990.0,11750.0,11950.0,826
2019-01-28,11950,12020.0,11825.0,11845.0,831
2019-01-29,11845,12200.0,11755.0,12145.0,1420
2019-01-30,12145,12455.0,12145.0,12350.0,1544
2019-01-31,12350,12515.0,12325.0,12475.0,1035
2019-02-01,12475,12700.0,12310.0,12670.0,1217
2019-02-04,12580,13275.0,12580.0,13235.0,1805
2019-02-05,13235,13265.0,12860.0,13060.0,1559
2019-02-06,13060,13350.0,12860.0,12910.0,1314
2019-02-07,12910,13035.0,12855.0,12910.0,1034
2019-02-08,12910,12910.0,12480.0,12575.0,1423
2019-02-11,12575,12730.0,12415.0,12470.0,1586
2019-02-12,12465,12575.0,12210.0,12390.0,1420
2019-02-13,12375,12460.0,12300.0,12400.0,1001
2019-02-14,12400,12475.0,12145.0,12195.0,1204
2019-02-15,12195,12425.0,12080.0,12415.0,1329
2019-02-18,12410,12530.0,12290.0,12465.0,975
2019-02-19,12465,12690.0,12385.0,12665.0,1058
2019-02-20,12665,12950.0,12625.0,12910.0,1157
2019-02-21,12910,12940.0,12775.0,12845.0,1028
2019-02-22,12845,13100.0,12785.0,12990.0,1150
2019-02-25,13035,13175.0,12875.0,12970.0,1508
2019-02-26,12970,13000.0,12850.0,12935.0,1127
2019-02-27,12935,13110.0,12845.0,13060.0,1164
2019-02-28,13060,13165.0,13025.0,13065.0,965
2019-03-01,13065,13400.0,12995.0,13175.0,1798
2019-03-04,13215,13485.0,13175.0,13280.0,1725
2019-03-05,13280,13725.0,13265.0,13650.0,1984
2019-03-06,13650,13765.0,13565.0,13635.0,1208
2019-03-07,13635,13675.0,13115.0,13220.0,1625
2019-03-08,13205,13235.0,13060.0,13080.0,1168
2019-03-11,13080,13175.0,12880.0,12905.0,1330
2019-03-12,12930,13260.0,12925.0,13120.0,1485
2019-03-13,13135,13230.0,12910.0,13195.0,1407
2019-03-14,13185,13200.0,12815.0,12900.0,1449
2019-03-15,12905,13045.0,12845.0,12930.0,1281
2019-03-18,12945,13065.0,12835.0,13020.0,1074
2019-03-19,13010,13290.0,13010.0,13150.0,1132
2019-03-20,13155,13355.0,13100.0,13255.0,1044
2019-03-21,13340,13370.0,12900.0,13020.0,1271
2019-03-22,13025,13070.0,12905.0,12980.0,1374
2019-03-25,12975,12995.0,12840.0,12960.0,1166
2019-03-26,12955,13155.0,12845.0,13095.0,1302
2019-03-27,13105,13145.0,12880.0,13050.0,1067
2019-03-28,13050,13050.0,12825.0,12870.0,1285
2019-03-29,12875,13170.0,12875.0,12990.0,1258
2019-04-01,13030,13335.0,13030.0,13115.0,1652
2019-04-02,13115,13200.0,12950.0,13165.0,1755
2019-04-03,13165,13430.0,13155.0,13355.0,1289
2019-04-04,13355,13395.0,12995.0,13160.0,1597
2019-04-05,13160,13280.0,13045.0,13060.0,1133
2019-04-08,13080,13325.0,13080.0,13200.0,1087
2019-04-09,13200,13315.0,13095.0,13235.0,1156
2019-04-10,13235,13305.0,13150.0,13180.0,952
2019-04-11,13180,13205.0,12865.0,12970.0,1680
2019-04-12,12970,13060.0,12885.0,13020.0,911
2019-04-15,13020,13065.0,12860.0,13000.0,1019
2019-04-16,13000,13160.0,12900.0,12930.0,990
2019-04-17,12930,13160.0,12850.0,12885.0,1224
2019-04-18,12885,12920.0,12625.0,12660.0,1600
2019-04-19,12885,12920.0,12625.0,12660.0,1600
2019-04-22,12660,12660.0,12660.0,12660.0,1
2019-04-23,12660,12660.0,12380.0,12410.0,1323
2019-04-24,12410,12500.0,12385.0,12425.0,991
2019-04-25,12425,12475.0,12310.0,12325.0,921
2019-04-26,12325,12515.0,12315.0,12435.0,978
2019-04-29,12435,12510.0,12380.0,12410.0,889
2019-04-30,12410,12485.0,12185.0,12240.0,1051
2019-05-01,12240,12325.0,12150.0,12165.0,548
2019-05-02,12165,12215.0,12110.0,12165.0,788
2019-05-03,12165,12390.0,12115.0,12200.0,1104
2019-05-07,12110,12160.0,11990.0,12030.0,1151
2019-05-08,12030,12140.0,11935.0,11935.0,1051
2019-05-09,11935,11960.0,11730.0,11815.0,1113
2019-05-10,11815,12070.0,11815.0,11960.0,1647
2019-05-13,11910,11930.0,11725.0,11765.0,1020
2019-05-14,11785,11960.0,11735.0,11930.0,1184
2019-05-15,11930,12165.0,11895.0,12140.0,1508
2019-05-16,12140,12235.0,12060.0,12125.0,1219
2019-05-17,12125,12160.0,12000.0,12000.0,1008
2019-05-20,12000,12065.0,11875.0,11985.0,1021
2019-05-21,11985,12140.0,11920.0,12090.0,1075
2019-05-22,12075,12090.0,11910.0,11970.0,938
2019-05-23,11970,11970.0,11815.0,11890.0,839
2019-05-24,11890,12495.0,11890.0,12380.0,2578
2019-05-28,12380,12460.0,12075.0,12150.0,1566
2019-05-29,12150,12165.0,12035.0,12040.0,945
2019-05-30,12040,12185.0,12000.0,12095.0,972
2019-05-31,12095,12175.0,11980.0,11990.0,1280
2019-06-03,11995,12030.0,11865.0,11880.0,10321
2019-06-04,11885,11925.0,11855.0,11860.0,476
2019-06-05,11800,11855.0,11720.0,11720.0,857
2019-06-06,11715,11855.0,11625.0,11635.0,1031
2019-06-07,11675,11765.0,11615.0,11615.0,620
2019-06-10,11640,11850.0,11610.0,11670.0,1100
2019-06-11,11625,12025.0,11625.0,11895.0,1656
2019-06-12,11900,11975.0,11790.0,11845.0,900
2019-06-13,11870,12040.0,11785.0,11845.0,11007
2019-06-14,11850,12065.0,11840.0,11915.0,9384
2019-06-17,11930,12000.0,11725.0,11760.0,8752
2019-06-18,11770,12050.0,11730.0,11950.0,9468
2019-06-19,11960,12180.0,11855.0,12120.0,13245
2019-06-20,12145,12390.0,12110.0,12315.0,11778
2019-06-21,12325,12325.0,12050.0,12105.0,9060
2019-06-24,12120,12230.0,12015.0,12185.0,6022
2019-06-25,12200,12375.0,12150.0,12305.0,9411
2019-06-26,12305,12510.0,12235.0,12505.0,10649
2019-06-27,12500,12770.0,12435.0,12730.0,14201
2019-06-28,12720,12775.0,12585.0,12670.0,9030
2019-07-01,12780,12850.0,12260.0,12310.0,13738
2019-07-02,12310,12330.0,12015.0,12100.0,9901
2019-07-03,12125,12385.0,12075.0,12355.0,10909
2019-07-04,12355,12425.0,12255.0,12370.0,6053
2019-07-05,12365,12480.0,12240.0,12455.0,6484
2019-07-08,12450,12725.0,12430.0,12700.0,7655
2019-07-09,12705,12775.0,12555.0,12750.0,7716
2019-07-10,12745,13030.0,12710.0,13010.0,10394
2019-07-11,13040,13200.0,13000.0,13110.0,10501
2019-07-12,13115,13590.0,13060.0,13575.0,12749
2019-07-15,13540,13725.0,13370.0,13660.0,11373
2019-07-16,13650,14200.0,13570.0,13940.0,18271
2019-07-17,13945,14460.0,13900.0,14370.0,15902
2019-07-18,14330,15115.0,14300.0,14945.0,20014
2019-07-19,14850,15105.0,14365.0,14640.0,16408
2019-07-22,14655,14685.0,14150.0,14230.0,9969
2019-07-23,14240,14430.0,14080.0,14215.0,9843
2019-07-24,14205,14550.0,14145.0,14525.0,11586
2019-07-25,14530,14545.0,13930.0,14010.0,8855
2019-07-26,14030,14235.0,13955.0,14135.0,5826
2019-07-29,14140,14385.0,13885.0,14345.0,7015
2019-07-30,14355,14485.0,14215.0,14300.0,6270
2019-07-31,14310,14555.0,14255.0,14550.0,7371
2019-08-01,14485,14765.0,14220.0,14450.0,9555
2019-08-02,14375,14600.0,14175.0,14480.0,10637
2019-08-05,14450,14970.0,14285.0,14855.0,14650
2019-08-06,14850,15090.0,14795.0,14950.0,9628
2019-08-07,14950,15520.0,14610.0,15450.0,15061
2019-08-08,15420,16690.0,15315.0,15825.0,22596
2019-08-09,15830,15910.0,15500.0,15640.0,12444
2019-08-12,15665,16145.0,15020.0,15690.0,16474
2019-08-13,15640,15985.0,15620.0,15740.0,10378
2019-08-14,15785,16090.0,15480.0,15870.0,9698
2019-08-15,15900,16385.0,15765.0,16160.0,9464
2019-08-16,16220,16395.0,16010.0,16155.0,6942
2019-08-19,16150,16185.0,15795.0,15915.0,6260
2019-08-20,15925,16175.0,15630.0,15795.0,8634
2019-08-21,15820,16000.0,15685.0,15760.0,5303
2019-08-22,15785,15820.0,15535.0,15630.0,4887
2019-08-23,15650,15860.0,15380.0,15655.0,11909
2019-08-27,15750,15910.0,15625.0,15650.0,5437
2019-08-28,15665,16340.0,15655.0,16280.0,8522
2019-08-29,16265,16605.0,16010.0,16400.0,8844
2019-08-30,16420,18135.0,16385.0,17890.0,16294
2019-09-02,17860,18850.0,17770.0,17955.0,15601
2019-09-03,17995,18710.0,17790.0,17880.0,17184
2019-09-04,17860,18200.0,17830.0,18080.0,8635
2019-09-05,18075,18100.0,17375.0,17480.0,10279
2019-09-06,17500,17950.0,17355.0,17935.0,9203
2019-09-09,17860,18225.0,17400.0,18090.0,7754
2019-09-10,18300,18340.0,17880.0,17950.0,5863
2019-09-11,17995,18200.0,17790.0,17850.0,5071
2019-09-12,17885,18400.0,17820.0,17980.0,6485
2019-09-13,18010,18150.0,17500.0,17745.0,5464
2019-09-16,17800,17900.0,17105.0,17275.0,9628
2019-09-17,17300,17300.0,16790.0,17035.0,8535
2019-09-18,17025,17270.0,16970.0,17195.0,7094
2019-09-19,17190,17345.0,17060.0,17285.0,9131
2019-09-20,17310,17890.0,17260.0,17370.0,9981
2019-09-23,17460,17700.0,17260.0,17345.0,6578
2019-09-24,17370,17500.0,17030.0,17155.0,8582
2019-09-25,17165,17375.0,16980.0,17295.0,5328
2019-09-26,17325,17415.0,17115.0,17230.0,4301
2019-09-27,17195,17425.0,17175.0,17210.0,4219
2019-09-30,17240,17635.0,17000.0,17100.0,7077
2019-10-01,17120,17380.0,16895.0,17365.0,6585
2019-10-02,17370,17550.0,17320.0,17505.0,4004
2019-10-03,17590,17665.0,17525.0,17640.0,3552
2019-10-04,17655,17815.0,17435.0,17725.0,4064
2019-10-07,17770,17820.0,17670.0,17690.0,2986
2019-10-08,17690,17690.0,17135.0,17445.0,9115
2019-10-09,17460,17645.0,17280.0,17325.0,6573
2019-10-10,17335,17685.0,17300.0,17570.0,4869
2019-10-11,17565,17805.0,17445.0,17520.0,7351
2019-10-14,17500,17545.0,16500.0,17285.0,13773
2019-10-15,17195,17285.0,16710.0,17005.0,7915
2019-10-16,16990,17020.0,16350.0,16390.0,7247
2019-10-17,16375,16455.0,16085.0,16215.0,9169
2019-10-18,16235,16485.0,16190.0,16210.0,5238
2019-10-21,16250,16250.0,16050.0,16080.0,8941
2019-10-22,16085,16645.0,16035.0,16555.0,11664
2019-10-23,16575,16715.0,16255.0,16595.0,5892
2019-10-24,16605,16970.0,16530.0,16860.0,5849
2019-10-25,16860,16930.0,16675.0,16830.0,4931
2019-10-28,16830,17015.0,16450.0,16555.0,9749
2019-10-29,16565,17000.0,16565.0,16805.0,7190
2019-10-30,16800,16920.0,16705.0,16785.0,4648
2019-10-31,16800,16895.0,16525.0,16685.0,7177
2019-11-01,16700,16815.0,16650.0,16750.0,5029
2019-11-04,16735,16775.0,16280.0,16325.0,6696
2019-11-05,16325,16370.0,16165.0,16285.0,7286
2019-11-06,16280,16460.0,16120.0,16215.0,5643
2019-11-07,16210,16590.0,16170.0,16215.0,6568
2019-11-08,16220,16300.0,15845.0,16175.0,8588
2019-11-11,16155,16155.0,15500.0,15565.0,9856
2019-11-12,15575,15675.0,15385.0,15640.0,9118
2019-11-13,15640,15675.0,15380.0,15400.0,5016
2019-11-14,15400,15500.0,15070.0,15110.0,6965
2019-11-15,15130,15155.0,14930.0,14950.0,5814
2019-11-18,14965,14980.0,14615.0,14775.0,7187
2019-11-19,14785,14800.0,14475.0,14640.0,7871
2019-11-20,14645,14695.0,14290.0,14325.0,6905
2019-11-21,14325,14520.0,14150.0,14500.0,6308
2019-11-22,14505,14675.0,14220.0,14640.0,7867
2019-11-25,14640,14745.0,14435.0,14465.0,5192
2019-11-26,14475,14595.0,14350.0,14545.0,5184
2019-11-27,14530,14570.0,14335.0,14360.0,4459
2019-11-28,14355,14355.0,13930.0,13985.0,6442
2019-11-29,13975,14040.0,13650.0,13660.0,5643
2019-12-02,13670,13815.0,13610.0,13700.0,6211
2019-12-03,13715,13780.0,13205.0,13360.0,7738
2019-12-04,13350,13365.0,13115.0,13135.0,7544
2019-12-05,13135,13445.0,13030.0,13280.0,8818
2019-12-06,13280,13570.0,13280.0,13485.0,8829
2019-12-09,13490,13495.0,13170.0,13320.0,5902
2019-12-10,13320,13540.0,12900.0,13415.0,9856
2019-12-11,13425,13865.0,13380.0,13845.0,10749
2019-12-12,13860,14045.0,13700.0,14010.0,9604
2019-12-13,14060,14270.0,13955.0,14205.0,11975
2019-12-16,14195,14255.0,14015.0,14225.0,6067
2019-12-17,14210,14290.0,13960.0,14005.0,6151
2019-12-18,14010,14055.0,13820.0,13870.0,6479
2019-12-19,13885,14240.0,13875.0,14200.0,5298
2019-12-20,14200,14500.0,14160.0,14490.0,9297
2019-12-23,14495,14510.0,14350.0,14370.0,3651
2019-12-24,14375,14485.0,14195.0,14315.0,3535
2019-12-27,14220,14280.0,14035.0,14215.0,5568
2019-12-30,14230,14365.0,14165.0,14315.0,5246
2019-12-31,14315,14325.0,13910.0,14050.0,5568
2020-01-02,14130,14265.0,14040.0,14225.0,5690
2020-01-03,14250,14280.0,13740.0,13770.0,8022
2020-01-06,13750,13860.0,13625.0,13805.0,6594
2020-01-07,13805,13995.0,13680.0,13905.0,6067
2020-01-08,13855,14135.0,13755.0,14050.0,8381
2020-01-09,14070,14250.0,14060.0,14110.0,5416
2020-01-10,14120,14250.0,14055.0,14220.0,5748
2020-01-13,14225,14350.0,14055.0,14100.0,8371
2020-01-14,14110,14155.0,13645.0,13890.0,9449
2020-01-15,13870,14385.0,13715.0,14340.0,11202
2020-01-16,14350,14435.0,13760.0,13795.0,8803
2020-01-17,13815,13985.0,13805.0,13935.0,5760
2020-01-20,13955,14175.0,13835.0,14015.0,5269
2020-01-21,14010,14065.0,13640.0,13670.0,6750
2020-01-22,13670,13890.0,13505.0,13650.0,6971
2020-01-23,13660,13675.0,13310.0,13370.0,5394
2020-01-24,13345,13395.0,12935.0,12965.0,5143
2020-01-27,12920,13040.0,12560.0,12690.0,7661
2020-01-28,12610,12970.0,12560.0,12580.0,7055
2020-01-29,12575,12765.0,12510.0,12645.0,5421
2020-01-30,12665,12750.0,12525.0,12585.0,4638
2020-01-31,12650,12925.0,12550.0,12765.0,6315
2020-02-03,12785,12940.0,12695.0,12720.0,7833
2020-02-04,12735,13365.0,12735.0,12950.0,10516
2020-02-05,12925,13270.0,12925.0,13205.0,7453
2020-02-06,13220,13310.0,13075.0,13100.0,5551
2020-02-07,13105,13210.0,12755.0,12830.0,6591
2020-02-10,12800,13080.0,12800.0,12920.0,6004
2020-02-11,12950,13275.0,12950.0,13115.0,7099
2020-02-12,13140,13230.0,12935.0,13150.0,6348
2020-02-13,13135,13295.0,13050.0,13255.0,7027
2020-02-14,13270,13345.0,13010.0,13040.0,5298
2020-02-17,13065,13210.0,13055.0,13150.0,3254
2020-02-18,13150,13185.0,12770.0,12850.0,7273
2020-02-19,12875,12985.0,12690.0,12850.0,7449
2020-02-20,12855,12965.0,12650.0,12735.0,5260
2020-02-21,12755,12785.0,12500.0,12565.0,6021
2020-02-24,12500,12670.0,12370.0,12460.0,7642
2020-02-25,12500,12765.0,12445.0,12520.0,7542
2020-02-26,12520,12590.0,12355.0,12475.0,6630
2020-02-27,12460,12555.0,12285.0,12375.0,6143
2020-02-28,12405,12420.0,12140.0,12215.0,8979
2020-03-02,12220,12745.0,12220.0,12675.0,9115
2020-03-03,12735,12925.0,12500.0,12685.0,8889
2020-03-04,12690,12820.0,12610.0,12680.0,5054
2020-03-05,12715,12915.0,12675.0,12895.0,6035
2020-03-06,12850,12885.0,12660.0,12835.0,5633
2020-03-09,12760,12760.0,12300.0,12595.0,8490
2020-03-10,12640,12995.0,12570.0,12730.0,11027
2020-03-11,12775,12905.0,12350.0,12445.0,10113
2020-03-12,12420,12495.0,11735.0,11870.0,13954
2020-03-13,11915,12815.0,11735.0,12300.0,19205
2020-03-16,12225,12465.0,11670.0,11995.0,11324
2020-03-17,12040,12295.0,11800.0,11910.0,13297
2020-03-18,11910,12165.0,11305.0,11380.0,18205
2020-03-19,11455,11650.0,11085.0,11295.0,21348
2020-03-20,11300,11700.0,11265.0,11330.0,13105
2020-03-23,11190,11290.0,10865.0,10910.0,11247
2020-03-24,11030,11300.0,10995.0,11280.0,9057
2020-03-25,11330,11350.0,11100.0,11310.0,6627
2020-03-26,11300,11325.0,11110.0,11210.0,7565
2020-03-27,11255,11430.0,11215.0,11410.0,5867
2020-03-30,11390,11455.0,11260.0,11315.0,5704
2020-03-31,11330,11500.0,11230.0,11465.0,5639
2020-04-01,11435,11435.0,11235.0,11240.0,5055
2020-04-02,11260,11365.0,10950.0,11290.0,5670
2020-04-03,11340,11355.0,11200.0,11200.0,3650
2020-04-06,11225,11310.0,11200.0,11280.0,2214
2020-04-07,11320,11520.0,11295.0,11430.0,5928
2020-04-08,11415,11590.0,11330.0,11505.0,6454
2020-04-09,11520,11705.0,11475.0,11680.0,5568
2020-04-14,11720,11865.0,11715.0,11815.0,3727
2020-04-15,11865,12000.0,11740.0,11765.0,5738
2020-04-16,11775,11795.0,11620.0,11755.0,3044
2020-04-17,11810,12070.0,11785.0,12055.0,5118
2020-04-20,12055,12535.0,11920.0,12470.0,7436
2020-04-21,12470,12500.0,12130.0,12160.0,7365
2020-04-22,12200,12225.0,11775.0,11940.0,6291
2020-04-23,11910,12240.0,11880.0,12170.0,4464
2020-04-24,12170,12315.0,12045.0,12250.0,3144
2020-04-27,12260,12595.0,12155.0,12225.0,5404
2020-04-28,12250,12440.0,12080.0,12325.0,5507
2020-04-29,12320,12370.0,12185.0,12295.0,4421
2020-04-30,12320,12355.0,12130.0,12130.0,4498
2020-05-01,12120,12200.0,11835.0,11915.0,4325
2020-05-04,11885,11970.0,11800.0,11800.0,2519
2020-05-05,11815,12050.0,11800.0,12020.0,3711
2020-05-06,12040,12335.0,11875.0,12295.0,7587
2020-05-07,12320,12400.0,12170.0,12270.0,4979
2020-05-11,12400,12500.0,12215.0,12380.0,3897
2020-05-12,12390,12475.0,12230.0,12275.0,3842
2020-05-13,12280,12350.0,12135.0,12240.0,3792
2020-05-14,12240,12315.0,11965.0,12055.0,5429
2020-05-15,12080,12110.0,11820.0,11820.0,6069
2020-05-18,11860,12270.0,11840.0,12255.0,5790
2020-05-19,12285,12480.0,12230.0,12465.0,6446
2020-05-20,12465,12710.0,12385.0,12690.0,6478
2020-05-21,12700,12910.0,12410.0,12420.0,8323
2020-05-22,12420,12655.0,12105.0,12250.0,11222
2020-05-26,12215,12415.0,12195.0,12335.0,4710
2020-05-27,12310,12335.0,12090.0,12135.0,5089
2020-05-28,12155,12305.0,12135.0,12240.0,3888
2020-05-29,12185,12395.0,12130.0,12365.0,5222
2020-06-01,12400,12680.0,12400.0,12575.0,8793
2020-06-02,12585,12885.0,12545.0,12865.0,9108
2020-06-03,12865,12925.0,12665.0,12785.0,7036
2020-06-04,12790,12845.0,12530.0,12780.0,6192
2020-06-05,12800,13015.0,12745.0,12915.0,6837
2020-06-08,12945,13115.0,12870.0,13060.0,5789
2020-06-09,13060,13100.0,12720.0,12900.0,6118
2020-06-10,12880,13065.0,12810.0,12990.0,5599
2020-06-11,13020,13045.0,12600.0,12650.0,7207
2020-06-12,12670,12825.0,12535.0,12690.0,5842
2020-06-15,12670,12870.0,12470.0,12825.0,6430
2020-06-16,12885,13035.0,12835.0,13020.0,7132
2020-06-17,13020,13045.0,12805.0,12805.0,5181
2020-06-18,12840,12950.0,12760.0,12895.0,4148
2020-06-19,12880,13020.0,12720.0,12725.0,4746
2020-06-22,12765,12815.0,12620.0,12620.0,4112
2020-06-23,12635,12745.0,12525.0,12685.0,5134
2020-06-24,12710,12760.0,12505.0,12505.0,4064
2020-06-25,12515,12555.0,12425.0,12470.0,3601
2020-06-26,12500,12805.0,12500.0,12660.0,5680
2020-06-29,12685,12830.0,12565.0,12770.0,4533
2020-06-30,12795,12880.0,12710.0,12795.0,5796
2020-07-01,12805,12875.0,12605.0,12850.0,7141
2020-07-02,12855,12965.0,12785.0,12920.0,5578
2020-07-03,12915,13130.0,12905.0,12975.0,8030
2020-07-06,12985,13400.0,12985.0,13385.0,9266
2020-07-07,13400,13485.0,13260.0,13390.0,7759
2020-07-08,13425,13500.0,13350.0,13475.0,4995
2020-07-09,13475,13550.0,13155.0,13195.0,8334
2020-07-10,13230,13570.0,13050.0,13540.0,7356
2020-07-13,13555,13730.0,13480.0,13715.0,7773
2020-07-14,13650,13670.0,13390.0,13595.0,5947
2020-07-15,13605,13640.0,13340.0,13525.0,7122
2020-07-16,13520,13520.0,13210.0,13385.0,5547
2020-07-17,13400,13450.0,13080.0,13110.0,4491
2020-07-20,13150,13350.0,13070.0,13185.0,5308
2020-07-21,13200,13500.0,13180.0,13455.0,5619
2020-07-22,13450,13600.0,13070.0,13075.0,8152
2020-07-23,13080,13705.0,13070.0,13685.0,12919
2020-07-24,13680,13790.0,13310.0,13610.0,10119
2020-07-27,13650,13865.0,13650.0,13785.0,6499
2020-07-28,13800,13995.0,13510.0,13685.0,8921
2020-07-29,13720,13920.0,13635.0,13900.0,5699
2020-07-30,13905,13990.0,13590.0,13785.0,8160
2020-07-31,13810,13910.0,13675.0,13740.0,5529
2020-08-03,13775,14025.0,13605.0,13945.0,7919
2020-08-04,13945,14135.0,13865.0,13980.0,6798
2020-08-05,14005,14640.0,14005.0,14270.0,14556
2020-08-06,14290,14645.0,14290.0,14440.0,8582
2020-08-07,14450,14535.0,14255.0,14360.0,7000
2020-08-10,14395,14395.0,14085.0,14215.0,7403
2020-08-11,14205,14370.0,14090.0,14330.0,6332
2020-08-12,14350,14350.0,14000.0,14235.0,7601
2020-08-13,14245,14280.0,14020.0,14035.0,5066
2020-08-14,14070,14430.0,14050.0,14375.0,8353
2020-08-17,14380,14700.0,14380.0,14615.0,6041
2020-08-18,14650,14795.0,14545.0,14725.0,6276
2020-08-19,14720,14845.0,14625.0,14635.0,6277
2020-08-20,14620,14795.0,14470.0,14615.0,6471
2020-08-21,14670,14765.0,14560.0,14745.0,6067
2020-08-24,14745,14945.0,14745.0,14900.0,5463
2020-08-25,14900,15010.0,14805.0,14990.0,5431
2020-08-26,14980,15205.0,14975.0,15185.0,7960
2020-08-27,15195,15260.0,15060.0,15135.0,6463
2020-08-28,15150,15500.0,15145.0,15320.0,8982
2020-09-01,15435,15745.0,15415.0,15530.0,10159
2020-09-02,15540,15720.0,15490.0,15700.0,8221
2020-09-03,15710,15810.0,15010.0,15070.0,12778
2020-09-04,15045,15330.0,14995.0,15315.0,7408
2020-09-07,15325,15410.0,15160.0,15195.0,4082
2020-09-08,15195,15310.0,14675.0,14930.0,11357
2020-09-09,14915,14965.0,14735.0,14895.0,5734
2020-09-10,14910,14980.0,14735.0,14785.0,5033
2020-09-11,14800,15145.0,14630.0,15110.0,6900
2020-09-14,15130,15310.0,15075.0,15255.0,5185
2020-09-15,15295,15365.0,15135.0,15235.0,6370
2020-09-16,15235,15305.0,15075.0,15195.0,4854
2020-09-17,15155,15155.0,14855.0,15100.0,7921
2020-09-18,15110,15200.0,14810.0,14845.0,7529
2020-09-21,14910,15005.0,14300.0,14545.0,9756
2020-09-22,14545,14690.0,14470.0,14570.0,5643
2020-09-23,14700,14700.0,14305.0,14395.0,7513
2020-09-24,14365,14400.0,14125.0,14360.0,8750
2020-09-25,14365,14490.0,14235.0,14375.0,6278
2020-09-28,14390,14560.0,14245.0,14510.0,5719
2020-09-29,14530,14645.0,14350.0,14430.0,5627
2020-09-30,14425,14595.0,14270.0,14470.0,5097
2020-10-01,14485,14645.0,14210.0,14300.0,5975
2020-10-02,14360,14525.0,14045.0,14300.0,4987
2020-10-05,14330,14660.0,14240.0,14550.0,4568
2020-10-06,14590,14740.0,14480.0,14525.0,3781
2020-10-07,14435,14710.0,14425.0,14530.0,5368
2020-10-08,14585,14830.0,14525.0,14630.0,4517
2020-10-09,14665,15265.0,14665.0,15170.0,9430
2020-10-12,15150,15290.0,15045.0,15190.0,6677
2020-10-13,15190,15260.0,14985.0,15035.0,6267
2020-10-14,15045,15610.0,14985.0,15520.0,6708
2020-10-15,15505,15575.0,15300.0,15400.0,9330
2020-10-16,15400,15735.0,15400.0,15665.0,6428
2020-10-19,15680,15815.0,15615.0,15650.0,5845
2020-10-20,15645,16065.0,15615.0,16050.0,6922
2020-10-21,16025,16135.0,15785.0,15890.0,7940
2020-10-22,15895,15895.0,15705.0,15785.0,5675
2020-10-23,15790,15900.0,15555.0,15595.0,6931
2020-10-26,15595,15670.0,15360.0,15600.0,6013
2020-10-27,15630,15940.0,15575.0,15895.0,5410
2020-10-28,15865,16310.0,15635.0,15725.0,13373
2020-10-29,15730,15980.0,15315.0,15540.0,11296
2020-10-30,15545,15605.0,15140.0,15200.0,10569
2020-11-02,15140,15290.0,15040.0,15205.0,6123
2020-11-03,15230,15445.0,15180.0,15340.0,5827
2020-11-04,15360,15455.0,14930.0,15415.0,7611
2020-11-05,15395,15585.0,15240.0,15560.0,5759
2020-11-06,15560,15655.0,15260.0,15335.0,7917
2020-11-09,15460,15960.0,15445.0,15785.0,12132
2020-11-10,15775,15945.0,15635.0,15905.0,6033
2020-11-11,15925,16025.0,15700.0,16000.0,8982
2020-11-12,15970,16090.0,15870.0,15900.0,6234
2020-11-13,15910,15985.0,15730.0,15935.0,5875
2020-11-16,15955,16150.0,15815.0,15890.0,8067
2020-11-17,15930,15955.0,15655.0,15900.0,8980
2020-11-18,15890,15915.0,15725.0,15750.0,6579
2020-11-19,15710,15925.0,15630.0,15825.0,4989
2020-11-20,15850,16170.0,15775.0,16150.0,8220
2020-11-23,16155,16235.0,15895.0,16055.0,8705
2020-11-24,16070,16260.0,16000.0,16245.0,11423
2020-11-25,16260,16300.0,15930.0,16060.0,7912
2020-11-26,16100,16320.0,16015.0,16270.0,6569
2020-11-27,16275,16490.0,16265.0,16415.0,8269
2020-11-30,16415,16525.0,15990.0,16045.0,9019
2020-12-01,16055,16290.0,15965.0,16215.0,8190
2020-12-02,16225,16265.0,15830.0,15970.0,9358
2020-12-03,15970,16045.0,15820.0,15965.0,6335
2020-12-04,15975,16420.0,15885.0,16340.0,9172
2020-12-07,16370,16455.0,16290.0,16330.0,5053
2020-12-08,16335,16540.0,16285.0,16370.0,6175
2020-12-09,16400,16845.0,16360.0,16675.0,10297
2020-12-10,16675,17505.0,16610.0,17390.0,15647
2020-12-11,17430,17660.0,17135.0,17325.0,11408
2020-12-14,17350,17780.0,17275.0,17610.0,9856
2020-12-15,17600,17880.0,17485.0,17635.0,9602
2020-12-16,17630,17720.0,17280.0,17375.0,8563
2020-12-17,17400,17670.0,17310.0,17490.0,5897
2020-12-18,17515,17715.0,17430.0,17480.0,5179
2020-12-21,17455,17810.0,17065.0,17335.0,12006
2020-12-22,17325,17425.0,16580.0,16710.0,10328
2020-12-23,16685,16965.0,16295.0,16855.0,7406
2020-12-24,16840,17130.0,16805.0,16975.0,3793
2020-12-29,17225,17420.0,16860.0,16885.0,6434
2020-12-30,16895,16985.0,16710.0,16755.0,4674
2020-12-31,16780,16875.0,16560.0,16565.0,2911
2021-01-04,16640,17520.0,16640.0,17370.0,11850
2021-01-05,17395,17760.0,17330.0,17730.0,7564
2021-01-06,17755,17940.0,17510.0,17755.0,9467
2021-01-07,17800,18200.0,17755.0,18075.0,10762
2021-01-08,18100,18170.0,17470.0,17510.0,8229
2021-01-11,17545,17635.0,17040.0,17195.0,11003
2021-01-12,17160,17725.0,17160.0,17660.0,8811
2021-01-13,17780,17870.0,17495.0,17670.0,9013
2021-01-14,17675,18400.0,17600.0,18300.0,10517
2021-01-15,18350,18445.0,17790.0,18040.0,11143
2021-01-18,18000,18240.0,18000.0,18090.0,4602
2021-01-19,18135,18415.0,17950.0,18175.0,7255
2021-01-20,18210,18260.0,18000.0,18185.0,5752
2021-01-21,18210,18515.0,18205.0,18370.0,7200
2021-01-22,18375,18410.0,17860.0,18195.0,10047
2021-01-25,18210,18480.0,18115.0,18295.0,5873
2021-01-26,18265,18350.0,18035.0,18090.0,4869
2021-01-27,18095,18185.0,17685.0,17810.0,7747
2021-01-28,17780,17975.0,17560.0,17820.0,8863
2021-01-29,17780,18015.0,17520.0,17665.0,9547
2021-02-01,17695,17965.0,17695.0,17880.0,7606
2021-02-02,17875,17935.0,17655.0,17720.0,6486
2021-02-03,17770,17825.0,17525.0,17600.0,6403
2021-02-04,17635,17725.0,17465.0,17610.0,6066
2021-02-05,17645,18120.0,17640.0,18095.0,6358
2021-02-08,18090,18190.0,18040.0,18180.0,4184
2021-02-09,18200,18425.0,18120.0,18375.0,5760
2021-02-10,18365,18720.0,18255.0,18705.0,7240
2021-02-11,18700,18720.0,18570.0,18600.0,3449
2021-02-12,18660,18660.0,18260.0,18605.0,5054
2021-02-15,18620,18785.0,18580.0,18595.0,3592
2021-02-16,18625,18860.0,18510.0,18830.0,3824
2021-02-17,18810,18830.0,18675.0,18775.0,3872
2021-02-18,18765,19210.0,18725.0,19200.0,10538
2021-02-19,19195,19810.0,19085.0,19645.0,14233
2021-02-22,19705,20110.0,19310.0,19495.0,15219
2021-02-23,19500,19900.0,18985.0,19385.0,12256
2021-02-24,19370,19885.0,19105.0,19860.0,8713
2021-02-25,19900,19970.0,18740.0,18885.0,13143
2021-02-26,18860,19130.0,18515.0,18550.0,13903
2021-03-01,18670,18890.0,18500.0,18640.0,7661
2021-03-02,18650,18725.0,18275.0,18710.0,10958
2021-03-03,18710,18740.0,17220.0,17265.0,22986
2021-03-04,17220,17485.0,15830.0,15875.0,20596
2021-03-05,15950,16690.0,15880.0,16365.0,12177
2021-03-08,16550,16650.0,16065.0,16365.0,8945
2021-03-09,16365,16410.0,15665.0,16145.0,8851
2021-03-10,16125,16350.0,15935.0,16110.0,7306
2021-03-11,16100,16535.0,16055.0,16310.0,7134
2021-03-12,16320,16335.0,15900.0,15995.0,6700
2021-03-15,16015,16375.0,15850.0,16190.0,7609
2021-03-16,16180,16320.0,16025.0,16120.0,6257
2021-03-17,16130,16215.0,15935.0,16215.0,5358
2021-03-18,16190,16330.0,16010.0,16010.0,4344
2021-03-19,16000,16335.0,15800.0,16250.0,6021
2021-03-22,16250,16545.0,16155.0,16445.0,4811
2021-03-23,16430,16685.0,16020.0,16040.0,6940
2021-03-24,16105,16250.0,16050.0,16165.0,3878
2021-03-25,16160,16235.0,15945.0,16170.0,4828
2021-03-26,16185,16445.0,16155.0,16380.0,4280
2021-03-29,16400,16460.0,16110.0,16190.0,4207
2021-03-30,16175,16400.0,15845.0,15905.0,6396
2021-03-31,15920,16175.0,15870.0,16115.0,5045
2021-04-01,16175,16250.0,15940.0,16225.0,5574
2021-04-06,16370,16795.0,16330.0,16720.0,8860
2021-04-07,16740,16780.0,16590.0,16620.0,4467
2021-04-08,16640,16875.0,16465.0,16805.0,6008
2021-04-09,16810,16860.0,16550.0,16625.0,5754
2021-04-12,16700,16700.0,16120.0,16155.0,5772
2021-04-13,16175,16285.0,16050.0,16070.0,4591
2021-04-14,16130,16395.0,16045.0,16365.0,4927
2021-04-15,16345,16410.0,16065.0,16315.0,6585
2021-04-16,16395,16485.0,16110.0,16145.0,4924
2021-04-19,16205,16265.0,16010.0,16115.0,4992
2021-04-20,16245,16320.0,15940.0,15980.0,6539
2021-04-21,16015,16275.0,15970.0,16220.0,4832
2021-04-22,16215,16235.0,15960.0,15980.0,5239
2021-04-23,16000,16410.0,15925.0,16365.0,5733
2021-04-26,16365,16695.0,16315.0,16660.0,5322
2021-04-27,16700,17000.0,16660.0,16965.0,8757
2021-04-28,16960,17440.0,16840.0,17365.0,9524
2021-04-29,17430,17590.0,17170.0,17265.0,8422
2021-04-30,17320,17700.0,17220.0,17555.0,7690
2021-05-04,17675,17995.0,17610.0,17645.0,7599
2021-05-05,17775,18035.0,17720.0,17880.0,5180
2021-05-06,17820,18035.0,17430.0,17900.0,8354
2021-05-07,17940,18115.0,17760.0,18060.0,7514
2021-05-10,18150,18265.0,17630.0,17705.0,11376
2021-05-11,17710,18050.0,17615.0,17975.0,7178
2021-05-12,17955,18195.0,17675.0,17740.0,7106
2021-05-13,17795,17795.0,17150.0,17330.0,8637
2021-05-14,17315,17700.0,17060.0,17635.0,6478
2021-05-17,17630,17950.0,17545.0,17920.0,6499
2021-05-18,17955,18220.0,17935.0,18010.0,6970
2021-05-19,17980,18090.0,17280.0,17335.0,10263
2021-05-20,17315,17470.0,17050.0,17085.0,5935
2021-05-21,17080,17185.0,16655.0,16715.0,8432
2021-05-24,16700,17225.0,16620.0,17130.0,5046
2021-05-25,17165,17220.0,16995.0,17075.0,5326
2021-05-26,17065,17360.0,17045.0,17290.0,5344
2021-05-27,17310,18205.0,17130.0,18005.0,8661
2021-05-28,18035,18235.0,17770.0,18195.0,9887
2021-06-01,18200,18410.0,18005.0,18090.0,10034
2021-06-02,18145,18370.0,18065.0,18185.0,5905
2021-06-03,18210,18475.0,17760.0,17915.0,8379
2021-06-04,17945,18180.0,17800.0,17985.0,5977
2021-06-07,18040,18040.0,17655.0,17930.0,4683
2021-06-08,17980,18055.0,17740.0,17985.0,5898
2021-06-09,17985,18200.0,17955.0,18130.0,5912
2021-06-10,18145,18325.0,17800.0,18190.0,7946
2021-06-11,18225,18430.0,18180.0,18300.0,5759
2021-06-14,18335,18495.0,18250.0,18465.0,3680
2021-06-15,18450,18450.0,17520.0,17580.0,12939
2021-06-16,17615,17710.0,17425.0,17540.0,7514
2021-06-17,17430,17520.0,17085.0,17175.0,8737
2021-06-18,17210,17445.0,17105.0,17170.0,5904
2021-06-21,17190,17555.0,17175.0,17480.0,6505
2021-06-22,17465,17830.0,17425.0,17755.0,8311
2021-06-23,17760,18080.0,17725.0,18065.0,7291
2021-06-24,18060,18500.0,17900.0,18440.0,11814
2021-06-25,18445,18595.0,18415.0,18555.0,9359
2021-06-28,18550,18600.0,18210.0,18270.0,7837
2021-06-29,18290,18415.0,18105.0,18390.0,5969
2021-06-30,18400,18570.0,18175.0,18215.0,7122
2021-07-01,18225,18310.0,18010.0,18095.0,6880
2021-07-02,18100,18440.0,17930.0,18310.0,7257
2021-07-05,18280,18510.0,18250.0,18425.0,4156
2021-07-06,18435,18620.0,17930.0,18015.0,10783
2021-07-07,18040,18465.0,17990.0,18305.0,7839
2021-07-08,18310,18430.0,18160.0,18360.0,6958
2021-07-09,18385,18780.0,18300.0,18740.0,9636
2021-07-12,18745,18830.0,18460.0,18650.0,6982
2021-07-13,18660,18860.0,18470.0,18720.0,7876
2021-07-14,18700,18820.0,18520.0,18570.0,6023
2021-07-15,18585,18810.0,18425.0,18725.0,5872
2021-07-16,18765,19205.0,18685.0,19080.0,10037
2021-07-19,19065,19155.0,18350.0,18380.0,11813
2021-07-20,18425,18700.0,18395.0,18640.0,6809
2021-07-21,18685,18685.0,18275.0,18585.0,5470
2021-07-22,18640,18950.0,18520.0,18870.0,7481
2021-07-23,18870,19500.0,18830.0,19470.0,7391
2021-07-26,19490,19780.0,19395.0,19700.0,7813
2021-07-27,19705,19795.0,19215.0,19320.0,8812
2021-07-28,19370,19785.0,19370.0,19505.0,7356
2021-07-29,19550,19910.0,19550.0,19880.0,8209
2021-07-30,19875,19960.0,19415.0,19560.0,10502
2021-08-02,19595,19760.0,19320.0,19445.0,7314
2021-08-03,19430,19500.0,19125.0,19355.0,7785
2021-08-04,19435,19480.0,19210.0,19235.0,6664
2021-08-05,19285,19565.0,19140.0,19385.0,7945
2021-08-06,19365,19570.0,19165.0,19190.0,6060
2021-08-09,19150,19180.0,18540.0,18590.0,9429
2021-08-10,18615,18985.0,18605.0,18885.0,7740
2021-08-11,18890,19465.0,18680.0,19415.0,8337
2021-08-12,19370,19765.0,19340.0,19650.0,9468
2021-08-13,19675,19750.0,19540.0,19680.0,7283
2021-08-16,19665,19695.0,19460.0,19540.0,4695
2021-08-17,19580,19695.0,19090.0,19215.0,7661
2021-08-18,19230,19360.0,18840.0,18915.0,8988
2021-08-19,18910,18950.0,18345.0,18415.0,13915
2021-08-20,18425,18680.0,18370.0,18415.0,7864
2021-08-23,18445,19035.0,18445.0,18870.0,7586
2021-08-24,18890,19250.0,18795.0,19030.0,7310
2021-08-25,19020,19285.0,18960.0,19160.0,6501
2021-08-26,19205,19250.0,18740.0,18790.0,7701
2021-08-27,18805,19050.0,18635.0,19005.0,7961
2021-08-31,19550,19810.0,19455.0,19580.0,14827
2021-09-01,19575,19620.0,19250.0,19335.0,8051
2021-09-02,19385,19565.0,19155.0,19440.0,6788
2021-09-03,19440,19940.0,19295.0,19875.0,9491
2021-09-06,19900,19925.0,19510.0,19605.0,6287
2021-09-07,19595,19740.0,19415.0,19530.0,6329
2021-09-08,19515,19835.0,19510.0,19675.0,7473
2021-09-09,19695,20280.0,19650.0,20170.0,12380
2021-09-10,20170,20705.0,20085.0,20380.0,10287
2021-09-13,20475,20475.0,19550.0,19715.0,11123
2021-09-14,19725,19850.0,19465.0,19585.0,7933
2021-09-15,19610,20150.0,19530.0,19925.0,7873
2021-09-16,19925,20010.0,19195.0,19375.0,9013
2021-09-17,19330,20295.0,19200.0,19355.0,11539
2021-09-20,19360,19385.0,18760.0,18925.0,8187
2021-09-21,19005,19110.0,18395.0,18830.0,7098
2021-09-22,18830,19335.0,18785.0,19130.0,7878
2021-09-23,19140,19545.0,19010.0,19410.0,6538
2021-09-24,19415,19445.0,19000.0,19205.0,5978
2021-09-27,19270,19375.0,18820.0,18885.0,5681
2021-09-28,18895,18895.0,18450.0,18475.0,8067
2021-09-29,18545,18625.0,18070.0,18265.0,9517
2021-09-30,18270,18635.0,17725.0,17950.0,8598
2021-10-01,18015,18120.0,17705.0,18015.0,5242
2021-10-04,18080,18190.0,17805.0,18015.0,5829
2021-10-05,17940,18150.0,17750.0,18100.0,5144
2021-10-06,18080,18175.0,17970.0,18085.0,3681
2021-10-07,18105,18385.0,18015.0,18370.0,5478
2021-10-08,18400,19270.0,18365.0,19160.0,11980
2021-10-11,19160,19465.0,19065.0,19145.0,7719
2021-10-12,19195,19360.0,18920.0,18940.0,6716
2021-10-13,18985,19250.0,18830.0,18940.0,6340
2021-10-14,19030,19450.0,18900.0,19340.0,7358
2021-10-15,19310,20120.0,19235.0,19900.0,12360
2021-10-18,19960,20260.0,19875.0,19955.0,9086
2021-10-19,19920,20595.0,19900.0,20050.0,12076
2021-10-20,20120,21235.0,19690.0,21095.0,13762
2021-10-21,20950,21425.0,19800.0,19930.0,13872
2021-10-22,19930,20235.0,19620.0,19770.0,9319
2021-10-25,19860,20465.0,19760.0,20315.0,6792
2021-10-26,20310,20470.0,20050.0,20165.0,9791
2021-10-27,20270,20400.0,19350.0,19560.0,12270
2021-10-28,19520,19810.0,19300.0,19560.0,7722
2021-10-29,19650,19680.0,19160.0,19585.0,9077
2021-11-01,19590,19755.0,19275.0,19665.0,6479
2021-11-02,19655,19790.0,19215.0,19550.0,7197
2021-11-03,19575,19880.0,19105.0,19160.0,8103
2021-11-04,19290,19490.0,18970.0,19170.0,7051
2021-11-05,19175,19570.0,19075.0,19410.0,5698
2021-11-08,19435,19670.0,19205.0,19590.0,6016
2021-11-09,19590,19750.0,19345.0,19430.0,5474
2021-11-10,19455,19820.0,19330.0,19565.0,6582
2021-11-11,19570,19850.0,19530.0,19735.0,5820
2021-11-12,19770,20020.0,19665.0,19935.0,6897
2021-11-15,19990,20030.0,19550.0,19610.0,6592
2021-11-16,19635,19830.0,19350.0,19400.0,6551
2021-11-17,19410,19515.0,19225.0,19330.0,6657
2021-11-18,19290,19845.0,19150.0,19630.0,6689
2021-11-19,19590,20120.0,19550.0,19985.0,9850
2021-11-22,19990,20380.0,19910.0,20275.0,7130
2021-11-23,20315,20685.0,20220.0,20395.0,7906
2021-11-24,20405,21240.0,20345.0,20900.0,12189
2021-11-25,20900,21100.0,20520.0,20720.0,6168
2021-11-26,20705,20730.0,19705.0,19965.0,11713
2021-11-29,20050,20380.0,19985.0,20190.0,7550
2021-11-30,20200,20320.0,19860.0,19920.0,8380
2021-12-01,19950,20255.0,19900.0,19900.0,7217
2021-12-02,19930,20190.0,19830.0,19910.0,5764
2021-12-03,19930,20440.0,19865.0,20040.0,7913
2021-12-06,20095,20145.0,19565.0,19840.0,6778
2021-12-07,19830,20195.0,19780.0,20155.0,7955
2021-12-08,20195,20370.0,20110.0,20205.0,5057
2021-12-09,20200,20250.0,19775.0,19895.0,5905
2021-12-10,19870,19955.0,19730.0,19830.0,5784
2021-12-13,19840,19910.0,19635.0,19745.0,5244
2021-12-14,19740,19750.0,19400.0,19540.0,6190
2021-12-15,19600,19600.0,19030.0,19085.0,8544
2021-12-16,19200,19690.0,19180.0,19635.0,6202
2021-12-17,19640,19860.0,19595.0,19620.0,5824
2021-12-20,19605,19655.0,19190.0,19300.0,4683
2021-12-21,19350,19650.0,19340.0,19575.0,4637
2021-12-22,19580,19970.0,19565.0,19935.0,5558
2021-12-23,19965,20190.0,19930.0,20050.0,4744
2021-12-24,20055,20190.0,19960.0,19975.0,1976
2021-12-29,19960,20505.0,19900.0,20445.0,5916
2021-12-30,20435,20600.0,20295.0,20495.0,5236
2021-12-31,20525,20820.0,20385.0,20705.0,3048
2022-01-04,20700,21165.0,20425.0,21040.0,10938
2022-01-05,20995,21090.0,20475.0,20680.0,8087
2022-01-06,20620,20620.0,20175.0,20385.0,6366
2022-01-07,20390,20785.0,20345.0,20760.0,5935
2022-01-10,20755,20990.0,20685.0,20780.0,6007
2022-01-11,21200,21850.0,21200.0,21790.0,9586
2022-01-12,21820,22745.0,21630.0,21980.0,15971
2022-01-13,22000,22220.0,21710.0,22175.0,7425
2022-01-14,22150,22935.0,21790.0,22195.0,10805
2022-01-17,22200,22280.0,21715.0,22135.0,6573
2022-01-18,22135,22465.0,21950.0,22060.0,6789
2022-01-19,22075,23230.0,22075.0,23170.0,9344
2022-01-20,23250,24435.0,23110.0,23800.0,15227
2022-01-21,23800,24350.0,23385.0,24150.0,9841
2022-01-24,24085,24180.0,22130.0,22535.0,15238
2022-01-25,22535,22620.0,21955.0,22360.0,10000
2022-01-26,22370,22900.0,22300.0,22750.0,6369
2022-01-27,22635,22775.0,22260.0,22430.0,8387
2022-01-28,22405,22500.0,22150.0,22150.0,5040
2022-01-31,22310,22635.0,21880.0,22210.0,4218
2022-02-01,22300,22950.0,22280.0,22735.0,4649
2022-02-02,22800,22900.0,22565.0,22800.0,3989
2022-02-03,22855,22895.0,22690.0,22800.0,2947
2022-02-04,22890,23000.0,22730.0,22920.0,4552
2022-02-07,22905,23685.0,22645.0,23400.0,9121
2022-02-08,23435,23435.0,22425.0,22715.0,8081
2022-02-09,22765,23350.0,22695.0,23275.0,6550
2022-02-10,23280,23790.0,23210.0,23395.0,8583
2022-02-11,23395,23540.0,22800.0,23235.0,8496
2022-02-14,23275,23850.0,22935.0,23190.0,8893
2022-02-15,23185,23535.0,22760.0,23340.0,6929
2022-02-16,23305,23595.0,23225.0,23450.0,4972
2022-02-17,23410,24055.0,23265.0,23920.0,6852
2022-02-18,23890,24295.0,23810.0,24270.0,4784
2022-02-21,24300,24610.0,23900.0,24410.0,5593
2022-02-22,24405,25135.0,24375.0,24485.0,9770
2022-02-23,24540,24815.0,24250.0,24455.0,7342
2022-02-24,24425,25705.0,23900.0,24260.0,14203
2022-02-25,24550,24685.0,23885.0,24215.0,9695
2022-02-28,24510,25080.0,23970.0,24225.0,8606
2022-03-01,24275,25400.0,24245.0,25330.0,6627
2022-03-02,25225,26505.0,25110.0,25955.0,9131
2022-03-03,25975,27955.0,25920.0,27110.0,11273
2022-03-04,27080,30295.0,27040.0,29085.0,12640
2022-03-07,29770,55000.0,29770.0,50055.0,25362
2022-03-08,49980,101365.0,48000.0,82136.5,9025
2022-03-16,45590,45590.0,43995.0,45590.0,207
2022-03-17,41945,41945.0,41945.0,41945.0,5
2022-03-18,36915,36915.0,36865.0,36915.0,105
2022-03-21,31380,31380.0,31380.0,31380.0,125
2022-03-22,27020,30205.0,27020.0,28290.0,16338
2022-03-23,29700,32380.0,28800.0,32380.0,3519
2022-03-24,34200,37235.0,34100.0,37235.0,2447
2022-03-25,40000,40700.0,34500.0,35500.0,3724
2022-03-28,33005,34490.0,32530.0,32745.0,1628
2022-03-29,32660,32990.0,31785.0,31900.0,2705
2022-03-30,33060,33130.0,32400.0,32500.0,1394
2022-03-31,32495,33745.0,32010.0,32085.0,1905
2022-04-01,32000,34270.0,31940.0,33150.0,1952
2022-04-04,34000,34000.0,32650.0,32700.0,1489
2022-04-05,33245,33850.0,32980.0,33545.0,1644
2022-04-06,33100,34355.0,32810.0,33430.0,1905
2022-04-07,33200,34000.0,32500.0,33700.0,1829
2022-04-08,33710,34185.0,33420.0,33905.0,1464
2022-04-11,33300,33300.0,32405.0,32405.0,1481
2022-04-12,32795,33500.0,32120.0,32510.0,1598
2022-04-13,33420,33420.0,32330.0,32925.0,1447
2022-04-14,33025,33360.0,32800.0,33145.0,1259
2022-04-19,34000,35115.0,32950.0,33705.0,2135
2022-04-20,33620,33755.0,33220.0,33400.0,1039
2022-04-21,33700,34200.0,33315.0,33875.0,1144
2022-04-22,34075,34085.0,33050.0,33150.0,1562
2022-04-25,32690,33180.0,32220.0,32570.0,1657
2022-04-26,32975,33270.0,32530.0,33050.0,1197
2022-04-27,33100,33890.0,33005.0,33635.0,1029
2022-04-28,33240,33495.0,32910.0,32910.0,1054
2022-04-29,33250,33250.0,31700.0,31800.0,1967
2022-05-03,31650,32000.0,30500.0,31145.0,3644
2022-05-04,31155,31155.0,30250.0,30615.0,2772
2022-05-05,31000,31000.0,30000.0,30000.0,2322
2022-05-06,30000,30775.0,29800.0,30250.0,5613
2022-05-09,30110,30190.0,28000.0,28000.0,3330
2022-05-10,28450,28580.0,27625.0,28400.0,2966
2022-05-11,28500,28500.0,27750.0,28000.0,2422
2022-05-12,28000,28380.0,27095.0,28125.0,4657
2022-05-13,27910,27910.0,27080.0,27375.0,2521
2022-05-16,27340,27340.0,26105.0,26965.0,2676
2022-05-17,26900,26900.0,26200.0,26385.0,3115
2022-05-18,26385,26390.0,26105.0,26125.0,4004
2022-05-19,26445,28985.0,26055.0,28440.0,2590
2022-05-20,28060,28220.0,27600.0,27675.0,1733
2022-05-23,27640,27945.0,26110.0,27570.0,1515
2022-05-24,27105,27105.0,26250.0,26480.0,1592
2022-05-25,26265,26965.0,26050.0,26900.0,1549
2022-05-26,26425,27925.0,26425.0,26520.0,1217
2022-05-27,27200,29100.0,27010.0,28375.0,1784
2022-05-30,29000,30610.0,29000.0,29125.0,1778
2022-05-31,29000,29400.0,28195.0,28295.0,1829
2022-06-01,28310,28800.0,27605.0,28110.0,2215
2022-06-06,28700,30010.0,28465.0,29500.0,1881
2022-06-07,29350,29700.0,28600.0,29480.0,1567
2022-06-08,29500,29500.0,28610.0,28610.0,1427
2022-06-09,28625,28675.0,27900.0,27930.0,1834
2022-06-10,27855,27925.0,27045.0,27250.0,1502
2022-06-13,27000,27040.0,25800.0,25805.0,5873
2022-06-14,26095,26095.0,25105.0,25175.0,3293
2022-06-15,25400,26500.0,25260.0,25800.0,2769
2022-06-16,26000,26135.0,25185.0,25280.0,2101
2022-06-17,25325,25810.0,25275.0,25540.0,1474
2022-06-20,25450,26000.0,25275.0,25890.0,1198
2022-06-21,25800,26100.0,25515.0,26050.0,1760
2022-06-22,25390,25390.0,24410.0,24430.0,4615
2022-06-23,24370,24550.0,24000.0,24000.0,3507
2022-06-24,23800,23800.0,21650.0,22100.0,3647
2022-06-27,22945,23655.0,22225.0,22885.0,2434
2022-06-28,23500,23945.0,22805.0,23145.0,1299
2022-06-29,23145,25295.0,22350.0,23700.0,2673
2022-06-30,23950,24100.0,22665.0,22700.0,2239
2022-07-01,22230,22890.0,21200.0,21790.0,2728
2022-07-04,21950,23000.0,21950.0,22625.0,1298
2022-07-05,22450,22950.0,21940.0,22650.0,3094
2022-07-06,22440,22540.0,21580.0,21580.0,2352
2022-07-07,21900,22760.0,21275.0,21360.0,3560
2022-07-08,21305,21970.0,20850.0,21660.0,2000
2022-07-11,21255,21905.0,21030.0,21850.0,1562
2022-07-12,21800,21800.0,21310.0,21310.0,1498
2022-07-13,21710,21710.0,20805.0,21000.0,2105
2022-07-14,20685,20685.0,19190.0,19190.0,3671
2022-07-15,18470,19880.0,18230.0,19660.0,2300
2022-07-18,19850,20875.0,19500.0,20560.0,2073
2022-07-19,20300,21450.0,20005.0,20600.0,2663
2022-07-20,21110,21720.0,20945.0,21105.0,2047
2022-07-21,21350,21600.0,20590.0,21590.0,1842
2022-07-22,21580,22390.0,21460.0,22350.0,1347
2022-07-25,22150,22630.0,20500.0,22000.0,1197
2022-07-26,22710,22805.0,21430.0,21695.0,2623
2022-07-27,21605,22000.0,21310.0,21610.0,1782
2022-07-28,22010,22250.0,21520.0,21755.0,2273
2022-07-29,22015,23945.0,21840.0,23800.0,3294
2022-08-01,23615,25200.0,23445.0,24290.0,3587
2022-08-02,23950,24345.0,22125.0,22300.0,2465
2022-08-03,22500,22715.0,22015.0,22500.0,1504
2022-08-04,22030,22650.0,21815.0,22160.0,1588
2022-08-05,22850,23550.0,22000.0,22390.0,1944
2022-08-08,22000,22285.0,21555.0,21620.0,1528
2022-08-09,21680,21930.0,21375.0,21450.0,1617
2022-08-10,21400,22590.0,21020.0,22400.0,2043
2022-08-11,22810,24085.0,22710.0,23620.0,1781
2022-08-12,24000,24090.0,23015.0,23015.0,1248
2022-08-15,22750,22835.0,21700.0,21940.0,1589
2022-08-16,21950,22640.0,21870.0,22505.0,1279
2022-08-17,22210,22490.0,21820.0,21835.0,1245
2022-08-18,21800,22400.0,21685.0,21735.0,1508
2022-08-19,22580,22630.0,21660.0,22000.0,1507
2022-08-22,22315,22455.0,21910.0,22395.0,1664
2022-08-23,22340,22340.0,21700.0,21785.0,1726
2022-08-24,21690,21845.0,21300.0,21340.0,1687
2022-08-25,21790,21950.0,21325.0,21820.0,2680
2022-08-26,21840,22200.0,21350.0,21710.0,1614
2022-08-30,21115,21780.0,20750.0,21385.0,3041
2022-08-31,21690,21900.0,21295.0,21370.0,2313
2022-09-01,21000,21115.0,20275.0,20415.0,3079
2022-09-02,20300,20775.0,20050.0,20550.0,2024
2022-09-05,20870,21735.0,20770.0,21505.0,2190
2022-09-06,21780,21780.0,21170.0,21580.0,1861
2022-09-07,21450,21800.0,21205.0,21450.0,1893
2022-09-08,21620,21900.0,21280.0,21785.0,1501
2022-09-09,22290,23100.0,22290.0,22960.0,2460
2022-09-12,22965,24710.0,22815.0,24400.0,3084
2022-09-13,23980,25325.0,23840.0,24100.0,4452
2022-09-14,24040,24485.0,23640.0,24230.0,2130
2022-09-15,24300,24460.0,23050.0,23250.0,2343
2022-09-16,23200,24550.0,22995.0,24280.0,1898
2022-09-19,23940,25100.0,23550.0,24500.0,2433
2022-09-20,24600,25200.0,24550.0,24860.0,1578
2022-09-21,25300,25700.0,24550.0,24725.0,2519
2022-09-22,25000,25160.0,24300.0,24300.0,2041
2022-09-23,24250,24250.0,23200.0,23335.0,1895
2022-09-26,23200,23355.0,22050.0,22055.0,3242
2022-09-27,22630,22635.0,21550.0,21650.0,3132
2022-09-28,21495,22200.0,20940.0,22010.0,3334
2022-09-29,21930,23115.0,21640.0,22385.0,3272
2022-09-30,22985,22985.0,21045.0,21240.0,2536
2022-10-03,21100,21855.0,21015.0,21255.0,2132
2022-10-04,21400,22190.0,21260.0,21930.0,1823
2022-10-05,22110,22650.0,21750.0,22590.0,1580
2022-10-06,22780,23200.0,22090.0,22580.0,1872
2022-10-07,22500,22870.0,22260.0,22380.0,1014
2022-10-10,22125,22690.0,22125.0,22380.0,1265
2022-10-11,22350,22565.0,21835.0,22035.0,1388
2022-10-12,21875,22780.0,21660.0,22435.0,1942
2022-10-13,22250,22650.0,21680.0,22320.0,2215
2022-10-14,22425,22795.0,21710.0,21800.0,1685
2022-10-17,21785,21930.0,21470.0,21565.0,1913
2022-10-18,21615,22150.0,21470.0,21810.0,1946
2022-10-19,22050,22340.0,21760.0,21945.0,1438
2022-10-20,22250,22395.0,21735.0,22080.0,1306
2022-10-21,21575,22160.0,21500.0,22145.0,1944
2022-10-24,22100,22575.0,21800.0,22100.0,1196
2022-10-25,22010,22525.0,21875.0,22415.0,1215
2022-10-26,22355,22750.0,22220.0,22525.0,1457
2022-10-27,22500,22710.0,22115.0,22235.0,2225
2022-10-28,21895,22780.0,21815.0,22060.0,2193
2022-10-31,21800,22140.0,21700.0,21900.0,2543
2022-11-01,22560,23790.0,22380.0,23425.0,3952
2022-11-02,23400,24300.0,23250.0,23945.0,4519
2022-11-03,23675,23745.0,22690.0,22710.0,2470
2022-11-04,23160,24290.0,22970.0,23750.0,2638
2022-11-07,23395,23535.0,23015.0,23310.0,2207
2022-11-08,23330,24100.0,23270.0,23760.0,1623
2022-11-09,23800,24800.0,23800.0,24700.0,2790
2022-11-10,24885,26290.0,24400.0,26130.0,3412
2022-11-11,26405,27500.0,26090.0,27350.0,3219
2022-11-14,26250,30960.0,26250.0,28955.0,3774
2022-11-15,29495,31275.0,28115.0,29500.0,3132
2022-11-16,29600,29600.0,26610.0,26700.0,2441
2022-11-17,26920,27450.0,25000.0,25300.0,2313
2022-11-18,25225,26395.0,23900.0,25385.0,2240
2022-11-21,25385,25475.0,24535.0,25040.0,1520
2022-11-22,25300,26670.0,25205.0,26020.0,1636
2022-11-23,26190,26485.0,25660.0,26010.0,829
2022-11-24,26315,26600.0,26085.0,26100.0,400
2022-11-25,26250,26405.0,25370.0,25485.0,925
2022-11-28,25110,25745.0,25000.0,25515.0,889
2022-11-29,26250,27500.0,25645.0,26765.0,1644
2022-11-30,27170,27170.0,25865.0,26805.0,2183
2022-12-01,27170,27700.0,26520.0,27310.0,2176
2022-12-02,27320,28940.0,27155.0,27965.0,1938
2022-12-05,28395,29135.0,28130.0,28340.0,1457
2022-12-06,28720,29365.0,27800.0,28905.0,1613
2022-12-07,29045,32230.0,28610.0,30600.0,2512
2022-12-08,30970,33575.0,29410.0,29410.0,2225
2022-12-09,29950,30670.0,28700.0,28775.0,1238
2022-12-12,29100,30010.0,28825.0,29100.0,1096
2022-12-13,29620,29850.0,28215.0,28250.0,1780
2022-12-14,28500,28965.0,28080.0,28380.0,1501
2022-12-15,28700,29200.0,28250.0,28255.0,1127
2022-12-16,28360,29715.0,28090.0,28265.0,1255
2022-12-19,28265,28400.0,27100.0,27150.0,1501
2022-12-20,27375,29500.0,27280.0,27810.0,1599
2022-12-21,28325,29900.0,27850.0,29675.0,1404
2022-12-22,29510,29820.0,28375.0,29130.0,1305
2022-12-23,29175,30250.0,29100.0,29400.0,995
2022-12-28,30345,31470.0,30100.0,30180.0,1317
2022-12-29,30425,30500.0,29555.0,30000.0,1164
2022-12-30,30800,30950.0,29910.0,29910.0,644
2023-01-03,30000,31975.0,29920.0,31105.0,2255
2023-01-04,31000,31000.0,29190.0,29190.0,2466
2023-01-05,29000,29010.0,27600.0,27765.0,2480
2023-01-06,27510,28980.0,27260.0,28800.0,2626
2023-01-09,28500,29370.0,27320.0,27320.0,2930
2023-01-10,27330,28180.0,27260.0,27270.0,2143
2023-01-11,27945,28155.0,25915.0,25925.0,2922
2023-01-12,26335,27900.0,25970.0,27410.0,3153
2023-01-13,27710,28300.0,26720.0,27000.0,1978
2023-01-16,26915,27500.0,26340.0,27355.0,1388
2023-01-17,27015,27395.0,26500.0,26505.0,1445
2023-01-18,26855,28250.0,26855.0,28055.0,2079
2023-01-19,28325,29520.0,28100.0,29155.0,2867
2023-01-20,29400,29520.0,28295.0,28500.0,1043
2023-01-23,28500,28650.0,27800.0,28400.0,1112
2023-01-24,28620,29340.0,27910.0,28760.0,1449
2023-01-25,28620,29490.0,28615.0,29095.0,1010
2023-01-26,29095,29490.0,28300.0,29455.0,787
2023-01-27,29430,29770.0,28820.0,28900.0,965
2023-01-30,29420,30040.0,29115.0,29650.0,1762
2023-01-31,29550,30535.0,29295.0,30410.0,0
2023-02-01,30730,30730.0,29000.0,29000.0,0
2023-02-02,29000,30000.0,28635.0,30000.0,0
2023-02-03,29950,30195.0,28460.0,28460.0,0
2023-02-06,28465,28465.0,26960.0,27175.0,0
2023-02-07,27220,27555.0,26740.0,27545.0,0
2023-02-08,27795,27900.0,27255.0,27395.0,0
2023-02-09,27645,29225.0,27150.0,29150.0,0
2023-02-10,29000,29130.0,27370.0,27450.0,0
2023-02-13,27245,27375.0,26420.0,26470.0,0
2023-02-14,26570,27105.0,26280.0,26450.0,1937
2023-02-15,26495,26495.0,25990.0,25990.0,1574
2023-02-16,26000,26700.0,25975.0,26595.0,1519
2023-02-17,26460,26465.0,25560.0,25630.0,1498
2023-02-20,26050,27160.0,25850.0,27040.0,1281
2023-02-21,26910,27395.0,26740.0,26740.0,1039
2023-02-22,26320,26680.0,26190.0,26460.0,1037
2023-02-23,26200,26325.0,25260.0,25275.0,2271
2023-02-24,25400,25520.0,24280.0,24330.0,3132
2023-02-27,24505,25570.0,24300.0,25325.0,2040
2023-02-28,25380,25505.0,24440.0,24880.0,2617
2023-03-01,25050,25505.0,24735.0,25000.0,2013
2023-03-02,24810,24895.0,24100.0,24160.0,2030
2023-03-03,24405,24950.0,24160.0,24465.0,1896
2023-03-06,24485,24705.0,24245.0,24445.0,1797
2023-03-07,24395,24475.0,23640.0,24125.0,2661
2023-03-08,24030,24085.0,23590.0,23840.0,2018
2023-03-09,23810,23945.0,23200.0,23200.0,2124
2023-03-10,23000,23230.0,22620.0,22630.0,3026
2023-03-13,22895,23665.0,22705.0,23000.0,2843
2023-03-14,23125,23715.0,22965.0,22980.0,2401
2023-03-15,22955,23400.0,22770.0,22880.0,2583
2023-03-16,23050,23560.0,22800.0,23455.0,2859
2023-03-17,23550,23615.0,23230.0,23450.0,1532
2023-03-20,23270,23270.0,22650.0,22650.0,1751
2023-03-21,22670,22970.0,22395.0,22475.0,2166
2023-03-22,22900,22930.0,22430.0,22655.0,2092
2023-03-23,22535,22735.0,22250.0,22415.0,2178
2023-03-24,22910,23695.0,22910.0,23510.0,2186
2023-03-27,23700,24200.0,22690.0,23660.0,3144
2023-03-28,23875,24310.0,23665.0,23985.0,2020
2023-03-29,24150,24400.0,23575.0,23710.0,2189
2023-03-30,23845,23910.0,22950.0,23005.0,1796
2023-03-31,23200,23895.0,22860.0,23625.0,2535
2023-04-03,23755,24000.0,22855.0,22960.0,2600
2023-04-04,23145,23625.0,22970.0,23050.0,1825
2023-04-05,23140,23340.0,22450.0,22480.0,1729
2023-04-06,22535,23080.0,22335.0,23040.0,1978
2023-04-11,22935,23615.0,22785.0,23495.0,2061
2023-04-12,23480,23680.0,23000.0,23615.0,1822
2023-04-13,23560,23750.0,23325.0,23670.0,1296
2023-04-14,23655,24785.0,23650.0,24515.0,3395
2023-04-17,24525,24995.0,24325.0,24690.0,3247
2023-04-18,24680,25695.0,24345.0,25520.0,3468
2023-04-19,25625,25710.0,24360.0,25500.0,3718
2023-04-20,25460,25950.0,24925.0,25070.0,2630
2023-04-21,25125,25190.0,24280.0,24420.0,2534
2023-04-24,24875,24880.0,23945.0,24230.0,2220
2023-04-25,24325,24510.0,23210.0,23215.0,2835
2023-04-26,23100,23760.0,23100.0,23610.0,2372
2023-04-27,23600,24145.0,23435.0,23965.0,2494
2023-04-28,24005,24315.0,23715.0,24180.0,2293
2023-05-02,24280,25025.0,23870.0,24875.0,2573
2023-05-03,24930,25420.0,24560.0,24600.0,2376
2023-05-04,24685,25220.0,23950.0,23970.0,3058
2023-05-05,24050,24720.0,23815.0,24675.0,2227
2023-05-09,24730,24730.0,23450.0,23475.0,2920
2023-05-10,23535,23675.0,22450.0,22450.0,4472
2023-05-11,22580,22600.0,21710.0,21870.0,4256
2023-05-12,21910,22465.0,21780.0,22210.0,2687
2023-05-15,22290,22390.0,21565.0,21785.0,3206
2023-05-16,21815,21890.0,21000.0,21005.0,2658
2023-05-17,21050,21660.0,20975.0,21475.0,3483
2023-05-18,21340,21410.0,20895.0,20900.0,2686
2023-05-19,20970,21840.0,20900.0,21440.0,2779
2023-05-22,21330,21570.0,21015.0,21280.0,2132
2023-05-23,21400,21500.0,20900.0,20910.0,3218
2023-05-24,21015,21245.0,20700.0,20755.0,3064
2023-05-25,20755,21650.0,20755.0,21065.0,3489
2023-05-26,21045,21690.0,20950.0,21035.0,2528
2023-05-30,21095,21725.0,20950.0,21000.0,3004
2023-05-31,21015,21085.0,20310.0,20585.0,3814
2023-06-01,20455,21420.0,20445.0,21335.0,3661
2023-06-02,21320,21720.0,21000.0,21000.0,2621
2023-06-05,21010,21120.0,20650.0,20810.0,1939
2023-06-06,20840,21200.0,20830.0,20950.0,1876
2023-06-07,21080,21595.0,20830.0,21425.0,2717
2023-06-08,21410,21575.0,20995.0,21055.0,2723
2023-06-09,21105,21650.0,21040.0,21150.0,2434
2023-06-12,21120,21405.0,20720.0,20825.0,2940
2023-06-13,21015,22100.0,20790.0,21950.0,4322
2023-06-14,22095,22900.0,21855.0,22650.0,4164
2023-06-15,22655,23075.0,22215.0,22915.0,3520
2023-06-16,22975,23400.0,22760.0,22970.0,3289
2023-06-19,22860,22860.0,22405.0,22450.0,1507
2023-06-20,22485,22575.0,21895.0,21935.0,2369
2023-06-21,21960,22160.0,21160.0,21240.0,2940
2023-06-22,21360,21550.0,21100.0,21135.0,1682
2023-06-23,21135,21415.0,20895.0,21375.0,1987
2023-06-26,21500,21575.0,20200.0,20370.0,5090
2023-06-27,20470,20865.0,20405.0,20785.0,3638
2023-06-28,20780,20830.0,19925.0,20035.0,3643
2023-06-29,20030,20690.0,19965.0,20540.0,3067
2023-06-30,20565,20800.0,20220.0,20400.0,2400
2023-07-03,20460,20660.0,20300.0,20600.0,1721
2023-07-04,20655,20680.0,20415.0,20510.0,1082
2023-07-05,20650,21250.0,20220.0,21190.0,3687
2023-07-06,21150,21440.0,20925.0,21160.0,2627
2023-07-07,21205,21285.0,20550.0,20775.0,2563
2023-07-10,20760,21065.0,20540.0,20895.0,1809
2023-07-11,20700,21090.0,20600.0,20665.0,2718
2023-07-12,20765,21775.0,20765.0,21575.0,3638
2023-07-13,21525,21590.0,21060.0,21225.0,3041
2023-07-14,21235,21750.0,21090.0,21630.0,2648
2023-07-17,21575,21655.0,20695.0,20880.0,2587
2023-07-18,20915,21215.0,20780.0,21120.0,2156
2023-07-19,21100,21290.0,20805.0,20900.0,2013
2023-07-20,20915,21610.0,20915.0,21285.0,2663
2023-07-21,21210,21450.0,20700.0,20750.0,2756
2023-07-24,20870,21480.0,20680.0,21420.0,2923
2023-07-25,21420,22580.0,21275.0,22420.0,4141
2023-07-26,22400,22425.0,21485.0,21485.0,4100
2023-07-27,21580,21965.0,21475.0,21680.0,2580
2023-07-28,21750,22395.0,21625.0,22170.0,2211
2023-07-31,22315,22400.0,21805.0,22305.0,3181
2023-08-01,22265,22700.0,21975.0,22235.0,3731
2023-08-02,22235,22370.0,21450.0,21550.0,3077
2023-08-03,21655,21690.0,21405.0,21690.0,2132
2023-08-04,21705,21950.0,21060.0,21280.0,3935
2023-08-07,21300,21670.0,21045.0,21125.0,3134
2023-08-08,21305,21310.0,20765.0,20835.0,3544
2023-08-09,20775,21075.0,20480.0,20485.0,4159
2023-08-10,20535,20650.0,20390.0,20400.0,3095
2023-08-11,20440,20710.0,20120.0,20275.0,3923
2023-08-14,20265,20660.0,20025.0,20050.0,3260
2023-08-15,20105,20320.0,19745.0,19745.0,4542
2023-08-16,19810,20235.0,19700.0,19845.0,3525
2023-08-17,19845,20470.0,19770.0,20295.0,2865
2023-08-18,20315,20450.0,20045.0,20130.0,2112
2023-08-21,20170,20330.0,19970.0,20120.0,1974
2023-08-22,20140,20700.0,20140.0,20565.0,2636
2023-08-23,20495,21000.0,20495.0,20860.0,2335
2023-08-24,20900,20935.0,20490.0,20810.0,3012
2023-08-25,20870,21350.0,20720.0,20720.0,2668
2023-08-29,20725,20825.0,20450.0,20600.0,2133
2023-08-30,20675,20765.0,20395.0,20610.0,2126
2023-08-31,20600,20645.0,20270.0,20275.0,2502
2023-09-01,20360,21125.0,20360.0,20975.0,3602
2023-09-04,20980,21075.0,20715.0,20980.0,2516
2023-09-05,21025,21125.0,20870.0,21065.0,2559
2023-09-06,21010,21065.0,20520.0,20535.0,3287
2023-09-07,20540,20610.0,20160.0,20450.0,3551
2023-09-08,20430,20515.0,19960.0,19990.0,2627
2023-09-11,20050,20580.0,19960.0,20460.0,2557
2023-09-12,20465,20470.0,19855.0,19865.0,3220
2023-09-13,19865,20250.0,19615.0,20100.0,3592
2023-09-14,20180,20575.0,20070.0,20230.0,4021
2023-09-15,20290,20360.0,19835.0,19835.0,2551
2023-09-18,19920,20170.0,19775.0,19890.0,2295
2023-09-19,19965,20010.0,19550.0,19950.0,2887
2023-09-20,19950,20200.0,19555.0,19555.0,3992
2023-09-21,19585,19590.0,19100.0,19140.0,4352
2023-09-22,19150,19490.0,19125.0,19350.0,2428
2023-09-25,19350,19450.0,19090.0,19100.0,2048
2023-09-26,19120,19240.0,18775.0,18890.0,2972
2023-09-27,18900,19050.0,18555.0,19045.0,3473
2023-09-28,19070,19345.0,18800.0,18935.0,2522
2023-09-29,19030,19250.0,18650.0,18665.0,2912
2023-10-02,18725,19040.0,18690.0,18790.0,2687
2023-10-03,19000,19030.0,18630.0,18650.0,1999
2023-10-04,18690,18975.0,18605.0,18605.0,2706
2023-10-05,18700,18720.0,18350.0,18380.0,2230
2023-10-06,18360,18670.0,18330.0,18515.0,2358
2023-10-09,18580,18995.0,18360.0,18925.0,2837
2023-10-10,18970,18985.0,18500.0,18580.0,2166
2023-10-11,18690,18695.0,18290.0,18385.0,3006
2023-10-12,18465,18950.0,18320.0,18675.0,3026
2023-10-13,18690,18795.0,18460.0,18580.0,2026
2023-10-16,18740,18880.0,18555.0,18575.0,2675
2023-10-17,18545,18645.0,18360.0,18575.0,1757
2023-10-18,18645,18760.0,18465.0,18555.0,2155
2023-10-19,18470,18675.0,18380.0,18530.0,2211
2023-10-20,18570,18760.0,18190.0,18600.0,3118
2023-10-23,18645,18735.0,18150.0,18210.0,2734
2023-10-24,18255,18410.0,17930.0,18300.0,3339
2023-10-25,18345,18490.0,18170.0,18205.0,2412
2023-10-26,18200,18295.0,17970.0,18005.0,2235
2023-10-27,18065,18435.0,17925.0,18295.0,2535
2023-10-30,18380,18650.0,18310.0,18445.0,2403
2023-10-31,18430,18430.0,18005.0,18070.0,2759
2023-11-01,18080,18185.0,17905.0,17930.0,2907
2023-11-02,18020,18075.0,17885.0,17895.0,3139
2023-11-03,17950,18240.0,17900.0,18180.0,2497
2023-11-06,18215,18495.0,18035.0,18390.0,2628
2023-11-07,18390,18395.0,17660.0,17900.0,4413
2023-11-08,17905,18190.0,17800.0,18010.0,2986
2023-11-09,18050,18090.0,17730.0,17735.0,2230
2023-11-10,17790,17850.0,17190.0,17190.0,4228
2023-11-13,17190,17540.0,17035.0,17355.0,3957
2023-11-14,17400,17590.0,17175.0,17425.0,3985
2023-11-15,17420,17560.0,17310.0,17435.0,2731
2023-11-16,17465,17485.0,16955.0,17115.0,3482
2023-11-17,17100,17220.0,16820.0,17080.0,3647
2023-11-20,17090,17100.0,16710.0,16905.0,3437
2023-11-21,17070,17160.0,16740.0,16930.0,3211
2023-11-22,16945,16975.0,16405.0,16445.0,4817
2023-11-23,16500,16690.0,16280.0,16555.0,3175
2023-11-24,16600,16615.0,15995.0,16120.0,4448
2023-11-27,16130,16240.0,15840.0,16025.0,5168
2023-11-28,16025,16840.0,15995.0,16730.0,6832
2023-11-29,16840,17270.0,16780.0,17200.0,4468
2023-11-30,17105,17105.0,16435.0,16640.0,5171
2023-12-01,16615,17090.0,16470.0,16895.0,4597
2023-12-04,16955,16970.0,16405.0,16640.0,3840
2023-12-05,16680,16680.0,16095.0,16250.0,4075
2023-12-06,16230,16830.0,16180.0,16180.0,4651
2023-12-07,16230,16685.0,16160.0,16600.0,4472
2023-12-08,16650,17070.0,16615.0,16760.0,4693
2023-12-11,16805,16860.0,16455.0,16535.0,2580
2023-12-12,16560,16700.0,16385.0,16480.0,3030
2023-12-13,16485,16575.0,16280.0,16400.0,2636
2023-12-14,16545,17060.0,16510.0,16910.0,4204
2023-12-15,17020,17375.0,16780.0,17040.0,4962
2023-12-18,16625,17080.0,16395.0,16425.0,3457
2023-12-19,16525,16785.0,16340.0,16650.0,3036
2023-12-20,16685,16935.0,16600.0,16775.0,2907
2023-12-21,16775,17050.0,16525.0,16825.0,3656
2023-12-22,16895,17035.0,16460.0,16550.0,3148
2023-12-27,16610,16960.0,16600.0,16860.0,3834
2023-12-28,16895,17025.0,16650.0,16650.0,2654
2023-12-29,16715,16810.0,16400.0,16615.0,3333
2024-01-02,16625,16850.0,16465.0,16530.0,4141
2024-01-03,16575,16685.0,16290.0,16380.0,3502
2024-01-04,16365,16450.0,16030.0,16090.0,4927
2024-01-05,16055,16405.0,15895.0,16305.0,4111
2024-01-08,16340,16475.0,16100.0,16230.0,5022
2024-01-09,16320,16400.0,16115.0,16180.0,4553
2024-01-10,16240,16480.0,16105.0,16370.0,4545
2024-01-11,16405,16565.0,16305.0,16405.0,6088
2024-01-12,16440,16525.0,16180.0,16250.0,3882
2024-01-15,16275,16470.0,16130.0,16140.0,3193
2024-01-16,16100,16255.0,16100.0,16200.0,3416
2024-01-17,16230,16240.0,16000.0,16075.0,4231
2024-01-18,16110,16270.0,16010.0,16125.0,3167
2024-01-19,16270,16345.0,16000.0,16020.0,2862
2024-01-22,16090,16100.0,15920.0,16000.0,4180
2024-01-23,15980,16370.0,15980.0,16260.0,5088
2024-01-24,16255,16700.0,16225.0,16635.0,5553
2024-01-25,16650,16775.0,16450.0,16750.0,4040
2024-01-26,16680,16795.0,16550.0,16550.0,3616
2024-01-29,16565,16630.0,16350.0,16435.0,3774
2024-01-30,16465,16545.0,16255.0,16470.0,4196
2024-01-31,16495,16525.0,16205.0,16220.0,3776
2024-02-01,16245,16345.0,16065.0,16200.0,3565
2024-02-02,16220,16430.0,16175.0,16215.0,3121
2024-02-05,16190,16270.0,15890.0,15965.0,5545
2024-02-06,15960,16135.0,15850.0,15900.0,4377
2024-02-07,15930,16050.0,15850.0,15965.0,3220
2024-02-08,16000,16175.0,15905.0,16090.0,2963
2024-02-09,16085,16140.0,15900.0,15900.0,2378
2024-02-12,15935,16085.0,15935.0,16045.0,1750
2024-02-13,16040,16300.0,16015.0,16230.0,2420
2024-02-14,16225,16575.0,16215.0,16300.0,3930
2024-02-15,16330,16590.0,16205.0,16210.0,3640
2024-02-16,16250,16465.0,16230.0,16350.0,2761
2024-02-19,16350,16475.0,16205.0,16345.0,3514
2024-02-20,16300,16555.0,16230.0,16455.0,3209
2024-02-21,16425,16950.0,16400.0,16795.0,7439
2024-02-22,16800,17430.0,16800.0,17365.0,9452
2024-02-23,17365,17600.0,17265.0,17500.0,7348
2024-02-26,17495,17520.0,17050.0,17075.0,5314
2024-02-27,17100,17545.0,17005.0,17515.0,5037
2024-02-28,17510,17700.0,17260.0,17680.0,6295
2024-02-29,17650,17935.0,17585.0,17840.0,7050
2024-03-01,17830,17880.0,17200.0,17730.0,7905
2024-03-04,17670,17970.0,17435.0,17900.0,5401
2024-03-05,17890,17970.0,17645.0,17645.0,5645
2024-03-06,17675,17750.0,17490.0,17585.0,5268
2024-03-07,17580,18000.0,17550.0,17865.0,4561
2024-03-08,17830,18165.0,17810.0,17960.0,4413
2024-03-11,17900,18480.0,17865.0,17900.0,6206
2024-03-12,18275,18570.0,18085.0,18520.0,6566
2024-03-13,18475,18590.0,18225.0,18290.0,5229
2024-03-14,18285,18425.0,17975.0,18285.0,6156
2024-03-15,18080,18340.0,17900.0,17915.0,4684
2024-03-18,18110,18115.0,17800.0,17825.0,4801
2024-03-19,17825,17930.0,17345.0,17375.0,5794
2024-03-20,17390,17625.0,17265.0,17565.0,5390
2024-03-21,17570,17685.0,17460.0,17500.0,4631
2024-03-22,17535,17535.0,17135.0,17135.0,5583
2024-03-25,17140,17325.0,16880.0,16975.0,6818
2024-03-26,16990,17000.0,16625.0,16655.0,6946
2024-03-27,16665,16690.0,16535.0,16665.0,5773
2024-03-28,16615,16905.0,16540.0,16615.0,4362
2024-04-02,16850,17240.0,16800.0,17005.0,6719
2024-04-03,17050,17485.0,16855.0,17280.0,5535
2024-04-04,17425,17750.0,17285.0,17605.0,4825
2024-04-05,17550,17830.0,17455.0,17720.0,4476
2024-04-08,17700,17940.0,17415.0,17760.0,7654
2024-04-09,17800,18295.0,17620.0,18220.0,8464
2024-04-10,18240,18900.0,18130.0,18440.0,13382
2024-04-11,18455,18455.0,17555.0,17705.0,7846
2024-04-12,17685,18145.0,17630.0,17680.0,6917
2024-04-15,18500,19355.0,17650.0,17915.0,11980
2024-04-16,17950,18055.0,17595.0,17770.0,4610
2024-04-17,17775,18285.0,17660.0,18100.0,4837
2024-04-18,18180,18800.0,18085.0,18510.0,8390
2024-04-19,18545,19480.0,18500.0,19410.0,11026
2024-04-22,19365,19775.0,19020.0,19365.0,9172
2024-04-23,19655,19675.0,18825.0,19055.0,7714
2024-04-24,19025,19325.0,18775.0,18865.0,6003
2024-04-25,18885,19190.0,18710.0,19120.0,4328
2024-04-26,19110,19460.0,19055.0,19200.0,4010
2024-04-29,19200,19390.0,19075.0,19225.0,4346
2024-04-30,19255,19355.0,19025.0,19215.0,4284
2024-05-01,19215,19250.0,18705.0,18755.0,3853
2024-05-02,18810,18975.0,18520.0,18725.0,3385
2024-05-03,18725,19285.0,18720.0,19155.0,3311
2024-05-07,19295,19505.0,18955.0,19095.0,5956
2024-05-08,19295,19295.0,18585.0,18820.0,4936
2024-05-09,18820,19075.0,18660.0,19070.0,3406
2024-05-10,19055,19150.0,18860.0,19060.0,3506
2024-05-13,19020,19250.0,18850.0,19130.0,3273
2024-05-14,19130,19335.0,19000.0,19005.0,4292
2024-05-15,19070,19550.0,18960.0,19070.0,6636
2024-05-16,19500,20140.0,19465.0,20015.0,6552
2024-05-17,20045,21365.0,19980.0,21100.0,11682
2024-05-20,21075,21750.0,21000.0,21335.0,8851
2024-05-21,21335,21690.0,21110.0,21220.0,6227
2024-05-22,21185,21270.0,20300.0,20335.0,6093
2024-05-23,20400,20415.0,19855.0,20400.0,5385
2024-05-24,20095,20355.0,20005.0,20265.0,2779
2024-05-28,20400,20575.0,20290.0,20490.0,4100
2024-05-29,20465,20750.0,20320.0,20475.0,4572
2024-05-30,20475,20480.0,19930.0,20065.0,5258
2024-05-31,20130,20325.0,19560.0,19600.0,4999
2024-06-03,19710,19950.0,19250.0,19435.0,5238
2024-06-04,19555,19615.0,18850.0,18860.0,6007
2024-06-05,18910,19075.0,18240.0,18580.0,10299
2024-06-06,18540,18695.0,18300.0,18560.0,5949
2024-06-07,18570,18690.0,17980.0,18100.0,6752
2024-06-10,18100,18170.0,17860.0,18075.0,4891
2024-06-11,18100,18245.0,17760.0,17990.0,7437
2024-06-12,17990,18175.0,17750.0,17925.0,6162
2024-06-13,17940,18020.0,17600.0,17735.0,6324
2024-06-14,17735,17795.0,17400.0,17580.0,5497
2024-06-17,17610,17740.0,17285.0,17395.0,5653
2024-06-18,17425,17590.0,17200.0,17310.0,5909
2024-06-19,17315,17450.0,17200.0,17320.0,4709
2024-06-20,17310,17570.0,17305.0,17370.0,4380
2024-06-21,17385,17475.0,17160.0,17385.0,4401
2024-06-24,17200,17415.0,17100.0,17200.0,3899
2024-06-25,17245,17390.0,17050.0,17190.0,5319
2024-06-26,17170,17365.0,17040.0,17090.0,6042
2024-06-27,17090,17290.0,16965.0,17260.0,5132
2024-06-28,17225,17330.0,17110.0,17190.0,4171
2024-07-01,17190,17480.0,17180.0,17420.0,4703
2024-07-02,17400,17570.0,16970.0,17005.0,6341
2024-07-03,17005,17600.0,17005.0,17380.0,6424
2024-07-04,17370,17435.0,17110.0,17370.0,2783
2024-07-05,17140,17550.0,17140.0,17330.0,4365
2024-07-08,17330,17500.0,17305.0,17330.0,4260
2024-07-09,17330,17470.0,17115.0,17120.0,4570
2024-07-10,17145,17180.0,16825.0,16825.0,6365
2024-07-11,16860,17310.0,16795.0,16860.0,6542
2024-07-12,16875,17000.0,16770.0,16860.0,4852
2024-07-15,16895,16955.0,16690.0,16725.0,4530
2024-07-16,16740,16835.0,16580.0,16710.0,6082
2024-07-17,16680,16700.0,16435.0,16680.0,4497
2024-07-18,16680,16680.0,16410.0,16680.0,4295
2024-07-19,16450,16480.0,16220.0,16220.0,5278
2024-07-22,16275,16335.0,16070.0,16180.0,5017
2024-07-23,16180,16275.0,16010.0,16180.0,4853
2024-07-24,16060,16115.0,15815.0,15835.0,6612
2024-07-25,15840,15945.0,15600.0,15760.0,6112
2024-07-26,15825,15965.0,15705.0,15795.0,4336
2024-07-29,15850,15960.0,15710.0,15910.0,3556
2024-07-30,15910,16165.0,15795.0,16050.0,5134
2024-07-31,16085,16775.0,16085.0,16475.0,7196
2024-08-01,16560,16680.0,16155.0,16185.0,5649
2024-08-02,16185,16545.0,16150.0,16265.0,4593
2024-08-05,16265,16430.0,15950.0,16180.0,6278
2024-08-06,16180,16450.0,16170.0,16345.0,4529
2024-08-07,16345,16390.0,16180.0,16200.0,4455
2024-08-08,16195,16250.0,16080.0,16175.0,3594
2024-08-09,16175,16465.0,16115.0,16240.0,5032
2024-08-12,16240,16425.0,16080.0,16245.0,4101
2024-08-13,16335,16450.0,16175.0,16375.0,4703
2024-08-14,16385,16455.0,16135.0,16200.0,4217
2024-08-15,16220,16470.0,16170.0,16315.0,4119
2024-08-16,16315,16450.0,16115.0,16375.0,4415
2024-08-19,16375,16795.0,16325.0,16785.0,6712
2024-08-20,16710,17080.0,16545.0,16855.0,9707
2024-08-21,16860,17065.0,16835.0,16835.0,5866
2024-08-22,16870,16920.0,16520.0,16535.0,5291
2024-08-23,16535,16905.0,16520.0,16660.0,5145
2024-08-27,16660,17165.0,16660.0,17105.0,7544
2024-08-28,17105,17125.0,16800.0,16945.0,4773
2024-08-29,17005,17050.0,16910.0,16985.0,4010
2024-08-30,17000,17130.0,16700.0,16700.0,5094
2024-09-02,16725,16745.0,16550.0,16655.0,3290
2024-09-03,16675,16740.0,16295.0,16460.0,7058
2024-09-04,16475,16485.0,16100.0,16150.0,7992
2024-09-05,16165,16195.0,15950.0,16060.0,10028
2024-09-06,16120,16140.0,15860.0,15860.0,6440
2024-09-09,15940,16055.0,15825.0,16005.0,5002
2024-09-10,15985,15985.0,15665.0,15735.0,6168
2024-09-11,15715,16145.0,15690.0,16080.0,6576
2024-09-12,16155,16270.0,16015.0,16030.0,4781
2024-09-13,16075,16145.0,15905.0,15905.0,3538
2024-09-16,15905,16325.0,15835.0,16265.0,4111
2024-09-17,16235,16400.0,16110.0,16115.0,3632
2024-09-18,16115,16325.0,16050.0,16200.0,4004
2024-09-19,16205,16470.0,16110.0,16290.0,5426
2024-09-20,16340,16530.0,16330.0,16450.0,4944
2024-09-23,16450,16555.0,16315.0,16520.0,4900
2024-09-24,16510,16750.0,16450.0,16715.0,5840
2024-09-25,16745,16830.0,16525.0,16765.0,6287
2024-09-26,16740,16870.0,16655.0,16750.0,6076
2024-09-27,16750,17035.0,16730.0,17000.0,6832
2024-09-30,17000,17575.0,16970.0,17490.0,10058
2024-10-01,17490,17795.0,17345.0,17665.0,7323
2024-10-02,17665,18245.0,17640.0,18180.0,9239
2024-10-03,18180,18290.0,17505.0,17755.0,9445
2024-10-04,17770,18045.0,17715.0,17770.0,6982
2024-10-07,17850,18225.0,17815.0,17955.0,6092
2024-10-08,17925,18085.0,17530.0,17730.0,9315
2024-10-09,17685,17880.0,17315.0,17475.0,6688
2024-10-10,17405,17600.0,17305.0,17525.0,4351
2024-10-11,17525,17950.0,17495.0,17860.0,4766
2024-10-14,17855,17885.0,17465.0,17625.0,4279
2024-10-15,17675,17745.0,17315.0,17390.0,5125
2024-10-16,17430,17435.0,17250.0,17330.0,3633
2024-10-17,17365,17435.0,16850.0,16985.0,6547
2024-10-18,17095,17140.0,16830.0,16940.0,4526
2024-10-21,16940,17135.0,16630.0,16635.0,5337
2024-10-22,16635,16690.0,16300.0,16450.0,8048
2024-10-23,16475,16485.0,16150.0,16255.0,7035
2024-10-24,16275,16400.0,16225.0,16260.0,6158
2024-10-25,16260,16330.0,16105.0,16120.0,5671
2024-10-28,16115,16215.0,15930.0,15985.0,6241
2024-10-29,15965,16070.0,15850.0,15885.0,6787
2024-10-30,15900,16080.0,15805.0,15805.0,7217
2024-10-31,15805,15885.0,15705.0,15715.0,6505
2024-11-01,15715,16155.0,15715.0,15915.0,8832
2024-11-04,15915,16150.0,15915.0,16090.0,5126
2024-11-05,16100,16375.0,16040.0,16120.0,8579
2024-11-06,16120,16210.0,15885.0,16175.0,7538
2024-11-07,16165,16650.0,16135.0,16590.0,7988
2024-11-08,16590,16685.0,16310.0,16310.0,6458
2024-11-11,16330,16380.0,16060.0,16060.0,4904
2024-11-12,16125,16150.0,15875.0,15970.0,5878
2024-11-13,15935,15975.0,15715.0,15735.0,5763
2024-11-14,15730,15845.0,15575.0,15705.0,7570
2024-11-15,15680,15865.0,15475.0,15475.0,8495
2024-11-18,15550,15745.0,15460.0,15700.0,5530
2024-11-19,15720,15990.0,15670.0,15785.0,6135
2024-11-20,15830,16140.0,15830.0,15855.0,5110
2024-11-21,15900,16055.0,15660.0,15665.0,6770
2024-11-22,15700,16040.0,15675.0,15810.0,6041
2024-11-25,15915,16290.0,15910.0,16135.0,6217
2024-11-26,16250,16250.0,15930.0,16250.0,5514
2024-11-27,16010,16085.0,15830.0,15880.0,5161
2024-11-28,15885,16125.0,15885.0,16090.0,3449
2024-11-29,16080,16115.0,15880.0,15975.0,4538
2024-12-02,15840,15945.0,15645.0,15725.0,5855
2024-12-03,15765,16095.0,15650.0,15765.0,6500
2024-12-04,16040,16205.0,15995.0,16045.0,4686
2024-12-05,16100,16100.0,15850.0,15880.0,5185
2024-12-06,15970,16125.0,15970.0,15995.0,4124
2024-12-09,16020,16135.0,15915.0,15975.0,5028
2024-12-10,16005,16040.0,15675.0,15760.0,5701
2024-12-11,15770,15890.0,15655.0,15795.0,4606
2024-12-12,15825,16230.0,15825.0,16140.0,7810
2024-12-13,16160,16270.0,15785.0,15850.0,6057
2024-12-16,15875,15880.0,15670.0,15670.0,4820
2024-12-17,15690,15710.0,15495.0,15500.0,5196
2024-12-18,15500,15585.0,15465.0,15540.0,4398
2024-12-19,15540,15540.0,15070.0,15070.0,8900
2024-12-20,15090,15370.0,15065.0,15315.0,5181
2024-12-23,15435,15530.0,15270.0,15395.0,3474
2024-12-24,15390,15575.0,15290.0,15420.0,3093
2024-12-27,15550,15590.0,15215.0,15280.0,4180
2024-12-30,15290,15680.0,15260.0,15465.0,4585
2024-12-31,15460,15510.0,15300.0,15300.0,2565
2025-01-02,15365,15505.0,15040.0,15040.0,4666
2025-01-03,15095,15240.0,14905.0,15135.0,5457
2025-01-06,15180,15360.0,14955.0,15215.0,5820
2025-01-07,15180,15440.0,15140.0,15395.0,5743
2025-01-08,15275,15475.0,15275.0,15435.0,4656
2025-01-09,15425,15510.0,15335.0,15480.0,4926
2025-01-10,15480,15670.0,15460.0,15645.0,5975
2025-01-13,15630,15920.0,15620.0,15880.0,8330
2025-01-14,15900,15965.0,15755.0,15925.0,6663
2025-01-15,15915,15925.0,15760.0,15785.0,5785
2025-01-16,15835,15980.0,15735.0,15930.0,5626
2025-01-17,15920,16115.0,15860.0,16060.0,6962
2025-01-20,16045,16135.0,15810.0,15995.0,4943
2025-01-21,16045,16135.0,15980.0,16045.0,7400
2025-01-22,16045,16080.0,15675.0,15760.0,6500
2025-01-23,15760,15760.0,15560.0,15635.0,5716
2025-01-24,15635,15755.0,15550.0,15580.0,4689
2025-01-27,15595,15830.0,15510.0,15595.0,4697
2025-01-28,15585,15660.0,15370.0,15565.0,4570
2025-01-29,15565,15565.0,15365.0,15400.0,3647
2025-01-30,15450,15470.0,15370.0,15390.0,2968
2025-01-31,15435,15440.0,15160.0,15205.0,4442
2025-02-03,15180,15255.0,15030.0,15075.0,6954
2025-02-04,15075,15340.0,15045.0,15325.0,6306
2025-02-05,15350,15610.0,15240.0,15555.0,6955
2025-02-06,15620,15875.0,15565.0,15865.0,6346
2025-02-07,15845,15845.0,15670.0,15735.0,6259
2025-02-10,15760,15835.0,15470.0,15530.0,5826
2025-02-11,15505,15585.0,15250.0,15475.0,6341
2025-02-12,15490,15500.0,15340.0,15380.0,4152
2025-02-13,15430,15505.0,15240.0,15460.0,5811
2025-02-14,15470,15595.0,15400.0,15415.0,4016
2025-02-17,15430,15550.0,15380.0,15495.0,2870
2025-02-18,15500,15510.0,15300.0,15380.0,5015
2025-02-19,15365,15465.0,15280.0,15395.0,5170
2025-02-20,15420,15725.0,15415.0,15680.0,6478
2025-02-21,15680,15680.0,15405.0,15470.0,5409
2025-02-24,15505,15675.0,15365.0,15370.0,4420
2025-02-25,15370,15435.0,15285.0,15360.0,6458
2025-02-26,15415,15680.0,15340.0,15550.0,6752
2025-02-27,15550,15915.0,15535.0,15785.0,8917
2025-02-28,15785,15845.0,15415.0,15560.0,6588
2025-03-03,15545,16040.0,15525.0,15920.0,9779
2025-03-04,15900,16060.0,15740.0,15950.0,8711
2025-03-05,15980,16160.0,15810.0,15875.0,10874
2025-03-06,15910,16340.0,15910.0,15910.0,8693
2025-03-07,16275,16580.0,16175.0,16275.0,13504
2025-03-10,16410,16720.0,16400.0,16400.0,10904
2025-03-11,16420,16590.0,16355.0,16480.0,8273
2025-03-12,16480,16770.0,16450.0,16695.0,7789
2025-03-13,16690,16700.0,16360.0,16435.0,8142
2025-03-14,16485,16780.0,16440.0,16550.0,8382
2025-03-17,16555,16685.0,16320.0,16410.0,7061
2025-03-18,16380,16470.0,16160.0,16255.0,7376
2025-03-19,16240,16620.0,16230.0,16385.0,6933
2025-03-20,16395,16415.0,16055.0,16215.0,6994
2025-03-21,16260,16310.0,16040.0,16195.0,4803
2025-03-24,16155,16240.0,16005.0,16005.0,3909
2025-03-25,16010,16285.0,15965.0,16220.0,6702
2025-03-26,16205,16330.0,16030.0,16180.0,5588
2025-03-27,16225,16330.0,16110.0,16230.0,4639
2025-03-28,16245,16480.0,16245.0,16380.0,5757
2025-03-31,16245,16405.0,15905.0,15920.0,9054
2025-04-01,15920,16215.0,15920.0,16130.0,7037
2025-04-02,16155,16170.0,15955.0,15955.0,5671
2025-04-03,15955,15985.0,15690.0,15715.0,9649
2025-04-04,15730,15735.0,14595.0,14645.0,13807
2025-04-07,14480,14905.0,13865.0,14420.0,23094
2025-04-08,14470,14665.0,14100.0,14150.0,12205
2025-04-09,14150,14500.0,14000.0,14410.0,11773
2025-04-10,14410,14895.0,14405.0,14675.0,8678
2025-04-11,14745,15345.0,14700.0,15020.0,11259
2025-04-14,15075,15560.0,15075.0,15320.0,8201
2025-04-15,15340,15700.0,15325.0,15540.0,9584
2025-04-16,15565,15780.0,15390.0,15590.0,9128
2025-04-17,15650,15765.0,15575.0,15650.0,6079
2025-04-22,15670,15790.0,15595.0,15755.0,5202
2025-04-23,15785,15840.0,15555.0,15570.0,6275
2025-04-24,15560,15880.0,15560.0,15870.0,6641
2025-04-25,15840,15875.0,15450.0,15450.0,8133
2025-04-28,15495,15735.0,15455.0,15640.0,6449
2025-04-29,15670,15670.0,15525.0,15605.0,4550
2025-04-30,15590,15635.0,15330.0,15330.0,6467
2025-05-01,15335,15460.0,15180.0,15225.0,5181
2025-05-02,15255,15630.0,15225.0,15430.0,5052
2025-05-06,15490,15710.0,15490.0,15655.0,6196
2025-05-07,15655,15750.0,15470.0,15580.0,5345
2025-05-08,15550,15625.0,15460.0,15535.0,4264
2025-05-09,15575,15850.0,15495.0,15825.0,6906
2025-05-12,15845,15905.0,15550.0,15560.0,8403
2025-05-13,15565,15755.0,15470.0,15705.0,6081
2025-05-14,15725,15980.0,15695.0,15780.0,7779
2025-05-15,15795,15825.0,15555.0,15780.0,5869
2025-05-16,15805,15855.0,15565.0,15605.0,5502
2025-05-19,15590,15695.0,15415.0,15500.0,5469
2025-05-20,15510,15605.0,15375.0,15510.0,4344
2025-05-21,15535,15690.0,15455.0,15620.0,3693
2025-05-22,15605,15625.0,15405.0,15490.0,4328
2025-05-23,15515,15640.0,15390.0,15570.0,4148
2025-05-27,15565,15570.0,15260.0,15380.0,6094
2025-05-28,15415,15425.0,15000.0,15075.0,9984
2025-05-29,15075,15400.0,15075.0,15375.0,8752
2025-05-30,15355,15460.0,15195.0,15260.0,5474
2025-06-02,15315,15565.0,15250.0,15505.0,5934
2025-06-03,15475,15490.0,15315.0,15440.0,4752
2025-06-04,15450,15535.0,15330.0,15330.0,3878
2025-06-05,15365,15560.0,15345.0,15430.0,7618
2025-06-06,15470,15540.0,15410.0,15490.0,5148
2025-06-09,15460,15560.0,15330.0,15360.0,5387
2025-06-10,15360,15420.0,15250.0,15310.0,4922
2025-06-11,15305,15405.0,15130.0,15145.0,6231
2025-06-12,15175,15240.0,15070.0,15100.0,5265
2025-06-13,15135,15200.0,15070.0,15100.0,5042
2025-06-16,15115,15275.0,15025.0,15040.0,6139
2025-06-17,15040,15070.0,14900.0,14900.0,6171
2025-06-18,14925,15100.0,14925.0,15055.0,6368
2025-06-19,15070,15140.0,15000.0,15005.0,3629
2025-06-20,15050,15080.0,14915.0,15045.0,3984
2025-06-23,15070,15070.0,14780.0,14810.0,6030
2025-06-24,14850,15015.0,14790.0,14905.0,6237
2025-06-25,14905,15095.0,14905.0,15075.0,4395
2025-06-26,15075,15270.0,15070.0,15145.0,6467
2025-06-27,15160,15300.0,15140.0,15190.0,5872
2025-06-30,15190,15260.0,15110.0,15120.0,4277
2025-07-01,15155,15250.0,15125.0,15190.0,5123
2025-07-02,15195,15345.0,15165.0,15335.0,6492
2025-07-03,15330,15480.0,15295.0,15355.0,7759
2025-07-04,15355,15445.0,15255.0,15255.0,4146
2025-07-07,15255,15325.0,15070.0,15130.0,5894
2025-07-08,15135,15185.0,15000.0,15005.0,5569
2025-07-09,15000,15060.0,14940.0,14970.0,5828
2025-07-10,14995,15310.0,14990.0,15260.0,7644
2025-07-11,15290,15345.0,15125.0,15220.0,5202
2025-07-14,15210,15265.0,15005.0,15065.0,5822
2025-07-15,15075,15250.0,14965.0,15215.0,6736
2025-07-16,15215,15260.0,14960.0,14975.0,6367
2025-07-17,15015,15115.0,14910.0,15045.0,6261
2025-07-18,15080,15245.0,15045.0,15230.0,5401
2025-07-21,15245,15585.0,15195.0,15470.0,11524
2025-07-22,15490,15580.0,15385.0,15515.0,7917
2025-07-23,15510,15605.0,15430.0,15550.0,7973
2025-07-24,15580,15640.0,15345.0,15430.0,7265
2025-07-25,15450,15605.0,15145.0,15225.0,7338
2025-07-28,15225,15335.0,15160.0,15230.0,4026
2025-07-29,15230,15330.0,15130.0,15290.0,5492
2025-07-30,15330,15330.0,15015.0,15060.0,6259
2025-07-31,15060,15110.0,14885.0,14945.0,9793
2025-08-01,14945,15020.0,14760.0,14990.0,10575
2025-08-04,14995,15175.0,14945.0,15080.0,5318
2025-08-05,15115,15150.0,14930.0,15050.0,5489
2025-08-06,15090,15235.0,15050.0,15105.0,5364
2025-08-07,15130,15250.0,15100.0,15115.0,4843
2025-08-08,15140,15225.0,15060.0,15085.0,4964
2025-08-11,15115,15365.0,15105.0,15310.0,6382
2025-08-12,15310,15360.0,15185.0,15315.0,5126
2025-08-13,15315,15380.0,15215.0,15215.0,4258
2025-08-14,15215,15315.0,15005.0,15050.0,7242
2025-08-15,15045,15195.0,15010.0,15160.0,5645
2025-08-18,15165,15180.0,15050.0,15140.0,4934
2025-08-19,15165,15180.0,14985.0,15035.0,6269
2025-08-20,15050,15060.0,14910.0,15015.0,6564
2025-08-21,15025,15055.0,14920.0,14940.0,4286
2025-08-22,14955,15115.0,14895.0,14975.0,7280
2025-08-26,14975,15320.0,14975.0,15250.0,8090
2025-08-27,15250,15370.0,15070.0,15175.0,6924
2025-08-28,15190,15305.0,15115.0,15290.0,5419
2025-08-29,15280,15440.0,15210.0,15360.0,8162
2025-09-01,15360,15520.0,15360.0,15430.0,6794
2025-09-02,15425,15465.0,15180.0,15240.0,7740
2025-09-03,15240,15380.0,15200.0,15270.0,5284
2025-09-04,15270,15270.0,15150.0,15230.0,4674
2025-09-05,15235,15380.0,15185.0,15280.0,5184
2025-09-08,15275,15430.0,15180.0,15180.0,5565
2025-09-09,15210,15245.0,15090.0,15105.0,6649
2025-09-10,15135,15195.0,15055.0,15145.0,5174
2025-09-11,15150,15255.0,15055.0,15220.0,6371
2025-09-12,15220,15400.0,15155.0,15360.0,7186
2025-09-15,15345,15535.0,15320.0,15385.0,9461
2025-09-16,15410,15450.0,15365.0,15415.0,5322
2025-09-17,15430,15460.0,15200.0,15395.0,6535
2025-09-18,15385,15395.0,15210.0,15315.0,5979
2025-09-19,15340,15375.0,15235.0,15260.0,4729
2025-09-22,15300,15350.0,15200.0,15200.0,4139
2025-09-23,15220,15375.0,15160.0,15320.0,5221
2025-09-24,15315,15445.0,15270.0,15415.0,6383
2025-09-25,15405,15510.0,15225.0,15240.0,9315
2025-09-26,15260,15275.0,15150.0,15155.0,5802
2025-09-29,15185,15345.0,15175.0,15295.0,6648
2025-09-30,15300,15315.0,15190.0,15215.0,4355
2025-10-01,15255,15280.0,15155.0,15170.0,4547
2025-10-02,15180,15350.0,15160.0,15255.0,5284
2025-10-03,15335,15490.0,15300.0,15420.0,5500
2025-10-06,15375,15495.0,15315.0,15440.0,4347
2025-10-07,15440,15530.0,15425.0,15450.0,6739
2025-10-08,15460,15480.0,15310.0,15370.0,5581
2025-10-09,15335,15620.0,15285.0,15455.0,14199
2025-10-10,15460,15460.0,15145.0,15210.0,10693
2025-10-13,15225,15340.0,15155.0,15175.0,7033
2025-10-14,15180,15210.0,15100.0,15100.0,9418
2025-10-15,15135,15255.0,15110.0,15125.0,6394
2025-10-16,15160,15290.0,15130.0,15230.0,5857
2025-10-17,15275,15290.0,15080.0,15110.0,6830
2025-10-20,15110,15240.0,15100.0,15215.0,4439
2025-10-21,15200,15265.0,15145.0,15175.0,4569
2025-10-22,15175,15215.0,15105.0,15125.0,4688
2025-10-23,15155,15395.0,15140.0,15335.0,7405
2025-10-24,15345,15385.0,15245.0,15320.0,6135
2025-10-27,15370,15420.0,15210.0,15325.0,6048
2025-10-28,15305,15325.0,15150.0,15235.0,6160
2025-10-29,15270,15445.0,15240.0,15400.0,6659
2025-10-30,15390,15390.0,15170.0,15240.0,6441
2025-10-31,15245,15270.0,15175.0,15230.0,5196
2025-11-03,15240,15295.0,15100.0,15115.0,6401
2025-11-04,15125,15165.0,15050.0,15060.0,9941
2025-11-05,15065,15135.0,15010.0,15015.0,9554
2025-11-06,15015,15175.0,15015.0,15055.0,7048
2025-11-07,15060,15115.0,15005.0,15015.0,5095
2025-11-10,15055,15180.0,15045.0,15100.0,5928
2025-11-11,15110,15125.0,15000.0,15015.0,6426
2025-11-12,15015,15075.0,14975.0,15015.0,6552
2025-11-13,15025,15080.0,14950.0,14950.0,6274
2025-11-14,14950,14985.0,14775.0,14875.0,10208
2025-11-17,14870,14880.0,14630.0,14675.0,9732
2025-11-18,14650,14665.0,14520.0,14635.0,9088
2025-11-19,14630,14705.0,14590.0,14630.0,7480
2025-11-20,14630,14670.0,14410.0,14455.0,9418
2025-11-21,14450,14635.0,14330.0,14605.0,7897
2025-11-24,14580,14750.0,14545.0,14720.0,9025
2025-11-25,14715,14930.0,14660.0,14905.0,9756
2025-11-26,14895,14915.0,14795.0,14820.0,6918
2025-11-27,14825,14860.0,14780.0,14830.0,3727
2025-11-28,14835,14900.0,14775.0,14795.0,5193
2025-12-01,14795,14975.0,14795.0,14875.0,8443
2025-12-02,14875,14940.0,14735.0,14740.0,6185
2025-12-03,14770,14940.0,14770.0,14875.0,8498
2025-12-04,14890,14945.0,14855.0,14885.0,5355
2025-12-05,14890,14970.0,14840.0,14945.0,6469
2025-12-08,14940,14960.0,14825.0,14885.0,5953
2025-12-09,14875,14895.0,14715.0,14740.0,6426
2025-12-10,14745,14825.0,14640.0,14650.0,5208
2025-12-11,14675,14750.0,14540.0,14595.0,6906
2025-12-12,14625,14725.0,14560.0,14585.0,8139
2025-12-15,14570,14605.0,14235.0,14295.0,12038
2025-12-16,14280,14350.0,14250.0,14255.0,7580
2025-12-17,14255,14490.0,14255.0,14365.0,8126
2025-12-18,14385,14665.0,14365.0,14630.0,9240
2025-12-19,14655,14920.0,14610.0,14880.0,12620
2025-12-22,14870,15300.0,14855.0,15250.0,18842
2025-12-23,15285,15980.0,15160.0,15635.0,31627
2025-12-24,15725,15970.0,15505.0,15655.0,15851
2025-12-29,15655,16025.0,15540.0,15755.0,21423
2025-12-30,15795,16855.0,15760.0,16765.0,26261
2025-12-31,16710,16850.0,16265.0,16740.0,10691
2026-01-02,16680,16950.0,16680.0,16760.0,9282
2026-01-05,16850,17350.0,16700.0,17280.0,19338
2026-01-06,16850,18785.0,16850.0,18425.0,35905
2026-01-07,18475,18800.0,17570.0,17650.0,34795
2026-01-08,17745,18160.0,16835.0,17065.0,26507
2026-01-09,17095,17925.0,16925.0,17700.0,16036
2026-01-12,17870,18280.0,17460.0,18040.0,15534
2026-01-13,17975,18190.0,17560.0,17600.0,13756
2026-01-14,17600,18905.0,17540.0,18765.0,28601
2026-01-15,18725,18810.0,17915.0,18565.0,19200
2026-01-16,18460,18760.0,17500.0,17795.0,16270
2026-01-19,17835,18195.0,17825.0,18130.0,10312
2026-01-20,18125,18155.0,17525.0,17740.0,10995
2026-01-21,17515,18155.0,17515.0,17975.0,8798
2026-01-22,17960,18175.0,17800.0,18080.0,7368
2026-01-23,18140,18880.0,18105.0,18675.0,15778
2026-01-26,18735,19160.0,18395.0,18585.0,13415
2026-01-27,18460,18730.0,18045.0,18220.0,11612
2026-01-28,18235,18645.0,18045.0,18330.0,11346
2026-01-29,18490,19150.0,18215.0,18475.0,20165
2026-01-30,18475,18475.0,17355.0,17555.0,16619
2026-02-02,17555,17610.0,16495.0,17020.0,18996
2026-02-03,17070,17520.0,16990.0,17380.0,10146
2026-02-04,17420,17680.0,17250.0,17310.0,8537
2026-02-05,17400,17440.0,16870.0,17040.0,8636
2026-02-06,16860,17235.0,16620.0,17225.0,9287
2026-02-09,17250,17545.0,17110.0,17405.0,6021
2026-02-10,17400,17695.0,17075.0,17530.0,7577
2026-02-11,17520,18070.0,17520.0,18020.0,10758
2026-02-12,18000,18070.0,17220.0,17245.0,11249
2026-02-13,17245,17405.0,16870.0,16975.0,7132
2026-02-16,16905,17195.0,16870.0,17115.0,3855
2026-02-17,17115,17180.0,16800.0,16825.0,4254
2026-02-18,16825,17475.0,16825.0,17415.0,5450
2026-02-19,17425,17520.0,17135.0,17285.0,3556
2026-02-20,17285,17475.0,17225.0,17405.0,4589
2026-02-23,17400,17645.0,17155.0,17285.0,7197
2026-02-24,17310,18060.0,17310.0,17910.0,11440
2026-02-25,17940,18155.0,17655.0,17940.0,12807
2026-02-26,18045,18045.0,17590.0,17700.0,7959
2026-02-27,17750,18025.0,17580.0,17665.0,7811
2026-03-02,17665,17925.0,17120.0,17200.0,9218
2026-03-03,17235,17660.0,17035.0,17135.0,11835
2026-03-04,17195,17730.0,17180.0,17550.0,10099
2026-03-05,17635,17665.0,17135.0,17210.0,5859
2026-03-06,17180,17535.0,17120.0,17455.0,5884
2026-03-09,17455,17600.0,16825.0,17405.0,11225
2026-03-10,17480,17710.0,17340.0,17515.0,6279
2026-03-11,17515,17780.0,17300.0,17705.0,5890
2026-03-12,17720,17780.0,17455.0,17745.0,5425
2026-03-13,17745,17820.0,17240.0,17295.0,6233
2026-03-16,17305,17590.0,17125.0,17485.0,5088
2026-03-17,17450,17545.0,17155.0,17250.0,6917
2026-03-18,17255,17360.0,17035.0,17155.0,6474
2026-03-19,17090,17090.0,16380.0,17045.0,21826
2026-03-20,17085,17280.0,16830.0,16860.0,7053
2026-03-23,16850,17340.0,16700.0,17165.0,11954
2026-03-24,17075,17140.0,16810.0,16955.0,6739
2026-03-25,17035,17640.0,17020.0,17340.0,12128
2026-03-26,17365,17450.0,17120.0,17155.0,5490
2026-03-27,17195,17435.0,17085.0,17215.0,4824
2026-03-30,17165,17390.0,17075.0,17295.0,5512
2026-03-31,17295,17310.0,17025.0,17180.0,8122
2026-04-01,17200,17465.0,17050.0,17270.0,9788
2026-04-02,17225,17280.0,16975.0,17075.0,5550
2026-04-07,17150,17270.0,16835.0,17010.0,7848
2026-04-08,17135,17435.0,17125.0,17250.0,8259
2026-04-09,17240,17320.0,17055.0,17215.0,5118
2026-04-10,17215,17330.0,17065.0,17290.0,5208
2026-04-13,17290,17810.0,17090.0,17725.0,12932
2026-04-14,17725,18235.0,17640.0,18175.0,12718
2026-04-15,18175,18400.0,18085.0,18210.0,12194
2026-04-16,18230,18400.0,18120.0,18275.0,5584
2026-04-17,18260,18655.0,17850.0,17985.0,12659
2026-04-20,18100,18415.0,18020.0,18235.0,6947
2026-04-21,18235,18350.0,18025.0,18145.0,6737
2026-04-22,18255,18520.0,18200.0,18455.0,6466
2026-04-23,18470,18785.0,18145.0,18755.0,12895
2026-04-24,18700,19145.0,18605.0,19105.0,10921
2026-04-27,19090,19540.0,19050.0,19140.0,11943
2026-04-28,19170,19565.0,19010.0,19425.0,10834
2026-04-29,19480,19620.0,19160.0,19215.0,7247
2026-04-30,19270,19520.0,19175.0,19355.0,6327
2026-05-01,19455,19645.0,19260.0,19375.0,6474
2026-05-05,19350,19675.0,19205.0,19605.0,5398
2026-05-06,19630,20000.0,19125.0,19185.0,13348
2026-05-07,19150,19385.0,18925.0,19095.0,9156
2026-05-08,19070,19140.0,18775.0,18930.0,6387
2026-05-11,18920,19305.0,18895.0,19250.0,8194
2026-05-12,19280,19355.0,18750.0,18905.0,8802
2026-05-13,19015,19260.0,18965.0,19160.0,5973
2026-05-14,19180,19220.0,18775.0,18920.0,7900
2026-05-15,18940,18940.0,18405.0,18560.0,8649
2026-05-18,18525,18670.0,18310.0,18550.0,6213
2026-05-19,18625,19165.0,18420.0,18785.0,12388
2026-05-20,18825,19000.0,18590.0,18860.0,7035
2026-05-21,18940,18985.0,18590.0,18760.0,5044
2026-05-22,18760,18950.0,18660.0,18880.0,4861
2026-05-26,18880,19055.0,18555.0,19010.0,8234
2026-05-27,19035,19170.0,18755.0,18890.0,7684
2026-05-28,18875,19130.0,18740.0,19065.0,5810
2026-05-29,19050,19135.0,18925.0,18950.0,6391
2026-06-01,18970,19360.0,18950.0,19225.0,8100
2026-06-02,19225,19395.0,19040.0,19210.0,6411
2026-06-03,19245,19260.0,18775.0,18815.0,7598
2026-06-04,18830,18830.0,18545.0,18630.0,7949
2026-06-05,18640,18785.0,18480.0,18640.0,8132
2026-06-08,18590,18770.0,18240.0,18380.0,9466
2026-06-09,18370,18400.0,17985.0,17990.0,9940
2026-06-10,18100,18100.0,17500.0,17735.0,12608
2026-06-11,17705,17845.0,17595.0,17790.0,5803
2026-06-12,17760,17930.0,17720.0,17785.0,6059
2026-06-15,17785,18190.0,17765.0,17815.0,7621
2026-06-16,17825,18030.0,17765.0,17940.0,6335
2026-06-17,17920,18185.0,17900.0,18065.0,5295
2026-06-18,17980,18030.0,17785.0,17785.0,4240
2026-06-19,17825,17885.0,17515.0,17535.0,4653
2026-06-22,17595,17890.0,17510.0,17710.0,6176
2026-06-23,17715,17720.0,17085.0,17210.0,11056
2026-06-24,17210,17320.0,16660.0,16790.0,16547
2026-06-25,16790,17010.0,16780.0,16865.0,8695
2026-06-26,16835,16870.0,16580.0,16800.0,11699
2026-06-29,16795,16885.0,16260.0,16375.0,10526
2026-06-30,16300,16620.0,16185.0,16315.0,14583
2026-07-01,16315,16555.0,16160.0,16365.0,9987
2026-07-02,16345,16410.0,16135.0,16295.0,7971
2026-07-03,16295,16660.0,16295.0,16345.0,7903
2026-07-06,16385,16500.0,16215.0,16490.0,6386
2026-07-07,16475,16520.0,16270.0,16270.0,5458
2026-07-08,16270,16470.0,16205.0,16395.0,8460
2026-07-09,16385,16620.0,16215.0,16590.0,7957
2026-07-10,16545,16780.0,16470.0,16655.0,6408
2026-07-13,16680,16835.0,16495.0,16735.0,7937
2026-07-14,16710,16925.0,16710.0,16730.0,5608
2026-07-15,16730,16900.0,16620.0,16830.0,5024
2026-07-16,16845,17370.0,16760.0,17110.0,10712
2026-07-17,17115,17150.0,16715.0,17115.0,7286
