date,open,high,low,close,volume
2015-01-05,8.22,8.46,7.92,8.24,3000855.72
2015-01-06,8.02,8.52,7.98,8.4,2071232.78
2015-01-07,8.3,9.27,8.15,9.27,2891643.49
2015-01-08,9.52,10.23,9.22,9.62,4977010.38
2015-01-09,9.28,9.67,9.07,9.13,3213530.52
2015-01-12,8.82,8.93,8.42,8.52,1918340.72
2015-01-13,8.66,9.2,8.59,8.78,2824802.6
2015-01-14,8.87,9.0,8.42,8.88,1751803.16
2015-01-15,8.85,9.07,8.61,8.97,1459758.61
2015-01-16,9.62,9.82,9.22,9.27,3301714.51
2015-01-19,8.52,9.0,8.35,8.6,2161419.56
2015-01-20,8.72,9.01,8.61,8.9,1602107.23
2015-01-21,8.94,9.68,8.81,9.6,2376310.86
2015-01-22,9.63,9.66,9.34,9.51,1808122.4
2015-01-23,9.53,10.49,9.43,10.0,3594371.35
2015-01-26,10.07,10.8,9.87,10.52,2965725.84
2015-01-27,10.6,10.98,10.05,10.73,3195683.88
2015-01-28,10.47,10.61,10.28,10.36,1663013.92
2015-01-29,10.62,11.38,10.41,11.17,3131312.23
2015-01-30,11.17,11.19,10.58,10.65,2362928.88
2015-02-02,9.83,10.32,9.72,9.85,1792090.08
2015-02-03,9.96,10.2,9.84,10.08,1182611.83
2015-02-04,10.19,10.44,9.92,10.11,1560661.91
2015-02-05,10.32,10.37,9.76,9.91,1486207.88
2015-02-06,9.93,10.12,9.78,9.98,1186549.74
2015-02-09,9.92,9.93,8.95,9.07,1904125.23
2015-02-10,9.01,9.3,8.78,9.29,935464.31
2015-02-11,9.3,9.44,9.22,9.34,797909.28
2015-02-12,9.37,9.46,9.06,9.31,1018617.14
2015-02-13,9.31,9.7,9.18,9.51,1326609.32
2015-02-16,9.54,9.54,9.36,9.41,1065810.22
2015-02-17,9.43,9.49,9.37,9.42,781001.41
2015-02-25,9.42,9.47,9.23,9.29,639663.57
2015-02-26,9.27,9.62,9.12,9.61,1362913.99
2015-02-27,9.62,9.91,9.52,9.83,1533801.28
2015-03-02,9.93,10.14,9.71,10.06,1549608.93
2015-03-03,10.01,10.82,9.85,10.26,2532637.03
2015-03-04,10.47,10.72,10.12,10.36,1851230.31
2015-03-05,10.27,10.3,9.77,9.96,1629951.33
2015-03-06,9.93,10.07,9.82,9.85,759556.65
2015-03-09,9.82,9.88,9.49,9.86,970200.02
2015-03-10,9.86,10.22,9.68,10.07,1269530.43
2015-03-12,10.6,11.05,10.12,10.38,2929181.0
2015-03-13,10.36,10.36,10.12,10.27,1362951.83
2015-03-16,10.28,10.47,10.26,10.45,1426497.28
2015-03-17,10.51,10.69,10.38,10.55,1946030.19
2015-03-18,10.5,10.7,10.4,10.64,2217333.32
2015-03-19,10.65,11.06,10.45,10.81,3172811.83
2015-03-20,10.81,10.91,10.52,10.59,2409714.48
2015-03-23,10.5,10.69,10.43,10.63,2288302.09
2015-03-24,10.9,11.22,10.62,11.07,4213259.55
2015-03-25,11.03,11.03,10.62,10.74,2381824.69
2015-03-26,10.68,10.71,10.44,10.5,1596839.67
2015-03-27,10.51,10.6,10.45,10.5,1175914.95
2015-03-30,10.71,11.06,10.67,10.95,3236441.72
2015-03-31,10.97,10.97,10.59,10.64,2468035.06
2015-04-01,10.62,10.96,10.59,10.78,1992641.28
2015-04-02,10.78,11.57,10.73,11.43,4510283.46
2015-04-03,11.22,11.41,11.03,11.31,3311793.75
2015-04-07,11.31,11.77,11.22,11.43,3106457.39
2015-04-08,11.48,11.75,11.22,11.49,3161176.21
2015-04-09,11.71,11.74,11.23,11.69,3765044.73
2015-04-10,11.52,11.8,11.48,11.65,2382969.95
2015-04-13,11.72,11.72,11.37,11.56,2247474.71
2015-04-14,11.58,12.27,11.4,12.13,4351660.13
2015-04-15,12.13,12.2,11.62,11.73,2920178.39
2015-04-16,12.47,12.93,12.3,12.93,2759424.85
2015-04-17,14.25,14.25,14.25,14.25,236047.33
2015-04-20,15.7,15.7,14.73,15.7,9353401.11
2015-04-21,15.97,16.16,14.58,15.46,6136502.88
2015-04-22,16.73,17.03,16.72,17.03,1124681.74
2015-04-23,18.62,18.76,17.72,18.71,7829885.9
2015-04-24,17.72,19.61,17.42,18.47,5583961.43
2015-04-27,18.32,19.22,17.84,18.87,5047689.45
2015-04-28,18.33,18.91,17.71,17.75,3931716.43
2015-04-29,17.22,17.67,16.59,17.25,3019943.12
2015-04-30,17.28,18.64,17.12,17.91,3293009.25
2015-05-04,17.49,17.71,17.06,17.28,2319787.97
2015-05-05,17.25,17.6,16.02,16.13,2550640.46
2015-05-06,16.13,16.61,15.32,16.0,2287055.3
2015-05-07,16.22,16.81,16.02,16.16,2451723.89
2015-05-08,16.2,16.57,15.69,16.43,2098736.67
2015-05-11,16.54,18.1,16.22,18.1,3673390.43
2015-05-12,18.91,19.94,18.72,19.94,4721858.61
2015-05-13,20.6,21.31,18.83,19.1,7110084.11
2015-05-14,18.5,20.72,18.32,19.95,5042051.21
2015-05-15,19.6,20.72,18.86,19.82,3590613.85
2015-05-18,19.55,21.64,19.32,20.6,4699592.78
2015-05-19,20.15,20.77,19.95,20.62,3126392.76
2015-05-20,20.74,21.58,20.22,20.41,3693108.06
2015-05-21,20.12,21.62,19.57,21.29,4074331.97
2015-05-22,21.87,22.29,21.04,21.42,4176716.71
2015-05-25,21.44,23.02,21.35,22.62,4214685.96
2015-05-26,22.56,24.58,22.21,23.61,4076110.65
2015-05-27,23.5,24.72,22.73,23.78,3815866.44
2015-05-28,24.22,24.72,21.37,21.52,4267011.76
2015-05-29,21.32,22.32,19.53,21.4,3268120.23
2015-06-01,21.72,23.21,21.72,22.89,2932715.96
2015-06-02,23.33,24.02,22.1,22.84,3072987.43
2015-06-03,22.85,22.85,21.52,21.89,2572968.49
2015-06-04,21.89,22.27,19.82,21.73,1759361.01
2015-06-05,22.14,22.4,21.34,21.95,2118323.76
2015-06-08,22.0,22.71,21.42,22.46,2569882.86
2015-06-09,22.8,24.72,22.8,24.72,4515336.65
2015-06-10,23.34,23.87,22.62,22.64,3542088.75
2015-06-11,22.44,22.47,21.35,21.92,2675753.4
2015-06-12,22.03,22.37,21.47,21.71,1666733.7
2015-06-15,21.62,21.62,20.73,20.87,2058403.24
2015-06-16,21.62,21.72,19.73,20.41,2196529.98
2015-06-17,19.82,20.33,18.72,20.25,2257763.48
2015-06-18,20.26,20.26,18.75,18.86,1434270.68
2015-06-19,18.32,18.36,16.95,16.95,1579159.38
2015-06-23,16.67,17.57,15.47,17.37,1880312.93
2015-06-24,17.62,17.98,17.27,17.8,1920178.25
2015-06-25,17.87,18.26,16.32,16.88,1768500.2
2015-06-26,16.1,16.37,15.16,15.16,1447957.79
2015-06-29,15.72,15.77,13.62,13.62,1843533.73
2015-06-30,13.1,14.72,12.23,14.65,2600970.68
2015-07-01,14.32,15.58,13.52,13.83,2415490.5
2015-07-02,13.79,13.88,12.42,12.42,1552082.57
2015-07-03,12.38,12.84,11.16,11.17,1913724.32
2015-07-06,12.31,12.31,10.22,11.46,2237888.67
2015-07-07,10.85,11.35,10.37,11.26,2600507.41
2015-07-08,10.11,10.47,10.11,10.11,1618997.34
2015-07-09,10.11,11.14,9.27,11.14,2181246.25
2015-07-10,11.58,12.28,11.27,12.28,1718520.7
2015-07-13,12.77,13.53,12.47,13.53,2606019.34
2015-07-14,13.46,14.47,12.79,13.36,3063915.19
2015-07-15,13.04,13.22,12.0,12.0,1540965.6
2015-07-16,12.0,12.87,10.96,12.31,1678424.0
2015-07-17,12.48,13.29,12.38,13.13,1716721.3
2015-07-20,13.17,14.27,12.87,13.95,2242733.68
2015-07-21,13.67,14.57,13.37,14.09,2207327.59
2015-07-22,13.97,14.23,13.43,13.86,1744914.13
2015-07-23,13.86,15.27,13.86,15.02,3336181.45
2015-07-24,14.96,15.25,14.27,14.44,2894730.36
2015-07-27,14.03,14.63,12.97,12.97,1725616.18
2015-07-28,12.36,13.15,11.65,12.32,1858646.83
2015-07-29,12.62,13.58,12.28,13.56,1496343.31
2015-07-30,13.67,14.59,13.37,13.57,2170327.49
2015-07-31,13.3,13.77,12.57,13.01,1252929.64
2015-08-03,12.62,12.96,11.76,11.82,1045178.52
2015-08-04,12.07,13.01,12.02,12.94,1121744.09
2015-08-05,12.92,13.24,12.43,12.65,1191252.31
2015-08-06,12.24,13.27,12.12,12.97,1295423.76
2015-08-07,13.16,13.75,13.12,13.42,1518603.74
2015-08-10,13.87,14.79,13.59,14.79,2643307.9
2015-08-11,15.0,15.54,14.45,14.87,3491522.23
2015-08-12,14.47,14.83,14.27,14.28,1829380.55
2015-08-13,14.2,15.06,14.13,14.89,1977217.95
2015-08-14,15.42,15.52,14.57,14.68,2040414.58
2015-08-17,14.67,15.3,14.47,15.1,1560875.27
2015-08-18,15.17,15.27,13.57,13.57,1978775.31
2015-08-19,12.79,14.1,12.29,13.86,1355747.14
2015-08-20,13.69,13.77,12.78,12.84,907986.71
2015-08-21,12.67,13.04,12.14,12.33,910296.32
2015-08-24,11.77,12.06,11.07,11.07,856154.0
2015-08-25,9.94,10.27,9.94,9.94,707187.64
2015-08-26,9.99,10.41,8.97,9.07,1341360.27
2015-08-27,9.42,9.93,8.78,9.88,1216146.35
2015-08-28,10.06,10.89,9.9,10.89,1346835.44
2015-08-31,10.85,10.85,10.22,10.69,1148361.19
2015-09-01,10.51,10.8,9.76,10.75,1157353.86
2015-09-02,10.27,11.4,10.05,11.19,1813126.76
2015-09-07,11.15,11.77,10.87,10.95,841747.09
2015-09-08,10.92,11.77,10.77,11.58,689687.92
2015-09-09,11.78,12.12,11.6,11.92,989549.84
2015-09-10,11.7,12.62,11.57,11.95,1154130.47
2015-09-11,12.01,12.27,11.63,11.83,685370.96
2015-09-14,12.13,12.22,10.66,11.2,920269.81
2015-09-15,10.82,11.16,10.06,10.06,570630.53
2015-09-16,10.08,11.09,10.0,11.09,741805.12
2015-09-17,11.07,11.91,10.86,10.87,1008587.64
2015-09-18,11.12,11.34,10.89,11.11,590635.54
2015-09-21,11.18,11.94,11.12,11.89,893144.03
2015-09-22,11.94,12.07,11.57,11.76,883429.55
2015-09-23,11.44,11.95,11.37,11.59,592779.94
2015-09-24,11.77,11.92,11.53,11.81,544679.82
2015-09-25,11.7,11.78,11.04,11.18,509248.98
2015-09-28,11.36,11.46,11.08,11.28,297055.36
2015-09-29,11.07,11.16,10.77,10.84,329217.17
2015-09-30,10.97,11.21,10.82,11.0,308910.62
2015-12-07,12.12,12.12,12.12,12.12,31068.51
2015-12-08,13.36,13.36,13.36,13.36,65227.31
2015-12-09,14.57,14.57,12.79,12.96,2062115.96
2015-12-10,12.76,12.77,12.32,12.38,965516.58
2015-12-11,12.29,12.3,11.88,11.99,590073.81
2015-12-14,11.86,12.44,11.76,12.38,591693.87
2015-12-15,12.4,12.44,12.08,12.15,503112.53
2015-12-16,12.22,12.51,12.17,12.28,501892.16
2015-12-17,12.58,12.68,12.37,12.45,720751.18
2015-12-18,12.4,12.41,12.11,12.19,519362.05
2015-12-21,12.19,12.28,12.13,12.2,415127.91
2015-12-22,12.25,12.29,12.02,12.16,389635.25
2015-12-23,12.15,12.15,11.88,11.91,468921.35
2015-12-24,11.91,12.04,11.77,12.01,329617.74
2015-12-25,12.08,12.11,11.87,11.96,248988.63
2015-12-28,12.04,12.04,11.51,11.53,400739.89
2015-12-29,11.47,11.59,11.28,11.42,312497.93
2015-12-30,11.48,11.49,11.27,11.34,250473.27
2015-12-31,11.35,11.49,11.29,11.31,242654.29
2016-01-04,11.31,11.41,10.16,10.17,293835.67
2016-01-05,9.63,10.21,9.38,9.86,475209.84
2016-01-06,9.91,10.25,9.78,10.17,352298.84
2016-01-07,9.98,9.98,9.22,9.27,115363.07
2016-01-08,9.47,9.71,8.85,9.4,425614.95
2016-01-11,9.27,9.36,8.45,8.5,406760.89
2016-01-12,8.63,9.37,8.38,9.2,591259.32
2016-01-13,9.04,9.13,8.58,8.65,397221.94
2016-01-14,8.38,8.95,8.29,8.88,317322.64
2016-01-15,9.29,9.29,8.78,8.9,477841.77
2016-01-18,8.7,9.06,8.58,8.94,294964.57
2016-01-19,9.01,9.49,8.89,9.29,444249.11
2016-01-20,9.27,9.66,9.13,9.32,564245.89
2016-01-21,9.07,9.3,8.77,8.79,414676.7
2016-01-22,8.97,9.0,8.58,8.84,256283.08
2016-01-25,8.94,9.01,8.82,8.89,189883.67
2016-01-26,8.77,8.87,8.02,8.08,308210.57
2016-01-27,8.24,8.27,7.45,7.89,298410.13
2016-01-28,7.87,8.02,7.27,7.44,271266.6
2016-01-29,7.46,7.74,7.37,7.69,259175.96
2016-02-01,7.67,7.7,7.29,7.46,206821.59
2016-02-02,7.46,7.97,7.46,7.74,256235.57
2016-02-03,7.61,7.65,7.45,7.62,263239.23
2016-02-04,7.66,7.79,7.63,7.72,271294.37
2016-02-05,7.74,7.81,7.66,7.67,187976.28
2016-02-15,7.41,7.62,7.37,7.54,152796.0
2016-02-16,7.62,7.87,7.6,7.85,301242.93
2016-02-17,7.85,8.12,7.83,8.02,416093.76
2016-02-18,8.07,8.16,7.95,8.02,401075.46
2016-02-19,8.0,8.05,7.88,7.95,251461.15
2016-02-22,8.07,8.22,8.02,8.16,366277.89
2016-02-23,8.19,8.31,8.04,8.16,360036.17
2016-02-24,8.11,8.76,8.03,8.64,722331.3
2016-02-25,8.48,8.57,7.75,7.79,612248.13
2016-02-26,7.95,8.04,7.62,7.92,294618.61
2016-02-29,8.14,8.26,7.47,8.25,598918.79
2016-03-01,8.25,8.55,7.93,8.45,616356.58
2016-03-02,8.37,8.92,8.28,8.81,807178.54
2016-03-03,8.73,8.91,8.67,8.84,707074.6
2016-03-04,8.77,8.87,8.45,8.77,602940.58
2016-03-07,8.77,9.03,8.75,8.81,328063.13
2016-03-08,8.83,8.83,8.46,8.81,327153.95
2016-03-09,8.58,8.69,8.47,8.66,249607.04
2016-03-10,8.66,8.71,8.27,8.28,192274.55
2016-03-11,8.27,8.35,8.18,8.24,155641.03
2016-03-14,8.37,8.56,8.32,8.43,215820.66
2016-03-15,8.48,8.55,8.32,8.39,179027.55
2016-03-16,8.42,8.53,8.34,8.47,347623.93
2016-03-17,8.55,8.67,8.35,8.56,324543.74
2016-03-18,8.58,8.95,8.55,8.74,791516.3
2016-03-21,8.82,8.98,8.75,8.88,612068.52
2016-03-22,8.87,9.1,8.79,8.96,635152.59
2016-03-23,8.92,8.98,8.82,8.94,412100.65
2016-03-31,9.1,9.74,9.07,9.2,888448.9
2016-04-01,9.15,9.24,8.88,9.06,362515.6
2016-04-05,9.08,9.12,8.89,9.11,402520.91
2016-04-06,9.05,9.1,8.97,9.02,334192.33
2016-04-07,9.04,9.08,8.8,8.81,308294.06
2016-04-08,8.82,8.85,8.57,8.66,261313.85
2016-04-11,8.72,8.85,8.72,8.79,231845.3
2016-04-12,8.84,8.86,8.59,8.66,212312.75
2016-04-13,8.7,8.86,8.67,8.79,360108.33
2016-04-14,8.81,8.84,8.72,8.81,235559.71
2016-04-15,8.82,8.83,8.72,8.76,168323.63
2016-04-18,8.71,8.71,8.55,8.55,200983.31
2016-04-19,8.59,8.64,8.53,8.58,121958.17
2016-04-20,8.58,8.61,7.9,8.19,369380.4
2016-04-21,8.09,8.17,8.03,8.05,173710.7
2016-04-22,8.03,8.16,7.97,8.15,137881.14
2016-04-25,8.16,8.16,7.99,8.1,108006.12
2016-04-26,8.11,8.2,8.09,8.15,89927.92
2016-04-27,8.16,8.18,8.05,8.06,98518.04
2016-04-28,8.12,8.13,7.92,7.98,105493.65
2016-04-29,8.07,8.07,7.98,8.0,75835.66
2016-05-03,8.0,8.14,7.95,8.14,148760.47
2016-05-04,8.11,8.16,8.07,8.1,123376.25
2016-05-05,8.1,8.1,8.03,8.07,105731.42
2016-05-06,8.09,8.1,7.78,7.79,198685.77
2016-05-09,7.77,7.77,7.53,7.57,195614.97
2016-05-10,7.54,7.86,7.48,7.67,162221.98
2016-05-11,7.64,7.69,7.49,7.57,108480.24
2016-05-12,7.49,7.5,7.32,7.47,116284.06
2016-05-13,7.47,7.55,7.4,7.46,81091.58
2016-05-16,7.38,7.63,7.38,7.56,132159.53
2016-05-17,7.56,7.59,7.47,7.52,96836.1
2016-05-18,7.53,7.53,7.29,7.44,145951.67
2016-05-19,7.39,7.49,7.37,7.38,82872.84
2016-05-20,7.37,7.4,7.29,7.39,74373.44
2016-05-23,7.38,7.45,7.37,7.42,109459.8
2016-05-24,7.41,7.52,7.3,7.48,214055.91
2016-05-25,7.58,7.64,7.43,7.47,167084.93
2016-05-26,7.47,7.5,7.31,7.44,108240.36
2016-05-27,7.42,7.47,7.36,7.4,98215.36
2016-05-30,7.37,7.4,7.3,7.34,111882.42
2016-05-31,7.35,7.57,7.33,7.57,288441.58
2016-06-01,7.56,7.58,7.5,7.51,208855.56
2016-06-02,7.57,7.61,7.52,7.55,176008.88
2016-06-03,7.55,7.61,7.54,7.61,222601.39
2016-06-06,7.62,7.64,7.55,7.61,181687.59
2016-06-07,7.59,7.6,7.45,7.52,207641.5
2016-06-08,7.5,7.56,7.42,7.55,225406.31
2016-06-13,7.45,7.51,7.29,7.3,156932.33
2016-06-14,7.27,7.32,7.25,7.28,126527.91
2016-06-15,7.25,7.41,7.21,7.38,156437.93
2016-06-16,7.35,7.63,7.3,7.55,342428.13
2016-06-17,7.52,7.56,7.42,7.46,206707.02
2016-06-20,7.46,7.46,7.34,7.38,114881.73
2016-06-21,7.4,7.45,7.3,7.32,117575.54
2016-06-22,7.29,7.37,7.29,7.36,94307.45
2016-06-23,7.34,7.37,7.3,7.33,106186.48
2016-06-24,7.33,7.36,6.89,7.05,226886.78
2016-06-27,6.98,7.32,6.98,7.24,200706.48
2016-06-28,7.18,7.28,7.12,7.21,180270.43
2016-06-29,7.23,7.39,7.2,7.27,229948.4
2016-06-30,7.28,7.38,7.23,7.33,200504.64
2016-07-01,7.34,7.36,7.29,7.29,95244.83
2016-07-04,7.27,7.44,7.24,7.4,220609.54
2016-07-05,7.44,8.05,7.4,7.83,690851.71
2016-07-06,7.8,7.99,7.67,7.94,473713.84
2016-07-07,7.94,7.94,7.77,7.81,239787.32
2016-07-08,7.81,7.81,7.7,7.72,152369.46
2016-07-11,7.69,7.8,7.68,7.7,152213.98
2016-07-12,7.7,7.86,7.67,7.84,229648.96
2016-07-13,7.86,7.93,7.82,7.84,284093.39
2016-07-14,7.87,7.95,7.83,7.87,189947.18
2016-07-15,7.92,7.94,7.77,7.79,240107.0
2016-07-18,7.79,7.83,7.7,7.76,172259.91
2016-07-19,7.74,7.9,7.72,7.78,203295.7
2016-07-20,7.77,7.8,7.71,7.72,130349.94
2016-07-21,7.7,7.81,7.7,7.74,138711.14
2016-07-22,7.73,7.77,7.65,7.67,133227.95
2016-07-25,7.71,7.76,7.67,7.75,106693.29
2016-07-26,7.76,7.77,7.72,7.76,118178.89
2016-07-27,7.78,7.84,7.35,7.53,324123.52
2016-07-28,7.47,7.89,7.41,7.81,380541.5
2016-07-29,7.78,7.85,7.65,7.66,231917.9
2016-08-01,7.6,7.64,7.41,7.48,183605.49
2016-08-02,7.48,7.73,7.48,7.71,170362.67
2016-08-03,7.65,8.04,7.65,7.88,604502.93
2016-08-04,7.88,7.95,7.77,7.84,235411.72
2016-08-05,7.84,7.95,7.78,7.86,227066.51
2016-08-08,7.9,8.04,7.9,7.97,356686.8
2016-08-09,7.97,7.97,7.86,7.94,230257.1
2016-08-10,7.93,7.93,7.84,7.84,189104.96
2016-08-11,7.89,7.94,7.8,7.82,151481.65
2016-08-12,7.81,7.89,7.77,7.88,153274.82
2016-08-15,8.03,8.11,7.93,8.03,595630.64
2016-08-16,8.03,8.63,8.01,8.42,839536.45
2016-08-17,8.32,8.38,8.21,8.3,386616.54
2016-08-18,8.25,8.41,8.23,8.29,270954.69
2016-08-19,8.28,8.45,8.28,8.39,257503.27
2016-08-22,8.43,8.47,8.18,8.21,217016.04
2016-08-23,8.21,8.38,8.18,8.28,207950.03
2016-08-24,8.28,8.52,8.23,8.46,428134.53
2016-08-25,8.42,8.43,8.28,8.39,244702.42
2016-08-26,8.42,8.46,8.25,8.27,199056.47
2016-08-29,8.27,8.32,8.15,8.17,180797.89
2016-08-30,8.18,8.23,8.13,8.19,123688.76
2017-05-08,8.23,9.03,8.07,8.64,1326059.05
2017-05-09,8.47,8.55,7.75,7.76,917809.09
2017-05-10,7.57,7.67,7.04,7.06,682593.63
2017-05-11,6.87,7.25,6.79,7.15,375609.34
2017-05-12,7.09,7.22,7.02,7.07,271531.99
2017-05-15,7.05,7.15,6.89,6.93,215245.38
2017-05-16,6.97,7.04,6.83,7.01,214584.79
2017-05-17,6.99,7.09,6.95,7.02,188197.44
2017-05-18,6.95,7.03,6.89,6.91,142299.25
2017-05-19,6.93,6.96,6.85,6.87,136593.74
2017-05-22,6.86,6.92,6.72,6.75,161017.75
2017-05-23,6.75,6.75,6.27,6.73,374002.29
2017-05-24,6.64,6.65,6.47,6.58,176954.2
2017-05-25,6.59,6.64,6.47,6.59,180849.69
2017-05-26,6.61,6.76,6.56,6.61,239754.83
2017-05-31,6.64,6.71,6.56,6.58,172050.67
2017-06-01,6.53,6.58,6.35,6.47,235722.66
2017-06-02,6.46,6.46,6.27,6.4,193928.07
2017-06-05,6.41,6.46,6.38,6.43,131540.5
2017-06-06,6.39,6.44,6.37,6.43,147578.22
2017-06-07,6.43,6.52,6.4,6.52,227746.18
2017-06-08,6.51,6.52,6.45,6.46,192685.89
2017-06-09,6.45,6.68,6.42,6.58,435771.33
2017-06-12,6.57,6.64,6.5,6.54,211068.1
2017-06-13,6.55,6.59,6.48,6.57,142441.42
2017-06-14,6.57,6.58,6.47,6.55,161015.41
2017-06-15,6.55,7.15,6.5,6.81,469143.15
2017-06-16,6.82,6.82,6.69,6.73,258974.08
2017-06-19,6.72,6.82,6.71,6.74,177278.55
2017-06-20,6.75,7.06,6.71,7.03,553957.04
2017-06-21,7.07,7.54,6.94,7.34,920080.34
2017-07-03,7.31,8.02,7.21,7.66,903790.3
2017-07-04,7.64,7.88,7.52,7.7,573420.78
2017-07-05,7.63,7.7,7.53,7.66,426012.69
2017-07-06,7.65,7.73,7.41,7.51,495312.34
2017-07-07,7.47,7.63,7.39,7.54,314413.02
2017-07-10,7.48,7.89,7.43,7.78,616865.86
2017-07-11,7.76,7.83,7.6,7.62,380535.18
2017-07-12,7.62,7.77,7.51,7.73,393255.56
2017-07-13,7.68,7.71,7.54,7.62,256623.6
2017-07-14,7.64,7.83,7.59,7.65,303628.34
2017-07-17,7.57,7.59,7.09,7.35,470964.47
2017-07-18,7.28,7.41,7.24,7.37,165730.7
2017-07-19,7.34,7.61,7.32,7.6,328229.66
2017-07-20,7.61,7.68,7.54,7.55,254575.56
2017-07-21,7.54,7.84,7.54,7.81,537319.49
2017-07-24,7.82,7.84,7.69,7.74,309164.32
2017-07-25,7.7,7.81,7.6,7.72,283975.12
2017-07-26,7.66,7.8,7.54,7.76,397188.22
2017-07-27,7.76,7.79,7.59,7.72,322869.21
2017-07-28,7.69,7.69,7.53,7.54,249842.3
2017-07-31,7.58,7.58,7.47,7.49,230623.46
2017-08-01,7.5,7.59,7.47,7.52,174440.6
2017-08-02,7.54,7.55,7.43,7.45,158763.16
2017-08-03,7.42,7.48,7.29,7.31,204220.17
2017-08-04,7.36,7.52,7.3,7.41,208043.28
2017-08-07,7.4,7.44,7.34,7.39,120377.31
2017-08-08,7.38,7.44,7.35,7.41,127225.9
2017-08-09,7.4,7.4,7.31,7.32,136285.02
2017-08-10,7.33,7.4,7.16,7.4,261372.53
2017-08-11,7.32,7.45,7.23,7.44,286674.44
2017-08-14,7.46,7.5,7.37,7.46,175426.16
2017-08-15,7.48,7.49,7.38,7.41,135314.06
2017-08-16,7.38,7.4,7.28,7.3,152260.0
2017-08-17,7.3,7.41,7.3,7.35,126149.16
2017-08-18,7.33,7.43,7.27,7.36,164050.14
2017-08-21,7.35,7.49,7.33,7.43,177723.28
2017-08-22,7.42,7.74,7.37,7.62,405846.58
2017-08-23,7.52,7.59,7.47,7.49,229555.66
2017-08-24,7.5,7.51,7.31,7.32,189034.93
2017-08-25,7.32,7.41,7.31,7.37,118956.02
2017-08-28,7.34,7.5,7.33,7.41,164475.02
2017-08-29,7.41,7.45,7.37,7.41,130801.69
2017-08-30,7.41,7.5,7.4,7.44,178842.83
2017-08-31,7.46,8.09,7.42,8.05,1007664.78
2017-09-01,7.87,7.97,7.82,7.88,737205.95
2017-09-04,7.83,7.99,7.73,7.87,428477.77
2017-09-05,7.87,7.9,7.69,7.75,292511.23
2017-09-06,7.68,7.87,7.66,7.78,259868.12
2017-09-07,7.76,7.95,7.69,7.83,454649.15
2017-09-08,7.78,7.89,7.73,7.79,356529.51
2017-09-11,7.77,7.84,7.71,7.83,255130.63
2017-09-12,7.85,7.91,7.74,7.81,464339.16
2017-09-13,7.81,7.81,7.69,7.72,268580.73
2017-09-14,7.72,7.72,7.63,7.65,217352.01
2017-09-15,7.64,7.73,7.58,7.67,226390.52
2017-09-18,7.67,7.71,7.59,7.64,156841.53
2017-09-19,7.64,7.66,7.5,7.56,241911.25
2017-09-20,7.56,7.72,7.49,7.63,220991.51
2017-09-21,7.63,7.89,7.57,7.75,529992.53
2017-09-22,7.68,7.83,7.57,7.77,390464.41
2017-09-25,7.71,7.86,7.67,7.83,394816.87
2017-09-26,7.8,7.85,7.73,7.81,260294.85
2017-09-27,7.81,8.05,7.79,7.91,655362.59
2017-09-28,7.9,7.95,7.78,7.9,352004.88
2017-09-29,7.93,7.95,7.77,7.79,274102.28
2017-10-09,7.82,7.84,7.74,7.76,231476.48
2017-10-10,7.77,7.79,7.67,7.72,201167.22
2017-10-11,7.71,7.72,7.67,7.68,159273.21
2017-10-12,7.68,7.69,7.62,7.65,167048.85
2017-10-13,7.63,7.72,7.63,7.71,139266.59
2017-10-16,7.73,7.74,7.62,7.67,164722.2
2017-10-17,7.66,7.82,7.65,7.77,261723.7
2017-10-18,7.79,7.87,7.73,7.86,392479.07
2017-10-19,7.86,7.92,7.76,7.91,405208.01
2017-10-20,7.91,7.96,7.84,7.86,277356.73
2017-10-23,7.97,8.25,7.89,7.93,585806.17
2017-10-24,7.84,7.84,7.72,7.78,287280.62
2017-10-25,7.75,7.91,7.7,7.84,250628.75
2017-10-26,7.83,8.15,7.77,8.01,541464.95
2017-10-27,7.97,8.73,7.95,8.46,1293570.43
2017-10-30,8.41,8.81,8.16,8.67,1324297.23
2017-10-31,8.65,8.93,8.5,8.75,1102667.03
2017-11-01,8.68,8.81,8.45,8.47,1004299.53
2017-11-02,8.42,8.45,8.1,8.13,910038.89
2017-11-03,8.15,8.2,7.92,8.02,534550.29
2017-11-06,8.05,8.11,7.92,8.1,364331.81
2017-11-07,8.08,8.15,7.95,8.02,522623.52
2017-11-08,8.0,8.0,7.78,7.87,509066.24
2017-11-09,7.86,8.03,7.82,8.01,405614.27
2017-11-10,7.97,8.16,7.86,8.12,520440.71
2017-11-13,8.07,8.14,7.89,7.94,444166.71
2017-11-14,7.92,7.95,7.78,7.8,358498.52
2017-11-15,7.81,7.86,7.49,7.5,511332.82
2017-11-16,7.5,7.51,7.16,7.22,485529.3
2017-11-17,7.21,7.31,6.88,6.94,387723.14
2017-11-20,6.93,7.04,6.73,7.03,248734.28
2017-11-21,7.03,7.12,6.91,6.99,264686.9
2017-11-22,6.99,7.1,6.9,7.01,240028.96
2017-11-23,7.0,7.01,6.76,6.81,216782.57
2017-11-24,6.78,6.84,6.72,6.77,155746.45
2017-11-27,6.77,6.78,6.64,6.65,156309.16
2017-11-28,6.65,6.74,6.65,6.74,98290.96
2017-11-29,6.73,6.73,6.55,6.67,214322.22
2017-11-30,6.67,6.74,6.63,6.65,118959.66
2017-12-01,6.67,6.7,6.59,6.68,105682.07
2017-12-04,6.71,6.72,6.66,6.71,113489.65
2017-12-05,6.69,6.69,6.48,6.52,168296.6
2017-12-06,6.5,6.55,6.4,6.55,157197.55
2017-12-07,6.48,6.68,6.48,6.58,177304.51
2017-12-08,6.59,6.68,6.55,6.65,126116.46
2017-12-11,6.67,6.75,6.67,6.74,181707.22
2017-12-12,6.75,6.76,6.68,6.69,156428.0
2017-12-13,6.7,6.7,6.63,6.68,95460.09
2017-12-14,6.67,6.69,6.58,6.61,109626.87
2017-12-15,6.61,6.62,6.46,6.5,133980.88
2017-12-18,6.49,6.54,6.35,6.42,141154.06
2017-12-19,6.43,6.5,6.43,6.49,124117.71
2017-12-20,6.56,6.57,6.48,6.49,103457.43
2017-12-21,6.43,6.49,6.32,6.4,157230.68
2017-12-22,6.42,6.45,6.37,6.39,101089.17
2017-12-25,6.32,6.41,6.29,6.31,118229.55
2017-12-26,6.39,6.4,6.32,6.4,96674.79
2017-12-27,6.35,6.49,6.33,6.44,142837.67
2017-12-28,6.49,6.49,6.4,6.4,114234.2
2017-12-29,6.42,6.47,6.42,6.46,77614.86
2018-01-02,6.45,6.67,6.45,6.64,226671.42
2018-01-03,6.68,6.74,6.57,6.7,210138.01
2018-01-04,6.7,6.76,6.64,6.75,226525.5
2018-01-05,6.71,6.73,6.66,6.7,138446.19
2018-01-08,6.7,6.7,6.61,6.65,132040.73
2018-01-09,6.65,6.69,6.61,6.62,108100.91
2018-01-10,6.63,6.67,6.56,6.58,134475.57
2018-01-11,6.58,6.62,6.53,6.62,121122.36
2018-01-12,6.61,6.61,6.55,6.56,88154.17
2018-01-15,6.55,6.57,6.33,6.33,200727.85
2018-01-16,6.33,6.4,6.31,6.36,112301.94
2018-01-17,6.35,6.41,6.3,6.4,127867.2
2018-01-18,6.41,6.42,6.33,6.37,94851.43
2018-01-19,6.38,6.42,6.35,6.41,126952.84
2018-01-22,6.4,6.42,6.35,6.41,89725.5
2018-01-23,6.41,6.45,6.39,6.45,106881.05
2018-01-24,6.45,6.71,6.43,6.59,224289.85
2018-01-25,6.62,6.69,6.6,6.61,237915.33
2018-01-26,6.59,6.65,6.56,6.58,131676.54
2018-01-29,6.59,6.62,6.49,6.5,135720.97
2018-01-30,6.49,6.71,6.48,6.63,188720.63
2018-01-31,6.62,6.63,6.45,6.45,154840.28
2018-02-01,6.43,6.49,6.08,6.11,230151.02
2018-02-02,6.11,6.18,6.04,6.13,151591.79
2018-02-05,6.1,6.12,6.01,6.05,99004.6
2018-02-06,5.95,5.95,5.48,5.49,294119.69
2018-02-07,5.63,5.69,5.45,5.57,142386.46
2018-02-08,5.56,5.65,5.54,5.6,100403.6
2018-02-09,5.47,5.5,5.2,5.27,182251.08
2018-02-12,5.29,5.42,5.29,5.38,71845.0
2018-02-13,5.41,5.47,5.4,5.42,74449.45
2018-02-14,5.43,5.53,5.43,5.5,62389.85
2018-02-22,5.51,5.59,5.51,5.57,52031.22
2018-02-23,5.6,5.6,5.51,5.55,60012.72
2018-02-26,5.54,5.64,5.53,5.63,93354.39
2018-02-27,5.63,5.81,5.58,5.74,158235.48
2018-02-28,5.67,5.72,5.63,5.68,91906.86
2018-03-01,5.65,5.73,5.62,5.69,66960.81
2018-03-02,5.66,5.75,5.64,5.7,74565.87
2018-03-05,5.69,5.73,5.65,5.67,57663.38
2018-03-06,5.67,5.72,5.66,5.72,88805.12
2018-03-07,5.72,5.8,5.7,5.76,105698.11
2018-03-08,5.75,5.79,5.7,5.79,83594.0
2018-03-09,5.79,5.95,5.77,5.92,185453.31
2018-03-12,5.92,6.03,5.87,5.98,140779.8
2018-03-13,5.96,6.04,5.9,5.91,99030.28
2018-03-14,5.94,6.04,5.93,5.95,101411.0
2018-03-15,5.91,5.95,5.8,5.84,98525.37
2018-03-16,5.89,5.91,5.83,5.85,64382.27
2018-03-19,5.84,5.87,5.77,5.79,79021.48
2018-03-20,5.76,5.9,5.73,5.88,107902.87
2018-03-21,5.89,6.0,5.83,5.89,129871.27
2018-03-22,5.88,5.91,5.78,5.89,104656.73
2018-03-23,5.77,5.97,5.61,5.9,337769.42
2018-03-26,5.77,5.79,5.46,5.74,170160.02
2018-03-27,5.76,5.84,5.72,5.74,138761.23
2018-03-28,5.71,5.75,5.61,5.71,129399.01
2018-03-29,5.7,5.74,5.67,5.72,90409.6
2018-03-30,5.73,5.75,5.68,5.71,78729.02
2018-04-02,5.71,5.74,5.68,5.72,99708.88
2018-04-03,5.66,5.66,5.57,5.57,111925.89
2018-04-04,5.59,5.66,5.54,5.55,76942.59
2018-04-09,5.52,5.59,5.51,5.55,64268.8
2018-04-10,5.55,5.6,5.53,5.59,61331.0
2018-04-11,5.61,5.65,5.59,5.63,73849.31
2018-04-12,5.64,5.66,5.59,5.6,54718.15
2018-04-13,5.59,5.66,5.59,5.59,47447.23
2018-04-16,5.62,5.64,5.51,5.58,80014.3
2018-04-17,5.58,5.61,5.49,5.52,87729.07
2018-04-18,5.53,5.55,5.45,5.52,80279.56
2018-04-19,5.52,5.53,5.47,5.52,64552.21
2018-04-20,5.51,5.53,5.38,5.51,120904.0
2018-04-23,5.51,5.52,5.44,5.49,64953.12
2018-04-24,5.5,5.57,5.49,5.56,69755.95
2018-04-25,5.56,5.56,5.42,5.45,100815.0
2018-04-26,5.45,5.54,5.44,5.47,107961.21
2018-04-27,5.5,5.52,5.42,5.51,67345.91
2018-05-02,5.51,5.55,5.45,5.46,65376.66
2018-05-03,5.47,5.62,5.46,5.61,122602.57
2018-05-04,5.58,5.66,5.53,5.62,111524.2
2018-05-07,5.6,5.65,5.58,5.63,122069.37
2018-05-08,5.62,5.65,5.59,5.63,86177.76
2018-05-09,5.62,5.64,5.59,5.62,55523.82
2018-05-10,5.62,5.68,5.6,5.68,116599.49
2018-05-11,5.69,5.7,5.65,5.65,79685.53
2018-05-14,5.65,5.7,5.65,5.68,77945.92
2018-05-15,5.79,6.04,5.79,5.92,311891.47
2018-05-16,5.9,6.04,5.87,5.94,210365.4
2018-05-17,5.94,5.96,5.85,5.94,128762.07
2018-05-18,5.94,5.98,5.9,5.97,117801.55
2018-05-21,5.98,6.03,5.95,5.98,127980.5
2018-05-22,5.99,6.01,5.9,5.92,100130.42
2018-05-23,5.93,6.02,5.9,5.95,142578.74
2018-05-24,5.93,6.0,5.92,5.94,76398.02
2018-05-25,5.94,6.06,5.93,6.06,213617.35
2018-05-28,6.04,6.06,5.82,5.84,194906.94
2018-05-29,5.81,5.93,5.81,5.9,110685.56
2018-05-30,5.84,5.87,5.74,5.75,146318.71
2018-05-31,5.79,5.91,5.79,5.89,141060.03
2018-06-01,5.87,6.13,5.86,6.1,349921.35
2018-06-04,6.12,6.16,6.03,6.09,154082.92
2018-06-05,6.07,6.12,6.01,6.11,168229.29
2018-08-07,5.48,5.48,5.48,5.48,75393.0
2018-08-08,4.95,5.37,4.95,5.15,553027.6
2018-08-09,4.98,5.18,4.96,5.16,258269.63
2018-08-10,5.15,5.17,5.1,5.12,143661.09
2018-08-13,5.05,5.09,4.99,5.03,134163.77
2018-08-14,5.05,5.06,4.99,5.0,127760.26
2018-08-15,5.0,5.02,4.94,4.94,109012.07
2018-08-16,4.92,4.92,4.82,4.84,110970.46
2018-08-17,4.85,4.88,4.75,4.77,110896.48
2018-08-20,4.77,4.77,4.64,4.72,105391.1
2018-08-21,4.78,4.79,4.74,4.77,73582.0
2018-08-22,4.77,4.84,4.76,4.84,61618.65
2018-08-23,4.86,4.86,4.78,4.81,51209.48
2018-08-24,4.84,4.84,4.79,4.8,37776.88
2018-08-27,4.82,4.9,4.82,4.86,73941.39
2018-08-28,4.89,4.93,4.87,4.89,60818.83
2018-08-29,4.89,4.9,4.85,4.87,43516.68
2018-08-30,4.88,4.88,4.78,4.78,48776.0
2018-08-31,4.8,4.87,4.76,4.86,77703.49
2018-09-03,4.87,4.88,4.77,4.8,59065.18
2018-09-04,4.81,4.83,4.75,4.78,102741.31
2018-09-05,4.77,4.87,4.77,4.85,146761.93
2018-09-06,4.86,4.9,4.83,4.86,75702.36
2018-09-07,4.85,4.91,4.83,4.89,80846.0
2018-09-10,4.9,4.91,4.84,4.84,61149.9
2018-09-11,4.82,4.94,4.82,4.93,107254.1
2018-09-12,4.94,5.04,4.91,5.02,122771.44
2018-09-13,5.02,5.07,4.96,5.03,91003.63
2018-09-14,5.03,5.06,4.98,4.99,100629.56
2018-09-17,4.98,5.03,4.94,4.99,84300.01
2018-09-18,4.98,5.07,4.98,5.06,98078.47
2018-09-19,5.04,5.17,5.04,5.12,122469.25
2018-09-20,5.12,5.17,5.11,5.15,68636.01
2018-09-21,5.13,5.19,5.11,5.19,87807.0
2018-09-25,5.13,5.2,5.11,5.18,68161.0
2018-09-26,5.21,5.23,5.14,5.15,77318.15
2018-09-27,5.2,5.21,5.14,5.16,73796.99
2018-09-28,5.16,5.17,5.08,5.14,65364.91
2018-10-08,5.08,5.19,5.05,5.13,121553.06
2018-10-09,5.15,5.18,5.02,5.03,90905.0
2018-10-10,5.03,5.3,5.02,5.27,216927.69
2018-10-11,5.17,5.23,4.88,5.07,191075.95
2018-10-12,4.99,5.08,4.89,5.01,141544.91
2018-10-15,5.03,5.26,5.02,5.16,170878.92
2018-10-16,5.21,5.24,5.11,5.15,139221.23
2018-10-17,5.23,5.26,5.13,5.19,87515.34
2018-10-18,5.18,5.21,4.87,4.87,156248.23
2018-10-19,4.81,5.27,4.8,5.23,237103.92
2018-10-22,5.25,5.44,5.24,5.37,221409.26
2018-10-23,5.39,5.44,5.3,5.37,140696.38
2018-10-24,5.35,5.38,5.24,5.31,82531.95
2018-10-25,5.2,5.31,5.1,5.24,103580.64
2018-10-26,5.3,5.39,5.28,5.3,79270.76
2018-10-29,5.3,5.34,5.15,5.21,82209.25
2018-10-30,5.21,5.36,5.2,5.28,87726.41
2018-10-31,5.28,5.35,5.24,5.27,95581.73
2018-11-01,5.28,5.3,5.15,5.2,134015.63
2018-11-02,5.25,5.27,5.18,5.26,117944.05
2018-11-05,5.25,5.33,5.2,5.23,127429.84
2018-11-06,5.23,5.23,5.14,5.19,110891.29
2018-11-07,5.18,5.2,5.12,5.13,92919.07
2018-11-08,5.15,5.16,5.08,5.1,75392.76
2018-11-09,5.07,5.09,4.97,5.01,118930.63
2018-11-12,4.99,5.06,4.99,5.06,82247.3
2018-11-13,5.02,5.15,5.0,5.15,157334.09
2018-11-14,5.14,5.16,5.07,5.08,133178.7
2018-11-15,5.08,5.14,5.07,5.14,117546.79
2018-11-16,5.12,5.2,5.12,5.17,145021.58
2018-11-19,5.15,5.29,5.15,5.21,180895.02
2018-11-20,5.23,5.23,5.08,5.11,124747.2
2018-11-21,5.03,5.1,5.02,5.08,87778.0
2018-11-22,5.11,5.12,5.02,5.06,86920.09
2018-11-23,5.07,5.07,4.95,4.95,120173.84
2018-11-26,4.95,5.0,4.94,4.97,68650.51
2018-11-27,5.0,5.0,4.95,4.96,45467.1
2018-11-28,4.98,5.0,4.9,4.99,54910.81
2018-11-29,5.0,5.03,4.94,4.94,76493.04
2018-11-30,4.97,4.98,4.89,4.95,71086.79
2018-12-03,5.03,5.08,5.0,5.05,115442.87
2018-12-04,5.02,5.06,5.0,5.04,88133.46
2018-12-05,4.96,5.0,4.95,4.97,95556.75
2018-12-06,4.97,4.97,4.9,4.91,87184.27
2018-12-07,4.9,4.93,4.9,4.9,52233.0
2018-12-10,4.89,4.9,4.85,4.86,63515.26
2018-12-11,4.87,4.89,4.85,4.87,47428.97
2018-12-12,4.91,4.91,4.87,4.89,49774.99
2018-12-13,4.89,4.96,4.86,4.93,83209.43
2018-12-14,4.94,4.94,4.87,4.87,91690.41
2018-12-17,4.86,4.89,4.8,4.85,115115.96
2018-12-18,4.83,4.88,4.82,4.85,74411.56
2018-12-19,4.87,4.87,4.83,4.85,40524.09
2018-12-20,4.82,4.86,4.81,4.83,59308.66
2018-12-21,4.83,4.89,4.81,4.87,68175.0
2018-12-24,4.88,4.88,4.81,4.84,67660.18
2018-12-25,4.8,4.81,4.68,4.74,86662.37
2018-12-26,4.75,4.79,4.74,4.76,70279.51
2018-12-27,4.81,4.84,4.77,4.8,59867.05
2018-12-28,4.79,4.81,4.74,4.81,57066.86
2019-01-02,4.81,4.83,4.77,4.82,62478.51
2019-01-03,4.8,4.87,4.78,4.87,74249.0
2019-01-04,4.83,4.98,4.81,4.97,133216.14
2019-01-07,4.97,5.05,4.94,5.03,155194.43
2019-01-08,5.02,5.04,4.97,5.01,78841.43
2019-01-09,5.04,5.07,4.95,4.95,120403.87
2019-01-10,4.98,5.04,4.96,4.97,78317.24
2019-01-11,4.99,5.03,4.97,5.01,58693.71
2019-01-14,5.0,5.03,4.92,4.94,76800.04
2019-01-15,4.95,5.01,4.94,5.01,52766.46
2019-01-16,5.01,5.01,4.94,4.95,62590.5
2019-01-17,4.95,4.97,4.9,4.91,67351.01
2019-01-18,4.93,4.95,4.91,4.93,63663.31
2019-01-21,4.98,4.99,4.92,4.94,67536.59
2019-01-22,4.93,4.93,4.86,4.86,56456.06
2019-01-23,4.86,4.87,4.83,4.83,53072.36
2019-01-24,4.83,4.87,4.81,4.84,82207.17
2019-01-25,4.84,4.87,4.81,4.85,61621.77
2019-01-28,4.85,4.99,4.85,4.96,160374.82
2019-01-29,4.93,4.94,4.81,4.87,96277.18
2019-01-30,4.87,4.89,4.83,4.88,60438.02
2019-01-31,4.88,4.88,4.77,4.79,93867.19
2019-02-01,4.81,4.86,4.8,4.85,75050.01
2019-02-11,4.86,4.92,4.86,4.92,109431.66
2019-02-12,4.91,4.97,4.91,4.96,120931.26
2019-02-13,4.97,5.06,4.97,5.05,203696.11
2019-02-14,5.05,5.06,5.01,5.04,160783.99
2019-02-15,5.04,5.06,4.99,5.0,117784.79
2019-02-18,4.99,5.1,4.99,5.1,223962.32
2019-02-19,5.1,5.12,5.03,5.07,212845.38
2019-02-20,5.07,5.08,5.02,5.06,110962.57
2019-02-21,5.06,5.09,5.01,5.04,216204.93
2019-02-22,5.03,5.08,5.0,5.08,177203.6
2019-02-25,5.12,5.36,5.09,5.36,521433.85
2019-02-26,5.37,5.8,5.33,5.55,613393.78
2019-02-27,5.55,5.66,5.39,5.47,398443.11
2019-02-28,5.49,5.55,5.4,5.45,251890.69
2019-03-01,5.52,5.54,5.42,5.51,221969.44
2019-03-04,5.59,5.72,5.53,5.61,503091.42
2019-03-05,5.57,5.78,5.55,5.77,441414.53
2019-03-06,5.79,5.92,5.72,5.84,487346.6
2019-03-07,5.84,5.89,5.79,5.85,451442.62
2019-03-08,5.78,5.79,5.49,5.5,491591.41
2019-03-11,5.51,6.06,5.51,6.06,967673.04
2019-03-12,6.26,6.33,5.97,6.04,1032630.22
2019-03-13,5.97,6.01,5.87,5.9,517828.83
2019-03-14,5.86,5.89,5.65,5.73,346416.95
2019-03-15,5.79,6.08,5.79,5.89,685260.65
2019-03-18,5.97,5.97,5.83,5.96,400588.83
2019-03-19,6.22,6.4,6.03,6.04,711396.49
2019-03-20,5.98,6.03,5.92,6.0,360681.5
2019-03-21,6.0,6.06,5.96,6.01,399598.83
2019-03-22,5.99,6.04,5.92,6.01,262062.59
2019-03-25,5.93,5.99,5.89,5.91,241688.32
2019-03-26,5.92,5.96,5.73,5.76,272742.68
2019-03-27,5.81,5.83,5.68,5.72,166377.74
2019-03-28,5.73,5.8,5.68,5.7,168355.85
2019-03-29,5.69,5.85,5.68,5.84,221686.0
2019-04-01,5.86,6.14,5.86,6.06,499339.5
2019-04-02,6.09,6.13,6.02,6.05,420939.99
2019-04-03,6.04,6.16,5.99,6.13,392196.04
2019-04-04,6.18,6.24,6.08,6.13,361402.31
2019-04-08,6.18,6.25,6.05,6.13,383221.74
2019-04-09,6.15,6.17,6.07,6.11,249348.78
2019-04-10,6.17,6.58,6.11,6.46,933905.1
2019-04-11,6.45,6.59,6.24,6.26,781505.39
2019-04-12,6.32,6.46,6.28,6.33,514206.02
2019-04-15,6.43,6.78,6.34,6.58,917939.79
2019-04-16,6.47,6.65,6.42,6.64,869054.46
2019-04-17,6.57,7.26,6.48,7.12,1682121.5
2019-04-18,6.87,6.94,6.74,6.75,1411945.21
2019-04-19,6.69,6.72,6.53,6.62,764021.35
2019-04-22,6.66,6.72,6.45,6.48,758023.62
2019-04-23,6.48,6.51,6.25,6.28,636504.39
2019-04-24,6.34,6.58,6.28,6.51,1041948.5
2019-04-25,6.37,6.4,5.93,6.07,1039917.8
2019-04-26,6.03,6.1,5.94,5.96,481260.71
2019-04-29,5.98,6.03,5.58,5.7,612955.95
2019-04-30,5.7,5.83,5.7,5.78,288171.66
2019-05-06,5.51,5.6,5.19,5.27,696157.42
2019-05-07,5.32,5.39,5.21,5.34,368326.68
2019-05-08,5.21,5.38,5.15,5.27,318992.51
2019-05-09,5.19,5.32,5.17,5.21,248840.73
2019-05-10,5.27,5.37,5.16,5.36,393074.73
2019-05-13,5.29,5.33,5.23,5.26,255827.34
2019-05-14,5.21,5.25,5.15,5.2,252380.94
2019-05-15,5.23,5.31,5.23,5.3,259583.24
2019-05-16,5.3,5.35,5.28,5.35,262134.17
2019-05-17,5.35,5.36,5.11,5.14,353684.87
2019-05-20,5.14,5.15,5.0,5.1,197089.13
2019-05-21,5.09,5.22,5.08,5.2,183194.53
2019-05-22,5.24,5.24,5.12,5.14,158134.36
2019-05-23,5.09,5.16,5.07,5.07,172731.66
2019-05-24,5.06,5.13,5.03,5.06,171167.16
2019-05-27,5.06,5.2,5.05,5.19,207589.53
2019-05-28,5.19,5.23,5.13,5.23,237739.98
2019-05-29,5.17,5.25,5.16,5.2,168054.66
2019-05-30,5.17,5.18,5.11,5.14,132624.89
2019-05-31,5.18,5.22,5.15,5.19,148086.37
2019-06-03,5.19,5.22,5.1,5.15,155021.6
2019-06-04,5.17,5.17,5.08,5.11,134752.61
2019-06-05,5.15,5.17,5.11,5.13,115907.35
2019-06-06,5.15,5.15,5.04,5.07,148669.29
2019-06-10,5.08,5.13,5.06,5.1,111115.82
2019-06-11,5.09,5.26,5.07,5.25,275383.79
2019-06-12,5.24,5.26,5.17,5.23,188990.2
2019-06-13,5.2,5.31,5.17,5.28,249141.89
2019-06-14,5.27,5.32,5.17,5.2,184055.31
2019-06-17,5.17,5.22,5.17,5.19,101814.04
2019-06-18,5.22,5.22,5.15,5.22,99337.04
2019-06-19,5.3,5.36,5.24,5.27,189931.52
2019-06-20,5.26,5.37,5.23,5.37,277423.68
2019-06-21,5.39,5.47,5.39,5.44,268205.41
2019-06-24,5.43,5.43,5.38,5.4,166456.58
2019-06-25,5.41,5.42,5.27,5.3,173270.92
2019-06-26,5.31,5.36,5.28,5.32,101692.19
2019-06-27,5.33,5.38,5.33,5.34,145710.19
2019-06-28,5.34,5.35,5.22,5.25,139877.92
2019-07-01,5.36,5.44,5.32,5.4,292787.23
2019-07-02,5.42,5.44,5.37,5.4,196990.32
2019-07-03,5.4,5.4,5.3,5.31,154968.43
2019-07-04,5.32,5.41,5.32,5.37,176369.89
2019-07-05,5.39,5.39,5.32,5.35,110148.81
2019-07-08,5.32,5.32,5.14,5.16,236086.61
2019-07-09,5.13,5.19,5.08,5.16,129453.09
2019-07-10,5.16,5.18,5.12,5.14,97785.6
2019-07-11,5.14,5.19,5.1,5.14,93022.12
2019-07-12,5.12,5.16,5.11,5.14,81442.81
2019-07-15,5.13,5.18,5.03,5.17,164871.44
2019-07-16,5.15,5.18,5.13,5.17,91414.15
2019-07-17,5.16,5.26,5.13,5.23,198401.77
2019-07-18,5.2,5.2,5.13,5.14,104852.74
2019-07-19,5.15,5.22,5.15,5.17,92669.69
2019-07-22,5.22,5.25,5.12,5.13,167097.51
2019-07-23,5.14,5.18,5.1,5.18,105652.59
2019-07-24,5.25,5.41,5.25,5.3,350511.01
2019-07-25,5.27,5.35,5.24,5.32,220732.49
2019-07-26,5.32,5.32,5.25,5.29,131024.7
2019-07-29,5.27,5.3,5.23,5.25,126827.78
2019-07-30,5.25,5.29,5.24,5.26,118625.95
2019-07-31,5.26,5.26,5.16,5.2,125764.2
2019-08-01,5.16,5.2,5.13,5.17,115646.99
2019-08-02,5.04,5.08,5.04,5.06,193945.91
2019-08-05,5.04,5.05,4.95,4.96,150534.1
2019-08-06,4.87,4.91,4.7,4.78,270575.97
2019-08-07,4.82,4.84,4.79,4.8,100920.88
2019-08-08,4.84,4.85,4.8,4.83,85526.04
2019-08-09,4.86,4.87,4.8,4.81,79022.79
2019-08-12,4.81,4.86,4.79,4.86,89024.51
2019-08-13,4.82,4.85,4.81,4.83,81768.31
2019-08-14,4.87,4.91,4.86,4.86,97390.0
2019-08-15,4.78,4.85,4.75,4.84,94298.0
2019-08-16,4.85,4.86,4.8,4.83,96033.07
2019-08-19,4.85,4.95,4.83,4.95,191608.38
2019-08-20,4.94,4.96,4.89,4.92,150858.34
2019-08-21,4.89,4.95,4.89,4.92,95543.74
2019-08-22,4.96,5.26,4.96,5.24,624414.39
2019-08-23,5.18,5.38,5.17,5.29,467044.98
2019-08-26,5.26,5.38,5.05,5.12,667756.58
2019-08-27,5.18,5.22,5.14,5.2,418278.05
2019-08-28,5.18,5.19,5.08,5.1,224661.43
2019-08-29,5.13,5.13,5.07,5.08,125007.71
2019-08-30,5.11,5.13,5.01,5.03,165662.13
2019-09-02,5.02,5.13,5.02,5.13,186522.11
2019-09-03,5.12,5.13,5.06,5.09,182667.69
2019-09-04,5.1,5.12,5.07,5.12,167619.19
2019-09-05,5.14,5.25,5.14,5.19,298498.0
2019-09-06,5.22,5.25,5.18,5.2,163793.06
2019-09-09,5.23,5.28,5.21,5.26,204322.89
2019-09-10,5.26,5.29,5.22,5.27,174071.07
2019-09-11,5.28,5.3,5.23,5.26,147472.97
2019-09-12,5.26,5.28,5.22,5.26,150215.47
2019-09-16,5.27,5.28,5.22,5.26,128287.98
2019-09-17,5.25,5.25,5.09,5.09,222012.15
2019-09-18,5.14,5.14,5.06,5.07,122764.35
2019-09-19,5.1,5.1,5.04,5.1,160244.56
2019-09-20,5.08,5.13,5.08,5.13,178658.25
2019-09-23,5.13,5.13,5.04,5.07,131621.76
2019-09-24,5.07,5.14,5.05,5.08,123763.9
2019-09-25,5.1,5.1,5.02,5.02,126436.88
2019-09-26,5.05,5.06,4.95,4.95,130281.79
2019-09-27,4.96,4.99,4.94,4.95,110727.81
2019-09-30,4.95,4.98,4.94,4.95,88741.28
2019-10-08,4.93,4.99,4.92,4.95,78317.67
2019-10-09,4.93,4.96,4.9,4.96,72058.33
2019-10-10,4.96,4.98,4.95,4.98,82549.41
2019-10-11,4.98,5.01,4.94,5.01,88235.05
2019-10-14,5.05,5.08,5.02,5.03,130516.58
2019-10-15,5.02,5.05,4.98,5.0,71682.21
2019-10-16,4.99,5.02,4.94,4.95,101048.07
2019-10-17,4.94,4.96,4.92,4.94,66673.33
2019-10-18,4.95,4.96,4.85,4.87,120645.19
2019-10-21,4.86,4.88,4.81,4.86,99477.62
2019-10-22,4.86,4.9,4.85,4.89,67029.19
2019-10-23,4.9,4.9,4.85,4.86,56644.0
2019-10-24,4.85,4.88,4.85,4.86,51695.09
2019-10-25,4.87,4.89,4.83,4.89,79369.29
2019-10-28,4.88,5.08,4.88,5.0,167644.87
2019-10-29,4.99,4.99,4.9,4.92,117728.64
2019-10-30,4.89,4.89,4.83,4.84,117526.95
2019-10-31,4.84,4.86,4.81,4.81,88361.05
2019-11-01,4.81,4.85,4.78,4.83,96783.39
2019-11-04,4.83,4.87,4.83,4.84,68160.1
2019-11-05,4.85,4.89,4.83,4.87,107410.88
2019-11-06,4.87,4.87,4.79,4.8,110036.57
2019-11-07,4.81,4.83,4.79,4.83,71496.2
2019-11-08,4.85,4.86,4.8,4.81,68760.05
2019-11-11,4.81,4.85,4.75,4.77,116788.71
2019-11-12,4.79,4.8,4.74,4.77,80729.02
2019-11-13,4.78,4.79,4.68,4.69,156172.23
2019-11-14,4.67,4.69,4.64,4.67,102075.22
2019-11-15,4.67,4.67,4.56,4.56,118985.45
2019-11-18,4.56,4.59,4.53,4.56,101260.49
2019-11-19,4.57,4.63,4.56,4.62,92923.9
2019-11-20,4.63,4.63,4.57,4.57,60967.92
2019-11-21,4.59,4.6,4.55,4.57,63867.88
2019-11-22,4.58,4.62,4.56,4.59,104503.04
2019-11-25,4.59,4.68,4.57,4.65,116083.01
2019-11-26,4.66,4.68,4.63,4.64,172387.75
2019-11-27,4.66,4.67,4.62,4.64,69611.79
2019-11-28,4.64,4.66,4.6,4.61,57918.34
2019-11-29,4.62,4.62,4.59,4.61,56576.38
2019-12-02,4.6,4.64,4.6,4.61,57275.64
2019-12-03,4.61,4.62,4.57,4.62,70731.95
2019-12-04,4.6,4.64,4.58,4.63,64980.43
2019-12-05,4.63,4.67,4.62,4.65,82008.99
2019-12-06,4.66,4.68,4.64,4.67,72744.85
2019-12-09,4.68,4.68,4.65,4.67,84940.4
2019-12-10,4.66,4.68,4.65,4.67,63970.0
2019-12-11,4.67,4.67,4.63,4.65,94823.18
2019-12-12,4.65,4.65,4.6,4.6,100878.8
2019-12-13,4.63,4.68,4.62,4.68,136161.1
2019-12-16,4.73,5.12,4.73,4.99,621279.7
2019-12-17,4.88,5.02,4.85,4.97,403915.1
2019-12-18,4.94,4.96,4.87,4.89,253994.01
2019-12-19,4.88,4.95,4.88,4.91,128891.08
2019-12-20,4.91,4.92,4.84,4.84,196685.03
2019-12-23,4.86,4.87,4.76,4.77,132836.42
2019-12-24,4.77,4.82,4.77,4.81,88480.04
2019-12-25,4.81,4.82,4.78,4.79,76963.28
2019-12-26,4.8,4.86,4.79,4.85,115656.34
2019-12-27,4.85,4.87,4.81,4.82,147906.7
2019-12-30,4.82,4.91,4.78,4.87,173264.85
2019-12-31,4.88,4.91,4.86,4.91,130191.74
2020-01-02,4.93,4.97,4.93,4.96,236334.6
2020-01-03,4.98,4.98,4.91,4.95,190355.1
2020-01-06,4.93,5.05,4.91,4.99,288806.35
2020-01-07,5.17,5.2,5.05,5.08,424807.66
2020-01-08,5.03,5.11,4.99,5.02,304285.44
2020-01-09,5.06,5.09,5.01,5.05,171421.53
2020-01-10,5.06,5.07,4.99,5.01,143793.68
2020-01-13,5.01,5.04,4.97,5.04,130437.94
2020-01-14,5.04,5.05,5.0,5.02,136378.3
2020-01-15,5.03,5.04,4.95,4.97,136658.46
2020-01-16,4.98,4.99,4.94,4.95,84790.61
2020-01-17,4.96,4.98,4.92,4.94,93581.3
2020-01-20,4.94,4.98,4.92,4.97,116609.41
2020-01-21,4.96,4.97,4.91,4.92,113245.89
2020-01-22,4.89,4.92,4.83,4.89,138948.2
2020-01-23,4.86,4.91,4.74,4.78,192656.58
2020-02-03,4.3,4.3,4.3,4.3,184077.0
2020-02-04,4.15,4.36,4.15,4.27,339811.34
2020-02-05,4.27,4.44,4.26,4.34,240709.11
2020-02-06,4.37,4.42,4.32,4.41,230717.14
2020-02-07,4.47,4.6,4.37,4.57,258842.69
2020-02-10,4.53,4.71,4.5,4.63,224547.99
2020-02-11,4.64,4.67,4.59,4.6,145275.04
2020-02-12,4.58,4.62,4.57,4.61,115995.49
2020-02-13,4.61,4.64,4.54,4.54,158021.48
2020-02-14,4.53,4.57,4.5,4.54,130653.22
2020-02-17,4.56,4.65,4.56,4.64,233202.22
2020-02-18,4.71,4.73,4.65,4.69,278834.67
2020-02-19,4.68,4.69,4.64,4.64,174285.42
2020-02-20,4.66,4.78,4.65,4.77,320892.31
2020-02-21,4.75,4.79,4.73,4.75,248650.85
2020-02-24,4.75,4.76,4.69,4.71,236204.1
2020-02-25,4.63,4.65,4.49,4.61,334604.92
2020-02-26,4.58,4.71,4.53,4.63,345880.97
2020-02-27,4.64,4.68,4.61,4.62,188766.27
2020-02-28,4.53,4.56,4.41,4.42,312309.81
2020-03-02,4.46,4.63,4.44,4.59,232268.19
2020-03-03,4.66,4.72,4.61,4.65,243849.0
2020-03-04,4.64,4.67,4.58,4.66,175299.79
2020-03-05,4.73,4.87,4.69,4.8,517242.7
2020-03-06,4.77,5.02,4.73,4.95,708375.65
2020-03-09,4.93,4.99,4.8,4.81,532882.17
2020-03-10,4.76,5.2,4.76,5.07,825312.78
2020-03-11,5.09,5.12,4.93,4.95,507101.54
2020-03-12,4.9,4.91,4.8,4.86,339375.72
2020-03-13,4.67,5.04,4.59,5.0,679730.99
2020-03-16,5.04,5.06,4.74,4.77,596700.14
2020-03-17,4.83,5.01,4.64,4.9,595063.52
2020-03-18,4.93,4.96,4.76,4.76,486975.21
2020-03-19,4.74,4.83,4.66,4.73,384536.51
2020-03-20,4.79,4.81,4.69,4.74,240621.08
2020-03-23,4.65,4.69,4.53,4.54,274105.98
2020-03-24,4.62,4.65,4.5,4.59,203233.15
2020-03-25,4.67,4.69,4.61,4.64,214636.04
2020-03-26,4.63,4.63,4.53,4.53,197454.15
2020-03-27,4.58,4.62,4.54,4.56,146676.93
2020-03-30,4.52,4.61,4.46,4.58,161742.05
2020-03-31,4.61,4.62,4.53,4.53,96460.52
2020-04-01,4.57,4.66,4.54,4.57,140352.53
2020-04-02,4.57,4.62,4.55,4.62,127159.27
2020-04-03,4.6,4.61,4.52,4.56,102141.59
2020-04-07,4.61,4.67,4.61,4.65,214948.64
2020-04-08,4.64,4.64,4.61,4.62,93644.23
2020-04-09,4.64,4.65,4.62,4.62,99166.78
2020-04-10,4.62,4.63,4.53,4.54,119158.65
2020-04-13,4.52,4.56,4.51,4.55,84262.24
2020-04-14,4.57,4.59,4.55,4.57,93231.93
2020-04-15,4.58,4.58,4.53,4.53,85312.85
2020-04-16,4.54,4.81,4.54,4.76,546814.39
2020-04-17,4.81,4.81,4.68,4.69,279245.56
2020-04-20,4.74,4.89,4.7,4.84,413972.91
2020-04-21,4.84,4.89,4.79,4.85,283515.09
2020-04-22,4.82,4.91,4.8,4.83,249277.11
2020-04-23,4.83,4.89,4.78,4.85,260577.2
2020-04-24,4.85,4.89,4.77,4.81,191379.58
2020-04-27,4.81,4.88,4.76,4.76,193016.11
2020-04-28,4.78,4.83,4.61,4.77,253338.1
2020-04-29,4.81,4.83,4.77,4.8,154990.25
2020-04-30,4.78,4.84,4.75,4.78,308076.71
2020-05-06,4.7,4.73,4.64,4.69,388095.34
2020-05-07,4.7,4.7,4.63,4.66,184425.83
2020-05-08,4.68,4.7,4.65,4.67,160797.75
2020-05-11,4.67,4.68,4.61,4.62,189376.05
2020-05-12,4.63,4.64,4.55,4.56,180356.73
2020-05-13,4.56,4.59,4.55,4.58,131818.05
2020-05-14,4.57,4.58,4.53,4.54,107112.61
2020-05-15,4.55,4.57,4.52,4.52,116413.09
2020-05-18,4.58,4.6,4.53,4.56,165801.43
2020-05-19,4.58,4.64,4.58,4.59,156165.26
2020-05-20,4.58,4.58,4.54,4.55,107953.01
2020-05-21,4.57,4.63,4.54,4.55,181792.03
2020-05-22,4.53,4.54,4.4,4.41,251573.07
2020-05-25,4.43,4.44,4.27,4.29,207890.24
2020-05-26,4.3,4.35,4.3,4.33,144544.52
2020-05-27,4.33,4.4,4.29,4.36,134311.35
2020-05-28,4.34,4.41,4.33,4.34,108641.0
2020-05-29,4.35,4.35,4.27,4.29,192011.54
2020-06-01,4.38,4.47,4.36,4.42,286496.91
2020-06-02,4.43,4.44,4.4,4.41,167138.23
2020-06-03,4.42,4.43,4.38,4.38,147514.44
2020-06-04,4.39,4.41,4.34,4.35,124309.28
2020-06-05,4.37,4.79,4.33,4.79,872497.96
2020-06-08,4.99,5.23,4.87,5.03,1797671.98
2020-06-09,4.87,4.92,4.74,4.77,1009257.82
2020-06-10,4.77,4.83,4.67,4.72,506761.22
2020-06-11,4.71,4.97,4.68,4.79,838418.29
2020-06-12,4.66,4.78,4.65,4.71,633975.13
2020-06-15,4.67,5.02,4.62,4.82,949158.3
2020-06-16,4.86,4.96,4.8,4.86,438963.48
2020-06-17,4.86,5.03,4.81,4.96,693599.5
2020-06-18,4.94,4.97,4.84,4.88,369142.77
2020-06-19,4.9,5.18,4.87,5.12,1086495.63
2020-06-22,5.19,5.2,5.04,5.04,603828.97
2020-06-23,5.08,5.18,5.04,5.09,499952.63
2020-06-24,5.11,5.12,4.97,4.99,372758.61
2020-06-29,4.94,5.04,4.9,4.95,288153.13
2020-06-30,4.97,4.99,4.94,4.97,275708.33
2020-07-01,4.97,4.97,4.86,4.92,319224.78
2020-07-02,4.92,5.05,4.9,5.03,436929.71
2020-07-03,5.03,5.36,5.01,5.28,939353.63
2020-07-06,5.23,5.81,5.21,5.75,1360762.02
2020-07-07,5.79,5.91,5.66,5.67,1034529.21
2020-07-08,5.81,5.95,5.66,5.91,1001463.52
2020-07-09,5.89,5.99,5.81,5.87,732388.98
2020-07-10,5.84,5.88,5.67,5.71,935519.34
2020-07-13,5.78,5.87,5.7,5.83,593594.26
2020-07-14,5.84,5.97,5.68,5.77,838143.12
2020-07-15,5.78,5.82,5.42,5.54,824102.85
2020-07-16,5.55,5.64,5.3,5.31,570466.4
2020-07-17,5.31,5.42,5.21,5.27,436338.35
2020-07-20,5.33,5.49,5.33,5.48,410785.86
2020-07-21,5.51,5.59,5.43,5.46,295427.47
2020-07-22,5.44,5.57,5.39,5.43,411182.44
2020-07-23,5.44,5.48,5.29,5.43,365824.14
2020-07-24,5.4,5.52,5.26,5.3,459397.88
2020-07-27,5.36,5.38,5.21,5.24,238936.47
2020-07-28,5.27,5.33,5.21,5.26,231467.85
2020-07-29,5.26,5.41,5.19,5.4,318698.14
2020-07-30,5.4,5.45,5.31,5.36,311579.67
2020-07-31,5.36,5.56,5.34,5.43,447745.25
2020-08-03,5.49,5.98,5.49,5.96,1222460.83
2020-08-04,5.91,5.92,5.67,5.69,1044166.93
2020-08-05,5.83,5.89,5.66,5.82,854328.56
2020-08-06,5.78,5.78,5.54,5.61,919638.43
2020-08-07,5.58,5.67,5.47,5.59,553105.22
2020-08-10,5.6,5.78,5.56,5.67,580327.15
2020-08-11,5.65,6.16,5.6,5.92,1622162.81
2020-08-12,5.89,5.95,5.63,5.78,1003750.32
2020-08-13,5.82,6.0,5.77,5.89,1021788.62
2020-08-14,5.86,5.87,5.63,5.8,738535.39
2020-08-17,5.81,5.91,5.75,5.82,646366.15
2020-08-18,5.84,6.07,5.8,5.99,1118838.8
2020-08-19,5.99,5.99,5.78,5.81,807458.9
2020-08-20,5.75,5.79,5.64,5.64,633245.97
2020-08-21,5.66,5.73,5.62,5.65,435101.09
2020-08-24,5.69,5.73,5.61,5.65,345379.35
2020-08-25,5.65,5.68,5.51,5.55,439464.22
2020-08-26,5.59,5.62,5.41,5.43,335045.19
2020-08-27,5.48,5.51,5.39,5.42,285011.28
2020-08-28,5.4,5.5,5.36,5.48,270672.01
2020-08-31,5.51,5.66,5.45,5.49,452228.3
2020-09-01,5.53,5.53,5.46,5.51,287627.74
2020-09-02,5.51,5.58,5.49,5.51,324990.75
2020-09-03,5.58,5.72,5.54,5.57,608993.82
2020-09-04,5.5,5.52,5.44,5.49,314580.87
2020-09-07,5.46,5.55,5.39,5.39,343643.85
2020-09-08,5.41,5.51,5.35,5.5,248503.95
2020-09-09,5.45,5.48,5.33,5.36,283574.72
2020-09-10,5.43,5.44,5.23,5.23,375487.62
2020-09-11,5.22,5.26,5.16,5.24,202881.87
2020-09-14,5.29,5.34,5.25,5.29,184402.15
2020-09-15,5.29,5.31,5.23,5.3,142624.94
2020-09-16,5.26,5.3,5.19,5.23,302614.68
2020-09-17,5.23,5.26,5.18,5.22,217932.22
2020-09-18,5.25,5.34,5.21,5.34,277261.9
2020-09-21,5.35,5.42,5.25,5.29,216874.07
2020-09-22,5.25,5.28,5.18,5.19,214857.23
2020-09-23,5.19,5.22,5.16,5.17,171805.85
2020-09-24,5.14,5.15,5.02,5.06,245990.2
2020-09-25,5.08,5.09,5.03,5.07,132693.64
2020-09-28,5.1,5.11,4.96,4.97,177706.8
2020-09-29,5.0,5.04,4.96,4.99,187355.58
2020-09-30,5.0,5.03,4.92,4.95,166397.19
2020-10-09,5.02,5.14,5.01,5.09,272611.86
2020-10-12,5.11,5.23,5.11,5.22,286392.07
2020-10-13,5.21,5.29,5.17,5.26,274340.5
2020-10-14,5.27,5.35,5.19,5.3,526576.81
2020-10-15,5.28,5.34,5.17,5.19,293102.73
2020-10-16,5.22,5.24,5.16,5.19,249611.33
2020-10-19,5.22,5.26,5.13,5.14,184688.0
2020-10-20,5.16,5.16,5.06,5.15,179062.13
2020-10-21,5.17,5.17,5.05,5.07,178465.78
2020-10-22,5.07,5.08,5.02,5.05,127078.64
2020-10-23,5.05,5.09,5.02,5.04,136032.1
2020-10-26,5.04,5.07,4.97,5.03,171015.43
2020-10-27,5.03,5.05,4.94,4.99,203623.42
2020-10-28,5.0,5.02,4.93,5.02,197858.65
2020-10-29,4.96,5.01,4.95,5.0,179254.15
2020-10-30,5.02,5.03,4.85,4.87,333116.82
2020-11-02,4.87,4.98,4.85,4.97,223625.65
2020-11-03,4.97,5.03,4.96,4.99,239698.42
2020-11-04,4.98,5.0,4.91,4.94,179897.87
2020-11-05,4.97,5.02,4.95,5.02,195731.64
2020-11-06,5.04,5.04,4.97,5.01,159778.3
2020-11-09,5.03,5.13,5.02,5.1,357997.62
2020-11-10,5.11,5.16,5.06,5.11,265856.01
2020-11-11,5.11,5.11,5.05,5.08,178250.44
2020-11-12,5.11,5.13,5.07,5.08,141962.73
2020-11-13,5.07,5.12,5.06,5.07,213389.58
2020-11-16,5.13,5.16,5.07,5.14,246995.43
2020-11-17,5.14,5.21,5.09,5.17,264721.49
2020-11-18,5.15,5.17,5.11,5.13,209975.0
2020-11-19,5.11,5.15,5.08,5.09,233070.91
2020-11-20,5.1,5.18,5.08,5.15,258850.29
2020-11-23,5.14,5.28,5.11,5.2,369267.04
2020-11-24,5.2,5.36,5.2,5.33,558881.19
2020-11-25,5.34,5.41,5.21,5.22,491682.02
2020-11-26,5.22,5.3,5.18,5.26,246234.23
2020-11-27,5.25,5.26,5.18,5.25,199921.4
2020-11-30,5.24,5.3,5.21,5.23,387613.02
2020-12-01,5.25,5.38,5.19,5.32,366819.84
2020-12-02,5.34,5.36,5.28,5.31,238587.71
2020-12-03,5.32,5.33,5.23,5.28,302921.69
2020-12-04,5.26,5.27,5.21,5.24,213744.61
2020-12-07,5.25,5.57,5.25,5.42,727559.42
2020-12-08,5.38,5.7,5.38,5.64,1024515.38
2020-12-09,5.62,5.7,5.49,5.62,817749.43
2020-12-10,5.57,5.76,5.51,5.73,1049758.31
2020-12-11,5.66,5.68,5.43,5.48,864767.53
2020-12-14,5.51,5.52,5.34,5.41,768208.05
2020-12-15,5.41,5.47,5.36,5.44,341253.64
2020-12-16,5.46,5.55,5.39,5.48,382949.51
2020-12-17,5.46,5.47,5.25,5.37,514779.45
2020-12-18,5.37,5.5,5.33,5.47,473711.82
2020-12-21,5.49,5.58,5.44,5.55,618218.29
2020-12-22,5.53,5.6,5.39,5.41,546079.92
2020-12-23,5.43,5.66,5.4,5.55,896865.22
2020-12-24,5.53,5.62,5.42,5.5,637165.62
2020-12-25,5.48,5.6,5.45,5.56,715698.88
2020-12-28,5.57,5.59,5.46,5.48,586230.64
2020-12-29,5.48,5.5,5.36,5.39,704098.4
2020-12-30,5.39,5.45,5.26,5.36,556465.82
2020-12-31,5.38,5.4,5.3,5.33,471953.84
2021-01-04,5.35,5.56,5.32,5.55,1217348.38
2021-01-05,5.53,5.53,5.45,5.47,707034.7
2021-01-06,5.49,5.55,5.44,5.49,684515.58
2021-01-07,5.52,5.55,5.39,5.46,924756.3
2021-01-08,5.43,6.01,5.35,6.01,2041762.87
2021-01-11,5.7,5.76,5.48,5.48,3998148.86
2021-01-12,5.37,5.41,5.24,5.36,2004577.11
2021-01-13,5.3,5.61,5.2,5.45,2427661.78
2021-01-14,5.38,5.57,5.35,5.44,1718565.75
2021-01-15,5.43,5.52,5.34,5.39,1147724.63
2021-01-18,5.32,5.45,5.31,5.39,1002235.76
2021-01-19,5.37,5.39,5.21,5.24,1310660.04
2021-01-20,5.24,5.27,5.15,5.19,923985.5
2021-01-21,5.18,5.31,5.15,5.28,955918.95
2021-01-22,5.27,5.44,5.2,5.41,1243751.23
2021-01-25,5.4,5.59,5.38,5.53,1719221.06
2021-01-26,5.47,5.47,5.34,5.41,1068030.64
2021-01-27,5.39,5.45,5.36,5.44,681367.71
2021-01-28,5.38,5.41,5.34,5.37,734560.07
2021-01-29,5.38,5.39,5.24,5.3,735040.06
2021-02-01,5.28,5.36,5.21,5.28,672387.97
2021-02-02,5.28,5.6,5.25,5.51,1421651.59
2021-02-03,5.51,5.68,5.46,5.62,1482042.55
2021-02-04,5.56,5.86,5.48,5.64,1684823.08
2021-02-05,5.64,5.67,5.48,5.5,1156791.59
2021-02-08,5.53,5.75,5.4,5.69,1123754.41
2021-02-09,5.68,5.75,5.63,5.72,1000271.61
2021-02-10,5.73,5.73,5.56,5.56,944755.16
2021-02-18,5.64,5.86,5.6,5.73,1497739.8
2021-02-19,5.73,5.86,5.69,5.81,1303865.18
2021-02-22,5.83,5.99,5.74,5.77,1860767.15
2021-02-23,5.75,5.86,5.71,5.73,1208198.51
2021-02-24,5.73,5.73,5.5,5.58,1377108.09
2021-02-25,5.48,5.52,5.36,5.44,1142139.59
2021-02-26,5.33,5.54,5.31,5.51,867116.76
2021-03-01,5.55,5.59,5.48,5.52,525197.76
2021-03-02,5.54,5.54,5.38,5.42,750017.72
2021-03-03,5.4,5.48,5.39,5.45,655695.38
2021-03-04,5.43,5.43,5.32,5.36,961647.34
2021-03-05,5.33,5.41,5.31,5.37,444340.66
2021-03-08,5.4,5.58,5.39,5.45,945349.66
2021-03-09,5.42,5.49,5.29,5.36,690496.7
2021-03-10,5.38,5.41,5.25,5.25,735228.59
2021-03-11,5.24,5.32,5.23,5.32,412267.69
2021-03-12,5.32,5.48,5.29,5.4,712053.21
2021-03-15,5.4,5.44,5.36,5.39,476110.59
2021-03-16,5.39,5.52,5.38,5.51,730577.1
2021-03-17,5.5,5.5,5.41,5.46,499837.06
2021-03-18,5.45,5.51,5.41,5.45,509758.85
2021-03-19,5.41,5.54,5.38,5.47,683004.26
2021-03-22,5.53,5.68,5.53,5.64,1088296.85
2021-03-23,5.62,5.76,5.52,5.55,1097646.94
2021-03-24,5.51,5.6,5.49,5.53,566391.45
2021-03-25,5.5,5.52,5.36,5.36,630962.48
2021-03-26,5.37,5.75,5.37,5.65,1300991.17
2021-03-29,5.59,5.6,5.46,5.48,1093496.05
2021-03-30,5.45,5.46,5.37,5.42,689889.99
2021-03-31,5.41,5.52,5.39,5.48,534173.78
2021-04-01,5.45,5.51,5.44,5.44,413087.57
2021-04-02,5.44,5.44,5.38,5.39,411625.08
2021-04-06,5.41,5.46,5.4,5.42,432716.67
2021-04-07,5.42,5.45,5.38,5.43,435111.95
2021-04-08,5.4,5.41,5.32,5.33,740278.0
2021-04-09,5.31,5.36,5.31,5.34,308346.8
2021-04-12,5.33,5.34,5.25,5.26,442191.65
2021-04-13,5.27,5.28,5.23,5.24,286688.47
2021-04-14,5.24,5.29,5.23,5.28,260691.48
2021-04-15,5.32,5.42,5.28,5.32,493099.57
2021-04-16,5.32,5.34,5.21,5.34,416284.91
2021-04-19,5.33,5.37,5.29,5.34,550492.92
2021-04-20,5.34,5.35,5.28,5.3,408319.13
2021-04-21,5.27,5.3,5.23,5.24,375113.86
2021-04-22,5.23,5.31,5.21,5.27,373035.75
2021-04-23,5.27,5.27,5.15,5.17,541395.81
2021-04-26,5.17,5.21,5.1,5.11,441815.68
2021-04-27,5.11,5.12,4.99,5.04,422672.56
2021-04-28,5.04,5.08,5.0,5.08,215355.51
2021-04-29,5.07,5.11,5.04,5.09,239022.32
2021-04-30,5.12,5.13,5.0,5.04,402902.56
2021-05-06,5.03,5.08,5.03,5.05,322239.76
2021-05-07,5.05,5.07,5.01,5.02,321030.88
2021-05-10,5.0,5.01,4.89,4.93,626115.83
2021-05-11,4.91,5.02,4.89,5.01,426213.76
2021-05-12,5.02,5.1,4.98,5.07,344084.29
2021-05-13,5.04,5.06,4.99,5.01,252348.3
2021-05-14,5.01,5.07,5.01,5.07,278006.15
2021-05-17,5.05,5.08,5.04,5.06,263697.61
2021-05-18,5.08,5.1,5.06,5.09,221512.19
2021-05-19,5.08,5.08,5.0,5.01,275282.96
2021-05-20,5.03,5.04,4.98,5.02,197624.35
2021-05-21,5.03,5.04,4.95,4.96,316444.73
2021-05-24,4.95,4.99,4.93,4.98,217810.27
2021-05-25,4.98,5.02,4.93,5.01,335467.02
2021-05-26,5.01,5.01,4.99,4.99,257720.63
2021-05-27,4.99,5.01,4.97,5.01,276310.08
2021-05-28,5.02,5.11,5.0,5.05,389918.72
2021-05-31,4.54,4.54,4.54,4.54,413680.0
2021-06-01,4.23,4.48,4.23,4.4,2071261.22
2021-06-02,4.31,4.34,4.26,4.29,1234138.27
2021-06-03,4.28,4.45,4.27,4.38,940059.73
2021-06-04,4.39,4.42,4.35,4.37,482402.65
2021-06-07,4.36,4.36,4.28,4.31,469169.91
2021-06-08,4.31,4.32,4.28,4.31,424410.26
2021-06-09,4.31,4.32,4.28,4.31,356067.37
2021-06-10,4.31,4.32,4.28,4.31,554074.51
2021-06-11,4.31,4.31,4.28,4.3,732249.11
2021-06-15,4.29,4.3,4.13,4.21,661637.1
2021-06-16,4.19,4.25,4.17,4.2,280508.04
2021-06-17,4.18,4.21,4.14,4.16,378519.82
2021-06-18,4.17,4.17,4.08,4.13,437935.68
2021-06-21,4.15,4.18,4.12,4.15,354940.12
2021-06-22,4.14,4.21,4.12,4.2,393640.47
2021-06-23,4.21,4.23,4.18,4.2,293322.88
2021-06-24,4.19,4.24,4.16,4.22,383686.57
2021-06-25,4.22,4.24,4.18,4.2,286623.78
2021-06-28,4.21,4.22,4.19,4.2,306955.32
2021-06-29,4.21,4.21,4.16,4.16,325027.42
2021-06-30,4.16,4.18,4.1,4.17,348281.0
2021-07-01,4.17,4.17,4.11,4.12,303072.19
2021-07-02,4.11,4.11,4.08,4.09,271827.4
2021-07-05,4.09,4.13,4.09,4.1,248579.85
2021-07-06,3.96,4.02,3.84,3.9,1056327.66
2021-07-07,3.87,3.95,3.84,3.91,529125.51
2021-07-08,3.92,4.01,3.9,4.0,593078.91
2021-07-09,4.01,4.02,3.95,3.97,310099.05
2021-07-12,3.99,4.04,3.97,3.97,387484.6
2021-07-13,3.97,4.01,3.94,3.98,329722.67
2021-07-14,3.98,3.99,3.91,3.92,405380.69
2021-07-15,3.93,3.93,3.85,3.91,356524.51
2021-07-16,3.91,4.08,3.9,3.98,723018.6
2021-07-19,3.96,3.96,3.9,3.92,413616.9
2021-07-20,3.91,3.95,3.89,3.94,258668.06
2021-07-21,3.95,3.97,3.92,3.94,291189.78
2021-07-22,3.94,3.98,3.9,3.96,326654.31
2021-07-23,3.95,3.96,3.92,3.93,305921.48
2021-07-26,3.92,3.92,3.84,3.87,487447.56
2021-07-27,3.87,3.89,3.83,3.84,354938.19
2021-07-28,3.81,3.81,3.66,3.71,588508.74
2021-07-29,3.71,3.73,3.56,3.62,752640.1
2021-07-30,3.61,3.99,3.58,3.99,1742655.89
2021-08-02,4.11,4.37,4.0,4.26,2572289.18
2021-08-03,4.19,4.19,4.06,4.09,1242266.09
2021-08-04,4.03,4.24,3.99,4.15,1177793.66
2021-08-05,4.14,4.23,4.09,4.12,925851.57
2021-08-06,3.98,4.34,3.87,4.23,1667591.25
2021-08-09,4.12,4.2,4.06,4.13,969753.09
2021-08-10,4.11,4.54,4.1,4.48,2600285.41
2021-08-11,4.46,4.65,4.37,4.52,2196653.15
2021-08-12,4.48,4.94,4.43,4.87,2593217.95
2021-08-13,4.76,5.09,4.66,4.9,2542666.39
2021-08-16,4.85,4.96,4.71,4.84,1555587.81
2021-08-17,4.86,4.98,4.6,4.63,1580459.48
2021-08-18,4.54,4.74,4.5,4.52,1675117.41
2021-08-19,4.47,4.48,4.35,4.37,1217683.73
2021-08-20,4.36,4.61,4.35,4.5,1460754.5
2021-08-23,4.51,4.64,4.47,4.51,1051626.47
2021-08-24,4.55,4.6,4.44,4.45,880532.72
2021-08-25,4.44,4.75,4.4,4.71,1584782.27
2021-08-26,4.7,4.87,4.64,4.74,1371561.42
2021-08-27,4.81,4.85,4.66,4.72,1082103.67
2021-08-30,4.64,4.93,4.54,4.85,1655675.9
2021-08-31,4.84,4.93,4.73,4.89,1322246.0
2021-09-01,4.82,4.9,4.68,4.76,980318.07
2021-09-02,4.75,5.02,4.73,5.0,1663315.46
2021-09-03,4.95,5.09,4.92,4.93,1269593.49
2021-09-06,4.92,4.98,4.8,4.88,835028.6
2021-09-07,4.86,4.92,4.82,4.89,681527.49
2021-09-08,4.93,5.07,4.86,4.99,1283267.48
2021-09-09,4.96,4.97,4.88,4.91,854302.84
2021-09-10,4.88,4.96,4.75,4.77,1142419.82
2021-09-13,4.77,4.84,4.73,4.76,642925.86
2021-09-14,4.77,4.82,4.55,4.59,991604.19
2021-09-15,4.57,4.97,4.54,4.9,1484451.42
2021-09-16,4.9,4.99,4.77,4.79,879895.69
2021-09-17,4.8,5.03,4.77,4.88,1222568.18
2021-09-22,4.83,5.29,4.78,5.21,2185052.3
2021-09-23,5.3,5.32,5.08,5.18,1733327.23
2021-09-24,5.22,5.55,5.1,5.47,2685370.21
2021-09-27,5.55,5.56,5.13,5.13,2305758.04
2021-09-28,5.08,5.35,5.07,5.21,1159181.27
2021-09-29,5.18,5.51,5.09,5.24,1989463.0
2021-09-30,5.23,5.31,5.05,5.2,1381465.01
2021-10-08,5.23,5.28,5.02,5.08,1057394.05
2021-10-11,5.07,5.11,4.88,4.9,925562.09
2021-10-12,4.89,4.95,4.71,4.76,757802.43
2021-10-13,4.76,4.8,4.7,4.76,411364.7
2021-10-14,4.73,4.89,4.71,4.82,428966.88
2021-10-15,4.81,4.85,4.68,4.7,551329.54
2021-10-18,4.71,4.81,4.71,4.76,421083.24
2021-10-19,4.72,4.81,4.68,4.69,578882.04
2021-10-20,4.66,4.75,4.62,4.68,474570.17
2021-10-21,4.71,4.72,4.59,4.61,483941.74
2021-10-22,4.61,4.64,4.48,4.48,521381.08
2021-10-25,4.48,4.71,4.46,4.7,645345.55
2021-10-26,4.7,4.76,4.58,4.61,575436.47
2021-10-27,4.59,4.71,4.59,4.61,523852.03
2021-10-28,4.62,4.7,4.51,4.56,497798.02
2021-10-29,4.56,4.79,4.47,4.75,837254.36
2021-11-01,4.73,4.91,4.71,4.81,715400.66
2021-11-02,4.79,4.91,4.7,4.75,727779.15
2021-11-03,4.71,4.9,4.71,4.79,628006.48
2021-11-04,4.81,5.05,4.79,5.03,1199059.33
2021-11-05,5.07,5.21,4.98,5.03,1269468.62
2021-11-08,4.98,5.08,4.93,4.97,749103.53
2021-11-09,4.97,5.1,4.95,4.99,603509.75
2021-11-10,4.95,5.01,4.85,4.93,561860.27
2021-11-11,4.92,4.95,4.84,4.9,519063.86
2021-11-12,4.91,5.02,4.87,4.91,646150.05
2021-11-15,4.91,4.96,4.84,4.85,476316.3
2021-11-16,4.9,4.9,4.76,4.76,502453.31
2021-11-17,4.76,4.84,4.7,4.8,417284.02
2021-11-18,4.78,4.86,4.75,4.79,545440.52
2021-11-19,4.8,4.96,4.73,4.91,830614.56
2021-11-22,4.94,5.0,4.89,4.93,664558.17
2021-11-23,4.91,5.07,4.89,5.02,909649.58
2021-11-24,5.0,5.02,4.86,4.88,751193.82
2021-11-25,4.87,4.93,4.84,4.87,433225.89
2021-11-26,4.87,4.91,4.81,4.89,388721.96
2021-11-29,4.81,4.87,4.79,4.81,569937.83
2021-11-30,4.81,4.85,4.78,4.84,683321.77
2021-12-01,4.81,4.83,4.78,4.81,474816.47
2021-12-02,4.81,4.83,4.77,4.77,388085.7
2021-12-03,4.77,4.85,4.7,4.83,591795.01
2021-12-06,4.84,4.91,4.8,4.83,618979.39
2021-12-07,4.83,4.86,4.71,4.76,554585.43
2021-12-08,4.76,4.81,4.74,4.75,440220.12
2021-12-09,4.76,4.76,4.7,4.73,536082.88
2021-12-10,4.71,4.72,4.6,4.68,1166674.65
2021-12-13,4.66,4.8,4.63,4.73,765355.51
2021-12-14,4.71,4.74,4.66,4.67,447731.9
2021-12-15,4.66,4.79,4.62,4.72,664821.14
2021-12-16,4.72,4.77,4.71,4.75,377749.07
2021-12-17,4.76,5.17,4.72,4.95,1859513.92
2021-12-20,4.98,5.05,4.92,4.97,1048526.27
2021-12-21,4.94,5.0,4.88,5.0,632303.13
2021-12-22,5.0,5.0,4.89,4.9,528232.46
2021-12-23,4.89,5.07,4.87,5.04,967143.67
2021-12-24,5.04,5.05,4.91,4.93,598748.05
2021-12-27,4.94,5.15,4.94,5.04,870924.58
2021-12-28,5.04,5.04,4.95,4.99,493997.38
2021-12-29,5.01,5.02,4.89,4.91,495265.06
2021-12-30,4.9,4.94,4.88,4.88,477344.82
2021-12-31,4.91,4.94,4.82,4.86,598725.27
2022-01-04,4.9,4.94,4.87,4.88,520304.95
2022-01-05,4.92,4.93,4.77,4.79,653011.99
2022-01-06,4.76,4.84,4.74,4.79,415833.32
2022-01-07,4.8,4.81,4.75,4.76,429336.14
2022-01-10,4.75,4.76,4.69,4.75,423259.54
2022-01-11,4.74,4.78,4.69,4.71,445266.0
2022-01-12,4.7,4.73,4.68,4.71,449380.17
2022-01-13,4.71,4.72,4.65,4.66,414438.69
2022-01-14,4.64,4.66,4.6,4.61,381605.29
2022-01-17,4.62,4.65,4.6,4.65,251981.54
2022-01-18,4.65,4.71,4.61,4.69,349073.0
2022-01-19,4.7,4.71,4.62,4.64,300986.71
2022-01-20,4.64,4.66,4.61,4.63,249008.47
2022-01-21,4.63,4.63,4.48,4.5,622860.53
2022-01-24,4.46,4.46,4.4,4.45,275715.39
2022-01-25,4.45,4.45,4.27,4.31,472648.55
2022-01-26,4.33,4.36,4.29,4.31,288104.55
2022-01-27,4.31,4.33,4.21,4.21,296873.14
2022-01-28,4.24,4.33,4.17,4.28,328050.92
2022-02-07,4.32,4.5,4.32,4.39,542651.77
2022-02-08,4.41,4.52,4.41,4.51,422009.96
2022-02-09,4.51,4.55,4.46,4.52,346943.53
2022-02-10,4.52,4.66,4.5,4.58,462563.02
2022-02-11,4.57,4.6,4.51,4.52,306225.97
2022-02-14,4.51,4.55,4.47,4.5,273247.04
2022-02-15,4.5,4.54,4.49,4.51,166813.29
2022-02-16,4.53,4.54,4.49,4.5,189653.78
2022-02-17,4.49,4.52,4.45,4.47,211588.7
2022-02-18,4.44,4.54,4.41,4.54,294396.78
2022-02-21,4.53,4.55,4.5,4.55,199238.43
2022-02-22,4.54,4.54,4.45,4.49,245732.2
2022-02-23,4.5,4.52,4.48,4.5,207512.65
2022-02-24,4.49,4.53,4.35,4.4,434358.94
2022-02-25,4.41,4.46,4.4,4.43,222635.28
2022-02-28,4.44,4.44,4.35,4.41,271916.66
2022-03-01,4.44,4.53,4.43,4.49,310026.95
2022-03-02,4.47,4.5,4.45,4.49,164613.33
2022-03-03,4.51,4.57,4.5,4.53,335816.35
2022-03-04,4.51,4.52,4.46,4.48,235117.25
2022-03-07,4.46,4.47,4.4,4.42,245708.55
2022-03-08,4.42,4.44,4.28,4.29,340681.73
2022-03-09,4.3,4.33,4.1,4.26,378359.32
2022-03-10,4.33,4.35,4.28,4.3,264261.95
2022-03-11,4.26,4.31,4.17,4.3,302615.0
2022-03-14,4.27,4.3,4.18,4.19,223183.23
2022-03-15,4.17,4.18,3.9,3.91,623414.45
2022-03-16,3.95,4.15,3.9,4.12,478429.69
2022-03-17,4.17,4.18,4.11,4.12,345761.42
2022-03-18,4.11,4.16,4.08,4.15,238887.17
2022-03-21,4.14,4.18,4.08,4.11,258557.25
2022-03-22,4.11,4.16,4.09,4.13,192198.76
2022-03-23,4.16,4.24,4.16,4.17,347270.26
2022-03-24,4.15,4.18,4.1,4.12,217194.0
2022-03-25,4.1,4.14,4.06,4.07,215433.97
2022-03-28,4.04,4.09,3.98,4.07,221023.0
2022-03-29,4.07,4.08,3.99,4.01,224645.76
2022-03-30,4.03,4.07,4.02,4.06,217311.01
2022-03-31,4.04,4.07,4.03,4.04,204198.27
2022-04-01,4.02,4.05,3.99,4.05,194504.0
2022-04-06,4.03,4.11,4.01,4.11,241576.0
2022-04-07,4.09,4.1,4.01,4.01,227032.0
2022-04-08,4.0,4.03,3.94,4.01,268437.0
2022-04-11,4.0,4.0,3.92,3.93,241752.0
2022-04-12,3.93,4.0,3.9,3.99,209769.0
2022-04-13,3.98,4.03,3.95,4.01,199056.0
2022-04-14,4.02,4.03,3.99,4.0,176075.0
2022-04-15,3.98,3.99,3.95,3.95,180900.0
2022-04-18,3.95,3.97,3.9,3.96,141866.0
2022-04-19,3.98,4.03,3.96,4.0,218174.0
2022-04-20,4.0,4.02,3.95,3.98,170403.0
2022-04-21,4.01,4.06,3.91,3.91,293763.0
2022-04-22,3.89,3.92,3.83,3.9,225852.0
2022-04-25,3.85,3.87,3.69,3.7,284685.0
2022-04-26,3.7,3.82,3.65,3.68,288206.0
2022-04-27,3.63,3.77,3.6,3.77,234010.0
2022-04-28,3.77,3.79,3.7,3.74,164593.0
2022-04-29,3.76,3.85,3.75,3.84,232437.0
2022-05-05,3.82,3.87,3.78,3.84,236716.0
2022-05-06,3.77,3.79,3.73,3.75,168758.0
2022-05-09,3.71,3.78,3.71,3.74,103856.0
2022-05-10,3.71,3.8,3.7,3.78,194696.0
2022-05-11,3.78,3.86,3.78,3.82,266606.0
2022-05-12,3.82,3.84,3.78,3.81,146996.0
2022-05-13,3.81,3.83,3.78,3.83,112751.0
2022-05-16,3.84,3.85,3.81,3.83,138511.0
2022-05-17,3.82,3.84,3.79,3.84,115513.0
2022-05-18,3.86,3.91,3.82,3.89,211855.0
2022-05-19,3.85,4.03,3.84,4.0,369376.0
2022-05-20,4.0,4.03,3.96,4.0,251742.0
2022-05-23,4.02,4.04,3.96,4.02,204722.0
2022-05-24,4.03,4.08,3.91,3.93,295080.0
2022-05-25,3.92,4.02,3.91,4.02,215473.0
2022-05-26,4.02,4.05,3.99,4.04,219114.0
2022-05-27,4.04,4.05,4.0,4.02,172168.0
2022-05-30,4.01,4.05,3.99,4.0,194799.0
2022-05-31,4.01,4.11,4.01,4.07,445483.0
2022-06-01,4.07,4.17,4.05,4.16,389165.0
2022-06-02,4.15,4.22,4.12,4.2,300799.0
2022-06-06,4.18,4.2,4.13,4.19,313130.0
2022-06-07,4.18,4.19,4.12,4.16,238510.0
2022-06-08,4.16,4.22,4.1,4.16,264323.0
2022-06-09,4.15,4.19,4.08,4.09,266061.0
2022-06-10,4.07,4.15,4.06,4.13,238662.0
2022-06-13,4.11,4.13,4.05,4.09,316596.0
2022-06-14,4.06,4.13,4.0,4.12,309835.0
2022-06-15,4.15,4.17,4.1,4.11,420921.0
2022-06-16,4.1,4.12,4.05,4.06,311858.0
2022-06-17,4.03,4.1,4.03,4.07,276429.0
2022-06-20,4.07,4.17,4.06,4.16,381097.0
2022-06-21,4.16,4.18,4.12,4.15,237320.0
2022-06-22,4.16,4.17,4.09,4.09,185748.0
2022-06-23,4.09,4.12,4.06,4.1,334660.0
2022-06-24,4.11,4.12,4.08,4.09,227180.0
2022-06-27,4.1,4.1,4.06,4.1,259467.0
2022-06-28,4.1,4.3,4.07,4.27,776525.0
2022-06-29,4.27,4.3,4.12,4.12,532561.0
2022-06-30,4.11,4.17,4.11,4.11,455928.0
2022-07-01,4.11,4.13,4.07,4.07,277790.0
2022-07-04,4.13,4.21,4.08,4.18,485813.0
2022-07-05,4.23,4.6,4.23,4.6,3218199.0
2022-07-06,4.62,4.63,4.38,4.41,2338211.0
2022-07-07,4.34,4.53,4.34,4.47,1429897.0
2022-07-08,4.48,4.48,4.3,4.31,1040932.0
2022-07-11,4.33,4.61,4.29,4.51,1487766.0
2022-07-12,4.45,4.76,4.44,4.54,1639916.0
2022-07-13,4.54,4.68,4.46,4.53,1118781.0
2022-07-14,4.51,4.62,4.44,4.56,1032762.0
2022-07-15,4.48,4.5,4.36,4.38,1005724.0
2022-07-18,4.38,4.52,4.38,4.51,805386.0
2022-07-19,4.5,4.5,4.4,4.45,592405.0
2022-07-20,4.45,4.54,4.42,4.49,771238.0
2022-07-21,4.47,4.64,4.45,4.53,1162009.0
2022-07-22,4.51,4.58,4.48,4.53,661900.0
2022-07-25,4.53,4.55,4.41,4.44,592661.0
2022-07-26,4.43,4.44,4.37,4.43,358068.0
2022-07-27,4.44,4.47,4.41,4.42,339667.0
2022-07-28,4.43,4.49,4.42,4.46,443715.0
2022-07-29,4.46,4.58,4.43,4.45,581366.0
2022-08-01,4.44,4.5,4.36,4.47,539634.0
2022-08-02,4.41,4.42,4.24,4.31,615296.0
2022-08-03,4.34,4.4,4.24,4.26,540294.0
2022-08-04,4.28,4.31,4.24,4.29,320926.0
2022-08-05,4.3,4.31,4.22,4.28,378822.0
2022-08-08,4.28,4.33,4.25,4.29,279982.0
2022-08-09,4.29,4.35,4.27,4.33,277692.0
2022-08-10,4.32,4.34,4.28,4.29,224800.0
2022-08-11,4.3,4.36,4.28,4.35,324724.0
2022-08-12,4.34,4.37,4.33,4.37,237844.0
2022-08-15,4.36,4.38,4.31,4.36,264269.0
2022-08-16,4.36,4.47,4.36,4.44,413695.0
2022-08-17,4.45,4.53,4.44,4.5,424902.0
2022-08-18,4.5,4.55,4.45,4.47,372431.0
2022-08-19,4.46,4.49,4.42,4.47,338791.0
2022-08-22,4.45,4.52,4.4,4.43,378926.0
2022-08-23,4.41,4.48,4.39,4.47,293783.0
2022-08-24,4.47,4.48,4.3,4.33,420036.0
2022-08-25,4.33,4.35,4.25,4.31,310661.0
2022-08-26,4.33,4.38,4.28,4.34,307747.0
2022-08-29,4.28,4.38,4.27,4.37,239577.0
2022-08-30,4.38,4.51,4.35,4.41,550856.0
2022-08-31,4.4,4.4,4.24,4.24,547951.0
2022-09-01,4.27,4.28,4.17,4.18,387064.0
2022-09-02,4.18,4.23,4.17,4.19,220059.0
2022-09-05,4.2,4.32,4.19,4.27,261291.0
2022-09-06,4.27,4.34,4.27,4.34,325521.0
2022-09-07,4.32,4.58,4.3,4.52,1084647.0
2022-09-08,4.5,4.68,4.49,4.58,1034629.0
2022-09-09,4.6,4.63,4.52,4.56,565470.0
2022-09-13,4.59,4.61,4.48,4.52,486433.0
2022-09-14,4.47,4.51,4.41,4.46,388103.0
2022-09-15,4.53,4.6,4.4,4.46,651224.0
2022-09-16,4.45,4.52,4.35,4.35,557630.0
2022-09-19,4.34,4.35,4.2,4.24,467129.0
2022-09-20,4.27,4.28,4.21,4.23,295435.0
2022-09-21,4.21,4.25,4.12,4.22,274313.0
2022-09-22,4.23,4.27,4.19,4.23,220267.0
2022-09-23,4.22,4.27,4.12,4.13,452666.0
2022-09-26,4.09,4.09,3.95,3.98,485751.0
2022-09-27,3.99,4.05,3.95,4.05,332439.0
2022-09-28,4.04,4.05,3.97,3.98,234562.0
2022-09-29,4.01,4.03,3.86,3.89,303308.0
2022-09-30,3.89,3.91,3.86,3.87,194500.0
2022-10-10,3.86,3.9,3.8,3.81,223196.0
2022-10-11,3.82,3.89,3.77,3.89,203717.0
2022-10-12,3.89,3.98,3.85,3.97,220585.0
2022-10-13,3.95,4.03,3.94,4.0,191960.0
2022-10-14,4.0,4.04,3.99,4.02,234792.0
2022-10-17,4.01,4.03,3.97,4.02,183219.0
2022-10-18,4.05,4.12,4.04,4.06,255999.0
2022-10-19,4.04,4.06,3.99,4.0,229847.0
2022-10-20,3.99,4.04,3.96,3.99,166729.0
2022-10-21,4.0,4.07,4.0,4.03,195333.0
2022-10-24,4.05,4.07,3.94,3.98,245523.0
2022-10-25,3.98,4.04,3.92,4.03,212790.0
2022-10-26,4.05,4.07,4.02,4.04,183111.0
2022-10-27,4.03,4.05,3.98,3.99,202197.0
2022-10-28,3.97,3.98,3.87,3.91,218267.0
2022-10-31,3.87,3.93,3.84,3.88,235496.0
2022-11-01,3.89,3.97,3.86,3.97,205689.0
2022-11-02,3.97,4.02,3.96,4.01,241085.0
2022-11-03,3.99,4.01,3.96,3.98,178890.0
2022-11-04,3.98,4.11,3.97,4.08,373681.0
2022-11-07,4.13,4.14,4.08,4.12,313467.0
2022-11-08,4.12,4.12,4.05,4.09,189333.0
2022-11-09,4.09,4.1,4.05,4.06,138438.0
2022-11-10,4.04,4.08,4.01,4.07,186952.0
2022-11-11,4.11,4.14,4.07,4.08,251497.0
2022-11-14,4.09,4.1,4.03,4.04,216283.0
2022-11-15,4.05,4.1,4.04,4.1,221021.0
2022-11-16,4.09,4.12,4.07,4.09,217698.0
2022-11-17,4.08,4.08,4.04,4.07,170041.0
2022-11-18,4.08,4.11,4.06,4.09,220158.0
2022-11-21,4.09,4.09,4.04,4.06,176528.0
2022-11-22,4.06,4.19,4.04,4.13,509675.0
2022-11-23,4.14,4.17,4.1,4.17,316820.0
2022-11-24,4.18,4.23,4.15,4.16,266799.0
2022-11-25,4.15,4.29,4.1,4.25,639424.0
2022-11-28,4.2,4.2,4.14,4.17,412737.0
2022-11-29,4.15,4.2,4.15,4.18,288665.0
2022-11-30,4.18,4.25,4.17,4.24,343237.0
2022-12-01,4.25,4.32,4.21,4.23,405733.0
2022-12-02,4.22,4.27,4.21,4.24,215816.0
2022-12-05,4.25,4.34,4.24,4.33,450760.0
2022-12-06,4.33,4.33,4.25,4.27,311755.0
2022-12-07,4.28,4.31,4.23,4.24,259857.0
2022-12-08,4.23,4.26,4.21,4.22,201290.0
2022-12-09,4.23,4.26,4.22,4.24,200200.0
2022-12-12,4.21,4.24,4.15,4.16,260189.0
2022-12-13,4.17,4.23,4.15,4.21,218484.0
2022-12-14,4.21,4.22,4.11,4.12,234748.0
2022-12-15,4.13,4.15,4.11,4.13,125492.0
2022-12-16,4.12,4.15,4.1,4.11,157153.0
2022-12-19,4.09,4.11,4.01,4.02,194983.0
2022-12-20,4.01,4.05,4.0,4.03,125398.0
2022-12-21,4.03,4.04,3.98,4.01,118561.0
2022-12-22,4.02,4.04,3.97,3.97,133182.0
2022-12-23,3.96,4.0,3.94,3.94,139072.0
2022-12-26,3.96,3.97,3.93,3.96,162974.0
2022-12-27,3.96,3.98,3.96,3.98,106236.0
2022-12-28,3.98,4.0,3.96,3.99,117198.0
2022-12-29,3.97,3.98,3.94,3.94,148835.0
2022-12-30,3.96,3.97,3.93,3.94,115073.0
2023-01-03,3.95,4.01,3.92,4.0,190822.0
2023-01-04,3.99,4.01,3.97,4.0,181994.0
2023-01-05,4.01,4.02,3.97,4.01,169209.0
2023-01-06,4.01,4.04,3.98,3.99,175596.0
2023-01-09,3.99,4.03,3.99,4.01,131552.0
2023-01-10,4.01,4.01,3.98,3.99,109038.0
2023-01-11,3.99,4.0,3.94,3.95,140478.0
2023-01-12,3.95,3.98,3.93,3.97,116337.0
2023-01-13,3.97,3.98,3.95,3.98,99411.0
2023-01-16,3.99,4.03,3.98,4.03,197837.0
2023-01-17,4.03,4.03,3.99,4.01,115804.0
2023-01-18,4.02,4.03,3.99,4.01,110783.0
2023-01-19,4.01,4.02,3.98,4.02,158745.0
2023-01-20,4.02,4.07,4.01,4.07,217046.0
2023-01-30,4.1,4.13,4.08,4.11,245947.0
2023-01-31,4.08,4.11,4.06,4.09,200803.0
2023-02-01,4.09,4.14,4.09,4.14,238777.0
2023-02-02,4.15,4.17,4.12,4.14,219349.0
2023-02-03,4.14,4.14,4.08,4.12,190636.0
2023-02-06,4.12,4.14,4.09,4.13,158650.0
2023-02-07,4.13,4.14,4.11,4.14,143519.0
2023-02-08,4.14,4.15,4.11,4.11,155883.0
2023-02-09,4.11,4.16,4.1,4.16,208144.0
2023-02-10,4.16,4.2,4.15,4.19,261194.0
2023-02-13,4.2,4.22,4.19,4.2,258249.0
2023-02-14,4.21,4.21,4.17,4.2,173322.0
2023-02-15,4.2,4.21,4.17,4.19,150510.0
2023-02-16,4.19,4.22,4.1,4.12,362307.0
2023-02-17,4.12,4.16,4.1,4.12,239601.0
2023-02-20,4.14,4.17,4.12,4.16,223891.0
2023-02-21,4.17,4.21,4.15,4.2,294680.0
2023-02-22,4.18,4.21,4.18,4.2,152630.0
2023-02-23,4.2,4.22,4.16,4.18,164905.0
2023-02-24,4.18,4.18,4.15,4.17,130815.0
2023-02-27,4.14,4.18,4.14,4.15,133708.0
2023-02-28,4.16,4.2,4.13,4.19,257877.0
2023-03-01,4.19,4.25,4.17,4.19,493219.0
2023-03-02,4.22,4.31,4.2,4.27,526189.0
2023-03-03,4.28,4.34,4.25,4.33,547536.0
2023-03-06,4.34,4.35,4.31,4.34,293965.0
2023-03-07,4.33,4.39,4.28,4.29,405725.0
2023-03-08,4.31,4.32,4.24,4.27,254688.0
2023-03-09,4.28,4.3,4.25,4.28,197998.0
2023-03-10,4.26,4.26,4.19,4.2,299285.0
2023-03-13,4.19,4.23,4.18,4.21,192696.0
2023-03-14,4.2,4.24,4.16,4.19,238442.0
2023-03-15,4.22,4.54,4.21,4.47,1103326.0
2023-03-16,4.5,4.51,4.38,4.39,517265.0
2023-03-17,4.42,4.64,4.42,4.53,877316.0
2023-03-20,4.54,4.74,4.54,4.6,1036327.0
2023-03-21,4.6,4.69,4.57,4.6,639155.0
2023-03-22,4.61,4.63,4.54,4.58,441147.0
2023-03-23,4.58,4.6,4.53,4.57,376994.0
2023-03-24,4.57,4.57,4.48,4.51,482937.0
2023-03-27,4.52,4.53,4.44,4.46,354718.0
2023-03-28,4.48,4.49,4.43,4.45,263827.0
2023-03-29,4.46,4.47,4.38,4.41,326486.0
2023-03-30,4.45,4.53,4.42,4.52,553633.0
2023-03-31,4.5,4.51,4.39,4.42,468470.0
2023-04-03,4.42,4.52,4.42,4.5,465687.0
2023-04-04,4.5,4.55,4.46,4.5,352726.0
2023-04-06,4.5,4.67,4.47,4.63,627716.0
2023-04-07,4.62,4.68,4.56,4.58,365399.0
2023-04-10,4.59,4.67,4.58,4.6,403711.0
2023-04-11,4.61,4.62,4.52,4.57,357961.0
2023-04-12,4.57,4.62,4.54,4.6,275652.0
2023-04-13,4.61,4.74,4.55,4.56,583926.0
2023-04-14,4.58,4.73,4.55,4.7,801670.0
2023-04-17,4.71,4.76,4.67,4.7,507529.0
2023-04-18,4.69,4.71,4.58,4.66,468936.0
2023-04-19,4.64,4.67,4.59,4.62,281920.0
2023-04-20,4.61,4.67,4.56,4.66,313975.0
2023-04-21,4.66,4.66,4.52,4.53,396268.0
2023-04-24,4.54,4.57,4.48,4.52,336027.0
2023-04-25,4.52,4.53,4.41,4.48,336816.0
2023-04-26,4.6,4.72,4.56,4.71,1071513.0
2023-04-27,4.68,4.75,4.62,4.71,632546.0
2023-04-28,4.7,4.71,4.65,4.69,408873.0
2023-05-04,4.66,4.85,4.64,4.7,1441872.0
2023-05-05,4.66,4.68,4.56,4.58,613406.0
2023-05-08,4.61,4.71,4.57,4.58,1186199.0
2023-05-09,4.59,4.72,4.54,4.65,992630.0
2023-05-10,4.63,4.74,4.58,4.7,683182.0
2023-05-11,4.69,4.81,4.67,4.74,625601.0
2023-05-12,4.73,4.77,4.67,4.69,444596.0
2023-05-15,4.68,4.71,4.6,4.69,440527.0
2023-05-16,4.69,4.77,4.67,4.72,543973.0
2023-05-17,4.69,4.7,4.61,4.66,446156.0
2023-05-18,4.64,4.68,4.61,4.63,328183.0
2023-05-19,4.62,4.62,4.55,4.55,393028.0
2023-05-22,4.55,4.59,4.53,4.56,258198.0
2023-05-23,4.55,4.55,4.44,4.45,409428.0
2023-05-24,4.44,4.45,4.38,4.39,347440.0
2023-05-25,4.36,4.42,4.35,4.41,278316.0
2023-05-26,4.41,4.42,4.36,4.41,186238.0
2023-05-29,4.43,4.5,4.4,4.45,335043.0
2023-05-30,4.44,4.49,4.41,4.49,326766.0
2023-05-31,4.45,4.94,4.45,4.83,2112514.0
2023-06-01,4.75,4.8,4.71,4.73,751734.0
2023-06-02,4.74,4.76,4.66,4.67,498558.0
2023-06-05,4.69,4.7,4.62,4.64,344079.0
2023-06-06,4.63,4.67,4.57,4.59,403171.0
2023-06-07,4.58,4.6,4.53,4.57,316549.0
2023-06-08,4.56,4.61,4.52,4.61,364629.0
2023-06-09,4.59,4.59,4.54,4.57,341662.0
2023-06-12,4.57,4.58,4.52,4.53,249540.0
2023-06-13,4.54,4.58,4.52,4.54,219857.0
2023-06-14,4.56,4.56,4.47,4.5,282870.0
2023-06-15,4.52,4.53,4.48,4.53,243908.0
2023-06-16,4.54,4.61,4.53,4.6,443667.0
2023-06-19,4.58,4.65,4.57,4.64,325846.0
2023-06-20,4.64,4.65,4.59,4.61,239359.0
2023-06-21,4.59,4.63,4.53,4.54,296674.0
2023-06-26,4.53,4.53,4.44,4.46,340451.0
2023-06-27,4.46,4.63,4.45,4.61,417275.0
2023-06-28,4.6,4.64,4.55,4.63,328845.0
2023-06-29,4.63,4.66,4.58,4.6,256640.0
2023-06-30,4.6,4.63,4.57,4.57,272826.0
2023-07-03,4.57,4.68,4.57,4.64,347309.0
2023-07-04,4.65,4.65,4.6,4.62,219238.0
2023-07-05,4.61,4.64,4.57,4.59,178327.0
2023-07-06,4.58,4.6,4.55,4.57,189829.0
2023-07-07,4.55,4.59,4.54,4.56,131140.0
2023-07-10,4.59,4.68,4.58,4.65,505491.0
2023-07-11,4.65,4.68,4.62,4.66,297279.0
2023-07-12,4.68,4.7,4.62,4.63,371200.0
2023-07-13,4.67,4.7,4.64,4.67,322822.0
2023-07-14,4.68,4.72,4.66,4.69,361350.0
2023-07-17,4.7,4.78,4.68,4.74,426352.0
2023-07-18,4.75,4.77,4.72,4.75,306895.0
2023-07-19,4.76,4.76,4.7,4.74,232603.0
2023-07-20,4.74,4.76,4.65,4.66,277678.0
2023-07-21,4.64,4.68,4.62,4.64,210283.0
2023-07-24,4.63,4.66,4.6,4.65,172992.0
2023-07-25,4.69,4.7,4.65,4.69,278131.0
2023-07-26,4.68,4.7,4.66,4.68,138507.0
2023-07-27,4.68,4.76,4.67,4.7,288655.0
2023-07-28,4.7,4.74,4.67,4.74,243421.0
2023-07-31,4.75,4.78,4.72,4.77,391544.0
2023-08-01,4.81,4.83,4.78,4.82,465142.0
2023-08-02,4.83,4.9,4.8,4.82,451456.0
2023-08-03,4.83,4.83,4.76,4.8,273016.0
2023-08-04,4.81,4.85,4.76,4.78,380284.0
2023-08-07,4.79,4.8,4.73,4.75,213809.0
2023-08-08,4.75,4.76,4.72,4.75,205158.0
2023-08-09,4.75,4.75,4.69,4.73,272615.0
2023-08-10,4.73,4.73,4.68,4.7,198859.0
2023-08-11,4.71,4.72,4.63,4.63,255664.0
2023-08-14,4.6,4.62,4.52,4.61,351010.0
2023-08-15,4.61,4.62,4.55,4.59,183022.0
2023-08-16,4.59,4.6,4.52,4.53,195171.0
2023-08-17,4.51,4.56,4.46,4.54,215453.0
2023-08-18,4.53,4.58,4.52,4.52,192893.0
2023-08-21,4.5,4.51,4.43,4.43,259172.0
2023-08-22,4.44,4.48,4.4,4.45,226913.0
2023-08-23,4.45,4.5,4.42,4.43,203684.0
2023-08-24,4.43,4.45,4.4,4.4,222961.0
2023-08-25,4.38,4.45,4.36,4.39,188781.0
2023-08-28,4.6,4.6,4.4,4.41,458634.0
2023-08-29,4.42,4.47,4.4,4.47,328427.0
2023-08-30,4.47,4.5,4.43,4.44,237948.0
2023-08-31,4.46,4.51,4.42,4.47,385986.0
2023-09-01,4.48,4.5,4.45,4.47,231682.0
2023-09-04,4.48,4.56,4.47,4.55,284434.0
2023-09-05,4.51,4.57,4.5,4.57,261080.0
2023-09-06,4.57,4.85,4.52,4.75,1412963.0
2023-09-07,4.65,4.65,4.45,4.46,1229175.0
2023-09-08,4.43,4.91,4.43,4.73,2529614.0
2023-09-11,4.8,5.15,4.68,5.0,4082702.0
2023-09-12,4.92,5.0,4.83,4.88,2210099.0
2023-09-13,4.87,4.88,4.71,4.79,1587155.0
2023-09-14,4.77,5.08,4.76,4.98,2381108.0
2023-09-15,4.93,4.97,4.81,4.93,1711132.0
2023-09-18,4.87,4.88,4.79,4.81,894881.0
2023-09-19,4.79,4.95,4.75,4.79,1124237.0
2023-09-20,4.75,4.77,4.67,4.68,929458.0
2023-09-21,4.67,4.74,4.66,4.67,506033.0
2023-09-22,4.68,4.71,4.62,4.7,654767.0
2023-09-25,4.7,4.8,4.67,4.73,727853.0
2023-09-26,4.7,4.71,4.65,4.65,576257.0
2023-09-27,4.65,4.69,4.62,4.63,504054.0
2023-09-28,4.64,4.7,4.63,4.68,437705.0
2023-10-09,4.67,4.74,4.64,4.69,417885.0
2023-10-10,4.7,4.74,4.64,4.64,449325.0
2023-10-11,4.63,4.82,4.61,4.78,1052514.0
2023-10-12,4.78,4.83,4.71,4.76,606199.0
2023-10-13,4.75,4.75,4.68,4.71,411504.0
2023-10-16,4.7,4.7,4.65,4.67,386238.0
2023-10-17,4.67,4.75,4.66,4.73,515231.0
2023-10-18,4.72,4.74,4.6,4.61,552949.0
2023-10-19,4.58,4.62,4.51,4.52,550043.0
2023-10-20,4.5,4.54,4.46,4.49,464144.0
2023-10-23,4.49,4.5,4.38,4.4,371307.0
2023-10-24,4.41,4.44,4.35,4.39,407283.0
2023-10-25,4.41,4.46,4.4,4.42,406510.0
2023-10-26,4.4,4.5,4.35,4.47,510107.0
2023-10-27,4.45,4.56,4.45,4.54,557523.0
2023-10-30,4.56,4.56,4.5,4.54,516725.0
2023-10-31,4.53,4.53,4.41,4.44,530843.0
2023-11-01,4.45,4.46,4.38,4.41,353521.0
2023-11-02,4.41,4.43,4.38,4.38,254855.0
2023-11-03,4.38,4.43,4.38,4.4,350552.0
2023-11-06,4.42,4.48,4.41,4.47,442554.0
2023-11-07,4.46,4.49,4.44,4.46,341651.0
2023-11-08,4.45,4.56,4.43,4.49,514517.0
2023-11-09,4.48,4.49,4.43,4.44,334064.0
2023-11-10,4.43,4.43,4.39,4.41,270281.0
2023-11-13,4.56,4.59,4.47,4.53,743852.0
2023-11-14,4.54,4.72,4.52,4.6,826888.0
2023-11-15,4.62,4.64,4.54,4.56,521919.0
2023-11-16,4.56,4.61,4.51,4.56,478771.0
2023-11-17,4.54,4.55,4.51,4.54,336919.0
2023-11-20,4.54,4.56,4.51,4.55,326142.0
2023-11-21,4.54,4.56,4.49,4.5,398167.0
2023-11-22,4.5,4.51,4.44,4.45,272031.0
2023-11-23,4.45,4.47,4.43,4.46,255830.0
2023-11-24,4.45,4.46,4.41,4.42,249847.0
2023-11-27,4.42,4.58,4.4,4.52,565308.0
2023-11-28,4.5,4.51,4.47,4.47,283002.0
2023-11-29,4.46,4.49,4.41,4.44,284586.0
2023-11-30,4.44,4.45,4.4,4.41,271844.0
2023-12-01,4.42,4.44,4.4,4.44,222374.0
2023-12-04,4.44,4.44,4.41,4.41,198656.0
2023-12-05,4.41,4.42,4.32,4.33,334098.0
2023-12-06,4.31,4.34,4.3,4.31,253558.0
2023-12-07,4.3,4.31,4.24,4.25,329553.0
2023-12-08,4.25,4.29,4.23,4.24,221326.0
2023-12-11,4.22,4.26,4.17,4.26,309744.0
2023-12-12,4.26,4.28,4.23,4.28,179402.0
2023-12-13,4.28,4.29,4.22,4.22,199217.0
2023-12-14,4.24,4.26,4.18,4.19,195965.0
2023-12-15,4.21,4.25,4.18,4.18,279139.0
2023-12-18,4.2,4.21,4.1,4.11,325690.0
2023-12-19,4.11,4.13,4.05,4.09,252731.0
2023-12-20,4.11,4.14,4.07,4.07,262757.0
2023-12-21,4.05,4.11,4.02,4.09,240020.0
2023-12-22,4.08,4.12,4.06,4.09,252432.0
2023-12-25,4.1,4.1,4.06,4.08,135191.0
2023-12-26,4.06,4.07,4.0,4.02,222546.0
2023-12-27,4.02,4.08,3.99,4.07,187221.0
2023-12-28,4.07,4.17,4.04,4.16,267327.0
2023-12-29,4.16,4.19,4.15,4.17,206169.0
2024-01-02,4.18,4.22,4.16,4.2,209444.0
2024-01-03,4.2,4.23,4.18,4.22,196251.0
2024-01-04,4.22,4.22,4.14,4.18,214565.0
2024-01-05,4.18,4.22,4.13,4.14,244174.0
2024-01-08,4.14,4.14,4.06,4.06,214988.0
2024-01-09,4.06,4.11,4.05,4.08,141505.0
2024-01-10,4.07,4.16,4.04,4.14,272669.0
2024-01-11,4.12,4.15,4.09,4.14,216660.0
2024-01-12,4.13,4.16,4.09,4.1,184880.0
2024-01-15,4.08,4.14,4.06,4.11,131201.0
2024-01-16,4.1,4.12,4.04,4.1,198387.0
2024-01-17,4.1,4.11,4.02,4.02,202257.0
2024-01-18,4.0,4.01,3.85,4.0,507094.0
2024-01-19,3.99,4.02,3.95,3.98,183240.0
2024-01-22,3.97,3.98,3.78,3.83,323545.0
2024-01-23,3.81,3.91,3.77,3.88,250651.0
2024-01-24,3.89,4.0,3.86,3.99,318094.0
2024-01-25,4.01,4.13,4.01,4.13,395989.0
2024-01-26,4.14,4.18,4.13,4.15,337408.0
2024-01-29,4.15,4.2,4.11,4.13,346478.0
2024-01-30,4.13,4.14,4.04,4.05,246544.0
2024-01-31,4.04,4.09,3.97,3.98,290821.0
2024-02-01,3.97,4.04,3.9,3.96,300608.0
2024-02-02,3.96,4.03,3.8,3.92,350798.0
2024-02-05,3.9,3.92,3.7,3.8,480206.0
2024-02-06,3.76,4.0,3.75,3.99,457188.0
2024-02-07,3.99,4.03,3.94,3.98,430068.0
2024-02-08,4.01,4.05,3.95,4.04,535479.0
2024-02-19,4.07,4.09,4.03,4.08,400488.0
2024-02-20,4.06,4.08,4.04,4.06,270186.0
2024-02-21,4.04,4.15,4.02,4.11,494160.0
2024-02-22,4.1,4.14,4.08,4.13,279086.0
2024-02-23,4.13,4.14,4.08,4.13,310233.0
2024-02-26,4.14,4.24,4.14,4.2,566576.0
2024-02-27,4.16,4.22,4.16,4.22,411215.0
2024-02-28,4.21,4.25,4.11,4.11,541551.0
2024-02-29,4.09,4.24,4.08,4.24,489488.0
2024-03-01,4.26,4.33,4.22,4.25,479161.0
2024-03-04,4.25,4.28,4.21,4.23,355651.0
2024-03-05,4.21,4.22,4.16,4.16,342298.0
2024-03-06,4.16,4.24,4.16,4.21,342054.0
2024-03-07,4.22,4.24,4.17,4.18,297216.0
2024-03-08,4.18,4.22,4.16,4.22,273033.0
2024-03-11,4.23,4.3,4.22,4.3,498811.0
2024-03-12,4.3,4.31,4.24,4.27,370594.0
2024-03-13,4.27,4.35,4.24,4.29,494442.0
2024-03-14,4.3,4.32,4.24,4.27,315347.0
2024-03-15,4.25,4.29,4.24,4.27,380284.0
2024-03-18,4.28,4.32,4.24,4.3,516436.0
2024-03-19,4.28,4.29,4.24,4.24,334595.0
2024-03-20,4.24,4.28,4.24,4.26,250868.0
2024-03-21,4.25,4.27,4.24,4.26,259088.0
2024-03-22,4.25,4.26,4.18,4.2,293616.0
2024-03-25,4.21,4.22,4.15,4.15,244782.0
2024-03-26,4.15,4.19,4.14,4.19,226535.0
2024-03-27,4.18,4.21,4.15,4.15,308339.0
2024-03-28,4.15,4.21,4.14,4.2,246229.0
2024-03-29,4.17,4.23,4.16,4.22,233487.0
2024-04-01,4.23,4.33,4.23,4.33,479627.0
2024-04-02,4.33,4.37,4.3,4.37,571016.0
2024-04-03,4.37,4.39,4.33,4.37,411148.0
2024-04-08,4.36,4.46,4.35,4.37,533742.0
2024-04-09,4.37,4.39,4.33,4.34,316371.0
2024-04-10,4.34,4.39,4.28,4.31,318527.0
2024-04-11,4.28,4.43,4.28,4.39,456538.0
2024-04-12,4.39,4.41,4.33,4.34,278709.0
2024-04-15,4.34,4.49,4.29,4.45,643409.0
2024-04-16,4.45,4.5,4.4,4.41,694195.0
2024-04-17,4.39,4.52,4.39,4.52,679047.0
2024-04-18,4.52,4.57,4.48,4.49,511935.0
2024-04-19,4.47,4.53,4.46,4.51,466203.0
2024-04-22,4.52,4.54,4.45,4.45,351646.0
2024-04-23,4.45,4.47,4.38,4.39,326776.0
2024-04-24,4.41,4.48,4.39,4.46,291231.0
2024-04-25,4.44,4.51,4.43,4.5,272706.0
2024-04-26,4.49,4.52,4.47,4.51,298744.0
2024-04-29,4.51,4.55,4.48,4.54,387081.0
2024-04-30,4.48,4.48,4.3,4.31,891605.0
2024-05-06,4.33,4.42,4.32,4.37,628960.0
2024-05-07,4.36,4.4,4.35,4.37,301005.0
2024-05-08,4.36,4.37,4.32,4.32,299290.0
2024-05-09,4.31,4.38,4.31,4.38,274081.0
2024-05-10,4.37,4.45,4.35,4.44,396435.0
2024-05-13,4.42,4.48,4.39,4.45,291214.0
2024-05-14,4.43,4.48,4.41,4.42,247009.0
2024-05-15,4.42,4.43,4.34,4.34,256286.0
2024-05-16,4.34,4.37,4.32,4.33,212198.0
2024-05-17,4.33,4.38,4.32,4.38,211636.0
2024-05-20,4.37,4.41,4.34,4.35,286882.0
2024-05-21,4.35,4.35,4.28,4.29,316598.0
2024-05-22,4.28,4.32,4.27,4.28,157726.0
2024-05-23,4.27,4.3,4.2,4.21,303134.0
2024-05-24,4.2,4.29,4.2,4.25,277240.0
2024-05-27,4.25,4.32,4.22,4.32,236363.0
2024-05-28,4.31,4.35,4.3,4.32,215816.0
2024-05-29,4.32,4.32,4.27,4.27,163271.0
2024-05-30,4.28,4.33,4.25,4.26,188457.0
2024-05-31,4.26,4.29,4.21,4.21,361748.0
2024-06-03,4.2,4.21,3.88,3.92,1311202.0
2024-06-04,3.92,3.99,3.9,3.98,562145.0
2024-06-05,3.98,3.98,3.9,3.91,374720.0
2024-06-06,3.9,3.93,3.82,3.83,519288.0
2024-06-07,3.84,3.9,3.84,3.88,293650.0
2024-06-11,3.86,3.89,3.84,3.86,228531.0
2024-06-12,3.87,3.88,3.83,3.85,265232.0
2024-06-13,3.86,3.87,3.81,3.83,234192.0
2024-06-14,3.83,3.86,3.8,3.82,235254.0
2024-06-17,3.82,3.87,3.8,3.83,240365.0
2024-06-18,3.84,3.9,3.82,3.9,250790.0
2024-06-19,3.89,3.91,3.84,3.84,241413.0
2024-06-20,3.83,3.85,3.79,3.83,320727.0
2024-06-21,3.81,3.84,3.79,3.79,217304.0
2024-06-24,3.79,3.79,3.66,3.68,343621.0
2024-06-25,3.69,3.73,3.66,3.69,233147.0
2024-06-26,3.68,3.75,3.67,3.74,181289.0
2024-06-27,3.72,3.74,3.68,3.68,170396.0
2024-06-28,3.68,3.74,3.65,3.7,267364.0
2024-07-01,3.7,3.75,3.69,3.74,191204.0
2024-07-02,3.74,3.76,3.71,3.73,175723.0
2024-07-03,3.73,3.74,3.71,3.72,147907.0
2024-07-04,3.71,3.73,3.63,3.63,240460.0
2024-07-05,3.62,3.65,3.61,3.63,162121.0
2024-07-08,3.62,3.63,3.42,3.48,457988.0
2024-07-09,3.46,3.57,3.45,3.56,285385.0
2024-07-10,3.55,3.57,3.51,3.52,184278.0
2024-07-11,3.57,3.67,3.56,3.66,258947.0
2024-07-12,3.65,3.67,3.63,3.64,128912.0
2024-07-15,3.64,3.65,3.58,3.6,116365.0
2024-07-16,3.61,3.62,3.58,3.61,144340.0
2024-07-17,3.62,3.64,3.58,3.62,146618.0
2024-07-18,3.62,3.63,3.56,3.6,201340.0
2024-07-19,3.6,3.65,3.58,3.64,176939.0
2024-07-22,3.65,3.73,3.63,3.7,289697.0
2024-07-23,3.7,3.73,3.64,3.64,194670.0
2024-07-24,3.63,3.72,3.62,3.7,250793.0
2024-07-25,3.69,3.73,3.66,3.72,225957.0
2024-07-26,3.73,3.81,3.72,3.8,325561.0
2024-07-29,3.81,3.84,3.77,3.8,266312.0
2024-07-30,3.79,3.83,3.77,3.79,227655.0
2024-07-31,3.8,3.88,3.78,3.87,319366.0
2024-08-01,3.87,3.92,3.86,3.87,256030.0
2024-08-02,3.86,3.87,3.78,3.79,321141.0
2024-08-05,3.77,3.82,3.74,3.75,240681.0
2024-08-06,3.79,3.8,3.73,3.76,195715.0
2024-08-07,3.77,3.79,3.76,3.77,144838.0
2024-08-08,3.77,3.8,3.74,3.79,154604.0
2024-08-09,3.78,3.81,3.75,3.75,144715.0
2024-08-12,3.76,3.78,3.7,3.72,154215.0
2024-08-13,3.71,3.76,3.68,3.76,139317.0
2024-08-14,3.75,3.76,3.69,3.69,145160.0
2024-08-15,3.69,3.76,3.67,3.75,190407.0
2024-08-16,3.74,3.75,3.69,3.7,144385.0
2024-08-19,3.69,3.74,3.68,3.69,145863.0
2024-08-20,3.73,3.74,3.64,3.66,180109.0
2024-08-21,3.67,3.67,3.62,3.63,144857.0
2024-08-22,3.65,3.66,3.6,3.61,174836.0
2024-08-23,3.61,3.63,3.56,3.58,193089.0
2024-08-26,3.59,3.62,3.56,3.58,202650.0
2024-08-27,3.58,3.59,3.51,3.53,209800.0
2024-08-28,3.52,3.59,3.51,3.54,150758.0
2024-08-29,3.54,3.62,3.53,3.59,154584.0
2024-08-30,3.59,3.67,3.58,3.63,244465.0
2024-09-02,3.68,3.8,3.64,3.65,452721.0
2024-09-03,3.66,3.76,3.63,3.75,370731.0
2024-09-04,3.71,3.78,3.71,3.73,222698.0
2024-09-05,3.71,3.74,3.71,3.73,185370.0
2024-09-06,3.73,3.78,3.72,3.72,176052.0
2024-09-09,3.71,3.73,3.67,3.68,194240.0
2024-09-10,3.68,3.72,3.62,3.7,183822.0
2024-09-11,3.69,3.73,3.67,3.71,151460.0
2024-09-12,3.73,3.8,3.72,3.78,235903.0
2024-09-13,3.77,3.79,3.74,3.74,178582.0
2024-09-18,3.98,3.99,3.78,3.83,845250.0
2024-09-19,3.82,3.87,3.76,3.78,679954.0
2024-09-20,3.8,3.87,3.78,3.81,474543.0
2024-09-23,3.78,3.8,3.73,3.77,305148.0
2024-09-24,3.76,3.87,3.76,3.86,464979.0
2024-09-25,3.9,4.04,3.9,3.96,780756.0
2024-09-26,3.97,4.03,3.94,4.03,511734.0
2024-09-27,4.1,4.14,4.06,4.14,553766.0
2024-09-30,4.31,4.53,4.27,4.52,1884769.0
2024-10-08,4.97,4.97,4.64,4.88,2778827.0
2024-10-09,4.85,4.86,4.51,4.63,1772779.0
2024-10-10,4.7,4.8,4.6,4.65,1078930.0
2024-10-11,4.66,4.66,4.4,4.43,943351.0
2024-10-14,4.46,4.52,4.42,4.49,720005.0
2024-10-15,4.46,4.55,4.41,4.42,702072.0
2024-10-16,4.36,4.42,4.33,4.39,515019.0
2024-10-17,4.44,4.64,4.43,4.43,997893.0
2024-10-18,4.4,4.58,4.36,4.52,1046671.0
2024-10-21,4.97,4.97,4.97,4.97,694111.0
2024-10-22,5.47,5.47,5.47,5.47,349053.0
2024-10-23,6.02,6.02,5.63,6.02,9857812.0
2024-10-24,6.1,6.16,5.73,5.81,9127565.0
2024-10-25,5.74,6.39,5.58,6.39,10203796.0
2024-10-28,6.78,7.03,6.69,7.03,5243266.0
2024-10-29,7.73,7.73,7.4,7.73,4915439.0
2024-10-30,7.96,8.5,7.32,8.5,15839408.0
2024-10-31,8.99,9.35,8.88,9.0,9122251.0
2024-11-01,9.0,9.7,8.1,8.1,11884619.0
2024-11-04,7.6,8.91,7.6,8.91,12667985.0
2024-11-05,9.65,9.8,9.46,9.8,3162203.0
2024-11-06,10.78,10.78,10.78,10.78,547204.0
2024-11-07,11.45,11.86,10.22,11.18,21771012.0
2024-11-08,11.0,12.3,11.0,12.3,15428647.0
2024-11-11,11.09,11.97,11.07,11.07,15183332.0
2024-11-12,10.71,11.48,10.1,10.58,9532731.0
2024-11-13,10.94,11.12,10.36,10.71,6376100.0
2024-11-14,10.3,10.47,9.66,9.67,7456902.0
2024-11-15,9.42,10.16,8.91,9.75,8810677.0
2024-11-18,9.5,9.5,8.78,8.78,6203500.0
2024-11-19,8.48,9.6,8.33,9.38,6537985.0
2024-11-20,9.3,10.19,9.09,9.85,7362516.0
2024-11-21,9.56,10.45,9.53,10.08,7174483.0
2024-11-22,10.3,10.4,9.6,9.85,6192799.0
2024-11-25,9.76,9.77,9.07,9.07,4621090.0
2024-11-26,8.92,9.24,8.69,8.86,4346633.0
2024-11-27,8.75,8.9,8.52,8.84,4102380.0
2024-11-28,8.86,8.92,8.48,8.49,4210349.0
2024-11-29,8.45,8.77,8.16,8.5,5587898.0
2024-12-02,8.42,9.35,8.35,9.35,7210697.0
2024-12-03,9.55,10.2,9.34,9.75,9243646.0
2024-12-04,9.6,9.63,9.06,9.1,5576896.0
2024-12-05,9.0,9.6,8.94,9.37,4859219.0
2024-12-06,9.31,9.31,9.01,9.13,4223913.0
2024-12-09,9.13,9.21,8.85,8.92,3088643.0
2024-12-10,9.21,9.29,8.95,8.98,3819857.0
2024-12-11,9.14,9.29,9.03,9.11,3204229.0
2024-12-12,9.02,9.05,8.82,8.96,3165529.0
2024-12-13,8.92,8.92,8.66,8.67,2940424.0
2024-12-16,8.67,9.0,8.5,8.81,3875171.0
2024-12-17,8.7,8.72,8.4,8.41,2472577.0
2024-12-18,8.41,8.54,8.37,8.43,1597826.0
2024-12-19,8.3,8.49,8.2,8.41,1603894.0
2024-12-20,8.42,8.68,8.32,8.51,2474631.0
2024-12-23,8.42,8.45,8.16,8.16,2102854.0
2024-12-24,8.13,8.36,8.11,8.3,1769027.0
2024-12-25,8.33,8.33,8.01,8.03,1809775.0
2024-12-26,8.01,8.14,7.94,8.03,1406564.0
2024-12-27,8.01,8.36,7.98,8.16,2590410.0
2024-12-30,8.02,8.17,7.88,8.02,1782803.0
2024-12-31,8.0,8.35,7.88,8.11,3375539.0
2025-01-02,8.05,8.05,7.51,7.62,3077628.0
2025-01-03,7.49,7.56,7.12,7.15,2717760.0
2025-01-06,6.97,7.19,6.92,6.99,1920051.0
2025-01-07,7.05,7.18,7.05,7.18,1662531.0
2025-01-08,7.15,7.18,6.88,7.11,1889002.0
2025-01-09,7.13,7.26,7.11,7.15,1702238.0
2025-01-10,7.12,7.32,7.01,7.01,2190047.0
2025-01-13,6.93,7.03,6.8,6.94,1416133.0
2025-01-14,6.98,7.36,6.96,7.35,2736861.0
2025-01-15,7.31,7.31,7.17,7.2,1721050.0
2025-01-16,7.25,7.35,7.12,7.22,1614037.0
2025-01-17,7.16,7.24,7.13,7.17,1080247.0
2025-01-20,7.22,7.3,7.13,7.16,1223990.0
2025-01-21,7.26,7.33,7.1,7.18,1401489.0
2025-01-22,7.18,7.35,7.08,7.11,2386133.0
2025-01-23,7.15,7.82,7.15,7.82,6812280.0
2025-01-24,7.7,7.78,7.43,7.74,5991914.0
2025-01-27,7.73,7.73,7.22,7.22,3727863.0
2025-02-05,7.3,7.45,7.2,7.35,2325512.0
2025-02-06,7.3,7.66,7.24,7.66,3521149.0
2025-02-07,7.67,8.03,7.55,7.9,4682414.0
2025-02-10,7.97,8.18,7.94,8.0,4961118.0
2025-02-11,7.99,7.99,7.76,7.78,2969147.0
2025-02-12,7.77,8.56,7.72,8.56,8452753.0
2025-02-13,8.64,9.23,8.51,8.79,11267664.0
2025-02-14,8.6,8.71,8.38,8.57,5137787.0
2025-02-17,8.55,8.72,8.44,8.6,4346593.0
2025-02-18,8.62,8.66,8.17,8.19,3740094.0
2025-02-19,8.19,8.47,8.17,8.42,3050388.0
2025-02-20,8.42,9.2,8.42,8.93,6665041.0
2025-02-21,8.94,9.2,8.63,8.95,6367983.0
2025-02-24,9.04,9.12,8.72,8.84,4062449.0
2025-02-25,8.66,9.08,8.58,8.91,4444298.0
2025-02-26,8.91,9.06,8.76,8.93,3715138.0
2025-02-27,8.93,8.94,8.53,8.64,3589123.0
2025-02-28,8.6,8.61,8.1,8.16,2967258.0
2025-03-03,8.17,8.45,8.02,8.26,2372602.0
2025-03-04,8.1,8.37,8.05,8.27,1852361.0
2025-03-05,8.27,8.35,8.16,8.24,1631274.0
2025-03-06,8.26,8.43,8.25,8.37,2218143.0
2025-03-07,8.32,8.33,8.16,8.2,2029600.0
2025-03-10,8.2,8.3,8.15,8.21,1404850.0
2025-03-11,8.07,8.15,8.05,8.13,1452510.0
2025-03-12,8.16,8.3,8.13,8.21,1763999.0
2025-03-13,8.21,8.22,8.01,8.06,1612894.0
2025-03-14,8.06,8.18,8.03,8.15,1417829.0
2025-03-17,8.15,8.31,8.14,8.22,1661593.0
2025-03-18,8.24,8.27,8.15,8.18,1183806.0
2025-03-19,8.17,8.17,8.08,8.1,1011402.0
2025-03-20,8.1,8.24,8.07,8.12,1108517.0
2025-03-21,8.09,8.09,7.88,7.94,1522651.0
2025-03-24,7.94,7.98,7.62,7.8,1484746.0
2025-03-25,7.79,8.16,7.73,8.06,2120617.0
2025-03-26,8.0,8.04,7.9,7.92,1129711.0
2025-03-27,7.9,8.03,7.76,7.92,1123707.0
2025-03-28,7.94,7.98,7.77,7.78,877834.0
2025-03-31,7.78,7.78,7.56,7.64,933017.0
2025-04-01,7.64,7.96,7.64,7.77,1263815.0
2025-04-02,7.8,7.8,7.66,7.69,837817.0
2025-04-03,7.61,7.72,7.57,7.64,700075.0
2025-04-07,7.1,7.23,6.88,6.88,1707304.0
2025-04-08,6.65,6.98,6.63,6.78,1717148.0
2025-04-09,6.72,7.1,6.46,7.05,2383740.0
2025-04-10,7.2,7.28,7.09,7.14,1669506.0
2025-04-11,7.2,7.35,7.18,7.21,1361948.0
2025-04-14,7.35,7.5,7.33,7.4,1550601.0
2025-04-15,7.4,7.42,7.22,7.26,1039461.0
2025-04-16,7.24,7.3,7.14,7.19,744525.0
2025-04-17,7.21,7.25,7.15,7.16,681555.0
2025-04-18,7.16,7.18,7.1,7.16,548785.0
2025-04-21,7.17,7.24,7.13,7.24,706887.0
2025-04-22,7.22,7.27,7.14,7.18,853503.0
2025-04-23,7.18,7.25,7.16,7.21,754092.0
2025-04-24,7.22,7.28,7.11,7.12,1084788.0
2025-04-25,7.13,7.22,7.1,7.15,766865.0
2025-04-28,7.27,7.33,7.11,7.11,931251.0
2025-04-29,7.14,7.23,7.06,7.17,811689.0
2025-04-30,7.18,7.29,7.17,7.28,1203025.0
2025-05-06,7.33,7.49,7.32,7.49,1414513.0
2025-05-07,7.56,7.61,7.4,7.44,1279445.0
2025-05-08,7.45,7.52,7.41,7.5,831225.0
2025-05-09,7.49,7.49,7.31,7.36,787008.0
2025-05-12,7.42,7.49,7.39,7.46,861360.0
2025-05-13,7.5,7.54,7.36,7.37,990082.0
2025-05-14,7.39,7.42,7.31,7.38,735365.0
2025-05-15,7.38,7.38,7.2,7.2,863548.0
2025-05-16,7.2,7.33,7.17,7.21,671636.0
2025-05-19,7.29,7.43,7.18,7.34,1341788.0
2025-05-20,7.3,7.4,7.23,7.37,1057763.0
2025-05-21,7.37,7.42,7.29,7.3,947362.0
2025-05-22,7.29,7.38,7.21,7.22,934149.0
2025-05-23,7.22,7.68,7.18,7.44,3705147.0
2025-05-26,7.39,8.15,7.22,8.03,6095959.0
2025-05-27,7.79,7.84,7.6,7.71,3998940.0
2025-05-28,7.71,7.8,7.56,7.62,2284556.0
2025-05-29,7.55,7.67,7.52,7.63,1848148.0
2025-05-30,7.57,7.58,7.42,7.44,1398026.0
2025-06-03,7.4,7.51,7.33,7.47,1183568.0
2025-06-04,7.49,7.53,7.43,7.45,913581.0
2025-06-05,7.45,7.47,7.38,7.44,855439.0
2025-06-06,7.48,7.56,7.44,7.5,1191401.0
2025-06-09,7.54,7.57,7.48,7.52,1038740.0
2025-06-10,7.53,7.53,7.31,7.38,1140622.0
2025-06-11,7.36,7.43,7.36,7.38,632703.0
2025-06-12,7.38,7.42,7.34,7.36,651274.0
2025-06-13,7.36,7.37,7.26,7.27,965208.0
2025-06-16,7.26,7.3,7.23,7.28,546652.0
2025-06-17,7.29,7.46,7.25,7.38,1022312.0
2025-06-18,7.38,7.39,7.28,7.3,641628.0
2025-06-19,7.28,7.32,7.2,7.2,679360.0
2025-06-20,7.2,7.23,7.15,7.23,624694.0
2025-06-23,7.16,7.23,7.11,7.22,541989.0
2025-06-24,7.23,7.31,7.22,7.28,871395.0
2025-06-25,7.3,7.38,7.26,7.36,1184248.0
2025-06-26,7.36,7.37,7.27,7.28,993300.0
2025-06-27,7.29,7.38,7.26,7.31,795139.0
2025-06-30,7.35,7.45,7.32,7.39,1139121.0
2025-07-01,7.36,7.49,7.36,7.43,1142941.0
2025-07-02,7.42,7.42,7.33,7.36,779414.0
2025-07-03,7.37,7.39,7.31,7.34,611012.0
2025-07-04,7.34,7.35,7.29,7.29,640759.0
2025-07-07,7.29,7.32,7.25,7.32,489765.0
2025-07-08,7.33,7.38,7.31,7.38,831861.0
2025-07-09,7.38,7.4,7.32,7.33,764587.0
2025-07-10,7.33,7.38,7.31,7.35,597194.0
2025-07-11,7.34,7.38,7.32,7.35,1195109.0
2025-07-14,7.37,7.47,7.36,7.37,1132404.0
2025-07-15,7.37,7.38,7.26,7.3,1031876.0
2025-07-16,7.31,7.37,7.29,7.32,643450.0
2025-07-17,7.33,7.43,7.29,7.41,1288465.0
2025-07-18,7.42,7.58,7.38,7.55,2359362.0
2025-07-21,7.64,7.82,7.55,7.79,3670701.0
2025-07-22,7.85,7.85,7.63,7.74,2412060.0
2025-07-23,7.85,8.06,7.69,7.7,3460979.0
2025-07-24,7.66,7.86,7.62,7.76,2185751.0
2025-07-25,7.81,7.95,7.69,7.91,3014695.0
2025-07-28,7.97,7.99,7.75,7.85,2327385.0
2025-07-29,7.89,8.55,7.89,8.29,6396901.0
2025-07-30,8.11,8.11,7.93,8.0,3775031.0
2025-07-31,8.0,8.04,7.75,7.78,2327313.0
2025-08-01,7.75,7.93,7.72,7.86,1575029.0
2025-08-04,7.87,7.94,7.83,7.89,1164737.0
2025-08-05,7.88,8.04,7.84,7.9,1896786.0
2025-08-06,7.89,8.1,7.8,8.02,2370979.0
2025-08-07,8.02,8.5,7.99,8.32,4941685.0
2025-08-08,8.33,8.44,8.12,8.17,3371964.0
2025-08-11,8.17,8.55,8.11,8.36,3808311.0
2025-08-12,8.36,8.5,8.28,8.39,3139901.0
2025-08-13,8.4,8.68,8.32,8.42,4724144.0
2025-08-14,8.46,8.5,8.2,8.27,3563755.0
2025-08-15,8.28,9.07,8.28,8.78,8443786.0
2025-08-18,8.9,8.9,8.66,8.69,5984071.0
2025-08-19,8.7,8.78,8.6,8.64,3395695.0
2025-08-20,8.64,8.78,8.52,8.68,3122233.0
2025-08-21,8.68,8.74,8.47,8.51,2822993.0
2025-08-22,8.52,8.67,8.45,8.64,2727358.0
2025-08-25,8.7,9.48,8.64,9.23,7726544.0
2025-08-26,9.1,9.1,8.91,8.96,4496504.0
2025-08-27,8.96,9.14,8.7,8.7,4109450.0
2025-08-28,8.7,9.0,8.7,8.99,4079884.0
2025-08-29,9.0,9.13,8.81,8.87,3825657.0
2025-09-01,8.9,9.02,8.76,8.8,3511222.0
2025-09-02,8.82,8.85,8.38,8.45,3574833.0
2025-09-03,8.44,8.48,8.16,8.2,2555325.0
2025-09-04,8.19,8.3,7.81,7.96,2688641.0
2025-09-05,7.99,8.22,7.92,8.22,2276049.0
2025-09-08,8.25,8.27,8.08,8.17,1879778.0
2025-09-09,8.17,8.19,7.98,8.03,1571866.0
2025-09-10,7.98,8.06,7.96,8.0,1231591.0
2025-09-11,7.99,8.16,7.91,8.14,1662953.0
2025-09-12,8.17,8.19,8.08,8.1,1671111.0
2025-09-15,8.15,8.2,8.1,8.1,1593184.0
2025-09-16,8.09,8.17,8.06,8.17,1496135.0
2025-09-17,8.21,8.27,8.14,8.19,1734781.0
2025-09-18,8.2,8.39,8.05,8.14,3076494.0
2025-09-19,8.08,8.25,8.08,8.12,1833927.0
2025-09-22,8.2,8.25,8.08,8.23,1851676.0
2025-09-23,8.23,8.6,7.91,8.52,3464778.0
2025-09-24,8.52,9.35,8.31,8.87,8151720.0
2025-09-25,9.0,9.76,8.88,9.76,12628968.0
2025-09-26,9.76,10.0,9.4,9.44,10684026.0
2025-09-29,9.4,9.59,9.19,9.26,6515275.0
2025-09-30,9.31,9.65,9.25,9.44,5642755.0
2025-10-09,9.81,10.38,9.77,10.38,4364691.0
2025-10-10,11.21,11.22,10.28,10.46,12114596.0
2025-10-13,9.9,10.98,9.9,10.77,9407484.0
2025-10-14,11.01,11.1,10.1,10.14,8290060.0
2025-10-15,10.07,10.22,9.72,10.01,5474626.0
2025-10-16,10.06,10.09,9.57,9.64,4208888.0
2025-10-17,9.59,9.62,9.1,9.13,3896758.0
2025-10-20,9.29,9.37,9.11,9.16,2920754.0
2025-10-21,9.16,9.33,9.13,9.26,2634861.0
2025-10-22,9.2,9.37,9.16,9.27,2622512.0
2025-10-23,9.2,9.22,8.95,9.18,2805550.0
2025-10-24,9.19,9.42,9.16,9.38,3447315.0
2025-10-27,9.51,9.72,9.4,9.71,4597673.0
2025-10-28,9.72,9.75,9.49,9.51,3248018.0
2025-10-29,9.51,9.58,9.44,9.55,2401215.0
2025-10-30,9.55,9.6,9.38,9.39,2647169.0
2025-10-31,9.39,9.53,9.3,9.31,2312947.0
2025-11-03,9.86,10.15,9.54,9.61,5226654.0
2025-11-04,9.51,9.71,9.32,9.4,3445868.0
2025-11-05,9.22,9.52,9.12,9.41,3206139.0
2025-11-06,9.41,9.88,9.39,9.78,5638139.0
2025-11-07,9.7,9.71,9.5,9.51,3214663.0
2025-11-10,9.51,9.51,9.35,9.41,2070789.0
2025-11-11,9.4,9.41,9.24,9.26,2035651.0
2025-11-12,9.25,9.25,9.02,9.09,1839646.0
2025-11-13,9.14,9.2,9.1,9.18,1422847.0
2025-11-14,9.09,9.15,9.06,9.06,1392965.0
2025-11-17,9.04,9.04,8.8,8.85,2220592.0
2025-11-18,8.85,8.92,8.78,8.8,1300913.0
2025-11-19,8.77,8.82,8.62,8.66,1490598.0
2025-11-20,8.68,8.75,8.64,8.67,1102228.0
2025-11-21,8.58,8.62,8.32,8.33,1738438.0
2025-11-24,8.42,8.65,8.41,8.62,2108250.0
2025-11-25,8.62,8.7,8.56,8.61,1521283.0
2025-11-26,8.6,8.93,8.53,8.88,2667645.0
2025-11-27,8.82,8.82,8.7,8.7,1531120.0
2025-11-28,8.68,8.75,8.61,8.75,1108272.0
2025-12-01,8.7,8.71,8.63,8.69,1068424.0
2025-12-02,8.66,8.66,8.52,8.56,1121876.0
2025-12-03,8.53,8.57,8.41,8.43,969727.0
2025-12-04,8.44,8.55,8.37,8.5,948029.0
2025-12-05,8.49,8.6,8.4,8.59,1065964.0
2025-12-08,8.6,8.67,8.57,8.6,1126349.0
2025-12-09,8.62,8.64,8.47,8.5,936709.0
2025-12-10,8.49,8.56,8.44,8.55,819319.0
2025-12-11,8.56,8.65,8.47,8.48,1089380.0
2025-12-12,8.47,8.85,8.44,8.85,3174415.0
2025-12-15,8.86,8.88,8.62,8.63,2093842.0
2025-12-16,8.62,8.62,8.35,8.37,1572605.0
2025-12-17,8.34,8.41,8.21,8.38,1162109.0
2025-12-18,8.35,8.4,8.29,8.3,766899.0
2025-12-19,8.36,8.46,8.36,8.37,890535.0
2025-12-22,8.41,8.49,8.41,8.44,968129.0
2025-12-23,8.43,8.47,8.36,8.4,861221.0
2025-12-24,8.38,8.59,8.36,8.53,1240245.0
2025-12-25,8.48,8.66,8.46,8.61,1317255.0
2025-12-26,8.63,8.63,8.51,8.57,1244191.0
2025-12-29,8.58,8.64,8.47,8.5,1124870.0
2025-12-30,8.46,8.5,8.41,8.46,863404.0
2025-12-31,8.47,8.7,8.43,8.61,1779171.0
2026-01-05,8.64,8.74,8.64,8.7,1756049.0
2026-01-06,8.7,8.79,8.66,8.79,1929562.0
2026-01-07,8.79,9.14,8.75,9.07,4025512.0
2026-01-08,9.03,9.49,8.96,9.32,5008904.0
2026-01-09,9.37,9.5,9.2,9.3,4064404.0
2026-01-12,9.32,9.55,9.32,9.48,4359571.0
2026-01-13,9.48,9.51,9.06,9.15,4590640.0
2026-01-14,9.15,9.52,9.12,9.27,4732506.0
2026-01-15,9.15,9.2,8.93,9.1,2706821.0
2026-01-16,9.25,9.38,9.15,9.16,2542873.0
2026-01-19,9.16,9.41,9.13,9.3,2692224.0
2026-01-20,9.31,9.47,9.24,9.3,2581879.0
2026-01-21,9.24,9.24,9.11,9.17,2055799.0
2026-01-22,9.32,9.64,9.32,9.38,3578950.0
2026-01-23,9.34,9.36,9.22,9.27,2365255.0
2026-01-26,9.28,9.3,9.06,9.16,2209111.0
2026-01-27,9.1,9.11,8.84,8.95,1842958.0
2026-01-28,8.94,8.97,8.85,8.89,1237736.0
2026-01-29,8.85,8.86,8.71,8.76,1357826.0
2026-01-30,8.74,8.82,8.51,8.71,1463726.0
2026-02-02,8.71,8.85,8.6,8.61,1312189.0
2026-02-03,8.65,8.74,8.62,8.74,1081388.0
2026-02-04,8.7,8.78,8.68,8.75,910456.0
2026-02-05,8.71,8.71,8.59,8.61,989652.0
2026-02-06,8.55,8.67,8.48,8.61,768647.0
2026-02-09,8.68,8.83,8.65,8.79,1305946.0
2026-02-10,8.79,8.92,8.76,8.84,1124157.0
2026-02-11,8.84,8.84,8.7,8.71,831165.0
2026-02-12,8.71,8.84,8.64,8.8,1198484.0
2026-02-13,8.71,8.8,8.69,8.72,860395.0
2026-02-24,8.81,8.98,8.8,8.95,1909866.0
2026-02-25,8.97,9.03,8.85,8.89,1596766.0
2026-02-26,8.9,9.17,8.86,9.12,2858412.0
2026-02-27,9.09,9.16,9.03,9.1,1769628.0
2026-03-02,8.98,9.1,8.88,8.92,1925938.0
2026-03-03,8.93,8.99,8.5,8.5,2375835.0
2026-03-04,8.4,8.72,8.36,8.6,1521613.0
2026-03-05,8.73,9.46,8.72,9.46,5470396.0
2026-03-06,9.37,9.48,9.25,9.36,5970843.0
2026-03-09,9.23,9.52,9.17,9.43,4690275.0
2026-03-10,9.52,9.66,9.36,9.42,4538585.0
2026-03-11,9.39,9.46,9.28,9.35,3042236.0
2026-03-12,9.33,9.34,9.07,9.24,2927178.0
2026-03-13,9.2,9.22,9.01,9.03,2087901.0
2026-03-16,9.09,9.13,8.78,8.85,2035658.0
2026-03-17,8.88,8.9,8.61,8.62,2029997.0
2026-03-18,8.6,8.72,8.5,8.71,1879135.0
2026-03-19,8.6,8.62,8.5,8.54,1400249.0
2026-03-20,8.54,8.58,8.33,8.33,1551190.0
2026-03-23,8.17,8.3,7.9,7.96,1970332.0
2026-03-24,8.09,8.14,7.96,8.14,1256797.0
2026-03-25,8.15,8.29,8.15,8.25,1194536.0
2026-03-26,8.27,8.27,8.05,8.07,1038728.0
2026-03-27,7.97,8.12,7.94,8.11,848016.0
2026-03-30,7.99,8.07,7.9,8.04,940968.0
2026-03-31,8.03,8.12,7.96,7.96,928036.0
2026-04-01,8.07,8.16,8.01,8.11,1049103.0
2026-04-02,8.12,8.12,7.91,7.93,995179.0
2026-04-03,7.93,7.96,7.71,7.73,1095582.0
2026-04-07,7.73,7.79,7.66,7.72,685827.0
2026-04-08,7.86,8.18,7.85,8.13,1632734.0
2026-04-09,8.0,8.06,7.94,7.97,1019727.0
2026-04-10,8.03,8.1,8.0,8.01,942915.0
2026-04-13,7.95,8.02,7.91,8.0,690481.0
2026-04-14,8.06,8.08,7.98,8.04,832590.0
2026-04-15,8.09,8.16,8.02,8.04,1012601.0
2026-04-16,8.05,8.13,7.99,8.13,1092820.0
2026-04-17,8.11,8.12,8.03,8.07,841129.0
2026-04-20,8.06,8.13,8.03,8.12,1006228.0
2026-04-21,8.11,8.11,8.0,8.04,844132.0
2026-04-22,8.0,8.08,7.97,8.06,884747.0
2026-04-23,8.1,8.22,8.02,8.07,1477256.0
2026-04-24,8.02,8.04,7.91,7.93,994382.0
2026-04-27,7.93,8.07,7.93,8.04,823154.0
2026-04-28,8.03,8.03,7.88,7.89,910972.0
2026-04-29,7.86,7.95,7.85,7.94,678838.0
2026-04-30,8.03,8.09,7.99,8.08,1325151.0
2026-05-06,8.1,8.17,8.06,8.15,1583155.0
2026-05-07,8.2,8.21,8.11,8.15,1097623.0
2026-05-08,8.12,8.13,8.04,8.13,1191766.0
2026-05-11,8.3,8.94,8.3,8.9,7662325.0
2026-05-12,8.69,8.69,8.45,8.49,4635262.0
2026-05-13,8.55,9.33,8.49,9.14,7326057.0
2026-05-14,9.17,9.17,8.78,8.8,4422645.0
2026-05-15,8.72,9.07,8.63,8.82,3568882.0
2026-05-18,8.76,9.24,8.72,9.02,3654633.0
2026-05-19,9.05,9.06,8.76,8.98,2659500.0
2026-05-20,8.93,9.29,8.78,9.07,3141636.0
2026-05-21,9.02,9.08,8.63,8.68,2857395.0
2026-05-22,8.7,9.05,8.7,8.94,2394728.0
2026-05-25,8.98,9.15,8.85,8.93,1786391.0
2026-05-26,8.85,8.85,8.55,8.68,1908478.0
2026-05-27,8.61,8.79,8.38,8.41,1881939.0
2026-05-28,8.36,8.5,8.25,8.44,1432070.0
2026-05-29,8.4,8.44,8.02,8.06,2004167.0
2026-06-01,8.2,8.3,8.15,8.2,1378524.0
2026-06-02,8.23,8.23,7.94,7.99,1749518.0
2026-06-03,7.95,8.08,7.89,7.94,1189644.0
2026-06-04,7.9,8.02,7.83,7.96,996058.0
2026-06-05,7.99,7.99,7.8,7.84,1371375.0
2026-06-08,7.66,7.71,7.33,7.4,1907930.0
2026-06-09,7.48,7.5,7.34,7.45,860573.0
2026-06-10,7.36,7.39,7.15,7.21,1387219.0
2026-06-11,7.14,7.19,6.95,7.09,1471538.0
2026-06-12,7.2,7.4,7.17,7.26,2341472.0
2026-06-15,7.32,7.4,7.26,7.34,1262508.0
2026-06-16,7.34,7.38,7.26,7.36,962041.0
2026-06-17,7.35,7.5,7.25,7.42,1351462.0
2026-06-18,7.43,7.48,7.28,7.31,1121861.0
2026-06-22,7.27,7.46,7.15,7.44,1601615.0
2026-06-23,7.41,7.46,7.19,7.23,1183215.0
2026-06-24,7.19,7.21,7.04,7.12,986056.0
2026-06-25,7.04,7.17,7.01,7.05,948752.0
2026-06-26,7.08,7.11,6.84,6.84,1223493.0
2026-06-29,6.98,7.24,6.98,7.08,1543960.0
2026-06-30,7.06,7.07,6.93,7.0,1052091.0
2026-07-01,7.0,7.06,6.91,7.01,1091887.0
2026-07-02,6.96,7.01,6.85,6.88,1090791.0
2026-07-03,6.9,7.0,6.87,6.96,934658.0
2026-07-06,6.99,7.01,6.9,6.91,714500.0
2026-07-07,6.92,6.93,6.66,6.76,1094839.0
2026-07-08,6.82,6.82,6.66,6.77,620922.0
2026-07-09,6.74,6.77,6.55,6.73,964316.0
2026-07-10,6.7,6.92,6.67,6.82,1000866.0
2026-07-13,6.79,6.79,6.58,6.61,762002.0
2026-07-14,6.57,6.6,6.46,6.59,704851.0
2026-07-15,6.6,6.65,6.53,6.55,654087.0
2026-07-16,6.5,6.56,6.47,6.51,504084.0
2026-07-17,6.5,6.53,6.35,6.39,836148.0
