date,open,high,low,close,volume,open_interest
2015-01-05,45500.0,45570.0,44990.0,45080.0,189194,325160
2015-01-06,44210.0,44910.0,43980.0,44800.0,447986,310542
2015-01-07,44640.0,44840.0,44420.0,44650.0,317816,301058
2015-01-08,44650.0,44890.0,44580.0,44680.0,208524,297932
2015-01-09,45000.0,45050.0,44250.0,44250.0,384066,308602
2015-01-12,44100.0,44450.0,43790.0,43960.0,403724,307588
2015-01-13,43400.0,43720.0,42880.0,42890.0,404006,315628
2015-01-14,42300.0,42700.0,41190.0,41190.0,408472,309766
2015-01-15,40600.0,41230.0,39820.0,40920.0,1020638,312866
2015-01-16,41320.0,41710.0,40570.0,41040.0,656280,303626
2015-01-19,40850.0,41910.0,40750.0,41770.0,517860,287290
2015-01-20,41200.0,41590.0,41020.0,41250.0,418760,276198
2015-01-21,41510.0,41590.0,41110.0,41260.0,351830,268638
2015-01-22,41040.0,42180.0,40930.0,41560.0,526812,253644
2015-01-23,41290.0,41620.0,40410.0,40750.0,480318,302022
2015-01-26,40420.0,40540.0,38860.0,39250.0,715356,338392
2015-01-27,39730.0,40730.0,39650.0,40260.0,604476,352686
2015-01-28,40050.0,40210.0,39260.0,39690.0,687248,372070
2015-01-29,39710.0,39960.0,39240.0,39310.0,602600,388784
2015-01-30,39160.0,39520.0,38890.0,39090.0,647928,414782
2015-02-02,39580.0,40370.0,39330.0,40290.0,586236,416396
2015-02-03,40110.0,40830.0,40050.0,40760.0,543294,400826
2015-02-04,41150.0,41980.0,40840.0,41160.0,616042,384294
2015-02-05,41360.0,41540.0,40930.0,41000.0,573146,390944
2015-02-06,40870.0,41710.0,40790.0,41670.0,522050,367218
2015-02-09,41400.0,41600.0,41040.0,41260.0,442210,341890
2015-02-10,41280.0,41530.0,41080.0,41320.0,300508,326612
2015-02-11,40990.0,41270.0,40860.0,41100.0,358612,294416
2015-02-12,41200.0,41240.0,40840.0,41110.0,280814,287330
2015-02-13,41330.0,42280.0,41240.0,42120.0,429840,270008
2015-02-16,41930.0,42250.0,41720.0,42220.0,239460,252100
2015-02-17,42100.0,42290.0,41950.0,42200.0,154340,236648
2015-02-25,42240.0,42380.0,42020.0,42150.0,12426,82160
2015-02-26,41940.0,42610.0,41850.0,42510.0,301590,313040
2015-02-27,42810.0,42930.0,42450.0,42730.0,417708,334112
2015-03-02,42600.0,43280.0,42370.0,43200.0,402994,320530
2015-03-03,42890.0,43220.0,42430.0,42540.0,403956,324956
2015-03-04,42480.0,42560.0,42120.0,42460.0,279060,328168
2015-03-05,42580.0,42620.0,42140.0,42500.0,313682,333640
2015-03-06,42420.0,42720.0,42070.0,42200.0,321600,339796
2015-03-09,42250.0,42350.0,41670.0,42300.0,455574,322428
2015-03-10,42320.0,42760.0,42210.0,42230.0,374268,319692
2015-03-11,42060.0,42320.0,41910.0,42080.0,309400,315952
2015-03-12,42040.0,42610.0,41800.0,42560.0,456438,311016
2015-03-13,42710.0,43000.0,42400.0,42840.0,415176,302458
2015-03-16,42700.0,42850.0,42440.0,42810.0,299488,300712
2015-03-17,42600.0,42960.0,42260.0,42430.0,363952,291280
2015-03-18,42040.0,42420.0,41590.0,41620.0,392596,289070
2015-03-19,41430.0,42790.0,41120.0,41720.0,406544,275844
2015-03-20,42030.0,42500.0,41850.0,42040.0,367510,270656
2015-03-23,42480.0,44050.0,42400.0,43570.0,559858,238238
2015-03-24,43650.0,44690.0,43530.0,43850.0,459758,297482
2015-03-25,43810.0,43940.0,43390.0,43680.0,413712,317368
2015-03-26,43700.0,44000.0,43610.0,43930.0,419412,334338
2015-03-27,44050.0,44340.0,43360.0,43770.0,560376,361418
2015-03-30,43690.0,43990.0,43410.0,43830.0,431488,370238
2015-03-31,43820.0,44070.0,43330.0,43350.0,421054,383528
2015-04-01,43430.0,43670.0,43080.0,43260.0,407462,387568
2015-04-02,43120.0,43630.0,43030.0,43520.0,435988,378180
2015-04-03,43310.0,43450.0,43160.0,43280.0,273380,371554
2015-04-07,43300.0,43560.0,43300.0,43480.0,116826,375402
2015-04-08,43550.0,43820.0,43360.0,43460.0,272338,372156
2015-04-09,43380.0,43540.0,43050.0,43310.0,238872,379268
2015-04-10,43380.0,43570.0,43150.0,43530.0,235236,375940
2015-04-13,43510.0,44000.0,43440.0,43630.0,305348,377486
2015-04-14,43650.0,43710.0,42580.0,42860.0,361446,387860
2015-04-15,42760.0,43180.0,42570.0,43000.0,330834,381474
2015-04-16,42830.0,43510.0,42720.0,43340.0,274218,361406
2015-04-17,43780.0,43950.0,43590.0,43690.0,295034,336706
2015-04-20,43590.0,44200.0,43510.0,43870.0,245716,325646
2015-04-21,43380.0,43500.0,43170.0,43370.0,248810,307216
2015-04-22,43180.0,43430.0,43080.0,43310.0,184900,296946
2015-04-23,43210.0,43390.0,42670.0,42990.0,273026,282348
2015-04-24,43130.0,43440.0,43110.0,43310.0,202648,256692
2015-04-27,43610.0,43970.0,43390.0,43730.0,318420,284454
2015-04-28,43740.0,44140.0,43570.0,43740.0,312606,311234
2015-04-29,43800.0,44050.0,43640.0,43730.0,306368,345074
2015-04-30,43770.0,44300.0,43750.0,44240.0,316342,351078
2015-05-04,45330.0,45800.0,45130.0,45710.0,267168,342084
2015-05-05,45830.0,45930.0,45530.0,45730.0,233228,324728
2015-05-06,45850.0,46360.0,45830.0,46130.0,414292,306694
2015-05-07,46170.0,46170.0,45650.0,45860.0,302190,289710
2015-05-08,45910.0,46050.0,45780.0,45970.0,249800,294960
2015-05-11,45860.0,46030.0,45570.0,45790.0,273964,289446
2015-05-12,45690.0,45930.0,45600.0,45830.0,188694,285424
2015-05-13,46070.0,46390.0,45900.0,46260.0,241570,291246
2015-05-14,46180.0,46280.0,45770.0,46070.0,254606,285044
2015-05-15,46060.0,46130.0,45770.0,46040.0,195046,287092
2015-05-18,45850.0,46190.0,45750.0,46110.0,202992,287370
2015-05-19,45960.0,45990.0,45680.0,45710.0,216182,278098
2015-05-20,45320.0,45390.0,44610.0,44760.0,366894,265216
2015-05-21,44820.0,45220.0,44700.0,45120.0,203548,245194
2015-05-22,45100.0,45280.0,45030.0,45110.0,153804,229260
2015-05-25,44600.0,44750.0,44520.0,44710.0,163400,215614
2015-05-26,44760.0,45170.0,44480.0,44520.0,201400,189810
2015-05-27,44300.0,44350.0,42030.0,44300.0,236238,249528
2015-05-28,44080.0,44360.0,43950.0,44250.0,281792,253868
2015-05-29,44130.0,44320.0,43970.0,44300.0,208388,256104
2015-06-01,44010.0,44140.0,43570.0,43650.0,271036,268494
2015-06-02,43550.0,43820.0,43410.0,43690.0,236858,269474
2015-06-03,43730.0,43870.0,43490.0,43530.0,228746,270146
2015-06-04,43600.0,43660.0,43330.0,43400.0,240492,269388
2015-06-05,43310.0,43440.0,42750.0,42810.0,328872,274048
2015-06-08,42930.0,43250.0,42790.0,43160.0,242348,265440
2015-06-09,43100.0,43350.0,43090.0,43250.0,162420,255718
2015-06-10,43320.0,43520.0,43190.0,43370.0,169556,256578
2015-06-11,43630.0,43760.0,43160.0,43230.0,200008,252002
2015-06-12,42990.0,43060.0,42480.0,42490.0,312702,268302
2015-06-15,42590.0,42820.0,42140.0,42210.0,217688,271054
2015-06-16,42120.0,42380.0,42000.0,42150.0,225950,267800
2015-06-17,42050.0,42080.0,41730.0,41810.0,205258,261768
2015-06-18,41940.0,42240.0,41620.0,42080.0,213452,251110
2015-06-19,41950.0,42080.0,41780.0,41820.0,231946,241718
2015-06-23,41780.0,42100.0,41730.0,42030.0,27906,72786
2015-06-24,41890.0,42290.0,41770.0,42190.0,233332,225792
2015-06-25,42290.0,42360.0,41000.0,41920.0,312490,209464
2015-06-26,41900.0,42580.0,41670.0,42300.0,259030,186054
2015-06-29,42050.0,42620.0,41920.0,42500.0,276048,209702
2015-06-30,42340.0,42470.0,41990.0,42090.0,257752,231696
2015-07-01,41950.0,42300.0,41560.0,41970.0,323088,223404
2015-07-03,42050.0,42200.0,41900.0,42100.0,248,1926
2015-07-06,42300.0,42320.0,40100.0,40730.0,490330,257318
2015-07-07,40730.0,40860.0,39690.0,39780.0,518564,271380
2015-07-08,39510.0,39600.0,37960.0,38070.0,1262028,285910
2015-07-09,38650.0,40800.0,38620.0,40470.0,894496,232758
2015-07-10,40870.0,41220.0,40260.0,40360.0,650284,235950
2015-07-13,40410.0,40630.0,39740.0,40130.0,379240,240758
2015-07-14,40480.0,40610.0,40250.0,40280.0,296534,233130
2015-07-15,40310.0,40750.0,40130.0,40750.0,289106,228616
2015-07-16,40670.0,40740.0,40150.0,40680.0,374544,224794
2015-07-17,40430.0,40650.0,40360.0,40480.0,217696,222354
2015-07-20,40070.0,40290.0,39590.0,39800.0,375168,230994
2015-07-21,39800.0,40230.0,39640.0,40080.0,268612,223900
2015-07-22,39850.0,40110.0,39070.0,39150.0,338470,235744
2015-07-23,39150.0,39490.0,38710.0,39180.0,380740,239418
2015-07-24,39070.0,39230.0,37870.0,38050.0,484414,235550
2015-07-27,38040.0,38530.0,37800.0,37980.0,287236,295144
2015-07-28,37680.0,38150.0,37440.0,38040.0,265940,301612
2015-07-29,38190.0,39400.0,38110.0,38810.0,394434,292350
2015-07-30,38820.0,39030.0,38450.0,38560.0,300354,297504
2015-07-31,38290.0,38640.0,38190.0,38250.0,283054,310310
2015-08-03,38350.0,38680.0,37810.0,37870.0,436930,342842
2015-08-04,37840.0,38290.0,37650.0,38190.0,405154,316140
2015-08-05,38330.0,38430.0,37860.0,38120.0,269210,325206
2015-08-06,38170.0,38200.0,37830.0,38050.0,261494,326764
2015-08-07,37880.0,38100.0,37310.0,37970.0,443168,326344
2015-08-10,37750.0,38100.0,37540.0,37990.0,355558,319414
2015-08-11,38010.0,39820.0,37980.0,39060.0,703446,279492
2015-08-12,38670.0,39500.0,38530.0,39350.0,671490,269288
2015-08-13,39500.0,39970.0,39190.0,39580.0,472860,242844
2015-08-14,39470.0,39580.0,39220.0,39250.0,301880,236384
2015-08-17,39270.0,39510.0,38930.0,39150.0,301984,218366
2015-08-18,38900.0,39110.0,38760.0,38790.0,272436,221814
2015-08-19,38700.0,38780.0,38140.0,38750.0,423328,216376
2015-08-20,38480.0,38830.0,38330.0,38620.0,339404,212376
2015-08-21,39020.0,39220.0,38860.0,38940.0,324494,204458
2015-08-24,38810.0,38950.0,37650.0,38280.0,660558,216254
2015-08-25,37980.0,39090.0,37870.0,38820.0,663922,195670
2015-08-26,39320.0,39600.0,38840.0,38840.0,421568,177890
2015-08-27,38500.0,38870.0,38090.0,38740.0,269560,191870
2015-08-28,38780.0,39690.0,38700.0,39280.0,315610,201114
2015-08-31,39350.0,39580.0,39010.0,39200.0,242440,209628
2015-09-01,39020.0,39540.0,38880.0,39150.0,270324,211882
2015-09-02,39020.0,39230.0,38900.0,39010.0,218336,204348
2015-09-03,39020.0,39230.0,38900.0,39060.0,0,204348
2015-09-07,39260.0,39560.0,39260.0,39540.0,18500,42750
2015-09-08,39520.0,39550.0,39210.0,39530.0,300004,221486
2015-09-09,40000.0,41550.0,39970.0,41140.0,852324,233214
2015-09-10,41220.0,41290.0,40690.0,41060.0,594110,230840
2015-09-11,40990.0,41280.0,40960.0,41160.0,503240,221390
2015-09-14,40850.0,41200.0,40570.0,40620.0,499764,205204
2015-09-15,40510.0,40690.0,40290.0,40320.0,476206,201000
2015-09-16,40390.0,40980.0,40390.0,40950.0,548102,200040
2015-09-17,40940.0,41380.0,40780.0,40990.0,668968,195616
2015-09-18,40940.0,41200.0,40670.0,40710.0,491870,195032
2015-09-21,40370.0,40530.0,39850.0,40340.0,652662,184728
2015-09-22,40430.0,40480.0,39900.0,39920.0,435788,190326
2015-09-23,39310.0,39350.0,38250.0,38930.0,841592,190554
2015-09-24,38950.0,39180.0,38620.0,38850.0,561310,186212
2015-09-25,38650.0,39170.0,38520.0,39000.0,635386,162114
2015-09-28,38780.0,38930.0,38120.0,38170.0,103954,205684
2015-09-29,37710.0,38080.0,37550.0,37640.0,244164,230082
2015-09-30,38000.0,38490.0,37810.0,38370.0,171862,236074
2015-10-01,38000.0,38490.0,37810.0,38080.0,0,236074
2015-10-08,39600.0,39700.0,39140.0,39150.0,14722,39020
2015-10-09,38890.0,40270.0,38630.0,40090.0,602558,218306
2015-10-12,40380.0,40420.0,39900.0,40150.0,480018,226810
2015-10-13,40180.0,40190.0,39510.0,39750.0,409576,231756
2015-10-14,39700.0,39930.0,39540.0,39630.0,394322,230740
2015-10-15,39750.0,40200.0,39720.0,40020.0,454346,234164
2015-10-16,39990.0,40120.0,39460.0,39540.0,448574,245236
2015-10-19,39560.0,39730.0,39250.0,39380.0,454318,248280
2015-10-20,39110.0,39290.0,38910.0,39200.0,425676,250018
2015-10-21,39220.0,39370.0,38830.0,38910.0,470650,246484
2015-10-22,38890.0,39420.0,38710.0,39270.0,499932,238430
2015-10-23,39510.0,39780.0,39260.0,39700.0,621258,233798
2015-10-26,39600.0,39670.0,38800.0,39060.0,662198,221716
2015-10-27,39120.0,39410.0,38800.0,39310.0,510268,221250
2015-10-28,39300.0,39340.0,38840.0,38930.0,441918,208944
2015-10-29,38830.0,39330.0,38620.0,39030.0,525966,181812
2015-10-30,38790.0,38890.0,38500.0,38770.0,200902,226344
2015-11-02,38560.0,38720.0,38320.0,38500.0,187276,241114
2015-11-03,38520.0,38650.0,38360.0,38420.0,191210,260126
2015-11-04,38480.0,38830.0,38240.0,38830.0,331122,268036
2015-11-05,38680.0,39110.0,38180.0,38220.0,515196,296380
2015-11-06,37970.0,38280.0,37800.0,38030.0,616296,281018
2015-11-09,37940.0,38080.0,37580.0,37620.0,558072,321632
2015-11-10,37650.0,37880.0,37090.0,37570.0,636506,312346
2015-11-11,37500.0,37580.0,37050.0,37100.0,613418,327070
2015-11-12,37170.0,37500.0,37170.0,37310.0,432018,312976
2015-11-13,36860.0,36860.0,36170.0,36230.0,840792,334960
2015-11-16,36490.0,36500.0,35960.0,36030.0,537316,336568
2015-11-17,36090.0,36190.0,34470.0,34970.0,1162190,328468
2015-11-18,35300.0,35370.0,34420.0,34880.0,886530,328344
2015-11-19,34840.0,35030.0,34210.0,34770.0,841008,323048
2015-11-20,34600.0,35170.0,34410.0,34910.0,904142,291650
2015-11-23,35100.0,35110.0,33270.0,33510.0,1070446,305014
2015-11-24,33590.0,34080.0,33220.0,33850.0,958020,279830
2015-11-25,33770.0,34980.0,33700.0,34620.0,1128628,255662
2015-11-26,34200.0,36090.0,34150.0,35140.0,568624,247138
2015-11-27,35150.0,35640.0,34810.0,35350.0,402510,249442
2015-11-30,35100.0,35340.0,34310.0,34740.0,517620,297004
2015-12-01,34900.0,35290.0,34500.0,35080.0,509738,299910
2015-12-02,35120.0,35470.0,34880.0,34890.0,534154,309404
2015-12-03,34770.0,35270.0,34360.0,34390.0,692398,338476
2015-12-04,34530.0,34930.0,34330.0,34610.0,728126,331702
2015-12-07,35000.0,35390.0,34600.0,35330.0,609902,307554
2015-12-08,35070.0,35180.0,34580.0,34710.0,536504,332100
2015-12-09,34670.0,35060.0,34480.0,35010.0,540318,333564
2015-12-10,35090.0,35410.0,34870.0,34920.0,552150,333258
2015-12-11,34900.0,36030.0,34880.0,35960.0,587970,331234
2015-12-14,35870.0,36350.0,35730.0,36130.0,717754,311488
2015-12-15,35900.0,36260.0,35580.0,35620.0,574874,306770
2015-12-16,35450.0,35650.0,35280.0,35450.0,559646,322650
2015-12-17,35460.0,35740.0,35110.0,35140.0,618334,327020
2015-12-18,35160.0,35840.0,35070.0,35810.0,567628,304074
2015-12-21,35980.0,36300.0,35770.0,36240.0,581138,299518
2015-12-22,36200.0,36590.0,36110.0,36350.0,531710,291976
2015-12-23,36310.0,36440.0,35920.0,36380.0,484456,277498
2015-12-24,36290.0,36490.0,36130.0,36170.0,466118,265638
2015-12-25,36090.0,36400.0,36060.0,36340.0,254420,261964
2015-12-28,36330.0,36450.0,35680.0,35740.0,328006,245652
2015-12-29,35600.0,36250.0,35590.0,36190.0,176438,274040
2015-12-30,36200.0,36700.0,36100.0,36370.0,258610,281516
2015-12-31,36400.0,36640.0,36360.0,36560.0,234592,284100
2016-01-04,36480.0,36570.0,35820.0,35970.0,224740,294626
2016-01-05,36000.0,36550.0,35820.0,36510.0,411016,291660
2016-01-06,36410.0,36530.0,36140.0,36240.0,476828,299874
2016-01-07,36140.0,36580.0,35910.0,36090.0,646922,305238
2016-01-08,35810.0,36090.0,35230.0,35680.0,974450,318464
2016-01-11,35630.0,35790.0,34760.0,34770.0,647856,356500
2016-01-12,34900.0,35140.0,34610.0,34630.0,668706,354662
2016-01-13,34740.0,35070.0,34660.0,34810.0,611038,351896
2016-01-14,34760.0,35030.0,34350.0,34930.0,713142,333742
2016-01-15,34840.0,35330.0,34730.0,34800.0,598056,317570
2016-01-18,34480.0,35200.0,34450.0,34990.0,672146,315402
2016-01-19,34970.0,35600.0,34840.0,35360.0,636590,307608
2016-01-20,35400.0,35470.0,34970.0,35080.0,495406,305510
2016-01-21,35000.0,35280.0,34810.0,34850.0,556644,310518
2016-01-22,35000.0,35410.0,34910.0,35190.0,549800,294652
2016-01-25,35350.0,35400.0,34920.0,35020.0,406458,294056
2016-01-26,35050.0,35190.0,34840.0,35100.0,414594,278786
2016-01-27,35480.0,35840.0,35280.0,35780.0,551904,265050
2016-01-28,35670.0,35980.0,35570.0,35600.0,418618,247240
2016-01-29,35640.0,35800.0,35470.0,35680.0,447376,224774
2016-02-01,35690.0,35900.0,35440.0,35540.0,137634,248036
2016-02-02,35590.0,35820.0,35460.0,35760.0,105406,255098
2016-02-03,35880.0,35910.0,35500.0,35810.0,167454,255800
2016-02-04,35830.0,36570.0,35780.0,36500.0,218918,246020
2016-02-05,36400.0,36680.0,36250.0,36510.0,144804,241936
2016-02-15,35800.0,35940.0,35510.0,35750.0,190342,232728
2016-02-16,35670.0,36010.0,35650.0,35750.0,274046,251394
2016-02-17,35760.0,35910.0,35470.0,35480.0,343700,251098
2016-02-18,35590.0,35820.0,35550.0,35700.0,251418,254242
2016-02-19,35700.0,36030.0,35510.0,35920.0,379600,270716
2016-02-22,35780.0,36380.0,35700.0,36350.0,398280,268738
2016-02-23,36450.0,36560.0,36090.0,36200.0,313264,259186
2016-02-24,36280.0,36280.0,35700.0,35810.0,332556,260900
2016-02-25,35780.0,36290.0,35680.0,35920.0,408926,245666
2016-02-26,36020.0,36060.0,35550.0,35840.0,399770,226834
2016-02-29,36250.0,36680.0,35680.0,35880.0,428862,259370
2016-03-01,36080.0,36160.0,35550.0,36010.0,354354,276038
2016-03-02,36160.0,36960.0,36020.0,36940.0,529086,325702
2016-03-03,36830.0,37150.0,36800.0,37000.0,490662,310200
2016-03-04,37110.0,38010.0,37020.0,37950.0,712994,311400
2016-03-07,37910.0,39400.0,37640.0,38090.0,1078126,276290
2016-03-08,38250.0,38620.0,37460.0,37750.0,910538,261796
2016-03-09,37920.0,37920.0,36800.0,37320.0,852456,257800
2016-03-10,37440.0,37670.0,37250.0,37300.0,521714,258828
2016-03-11,37350.0,37740.0,37040.0,37710.0,506820,276460
2016-03-14,37540.0,38150.0,37490.0,37750.0,527542,276344
2016-03-15,37700.0,37710.0,37130.0,37250.0,484084,280502
2016-03-16,37200.0,37620.0,37080.0,37570.0,448986,279816
2016-03-17,37450.0,37970.0,37370.0,37940.0,467704,286684
2016-03-18,37870.0,38690.0,37830.0,38380.0,800538,300858
2016-03-21,38300.0,38440.0,37930.0,38160.0,493144,298568
2016-03-22,38180.0,38430.0,38060.0,38150.0,418080,295066
2016-03-23,38200.0,38420.0,38040.0,38160.0,341424,282902
2016-03-24,38110.0,38120.0,37430.0,37630.0,532272,229948
2016-03-25,37490.0,37800.0,37400.0,37750.0,212472,223332
2016-03-28,37750.0,37870.0,37500.0,37510.0,171106,216036
2016-03-29,37660.0,38090.0,37490.0,37590.0,185848,254388
2016-03-30,37660.0,37660.0,36850.0,36990.0,357590,311466
2016-03-31,37040.0,37290.0,36640.0,36860.0,335052,335806
2016-04-01,36780.0,37150.0,36730.0,37120.0,323898,329404
2016-04-05,36680.0,36840.0,36550.0,36720.0,18330,58380
2016-04-06,36600.0,36810.0,36550.0,36730.0,237194,319632
2016-04-07,36560.0,36880.0,36560.0,36650.0,260044,329786
2016-04-08,36400.0,36400.0,35610.0,35760.0,506212,349294
2016-04-11,35760.0,36150.0,35730.0,35830.0,442994,340792
2016-04-12,35800.0,36060.0,35600.0,35980.0,384698,322328
2016-04-13,36110.0,37360.0,36040.0,36830.0,786206,286356
2016-04-14,36930.0,37150.0,36780.0,36850.0,366646,294134
2016-04-15,37030.0,37130.0,36740.0,36780.0,357608,295658
2016-04-18,36690.0,37080.0,36560.0,36610.0,421168,293264
2016-04-19,36770.0,37170.0,36730.0,36940.0,430730,286746
2016-04-20,37010.0,37740.0,36950.0,37360.0,669188,268236
2016-04-21,37520.0,38220.0,37350.0,38100.0,595434,242330
2016-04-22,38400.0,38570.0,37460.0,37970.0,560744,201826
2016-04-25,38110.0,39010.0,37880.0,38120.0,539090,196302
2016-04-26,38200.0,38230.0,37530.0,37710.0,232600,201384
2016-04-27,37710.0,37950.0,37510.0,37630.0,188230,223068
2016-04-28,37600.0,37720.0,37010.0,37280.0,261212,256418
2016-04-29,37290.0,37800.0,37180.0,37660.0,214126,265734
2016-05-03,37780.0,37970.0,37420.0,37910.0,199440,273536
2016-05-04,37680.0,37780.0,37140.0,37230.0,325310,297920
2016-05-05,37220.0,37340.0,36820.0,36840.0,380366,315360
2016-05-06,36810.0,36920.0,36330.0,36620.0,371676,308860
2016-05-09,36540.0,36970.0,35780.0,35840.0,574206,339126
2016-05-10,35780.0,36080.0,35670.0,35950.0,384000,324560
2016-05-11,35880.0,36080.0,35690.0,35960.0,328504,334466
2016-05-12,36080.0,36520.0,35820.0,36240.0,456792,320998
2016-05-13,36240.0,36380.0,35030.0,35480.0,644522,330664
2016-05-16,35390.0,35770.0,35120.0,35610.0,384188,328590
2016-05-17,35500.0,35960.0,35500.0,35900.0,332574,316784
2016-05-18,35700.0,35940.0,35290.0,35380.0,469084,320878
2016-05-19,35210.0,35640.0,35110.0,35200.0,402516,307112
2016-05-20,35160.0,35440.0,34820.0,35320.0,391992,300324
2016-05-23,35480.0,35570.0,34880.0,35170.0,433462,292744
2016-05-24,35200.0,35370.0,35030.0,35190.0,304944,277556
2016-05-25,35460.0,35700.0,35280.0,35490.0,350164,259468
2016-05-26,35750.0,36080.0,35640.0,36060.0,302290,248398
2016-05-27,36090.0,36210.0,35610.0,35840.0,229682,280154
2016-05-30,35990.0,36060.0,35630.0,35710.0,172624,302688
2016-05-31,35780.0,35990.0,35640.0,35750.0,173512,321466
2016-06-01,35810.0,35890.0,35120.0,35190.0,323974,360438
2016-06-02,35180.0,35460.0,35070.0,35280.0,273418,362532
2016-06-03,35250.0,35760.0,35170.0,35720.0,296102,351546
2016-06-06,36110.0,36300.0,35800.0,36260.0,318566,346128
2016-06-07,36150.0,36300.0,35800.0,35840.0,267268,335334
2016-06-08,35340.0,35390.0,35100.0,35230.0,331978,356466
2016-06-13,34880.0,35540.0,34850.0,35250.0,272286,322280
2016-06-14,35200.0,35540.0,35080.0,35110.0,286756,323586
2016-06-15,35100.0,35370.0,34980.0,35320.0,257364,309524
2016-06-16,35890.0,36000.0,35330.0,35410.0,313520,284714
2016-06-17,35210.0,35600.0,35160.0,35560.0,259350,268414
2016-06-20,35410.0,35630.0,35320.0,35460.0,226642,264384
2016-06-21,35610.0,35880.0,35480.0,35570.0,252478,255898
2016-06-22,35650.0,36270.0,35530.0,36260.0,345406,252888
2016-06-23,36280.0,36390.0,36060.0,36270.0,251632,249130
2016-06-24,36550.0,36760.0,35850.0,35970.0,472024,218592
2016-06-27,36120.0,36730.0,36020.0,36720.0,337584,204394
2016-06-28,36500.0,37280.0,36460.0,37200.0,263022,242292
2016-06-29,37300.0,37500.0,37010.0,37220.0,215762,249728
2016-06-30,37250.0,37690.0,37080.0,37530.0,261792,248882
2016-07-01,37440.0,37630.0,37140.0,37300.0,320148,250822
2016-07-04,37290.0,38510.0,37220.0,38410.0,682034,293484
2016-07-05,38440.0,38540.0,37470.0,37790.0,492320,281800
2016-07-06,37760.0,37850.0,36950.0,37380.0,485598,262294
2016-07-07,36880.0,37290.0,36820.0,36910.0,371704,253368
2016-07-08,36960.0,37100.0,36450.0,36620.0,381592,259412
2016-07-11,36800.0,37130.0,36540.0,37020.0,302506,260408
2016-07-12,37140.0,37260.0,36900.0,37180.0,253784,263540
2016-07-13,37500.0,39210.0,37260.0,38580.0,876672,295230
2016-07-14,38660.0,38820.0,38190.0,38640.0,448580,306792
2016-07-15,38530.0,38710.0,38230.0,38500.0,361670,309744
2016-07-18,38700.0,38930.0,37800.0,37850.0,497462,298892
2016-07-19,37790.0,38550.0,37790.0,38300.0,415374,283666
2016-07-20,38380.0,38800.0,38110.0,38280.0,463442,276684
2016-07-21,38020.0,38690.0,37870.0,38650.0,351616,270376
2016-07-22,38570.0,38840.0,38160.0,38180.0,336090,260900
2016-07-25,38350.0,38650.0,37830.0,38160.0,420530,249108
2016-07-26,38170.0,38250.0,37600.0,37810.0,322706,236284
2016-07-27,37770.0,38090.0,37620.0,37740.0,308300,225788
2016-07-28,37700.0,37890.0,37430.0,37820.0,307786,207992
2016-07-29,37880.0,38060.0,37430.0,37470.0,297570,189826
2016-08-01,37690.0,38330.0,37500.0,38280.0,265488,223192
2016-08-02,38140.0,38160.0,37680.0,38020.0,245842,225696
2016-08-03,38120.0,38450.0,37680.0,37790.0,341054,234238
2016-08-04,37710.0,37910.0,37430.0,37620.0,350780,234164
2016-08-05,37300.0,37770.0,37280.0,37620.0,307212,225438
2016-08-08,37510.0,37680.0,37370.0,37540.0,257108,231414
2016-08-09,37560.0,37760.0,37180.0,37220.0,290706,250054
2016-08-10,37160.0,37530.0,37100.0,37470.0,236298,245182
2016-08-11,37790.0,37800.0,37450.0,37530.0,248324,238242
2016-08-12,37550.0,37690.0,37450.0,37560.0,175934,236262
2016-08-15,37230.0,37350.0,37000.0,37070.0,244612,241304
2016-08-16,37070.0,37290.0,37020.0,37220.0,212270,238790
2016-08-17,37330.0,37390.0,37180.0,37220.0,177690,230482
2016-08-18,37180.0,37400.0,37090.0,37370.0,180484,238920
2016-08-19,37480.0,37490.0,37230.0,37390.0,159022,234600
2016-08-22,37290.0,37390.0,37080.0,37140.0,176644,236770
2016-08-23,37020.0,37180.0,36910.0,37120.0,146416,236976
2016-08-24,36970.0,37040.0,36640.0,36650.0,248346,255570
2016-08-25,36530.0,36640.0,36050.0,36370.0,308008,232444
2016-08-26,36290.0,36530.0,36180.0,36430.0,167726,226274
2016-08-29,36380.0,36620.0,36210.0,36420.0,184566,216386
2016-08-30,36350.0,36520.0,36240.0,36260.0,119618,210696
2016-08-31,36250.0,36390.0,36140.0,36270.0,142170,196118
2016-09-01,36260.0,36670.0,36230.0,36530.0,139762,179154
2016-09-02,36490.0,36690.0,36400.0,36670.0,139928,197610
2016-09-05,36640.0,36660.0,36440.0,36510.0,147262,210070
2016-09-06,36460.0,36620.0,36390.0,36570.0,136530,215374
2016-09-07,36600.0,36870.0,36460.0,36750.0,205396,219446
2016-09-08,36750.0,36850.0,36530.0,36570.0,176616,219166
2016-09-09,36560.0,36730.0,36460.0,36620.0,149500,215504
2016-09-12,36560.0,36630.0,36130.0,36170.0,256900,243058
2016-09-13,36250.0,36620.0,36250.0,36600.0,192602,216048
2016-09-14,36630.0,36800.0,36470.0,36730.0,189584,199982
2016-09-19,37100.0,37240.0,36930.0,37230.0,158336,187816
2016-09-20,37260.0,37350.0,37160.0,37280.0,129424,180818
2016-09-21,37300.0,37500.0,37190.0,37300.0,172558,178240
2016-09-22,37310.0,37680.0,37240.0,37650.0,202334,172190
2016-09-23,37770.0,37900.0,37650.0,37860.0,172102,168930
2016-09-26,37820.0,37900.0,37690.0,37760.0,132548,161124
2016-09-27,37750.0,37830.0,37470.0,37680.0,178872,157098
2016-09-28,37550.0,37610.0,37270.0,37520.0,80366,160920
2016-09-29,37600.0,37960.0,37530.0,37650.0,106982,165492
2016-09-30,37680.0,37880.0,37560.0,37710.0,82256,174124
2016-10-10,37660.0,37670.0,37430.0,37650.0,69828,174958
2016-10-11,37670.0,38180.0,37660.0,38160.0,197110,201536
2016-10-12,38060.0,38080.0,37760.0,37950.0,160384,202450
2016-10-13,37990.0,38150.0,37580.0,37630.0,197824,205370
2016-10-14,37210.0,37460.0,37110.0,37370.0,226982,195040
2016-10-17,37210.0,37400.0,37160.0,37320.0,183592,202110
2016-10-18,37250.0,37410.0,37200.0,37400.0,108748,195810
2016-10-19,37310.0,37410.0,37150.0,37190.0,168580,197272
2016-10-20,37200.0,37440.0,36970.0,37310.0,198066,193992
2016-10-21,37240.0,37270.0,37000.0,37180.0,147892,191816
2016-10-24,37110.0,37430.0,37100.0,37350.0,147972,191262
2016-10-25,37300.0,38170.0,37250.0,38010.0,354232,184244
2016-10-26,38110.0,38250.0,37700.0,37760.0,228692,165254
2016-10-27,37790.0,37960.0,37720.0,37820.0,139948,160052
2016-10-28,38020.0,38340.0,37950.0,38270.0,183386,153130
2016-10-31,38390.0,38630.0,38280.0,38390.0,175810,141922
2016-11-01,38500.0,38890.0,38390.0,38740.0,149396,175362
2016-11-02,38780.0,39180.0,38540.0,38580.0,281808,175478
2016-11-03,38730.0,39020.0,38620.0,38990.0,153686,192668
2016-11-04,39100.0,39390.0,39000.0,39130.0,268470,201496
2016-11-07,39230.0,40770.0,39150.0,40380.0,505096,240376
2016-11-08,40180.0,40730.0,40070.0,40450.0,422864,251404
2016-11-09,40400.0,42030.0,40340.0,41600.0,825362,258136
2016-11-10,42320.0,43910.0,42230.0,43910.0,515896,253884
2016-11-11,45000.0,46830.0,44430.0,46700.0,988810,262712
2016-11-14,47200.0,48040.0,43700.0,45520.0,1319384,249310
2016-11-15,45500.0,46160.0,43060.0,43670.0,827514,242572
2016-11-16,43670.0,44650.0,43560.0,44580.0,534122,248372
2016-11-17,44270.0,44410.0,43400.0,43670.0,371964,231320
2016-11-18,43830.0,44580.0,43720.0,44210.0,412470,228852
2016-11-21,44430.0,45410.0,43610.0,45120.0,536360,238170
2016-11-22,45190.0,46320.0,44710.0,46210.0,405740,228864
2016-11-23,45900.0,46120.0,45400.0,45760.0,315082,221660
2016-11-24,45560.0,48500.0,45460.0,48210.0,622346,198930
2016-11-25,47930.0,48900.0,47400.0,48100.0,474172,185342
2016-11-28,48120.0,49840.0,47850.0,49580.0,271522,229802
2016-11-29,49300.0,49400.0,46590.0,46750.0,353894,218234
2016-11-30,47030.0,47240.0,45110.0,46100.0,505638,228600
2016-12-01,46390.0,47570.0,46140.0,47060.0,464488,235960
2016-12-02,46930.0,47180.0,46150.0,46630.0,330356,230370
2016-12-05,46420.0,47630.0,46200.0,47360.0,364274,251632
2016-12-06,47420.0,48480.0,47400.0,47690.0,365538,254760
2016-12-07,47460.0,48500.0,47330.0,48350.0,358714,281024
2016-12-08,48260.0,48470.0,46910.0,47210.0,385546,259338
2016-12-09,47360.0,47770.0,46480.0,47390.0,373262,245848
2016-12-12,47530.0,48270.0,47150.0,47230.0,332482,244348
2016-12-13,47060.0,47300.0,46620.0,46920.0,292322,235676
2016-12-14,47270.0,47300.0,46000.0,46490.0,288536,228348
2016-12-15,46780.0,47130.0,46140.0,46790.0,269802,223872
2016-12-16,46400.0,47160.0,46220.0,46460.0,233462,216844
2016-12-19,46180.0,46590.0,45580.0,45630.0,244460,215100
2016-12-20,45580.0,45580.0,44480.0,44890.0,297386,203366
2016-12-21,44950.0,45420.0,44800.0,45330.0,158184,199436
2016-12-22,45180.0,45330.0,44370.0,44430.0,171752,204652
2016-12-23,44410.0,45200.0,44130.0,45070.0,236000,199536
2016-12-26,44900.0,45100.0,43370.0,44070.0,249022,181694
2016-12-27,44050.0,44770.0,43880.0,44600.0,137474,167124
2016-12-28,44640.0,46020.0,44640.0,45620.0,208248,179558
2016-12-29,45450.0,45970.0,45160.0,45810.0,213126,192142
2016-12-30,45650.0,45760.0,45070.0,45500.0,199464,187358
2017-01-02,45650.0,45760.0,45070.0,45650.0,0,187358
2017-01-03,45630.0,46290.0,45630.0,45760.0,183888,193636
2017-01-04,45910.0,45980.0,44810.0,45520.0,290606,197220
2017-01-05,45400.0,46170.0,45360.0,45760.0,318430,206010
2017-01-06,45720.0,45770.0,45090.0,45350.0,252160,202332
2017-01-09,45260.0,45770.0,45090.0,45730.0,201880,204444
2017-01-10,45530.0,46270.0,45350.0,46110.0,310498,218778
2017-01-11,46340.0,47260.0,46340.0,47160.0,371356,225868
2017-01-12,46950.0,47200.0,46750.0,46980.0,289596,220550
2017-01-13,47110.0,47810.0,47110.0,47400.0,362068,215618
2017-01-16,47420.0,48390.0,47230.0,47950.0,355334,222522
2017-01-17,47880.0,48060.0,46540.0,46780.0,303912,204580
2017-01-18,46850.0,47060.0,45930.0,46600.0,308372,197432
2017-01-19,46500.0,46880.0,46290.0,46730.0,208420,193114
2017-01-20,46570.0,46730.0,46000.0,46080.0,236030,180960
2017-01-23,46270.0,47280.0,46140.0,46850.0,240234,178494
2017-01-24,46810.0,47210.0,46500.0,47070.0,187382,175182
2017-01-25,47480.0,47880.0,47370.0,47650.0,197238,165856
2017-01-26,47460.0,48210.0,47450.0,48040.0,188630,159580
2017-02-03,47700.0,47710.0,46520.0,46780.0,119846,153148
2017-02-06,46810.0,46980.0,46300.0,46600.0,145150,150708
2017-02-07,46620.0,47060.0,46560.0,46850.0,129254,149890
2017-02-08,46800.0,47690.0,46530.0,47660.0,185624,152378
2017-02-09,47710.0,47950.0,47370.0,47590.0,108768,159288
2017-02-10,47620.0,48050.0,47120.0,47820.0,213852,177982
2017-02-13,47800.0,50620.0,47780.0,50120.0,616476,245852
2017-02-14,49820.0,50250.0,49660.0,50110.0,347374,265978
2017-02-15,50090.0,50290.0,48290.0,48740.0,512812,229176
2017-02-16,48740.0,49380.0,48510.0,48680.0,376604,228912
2017-02-17,48600.0,48960.0,48170.0,48360.0,375026,227192
2017-02-20,48280.0,48850.0,47950.0,48770.0,321866,230668
2017-02-21,48870.0,49350.0,48750.0,48920.0,295714,227126
2017-02-22,48990.0,49210.0,48500.0,48660.0,269764,221726
2017-02-23,48530.0,48990.0,48160.0,48390.0,287134,218162
2017-02-24,48640.0,48700.0,47100.0,47760.0,410140,200836
2017-02-27,47700.0,48310.0,47400.0,47730.0,324820,191912
2017-02-28,47910.0,48090.0,47440.0,47740.0,282636,188590
2017-03-01,47880.0,48800.0,47690.0,48650.0,339392,191314
2017-03-02,48780.0,49100.0,48330.0,48690.0,261336,189942
2017-03-03,48450.0,48470.0,47860.0,48280.0,254492,184934
2017-03-06,48130.0,48440.0,47710.0,47890.0,241164,186286
2017-03-07,47750.0,47790.0,47380.0,47720.0,184672,182642
2017-03-08,47610.0,47840.0,47100.0,47300.0,196618,183312
2017-03-09,47400.0,47590.0,46480.0,46570.0,231422,193698
2017-03-10,46300.0,46830.0,46140.0,46650.0,207214,199260
2017-03-13,46800.0,47560.0,46530.0,47560.0,328654,202870
2017-03-14,47500.0,47580.0,47190.0,47360.0,211346,207094
2017-03-15,47150.0,47800.0,46820.0,47670.0,307966,215478
2017-03-16,47900.0,48250.0,47710.0,48160.0,291370,218718
2017-03-17,48270.0,48300.0,47660.0,47740.0,220262,217374
2017-03-20,47960.0,48280.0,47840.0,47980.0,228262,219224
2017-03-21,47980.0,48400.0,47030.0,47290.0,347368,220782
2017-03-22,47150.0,47500.0,46420.0,46660.0,321040,225738
2017-03-23,46730.0,47340.0,46450.0,47120.0,248072,221334
2017-03-24,47120.0,47330.0,46710.0,47100.0,259020,220374
2017-03-27,47040.0,47240.0,46050.0,46260.0,331254,228898
2017-03-28,46100.0,47020.0,45600.0,46740.0,401114,213026
2017-03-29,46860.0,47690.0,46670.0,47530.0,318226,211298
2017-03-30,47500.0,47810.0,47200.0,47460.0,263782,203454
2017-03-31,47510.0,48390.0,47440.0,47750.0,393114,194190
2017-04-05,47090.0,47650.0,46980.0,47420.0,148642,189136
2017-04-06,47810.0,48300.0,47680.0,47810.0,247964,191346
2017-04-07,47900.0,48160.0,46930.0,47130.0,318632,187952
2017-04-10,46820.0,47570.0,46650.0,47050.0,223444,181914
2017-04-11,47020.0,47090.0,46520.0,46580.0,195250,180958
2017-04-12,46800.0,47090.0,46150.0,46230.0,447660,225448
2017-04-13,46070.0,46550.0,45520.0,46480.0,511384,229730
2017-04-14,46150.0,46520.0,45800.0,46110.0,315686,238902
2017-04-17,46150.0,47940.0,45960.0,46480.0,450362,229598
2017-04-18,46690.0,46920.0,45740.0,45850.0,356194,259004
2017-04-19,45850.0,46100.0,45110.0,45840.0,501250,256132
2017-04-20,45760.0,46140.0,44800.0,45560.0,596204,253888
2017-04-21,45750.0,46120.0,45460.0,46030.0,391290,248048
2017-04-24,45840.0,46060.0,45480.0,45910.0,352930,236896
2017-04-25,45780.0,46360.0,45570.0,46030.0,329762,226570
2017-04-26,46220.0,46450.0,45880.0,46230.0,262080,218586
2017-04-27,46340.0,46510.0,46170.0,46290.0,219242,214012
2017-04-28,46330.0,46470.0,45840.0,46330.0,313460,196602
2017-05-02,46950.0,47100.0,46690.0,46790.0,141624,186738
2017-05-03,46860.0,46940.0,46480.0,46580.0,130726,185484
2017-05-04,45870.0,45970.0,45010.0,45180.0,309126,182530
2017-05-05,45000.0,45280.0,44680.0,44980.0,244258,187830
2017-05-08,45000.0,45550.0,44650.0,44670.0,267810,183304
2017-05-09,44620.0,44890.0,44420.0,44730.0,179390,195048
2017-05-10,44840.0,45240.0,44730.0,44860.0,184178,197138
2017-05-11,44980.0,45330.0,44660.0,45270.0,259366,200902
2017-05-12,45510.0,45580.0,44830.0,44930.0,265148,216568
2017-05-15,45080.0,45560.0,44900.0,45430.0,204988,214120
2017-05-16,45540.0,45570.0,45030.0,45170.0,196142,220114
2017-05-17,45290.0,45650.0,45270.0,45390.0,226698,211564
2017-05-18,45240.0,45480.0,44920.0,44960.0,251502,224554
2017-05-19,44650.0,45400.0,44610.0,45300.0,279650,215514
2017-05-22,45570.0,46030.0,45470.0,45800.0,316766,204386
2017-05-23,45980.0,46130.0,45760.0,45770.0,199768,205984
2017-05-24,45920.0,46160.0,45510.0,45780.0,231488,201670
2017-05-25,45900.0,46070.0,45730.0,45970.0,202522,199120
2017-05-26,45910.0,46350.0,45850.0,46000.0,269820,191230
2017-05-31,45690.0,45850.0,45170.0,45230.0,211210,174426
2017-06-01,45320.0,45570.0,45110.0,45350.0,132220,196008
2017-06-02,45450.0,45610.0,45280.0,45380.0,121784,205450
2017-06-05,44980.0,45490.0,44900.0,45280.0,157414,207912
2017-06-06,45160.0,45350.0,44900.0,44920.0,158238,219982
2017-06-07,44850.0,45300.0,44680.0,44880.0,277966,223644
2017-06-08,44980.0,45360.0,44820.0,45260.0,209292,218882
2017-06-09,45530.0,46000.0,45490.0,45930.0,281390,220604
2017-06-12,46220.0,46600.0,46110.0,46370.0,246512,224214
2017-06-13,46290.0,46340.0,45810.0,45830.0,197490,223494
2017-06-14,45650.0,46020.0,45630.0,45960.0,224422,214510
2017-06-15,45850.0,45920.0,45380.0,45600.0,220290,208066
2017-06-16,45550.0,45800.0,45360.0,45490.0,201860,203636
2017-06-19,45590.0,45770.0,45430.0,45680.0,163648,198308
2017-06-20,45830.0,46100.0,45750.0,45840.0,174480,204040
2017-06-21,45590.0,45660.0,45360.0,45520.0,193626,205846
2017-06-22,45880.0,46250.0,45750.0,45810.0,232072,197882
2017-06-23,46070.0,46720.0,45900.0,46690.0,229244,209268
2017-06-26,46640.0,46840.0,46350.0,46820.0,192652,205720
2017-06-27,46680.0,46750.0,46430.0,46720.0,165084,193436
2017-06-28,46690.0,47000.0,46610.0,46920.0,190654,195242
2017-06-29,46860.0,47520.0,46770.0,47430.0,274182,188688
2017-06-30,47430.0,47670.0,47230.0,47460.0,197134,171202
2017-07-03,47510.0,47650.0,47370.0,47600.0,104806,188234
2017-07-04,47490.0,47550.0,46930.0,47030.0,148008,192256
2017-07-05,47110.0,47360.0,47080.0,47140.0,121620,197038
2017-07-06,46870.0,46980.0,46680.0,46960.0,146812,197406
2017-07-07,46860.0,47150.0,46800.0,47130.0,123504,202196
2017-07-10,46910.0,47040.0,46730.0,46770.0,165672,197104
2017-07-11,46680.0,47170.0,46580.0,47050.0,179100,199104
2017-07-12,46920.0,47480.0,46850.0,47250.0,223482,201592
2017-07-13,47360.0,47520.0,47120.0,47400.0,149728,203072
2017-07-14,47440.0,47440.0,46930.0,47160.0,165950,202554
2017-07-17,47140.0,47930.0,47120.0,47810.0,274074,220578
2017-07-18,47950.0,48050.0,47560.0,47690.0,204886,212040
2017-07-19,47690.0,47980.0,47660.0,47960.0,155696,216360
2017-07-20,47860.0,47910.0,47540.0,47790.0,199886,213556
2017-07-21,47810.0,48110.0,47410.0,48000.0,242490,216742
2017-07-24,48200.0,48220.0,47720.0,47760.0,174398,205308
2017-07-25,47890.0,48690.0,47790.0,48560.0,277318,210168
2017-07-26,49000.0,50730.0,48960.0,50050.0,513720,213502
2017-07-27,49980.0,50420.0,49910.0,50040.0,267478,207324
2017-07-28,50210.0,50410.0,49550.0,49940.0,257912,197566
2017-07-31,50060.0,50860.0,49920.0,50710.0,285858,183196
2017-08-01,50430.0,50620.0,50250.0,50340.0,123500,203896
2017-08-02,50330.0,50520.0,49960.0,50170.0,157788,208830
2017-08-03,50200.0,50590.0,49980.0,49980.0,186936,214520
2017-08-04,50220.0,50650.0,50110.0,50420.0,215792,229040
2017-08-07,50400.0,51060.0,50160.0,50440.0,313780,230156
2017-08-08,50460.0,51160.0,50350.0,50450.0,321062,237376
2017-08-09,50450.0,51460.0,50450.0,51310.0,412874,257988
2017-08-10,51210.0,51370.0,50640.0,50790.0,287458,237758
2017-08-11,50690.0,50730.0,49760.0,49970.0,376090,221268
2017-08-14,50210.0,50480.0,49980.0,50060.0,225496,224246
2017-08-15,50200.0,50400.0,50060.0,50330.0,168522,226518
2017-08-16,50330.0,50400.0,49880.0,50170.0,221076,227794
2017-08-17,50540.0,51680.0,50530.0,51470.0,425214,234874
2017-08-18,51090.0,51230.0,50620.0,51060.0,259318,223958
2017-08-21,51100.0,51920.0,50650.0,51650.0,403734,232220
2017-08-22,51640.0,52210.0,51370.0,52190.0,385120,233630
2017-08-23,52270.0,52330.0,51300.0,51560.0,330686,217544
2017-08-24,51510.0,52150.0,51360.0,51890.0,291158,220732
2017-08-25,51860.0,52840.0,51780.0,52770.0,376636,221250
2017-08-28,52770.0,52970.0,52030.0,52920.0,343244,210336
2017-08-29,52960.0,53050.0,52430.0,52670.0,246030,195532
2017-08-30,52880.0,52980.0,52510.0,52700.0,235602,189436
2017-08-31,52530.0,52880.0,52360.0,52820.0,212712,183476
2017-09-01,52960.0,52960.0,52560.0,52800.0,176536,170188
2017-09-04,52530.0,53400.0,52500.0,53150.0,215214,165340
2017-09-05,53080.0,53700.0,53020.0,53610.0,159896,164734
2017-09-06,53490.0,53600.0,52730.0,53290.0,172018,179300
2017-09-07,53130.0,53400.0,52720.0,52790.0,200062,179950
2017-09-08,52780.0,52910.0,51650.0,51740.0,323194,178582
2017-09-11,51700.0,51830.0,50910.0,51530.0,290212,180608
2017-09-12,51760.0,51950.0,51420.0,51700.0,219924,185900
2017-09-13,51120.0,51510.0,50980.0,51000.0,231800,192222
2017-09-14,50640.0,50850.0,50370.0,50380.0,285450,189556
2017-09-15,50380.0,50620.0,50170.0,50380.0,229932,190910
2017-09-18,50240.0,50790.0,49860.0,50700.0,284904,189400
2017-09-19,50650.0,50910.0,50460.0,50730.0,177744,187630
2017-09-20,50710.0,50990.0,50550.0,50810.0,180602,187284
2017-09-21,50770.0,50850.0,49940.0,50160.0,257624,189334
2017-09-22,50260.0,50470.0,49340.0,49630.0,351468,187612
2017-09-25,49840.0,50510.0,49820.0,50260.0,247008,179006
2017-09-26,50210.0,50820.0,50170.0,50640.0,173940,176102
2017-09-27,50460.0,50680.0,50080.0,50540.0,201670,169582
2017-09-28,50590.0,50700.0,50060.0,50620.0,247942,161250
2017-09-29,50780.0,51880.0,50660.0,51880.0,161078,161508
2017-10-09,52060.0,52320.0,50590.0,52110.0,31928,39140
2017-10-10,52030.0,52320.0,51830.0,51870.0,146488,184924
2017-10-11,51890.0,52500.0,51710.0,52440.0,205294,192556
2017-10-12,52400.0,53350.0,52210.0,53210.0,351494,204596
2017-10-13,53370.0,53670.0,53150.0,53410.0,224032,208236
2017-10-16,53420.0,55320.0,53100.0,55090.0,459982,212304
2017-10-17,55280.0,55910.0,54980.0,55120.0,374224,206908
2017-10-18,55220.0,55340.0,54450.0,54890.0,298918,209684
2017-10-19,54850.0,55240.0,54470.0,54620.0,267536,205172
2017-10-20,54400.0,55410.0,54140.0,55100.0,283334,209192
2017-10-23,55030.0,55140.0,54070.0,54390.0,297772,196648
2017-10-24,54650.0,55840.0,54570.0,55480.0,303102,209484
2017-10-25,55580.0,55590.0,54240.0,54590.0,311784,193512
2017-10-26,54900.0,55160.0,54670.0,54780.0,253628,186634
2017-10-27,54690.0,54880.0,53840.0,53990.0,272016,183546
2017-10-30,53600.0,53770.0,53250.0,53570.0,246596,166680
2017-10-31,53650.0,54170.0,53350.0,53820.0,183950,161186
2017-11-01,53560.0,54950.0,53430.0,54460.0,260556,153944
2017-11-02,54330.0,54420.0,53820.0,54050.0,188854,150202
2017-11-03,53880.0,54750.0,53850.0,54310.0,190458,151142
2017-11-06,54370.0,54690.0,53810.0,54580.0,145766,149110
2017-11-07,54610.0,55060.0,54390.0,54600.0,182902,163296
2017-11-08,54300.0,54420.0,53370.0,53420.0,305714,169932
2017-11-09,53620.0,53990.0,53060.0,53230.0,275702,170550
2017-11-10,53230.0,53780.0,53160.0,53580.0,197726,170070
2017-11-13,53600.0,53720.0,53320.0,53650.0,162226,172618
2017-11-14,53480.0,54570.0,53230.0,54030.0,358232,172700
2017-11-15,53980.0,54110.0,52630.0,52850.0,409694,171708
2017-11-16,53000.0,53110.0,52540.0,52810.0,212728,172834
2017-11-17,53060.0,53220.0,52660.0,52910.0,212498,178982
2017-11-20,52850.0,53480.0,52620.0,52950.0,193784,178796
2017-11-21,53040.0,53700.0,52910.0,53430.0,224184,174780
2017-11-22,53600.0,54260.0,53530.0,54110.0,241988,177316
2017-11-23,53970.0,54290.0,53800.0,53850.0,171736,170162
2017-11-24,53840.0,54430.0,53800.0,54340.0,168346,169830
2017-11-27,54440.0,54700.0,53720.0,53770.0,220270,164258
2017-11-28,53840.0,53990.0,53170.0,53410.0,199140,153502
2017-11-29,53180.0,53400.0,52940.0,53150.0,184640,149500
2017-11-30,52970.0,53050.0,52390.0,52840.0,264586,156818
2017-12-01,53010.0,53250.0,52680.0,52950.0,77870,161762
2017-12-04,52840.0,53750.0,52740.0,53650.0,140490,157590
2017-12-05,53570.0,53580.0,52480.0,52580.0,150238,175920
2017-12-06,52220.0,52290.0,51080.0,51450.0,260564,189004
2017-12-07,51480.0,51740.0,51170.0,51210.0,166140,198682
2017-12-08,51350.0,51900.0,51230.0,51700.0,225810,205392
2017-12-11,51590.0,51900.0,51240.0,51320.0,247112,213576
2017-12-12,51500.0,52280.0,51410.0,52070.0,272406,187698
2017-12-13,52150.0,52440.0,51850.0,52350.0,183984,185552
2017-12-14,52560.0,52730.0,52150.0,52290.0,213452,189688
2017-12-15,52600.0,53040.0,52520.0,52920.0,220234,185326
2017-12-18,52870.0,53860.0,52780.0,53560.0,256442,174016
2017-12-19,53550.0,53840.0,53280.0,53390.0,188764,175622
2017-12-20,53480.0,53930.0,53380.0,53680.0,152574,180464
2017-12-21,53870.0,54640.0,53810.0,54230.0,247502,181622
2017-12-22,54270.0,54550.0,54020.0,54500.0,180564,186666
2017-12-25,54400.0,55280.0,54380.0,54700.0,226428,189366
2017-12-26,54730.0,55310.0,54450.0,55240.0,182436,191628
2017-12-27,55380.0,55430.0,54810.0,54960.0,182146,183662
2017-12-28,55210.0,55970.0,55170.0,55920.0,134900,214212
2017-12-29,55750.0,55990.0,55400.0,55580.0,106148,220460
2018-01-02,55540.0,55760.0,54960.0,55390.0,89466,219848
2018-01-03,55250.0,55350.0,54810.0,54970.0,97976,218480
2018-01-04,54870.0,55420.0,54680.0,55320.0,135860,226444
2018-01-05,55460.0,55480.0,54800.0,55010.0,118170,225090
2018-01-08,54710.0,54840.0,54420.0,54690.0,158260,226206
2018-01-09,54600.0,55100.0,54530.0,55010.0,176372,235202
2018-01-10,55000.0,55180.0,54680.0,54800.0,161198,229634
2018-01-11,55210.0,55310.0,54900.0,55110.0,158968,232216
2018-01-12,55050.0,55130.0,54260.0,54800.0,214000,228728
2018-01-15,54440.0,55120.0,54350.0,54990.0,223716,235100
2018-01-16,54970.0,55010.0,54180.0,54300.0,205918,221526
2018-01-17,53900.0,54050.0,53570.0,53580.0,231424,214052
2018-01-18,53720.0,53950.0,53450.0,53670.0,204204,211606
2018-01-19,53790.0,53890.0,53550.0,53710.0,180656,211296
2018-01-22,53760.0,53980.0,53310.0,53900.0,249866,214884
2018-01-23,53870.0,53880.0,53430.0,53720.0,200602,215576
2018-01-24,52930.0,52990.0,52530.0,52730.0,280792,234906
2018-01-25,52890.0,54130.0,52790.0,53840.0,391388,214644
2018-01-26,53650.0,53860.0,53180.0,53430.0,225190,217010
2018-01-29,53400.0,53810.0,53120.0,53600.0,219076,213290
2018-01-30,53480.0,53600.0,52820.0,52970.0,238906,203528
2018-01-31,53140.0,53310.0,52890.0,53220.0,219558,190878
2018-02-01,53300.0,53380.0,52920.0,52980.0,165548,180580
2018-02-02,53070.0,53830.0,52970.0,53670.0,110622,197180
2018-02-05,53390.0,53490.0,52890.0,53210.0,132408,204758
2018-02-06,53220.0,54020.0,52770.0,52930.0,233590,215162
2018-02-07,53060.0,53360.0,52670.0,52890.0,168268,222180
2018-02-08,52700.0,52820.0,51780.0,52120.0,302370,227236
2018-02-09,52120.0,52210.0,51440.0,51560.0,258852,234710
2018-02-12,51330.0,51900.0,50920.0,51710.0,268694,236352
2018-02-13,51710.0,52300.0,51520.0,52140.0,179328,240142
2018-02-14,52380.0,52850.0,52230.0,52790.0,172660,230544
2018-02-22,53080.0,53090.0,52560.0,52750.0,96064,224352
2018-02-23,52880.0,53840.0,52840.0,53590.0,261144,226444
2018-02-26,53390.0,53750.0,53200.0,53600.0,220706,226424
2018-02-27,53490.0,53580.0,53100.0,53370.0,174578,224336
2018-02-28,53100.0,53160.0,52490.0,52590.0,238954,220582
2018-03-01,52780.0,52860.0,52300.0,52470.0,118938,245266
2018-03-02,52170.0,52700.0,52110.0,52540.0,146956,255936
2018-03-05,52390.0,52580.0,52040.0,52120.0,154072,268564
2018-03-06,52060.0,52740.0,51850.0,52620.0,191752,280698
2018-03-07,52850.0,52940.0,52420.0,52480.0,190386,286536
2018-03-08,52230.0,52450.0,51950.0,52020.0,197866,288444
2018-03-09,51820.0,51970.0,51080.0,51190.0,289024,290898
2018-03-12,51410.0,52560.0,51410.0,51960.0,308666,291074
2018-03-13,51950.0,52200.0,51710.0,51740.0,210318,295518
2018-03-14,52090.0,52480.0,51890.0,52330.0,223704,289222
2018-03-15,52600.0,52740.0,51980.0,52120.0,248478,288960
2018-03-16,51820.0,52300.0,51730.0,52120.0,205452,285674
2018-03-19,52110.0,52160.0,51160.0,51420.0,267984,296332
2018-03-20,51280.0,51650.0,51120.0,51440.0,222650,295736
2018-03-21,51280.0,51350.0,50470.0,50580.0,300280,307212
2018-03-22,50450.0,51440.0,50380.0,51240.0,311050,300526
2018-03-23,50970.0,51050.0,49660.0,50110.0,447988,285658
2018-03-26,50180.0,50260.0,48720.0,49000.0,418866,280656
2018-03-27,48780.0,49890.0,48780.0,49620.0,327668,271856
2018-03-28,49510.0,49730.0,49220.0,49260.0,260964,264978
2018-03-29,49640.0,50100.0,49300.0,49880.0,391054,279364
2018-03-30,49930.0,50280.0,49780.0,50180.0,228412,268974
2018-04-02,50150.0,50600.0,50080.0,50390.0,177164,261460
2018-04-03,50400.0,50640.0,50150.0,50370.0,202750,257290
2018-04-04,50420.0,50580.0,50210.0,50280.0,161216,248708
2018-04-09,50340.0,50650.0,50060.0,50610.0,148164,252812
2018-04-10,50580.0,51160.0,50360.0,50950.0,192228,245512
2018-04-11,51220.0,51360.0,50740.0,50950.0,173284,234204
2018-04-12,51200.0,51210.0,50180.0,50510.0,153782,226164
2018-04-13,50320.0,50680.0,50140.0,50520.0,225766,240746
2018-04-16,50700.0,50740.0,50070.0,50490.0,249156,242684
2018-04-17,50550.0,51050.0,50530.0,50820.0,248942,241290
2018-04-18,50590.0,51360.0,50450.0,51170.0,276956,240394
2018-04-19,51700.0,52260.0,51620.0,51940.0,345872,230584
2018-04-20,51480.0,51670.0,51160.0,51400.0,254906,227188
2018-04-23,51580.0,52050.0,51420.0,51860.0,236978,227082
2018-04-24,51000.0,51840.0,50830.0,51530.0,277464,217922
2018-04-25,52050.0,52080.0,51490.0,51550.0,241754,208710
2018-04-26,51830.0,51920.0,51380.0,51590.0,254250,202400
2018-04-27,51400.0,51790.0,51390.0,51560.0,225284,196638
2018-05-02,50750.0,51210.0,50700.0,51190.0,129718,194974
2018-05-03,51000.0,51120.0,50860.0,51060.0,151522,190032
2018-05-04,51450.0,51550.0,50990.0,51480.0,128410,194632
2018-05-07,51160.0,51430.0,51130.0,51340.0,125368,197756
2018-05-08,51630.0,51680.0,51220.0,51370.0,123160,203032
2018-05-09,50800.0,51130.0,50450.0,50870.0,246322,213992
2018-05-10,51000.0,51320.0,50920.0,51070.0,197810,221634
2018-05-11,51700.0,51700.0,51350.0,51440.0,212786,222190
2018-05-14,51500.0,51760.0,51460.0,51560.0,205314,218296
2018-05-15,51290.0,51470.0,51060.0,51210.0,187332,216072
2018-05-16,51000.0,51200.0,50690.0,51020.0,218378,215988
2018-05-17,50960.0,51270.0,50880.0,51050.0,157436,211238
2018-05-18,51160.0,51370.0,51060.0,51290.0,141748,206310
2018-05-21,51090.0,51520.0,50920.0,51370.0,256254,212512
2018-05-22,51650.0,51660.0,51390.0,51440.0,154338,208812
2018-05-23,51880.0,52180.0,51620.0,51770.0,246000,205482
2018-05-24,51380.0,51460.0,51250.0,51430.0,174960,195564
2018-05-25,51450.0,51640.0,51310.0,51490.0,161524,190732
2018-05-28,51460.0,51630.0,51270.0,51610.0,137284,186630
2018-05-29,51290.0,51810.0,51270.0,51710.0,179284,187898
2018-05-30,51780.0,51960.0,50780.0,50780.0,302378,196688
2018-05-31,50930.0,51480.0,50900.0,51380.0,208730,175082
2018-06-01,51230.0,51570.0,51020.0,51480.0,170982,167792
2018-06-04,51640.0,52340.0,51490.0,51760.0,204274,165942
2018-06-05,52030.0,52300.0,51880.0,52290.0,171962,177180
2018-06-06,52370.0,53170.0,52330.0,53090.0,240740,173498
2018-06-07,53490.0,54360.0,53470.0,54160.0,287162,207070
2018-06-08,54400.0,54580.0,53690.0,53780.0,314034,219914
2018-06-11,54050.0,54480.0,54000.0,54160.0,272404,224274
2018-06-12,54000.0,54190.0,53730.0,53970.0,200354,221862
2018-06-13,54010.0,54030.0,53430.0,53530.0,205028,214972
2018-06-14,53690.0,54080.0,53520.0,53630.0,219358,214938
2018-06-15,53550.0,53720.0,53230.0,53660.0,207270,209572
2018-06-19,52660.0,52950.0,51590.0,51680.0,287526,190712
2018-06-20,51560.0,52050.0,51490.0,51980.0,216472,190536
2018-06-21,51720.0,51980.0,51430.0,51780.0,202184,190684
2018-06-22,51750.0,51880.0,51570.0,51870.0,188590,188954
2018-06-25,51800.0,52130.0,51650.0,51680.0,193704,182872
2018-06-26,51790.0,51810.0,51330.0,51630.0,197446,183102
2018-06-27,51600.0,51780.0,51440.0,51480.0,182396,178962
2018-06-28,51450.0,52050.0,51430.0,51640.0,206312,172620
2018-06-29,51350.0,51780.0,51080.0,51660.0,250034,171598
2018-07-02,51490.0,51520.0,50950.0,51210.0,166102,170186
2018-07-03,51370.0,51570.0,51020.0,51430.0,144068,164914
2018-07-04,51230.0,51340.0,50000.0,50100.0,244920,175948
2018-07-05,50040.0,50190.0,49180.0,49330.0,284764,170360
2018-07-06,49450.0,49660.0,48520.0,49080.0,297982,165420
2018-07-09,49100.0,50080.0,48830.0,49990.0,285956,182134
2018-07-10,49700.0,50000.0,49580.0,49760.0,209834,188898
2018-07-11,49570.0,49750.0,47520.0,48120.0,541382,203752
2018-07-12,48250.0,49170.0,47780.0,49000.0,450502,207346
2018-07-13,48770.0,49010.0,48580.0,48720.0,275076,210156
2018-07-16,48850.0,49300.0,48720.0,48720.0,296012,212320
2018-07-17,48700.0,49160.0,48510.0,48810.0,295984,214454
2018-07-18,48660.0,48800.0,48130.0,48260.0,330832,225282
2018-07-19,48180.0,49150.0,48170.0,48670.0,398280,203752
2018-07-20,48150.0,48740.0,48010.0,48590.0,396008,214158
2018-07-23,48650.0,49170.0,48600.0,49020.0,358224,212686
2018-07-24,49190.0,49500.0,48940.0,49310.0,280694,206958
2018-07-25,49690.0,50270.0,49670.0,49910.0,380778,199500
2018-07-26,49910.0,50290.0,49750.0,50140.0,281736,196458
2018-07-27,49980.0,50240.0,49840.0,50090.0,234256,194188
2018-07-30,50130.0,50400.0,49320.0,49360.0,296308,184308
2018-07-31,49730.0,50010.0,49540.0,49830.0,230464,172196
2018-08-01,49800.0,50200.0,49590.0,49820.0,242416,165578
2018-08-02,49390.0,49530.0,48740.0,49340.0,253890,163048
2018-08-03,49290.0,49370.0,49050.0,49230.0,158676,161328
2018-08-06,49450.0,49820.0,49100.0,49300.0,208600,158640
2018-08-07,49090.0,49600.0,48970.0,49480.0,164124,159882
2018-08-08,49450.0,49690.0,49360.0,49470.0,99466,158544
2018-08-09,49440.0,50090.0,49370.0,49950.0,267388,183282
2018-08-10,50020.0,50170.0,49460.0,49600.0,238180,181576
2018-08-13,49640.0,49860.0,49530.0,49730.0,180398,186286
2018-08-14,49820.0,49980.0,49370.0,49520.0,237192,182444
2018-08-15,49450.0,49560.0,48240.0,48550.0,365084,198238
2018-08-16,48240.0,48350.0,47210.0,47580.0,474398,211834
2018-08-17,47700.0,48150.0,47490.0,47700.0,336290,212302
2018-08-20,47810.0,48380.0,47770.0,48250.0,260152,196788
2018-08-21,48290.0,48740.0,48270.0,48700.0,207460,188020
2018-08-22,48710.0,48920.0,48120.0,48290.0,199122,181128
2018-08-23,48450.0,48550.0,47960.0,47990.0,208790,181142
2018-08-24,48120.0,48760.0,48060.0,48510.0,216926,176128
2018-08-27,48560.0,48880.0,48540.0,48790.0,186508,171670
2018-08-28,48850.0,48920.0,48410.0,48650.0,178046,167228
2018-08-29,48850.0,49120.0,48750.0,48830.0,195804,163434
2018-08-30,48860.0,48920.0,48570.0,48800.0,152284,161908
2018-08-31,48770.0,48860.0,48310.0,48580.0,228032,159152
2018-09-03,48530.0,48620.0,47880.0,48170.0,222402,158974
2018-09-04,48140.0,48180.0,47630.0,47680.0,102332,179526
2018-09-05,47380.0,47430.0,46940.0,47410.0,162966,192980
2018-09-06,47370.0,47690.0,47320.0,47490.0,119670,194348
2018-09-07,47720.0,47960.0,47400.0,47560.0,139198,198092
2018-09-10,47700.0,47900.0,47430.0,47460.0,178970,199828
2018-09-11,47660.0,47940.0,47570.0,47910.0,163546,199998
2018-09-12,47310.0,47870.0,47200.0,47730.0,214224,204256
2018-09-13,47810.0,48660.0,47680.0,48620.0,280520,197002
2018-09-14,48660.0,48830.0,48420.0,48420.0,201026,189986
2018-09-17,48360.0,48530.0,47820.0,47930.0,222616,193732
2018-09-18,48010.0,48790.0,47980.0,48680.0,276876,207594
2018-09-19,49290.0,49730.0,49210.0,49640.0,301162,199090
2018-09-20,49500.0,49600.0,49230.0,49340.0,189550,199366
2018-09-21,49330.0,50020.0,49110.0,49740.0,254236,205456
2018-09-25,50400.0,50460.0,50010.0,50360.0,165238,201426
2018-09-26,50710.0,50820.0,50390.0,50530.0,234234,196772
2018-09-27,50580.0,50680.0,50070.0,50130.0,189856,182654
2018-09-28,50040.0,50240.0,49710.0,50170.0,196936,170146
2018-10-08,50120.0,50250.0,49820.0,50010.0,87740,172576
2018-10-09,50050.0,50500.0,50010.0,50500.0,166260,175162
2018-10-10,50270.0,51140.0,50160.0,50770.0,212766,180836
2018-10-11,50730.0,50930.0,49760.0,49980.0,226062,175978
2018-10-12,50230.0,50850.0,50080.0,50800.0,196994,182814
2018-10-15,50740.0,51090.0,50450.0,50570.0,152142,178316
2018-10-16,50780.0,50960.0,50130.0,50190.0,149838,168606
2018-10-17,50330.0,50380.0,50030.0,50290.0,111464,160952
2018-10-18,50380.0,50560.0,50000.0,50130.0,120742,147102
2018-10-19,50000.0,50310.0,49850.0,50270.0,109650,140034
2018-10-22,50420.0,50580.0,50180.0,50510.0,178626,158946
2018-10-23,50730.0,50760.0,50000.0,50060.0,153150,160004
2018-10-24,49860.0,50400.0,49820.0,50330.0,191940,165736
2018-10-25,50140.0,50270.0,49360.0,49760.0,246018,162382
2018-10-26,50030.0,50390.0,49710.0,49750.0,182982,160114
2018-10-29,49770.0,50210.0,49610.0,49770.0,198698,162850
2018-10-30,50080.0,50170.0,49620.0,49700.0,177650,164092
2018-10-31,49400.0,49440.0,48950.0,49060.0,219696,163934
2018-11-01,49050.0,49290.0,48510.0,48730.0,172014,155050
2018-11-02,48760.0,49960.0,48700.0,49830.0,223504,160388
2018-11-05,49900.0,50300.0,49730.0,49770.0,192952,170320
2018-11-06,49710.0,49900.0,49480.0,49660.0,144330,175406
2018-11-07,49660.0,49890.0,49210.0,49470.0,187242,181924
2018-11-08,49630.0,49690.0,49310.0,49370.0,159576,182450
2018-11-09,49220.0,49560.0,49070.0,49180.0,170890,189842
2018-11-12,49070.0,49160.0,48770.0,48920.0,221910,197952
2018-11-13,48930.0,49130.0,48670.0,49100.0,195234,197062
2018-11-14,49090.0,49350.0,48720.0,48820.0,223268,199918
2018-11-15,48970.0,49580.0,48920.0,49520.0,238130,193510
2018-11-16,49560.0,49770.0,49410.0,49580.0,198160,189794
2018-11-19,49470.0,49920.0,49400.0,49780.0,200744,186514
2018-11-20,49850.0,50030.0,49540.0,49580.0,200582,185346
2018-11-21,49750.0,50000.0,48740.0,49410.0,346060,186594
2018-11-22,49600.0,49710.0,49260.0,49570.0,180800,181814
2018-11-23,49550.0,49830.0,49330.0,49400.0,174734,180168
2018-11-26,49300.0,49450.0,49050.0,49300.0,247316,177950
2018-11-27,49420.0,49440.0,48650.0,48880.0,318768,169944
2018-11-28,48900.0,49300.0,48620.0,49280.0,241950,159892
2018-11-29,49250.0,49820.0,49110.0,49560.0,202904,151244
2018-11-30,49530.0,49680.0,49430.0,49650.0,107922,171166
2018-12-03,49560.0,50740.0,49310.0,50280.0,191286,177170
2018-12-04,50180.0,50370.0,49600.0,49660.0,157134,175974
2018-12-05,49640.0,49730.0,49100.0,49350.0,197696,172174
2018-12-06,49260.0,49370.0,48960.0,48980.0,167154,177826
2018-12-07,48760.0,49300.0,48720.0,49180.0,195508,173268
2018-12-10,49230.0,49260.0,48870.0,48930.0,149254,180656
2018-12-11,48930.0,49180.0,48800.0,49090.0,172762,180618
2018-12-12,49150.0,49450.0,49050.0,49080.0,168062,178712
2018-12-13,49040.0,49400.0,49010.0,49340.0,156686,179344
2018-12-14,49310.0,49440.0,48870.0,48890.0,186434,185996
2018-12-17,48800.0,49300.0,48740.0,49230.0,155804,174684
2018-12-18,49040.0,49180.0,48860.0,48930.0,176828,179086
2018-12-19,48730.0,48800.0,48010.0,48090.0,311126,206050
2018-12-20,48130.0,48470.0,47760.0,48220.0,267864,199886
2018-12-21,48360.0,48600.0,48200.0,48410.0,170110,190934
2018-12-24,48300.0,48510.0,48030.0,48100.0,188998,192340
2018-12-25,48010.0,48190.0,47470.0,48010.0,248624,183828
2018-12-26,48000.0,48090.0,47820.0,48040.0,119494,174102
2018-12-27,48400.0,48640.0,48160.0,48280.0,189466,160842
2018-12-28,48200.0,48390.0,47970.0,48340.0,191960,150454
2019-01-02,47980.0,48170.0,47670.0,47680.0,112020,142204
2019-01-03,47180.0,47460.0,46960.0,47310.0,225040,183262
2019-01-04,47200.0,47370.0,46210.0,47140.0,348086,201274
2019-01-07,47140.0,47680.0,46810.0,47430.0,301244,195338
2019-01-08,47380.0,47510.0,47230.0,47340.0,167112,190932
2019-01-09,47420.0,47820.0,47260.0,47680.0,233952,182080
2019-01-10,47730.0,47740.0,47380.0,47510.0,185460,182636
2019-01-11,47340.0,47350.0,46970.0,47320.0,224400,193152
2019-01-14,47150.0,47270.0,46730.0,46890.0,233818,211898
2019-01-15,46830.0,47080.0,46690.0,47000.0,172170,207730
2019-01-16,46920.0,47430.0,46890.0,47380.0,225524,208056
2019-01-17,47340.0,47490.0,47220.0,47380.0,158182,204508
2019-01-18,47350.0,47930.0,47230.0,47860.0,213558,198828
2019-01-21,47930.0,48300.0,47690.0,47800.0,223964,194574
2019-01-22,47660.0,47850.0,47500.0,47530.0,129522,191478
2019-01-23,47610.0,47690.0,47320.0,47540.0,118250,192730
2019-01-24,47430.0,47610.0,47260.0,47320.0,133490,191876
2019-01-25,47260.0,47490.0,47090.0,47380.0,146234,190720
2019-01-28,47210.0,47950.0,47140.0,47540.0,215208,180062
2019-01-29,47620.0,47670.0,47350.0,47580.0,121536,177368
2019-01-30,47610.0,47920.0,47600.0,47700.0,135976,178878
2019-01-31,47830.0,48220.0,47770.0,48090.0,164962,172048
2019-02-01,48210.0,48360.0,47970.0,48270.0,113982,166284
2019-02-11,48600.0,48600.0,48170.0,48190.0,91592,167466
2019-02-12,48310.0,48450.0,48060.0,48110.0,106656,166960
2019-02-13,48000.0,48150.0,47830.0,48120.0,96160,166814
2019-02-14,48010.0,48390.0,48000.0,48340.0,77688,165328
2019-02-15,48640.0,48650.0,48150.0,48200.0,130306,184008
2019-02-18,48500.0,49260.0,48440.0,49230.0,221478,222040
2019-02-19,49290.0,49480.0,49160.0,49360.0,170316,232708
2019-02-20,49280.0,49790.0,49230.0,49710.0,196492,240388
2019-02-21,49690.0,50040.0,49530.0,49670.0,220484,248714
2019-02-22,49750.0,49920.0,49550.0,49920.0,169764,250936
2019-02-25,50310.0,50620.0,50100.0,50520.0,275480,257880
2019-02-26,50370.0,50410.0,49970.0,50190.0,229798,251196
2019-02-27,50160.0,50280.0,49970.0,50080.0,182712,241558
2019-02-28,50220.0,50440.0,50110.0,50160.0,172546,232392
2019-03-01,50260.0,50560.0,50100.0,50500.0,163088,224932
2019-03-04,50530.0,50810.0,49980.0,50010.0,196842,217350
2019-03-05,49680.0,50230.0,49610.0,49880.0,260694,194702
2019-03-06,49620.0,49670.0,49340.0,49400.0,132836,235600
2019-03-07,49450.0,49650.0,49110.0,49210.0,174430,228928
2019-03-08,49220.0,49300.0,48990.0,49040.0,152736,231054
2019-03-11,48820.0,49220.0,48810.0,49190.0,140418,234632
2019-03-12,49170.0,49490.0,49010.0,49450.0,155542,242998
2019-03-13,49630.0,49720.0,49220.0,49340.0,165036,234442
2019-03-14,49440.0,49440.0,49060.0,49110.0,149960,238354
2019-03-15,48870.0,49410.0,48670.0,49320.0,326806,235392
2019-03-18,49120.0,49460.0,48950.0,49350.0,190904,227840
2019-03-19,49390.0,49430.0,49130.0,49330.0,132344,229810
2019-03-20,49390.0,49500.0,49160.0,49190.0,111362,229844
2019-03-21,49190.0,49480.0,49120.0,49420.0,141296,237030
2019-03-22,49270.0,49310.0,48920.0,48940.0,163772,231162
2019-03-25,48580.0,48740.0,48100.0,48120.0,229440,230270
2019-03-26,48210.0,48380.0,48140.0,48230.0,133948,220808
2019-03-27,48270.0,48520.0,48230.0,48390.0,135012,211444
2019-03-28,48430.0,48480.0,48140.0,48360.0,127904,210982
2019-03-29,48540.0,48910.0,48420.0,48800.0,154770,206552
2019-04-01,49200.0,49480.0,49100.0,49460.0,166218,188712
2019-04-02,49420.0,49460.0,49040.0,49270.0,119910,178728
2019-04-03,49150.0,49540.0,49000.0,49510.0,124934,180792
2019-04-04,49360.0,49660.0,49250.0,49520.0,125892,182670
2019-04-08,49120.0,49380.0,49100.0,49260.0,75880,174232
2019-04-09,49390.0,49850.0,49320.0,49790.0,117250,182140
2019-04-10,49790.0,49870.0,49400.0,49490.0,97432,183824
2019-04-11,49320.0,49430.0,49130.0,49170.0,85710,189792
2019-04-12,49150.0,49290.0,48910.0,49200.0,77962,191690
2019-04-15,49610.0,49670.0,49320.0,49320.0,79396,190702
2019-04-16,49310.0,49580.0,49140.0,49450.0,82532,185614
2019-04-17,49450.0,49630.0,49320.0,49470.0,85456,180086
2019-04-18,49840.0,50080.0,49470.0,49500.0,256234,190496
2019-04-19,49290.0,49550.0,49230.0,49530.0,100934,188138
2019-04-23,49070.0,49280.0,49050.0,49160.0,119046,187480
2019-04-24,49050.0,49130.0,48830.0,48960.0,149314,190466
2019-04-25,49100.0,49360.0,49080.0,49180.0,145222,188890
2019-04-26,48960.0,48980.0,48720.0,48970.0,146458,183910
2019-04-29,48950.0,49020.0,48790.0,48850.0,100624,187340
2019-04-30,48810.0,49070.0,48770.0,48940.0,115630,178342
2019-05-06,47500.0,48120.0,47420.0,48010.0,120546,178982
2019-05-07,48070.0,48430.0,47960.0,48280.0,112210,156400
2019-05-08,47890.0,48050.0,47770.0,47840.0,128518,166930
2019-05-09,47620.0,47790.0,47540.0,47560.0,154188,182688
2019-05-10,47540.0,48060.0,47370.0,47760.0,194156,191556
2019-05-13,47760.0,47950.0,47600.0,47660.0,24822,191766
2019-05-14,47550.0,47640.0,47350.0,47490.0,31260,198132
2019-05-15,47490.0,47820.0,47390.0,47730.0,31845,215614
2019-05-16,47550.0,47920.0,47550.0,47790.0,126132,214246
2019-05-17,48100.0,48150.0,47500.0,47630.0,157594,210038
2019-05-20,47710.0,47880.0,47600.0,47620.0,117452,208752
2019-05-21,47580.0,47820.0,47550.0,47700.0,122918,213022
2019-05-22,47590.0,47670.0,47100.0,47160.0,224660,224124
2019-05-23,47000.0,47090.0,46550.0,46680.0,173938,236656
2019-05-24,46620.0,47210.0,46530.0,47170.0,164438,234148
2019-05-27,47080.0,47330.0,47030.0,47280.0,133378,232158
2019-05-28,47210.0,47340.0,47100.0,47130.0,83480,228318
2019-05-29,47160.0,47230.0,46780.0,46810.0,112976,226488
2019-05-30,46670.0,46800.0,46440.0,46550.0,159450,239870
2019-05-31,46370.0,46520.0,46120.0,46180.0,183872,236888
2019-06-03,46150.0,46390.0,46060.0,46130.0,117262,224764
2019-06-04,46300.0,46420.0,46190.0,46270.0,83460,218826
2019-06-05,46230.0,46630.0,46190.0,46490.0,92440,210750
2019-06-06,46380.0,46390.0,45860.0,46020.0,147732,200218
2019-06-10,46110.0,46390.0,46050.0,46260.0,73470,207944
2019-06-11,46230.0,46940.0,46230.0,46900.0,163332,222788
2019-06-12,47020.0,47050.0,46420.0,46480.0,154314,232238
2019-06-13,46430.0,46620.0,46200.0,46270.0,140080,245120
2019-06-14,46270.0,46630.0,46240.0,46340.0,130014,240504
2019-06-17,46310.0,46350.0,46040.0,46150.0,122456,249026
2019-06-18,46050.0,46440.0,45990.0,46330.0,120452,249106
2019-06-19,46640.0,47040.0,46520.0,46840.0,240284,243916
2019-06-20,46780.0,46990.0,46660.0,46930.0,136528,244852
2019-06-21,46980.0,47170.0,46700.0,46850.0,165026,245690
2019-06-24,46720.0,47020.0,46660.0,46750.0,138246,245078
2019-06-25,46820.0,47130.0,46730.0,47090.0,151490,245042
2019-06-26,47150.0,47530.0,47150.0,47210.0,190358,241890
2019-06-27,47170.0,47260.0,46850.0,47090.0,136614,229534
2019-06-28,46920.0,47210.0,46840.0,47010.0,157210,222140
2019-07-01,46970.0,47450.0,46960.0,47360.0,124124,219918
2019-07-02,47110.0,47120.0,46540.0,46610.0,157822,218618
2019-07-03,46520.0,46520.0,46220.0,46250.0,117758,217632
2019-07-04,46390.0,46620.0,46320.0,46350.0,95224,209324
2019-07-05,46400.0,46520.0,46220.0,46280.0,70522,210286
2019-07-08,46240.0,46470.0,46150.0,46320.0,88026,202612
2019-07-09,46560.0,46570.0,46110.0,46190.0,133840,229856
2019-07-10,46000.0,46160.0,45640.0,46080.0,220588,247738
2019-07-11,46510.0,46690.0,46420.0,46590.0,171810,234434
2019-07-12,46620.0,46790.0,46500.0,46670.0,115792,235920
2019-07-15,46540.0,47020.0,46530.0,46910.0,153976,250068
2019-07-16,47020.0,47100.0,46790.0,46910.0,121524,244872
2019-07-17,46960.0,47280.0,46760.0,46860.0,174862,245778
2019-07-18,46760.0,46960.0,46620.0,46780.0,140190,243382
2019-07-19,46860.0,48040.0,46800.0,47970.0,375166,298182
2019-07-22,48330.0,48390.0,47360.0,47410.0,321630,256854
2019-07-23,47350.0,47510.0,47220.0,47300.0,133428,254056
2019-07-24,47190.0,47200.0,46750.0,47090.0,163518,250514
2019-07-25,47090.0,47160.0,46960.0,47020.0,98330,245950
2019-07-26,47200.0,47220.0,46910.0,47050.0,107252,242812
2019-07-29,46950.0,46980.0,46780.0,46900.0,119400,239976
2019-07-30,47030.0,47370.0,47000.0,47240.0,136426,231052
2019-07-31,46960.0,46980.0,46710.0,46720.0,137616,229580
2019-08-01,46720.0,46850.0,46520.0,46620.0,99920,222802
2019-08-02,46680.0,46740.0,46210.0,46440.0,132772,217660
2019-08-05,46080.0,46200.0,45760.0,46060.0,208996,224880
2019-08-06,45960.0,46320.0,45890.0,46150.0,113404,222182
2019-08-07,46080.0,46320.0,45940.0,45960.0,120076,226718
2019-08-08,46030.0,46720.0,45970.0,46510.0,218684,228864
2019-08-09,46670.0,46830.0,46460.0,46680.0,144142,223756
2019-08-12,46830.0,46940.0,46540.0,46750.0,151240,226266
2019-08-13,46700.0,46730.0,46530.0,46560.0,95910,228412
2019-08-14,46530.0,46960.0,46480.0,46580.0,203334,237278
2019-08-15,46400.0,46520.0,46320.0,46440.0,126988,239928
2019-08-16,46420.0,46550.0,46320.0,46550.0,101474,240352
2019-08-19,46390.0,46660.0,46340.0,46610.0,109274,244508
2019-08-20,46750.0,46780.0,46530.0,46620.0,92614,237416
2019-08-21,46490.0,46580.0,46260.0,46430.0,132222,238622
2019-08-22,46390.0,46520.0,46230.0,46310.0,103506,244300
2019-08-23,46410.0,46470.0,46160.0,46400.0,118304,241618
2019-08-26,46150.0,46330.0,45830.0,46020.0,186190,254512
2019-08-27,46260.0,46520.0,46180.0,46380.0,142254,235554
2019-08-28,46660.0,46700.0,46480.0,46560.0,112506,226328
2019-08-29,46500.0,46710.0,46480.0,46550.0,97492,216476
2019-08-30,46680.0,46870.0,46630.0,46690.0,126328,208136
2019-09-02,46710.0,46920.0,46510.0,46640.0,123850,203240
2019-09-03,46500.0,46500.0,46310.0,46370.0,87998,207882
2019-09-04,45940.0,46620.0,45730.0,46620.0,161926,213358
2019-09-05,46730.0,47280.0,46660.0,46970.0,192548,200536
2019-09-06,47430.0,47750.0,47300.0,47430.0,147064,192420
2019-09-09,47420.0,47560.0,47290.0,47420.0,127682,209738
2019-09-10,47290.0,47500.0,47240.0,47430.0,103648,212954
2019-09-11,47100.0,47410.0,47060.0,47290.0,128232,216244
2019-09-12,47240.0,47500.0,47010.0,47490.0,134652,220198
2019-09-16,47960.0,47970.0,47530.0,47560.0,94932,218820
2019-09-17,47580.0,47620.0,47230.0,47340.0,124252,219502
2019-09-18,47150.0,47440.0,47030.0,47310.0,127248,222872
2019-09-19,47100.0,47220.0,47030.0,47070.0,110658,223754
2019-09-20,47160.0,47220.0,47050.0,47130.0,85916,224280
2019-09-23,47140.0,47180.0,46850.0,46870.0,112904,217316
2019-09-24,46880.0,47260.0,46850.0,47120.0,111640,209636
2019-09-25,47160.0,47190.0,46950.0,47000.0,108694,209024
2019-09-26,46950.0,47320.0,46940.0,47120.0,119034,201414
2019-09-27,47100.0,47120.0,46650.0,46920.0,130866,195524
2019-09-30,46960.0,47340.0,46830.0,47250.0,130862,189614
2019-10-08,46830.0,46970.0,46750.0,46770.0,81262,191516
2019-10-09,46650.0,46750.0,46520.0,46600.0,99126,192544
2019-10-10,46570.0,46700.0,46480.0,46690.0,84542,195190
2019-10-11,46830.0,47070.0,46700.0,46910.0,137142,211746
2019-10-14,47000.0,47210.0,46920.0,46970.0,154220,223988
2019-10-15,46800.0,47060.0,46730.0,46960.0,118430,227710
2019-10-16,46950.0,46980.0,46750.0,46750.0,101484,230542
2019-10-17,46540.0,46720.0,46530.0,46650.0,105468,236596
2019-10-18,46750.0,46950.0,46570.0,46570.0,120310,236360
2019-10-21,47060.0,47180.0,46960.0,47020.0,171512,224038
2019-10-22,47200.0,47220.0,47060.0,47120.0,104472,223820
2019-10-23,47080.0,47210.0,46910.0,46930.0,109752,224948
2019-10-24,47020.0,47490.0,47010.0,47360.0,205300,227330
2019-10-25,47480.0,47570.0,47260.0,47390.0,127902,223990
2019-10-28,47440.0,47670.0,47330.0,47430.0,136876,228020
2019-10-29,47510.0,47590.0,47320.0,47340.0,90468,225278
2019-10-30,47440.0,47610.0,47390.0,47510.0,108792,227878
2019-10-31,47460.0,47580.0,47250.0,47330.0,120708,214220
2019-11-01,47130.0,47210.0,46780.0,47120.0,164794,198560
2019-11-04,47030.0,47120.0,46940.0,47040.0,73194,197072
2019-11-05,47060.0,47270.0,47020.0,47250.0,79978,194910
2019-11-06,47300.0,47630.0,47160.0,47190.0,118704,191240
2019-11-07,47290.0,47330.0,47060.0,47150.0,77960,183112
2019-11-08,47450.0,47620.0,47330.0,47340.0,123526,177384
2019-11-11,47440.0,47450.0,47150.0,47170.0,107900,173284
2019-11-12,47120.0,47330.0,47120.0,47270.0,103628,181034
2019-11-13,47060.0,47120.0,46970.0,47030.0,117050,194458
2019-11-14,46980.0,47080.0,46850.0,47030.0,118708,202024
2019-11-15,47050.0,47060.0,46700.0,46930.0,122646,207336
2019-11-18,46890.0,47030.0,46750.0,46980.0,91148,210710
2019-11-19,46940.0,46980.0,46790.0,46890.0,95720,215004
2019-11-20,46940.0,47240.0,46900.0,47050.0,143922,213068
2019-11-21,47180.0,47240.0,46980.0,47110.0,99816,209436
2019-11-22,46940.0,47010.0,46840.0,46870.0,113266,219294
2019-11-25,47010.0,47180.0,46950.0,47100.0,116940,215450
2019-11-26,47180.0,47220.0,47010.0,47070.0,83032,212682
2019-11-27,47140.0,47410.0,47100.0,47380.0,165848,222726
2019-11-28,47480.0,47520.0,47290.0,47350.0,107478,222580
2019-11-29,47290.0,47370.0,47200.0,47320.0,84278,210438
2019-12-02,47260.0,47380.0,47060.0,47300.0,99282,203326
2019-12-03,47250.0,47250.0,47040.0,47080.0,93878,197074
2019-12-04,46980.0,47120.0,46910.0,46980.0,91244,196966
2019-12-05,47030.0,47290.0,47030.0,47200.0,76992,192648
2019-12-06,47250.0,47370.0,47180.0,47320.0,67804,188640
2019-12-09,47270.0,48340.0,47260.0,48340.0,199968,185692
2019-12-10,48350.0,48800.0,48290.0,48690.0,256536,266810
2019-12-11,48750.0,49060.0,48590.0,49000.0,220182,284916
2019-12-12,48980.0,49360.0,48950.0,49030.0,221996,281032
2019-12-13,49000.0,49380.0,48800.0,49010.0,270158,280192
2019-12-16,49040.0,49210.0,48690.0,49100.0,273326,279680
2019-12-17,49180.0,49460.0,49100.0,49260.0,191946,286022
2019-12-18,49250.0,49300.0,49000.0,49070.0,114340,281014
2019-12-19,49200.0,49200.0,48860.0,49110.0,119846,282734
2019-12-20,49150.0,49560.0,48940.0,49030.0,216248,271088
2019-12-23,49070.0,49140.0,48870.0,49050.0,128768,266254
2019-12-24,49110.0,49640.0,48970.0,49590.0,200750,281894
2019-12-25,49500.0,49710.0,49390.0,49600.0,133218,284464
2019-12-26,49640.0,49940.0,49450.0,49650.0,154242,284310
2019-12-27,49660.0,49820.0,49590.0,49730.0,125240,284388
2019-12-30,49590.0,49610.0,49230.0,49510.0,185304,265760
2019-12-31,49420.0,49490.0,49110.0,49150.0,144680,239454
2020-01-02,49120.0,49340.0,49120.0,49230.0,42747,110353
2020-01-03,49130.0,49130.0,48750.0,48780.0,80835,98739
2020-01-06,48580.0,49010.0,48560.0,48760.0,85974,112759
2020-01-07,48710.0,49020.0,48710.0,49010.0,57599,119226
2020-01-08,48860.0,48980.0,48640.0,48860.0,82785,122405
2020-01-09,48910.0,49170.0,48830.0,48960.0,78060,128312
2020-01-10,48910.0,49050.0,48850.0,49010.0,48262,134555
2020-01-13,48890.0,49230.0,48710.0,48940.0,84452,135429
2020-01-14,48850.0,49380.0,48820.0,49310.0,99744,142706
2020-01-15,49300.0,49610.0,49180.0,49260.0,78508,141576
2020-01-16,49260.0,49400.0,49160.0,49200.0,52450,141900
2020-01-17,49450.0,49550.0,49130.0,49250.0,77143,140603
2020-01-20,49300.0,49330.0,48970.0,49100.0,65995,138502
2020-01-21,49080.0,49080.0,48300.0,48420.0,97077,127620
2020-01-22,48450.0,48650.0,48280.0,48540.0,56978,121551
2020-01-23,48340.0,48380.0,47960.0,48020.0,58176,114727
2020-02-03,44780.0,45250.0,44780.0,45040.0,89818,107064
2020-02-04,44750.0,45290.0,44680.0,45260.0,53234,107815
2020-02-05,44980.0,45630.0,44980.0,45550.0,45362,108033
2020-02-06,45750.0,46330.0,45750.0,46160.0,47408,82249
2020-02-07,45960.0,46050.0,45720.0,45830.0,41451,83992
2020-02-10,45420.0,45720.0,45390.0,45560.0,47469,91642
2020-02-11,45610.0,45850.0,45610.0,45720.0,52156,94708
2020-02-12,45740.0,45880.0,45640.0,45710.0,37885,95866
2020-02-13,45740.0,46020.0,45740.0,45890.0,50093,103717
2020-02-14,46080.0,46130.0,46000.0,46120.0,33360,104843
2020-02-17,46030.0,46500.0,46010.0,46490.0,55996,110751
2020-02-18,46420.0,46440.0,46240.0,46270.0,43655,110530
2020-02-19,46300.0,46540.0,46220.0,46400.0,39541,112056
2020-02-20,46380.0,46570.0,46230.0,46430.0,63893,113171
2020-02-21,46250.0,46330.0,45980.0,45990.0,62210,115952
2020-02-24,45920.0,46040.0,45710.0,46000.0,75484,117756
2020-02-25,46040.0,46040.0,45670.0,45950.0,62341,121748
2020-02-26,45680.0,45770.0,45570.0,45630.0,55268,122461
2020-02-27,45620.0,45650.0,45430.0,45440.0,54248,126637
2020-02-28,45350.0,45350.0,44240.0,44390.0,119804,128432
2020-03-02,44530.0,45300.0,44370.0,45230.0,80877,123662
2020-03-03,45610.0,45990.0,45480.0,45620.0,53516,123145
2020-03-04,45350.0,45400.0,45210.0,45280.0,45562,122199
2020-03-05,45400.0,45550.0,45350.0,45460.0,39600,107169
2020-03-06,45150.0,45200.0,44970.0,45010.0,49938,109222
2020-03-09,44050.0,44110.0,43500.0,43890.0,96985,112389
2020-03-10,44370.0,44920.0,44310.0,44710.0,73394,115259
2020-03-11,44570.0,44750.0,44260.0,44290.0,52990,120719
2020-03-12,43640.0,43820.0,43180.0,43450.0,99279,123190
2020-03-13,43250.0,43760.0,42740.0,43650.0,131506,121115
2020-03-16,43340.0,43600.0,42600.0,42630.0,98132,123968
2020-03-17,42800.0,43020.0,42130.0,42630.0,120081,119309
2020-03-18,41570.0,41770.0,39960.0,39960.0,116615,123679
2020-03-19,38770.0,38770.0,37570.0,37570.0,20498,119128
2020-03-20,37980.0,39250.0,37560.0,38910.0,220388,110284
2020-03-23,37000.0,37250.0,35300.0,37200.0,206648,110033
2020-03-24,38370.0,38900.0,37520.0,38200.0,157665,109290
2020-03-25,38960.0,39390.0,38540.0,39360.0,149743,109809
2020-03-26,39300.0,39320.0,38800.0,38870.0,97500,110243
2020-03-27,39080.0,39320.0,38700.0,39180.0,113036,112966
2020-03-30,38680.0,38930.0,38310.0,38720.0,98872,112746
2020-03-31,39160.0,39600.0,39120.0,39150.0,75492,110825
2020-04-01,39490.0,39680.0,38820.0,39000.0,78286,110620
2020-04-02,38960.0,39800.0,38570.0,39650.0,101287,108853
2020-04-03,39720.0,40120.0,39440.0,39930.0,76583,104726
2020-04-07,40330.0,40940.0,40210.0,40600.0,74012,105435
2020-04-08,40310.0,41020.0,40140.0,40810.0,76448,104076
2020-04-09,40980.0,41180.0,40690.0,40800.0,49848,103626
2020-04-10,40570.0,41890.0,40570.0,41790.0,70665,104497
2020-04-13,41280.0,41930.0,41250.0,41780.0,86194,108078
2020-04-14,41920.0,41970.0,41570.0,41750.0,73802,111560
2020-04-15,41790.0,41820.0,41330.0,41560.0,73988,114666
2020-04-16,41390.0,41670.0,41320.0,41560.0,56614,113717
2020-04-17,41800.0,44800.0,41790.0,42280.0,87288,114066
2020-04-20,42020.0,42630.0,42010.0,42330.0,77119,114997
2020-04-21,41860.0,42160.0,41400.0,41440.0,118355,115157
2020-04-22,41200.0,41370.0,40350.0,41090.0,140104,121864
2020-04-23,41300.0,42020.0,41250.0,41950.0,118615,114554
2020-04-24,41910.0,41980.0,41620.0,41780.0,76597,112585
2020-04-27,42420.0,42880.0,42240.0,42490.0,98382,114703
2020-04-28,42300.0,42470.0,42130.0,42300.0,71273,113090
2020-04-29,42410.0,42720.0,42380.0,42510.0,66506,112964
2020-04-30,42780.0,42980.0,42650.0,42940.0,61853,112411
2020-05-06,42320.0,42780.0,42310.0,42720.0,60410,111746
2020-05-07,42790.0,43120.0,42610.0,43110.0,73904,113530
2020-05-08,43290.0,43610.0,43000.0,43510.0,79567,113445
2020-05-11,43650.0,43950.0,43420.0,43500.0,73466,116449
2020-05-12,43250.0,43450.0,43040.0,43040.0,80202,115191
2020-05-13,43200.0,43430.0,42680.0,43060.0,77990,115183
2020-05-14,43160.0,43250.0,42800.0,42910.0,60819,112825
2020-05-15,42730.0,43320.0,42510.0,43130.0,75387,111167
2020-05-18,42750.0,43220.0,42580.0,43120.0,79596,102419
2020-05-19,43480.0,44030.0,43390.0,43690.0,92635,105560
2020-05-20,43650.0,43920.0,43490.0,43730.0,81689,109400
2020-05-21,43890.0,44500.0,43750.0,44150.0,107082,112770
2020-05-22,44270.0,44410.0,43240.0,43260.0,146826,108507
2020-05-25,43330.0,43680.0,43210.0,43650.0,89226,103260
2020-05-26,43780.0,43940.0,43660.0,43860.0,70689,105051
2020-05-27,44060.0,44110.0,43500.0,43640.0,99314,104192
2020-05-28,43600.0,43850.0,43320.0,43700.0,105554,103120
2020-05-29,43760.0,44050.0,43580.0,43940.0,92379,102888
2020-06-01,44080.0,44650.0,43900.0,44600.0,106250,106381
2020-06-02,44360.0,44800.0,44210.0,44560.0,98301,103316
2020-06-03,44790.0,45100.0,44720.0,44830.0,91520,101740
2020-06-04,45020.0,45050.0,44570.0,44720.0,84873,101361
2020-06-05,44770.0,45260.0,44760.0,45220.0,90561,104252
2020-06-08,45520.0,45960.0,45430.0,45800.0,118155,102272
2020-06-09,45960.0,46490.0,45750.0,46250.0,110149,103054
2020-06-10,46250.0,46980.0,45970.0,46830.0,116064,104194
2020-06-11,47270.0,47600.0,46640.0,46950.0,171994,101585
2020-06-12,46800.0,47150.0,46070.0,46840.0,152083,100770
2020-06-15,46860.0,47330.0,46240.0,46280.0,184390,102014
2020-06-16,46290.0,47270.0,46190.0,47150.0,134519,102162
2020-06-17,47250.0,47250.0,46450.0,46770.0,135891,97130
2020-06-18,46870.0,47020.0,46780.0,46920.0,85735,92343
2020-06-19,46970.0,47800.0,46890.0,47780.0,106314,91173
2020-06-22,47900.0,47930.0,47150.0,47470.0,134352,107189
2020-06-23,47630.0,47870.0,47330.0,47850.0,140596,112170
2020-06-24,47900.0,47940.0,47540.0,47860.0,97971,112639
2020-06-29,48050.0,48590.0,48030.0,48380.0,101302,120364
2020-06-30,48350.0,48800.0,48270.0,48790.0,105873,124357
2020-07-01,48950.0,49380.0,48770.0,49350.0,152479,129245
2020-07-02,48980.0,49570.0,48910.0,49410.0,146548,127983
2020-07-03,49300.0,49390.0,48840.0,48900.0,146952,121533
2020-07-06,48900.0,49220.0,48480.0,49040.0,129453,117013
2020-07-07,49300.0,49620.0,49140.0,49360.0,118738,114318
2020-07-08,49300.0,49970.0,49200.0,49800.0,120235,118032
2020-07-09,49920.0,50800.0,49890.0,50700.0,144126,120798
2020-07-10,50750.0,50800.0,50200.0,50500.0,153202,115579
2020-07-13,50860.0,53520.0,50760.0,52880.0,271916,114671
2020-07-14,52560.0,53100.0,51820.0,52210.0,189892,107843
2020-07-15,52420.0,52730.0,52110.0,52210.0,147028,108354
2020-07-16,52280.0,52360.0,50640.0,50710.0,234458,97493
2020-07-17,51080.0,51770.0,51050.0,51430.0,140235,92440
2020-07-20,51540.0,51700.0,51160.0,51300.0,108579,88237
2020-07-21,51200.0,52340.0,51200.0,51900.0,130584,84945
2020-07-22,52060.0,52830.0,52000.0,52410.0,149303,119828
2020-07-23,52100.0,52100.0,51360.0,51970.0,172219,117638
2020-07-24,51830.0,52470.0,51060.0,51220.0,198590,113180
2020-07-27,51420.0,52040.0,51360.0,51600.0,152381,113016
2020-07-28,51400.0,52250.0,51280.0,51520.0,167004,114804
2020-07-29,51400.0,51990.0,51380.0,51880.0,126507,120216
2020-07-30,51760.0,52170.0,51560.0,51690.0,142028,122527
2020-07-31,51590.0,51950.0,51190.0,51820.0,176783,118759
2020-08-03,51500.0,51570.0,50210.0,51050.0,178441,125420
2020-08-04,51500.0,51970.0,51380.0,51540.0,125658,119893
2020-08-05,51380.0,51640.0,51240.0,51350.0,108968,119304
2020-08-06,51280.0,51890.0,51200.0,51400.0,138596,119621
2020-08-07,51470.0,51720.0,51020.0,51300.0,116790,119571
2020-08-10,51230.0,51290.0,49580.0,50230.0,215542,118878
2020-08-11,50980.0,51100.0,50310.0,50340.0,126403,114343
2020-08-12,50340.0,50690.0,49500.0,49870.0,172915,110288
2020-08-13,50310.0,50920.0,50020.0,50410.0,120343,106166
2020-08-14,50210.0,50220.0,49460.0,50100.0,142788,106431
2020-08-17,50410.0,50750.0,50040.0,50730.0,94851,103680
2020-08-18,50770.0,51370.0,50740.0,50830.0,101530,99376
2020-08-19,51400.0,52520.0,51250.0,52150.0,159341,95168
2020-08-20,52610.0,52740.0,51800.0,52040.0,152702,117780
2020-08-21,52160.0,52280.0,51570.0,51800.0,126839,115980
2020-08-24,51200.0,51560.0,51020.0,51540.0,115553,111617
2020-08-25,51450.0,51540.0,51030.0,51130.0,88666,109686
2020-08-26,51240.0,51490.0,51020.0,51440.0,87542,110009
2020-08-27,51650.0,51730.0,51380.0,51490.0,73013,110986
2020-08-28,51600.0,52030.0,51170.0,51990.0,140507,114822
2020-08-31,52000.0,52230.0,51810.0,51980.0,96530,117479
2020-09-01,52030.0,53050.0,52010.0,52990.0,127094,129744
2020-09-02,52700.0,52820.0,51700.0,52070.0,159982,119423
2020-09-03,51960.0,52170.0,51640.0,51760.0,110112,117414
2020-09-04,51620.0,51800.0,50850.0,51650.0,153286,114769
2020-09-07,51880.0,52840.0,51730.0,52240.0,168908,113928
2020-09-08,52530.0,52700.0,52320.0,52590.0,92327,114648
2020-09-09,52060.0,52300.0,51520.0,51830.0,150155,110683
2020-09-10,52100.0,52320.0,51630.0,51700.0,93311,110935
2020-09-11,51900.0,52190.0,51200.0,51680.0,141949,109388
2020-09-14,51890.0,52530.0,51700.0,52120.0,134813,110284
2020-09-15,52160.0,52320.0,51950.0,52160.0,82244,109979
2020-09-16,52200.0,52240.0,51570.0,51710.0,112254,103611
2020-09-17,51670.0,51840.0,51300.0,51330.0,102712,100420
2020-09-18,51500.0,52350.0,51330.0,52320.0,121266,92983
2020-09-21,52010.0,52780.0,51870.0,52160.0,100777,86276
2020-09-22,52210.0,52230.0,51100.0,51780.0,145162,75748
2020-09-23,52200.0,52240.0,50960.0,51460.0,167233,105089
2020-09-24,51020.0,51390.0,50430.0,50640.0,237913,112206
2020-09-25,50370.0,51170.0,49980.0,51040.0,211416,112046
2020-09-28,50800.0,51350.0,50470.0,51220.0,157535,108147
2020-09-29,51180.0,51450.0,50840.0,50940.0,131521,106448
2020-09-30,50670.0,51300.0,50600.0,50930.0,143178,103500
2020-10-09,51470.0,51680.0,51260.0,51440.0,63402,103548
2020-10-12,51630.0,51640.0,50820.0,51520.0,138772,108202
2020-10-13,51680.0,51870.0,51340.0,51360.0,92311,107861
2020-10-14,51300.0,51560.0,51140.0,51540.0,122598,108756
2020-10-15,51390.0,51430.0,51080.0,51260.0,120308,107577
2020-10-16,51140.0,51800.0,51010.0,51470.0,123975,105515
2020-10-19,51390.0,51580.0,51140.0,51170.0,113757,102002
2020-10-20,51600.0,51600.0,51220.0,51380.0,83251,96084
2020-10-21,51800.0,52500.0,51700.0,52150.0,144748,93846
2020-10-22,52360.0,52780.0,52150.0,52280.0,106873,87199
2020-10-23,52080.0,52370.0,51830.0,51950.0,115988,112595
2020-10-26,52110.0,52130.0,51780.0,51810.0,83535,115180
2020-10-27,51480.0,51710.0,51380.0,51650.0,102907,114309
2020-10-28,51670.0,51880.0,51450.0,51840.0,92563,113231
2020-10-29,51240.0,51600.0,51150.0,51470.0,128203,112572
2020-10-30,51150.0,51480.0,50830.0,50940.0,146943,116208
2020-11-02,51050.0,51300.0,50720.0,51070.0,114844,114199
2020-11-03,51150.0,51810.0,51150.0,51800.0,111175,112583
2020-11-04,51810.0,51960.0,51420.0,51610.0,122141,109820
2020-11-05,51450.0,51750.0,51320.0,51420.0,96483,108580
2020-11-06,51450.0,51680.0,51340.0,51430.0,78755,107751
2020-11-09,51890.0,52240.0,51780.0,51840.0,126705,108510
2020-11-10,52380.0,52610.0,51570.0,51590.0,127885,105402
2020-11-11,51510.0,52030.0,51410.0,51960.0,91032,104027
2020-11-12,51910.0,51930.0,51560.0,51800.0,79940,102657
2020-11-13,51910.0,52220.0,51810.0,52180.0,88755,105742
2020-11-16,52110.0,53800.0,52110.0,53640.0,190833,116133
2020-11-17,53520.0,53580.0,52670.0,52850.0,130810,100987
2020-11-18,52720.0,52990.0,52240.0,52950.0,103527,91665
2020-11-19,52850.0,53140.0,52580.0,52730.0,98152,119349
2020-11-20,52700.0,53540.0,52530.0,53520.0,134821,138831
2020-11-23,53850.0,54540.0,53700.0,53970.0,218768,147408
2020-11-24,53800.0,54850.0,53620.0,54770.0,185525,161627
2020-11-25,54880.0,55100.0,54410.0,54550.0,171496,157016
2020-11-26,54410.0,55390.0,54390.0,55310.0,154194,166139
2020-11-27,55160.0,56180.0,55090.0,56120.0,172868,167810
2020-11-30,56150.0,57790.0,56060.0,57680.0,276208,156167
2020-12-01,57620.0,57980.0,56620.0,57040.0,271479,138485
2020-12-02,57190.0,57810.0,56850.0,57200.0,202365,136378
2020-12-03,56850.0,57330.0,56500.0,56870.0,193370,130455
2020-12-04,57150.0,57620.0,56710.0,57450.0,223643,128637
2020-12-07,57250.0,57850.0,56960.0,57030.0,185716,121197
2020-12-08,56980.0,57310.0,56800.0,56930.0,113818,115123
2020-12-09,56760.0,57480.0,56670.0,57250.0,126621,114105
2020-12-10,57160.0,57470.0,56790.0,57450.0,122092,108389
2020-12-11,57410.0,59210.0,57110.0,57830.0,280050,102568
2020-12-14,57650.0,58050.0,57220.0,57850.0,149246,98380
2020-12-15,57770.0,57870.0,57350.0,57700.0,94628,93028
2020-12-16,57730.0,58190.0,57510.0,57850.0,109766,88776
2020-12-17,58020.0,58680.0,57860.0,58620.0,96247,87961
2020-12-18,58630.0,59500.0,58530.0,59260.0,117085,83503
2020-12-21,59280.0,59640.0,58800.0,59280.0,163715,125794
2020-12-22,58640.0,58970.0,57880.0,57900.0,184763,114467
2020-12-23,58000.0,58080.0,57140.0,57850.0,167233,114908
2020-12-24,57960.0,58480.0,57930.0,58130.0,111868,116005
2020-12-25,58040.0,58660.0,57770.0,58560.0,84668,117317
2020-12-28,58500.0,59210.0,58300.0,58770.0,117109,121597
2020-12-29,58790.0,59000.0,58020.0,58180.0,130352,117052
2020-12-30,58300.0,58680.0,58060.0,58480.0,123639,113719
2020-12-31,58180.0,58340.0,57630.0,57750.0,136664,105758
2021-01-04,57750.0,58300.0,57680.0,58160.0,82919,96881
2021-01-05,58220.0,58550.0,57710.0,58110.0,103527,96490
2021-01-06,58160.0,59280.0,58090.0,59030.0,120470,97891
2021-01-07,59330.0,59550.0,58720.0,59380.0,114651,95867
2021-01-08,59190.0,60680.0,59000.0,60310.0,145940,95088
2021-01-11,60060.0,60220.0,58540.0,58580.0,171238,86291
2021-01-12,58620.0,58870.0,57960.0,58710.0,155293,110137
2021-01-13,58780.0,59100.0,58580.0,58780.0,122271,114010
2021-01-14,58650.0,58970.0,58450.0,58740.0,106241,115412
2021-01-15,58910.0,59750.0,58650.0,58690.0,164481,121920
2021-01-18,58730.0,59430.0,58320.0,59280.0,169802,125225
2021-01-19,59130.0,59190.0,58670.0,58890.0,101309,124070
2021-01-20,59060.0,59460.0,58710.0,59120.0,134630,124606
2021-01-21,59000.0,59490.0,58720.0,59340.0,129082,128152
2021-01-22,59340.0,59630.0,58640.0,58810.0,143519,123912
2021-01-25,58300.0,59250.0,58170.0,59090.0,156396,123697
2021-01-26,58940.0,59090.0,58400.0,58470.0,113778,122937
2021-01-27,58760.0,59140.0,58570.0,58720.0,94848,122378
2021-01-28,58320.0,58580.0,57620.0,57760.0,229939,126308
2021-01-29,57690.0,58460.0,57410.0,57550.0,177119,122149
2021-02-01,57870.0,58350.0,57280.0,57910.0,163881,117638
2021-02-02,57790.0,57910.0,57260.0,57300.0,114326,117673
2021-02-03,57170.0,57480.0,56860.0,57000.0,136494,113563
2021-02-04,57400.0,57950.0,57230.0,57820.0,118813,105705
2021-02-05,57720.0,58240.0,57540.0,58210.0,97200,100615
2021-02-08,58430.0,59030.0,58120.0,58790.0,102902,93985
2021-02-09,58790.0,59720.0,58780.0,59570.0,91536,90464
2021-02-10,59610.0,60830.0,59420.0,60800.0,117134,83408
2021-02-18,61820.0,63290.0,61600.0,63210.0,80289,80691
2021-02-19,63390.0,64470.0,63000.0,64320.0,199534,147830
2021-02-22,64460.0,67370.0,64370.0,67370.0,296364,151769
2021-02-23,66750.0,68790.0,66420.0,67950.0,467269,153964
2021-02-24,67550.0,68880.0,66560.0,67910.0,454424,153444
2021-02-25,68390.0,70740.0,67900.0,70150.0,403093,154200
2021-02-26,70080.0,70440.0,67940.0,67950.0,422027,140997
2021-03-01,67420.0,68110.0,66860.0,67450.0,334847,127886
2021-03-02,67410.0,67610.0,65730.0,66780.0,242399,120945
2021-03-03,67650.0,68400.0,67250.0,67810.0,195794,118873
2021-03-04,67630.0,67630.0,66430.0,66460.0,168654,115913
2021-03-05,65130.0,66400.0,64210.0,65920.0,295735,109217
2021-03-08,66330.0,67330.0,65660.0,65770.0,185050,105830
2021-03-09,66200.0,67460.0,65710.0,66000.0,175033,100111
2021-03-10,66130.0,66280.0,65070.0,65400.0,194750,131006
2021-03-11,65960.0,67770.0,65410.0,67360.0,225414,150597
2021-03-12,67260.0,67470.0,66590.0,66920.0,190335,147954
2021-03-15,66920.0,68230.0,66860.0,67520.0,204178,157495
2021-03-16,67680.0,67780.0,66690.0,66740.0,137751,154268
2021-03-17,66490.0,67110.0,66180.0,66940.0,146956,149899
2021-03-18,66920.0,67700.0,66660.0,66920.0,146886,149439
2021-03-19,66980.0,67390.0,65510.0,66020.0,217722,148049
2021-03-22,66510.0,67440.0,66220.0,66800.0,181394,146542
2021-03-23,67020.0,67720.0,66380.0,67040.0,193756,149707
2021-03-24,66750.0,66910.0,66080.0,66480.0,153428,150834
2021-03-25,66690.0,66980.0,65480.0,65560.0,191090,154325
2021-03-26,65210.0,66390.0,64930.0,66170.0,204962,146801
2021-03-29,66280.0,66900.0,66070.0,66340.0,145770,145045
2021-03-30,66420.0,66620.0,65860.0,65880.0,128138,143696
2021-03-31,65860.0,65930.0,65190.0,65600.0,161047,142081
2021-04-01,65750.0,65890.0,65030.0,65090.0,134908,141971
2021-04-02,65390.0,67260.0,65340.0,67090.0,192731,128627
2021-04-06,67480.0,67670.0,66850.0,67010.0,89025,126446
2021-04-07,67010.0,67410.0,66750.0,66900.0,94176,123324
2021-04-08,66590.0,67210.0,66310.0,66850.0,120227,117460
2021-04-09,66860.0,67290.0,66550.0,66720.0,96815,112311
2021-04-12,66870.0,66940.0,65650.0,65690.0,130994,106706
2021-04-13,65900.0,66160.0,65620.0,65870.0,83519,104549
2021-04-14,66280.0,66410.0,66020.0,66190.0,65691,101316
2021-04-15,66840.0,68180.0,66680.0,68040.0,190130,161029
2021-04-16,68130.0,69500.0,68060.0,68540.0,249767,175967
2021-04-19,69000.0,69820.0,67880.0,69660.0,222256,182656
2021-04-20,69660.0,69750.0,69000.0,69450.0,161140,182260
2021-04-21,69270.0,69590.0,68450.0,68720.0,181631,170267
2021-04-22,68830.0,69720.0,68740.0,69140.0,165801,175680
2021-04-23,69320.0,69740.0,68850.0,69440.0,162777,177926
2021-04-26,69750.0,71130.0,69550.0,70980.0,247686,189060
2021-04-27,71150.0,72820.0,71030.0,72480.0,261866,189078
2021-04-28,72150.0,72380.0,71060.0,71340.0,232329,175636
2021-04-29,71820.0,72960.0,71510.0,72380.0,197631,175392
2021-04-30,72600.0,73060.0,71250.0,71890.0,209068,162470
2021-05-06,72210.0,73320.0,72180.0,73240.0,102105,160057
2021-05-07,73580.0,74950.0,73430.0,74900.0,179927,160182
2021-05-10,75300.0,78270.0,75080.0,77720.0,281019,151845
2021-05-11,77400.0,77430.0,74800.0,76000.0,313147,139280
2021-05-12,76000.0,77150.0,75670.0,77090.0,199333,138657
2021-05-13,76240.0,76720.0,75390.0,75970.0,244411,132077
2021-05-14,75420.0,75740.0,73530.0,74560.0,237464,125491
2021-05-17,74360.0,75290.0,74200.0,74750.0,175719,121419
2021-05-18,74680.0,76210.0,74560.0,76100.0,137132,119141
2021-05-19,75740.0,75900.0,74070.0,74090.0,131138,108020
2021-05-20,73420.0,73860.0,72150.0,73450.0,199583,92135
2021-05-21,73600.0,73720.0,71760.0,72160.0,214013,126737
2021-05-24,72800.0,72950.0,71010.0,71640.0,246429,131903
2021-05-25,71780.0,72960.0,71710.0,72230.0,167541,129763
2021-05-26,71850.0,72240.0,71510.0,71780.0,152038,129398
2021-05-27,71860.0,72350.0,71280.0,71940.0,157811,133250
2021-05-28,71970.0,74480.0,71970.0,73350.0,245750,138997
2021-05-31,73040.0,74550.0,72770.0,73950.0,193071,140188
2021-06-01,73980.0,74350.0,73590.0,74160.0,124527,143265
2021-06-02,73700.0,74750.0,73520.0,73680.0,155274,142144
2021-06-03,73380.0,73500.0,72610.0,73020.0,159440,137885
2021-06-04,71500.0,71750.0,70470.0,70910.0,241633,138875
2021-06-07,71920.0,72130.0,71190.0,71390.0,124171,135289
2021-06-08,71270.0,71830.0,71100.0,71420.0,108151,129667
2021-06-09,70990.0,72380.0,70870.0,71510.0,138564,130944
2021-06-10,71400.0,71880.0,71050.0,71290.0,102273,132479
2021-06-11,71070.0,71830.0,70610.0,71770.0,143036,132425
2021-06-15,71520.0,71560.0,69500.0,70230.0,117291,130566
2021-06-16,69110.0,69490.0,68380.0,68450.0,151836,126238
2021-06-17,68950.0,69830.0,68450.0,68800.0,133905,111678
2021-06-18,68620.0,68960.0,66960.0,67260.0,159616,106284
2021-06-21,67150.0,67370.0,66350.0,66350.0,131010,98793
2021-06-22,66420.0,67620.0,66390.0,67350.0,110174,87899
2021-06-23,67350.0,68510.0,67270.0,68480.0,85778,80005
2021-06-24,68860.0,69660.0,68300.0,68480.0,133511,114698
2021-06-25,68700.0,69340.0,68580.0,68700.0,108388,117410
2021-06-28,68580.0,68930.0,68150.0,68630.0,109883,119630
2021-06-29,68650.0,68820.0,67720.0,68150.0,98558,122235
2021-06-30,67940.0,68610.0,67840.0,68390.0,88641,121002
2021-07-01,68630.0,69310.0,68140.0,68260.0,122153,121003
2021-07-02,68630.0,68940.0,67810.0,68260.0,107885,121278
2021-07-05,68430.0,69780.0,68210.0,69520.0,137175,121704
2021-07-06,69260.0,70230.0,69200.0,70100.0,115739,124166
2021-07-07,69720.0,69810.0,67900.0,69110.0,172828,115546
2021-07-08,69280.0,69550.0,68590.0,68740.0,127762,114518
2021-07-09,68360.0,69240.0,68170.0,68920.0,118800,115392
2021-07-12,69600.0,69980.0,68850.0,68980.0,127097,114819
2021-07-13,68790.0,69460.0,68750.0,69200.0,82563,115900
2021-07-14,68490.0,69030.0,68280.0,68870.0,98394,115354
2021-07-15,68730.0,69100.0,68060.0,68800.0,108007,114958
2021-07-16,68780.0,69550.0,68670.0,69340.0,97287,108984
2021-07-19,69300.0,69480.0,68620.0,68740.0,90167,103887
2021-07-20,67450.0,68370.0,67400.0,68130.0,111283,102737
2021-07-21,67880.0,68690.0,67810.0,68020.0,80128,96552
2021-07-22,68300.0,69050.0,68210.0,68960.0,74370,87749
2021-07-23,69130.0,70000.0,68930.0,69670.0,84264,80343
2021-07-26,70040.0,71150.0,69630.0,70770.0,139600,128828
2021-07-27,71030.0,72740.0,70990.0,71770.0,167268,137479
2021-07-28,72110.0,72410.0,71690.0,71850.0,132217,138433
2021-07-29,71750.0,71910.0,71110.0,71610.0,121943,136632
2021-07-30,71700.0,72120.0,71290.0,71820.0,113946,136097
2021-08-02,71960.0,72460.0,70830.0,71480.0,169156,134609
2021-08-03,71680.0,71690.0,70440.0,70450.0,110158,127089
2021-08-04,69860.0,70350.0,69500.0,70120.0,113943,122670
2021-08-05,69520.0,69860.0,69220.0,69220.0,117226,120705
2021-08-06,69250.0,70430.0,69250.0,70330.0,102313,120451
2021-08-09,70160.0,70490.0,69140.0,69470.0,119524,117123
2021-08-10,68540.0,69770.0,68500.0,69550.0,105758,121441
2021-08-11,69500.0,70420.0,69370.0,69770.0,101880,120291
2021-08-12,69870.0,70660.0,69850.0,70410.0,93337,119708
2021-08-13,70180.0,70220.0,69540.0,69970.0,88041,118113
2021-08-16,70060.0,70910.0,69660.0,69660.0,107705,120238
2021-08-17,69820.0,70050.0,69500.0,69710.0,79978,114642
2021-08-18,68910.0,69270.0,68550.0,68720.0,121695,113219
2021-08-19,68320.0,68500.0,66710.0,66790.0,157665,108568
2021-08-20,66030.0,67620.0,66000.0,67200.0,128192,94679
2021-08-23,66820.0,68130.0,66820.0,67620.0,131415,129201
2021-08-24,68550.0,68760.0,68210.0,68560.0,118099,125422
2021-08-25,69080.0,69590.0,68900.0,69100.0,111872,129032
2021-08-26,69500.0,69600.0,68560.0,68590.0,101725,130837
2021-08-27,68910.0,69190.0,68620.0,69130.0,99494,126661
2021-08-30,69200.0,70280.0,69190.0,70130.0,133885,129293
2021-08-31,70450.0,70600.0,69750.0,70100.0,100739,132113
2021-09-01,70200.0,70290.0,68860.0,68900.0,117263,130405
2021-09-02,68860.0,69230.0,68510.0,69020.0,100627,126108
2021-09-03,68720.0,69560.0,68660.0,69090.0,106220,126037
2021-09-06,69250.0,69770.0,69050.0,69510.0,102658,123399
2021-09-07,69550.0,69710.0,68870.0,69070.0,77174,122433
2021-09-08,69060.0,69220.0,68680.0,68680.0,95765,120538
2021-09-09,68680.0,69610.0,68270.0,69300.0,146092,123131
2021-09-10,69210.0,70240.0,69160.0,70080.0,126974,127535
2021-09-13,70500.0,71900.0,70380.0,71480.0,192823,136463
2021-09-14,71480.0,71480.0,69800.0,69840.0,149579,124842
2021-09-15,69810.0,70230.0,69360.0,69810.0,125769,120669
2021-09-16,69970.0,70860.0,69530.0,69650.0,119956,114680
2021-09-17,69450.0,69730.0,69080.0,69270.0,123464,106260
2021-09-22,67650.0,69110.0,67550.0,68780.0,99418,102428
2021-09-23,69160.0,69300.0,68510.0,68660.0,93358,91993
2021-09-24,68780.0,69500.0,68540.0,69250.0,105655,81384
2021-09-27,69050.0,69900.0,68900.0,69340.0,96298,69243
2021-09-28,69090.0,69550.0,69050.0,69230.0,77495,117870
2021-09-29,69110.0,69210.0,68290.0,68360.0,121933,117320
2021-09-30,68490.0,68700.0,67890.0,67950.0,99026,119551
2021-10-08,68970.0,69700.0,68820.0,68840.0,84488,119513
2021-10-11,68950.0,70350.0,68930.0,70260.0,143162,139746
2021-10-12,70280.0,71140.0,69400.0,69680.0,144814,141275
2021-10-13,70310.0,70740.0,69480.0,70100.0,144545,141888
2021-10-14,70680.0,73630.0,70480.0,72480.0,238778,160785
2021-10-15,72620.0,74340.0,72620.0,73820.0,183489,162564
2021-10-18,75010.0,76700.0,74480.0,76270.0,221067,158195
2021-10-19,75510.0,76170.0,74510.0,75810.0,147924,149675
2021-10-20,75490.0,75490.0,72480.0,73380.0,197841,131489
2021-10-21,73410.0,74960.0,72510.0,72890.0,151149,119023
2021-10-22,72580.0,72940.0,71370.0,72390.0,233307,155196
2021-10-25,71900.0,72460.0,70820.0,72110.0,193102,157245
2021-10-26,71900.0,72500.0,71580.0,72000.0,139144,159882
2021-10-27,71990.0,72290.0,70560.0,70560.0,194977,150037
2021-10-28,70300.0,71530.0,69660.0,71110.0,213682,153377
2021-10-29,70800.0,71300.0,70150.0,70540.0,132432,150947
2021-11-01,70200.0,70770.0,69720.0,70140.0,122502,150554
2021-11-02,70140.0,70990.0,69380.0,69660.0,142807,149521
2021-11-03,70200.0,71470.0,69750.0,71350.0,128403,160201
2021-11-04,71000.0,71100.0,69610.0,70150.0,138708,155384
2021-11-05,70630.0,70680.0,68770.0,69590.0,166446,157158
2021-11-08,69400.0,70650.0,69340.0,70000.0,121313,152708
2021-11-09,70220.0,70880.0,70030.0,70550.0,95172,153566
2021-11-10,70950.0,70960.0,69720.0,70330.0,108019,151805
2021-11-11,70210.0,70720.0,69580.0,70420.0,129162,148807
2021-11-12,70650.0,71170.0,70430.0,70570.0,122058,144542
2021-11-15,70570.0,71500.0,70400.0,70830.0,108729,145210
2021-11-16,71030.0,71220.0,70210.0,70360.0,108271,133480
2021-11-17,70640.0,70700.0,69800.0,70140.0,115483,128600
2021-11-18,69720.0,70060.0,68800.0,68910.0,145132,123222
2021-11-19,69210.0,71020.0,68670.0,70960.0,130497,114292
2021-11-22,70050.0,70960.0,69950.0,70180.0,127728,158184
2021-11-23,70370.0,71620.0,70150.0,70740.0,143163,172977
2021-11-24,71060.0,71580.0,70770.0,71220.0,92335,176086
2021-11-25,71620.0,72260.0,71580.0,71970.0,120822,188075
2021-11-26,72140.0,72140.0,70410.0,70560.0,126260,171059
2021-11-29,69800.0,70460.0,69330.0,70230.0,159820,162149
2021-11-30,70410.0,70530.0,69170.0,69450.0,121960,155294
2021-12-01,69710.0,69860.0,69020.0,69650.0,110032,154776
2021-12-02,69500.0,69600.0,68620.0,68650.0,132747,155980
2021-12-03,68830.0,69850.0,68650.0,69460.0,122548,152611
2021-12-06,69390.0,69790.0,68910.0,69080.0,111405,149335
2021-12-07,69460.0,69770.0,69320.0,69420.0,90812,144887
2021-12-08,70160.0,70240.0,69390.0,69570.0,92258,139268
2021-12-09,69510.0,70130.0,69290.0,69710.0,97714,139423
2021-12-10,69360.0,69570.0,69180.0,69530.0,79270,135694
2021-12-13,69560.0,69660.0,69230.0,69570.0,78333,136367
2021-12-14,69270.0,69350.0,68510.0,68910.0,99921,133844
2021-12-15,69100.0,69150.0,68000.0,68000.0,95585,135574
2021-12-16,67860.0,68760.0,67040.0,68590.0,132546,125813
2021-12-17,69160.0,69560.0,69010.0,69370.0,92896,106771
2021-12-20,69210.0,69460.0,68500.0,68630.0,63223,99719
2021-12-21,68690.0,69300.0,68610.0,69230.0,83762,136634
2021-12-22,69340.0,69800.0,69170.0,69690.0,74042,138605
2021-12-23,69940.0,70200.0,69790.0,70180.0,81994,144770
2021-12-24,69800.0,70200.0,69470.0,69750.0,83911,142606
2021-12-27,69770.0,69970.0,69490.0,69530.0,60360,140027
2021-12-28,69810.0,70870.0,69700.0,70470.0,91312,148142
2021-12-29,70650.0,70780.0,69770.0,70200.0,73868,141209
2021-12-30,69940.0,70240.0,69850.0,69950.0,62741,139550
2021-12-31,70200.0,70550.0,69770.0,70380.0,76394,133670
2022-01-04,70510.0,70550.0,69580.0,69730.0,57689,127675
2022-01-05,69740.0,70770.0,69690.0,70110.0,79815,128210
2022-01-06,70310.0,70390.0,69440.0,69490.0,83117,122511
2022-01-07,69400.0,69800.0,69000.0,69520.0,81771,115000
2022-01-10,69470.0,69980.0,69410.0,69780.0,59048,111072
2022-01-11,69780.0,69950.0,69100.0,69720.0,72730,109625
2022-01-12,69910.0,71330.0,69610.0,71170.0,99650,120293
2022-01-13,71860.0,72500.0,71260.0,71440.0,110022,117648
2022-01-14,71900.0,72040.0,71000.0,71460.0,87675,108319
2022-01-17,71190.0,71190.0,69860.0,70170.0,96700,91482
2022-01-18,69820.0,70270.0,69730.0,70100.0,59145,135164
2022-01-19,69880.0,70230.0,69670.0,70020.0,74996,136183
2022-01-20,70490.0,71360.0,70380.0,71180.0,104527,150151
2022-01-21,71190.0,71880.0,70790.0,71290.0,94910,154349
2022-01-24,71280.0,71990.0,70410.0,70480.0,116128,145535
2022-01-25,70020.0,70140.0,69520.0,69570.0,116496,139370
2022-01-26,69570.0,70780.0,69360.0,70730.0,95307,138315
2022-01-27,70910.0,71230.0,69770.0,69780.0,85803,129985
2022-01-28,70500.0,70970.0,70030.0,70290.0,79210,129300
2022-02-07,71000.0,71180.0,70290.0,70430.0,49911,126890
2022-02-08,70630.0,70780.0,70200.0,70590.0,56593,128164
2022-02-09,70060.0,70590.0,69770.0,70450.0,70633,129062
2022-02-10,70840.0,73040.0,70760.0,73030.0,142439,157385
2022-02-11,73320.0,73650.0,71140.0,71480.0,152263,146828
2022-02-14,71650.0,71860.0,70580.0,71360.0,106807,133716
2022-02-15,71070.0,71300.0,70540.0,71060.0,82171,125982
2022-02-16,71410.0,71630.0,70970.0,71510.0,60175,124783
2022-02-17,71550.0,71660.0,71030.0,71160.0,52066,118893
2022-02-18,71250.0,72070.0,71110.0,71890.0,62479,117671
2022-02-21,71510.0,71980.0,71230.0,71460.0,72498,104457
2022-02-22,71150.0,71320.0,70960.0,71030.0,61728,89816
2022-02-23,71440.0,71500.0,71060.0,71300.0,45322,78724
2022-02-24,71320.0,71380.0,70520.0,70970.0,111204,131418
2022-02-25,71360.0,71640.0,70550.0,70690.0,113707,132993
2022-02-28,70660.0,71110.0,70530.0,70990.0,72209,133553
2022-03-01,70920.0,71150.0,70660.0,71050.0,59799,133338
2022-03-02,71150.0,71790.0,71120.0,71520.0,92002,140196
2022-03-03,73000.0,73120.0,71820.0,73010.0,135552,150786
2022-03-04,73000.0,73240.0,72240.0,72890.0,122656,149833
2022-03-07,72800.0,75610.0,72660.0,74980.0,164131,156329
2022-03-08,74900.0,77270.0,70560.0,74000.0,242689,139982
2022-03-09,71880.0,73250.0,71880.0,72720.0,118144,126949
2022-03-10,72000.0,72460.0,71440.0,71940.0,98015,116352
2022-03-11,72300.0,72460.0,71830.0,72150.0,58980,111552
2022-03-14,72390.0,72410.0,71750.0,71780.0,56960,111596
2022-03-15,71260.0,71800.0,71260.0,71360.0,68140,110054
2022-03-16,71200.0,72260.0,71150.0,72090.0,69098,105440
2022-03-17,72120.0,72570.0,72000.0,72250.0,52124,102561
2022-03-18,72560.0,73310.0,72450.0,72830.0,55561,99282
2022-03-21,72800.0,73780.0,72630.0,72880.0,83482,136789
2022-03-22,73010.0,73320.0,72880.0,73120.0,46312,144291
2022-03-23,73660.0,73670.0,72820.0,73180.0,52563,146260
2022-03-24,73500.0,73950.0,73380.0,73580.0,65180,153880
2022-03-25,73600.0,73920.0,73300.0,73560.0,56602,153934
2022-03-28,73500.0,73500.0,72700.0,72940.0,72433,152869
2022-03-29,73250.0,73830.0,73130.0,73570.0,66283,159874
2022-03-30,73270.0,74310.0,73120.0,74210.0,82724,166961
2022-03-31,73710.0,73870.0,73280.0,73320.0,71439,155903
2022-04-01,73540.0,73700.0,73030.0,73160.0,58868,152682
2022-04-06,73980.0,73990.0,73510.0,73720.0,39492,155196
2022-04-07,73720.0,73950.0,73350.0,73410.0,55126,154531
2022-04-08,73280.0,73930.0,73180.0,73760.0,55949,158724
2022-04-11,73690.0,73760.0,73160.0,73230.0,60836,153639
2022-04-12,73200.0,73450.0,72930.0,73350.0,70395,151281
2022-04-13,73300.0,74450.0,73240.0,74030.0,86744,157434
2022-04-14,73790.0,74270.0,73620.0,74180.0,53307,157429
2022-04-15,73820.0,75100.0,73780.0,74970.0,67161,164995
2022-04-18,74890.0,75320.0,74650.0,74760.0,52462,156720
2022-04-19,74910.0,75500.0,74800.0,75040.0,63367,149391
2022-04-20,74760.0,74770.0,74320.0,74480.0,60056,135362
2022-04-21,74140.0,74750.0,74140.0,74480.0,48008,126276
2022-04-22,74800.0,75200.0,74690.0,75010.0,58874,122400
2022-04-25,74900.0,75190.0,73660.0,73660.0,103972,96933
2022-04-26,73170.0,73750.0,72500.0,73260.0,113019,148859
2022-04-27,72990.0,73560.0,72910.0,73320.0,81889,148335
2022-04-28,73100.0,73540.0,72870.0,73320.0,71044,150234
2022-04-29,73320.0,73960.0,72940.0,73600.0,73894,149754
2022-05-05,72940.0,73440.0,72710.0,72760.0,61604,150524
2022-05-06,72380.0,72560.0,71820.0,72050.0,109319,155058
2022-05-09,71900.0,72040.0,71430.0,71440.0,93092,155923
2022-05-10,70920.0,71950.0,70870.0,71720.0,110712,155273
2022-05-11,71660.0,71830.0,70810.0,71580.0,88796,152143
2022-05-12,71470.0,71940.0,70850.0,70880.0,84662,156541
2022-05-13,70300.0,71130.0,70060.0,71060.0,100302,155842
2022-05-16,70580.0,71780.0,70360.0,71270.0,89343,148860
2022-05-17,71750.0,71880.0,71320.0,71790.0,63091,140404
2022-05-18,72060.0,72120.0,71310.0,71340.0,56167,133805
2022-05-19,71400.0,71620.0,71000.0,71530.0,70782,125911
2022-05-20,71540.0,72020.0,71540.0,71900.0,65352,116011
2022-05-23,71960.0,72260.0,71670.0,72050.0,55949,107212
2022-05-24,72260.0,72260.0,71670.0,71770.0,52383,98178
2022-05-25,71580.0,71950.0,71550.0,71810.0,47846,86679
2022-05-26,71150.0,71410.0,70960.0,71080.0,63239,131511
2022-05-27,71380.0,72150.0,71300.0,71900.0,77992,135427
2022-05-30,71790.0,72230.0,71750.0,71950.0,57004,138162
2022-05-31,72010.0,72290.0,71870.0,72120.0,50706,140486
2022-06-01,71970.0,72000.0,71400.0,71600.0,62601,139921
2022-06-02,72020.0,72200.0,71760.0,72130.0,55476,141637
2022-06-06,73020.0,73120.0,72510.0,72680.0,62085,148193
2022-06-07,72930.0,72930.0,72410.0,72460.0,44634,149533
2022-06-08,72350.0,72920.0,72320.0,72790.0,58408,154356
2022-06-09,72800.0,73050.0,72700.0,72810.0,49609,154944
2022-06-10,72650.0,72700.0,72380.0,72650.0,56491,153019
2022-06-13,72300.0,72470.0,71610.0,71720.0,92405,144037
2022-06-14,71320.0,71680.0,71110.0,71570.0,77694,141043
2022-06-15,71270.0,71350.0,70660.0,70670.0,87721,140983
2022-06-16,70870.0,71180.0,70530.0,70540.0,74004,134901
2022-06-17,69820.0,69940.0,69150.0,69740.0,105680,128917
2022-06-20,69450.0,69450.0,68000.0,68000.0,116285,125733
2022-06-21,67990.0,68700.0,67680.0,68030.0,84035,113914
2022-06-22,68400.0,68980.0,67030.0,67060.0,85059,107154
2022-06-23,66780.0,67300.0,65590.0,66380.0,109163,96747
2022-06-24,65390.0,65690.0,63350.0,63440.0,173900,143339
2022-06-27,63300.0,64680.0,61620.0,63750.0,230142,146507
2022-06-28,63760.0,64910.0,63470.0,64890.0,126386,135020
2022-06-29,64800.0,64880.0,62960.0,63470.0,155790,141986
2022-06-30,64440.0,64680.0,63690.0,63850.0,111692,139765
2022-07-01,63150.0,63380.0,61420.0,61630.0,177406,151502
2022-07-04,61400.0,61880.0,60630.0,60660.0,152453,154283
2022-07-05,61090.0,61480.0,60070.0,60110.0,147521,155659
2022-07-06,59490.0,59500.0,55510.0,57620.0,268494,164552
2022-07-07,58000.0,59550.0,57160.0,58640.0,226074,152780
2022-07-08,59850.0,60540.0,58750.0,58960.0,179906,146409
2022-07-11,59050.0,59780.0,57870.0,58480.0,152066,146028
2022-07-12,58550.0,58630.0,57250.0,57320.0,145196,146644
2022-07-13,56960.0,56980.0,55350.0,56030.0,196041,153759
2022-07-14,55530.0,56690.0,54750.0,55450.0,237122,148648
2022-07-15,55400.0,55400.0,53400.0,53480.0,206134,143350
2022-07-18,54200.0,56460.0,54020.0,56390.0,227369,131640
2022-07-19,56430.0,57430.0,55710.0,56030.0,135345,122993
2022-07-20,56100.0,57340.0,55360.0,56840.0,134354,116095
2022-07-21,56850.0,57300.0,55940.0,56180.0,117577,111861
2022-07-22,56180.0,57080.0,55740.0,56930.0,118965,107507
2022-07-25,56880.0,57990.0,56810.0,57220.0,111583,97352
2022-07-26,57290.0,59040.0,57290.0,58890.0,160993,152178
2022-07-27,58730.0,58840.0,57720.0,58390.0,145415,153367
2022-07-28,58280.0,60060.0,57960.0,59990.0,161288,155978
2022-07-29,59610.0,60170.0,59230.0,60100.0,147588,157641
2022-08-01,60180.0,61260.0,59920.0,60840.0,174005,159606
2022-08-02,61020.0,61250.0,59120.0,60250.0,182051,155093
2022-08-03,60450.0,60700.0,59510.0,59780.0,179147,157522
2022-08-04,60050.0,60170.0,58730.0,58750.0,137931,160822
2022-08-05,59100.0,60560.0,58540.0,60310.0,182012,164183
2022-08-08,60080.0,61200.0,59710.0,60930.0,160061,162318
2022-08-09,60880.0,61700.0,60680.0,61220.0,134470,160967
2022-08-10,61390.0,61890.0,60760.0,61040.0,133240,160500
2022-08-11,61960.0,62790.0,61600.0,62690.0,154253,160597
2022-08-12,62800.0,63010.0,62420.0,62930.0,115720,162236
2022-08-15,62390.0,62440.0,61240.0,61480.0,139942,159259
2022-08-16,61040.0,62460.0,60830.0,62040.0,126975,155892
2022-08-17,62110.0,62410.0,61770.0,61960.0,100558,151242
2022-08-18,61770.0,61900.0,61150.0,61170.0,116574,151030
2022-08-19,62100.0,62610.0,61890.0,61980.0,110989,148840
2022-08-22,62500.0,63400.0,62350.0,62770.0,109392,143995
2022-08-23,62560.0,63270.0,62340.0,63040.0,81774,134350
2022-08-24,63400.0,63720.0,63040.0,63420.0,77856,126048
2022-08-25,62720.0,62850.0,62400.0,62780.0,113853,149094
2022-08-26,63030.0,63730.0,62910.0,63690.0,113042,164183
2022-08-29,64210.0,64560.0,62280.0,62550.0,185856,166219
2022-08-30,62700.0,62840.0,61990.0,62200.0,117080,163034
2022-08-31,61840.0,62340.0,61580.0,62060.0,127826,159941
2022-09-01,60900.0,61520.0,60350.0,60680.0,167919,162153
2022-09-02,60530.0,60530.0,59300.0,59540.0,161035,167757
2022-09-05,59700.0,60670.0,59450.0,60580.0,158964,167403
2022-09-06,60380.0,61650.0,60360.0,61630.0,123553,161288
2022-09-07,61380.0,61500.0,60390.0,60550.0,123977,163704
2022-09-08,60890.0,61360.0,60490.0,61150.0,123027,161574
2022-09-09,61450.0,63100.0,61290.0,63070.0,158026,162113
2022-09-13,63170.0,63560.0,62880.0,63190.0,73290,159448
2022-09-14,62920.0,63050.0,62120.0,62280.0,123846,157446
2022-09-15,62280.0,62790.0,61870.0,62220.0,118765,152790
2022-09-16,62010.0,62320.0,61810.0,61950.0,105047,145499
2022-09-19,62110.0,63200.0,62050.0,62280.0,112402,140415
2022-09-20,62020.0,62930.0,61960.0,62600.0,89148,133173
2022-09-21,62400.0,62970.0,62260.0,62760.0,77123,131777
2022-09-22,62290.0,62850.0,61890.0,62430.0,118153,123593
2022-09-23,62990.0,63000.0,62090.0,62180.0,78763,116679
2022-09-26,61180.0,61510.0,60620.0,60700.0,136265,102849
2022-09-27,61100.0,61610.0,60750.0,61280.0,80128,83420
2022-09-28,60700.0,60770.0,59860.0,60020.0,101191,148030
2022-09-29,60540.0,61210.0,60340.0,60870.0,111097,148758
2022-09-30,61280.0,61410.0,60630.0,61320.0,101617,142520
2022-10-10,61070.0,61630.0,61050.0,61260.0,72287,143498
2022-10-11,62000.0,62730.0,61870.0,62360.0,112508,155384
2022-10-12,62510.0,62820.0,62020.0,62720.0,96511,159833
2022-10-13,62530.0,62630.0,62160.0,62340.0,84695,160522
2022-10-14,62050.0,63740.0,61880.0,63700.0,141755,172003
2022-10-17,63700.0,63760.0,62840.0,63080.0,107335,163256
2022-10-18,63340.0,63450.0,62600.0,62650.0,96499,152146
2022-10-19,62460.0,62540.0,61950.0,62120.0,93539,144949
2022-10-20,62230.0,62490.0,61980.0,62270.0,82732,137094
2022-10-21,62750.0,63400.0,62590.0,62820.0,96569,132547
2022-10-24,62820.0,64210.0,62680.0,63810.0,105306,131846
2022-10-25,62980.0,63190.0,62700.0,63060.0,77210,180053
2022-10-26,62510.0,63110.0,62510.0,62750.0,89367,185041
2022-10-27,63200.0,63730.0,63140.0,63450.0,100565,195630
2022-10-28,63630.0,64160.0,62740.0,62830.0,133310,195128
2022-10-31,62730.0,62960.0,61850.0,62060.0,149926,190869
2022-11-01,61800.0,63510.0,61760.0,63350.0,143225,189728
2022-11-02,63660.0,63950.0,63120.0,63570.0,95485,191357
2022-11-03,63400.0,63630.0,63150.0,63350.0,72791,190708
2022-11-04,62810.0,64520.0,62720.0,64250.0,132397,192238
2022-11-07,65500.0,66420.0,64970.0,65730.0,187038,201771
2022-11-08,65330.0,65850.0,64950.0,65780.0,108697,200587
2022-11-09,65900.0,66740.0,65820.0,66580.0,133221,204380
2022-11-10,66200.0,67230.0,66130.0,66750.0,147374,199754
2022-11-11,66550.0,68420.0,66460.0,67630.0,209779,197589
2022-11-14,67670.0,68330.0,66660.0,67010.0,190537,185487
2022-11-15,66670.0,67240.0,66440.0,67190.0,113258,177232
2022-11-16,66870.0,67120.0,66340.0,66710.0,104001,167024
2022-11-17,66710.0,66750.0,66000.0,66510.0,90982,158047
2022-11-18,66210.0,66290.0,65650.0,65740.0,92310,148056
2022-11-21,65510.0,65580.0,64730.0,65030.0,97528,132812
2022-11-22,64640.0,64820.0,64260.0,64410.0,81404,121664
2022-11-23,65020.0,65350.0,64590.0,64890.0,73475,109897
2022-11-24,64670.0,65260.0,64650.0,65110.0,57703,100390
2022-11-25,64850.0,65280.0,64730.0,65170.0,64166,148708
2022-11-28,65360.0,65620.0,64000.0,64130.0,118987,147823
2022-11-29,64650.0,65360.0,64470.0,65080.0,98472,147420
2022-11-30,65080.0,65200.0,64550.0,64680.0,66304,147320
2022-12-01,65620.0,66050.0,65150.0,65890.0,102607,151706
2022-12-02,65520.0,66300.0,65520.0,66240.0,72762,147143
2022-12-05,65950.0,66860.0,65590.0,66260.0,89722,145004
2022-12-06,66190.0,66280.0,65550.0,65770.0,57736,143257
2022-12-07,65890.0,66570.0,65300.0,65440.0,89484,146578
2022-12-08,65670.0,66520.0,65500.0,66360.0,68350,144893
2022-12-09,66660.0,67160.0,66350.0,67120.0,72302,148592
2022-12-12,66590.0,66730.0,65890.0,66030.0,77966,142968
2022-12-13,66030.0,66210.0,65530.0,66070.0,59251,140829
2022-12-14,66340.0,67000.0,66180.0,66510.0,75527,142834
2022-12-15,66160.0,66340.0,65830.0,65980.0,66557,138262
2022-12-16,66040.0,66060.0,65060.0,65260.0,88099,130399
2022-12-19,65050.0,65950.0,64910.0,65110.0,76102,123414
2022-12-20,65410.0,65650.0,64600.0,65060.0,71870,114223
2022-12-21,65160.0,65920.0,65140.0,65760.0,65815,104044
2022-12-22,65760.0,66300.0,65640.0,65820.0,48898,96957
2022-12-23,65710.0,65790.0,65330.0,65450.0,45030,90762
2022-12-26,65450.0,66120.0,65330.0,66040.0,43556,79947
2022-12-27,65850.0,66660.0,65850.0,66420.0,44544,101894
2022-12-28,66810.0,66820.0,66190.0,66440.0,50067,103242
2022-12-29,66440.0,66500.0,66170.0,66430.0,37986,104321
2022-12-30,66180.0,66320.0,65970.0,66260.0,44425,99641
2023-01-03,66160.0,66250.0,65310.0,65790.0,49307,96846
2023-01-04,65580.0,65780.0,64520.0,64560.0,64281,99483
2023-01-05,63940.0,64460.0,63850.0,64290.0,64355,98354
2023-01-06,65160.0,65340.0,64950.0,65240.0,59982,93974
2023-01-09,64860.0,66260.0,64650.0,66090.0,100818,159235
2023-01-10,66370.0,66860.0,66290.0,66590.0,75072,169752
2023-01-11,66860.0,68020.0,66700.0,68000.0,95788,189204
2023-01-12,68020.0,69040.0,68020.0,68660.0,103291,198167
2023-01-13,68680.0,69390.0,68430.0,68630.0,102399,201290
2023-01-16,68530.0,68950.0,68070.0,68640.0,64322,197618
2023-01-17,68740.0,68840.0,68320.0,68400.0,51649,193550
2023-01-18,68900.0,70450.0,68780.0,70300.0,91193,198229
2023-01-19,70910.0,71500.0,69280.0,69680.0,101438,188881
2023-01-20,69550.0,70650.0,69430.0,70420.0,73528,185326
2023-01-30,70290.0,70300.0,69180.0,69330.0,57386,177532
2023-01-31,69470.0,69790.0,69170.0,69240.0,68468,175820
2023-02-01,69030.0,70000.0,68930.0,69700.0,58753,176168
2023-02-02,69490.0,69540.0,68700.0,69060.0,74162,173518
2023-02-03,68930.0,69440.0,68350.0,68890.0,83200,166505
2023-02-06,68870.0,68980.0,68140.0,68340.0,89845,165143
2023-02-07,68250.0,68360.0,67570.0,68260.0,76281,162437
2023-02-08,67920.0,68750.0,67660.0,68640.0,68125,160063
2023-02-09,68920.0,68980.0,68000.0,68640.0,66473,154927
2023-02-10,68640.0,68940.0,68160.0,68420.0,65780,152323
2023-02-13,68490.0,68560.0,67800.0,68150.0,63680,146260
2023-02-14,68380.0,68780.0,68130.0,68680.0,53050,146144
2023-02-15,68630.0,69260.0,68370.0,68640.0,94661,145118
2023-02-16,68290.0,68660.0,67820.0,68510.0,73566,136161
2023-02-17,68810.0,69380.0,68560.0,68880.0,65567,131996
2023-02-20,68800.0,69400.0,68580.0,69400.0,56876,127317
2023-02-21,69770.0,70130.0,69640.0,70100.0,55948,116997
2023-02-22,70150.0,70670.0,70050.0,70090.0,56005,102786
2023-02-23,70240.0,70480.0,69920.0,70010.0,58252,163849
2023-02-24,70210.0,70280.0,69060.0,69610.0,87917,163360
2023-02-27,69120.0,69350.0,68290.0,68300.0,121453,159665
2023-02-28,68460.0,69080.0,68460.0,69050.0,85168,150661
2023-03-01,69260.0,70170.0,69110.0,70080.0,87608,154787
2023-03-02,70160.0,70260.0,69730.0,69780.0,62414,154676
2023-03-03,69100.0,69910.0,69000.0,69820.0,80001,152202
2023-03-06,69820.0,69900.0,69300.0,69310.0,55739,145748
2023-03-07,69110.0,69800.0,69050.0,69590.0,51218,147482
2023-03-08,69250.0,69320.0,68680.0,68880.0,82682,145772
2023-03-09,69160.0,69700.0,68910.0,69290.0,76750,144010
2023-03-10,69380.0,69700.0,68800.0,68810.0,70261,143690
2023-03-13,68860.0,69410.0,68540.0,69270.0,110572,145271
2023-03-14,67780.0,68960.0,67500.0,68550.0,119029,141833
2023-03-15,68970.0,69100.0,68550.0,68660.0,62871,139125
2023-03-16,67130.0,67650.0,66360.0,66420.0,166101,132201
2023-03-17,66620.0,67440.0,66160.0,67220.0,103073,115381
2023-03-20,67220.0,67750.0,66750.0,66840.0,76156,106602
2023-03-21,67390.0,67650.0,67170.0,67530.0,76058,153584
2023-03-22,68280.0,68390.0,67740.0,68080.0,91995,157789
2023-03-23,68530.0,68750.0,68250.0,68350.0,89492,161802
2023-03-24,68420.0,69820.0,68330.0,69760.0,120251,173603
2023-03-27,69120.0,69380.0,68830.0,69250.0,96208,171084
2023-03-28,69150.0,69730.0,69050.0,69320.0,68650,171323
2023-03-29,69180.0,69680.0,69150.0,69280.0,59116,172322
2023-03-30,69900.0,69990.0,69410.0,69660.0,73914,173919
2023-03-31,69670.0,69790.0,69130.0,69200.0,77154,172624
2023-04-03,69100.0,69800.0,69040.0,69150.0,73805,172900
2023-04-04,69480.0,69600.0,68890.0,69080.0,70466,170012
2023-04-06,68500.0,68760.0,68430.0,68520.0,63458,165003
2023-04-07,68400.0,69090.0,68120.0,69040.0,71798,165833
2023-04-10,68810.0,69050.0,68620.0,68740.0,45388,162497
2023-04-11,68280.0,69040.0,68260.0,68880.0,71434,168974
2023-04-12,68880.0,69310.0,68740.0,68860.0,71602,167373
2023-04-13,68950.0,69470.0,68830.0,69170.0,73713,170762
2023-04-14,69870.0,70330.0,69790.0,70050.0,92074,184910
2023-04-17,70360.0,70630.0,69600.0,70170.0,91210,178995
2023-04-18,69850.0,69940.0,69420.0,69780.0,71071,164680
2023-04-19,69670.0,69940.0,69350.0,69470.0,57686,155142
2023-04-20,69290.0,69670.0,69270.0,69350.0,59853,141821
2023-04-21,69210.0,69350.0,68640.0,68660.0,87135,121019
2023-04-24,68720.0,68860.0,68350.0,68370.0,71513,104561
2023-04-25,68200.0,68620.0,67940.0,68080.0,100278,172143
2023-04-26,66850.0,67500.0,66660.0,67430.0,155671,183097
2023-04-27,67050.0,67270.0,66210.0,66560.0,143086,187019
2023-04-28,66400.0,67540.0,66120.0,67410.0,109486,176108
2023-05-04,66850.0,67320.0,66690.0,66920.0,69291,178647
2023-05-05,66810.0,67090.0,66220.0,66810.0,111863,183407
2023-05-08,66590.0,67500.0,66470.0,67470.0,100568,184240
2023-05-09,67570.0,67760.0,67040.0,67070.0,68922,179775
2023-05-10,67190.0,67510.0,67050.0,67240.0,63972,180997
2023-05-11,67000.0,67070.0,65240.0,65310.0,166462,199613
2023-05-12,64860.0,64890.0,63910.0,64610.0,201152,200643
2023-05-15,64880.0,65250.0,64390.0,64980.0,137408,188677
2023-05-16,65280.0,65360.0,64210.0,64360.0,110033,182484
2023-05-17,63990.0,64660.0,63990.0,64550.0,107421,170735
2023-05-18,65020.0,65970.0,65020.0,65760.0,115766,159084
2023-05-19,65360.0,65720.0,65030.0,65690.0,89451,144250
2023-05-22,65850.0,65980.0,64520.0,64860.0,127097,184574
2023-05-23,64950.0,65210.0,64160.0,64220.0,112878,193455
2023-05-24,64150.0,64480.0,63570.0,63850.0,152324,205909
2023-05-25,63720.0,63820.0,62690.0,63460.0,188009,214592
2023-05-26,63770.0,64630.0,63390.0,64630.0,168729,207582
2023-05-29,64730.0,65350.0,64520.0,65210.0,130619,198837
2023-05-30,65200.0,65380.0,64440.0,64800.0,110677,197547
2023-05-31,65100.0,65130.0,64550.0,64920.0,115592,196697
2023-06-01,64710.0,65830.0,64600.0,65720.0,136907,187263
2023-06-02,65520.0,66440.0,65470.0,66250.0,118310,186135
2023-06-05,66620.0,66670.0,65620.0,65770.0,96166,184023
2023-06-06,66270.0,66870.0,66080.0,66450.0,110022,188316
2023-06-07,66550.0,66990.0,66430.0,66540.0,75251,187635
2023-06-08,66840.0,67180.0,66420.0,66660.0,96463,186766
2023-06-09,66650.0,67110.0,66630.0,67080.0,79701,185269
2023-06-12,67410.0,67600.0,66750.0,66830.0,96011,184102
2023-06-13,66830.0,67460.0,66620.0,67340.0,83194,184708
2023-06-14,67870.0,68040.0,67600.0,67730.0,96278,188021
2023-06-15,68080.0,68200.0,67750.0,67850.0,72886,187863
2023-06-16,68250.0,68740.0,68140.0,68630.0,82411,187506
2023-06-19,68630.0,68800.0,68270.0,68450.0,75152,179713
2023-06-20,68660.0,68780.0,68350.0,68570.0,57709,173110
2023-06-21,68880.0,69370.0,68680.0,68930.0,86517,168109
2023-06-26,68430.0,68770.0,68230.0,68490.0,66071,153095
2023-06-27,68480.0,68670.0,68080.0,68460.0,61271,137770
2023-06-28,67820.0,67970.0,67600.0,67680.0,71765,189604
2023-06-29,67310.0,67460.0,67160.0,67230.0,78026,186515
2023-06-30,66800.0,67540.0,66720.0,67300.0,101176,184924
2023-07-03,67450.0,68470.0,67440.0,68260.0,84305,191113
2023-07-04,68290.0,68420.0,67960.0,68110.0,55895,192325
2023-07-05,67920.0,68070.0,67750.0,67760.0,46243,190735
2023-07-06,67650.0,68170.0,67620.0,67800.0,63372,191141
2023-07-07,67770.0,67970.0,67530.0,67610.0,64931,189293
2023-07-10,67790.0,68150.0,67660.0,67750.0,70296,194794
2023-07-11,67710.0,68340.0,67680.0,68130.0,78453,197410
2023-07-12,67780.0,67910.0,67520.0,67750.0,77680,189842
2023-07-13,68040.0,68710.0,68020.0,68610.0,93773,199600
2023-07-14,68970.0,69740.0,68880.0,69290.0,102369,206072
2023-07-17,69480.0,69540.0,68710.0,68740.0,80541,200090
2023-07-18,68270.0,68690.0,68130.0,68510.0,77716,183438
2023-07-19,68270.0,68790.0,68260.0,68760.0,54518,173878
2023-07-20,68450.0,68730.0,68340.0,68500.0,62899,167531
2023-07-21,68960.0,68970.0,68370.0,68720.0,60712,158713
2023-07-24,68410.0,68530.0,68250.0,68290.0,65921,146734
2023-07-25,68290.0,69100.0,68240.0,69040.0,63640,134718
2023-07-26,69260.0,69380.0,68940.0,69120.0,81761,187555
2023-07-27,68930.0,69470.0,68810.0,69000.0,82185,190916
2023-07-28,68880.0,69110.0,68700.0,69100.0,79752,184963
2023-07-31,69200.0,69790.0,69190.0,69530.0,111745,197823
2023-08-01,70200.0,70940.0,70050.0,70600.0,131791,211327
2023-08-02,70160.0,70260.0,69380.0,69420.0,122987,195149
2023-08-03,69100.0,69220.0,68770.0,68860.0,93548,185479
2023-08-04,68800.0,69660.0,68800.0,69350.0,83325,186799
2023-08-07,69020.0,69180.0,68800.0,69030.0,73848,183274
2023-08-08,69120.0,69230.0,68700.0,68730.0,76022,178702
2023-08-09,67800.0,68690.0,67740.0,68600.0,113385,171559
2023-08-10,68410.0,68730.0,68320.0,68590.0,64564,169282
2023-08-11,68750.0,68850.0,68180.0,68200.0,88030,167514
2023-08-14,67810.0,68180.0,67810.0,67940.0,87228,167072
2023-08-15,67960.0,68680.0,67950.0,68520.0,69397,165362
2023-08-16,68020.0,68190.0,67550.0,67550.0,101573,161395
2023-08-17,67560.0,68100.0,67560.0,67980.0,73080,153744
2023-08-18,68320.0,68550.0,67970.0,68000.0,62385,149437
2023-08-21,68120.0,68670.0,68010.0,68500.0,60816,143618
2023-08-22,68530.0,68850.0,68350.0,68670.0,54165,139300
2023-08-23,68760.0,69300.0,68760.0,69130.0,54902,136180
2023-08-24,69070.0,69320.0,68830.0,68870.0,77882,144637
2023-08-25,68740.0,69010.0,68650.0,68930.0,56301,146733
2023-08-28,69010.0,69390.0,68600.0,68900.0,93787,150042
2023-08-29,68940.0,69310.0,68870.0,69190.0,60273,153663
2023-08-30,69100.0,69510.0,68980.0,69380.0,73499,156770
2023-08-31,69570.0,69650.0,69280.0,69430.0,71401,159215
2023-09-01,69380.0,69730.0,69110.0,69730.0,78161,163818
2023-09-04,70150.0,70210.0,69270.0,69340.0,93689,164196
2023-09-05,69210.0,69490.0,69010.0,69050.0,58182,159579
2023-09-06,69410.0,69740.0,69320.0,69490.0,69558,159260
2023-09-07,69260.0,69360.0,68950.0,69220.0,69974,153952
2023-09-08,68890.0,68980.0,68700.0,68750.0,67197,151406
2023-09-11,68600.0,69100.0,68410.0,69080.0,73547,150046
2023-09-12,69230.0,69510.0,69180.0,69250.0,60132,153801
2023-09-13,69250.0,69290.0,69000.0,69130.0,54913,155341
2023-09-14,69160.0,69510.0,69020.0,69470.0,75177,161461
2023-09-15,69570.0,69920.0,69370.0,69780.0,73293,164082
2023-09-18,69490.0,69520.0,69210.0,69450.0,67094,154792
2023-09-19,69300.0,69350.0,68750.0,68790.0,81266,142679
2023-09-20,68660.0,68900.0,68600.0,68740.0,61669,129458
2023-09-21,68890.0,69110.0,68510.0,68510.0,64916,118675
2023-09-22,67500.0,68260.0,67500.0,68210.0,88901,98530
2023-09-25,68140.0,68170.0,67580.0,67670.0,66780,144076
2023-09-26,67800.0,67880.0,67170.0,67190.0,79275,153243
2023-09-27,67190.0,67440.0,66980.0,67000.0,69492,153555
2023-09-28,67110.0,67380.0,67000.0,67240.0,64133,152183
2023-10-09,67130.0,67480.0,67060.0,67400.0,56913,152139
2023-10-10,67200.0,67300.0,66400.0,66460.0,101575,159994
2023-10-11,66270.0,66950.0,66190.0,66930.0,82989,157541
2023-10-12,66680.0,66980.0,66510.0,66940.0,69661,157888
2023-10-13,66610.0,66750.0,66070.0,66470.0,75921,159851
2023-10-16,66420.0,66650.0,65890.0,66630.0,72639,157410
2023-10-17,66560.0,66580.0,65850.0,65880.0,74591,153845
2023-10-18,65880.0,66900.0,65880.0,66700.0,71175,140548
2023-10-19,66620.0,66780.0,66220.0,66470.0,53266,132392
2023-10-20,66650.0,66760.0,66090.0,66160.0,59692,124139
2023-10-23,66200.0,66350.0,65610.0,65640.0,72629,158801
2023-10-24,65920.0,66540.0,65820.0,66490.0,90268,154382
2023-10-25,66530.0,67100.0,66390.0,66920.0,94212,152260
2023-10-26,66800.0,66840.0,66370.0,66550.0,61403,152146
2023-10-27,66680.0,66910.0,66390.0,66880.0,68039,159279
2023-10-30,67120.0,67430.0,67100.0,67320.0,76609,157196
2023-10-31,67810.0,67840.0,67120.0,67310.0,75648,157289
2023-11-01,67330.0,67450.0,67080.0,67280.0,54200,153304
2023-11-02,67380.0,67700.0,67310.0,67410.0,57858,152858
2023-11-03,67530.0,67880.0,67440.0,67740.0,63980,154273
2023-11-06,67640.0,67650.0,67250.0,67590.0,66469,147938
2023-11-07,67680.0,67830.0,67380.0,67410.0,48628,146797
2023-11-08,67190.0,67530.0,67100.0,67500.0,59231,145930
2023-11-09,67400.0,67550.0,66980.0,67130.0,64158,144446
2023-11-10,67140.0,67450.0,67060.0,67230.0,55877,144325
2023-11-13,67030.0,67240.0,66720.0,67210.0,76929,144195
2023-11-14,67390.0,67580.0,67270.0,67480.0,55242,143730
2023-11-15,67550.0,67910.0,67530.0,67770.0,62834,143274
2023-11-16,67940.0,67990.0,67700.0,67850.0,53667,138657
2023-11-17,67870.0,68020.0,67500.0,67920.0,63246,135354
2023-11-20,67820.0,68070.0,67690.0,67920.0,53913,127674
2023-11-21,68010.0,68550.0,67880.0,68280.0,61025,119148
2023-11-22,68040.0,68250.0,67790.0,67930.0,65227,156407
2023-11-23,67840.0,67970.0,67540.0,67800.0,60802,154652
2023-11-24,67900.0,68140.0,67830.0,68050.0,47860,159674
2023-11-27,67990.0,68200.0,67730.0,68100.0,56665,163757
2023-11-28,68010.0,68010.0,67650.0,67700.0,58261,158996
2023-11-29,67890.0,68390.0,67870.0,68090.0,86512,166067
2023-11-30,68200.0,68330.0,67900.0,68220.0,67925,162935
2023-12-01,68000.0,68580.0,67960.0,68360.0,72800,166714
2023-12-04,68660.0,69150.0,68570.0,68580.0,76654,172379
2023-12-05,68380.0,68560.0,67760.0,67900.0,73962,160370
2023-12-06,67600.0,68070.0,67480.0,68050.0,68893,150052
2023-12-07,68050.0,68190.0,67200.0,67480.0,72090,149898
2023-12-08,67530.0,68100.0,67460.0,68000.0,49527,147362
2023-12-11,68260.0,68810.0,68180.0,68350.0,77157,153363
2023-12-12,67990.0,68190.0,67800.0,68170.0,54485,146253
2023-12-13,68050.0,68090.0,67730.0,67810.0,55157,144324
2023-12-14,67700.0,68290.0,67690.0,68200.0,56061,144764
2023-12-15,68800.0,68870.0,68500.0,68630.0,73620,146929
2023-12-18,68610.0,68750.0,68330.0,68650.0,50633,141267
2023-12-19,68520.0,68600.0,68350.0,68480.0,40674,131776
2023-12-20,68710.0,69270.0,68670.0,68990.0,62329,126016
2023-12-21,68820.0,68990.0,68600.0,68970.0,57960,145429
2023-12-22,68810.0,69290.0,68790.0,69040.0,73250,153500
2023-12-25,68960.0,69230.0,68900.0,69080.0,46120,154819
2023-12-26,69130.0,69380.0,69020.0,69330.0,45952,156087
2023-12-27,69230.0,69410.0,68960.0,69260.0,57255,155297
2023-12-28,69260.0,69870.0,69230.0,69340.0,73416,155925
2023-12-29,68970.0,69150.0,68810.0,68920.0,57435,144501
2024-01-02,68750.0,69050.0,68630.0,68960.0,31322,141057
2024-01-03,68670.0,68850.0,68500.0,68610.0,47949,135896
2024-01-04,68350.0,68690.0,68220.0,68390.0,55387,131273
2024-01-05,68200.0,68570.0,68120.0,68390.0,45301,126435
2024-01-08,68190.0,68550.0,68080.0,68280.0,54382,123648
2024-01-09,68090.0,68430.0,67930.0,68220.0,47529,125217
2024-01-10,67980.0,68180.0,67770.0,67810.0,59697,125294
2024-01-11,68010.0,68230.0,67670.0,68190.0,45167,118216
2024-01-12,68160.0,68300.0,67820.0,68200.0,41754,112517
2024-01-15,68010.0,68150.0,67640.0,67700.0,45996,108749
2024-01-16,67700.0,68010.0,67670.0,67810.0,40748,147095
2024-01-17,68020.0,68160.0,67690.0,67720.0,44842,148567
2024-01-18,67820.0,67890.0,67500.0,67870.0,52281,150362
2024-01-19,67580.0,67900.0,67380.0,67770.0,56108,150724
2024-01-22,68000.0,68160.0,67810.0,67910.0,52809,148520
2024-01-23,67880.0,68150.0,67720.0,68110.0,50812,149622
2024-01-24,68010.0,68400.0,68000.0,68380.0,51770,151823
2024-01-25,68900.0,69000.0,68760.0,68880.0,77862,153366
2024-01-26,69050.0,69130.0,68830.0,68870.0,53962,153260
2024-01-29,68910.0,69280.0,68740.0,68780.0,53617,151027
2024-01-30,68900.0,69210.0,68870.0,68980.0,43671,150596
2024-01-31,69110.0,69470.0,68960.0,69350.0,67161,153178
2024-02-01,69440.0,70000.0,68930.0,69000.0,77569,149376
2024-02-02,69030.0,69190.0,68520.0,68630.0,57392,139662
2024-02-05,68800.0,68850.0,68500.0,68540.0,44055,137295
2024-02-06,68360.0,68390.0,68000.0,68060.0,60918,131099
2024-02-07,68020.0,68240.0,67800.0,68140.0,44124,127953
2024-02-08,68140.0,68140.0,67630.0,67960.0,49203,124143
2024-02-19,68620.0,68670.0,68280.0,68340.0,37270,116037
2024-02-20,68500.0,68600.0,68220.0,68320.0,38151,108667
2024-02-21,68460.0,69000.0,68370.0,69000.0,46927,100070
2024-02-22,69230.0,69530.0,69060.0,69260.0,58000,150574
2024-02-23,69260.0,69550.0,69100.0,69370.0,54330,159131
2024-02-26,69060.0,69360.0,69010.0,69050.0,54816,156548
2024-02-27,68800.0,69030.0,68690.0,69000.0,50115,152272
2024-02-28,69070.0,69070.0,68740.0,68760.0,43547,151532
2024-02-29,68630.0,69010.0,68580.0,68990.0,50810,150856
2024-03-01,68870.0,69140.0,68860.0,68920.0,36561,146972
2024-03-04,68760.0,69240.0,68750.0,69170.0,48141,150556
2024-03-05,69300.0,69350.0,69010.0,69050.0,37013,148094
2024-03-06,69090.0,69200.0,68930.0,69080.0,30779,148420
2024-03-07,69200.0,69580.0,69110.0,69500.0,54273,154276
2024-03-08,69930.0,70230.0,69690.0,69990.0,85499,152099
2024-03-11,69580.0,69960.0,69310.0,69490.0,63684,147835
2024-03-12,69560.0,69920.0,69560.0,69900.0,50348,160203
2024-03-13,69960.0,70460.0,69580.0,70420.0,108688,182645
2024-03-14,71200.0,72470.0,71080.0,71570.0,208137,214126
2024-03-15,71600.0,73270.0,71550.0,73130.0,180312,230419
2024-03-18,72930.0,73440.0,72700.0,72830.0,168439,231671
2024-03-19,73130.0,73900.0,72510.0,72920.0,197326,225160
2024-03-20,72420.0,72890.0,72350.0,72620.0,101659,218643
2024-03-21,72230.0,73530.0,72080.0,73240.0,127570,221852
2024-03-22,72920.0,73060.0,72130.0,72290.0,117366,205497
2024-03-25,72180.0,72690.0,72150.0,72300.0,88788,200899
2024-03-26,72180.0,72570.0,71720.0,72000.0,101264,190762
2024-03-27,72250.0,72300.0,71860.0,72090.0,68992,189240
2024-03-28,71840.0,72660.0,71640.0,72500.0,101206,187803
2024-03-29,72310.0,72620.0,72060.0,72530.0,83310,178865
2024-04-01,72600.0,73190.0,72500.0,73100.0,75189,176465
2024-04-02,72880.0,73370.0,72840.0,73230.0,65008,177128
2024-04-03,73500.0,74050.0,73230.0,73980.0,85725,175202
2024-04-08,75210.0,76170.0,74370.0,75540.0,102129,173534
2024-04-09,76100.0,76850.0,75850.0,76130.0,139653,195142
2024-04-10,76720.0,77040.0,76060.0,76800.0,142517,204867
2024-04-11,76500.0,76650.0,75700.0,76270.0,164346,201063
2024-04-12,76280.0,76920.0,75830.0,76910.0,130576,202356
2024-04-15,77410.0,77940.0,76220.0,76970.0,209089,202182
2024-04-16,77290.0,77570.0,76520.0,76730.0,164855,201471
2024-04-17,76460.0,77010.0,76300.0,76920.0,103594,197905
2024-04-18,77290.0,78920.0,76840.0,78780.0,180560,211713
2024-04-19,78900.0,79840.0,78200.0,79370.0,219644,212612
2024-04-22,79700.0,81050.0,79430.0,79550.0,237282,209179
2024-04-23,79710.0,79730.0,77830.0,78020.0,213088,198082
2024-04-24,77930.0,79500.0,77650.0,79380.0,170770,200132
2024-04-25,79250.0,80200.0,78830.0,80160.0,163701,200833
2024-04-26,80660.0,81180.0,79810.0,81100.0,189872,199924
2024-04-29,80810.0,81110.0,80080.0,80940.0,165940,198020
2024-04-30,81130.0,82460.0,81100.0,82180.0,169346,198340
2024-05-06,80220.0,81340.0,80140.0,81300.0,72291,189547
2024-05-07,81300.0,81680.0,80490.0,80500.0,110143,187279
2024-05-08,80520.0,80890.0,79410.0,79540.0,116488,181336
2024-05-09,79470.0,80040.0,79420.0,79630.0,84973,179763
2024-05-10,79760.0,81040.0,79600.0,80970.0,105672,181386
2024-05-13,80640.0,81310.0,80210.0,81150.0,115798,180741
2024-05-14,81540.0,82440.0,81350.0,82280.0,105531,176263
2024-05-15,82090.0,82290.0,80950.0,81780.0,116250,171021
2024-05-16,82370.0,83000.0,81260.0,82600.0,174265,210670
2024-05-17,82720.0,84500.0,82410.0,84250.0,156518,228150
2024-05-20,84530.0,88940.0,84420.0,87670.0,308590,231426
2024-05-21,86670.0,88630.0,85860.0,87090.0,260075,223321
2024-05-22,87680.0,87960.0,85610.0,86220.0,216945,221296
2024-05-23,84500.0,85140.0,82760.0,83080.0,262268,213521
2024-05-24,83610.0,84400.0,83200.0,84050.0,180540,211017
2024-05-27,83750.0,84170.0,83450.0,83530.0,109092,207941
2024-05-28,83900.0,85400.0,83860.0,84600.0,155274,207025
2024-05-29,84870.0,85880.0,84130.0,85470.0,154485,208944
2024-05-30,84180.0,84870.0,82440.0,82860.0,214119,202769
2024-05-31,82000.0,82620.0,81650.0,82500.0,170470,191999
2024-06-03,82290.0,82680.0,81130.0,81510.0,170336,186521
2024-06-04,81960.0,82460.0,81600.0,81970.0,127696,182136
2024-06-05,80960.0,81060.0,80040.0,80060.0,148969,181823
2024-06-06,80330.0,81720.0,80090.0,81250.0,135385,177223
2024-06-07,81510.0,82440.0,81300.0,81530.0,115954,176830
2024-06-11,80620.0,80680.0,79600.0,79870.0,91327,173378
2024-06-12,79390.0,80260.0,79130.0,79880.0,99742,176575
2024-06-13,80650.0,81050.0,79210.0,80000.0,114966,176196
2024-06-14,80070.0,80200.0,79060.0,79550.0,84911,175528
2024-06-17,79410.0,79530.0,78110.0,78110.0,108427,170540
2024-06-18,78030.0,79060.0,77890.0,78370.0,92408,159899
2024-06-19,77800.0,79050.0,77760.0,79040.0,78388,151715
2024-06-20,79270.0,79980.0,78940.0,79390.0,73167,144108
2024-06-21,79670.0,80530.0,79300.0,79310.0,124040,167515
2024-06-24,78740.0,79180.0,78430.0,78670.0,110617,171438
2024-06-25,78740.0,79130.0,78540.0,78670.0,81704,172951
2024-06-26,78320.0,78560.0,77540.0,78480.0,141223,182545
2024-06-27,78420.0,78420.0,77420.0,77550.0,112717,181853
2024-06-28,78080.0,78530.0,77630.0,78370.0,136873,195709
2024-07-01,78690.0,79020.0,77880.0,78060.0,97636,193071
2024-07-02,78760.0,78960.0,78500.0,78690.0,82799,197638
2024-07-03,79140.0,79650.0,78660.0,79630.0,104313,201354
2024-07-04,79990.0,80520.0,79690.0,79870.0,101245,201865
2024-07-05,80360.0,80570.0,79830.0,80370.0,88754,200254
2024-07-08,80650.0,80800.0,79750.0,79930.0,100425,201766
2024-07-09,80470.0,80650.0,80020.0,80480.0,83755,200268
2024-07-10,80260.0,80340.0,79460.0,79580.0,96219,198504
2024-07-11,79970.0,80300.0,79780.0,79920.0,76401,195148
2024-07-12,79780.0,79900.0,78850.0,78950.0,102723,195294
2024-07-15,79600.0,80210.0,79260.0,79490.0,90689,190508
2024-07-16,79330.0,79740.0,79120.0,79280.0,63751,184424
2024-07-17,78730.0,78890.0,78280.0,78500.0,89498,173509
2024-07-18,78390.0,78500.0,77970.0,78380.0,76128,167635
2024-07-19,77380.0,77380.0,76300.0,76580.0,130721,151982
2024-07-22,76120.0,76610.0,75680.0,75760.0,127785,184074
2024-07-23,75390.0,75990.0,74710.0,74710.0,137158,183486
2024-07-24,74840.0,75210.0,74520.0,75000.0,116065,180573
2024-07-25,74800.0,74890.0,72800.0,73030.0,175351,180625
2024-07-26,73550.0,74670.0,73380.0,74150.0,163091,178280
2024-07-29,74250.0,74840.0,74030.0,74040.0,99233,176894
2024-07-30,73700.0,74010.0,73040.0,73420.0,133812,183525
2024-07-31,73040.0,74520.0,72740.0,74470.0,145936,182993
2024-08-01,74690.0,75490.0,74540.0,74780.0,127098,180951
2024-08-02,74510.0,74840.0,73240.0,73700.0,153789,182711
2024-08-05,73680.0,73980.0,72180.0,72210.0,191875,182229
2024-08-06,70800.0,72240.0,70590.0,70850.0,201624,176058
2024-08-07,70850.0,71970.0,70850.0,71390.0,141396,170925
2024-08-08,71400.0,71420.0,70630.0,70680.0,112695,174122
2024-08-09,70700.0,72150.0,70630.0,71670.0,130886,170245
2024-08-12,71750.0,72240.0,71310.0,72190.0,102225,169502
2024-08-13,72400.0,73220.0,72020.0,72280.0,124281,167635
2024-08-14,72200.0,72650.0,71650.0,72010.0,106501,164681
2024-08-15,72320.0,72860.0,71900.0,72830.0,100193,161453
2024-08-16,73340.0,74080.0,73090.0,73930.0,110704,154810
2024-08-19,73410.0,74230.0,72970.0,73900.0,103504,147705
2024-08-20,74050.0,74280.0,73630.0,73770.0,66514,137391
2024-08-21,74050.0,74120.0,73250.0,73910.0,65504,125400
2024-08-22,74000.0,74360.0,73580.0,73930.0,91359,153594
2024-08-23,73680.0,73820.0,73360.0,73500.0,85591,152504
2024-08-26,73650.0,75180.0,73470.0,75170.0,133984,163614
2024-08-27,74850.0,75230.0,74660.0,75010.0,87707,161333
2024-08-28,75240.0,75580.0,74560.0,74590.0,101876,165120
2024-08-29,74250.0,74530.0,73750.0,74200.0,98457,163501
2024-08-30,73820.0,74480.0,73550.0,74220.0,107315,168270
2024-09-02,74220.0,74220.0,73460.0,73610.0,92995,165620
2024-09-03,73500.0,73870.0,72860.0,72890.0,95688,169511
2024-09-04,72400.0,72520.0,71600.0,71700.0,132606,170412
2024-09-05,71960.0,72360.0,71520.0,71520.0,98080,166581
2024-09-06,72310.0,73080.0,72170.0,73050.0,125395,163661
2024-09-09,73000.0,73050.0,71660.0,72410.0,124545,158925
2024-09-10,72860.0,73370.0,72460.0,73110.0,101875,158833
2024-09-11,72870.0,73320.0,72240.0,73270.0,100152,157520
2024-09-12,73330.0,74010.0,72710.0,73830.0,99417,153761
2024-09-13,74030.0,74450.0,73720.0,73960.0,90765,148604
2024-09-18,74610.0,74770.0,74170.0,74510.0,60964,145207
2024-09-19,74810.0,75670.0,74350.0,75640.0,106572,139919
2024-09-20,75910.0,76110.0,75430.0,75840.0,94782,129143
2024-09-23,75790.0,75900.0,75130.0,75310.0,81991,117609
2024-09-24,75500.0,76780.0,75410.0,76760.0,81283,100524
2024-09-25,77150.0,78130.0,77010.0,77070.0,136433,169809
2024-09-26,77210.0,77820.0,76900.0,77740.0,121729,173541
2024-09-27,78470.0,79200.0,77880.0,78780.0,170618,179165
2024-09-30,78350.0,79460.0,78190.0,78830.0,152319,170549
2024-10-08,78980.0,79130.0,77280.0,77310.0,120683,165351
2024-10-09,77520.0,77970.0,77230.0,77560.0,103336,166052
2024-10-10,76880.0,77470.0,76460.0,76870.0,106234,162402
2024-10-11,76850.0,77620.0,76850.0,77220.0,85481,162123
2024-10-14,77370.0,78050.0,77160.0,77570.0,104943,162771
2024-10-15,77010.0,77340.0,76460.0,76520.0,105449,155968
2024-10-16,76340.0,76750.0,76220.0,76720.0,72691,146168
2024-10-17,76920.0,77370.0,75980.0,76020.0,83503,140156
2024-10-18,76300.0,77250.0,76110.0,76980.0,68413,130676
2024-10-21,77200.0,77740.0,76760.0,77620.0,64056,119404
2024-10-22,77650.0,77770.0,76620.0,77200.0,87118,161490
2024-10-23,77210.0,77280.0,76660.0,76720.0,64668,159876
2024-10-24,76230.0,77060.0,76100.0,77000.0,75854,157075
2024-10-25,76700.0,76800.0,76130.0,76390.0,94558,151858
2024-10-28,76520.0,76890.0,76430.0,76870.0,75301,152572
2024-10-29,76620.0,76780.0,76360.0,76500.0,71219,153839
2024-10-30,76660.0,77030.0,76320.0,76670.0,90549,155012
2024-10-31,76270.0,76770.0,76230.0,76540.0,79052,158178
2024-11-01,76670.0,76710.0,76100.0,76520.0,83212,159259
2024-11-04,76680.0,77670.0,76350.0,77430.0,123122,169211
2024-11-05,77060.0,77870.0,76960.0,77630.0,87306,169461
2024-11-06,77600.0,78170.0,76600.0,76770.0,123249,165392
2024-11-07,76060.0,76680.0,75520.0,76480.0,130402,155120
2024-11-08,76950.0,77730.0,76850.0,77100.0,101799,150641
2024-11-11,76480.0,76820.0,76360.0,76560.0,76313,148173
2024-11-12,76160.0,76240.0,75250.0,75310.0,92561,150056
2024-11-13,74820.0,75210.0,74180.0,74210.0,101916,153457
2024-11-14,74080.0,74430.0,73080.0,73170.0,109242,151192
2024-11-15,73150.0,74210.0,73050.0,73860.0,94376,143513
2024-11-18,74600.0,74630.0,73290.0,73760.0,91784,135538
2024-11-19,73550.0,74490.0,73510.0,74330.0,61065,126996
2024-11-20,73950.0,74720.0,73910.0,74550.0,58512,118614
2024-11-21,74580.0,74720.0,74280.0,74440.0,37943,110190
2024-11-22,74110.0,74250.0,73540.0,73760.0,74480,147722
2024-11-25,73400.0,74400.0,73390.0,74160.0,81223,147545
2024-11-26,74160.0,74210.0,73520.0,73740.0,69227,152473
2024-11-27,74020.0,74310.0,73620.0,74130.0,65505,153788
2024-11-28,74040.0,74080.0,73670.0,73770.0,68374,158998
2024-11-29,73550.0,74020.0,73510.0,73830.0,72135,161189
2024-12-02,73720.0,73920.0,73460.0,73720.0,73161,164177
2024-12-03,73810.0,74340.0,73800.0,74340.0,79943,164201
2024-12-04,74490.0,75150.0,74310.0,74750.0,94781,161589
2024-12-05,74490.0,74730.0,74230.0,74530.0,54167,155824
2024-12-06,74630.0,74900.0,74280.0,74730.0,55990,155452
2024-12-09,74850.0,75020.0,74580.0,74740.0,57705,154305
2024-12-10,75430.0,75740.0,75040.0,75130.0,83108,152182
2024-12-11,75160.0,75860.0,75120.0,75490.0,67848,151225
2024-12-12,75250.0,75550.0,75240.0,75440.0,58107,147370
2024-12-13,74990.0,75050.0,74520.0,74790.0,81968,143931
2024-12-16,74680.0,74870.0,74310.0,74390.0,58825,140213
2024-12-17,74440.0,74860.0,74280.0,74350.0,50474,134651
2024-12-18,74020.0,74230.0,73870.0,73930.0,55608,130290
2024-12-19,74250.0,74540.0,73610.0,73850.0,63431,123253
2024-12-20,73700.0,73920.0,73560.0,73820.0,53853,111595
2024-12-23,73690.0,74340.0,73560.0,74160.0,49515,135523
2024-12-24,74010.0,74090.0,73710.0,74060.0,36513,138513
2024-12-25,74060.0,74180.0,73900.0,74140.0,33023,139406
2024-12-26,74180.0,74300.0,74000.0,74040.0,31308,142789
2024-12-27,74580.0,74690.0,74070.0,74090.0,50883,148975
2024-12-30,73930.0,74360.0,73930.0,74270.0,45991,148342
2024-12-31,73960.0,74010.0,73640.0,73770.0,59990,153745
2025-01-02,73310.0,73440.0,73030.0,73280.0,48466,156644
2025-01-03,73130.0,73360.0,72780.0,72920.0,78918,160879
2025-01-06,73230.0,74130.0,73130.0,73600.0,75358,151602
2025-01-07,74530.0,74680.0,74110.0,74470.0,86609,145731
2025-01-08,74500.0,74580.0,74260.0,74480.0,44907,140801
2025-01-09,74300.0,74980.0,74220.0,74920.0,55090,141689
2025-01-10,75020.0,75370.0,74980.0,75270.0,54726,134594
2025-01-13,75370.0,75710.0,74980.0,75620.0,56641,143904
2025-01-14,75510.0,75630.0,75140.0,75530.0,39980,147967
2025-01-15,75500.0,75750.0,75030.0,75250.0,47252,149896
2025-01-16,75450.0,76320.0,75320.0,76260.0,87244,166512
2025-01-17,76300.0,76650.0,76070.0,76540.0,62606,170790
2025-01-20,76340.0,76380.0,75320.0,75400.0,83330,159849
2025-01-21,75350.0,75900.0,75150.0,75630.0,68085,161321
2025-01-22,75380.0,75760.0,75330.0,75520.0,48932,161921
2025-01-23,75580.0,75650.0,74920.0,74960.0,57034,162408
2025-01-24,75200.0,75870.0,75110.0,75870.0,58572,158934
2025-01-27,75950.0,76100.0,75200.0,75540.0,49668,153002
2025-02-05,75350.0,75530.0,75130.0,75290.0,38931,155433
2025-02-06,75080.0,76560.0,74840.0,76480.0,90598,166236
2025-02-07,76250.0,77360.0,76020.0,77250.0,81556,175018
2025-02-10,77360.0,77950.0,76950.0,77370.0,105092,183381
2025-02-11,77410.0,77650.0,76920.0,77150.0,68212,180965
2025-02-12,76750.0,77060.0,76530.0,77000.0,68470,181216
2025-02-13,77100.0,77730.0,76930.0,77560.0,74373,182755
2025-02-14,77500.0,78330.0,77120.0,78090.0,84534,183353
2025-02-17,78440.0,78580.0,76880.0,77030.0,102358,172458
2025-02-18,76740.0,77030.0,76620.0,76850.0,67057,161151
2025-02-19,76720.0,77370.0,76670.0,77080.0,55466,153266
2025-02-20,77670.0,77920.0,77280.0,77850.0,54306,168452
2025-02-21,77940.0,77940.0,77070.0,77170.0,57643,171131
2025-02-24,77350.0,77700.0,77190.0,77320.0,58130,172161
2025-02-25,77360.0,77580.0,76920.0,76950.0,69680,166938
2025-02-26,77200.0,77590.0,76530.0,77130.0,102757,168493
2025-02-27,77310.0,77350.0,76840.0,77070.0,65150,164799
2025-02-28,77140.0,77330.0,76720.0,76840.0,69895,163990
2025-03-03,76850.0,77380.0,76630.0,77050.0,68554,161179
2025-03-04,77190.0,77430.0,76900.0,76940.0,58841,161390
2025-03-05,76980.0,77550.0,76660.0,77510.0,90837,167221
2025-03-06,77980.0,78540.0,77640.0,78260.0,97420,172949
2025-03-07,78500.0,79280.0,78290.0,78320.0,98530,173475
2025-03-10,78440.0,78910.0,78150.0,78270.0,76092,166564
2025-03-11,78140.0,78320.0,77240.0,78030.0,81169,157265
2025-03-12,78420.0,79470.0,78270.0,79410.0,88703,168626
2025-03-13,79890.0,79970.0,79340.0,79450.0,88057,204102
2025-03-14,79480.0,80530.0,79340.0,80500.0,116927,230088
2025-03-17,80300.0,80570.0,79820.0,80520.0,86128,233226
2025-03-18,80270.0,80700.0,79970.0,80260.0,86854,233171
2025-03-19,80560.0,81070.0,80220.0,80890.0,89492,241712
2025-03-20,81060.0,81720.0,80850.0,81670.0,108947,251499
2025-03-21,81310.0,81810.0,80530.0,80610.0,135432,241118
2025-03-24,80530.0,81950.0,80190.0,81840.0,135447,250501
2025-03-25,82010.0,82110.0,81420.0,81910.0,116241,249339
2025-03-26,81960.0,83320.0,81660.0,82000.0,205765,247777
2025-03-27,81670.0,81970.0,81130.0,81560.0,145937,231970
2025-03-28,80930.0,81170.0,80370.0,80450.0,157849,213546
2025-03-31,80660.0,81190.0,79760.0,79950.0,154163,203722
2025-04-01,79860.0,80460.0,79430.0,80430.0,107658,198319
2025-04-02,79910.0,80220.0,79580.0,79890.0,97844,196039
2025-04-03,79840.0,79950.0,78660.0,78860.0,114839,187164
2025-04-07,73640.0,75500.0,73640.0,73640.0,173439,168026
2025-04-08,72580.0,74640.0,72580.0,73360.0,215027,160954
2025-04-09,73410.0,74010.0,71320.0,72130.0,197358,155202
2025-04-10,71790.0,75680.0,71690.0,75300.0,208660,150227
2025-04-11,74770.0,75340.0,74160.0,75230.0,142566,139941
2025-04-14,75480.0,76360.0,75050.0,76260.0,109848,153022
2025-04-15,76350.0,76490.0,75560.0,75870.0,87809,150069
2025-04-16,75500.0,76130.0,74900.0,75260.0,126227,160697
2025-04-17,75450.0,76190.0,75340.0,75780.0,112214,162109
2025-04-18,75800.0,76280.0,75550.0,76140.0,92413,163483
2025-04-21,76110.0,77360.0,75820.0,77290.0,122521,169592
2025-04-22,77400.0,77490.0,76550.0,77120.0,117256,166072
2025-04-23,77290.0,78520.0,77150.0,77890.0,137622,171055
2025-04-24,77960.0,78090.0,77330.0,77410.0,111572,166136
2025-04-25,77500.0,77980.0,77270.0,77440.0,110001,165933
2025-04-28,77510.0,77730.0,77010.0,77580.0,114074,165067
2025-04-29,77740.0,77760.0,77300.0,77600.0,79140,164818
2025-04-30,77950.0,77990.0,77180.0,77220.0,89554,168554
2025-05-06,77160.0,77970.0,77030.0,77600.0,83514,172625
2025-05-07,77830.0,78560.0,77610.0,77790.0,132768,179103
2025-05-08,77620.0,77980.0,77280.0,77330.0,116718,179692
2025-05-09,77540.0,78170.0,77370.0,77450.0,111450,181319
2025-05-12,77950.0,78280.0,77710.0,78260.0,125097,187730
2025-05-13,78080.0,78190.0,77620.0,78090.0,90871,181938
2025-05-14,77930.0,79050.0,77830.0,78940.0,112380,193911
2025-05-15,78900.0,79090.0,77860.0,77870.0,110170,186562
2025-05-16,78160.0,78610.0,78010.0,78140.0,72291,180490
2025-05-19,77920.0,78090.0,77540.0,77820.0,82406,171233
2025-05-20,77980.0,78180.0,77510.0,77540.0,66667,166058
2025-05-21,77880.0,78320.0,77720.0,78100.0,70990,163290
2025-05-22,78010.0,78060.0,77730.0,77920.0,61430,153060
2025-05-23,77730.0,78040.0,77600.0,77790.0,63688,152250
2025-05-26,77680.0,78480.0,77680.0,78270.0,71986,144941
2025-05-27,77740.0,78340.0,77710.0,77900.0,76542,161007
2025-05-28,78160.0,78240.0,77820.0,77870.0,73407,169462
2025-05-29,78010.0,78190.0,77700.0,78130.0,80153,174757
2025-05-30,78080.0,78100.0,77530.0,77600.0,87363,172994
2025-06-03,77920.0,78250.0,77390.0,77650.0,81917,182260
2025-06-04,77910.0,78400.0,77890.0,78200.0,111379,195214
2025-06-05,78050.0,78260.0,77960.0,78170.0,64095,193023
2025-06-06,78960.0,79180.0,78410.0,78930.0,128281,204118
2025-06-09,78580.0,78920.0,78480.0,78910.0,75321,202306
2025-06-10,78920.0,79470.0,78880.0,78880.0,86101,208685
2025-06-11,79150.0,79340.0,79030.0,79290.0,64136,209523
2025-06-12,78740.0,78880.0,78510.0,78610.0,85090,203273
2025-06-13,78600.0,78760.0,77800.0,78010.0,98873,193847
2025-06-16,77910.0,78650.0,77810.0,78550.0,76515,192243
2025-06-17,78640.0,78730.0,78420.0,78570.0,58265,184420
2025-06-18,78600.0,78870.0,78360.0,78860.0,57992,184366
2025-06-19,78640.0,78700.0,78230.0,78310.0,63315,175665
2025-06-20,78160.0,78480.0,77920.0,77990.0,65822,166882
2025-06-23,78480.0,78580.0,78170.0,78290.0,62777,157350
2025-06-24,78340.0,78690.0,78200.0,78640.0,57980,149902
2025-06-25,78330.0,78750.0,78130.0,78680.0,70559,172146
2025-06-26,78600.0,78930.0,78510.0,78890.0,77300,191140
2025-06-27,79360.0,80060.0,79320.0,79920.0,131695,215705
2025-06-30,79520.0,79990.0,79500.0,79870.0,100866,212911
2025-07-01,79630.0,80760.0,79560.0,80640.0,113449,223983
2025-07-02,80620.0,80930.0,80320.0,80540.0,101902,223122
2025-07-03,80560.0,80990.0,80530.0,80560.0,83386,224672
2025-07-04,80460.0,80760.0,79620.0,79730.0,100562,215738
2025-07-07,79810.0,79950.0,79120.0,79270.0,75314,204506
2025-07-08,79370.0,79690.0,79300.0,79620.0,61263,207382
2025-07-09,79590.0,80170.0,78270.0,78400.0,162594,193999
2025-07-10,78340.0,78680.0,78160.0,78600.0,99231,181068
2025-07-11,78700.0,78810.0,78370.0,78430.0,81666,178678
2025-07-14,78040.0,78520.0,78010.0,78400.0,79133,172200
2025-07-15,77900.0,78160.0,77700.0,78090.0,81646,169903
2025-07-16,77960.0,78160.0,77810.0,77980.0,60911,160457
2025-07-17,77810.0,78090.0,77760.0,77840.0,54251,153791
2025-07-18,77800.0,78590.0,77800.0,78410.0,63375,145429
2025-07-21,78500.0,79750.0,78490.0,79700.0,79555,137484
2025-07-22,79720.0,79880.0,79450.0,79740.0,73257,166726
2025-07-23,79830.0,80140.0,79510.0,79590.0,85548,172892
2025-07-24,79880.0,80020.0,79660.0,79890.0,73865,181496
2025-07-25,79520.0,79550.0,79140.0,79250.0,88141,180814
2025-07-28,79180.0,79300.0,78730.0,79000.0,75630,176073
2025-07-29,79130.0,79250.0,78810.0,78840.0,65404,173684
2025-07-30,78910.0,79240.0,78870.0,78930.0,55825,171689
2025-07-31,78640.0,78850.0,77950.0,78040.0,109011,176193
2025-08-01,78180.0,78800.0,77960.0,78400.0,80943,167666
2025-08-04,78380.0,78500.0,78030.0,78330.0,62389,163558
2025-08-05,78460.0,78590.0,78330.0,78580.0,42792,159866
2025-08-06,78170.0,78320.0,78050.0,78280.0,56389,158574
2025-08-07,78380.0,78490.0,78230.0,78460.0,42710,157601
2025-08-08,78420.0,78610.0,78320.0,78490.0,42906,156892
2025-08-11,78500.0,79170.0,78410.0,79020.0,69985,160884
2025-08-12,78750.0,79120.0,78750.0,79020.0,48485,156044
2025-08-13,79220.0,79510.0,79170.0,79380.0,52049,158877
2025-08-14,79290.0,79350.0,78880.0,78950.0,51734,152341
2025-08-15,78760.0,79210.0,78740.0,79060.0,50110,152557
2025-08-18,79060.0,79290.0,78860.0,78950.0,44808,147433
2025-08-19,78840.0,78980.0,78760.0,78890.0,39095,140357
2025-08-20,78690.0,78770.0,78500.0,78640.0,56126,135867
2025-08-21,78510.0,78770.0,78450.0,78510.0,35943,143385
2025-08-22,78580.0,78880.0,78540.0,78650.0,34848,148832
2025-08-25,78680.0,79860.0,78670.0,79690.0,87895,169761
2025-08-26,79600.0,79810.0,79040.0,79190.0,68825,175488
2025-08-27,79290.0,79580.0,79160.0,79190.0,57818,174953
2025-08-28,78820.0,79010.0,78650.0,78930.0,73403,168981
2025-08-29,78920.0,79630.0,78830.0,79410.0,71061,173666
2025-09-01,79670.0,79980.0,79460.0,79780.0,78481,180640
2025-09-02,79640.0,80020.0,79540.0,79660.0,61677,180065
2025-09-03,79500.0,80700.0,79470.0,80110.0,98971,192108
2025-09-04,80000.0,80430.0,79550.0,79770.0,77199,184021
2025-09-05,79680.0,80280.0,79620.0,80140.0,55357,187152
2025-09-08,80290.0,80410.0,79400.0,79650.0,90838,178303
2025-09-09,79690.0,79910.0,79530.0,79650.0,50660,174886
2025-09-10,79590.0,79930.0,79480.0,79790.0,55089,171912
2025-09-11,79950.0,80280.0,79870.0,80130.0,64691,174453
2025-09-12,80160.0,81190.0,80080.0,81060.0,91424,186876
2025-09-15,80750.0,81100.0,80570.0,80940.0,68817,179256
2025-09-16,80890.0,81530.0,80670.0,80880.0,88154,165216
2025-09-17,81060.0,81230.0,80350.0,80560.0,61934,179082
2025-09-18,79980.0,80030.0,79430.0,79580.0,89310,172604
2025-09-19,79680.0,80080.0,79510.0,79850.0,54113,173028
2025-09-22,79950.0,80350.0,79910.0,80160.0,63400,176962
2025-09-23,80080.0,80200.0,79820.0,79920.0,63199,173294
2025-09-24,79980.0,80130.0,79860.0,79960.0,51727,172444
2025-09-25,81000.0,82980.0,80750.0,82710.0,334893,238523
2025-09-26,82290.0,83090.0,82260.0,82470.0,174625,229050
2025-09-29,82270.0,82450.0,81640.0,82370.0,138440,213792
2025-09-30,82400.0,83820.0,82380.0,83110.0,156069,213859
2025-10-09,84610.0,87000.0,84610.0,86750.0,137816,221715
2025-10-10,87400.0,88090.0,85720.0,85910.0,212380,216114
2025-10-13,86600.0,86780.0,82630.0,85120.0,291371,201830
2025-10-14,85800.0,86790.0,84070.0,84410.0,210984,187566
2025-10-15,84120.0,86000.0,83870.0,85850.0,115060,208930
2025-10-16,85360.0,85450.0,84460.0,85070.0,108052,214147
2025-10-17,84530.0,85440.0,84220.0,84390.0,121050,215573
2025-10-20,84660.0,85980.0,84410.0,85380.0,158656,226910
2025-10-21,85220.0,85880.0,85220.0,85400.0,104758,231226
2025-10-22,85300.0,85420.0,84500.0,85420.0,112173,233361
2025-10-23,85280.0,86260.0,85100.0,86070.0,114909,248626
2025-10-24,86450.0,87860.0,86230.0,87720.0,174100,275672
2025-10-27,87050.0,88700.0,86940.0,88370.0,222986,293381
2025-10-28,88160.0,88400.0,86700.0,86980.0,235196,281300
2025-10-29,87220.0,88970.0,87210.0,88710.0,197681,290203
2025-10-30,88780.0,89270.0,87640.0,87960.0,254501,281460
2025-10-31,87380.0,87830.0,86530.0,87010.0,244420,258319
2025-11-03,87210.0,87450.0,86700.0,87300.0,150597,248762
2025-11-04,87430.0,87440.0,85480.0,85740.0,166742,227548
2025-11-05,85000.0,85960.0,84900.0,85670.0,142332,217024
2025-11-06,85550.0,86550.0,85400.0,86320.0,101243,211098
2025-11-07,86320.0,86450.0,85600.0,85940.0,91275,207136
2025-11-10,86110.0,86790.0,85750.0,86480.0,98089,204127
2025-11-11,86790.0,87050.0,86310.0,86630.0,74550,202371
2025-11-12,86590.0,87050.0,86350.0,86840.0,76287,200769
2025-11-13,87100.0,87700.0,86840.0,87550.0,102298,201007
2025-11-14,87650.0,87920.0,86710.0,86900.0,103655,192239
2025-11-17,86640.0,86900.0,85900.0,86450.0,101017,179902
2025-11-18,86440.0,86530.0,85540.0,85650.0,86195,164395
2025-11-19,85540.0,86250.0,85510.0,86110.0,73550,180544
2025-11-20,86540.0,86640.0,86100.0,86130.0,84357,187778
2025-11-21,86380.0,86630.0,85600.0,85660.0,98905,190218
2025-11-24,85750.0,86350.0,85670.0,86080.0,96239,192392
2025-11-25,86080.0,86840.0,85940.0,86600.0,86981,199582
2025-11-26,86750.0,87200.0,86250.0,86590.0,107153,204728
2025-11-27,87200.0,87300.0,86820.0,86990.0,95318,210684
2025-11-28,86800.0,87550.0,86580.0,87430.0,94508,218257
2025-12-01,87630.0,89650.0,87520.0,89280.0,189675,232702
2025-12-02,89410.0,89920.0,88330.0,88920.0,143305,225606
2025-12-03,89100.0,89450.0,88550.0,89210.0,125980,223978
2025-12-04,90070.0,91450.0,90050.0,90980.0,225331,234570
2025-12-05,90600.0,92910.0,90400.0,92780.0,188062,236494
2025-12-08,92520.0,93300.0,91690.0,92970.0,194923,230035
2025-12-09,92820.0,93050.0,90880.0,91090.0,190401,210572
2025-12-10,91400.0,92370.0,90710.0,91850.0,145793,200374
2025-12-11,92330.0,93120.0,91500.0,92310.0,117954,209963
2025-12-12,92930.0,94680.0,92620.0,94170.0,154054,222313
2025-12-15,93470.0,94500.0,90840.0,92490.0,228665,219829
2025-12-16,93500.0,93820.0,91340.0,91920.0,186991,217374
2025-12-17,92210.0,93270.0,91610.0,92820.0,149583,223974
2025-12-18,92830.0,93500.0,92110.0,92600.0,160058,231253
2025-12-19,92600.0,93400.0,91950.0,93180.0,172714,237633
2025-12-22,93540.0,94730.0,93400.0,94320.0,210008,246790
2025-12-23,94030.0,94290.0,93620.0,93930.0,138848,241085
2025-12-24,94850.0,96750.0,93820.0,96100.0,307141,258277
2025-12-25,95910.0,96530.0,94180.0,96210.0,248003,247747
2025-12-26,96410.0,99730.0,96280.0,98720.0,286978,252097
2025-12-29,98310.0,102660.0,98020.0,98860.0,517777,235503
2025-12-30,97020.0,99240.0,96010.0,98090.0,408708,219723
2025-12-31,98520.0,99800.0,97750.0,98240.0,293789,208246
2026-01-05,99450.0,101380.0,99150.0,101350.0,150947,216315
2026-01-06,100890.0,105490.0,100670.0,105320.0,291025,223636
2026-01-07,104480.0,105500.0,102330.0,103410.0,329686,215868
2026-01-08,103200.0,103560.0,100040.0,101220.0,303496,204090
2026-01-09,101670.0,101990.0,98840.0,101580.0,264076,206491
2026-01-12,102250.0,104100.0,101690.0,103980.0,198895,216003
2026-01-13,104500.0,104990.0,101970.0,102480.0,266762,220162
2026-01-14,103780.0,105650.0,102880.0,104120.0,342221,241222
2026-01-15,104350.0,104660.0,101080.0,102810.0,333840,235877
2026-01-16,103030.0,103500.0,100060.0,100770.0,322422,225933
2026-01-19,101030.0,101860.0,99620.0,101180.0,240253,217432
2026-01-20,101020.0,102000.0,100580.0,101230.0,176063,218898
2026-01-21,101020.0,101650.0,99210.0,101280.0,230318,223784
2026-01-22,100550.0,101410.0,99900.0,100700.0,174028,222467
2026-01-23,99800.0,101710.0,99440.0,101340.0,232815,231437
2026-01-26,102800.0,103880.0,101760.0,101880.0,279862,228979
2026-01-27,103260.0,104100.0,101580.0,102600.0,245677,229741
2026-01-28,101900.0,103600.0,100700.0,103060.0,240397,227436
2026-01-29,102540.0,110970.0,102260.0,109110.0,452677,242777
2026-01-30,110310.0,114160.0,102600.0,103680.0,789995,222932
2026-02-02,104200.0,105080.0,98580.0,98580.0,422325,194809
2026-02-03,101490.0,104840.0,99400.0,104500.0,375239,191887
2026-02-04,104950.0,105810.0,103730.0,105160.0,241402,192868
2026-02-05,104000.0,104700.0,100470.0,100980.0,285586,182336
2026-02-06,100430.0,101420.0,97920.0,100100.0,267255,175306
2026-02-09,101000.0,102560.0,100340.0,101840.0,162231,169612
2026-02-10,101740.0,102500.0,101280.0,101560.0,101125,159669
2026-02-11,101660.0,102530.0,101510.0,102180.0,94532,158251
2026-02-12,103620.0,103730.0,101840.0,102330.0,114304,147579
2026-02-13,102310.0,102670.0,99610.0,100630.0,95086,150198
2026-02-24,101010.0,102700.0,100580.0,101810.0,67828,158222
2026-02-25,101910.0,103160.0,101510.0,102890.0,110606,173508
2026-02-26,102880.0,103250.0,101920.0,102670.0,105699,184694
2026-02-27,102670.0,104170.0,101780.0,103920.0,157481,203798
2026-03-02,104230.0,104540.0,102360.0,103850.0,175311,199587
2026-03-03,103320.0,103630.0,101270.0,102100.0,177854,197898
2026-03-04,100530.0,102400.0,100200.0,101660.0,162954,194959
2026-03-05,101640.0,102290.0,100330.0,101080.0,138725,201141
2026-03-06,100440.0,101550.0,100030.0,101050.0,127018,195682
2026-03-09,100250.0,100820.0,98370.0,100190.0,194918,199857
2026-03-10,100230.0,101980.0,100050.0,101520.0,115758,194900
2026-03-11,101430.0,101930.0,101000.0,101150.0,75875,192661
2026-03-12,100100.0,101430.0,100100.0,101010.0,87960,192388
2026-03-13,101240.0,101250.0,100080.0,100310.0,85149,190853
2026-03-16,100520.0,100760.0,98740.0,99720.0,128646,193339
2026-03-17,100020.0,100530.0,99260.0,99340.0,87084,178968
2026-03-18,99400.0,99590.0,98030.0,98610.0,107181,188324
2026-03-19,98000.0,98000.0,93820.0,94420.0,205963,203327
2026-03-20,92500.0,96400.0,91820.0,94740.0,243335,201181
2026-03-23,94510.0,94740.0,91500.0,92100.0,215827,204413
2026-03-24,95010.0,95920.0,93050.0,94030.0,197987,198395
2026-03-25,93600.0,96380.0,93480.0,95590.0,134036,192458
2026-03-26,95950.0,96590.0,94680.0,95350.0,111761,190325
2026-03-27,95350.0,96560.0,94950.0,95930.0,105662,187395
2026-03-30,95080.0,96000.0,94750.0,95760.0,100141,185274
2026-03-31,96100.0,96240.0,95150.0,95340.0,96875,185747
2026-04-01,95730.0,97250.0,95550.0,97030.0,115642,186251
2026-04-02,96300.0,96970.0,95540.0,95880.0,103681,182641
2026-04-03,95660.0,96680.0,95300.0,96250.0,73114,177358
2026-04-07,96350.0,97040.0,96230.0,96560.0,48055,176030
2026-04-08,96040.0,98430.0,95540.0,98220.0,111357,180989
2026-04-09,98080.0,98500.0,97370.0,97810.0,79506,174834
2026-04-10,97820.0,98750.0,97720.0,98440.0,71304,174447
2026-04-13,99200.0,99760.0,98450.0,99610.0,111054,171677
2026-04-14,99760.0,101450.0,99520.0,101190.0,112521,168152
2026-04-15,101580.0,103130.0,101580.0,102090.0,114327,159604
2026-04-16,101960.0,102820.0,101830.0,102720.0,65698,173446
2026-04-17,102350.0,102510.0,101650.0,102330.0,67485,176222
2026-04-20,102700.0,103240.0,101820.0,102620.0,132365,196798
2026-04-21,102500.0,102830.0,101930.0,102140.0,82517,199316
2026-04-22,102300.0,102810.0,102060.0,102640.0,82957,204017
2026-04-23,102620.0,104160.0,102140.0,102780.0,167198,216998
2026-04-24,102820.0,103620.0,102250.0,102460.0,106012,210600
2026-04-27,102650.0,103380.0,102600.0,102800.0,99257,212045
2026-04-28,102540.0,102660.0,101830.0,102260.0,101086,202834
2026-04-29,101020.0,101940.0,100620.0,101630.0,104746,195727
2026-04-30,101190.0,101500.0,100770.0,101030.0,92731,190887
2026-05-06,101780.0,102950.0,101730.0,102660.0,60022,199322
2026-05-07,103350.0,103400.0,102630.0,103000.0,83627,199411
2026-05-08,103300.0,104900.0,102560.0,104550.0,153717,209455
2026-05-11,104500.0,104840.0,103690.0,104620.0,118162,203909
2026-05-12,105500.0,108400.0,105390.0,106510.0,166852,206430
2026-05-13,107000.0,108900.0,106840.0,108510.0,177518,203870
2026-05-14,108110.0,108820.0,106540.0,106750.0,147295,187717
2026-05-15,107250.0,107320.0,104690.0,104710.0,161082,170485
2026-05-18,104050.0,104760.0,103300.0,104330.0,113917,156868
2026-05-19,104480.0,104950.0,103840.0,104530.0,83939,146640
2026-05-20,104090.0,104240.0,103000.0,103980.0,78028,151632
2026-05-21,104060.0,105660.0,103880.0,104040.0,103523,160365
2026-05-22,104000.0,105300.0,103620.0,104870.0,96264,171627
2026-05-25,104870.0,106180.0,104420.0,105650.0,92937,181754
2026-05-26,106300.0,106300.0,104550.0,104960.0,95892,181888
2026-05-27,104690.0,105450.0,104520.0,104680.0,85477,181426
2026-05-28,104470.0,104670.0,103520.0,104150.0,104119,177041
2026-05-29,104450.0,105500.0,104100.0,105000.0,94861,179433
2026-06-01,104630.0,105030.0,104220.0,104680.0,71092,177344
2026-06-02,105850.0,106720.0,105090.0,106620.0,125206,191341
2026-06-03,106720.0,107420.0,106080.0,106380.0,105625,187857
2026-06-04,106360.0,106540.0,104800.0,105150.0,102680,177479
2026-06-05,106080.0,106810.0,104900.0,105150.0,110386,173561
2026-06-08,104790.0,105000.0,103350.0,104120.0,133752,163456
2026-06-09,104780.0,104870.0,103900.0,104650.0,83818,161014
2026-06-10,105210.0,105680.0,103600.0,104110.0,117195,159899
2026-06-11,103500.0,104340.0,102640.0,103160.0,119741,152405
2026-06-12,103280.0,105110.0,103010.0,104660.0,97909,149144
2026-06-15,104280.0,106000.0,104220.0,105590.0,84449,148486
2026-06-16,105490.0,105700.0,104450.0,104610.0,74955,135351
2026-06-17,105180.0,105750.0,104940.0,105470.0,48888,143434
2026-06-18,105540.0,105700.0,104500.0,104860.0,61120,146280
2026-06-22,104660.0,105370.0,104300.0,105000.0,43535,147012
2026-06-23,105200.0,105280.0,103350.0,103580.0,74840,148166
2026-06-24,103100.0,103920.0,102820.0,103550.0,97561,156327
2026-06-25,102200.0,102260.0,100500.0,101220.0,160226,164606
2026-06-26,102180.0,102600.0,101140.0,101560.0,119672,159247
2026-06-29,102240.0,103430.0,102020.0,103160.0,105473,154334
2026-06-30,102710.0,103340.0,101850.0,103290.0,88240,155574
2026-07-01,102870.0,103420.0,101780.0,101920.0,84616,154212
2026-07-02,101830.0,102930.0,101640.0,101950.0,88329,155464
2026-07-03,102470.0,103240.0,102280.0,102980.0,80011,152135
2026-07-06,102710.0,103560.0,102700.0,102960.0,60586,151621
2026-07-07,102630.0,103270.0,102600.0,102970.0,58519,148515
2026-07-08,103080.0,103500.0,102720.0,102850.0,67529,149665
2026-07-09,101890.0,103210.0,101640.0,103160.0,90906,153942
2026-07-10,103750.0,104250.0,103410.0,103710.0,82888,149334
2026-07-13,103500.0,104230.0,102800.0,103060.0,52760,165332
2026-07-14,103890.0,104550.0,103570.0,104340.0,74063,177778
2026-07-15,104600.0,105110.0,103940.0,104140.0,72344,184297
2026-07-16,104570.0,104620.0,103840.0,104350.0,49016,185475
2026-07-17,104080.0,104450.0,103200.0,103370.0,69929,180123
