date,open,high,low,close,volume
2015-01-02,28.06,28.59,28.01,28.44,1257200.0
2015-01-05,27.91,27.97,26.9,27.04,1880100.0
2015-01-06,27.04,27.48,26.98,27.07,2306300.0
2015-01-07,27.14,27.67,26.98,27.54,1296000.0
2015-01-08,27.8,28.42,27.67,28.33,1166400.0
2015-01-09,28.35,28.55,28.23,28.38,882200.0
2015-01-12,27.92,28.1,27.3,27.89,1826300.0
2015-01-13,27.53,27.72,26.28,26.55,3595300.0
2015-01-14,24.85,25.64,23.6,25.56,8284100.0
2015-01-15,25.95,26.26,25.39,25.68,3496100.0
2015-01-16,25.9,27.19,25.83,27.09,3678300.0
2015-01-20,27.0,27.16,26.69,27.05,2283900.0
2015-01-21,27.06,27.88,26.92,27.81,1926500.0
2015-01-22,28.09,28.49,28.04,28.27,1693700.0
2015-01-23,27.66,27.81,27.09,27.12,1885400.0
2015-01-26,27.0,27.9,26.84,27.66,1730800.0
2015-01-27,26.45,27.3,26.4,26.98,2669300.0
2015-01-28,26.95,27.4,26.64,26.7,1678100.0
2015-01-29,26.66,26.73,26.13,26.62,1993200.0
2015-01-30,26.37,27.64,26.15,27.28,3026700.0
2015-02-02,27.47,27.87,27.04,27.37,2338600.0
2015-02-03,27.98,28.94,27.97,28.9,3437800.0
2015-02-04,28.56,29.89,28.49,29.22,3327600.0
2015-02-05,29.07,29.86,28.68,29.74,2693900.0
2015-02-06,29.18,29.55,29.07,29.13,1772000.0
2015-02-09,29.19,29.85,29.09,29.59,1267000.0
2015-02-10,29.35,29.7,29.06,29.54,1900300.0
2015-02-11,29.42,29.47,28.85,29.27,2591900.0
2015-02-12,29.76,30.15,29.7,30.13,1716300.0
2015-02-13,30.43,30.95,30.19,30.43,1478200.0
2015-02-17,30.06,30.68,30.03,30.46,1255100.0
2015-02-18,30.4,30.95,30.3,30.72,1181600.0
2015-02-19,30.48,30.54,30.09,30.18,1194900.0
2015-02-20,30.1,30.3,30.04,30.2,1042600.0
2015-02-23,29.8,30.18,29.62,30.08,1289900.0
2015-02-24,30.4,30.52,30.03,30.07,1313500.0
2015-02-25,30.19,30.21,29.9,30.07,1078300.0
2015-02-26,30.2,30.27,29.86,29.91,1324800.0
2015-02-27,30.07,30.28,29.77,29.77,1613300.0
2015-03-02,29.72,30.29,29.56,29.82,1741600.0
2015-03-03,29.81,30.07,29.53,29.56,1175700.0
2015-03-04,29.21,29.92,29.08,29.82,1347700.0
2015-03-05,29.7,30.1,29.41,29.46,1612300.0
2015-03-06,28.82,29.07,28.58,28.84,1810100.0
2015-03-09,28.94,29.1,28.64,28.9,1436900.0
2015-03-10,28.47,28.89,28.13,28.33,1892800.0
2015-03-11,28.32,29.02,27.94,28.91,1794500.0
2015-03-12,29.44,29.84,29.11,29.21,1945100.0
2015-03-13,29.03,29.09,28.52,28.98,1307000.0
2015-03-16,29.05,29.23,28.7,28.99,1008500.0
2015-03-17,28.8,29.4,28.8,29.18,1084600.0
2015-03-18,28.78,29.74,28.75,29.6,1526900.0
2015-03-19,29.49,29.66,29.23,29.41,1158200.0
2015-03-20,29.73,30.52,29.71,30.03,2840100.0
2015-03-23,30.33,30.49,29.88,30.39,1522300.0
2015-03-24,30.37,30.73,29.9,30.07,1800200.0
2015-03-25,30.32,30.37,29.66,29.66,1655000.0
2015-03-26,29.71,30.15,29.35,29.41,1631100.0
2015-03-27,29.13,29.3,28.01,28.33,3916400.0
2015-03-30,28.37,29.76,28.33,29.59,2133300.0
2015-03-31,28.98,29.26,28.79,29.18,1435700.0
2015-04-01,29.2,29.54,28.81,28.91,1509700.0
2015-04-02,28.71,29.21,28.7,29.18,948100.0
2015-04-06,29.42,29.67,29.27,29.52,1003900.0
2015-04-07,29.49,29.69,29.34,29.43,1030600.0
2015-04-08,29.85,29.91,29.46,29.51,784900.0
2015-04-09,29.3,29.46,29.05,29.08,1266900.0
2015-04-10,29.11,29.35,28.82,29.04,1508600.0
2015-04-13,29.11,29.25,28.72,28.99,1538300.0
2015-04-14,29.46,29.56,28.89,29.36,1161900.0
2015-04-15,29.44,30.14,29.32,30.05,1721800.0
2015-04-16,30.21,30.21,29.77,30.06,1040900.0
2015-04-17,29.87,30.09,29.8,30.0,1034300.0
2015-04-20,29.93,30.28,29.93,30.0,863600.0
2015-04-21,30.01,30.03,29.37,29.5,847900.0
2015-04-22,29.73,29.88,29.48,29.84,672600.0
2015-04-23,29.46,30.25,29.41,30.14,1028000.0
2015-04-24,30.48,30.98,30.42,30.94,2002100.0
2015-04-27,31.0,31.74,30.97,31.35,1872400.0
2015-04-28,31.63,32.35,31.59,32.32,2224400.0
2015-04-29,32.07,32.57,31.88,32.38,1643100.0
2015-04-30,32.12,32.79,31.92,32.58,2176900.0
2015-05-01,32.87,33.31,32.8,33.14,1320100.0
2015-05-04,33.3,33.3,32.62,32.64,1502200.0
2015-05-05,32.78,33.01,32.63,32.95,1770300.0
2015-05-06,33.0,33.12,32.46,32.63,1129800.0
2015-05-07,32.17,32.33,31.86,32.21,1469500.0
2015-05-08,32.5,32.71,32.1,32.45,1758500.0
2015-05-11,32.48,32.51,32.1,32.21,1025300.0
2015-05-12,32.18,32.87,31.98,32.36,2239500.0
2015-05-13,32.41,32.83,32.31,32.41,999100.0
2015-05-14,32.69,33.04,32.47,33.0,1220300.0
2015-05-15,32.96,32.98,32.47,32.79,1015200.0
2015-05-18,32.36,32.52,32.04,32.23,1293600.0
2015-05-19,31.78,31.98,31.4,31.66,1261900.0
2015-05-20,31.74,32.35,31.74,32.12,1144700.0
2015-05-21,32.2,32.22,31.41,31.51,949300.0
2015-05-22,31.44,31.64,31.18,31.37,803000.0
2015-05-26,31.13,31.19,30.59,30.67,913800.0
2015-05-27,30.52,30.78,30.46,30.73,1226600.0
2015-05-28,30.73,30.73,30.22,30.5,866500.0
2015-05-29,30.46,30.76,30.01,30.02,1635000.0
2015-06-01,30.05,30.31,29.73,30.07,1051000.0
2015-06-02,30.13,31.23,30.13,30.9,1172700.0
2015-06-03,31.01,31.14,30.52,30.67,929100.0
2015-06-04,30.4,30.64,30.19,30.36,504500.0
2015-06-05,30.23,30.73,30.05,30.4,833200.0
2015-06-08,30.34,30.43,30.09,30.24,822100.0
2015-06-09,30.31,30.72,30.18,30.37,696600.0
2015-06-10,31.15,31.29,30.62,30.71,793300.0
2015-06-11,30.67,30.79,30.22,30.46,1414600.0
2015-06-12,30.45,30.8,30.33,30.71,566200.0
2015-06-15,30.2,30.35,29.99,30.15,1177700.0
2015-06-16,30.22,30.83,30.15,30.74,984800.0
2015-06-17,30.8,30.8,30.1,30.49,1020900.0
2015-06-18,30.72,31.35,30.59,31.28,938800.0
2015-06-19,31.05,31.05,30.11,30.15,1403500.0
2015-06-22,30.17,30.31,29.9,29.98,1113900.0
2015-06-23,30.08,30.44,29.87,30.15,1418900.0
2015-06-24,30.4,31.33,30.4,31.06,1701700.0
2015-06-25,31.0,31.21,30.31,30.33,1186700.0
2015-06-26,30.33,30.65,30.14,30.55,2684500.0
2015-06-29,30.22,30.59,30.17,30.2,804900.0
2015-06-30,30.2,30.26,29.29,29.41,2106000.0
2015-07-01,29.44,29.52,29.05,29.24,1333100.0
2015-07-02,29.39,29.62,29.15,29.56,1335900.0
2015-07-06,28.87,29.48,28.85,29.06,1485000.0
2015-07-07,28.45,29.02,27.54,28.91,2280000.0
2015-07-08,28.77,29.17,28.23,28.28,1610400.0
2015-07-09,28.6,28.92,28.16,28.16,940400.0
2015-07-10,28.75,28.98,28.4,28.48,778800.0
2015-07-13,28.56,29.4,28.39,29.32,832300.0
2015-07-14,29.18,29.29,28.83,29.2,1361100.0
2015-07-15,29.13,29.13,28.79,28.92,1126000.0
2015-07-16,29.07,29.33,28.89,28.97,1081100.0
2015-07-17,28.71,28.87,28.18,28.46,1297200.0
2015-07-20,28.06,28.41,27.79,27.83,969700.0
2015-07-21,27.97,28.8,27.88,28.35,1726700.0
2015-07-22,27.8,28.25,27.57,27.71,1915800.0
2015-07-23,27.86,28.01,26.92,27.42,2397700.0
2015-07-24,27.13,27.15,26.4,26.95,3484500.0
2015-07-27,26.39,27.0,26.03,26.09,1928800.0
2015-07-28,26.48,27.58,26.07,27.3,2410600.0
2015-07-29,27.2,28.12,27.06,27.95,2203400.0
2015-07-30,27.91,27.92,27.11,27.4,2259800.0
2015-07-31,27.76,28.06,27.41,27.86,1356200.0
2015-08-03,27.57,27.81,27.01,27.08,1873400.0
2015-08-04,27.44,27.91,27.38,27.81,1766900.0
2015-08-05,28.05,28.4,27.5,27.52,2473100.0
2015-08-06,27.38,28.21,27.16,28.19,1850300.0
2015-08-07,27.96,28.32,27.38,27.5,1581000.0
2015-08-10,27.4,28.84,27.22,28.67,1573300.0
2015-08-11,27.94,27.94,26.97,27.66,2299600.0
2015-08-12,27.33,27.78,27.2,27.73,2234600.0
2015-08-13,27.52,27.77,27.26,27.41,1817400.0
2015-08-14,27.45,27.82,27.24,27.61,1500400.0
2015-08-17,27.42,27.76,27.21,27.67,1172500.0
2015-08-18,27.25,27.28,26.29,26.99,2755500.0
2015-08-19,26.46,26.95,26.23,26.69,2470100.0
2015-08-20,26.87,27.21,26.66,26.69,1540600.0
2015-08-21,26.56,26.84,25.87,25.9,2116700.0
2015-08-24,23.81,25.78,23.41,24.87,5703800.0
2015-08-25,25.83,25.84,24.48,24.51,2607800.0
2015-08-26,25.03,25.09,23.91,24.4,3245000.0
2015-08-27,24.98,27.39,24.8,26.93,4033600.0
2015-08-28,26.95,27.91,26.94,27.35,2537000.0
2015-08-31,26.08,26.98,25.7,26.66,3143600.0
2015-09-01,25.6,26.14,25.33,25.44,2562100.0
2015-09-02,26.07,26.47,25.5,26.44,2122700.0
2015-09-03,26.47,27.66,26.47,27.15,1852300.0
2015-09-04,26.51,27.1,26.19,26.37,1359800.0
2015-09-08,27.49,27.84,27.02,27.74,1841100.0
2015-09-09,28.39,28.81,27.4,27.51,1961100.0
2015-09-10,27.74,28.2,27.47,28.14,1808800.0
2015-09-11,28.09,28.2,27.72,28.19,1062700.0
2015-09-14,27.97,28.15,27.41,27.71,1486000.0
2015-09-15,27.69,28.25,27.56,27.84,1933400.0
2015-09-16,27.95,28.5,27.95,28.27,1703800.0
2015-09-17,28.11,28.78,28.0,28.17,1521900.0
2015-09-18,27.68,27.77,27.06,27.13,2966500.0
2015-09-21,27.29,27.36,26.93,27.04,1102700.0
2015-09-22,26.26,26.94,25.95,26.66,2180900.0
2015-09-23,26.79,26.88,26.31,26.37,1511600.0
2015-09-24,26.07,26.97,26.01,26.86,1684400.0
2015-09-25,26.99,27.16,26.5,26.67,1601300.0
2015-09-28,25.93,26.08,25.57,25.88,2035100.0
2015-09-29,25.85,26.12,25.56,26.09,1946400.0
2015-09-30,26.59,26.79,26.14,26.72,1956400.0
2015-10-01,27.22,27.62,26.77,27.21,2084100.0
2015-10-02,27.09,27.61,26.75,27.61,1872700.0
2015-10-05,27.81,28.41,27.7,28.35,1312100.0
2015-10-06,28.07,28.9,28.04,28.68,2009500.0
2015-10-07,29.53,29.68,28.69,28.89,1995400.0
2015-10-08,28.88,29.12,28.37,28.93,2155500.0
2015-10-09,29.65,30.23,29.57,30.16,2722000.0
2015-10-12,30.25,30.25,29.31,29.84,1436500.0
2015-10-13,29.36,29.72,29.03,29.36,1043100.0
2015-10-14,29.58,29.77,29.21,29.41,1199800.0
2015-10-15,29.2,29.46,29.02,29.35,1212700.0
2015-10-16,29.27,29.27,28.62,28.77,1160500.0
2015-10-19,28.45,28.79,28.19,28.48,1380300.0
2015-10-20,28.42,28.71,28.13,28.54,1305700.0
2015-10-21,28.63,28.75,28.02,28.07,1058400.0
2015-10-22,28.1,28.76,28.1,28.44,1065500.0
2015-10-23,28.88,29.28,28.67,29.0,1451400.0
2015-10-26,29.02,29.17,28.52,28.59,876700.0
2015-10-27,28.33,28.48,27.98,28.16,1166100.0
2015-10-28,27.87,28.67,27.66,28.07,1490500.0
2015-10-29,27.88,28.02,27.53,27.63,1068600.0
2015-10-30,27.68,28.04,27.49,27.76,1127800.0
2015-11-02,27.55,28.15,27.34,28.04,1122000.0
2015-11-03,27.88,28.44,27.82,28.15,1227200.0
2015-11-04,28.31,28.37,27.64,27.86,1285900.0
2015-11-05,27.6,27.7,27.25,27.61,1322200.0
2015-11-06,26.87,27.2,26.73,26.95,1545400.0
2015-11-09,26.82,26.95,26.1,26.67,1673800.0
2015-11-10,26.49,26.96,26.47,26.8,1632300.0
2015-11-11,26.9,26.98,26.35,26.62,1158200.0
2015-11-12,26.16,26.39,25.92,26.18,1907800.0
2015-11-13,26.29,26.42,25.88,26.1,1505700.0
2015-11-16,26.09,26.31,25.69,25.78,1785100.0
2015-11-17,25.8,25.8,25.12,25.62,2087600.0
2015-11-18,25.9,26.45,25.62,26.37,2151200.0
2015-11-19,26.5,27.25,26.5,26.75,2109400.0
2015-11-20,27.0,27.58,26.77,27.34,2747200.0
2015-11-23,27.19,27.24,25.98,26.0,3120100.0
2015-11-24,26.05,26.38,25.93,26.07,3052700.0
2015-11-25,25.98,26.09,25.34,25.69,1637300.0
2015-11-27,25.58,25.95,25.51,25.68,766200.0
2015-11-30,25.8,26.23,25.6,25.73,2074400.0
2015-12-01,25.74,26.17,25.51,26.14,1676000.0
2015-12-02,25.95,26.08,25.21,25.25,2204400.0
2015-12-03,25.46,25.77,25.25,25.68,1778000.0
2015-12-04,25.75,26.84,25.66,26.79,1986100.0
2015-12-07,26.48,26.53,25.82,25.96,1395200.0
2015-12-08,25.2,25.37,24.78,24.8,2459000.0
2015-12-09,25.07,25.79,24.91,25.21,1356600.0
2015-12-10,25.2,25.62,24.99,25.33,1066600.0
2015-12-11,25.03,25.54,24.75,24.9,1453500.0
2015-12-14,24.76,25.28,24.53,25.03,1387900.0
2015-12-15,25.24,25.67,25.17,25.45,1606300.0
2015-12-16,25.56,25.94,25.48,25.71,1783000.0
2015-12-17,25.18,25.36,24.62,24.94,1664700.0
2015-12-18,25.01,25.36,24.83,24.89,1915200.0
2015-12-21,25.07,25.21,24.3,24.45,1969000.0
2015-12-22,24.48,25.03,24.42,24.87,1249700.0
2015-12-23,25.56,26.79,25.22,26.69,2161400.0
2015-12-24,26.7,27.09,26.62,26.91,601500.0
2015-12-28,26.55,26.64,26.13,26.27,1142600.0
2015-12-29,26.69,26.84,26.49,26.68,944300.0
2015-12-30,26.29,26.52,25.91,26.34,993500.0
2015-12-31,26.1,26.47,26.09,26.12,820100.0
2016-01-04,25.4,26.16,25.26,25.66,1640100.0
2016-01-05,26.16,26.47,25.61,25.95,1702200.0
2016-01-06,25.35,25.57,25.04,25.2,1527800.0
2016-01-07,24.54,24.93,24.14,24.56,2345300.0
2016-01-08,24.57,24.78,24.04,24.07,1242700.0
2016-01-11,24.25,24.31,23.1,23.39,2516900.0
2016-01-12,23.22,23.39,22.17,22.77,2343300.0
2016-01-13,23.12,23.21,22.31,22.66,1663900.0
2016-01-14,22.73,22.96,22.31,22.87,1346600.0
2016-01-15,21.95,22.86,21.95,22.71,1994100.0
2016-01-19,23.07,23.2,22.02,22.29,1224300.0
2016-01-20,21.7,22.9,21.55,22.66,2252300.0
2016-01-21,22.63,23.29,22.23,23.01,1093600.0
2016-01-22,23.55,23.99,23.33,23.62,1378900.0
2016-01-25,23.23,23.71,23.23,23.49,1130100.0
2016-01-26,24.38,25.12,24.26,24.99,2168000.0
2016-01-27,24.77,25.39,24.55,24.74,1261300.0
2016-01-28,25.03,25.25,24.58,24.98,1101300.0
2016-01-29,24.8,25.93,24.58,25.92,1557000.0
2016-02-01,25.58,25.86,24.84,25.38,1202900.0
2016-02-02,24.52,24.84,24.02,24.18,1471000.0
2016-02-03,24.63,25.43,23.93,25.43,1271700.0
2016-02-04,25.82,27.26,25.62,26.93,1972800.0
2016-02-05,26.33,27.07,26.1,26.5,1304700.0
2016-02-08,26.38,26.76,25.65,26.08,953800.0
2016-02-09,25.36,25.66,24.7,25.38,2224100.0
2016-02-10,25.2,25.52,24.93,25.1,1426500.0
2016-02-11,24.38,25.83,23.75,24.65,2403400.0
2016-02-12,24.65,26.44,24.22,26.37,1646800.0
2016-02-16,26.46,27.02,26.2,26.4,1957100.0
2016-02-17,25.74,26.18,24.91,25.49,3189100.0
2016-02-18,25.36,25.38,23.94,24.25,2888800.0
2016-02-19,24.07,24.13,23.56,23.75,1874600.0
2016-02-22,24.33,25.02,24.17,24.96,2324700.0
2016-02-23,24.75,24.75,24.2,24.33,1545500.0
2016-02-24,23.97,24.38,23.54,24.33,1472700.0
2016-02-25,24.2,24.49,23.8,24.46,1026000.0
2016-02-26,25.08,25.08,24.53,24.63,1180000.0
2016-02-29,24.55,24.64,23.8,23.94,1762200.0
2016-03-01,24.44,24.82,24.02,24.74,1357000.0
2016-03-02,24.98,25.76,24.93,25.73,1675100.0
2016-03-03,25.71,26.22,25.48,26.13,2105500.0
2016-03-04,26.54,27.68,26.54,26.94,2489100.0
2016-03-07,27.09,27.43,26.83,26.95,1670900.0
2016-03-08,26.47,26.63,25.7,25.93,1728100.0
2016-03-09,26.09,26.3,25.54,26.19,1428300.0
2016-03-10,26.21,26.48,25.89,26.28,961000.0
2016-03-11,26.44,26.92,26.23,26.85,1450500.0
2016-03-14,26.61,27.09,26.42,26.87,1140000.0
2016-03-15,26.5,26.76,26.24,26.63,912100.0
2016-03-16,26.43,27.72,26.27,27.68,1424300.0
2016-03-17,27.99,28.62,27.85,28.44,1411700.0
2016-03-18,28.5,29.2,28.18,28.34,2221200.0
2016-03-21,28.3,28.67,27.94,28.22,946900.0
2016-03-22,28.01,28.59,28.01,28.4,681600.0
2016-03-23,27.96,28.03,27.43,27.46,768900.0
2016-03-24,27.15,28.05,26.82,27.97,1017200.0
2016-03-28,27.97,28.19,27.35,27.75,723900.0
2016-03-29,27.34,28.3,27.23,28.27,664100.0
2016-03-30,28.5,28.97,27.82,28.19,895400.0
2016-03-31,28.09,28.3,27.67,27.71,1068900.0
2016-04-01,26.81,27.61,26.81,27.56,1563100.0
2016-04-04,27.52,27.64,26.79,26.79,1121100.0
2016-04-05,26.64,27.18,26.54,26.97,1343700.0
2016-04-06,26.95,27.1,26.6,26.86,1148400.0
2016-04-07,26.61,26.87,25.57,25.68,1656600.0
2016-04-08,26.11,26.41,25.61,25.92,2099300.0
2016-04-11,26.27,27.06,26.27,26.41,1322700.0
2016-04-12,26.67,27.5,26.4,27.26,1427200.0
2016-04-13,27.83,28.15,27.73,27.79,1138600.0
2016-04-14,27.82,27.93,27.43,27.66,600300.0
2016-04-15,27.48,27.99,27.1,27.98,782300.0
2016-04-18,27.64,28.38,27.28,28.36,755300.0
2016-04-19,28.74,29.25,28.7,29.1,1078600.0
2016-04-20,29.17,29.29,28.82,29.05,1065500.0
2016-04-21,29.71,29.71,28.84,28.87,1262800.0
2016-04-22,29.12,29.54,28.81,29.19,975300.0
2016-04-25,28.42,29.19,28.33,28.99,1083700.0
2016-04-26,29.14,29.9,28.87,29.88,1843100.0
2016-04-27,29.81,30.25,29.65,30.21,1812300.0
2016-04-28,30.69,31.31,29.66,29.85,1964900.0
2016-04-29,30.01,30.41,29.42,29.67,1783700.0
2016-05-02,29.81,29.88,29.3,29.53,1148100.0
2016-05-03,29.11,29.24,28.65,28.91,1539300.0
2016-05-04,28.65,29.06,28.34,28.5,1503600.0
2016-05-05,28.81,28.9,27.99,28.24,1105100.0
2016-05-06,28.03,28.76,28.01,28.53,747300.0
2016-05-09,27.89,27.89,27.1,27.52,1112000.0
2016-05-10,27.73,27.76,27.29,27.74,1258500.0
2016-05-11,27.81,28.32,27.81,27.88,686100.0
2016-05-12,28.13,28.22,27.54,27.78,962200.0
2016-05-13,27.73,27.78,26.86,27.06,1936500.0
2016-05-16,27.26,27.59,27.15,27.35,1682100.0
2016-05-17,27.2,27.84,27.03,27.58,997500.0
2016-05-18,27.2,27.3,26.63,26.8,1991900.0
2016-05-19,26.48,27.01,26.19,26.96,1561700.0
2016-05-20,27.21,27.44,26.61,26.7,1964000.0
2016-05-23,26.47,26.94,26.31,26.74,1116000.0
2016-05-24,26.88,27.01,26.17,26.48,1522800.0
2016-05-25,26.71,26.97,26.36,26.86,1418000.0
2016-05-26,27.18,27.37,26.62,26.69,921400.0
2016-05-27,26.69,26.83,26.34,26.61,1091800.0
2016-05-31,26.66,27.0,26.03,26.05,12249800.0
2016-06-01,25.78,26.14,25.37,26.05,1763700.0
2016-06-02,25.77,26.35,25.72,26.27,1019000.0
2016-06-03,26.67,27.03,26.19,26.42,1098000.0
2016-06-06,26.62,27.02,26.59,26.98,1163400.0
2016-06-07,26.72,26.87,26.36,26.54,1060700.0
2016-06-08,27.05,27.26,26.82,26.82,917700.0
2016-06-09,26.46,26.46,26.03,26.17,810800.0
2016-06-10,25.96,26.13,25.84,25.97,1170500.0
2016-06-13,25.96,26.24,25.91,26.01,931000.0
2016-06-14,25.89,26.01,25.31,25.58,1068300.0
2016-06-15,26.05,26.56,25.95,26.21,1405900.0
2016-06-16,25.83,26.09,25.67,26.07,1356300.0
2016-06-17,26.27,26.72,26.18,26.59,1437500.0
2016-06-20,26.95,27.48,26.94,27.24,1305200.0
2016-06-21,27.03,27.32,26.71,27.24,1165900.0
2016-06-22,27.48,27.55,27.16,27.24,1531700.0
2016-06-23,27.65,28.06,27.45,28.0,1270400.0
2016-06-24,26.0,27.11,25.54,25.56,4345700.0
2016-06-27,25.29,25.63,25.01,25.52,1451400.0
2016-06-28,25.76,26.22,25.72,26.09,1392200.0
2016-06-29,26.53,26.67,26.26,26.37,1051600.0
2016-06-30,26.56,26.99,26.39,26.98,902500.0
2016-07-01,26.39,26.58,26.2,26.44,1271700.0
2016-07-05,26.1,26.11,25.28,25.43,1360200.0
2016-07-06,25.34,25.47,24.91,25.39,1508800.0
2016-07-07,25.51,25.72,25.09,25.29,1236800.0
2016-07-08,25.65,25.99,25.57,25.77,1188200.0
2016-07-11,25.93,26.1,25.87,26.07,1181600.0
2016-07-12,26.48,26.71,26.15,26.34,1938600.0
2016-07-13,26.5,26.77,26.42,26.76,1548800.0
2016-07-14,26.85,26.94,26.52,26.59,945300.0
2016-07-15,26.56,26.76,26.37,26.42,604000.0
2016-07-18,26.23,26.48,26.01,26.45,618700.0
2016-07-19,26.17,26.33,26.02,26.1,764100.0
2016-07-20,25.96,26.23,25.76,26.12,927100.0
2016-07-21,26.23,26.46,26.06,26.34,790800.0
2016-07-22,26.25,26.39,25.84,26.26,732400.0
2016-07-25,26.31,26.34,25.86,26.19,950800.0
2016-07-26,25.94,26.6,25.94,26.55,1055900.0
2016-07-27,26.72,27.09,26.29,26.44,2082900.0
2016-07-28,26.4,26.63,26.04,26.04,1371100.0
2016-07-29,25.96,26.15,25.6,25.99,1275000.0
2016-08-01,26.02,26.02,25.29,25.42,978600.0
2016-08-02,25.54,26.06,25.44,25.85,1378600.0
2016-08-03,25.64,26.69,25.5,26.65,1806000.0
2016-08-04,26.51,26.83,26.51,26.63,766600.0
2016-08-05,26.71,26.79,26.16,26.22,1203000.0
2016-08-08,26.42,26.64,25.97,25.98,1184800.0
2016-08-09,25.91,26.25,25.89,25.96,1009800.0
2016-08-10,26.16,26.46,25.75,25.97,1118800.0
2016-08-11,26.0,26.32,25.89,26.02,1158400.0
2016-08-12,25.78,26.13,25.6,26.09,2169300.0
2016-08-15,26.2,26.48,26.17,26.2,607500.0
2016-08-16,26.32,26.38,26.09,26.14,753700.0
2016-08-17,26.03,26.26,25.85,26.24,619400.0
2016-08-18,26.45,26.5,26.29,26.39,420200.0
2016-08-19,26.15,26.25,25.92,26.01,431500.0
2016-08-22,25.83,26.31,25.72,26.3,616900.0
2016-08-23,26.48,26.64,26.29,26.29,515600.0
2016-08-24,26.21,26.28,25.72,25.73,1159400.0
2016-08-25,25.69,26.08,25.59,26.01,742000.0
2016-08-26,26.46,27.0,26.11,26.13,1110800.0
2016-08-29,26.06,26.31,26.06,26.25,535000.0
2016-08-30,26.21,26.29,25.82,25.99,765200.0
2016-08-31,25.79,26.13,25.64,25.82,1345300.0
2016-09-01,25.86,26.01,25.64,25.88,668600.0
2016-09-02,26.2,26.49,25.99,26.1,601700.0
2016-09-06,26.04,26.4,26.04,26.4,624100.0
2016-09-07,26.3,26.42,25.89,25.96,882200.0
2016-09-08,26.0,26.16,25.85,26.04,963000.0
2016-09-09,25.82,25.83,25.22,25.26,1107900.0
2016-09-12,24.97,25.91,24.9,25.84,1287900.0
2016-09-13,25.48,25.48,24.99,25.2,1227000.0
2016-09-14,25.28,25.55,25.08,25.34,1044200.0
2016-09-15,25.31,25.69,25.16,25.41,705900.0
2016-09-16,25.02,25.52,25.01,25.33,1019100.0
2016-09-19,25.75,25.81,25.34,25.5,743600.0
2016-09-20,25.6,25.67,25.39,25.61,420100.0
2016-09-21,25.84,26.21,25.63,26.16,930800.0
2016-09-22,26.5,26.8,26.18,26.27,867500.0
2016-09-23,26.11,26.38,25.87,25.96,1014300.0
2016-09-26,25.97,26.06,25.77,25.77,443000.0
2016-09-27,25.56,25.84,25.46,25.72,519000.0
2016-09-28,26.02,26.69,25.86,26.68,952100.0
2016-09-29,26.6,26.68,26.3,26.43,1515700.0
2016-09-30,26.5,26.7,26.3,26.3,923700.0
2016-10-03,26.48,26.51,26.14,26.34,908400.0
2016-10-04,26.23,26.34,25.94,26.01,974100.0
2016-10-05,26.06,26.69,26.03,26.62,1143700.0
2016-10-06,26.3,26.67,26.23,26.31,467600.0
2016-10-07,26.53,26.63,26.05,26.22,566100.0
2016-10-10,26.49,26.87,26.47,26.75,775900.0
2016-10-11,26.74,26.84,26.13,26.18,1117100.0
2016-10-12,26.22,26.82,26.19,26.66,511500.0
2016-10-13,25.79,26.33,25.79,26.27,544000.0
2016-10-14,26.41,26.65,25.94,26.01,802100.0
2016-10-17,26.12,26.45,26.05,26.43,567600.0
2016-10-18,26.79,26.79,26.17,26.63,726800.0
2016-10-19,26.75,27.43,26.55,27.4,1218900.0
2016-10-20,27.24,27.75,27.0,27.74,1283000.0
2016-10-21,27.54,27.75,27.39,27.4,802500.0
2016-10-24,27.61,27.75,27.43,27.7,515700.0
2016-10-25,27.98,28.51,27.84,28.04,1216700.0
2016-10-26,27.77,28.23,27.63,28.07,1009600.0
2016-10-27,28.16,28.33,27.91,28.16,680400.0
2016-10-28,28.1,28.36,27.66,27.81,1056400.0
2016-10-31,28.0,28.58,27.99,28.39,1588700.0
2016-11-01,28.7,28.7,27.78,27.78,1208600.0
2016-11-02,27.61,27.83,26.8,26.81,1124800.0
2016-11-03,26.94,27.12,26.72,26.77,1076900.0
2016-11-04,26.64,27.46,26.52,27.33,1390000.0
2016-11-07,27.68,28.0,27.58,27.96,942000.0
2016-11-08,27.99,28.85,27.87,28.79,1429200.0
2016-11-09,29.21,30.02,29.04,29.64,2589300.0
2016-11-10,30.22,34.03,30.22,33.72,5459500.0
2016-11-11,34.61,34.79,31.41,32.8,3554400.0
2016-11-14,32.87,33.18,32.58,33.12,2015700.0
2016-11-15,32.34,32.69,32.01,32.35,1218000.0
2016-11-16,31.78,32.24,31.5,31.81,1679000.0
2016-11-17,32.1,32.8,31.52,31.68,1070300.0
2016-11-18,31.25,31.76,31.15,31.7,1184900.0
2016-11-21,32.14,32.3,31.82,31.99,920700.0
2016-11-22,32.5,32.95,32.21,32.93,1299400.0
2016-11-23,32.62,33.52,32.46,33.43,1629500.0
2016-11-25,33.55,33.68,33.2,33.6,775800.0
2016-11-28,33.46,33.5,33.04,33.11,799700.0
2016-11-29,32.19,32.54,31.71,32.32,930500.0
2016-11-30,32.8,33.07,32.41,32.83,1505700.0
2016-12-01,33.04,33.39,32.86,33.03,1019600.0
2016-12-02,32.87,33.12,32.73,33.11,693100.0
2016-12-05,33.59,33.87,33.45,33.84,1003900.0
2016-12-06,33.71,34.21,33.54,34.16,1117300.0
2016-12-07,34.5,34.73,33.91,34.43,1308900.0
2016-12-08,34.68,34.96,34.28,34.84,1035600.0
2016-12-09,34.85,34.99,34.66,34.98,723300.0
2016-12-12,34.97,35.01,34.5,34.54,1310200.0
2016-12-13,34.19,34.42,32.83,33.34,1670100.0
2016-12-14,33.09,33.8,32.95,33.18,944800.0
2016-12-15,32.76,33.47,32.47,33.2,801500.0
2016-12-16,32.93,32.93,32.37,32.4,1764100.0
2016-12-19,32.19,32.56,31.57,31.67,1823000.0
2016-12-20,31.82,32.43,31.55,32.41,828000.0
2016-12-21,32.46,32.6,32.21,32.43,709200.0
2016-12-22,32.62,32.62,31.8,32.02,972100.0
2016-12-23,32.02,32.23,31.91,32.09,467200.0
2016-12-27,32.26,32.46,32.06,32.28,576900.0
2016-12-28,32.48,32.72,32.14,32.25,702400.0
2016-12-29,32.34,32.45,31.84,32.03,753800.0
2016-12-30,32.24,32.39,31.88,31.94,589200.0
2017-01-03,32.28,32.49,32.1,32.38,852700.0
2017-01-04,32.63,33.5,32.63,33.47,1181100.0
2017-01-05,33.49,33.85,33.19,33.49,966000.0
2017-01-06,33.41,33.67,33.22,33.59,829200.0
2017-01-09,33.55,33.68,33.19,33.3,663000.0
2017-01-10,34.32,34.44,33.98,34.18,1127200.0
2017-01-11,34.2,34.3,33.52,33.73,924500.0
2017-01-12,34.09,35.09,33.9,34.86,1456600.0
2017-01-13,34.79,35.45,34.46,35.35,1072800.0
2017-01-17,35.05,35.48,35.04,35.15,798600.0
2017-01-18,35.34,36.24,35.27,35.89,1182400.0
2017-01-19,35.86,36.15,35.53,35.85,791200.0
2017-01-20,35.83,36.43,35.67,36.01,913600.0
2017-01-23,36.48,36.76,36.19,36.72,826500.0
2017-01-24,37.31,38.03,37.25,37.94,1363300.0
2017-01-25,37.51,38.7,37.28,38.64,1430900.0
2017-01-26,38.22,38.87,37.38,37.82,1477000.0
2017-01-27,37.61,38.65,37.46,38.44,1381100.0
2017-01-30,38.1,38.6,37.82,38.36,1771200.0
2017-01-31,38.51,38.85,37.99,38.36,1624600.0
2017-02-01,38.4,38.69,37.78,38.6,1862200.0
2017-02-02,38.55,39.23,38.44,39.1,2221700.0
2017-02-03,39.1,39.1,38.27,38.44,1426200.0
2017-02-06,38.32,38.59,37.48,37.87,1561700.0
2017-02-07,37.87,38.15,37.59,37.95,1172700.0
2017-02-08,38.11,38.98,38.11,38.7,1695000.0
2017-02-09,38.13,38.37,37.08,37.42,1776100.0
2017-02-10,38.58,39.5,37.57,37.96,2030500.0
2017-02-13,38.43,39.07,38.32,38.64,1227200.0
2017-02-14,38.46,38.75,38.28,38.63,1151600.0
2017-02-15,38.47,38.58,38.1,38.3,817900.0
2017-02-16,38.36,38.5,37.74,37.98,954900.0
2017-02-17,37.78,37.78,36.8,37.3,1438700.0
2017-02-21,37.52,38.09,37.24,38.02,1154900.0
2017-02-22,37.23,38.16,37.23,37.46,992900.0
2017-02-23,37.7,37.84,36.67,36.85,1209500.0
2017-02-24,36.6,36.83,36.13,36.29,1635700.0
2017-02-27,36.5,36.99,36.37,36.82,2566500.0
2017-02-28,36.71,37.17,36.56,36.66,1596900.0
2017-03-01,37.3,38.12,37.26,37.93,1092500.0
2017-03-02,37.63,38.05,36.85,36.86,1011600.0
2017-03-03,37.03,37.25,36.65,37.24,1067900.0
2017-03-06,36.65,36.88,36.33,36.82,722500.0
2017-03-07,36.8,36.99,36.43,36.46,954700.0
2017-03-08,36.54,36.62,35.97,36.06,774900.0
2017-03-09,35.94,36.11,35.09,35.15,1771900.0
2017-03-10,35.72,35.96,35.3,35.39,986800.0
2017-03-13,35.81,35.91,35.39,35.64,928300.0
2017-03-14,35.37,35.47,34.89,35.07,739200.0
2017-03-15,35.37,36.16,35.16,36.05,1080900.0
2017-03-16,36.55,36.56,35.84,36.0,499700.0
2017-03-17,36.32,36.76,36.0,36.13,1121500.0
2017-03-20,36.19,36.49,36.01,36.4,840000.0
2017-03-21,36.34,36.5,35.83,35.89,1265300.0
2017-03-22,35.89,36.52,35.74,36.49,1134600.0
2017-03-23,36.37,36.58,36.09,36.41,957500.0
2017-03-24,36.36,36.59,36.21,36.55,1013000.0
2017-03-27,35.55,35.82,34.78,35.79,1282900.0
2017-03-28,35.74,36.23,35.65,36.03,1003200.0
2017-03-29,35.91,36.26,35.58,36.15,1427700.0
2017-03-30,36.19,36.36,35.99,36.2,762400.0
2017-03-31,36.06,36.19,35.69,35.89,871900.0
2017-04-03,36.06,36.26,35.51,36.02,468700.0
2017-04-04,35.96,36.23,35.45,36.14,1200600.0
2017-04-05,36.52,36.61,36.09,36.15,1063200.0
2017-04-06,36.29,36.64,36.22,36.36,645400.0
2017-04-07,36.13,36.58,35.87,36.23,916300.0
2017-04-10,36.26,36.5,35.77,36.19,813800.0
2017-04-11,36.63,36.63,35.95,36.48,1118000.0
2017-04-12,35.91,36.08,35.19,35.34,1275700.0
2017-04-13,35.32,35.71,34.95,34.97,376300.0
2017-04-17,35.29,35.45,35.17,35.44,476000.0
2017-04-18,34.85,35.25,34.79,34.96,1026100.0
2017-04-19,35.28,35.42,34.82,34.9,611000.0
2017-04-20,35.38,35.66,35.11,35.39,693400.0
2017-04-21,35.44,35.54,35.13,35.28,746900.0
2017-04-24,35.63,35.77,35.49,35.52,671200.0
2017-04-25,35.71,35.88,35.31,35.7,873200.0
2017-04-26,35.21,36.11,34.85,36.06,795300.0
2017-04-27,36.12,36.16,35.07,35.4,656600.0
2017-04-28,35.67,35.67,35.25,35.37,623400.0
2017-05-01,35.42,35.57,35.06,35.26,517100.0
2017-05-02,34.97,35.74,34.0,35.27,1029400.0
2017-05-03,34.73,34.89,33.86,33.88,1270400.0
2017-05-04,33.7,33.76,32.88,33.01,1745900.0
2017-05-05,33.0,33.95,32.99,33.69,1035600.0
2017-05-08,33.07,33.78,32.63,33.71,607700.0
2017-05-09,33.8,34.01,33.73,33.83,581900.0
2017-05-10,34.03,34.4,33.98,34.17,838800.0
2017-05-11,34.48,35.06,34.03,34.92,1208300.0
2017-05-12,34.77,35.0,34.4,34.6,672900.0
2017-05-15,34.82,35.04,34.65,34.68,506900.0
2017-05-16,34.79,34.97,34.53,34.6,801500.0
2017-05-17,34.28,34.33,33.64,33.66,990100.0
2017-05-18,33.29,33.76,32.98,33.66,765900.0
2017-05-19,33.97,34.83,33.88,34.58,520400.0
2017-05-22,34.65,35.32,34.52,35.1,629900.0
2017-05-23,34.93,35.21,34.87,35.01,388400.0
2017-05-24,34.78,35.2,34.51,34.81,570700.0
2017-05-25,34.87,35.25,34.62,34.9,461800.0
2017-05-26,34.88,35.11,34.71,34.89,508700.0
2017-05-30,34.87,35.4,34.78,35.11,879900.0
2017-05-31,34.78,35.03,34.31,34.96,821300.0
2017-06-01,34.92,35.16,34.53,34.72,696900.0
2017-06-02,34.61,34.65,34.14,34.53,464500.0
2017-06-05,34.46,34.89,34.36,34.69,523700.0
2017-06-06,34.64,35.08,34.55,35.0,410500.0
2017-06-07,34.94,35.28,34.88,35.06,623100.0
2017-06-08,34.97,36.03,34.94,36.01,799100.0
2017-06-09,36.0,36.74,35.9,36.27,715900.0
2017-06-12,36.2,36.65,35.83,35.88,475600.0
2017-06-13,35.91,36.18,35.82,36.16,434900.0
2017-06-14,36.3,36.3,35.25,35.34,641500.0
2017-06-15,34.98,35.14,34.17,34.35,793000.0
2017-06-16,34.33,34.82,34.14,34.44,888600.0
2017-06-19,34.56,34.95,34.56,34.72,392100.0
2017-06-20,34.33,34.41,33.63,33.67,604100.0
2017-06-21,33.9,34.4,33.66,34.01,402400.0
2017-06-22,34.08,34.77,34.03,34.39,570400.0
2017-06-23,34.69,35.05,34.28,34.88,1206500.0
2017-06-26,35.04,35.15,34.66,35.03,558600.0
2017-06-27,35.29,35.6,34.35,34.36,688900.0
2017-06-28,34.72,34.86,34.38,34.58,628000.0
2017-06-29,34.7,35.21,34.51,34.77,902000.0
2017-06-30,34.79,34.95,34.59,34.63,477300.0
2017-07-03,34.75,35.2,34.66,35.09,487800.0
2017-07-05,34.97,35.37,34.51,35.25,777200.0
2017-07-06,35.26,35.42,34.51,34.75,1172600.0
2017-07-07,34.79,35.2,34.76,34.98,458700.0
2017-07-10,34.79,36.09,34.52,35.79,736900.0
2017-07-11,35.87,36.2,35.57,35.98,665200.0
2017-07-12,36.35,36.78,36.11,36.4,949700.0
2017-07-13,36.36,36.69,36.36,36.57,472700.0
2017-07-14,36.79,37.17,36.77,37.09,575400.0
2017-07-17,37.19,38.04,37.11,37.93,837100.0
2017-07-18,37.85,38.16,37.6,37.81,511600.0
2017-07-19,37.85,38.19,37.85,37.97,588500.0
2017-07-20,38.0,38.1,37.67,37.73,672400.0
2017-07-21,37.57,37.95,37.38,37.83,425500.0
2017-07-24,37.8,38.16,37.53,38.14,530400.0
2017-07-25,38.98,39.66,38.8,39.35,914800.0
2017-07-26,39.47,39.82,39.17,39.72,851800.0
2017-07-27,39.85,39.93,38.83,39.33,786400.0
2017-07-28,39.2,39.62,39.14,39.46,528200.0
2017-07-31,39.54,39.94,39.25,39.34,721400.0
2017-08-01,39.33,39.65,39.1,39.52,989800.0
2017-08-02,39.38,39.5,38.86,39.39,806500.0
2017-08-03,39.39,39.67,39.0,39.44,759500.0
2017-08-04,39.43,39.43,38.58,38.72,1088300.0
2017-08-07,38.91,39.23,38.69,38.85,630900.0
2017-08-08,38.73,39.47,38.45,39.28,655500.0
2017-08-09,39.16,39.4,39.07,39.25,550100.0
2017-08-10,39.33,39.35,38.42,38.55,792400.0
2017-08-11,37.6,38.54,37.13,38.38,839800.0
2017-08-14,38.6,39.17,38.38,39.11,802000.0
2017-08-15,38.99,39.07,38.58,38.61,797600.0
2017-08-16,38.52,40.23,38.49,39.91,1833700.0
2017-08-17,39.71,39.93,38.99,39.02,1043400.0
2017-08-18,39.08,39.42,38.87,39.12,704000.0
2017-08-21,39.46,40.31,39.43,40.06,674400.0
2017-08-22,40.43,41.21,40.43,40.82,996900.0
2017-08-23,40.59,41.2,40.33,40.69,602700.0
2017-08-24,40.7,41.13,40.46,41.11,507200.0
2017-08-25,41.28,41.52,40.7,40.72,721400.0
2017-08-28,40.96,41.77,40.86,41.77,1121200.0
2017-08-29,41.65,41.65,41.14,41.41,1318700.0
2017-08-30,41.36,41.36,40.13,40.27,1372200.0
2017-08-31,40.9,40.9,40.03,40.7,1046400.0
2017-09-01,41.01,41.41,40.89,41.3,626100.0
2017-09-05,41.31,42.0,40.25,40.69,1367900.0
2017-09-06,40.9,41.25,40.65,41.24,819800.0
2017-09-07,41.3,41.47,40.84,41.05,950000.0
2017-09-08,40.8,40.8,39.32,39.59,1087000.0
2017-09-11,39.8,40.26,39.8,40.13,642600.0
2017-09-12,40.11,40.46,39.95,40.0,589200.0
2017-09-13,39.34,39.82,39.1,39.32,923500.0
2017-09-14,39.01,39.26,38.58,39.22,753100.0
2017-09-15,39.19,39.65,39.06,39.35,1273600.0
2017-09-18,39.45,39.94,39.45,39.88,1383100.0
2017-09-19,39.97,40.68,39.75,40.55,860400.0
2017-09-20,40.52,40.73,39.56,39.75,744100.0
2017-09-21,39.46,39.84,39.18,39.62,915300.0
2017-09-22,39.37,39.75,38.95,39.11,576000.0
2017-09-25,39.02,39.23,38.83,39.03,522700.0
2017-09-26,39.21,39.39,38.67,38.68,779600.0
2017-09-27,38.79,39.01,38.34,38.9,825900.0
2017-09-28,38.74,39.98,38.59,39.62,1089000.0
2017-09-29,39.81,40.01,39.35,39.76,743900.0
2017-10-02,39.64,39.98,39.19,39.76,1190700.0
2017-10-03,39.96,40.84,39.69,40.83,994200.0
2017-10-04,40.95,41.2,40.87,41.11,847100.0
2017-10-05,41.64,42.51,41.59,41.83,1392700.0
2017-10-06,41.58,41.8,41.21,41.64,834200.0
2017-10-09,41.77,41.77,40.86,40.95,1012900.0
2017-10-10,41.11,41.69,41.01,41.55,901100.0
2017-10-11,41.45,42.45,41.42,41.73,1087300.0
2017-10-12,41.82,42.46,41.64,42.46,1238500.0
2017-10-13,43.03,43.36,42.95,43.16,1335600.0
2017-10-16,43.52,44.15,43.26,43.7,1332300.0
2017-10-17,43.5,43.62,42.71,43.48,711400.0
2017-10-18,43.24,43.73,43.01,43.43,814500.0
2017-10-19,43.2,43.55,42.78,43.29,786800.0
2017-10-20,43.65,43.89,43.04,43.13,957900.0
2017-10-23,42.92,43.62,42.68,43.42,914700.0
2017-10-24,43.53,44.69,43.45,44.37,1586400.0
2017-10-25,44.36,44.44,43.02,43.65,1393300.0
2017-10-26,43.71,43.9,43.08,43.22,1427100.0
2017-10-27,42.29,42.85,41.67,42.48,917000.0
2017-10-30,42.39,43.12,42.2,42.77,853300.0
2017-10-31,42.71,43.46,42.53,42.95,1490400.0
2017-11-01,43.81,44.23,42.84,43.0,927400.0
2017-11-02,42.79,43.45,42.79,42.94,579400.0
2017-11-03,43.23,43.27,42.48,42.89,689600.0
2017-11-06,43.17,44.56,42.89,44.46,1026400.0
2017-11-07,44.09,44.28,43.68,44.02,908900.0
2017-11-08,44.09,44.59,43.77,44.39,812900.0
2017-11-09,44.0,44.25,43.08,44.09,1141600.0
2017-11-10,44.38,44.48,43.82,43.91,958400.0
2017-11-13,43.88,44.31,43.58,43.93,690800.0
2017-11-14,43.5,43.5,42.72,42.9,660300.0
2017-11-15,42.52,42.68,41.87,42.39,892100.0
2017-11-16,42.73,43.06,42.46,42.46,868600.0
2017-11-17,42.51,43.0,42.48,42.95,831300.0
2017-11-20,43.0,43.22,42.65,43.13,551400.0
2017-11-21,43.55,43.89,43.44,43.74,1153300.0
2017-11-22,44.0,44.2,43.43,43.81,1198300.0
2017-11-24,43.95,44.25,43.83,44.13,204900.0
2017-11-27,44.0,44.2,42.97,43.16,771300.0
2017-11-28,43.0,43.27,42.57,43.06,1182000.0
2017-11-29,42.73,43.06,41.43,42.5,1408700.0
2017-11-30,42.84,43.0,41.98,42.05,1533100.0
2017-12-01,42.15,42.81,41.85,42.76,1243500.0
2017-12-04,43.22,43.58,42.81,43.12,997000.0
2017-12-05,42.21,42.71,41.98,42.42,2161000.0
2017-12-06,42.39,42.78,41.9,42.19,1409000.0
2017-12-07,41.98,42.39,41.77,42.25,1035700.0
2017-12-08,42.54,42.6,41.86,41.99,951600.0
2017-12-11,42.06,42.52,41.66,42.33,981300.0
2017-12-12,42.53,42.87,42.23,42.28,1166000.0
2017-12-13,42.47,43.23,42.38,43.23,1068500.0
2017-12-14,43.14,43.61,42.88,42.91,738300.0
2017-12-15,43.22,43.59,43.1,43.32,1512000.0
2017-12-18,43.88,44.8,43.85,44.6,1486000.0
2017-12-19,44.62,45.12,44.3,45.01,1125600.0
2017-12-20,45.8,46.31,45.57,46.13,1042900.0
2017-12-21,46.36,46.78,46.16,46.46,1313500.0
2017-12-22,46.53,46.61,46.1,46.21,565100.0
2017-12-26,46.26,46.62,45.82,46.57,482600.0
2017-12-27,46.79,47.37,46.69,47.09,638400.0
2017-12-28,47.34,47.8,47.14,47.63,730900.0
2017-12-29,47.8,47.93,47.1,47.45,736200.0
2018-01-02,47.94,48.9,47.94,48.9,932000.0
2018-01-03,48.8,49.06,48.34,48.99,829900.0
2018-01-04,49.22,49.35,48.73,48.74,632200.0
2018-01-05,48.62,49.35,48.5,49.12,535800.0
2018-01-08,49.21,49.46,48.99,49.35,839400.0
2018-01-09,49.32,49.33,48.73,49.06,956300.0
2018-01-10,49.39,49.86,49.3,49.46,1062700.0
2018-01-11,49.73,50.11,49.37,50.1,967400.0
2018-01-12,50.32,50.32,49.82,49.93,558100.0
2018-01-16,49.8,49.92,49.24,49.34,832200.0
2018-01-17,49.39,50.09,49.34,49.83,658300.0
2018-01-18,49.83,49.92,49.42,49.52,761100.0
2018-01-19,49.66,50.36,49.62,50.34,772800.0
2018-01-22,49.35,50.14,49.15,50.09,960200.0
2018-01-23,49.77,49.77,48.9,49.16,1233000.0
2018-01-24,49.94,50.09,49.52,49.99,1004500.0
2018-01-25,50.58,50.9,49.94,50.05,850900.0
2018-01-26,50.12,50.73,50.12,50.63,431600.0
2018-01-29,50.58,50.69,49.73,49.75,546600.0
2018-01-30,49.54,49.81,48.01,48.03,1212200.0
2018-01-31,48.62,48.7,48.09,48.55,786100.0
2018-02-01,48.3,49.37,48.27,49.15,653600.0
2018-02-02,48.62,48.77,46.78,47.4,1057700.0
2018-02-05,46.72,48.56,46.05,46.85,1461700.0
2018-02-06,46.0,48.29,46.0,48.02,1228700.0
2018-02-07,47.59,47.73,47.02,47.22,1161600.0
2018-02-08,47.22,47.32,45.19,45.47,1418000.0
2018-02-09,45.99,46.9,45.32,46.5,1558100.0
2018-02-12,46.6,47.19,46.59,46.87,553400.0
2018-02-13,46.82,48.36,46.82,48.3,918700.0
2018-02-14,47.75,51.25,47.56,51.04,1823100.0
2018-02-15,51.24,51.64,50.21,50.81,1265200.0
2018-02-16,50.48,51.37,50.3,50.5,799700.0
2018-02-20,49.91,51.09,49.29,50.47,781200.0
2018-02-21,50.49,51.03,49.84,49.84,1021600.0
2018-02-22,50.33,50.95,50.24,50.68,926100.0
2018-02-23,50.85,52.22,50.85,52.17,1538100.0
2018-02-26,52.65,53.87,52.51,53.78,1578900.0
2018-02-27,53.45,53.84,52.94,53.42,2085300.0
2018-02-28,53.21,53.48,52.61,52.73,1989400.0
2018-03-01,53.01,53.4,52.09,53.1,1451400.0
2018-03-02,52.72,52.98,51.92,52.95,1331800.0
2018-03-05,52.5,53.6,52.41,53.26,1085100.0
2018-03-06,54.0,55.52,54.0,54.75,1596800.0
2018-03-07,54.15,54.9,53.77,54.81,1230000.0
2018-03-08,54.47,54.47,53.63,53.96,1059400.0
2018-03-09,54.02,55.06,54.02,54.56,1191400.0
2018-03-12,54.63,54.79,53.6,54.39,919800.0
2018-03-13,54.54,54.97,54.11,54.21,883400.0
2018-03-14,54.8,55.0,54.45,54.7,909100.0
2018-03-15,54.8,54.86,54.22,54.5,638100.0
2018-03-16,54.65,55.11,54.3,54.66,1168000.0
2018-03-19,54.25,54.54,53.9,54.44,630400.0
2018-03-20,54.79,55.48,54.07,55.12,1247100.0
2018-03-21,55.39,56.61,55.27,55.85,1231100.0
2018-03-22,54.97,55.53,53.94,54.31,964100.0
2018-03-23,54.6,54.6,53.45,53.46,1074700.0
2018-03-26,54.06,54.12,52.85,54.01,1089300.0
2018-03-27,54.15,54.51,53.1,53.38,722300.0
2018-03-28,53.13,53.39,52.16,52.43,823700.0
2018-03-29,52.95,54.57,52.5,54.18,1073700.0
2018-04-02,54.33,55.7,54.06,54.23,1133500.0
2018-04-03,54.43,55.01,54.15,54.84,918100.0
2018-04-04,54.15,55.79,53.39,55.5,1257300.0
2018-04-05,55.93,56.66,55.8,56.09,972900.0
2018-04-06,55.8,55.94,54.43,54.72,715400.0
2018-04-09,54.89,54.93,54.14,54.37,1056200.0
2018-04-10,55.99,56.75,55.48,56.18,1210500.0
2018-04-11,55.88,56.51,55.62,55.87,832300.0
2018-04-12,55.84,56.35,55.44,56.09,881200.0
2018-04-13,55.0,55.3,54.41,54.9,1341400.0
2018-04-16,55.45,56.21,55.19,55.82,784800.0
2018-04-17,56.2,56.71,55.88,56.6,732700.0
2018-04-18,57.51,58.09,57.22,57.34,1226400.0
2018-04-19,56.91,57.21,56.0,57.08,1085900.0
2018-04-20,56.9,56.97,55.95,56.16,635700.0
2018-04-23,55.56,56.0,55.25,55.37,877400.0
2018-04-24,55.99,56.03,54.08,54.65,956400.0
2018-04-25,54.36,54.69,52.8,53.02,1582000.0
2018-04-26,52.48,54.04,51.36,53.32,2049800.0
2018-04-27,52.74,53.34,51.94,53.27,1628500.0
2018-04-30,53.3,53.56,52.8,52.81,1026500.0
2018-05-01,52.51,52.72,50.53,51.75,1190100.0
2018-05-02,52.35,52.48,51.63,51.74,800000.0
2018-05-03,51.86,52.2,51.56,51.81,920700.0
2018-05-04,51.53,53.19,51.34,52.96,1174900.0
2018-05-07,52.99,53.25,51.83,52.08,969000.0
2018-05-08,51.51,52.38,50.78,51.07,1035200.0
2018-05-09,51.47,51.86,51.02,51.61,1095700.0
2018-05-10,52.06,52.51,51.8,52.33,1393900.0
2018-05-11,52.66,52.8,51.69,51.77,643700.0
2018-05-14,51.68,52.04,51.44,51.78,592000.0
2018-05-15,51.38,51.8,50.59,51.78,856600.0
2018-05-16,52.0,52.6,51.5,52.03,1303800.0
2018-05-17,52.14,52.41,51.9,51.99,413900.0
2018-05-18,51.46,51.67,50.88,51.35,1045200.0
2018-05-21,51.84,52.03,51.42,51.65,844100.0
2018-05-22,52.1,52.28,51.57,51.78,497800.0
2018-05-23,51.28,51.28,50.17,51.15,698100.0
2018-05-24,51.26,51.48,50.83,51.35,777500.0
2018-05-25,51.0,51.06,49.81,50.05,723200.0
2018-05-29,49.44,49.89,48.24,48.32,968200.0
2018-05-30,48.83,49.71,48.47,49.34,1064500.0
2018-05-31,49.5,49.99,48.73,48.89,1219800.0
2018-06-01,49.14,49.55,48.94,49.26,760700.0
2018-06-04,49.66,50.21,49.35,49.63,768100.0
2018-06-05,49.9,51.36,49.88,51.27,1074900.0
2018-06-06,51.9,52.63,51.79,52.59,1289700.0
2018-06-07,52.54,52.55,50.97,51.59,854600.0
2018-06-08,51.62,51.87,51.1,51.46,678200.0
2018-06-11,51.38,51.8,51.2,51.32,650400.0
2018-06-12,51.32,51.46,50.82,51.14,504500.0
2018-06-13,51.18,51.46,50.13,50.51,627200.0
2018-06-14,50.61,50.77,50.1,50.27,719500.0
2018-06-15,49.68,49.68,48.11,48.57,1336800.0
2018-06-18,48.14,48.66,47.83,48.6,799200.0
2018-06-19,47.52,47.82,46.67,47.26,931000.0
2018-06-20,47.53,47.53,46.66,47.04,937600.0
2018-06-21,47.01,47.01,46.5,46.67,643700.0
2018-06-22,47.38,47.6,46.66,46.72,1599700.0
2018-06-25,46.4,46.64,45.66,46.56,1908300.0
2018-06-26,46.71,47.0,46.4,46.96,981200.0
2018-06-27,46.52,46.84,46.0,46.01,935200.0
2018-06-28,45.75,46.0,44.73,45.9,994000.0
2018-06-29,46.36,47.08,46.04,46.87,913400.0
2018-07-02,45.88,46.37,45.05,45.44,994200.0
2018-07-03,45.85,45.94,44.39,44.6,898500.0
2018-07-05,44.67,45.62,44.54,45.41,1308600.0
2018-07-06,45.19,46.02,44.65,45.79,1190600.0
2018-07-09,46.47,46.6,45.95,46.49,722200.0
2018-07-10,46.26,46.69,45.92,46.31,696500.0
2018-07-11,45.33,45.78,44.15,44.52,1077400.0
2018-07-12,44.84,45.22,44.1,44.79,1602600.0
2018-07-13,44.82,45.28,44.49,45.09,1285300.0
2018-07-16,45.15,45.28,44.58,44.72,1018600.0
2018-07-17,44.61,45.34,44.61,45.11,1288300.0
2018-07-18,45.3,45.85,45.14,45.62,867600.0
2018-07-19,44.71,44.75,43.54,43.58,934400.0
2018-07-20,43.67,44.2,43.67,43.77,1254100.0
2018-07-23,43.89,44.61,43.65,44.44,2004200.0
2018-07-24,46.14,47.3,45.82,46.5,1879500.0
2018-07-25,46.46,47.54,46.39,47.49,1063300.0
2018-07-26,47.19,47.73,46.95,47.69,1201200.0
2018-07-27,48.04,48.08,47.58,47.89,1075200.0
2018-07-30,47.95,48.29,47.72,48.07,1227700.0
2018-07-31,48.62,49.56,47.43,49.36,1240500.0
2018-08-01,48.65,49.03,47.36,47.78,1163300.0
2018-08-02,46.92,47.11,46.09,46.88,1040700.0
2018-08-03,47.0,47.7,46.79,47.57,664200.0
2018-08-06,47.19,47.19,46.45,46.57,1086800.0
2018-08-07,46.99,47.12,45.78,45.89,748600.0
2018-08-08,45.9,46.06,45.6,45.68,714000.0
2018-08-09,45.68,46.11,45.47,45.69,736700.0
2018-08-10,45.04,45.62,44.54,45.31,943000.0
2018-08-13,45.31,45.63,44.42,44.54,866200.0
2018-08-14,44.71,44.77,43.78,43.98,1273800.0
2018-08-15,43.19,43.19,41.74,42.23,1319600.0
2018-08-16,42.74,43.28,42.05,42.91,961700.0
2018-08-17,42.9,43.83,42.75,43.63,562000.0
2018-08-20,43.83,44.1,43.49,43.78,819700.0
2018-08-21,43.71,44.39,43.59,43.99,580200.0
2018-08-22,44.28,44.5,43.94,44.38,429900.0
2018-08-23,44.01,44.01,43.21,43.28,636700.0
2018-08-24,44.22,44.45,43.66,44.37,560700.0
2018-08-27,44.49,45.62,44.47,45.38,672000.0
2018-08-28,45.98,45.98,45.48,45.7,844500.0
2018-08-29,45.61,45.94,45.24,45.37,774500.0
2018-08-30,44.97,45.13,43.44,43.71,625300.0
2018-08-31,43.46,44.06,43.21,43.64,448200.0
2018-09-04,42.76,42.85,41.78,42.35,909600.0
2018-09-05,42.35,42.46,41.81,42.21,1369600.0
2018-09-06,42.56,42.8,41.36,41.45,1404200.0
2018-09-07,41.13,41.39,40.39,40.44,1469100.0
2018-09-10,40.64,40.64,39.97,40.04,1196100.0
2018-09-11,39.66,40.03,39.18,39.8,996400.0
2018-09-12,39.97,41.42,39.96,41.11,1204900.0
2018-09-13,41.87,42.34,40.72,41.18,1046900.0
2018-09-14,41.27,41.64,41.12,41.36,459700.0
2018-09-17,41.5,41.66,41.01,41.1,741800.0
2018-09-18,41.93,42.03,41.47,41.81,870300.0
2018-09-19,41.39,42.66,41.32,42.37,904100.0
2018-09-20,43.26,43.58,42.76,43.26,839100.0
2018-09-21,43.95,44.59,43.75,44.26,1311400.0
2018-09-24,44.21,44.43,43.42,43.43,629500.0
2018-09-25,43.61,43.87,43.21,43.8,831300.0
2018-09-26,43.45,44.19,43.31,43.54,634600.0
2018-09-27,43.14,43.52,42.85,43.34,663900.0
2018-09-28,43.25,43.71,43.14,43.14,657200.0
2018-10-01,43.19,43.29,42.32,43.19,896400.0
2018-10-02,43.37,43.91,43.26,43.62,634200.0
2018-10-03,43.86,44.14,43.35,43.75,975500.0
2018-10-04,43.97,44.15,42.57,42.66,770300.0
2018-10-05,42.23,42.35,41.35,42.27,1048800.0
2018-10-08,41.98,42.63,41.65,42.43,749200.0
2018-10-09,42.22,42.51,41.79,42.22,689000.0
2018-10-10,41.99,42.02,40.77,41.35,960700.0
2018-10-11,41.18,42.81,41.18,42.69,1381200.0
2018-10-12,43.31,43.43,41.74,41.76,1041800.0
2018-10-15,41.94,42.58,41.84,42.14,916800.0
2018-10-16,42.03,42.41,41.52,41.9,825200.0
2018-10-17,42.07,42.27,41.69,41.86,626900.0
2018-10-18,41.27,41.45,39.96,40.0,1219100.0
2018-10-19,40.14,40.28,38.15,38.28,1787900.0
2018-10-22,38.56,38.79,37.9,38.26,1170100.0
2018-10-23,37.49,37.51,36.54,37.19,1206100.0
2018-10-24,37.19,37.93,35.85,35.91,1403700.0
2018-10-25,36.27,37.57,36.24,36.97,1213200.0
2018-10-26,36.07,37.64,36.07,37.4,959300.0
2018-10-29,38.01,38.17,35.59,35.87,890700.0
2018-10-30,35.78,36.83,35.72,36.8,1011200.0
2018-10-31,37.19,38.38,37.16,38.34,1600100.0
2018-11-01,38.96,40.2,38.7,39.77,1756200.0
2018-11-02,41.36,41.42,40.21,40.61,1178600.0
2018-11-05,40.59,40.86,39.17,39.61,975000.0
2018-11-06,39.09,39.75,39.07,39.72,787700.0
2018-11-07,39.86,40.06,39.48,39.72,614800.0
2018-11-08,39.48,39.93,38.85,39.05,661600.0
2018-11-09,38.22,38.28,37.59,37.93,781500.0
2018-11-12,37.27,37.77,36.53,36.88,681700.0
2018-11-13,37.01,37.29,36.16,36.57,783900.0
2018-11-14,36.55,37.22,36.55,37.04,737800.0
2018-11-15,36.95,38.12,36.8,37.74,610600.0
2018-11-16,37.74,38.1,37.39,37.81,395800.0
2018-11-19,37.85,37.89,37.1,37.27,346100.0
2018-11-20,36.71,36.88,35.37,35.6,815300.0
2018-11-21,35.99,36.46,35.51,35.89,1571700.0
2018-11-23,34.86,34.86,31.17,32.12,3247300.0
2018-11-26,31.69,33.54,31.69,31.94,2497300.0
2018-11-27,31.62,33.27,31.5,32.99,1177100.0
2018-11-28,33.21,34.13,32.55,33.85,876300.0
2018-11-29,33.86,34.29,33.29,33.54,642000.0
2018-11-30,33.34,33.55,32.88,33.48,761600.0
2018-12-03,34.6,34.99,33.39,33.7,1606500.0
2018-12-04,33.78,34.05,32.71,32.81,975600.0
2018-12-06,32.0,32.43,31.26,32.41,1018900.0
2018-12-07,32.69,33.05,32.5,32.68,1068000.0
2018-12-10,32.7,32.89,32.19,32.26,957300.0
2018-12-11,32.98,33.3,31.64,32.15,793900.0
2018-12-12,32.15,32.81,31.94,31.99,885800.0
2018-12-13,32.61,32.78,31.87,32.08,701700.0
2018-12-14,31.39,32.22,31.11,31.7,740300.0
2018-12-17,31.68,32.3,31.08,31.16,755100.0
2018-12-18,31.27,31.85,30.98,31.23,1111400.0
2018-12-19,31.53,32.12,29.87,30.27,981000.0
2018-12-20,30.51,30.99,29.42,29.78,1325800.0
2018-12-21,29.89,30.61,29.8,30.2,1769800.0
2018-12-24,30.15,30.29,29.57,29.88,409500.0
2018-12-26,30.24,30.82,29.4,30.82,716300.0
2018-12-27,30.19,31.04,29.87,31.04,589700.0
2018-12-28,31.19,31.42,30.38,30.59,933600.0
2018-12-31,30.54,30.97,29.96,30.77,856000.0
2019-01-02,30.11,30.53,29.56,30.19,1867600.0
2019-01-03,30.03,30.38,29.01,29.21,1686700.0
2019-01-04,30.16,31.82,30.03,31.14,1772100.0
2019-01-07,31.24,31.89,31.12,31.32,1024100.0
2019-01-08,31.48,31.8,31.18,31.72,1070400.0
2019-01-09,31.72,32.29,31.68,31.92,1042300.0
2019-01-10,31.5,31.96,31.31,31.91,1403000.0
2019-01-11,31.84,32.03,31.35,31.71,1109100.0
2019-01-14,31.32,32.23,31.32,32.23,1123800.0
2019-01-15,32.4,32.85,30.52,30.7,1765400.0
2019-01-16,30.7,31.54,30.67,31.38,1046400.0
2019-01-17,31.2,32.22,31.2,32.01,793400.0
2019-01-18,32.28,32.67,32.08,32.29,1086600.0
2019-01-22,31.87,31.98,31.41,31.81,941500.0
2019-01-23,31.81,31.86,31.0,31.2,780600.0
2019-01-24,30.74,31.52,30.74,31.06,882600.0
2019-01-25,31.9,32.72,31.74,32.24,961100.0
2019-01-28,31.75,31.95,31.45,31.77,942600.0
2019-01-29,32.66,33.02,32.38,32.72,1518700.0
2019-01-30,33.29,33.99,32.78,33.71,1953000.0
2019-01-31,33.56,34.24,33.4,33.62,1574900.0
2019-02-01,33.37,33.82,33.22,33.47,748200.0
2019-02-04,33.39,33.95,33.24,33.77,678200.0
2019-02-05,33.65,34.57,33.65,33.94,1046400.0
2019-02-06,33.83,34.37,33.8,34.3,1085900.0
2019-02-07,34.15,34.15,32.7,32.92,1338900.0
2019-02-08,32.43,32.75,32.08,32.54,980500.0
2019-02-11,32.01,32.2,31.09,31.17,1403800.0
2019-02-12,31.1,31.7,29.98,30.2,1759800.0
2019-02-13,30.46,30.82,30.31,30.62,1218100.0
2019-02-14,30.52,31.58,30.33,31.44,1216500.0
2019-02-15,32.19,33.09,32.13,32.5,1909700.0
2019-02-19,33.57,34.94,33.25,34.41,2173700.0
2019-02-20,35.31,36.05,35.01,35.83,2491200.0
2019-02-21,35.77,35.96,35.27,35.86,1770000.0
2019-02-22,36.34,36.98,36.08,36.19,1514500.0
2019-02-25,36.39,37.14,36.35,36.88,1424100.0
2019-02-26,36.82,37.05,36.47,36.79,1166600.0
2019-02-27,36.86,37.23,36.58,36.72,939400.0
2019-02-28,36.73,36.73,35.6,35.61,957400.0
2019-03-01,35.6,36.1,35.56,35.77,1028700.0
2019-03-04,36.0,36.18,35.07,35.73,1083900.0
2019-03-05,35.71,36.3,35.55,36.25,979100.0
2019-03-06,36.32,36.51,36.11,36.13,918000.0
2019-03-07,35.89,36.08,35.59,35.77,856200.0
2019-03-08,35.37,35.91,35.0,35.84,947500.0
2019-03-11,36.12,37.08,36.02,37.03,819000.0
2019-03-12,37.27,37.89,37.27,37.83,1227100.0
2019-03-13,38.14,38.58,38.03,38.25,1193400.0
2019-03-14,37.59,38.1,37.02,37.08,1124900.0
2019-03-15,37.27,37.83,37.13,37.62,1512300.0
2019-03-18,37.82,38.29,37.82,38.07,830400.0
2019-03-19,39.16,39.57,38.66,38.84,1464800.0
2019-03-20,38.73,39.48,38.41,39.13,1368800.0
2019-03-21,39.0,39.49,38.85,39.44,609200.0
2019-03-22,38.86,38.95,37.53,37.59,819900.0
2019-03-25,37.58,38.37,37.51,37.93,659400.0
2019-03-26,38.35,39.21,38.31,39.14,811100.0
2019-03-27,39.33,39.51,38.46,38.86,846700.0
2019-03-28,38.7,39.15,38.65,39.02,551600.0
2019-03-29,39.95,40.23,39.41,39.68,887200.0
2019-04-01,40.36,40.61,40.03,40.24,775400.0
2019-04-02,40.22,40.22,39.22,39.89,692200.0
2019-04-03,40.44,40.79,40.15,40.42,797400.0
2019-04-04,40.24,41.0,40.02,41.0,913100.0
2019-04-05,41.11,41.17,40.72,41.03,517700.0
2019-04-08,40.97,41.77,40.97,41.69,521700.0
2019-04-09,41.5,41.68,40.57,40.75,625700.0
2019-04-10,40.8,41.17,40.65,41.07,438600.0
2019-04-11,40.74,40.74,39.92,40.35,965200.0
2019-04-12,40.92,41.53,40.76,41.0,727800.0
2019-04-15,40.95,41.23,40.42,40.62,692500.0
2019-04-16,40.75,41.33,40.17,41.27,588800.0
2019-04-17,41.57,42.42,41.53,41.84,679800.0
2019-04-18,41.7,41.85,40.63,41.03,887700.0
2019-04-22,40.71,40.72,40.21,40.3,646700.0
2019-04-23,40.26,40.46,40.04,40.19,828600.0
2019-04-24,40.19,40.19,38.93,39.35,1036000.0
2019-04-25,39.03,39.12,37.93,38.0,1053100.0
2019-04-26,38.09,39.21,38.08,38.93,660800.0
2019-04-29,39.01,39.43,38.59,38.87,748400.0
2019-04-30,38.81,38.9,37.65,38.42,785600.0
2019-05-01,38.02,38.6,36.68,36.7,1159200.0
2019-05-02,36.32,36.48,35.7,36.39,1254600.0
2019-05-03,36.89,37.92,36.88,37.75,894300.0
2019-05-06,36.81,37.03,36.21,36.45,1035200.0
2019-05-07,36.14,37.01,36.06,36.51,1240800.0
2019-05-08,36.24,36.8,36.07,36.31,736400.0
2019-05-09,35.89,35.99,35.14,35.43,1299800.0
2019-05-10,35.42,35.84,34.84,35.65,1447100.0
2019-05-13,34.78,34.96,34.0,34.67,953000.0
2019-05-14,34.97,35.24,34.65,35.02,686000.0
2019-05-15,34.57,35.26,34.25,35.07,528000.0
2019-05-16,35.42,35.66,35.07,35.09,686500.0
2019-05-17,34.76,34.99,34.56,34.72,622300.0
2019-05-20,34.53,34.8,34.24,34.31,493100.0
2019-05-21,34.16,34.67,34.01,34.56,556500.0
2019-05-22,34.39,34.39,33.44,33.48,983000.0
2019-05-23,32.99,33.34,32.61,33.27,1080500.0
2019-05-24,33.76,33.96,33.4,33.48,593800.0
2019-05-28,33.65,33.99,33.55,33.85,1187300.0
2019-05-29,33.47,34.19,33.34,34.16,702300.0
2019-05-30,34.26,34.56,33.89,33.94,521000.0
2019-05-31,33.34,33.86,33.15,33.73,613200.0
2019-06-03,33.93,34.79,33.89,34.7,463900.0
2019-06-04,35.0,35.46,34.57,35.44,517900.0
2019-06-05,35.71,35.78,34.72,35.08,585700.0
2019-06-06,35.27,35.43,34.88,35.24,423600.0
2019-06-07,35.43,36.28,35.28,36.05,642300.0
2019-06-10,36.46,36.57,36.09,36.36,740500.0
2019-06-11,37.37,37.76,37.07,37.21,670200.0
2019-06-12,37.0,37.42,36.89,36.92,471700.0
2019-06-13,37.16,37.66,36.95,37.43,529800.0
2019-06-14,37.27,37.42,36.86,36.99,462500.0
2019-06-17,37.02,37.49,36.72,37.26,382400.0
2019-06-18,37.73,38.89,37.73,38.61,675000.0
2019-06-19,38.49,38.85,37.83,38.23,593300.0
2019-06-20,39.0,39.33,38.63,39.0,692700.0
2019-06-21,38.99,39.36,38.85,39.25,1128900.0
2019-06-24,39.16,39.52,38.68,39.45,681800.0
2019-06-25,39.41,39.52,38.81,38.82,520300.0
2019-06-26,38.76,39.05,38.35,39.02,769000.0
2019-06-27,39.0,39.4,38.53,38.98,618100.0
2019-06-28,39.11,39.11,38.33,38.85,1004600.0
2019-07-01,39.18,39.19,38.25,38.49,726400.0
2019-07-02,38.23,38.32,37.25,38.05,935500.0
2019-07-03,38.05,38.49,37.93,38.49,390200.0
2019-07-05,37.74,38.33,37.3,38.16,423900.0
2019-07-08,38.1,38.54,37.92,37.99,589400.0
2019-07-09,37.6,37.64,36.43,37.25,1133100.0
2019-07-10,37.46,37.77,36.9,37.25,877200.0
2019-07-11,36.75,36.92,36.5,36.85,923500.0
2019-07-12,36.72,37.32,36.72,36.87,572000.0
2019-07-15,37.09,37.67,36.99,37.4,781800.0
2019-07-16,37.46,38.05,37.26,37.33,677000.0
2019-07-17,37.34,37.76,36.86,36.88,573700.0
2019-07-18,36.75,36.98,36.41,36.76,903900.0
2019-07-19,37.42,38.11,37.17,37.63,914100.0
2019-07-22,37.75,37.96,37.31,37.63,727100.0
2019-07-23,37.68,38.31,37.36,37.4,809600.0
2019-07-24,37.16,38.04,37.1,37.66,708500.0
2019-07-25,37.76,37.97,37.12,37.42,744200.0
2019-07-26,37.48,37.48,36.93,37.36,474700.0
2019-07-29,37.36,37.41,36.76,37.25,519000.0
2019-07-30,37.13,37.28,36.54,37.06,582100.0
2019-07-31,36.86,37.04,35.62,35.79,907800.0
2019-08-01,35.37,35.91,34.53,34.55,1257800.0
2019-08-02,34.02,34.45,33.06,33.11,1110000.0
2019-08-05,32.5,32.99,31.76,32.26,1076900.0
2019-08-06,32.49,32.56,31.86,32.36,927300.0
2019-08-07,31.73,32.29,31.51,32.21,948400.0
2019-08-08,32.44,33.4,32.44,33.28,1000000.0
2019-08-09,32.94,32.96,31.87,31.98,817100.0
2019-08-12,31.7,31.87,31.0,31.06,741900.0
2019-08-13,31.15,32.12,30.95,31.78,1195800.0
2019-08-14,31.11,31.22,30.6,30.62,947100.0
2019-08-15,30.46,30.82,29.53,29.82,1000500.0
2019-08-16,29.98,30.09,29.66,29.91,918800.0
2019-08-19,30.43,30.65,30.19,30.3,1192000.0
2019-08-20,30.21,30.35,29.82,30.16,773500.0
2019-08-21,30.18,30.49,29.83,29.92,931200.0
2019-08-22,30.18,30.36,30.0,30.17,784400.0
2019-08-23,29.97,30.48,29.44,29.55,872800.0
2019-08-26,29.7,29.83,29.39,29.53,725400.0
2019-08-27,29.81,30.11,29.65,29.82,1670900.0
2019-08-28,29.8,30.61,29.47,30.39,782800.0
2019-08-29,31.0,31.6,30.9,31.16,1293000.0
2019-08-30,31.49,31.88,31.28,31.6,934400.0
2019-09-03,31.0,31.35,30.74,31.26,776400.0
2019-09-04,31.99,32.19,31.5,31.6,538300.0
2019-09-05,31.9,33.05,31.87,32.95,1171000.0
2019-09-06,33.0,33.56,32.71,33.11,942800.0
2019-09-09,33.27,33.65,33.1,33.6,806400.0
2019-09-10,33.73,34.52,33.47,34.51,740400.0
2019-09-11,34.69,34.81,33.65,34.56,592800.0
2019-09-12,34.79,35.5,34.13,35.33,671200.0
2019-09-13,36.1,36.41,35.34,35.7,1127600.0
2019-09-16,35.65,35.65,34.84,35.14,852000.0
2019-09-17,34.87,35.05,34.55,34.92,480600.0
2019-09-18,34.8,35.01,34.35,34.68,890900.0
2019-09-19,34.58,35.03,34.52,34.67,444100.0
2019-09-20,34.8,35.14,34.45,34.49,787800.0
2019-09-23,34.04,34.64,33.75,34.57,748300.0
2019-09-24,34.76,35.0,33.43,33.59,676900.0
2019-09-25,33.49,34.37,33.35,34.2,587900.0
2019-09-26,33.94,34.14,33.78,33.91,423800.0
2019-09-27,34.02,34.34,33.77,34.1,701100.0
2019-09-30,34.01,34.26,33.83,34.13,696300.0
2019-10-01,33.93,34.15,33.0,33.1,923500.0
2019-10-02,32.61,32.7,32.1,32.53,641100.0
2019-10-03,32.32,32.83,32.18,32.73,481300.0
2019-10-04,32.67,33.03,32.54,33.0,461600.0
2019-10-07,33.04,33.51,32.81,33.0,437000.0
2019-10-08,32.66,32.8,32.25,32.35,653900.0
2019-10-09,32.7,32.7,32.05,32.43,525600.0
2019-10-10,32.89,33.55,32.53,33.28,649600.0
2019-10-11,33.91,34.79,33.64,34.49,801900.0
2019-10-14,34.0,35.2,33.82,34.91,723400.0
2019-10-15,34.67,34.97,34.14,34.2,582800.0
2019-10-16,34.08,34.63,34.01,34.09,448300.0
2019-10-17,34.32,34.47,33.46,33.56,837500.0
2019-10-18,33.67,34.43,33.67,33.88,565300.0
2019-10-21,34.48,34.96,34.41,34.95,728500.0
2019-10-22,34.77,35.41,34.68,35.34,566200.0
2019-10-23,35.86,36.16,35.42,36.08,893300.0
2019-10-24,36.33,36.94,35.2,35.43,1168800.0
2019-10-25,35.64,36.08,35.45,35.97,569600.0
2019-10-28,36.29,36.7,36.12,36.41,782900.0
2019-10-29,36.11,36.74,36.07,36.73,1312400.0
2019-10-30,36.55,36.72,35.93,36.52,1101700.0
2019-10-31,36.26,36.42,35.38,35.58,804900.0
2019-11-01,35.93,37.36,35.93,37.35,757100.0
2019-11-04,37.8,38.21,37.71,38.13,766800.0
2019-11-05,38.08,38.58,37.7,37.97,847000.0
2019-11-06,37.64,37.64,36.84,36.94,763900.0
2019-11-07,37.37,38.18,37.3,38.02,950300.0
2019-11-08,37.78,38.02,37.56,37.79,462900.0
2019-11-11,37.37,38.14,37.19,38.08,691900.0
2019-11-12,38.18,38.36,37.76,37.78,646400.0
2019-11-13,37.37,37.89,37.33,37.34,481200.0
2019-11-14,37.24,37.66,36.91,37.16,400100.0
2019-11-15,37.28,37.99,37.28,37.72,378200.0
2019-11-18,37.42,37.69,37.07,37.3,520300.0
2019-11-19,37.87,37.87,36.89,37.59,507600.0
2019-11-20,37.46,37.66,36.92,36.97,720600.0
2019-11-21,36.92,37.45,36.8,37.1,620700.0
2019-11-22,37.38,38.15,37.18,37.9,656600.0
2019-11-25,38.13,38.44,37.92,38.2,406600.0
2019-11-26,38.14,38.42,37.88,38.08,826700.0
2019-11-27,38.1,38.65,37.8,38.52,468400.0
2019-11-29,38.63,38.77,37.85,38.03,361700.0
2019-12-02,37.99,38.32,37.62,37.95,693500.0
2019-12-03,37.12,37.5,36.8,36.99,1640000.0
2019-12-04,37.48,38.24,37.48,37.7,767000.0
2019-12-05,37.83,38.47,37.74,38.39,638700.0
2019-12-06,39.0,39.29,38.77,38.81,683100.0
2019-12-09,38.95,39.46,38.94,39.38,567500.0
2019-12-10,39.47,39.77,39.34,39.64,682200.0
2019-12-11,39.82,40.62,39.75,40.56,889800.0
2019-12-12,40.05,41.27,39.93,41.22,756300.0
2019-12-13,41.51,42.06,41.19,41.49,1044700.0
2019-12-16,42.12,42.22,41.18,41.23,660200.0
2019-12-17,40.83,42.08,40.51,42.01,932100.0
2019-12-18,42.05,42.73,42.03,42.63,1292700.0
2019-12-19,42.65,42.86,42.5,42.85,650700.0
2019-12-20,42.86,43.0,42.29,42.29,1168700.0
2019-12-23,42.35,42.68,42.25,42.67,458500.0
2019-12-24,42.8,42.87,42.55,42.59,212200.0
2019-12-26,42.78,43.21,42.75,43.19,273800.0
2019-12-27,43.38,43.38,42.53,42.57,290000.0
2019-12-30,42.57,42.73,42.28,42.49,329000.0
2019-12-31,42.51,42.53,42.27,42.48,530200.0
2020-01-02,42.96,43.04,42.48,42.71,420300.0
2020-01-03,42.01,42.38,41.39,41.55,793300.0
2020-01-06,41.5,41.69,41.12,41.62,592400.0
2020-01-07,41.41,41.88,41.35,41.68,592900.0
2020-01-08,41.8,42.01,41.5,41.92,592900.0
2020-01-09,41.99,42.33,41.79,42.24,575400.0
2020-01-10,42.24,43.21,42.24,42.99,737000.0
2020-01-13,43.21,44.48,43.0,44.41,649200.0
2020-01-14,44.29,44.82,43.99,44.29,717700.0
2020-01-15,44.07,44.17,43.53,43.82,448900.0
2020-01-16,44.16,44.37,43.23,43.5,723600.0
2020-01-17,43.91,44.19,43.56,43.93,675200.0
2020-01-21,43.25,43.41,42.12,42.26,1027500.0
2020-01-22,42.42,42.59,41.61,41.85,916300.0
2020-01-23,41.0,41.08,39.69,41.0,1584500.0
2020-01-24,40.77,40.77,39.65,39.85,1148600.0
2020-01-27,38.86,39.07,37.9,37.97,1141400.0
2020-01-28,38.33,39.0,37.79,38.87,895500.0
2020-01-29,38.99,39.25,38.58,38.61,704600.0
2020-01-30,38.14,38.89,37.97,38.87,716900.0
2020-01-31,38.36,38.41,37.62,37.68,1067200.0
2020-02-03,38.13,38.37,37.63,38.2,756900.0
2020-02-04,39.16,40.05,39.16,40.01,1160300.0
2020-02-05,40.88,41.08,39.94,40.14,635400.0
2020-02-06,40.59,40.61,39.41,39.59,570500.0
2020-02-07,38.9,39.13,38.5,38.64,496500.0
2020-02-10,38.41,38.56,38.0,38.34,951300.0
2020-02-11,38.86,39.42,38.68,38.94,935400.0
2020-02-12,39.56,39.72,39.02,39.51,627100.0
2020-02-13,39.48,39.67,39.09,39.46,556900.0
2020-02-14,39.42,39.73,38.77,39.26,493800.0
2020-02-18,38.31,38.49,37.61,38.16,824500.0
2020-02-19,38.28,39.0,38.21,38.83,450900.0
2020-02-20,38.61,39.24,38.3,38.3,407800.0
2020-02-21,38.04,38.11,37.44,37.85,512300.0
2020-02-24,36.15,36.25,35.53,36.14,1029900.0
2020-02-25,36.35,36.43,34.98,35.05,1054100.0
2020-02-26,35.3,35.76,34.81,35.03,882600.0
2020-02-27,34.03,34.83,33.35,33.57,1548500.0
2020-02-28,32.14,33.76,31.89,33.65,1638400.0
2020-03-02,33.95,35.25,33.25,35.15,1266800.0
2020-03-03,35.31,35.92,34.1,34.67,1754100.0
2020-03-04,35.45,36.12,34.93,35.81,1062700.0
2020-03-05,34.93,35.49,34.83,35.36,910800.0
2020-03-06,34.36,35.34,34.14,35.26,1073800.0
2020-03-09,32.48,32.77,30.86,32.01,1294100.0
2020-03-10,33.26,35.64,33.16,35.24,1450700.0
2020-03-11,34.0,34.13,31.11,31.53,1388500.0
2020-03-12,29.41,29.41,26.14,26.58,1888100.0
2020-03-13,28.52,29.37,27.45,29.29,1301300.0
2020-03-16,25.87,28.12,25.75,27.63,1219800.0
2020-03-17,27.92,30.22,27.26,27.89,2085000.0
2020-03-18,25.77,28.3,24.49,25.9,1569300.0
2020-03-19,25.52,27.53,24.5,27.13,1270700.0
2020-03-20,27.63,27.87,25.14,25.41,1533600.0
2020-03-23,25.02,25.4,23.43,23.53,1434500.0
2020-03-24,24.77,26.94,24.66,26.57,1060900.0
2020-03-25,26.59,28.77,25.67,27.5,1028200.0
2020-03-26,27.88,28.71,27.57,28.41,912200.0
2020-03-27,27.13,27.54,26.38,26.59,716000.0
2020-03-30,26.83,27.69,26.15,27.62,747100.0
2020-03-31,27.76,29.14,27.66,28.16,867000.0
2020-04-01,26.83,27.77,26.39,26.54,1027600.0
2020-04-02,26.95,28.17,26.38,27.34,747600.0
2020-04-03,27.06,27.6,26.58,26.8,868600.0
2020-04-06,28.59,28.6,27.57,28.4,736000.0
2020-04-07,29.79,30.4,29.19,29.54,1327700.0
2020-04-08,29.66,30.37,29.38,30.18,674600.0
2020-04-09,30.78,31.79,30.43,31.12,909700.0
2020-04-13,31.21,31.57,29.86,30.88,832900.0
2020-04-14,31.56,32.27,30.55,31.0,751600.0
2020-04-15,29.34,29.98,28.85,28.87,867500.0
2020-04-16,29.01,29.38,28.12,28.36,817200.0
2020-04-17,29.42,30.36,29.42,30.26,717400.0
2020-04-20,29.91,30.62,29.42,29.59,1012100.0
2020-04-21,28.21,29.32,28.05,29.02,660200.0
2020-04-22,29.89,30.16,29.36,30.13,693800.0
2020-04-23,30.44,31.29,30.23,30.88,830000.0
2020-04-24,31.47,31.83,30.6,30.75,728900.0
2020-04-27,31.2,32.6,30.89,32.57,1330600.0
2020-04-28,33.67,33.67,32.9,33.36,1140900.0
2020-04-29,34.36,34.78,34.06,34.64,568500.0
2020-04-30,33.91,34.04,32.28,32.44,1115200.0
2020-05-01,31.47,32.01,31.22,31.76,536700.0
2020-05-04,31.64,32.36,31.12,32.34,854500.0
2020-05-05,32.91,33.5,32.26,32.34,926000.0
2020-05-06,32.65,32.85,32.26,32.42,630900.0
2020-05-07,32.95,33.64,32.26,32.91,828100.0
2020-05-08,33.57,34.58,33.27,34.45,636800.0
2020-05-11,33.53,34.09,33.21,33.87,658900.0
2020-05-12,33.98,34.6,33.04,33.08,551700.0
2020-05-13,33.24,33.45,32.23,32.6,683300.0
2020-05-14,31.85,33.39,31.38,32.94,1326900.0
2020-05-15,32.82,33.71,32.59,32.81,735600.0
2020-05-18,34.23,35.89,34.23,35.63,792300.0
2020-05-19,35.71,36.25,35.37,35.91,631500.0
2020-05-20,36.5,36.73,35.89,36.04,592700.0
2020-05-21,35.73,35.9,35.05,35.48,404200.0
2020-05-22,34.88,35.34,34.87,35.18,527400.0
2020-05-26,36.53,36.53,35.48,35.97,669700.0
2020-05-27,36.26,36.88,35.46,36.3,936400.0
2020-05-28,36.9,37.11,36.57,36.79,993800.0
2020-05-29,36.93,36.93,35.55,36.3,1445200.0
2020-06-01,36.13,37.21,36.1,36.85,617400.0
2020-06-02,37.32,38.01,37.01,37.51,762200.0
2020-06-03,37.95,38.82,37.61,38.29,1029900.0
2020-06-04,38.13,38.73,37.67,38.08,850900.0
2020-06-05,39.48,40.31,38.73,38.95,981600.0
2020-06-08,38.71,39.29,38.19,38.79,930800.0
2020-06-09,37.92,39.14,37.42,38.93,611300.0
2020-06-10,39.21,39.86,38.63,39.45,698800.0
2020-06-11,37.79,37.94,35.91,36.07,1192300.0
2020-06-12,37.77,37.93,36.33,37.02,915400.0
2020-06-15,35.9,37.58,35.45,37.22,853200.0
2020-06-16,38.02,38.39,36.79,37.33,577000.0
2020-06-17,37.35,37.87,37.33,37.6,525500.0
2020-06-18,37.01,37.35,36.41,36.88,761200.0
2020-06-19,37.58,37.82,36.93,37.8,1541600.0
2020-06-22,37.38,37.77,36.97,37.43,897500.0
2020-06-23,38.08,38.58,37.9,38.32,548700.0
2020-06-24,37.99,38.1,37.2,37.48,800000.0
2020-06-25,37.49,38.35,37.17,38.32,621000.0
2020-06-26,38.19,38.46,37.38,37.72,1387300.0
2020-06-29,38.04,38.58,37.94,38.37,400000.0
2020-06-30,38.27,39.91,38.09,39.77,1193000.0
2020-07-01,39.86,39.93,38.13,38.59,921100.0
2020-07-02,39.37,39.88,38.88,38.91,560700.0
2020-07-06,40.0,40.74,39.53,40.74,1159800.0
2020-07-07,40.38,40.67,39.97,40.0,1292400.0
2020-07-08,40.4,40.82,39.91,40.65,762500.0
2020-07-09,41.0,41.0,39.93,40.33,723800.0
2020-07-10,40.61,41.69,40.0,41.66,880600.0
2020-07-13,42.38,42.58,40.84,41.19,1162000.0
2020-07-14,40.92,42.55,40.72,42.47,986000.0
2020-07-15,43.0,43.16,42.19,42.81,949100.0
2020-07-16,42.25,43.09,41.92,42.63,685355.0
2020-07-17,43.03,43.83,42.58,43.68,666548.0
2020-07-20,43.51,43.96,43.04,43.79,795292.0
2020-07-21,43.87,44.23,43.17,43.25,660124.0
2020-07-22,43.49,43.9,42.98,43.72,870168.0
2020-07-23,43.94,44.36,43.11,43.37,615294.0
2020-07-24,42.94,43.33,42.25,43.08,928759.0
2020-07-27,43.63,46.15,43.3,46.07,1040695.0
2020-07-28,45.44,45.58,44.37,44.88,964234.0
2020-07-29,44.97,45.67,43.57,44.27,794851.0
2020-07-30,43.27,44.085,43.075,43.83,877856.0
2020-07-31,43.76,43.905,43.15,43.71,661889.0
2020-08-03,44.24,44.57,43.71,44.16,666330.0
2020-08-04,42.85,43.58,42.02,43.57,1083299.0
2020-08-05,44.75,45.72,44.75,45.28,654440.0
2020-08-06,45.65,46.61,45.1,46.17,919760.0
2020-08-07,45.59,45.79,44.54,45.06,835225.0
2020-08-10,45.45,46.2,45.29,45.85,634409.0
2020-08-11,45.46,45.56,44.34,44.52,908151.0
2020-08-12,45.31,45.76,45.03,45.33,707174.0
2020-08-13,45.0,45.78,44.52,44.87,659305.0
2020-08-14,44.81,45.21,44.62,45.19,500803.0
2020-08-17,46.0,46.72,45.73,45.93,540272.0
2020-08-18,46.75,47.43,46.54,46.55,821344.0
2020-08-19,46.86,47.5451,46.66,46.73,762026.0
2020-08-20,46.03,46.54,45.61,46.5,499442.0
2020-08-21,45.92,46.24,45.72,45.99,458118.0
2020-08-24,46.67,46.81,46.03,46.61,469858.0
2020-08-25,46.78,46.9,45.97,46.28,407884.0
2020-08-26,46.51,47.25,46.45,47.18,394734.0
2020-08-27,47.57,47.6695,46.06,46.32,461342.0
2020-08-28,47.23,48.52,46.925,48.21,617736.0
2020-08-31,48.54,48.695,48.02,48.1,783174.0
2020-09-01,48.46,49.19,48.01,48.52,1273403.0
2020-09-02,48.57,48.625,47.41,47.98,761386.0
2020-09-03,47.27,47.27,45.47,46.6,871359.0
2020-09-04,47.18,47.51,45.96,46.98,630532.0
2020-09-08,45.91,46.53,44.93,45.8,790888.0
2020-09-09,46.66,47.37,46.45,46.87,1062508.0
2020-09-10,46.76,47.01,45.37,45.48,843621.0
2020-09-11,46.33,47.215,46.18,46.89,948923.0
2020-09-14,47.64,47.95,47.26,47.33,733447.0
2020-09-15,47.99,48.25,47.2,47.29,538752.0
2020-09-16,47.61,47.88,46.94,47.05,712794.0
2020-09-17,46.49,47.34,46.2,47.19,796838.0
2020-09-18,47.41,47.46,46.395,46.48,1078710.0
2020-09-21,45.37,45.5,44.12,45.17,981351.0
2020-09-22,45.63,45.85,44.75,45.39,675896.0
2020-09-23,45.08,45.3514,43.93,43.95,785642.0
2020-09-24,43.6,45.1,43.26,44.55,791332.0
2020-09-25,44.17,44.62,43.98,44.48,636088.0
2020-09-28,45.44,45.74,44.85,44.89,820869.0
2020-09-29,44.75,45.01,44.43,44.45,993914.0
2020-09-30,44.83,45.42,44.61,45.27,1354812.0
2020-10-01,45.44,45.69,44.15,44.49,868305.0
2020-10-02,43.65,46.26,43.63,45.63,697876.0
2020-10-05,45.85,47.15,45.77,46.79,776742.0
2020-10-06,46.85,46.94,45.57,45.61,728206.0
2020-10-07,46.57,48.14,46.37,47.15,794878.0
2020-10-08,47.51,47.79,46.865,47.43,451000.0
2020-10-09,48.26,48.48,47.77,48.08,912932.0
2020-10-12,48.0,48.1,47.53,47.96,391963.0
2020-10-13,47.9,48.03,47.18,47.39,471936.0
2020-10-14,46.42,47.82,45.88,47.56,495766.0
2020-10-15,46.83,48.38,46.8,47.98,710799.0
2020-10-16,48.35,48.54,47.88,47.94,627227.0
2020-10-19,48.15,49.06,47.6406,47.8,649927.0
2020-10-20,48.43,49.7,48.12,49.26,1073297.0
2020-10-21,49.72,50.675,49.54,49.91,1135670.0
2020-10-22,49.91,50.7,49.7159,50.27,1024425.0
2020-10-23,50.44,52.19,50.165,51.95,1004062.0
2020-10-26,51.1,52.01,50.38,51.13,752508.0
2020-10-27,51.25,52.65,51.15,51.95,1547457.0
2020-10-28,50.62,51.8,49.9,51.42,915233.0
2020-10-29,51.02,52.56,50.83,52.51,1134715.0
2020-10-30,52.3,52.98,51.92,52.34,1113845.0
2020-11-02,52.87,54.29,52.7891,54.21,1202091.0
2020-11-03,54.85,54.94,53.61,53.92,728204.0
2020-11-04,54.04,54.2,52.71,52.88,563280.0
2020-11-05,53.76,54.65,53.58,54.25,834314.0
2020-11-06,54.89,55.34,54.51,55.13,576788.0
2020-11-09,56.13,56.98,54.64,54.66,1309595.0
2020-11-10,54.43,54.86,53.51,54.16,861946.0
2020-11-11,54.2,54.42,53.73,54.14,636427.0
2020-11-12,54.41,55.32,53.29,53.58,991576.0
2020-11-13,54.13,54.45,53.87,54.39,988092.0
2020-11-16,55.29,55.99,55.05,55.54,668896.0
2020-11-17,55.54,56.48,55.035,56.09,1323689.0
2020-11-18,56.38,56.64,55.32,55.87,602923.0
2020-11-19,55.62,56.21,54.91,56.05,438970.0
2020-11-20,56.69,57.45,56.51,56.83,952891.0
2020-11-23,57.63,58.32,57.4699,58.15,840653.0
2020-11-24,58.81,59.99,58.71,59.51,1114225.0
2020-11-25,59.3,60.2,58.66,59.98,666585.0
2020-11-27,60.55,61.28,60.38,60.85,488866.0
2020-11-30,60.63,61.19,59.35,59.37,1677007.0
2020-12-01,60.5,60.98,59.785,60.15,958994.0
2020-12-02,60.2,60.74,59.64,60.2,1169076.0
2020-12-03,60.71,61.19,60.084,60.31,950372.0
2020-12-04,60.72,61.34,60.69,61.02,867413.0
2020-12-07,60.69,60.83,58.94,59.26,759173.0
2020-12-08,58.9,60.74,58.9,60.31,998667.0
2020-12-09,60.55,60.79,58.66,59.48,951550.0
2020-12-10,59.22,59.89,58.88,59.17,947385.0
2020-12-11,58.74,59.87,58.71,59.76,525638.0
2020-12-14,60.15,60.27,58.7,59.23,666377.0
2020-12-15,60.48,60.58,60.0,60.53,495954.0
2020-12-16,61.01,62.8755,60.7,61.77,1016064.0
2020-12-17,62.56,63.6,62.5,62.91,1074325.0
2020-12-18,62.97,63.41,62.27,62.75,1079484.0
2020-12-21,61.44,63.835,61.0097,63.79,751926.0
2020-12-22,63.6,63.66,62.46,63.1,704980.0
2020-12-23,63.43,64.46,63.395,64.41,964716.0
2020-12-24,64.74,64.98,64.02,64.1,350688.0
2020-12-28,65.0,65.18,63.2414,63.53,407025.0
2020-12-29,63.68,64.5,63.1954,64.27,514744.0
2020-12-30,64.27,65.88,64.27,65.82,730725.0
2020-12-31,65.9,65.9,64.762,65.12,467192.0
2021-01-04,67.38,68.5,66.85,67.27,1363340.0
2021-01-05,66.95,68.22,66.85,68.16,990547.0
2021-01-06,68.57,69.7,68.12,68.95,1061875.0
2021-01-07,70.0,71.35,69.755,71.18,1215457.0
2021-01-08,71.09,71.46,69.95,71.44,861098.0
2021-01-11,69.18,71.33,68.58,70.66,831498.0
2021-01-12,71.0,71.98,70.05,71.81,813457.0
2021-01-13,71.79,71.79,70.08,70.24,459015.0
2021-01-14,70.24,71.69,68.8,71.0,720602.0
2021-01-15,69.66,70.57,68.78,69.11,634773.0
2021-01-19,70.24,71.64,70.04,70.9,1015195.0
2021-01-20,72.0,72.0,70.07,70.27,724463.0
2021-01-21,70.2,70.78,69.65,70.41,485642.0
2021-01-22,69.12,71.29,68.43,71.02,641214.0
2021-01-25,71.55,71.74,68.9,69.79,829835.0
2021-01-26,70.68,71.23,69.4,69.75,891325.0
2021-01-27,68.02,68.4,66.3169,67.4,1051878.0
2021-01-28,68.4,69.815,67.845,69.15,1044080.0
2021-01-29,69.79,69.85,66.32,66.41,1188755.0
2021-02-01,67.75,68.95,66.86,68.87,877205.0
2021-02-02,68.87,68.99,67.12,68.13,883664.0
2021-02-03,68.81,68.9,67.84,67.89,1036745.0
2021-02-04,67.94,69.6,67.57,69.52,654253.0
2021-02-05,69.95,72.27,69.69,71.46,1346155.0
2021-02-08,72.25,73.19,71.0301,71.23,921703.0
2021-02-09,70.4,71.19,69.375,71.06,659307.0
2021-02-10,72.47,72.92,70.66,71.5,781339.0
2021-02-11,71.19,72.15,69.77,70.65,547131.0
2021-02-12,70.42,72.5,70.32,72.46,646792.0
2021-02-16,75.0,75.07,72.64,73.02,1019952.0
2021-02-17,73.32,74.737,72.9131,74.33,1183522.0
2021-02-18,75.22,76.14,73.815,74.51,1171008.0
2021-02-19,76.05,79.49,75.725,79.42,1906366.0
2021-02-22,81.99,83.15,80.76,81.53,1931541.0
2021-02-23,79.43,79.94,76.04,79.27,1688162.0
2021-02-24,79.16,79.2,77.66,78.48,1400136.0
2021-02-25,77.87,78.4,75.03,75.08,1252415.0
2021-02-26,74.41,74.75,70.98,71.33,2401913.0
2021-03-01,72.82,75.27,72.6,74.89,1306339.0
2021-03-02,75.53,76.855,74.59,76.14,1344446.0
2021-03-03,75.78,78.13,75.49,76.99,1122182.0
2021-03-04,75.56,75.71,70.08,71.4,1873880.0
2021-03-05,72.98,74.07,70.12,73.74,1037743.0
2021-03-08,73.56,74.34,72.5,72.53,675889.0
2021-03-09,71.94,73.5,70.67,72.97,1341901.0
2021-03-10,73.09,76.01,72.75,75.14,1255565.0
2021-03-11,77.14,79.62,76.43,78.21,1676989.0
2021-03-12,77.01,78.3585,76.635,77.99,575069.0
2021-03-15,77.77,78.2,74.92,75.77,1154209.0
2021-03-16,75.98,75.98,73.62,73.8,1073503.0
2021-03-17,73.11,74.81,72.5614,74.28,739245.0
2021-03-18,74.2,75.0795,72.87,72.94,883289.0
2021-03-19,72.75,73.11,71.1,72.14,1420911.0
2021-03-22,72.46,72.69,71.21,72.08,679165.0
2021-03-23,70.97,71.7,67.891,68.17,1844287.0
2021-03-24,69.11,69.92,67.07,67.48,1656401.0
2021-03-25,65.23,66.31,63.95,65.82,2317452.0
2021-03-26,67.64,69.61,66.95,69.42,1468876.0
2021-03-29,68.99,69.075,67.47,68.08,1233545.0
2021-03-30,67.82,68.67,67.42,68.09,1102637.0
2021-03-31,69.05,69.17,67.82,67.87,929164.0
2021-04-01,68.5,69.55,68.1,69.41,1121384.0
2021-04-05,70.8,72.85,70.6,71.7,1345028.0
2021-04-06,71.92,73.29,71.1,71.4,1199830.0
2021-04-07,71.19,71.52,70.3868,70.84,900644.0
2021-04-08,71.21,73.0,70.385,72.47,936978.0
2021-04-09,71.81,71.83,70.15,70.98,850472.0
2021-04-12,70.55,70.72,69.89,70.39,947663.0
2021-04-13,70.4,71.52,69.97,70.92,678739.0
2021-04-14,72.03,74.4299,71.79,73.43,906989.0
2021-04-15,74.48,74.96,73.16,74.87,1476158.0
2021-04-16,75.15,76.73,75.15,76.2,941496.0
2021-04-19,76.69,77.71,73.76,74.51,1331691.0
2021-04-20,74.02,74.285,70.87,71.39,1332289.0
2021-04-21,69.29,72.27,68.88,72.07,1532699.0
2021-04-22,71.59,71.59,68.94,69.12,1453747.0
2021-04-23,70.34,71.83,70.0301,71.64,1072867.0
2021-04-26,72.42,73.455,71.81,72.89,1239669.0
2021-04-27,72.77,73.3782,72.17,72.98,1132330.0
2021-04-28,72.84,73.21,71.21,73.02,695727.0
2021-04-29,73.8,73.9,71.14,72.01,726017.0
2021-04-30,71.09,72.2545,69.17,69.41,1659452.0
2021-05-03,70.26,70.755,69.5,69.58,1077188.0
2021-05-04,69.61,70.0,68.3801,69.64,852564.0
2021-05-05,70.58,72.9,70.02,72.54,913499.0
2021-05-06,73.12,73.1725,71.59,72.82,1233365.0
2021-05-07,73.97,77.0,73.35,76.87,1819609.0
2021-05-10,79.12,83.29,79.0,80.45,4687629.0
2021-05-11,78.33,81.75,76.85,81.41,2156403.0
2021-05-12,80.89,82.04,78.37,78.7,1544791.0
2021-05-13,78.0,80.41,75.68,77.15,1288520.0
2021-05-14,76.85,77.6629,74.8,76.3,1313450.0
2021-05-17,76.5,78.51,75.56,78.35,1366403.0
2021-05-18,79.81,80.07,76.52,76.56,1239224.0
2021-05-19,73.5,74.3103,70.47,71.0,2332319.0
2021-05-20,71.81,72.29,70.35,70.92,1046496.0
2021-05-21,71.31,71.68,68.55,69.44,1888788.0
2021-05-24,69.15,69.3,67.8,68.05,1261962.0
2021-05-25,67.85,68.42,66.83,66.99,1175930.0
2021-05-26,67.36,68.07,66.83,67.25,1616697.0
2021-05-27,68.76,70.17,68.55,69.19,1891761.0
2021-05-28,69.02,70.025,68.13,69.74,1736637.0
2021-06-01,71.79,72.4068,70.75,71.67,1695343.0
2021-06-02,71.39,72.29,70.46,71.86,1585129.0
2021-06-03,70.56,70.91,68.6894,69.4,1543813.0
2021-06-04,70.03,71.435,69.04,71.15,1560114.0
2021-06-07,70.45,70.91,67.28,68.24,2113216.0
2021-06-08,68.52,69.83,67.99,68.86,1599729.0
2021-06-09,68.81,68.81,66.52,66.59,1835476.0
2021-06-10,67.0,67.92,66.51,66.98,1508888.0
2021-06-11,68.3,69.1,66.77,66.95,1493908.0
2021-06-14,66.61,66.64,65.3,65.8,1307183.0
2021-06-15,64.62,64.62,62.2,63.14,3706552.0
2021-06-16,62.49,62.97,61.91,62.68,2218946.0
2021-06-17,62.06,62.3,58.45,59.41,2965253.0
2021-06-18,59.36,60.04,59.005,59.48,2404707.0
2021-06-21,60.22,61.78,60.05,61.66,1749755.0
2021-06-22,62.05,62.589,61.11,62.3,1599525.0
2021-06-23,63.49,64.48,62.72,63.01,1838103.0
2021-06-24,63.43,64.37,62.95,63.66,1015782.0
2021-06-25,64.65,65.6,64.22,64.42,2307621.0
2021-06-28,64.7,64.8479,63.7713,64.45,1167762.0
2021-06-29,64.55,65.04,63.94,65.02,1196872.0
2021-06-30,64.81,65.025,64.17,64.32,1061132.0
2021-07-01,65.08,65.32,62.89,63.18,1217358.0
2021-07-02,63.4,64.39,63.11,64.19,682538.0
2021-07-06,64.38,64.38,61.88,62.44,1340741.0
2021-07-07,63.21,64.04,62.33,63.99,1304633.0
2021-07-08,62.31,63.46,61.36,62.89,1030057.0
2021-07-09,64.31,65.53,63.72,65.18,1071427.0
2021-07-12,64.19,65.52,63.7501,65.07,1245524.0
2021-07-13,64.7,65.29,63.96,64.39,899305.0
2021-07-14,65.09,65.55,63.21,63.8,884400.0
2021-07-15,64.65,65.55,63.25,63.96,940552.0
2021-07-16,63.0,63.48,61.51,61.95,1518091.0
2021-07-19,60.0,60.99,59.39,60.87,1373240.0
2021-07-20,60.85,62.14,60.15,62.04,953394.0
2021-07-21,62.25,63.995,62.25,63.55,1131360.0
2021-07-22,63.98,63.98,62.675,63.07,946409.0
2021-07-23,63.27,63.4,62.01,63.08,1000704.0
2021-07-26,63.85,65.65,63.59,64.7,1419447.0
2021-07-27,64.22,65.26,63.35,64.99,926475.0
2021-07-28,65.42,65.967,64.79,65.18,1298793.0
2021-07-29,66.49,67.75,66.3201,67.71,1236819.0
2021-07-30,67.06,67.58,65.16,65.64,1711975.0
2021-08-02,66.9,67.57,64.53,64.62,1495167.0
2021-08-03,64.99,65.9,64.44,65.45,931084.0
2021-08-04,65.0,65.39,64.61,64.66,711364.0
2021-08-05,64.0,65.24,63.78,65.04,792879.0
2021-08-06,65.36,66.36,64.98,65.41,758444.0
2021-08-09,64.81,65.31,64.02,65.23,668199.0
2021-08-10,65.19,66.8,65.0588,66.53,994339.0
2021-08-11,66.05,67.3,65.765,66.54,1067423.0
2021-08-12,66.28,66.28,65.44,66.01,849462.0
2021-08-13,66.2,67.25,66.1,67.21,907481.0
2021-08-16,65.81,65.95,64.0327,64.84,691618.0
2021-08-17,64.0,64.1564,62.12,63.13,931867.0
2021-08-18,62.17,63.75,61.8,62.52,961957.0
2021-08-19,60.84,61.36,60.325,60.87,985245.0
2021-08-20,60.75,61.42,60.41,60.79,903622.0
2021-08-23,61.8,62.99,61.16,62.7,959907.0
2021-08-24,63.77,64.18,62.76,63.06,1202134.0
2021-08-25,62.75,63.27,62.375,62.43,544393.0
2021-08-26,61.88,62.0,60.87,61.2,833799.0
2021-08-27,61.71,63.24,61.64,63.0,903765.0
2021-08-30,63.315,63.6712,62.555,63.04,774674.0
2021-08-31,63.22,63.39,61.87,62.59,822446.0
2021-09-01,61.87,62.2467,60.73,61.73,782680.0
2021-09-02,62.16,62.94,62.02,62.4,768450.0
2021-09-03,62.76,63.13,62.29,62.64,498206.0
2021-09-07,62.37,63.28,62.12,62.37,648753.0
2021-09-08,62.01,62.31,60.0,60.01,884164.0
2021-09-09,60.05,60.88,59.54,60.19,657558.0
2021-09-10,61.26,63.33,61.26,61.87,832800.0
2021-09-13,62.6,62.6,61.08,61.48,548322.0
2021-09-14,61.29,61.53,60.29,60.77,560185.0
2021-09-15,61.49,62.41,61.26,62.34,535073.0
2021-09-16,60.85,60.93,58.825,59.14,1070999.0
2021-09-17,59.06,59.225,57.92,58.51,1525363.0
2021-09-20,56.0,56.97,54.92,56.88,1303143.0
2021-09-21,57.33,57.4,55.551,56.45,1266377.0
2021-09-22,57.52,58.09,56.67,56.75,800489.0
2021-09-23,56.75,57.93,56.75,57.14,1038446.0
2021-09-24,56.71,58.22,56.71,57.95,656260.0
2021-09-27,58.0,59.37,57.86,59.25,978476.0
2021-09-28,58.73,58.73,56.99,58.2,675436.0
2021-09-29,58.81,58.86,57.05,57.17,899702.0
2021-09-30,56.54,56.87,55.55,56.14,1404439.0
2021-10-01,56.79,57.2299,55.53,56.79,816839.0
2021-10-04,57.75,57.87,56.35,56.52,749782.0
2021-10-05,56.4,56.66,55.6,56.24,936727.0
2021-10-06,55.54,56.635,55.3,56.2,1282332.0
2021-10-07,57.35,58.9623,57.35,58.31,1055750.0
2021-10-08,58.94,58.99,57.85,58.6,990028.0
2021-10-11,60.21,60.79,58.94,58.98,1254657.0
2021-10-12,58.87,59.15,58.33,58.89,871426.0
2021-10-13,59.21,60.16,58.95,59.5,1370209.0
2021-10-14,60.95,63.42,60.54,62.99,1986524.0
2021-10-15,63.79,66.9,63.05,66.21,2403374.0
2021-10-18,64.54,65.78,64.12,65.12,1088135.0
2021-10-19,65.54,66.42,64.97,66.11,1128404.0
2021-10-20,65.65,66.13,65.36,65.7,1084283.0
2021-10-21,64.5,64.78,63.01,64.35,962212.0
2021-10-22,65.89,65.97,63.87,64.14,1003810.0
2021-10-25,64.41,65.91,63.84,65.59,829069.0
2021-10-26,65.5,65.62,64.12,64.38,788416.0
2021-10-27,63.0,63.62,61.05,61.31,1137128.0
2021-10-28,61.93,62.44,61.34,61.79,1005179.0
2021-10-29,60.94,61.35,59.92,59.99,1088953.0
2021-11-01,60.12,60.9213,59.92,60.51,639748.0
2021-11-02,60.14,60.54,59.42,60.18,784822.0
2021-11-03,60.1,60.18,58.5,59.11,1035399.0
2021-11-04,59.34,59.61,58.17,58.93,929299.0
2021-11-05,59.0,59.55,58.43,59.4,832601.0
2021-11-08,60.52,62.49,60.49,61.8,1588748.0
2021-11-09,60.24,61.2,59.05,59.82,1229499.0
2021-11-10,59.52,60.02,58.06,58.21,791339.0
2021-11-11,59.7,62.46,59.65,61.73,1962951.0
2021-11-12,61.36,62.82,60.86,62.46,976171.0
2021-11-15,62.01,62.16,60.73,60.79,814993.0
2021-11-16,60.78,60.99,59.88,60.57,769651.0
2021-11-17,60.17,60.91,58.98,59.43,908059.0
2021-11-18,59.02,60.14,59.02,60.02,892642.0
2021-11-19,59.77,60.58,59.65,59.68,645031.0
2021-11-22,58.47,58.5,56.57,57.99,1528160.0
2021-11-23,58.65,59.91,58.59,59.23,805683.0
2021-11-24,59.42,60.05,58.98,59.3,657850.0
2021-11-26,57.24,58.0,56.27,57.71,703487.0
2021-11-29,58.5,59.6883,57.76,59.56,943809.0
2021-11-30,59.29,59.6,57.39,58.5,1491753.0
2021-12-01,59.25,60.425,57.27,57.4,1364145.0
2021-12-02,57.5,58.71,57.4,58.69,1116069.0
2021-12-03,59.0,59.25,57.395,58.18,805441.0
2021-12-06,59.11,59.36,57.6,58.77,633688.0
2021-12-07,60.1,60.93,59.63,59.82,881934.0
2021-12-08,59.76,60.87,59.6,60.31,533590.0
2021-12-09,60.515,61.15,59.45,61.12,777159.0
2021-12-10,61.15,61.5,60.28,60.46,723968.0
2021-12-13,60.55,60.8,59.215,59.54,1029011.0
2021-12-14,59.26,60.59,59.09,59.32,830591.0
2021-12-15,58.62,58.68,56.51,57.1,1992502.0
2021-12-16,58.55,59.37,57.59,58.36,2718901.0
2021-12-17,58.43,58.905,57.63,58.38,1863571.0
2021-12-20,57.18,57.575,56.44,57.42,925263.0
2021-12-21,58.11,59.36,57.98,59.24,791886.0
2021-12-22,58.98,59.4,58.485,59.36,652011.0
2021-12-23,59.04,60.36,58.97,60.2,647353.0
2021-12-27,60.03,61.335,59.97,61.31,601604.0
2021-12-28,60.95,61.57,60.95,61.06,431606.0
2021-12-29,60.82,61.48,60.35,60.88,526484.0
2021-12-30,61.25,62.16,61.18,61.23,626328.0
2021-12-31,61.14,61.91,60.9,61.71,455222.0
2022-01-03,61.52,61.88,60.92,61.41,777861.0
2022-01-04,62.11,63.22,61.77,62.58,693475.0
2022-01-05,62.89,64.165,62.43,62.63,1052714.0
2022-01-06,62.59,63.01,61.6907,62.55,1079968.0
2022-01-07,63.51,64.44,62.6,64.35,771633.0
2022-01-10,64.35,64.8498,62.83,63.86,898514.0
2022-01-11,63.92,66.1,63.6,66.01,1172445.0
2022-01-12,68.25,69.53,68.07,69.21,2301815.0
2022-01-13,68.93,69.85,67.78,67.97,1386675.0
2022-01-14,67.03,68.25,66.6235,67.8,853574.0
2022-01-18,67.89,69.82,67.79,68.55,1334304.0
2022-01-19,69.5,70.45,68.31,68.4,1332095.0
2022-01-20,68.9,69.98,67.51,68.01,1357340.0
2022-01-21,67.09,67.475,65.61,66.26,1396819.0
2022-01-24,64.0,64.83,62.5,64.82,1463996.0
2022-01-25,64.0,64.96,62.11,64.64,1259258.0
2022-01-26,65.92,66.87,64.01,64.61,1395824.0
2022-01-27,65.54,66.15,63.31,63.97,997843.0
2022-01-28,63.3,63.3,61.3,62.57,1096415.0
2022-01-31,62.09,63.89,62.0,63.89,859520.0
2022-02-01,64.89,65.43,63.95,65.16,933058.0
2022-02-02,65.4,65.4,63.38,64.03,1325336.0
2022-02-03,63.99,64.02,62.67,63.18,1020264.0
2022-02-04,62.33,63.54,61.8,63.21,989086.0
2022-02-07,63.6,64.06,62.68,63.67,889370.0
2022-02-08,64.24,65.74,63.91,65.62,1072742.0
2022-02-09,66.54,67.99,65.74,67.82,1300540.0
2022-02-10,67.67,69.305,66.85,67.2,1451542.0
2022-02-11,66.3,68.26,65.79,67.17,1647470.0
2022-02-14,66.24,66.77,64.56,66.31,1176919.0
2022-02-15,65.72,67.36,65.44,67.33,998290.0
2022-02-16,67.79,68.73,67.53,68.63,934866.0
2022-02-17,68.21,68.38,66.86,67.27,975522.0
2022-02-18,68.02,68.47,66.77,67.59,863480.0
2022-02-22,67.81,68.385,66.34,66.9,911040.0
2022-02-23,67.24,67.575,66.05,66.25,925347.0
2022-02-24,64.28,66.19,64.21,66.05,1164436.0
2022-02-25,66.39,68.8,66.38,68.79,949242.0
2022-02-28,68.13,69.94,67.93,69.39,1386499.0
2022-03-01,70.21,73.23,70.08,71.83,1871063.0
2022-03-02,72.37,73.37,71.19,72.91,1361613.0
2022-03-03,73.85,75.57,73.21,75.23,1320367.0
2022-03-04,75.37,76.62,73.84,76.6,1227572.0
2022-03-07,76.23,76.51,73.452,74.28,1395548.0
2022-03-08,73.11,76.36,73.11,74.83,1538850.0
2022-03-09,73.46,76.0,72.47,74.87,1821964.0
2022-03-10,75.5,76.78,74.6565,75.3,1748898.0
2022-03-11,74.56,75.61,73.91,74.07,1308599.0
2022-03-14,72.93,72.94,69.04,69.53,1521466.0
2022-03-15,68.0,68.75,67.3007,68.42,1365381.0
2022-03-16,69.36,70.5,68.67,70.47,915353.0
2022-03-17,71.0,73.41,70.8119,73.08,1119705.0
2022-03-18,72.55,74.35,72.1,74.31,1832928.0
2022-03-21,74.99,77.605,74.95,77.07,1078952.0
2022-03-22,77.08,78.72,76.23,76.55,1052227.0
2022-03-23,77.1,78.44,76.82,77.57,839076.0
2022-03-24,76.4,77.49,75.77,77.11,1186383.0
2022-03-25,77.0,77.81,76.31,77.66,887505.0
2022-03-28,77.0,77.0,75.03,76.26,617098.0
2022-03-29,75.64,76.725,74.92,76.43,788165.0
2022-03-30,77.0,77.8,76.33,76.84,708649.0
2022-03-31,76.95,77.78,75.88,75.9,880417.0
2022-04-01,76.43,78.18,76.27,78.17,976447.0
2022-04-04,78.76,79.315,77.37,78.0,861502.0
2022-04-05,77.63,78.0,74.05,74.22,1699237.0
2022-04-06,73.85,74.4,71.96,72.89,996180.0
2022-04-07,72.89,74.02,72.39,73.43,606252.0
2022-04-08,73.99,74.8297,73.57,73.83,618888.0
2022-04-11,73.71,73.91,72.49,73.54,652218.0
2022-04-12,74.97,75.4829,73.25,73.39,667689.0
2022-04-13,73.81,74.64,73.64,74.6,878407.0
2022-04-14,74.34,74.72,72.66,72.79,878451.0
2022-04-18,73.08,73.99,72.66,73.22,597508.0
2022-04-19,72.37,73.18,72.12,72.68,679226.0
2022-04-20,72.0,72.225,70.5,71.79,1089711.0
2022-04-21,71.05,71.44,67.01,68.17,1997489.0
2022-04-22,67.59,68.07,65.53,66.14,1413871.0
2022-04-25,64.32,64.77,62.27,64.29,2091411.0
2022-04-26,64.25,64.3,61.96,62.07,1466021.0
2022-04-27,63.49,64.47,62.73,62.92,1073738.0
2022-04-28,63.0,63.96,61.26,63.0,992625.0
2022-04-29,64.07,65.16,62.2,62.27,1241900.0
2022-05-02,61.48,62.03,60.59,61.87,1083331.0
2022-05-03,61.93,63.46,61.93,62.76,1250595.0
2022-05-04,62.75,65.19,62.3,64.93,1235109.0
2022-05-05,64.95,65.025,61.43,62.59,1260794.0
2022-05-06,61.7,61.84,59.89,61.41,1430235.0
2022-05-09,59.46,59.9199,58.135,58.38,1855969.0
2022-05-10,59.09,59.31,57.08,57.71,1895276.0
2022-05-11,58.5,59.036,56.93,57.04,1405449.0
2022-05-12,56.0,56.53,54.03,54.7,2840883.0
2022-05-13,55.0,56.0,54.06,55.06,2722149.0
2022-05-16,54.15,54.56,53.36,53.93,1759860.0
2022-05-17,54.76,57.03,54.54,56.97,1982688.0
2022-05-18,56.69,57.2,55.63,55.88,1857913.0
2022-05-19,56.06,58.92,56.06,58.21,1920378.0
2022-05-20,58.97,59.13,57.76,59.06,1623801.0
2022-05-23,60.52,61.14,59.78,60.46,1587928.0
2022-05-24,60.15,61.22,59.35,61.05,1343479.0
2022-05-25,60.44,61.325,60.22,61.05,1013987.0
2022-05-26,61.05,61.52,60.02,61.18,847166.0
2022-05-27,62.11,62.8,61.27,62.76,1087774.0
2022-05-31,63.3,64.15,61.28,61.78,2141149.0
2022-06-01,62.09,62.75,61.15,61.99,1310190.0
2022-06-02,63.5,64.5218,63.35,64.4,1327773.0
2022-06-03,63.6,64.18,62.97,63.44,867746.0
2022-06-06,64.1,64.675,63.524,64.08,1186555.0
2022-06-07,63.3,64.97,63.3,64.89,899135.0
2022-06-08,64.0,64.26,63.17,63.3,821964.0
2022-06-09,62.59,62.89,61.03,61.1,928465.0
2022-06-10,59.82,60.68,59.39,60.11,944271.0
2022-06-13,58.15,58.86,56.37,57.73,1188338.0
2022-06-14,57.73,57.92,56.57,57.21,1064304.0
2022-06-15,58.16,58.35,56.42,57.65,1001663.0
2022-06-16,56.0,57.11,55.5,56.2,1532040.0
2022-06-17,55.77,56.16,54.83,55.45,2338060.0
2022-06-21,55.8,56.305,55.25,55.32,1097800.0
2022-06-22,53.55,53.84,52.52,52.85,1529946.0
2022-06-23,51.99,52.4,48.8964,49.54,2853082.0
2022-06-24,49.61,52.07,49.44,51.5,2503031.0
2022-06-27,52.1,52.68,51.31,51.59,2047466.0
2022-06-28,52.59,53.36,51.66,51.87,1182503.0
2022-06-29,52.56,52.56,50.86,51.45,1056863.0
2022-06-30,50.35,50.73,49.15,49.81,1558806.0
2022-07-01,49.13,50.12,48.41,50.11,1288716.0
2022-07-05,48.31,48.49,46.5,47.86,1706837.0
2022-07-06,47.81,48.82,46.71,48.76,2231095.0
2022-07-07,50.63,51.6,50.58,51.24,2120195.0
2022-07-08,51.13,51.36,50.13,51.14,1645193.0
2022-07-11,49.61,50.17,49.06,49.25,1188810.0
2022-07-12,48.45,49.45,48.285,48.36,1309535.0
2022-07-13,47.67,48.87,47.1,48.24,1429168.0
2022-07-14,46.1,46.66,44.7,45.94,2542119.0
2022-07-15,46.35,47.07,45.28,46.96,1219602.0
2022-07-18,48.44,48.97,47.64,47.82,1535360.0
2022-07-19,47.67,49.2,47.42,49.08,1400060.0
2022-07-20,49.08,49.61,48.47,48.49,1107071.0
2022-07-21,48.09,49.25,47.58,49.24,1213955.0
2022-07-22,50.2,50.24,47.93,48.07,1262284.0
2022-07-25,49.08,50.07,48.77,49.21,1678976.0
2022-07-26,49.61,49.61,48.66,48.84,1167257.0
2022-07-27,48.7,48.92,46.44,48.32,2375617.0
2022-07-28,49.17,49.8,46.735,47.88,2096257.0
2022-07-29,48.19,50.22,47.75,49.8,2067515.0
2022-08-01,49.25,49.25,47.29,47.93,1527682.0
2022-08-02,47.69,47.95,46.73,46.79,1537566.0
2022-08-03,47.0,47.055,45.88,46.46,1554021.0
2022-08-04,46.69,46.86,46.11,46.3,1316323.0
2022-08-05,46.2,47.81,45.8,47.45,1405999.0
2022-08-08,48.19,48.8789,47.262,47.63,1627842.0
2022-08-09,47.78,47.91,47.06,47.83,1379212.0
2022-08-10,47.95,48.68,47.6,48.3,1472876.0
2022-08-11,48.76,49.86,48.47,48.6,1436268.0
2022-08-12,48.29,49.24,47.95,49.18,891711.0
2022-08-15,47.77,48.59,47.29,48.58,1545902.0
2022-08-16,49.08,49.41,48.46,49.32,917885.0
2022-08-17,48.41,48.58,47.76,48.16,1370033.0
2022-08-18,48.5,49.63,48.4101,49.42,1199794.0
2022-08-19,48.79,48.98,48.11,48.4,1033462.0
2022-08-22,47.62,48.0781,47.2,47.69,1108753.0
2022-08-23,48.4,50.16,48.2801,49.38,1330570.0
2022-08-24,48.69,49.27,48.4,49.23,879594.0
2022-08-25,49.95,50.69,49.21,50.63,1412760.0
2022-08-26,50.98,51.67,50.16,51.37,2694132.0
2022-08-29,50.19,50.625,49.05,49.77,1832611.0
2022-08-30,49.29,49.33,47.245,47.54,1917385.0
2022-08-31,47.25,47.87,46.7,47.07,1770275.0
2022-09-01,45.73,45.94,44.66,45.37,1638441.0
2022-09-02,46.47,46.9,45.59,45.69,1049543.0
2022-09-06,46.1,46.42,44.97,45.13,1184936.0
2022-09-07,44.56,45.805,44.31,45.73,1639701.0
2022-09-08,45.89,47.51,45.51,47.31,1513534.0
2022-09-09,48.03,49.35,48.03,49.2,1269726.0
2022-09-12,50.0,50.09,49.01,49.55,1685712.0
2022-09-13,48.0,49.073,47.76,48.21,1489157.0
2022-09-14,47.79,47.9,46.5,46.86,1091955.0
2022-09-15,46.73,47.96,46.509,46.76,1265418.0
2022-09-16,46.7,47.46,46.08,46.68,2439688.0
2022-09-19,45.75,47.85,45.67,47.85,926935.0
2022-09-20,47.13,47.4,46.61,47.32,975521.0
2022-09-21,47.51,47.59,45.36,45.36,1219348.0
2022-09-22,46.31,46.55,45.38,45.57,1220961.0
2022-09-23,44.16,44.26,42.83,43.45,1610059.0
2022-09-26,42.66,43.77,42.42,42.81,988141.0
2022-09-27,43.75,44.13,43.3,43.63,1299413.0
2022-09-28,43.56,44.87,43.56,44.7,1349866.0
2022-09-29,44.99,45.2,43.3,44.8,1738817.0
2022-09-30,44.46,46.23,44.38,44.84,1388389.0
2022-10-03,45.78,48.08,45.735,47.74,1713068.0
2022-10-04,48.58,48.91,48.0,48.89,2114881.0
2022-10-05,47.98,49.01,47.6,48.63,1418644.0
2022-10-06,47.73,48.62,47.5184,48.3,1512864.0
2022-10-07,47.66,48.83,47.44,47.91,1866123.0
2022-10-10,48.29,49.12,47.43,47.47,1639085.0
2022-10-11,46.98,48.18,46.2,47.28,1432998.0
2022-10-12,47.06,48.24,46.49,48.07,1261717.0
2022-10-13,46.7,49.41,46.54,48.75,1403748.0
2022-10-14,48.8,48.9,46.8,47.03,1488656.0
2022-10-17,48.18,48.89,47.05,47.65,1161002.0
2022-10-18,48.32,48.38,46.813,47.32,1080939.0
2022-10-19,46.9,47.24,46.01,46.41,1221687.0
2022-10-20,46.52,48.6368,46.39,47.15,1944800.0
2022-10-21,46.39,48.83,45.97,48.78,2711662.0
2022-10-24,47.74,47.9329,45.49,45.82,2404181.0
2022-10-25,45.3,47.69,45.1745,47.35,1805897.0
2022-10-26,48.3,49.66,48.0186,49.19,2191956.0
2022-10-27,48.72,48.84,47.6,48.35,1702426.0
2022-10-28,47.88,48.02,46.19,47.11,1899088.0
2022-10-31,46.43,47.93,46.36,46.97,2039614.0
2022-11-01,48.8,50.24,48.625,50.01,2079916.0
2022-11-02,49.84,50.1,47.91,47.99,1466658.0
2022-11-03,47.29,48.43,46.645,48.4,1598786.0
2022-11-04,51.69,53.9156,51.27,53.7,2663673.0
2022-11-07,53.65,54.14,52.62,53.04,1641399.0
2022-11-08,53.25,55.17,53.03,54.09,2239273.0
2022-11-09,53.28,54.42,53.0067,53.34,1749232.0
2022-11-10,55.29,56.24,54.73,56.22,1590006.0
2022-11-11,58.64,61.14,58.29,60.39,2918079.0
2022-11-14,59.2,61.0,59.2,60.48,1810256.0
2022-11-15,61.23,61.89,60.03,60.64,1553275.0
2022-11-16,59.6,60.02,58.7,59.32,1669552.0
2022-11-17,57.85,58.76,57.37,58.58,899671.0
2022-11-18,58.58,58.73,57.52,58.02,778679.0
2022-11-21,57.07,57.29,56.26,57.25,889447.0
2022-11-22,58.24,59.87,57.97,59.47,1197066.0
2022-11-23,58.0,59.52,57.77,59.35,843640.0
2022-11-25,59.11,59.35,58.47,58.79,425806.0
2022-11-28,58.47,58.71,57.3447,57.63,1034125.0
2022-11-29,59.16,59.7122,58.51,59.33,1203560.0
2022-11-30,59.95,61.24,59.12,61.02,2218285.0
2022-12-01,60.75,61.84,60.3131,61.46,1415500.0
2022-12-02,60.46,62.2,60.12,61.97,785313.0
2022-12-05,62.29,62.37,60.49,60.64,1079106.0
2022-12-06,61.4,62.175,60.51,60.86,937379.0
2022-12-07,60.47,61.7,59.97,60.03,1317743.0
2022-12-08,61.6,61.9,60.97,61.46,1499505.0
2022-12-09,61.62,62.455,60.59,60.67,975935.0
2022-12-12,59.81,60.665,59.55,60.48,968147.0
2022-12-13,62.69,63.155,60.78,61.07,1179736.0
2022-12-14,61.07,61.65,60.5,61.29,680608.0
2022-12-15,60.65,60.65,59.46,59.89,1313234.0
2022-12-16,59.49,60.31,59.37,59.76,1675353.0
2022-12-19,60.37,60.43,59.15,59.52,719229.0
2022-12-20,60.0,60.84,60.0,60.41,647794.0
2022-12-21,61.18,61.7,60.76,61.62,656120.0
2022-12-22,60.98,60.98,59.6,60.86,854207.0
2022-12-23,61.17,61.4599,60.49,61.06,540789.0
2022-12-27,61.92,62.34,61.51,62.18,669808.0
2022-12-28,62.01,62.35,60.95,61.06,669128.0
2022-12-29,61.39,61.9913,61.0701,61.79,619938.0
2022-12-30,61.43,61.79,60.2,60.39,1024237.0
2023-01-03,60.96,62.95,60.87,61.63,1587468.0
2023-01-04,61.58,63.33,61.23,63.22,1239675.0
2023-01-05,63.41,64.84,62.46,64.84,1782545.0
2023-01-06,65.68,68.01,65.62,67.4,1479987.0
2023-01-09,68.69,70.0936,68.33,69.18,1945301.0
2023-01-10,69.86,72.09,69.72,71.82,1880203.0
2023-01-11,73.39,73.98,72.68,73.51,2147500.0
2023-01-12,74.93,76.29,73.09,75.7,2095106.0
2023-01-13,75.22,77.28,75.22,77.06,2650636.0
2023-01-17,76.41,76.5,74.76,75.41,2529991.0
2023-01-18,77.44,78.07,75.33,75.34,2160880.0
2023-01-19,74.89,76.46,74.3,76.16,2358385.0
2023-01-20,75.5,75.66,74.44,75.05,1632666.0
2023-01-23,74.65,74.87,72.6104,74.23,1525021.0
2023-01-24,73.93,75.7133,72.86,75.4,1191742.0
2023-01-25,74.36,75.39,74.06,75.33,1014467.0
2023-01-26,75.47,75.96,73.85,74.8,987204.0
2023-01-27,74.05,75.19,73.38,74.58,1053769.0
2023-01-30,73.2,75.46,73.0035,74.59,1461817.0
2023-01-31,74.18,75.79,73.9721,75.21,1595504.0
2023-02-01,74.41,78.76,73.62,78.37,1842776.0
2023-02-02,77.46,77.735,74.33,76.11,1921088.0
2023-02-03,76.23,78.45,75.21,75.67,1512440.0
2023-02-06,75.24,75.3,73.735,74.85,1514795.0
2023-02-07,75.52,75.65,73.72,74.76,1052665.0
2023-02-08,74.8,75.23,74.24,74.42,659349.0
2023-02-09,75.72,76.26,74.1,74.46,1049186.0
2023-02-10,74.0,74.24,72.92,73.59,966576.0
2023-02-13,72.22,74.17,71.4524,73.72,1056405.0
2023-02-14,73.25,74.87,72.79,74.74,853190.0
2023-02-15,72.97,75.52,72.51,75.5,1229725.0
2023-02-16,75.73,76.9,74.81,76.1,965782.0
2023-02-17,75.05,75.36,73.53,74.04,1037393.0
2023-02-21,75.58,75.88,74.1,74.36,917628.0
2023-02-22,73.48,74.13,72.95,73.71,905138.0
2023-02-23,73.32,74.22,71.34,72.28,1122556.0
2023-02-24,70.34,71.37,69.79,71.2,1177977.0
2023-02-27,71.6,72.86,71.31,72.5,841859.0
2023-02-28,72.97,74.15,72.2604,73.69,1309998.0
2023-03-01,75.64,76.86,75.26,76.15,1208756.0
2023-03-02,74.31,75.35,73.52,75.24,1820776.0
2023-03-03,75.99,78.65,75.49,78.6,2039778.0
2023-03-06,77.58,77.96,76.375,76.77,1175333.0
2023-03-07,76.0,76.41,72.35,72.57,1689580.0
2023-03-08,73.28,75.19,73.15,74.91,1245690.0
2023-03-09,74.72,75.69,72.8,73.33,1311543.0
2023-03-10,73.76,74.59,72.18,72.36,970171.0
2023-03-13,71.38,73.44,70.53,72.53,1242301.0
2023-03-14,74.17,75.11,73.02,73.81,1313722.0
2023-03-15,70.82,71.12,67.5,68.06,2412684.0
2023-03-16,67.09,68.53,66.47,68.51,1941689.0
2023-03-17,68.96,69.05,67.25,68.11,2609135.0
2023-03-20,69.41,71.5746,68.9468,71.01,1960946.0
2023-03-21,71.84,72.72,71.125,71.35,994321.0
2023-03-22,71.62,73.35,70.76,70.96,1024026.0
2023-03-23,71.58,73.22,70.64,71.36,792389.0
2023-03-24,70.82,71.55,69.88,71.24,1110207.0
2023-03-27,71.58,72.59,71.1,72.22,726590.0
2023-03-28,72.91,73.87,72.34,73.82,842202.0
2023-03-29,74.74,75.77,74.44,75.74,858089.0
2023-03-30,74.51,75.9,74.3333,75.77,976083.0
2023-03-31,75.88,76.62,75.64,76.25,752740.0
2023-04-03,76.68,77.315,76.1601,77.24,929490.0
2023-04-04,76.7,76.7,74.2,74.81,796626.0
2023-04-05,74.27,74.57,73.09,74.21,835421.0
2023-04-06,74.21,74.86,73.72,74.71,907488.0
2023-04-10,74.71,75.2199,74.23,75.16,535166.0
2023-04-11,76.88,77.785,76.27,77.53,1011993.0
2023-04-12,77.99,78.105,77.11,77.39,925472.0
2023-04-13,78.79,80.78,78.51,80.49,1428412.0
2023-04-14,80.58,81.6,79.87,80.54,1184562.0
2023-04-17,80.43,80.98,78.92,79.96,1873376.0
2023-04-18,80.48,81.98,80.43,81.85,1347107.0
2023-04-19,80.22,82.05,79.63,81.68,1291299.0
2023-04-20,80.63,81.26,80.22,80.71,1094934.0
2023-04-21,79.65,79.88,77.19,78.65,1173152.0
2023-04-24,78.34,79.55,77.75,79.49,769787.0
2023-04-25,77.45,77.63,75.1,75.59,1504972.0
2023-04-26,76.71,76.72,74.93,75.49,1293753.0
2023-04-27,75.11,75.84,73.95,75.49,932848.0
2023-04-28,74.94,76.84,74.92,76.83,1235470.0
2023-05-01,78.52,78.7999,76.6,76.96,908864.0
2023-05-02,75.87,77.21,75.725,76.82,1246416.0
2023-05-03,76.68,76.8175,75.455,76.12,1089305.0
2023-05-04,75.8,76.31,74.78,74.95,797789.0
2023-05-05,76.0,79.7,75.94,79.21,1191456.0
2023-05-08,79.2,79.8199,78.4812,78.95,770106.0
2023-05-09,77.89,79.05,77.35,79.04,757399.0
2023-05-10,77.9,77.9,73.06,74.52,2265864.0
2023-05-11,71.83,72.15,69.34,69.45,2277266.0
2023-05-12,69.39,69.71,68.82,69.49,1351455.0
2023-05-15,70.0,72.53,69.77,72.3,1211372.0
2023-05-16,71.19,71.41,69.19,69.44,1618504.0
2023-05-17,71.65,71.65,69.745,71.0,910922.0
2023-05-18,69.68,69.73,68.375,69.08,1526155.0
2023-05-19,70.0,70.0,68.72,68.88,1080273.0
2023-05-22,68.79,69.7663,68.67,69.39,881224.0
2023-05-23,68.37,68.44,66.395,66.66,1907354.0
2023-05-24,66.3,66.3,64.6611,65.03,2085324.0
2023-05-25,64.94,66.05,64.85,65.19,1145123.0
2023-05-26,67.27,68.24,66.61,67.26,1179091.0
2023-05-30,67.26,67.55,66.34,67.04,1021800.0
2023-05-31,66.28,66.88,65.42,66.77,1134106.0
2023-06-01,67.05,69.26,67.05,68.7,1239984.0
2023-06-02,71.91,72.8772,70.53,70.94,1890729.0
2023-06-05,70.95,71.37,69.35,70.47,809838.0
2023-06-06,70.34,71.75,70.33,71.35,706837.0
2023-06-07,71.42,72.42,71.07,71.49,824315.0
2023-06-08,72.07,72.59,71.04,71.95,811769.0
2023-06-09,72.03,72.469,71.02,71.28,1060234.0
2023-06-12,70.13,70.94,69.58,70.53,712002.0
2023-06-13,73.16,74.18,72.53,72.81,1090005.0
2023-06-14,74.08,74.45,72.68,73.75,987677.0
2023-06-15,73.7,74.88,73.5,74.16,1547401.0
2023-06-16,74.01,74.46,73.63,74.44,1610628.0
2023-06-20,73.5,74.04,71.9275,73.16,1135305.0
2023-06-21,72.65,73.63,72.4,73.28,792153.0
2023-06-22,72.94,74.36,72.86,73.8,1016532.0
2023-06-23,72.31,72.31,70.63,71.25,1334389.0
2023-06-26,71.64,72.89,71.49,72.64,817008.0
2023-06-27,73.0,73.665,72.67,73.4,842919.0
2023-06-28,71.22,71.48,70.09,70.68,1337463.0
2023-06-29,70.48,70.77,69.825,70.66,1129296.0
2023-06-30,71.26,71.81,70.6,71.74,1000537.0
2023-07-03,72.57,73.475,72.3472,72.82,437528.0
2023-07-05,71.49,71.94,70.4,70.88,1137610.0
2023-07-06,69.29,70.03,67.64,69.0,1220321.0
2023-07-07,69.44,71.2,69.2103,70.67,755538.0
2023-07-10,70.0,71.45,70.0,70.94,784988.0
2023-07-11,71.73,72.15,71.1,72.14,685967.0
2023-07-12,73.76,74.15,72.95,74.13,966230.0
2023-07-13,75.19,78.04,75.0,77.94,1400189.0
2023-07-14,77.71,78.18,76.57,76.78,1290101.0
2023-07-17,75.2,75.99,74.78,75.89,635130.0
2023-07-18,75.59,77.21,75.47,76.64,982220.0
2023-07-19,75.48,76.89,75.22,76.76,1237636.0
2023-07-20,77.87,78.875,77.38,78.26,1269767.0
2023-07-21,78.65,78.75,77.93,78.37,838380.0
2023-07-24,78.39,79.8751,78.17,79.37,948040.0
2023-07-25,80.6,84.4953,80.44,83.59,1953211.0
2023-07-26,83.39,84.76,83.295,84.02,1611999.0
2023-07-27,84.03,85.7199,83.73,83.97,1384193.0
2023-07-28,85.34,85.44,83.0,85.22,785591.0
2023-07-31,85.85,87.59,85.85,87.44,1201133.0
2023-08-01,86.03,86.13,84.52,84.89,1286994.0
2023-08-02,82.96,83.99,81.72,82.1,1102777.0
2023-08-03,82.13,84.4643,82.11,83.77,1054100.0
2023-08-04,83.54,84.2,82.79,83.88,977466.0
2023-08-07,84.33,84.55,83.38,84.06,899356.0
2023-08-08,81.03,84.11,80.71,83.64,1302544.0
2023-08-09,84.37,84.475,82.92,83.4,823047.0
2023-08-10,83.95,85.07,82.615,83.26,1026742.0
2023-08-11,82.03,82.66,81.5,82.15,1155666.0
2023-08-14,81.0,81.84,79.75,81.65,966316.0
2023-08-15,80.67,80.85,79.7,80.15,1153126.0
2023-08-16,79.6,81.05,79.29,80.3,1292406.0
2023-08-17,81.92,82.23,79.81,79.95,891740.0
2023-08-18,79.0,79.04,76.95,77.25,1509645.0
2023-08-21,77.58,78.72,77.43,78.58,857763.0
2023-08-22,79.95,79.96,78.75,79.22,704608.0
2023-08-23,79.56,81.62,79.205,81.42,1082031.0
2023-08-24,80.32,81.2,78.79,78.92,1185852.0
2023-08-25,79.39,79.4376,77.0,77.79,653336.0
2023-08-28,78.5,79.1,78.085,78.98,1033776.0
2023-08-29,79.0,80.53,78.375,80.52,856085.0
2023-08-30,80.63,81.36,80.18,81.06,657835.0
2023-08-31,81.11,81.465,80.58,80.66,872422.0
2023-09-01,82.38,83.11,81.93,82.14,698742.0
2023-09-05,81.74,82.33,79.24,79.3,1252273.0
2023-09-06,78.63,79.6,78.03,79.58,1060342.0
2023-09-07,78.55,78.77,77.83,78.5,723856.0
2023-09-08,78.04,78.77,77.725,78.72,782761.0
2023-09-11,81.04,81.36,80.15,80.4,528509.0
2023-09-12,79.49,80.39,78.96,79.29,771805.0
2023-09-13,79.29,79.37,78.1,78.37,743484.0
2023-09-14,80.05,81.31,80.02,80.21,1275203.0
2023-09-15,80.32,80.55,79.66,79.77,1639589.0
2023-09-18,79.65,80.05,78.94,79.66,734390.0
2023-09-19,79.6,79.92,77.89,78.5,762703.0
2023-09-20,79.09,79.85,77.83,77.88,425250.0
2023-09-21,76.0,76.84,75.04,76.0,1213155.0
2023-09-22,77.0,77.25,74.47,74.73,1362090.0
2023-09-25,74.0,74.77,73.22,74.5,1086777.0
2023-09-26,73.56,74.36,72.44,72.66,2155492.0
2023-09-27,73.1,73.255,71.95,72.8,1029902.0
2023-09-28,73.86,75.47,73.745,75.0,781355.0
2023-09-29,76.14,76.62,75.0223,75.29,799180.0
2023-10-02,74.49,75.46,73.23,73.95,1027858.0
2023-10-03,72.71,74.12,72.65,73.47,859276.0
2023-10-04,73.54,73.8899,72.18,73.34,1102989.0
2023-10-05,73.24,73.94,71.54,71.69,980600.0
2023-10-06,72.26,74.37,71.91,73.93,1204939.0
2023-10-09,73.12,74.55,72.91,74.18,605293.0
2023-10-10,74.86,75.93,74.56,75.21,706691.0
2023-10-11,75.71,75.835,74.01,74.33,810617.0
2023-10-12,74.25,74.41,71.72,72.35,841402.0
2023-10-13,72.96,73.315,71.8,72.14,668452.0
2023-10-16,72.65,73.57,72.1958,73.11,766510.0
2023-10-17,72.0,74.27,71.87,73.83,652226.0
2023-10-18,72.66,72.78,71.1,71.11,801563.0
2023-10-19,70.99,71.36,70.26,70.88,914201.0
2023-10-20,70.17,70.89,69.72,70.2,852013.0
2023-10-23,69.8,70.54,69.0818,70.17,801626.0
2023-10-24,70.56,71.91,70.2,71.25,759253.0
2023-10-25,71.25,74.055,69.47,69.57,1630210.0
2023-10-26,69.57,71.42,69.26,70.64,880208.0
2023-10-27,72.645,73.67,71.22,71.53,938083.0
2023-10-30,72.49,72.69,71.64,71.78,853521.0
2023-10-31,71.15,71.39,70.225,70.9,926070.0
2023-11-01,71.24,72.045,70.38,71.91,686809.0
2023-11-02,73.2,74.45,72.68,73.86,1045592.0
2023-11-03,74.44,75.26,73.93,74.26,844479.0
2023-11-06,74.6,75.0,73.96,74.23,583335.0
2023-11-07,71.91,72.44,70.99,71.29,651032.0
2023-11-08,70.96,71.58,69.595,70.33,835326.0
2023-11-09,70.9,71.32,69.695,69.82,723420.0
2023-11-10,69.73,70.729,68.9337,70.67,795593.0
2023-11-13,70.52,70.93,70.13,70.18,575185.0
2023-11-14,72.3,74.36,71.99,74.09,1360516.0
2023-11-15,74.77,75.9,74.2,75.31,1340180.0
2023-11-16,74.84,75.28,73.92,74.87,680332.0
2023-11-17,75.43,75.63,74.68,74.75,787961.0
2023-11-20,75.0,75.695,74.3,74.83,1051307.0
2023-11-21,75.21,77.21,75.165,76.07,1448293.0
2023-11-22,75.8,76.46,74.65,75.23,778582.0
2023-11-24,74.99,75.065,73.95,74.21,533405.0
2023-11-27,72.25,73.0,70.94,71.01,1712840.0
2023-11-28,71.01,71.88,70.63,71.84,1423650.0
2023-11-29,72.25,72.355,71.36,71.77,857789.0
2023-11-30,71.98,72.18,71.31,71.93,1559317.0
2023-12-01,72.76,76.78,72.532,76.74,1591229.0
2023-12-04,74.53,75.23,73.33,73.69,925674.0
2023-12-05,72.91,72.91,71.48,71.59,691878.0
2023-12-06,72.29,72.61,70.96,71.27,777078.0
2023-12-07,71.7,72.1,70.92,71.67,936672.0
2023-12-08,72.13,76.095,71.76,75.45,1484526.0
2023-12-11,74.04,75.25,73.18,75.13,846077.0
2023-12-12,74.86,75.22,74.2601,74.83,733009.0
2023-12-13,74.68,77.73,73.78,77.35,1067528.0
2023-12-14,78.99,81.788,78.98,81.71,1782052.0
2023-12-15,81.1,82.67,80.445,82.28,2193488.0
2023-12-18,82.5,83.895,82.5,82.82,1248033.0
2023-12-19,84.25,85.16,83.81,84.96,834565.0
2023-12-20,84.11,84.8299,83.22,83.3,1300686.0
2023-12-21,84.88,86.2,84.13,85.99,957167.0
2023-12-22,86.97,87.76,86.35,87.6,1265756.0
2023-12-26,87.96,88.26,87.09,87.3,605130.0
2023-12-27,87.61,88.34,87.3701,88.2,775405.0
2023-12-28,87.76,88.3959,87.33,87.33,674303.0
2023-12-29,85.99,86.57,84.45,86.07,784947.0
2024-01-02,85.28,86.17,84.1,84.66,1057305.0
2024-01-03,82.37,84.355,81.18,83.89,1211994.0
2024-01-04,83.51,84.15,83.12,83.81,707486.0
2024-01-05,83.54,85.0,83.17,83.58,690981.0
2024-01-08,82.93,85.5,82.59,85.49,724529.0
2024-01-09,84.42,84.86,83.8726,84.28,935178.0
2024-01-10,84.03,84.28,83.22,83.31,680204.0
2024-01-11,84.05,84.09,82.21,83.04,724509.0
2024-01-12,83.8,84.21,82.81,83.14,630001.0
2024-01-16,81.75,81.91,79.67,79.68,1316528.0
2024-01-17,78.09,78.72,77.14,78.48,918491.0
2024-01-18,78.9,78.92,77.625,78.81,779498.0
2024-01-19,78.81,81.13,78.25,81.09,1260733.0
2024-01-22,79.98,81.42,79.74,80.42,1161431.0
2024-01-23,81.5,82.81,81.29,81.96,1269252.0
2024-01-24,84.8,85.18,83.11,83.25,901852.0
2024-01-25,83.83,84.29,82.8,83.82,1109922.0
2024-01-26,84.38,85.14,82.78,83.2,768812.0
2024-01-29,83.42,84.02,82.6,83.66,772634.0
2024-01-30,82.51,83.295,82.0,82.79,893254.0
2024-01-31,83.28,84.45,82.07,82.1,1038955.0
2024-02-01,82.67,83.82,82.45,83.79,1005260.0
2024-02-02,81.6,82.71,80.35,81.73,1302181.0
2024-02-05,80.0,80.0,78.46,79.69,1254433.0
2024-02-06,80.54,82.4,80.5,82.21,1004856.0
2024-02-07,82.13,82.19,80.54,82.03,701996.0
2024-02-08,81.5,81.62,79.88,80.94,795778.0
2024-02-09,80.59,80.9352,79.62,80.16,851799.0
2024-02-12,79.59,80.66,79.31,80.28,647924.0
2024-02-13,78.75,79.07,77.4174,78.03,1009846.0
2024-02-14,78.65,80.17,78.53,80.12,639127.0
2024-02-15,80.68,83.08,80.57,82.97,968685.0
2024-02-16,84.05,85.62,83.5,83.69,899342.0
2024-02-20,82.84,83.14,81.93,82.36,581530.0
2024-02-21,82.54,83.54,82.43,83.37,645365.0
2024-02-22,83.45,83.83,82.48,83.14,712146.0
2024-02-23,83.29,83.42,81.77,82.03,596750.0
2024-02-26,80.62,80.62,79.2,79.94,707263.0
2024-02-27,80.78,80.96,79.85,80.8,682825.0
2024-02-28,79.91,80.24,78.82,78.89,536881.0
2024-02-29,80.42,81.05,80.17,80.86,1080774.0
2024-03-01,81.3,81.86,80.32,80.66,685852.0
2024-03-04,80.66,81.8225,79.33,81.79,760300.0
2024-03-05,81.29,81.61,79.59,80.03,808525.0
2024-03-06,81.95,82.53,81.12,81.39,884351.0
2024-03-07,83.84,86.23,83.22,84.74,1318393.0
2024-03-08,85.28,86.53,84.88,86.28,1582063.0
2024-03-11,85.82,86.89,85.265,86.45,1225159.0
2024-03-12,87.0,87.599,86.28,87.5,776468.0
2024-03-13,89.9,97.5,89.9,96.3,3358666.0
2024-03-14,96.76,98.2,95.6475,97.18,2270392.0
2024-03-15,99.2,103.58,98.83,103.0,3639006.0
2024-03-18,103.8,104.83,102.2,102.6,1978398.0
2024-03-19,100.46,100.82,98.9,99.8,1501293.0
2024-03-20,99.48,103.7499,98.71,103.24,1262250.0
2024-03-21,104.13,104.15,102.45,103.55,1069247.0
2024-03-22,103.91,105.26,103.09,104.36,1660762.0
2024-03-25,105.1,106.9222,103.87,103.89,1052037.0
2024-03-26,104.51,104.6,101.86,102.1,898400.0
2024-03-27,102.45,104.53,102.0,104.32,1029179.0
2024-03-28,104.99,107.13,104.78,106.52,1130010.0
2024-04-01,107.76,108.32,106.49,107.04,807814.0
2024-04-02,107.63,108.66,106.51,107.77,1356573.0
2024-04-03,108.57,111.85,108.02,111.23,1642334.0
2024-04-04,111.9,112.35,108.52,109.59,1484070.0
2024-04-05,109.08,110.72,108.2469,110.29,876217.0
2024-04-08,111.77,112.53,110.15,112.26,1062000.0
2024-04-09,115.49,117.86,114.47,116.46,1539971.0
2024-04-10,113.5,117.685,112.58,116.21,1189715.0
2024-04-11,116.7,117.17,114.5547,116.95,1228623.0
2024-04-12,120.0,120.37,114.75,115.25,1407694.0
2024-04-15,117.94,118.15,114.06,114.08,1245191.0
2024-04-16,110.0,114.69,108.8,113.83,1780807.0
2024-04-17,116.31,117.2261,112.62,114.17,1336185.0
2024-04-18,115.37,116.61,113.05,115.34,1000631.0
2024-04-19,115.25,116.3,112.95,113.43,1188327.0
2024-04-22,109.1,112.63,107.33,111.58,1434420.0
2024-04-23,108.09,111.6,107.79,109.64,1844295.0
2024-04-24,110.44,111.4471,107.69,109.23,1498712.0
2024-04-25,109.71,112.82,108.03,111.82,1481986.0
2024-04-26,113.08,117.77,112.28,116.94,2292665.0
2024-04-29,118.31,121.0,116.28,120.85,1845846.0
2024-04-30,116.88,119.9,115.9001,116.67,2567660.0
2024-05-01,116.67,117.61,112.91,115.17,1397340.0
2024-05-02,114.12,115.375,112.55,113.02,1913180.0
2024-05-03,114.94,115.75,113.23,115.41,1525496.0
2024-05-06,117.03,118.19,116.31,118.04,898383.0
2024-05-07,116.1,116.74,114.83,115.07,1001059.0
2024-05-08,112.02,114.32,110.91,112.98,1307099.0
2024-05-09,113.0,117.45,113.0,117.02,758703.0
2024-05-10,118.12,120.19,118.1098,118.75,1263724.0
2024-05-13,119.36,121.0,119.0001,120.67,883204.0
2024-05-14,121.38,125.07,121.38,123.79,1418939.0
2024-05-15,125.46,125.54,118.89,122.89,1259208.0
2024-05-16,123.16,124.26,120.15,120.16,909493.0
2024-05-17,123.37,125.54,122.535,125.35,1280468.0
2024-05-20,126.21,129.79,125.66,129.26,2116775.0
2024-05-21,128.54,129.28,125.8671,126.71,1225505.0
2024-05-22,122.25,122.27,116.46,116.66,2202861.0
2024-05-23,118.56,119.205,115.37,116.55,1369555.0
2024-05-24,117.98,119.73,117.13,117.51,856501.0
2024-05-28,122.81,123.49,120.0,120.92,1249127.0
2024-05-29,119.13,119.75,117.94,119.49,1054996.0
2024-05-30,116.63,119.02,116.34,118.68,1119288.0
2024-05-31,119.16,121.71,116.19,118.63,1465797.0
2024-06-03,119.1,119.5,114.21,115.75,1283723.0
2024-06-04,113.2,113.74,108.4338,110.18,2374816.0
2024-06-05,111.21,113.0,111.01,111.85,1614802.0
2024-06-06,111.95,113.9,110.505,113.86,987939.0
2024-06-07,109.9,111.17,108.82,108.9,1514286.0
2024-06-10,110.08,110.75,109.23,110.32,1514051.0
2024-06-11,107.82,108.63,105.81,107.72,1309845.0
2024-06-12,111.25,111.78,107.74,108.07,2006002.0
2024-06-13,107.73,107.73,105.2,106.07,1135775.0
2024-06-14,104.31,107.0,104.0357,106.3,995435.0
2024-06-17,104.54,105.72,103.85,105.26,1159272.0
2024-06-18,105.2,108.4,104.98,108.01,963480.0
2024-06-20,110.48,111.25,109.16,110.54,1002551.0
2024-06-21,109.27,109.94,107.8,109.12,1837928.0
2024-06-24,109.5,111.2499,108.74,109.98,1121907.0
2024-06-25,109.16,109.98,108.02,109.2,817771.0
2024-06-26,108.87,108.97,107.8,108.79,830055.0
2024-06-27,109.37,109.53,107.01,107.73,713617.0
2024-06-28,109.91,110.68,107.54,107.74,916859.0
2024-07-01,109.06,110.28,108.41,108.64,743656.0
2024-07-02,107.84,110.58,107.7,109.94,888703.0
2024-07-03,112.41,117.03,112.4,116.03,1049389.0
2024-07-05,118.2,118.96,116.71,116.75,872552.0
2024-07-08,115.84,117.44,115.2901,116.45,1071138.0
2024-07-09,115.97,117.0,114.92,114.99,814104.0
2024-07-10,115.55,116.93,115.205,116.34,1067435.0
2024-07-11,117.0,117.38,113.355,114.59,1018669.0
2024-07-12,114.3,116.33,113.61,115.2,759840.0
2024-07-15,113.91,114.69,111.0666,112.58,808310.0
2024-07-16,111.02,112.087,108.63,111.8,1129755.0
2024-07-17,111.32,111.58,109.45,109.89,904302.0
2024-07-18,109.01,109.5,103.53,103.98,1741483.0
2024-07-19,103.11,106.75,102.86,104.3,1370787.0
2024-07-22,105.16,105.72,103.525,104.9,1485127.0
2024-07-23,103.66,105.775,101.62,105.69,1385092.0
2024-07-24,106.31,106.86,103.74,104.18,914863.0
2024-07-25,103.11,105.1985,101.4501,104.34,1487681.0
2024-07-26,105.91,106.17,104.175,105.42,731682.0
2024-07-29,104.02,105.85,103.69,103.86,1095571.0
2024-07-30,102.61,103.57,100.685,101.15,1674837.0
2024-07-31,105.74,107.52,104.91,106.61,1831398.0
2024-08-01,105.01,106.1853,101.26,102.22,1426688.0
2024-08-02,101.09,101.09,98.25,99.49,1028944.0
2024-08-05,91.82,97.98,90.85,97.47,1795232.0
2024-08-06,96.99,101.54,96.38,99.2,1283107.0
2024-08-07,100.3,100.68,96.87,97.04,1057513.0
2024-08-08,98.41,102.01,97.9,100.43,803696.0
2024-08-09,100.5,100.5,98.3,99.17,703011.0
2024-08-12,100.3,101.58,99.83,100.32,650527.0
2024-08-13,100.02,101.14,98.87,100.61,825808.0
2024-08-14,101.03,101.83,100.2101,101.47,965604.0
2024-08-15,104.81,106.9,104.37,105.79,1098027.0
2024-08-16,105.19,105.39,103.43,103.88,938372.0
2024-08-19,104.33,105.53,104.2,105.29,935957.0
2024-08-20,105.58,106.02,102.92,103.32,865427.0
2024-08-21,104.47,104.77,103.07,104.3,825154.0
2024-08-22,103.21,103.86,101.36,101.7,780566.0
2024-08-23,102.81,104.65,102.55,104.62,932153.0
2024-08-26,106.16,107.8,105.04,105.56,655224.0
2024-08-27,105.11,106.8,104.33,105.66,751622.0
2024-08-28,102.51,103.2,100.79,100.86,930074.0
2024-08-29,100.81,101.82,100.14,101.43,839292.0
2024-08-30,101.63,101.75,99.88,101.72,1415859.0
2024-09-03,97.64,97.88,95.16,96.18,1616746.0
2024-09-04,95.93,97.32,95.85,96.35,1303001.0
2024-09-05,97.05,98.08,96.54,96.66,781526.0
2024-09-06,96.04,97.0,93.71,94.1,771975.0
2024-09-09,95.31,96.239,94.78,95.35,944992.0
2024-09-10,94.88,95.23,93.43,94.35,1243581.0
2024-09-11,95.8,96.97,94.89,96.45,1732938.0
2024-09-12,98.36,99.7339,97.715,98.0,896814.0
2024-09-13,99.31,99.91,98.69,98.69,1033493.0
2024-09-16,99.49,100.37,99.08,99.47,905522.0
2024-09-17,99.2,100.275,98.66,99.18,1455700.0
2024-09-18,99.88,103.7,99.09,101.3,1278888.0
2024-09-19,105.58,106.34,103.97,104.89,1355983.0
2024-09-20,104.34,104.36,102.501,103.6,969800.0
2024-09-23,104.32,106.71,104.13,106.06,865919.0
2024-09-24,112.1,114.69,111.94,113.72,2250166.0
2024-09-25,112.94,113.37,111.0,111.27,1342022.0
2024-09-26,117.33,121.44,116.68,120.43,2448728.0
2024-09-27,119.5,120.42,117.81,118.87,1665347.0
2024-09-30,117.15,117.88,114.7701,115.67,1185773.0
2024-10-01,118.0,118.0,115.4,117.08,798627.0
2024-10-02,118.1,119.4847,116.9481,117.33,673828.0
2024-10-03,114.66,115.505,114.0,115.32,792712.0
2024-10-04,116.13,118.19,116.13,117.95,957566.0
2024-10-07,117.95,118.54,117.105,117.57,767506.0
2024-10-08,112.96,113.66,110.27,113.11,1511865.0
2024-10-09,111.67,114.485,110.72,114.43,826419.0
2024-10-10,114.63,116.9799,114.12,116.38,941518.0
2024-10-11,116.21,118.46,116.21,117.64,607373.0
2024-10-14,113.64,117.81,113.165,117.57,777843.0
2024-10-15,115.15,115.25,110.8001,111.51,1518510.0
2024-10-16,112.53,113.76,111.69,113.14,1053266.0
2024-10-17,112.55,113.36,111.485,111.99,783444.0
2024-10-18,114.45,114.77,112.67,112.9,862784.0
2024-10-21,113.31,113.52,111.2,112.39,863713.0
2024-10-22,114.81,116.0692,112.9314,114.57,1201963.0
2024-10-23,111.99,114.35,111.65,113.83,964886.0
2024-10-24,114.96,115.0,112.565,114.53,1146756.0
2024-10-25,115.1,117.34,115.025,115.41,1426855.0
2024-10-28,115.41,116.0,114.105,114.81,768815.0
2024-10-29,115.8,116.66,114.26,114.41,678965.0
2024-10-30,113.36,113.36,111.48,111.85,869339.0
2024-10-31,110.67,111.1,108.65,109.55,828349.0
2024-11-01,111.2,111.88,109.93,110.1,631158.0
2024-11-04,110.9,112.42,110.57,111.31,659957.0
2024-11-05,112.89,114.06,112.035,114.02,871932.0
2024-11-06,108.06,111.09,106.34,109.5,1247476.0
2024-11-07,113.32,114.689,111.9,113.51,945246.0
2024-11-08,108.79,110.2225,106.3,107.11,1084629.0
2024-11-11,105.33,106.08,103.32,104.76,927243.0
2024-11-12,102.34,102.99,101.18,102.7,1063461.0
2024-11-13,102.92,102.92,100.79,100.99,740455.0
2024-11-14,101.2,102.035,99.81,100.27,1055057.0
2024-11-15,101.36,101.36,98.96,99.24,794092.0
2024-11-18,100.49,101.95,99.84,101.83,638467.0
2024-11-19,101.43,104.13,101.1264,103.78,711738.0
2024-11-20,103.68,104.49,102.6,103.0,775625.0
2024-11-21,102.78,103.025,99.85,100.68,1215660.0
2024-11-22,100.27,100.88,99.21,99.74,853215.0
2024-11-25,100.11,102.31,100.08,102.01,1502514.0
2024-11-26,101.5,101.51,98.29,98.54,839263.0
2024-11-27,99.0,100.58,98.94,99.71,751893.0
2024-11-29,99.39,101.05,99.2,100.35,431459.0
2024-12-02,100.85,100.85,98.56,100.05,808342.0
2024-12-03,102.5,102.765,100.01,101.33,872772.0
2024-12-04,101.0,101.94,100.61,101.22,599171.0
2024-12-05,101.47,101.7,99.54,101.12,658142.0
2024-12-06,101.3,101.42,99.62,100.0,580720.0
2024-12-09,104.7,107.73,103.58,105.54,1456840.0
2024-12-10,104.02,104.63,102.335,102.52,1059328.0
2024-12-11,102.81,104.52,101.77,103.51,862027.0
2024-12-12,102.91,103.1,101.16,101.53,597138.0
2024-12-13,100.5,100.82,99.0972,100.0,710449.0
2024-12-16,99.58,99.8,97.02,97.39,824130.0
2024-12-17,96.18,97.055,94.86,96.74,880186.0
2024-12-18,96.36,97.1108,92.81,92.96,800515.0
2024-12-19,93.3,93.905,91.15,91.98,1066427.0
2024-12-20,91.56,93.725,91.56,93.01,998654.0
2024-12-23,92.87,93.87,92.2159,93.57,575585.0
2024-12-24,93.75,94.45,93.115,94.43,298424.0
2024-12-26,94.01,94.9,93.48,94.6,662535.0
2024-12-27,93.63,94.156,92.77,93.21,401928.0
2024-12-30,92.0,92.15,90.76,91.45,688364.0
2024-12-31,91.5,92.15,90.8,91.13,678088.0
2025-01-02,92.12,93.385,91.66,92.16,678364.0
2025-01-03,92.31,92.895,91.2,92.01,695808.0
2025-01-06,93.94,94.61,93.39,93.56,1234537.0
2025-01-07,94.4,94.425,92.9801,93.78,940854.0
2025-01-08,93.18,95.69,92.74,95.6,1141416.0
2025-01-10,96.95,97.1,94.14,94.61,985915.0
2025-01-13,93.72,95.2699,93.66,94.75,799014.0
2025-01-14,95.5,95.555,94.29,95.34,625488.0
2025-01-15,98.08,98.27,95.93,96.99,711084.0
2025-01-16,97.5,97.61,96.48,97.42,723569.0
2025-01-17,97.61,99.964,96.926,98.12,703645.0
2025-01-21,99.0,99.35,97.88,98.68,1643986.0
2025-01-22,98.77,99.33,96.35,96.35,1527104.0
2025-01-23,95.28,97.985,93.73,97.18,1145359.0
2025-01-24,98.41,99.44,96.325,96.5,952926.0
2025-01-27,94.56,94.8199,93.3597,94.14,1254084.0
2025-01-28,94.46,94.71,90.05,90.52,1782050.0
2025-01-29,90.94,92.155,90.26,91.37,1678739.0
2025-01-30,93.03,93.32,91.86,92.65,1419186.0
2025-01-31,92.05,93.52,90.79,91.62,1217090.0
2025-02-03,90.0,91.37,88.15,89.93,1472721.0
2025-02-04,91.43,93.44,90.69,93.26,1480752.0
2025-02-05,92.5,93.71,91.86,93.43,1380218.0
2025-02-06,95.76,96.9683,94.61,94.61,1470687.0
2025-02-07,97.5,99.69,96.44,96.72,1160275.0
2025-02-10,98.23,98.42,96.58,97.04,1051500.0
2025-02-11,92.35,93.585,92.06,92.09,991734.0
2025-02-12,92.3,95.17,92.22,94.26,1366396.0
2025-02-13,94.83,98.13,93.15,97.84,1784261.0
2025-02-14,99.2,100.105,96.84,97.27,1946963.0
2025-02-18,97.17,97.43,95.37,97.43,1159781.0
2025-02-19,96.5,96.95,94.8975,96.38,934179.0
2025-02-20,97.11,98.6773,96.9,97.82,1089121.0
2025-02-21,97.7,97.7,92.5501,92.91,1104835.0
2025-02-24,92.76,93.67,91.58,92.9,863272.0
2025-02-25,93.01,93.57,91.07,93.02,1033256.0
2025-02-26,94.56,95.54,93.04,93.25,1699328.0
2025-02-27,93.07,93.98,90.17,90.49,1044629.0
2025-02-28,88.35,88.98,87.57,88.93,1542532.0
2025-03-03,91.81,92.25,86.36,86.71,1178427.0
2025-03-04,86.15,87.56,84.33,85.92,1297149.0
2025-03-05,89.25,90.51,88.185,90.49,2096953.0
2025-03-06,90.12,92.49,90.0,90.82,1204168.0
2025-03-07,89.96,91.6,88.335,90.96,2167376.0
2025-03-10,88.15,89.95,86.62,88.46,1806139.0
2025-03-11,88.89,90.665,87.38,88.86,1567234.0
2025-03-12,90.01,91.04,88.31,90.34,1338383.0
2025-03-13,91.53,94.73,91.375,92.41,2026107.0
2025-03-14,93.77,96.27,93.415,96.13,1678596.0
2025-03-17,96.97,98.77,96.72,97.88,1497153.0
2025-03-18,99.0,99.3351,97.06,98.8,973376.0
2025-03-19,99.09,100.46,98.33,99.54,1244213.0
2025-03-20,98.51,100.5,98.04,99.22,1199179.0
2025-03-21,97.64,101.62,96.0,100.41,5119621.0
2025-03-24,101.62,103.67,99.02,99.64,2368403.0
2025-03-25,101.15,102.53,100.72,101.48,2644407.0
2025-03-26,101.99,101.99,96.82,97.7,1940333.0
2025-03-27,95.93,97.42,94.67,96.84,1330285.0
2025-03-28,96.14,97.91,93.9,94.14,1136313.0
2025-03-31,91.09,94.07,90.16,93.46,1154909.0
2025-04-01,93.0,94.41,92.29,93.88,1138743.0
2025-04-02,92.92,94.48,92.4,94.36,903482.0
2025-04-03,89.62,90.88,86.5,86.73,2119576.0
2025-04-04,81.6,81.96,77.43,78.39,2937294.0
2025-04-07,75.36,82.9199,75.06,79.4,3066275.0
2025-04-08,81.92,82.155,74.84,75.63,2010109.0
2025-04-09,77.8,85.345,74.87,84.42,2247664.0
2025-04-10,83.0,83.07,79.26,81.84,2536266.0
2025-04-11,83.58,85.68,82.56,84.63,1845792.0
2025-04-14,85.83,88.82,85.44,87.67,2013407.0
2025-04-15,87.0,87.7,85.87,86.83,1256652.0
2025-04-16,86.74,87.895,85.38,86.19,1701962.0
2025-04-17,86.23,87.26,85.14,86.26,1058440.0
2025-04-21,86.96,87.43,84.9697,86.64,1099125.0
2025-04-22,88.33,89.77,88.04,89.11,1023322.0
2025-04-23,91.71,94.07,91.71,92.25,1578284.0
2025-04-24,93.73,96.415,92.92,95.83,1395115.0
2025-04-25,93.76,95.105,93.155,94.28,1609985.0
2025-04-28,94.3,95.27,92.86,93.82,1057975.0
2025-04-29,93.65,94.6094,92.8,92.87,1178292.0
2025-04-30,88.64,89.66,87.11,89.52,1918616.0
2025-05-01,89.83,91.465,89.4667,89.84,1193060.0
2025-05-02,90.71,90.9,89.27,90.14,796160.0
2025-05-05,89.97,90.15,88.51,88.55,663953.0
2025-05-06,88.57,90.7173,88.1,90.52,1034301.0
2025-05-07,89.4,89.7,86.59,87.46,1326269.0
2025-05-08,87.25,88.88,87.12,88.08,984258.0
2025-05-09,89.0,89.44,88.13,89.38,1022658.0
2025-05-12,92.88,94.2,91.29,92.26,1381190.0
2025-05-13,92.46,94.04,92.26,93.29,768107.0
2025-05-14,93.06,93.69,92.43,93.4,791418.0
2025-05-15,92.5,92.61,90.91,92.21,1000117.0
2025-05-16,91.11,91.47,88.54,90.79,1174657.0
2025-05-19,89.23,91.74,89.06,91.63,913474.0
2025-05-20,91.65,92.1292,91.255,91.67,779160.0
2025-05-21,91.13,92.29,90.41,90.93,984534.0
2025-05-22,90.19,90.7,89.19,90.42,882785.0
2025-05-23,89.31,92.81,89.31,92.34,1071980.0
2025-05-27,92.34,94.3,92.34,93.16,1021474.0
2025-05-28,92.72,92.72,91.39,91.74,679569.0
2025-05-29,92.95,93.12,91.81,92.39,1053265.0
2025-05-30,91.75,91.75,89.57,90.91,1312331.0
2025-06-02,92.96,93.54,91.65,92.45,1143260.0
2025-06-03,91.71,92.97,90.8129,92.5,1219009.0
2025-06-04,93.2,94.36,92.6,93.74,1160361.0
2025-06-05,96.75,97.65,95.66,96.07,1673382.0
2025-06-06,96.72,97.0,95.33,95.64,835978.0
2025-06-09,96.38,98.59,96.0684,96.93,1037931.0
2025-06-10,97.13,97.77,96.47,97.62,932678.0
2025-06-11,97.59,97.6,95.735,96.06,1259639.0
2025-06-12,94.49,97.07,94.45,95.94,1283292.0
2025-06-13,94.0,95.23,93.58,94.76,1070884.0
2025-06-16,96.0,97.4,95.61,96.45,1130834.0
2025-06-17,96.31,97.0,94.75,95.33,1034138.0
2025-06-18,95.27,96.15,94.95,95.25,767426.0
2025-06-20,95.79,95.79,92.95,93.46,6444730.0
2025-06-23,93.05,94.815,92.88,94.65,975907.0
2025-06-24,94.6,97.27,94.23,96.91,1371211.0
2025-06-25,97.23,97.52,95.7539,97.08,1133850.0
2025-06-26,100.01,105.58,100.01,104.64,2099521.0
2025-06-27,104.5,104.5,101.725,102.51,3331496.0
2025-06-30,102.13,102.62,100.75,101.17,1613722.0
2025-07-01,101.45,103.93,100.415,102.1,1743706.0
2025-07-02,103.51,106.55,103.0,106.09,1667858.0
2025-07-03,105.83,106.84,104.85,105.86,717487.0
2025-07-07,104.385,105.5,103.77,104.51,1679343.0
2025-07-08,105.2,109.4,102.9,103.0,4507137.0
2025-07-09,103.48,104.0,98.9801,99.92,3064765.0
2025-07-10,101.85,102.59,100.4,102.26,1854212.0
2025-07-11,100.79,101.91,99.57,101.61,1175997.0
2025-07-14,100.37,101.065,99.39,99.98,1079290.0
2025-07-15,99.53,100.0,95.92,97.55,1747725.0
2025-07-16,97.82,97.9,95.32,96.66,1151497.0
2025-07-17,96.0,97.2,95.665,96.51,1053764.0
2025-07-18,97.6,97.7,96.01,96.44,921709.0
2025-07-21,98.0,99.32,97.81,98.05,814742.0
2025-07-22,98.9,99.23,97.33,99.15,1031089.0
2025-07-23,99.33,100.87,99.03,100.83,1792966.0
2025-07-24,99.7,100.34,98.57,99.48,1103751.0
2025-07-25,98.99,99.09,97.56,98.19,992769.0
2025-07-28,99.23,99.6799,96.29,97.11,1881153.0
2025-07-29,97.0,97.41,95.39,96.66,1844590.0
2025-07-30,95.32,98.1,88.73,90.54,5018344.0
2025-07-31,89.87,95.05,89.87,94.16,2942552.0
2025-08-01,92.5,93.7,90.82,91.66,1478490.0
2025-08-04,92.29,93.21,91.915,93.05,1012683.0
2025-08-05,92.86,94.905,92.55,94.53,1238833.0
2025-08-06,95.28,95.71,94.64,95.07,904272.0
2025-08-07,96.8,97.95,96.45,97.51,1038342.0
2025-08-08,98.54,101.14,97.58,100.1,1291853.0
2025-08-11,99.18,99.68,95.81,96.12,1541166.0
2025-08-12,96.88,99.0,96.8,98.25,958473.0
2025-08-13,99.3,100.71,98.51,99.5,1088003.0
2025-08-14,97.56,98.2188,96.52,97.62,801380.0
2025-08-15,96.69,97.07,95.61,95.87,785494.0
2025-08-18,95.88,96.6,95.11,95.88,819661.0
2025-08-19,96.48,96.62,93.82,94.25,834138.0
2025-08-20,93.58,94.125,92.6,93.7,1327086.0
2025-08-21,92.84,93.97,92.565,93.73,887723.0
2025-08-22,94.0,97.605,93.74,97.54,1055488.0
2025-08-25,97.81,98.24,97.0,97.01,678127.0
2025-08-26,96.57,97.84,96.24,97.78,950796.0
2025-08-27,96.18,97.0,95.0,96.21,704032.0
2025-08-28,96.74,97.12,95.54,96.72,966545.0
2025-08-29,96.49,98.0199,95.96,96.09,1044341.0
2025-09-02,95.0,97.3,92.945,97.25,893450.0
2025-09-03,98.6,101.65,98.4,100.93,1595487.0
2025-09-04,100.68,101.0,98.82,100.82,943443.0
2025-09-05,102.25,103.65,101.26,102.98,1420342.0
2025-09-08,103.37,103.69,102.07,103.39,1423866.0
2025-09-09,104.07,106.0,99.87,99.91,1910235.0
2025-09-10,100.55,102.19,100.43,102.1,1094186.0
2025-09-11,101.93,105.72,101.77,105.05,958648.0
2025-09-12,105.39,107.2499,104.98,106.18,1606293.0
2025-09-15,106.63,110.35,106.5,109.94,2089912.0
2025-09-16,110.49,110.5884,107.94,108.45,1764159.0
2025-09-17,107.37,109.52,106.04,106.88,1477768.0
2025-09-18,106.21,107.745,105.0981,107.26,1682410.0
2025-09-19,109.0,111.05,108.34,109.99,2267358.0
2025-09-22,110.54,112.24,109.59,111.44,1466113.0
2025-09-23,112.0,112.76,110.14,110.26,1350970.0
2025-09-24,116.19,121.485,115.0,119.5,5793435.0
2025-09-25,118.28,119.1,116.095,117.96,3098840.0
2025-09-26,117.69,118.96,116.93,117.0,1227349.0
2025-09-29,120.71,122.65,119.9201,121.09,1936908.0
2025-09-30,120.65,121.36,119.11,121.36,2002048.0
2025-10-01,121.91,123.6,121.58,122.64,1450160.0
2025-10-02,124.23,125.58,122.82,125.32,1522694.0
2025-10-03,126.6,129.83,126.31,128.29,2475281.0
2025-10-06,130.59,133.25,129.82,129.98,2580190.0
2025-10-07,131.12,131.98,126.68,126.73,2232168.0
2025-10-08,131.0,134.49,130.8,132.53,2194750.0
2025-10-09,135.73,136.495,129.81,130.57,2001554.0
2025-10-10,131.6,132.13,124.81,125.1,3150059.0
2025-10-13,131.28,134.06,129.8,133.2,1867900.0
2025-10-14,129.35,132.77,127.5123,130.75,2009981.0
2025-10-15,132.99,133.1812,130.365,131.9,1150655.0
2025-10-16,133.5,136.17,131.56,133.27,1928301.0
2025-10-17,131.93,132.76,128.56,129.81,1288098.0
2025-10-20,132.5,135.25,131.44,134.94,1211417.0
2025-10-21,130.0,131.4829,127.7,128.32,1770591.0
2025-10-22,127.45,128.8499,125.2363,126.92,1265494.0
2025-10-23,131.01,131.26,128.2,128.37,1012140.0
2025-10-24,128.9,131.09,127.74,129.34,1007218.0
2025-10-27,131.0,133.18,130.32,132.99,1485809.0
2025-10-28,131.44,138.96,131.3,138.36,1868121.0
2025-10-29,141.33,144.81,140.5,141.68,1722574.0
2025-10-30,139.93,141.335,137.9001,140.11,1413141.0
2025-10-31,140.35,141.5,138.0119,138.8,1542858.0
2025-11-03,138.8,138.8,135.18,138.29,1376342.0
2025-11-04,132.65,133.625,130.01,130.79,2059388.0
2025-11-05,131.91,136.31,131.8,135.92,1324222.0
2025-11-06,136.71,138.74,135.4,137.24,1872524.0
2025-11-07,135.5,137.1,134.25,136.61,1084097.0
2025-11-10,140.17,140.6,138.035,139.49,1024821.0
2025-11-11,140.0,140.0,137.695,138.52,844450.0
2025-11-12,139.32,140.06,136.78,136.78,825978.0
2025-11-13,137.35,138.21,131.5226,132.03,1373529.0
2025-11-14,128.6,132.97,127.12,130.69,757808.0
2025-11-17,130.0,130.83,125.52,127.05,1533497.0
2025-11-18,125.76,126.95,123.7,124.14,1716638.0
2025-11-19,126.0,127.69,124.255,125.38,1596091.0
2025-11-20,126.63,127.54,119.43,120.02,1527807.0
2025-11-21,120.02,124.23,119.25,123.69,1219894.0
2025-11-24,124.38,127.28,124.38,126.8,1370535.0
2025-11-25,129.0,130.4,127.78,129.12,825800.0
2025-11-26,130.75,134.94,130.6594,133.03,1381536.0
2025-11-28,135.1,135.48,133.7548,134.78,924262.0
2025-12-01,136.39,137.4399,134.68,134.76,1043586.0
2025-12-02,135.23,136.0,133.2569,134.9,1021964.0
2025-12-03,139.58,140.65,137.52,138.59,1169800.0
2025-12-04,137.5,140.05,136.06,139.95,892002.0
2025-12-05,142.0,144.25,140.37,140.41,1257576.0
2025-12-08,141.0,141.85,139.8217,141.04,788244.0
2025-12-09,138.0,141.97,137.36,140.4,955531.0
2025-12-10,141.73,144.07,139.7198,143.98,992300.0
2025-12-11,144.41,148.925,143.44,147.63,1244897.0
2025-12-12,149.0,149.75,141.84,142.41,1748627.0
2025-12-15,145.45,145.45,142.72,143.86,937477.0
2025-12-16,141.5,144.21,140.01,140.27,1076246.0
2025-12-17,142.06,142.76,140.51,141.45,904772.0
2025-12-18,142.0,142.76,139.66,142.28,847229.0
2025-12-19,141.89,146.39,141.89,144.0,1889532.0
2025-12-22,146.87,147.9,145.66,147.18,949772.0
2025-12-23,148.98,149.25,146.17,148.02,946853.0
2025-12-24,149.515,149.515,146.72,148.13,345638.0
2025-12-26,150.87,152.19,149.17,149.52,1101456.0
2025-12-29,145.75,146.99,143.719,145.3,1119867.0
2025-12-30,148.48,149.2541,145.29,145.48,848664.0
2025-12-31,144.57,144.72,142.0,143.47,931183.0
2026-01-02,146.66,149.07,144.795,148.69,1177299.0
2026-01-05,153.44,155.78,151.8576,154.39,1369575.0
2026-01-06,158.0,161.59,157.63,160.08,1655830.0
2026-01-07,156.99,158.24,151.6,158.09,2156206.0
2026-01-08,155.66,161.18,154.12,160.55,2567091.0
2026-01-09,162.94,171.08,161.96,170.52,2853344.0
2026-01-12,172.88,177.39,172.53,176.0,2777796.0
2026-01-13,177.0,177.25,173.41,174.37,2632105.0
2026-01-14,175.91,181.42,175.0,180.26,2194596.0
2026-01-15,178.35,184.17,177.6,182.97,1943702.0
2026-01-16,179.86,181.3599,176.01,180.95,2055659.0
2026-01-20,181.9,186.68,179.0,186.25,1993824.0
2026-01-21,184.94,191.22,181.5,184.06,3553466.0
2026-01-22,184.25,184.25,176.1,176.41,2481300.0
2026-01-23,178.91,185.07,174.45,184.3,2595116.0
2026-01-26,189.05,193.285,186.77,188.41,3529046.0
2026-01-27,190.5,194.99,188.45,194.84,2661324.0
2026-01-28,201.35,201.45,190.25,198.18,2280382.0
2026-01-29,212.88,218.81,200.29,207.93,4978652.0
2026-01-30,198.61,203.4299,187.79,190.32,4198932.0
2026-02-02,189.5,194.5051,188.385,192.8,2389562.0
2026-02-03,204.85,215.7,203.22,215.44,3208850.0
2026-02-04,215.22,215.62,190.0,195.97,4917186.0
2026-02-05,191.88,192.5,185.6601,189.46,3044967.0
2026-02-06,192.0,200.37,190.58,200.04,2213646.0
2026-02-09,201.0,209.86,200.635,208.28,1744970.0
2026-02-10,202.89,204.75,197.1,198.9,1948446.0
2026-02-11,204.38,207.8,198.755,206.52,1448230.0
2026-02-12,208.88,209.6,197.5,197.85,1551204.0
2026-02-13,191.51,199.665,188.08,198.0,1657143.0
2026-02-17,191.31,191.69,181.6,188.0,2033690.0
2026-02-18,192.97,196.305,189.615,192.66,1269915.0
2026-02-19,190.14,195.9,186.735,194.07,1285379.0
2026-02-20,191.53,201.2,191.53,201.01,1004067.0
2026-02-23,200.24,208.18,199.57,207.05,1558265.0
2026-02-24,205.35,212.83,204.411,210.69,1893532.0
2026-02-25,213.33,220.76,211.83,215.2,2142995.0
2026-02-26,209.5,216.99,206.01,215.7,1853915.0
2026-02-27,215.17,223.885,214.1303,218.3,2058493.0
2026-03-02,218.68,221.505,215.5122,218.85,1577399.0
2026-03-03,206.09,208.9,193.5101,206.23,2468471.0
2026-03-04,209.66,211.38,205.3,206.66,1729554.0
2026-03-05,200.65,201.63,187.75,191.87,1962685.0
2026-03-06,185.81,190.9,182.76,184.97,1800691.0
2026-03-09,179.0,191.34,177.54,190.64,2391332.0
2026-03-10,193.88,200.25,192.59,196.16,1304835.0
2026-03-11,192.26,193.66,187.0,192.02,1505562.0
2026-03-12,189.6,189.6,180.43,180.56,2024606.0
2026-03-13,180.0,180.3,170.79,170.83,2121882.0
2026-03-16,175.23,177.62,172.0,176.8,1746561.0
2026-03-17,176.24,179.95,174.02,177.02,1139110.0
2026-03-18,170.77,171.6,166.18,166.72,2015819.0
2026-03-19,157.11,161.0,152.29,159.81,3354864.0
2026-03-20,159.07,160.43,151.37,152.71,3074825.0
2026-03-23,157.26,162.5875,155.64,159.59,2731783.0
2026-03-24,156.96,160.5,153.19,159.88,1915144.0
2026-03-25,165.93,167.63,163.1,165.49,1598009.0
2026-03-26,158.51,160.8651,156.19,159.76,1560688.0
2026-03-27,158.7,165.635,158.0,162.07,1540771.0
2026-03-30,166.6,167.179,157.18,159.28,1678852.0
2026-03-31,163.0,172.38,163.0,172.06,1753825.0
2026-04-01,177.07,181.27,175.0,177.95,1620029.0
2026-04-02,169.94,179.105,168.771,177.83,1606566.0
2026-04-06,176.5,178.79,173.6,176.67,945849.0
2026-04-07,176.05,176.61,170.88,173.97,1161465.0
2026-04-08,189.06,190.0,183.47,187.17,1615214.0
2026-04-09,185.92,189.882,184.45,188.05,972108.0
2026-04-10,192.0,196.38,190.51,192.56,1548398.0
2026-04-13,189.99,196.51,188.82,196.38,1866130.0
2026-04-14,197.21,198.9299,193.25,193.37,1443806.0
2026-04-15,190.0,194.4,187.43,189.3,1116939.0
2026-04-16,191.89,193.18,186.93,188.25,1038933.0
2026-04-17,192.5,196.0,189.0,194.32,1401030.0
2026-04-20,190.07,192.84,188.52,190.76,1029936.0
2026-04-21,189.82,192.96,182.6304,183.53,1401664.0
2026-04-22,187.87,189.97,186.5,187.71,1103757.0
2026-04-23,187.71,194.78,180.1164,182.25,2247795.0
2026-04-24,183.11,184.43,179.767,180.43,1318939.0
2026-04-27,180.0,181.9,176.0,178.12,1571355.0
2026-04-28,173.98,175.105,168.72,170.49,2021239.0
2026-04-29,170.52,171.52,166.4801,168.43,1264879.0
2026-04-30,172.75,173.8798,168.94,171.69,1366449.0
2026-05-01,168.51,172.63,167.0,171.18,1071891.0
2026-05-04,169.08,169.8,165.89,166.3,1210371.0
2026-05-05,171.89,173.61,169.58,171.03,914578.0
2026-05-06,180.0,185.5899,178.0,183.91,1567968.0
2026-05-07,186.345,188.095,179.005,179.54,1380544.0
2026-05-08,183.58,188.43,183.58,185.29,1082199.0
2026-05-11,188.44,192.02,184.72,185.23,1983494.0
2026-05-12,182.01,191.99,179.02,191.75,2008660.0
2026-05-13,191.92,194.925,188.13,191.89,1654055.0
2026-05-14,190.01,190.53,185.27,188.5,1191213.0
2026-05-15,179.26,179.6531,174.615,176.78,1406856.0
2026-05-18,178.52,178.52,169.19,171.9,1467913.0
2026-05-19,168.39,171.852,165.23,169.0,992745.0
2026-05-20,170.97,175.19,169.21,174.09,929593.0
2026-05-21,174.08,181.83,172.0,179.12,1349747.0
2026-05-22,178.75,180.8288,177.04,179.67,1041787.0
2026-05-26,184.49,190.0,184.01,189.88,1066952.0
2026-05-27,187.56,189.2,185.11,187.75,1026854.0
2026-05-28,185.89,195.89,183.56,194.88,1226297.0
2026-05-29,193.25,194.449,188.795,191.3,1577407.0
2026-06-01,188.91,197.6481,187.57,194.62,1221836.0
2026-06-02,196.58,203.185,196.2,201.37,1232433.0
2026-06-03,198.25,199.95,193.09,196.59,1012865.0
2026-06-04,192.93,194.98,191.02,194.09,1176290.0
2026-06-05,186.87,187.06,172.3,172.97,1920776.0
2026-06-08,176.68,176.68,169.82,170.48,1684157.0
2026-06-09,173.87,179.02,167.7,175.17,1608148.0
2026-06-10,171.02,173.51,165.5,167.76,1548134.0
2026-06-11,170.7,182.37,168.2,182.16,1613575.0
2026-06-12,185.49,190.47,184.6858,189.79,1119345.0
2026-06-15,200.0,201.82,192.15,193.22,1768633.0
2026-06-16,195.0,198.5677,192.25,194.53,1346770.0
2026-06-17,194.91,203.0,191.42,191.68,1569267.0
2026-06-18,192.85,194.12,189.39,192.93,1972835.0
2026-06-22,190.33,191.96,187.31,189.91,1218265.0
2026-06-23,178.96,182.97,176.4758,178.57,1166110.0
2026-06-24,172.28,175.12,169.7,171.84,1832057.0
2026-06-25,172.76,178.25,170.865,174.73,1751568.0
2026-06-26,172.0,177.55,170.1,171.26,1697536.0
2026-06-29,170.98,170.98,165.99,168.45,1413065.0
2026-06-30,172.37,174.945,170.56,174.26,1310959.0
2026-07-01,172.99,173.37,168.53,168.8,1140383.0
2026-07-02,171.0,175.89,169.14,172.01,1454349.0
2026-07-06,175.78,176.38,173.323,173.87,703133.0
2026-07-07,170.0,171.5,165.88,169.75,820809.0
2026-07-08,165.0,168.58,161.29,167.21,1283056.0
2026-07-09,173.12,175.51,169.72,174.43,916913.0
2026-07-10,173.06,177.115,173.06,175.83,791270.0
2026-07-13,174.0,179.76,172.6386,174.53,1023203.0
2026-07-14,181.8,185.0,179.41,182.38,967283.0
2026-07-15,184.4,184.75,176.75,181.54,1372730.0
2026-07-16,176.85,180.15,174.4869,175.66,1399445.0
2026-07-17,170.0,177.33,169.05,172.48,1612666.0
