date,open,high,low,close,volume
2015-01-05,2.52,2.84,2.5,2.84,836107.97
2015-01-06,2.97,3.01,2.75,2.76,949905.23
2015-01-07,2.75,2.95,2.71,2.79,582130.19
2015-01-08,2.76,2.88,2.64,2.73,426616.19
2015-01-09,2.7,2.79,2.67,2.67,353744.4
2015-01-12,2.61,2.63,2.52,2.56,333341.61
2015-01-13,2.56,2.61,2.5,2.53,204240.05
2015-01-14,2.5,2.55,2.28,2.33,522922.05
2015-01-15,2.28,2.39,2.15,2.39,480266.68
2015-01-16,2.36,2.43,2.32,2.35,403071.83
2015-01-19,2.24,2.37,2.1,2.17,394814.13
2015-01-20,2.2,2.29,2.18,2.23,259705.9
2015-01-21,2.25,2.4,2.24,2.36,390979.01
2015-01-22,2.37,2.55,2.35,2.45,539859.12
2015-01-23,2.51,2.51,2.37,2.38,333286.28
2015-01-26,2.34,2.45,2.33,2.42,208722.19
2015-01-27,2.41,2.49,2.37,2.43,256387.23
2015-01-28,2.39,2.4,2.32,2.34,202015.62
2015-01-29,2.31,2.34,2.24,2.28,251013.87
2015-01-30,2.29,2.34,2.25,2.27,182846.41
2015-02-02,2.25,2.3,2.22,2.27,135582.91
2015-02-03,2.3,2.33,2.26,2.33,156641.58
2015-02-04,2.42,2.46,2.35,2.35,327481.86
2015-02-05,2.42,2.43,2.28,2.28,244326.93
2015-02-06,2.25,2.3,2.19,2.2,151533.54
2015-02-09,2.17,2.23,2.16,2.18,122245.82
2015-02-10,2.18,2.28,2.18,2.24,126570.4
2015-02-11,2.23,2.27,2.22,2.24,89413.14
2015-02-12,2.24,2.26,2.22,2.24,86312.08
2015-02-13,2.28,2.36,2.27,2.3,195080.67
2015-02-16,2.31,2.36,2.3,2.35,145100.33
2015-02-17,2.36,2.39,2.35,2.38,135365.58
2015-02-25,2.4,2.4,2.3,2.31,122006.15
2015-02-26,2.32,2.54,2.32,2.52,420123.15
2015-02-27,2.52,2.58,2.46,2.56,358781.43
2015-03-02,2.61,2.79,2.61,2.75,590817.42
2015-03-03,2.75,2.94,2.71,2.74,634795.83
2015-03-04,2.74,2.82,2.65,2.7,351539.49
2015-03-05,2.67,2.78,2.64,2.74,328927.12
2015-03-06,2.75,2.9,2.72,2.82,491576.38
2015-10-23,3.07,3.16,3.07,3.16,6460781.49
2015-10-26,3.53,3.53,3.53,3.53,1024746.64
2015-10-27,3.94,3.94,3.69,3.94,20822405.38
2015-10-28,3.87,4.01,3.52,3.6,15222577.11
2015-10-29,3.47,3.67,3.38,3.56,9340189.48
2015-10-30,3.49,3.49,3.33,3.37,5377890.62
2015-11-02,3.22,3.3,3.1,3.12,5258618.2
2015-11-03,3.14,3.24,3.1,3.15,3218907.24
2015-11-04,3.16,3.37,3.12,3.37,5301473.83
2015-11-05,3.31,3.38,3.25,3.28,5590652.76
2015-11-06,3.25,3.31,3.23,3.29,4387449.45
2015-11-09,3.24,3.29,3.17,3.25,4118597.24
2015-11-10,3.22,3.63,3.2,3.63,8223954.9
2015-11-11,3.63,3.63,3.46,3.5,7463955.43
2015-11-12,3.47,3.7,3.45,3.53,6031564.98
2015-11-13,3.47,3.47,3.29,3.36,4190650.56
2015-11-16,3.27,3.45,3.24,3.4,2329263.27
2015-11-17,3.4,3.44,3.34,3.35,3174117.99
2015-11-18,3.37,3.43,3.29,3.32,2421937.27
2015-11-19,3.32,3.41,3.29,3.38,2417813.53
2015-11-20,3.39,3.67,3.33,3.56,8367166.84
2015-11-23,3.52,3.71,3.48,3.56,6466688.99
2015-11-24,3.57,3.62,3.48,3.55,3552478.92
2015-11-25,3.6,3.6,3.51,3.53,2909734.87
2015-11-26,3.52,3.69,3.48,3.56,5634926.7
2015-11-27,3.51,3.55,3.25,3.3,4769522.41
2015-11-30,3.28,3.34,3.07,3.27,2973062.66
2015-12-01,3.29,3.3,3.22,3.26,1886403.42
2015-12-02,3.27,3.34,3.23,3.33,2279383.45
2015-12-03,3.3,3.39,3.29,3.35,1985160.83
2015-12-04,3.33,3.35,3.25,3.27,2201511.34
2015-12-07,3.29,3.31,3.25,3.26,1346918.07
2015-12-08,3.25,3.25,3.17,3.18,1723433.55
2015-12-09,3.16,3.19,3.14,3.15,1149793.31
2015-12-10,3.15,3.22,3.12,3.15,1412158.47
2015-12-11,3.13,3.32,3.1,3.24,2363277.75
2015-12-14,3.17,3.43,3.15,3.35,3832970.38
2015-12-15,3.38,3.39,3.25,3.27,2370457.21
2015-12-16,3.26,3.33,3.23,3.28,2304847.76
2015-12-17,3.3,3.31,3.24,3.28,4702920.58
2015-12-18,3.24,3.3,3.18,3.25,3062021.39
2015-12-21,3.23,3.26,3.2,3.22,2858983.13
2015-12-22,3.23,3.28,3.2,3.24,3286928.24
2015-12-23,3.23,3.24,3.17,3.17,3021137.08
2015-12-24,3.17,3.17,3.12,3.13,2223604.3
2015-12-25,3.14,3.15,3.1,3.13,1897844.49
2015-12-28,3.13,3.14,3.08,3.08,1999582.32
2015-12-29,3.08,3.1,3.07,3.1,1413375.18
2015-12-30,3.1,3.12,3.08,3.09,986392.99
2015-12-31,3.09,3.1,3.05,3.05,1394910.31
2016-01-04,3.04,3.05,2.69,2.71,2014930.48
2016-01-05,2.57,2.76,2.5,2.66,2334354.4
2016-01-06,2.67,2.97,2.66,2.86,3091184.46
2016-01-07,2.76,2.77,2.52,2.53,774950.74
2016-01-08,2.65,2.77,2.42,2.7,2949756.39
2016-01-11,2.61,2.68,2.5,2.52,2256376.14
2016-01-12,2.55,2.63,2.5,2.58,1823955.13
2016-01-13,2.6,2.65,2.51,2.52,1461032.13
2016-01-14,2.43,2.55,2.41,2.55,1551010.69
2016-01-15,2.53,2.53,2.41,2.43,1462497.82
2016-01-18,2.38,2.44,2.37,2.41,1125004.32
2016-01-19,2.4,2.52,2.38,2.49,1550618.13
2016-01-20,2.47,2.48,2.42,2.43,1236523.15
2016-01-21,2.38,2.44,2.35,2.35,1163740.64
2016-01-22,2.36,2.39,2.3,2.36,988465.82
2016-01-25,2.37,2.42,2.35,2.38,897426.47
2016-01-26,2.36,2.36,2.12,2.14,1416011.4
2016-01-27,2.14,2.17,1.93,2.05,1522033.41
2016-01-28,2.04,2.04,1.86,1.88,1201682.54
2016-01-29,1.89,2.12,1.86,2.02,1634162.46
2016-02-01,1.97,1.99,1.9,1.93,994995.78
2016-02-02,1.93,2.0,1.92,1.98,1037236.27
2016-02-03,1.95,2.05,1.92,2.0,1002093.83
2016-02-04,2.02,2.2,2.02,2.11,2054762.1
2016-02-05,2.09,2.12,2.05,2.05,1211769.67
2016-02-15,1.99,2.23,1.97,2.16,2089587.08
2016-02-16,2.17,2.23,2.12,2.21,2167983.77
2016-02-17,2.17,2.2,2.15,2.18,1556760.05
2016-02-18,2.2,2.34,2.17,2.21,2238351.22
2016-02-19,2.17,2.2,2.16,2.18,1151747.41
2016-02-22,2.2,2.29,2.2,2.26,1915355.93
2016-02-23,2.27,2.32,2.23,2.26,1606071.56
2016-02-24,2.25,2.31,2.22,2.28,1477704.34
2016-02-25,2.28,2.28,2.01,2.04,1987004.27
2016-02-26,2.06,2.12,2.02,2.09,1234640.84
2016-02-29,2.1,2.11,1.93,2.01,1355082.45
2016-03-01,2.03,2.15,2.0,2.1,1823153.58
2016-03-02,2.09,2.36,2.06,2.36,4687692.5
2016-03-03,2.36,2.65,2.34,2.41,6229132.56
2016-03-04,2.44,2.51,2.27,2.4,3447072.7
2016-03-07,2.52,2.63,2.44,2.51,3534651.37
2016-03-08,2.51,2.52,2.35,2.45,2487897.62
2016-03-09,2.33,2.34,2.25,2.3,2085880.5
2016-03-10,2.32,2.34,2.25,2.27,1204806.9
2016-03-11,2.25,2.3,2.22,2.28,1009868.06
2016-03-14,2.29,2.36,2.27,2.33,1743881.53
2016-03-15,2.3,2.31,2.25,2.27,1348573.69
2016-03-16,2.27,2.29,2.22,2.24,843184.85
2016-03-17,2.27,2.3,2.24,2.29,1111242.3
2016-03-18,2.3,2.39,2.3,2.36,2417203.86
2016-03-21,2.36,2.41,2.34,2.41,2583885.99
2016-03-22,2.37,2.4,2.35,2.36,1649459.92
2016-03-23,2.35,2.43,2.32,2.39,2083270.6
2016-03-24,2.33,2.35,2.3,2.3,1713442.98
2016-03-25,2.29,2.32,2.28,2.31,917872.05
2016-03-28,2.31,2.33,2.27,2.28,1045956.51
2016-03-29,2.28,2.28,2.22,2.24,1002503.88
2016-03-30,2.26,2.3,2.25,2.29,940728.4
2016-03-31,2.29,2.32,2.25,2.28,1105206.79
2016-04-01,2.27,2.28,2.24,2.27,957463.9
2016-04-05,2.27,2.3,2.25,2.3,1110058.9
2016-04-06,2.29,2.32,2.28,2.29,1061996.48
2016-04-07,2.29,2.3,2.25,2.26,1121645.54
2016-04-08,2.24,2.25,2.22,2.24,989488.77
2016-04-11,2.25,2.3,2.25,2.28,1168170.58
2016-04-12,2.27,2.28,2.24,2.25,765339.98
2016-04-13,2.29,2.53,2.29,2.53,9404541.18
2016-04-14,2.5,2.51,2.4,2.45,5944131.75
2016-04-15,2.43,2.43,2.35,2.37,3071411.85
2016-04-18,2.37,2.38,2.33,2.35,1804546.84
2016-04-19,2.37,2.39,2.33,2.35,1515894.81
2016-04-20,2.41,2.43,2.2,2.26,2912983.87
2016-04-21,2.26,2.38,2.23,2.28,2320428.14
2016-04-22,2.23,2.27,2.22,2.27,1336136.28
2016-04-25,2.25,2.31,2.21,2.28,1225404.82
2016-04-26,2.25,2.27,2.23,2.27,843226.05
2016-04-27,2.26,2.27,2.24,2.24,658521.87
2016-04-28,2.24,2.24,2.19,2.22,881043.65
2016-04-29,2.21,2.25,2.2,2.22,578287.03
2016-05-03,2.24,2.27,2.22,2.26,1016559.5
2016-05-04,2.25,2.25,2.23,2.24,855034.07
2016-05-05,2.23,2.25,2.22,2.24,705087.0
2016-05-06,2.24,2.24,2.17,2.17,1258289.22
2016-05-09,2.16,2.16,2.05,2.07,1034041.79
2016-05-10,2.07,2.09,2.05,2.06,597736.24
2016-05-11,2.07,2.09,2.05,2.07,546958.4
2016-05-12,2.05,2.06,1.99,2.04,589631.97
2016-05-13,2.02,2.06,2.02,2.03,522189.6
2016-05-16,2.02,2.06,2.01,2.05,515628.62
2016-05-17,2.05,2.07,2.04,2.05,489643.4
2016-05-18,2.04,2.04,1.96,1.99,695057.52
2016-05-19,1.99,2.05,1.97,2.01,584697.59
2016-05-20,1.99,2.01,1.98,2.0,406642.97
2016-05-23,2.0,2.02,1.99,2.01,399494.93
2016-05-24,2.0,2.01,1.97,1.98,418448.92
2016-05-25,1.99,2.0,1.97,1.98,348940.24
2016-05-26,1.98,2.0,1.95,1.99,534381.98
2016-05-27,1.98,1.99,1.96,1.98,452062.85
2016-05-30,1.97,1.98,1.95,1.97,329672.28
2016-05-31,1.97,2.05,1.96,2.05,1123005.55
2016-06-01,2.04,2.22,2.02,2.09,1856144.99
2016-06-02,2.07,2.13,2.07,2.09,1003495.48
2016-06-03,2.08,2.09,2.06,2.08,713737.26
2016-06-06,2.09,2.12,2.07,2.08,684166.54
2016-06-07,2.08,2.09,2.06,2.06,540863.04
2016-06-08,2.05,2.06,2.03,2.05,601399.0
2016-06-13,2.03,2.04,1.98,1.98,638963.09
2016-06-14,1.96,1.99,1.96,1.98,549722.24
2016-06-15,1.96,2.05,1.95,2.02,820950.51
2016-06-16,2.04,2.1,2.03,2.07,1266247.56
2016-06-17,2.05,2.12,2.03,2.07,1059614.7
2016-06-20,2.06,2.07,2.01,2.02,608192.34
2016-06-21,2.04,2.05,1.98,2.0,544550.44
2016-06-22,2.0,2.04,1.99,2.02,451221.59
2016-06-23,2.02,2.03,1.99,2.0,443451.75
2016-06-24,2.01,2.02,1.95,1.98,850804.22
2016-06-27,1.96,2.01,1.96,2.0,646695.97
2016-06-28,1.99,2.02,1.98,2.01,692906.97
2016-06-29,2.02,2.03,2.01,2.03,860524.63
2016-06-30,2.04,2.04,2.0,2.01,637552.98
2016-07-01,2.01,2.06,2.0,2.02,927177.81
2016-07-04,2.02,2.21,2.01,2.15,3937035.45
2016-07-05,2.12,2.13,2.07,2.1,2104665.13
2016-07-06,2.09,2.21,2.07,2.16,2980160.51
2016-07-07,2.14,2.29,2.13,2.19,3849129.75
2016-07-08,2.16,2.18,2.13,2.14,1523696.18
2016-07-11,2.18,2.29,2.16,2.22,3788162.24
2016-07-12,2.24,2.32,2.2,2.24,2906384.3
2016-07-13,2.29,2.41,2.24,2.35,5790444.86
2016-07-14,2.31,2.32,2.25,2.28,2809764.9
2016-07-15,2.27,2.3,2.25,2.26,1678211.0
2016-07-18,2.24,2.25,2.18,2.18,1902814.29
2016-07-19,2.19,2.21,2.15,2.19,1661028.57
2016-07-20,2.19,2.2,2.14,2.16,1350317.57
2016-07-21,2.15,2.19,2.15,2.17,1107546.69
2016-07-22,2.16,2.18,2.12,2.12,1233383.6
2016-07-25,2.12,2.14,2.1,2.11,982518.78
2016-07-26,2.11,2.14,2.1,2.14,1053214.6
2016-07-27,2.14,2.14,1.99,2.04,2058461.97
2016-07-28,2.06,2.08,2.04,2.07,971219.15
2016-07-29,2.06,2.07,2.03,2.04,628210.43
2016-08-01,2.04,2.05,2.01,2.05,743550.11
2016-08-02,2.04,2.06,2.03,2.06,515248.76
2016-08-03,2.06,2.06,2.04,2.06,551607.42
2016-08-04,2.05,2.06,2.03,2.05,542893.05
2016-08-05,2.05,2.06,2.03,2.06,561214.72
2016-08-08,2.05,2.09,2.03,2.09,1054620.74
2016-08-09,2.07,2.1,2.07,2.09,875250.36
2016-08-10,2.09,2.15,2.08,2.12,1389404.19
2016-08-11,2.1,2.11,2.05,2.06,1042259.98
2016-08-12,2.06,2.09,2.05,2.08,608008.35
2016-08-15,2.08,2.14,2.07,2.12,1573546.86
2016-08-16,2.12,2.16,2.11,2.14,1431969.91
2016-08-17,2.14,2.15,2.11,2.14,988418.75
2016-08-18,2.13,2.15,2.12,2.15,1080021.01
2016-08-19,2.14,2.15,2.11,2.13,741284.67
2016-08-22,2.13,2.13,2.09,2.09,681863.91
2016-08-23,2.09,2.12,2.09,2.11,685381.5
2016-08-24,2.11,2.12,2.1,2.11,494460.64
2016-08-25,2.09,2.1,2.07,2.09,651116.32
2016-08-26,2.09,2.11,2.08,2.09,490174.76
2016-08-29,2.09,2.1,2.07,2.09,431042.76
2016-08-30,2.09,2.1,2.08,2.09,456041.57
2016-08-31,2.09,2.09,2.05,2.07,931436.69
2016-09-01,2.07,2.08,2.06,2.06,588387.07
2016-09-02,2.06,2.08,2.05,2.06,565791.4
2016-09-05,2.06,2.11,2.06,2.09,1060643.13
2016-09-06,2.1,2.13,2.09,2.11,1369870.96
2016-09-07,2.12,2.15,2.11,2.12,1279775.0
2016-09-08,2.12,2.13,2.09,2.11,796039.1
2016-09-09,2.11,2.13,2.09,2.1,960182.42
2016-09-12,2.08,2.09,2.04,2.05,1121836.53
2016-09-13,2.06,2.07,2.04,2.06,410878.58
2016-09-14,2.05,2.06,2.04,2.05,392305.9
2016-09-19,2.05,2.07,2.05,2.07,364442.31
2016-09-20,2.07,2.07,2.05,2.05,329957.63
2016-09-21,2.06,2.16,2.06,2.11,1838615.93
2016-09-22,2.1,2.13,2.09,2.1,885196.82
2016-09-23,2.1,2.12,2.09,2.09,659049.55
2016-09-26,2.09,2.1,2.04,2.05,763220.57
2016-09-27,2.05,2.06,2.04,2.06,376509.5
2016-09-28,2.06,2.07,2.04,2.05,431717.67
2016-09-29,2.06,2.08,2.05,2.06,485969.0
2016-09-30,2.05,2.06,2.04,2.05,484853.44
2016-10-10,2.06,2.08,2.05,2.07,805116.14
2016-10-11,2.07,2.12,2.06,2.11,1127160.71
2016-10-12,2.1,2.1,2.07,2.09,564024.36
2016-10-13,2.08,2.11,2.08,2.1,810877.47
2016-10-14,2.09,2.1,2.07,2.1,662241.1
2016-10-17,2.09,2.1,2.08,2.08,499964.81
2016-10-18,2.08,2.14,2.07,2.13,1968916.51
2016-10-19,2.15,2.36,2.15,2.24,5761700.18
2016-10-20,2.19,2.24,2.19,2.22,2010202.72
2016-10-21,2.21,2.31,2.21,2.27,2925986.07
2016-10-24,2.27,2.31,2.23,2.29,2446214.26
2016-10-25,2.27,2.28,2.24,2.27,1406446.55
2016-10-26,2.27,2.28,2.21,2.22,1664825.43
2016-10-27,2.22,2.24,2.2,2.22,709373.67
2016-10-28,2.22,2.23,2.17,2.18,1240803.49
2016-10-31,2.18,2.21,2.16,2.2,712264.9
2016-11-01,2.19,2.21,2.18,2.2,620077.41
2016-11-02,2.2,2.25,2.19,2.22,1236429.65
2016-11-03,2.22,2.25,2.2,2.24,1136529.82
2016-11-04,2.24,2.27,2.22,2.23,1036844.36
2016-11-07,2.24,2.38,2.22,2.34,4210608.13
2016-11-08,2.33,2.37,2.31,2.34,2404698.46
2016-11-09,2.37,2.45,2.32,2.36,2865000.53
2016-11-10,2.58,2.65,2.54,2.58,8768622.25
2016-11-11,2.55,2.89,2.5,2.89,10649966.01
2016-11-14,2.77,2.99,2.73,2.8,8744092.13
2016-11-15,2.76,2.85,2.63,2.66,5466408.72
2016-11-16,2.63,2.71,2.57,2.66,4668324.98
2016-11-17,2.62,2.65,2.58,2.64,2410268.71
2016-11-18,2.67,2.76,2.63,2.66,2883552.57
2016-11-21,2.63,2.78,2.61,2.69,2930724.48
2016-11-22,2.71,2.86,2.69,2.79,4058259.51
2016-11-23,2.79,2.83,2.73,2.74,2328864.19
2016-11-24,2.83,2.94,2.77,2.81,4444008.72
2016-11-25,2.78,2.83,2.62,2.75,2509846.33
2016-11-28,2.77,2.88,2.73,2.83,3530381.73
2016-11-29,2.8,2.82,2.69,2.7,3193682.11
2016-11-30,2.63,2.68,2.58,2.61,2767820.62
2016-12-01,2.63,2.72,2.63,2.72,2030845.84
2016-12-02,2.71,2.73,2.66,2.67,1689925.32
2016-12-05,2.64,2.75,2.63,2.7,1472693.23
2016-12-06,2.75,2.77,2.69,2.7,1265483.02
2016-12-07,2.72,2.85,2.7,2.82,3033107.2
2016-12-08,2.81,3.15,2.79,2.95,4167840.34
2016-12-09,2.98,3.05,2.89,2.95,2525674.0
2016-12-12,2.99,3.03,2.75,2.77,3255727.6
2016-12-13,2.78,2.89,2.69,2.87,2317242.34
2016-12-14,2.85,2.92,2.81,2.85,1793418.43
2016-12-15,2.87,2.9,2.76,2.78,1993913.86
2016-12-16,2.78,2.78,2.69,2.7,1626551.69
2016-12-19,2.69,2.7,2.63,2.68,918256.56
2016-12-20,2.65,2.72,2.64,2.67,1204536.47
2016-12-21,2.69,2.73,2.66,2.69,1069601.91
2016-12-22,2.69,2.69,2.63,2.66,728048.67
2016-12-23,2.67,2.68,2.58,2.62,1101562.88
2016-12-26,2.6,2.6,2.5,2.57,1273392.24
2016-12-27,2.55,2.62,2.54,2.6,848227.17
2016-12-28,2.61,2.66,2.58,2.59,855784.33
2016-12-29,2.58,2.61,2.53,2.58,674588.32
2016-12-30,2.57,2.6,2.54,2.55,851315.86
2017-01-03,2.57,2.64,2.56,2.63,1004315.89
2017-01-04,2.63,2.78,2.61,2.75,2232124.85
2017-01-05,2.78,2.82,2.71,2.76,1831779.43
2017-01-06,2.74,2.78,2.73,2.74,862653.3
2017-01-09,2.74,2.78,2.73,2.76,637720.84
2017-01-10,2.77,2.82,2.74,2.78,1236324.63
2017-01-11,2.8,2.86,2.76,2.76,1867007.92
2017-01-12,2.75,2.76,2.65,2.67,1216621.14
2017-01-13,2.7,2.75,2.63,2.66,1046897.88
2017-01-16,2.65,2.73,2.55,2.65,1622308.14
2017-01-17,2.63,2.64,2.53,2.59,1264971.63
2017-01-18,2.59,2.62,2.56,2.6,860496.16
2017-01-19,2.59,2.62,2.57,2.58,602582.7
2017-01-20,2.58,2.61,2.57,2.59,539695.99
2017-01-23,2.59,2.8,2.59,2.72,2047339.94
2017-01-24,2.71,2.77,2.69,2.75,1151270.26
2017-01-25,2.79,2.83,2.74,2.74,1319761.47
2017-01-26,2.73,2.97,2.72,2.94,3598058.85
2017-02-03,2.9,2.9,2.8,2.82,1876734.06
2017-02-06,2.79,2.8,2.71,2.79,1453987.07
2017-02-07,2.79,2.85,2.76,2.82,1255736.91
2017-02-08,2.82,2.85,2.77,2.85,1216648.44
2017-02-09,2.84,2.88,2.8,2.81,1570187.69
2017-02-10,2.8,2.9,2.76,2.87,2408270.74
2017-02-13,3.1,3.16,2.92,2.95,3653719.02
2017-02-14,2.96,3.04,2.9,3.03,3126726.96
2017-02-15,2.96,2.99,2.89,2.9,2396521.23
2017-02-16,2.91,3.05,2.88,2.95,2513750.85
2017-02-17,2.92,2.98,2.91,2.92,1247685.29
2017-02-20,2.92,2.97,2.92,2.97,1307774.48
2017-02-21,2.99,3.0,2.92,2.96,1210537.53
2017-02-22,2.96,2.97,2.9,2.92,1557884.57
2017-02-23,2.92,2.93,2.84,2.86,2140634.35
2017-02-24,2.79,2.79,2.75,2.78,2429201.11
2017-02-27,2.79,2.8,2.74,2.76,1262883.98
2017-02-28,2.76,2.8,2.75,2.79,981379.8
2017-03-01,2.78,2.86,2.77,2.82,1914085.62
2017-03-02,2.82,2.83,2.74,2.76,1709295.91
2017-03-03,2.71,2.73,2.68,2.71,1585882.16
2017-03-06,2.71,2.72,2.69,2.72,1024713.83
2017-03-07,2.7,2.71,2.66,2.69,1325592.26
2017-03-08,2.66,2.68,2.65,2.68,871174.77
2017-03-09,2.66,2.66,2.61,2.63,1211284.74
2017-03-10,2.64,2.69,2.63,2.67,1152688.76
2017-03-13,2.67,2.71,2.65,2.71,1195420.75
2017-03-14,2.71,2.72,2.68,2.68,744236.02
2017-03-15,2.68,2.71,2.66,2.69,877849.38
2017-03-16,2.76,2.81,2.72,2.75,1970990.51
2017-03-17,2.72,2.76,2.69,2.69,1110136.75
2017-03-20,2.69,2.71,2.65,2.67,1054325.6
2017-03-21,2.66,2.68,2.65,2.67,730236.16
2017-03-22,2.65,2.66,2.62,2.63,844913.27
2017-03-23,2.64,2.66,2.62,2.64,683709.94
2017-03-24,2.63,2.66,2.62,2.66,765417.55
2017-03-27,2.64,2.66,2.63,2.64,572232.79
2017-03-28,2.65,2.65,2.62,2.64,437042.13
2017-03-29,2.65,2.69,2.63,2.67,1067601.73
2017-03-30,2.67,2.67,2.62,2.63,925043.14
2017-03-31,2.63,2.64,2.62,2.64,498857.81
2017-04-05,2.63,2.71,2.63,2.7,1658366.02
2017-04-06,2.74,2.75,2.7,2.71,1299282.83
2017-04-07,2.7,2.73,2.67,2.7,995020.7
2017-04-10,2.68,2.69,2.65,2.66,920663.14
2017-04-11,2.65,2.67,2.62,2.67,1035053.03
2017-04-12,2.67,2.67,2.63,2.63,996183.76
2017-04-13,2.63,2.64,2.6,2.62,1250026.08
2017-04-14,2.63,2.63,2.53,2.55,2163939.3
2017-04-17,2.55,2.56,2.48,2.51,1293316.96
2017-04-18,2.5,2.53,2.47,2.47,846155.35
2017-04-19,2.46,2.47,2.39,2.45,1127313.0
2017-04-20,2.43,2.45,2.38,2.4,914650.35
2017-04-21,2.41,2.42,2.38,2.41,731427.83
2017-04-24,2.41,2.41,2.27,2.28,1311011.58
2017-04-25,2.28,2.31,2.25,2.28,813892.06
2017-04-26,2.28,2.3,2.26,2.29,624813.98
2017-04-27,2.28,2.29,2.22,2.28,791077.85
2017-04-28,2.27,2.33,2.27,2.32,711655.05
2017-05-02,2.33,2.34,2.31,2.33,574107.46
2017-05-03,2.33,2.33,2.27,2.29,633041.39
2017-05-04,2.25,2.27,2.23,2.24,746381.61
2017-05-05,2.23,2.24,2.19,2.19,672678.34
2017-05-08,2.18,2.2,2.14,2.16,783118.96
2017-05-09,2.15,2.18,2.12,2.17,802918.86
2017-05-10,2.16,2.18,2.1,2.11,715876.51
2017-05-11,2.1,2.1,2.02,2.08,1069539.18
2017-05-12,2.07,2.11,2.06,2.11,700130.45
2017-05-15,2.14,2.17,2.08,2.16,978977.98
2017-05-16,2.15,2.22,2.12,2.22,1107961.19
2017-05-17,2.22,2.25,2.2,2.21,818122.25
2017-05-18,2.19,2.21,2.18,2.19,470109.24
2017-05-19,2.19,2.2,2.17,2.19,464330.41
2017-05-22,2.19,2.24,2.18,2.2,915895.03
2017-05-23,2.19,2.2,2.08,2.11,872005.87
2017-05-24,2.1,2.11,2.05,2.11,724242.8
2017-05-25,2.1,2.18,2.09,2.16,861364.56
2017-05-26,2.15,2.18,2.15,2.16,628815.05
2017-05-31,2.17,2.21,2.16,2.16,561122.27
2017-06-01,2.15,2.16,2.11,2.11,405746.56
2017-06-02,2.1,2.15,2.09,2.14,447891.1
2017-06-05,2.15,2.18,2.15,2.17,437644.36
2017-06-06,2.17,2.17,2.15,2.17,329169.42
2017-06-07,2.17,2.21,2.16,2.2,767518.48
2017-06-08,2.2,2.21,2.19,2.2,464624.9
2017-06-09,2.21,2.22,2.18,2.2,447749.76
2017-06-12,2.21,2.21,2.15,2.16,563579.7
2017-06-13,2.15,2.24,2.14,2.22,1278247.58
2017-06-14,2.21,2.22,2.18,2.2,686300.62
2017-06-15,2.19,2.21,2.18,2.2,522509.47
2017-06-16,2.2,2.26,2.19,2.23,1262632.35
2017-06-19,2.22,2.25,2.21,2.24,609455.98
2017-06-20,2.24,2.27,2.22,2.25,756012.55
2017-06-21,2.25,2.26,2.21,2.23,611663.7
2017-06-22,2.23,2.26,2.21,2.21,788999.25
2017-06-23,2.2,2.24,2.18,2.23,688947.05
2017-06-26,2.23,2.27,2.22,2.26,968354.72
2017-06-27,2.25,2.26,2.22,2.25,829592.4
2017-06-28,2.24,2.3,2.23,2.27,1551737.93
2017-06-29,2.28,2.34,2.27,2.31,1494416.7
2017-06-30,2.3,2.33,2.3,2.31,993383.29
2017-07-03,2.32,2.34,2.29,2.34,956562.57
2017-07-04,2.34,2.37,2.31,2.32,1023152.0
2017-07-05,2.32,2.37,2.31,2.36,1263980.69
2017-07-06,2.35,2.43,2.34,2.42,1969185.9
2017-07-07,2.4,2.48,2.38,2.47,1874970.64
2017-07-10,2.45,2.52,2.44,2.45,1899617.44
2017-07-11,2.45,2.46,2.37,2.37,1474990.75
2017-07-12,2.37,2.41,2.33,2.39,1333978.51
2017-07-13,2.39,2.46,2.37,2.42,1660317.02
2017-07-14,2.4,2.41,2.37,2.39,1424261.09
2017-07-17,2.4,2.41,2.27,2.34,1865645.28
2017-07-18,2.33,2.43,2.32,2.42,1797892.45
2017-07-19,2.41,2.59,2.41,2.56,4453923.41
2017-07-20,2.57,2.57,2.51,2.52,2216957.45
2017-07-21,2.52,2.54,2.5,2.53,1298536.53
2017-07-24,2.53,2.6,2.51,2.52,1962782.65
2017-07-25,2.52,2.58,2.49,2.57,2452147.09
2017-07-26,2.7,2.78,2.61,2.66,5952313.62
2017-07-27,2.65,2.66,2.54,2.58,3041333.99
2017-07-28,2.56,2.59,2.53,2.59,1739605.79
2017-07-31,2.59,2.71,2.59,2.7,3753345.56
2017-08-01,2.69,2.7,2.61,2.63,2572265.47
2017-08-02,2.62,2.7,2.58,2.62,3103552.03
2017-08-03,2.62,2.68,2.6,2.66,2496666.02
2017-08-04,2.66,2.83,2.65,2.7,5120678.85
2017-08-07,2.7,2.77,2.61,2.76,3797360.94
2017-08-08,2.78,2.87,2.72,2.74,4829016.85
2017-08-09,2.78,2.82,2.72,2.82,3526182.97
2017-08-10,2.77,2.79,2.69,2.7,2762997.93
2017-08-11,2.64,2.65,2.44,2.47,3884088.75
2017-08-14,2.47,2.53,2.47,2.51,1363879.75
2017-08-15,2.5,2.52,2.47,2.5,1100682.74
2017-08-16,2.49,2.51,2.45,2.49,1131906.59
2017-08-17,2.56,2.59,2.52,2.54,1409013.05
2017-08-18,2.5,2.51,2.48,2.5,776076.69
2017-08-21,2.5,2.57,2.5,2.56,1253707.56
2017-08-22,2.56,2.6,2.52,2.57,1060843.08
2017-08-23,2.52,2.54,2.5,2.52,921232.22
2017-08-24,2.52,2.53,2.49,2.5,576394.77
2017-08-25,2.52,2.57,2.52,2.56,1242805.17
2017-08-28,2.57,2.59,2.55,2.58,1274186.89
2017-08-29,2.59,2.62,2.55,2.56,1530245.24
2017-08-30,2.54,2.6,2.54,2.58,1345164.91
2017-08-31,2.57,2.6,2.56,2.59,1070662.48
2017-09-01,2.59,2.72,2.59,2.67,2883312.88
2017-09-04,2.7,2.77,2.68,2.71,2627051.0
2017-09-05,2.72,2.75,2.65,2.73,2235682.84
2017-09-06,2.68,2.75,2.66,2.71,2018203.56
2017-09-07,2.7,2.72,2.64,2.64,1611896.01
2017-09-08,2.64,2.69,2.6,2.62,1608186.37
2017-09-11,2.6,2.65,2.58,2.65,1458891.9
2017-09-12,2.66,2.68,2.63,2.63,1588583.33
2017-09-13,2.62,2.63,2.6,2.62,1043627.21
2017-09-14,2.6,2.61,2.56,2.58,1506390.23
2017-09-15,2.57,2.57,2.52,2.53,1270925.23
2017-09-18,2.52,2.55,2.51,2.54,780739.21
2017-09-19,2.55,2.55,2.51,2.53,746190.25
2017-09-20,2.52,2.59,2.5,2.58,1392176.59
2017-09-21,2.56,2.56,2.52,2.52,846371.1
2017-09-22,2.5,2.52,2.48,2.51,980518.32
2017-09-25,2.5,2.51,2.47,2.47,568960.99
2017-09-26,2.47,2.5,2.47,2.49,522762.65
2017-09-27,2.48,2.51,2.47,2.5,513112.07
2017-09-28,2.5,2.5,2.47,2.48,687983.49
2017-09-29,2.49,2.51,2.47,2.49,483045.36
2017-10-09,2.52,2.54,2.51,2.51,636786.2
2017-10-10,2.52,2.52,2.48,2.51,603751.95
2017-10-11,2.51,2.51,2.48,2.49,594304.4
2017-10-12,2.49,2.52,2.48,2.52,812667.47
2017-10-13,2.52,2.52,2.49,2.51,520816.92
2017-10-16,2.52,2.61,2.5,2.6,2457252.6
2017-10-17,2.57,2.58,2.51,2.52,1425564.65
2017-10-18,2.51,2.53,2.48,2.49,859835.11
2017-10-19,2.49,2.49,2.45,2.46,723018.5
2017-10-20,2.46,2.49,2.44,2.48,373193.41
2017-10-23,2.48,2.49,2.45,2.46,609150.69
2017-10-24,2.47,2.5,2.46,2.48,647123.93
2017-10-25,2.47,2.48,2.45,2.47,570720.3
2017-10-26,2.46,2.5,2.45,2.48,723110.57
2017-10-27,2.47,2.48,2.45,2.45,588459.48
2017-10-30,2.44,2.45,2.32,2.36,1200151.22
2017-10-31,2.34,2.38,2.34,2.38,437713.57
2017-11-01,2.38,2.4,2.37,2.38,580244.72
2017-11-02,2.37,2.38,2.33,2.35,667011.26
2017-11-03,2.34,2.35,2.26,2.29,794081.15
2017-11-06,2.28,2.31,2.25,2.3,587140.85
2017-11-07,2.3,2.33,2.29,2.31,523301.4
2017-11-08,2.29,2.32,2.29,2.31,414014.15
2017-11-09,2.31,2.34,2.3,2.32,418842.13
2017-11-10,2.32,2.33,2.29,2.3,462350.46
2017-11-13,2.28,2.3,2.27,2.29,502333.83
2017-11-14,2.3,2.31,2.27,2.28,504388.5
2017-11-15,2.26,2.27,2.22,2.23,639691.93
2017-11-16,2.23,2.24,2.21,2.22,404124.51
2017-11-17,2.21,2.22,2.15,2.16,732884.29
2017-11-20,2.16,2.19,2.09,2.19,645471.84
2017-11-21,2.19,2.2,2.16,2.16,479558.55
2017-11-22,2.17,2.21,2.17,2.19,468240.88
2017-11-23,2.19,2.28,2.19,2.21,1013733.0
2017-11-24,2.21,2.25,2.17,2.24,542131.34
2017-11-27,2.25,2.26,2.2,2.21,495132.11
2017-11-28,2.2,2.24,2.19,2.24,457501.31
2017-11-29,2.23,2.32,2.22,2.29,1107329.64
2017-11-30,2.28,2.29,2.25,2.26,577477.69
2017-12-01,2.26,2.27,2.23,2.25,355731.56
2017-12-04,2.26,2.31,2.25,2.27,702191.54
2017-12-05,2.25,2.25,2.17,2.19,630058.52
2017-12-06,2.16,2.19,2.12,2.18,558985.3
2017-12-07,2.17,2.2,2.16,2.18,336156.79
2017-12-08,2.18,2.2,2.16,2.2,286977.87
2017-12-11,2.19,2.21,2.19,2.21,351607.12
2017-12-12,2.21,2.23,2.18,2.18,342132.35
2017-12-13,2.17,2.21,2.17,2.2,320834.99
2017-12-14,2.2,2.21,2.17,2.18,314129.8
2017-12-15,2.18,2.19,2.16,2.17,348887.05
2017-12-18,2.18,2.21,2.18,2.2,368347.27
2017-12-19,2.2,2.21,2.19,2.2,238368.44
2017-12-20,2.2,2.23,2.18,2.21,565234.81
2017-12-21,2.22,2.26,2.21,2.24,621861.7
2017-12-22,2.23,2.27,2.22,2.25,609817.1
2017-12-25,2.26,2.29,2.23,2.25,586091.41
2017-12-26,2.24,2.3,2.23,2.29,738258.26
2017-12-27,2.28,2.34,2.27,2.31,1114328.7
2017-12-28,2.31,2.45,2.31,2.42,2472461.49
2017-12-29,2.42,2.43,2.37,2.39,1086421.93
2018-01-02,2.4,2.44,2.38,2.4,979170.09
2018-01-03,2.39,2.42,2.37,2.38,921060.28
2018-01-04,2.37,2.41,2.34,2.4,1168493.64
2018-01-05,2.39,2.4,2.36,2.37,641509.37
2018-01-08,2.36,2.45,2.36,2.44,1637055.84
2018-01-09,2.43,2.43,2.38,2.4,830774.86
2018-01-10,2.39,2.42,2.33,2.35,972319.52
2018-01-11,2.36,2.39,2.33,2.36,709324.86
2018-01-12,2.34,2.37,2.33,2.35,677655.27
2018-01-15,2.35,2.35,2.28,2.3,989056.4
2018-01-16,2.29,2.3,2.26,2.28,727051.58
2018-01-17,2.27,2.27,2.23,2.25,607644.49
2018-01-18,2.25,2.29,2.24,2.28,518677.69
2018-01-19,2.28,2.29,2.25,2.28,493510.0
2018-01-22,2.26,2.3,2.26,2.3,408404.17
2018-01-23,2.29,2.36,2.28,2.35,1079841.04
2018-01-24,2.32,2.34,2.29,2.32,777035.2
2018-01-25,2.35,2.41,2.35,2.37,1275710.47
2018-01-26,2.35,2.37,2.34,2.36,563851.21
2018-01-29,2.36,2.4,2.33,2.35,873780.08
2018-01-30,2.34,2.4,2.32,2.35,930287.7
2018-01-31,2.34,2.38,2.3,2.38,906715.97
2018-02-01,2.39,2.4,2.28,2.28,1068625.32
2018-02-02,2.27,2.45,2.22,2.42,2002164.72
2018-02-05,2.36,2.44,2.35,2.4,1767282.3
2018-02-06,2.37,2.43,2.3,2.3,1771358.24
2018-02-07,2.35,2.38,2.29,2.3,1332162.69
2018-02-08,2.24,2.29,2.22,2.26,1125173.14
2018-02-09,2.21,2.21,2.09,2.13,1370717.61
2018-02-12,2.13,2.17,2.13,2.16,497639.63
2018-02-13,2.18,2.2,2.17,2.17,428423.5
2018-02-14,2.17,2.19,2.17,2.18,327836.41
2018-02-22,2.2,2.27,2.19,2.25,784917.01
2018-02-23,2.26,2.26,2.23,2.26,385126.17
2018-02-26,2.27,2.29,2.24,2.29,631960.04
2018-02-27,2.28,2.28,2.24,2.25,510497.0
2018-02-28,2.23,2.27,2.22,2.25,399226.43
2018-03-01,2.24,2.25,2.23,2.24,404169.81
2018-03-02,2.23,2.24,2.2,2.21,556423.25
2018-03-05,2.21,2.22,2.19,2.2,377490.0
2018-03-06,2.21,2.25,2.19,2.24,571464.35
2018-03-07,2.23,2.24,2.21,2.21,359913.35
2018-03-08,2.21,2.24,2.2,2.22,387777.0
2018-03-09,2.21,2.23,2.21,2.22,395832.75
2018-03-12,2.23,2.26,2.22,2.24,651378.91
2018-03-13,2.24,2.24,2.22,2.22,364856.28
2018-03-14,2.22,2.24,2.21,2.22,361947.42
2018-03-15,2.22,2.23,2.19,2.2,371955.66
2018-03-16,2.2,2.21,2.19,2.2,274972.12
2018-03-19,2.19,2.19,2.17,2.17,327734.94
2018-03-20,2.16,2.18,2.15,2.18,391240.6
2018-03-21,2.18,2.19,2.16,2.16,373253.8
2018-03-22,2.17,2.18,2.16,2.16,269879.12
2018-03-23,2.13,2.13,2.05,2.08,1011658.36
2018-03-26,2.07,2.1,2.02,2.1,566981.81
2018-03-27,2.12,2.14,2.11,2.13,395335.11
2018-03-28,2.11,2.11,2.09,2.09,305777.25
2018-03-29,2.09,2.12,2.08,2.11,428613.64
2018-03-30,2.11,2.12,2.09,2.1,319605.51
2018-04-02,2.1,2.11,2.09,2.09,304558.0
2018-04-03,2.08,2.08,2.05,2.07,428807.45
2018-04-04,2.07,2.07,2.05,2.06,301450.08
2018-04-09,2.05,2.07,2.03,2.06,344018.96
2018-04-10,2.07,2.1,2.06,2.09,388721.24
2018-04-11,2.1,2.13,2.09,2.1,512128.7
2018-04-12,2.1,2.1,2.07,2.08,284203.64
2018-04-13,2.08,2.09,2.06,2.06,311771.2
2018-04-16,2.06,2.08,2.05,2.07,304632.55
2018-04-17,2.07,2.08,2.05,2.05,306866.46
2018-04-18,2.07,2.07,2.03,2.06,457474.52
2018-04-19,2.07,2.11,2.07,2.1,917913.08
2018-04-20,2.08,2.09,2.04,2.04,437973.97
2018-04-23,2.04,2.05,2.03,2.04,293993.85
2018-04-24,2.04,2.08,2.03,2.07,464929.09
2018-04-25,2.06,2.08,2.05,2.06,291802.65
2018-04-26,2.06,2.07,2.02,2.03,300693.0
2018-04-27,2.04,2.05,2.02,2.04,213460.6
2018-05-02,2.04,2.05,2.03,2.04,230002.72
2018-05-03,2.04,2.06,2.02,2.06,354366.43
2018-05-04,2.05,2.06,2.04,2.05,239935.57
2018-05-07,2.05,2.07,2.04,2.06,387480.24
2018-05-08,2.06,2.08,2.06,2.08,385562.09
2018-05-09,2.07,2.07,2.04,2.05,401074.0
2018-05-10,2.05,2.06,2.04,2.06,219270.87
2018-05-11,2.06,2.08,2.05,2.07,473322.87
2018-05-14,2.07,2.08,2.06,2.07,352825.84
2018-05-15,2.07,2.08,2.06,2.08,308746.74
2018-05-16,2.07,2.07,2.05,2.05,245878.0
2018-05-17,2.05,2.06,2.04,2.05,252898.24
2018-05-18,2.05,2.07,2.04,2.06,284222.85
2018-05-21,2.07,2.08,2.06,2.08,435952.97
2018-05-22,2.08,2.08,2.06,2.08,272870.21
2018-05-23,2.07,2.08,2.04,2.05,411148.39
2018-05-24,2.05,2.07,2.05,2.06,317631.18
2018-05-25,2.05,2.06,2.04,2.04,227502.13
2018-05-28,2.05,2.05,2.03,2.03,282400.1
2018-05-29,2.03,2.04,2.02,2.03,257323.07
2018-05-30,2.02,2.03,1.94,1.95,607451.75
2018-05-31,1.96,1.99,1.95,1.99,409448.72
2018-06-01,1.97,1.99,1.96,1.97,246368.06
2018-06-04,1.97,1.98,1.95,1.96,242681.73
2018-06-05,1.96,1.97,1.95,1.97,245053.8
2018-06-06,1.98,2.03,1.97,2.0,567347.34
2018-06-07,2.03,2.04,1.99,2.01,398070.68
2018-06-08,2.01,2.01,1.96,1.96,366989.17
2018-06-11,1.97,1.98,1.95,1.97,242316.12
2018-06-12,1.96,1.99,1.94,1.98,325654.03
2018-06-13,1.97,1.97,1.95,1.95,180595.28
2018-06-14,1.95,1.97,1.94,1.95,190019.48
2018-06-15,1.96,1.97,1.89,1.92,385772.55
2018-06-19,1.89,1.89,1.68,1.7,894946.44
2018-06-20,1.68,1.73,1.66,1.71,473232.89
2018-06-21,1.71,1.77,1.69,1.7,444825.97
2018-06-22,1.68,1.72,1.66,1.72,294891.15
2018-06-25,1.73,1.75,1.71,1.71,231447.99
2018-06-26,1.68,1.71,1.67,1.7,275677.85
2018-06-27,1.69,1.71,1.68,1.68,227185.28
2018-06-28,1.68,1.7,1.67,1.67,232864.56
2018-06-29,1.67,1.72,1.67,1.7,271387.35
2018-07-02,1.7,1.71,1.66,1.67,366966.99
2018-07-03,1.67,1.69,1.65,1.68,296384.88
2018-07-04,1.68,1.7,1.66,1.67,350984.48
2018-07-05,1.67,1.67,1.56,1.57,542415.0
2018-07-06,1.57,1.59,1.49,1.55,563355.67
2018-07-09,1.55,1.59,1.55,1.58,298985.39
2018-07-10,1.58,1.62,1.57,1.6,327477.9
2018-07-11,1.57,1.58,1.52,1.55,366635.63
2018-07-12,1.53,1.59,1.53,1.58,322955.36
2018-07-13,1.58,1.6,1.58,1.59,296458.55
2018-07-16,1.59,1.61,1.59,1.6,259687.31
2018-07-17,1.6,1.6,1.58,1.59,158271.39
2018-07-18,1.59,1.61,1.58,1.58,228633.0
2018-07-19,1.58,1.6,1.57,1.59,232996.13
2018-07-20,1.57,1.61,1.57,1.6,277472.53
2018-07-23,1.6,1.65,1.59,1.64,469908.37
2018-07-24,1.64,1.72,1.63,1.7,778583.23
2018-07-25,1.72,1.73,1.68,1.69,561102.37
2018-07-26,1.69,1.71,1.67,1.7,459509.55
2018-07-27,1.7,1.7,1.68,1.7,326494.72
2018-07-30,1.69,1.72,1.67,1.68,374682.54
2018-07-31,1.68,1.7,1.67,1.69,246929.48
2018-08-01,1.7,1.71,1.64,1.65,330304.0
2018-08-02,1.63,1.64,1.56,1.61,495190.48
2018-08-03,1.6,1.62,1.59,1.59,232534.38
2018-08-06,1.6,1.61,1.56,1.56,301938.98
2018-08-07,1.57,1.64,1.56,1.64,455874.47
2018-08-08,1.63,1.64,1.6,1.61,334993.04
2018-08-09,1.61,1.66,1.61,1.64,445183.78
2018-08-10,1.64,1.65,1.63,1.64,230441.33
2018-08-13,1.62,1.62,1.59,1.62,282795.02
2018-08-14,1.61,1.64,1.6,1.63,269686.21
2018-08-15,1.62,1.63,1.59,1.6,241513.75
2018-08-16,1.58,1.72,1.56,1.64,844324.53
2018-08-17,1.62,1.64,1.57,1.58,491994.0
2018-08-20,1.59,1.6,1.57,1.59,241615.15
2018-08-21,1.59,1.62,1.58,1.61,244721.3
2018-08-22,1.61,1.61,1.58,1.58,183281.6
2018-08-23,1.58,1.6,1.58,1.59,197541.01
2018-08-24,1.59,1.61,1.58,1.6,246540.27
2018-08-27,1.6,1.63,1.59,1.62,245130.21
2018-08-28,1.62,1.66,1.62,1.64,412409.48
2018-08-29,1.64,1.67,1.63,1.66,407132.79
2018-08-30,1.65,1.66,1.63,1.63,313752.43
2018-08-31,1.64,1.64,1.6,1.62,259790.33
2018-09-03,1.61,1.62,1.58,1.6,274922.19
2018-09-04,1.6,1.63,1.59,1.62,180525.91
2018-09-05,1.6,1.63,1.6,1.61,216724.29
2018-09-06,1.61,1.62,1.59,1.6,193626.0
2018-09-07,1.6,1.62,1.59,1.6,182169.56
2018-09-10,1.6,1.61,1.57,1.58,185571.35
2018-09-11,1.58,1.59,1.57,1.58,165963.12
2018-09-12,1.57,1.59,1.57,1.57,123938.15
2018-09-13,1.59,1.6,1.58,1.59,186361.95
2018-09-14,1.59,1.61,1.58,1.6,231807.72
2018-09-17,1.59,1.6,1.57,1.58,182569.05
2018-09-18,1.58,1.61,1.57,1.61,275154.16
2018-09-19,1.62,1.64,1.6,1.62,333574.1
2018-09-20,1.62,1.64,1.61,1.63,286501.59
2018-09-21,1.63,1.65,1.62,1.65,355968.04
2018-09-25,1.65,1.65,1.63,1.65,323343.0
2018-09-26,1.64,1.69,1.64,1.66,520638.46
2018-09-27,1.66,1.67,1.65,1.65,275668.05
2018-09-28,1.65,1.68,1.64,1.68,397178.89
2018-10-08,1.66,1.66,1.62,1.62,393508.35
2018-10-09,1.63,1.67,1.62,1.65,379957.22
2018-10-10,1.66,1.68,1.65,1.66,276857.75
2018-10-11,1.63,1.63,1.52,1.54,956624.44
2018-10-12,1.54,1.57,1.5,1.55,558222.34
2018-10-15,1.56,1.57,1.54,1.55,321706.0
2018-10-16,1.54,1.55,1.5,1.51,461952.91
2018-10-17,1.53,1.54,1.46,1.51,473517.89
2018-10-18,1.5,1.51,1.44,1.45,446929.02
2018-10-19,1.41,1.48,1.4,1.47,398742.03
2018-10-22,1.48,1.58,1.48,1.55,607075.92
2018-10-23,1.56,1.57,1.51,1.53,394003.93
2018-10-24,1.51,1.55,1.5,1.53,269607.81
2018-10-25,1.49,1.54,1.47,1.54,362898.11
2018-10-26,1.54,1.59,1.53,1.56,670558.51
2018-10-29,1.55,1.55,1.52,1.52,331115.0
2018-10-30,1.52,1.57,1.52,1.55,372086.5
2018-10-31,1.55,1.59,1.54,1.58,515923.47
2018-11-01,1.57,1.6,1.56,1.57,446087.57
2018-11-02,1.58,1.6,1.57,1.6,464798.24
2018-11-05,1.6,1.6,1.57,1.58,350556.84
2018-11-06,1.58,1.59,1.56,1.57,254942.84
2018-11-07,1.58,1.62,1.57,1.58,524036.0
2018-11-08,1.59,1.6,1.56,1.56,277756.94
2018-11-09,1.56,1.57,1.55,1.55,240679.84
2018-11-12,1.55,1.59,1.54,1.59,404586.98
2018-11-13,1.57,1.63,1.56,1.63,1029375.6
2018-11-14,1.62,1.65,1.61,1.62,746396.93
2018-11-15,1.62,1.64,1.6,1.64,566398.52
2018-11-16,1.64,1.65,1.62,1.64,537204.77
2018-11-19,1.63,1.64,1.62,1.63,399152.05
2018-11-20,1.62,1.69,1.62,1.64,939257.94
2018-11-21,1.62,1.63,1.6,1.62,566592.78
2018-11-22,1.62,1.63,1.61,1.62,269077.5
2018-11-23,1.62,1.62,1.54,1.54,562788.29
2018-11-26,1.54,1.56,1.53,1.53,352972.96
2018-11-27,1.54,1.55,1.53,1.53,213459.26
2018-11-28,1.53,1.55,1.51,1.55,225615.67
2018-11-29,1.56,1.57,1.53,1.53,311323.89
2018-11-30,1.53,1.55,1.52,1.54,237010.13
2018-12-03,1.57,1.6,1.57,1.58,470514.7
2018-12-04,1.58,1.58,1.56,1.58,264552.01
2018-12-05,1.55,1.58,1.54,1.56,332557.25
2018-12-06,1.56,1.56,1.53,1.54,272098.66
2018-12-07,1.54,1.55,1.53,1.55,152602.5
2018-12-10,1.54,1.55,1.52,1.52,187659.84
2018-12-11,1.53,1.54,1.52,1.54,145189.92
2018-12-12,1.54,1.55,1.53,1.54,168836.29
2018-12-13,1.54,1.56,1.53,1.55,278681.77
2018-12-14,1.55,1.55,1.52,1.52,213549.0
2018-12-17,1.52,1.53,1.49,1.52,255117.12
2018-12-18,1.51,1.52,1.5,1.51,189352.68
2018-12-19,1.51,1.52,1.5,1.5,154247.85
2018-12-20,1.5,1.51,1.49,1.5,218794.12
2018-12-21,1.5,1.5,1.48,1.49,185689.75
2018-12-24,1.49,1.5,1.48,1.5,153061.83
2018-12-25,1.48,1.49,1.45,1.48,272192.54
2018-12-26,1.48,1.49,1.46,1.46,206221.92
2018-12-27,1.48,1.49,1.45,1.46,216232.0
2018-12-28,1.46,1.47,1.45,1.46,183713.86
2019-01-02,1.46,1.47,1.44,1.44,155993.21
2019-01-03,1.45,1.46,1.44,1.45,173642.18
2019-01-04,1.44,1.49,1.43,1.49,321803.09
2019-01-07,1.5,1.53,1.49,1.52,416079.8
2019-01-08,1.51,1.52,1.49,1.51,268829.71
2019-01-09,1.5,1.53,1.5,1.51,522757.94
2019-01-10,1.51,1.51,1.49,1.49,315900.38
2019-01-11,1.49,1.51,1.49,1.51,314465.57
2019-01-14,1.5,1.52,1.5,1.52,361430.94
2019-01-15,1.51,1.52,1.5,1.51,300919.0
2019-01-16,1.51,1.52,1.5,1.51,235005.76
2019-01-17,1.51,1.55,1.49,1.52,641544.7
2019-01-18,1.51,1.57,1.5,1.55,1050379.25
2019-01-21,1.55,1.56,1.53,1.54,600356.14
2019-01-22,1.55,1.55,1.51,1.52,312232.51
2019-01-23,1.51,1.52,1.5,1.51,212111.0
2019-01-24,1.51,1.52,1.5,1.51,276026.95
2019-01-25,1.51,1.51,1.49,1.5,279910.28
2019-01-28,1.51,1.52,1.49,1.49,221197.45
2019-01-29,1.49,1.5,1.44,1.48,409378.46
2019-01-30,1.47,1.48,1.46,1.46,186074.05
2019-01-31,1.47,1.49,1.45,1.47,363260.8
2019-02-01,1.46,1.5,1.46,1.5,300084.8
2019-02-11,1.5,1.53,1.5,1.53,376413.88
2019-02-12,1.52,1.54,1.51,1.54,411601.33
2019-02-13,1.54,1.58,1.53,1.58,966053.4
2019-02-14,1.57,1.58,1.55,1.56,513741.97
2019-02-15,1.56,1.57,1.54,1.54,356771.33
2019-02-18,1.55,1.61,1.55,1.6,978470.52
2019-02-19,1.59,1.61,1.57,1.59,704844.11
2019-02-20,1.6,1.66,1.6,1.63,1110374.56
2019-02-21,1.63,1.64,1.6,1.61,820024.97
2019-02-22,1.61,1.63,1.58,1.63,821122.4
2019-02-25,1.65,1.84,1.65,1.84,3443450.04
2019-02-26,1.85,1.99,1.8,1.86,3520609.47
2019-02-27,1.82,1.9,1.8,1.84,1602088.04
2019-02-28,1.84,1.88,1.83,1.86,1173527.2
2019-03-01,1.87,1.88,1.82,1.87,963343.58
2019-03-04,1.87,1.94,1.87,1.91,2109890.48
2019-03-05,1.89,1.95,1.87,1.95,1715065.74
2019-03-06,1.96,2.05,1.94,2.05,2529119.32
2019-03-07,2.04,2.31,2.02,2.31,4404367.89
2019-03-08,2.43,2.55,2.29,2.32,9433330.28
2019-03-11,2.31,2.34,2.2,2.33,3922578.29
2019-03-12,2.32,2.36,2.27,2.35,3441674.54
2019-03-13,2.34,2.34,2.2,2.24,2556375.79
2019-03-14,2.18,2.27,2.04,2.08,2268267.81
2019-03-15,2.09,2.13,2.05,2.11,1416786.12
2019-03-18,2.13,2.17,2.12,2.17,1313261.78
2019-03-19,2.17,2.18,2.12,2.15,1097927.09
2019-03-20,2.15,2.15,2.1,2.13,981060.05
2019-03-21,2.16,2.23,2.14,2.16,1956733.56
2019-03-22,2.15,2.16,2.1,2.14,1143640.4
2019-03-25,2.1,2.12,2.07,2.07,1120647.68
2019-03-26,2.08,2.1,1.99,2.0,1097957.81
2019-03-27,2.01,2.04,1.98,2.0,722313.7
2019-03-28,2.0,2.0,1.96,1.96,686005.59
2019-03-29,1.97,2.05,1.96,2.05,1299191.28
2019-04-01,2.1,2.25,2.08,2.23,2565426.05
2019-04-02,2.23,2.23,2.15,2.22,2206273.71
2019-04-03,2.18,2.22,2.17,2.21,1265853.99
2019-04-04,2.23,2.28,2.17,2.21,1955701.56
2019-04-08,2.21,2.31,2.18,2.23,2380228.21
2019-04-09,2.22,2.22,2.15,2.19,1184993.17
2019-04-10,2.18,2.19,2.13,2.16,1296618.5
2019-04-11,2.17,2.19,2.13,2.13,905741.48
2019-04-12,2.13,2.15,2.09,2.11,766259.37
2019-04-15,2.18,2.2,2.11,2.11,897134.52
2019-04-16,2.1,2.22,2.08,2.21,2182214.13
2019-04-17,2.19,2.21,2.16,2.18,1151984.74
2019-04-18,2.17,2.23,2.14,2.15,1276097.18
2019-04-19,2.14,2.16,2.11,2.16,866713.75
2019-04-22,2.16,2.17,2.11,2.12,822649.55
2019-04-23,2.11,2.13,2.09,2.09,772422.94
2019-04-24,2.11,2.11,2.06,2.1,588408.62
2019-04-25,2.08,2.09,1.99,1.99,876287.26
2019-04-26,1.99,2.01,1.97,1.98,754168.45
2019-04-29,1.99,1.99,1.92,1.93,692634.5
2019-04-30,1.93,2.0,1.93,1.99,508754.01
2019-05-06,1.94,1.94,1.77,1.81,1128543.95
2019-05-07,1.82,1.86,1.8,1.85,710719.27
2019-05-08,1.8,1.89,1.79,1.86,583918.98
2019-05-09,1.84,1.87,1.83,1.85,346914.17
2019-05-10,1.86,1.9,1.83,1.9,676715.03
2019-05-13,1.88,1.89,1.85,1.86,380521.85
2019-05-14,1.84,1.86,1.83,1.84,364478.65
2019-05-15,1.85,1.88,1.84,1.87,420098.3
2019-05-16,1.86,1.97,1.86,1.94,978821.65
2019-05-17,1.94,1.95,1.85,1.85,625360.0
2019-05-20,1.85,1.87,1.8,1.86,504002.01
2019-05-21,1.86,1.95,1.85,1.92,699451.04
2019-05-22,1.93,1.96,1.91,1.92,553158.0
2019-05-23,1.9,1.92,1.88,1.88,323603.11
2019-05-24,1.87,1.92,1.86,1.87,372878.9
2019-05-27,1.87,1.92,1.86,1.91,425656.66
2019-05-28,1.9,1.93,1.88,1.9,470174.98
2019-05-29,1.9,1.94,1.89,1.92,423187.52
2019-05-30,1.92,1.95,1.9,1.94,538453.35
2019-05-31,1.93,1.95,1.91,1.93,431685.46
2019-06-03,1.93,1.94,1.9,1.9,396562.38
2019-06-04,1.89,1.92,1.86,1.87,373952.81
2019-06-05,1.89,1.9,1.88,1.88,276942.37
2019-06-06,1.88,1.89,1.84,1.85,334677.57
2019-06-10,1.86,1.88,1.84,1.87,425643.12
2019-06-11,1.87,1.95,1.87,1.95,583948.93
2019-06-12,1.94,1.99,1.93,1.96,748644.76
2019-06-13,1.95,1.96,1.93,1.95,367574.87
2019-06-14,1.96,2.03,1.94,1.97,855365.07
2019-06-17,1.95,1.98,1.92,1.93,560243.09
2019-06-18,1.94,1.96,1.93,1.95,393721.11
2019-06-19,1.99,2.0,1.95,1.96,474127.86
2019-06-20,1.96,2.01,1.95,1.99,831354.23
2019-06-21,2.0,2.08,1.99,2.02,984561.43
2019-06-24,2.01,2.05,2.0,2.02,523889.35
2019-06-25,2.02,2.07,2.02,2.04,1203543.34
2019-06-26,2.01,2.02,1.97,1.98,669870.48
2019-06-27,1.99,2.01,1.98,1.99,569124.13
2019-06-28,1.99,2.0,1.97,1.98,473826.87
2019-07-01,2.0,2.03,1.99,2.01,841841.39
2019-07-02,2.0,2.0,1.96,1.98,587302.24
2019-07-03,1.99,1.99,1.93,1.94,475185.0
2019-07-04,1.95,1.96,1.91,1.93,425156.92
2019-07-05,1.93,1.94,1.9,1.92,354365.55
2019-07-08,1.91,1.92,1.83,1.85,698461.78
2019-07-09,1.85,1.86,1.83,1.85,315544.78
2019-07-10,1.85,1.86,1.82,1.82,330992.33
2019-07-11,1.84,1.87,1.83,1.85,376466.9
2019-07-12,1.84,1.86,1.83,1.86,280425.33
2019-07-15,1.85,1.89,1.83,1.87,491103.56
2019-07-16,1.87,1.89,1.87,1.88,262806.89
2019-07-17,1.88,1.88,1.86,1.87,288713.44
2019-07-18,1.87,1.9,1.86,1.86,396955.05
2019-07-19,1.88,1.94,1.88,1.92,928216.22
2019-07-22,1.91,1.91,1.85,1.87,656450.59
2019-07-23,1.86,1.87,1.85,1.86,295037.18
2019-07-24,1.86,1.89,1.86,1.87,332749.06
2019-07-25,1.87,1.88,1.85,1.87,279320.38
2019-07-26,1.86,1.87,1.84,1.87,308290.12
2019-07-29,1.86,1.87,1.84,1.84,286959.58
2019-07-30,1.85,1.87,1.84,1.85,409068.97
2019-07-31,1.85,1.85,1.81,1.84,454846.46
2019-08-01,1.83,1.84,1.82,1.83,318389.08
2019-08-02,1.81,1.82,1.8,1.81,400298.93
2019-08-05,1.79,1.81,1.77,1.78,446920.95
2019-08-06,1.76,1.77,1.67,1.7,637294.12
2019-08-07,1.71,1.77,1.7,1.76,676059.19
2019-08-08,1.76,1.79,1.76,1.77,364021.38
2019-08-09,1.78,1.78,1.74,1.74,328581.76
2019-08-12,1.75,1.76,1.72,1.75,321279.02
2019-08-13,1.74,1.75,1.72,1.74,243728.5
2019-08-14,1.76,1.77,1.74,1.75,291116.0
2019-08-15,1.72,1.75,1.7,1.73,312577.81
2019-08-16,1.74,1.75,1.72,1.73,233104.26
2019-08-19,1.74,1.78,1.73,1.77,429541.2
2019-08-20,1.77,1.81,1.76,1.78,489123.74
2019-08-21,1.78,1.78,1.76,1.76,299283.0
2019-08-22,1.77,1.78,1.74,1.75,226614.1
2019-08-23,1.75,1.79,1.74,1.77,355946.25
2019-08-26,1.74,1.76,1.73,1.76,377810.33
2019-08-27,1.75,1.8,1.75,1.78,673642.02
2019-08-28,1.79,1.79,1.77,1.79,412771.8
2019-08-29,1.79,1.79,1.77,1.77,283651.02
2019-08-30,1.78,1.79,1.74,1.76,470733.53
2019-09-02,1.76,1.79,1.75,1.78,655053.31
2019-09-03,1.77,1.78,1.75,1.75,476463.98
2019-09-04,1.75,1.77,1.75,1.77,599196.73
2019-09-05,1.78,1.82,1.77,1.8,1109393.42
2019-09-06,1.81,1.81,1.78,1.79,550164.7
2019-09-09,1.81,1.82,1.79,1.8,664369.52
2019-09-10,1.81,1.86,1.8,1.83,966168.03
2019-09-11,1.83,1.84,1.8,1.82,728956.94
2019-09-12,1.82,1.86,1.8,1.85,943919.23
2019-09-16,1.86,1.9,1.84,1.85,891506.71
2019-09-17,1.85,1.85,1.78,1.79,699393.15
2019-09-18,1.78,1.8,1.75,1.76,643199.04
2019-09-19,1.76,1.77,1.72,1.76,515583.66
2019-09-20,1.75,1.77,1.74,1.76,431745.28
2019-09-23,1.75,1.76,1.72,1.74,443206.37
2019-09-24,1.74,1.75,1.72,1.73,319833.51
2019-09-25,1.73,1.73,1.71,1.72,318828.85
2019-09-26,1.71,1.72,1.69,1.7,355789.99
2019-09-27,1.69,1.72,1.68,1.71,273821.89
2019-09-30,1.7,1.71,1.68,1.69,226168.0
2019-10-08,1.68,1.71,1.68,1.7,215114.62
2019-10-09,1.69,1.7,1.68,1.7,159744.15
2019-10-10,1.7,1.71,1.69,1.71,165156.99
2019-10-11,1.71,1.72,1.7,1.72,182810.4
2019-10-14,1.72,1.75,1.72,1.73,380182.37
2019-10-15,1.73,1.74,1.7,1.71,287199.48
2019-10-16,1.71,1.72,1.69,1.69,256842.55
2019-10-17,1.69,1.75,1.69,1.72,410302.08
2019-10-18,1.71,1.72,1.68,1.68,317896.7
2019-10-21,1.69,1.69,1.67,1.69,259274.59
2019-10-22,1.69,1.71,1.68,1.7,294121.89
2019-10-23,1.69,1.7,1.68,1.69,153776.0
2019-10-24,1.7,1.74,1.68,1.73,492214.95
2019-10-25,1.71,1.72,1.69,1.71,374494.61
2019-10-28,1.7,1.71,1.69,1.71,312150.92
2019-10-29,1.71,1.71,1.68,1.68,242090.0
2019-10-30,1.68,1.69,1.67,1.68,248228.51
2019-10-31,1.68,1.69,1.67,1.69,193706.27
2019-11-01,1.68,1.71,1.67,1.7,335867.11
2019-11-04,1.69,1.71,1.69,1.69,208679.23
2019-11-05,1.69,1.71,1.69,1.7,287595.0
2019-11-06,1.7,1.71,1.69,1.7,261350.93
2019-11-07,1.7,1.7,1.68,1.69,168388.23
2019-11-08,1.7,1.7,1.69,1.69,216934.66
2019-11-11,1.69,1.69,1.65,1.66,332418.05
2019-11-12,1.66,1.67,1.65,1.66,209451.34
2019-11-13,1.67,1.67,1.64,1.65,257749.66
2019-11-14,1.65,1.65,1.64,1.64,172129.62
2019-11-15,1.64,1.65,1.62,1.63,216275.73
2019-11-18,1.63,1.63,1.6,1.63,247148.67
2019-11-19,1.62,1.66,1.61,1.66,234926.4
2019-11-20,1.66,1.66,1.64,1.64,139766.05
2019-11-21,1.64,1.64,1.62,1.64,139616.45
2019-11-22,1.64,1.67,1.63,1.65,280289.62
2019-11-25,1.65,1.71,1.64,1.7,620089.46
2019-11-26,1.7,1.71,1.66,1.68,499703.15
2019-11-27,1.68,1.68,1.66,1.67,249283.94
2019-11-28,1.66,1.67,1.65,1.65,157087.15
2019-11-29,1.65,1.66,1.64,1.65,194656.54
2019-12-02,1.65,1.67,1.64,1.65,246985.19
2019-12-03,1.65,1.66,1.64,1.66,165712.36
2019-12-04,1.65,1.67,1.65,1.66,171557.5
2019-12-05,1.67,1.68,1.66,1.67,201500.88
2019-12-06,1.67,1.68,1.66,1.68,137766.51
2019-12-09,1.69,1.71,1.68,1.69,297445.16
2019-12-10,1.69,1.75,1.68,1.71,815207.04
2019-12-11,1.7,1.72,1.69,1.71,359018.58
2019-12-12,1.72,1.74,1.7,1.71,351330.67
2019-12-13,1.71,1.72,1.7,1.72,373159.55
2019-12-16,1.74,1.74,1.71,1.72,416966.78
2019-12-17,1.72,1.76,1.71,1.75,1133546.49
2019-12-18,1.74,1.75,1.72,1.74,538270.94
2019-12-19,1.73,1.74,1.72,1.73,306231.27
2019-12-20,1.74,1.74,1.72,1.72,396790.21
2019-12-23,1.72,1.73,1.68,1.69,399446.95
2019-12-24,1.69,1.78,1.68,1.77,1329108.35
2019-12-25,1.76,1.77,1.73,1.75,885674.5
2019-12-26,1.75,1.82,1.74,1.78,1176732.36
2019-12-27,1.77,1.92,1.77,1.85,2118093.53
2019-12-30,1.82,1.91,1.81,1.88,1490453.55
2019-12-31,1.86,1.88,1.83,1.85,824824.17
2020-01-02,1.88,1.89,1.85,1.86,1019876.52
2020-01-03,1.87,1.87,1.84,1.84,735467.37
2020-01-06,1.84,1.87,1.83,1.85,734892.91
2020-01-07,1.85,1.89,1.84,1.86,769489.02
2020-01-08,1.85,1.87,1.82,1.84,790617.63
2020-01-09,1.85,1.86,1.83,1.85,502523.5
2020-01-10,1.84,1.85,1.8,1.82,517526.37
2020-01-13,1.82,1.82,1.78,1.81,407746.03
2020-01-14,1.82,1.86,1.82,1.82,580718.66
2020-01-15,1.84,1.85,1.8,1.81,483241.93
2020-01-16,1.82,1.85,1.81,1.82,417308.97
2020-01-17,1.83,1.84,1.8,1.81,359458.16
2020-01-20,1.8,1.84,1.8,1.83,377167.1
2020-01-21,1.82,1.83,1.75,1.77,641326.46
2020-01-22,1.75,1.78,1.72,1.78,551985.36
2020-01-23,1.75,1.77,1.71,1.73,586963.65
2020-02-03,1.51,1.51,1.51,1.51,406586.0
2020-02-04,1.38,1.52,1.38,1.48,1213522.4
2020-02-05,1.48,1.54,1.48,1.52,857310.53
2020-02-06,1.53,1.54,1.49,1.53,789605.18
2020-02-07,1.52,1.52,1.5,1.51,500700.86
2020-02-10,1.51,1.55,1.5,1.55,627807.41
2020-02-11,1.55,1.6,1.54,1.57,630178.6
2020-02-12,1.56,1.62,1.56,1.6,657123.95
2020-02-13,1.59,1.6,1.57,1.58,576757.98
2020-02-14,1.57,1.62,1.56,1.6,751838.78
2020-02-17,1.59,1.66,1.58,1.65,981092.37
2020-02-18,1.64,1.67,1.63,1.66,774530.52
2020-02-19,1.66,1.7,1.66,1.66,626525.52
2020-02-20,1.66,1.68,1.64,1.68,563269.11
2020-02-21,1.67,1.7,1.67,1.68,552012.05
2020-02-24,1.68,1.68,1.64,1.67,710259.23
2020-02-25,1.64,1.65,1.61,1.65,902943.64
2020-02-26,1.64,1.7,1.62,1.69,1214951.88
2020-02-27,1.68,1.71,1.66,1.67,646546.84
2020-02-28,1.63,1.65,1.58,1.58,1067460.37
2020-03-02,1.58,1.67,1.58,1.65,893023.15
2020-03-03,1.67,1.69,1.64,1.65,714968.22
2020-03-04,1.65,1.68,1.63,1.68,742883.62
2020-03-05,1.69,1.73,1.67,1.72,1292845.74
2020-03-06,1.7,1.71,1.68,1.69,636662.08
2020-03-09,1.66,1.67,1.62,1.62,749286.0
2020-03-10,1.61,1.67,1.59,1.66,981319.8
2020-03-11,1.67,1.67,1.63,1.63,592066.0
2020-03-12,1.61,1.62,1.59,1.6,603310.93
2020-03-13,1.54,1.6,1.52,1.58,674802.07
2020-03-16,1.59,1.61,1.55,1.56,566765.23
2020-03-17,1.54,1.58,1.53,1.56,488655.66
2020-03-18,1.56,1.57,1.53,1.53,496709.12
2020-03-19,1.51,1.53,1.48,1.5,708364.92
2020-03-20,1.51,1.53,1.49,1.52,625283.79
2020-03-23,1.49,1.5,1.48,1.49,352009.23
2020-03-24,1.51,1.53,1.5,1.53,408828.8
2020-03-25,1.56,1.58,1.53,1.55,438850.55
2020-03-26,1.53,1.54,1.51,1.51,301534.63
2020-03-27,1.53,1.54,1.51,1.52,411924.4
2020-03-30,1.5,1.51,1.49,1.51,261022.25
2020-03-31,1.52,1.53,1.5,1.51,291124.87
2020-04-01,1.5,1.53,1.5,1.51,284850.52
2020-04-02,1.5,1.52,1.49,1.52,309632.99
2020-04-03,1.51,1.52,1.5,1.5,170258.66
2020-04-07,1.52,1.55,1.52,1.55,489233.31
2020-04-08,1.54,1.56,1.52,1.55,411173.74
2020-04-09,1.56,1.56,1.54,1.54,262943.5
2020-04-10,1.55,1.56,1.52,1.52,238336.59
2020-04-13,1.52,1.53,1.51,1.52,238369.71
2020-04-14,1.53,1.55,1.52,1.54,338431.38
2020-04-15,1.54,1.54,1.51,1.52,311398.7
2020-04-16,1.51,1.53,1.5,1.52,257474.4
2020-04-17,1.52,1.53,1.51,1.51,264754.55
2020-04-20,1.51,1.52,1.5,1.52,268134.05
2020-04-21,1.51,1.52,1.5,1.5,249128.29
2020-04-22,1.5,1.51,1.49,1.51,253489.22
2020-04-23,1.51,1.52,1.5,1.51,227147.42
2020-04-24,1.51,1.51,1.48,1.49,272123.93
2020-04-27,1.49,1.5,1.47,1.47,310475.44
2020-04-28,1.48,1.48,1.41,1.43,451859.67
2020-04-29,1.43,1.44,1.43,1.44,200961.67
2020-04-30,1.44,1.46,1.44,1.46,221366.02
2020-05-06,1.44,1.47,1.43,1.46,419367.55
2020-05-07,1.45,1.46,1.44,1.45,262367.78
2020-05-08,1.45,1.47,1.44,1.46,388075.57
2020-05-11,1.46,1.48,1.46,1.48,414590.23
2020-05-12,1.47,1.48,1.45,1.46,303682.55
2020-05-13,1.46,1.47,1.44,1.46,216369.44
2020-05-14,1.45,1.46,1.44,1.44,171547.52
2020-05-15,1.45,1.45,1.44,1.44,179845.95
2020-05-18,1.44,1.47,1.43,1.46,480859.8
2020-05-19,1.47,1.48,1.45,1.45,350875.05
2020-05-20,1.45,1.46,1.42,1.43,485710.0
2020-05-21,1.43,1.44,1.41,1.41,349664.67
2020-05-22,1.4,1.41,1.39,1.4,385343.8
2020-05-25,1.39,1.4,1.38,1.39,229845.29
2020-05-26,1.39,1.41,1.39,1.4,229867.31
2020-05-27,1.4,1.41,1.39,1.39,202675.2
2020-05-28,1.4,1.41,1.38,1.4,311858.1
2020-05-29,1.4,1.41,1.38,1.41,308013.2
2020-06-01,1.41,1.45,1.4,1.44,448588.87
2020-06-02,1.44,1.45,1.42,1.45,435904.17
2020-06-03,1.45,1.46,1.43,1.43,396791.1
2020-06-04,1.44,1.45,1.43,1.44,308447.56
2020-06-05,1.44,1.44,1.42,1.43,331908.5
2020-06-08,1.45,1.5,1.44,1.48,775349.86
2020-06-09,1.47,1.48,1.45,1.46,466984.08
2020-06-10,1.47,1.49,1.44,1.45,507365.29
2020-06-11,1.46,1.47,1.44,1.45,620977.53
2020-06-12,1.43,1.47,1.41,1.47,975611.53
2020-06-15,1.46,1.46,1.43,1.44,519838.24
2020-06-16,1.44,1.47,1.43,1.46,590709.12
2020-06-17,1.45,1.45,1.43,1.44,462818.08
2020-06-18,1.44,1.48,1.43,1.47,635893.15
2020-06-19,1.46,1.47,1.44,1.47,513425.26
2020-06-22,1.47,1.49,1.46,1.46,387751.55
2020-06-23,1.46,1.47,1.45,1.45,359274.55
2020-06-24,1.45,1.46,1.44,1.44,296513.5
2020-06-29,1.44,1.48,1.44,1.48,717205.69
2020-06-30,1.48,1.48,1.46,1.46,368988.12
2020-07-01,1.48,1.52,1.47,1.52,1018133.19
2020-07-02,1.51,1.59,1.5,1.57,1512489.14
2020-07-03,1.58,1.62,1.56,1.58,1269640.32
2020-07-06,1.61,1.78,1.61,1.77,2412217.45
2020-07-07,1.82,1.87,1.71,1.72,2489793.4
2020-07-08,1.71,1.87,1.7,1.83,2283986.63
2020-07-09,1.86,1.91,1.8,1.87,2299258.1
2020-07-10,1.84,1.84,1.77,1.79,1574634.5
2020-07-13,1.83,1.94,1.82,1.92,2578504.64
2020-07-14,1.88,1.91,1.81,1.86,1914612.23
2020-07-15,1.86,1.88,1.76,1.78,1342685.31
2020-07-16,1.77,1.81,1.69,1.69,1318856.46
2020-07-17,1.69,1.72,1.65,1.68,954480.57
2020-07-20,1.69,1.78,1.68,1.78,1128428.66
2020-07-21,1.78,1.81,1.75,1.77,860035.55
2020-07-22,1.83,1.87,1.76,1.77,1254673.57
2020-07-23,1.76,1.79,1.73,1.77,929651.61
2020-07-24,1.75,1.78,1.68,1.69,1136769.49
2020-07-27,1.72,1.77,1.68,1.75,1128923.63
2020-07-28,1.81,1.86,1.77,1.79,1876207.81
2020-07-29,1.77,1.79,1.72,1.79,1113434.23
2020-07-30,1.79,1.79,1.75,1.76,800102.77
2020-07-31,1.76,1.84,1.75,1.81,1469830.64
2020-08-03,1.8,1.83,1.79,1.82,1319211.71
2020-08-04,1.83,1.87,1.79,1.84,1705727.37
2020-08-05,1.84,1.85,1.8,1.85,1330196.3
2020-08-06,1.85,2.08,1.84,2.01,4604638.14
2020-08-07,2.03,2.05,1.9,1.94,2679609.51
2020-08-10,1.91,1.92,1.85,1.87,1386664.49
2020-08-11,1.88,1.92,1.81,1.81,1471278.96
2020-08-12,1.78,1.79,1.73,1.78,1137201.65
2020-08-13,1.77,1.8,1.77,1.79,714730.97
2020-08-14,1.8,1.81,1.77,1.81,653390.35
2020-08-17,1.8,1.86,1.79,1.86,959345.51
2020-08-18,1.87,1.91,1.86,1.88,943762.15
2020-08-19,1.91,1.93,1.88,1.9,1237838.35
2020-08-20,1.88,1.88,1.83,1.84,813778.78
2020-08-21,1.84,1.87,1.83,1.85,548571.83
2020-08-24,1.85,1.85,1.81,1.82,556768.9
2020-08-25,1.83,1.84,1.78,1.79,579483.44
2020-08-26,1.79,1.8,1.75,1.76,605074.97
2020-08-27,1.78,1.8,1.77,1.79,407628.4
2020-08-28,1.79,1.84,1.77,1.84,670604.13
2020-08-31,1.84,1.89,1.81,1.82,1101395.57
2020-09-01,1.83,1.87,1.82,1.87,901626.79
2020-09-02,1.85,1.86,1.79,1.82,844799.75
2020-09-03,1.81,1.85,1.79,1.8,553440.0
2020-09-04,1.78,1.86,1.77,1.85,927370.1
2020-09-07,1.88,1.92,1.87,1.87,1668115.69
2020-09-08,1.89,1.9,1.85,1.9,981192.76
2020-09-09,1.87,1.95,1.87,1.92,1669825.19
2020-09-10,1.95,1.96,1.82,1.83,1349657.58
2020-09-11,1.81,1.85,1.79,1.83,666817.86
2020-09-14,1.85,1.87,1.83,1.84,594925.84
2020-09-15,1.84,1.87,1.82,1.85,500755.36
2020-09-16,1.84,1.85,1.81,1.82,543651.0
2020-09-17,1.82,1.84,1.79,1.81,508638.0
2020-09-18,1.83,1.9,1.82,1.88,1092266.21
2020-09-21,1.91,1.99,1.9,1.91,1729351.4
2020-09-22,1.88,1.93,1.87,1.89,941985.45
2020-09-23,1.89,1.9,1.82,1.83,873398.4
2020-09-24,1.82,1.82,1.75,1.77,953463.29
2020-09-25,1.77,1.79,1.75,1.77,455864.45
2020-09-28,1.77,1.78,1.74,1.76,399441.3
2020-09-29,1.77,1.8,1.76,1.77,535151.12
2020-09-30,1.78,1.78,1.74,1.76,368007.92
2020-10-09,1.8,1.82,1.78,1.8,590777.84
2020-10-12,1.81,1.85,1.81,1.84,597066.67
2020-10-13,1.84,1.85,1.78,1.8,569663.75
2020-10-14,1.79,1.82,1.78,1.79,420909.16
2020-10-15,1.8,1.8,1.78,1.78,306486.67
2020-10-16,1.79,1.8,1.77,1.78,388420.55
2020-10-19,1.79,1.83,1.78,1.79,499977.0
2020-10-20,1.79,1.79,1.76,1.78,396164.22
2020-10-21,1.8,1.81,1.77,1.79,349470.51
2020-10-22,1.78,1.79,1.76,1.77,355727.68
2020-10-23,1.77,1.78,1.75,1.75,311316.04
2020-10-26,1.76,1.76,1.73,1.75,315465.1
2020-10-27,1.74,1.75,1.72,1.74,375068.1
2020-10-28,1.74,1.75,1.69,1.75,410078.88
2020-10-29,1.72,1.74,1.71,1.72,325517.02
2020-10-30,1.74,1.76,1.69,1.7,535404.31
2020-11-02,1.7,1.71,1.69,1.71,468316.79
2020-11-03,1.71,1.81,1.71,1.79,1050141.01
2020-11-04,1.79,1.81,1.77,1.79,660202.55
2020-11-05,1.8,1.82,1.79,1.81,639116.82
2020-11-06,1.81,1.85,1.81,1.82,713049.12
2020-11-09,1.84,1.91,1.84,1.88,1650412.09
2020-11-10,1.89,1.96,1.87,1.91,1974713.9
2020-11-11,1.91,1.98,1.89,1.93,1742843.99
2020-11-12,1.92,1.95,1.89,1.93,1043098.25
2020-11-13,1.93,2.0,1.92,1.95,1541072.4
2020-11-16,1.97,2.19,1.97,2.19,3023257.05
2020-11-17,2.19,2.25,2.06,2.1,5669048.7
2020-11-18,2.07,2.25,2.06,2.16,4363746.02
2020-11-19,2.11,2.2,2.07,2.2,2921795.38
2020-11-20,2.2,2.27,2.14,2.26,4585713.36
2020-11-23,2.3,2.39,2.24,2.28,5288728.43
2020-11-24,2.23,2.33,2.18,2.3,3662871.27
2020-11-25,2.31,2.35,2.17,2.17,2807461.51
2020-11-26,2.17,2.22,2.13,2.21,2018564.37
2020-11-27,2.22,2.23,2.11,2.2,2411604.29
2020-11-30,2.23,2.37,2.21,2.23,4150824.37
2020-12-01,2.22,2.28,2.17,2.25,2038549.06
2020-12-02,2.28,2.34,2.23,2.26,2232425.23
2020-12-03,2.23,2.24,2.15,2.17,2187487.91
2020-12-04,2.17,2.21,2.15,2.2,1408509.24
2020-12-07,2.2,2.23,2.09,2.1,1902079.15
2020-12-08,2.08,2.11,2.04,2.06,1296000.42
2020-12-09,2.08,2.11,2.04,2.04,1233608.05
2020-12-10,2.02,2.04,1.97,2.04,1252750.38
2020-12-11,2.12,2.14,1.97,2.01,1929199.52
2020-12-14,1.96,2.0,1.93,1.98,1104839.55
2020-12-15,1.96,1.97,1.92,1.95,866674.49
2020-12-16,1.97,2.01,1.94,1.96,1030892.64
2020-12-17,1.96,2.1,1.95,2.08,1916533.74
2020-12-18,2.09,2.14,2.07,2.1,1850090.84
2020-12-21,2.11,2.16,2.08,2.14,1783803.3
2020-12-22,2.1,2.11,1.97,2.0,1783305.65
2020-12-23,1.98,2.06,1.97,2.02,1210654.35
2020-12-24,2.06,2.11,2.03,2.06,1270912.55
2020-12-25,2.06,2.15,2.03,2.13,1577871.16
2020-12-28,2.15,2.18,2.12,2.13,1723033.07
2020-12-29,2.14,2.15,2.03,2.04,1379391.55
2020-12-30,2.03,2.11,2.02,2.08,1010259.17
2020-12-31,2.07,2.13,2.06,2.1,1194360.29
2021-01-04,2.11,2.19,2.1,2.17,2084879.15
2021-01-05,2.15,2.18,2.12,2.16,1488293.77
2021-01-06,2.21,2.23,2.11,2.14,1531166.05
2021-01-07,2.12,2.27,2.12,2.23,2800316.11
2021-01-08,2.25,2.3,2.16,2.3,2936511.11
2021-01-11,2.26,2.26,2.06,2.07,3494122.48
2021-01-12,2.02,2.07,1.98,2.06,1641229.97
2021-01-13,2.07,2.13,2.01,2.02,1774828.74
2021-01-14,2.02,2.03,1.93,1.95,1636729.87
2021-01-15,1.97,2.01,1.95,1.96,944749.52
2021-01-18,1.95,1.98,1.91,1.97,1012390.95
2021-01-19,1.96,1.97,1.92,1.94,911758.05
2021-01-20,1.94,2.0,1.93,1.99,1124318.66
2021-01-21,2.0,2.08,1.97,2.06,1649640.47
2021-01-22,2.06,2.08,2.02,2.04,1206033.86
2021-01-25,2.04,2.11,2.03,2.05,1282418.99
2021-01-26,2.04,2.08,1.97,2.01,1109223.63
2021-01-27,2.0,2.02,1.95,1.95,887542.37
2021-01-28,1.92,1.93,1.84,1.87,1275497.64
2021-01-29,1.89,1.91,1.81,1.82,875180.01
2021-02-01,1.82,1.87,1.81,1.86,695802.93
2021-02-02,1.86,1.86,1.82,1.83,628112.23
2021-02-03,1.82,1.84,1.76,1.8,946674.36
2021-02-04,1.81,1.81,1.73,1.77,877724.05
2021-02-05,1.77,1.8,1.74,1.76,770777.76
2021-02-08,1.79,1.84,1.77,1.82,846139.3
2021-02-09,1.84,1.89,1.84,1.88,920954.25
2021-02-10,1.88,1.99,1.86,1.97,1434274.95
2021-02-18,2.21,2.21,2.16,2.21,3726390.99
2021-02-19,2.21,2.32,2.17,2.29,4951745.26
2021-02-22,2.52,2.57,2.49,2.57,2411792.46
2021-02-23,2.62,2.87,2.57,2.73,11776015.66
2021-02-24,2.66,2.7,2.54,2.58,6584918.78
2021-02-25,2.74,2.77,2.59,2.6,5446884.47
2021-02-26,2.43,2.6,2.38,2.5,4456039.93
2021-03-01,2.49,2.54,2.43,2.52,3868180.48
2021-03-02,2.48,2.48,2.32,2.35,4353575.28
2021-03-03,2.39,2.43,2.35,2.4,3050063.4
2021-03-04,2.35,2.6,2.32,2.45,4863048.92
2021-03-05,2.35,2.42,2.27,2.39,3150748.79
2021-03-08,2.45,2.47,2.34,2.34,2399444.46
2021-03-09,2.34,2.61,2.26,2.49,5325617.9
2021-03-10,2.44,2.51,2.37,2.41,2993532.44
2021-03-11,2.41,2.67,2.4,2.63,5713208.46
2021-03-12,2.57,2.58,2.5,2.55,3896722.01
2021-03-15,2.57,2.63,2.51,2.57,3067048.78
2021-03-16,2.54,2.55,2.43,2.47,2835761.88
2021-03-17,2.41,2.45,2.35,2.43,2118448.12
2021-03-18,2.47,2.49,2.38,2.38,1706963.65
2021-03-19,2.33,2.4,2.32,2.39,1764891.49
2021-03-22,2.37,2.44,2.36,2.4,1468160.24
2021-03-23,2.41,2.43,2.3,2.31,1762246.46
2021-03-24,2.25,2.3,2.18,2.19,1885811.05
2021-03-25,2.16,2.23,2.16,2.17,1015875.84
2021-03-26,2.17,2.23,2.17,2.23,1176377.28
2021-03-29,2.24,2.25,2.19,2.23,1037064.85
2021-03-30,2.22,2.27,2.17,2.25,1216819.7
2021-03-31,2.22,2.23,2.18,2.2,831664.28
2021-04-01,2.2,2.23,2.18,2.22,809867.47
2021-04-02,2.22,2.26,2.18,2.24,1210283.93
2021-04-06,2.27,2.31,2.25,2.26,1362268.59
2021-04-07,2.23,2.29,2.21,2.28,1202110.37
2021-04-08,2.31,2.56,2.3,2.47,5674923.15
2021-04-09,2.43,2.44,2.36,2.38,2998135.09
2021-04-12,2.37,2.4,2.31,2.33,1898686.07
2021-04-13,2.32,2.35,2.29,2.35,1171051.1
2021-04-14,2.35,2.37,2.3,2.35,1134022.55
2021-04-15,2.38,2.47,2.36,2.46,2943940.71
2021-04-16,2.52,2.54,2.42,2.43,2548360.59
2021-04-19,2.41,2.5,2.39,2.48,2572749.79
2021-04-20,2.45,2.45,2.4,2.41,2107784.28
2021-04-21,2.37,2.38,2.32,2.36,1400091.76
2021-04-22,2.39,2.42,2.34,2.35,1323528.31
2021-04-23,2.33,2.38,2.32,2.36,1329976.7
2021-04-26,2.4,2.49,2.39,2.43,3159674.77
2021-04-27,2.48,2.51,2.43,2.48,3208829.88
2021-04-28,2.41,2.41,2.36,2.4,2017570.08
2021-04-29,2.46,2.47,2.4,2.44,1786660.05
2021-04-30,2.42,2.43,2.34,2.38,1795867.06
2021-05-06,2.44,2.51,2.44,2.48,3303295.07
2021-05-07,2.54,2.61,2.51,2.54,3980426.71
2021-05-10,2.68,2.84,2.64,2.84,7112650.44
2021-05-11,2.76,2.77,2.62,2.68,7076877.48
2021-05-12,2.68,2.74,2.65,2.7,3627088.6
2021-05-13,2.6,2.61,2.49,2.52,3918580.84
2021-05-14,2.52,2.53,2.44,2.49,2832975.62
2021-05-17,2.46,2.53,2.44,2.5,2353774.45
2021-05-18,2.54,2.57,2.51,2.54,2291770.89
2021-05-19,2.48,2.48,2.45,2.47,1798477.22
2021-05-20,2.33,2.45,2.31,2.42,2724609.25
2021-05-21,2.4,2.47,2.39,2.44,1570831.98
2021-05-24,2.39,2.44,2.38,2.4,1253509.68
2021-05-25,2.42,2.46,2.39,2.45,1278833.19
2021-05-26,2.43,2.47,2.41,2.45,1334701.14
2021-05-27,2.45,2.45,2.42,2.43,921704.23
2021-05-28,2.48,2.53,2.44,2.46,1909060.79
2021-05-31,2.48,2.49,2.45,2.46,1338848.13
2021-06-01,2.44,2.47,2.41,2.47,1585423.97
2021-06-02,2.45,2.47,2.4,2.41,1318136.98
2021-06-03,2.4,2.47,2.39,2.45,1435134.74
2021-06-04,2.4,2.44,2.37,2.41,1295021.76
2021-06-07,2.41,2.43,2.38,2.4,1035549.17
2021-06-08,2.4,2.41,2.33,2.37,1213775.93
2021-06-09,2.37,2.4,2.35,2.39,888533.97
2021-06-10,2.38,2.41,2.37,2.4,1189766.81
2021-06-11,2.4,2.43,2.37,2.4,1223554.05
2021-06-15,2.38,2.4,2.29,2.3,1474961.21
2021-06-16,2.28,2.33,2.28,2.3,1120974.18
2021-06-17,2.3,2.33,2.29,2.29,676225.37
2021-06-18,2.28,2.31,2.2,2.3,1270247.93
2021-06-21,2.28,2.3,2.25,2.25,820104.75
2021-06-22,2.29,2.32,2.27,2.31,854689.38
2021-06-23,2.31,2.33,2.27,2.31,882784.33
2021-06-24,2.32,2.34,2.3,2.3,797933.93
2021-06-25,2.31,2.4,2.3,2.39,1522455.3
2021-06-28,2.38,2.39,2.32,2.33,925309.14
2021-06-29,2.33,2.34,2.27,2.27,780275.62
2021-06-30,2.27,2.3,2.26,2.29,597152.24
2021-07-01,2.3,2.31,2.23,2.24,707918.0
2021-07-02,2.29,2.4,2.28,2.34,2098740.65
2021-07-05,2.36,2.49,2.35,2.43,2857274.77
2021-07-06,2.44,2.47,2.39,2.44,1631554.6
2021-07-07,2.42,2.49,2.4,2.48,1957449.58
2021-07-08,2.47,2.5,2.42,2.43,1565737.2
2021-07-09,2.42,2.59,2.41,2.55,3805110.93
2021-07-12,2.62,2.73,2.56,2.59,3677707.21
2021-07-13,2.62,2.66,2.56,2.64,2444186.92
2021-07-14,2.65,2.65,2.54,2.54,1889265.14
2021-07-15,2.54,2.65,2.53,2.63,1976105.11
2021-07-16,2.63,2.69,2.61,2.64,2725361.71
2021-07-19,2.63,2.72,2.62,2.65,2444633.41
2021-07-20,2.59,2.63,2.52,2.61,2015440.88
2021-07-21,2.65,2.76,2.65,2.73,3020943.98
2021-07-22,2.7,3.05,2.69,2.97,6133860.15
2021-07-23,2.93,3.28,2.93,3.22,8185474.11
2021-07-26,3.27,3.29,3.11,3.18,6114819.1
2021-07-27,3.4,3.54,3.17,3.23,12165643.01
2021-07-28,3.06,3.24,2.86,3.1,8598523.72
2021-07-29,3.18,3.22,3.04,3.15,4934987.96
2021-07-30,3.18,3.38,3.1,3.25,5317671.79
2021-08-02,3.21,3.3,3.09,3.21,4324346.28
2021-08-03,3.16,3.22,3.02,3.07,3484226.21
2021-08-04,3.09,3.21,3.06,3.19,2777883.5
2021-08-05,3.13,3.14,2.95,3.0,4025416.43
2021-08-06,2.99,3.18,2.98,3.14,3678244.48
2021-08-09,3.09,3.17,3.01,3.16,2556719.9
2021-08-10,3.16,3.21,3.08,3.12,2261613.58
2021-08-11,3.14,3.19,3.09,3.17,2269027.8
2021-08-12,3.17,3.42,3.14,3.3,4115198.68
2021-08-13,3.35,3.36,3.26,3.33,2788571.69
2021-08-16,3.47,3.55,3.27,3.27,3883204.13
2021-08-17,3.25,3.45,3.23,3.29,4645503.07
2021-08-18,3.23,3.26,3.1,3.21,3759998.35
2021-08-19,3.18,3.2,3.04,3.17,3108410.39
2021-08-20,3.14,3.34,3.08,3.26,3402230.92
2021-08-23,3.34,3.42,3.22,3.26,3814477.4
2021-08-24,3.27,3.38,3.26,3.3,4212607.89
2021-08-25,3.33,3.35,3.18,3.35,4581524.61
2021-08-26,3.33,3.62,3.31,3.41,6360461.42
2021-08-27,3.37,3.51,3.36,3.5,5120603.16
2021-08-30,3.58,3.62,3.48,3.57,5854945.77
2021-08-31,3.54,3.93,3.47,3.82,7069238.4
2021-09-01,3.79,4.0,3.52,3.54,7450128.16
2021-09-02,3.48,3.74,3.48,3.69,4607594.28
2021-09-03,3.67,4.02,3.62,3.69,4941708.51
2021-09-06,3.75,3.77,3.55,3.64,3500400.48
2021-09-07,3.64,3.75,3.58,3.74,4451375.75
2021-09-08,3.71,3.89,3.67,3.82,4145978.72
2021-09-09,3.8,4.06,3.74,4.05,6289720.24
2021-09-10,4.02,4.5,3.97,4.43,10014593.32
2021-09-13,4.6,4.92,4.6,4.92,7248823.78
2021-09-14,4.95,5.29,4.84,4.87,13828407.02
2021-09-15,4.81,5.0,4.65,4.88,7183681.5
2021-09-16,4.93,4.98,4.51,4.55,7376570.54
2021-09-17,4.53,4.55,4.08,4.22,6716108.3
2021-09-22,4.12,4.36,4.08,4.26,4717918.78
2021-09-23,4.33,4.37,4.14,4.21,4015029.35
2021-09-24,4.21,4.27,3.93,3.98,4715704.9
2021-09-27,3.97,4.0,3.54,3.54,6234973.82
2021-09-28,3.53,3.69,3.49,3.62,3485371.6
2021-09-29,3.57,3.67,3.41,3.45,3325815.83
2021-09-30,3.48,3.51,3.41,3.48,2608628.79
2021-10-08,3.57,3.64,3.36,3.42,2997457.4
2021-10-11,3.42,3.44,3.29,3.42,2571654.93
2021-10-12,3.41,3.42,3.13,3.21,3683946.58
2021-10-13,3.25,3.35,3.17,3.31,3142255.4
2021-10-14,3.36,3.63,3.35,3.55,4745125.72
2021-10-15,3.6,3.81,3.59,3.72,5645964.93
2021-10-18,3.85,4.14,3.74,4.14,5876337.97
2021-10-19,4.1,4.2,4.04,4.14,5008466.52
2021-10-20,3.96,4.0,3.79,3.91,4679610.8
2021-10-21,4.03,4.07,3.87,3.88,3945788.33
2021-10-22,3.83,3.94,3.61,3.64,4347628.77
2021-10-25,3.63,3.78,3.56,3.71,3147128.32
2021-10-26,3.75,3.83,3.65,3.68,2992328.18
2021-10-27,3.65,3.7,3.47,3.5,3515436.7
2021-10-28,3.49,3.5,3.18,3.27,4298389.04
2021-10-29,3.26,3.31,3.21,3.26,2772911.73
2021-11-01,3.24,3.3,3.2,3.24,2490649.57
2021-11-02,3.24,3.26,3.05,3.14,3334436.71
2021-11-03,3.14,3.22,3.08,3.22,2547464.57
2021-11-04,3.17,3.17,3.09,3.11,2776749.63
2021-11-05,3.02,3.05,2.95,2.97,3519067.29
2021-11-08,3.03,3.09,3.02,3.07,2574699.66
2021-11-09,3.1,3.11,2.98,3.0,1879810.56
2021-11-10,2.97,2.99,2.85,2.97,2893578.28
2021-11-11,2.94,3.01,2.92,3.01,2472584.01
2021-11-12,3.03,3.15,2.95,2.97,3730336.12
2021-11-15,2.99,3.01,2.89,2.93,1900924.51
2021-11-16,2.91,2.93,2.79,2.8,3127142.6
2021-11-17,2.79,2.88,2.78,2.85,1849182.25
2021-11-18,2.82,2.91,2.8,2.87,2232773.04
2021-11-19,2.88,3.09,2.82,3.07,4171039.67
2021-11-22,3.04,3.12,3.03,3.05,3155401.29
2021-11-23,3.05,3.23,3.04,3.14,3657183.49
2021-11-24,3.14,3.16,3.05,3.16,2412281.32
2021-11-25,3.16,3.22,3.16,3.2,2369193.34
2021-11-26,3.14,3.19,3.09,3.09,2296540.87
2021-11-29,2.97,3.09,2.92,3.04,2579157.38
2021-11-30,3.07,3.14,2.99,3.0,2153590.34
2021-12-01,2.97,3.06,2.95,3.05,1689377.51
2021-12-02,3.01,3.06,2.99,3.02,1421614.26
2021-12-03,3.03,3.1,2.96,3.07,2408667.07
2021-12-06,3.06,3.21,3.04,3.1,3516204.8
2021-12-07,3.15,3.18,3.0,3.08,2421033.7
2021-12-08,3.12,3.31,3.11,3.23,4448042.48
2021-12-09,3.27,3.28,3.19,3.25,2660685.64
2021-12-10,3.25,3.25,3.17,3.21,2346029.03
2021-12-13,3.2,3.26,3.15,3.22,2302111.06
2021-12-14,3.18,3.19,3.08,3.1,2554330.81
2021-12-15,3.07,3.1,3.05,3.06,1454554.6
2021-12-16,3.07,3.14,3.05,3.14,2063714.73
2021-12-17,3.17,3.36,3.16,3.25,4572039.61
2021-12-20,3.22,3.26,3.12,3.13,2534121.99
2021-12-21,3.12,3.21,3.11,3.2,1665168.67
2021-12-22,3.22,3.23,3.15,3.18,1500835.33
2021-12-23,3.19,3.23,3.16,3.22,1988446.59
2021-12-24,3.22,3.22,3.1,3.12,1963359.13
2021-12-27,3.1,3.11,3.06,3.08,1240330.77
2021-12-28,3.11,3.12,3.06,3.09,1038240.76
2021-12-29,3.07,3.1,3.05,3.06,1046690.56
2021-12-30,3.05,3.06,3.01,3.02,1466189.6
2021-12-31,3.02,3.07,2.98,3.05,1260027.19
2022-01-04,3.05,3.12,3.01,3.1,1792050.05
2022-01-05,3.11,3.12,3.02,3.06,1267813.03
2022-01-06,3.04,3.07,3.01,3.07,1102273.11
2022-01-07,3.05,3.16,3.04,3.12,2204368.55
2022-01-10,3.13,3.22,3.12,3.15,1922277.24
2022-01-11,3.15,3.19,3.13,3.15,1496448.4
2022-01-12,3.18,3.41,3.18,3.4,5847597.47
2022-01-13,3.56,3.7,3.45,3.48,6789769.72
2022-01-14,3.44,3.45,3.24,3.26,5051410.34
2022-01-17,3.23,3.31,3.16,3.28,3111995.43
2022-01-18,3.3,3.34,3.25,3.28,2496254.31
2022-01-19,3.25,3.34,3.2,3.24,2117806.3
2022-01-20,3.27,3.43,3.26,3.31,2862646.58
2022-01-21,3.31,3.36,3.27,3.35,2450150.82
2022-01-24,3.32,3.32,3.19,3.23,1919211.9
2022-01-25,3.18,3.2,2.95,2.97,2803154.06
2022-01-26,3.02,3.22,3.01,3.18,3132310.86
2022-01-27,3.19,3.19,3.0,3.02,2038395.42
2022-01-28,3.05,3.05,2.82,2.92,2478090.88
2022-02-07,2.97,3.09,2.97,3.04,2116720.21
2022-02-08,3.06,3.13,3.0,3.11,1942987.98
2022-02-09,3.1,3.46,3.08,3.46,6725714.57
2022-02-10,3.58,3.7,3.47,3.51,7918766.98
2022-02-11,3.6,3.64,3.46,3.49,4558964.35
2022-02-14,3.37,3.58,3.34,3.43,3738366.58
2022-02-15,3.45,3.47,3.33,3.39,2430758.54
2022-02-16,3.39,3.41,3.37,3.38,1979229.43
2022-02-17,3.38,3.47,3.35,3.41,2485981.6
2022-02-18,3.37,3.52,3.36,3.51,3110341.85
2022-02-21,3.49,3.51,3.39,3.44,2187698.68
2022-02-22,3.42,3.45,3.35,3.44,2482373.36
2022-02-23,3.42,3.46,3.39,3.41,1815145.95
2022-02-24,3.37,3.52,3.31,3.41,4358054.78
2022-02-25,3.41,3.54,3.39,3.4,3179428.84
2022-02-28,3.45,3.56,3.38,3.52,3098830.91
2022-03-01,3.53,3.54,3.42,3.46,2283863.26
2022-03-02,3.5,3.64,3.46,3.55,4073080.31
2022-03-03,3.61,3.95,3.61,3.87,8899847.67
2022-03-04,3.79,3.93,3.67,3.74,6222645.93
2022-03-07,3.94,4.0,3.74,3.8,4961705.11
2022-03-08,3.67,3.71,3.45,3.6,4834888.86
2022-03-09,3.53,3.62,3.28,3.47,3521953.08
2022-03-10,3.5,3.51,3.34,3.44,2372327.8
2022-03-11,3.39,3.51,3.31,3.48,2014968.94
2022-03-14,3.41,3.47,3.21,3.22,2514877.21
2022-03-15,3.16,3.16,2.87,2.89,3508311.44
2022-03-16,2.96,3.06,2.82,3.04,2724163.58
2022-03-17,3.1,3.16,3.04,3.09,2219276.71
2022-03-18,3.09,3.28,3.08,3.24,2247109.69
2022-03-21,3.26,3.28,3.13,3.19,1765456.45
2022-03-22,3.17,3.36,3.12,3.35,2591814.9
2022-03-23,3.31,3.35,3.27,3.32,1351672.11
2022-03-24,3.37,3.48,3.34,3.44,2548892.07
2022-03-25,3.43,3.49,3.3,3.3,1917865.51
2022-03-28,3.25,3.37,3.21,3.31,1534647.74
2022-03-29,3.32,3.39,3.29,3.34,1613786.9
2022-03-30,3.36,3.38,3.3,3.38,1404946.94
2022-03-31,3.35,3.37,3.24,3.29,1517399.07
2022-04-01,3.25,3.3,3.21,3.27,1042108.0
2022-04-06,3.26,3.41,3.19,3.38,1950574.0
2022-04-07,3.34,3.46,3.32,3.42,2272661.0
2022-04-08,3.4,3.71,3.32,3.61,3849660.0
2022-04-11,3.55,3.66,3.51,3.55,2921970.0
2022-04-12,3.5,3.62,3.48,3.59,1614748.0
2022-04-13,3.61,3.97,3.59,3.81,4630868.0
2022-04-14,3.85,4.02,3.74,3.93,3805550.0
2022-04-15,3.86,3.93,3.62,3.67,3868728.0
2022-04-18,3.67,3.69,3.55,3.57,2000269.0
2022-04-19,3.62,3.72,3.61,3.65,1685966.0
2022-04-20,3.62,3.63,3.43,3.47,2376901.0
2022-04-21,3.43,3.45,3.21,3.24,2678169.0
2022-04-22,3.24,3.34,3.18,3.31,2100858.0
2022-04-25,3.22,3.22,2.95,2.98,2769868.0
2022-04-26,2.98,3.01,2.8,2.83,2434818.0
2022-04-27,2.75,3.01,2.72,3.01,1812544.0
2022-04-28,2.99,3.06,2.9,2.97,1582189.0
2022-04-29,3.02,3.09,2.94,3.07,1765814.0
2022-05-05,3.06,3.13,3.03,3.11,1478427.0
2022-05-06,3.03,3.03,2.85,2.89,2671533.0
2022-05-09,2.84,2.9,2.79,2.84,2108038.0
2022-05-10,2.76,2.81,2.68,2.81,2839370.0
2022-05-11,2.77,2.9,2.77,2.83,2500287.0
2022-05-12,2.81,2.83,2.75,2.77,1810592.0
2022-05-13,2.77,2.79,2.7,2.78,2173306.0
2022-05-16,2.81,2.83,2.77,2.82,1576094.0
2022-05-17,2.82,2.87,2.82,2.87,1808476.0
2022-05-18,2.87,2.88,2.79,2.82,1655322.0
2022-05-19,2.76,2.79,2.74,2.79,1854902.0
2022-05-20,2.82,2.93,2.81,2.92,3402472.0
2022-05-23,2.96,3.0,2.9,2.96,2648587.0
2022-05-24,2.96,2.96,2.84,2.84,2273588.0
2022-05-25,2.83,2.89,2.82,2.87,1487945.0
2022-05-26,2.85,2.91,2.82,2.89,1459629.0
2022-05-27,2.91,2.92,2.84,2.87,1586090.0
2022-05-30,2.88,2.9,2.85,2.88,1118588.0
2022-05-31,2.87,2.9,2.84,2.9,1326516.0
2022-06-01,2.88,2.89,2.84,2.86,1252145.0
2022-06-02,2.85,2.93,2.84,2.92,1977104.0
2022-06-06,2.94,3.14,2.93,3.12,3929216.0
2022-06-07,3.11,3.17,3.07,3.12,2602398.0
2022-06-08,3.17,3.19,3.06,3.15,2424844.0
2022-06-09,3.15,3.28,3.1,3.24,3604416.0
2022-06-10,3.19,3.39,3.17,3.37,3585265.0
2022-06-13,3.32,3.39,3.17,3.25,4035333.0
2022-06-14,3.18,3.23,3.07,3.21,3371818.0
2022-06-15,3.22,3.27,3.18,3.19,2520535.0
2022-06-16,3.19,3.26,3.15,3.15,1882958.0
2022-06-17,3.11,3.2,3.08,3.17,1961750.0
2022-06-20,3.15,3.16,3.03,3.05,3135729.0
2022-06-21,3.03,3.06,2.94,2.97,2623538.0
2022-06-22,2.97,3.01,2.94,2.95,1759812.0
2022-06-23,2.94,2.99,2.9,2.99,2072847.0
2022-06-24,2.95,2.95,2.9,2.94,2333537.0
2022-06-27,2.93,2.99,2.92,2.96,2017720.0
2022-06-28,2.97,3.03,2.95,3.03,2142258.0
2022-06-29,3.02,3.03,2.89,2.92,2433751.0
2022-06-30,2.92,2.95,2.92,2.93,1462721.0
2022-07-01,2.91,2.94,2.89,2.92,1381301.0
2022-07-04,2.92,2.93,2.9,2.92,1296120.0
2022-07-05,2.92,3.01,2.91,2.98,2111736.0
2022-07-06,2.94,2.95,2.86,2.89,2115465.0
2022-07-07,2.89,2.95,2.87,2.93,1352946.0
2022-07-08,2.97,2.98,2.89,2.91,1190759.0
2022-07-11,2.88,2.89,2.83,2.85,1528122.0
2022-07-12,2.84,2.88,2.83,2.85,1348461.0
2022-07-13,2.84,2.84,2.78,2.8,2016248.0
2022-07-14,2.8,2.8,2.73,2.75,1603301.0
2022-07-15,2.72,2.73,2.63,2.64,2131063.0
2022-07-18,2.65,2.76,2.65,2.75,1478140.0
2022-07-19,2.76,2.78,2.73,2.75,1061710.0
2022-07-20,2.75,2.77,2.74,2.75,878822.0
2022-07-21,2.74,2.77,2.72,2.74,1265690.0
2022-07-22,2.74,2.76,2.68,2.72,1050904.0
2022-07-25,2.72,2.74,2.68,2.7,857601.0
2022-07-26,2.7,2.74,2.67,2.73,915998.0
2022-07-27,2.72,2.74,2.7,2.72,655610.0
2022-07-28,2.77,2.8,2.7,2.72,1802107.0
2022-07-29,2.71,2.74,2.69,2.7,1306441.0
2022-08-01,2.71,2.73,2.69,2.71,1314839.0
2022-08-02,2.69,2.69,2.55,2.6,2146624.0
2022-08-03,2.58,2.63,2.56,2.57,1218326.0
2022-08-04,2.57,2.59,2.53,2.57,985979.0
2022-08-05,2.57,2.64,2.56,2.64,1230654.0
2022-08-08,2.62,2.66,2.61,2.66,820262.0
2022-08-09,2.65,2.68,2.64,2.66,854422.0
2022-08-10,2.67,2.76,2.66,2.71,1500145.0
2022-08-11,2.73,2.75,2.71,2.75,1131364.0
2022-08-12,2.74,2.8,2.72,2.79,1604436.0
2022-08-15,2.77,2.8,2.76,2.78,1220269.0
2022-08-16,2.77,2.8,2.76,2.79,1263294.0
2022-08-17,2.8,2.81,2.76,2.79,968696.0
2022-08-18,2.78,2.79,2.73,2.74,1019028.0
2022-08-19,2.75,2.76,2.71,2.72,943706.0
2022-08-22,2.72,2.79,2.7,2.78,1215173.0
2022-08-23,2.77,2.79,2.74,2.75,899845.0
2022-08-24,2.77,2.78,2.69,2.69,1242651.0
2022-08-25,2.7,2.77,2.67,2.76,1513598.0
2022-08-26,2.77,2.79,2.72,2.74,981012.0
2022-08-29,2.7,2.7,2.64,2.68,1351579.0
2022-08-30,2.67,2.68,2.61,2.64,1388030.0
2022-08-31,2.62,2.62,2.55,2.57,1511527.0
2022-09-01,2.55,2.58,2.54,2.56,820437.0
2022-09-02,2.55,2.56,2.53,2.56,828740.0
2022-09-05,2.55,2.59,2.53,2.59,706600.0
2022-09-06,2.59,2.62,2.58,2.62,1074118.0
2022-09-07,2.61,2.69,2.59,2.68,1897527.0
2022-09-08,2.67,2.67,2.63,2.64,997176.0
2022-09-09,2.68,2.71,2.66,2.69,1432050.0
2022-09-13,2.7,2.72,2.64,2.65,1081668.0
2022-09-14,2.6,2.64,2.58,2.61,870899.0
2022-09-15,2.62,2.63,2.55,2.57,1009364.0
2022-09-16,2.56,2.56,2.44,2.45,1812747.0
2022-09-19,2.45,2.47,2.41,2.44,780191.0
2022-09-20,2.45,2.48,2.44,2.46,564900.0
2022-09-21,2.45,2.5,2.41,2.48,721834.0
2022-09-22,2.45,2.49,2.43,2.45,582210.0
2022-09-23,2.48,2.52,2.44,2.46,920370.0
2022-09-26,2.44,2.44,2.31,2.32,1445131.0
2022-09-27,2.3,2.35,2.28,2.35,708240.0
2022-09-28,2.33,2.33,2.27,2.28,616557.0
2022-09-29,2.32,2.33,2.26,2.27,579855.0
2022-09-30,2.27,2.31,2.27,2.28,587825.0
2022-10-10,2.29,2.31,2.24,2.25,729706.0
2022-10-11,2.26,2.28,2.23,2.27,595615.0
2022-10-12,2.28,2.37,2.28,2.37,1540985.0
2022-10-13,2.34,2.37,2.33,2.35,814042.0
2022-10-14,2.36,2.4,2.35,2.39,902815.0
2022-10-17,2.37,2.39,2.35,2.37,830829.0
2022-10-18,2.38,2.39,2.35,2.36,683093.0
2022-10-19,2.35,2.36,2.31,2.32,672398.0
2022-10-20,2.31,2.33,2.27,2.29,733854.0
2022-10-21,2.31,2.33,2.3,2.31,661002.0
2022-10-24,2.33,2.36,2.27,2.29,824731.0
2022-10-25,2.28,2.31,2.23,2.28,657543.0
2022-10-26,2.28,2.32,2.27,2.3,678056.0
2022-10-27,2.32,2.36,2.32,2.34,1091908.0
2022-10-28,2.31,2.32,2.23,2.24,1273621.0
2022-10-31,2.23,2.24,2.17,2.19,860330.0
2022-11-01,2.19,2.26,2.19,2.26,874981.0
2022-11-02,2.26,2.3,2.25,2.3,996008.0
2022-11-03,2.28,2.32,2.27,2.31,786725.0
2022-11-04,2.32,2.39,2.31,2.38,1194235.0
2022-11-07,2.52,2.62,2.48,2.57,4366334.0
2022-11-08,2.53,2.55,2.5,2.54,1684800.0
2022-11-09,2.6,2.62,2.54,2.57,1756841.0
2022-11-10,2.56,2.56,2.51,2.54,1022015.0
2022-11-11,2.66,2.72,2.62,2.63,2753453.0
2022-11-14,2.66,2.67,2.6,2.61,1397441.0
2022-11-15,2.59,2.63,2.57,2.62,1365330.0
2022-11-16,2.62,2.64,2.59,2.62,1020730.0
2022-11-17,2.59,2.6,2.55,2.58,952625.0
2022-11-18,2.57,2.58,2.53,2.55,862308.0
2022-11-21,2.52,2.52,2.48,2.51,747604.0
2022-11-22,2.51,2.57,2.5,2.54,723031.0
2022-11-23,2.54,2.59,2.52,2.56,718375.0
2022-11-24,2.57,2.58,2.54,2.55,445274.0
2022-11-25,2.55,2.61,2.53,2.6,978600.0
2022-11-28,2.57,2.57,2.52,2.55,887470.0
2022-11-29,2.55,2.61,2.54,2.61,916749.0
2022-11-30,2.6,2.63,2.58,2.6,902464.0
2022-12-01,2.67,2.69,2.61,2.61,1077147.0
2022-12-02,2.62,2.63,2.56,2.58,701061.0
2022-12-05,2.6,2.74,2.59,2.7,2589394.0
2022-12-06,2.69,2.73,2.66,2.73,1361242.0
2022-12-07,2.72,2.74,2.67,2.68,892061.0
2022-12-08,2.69,2.75,2.68,2.74,1349930.0
2022-12-09,2.81,2.95,2.78,2.94,5275737.0
2022-12-26,2.61,2.86,2.61,2.76,4337408.0
2022-12-27,2.73,2.78,2.67,2.72,2121935.0
2022-12-28,2.69,2.83,2.67,2.77,2262067.0
2022-12-29,2.75,2.79,2.72,2.75,1003575.0
2022-12-30,2.76,2.81,2.75,2.79,992142.0
2023-01-03,2.78,2.86,2.72,2.83,1422096.0
2023-01-04,2.83,2.83,2.75,2.76,1041096.0
2023-01-05,2.75,2.77,2.72,2.72,1041317.0
2023-01-06,2.72,2.75,2.69,2.71,839788.0
2023-01-09,2.74,2.87,2.73,2.86,2609061.0
2023-01-10,2.86,2.89,2.82,2.86,1268939.0
2023-01-11,2.88,3.02,2.87,2.96,2433051.0
2023-01-12,3.01,3.05,2.94,2.99,1942979.0
2023-01-13,2.99,3.05,2.96,3.01,1345760.0
2023-01-16,3.01,3.03,2.94,3.01,1628302.0
2023-01-17,3.01,3.09,3.0,3.09,1804559.0
2023-01-18,3.14,3.25,3.13,3.17,2051746.0
2023-01-19,3.15,3.21,3.09,3.2,1354867.0
2023-01-20,3.18,3.25,3.16,3.19,1580263.0
2023-01-30,3.23,3.26,3.09,3.1,1933453.0
2023-01-31,3.09,3.17,3.05,3.16,1433104.0
2023-02-01,3.17,3.3,3.16,3.26,2407693.0
2023-02-02,3.25,3.27,3.14,3.23,1849182.0
2023-02-03,3.17,3.19,3.11,3.17,1375612.0
2023-02-06,3.11,3.12,3.06,3.09,1293684.0
2023-02-07,3.1,3.13,3.07,3.1,804487.0
2023-02-08,3.1,3.12,3.04,3.04,1102933.0
2023-02-09,3.04,3.07,3.03,3.07,763823.0
2023-02-10,3.06,3.06,2.99,3.01,1201898.0
2023-02-13,3.01,3.07,2.98,3.04,1415689.0
2023-02-14,3.09,3.17,3.07,3.08,1890111.0
2023-02-15,3.09,3.17,3.05,3.07,1533253.0
2023-02-16,3.03,3.06,2.91,2.95,1953739.0
2023-02-17,3.0,3.07,2.99,3.0,1164336.0
2023-02-20,3.02,3.14,3.01,3.13,1963673.0
2023-02-21,3.16,3.23,3.13,3.17,2028334.0
2023-02-22,3.18,3.19,3.11,3.13,1060268.0
2023-02-23,3.11,3.14,3.08,3.1,899180.0
2023-02-24,3.07,3.1,3.05,3.07,895791.0
2023-02-27,3.03,3.08,3.02,3.03,944002.0
2023-02-28,3.03,3.07,3.02,3.05,705408.0
2023-03-01,3.06,3.13,3.04,3.12,933954.0
2023-03-02,3.17,3.17,3.1,3.12,1075420.0
2023-03-03,3.1,3.12,3.04,3.09,963272.0
2023-03-06,3.08,3.08,3.0,3.02,1522178.0
2023-03-07,3.02,3.11,2.99,3.01,1391793.0
2023-03-08,2.98,3.01,2.95,3.0,952635.0
2023-03-09,3.01,3.04,2.96,2.99,703206.0
2023-03-10,2.96,3.0,2.92,2.95,906982.0
2023-03-13,2.93,2.98,2.91,2.96,893054.0
2023-03-14,2.95,3.03,2.94,2.95,1135528.0
2023-03-15,2.96,2.98,2.93,2.95,780382.0
2023-03-16,2.91,2.91,2.8,2.8,1592410.0
2023-03-17,2.82,2.91,2.81,2.85,1539612.0
2023-03-20,2.86,2.93,2.86,2.88,941488.0
2023-03-21,2.9,2.9,2.85,2.88,793282.0
2023-03-22,2.88,2.9,2.85,2.86,800584.0
2023-03-23,2.85,2.93,2.84,2.92,1189071.0
2023-03-24,2.93,2.99,2.89,2.96,1188288.0
2023-03-27,2.95,2.97,2.89,2.93,810984.0
2023-03-28,2.93,2.97,2.88,2.9,734897.0
2023-03-29,2.91,2.92,2.84,2.86,714678.0
2023-03-30,2.86,2.88,2.82,2.87,607344.0
2023-03-31,2.86,2.92,2.86,2.89,609559.0
2023-04-03,2.88,2.89,2.85,2.87,916213.0
2023-04-04,2.85,2.87,2.83,2.84,823911.0
2023-04-06,2.85,2.9,2.83,2.89,1163179.0
2023-04-07,2.89,2.9,2.84,2.84,776631.0
2023-04-10,2.84,2.87,2.82,2.83,588601.0
2023-04-11,2.84,2.88,2.77,2.87,1561246.0
2023-04-12,2.87,2.97,2.86,2.96,2076153.0
2023-04-13,2.96,2.99,2.92,2.94,1166727.0
2023-04-14,3.0,3.03,2.99,3.03,1682581.0
2023-04-17,3.01,3.13,2.98,3.12,2325096.0
2023-04-18,3.1,3.15,3.08,3.12,1261608.0
2023-04-19,3.14,3.21,3.13,3.16,1983000.0
2023-04-20,3.15,3.16,3.09,3.15,1166416.0
2023-04-21,3.12,3.17,3.09,3.09,965319.0
2023-04-24,3.07,3.13,3.0,3.03,1401054.0
2023-04-25,3.03,3.05,2.94,2.98,1180064.0
2023-04-26,2.93,3.02,2.92,2.97,1134972.0
2023-04-27,2.96,2.98,2.91,2.94,1199148.0
2023-04-28,2.97,3.01,2.94,2.96,1099932.0
2023-05-04,2.96,3.02,2.94,2.99,1398679.0
2023-05-05,2.99,2.99,2.87,2.89,1400130.0
2023-05-08,2.9,3.0,2.89,3.0,1665418.0
2023-05-09,2.98,3.0,2.9,2.91,1663073.0
2023-05-10,2.9,2.92,2.86,2.87,1189618.0
2023-05-11,2.86,2.87,2.8,2.81,1371074.0
2023-05-12,2.77,2.78,2.65,2.66,2477798.0
2023-05-15,2.67,2.71,2.62,2.7,1195668.0
2023-05-16,2.7,2.71,2.66,2.67,698380.0
2023-05-17,2.64,2.66,2.62,2.64,738184.0
2023-05-18,2.67,2.69,2.64,2.65,787667.0
2023-05-19,2.65,2.67,2.62,2.64,769281.0
2023-05-22,2.64,2.65,2.62,2.64,679453.0
2023-05-23,2.64,2.64,2.59,2.59,802797.0
2023-05-24,2.58,2.6,2.56,2.56,677238.0
2023-05-25,2.54,2.56,2.51,2.54,722962.0
2023-05-26,2.53,2.62,2.51,2.61,872780.0
2023-05-29,2.61,2.63,2.59,2.61,798999.0
2023-05-30,2.6,2.61,2.55,2.6,594457.0
2023-05-31,2.59,2.59,2.56,2.57,603290.0
2023-06-01,2.58,2.62,2.56,2.59,754403.0
2023-06-02,2.62,2.67,2.61,2.66,1159168.0
2023-06-05,2.65,2.67,2.64,2.66,636438.0
2023-06-06,2.66,2.68,2.62,2.63,676285.0
2023-06-07,2.62,2.65,2.61,2.62,532638.0
2023-06-08,2.62,2.64,2.6,2.63,515667.0
2023-06-09,2.64,2.65,2.63,2.63,575712.0
2023-06-12,2.63,2.64,2.6,2.63,697541.0
2023-06-13,2.62,2.63,2.59,2.61,604830.0
2023-06-14,2.63,2.65,2.61,2.62,774905.0
2023-06-15,2.63,2.65,2.61,2.65,593375.0
2023-06-16,2.65,2.69,2.64,2.68,982390.0
2023-06-19,2.67,2.67,2.61,2.62,921255.0
2023-06-20,2.62,2.63,2.58,2.6,938446.0
2023-06-21,2.6,2.61,2.55,2.56,779102.0
2023-06-26,2.53,2.58,2.51,2.52,777100.0
2023-06-27,2.53,2.61,2.52,2.6,884910.0
2023-06-28,2.59,2.61,2.56,2.6,528450.0
2023-06-29,2.58,2.6,2.55,2.56,799512.0
2023-06-30,2.56,2.61,2.55,2.61,769458.0
2023-07-03,2.62,2.75,2.62,2.72,2017625.0
2023-07-04,2.75,2.76,2.7,2.72,947337.0
2023-07-05,2.7,2.76,2.69,2.74,1174015.0
2023-07-06,2.73,2.75,2.7,2.72,822150.0
2023-07-07,2.71,2.76,2.7,2.74,961579.0
2023-07-10,2.74,2.77,2.73,2.75,783644.0
2023-07-11,2.75,2.77,2.72,2.75,577282.0
2023-07-12,2.74,2.77,2.73,2.74,761023.0
2023-07-13,2.77,2.83,2.76,2.82,1565471.0
2023-07-14,2.85,2.9,2.83,2.87,1819944.0
2023-07-17,2.85,2.86,2.78,2.8,1079596.0
2023-07-18,2.8,2.83,2.77,2.81,689730.0
2023-07-19,2.81,2.84,2.8,2.82,686349.0
2023-07-20,2.83,2.89,2.82,2.85,1201573.0
2023-07-21,2.83,2.86,2.81,2.83,719611.0
2023-07-24,2.81,2.83,2.79,2.8,577612.0
2023-07-25,2.82,2.92,2.82,2.9,1394312.0
2023-07-26,2.92,2.93,2.88,2.91,900668.0
2023-07-27,2.92,2.96,2.9,2.92,816523.0
2023-07-28,2.9,2.95,2.87,2.94,956728.0
2023-07-31,2.96,3.02,2.95,2.97,1150096.0
2023-08-01,3.01,3.11,2.98,3.03,1939636.0
2023-08-02,3.0,3.03,2.97,2.99,1162868.0
2023-08-03,2.95,2.98,2.92,2.97,1062239.0
2023-08-04,2.99,3.06,2.98,2.99,1153502.0
2023-08-07,2.98,2.99,2.95,2.98,772977.0
2023-08-08,2.97,3.01,2.93,3.0,825044.0
2023-08-09,2.97,2.97,2.93,2.94,678588.0
2023-08-10,2.94,2.96,2.92,2.93,602629.0
2023-08-11,2.93,2.95,2.86,2.87,868212.0
2023-08-14,2.83,2.93,2.82,2.93,1010191.0
2023-08-15,2.92,2.94,2.88,2.92,735133.0
2023-08-16,2.89,2.96,2.87,2.93,915119.0
2023-08-17,2.91,2.93,2.85,2.89,1191530.0
2023-08-18,2.91,2.92,2.83,2.85,892141.0
2023-08-21,2.84,2.92,2.83,2.85,1004197.0
2023-08-22,2.86,2.9,2.83,2.88,970065.0
2023-08-23,2.88,2.89,2.81,2.81,792341.0
2023-08-24,2.82,2.92,2.82,2.9,1453992.0
2023-08-25,2.88,2.89,2.81,2.82,1408851.0
2023-08-28,2.96,2.99,2.88,2.91,1607725.0
2023-08-29,2.89,2.93,2.87,2.91,1229167.0
2023-08-30,2.92,2.99,2.92,2.94,1391328.0
2023-08-31,2.95,3.0,2.92,2.93,1085959.0
2023-09-01,2.94,3.07,2.94,3.05,2726251.0
2023-09-04,3.09,3.2,3.07,3.16,2862360.0
2023-09-05,3.14,3.15,3.09,3.12,1466918.0
2023-09-06,3.09,3.13,3.08,3.1,938318.0
2023-09-07,3.09,3.1,3.03,3.05,1068984.0
2023-09-08,3.04,3.07,3.02,3.03,687290.0
2023-09-11,3.03,3.09,3.02,3.06,961119.0
2023-09-12,3.07,3.1,3.02,3.02,806870.0
2023-09-13,3.01,3.05,3.0,3.03,898188.0
2023-09-14,3.02,3.08,3.02,3.07,1046306.0
2023-09-15,3.08,3.16,3.05,3.07,1377948.0
2023-09-18,3.08,3.08,3.0,3.06,927921.0
2023-09-19,3.05,3.09,3.04,3.09,927670.0
2023-09-20,3.08,3.08,3.03,3.03,865553.0
2023-09-21,3.02,3.04,2.99,3.0,858809.0
2023-09-22,3.0,3.02,2.95,2.97,1038606.0
2023-09-25,2.97,3.02,2.96,2.96,856543.0
2023-09-26,2.96,2.97,2.93,2.94,715855.0
2023-09-27,2.93,2.95,2.9,2.92,945157.0
2023-09-28,2.93,2.94,2.91,2.91,667821.0
2023-10-09,2.91,2.95,2.86,2.94,1033865.0
2023-10-10,2.94,2.95,2.88,2.89,702201.0
2023-10-11,2.9,2.91,2.85,2.86,690784.0
2023-10-12,2.86,2.95,2.86,2.94,889977.0
2023-10-13,2.92,2.92,2.87,2.88,668069.0
2023-10-16,2.89,2.9,2.84,2.86,681769.0
2023-10-17,2.86,2.87,2.79,2.83,722507.0
2023-10-18,2.82,2.85,2.8,2.8,541184.0
2023-10-19,2.8,2.82,2.77,2.77,606576.0
2023-10-20,2.77,2.79,2.75,2.75,574078.0
2023-10-23,2.74,2.74,2.65,2.66,738904.0
2023-10-24,2.66,2.72,2.66,2.71,704819.0
2023-10-25,2.76,2.81,2.76,2.77,804193.0
2023-10-26,2.76,2.78,2.7,2.76,716577.0
2023-10-27,2.75,2.82,2.74,2.8,690347.0
2023-10-30,2.8,2.86,2.8,2.84,933538.0
2023-10-31,2.86,2.87,2.81,2.83,638242.0
2023-11-01,2.85,2.85,2.81,2.81,420864.0
2023-11-02,2.82,2.85,2.77,2.78,730075.0
2023-11-03,2.79,2.81,2.77,2.78,640189.0
2023-11-06,2.79,2.8,2.73,2.75,1458079.0
2023-11-07,2.73,2.75,2.7,2.73,1044811.0
2023-11-08,2.71,2.72,2.67,2.69,1382670.0
2023-11-09,2.67,2.71,2.67,2.69,815356.0
2023-11-10,2.68,2.7,2.67,2.69,565224.0
2023-11-13,2.7,2.74,2.68,2.73,846965.0
2023-11-14,2.74,2.75,2.71,2.72,615493.0
2023-11-15,2.75,2.8,2.75,2.8,1541330.0
2023-11-16,2.79,2.79,2.74,2.74,802964.0
2023-11-17,2.73,2.74,2.7,2.73,638389.0
2023-11-20,2.74,2.75,2.71,2.73,751060.0
2023-11-21,2.75,2.8,2.74,2.78,1243140.0
2023-11-22,2.77,2.78,2.73,2.74,594625.0
2023-11-23,2.73,2.76,2.72,2.75,568209.0
2023-11-24,2.75,2.77,2.74,2.75,500100.0
2023-11-27,2.75,2.76,2.71,2.73,658385.0
2023-11-28,2.73,2.74,2.71,2.74,471784.0
2023-11-29,2.75,2.82,2.75,2.78,1629850.0
2023-11-30,2.78,2.78,2.73,2.76,940730.0
2023-12-01,2.76,2.78,2.73,2.77,685939.0
2023-12-04,2.82,2.85,2.8,2.81,1455717.0
2023-12-05,2.77,2.78,2.74,2.74,944731.0
2023-12-06,2.73,2.77,2.72,2.76,754121.0
2023-12-07,2.75,2.76,2.73,2.75,624518.0
2023-12-08,2.75,2.77,2.74,2.75,577847.0
2023-12-11,2.74,2.76,2.69,2.76,923174.0
2023-12-12,2.75,2.75,2.72,2.74,550831.0
2023-12-13,2.73,2.74,2.69,2.69,759557.0
2023-12-14,2.71,2.73,2.67,2.69,804446.0
2023-12-15,2.71,2.72,2.68,2.69,802802.0
2023-12-18,2.67,2.69,2.62,2.63,976731.0
2023-12-19,2.62,2.64,2.6,2.62,529663.0
2023-12-20,2.62,2.65,2.62,2.63,493023.0
2023-12-21,2.62,2.64,2.59,2.63,629921.0
2023-12-22,2.63,2.68,2.6,2.66,877562.0
2023-12-25,2.65,2.69,2.64,2.68,651114.0
2023-12-26,2.69,2.73,2.68,2.72,1052103.0
2023-12-27,2.71,2.88,2.71,2.87,2502693.0
2023-12-28,2.9,3.02,2.89,2.97,2790146.0
2023-12-29,2.93,3.05,2.93,3.0,1892237.0
2024-01-02,3.01,3.05,2.98,3.03,1615167.0
2024-01-03,3.0,3.03,2.95,2.98,1711855.0
2024-01-04,2.97,3.0,2.93,2.99,1217522.0
2024-01-05,2.98,3.02,2.94,2.97,997193.0
2024-01-08,2.98,3.02,2.95,2.96,1405024.0
2024-01-09,2.97,3.08,2.93,3.04,1756983.0
2024-01-10,3.03,3.04,2.98,2.99,1140392.0
2024-01-11,2.98,3.01,2.96,2.98,946007.0
2024-01-12,2.97,3.05,2.96,3.0,995328.0
2024-01-15,3.01,3.02,2.98,3.0,663444.0
2024-01-16,2.99,3.01,2.94,3.0,884601.0
2024-01-17,3.0,3.0,2.89,2.9,1224231.0
2024-01-18,2.87,2.88,2.75,2.86,1743314.0
2024-01-19,2.87,2.89,2.78,2.8,1138255.0
2024-01-22,2.8,2.82,2.63,2.67,1271090.0
2024-01-23,2.65,2.68,2.58,2.64,2199134.0
2024-01-24,2.67,2.74,2.6,2.73,1829253.0
2024-01-25,2.76,2.84,2.75,2.84,1583636.0
2024-01-26,2.84,2.92,2.82,2.88,1445248.0
2024-01-29,2.89,2.92,2.83,2.84,1139924.0
2024-01-30,2.83,2.85,2.75,2.77,1074300.0
2024-01-31,2.78,2.81,2.73,2.74,1316487.0
2024-02-01,2.72,2.87,2.7,2.78,1841355.0
2024-02-02,2.77,2.82,2.66,2.74,1788961.0
2024-02-05,2.72,2.81,2.66,2.71,2147969.0
2024-02-06,2.7,2.91,2.67,2.9,2116391.0
2024-02-07,2.9,2.99,2.88,2.99,2177486.0
2024-02-08,2.97,3.07,2.92,2.96,2334619.0
2024-02-19,2.99,3.05,2.91,3.04,2063278.0
2024-02-20,3.02,3.14,3.0,3.09,1942329.0
2024-02-21,3.09,3.14,3.04,3.06,1737572.0
2024-02-22,3.05,3.13,3.02,3.12,1672368.0
2024-02-23,3.12,3.19,3.1,3.15,1615240.0
2024-02-26,3.13,3.15,3.01,3.02,1792780.0
2024-02-27,3.0,3.03,2.96,3.01,1912210.0
2024-02-28,2.99,3.02,2.94,2.94,1657835.0
2024-02-29,2.92,3.0,2.9,3.0,1819633.0
2024-03-01,2.99,3.0,2.94,2.98,1657452.0
2024-03-04,3.0,3.03,2.94,2.97,1510661.0
2024-03-05,2.96,3.01,2.94,2.98,1538141.0
2024-03-06,2.96,3.03,2.95,3.0,1773842.0
2024-03-07,3.03,3.33,3.02,3.24,7287209.0
2024-03-08,3.3,3.52,3.22,3.52,8072446.0
2024-03-11,3.51,3.51,3.28,3.38,6513242.0
2024-03-12,3.37,3.39,3.21,3.26,5069279.0
2024-03-13,3.24,3.31,3.2,3.29,3615380.0
2024-03-14,3.53,3.65,3.47,3.51,9349491.0
2024-03-15,3.49,3.78,3.41,3.72,8023995.0
2024-03-18,3.73,3.8,3.63,3.67,5590827.0
2024-03-19,3.64,3.75,3.59,3.61,3992028.0
2024-03-20,3.56,3.69,3.54,3.62,4034958.0
2024-03-21,3.67,3.71,3.6,3.66,3514832.0
2024-03-22,3.56,3.6,3.48,3.53,3382216.0
2024-03-25,3.51,3.64,3.51,3.54,2856510.0
2024-03-26,3.53,3.54,3.41,3.48,2650981.0
2024-03-27,3.47,3.55,3.45,3.49,2493350.0
2024-03-28,3.47,3.68,3.47,3.63,3559790.0
2024-03-29,3.67,3.71,3.62,3.69,3347961.0
2024-04-01,3.76,3.83,3.61,3.69,4103486.0
2024-04-02,3.67,3.78,3.65,3.69,3044887.0
2024-04-03,3.75,3.9,3.68,3.83,6306989.0
2024-04-08,3.87,4.16,3.81,3.84,7375337.0
2024-04-09,3.82,3.89,3.77,3.83,3593955.0
2024-04-10,3.84,4.04,3.79,3.96,4397333.0
2024-04-11,3.85,4.0,3.76,3.88,3888008.0
2024-04-12,3.92,3.97,3.83,3.91,3288528.0
2024-04-15,3.84,3.9,3.69,3.9,3554882.0
2024-04-16,3.85,3.91,3.68,3.72,3332129.0
2024-04-17,3.7,3.85,3.67,3.84,2867429.0
2024-04-18,3.82,4.01,3.8,4.0,3848438.0
2024-04-19,4.01,4.16,3.89,3.95,4085668.0
2024-04-22,4.01,4.05,3.75,3.77,3742336.0
2024-04-23,3.67,3.68,3.49,3.53,4119642.0
2024-04-24,3.52,3.61,3.5,3.6,2532268.0
2024-04-25,3.56,3.66,3.52,3.62,1991137.0
2024-04-26,3.65,3.76,3.64,3.75,3546210.0
2024-04-29,3.72,3.76,3.59,3.74,3712383.0
2024-04-30,3.8,3.84,3.74,3.76,2529880.0
2024-05-06,3.69,3.79,3.64,3.79,2731103.0
2024-05-07,3.8,3.84,3.71,3.72,2597359.0
2024-05-08,3.68,3.71,3.63,3.65,1894772.0
2024-05-09,3.63,3.83,3.62,3.79,2823264.0
2024-05-10,3.84,3.89,3.75,3.85,2523363.0
2024-05-13,3.78,3.84,3.71,3.81,1956803.0
2024-05-14,3.86,3.9,3.79,3.87,2749695.0
2024-05-15,3.82,3.9,3.78,3.82,2366575.0
2024-05-16,3.87,3.91,3.73,3.76,3138905.0
2024-05-17,3.76,3.83,3.71,3.83,2377702.0
2024-05-20,4.02,4.11,3.93,4.07,5889568.0
2024-05-21,4.07,4.1,3.87,3.9,3544212.0
2024-05-22,3.9,3.91,3.78,3.82,2694269.0
2024-05-23,3.67,3.69,3.61,3.65,2649557.0
2024-05-24,3.63,3.74,3.62,3.67,1851821.0
2024-05-27,3.67,3.75,3.67,3.74,1478767.0
2024-05-28,3.78,3.84,3.74,3.76,2168908.0
2024-05-29,3.73,3.94,3.72,3.87,3215540.0
2024-05-30,3.85,3.85,3.67,3.7,2937703.0
2024-05-31,3.67,3.72,3.65,3.68,1688533.0
2024-06-03,3.64,3.66,3.54,3.59,1792096.0
2024-06-04,3.6,3.66,3.57,3.63,1408264.0
2024-06-05,3.54,3.55,3.49,3.5,1818892.0
2024-06-06,3.54,3.57,3.51,3.53,1632979.0
2024-06-07,3.59,3.64,3.53,3.59,1744518.0
2024-06-11,3.51,3.54,3.46,3.53,1696039.0
2024-06-12,3.5,3.56,3.49,3.54,1461209.0
2024-06-13,3.52,3.52,3.38,3.43,2149310.0
2024-06-14,3.4,3.46,3.38,3.45,1393287.0
2024-06-17,3.42,3.45,3.34,3.35,1587105.0
2024-06-18,3.35,3.39,3.33,3.37,1237880.0
2024-06-19,3.37,3.43,3.36,3.4,1303445.0
2024-06-20,3.41,3.45,3.36,3.38,1274597.0
2024-06-21,3.39,3.45,3.36,3.38,1318237.0
2024-06-24,3.28,3.34,3.25,3.31,1418732.0
2024-06-25,3.3,3.42,3.3,3.37,1581964.0
2024-06-26,3.35,3.4,3.28,3.4,1253616.0
2024-06-27,3.37,3.37,3.29,3.31,1175747.0
2024-06-28,3.3,3.43,3.28,3.41,1675982.0
2024-07-01,3.4,3.51,3.39,3.49,1581831.0
2024-07-02,3.48,3.53,3.46,3.48,1210452.0
2024-07-03,3.49,3.51,3.43,3.47,886129.0
2024-07-04,3.51,3.54,3.41,3.42,1284812.0
2024-07-05,3.41,3.5,3.39,3.49,1258582.0
2024-07-08,3.49,3.53,3.47,3.48,1786859.0
2024-07-09,3.46,3.57,3.44,3.56,1655706.0
2024-07-10,3.54,3.56,3.4,3.42,1817735.0
2024-07-11,3.46,3.58,3.44,3.56,2002055.0
2024-07-12,3.53,3.54,3.44,3.45,1975861.0
2024-07-15,3.43,3.49,3.4,3.45,1338723.0
2024-07-16,3.42,3.45,3.38,3.41,1277868.0
2024-07-17,3.4,3.41,3.28,3.3,1839051.0
2024-07-18,3.26,3.28,3.18,3.27,1592357.0
2024-07-19,3.18,3.2,3.12,3.18,1715383.0
2024-07-22,3.15,3.17,3.08,3.1,1487913.0
2024-07-23,3.09,3.11,2.94,2.95,2250779.0
2024-07-24,2.94,3.0,2.91,2.93,1463103.0
2024-07-25,2.85,2.9,2.8,2.83,2028374.0
2024-07-26,2.85,2.91,2.84,2.88,1524360.0
2024-07-29,2.89,2.91,2.86,2.88,1051007.0
2024-07-30,2.85,2.85,2.82,2.84,1340832.0
2024-07-31,2.86,2.95,2.85,2.95,2002535.0
2024-08-01,2.99,3.02,2.94,2.96,2389361.0
2024-08-02,2.9,2.94,2.88,2.91,1449985.0
2024-08-05,2.88,2.93,2.85,2.85,1959138.0
2024-08-06,2.85,2.9,2.83,2.86,1744732.0
2024-08-07,2.85,2.9,2.83,2.87,1490204.0
2024-08-08,2.86,2.89,2.83,2.87,1290147.0
2024-08-09,2.89,2.94,2.88,2.88,1884985.0
2024-08-12,2.88,2.9,2.86,2.88,854686.0
2024-08-13,2.9,2.91,2.84,2.87,1163847.0
2024-08-14,2.87,2.87,2.82,2.83,1107836.0
2024-08-15,2.83,2.9,2.8,2.88,1612446.0
2024-08-16,2.9,2.94,2.87,2.88,1542761.0
2024-08-19,2.88,2.94,2.87,2.92,1503719.0
2024-08-20,2.93,2.94,2.86,2.86,1210513.0
2024-08-21,2.86,2.9,2.84,2.89,1219496.0
2024-08-22,2.88,2.9,2.85,2.86,1120441.0
2024-08-23,2.85,2.91,2.84,2.89,1227361.0
2024-08-26,2.92,2.95,2.87,2.92,1368432.0
2024-08-27,2.9,2.91,2.85,2.86,1119145.0
2024-08-28,2.87,2.92,2.83,2.85,2132887.0
2024-08-29,2.83,2.88,2.8,2.86,1848377.0
2024-08-30,2.85,2.95,2.83,2.91,2407880.0
2024-09-02,2.88,2.89,2.82,2.82,2270958.0
2024-09-03,2.82,2.84,2.81,2.82,1214592.0
2024-09-04,2.77,2.78,2.69,2.71,2612554.0
2024-09-05,2.71,2.76,2.69,2.73,1616581.0
2024-09-06,2.74,2.77,2.71,2.74,1340864.0
2024-09-09,2.71,2.72,2.68,2.72,1233008.0
2024-09-10,2.73,2.73,2.66,2.71,1246813.0
2024-09-11,2.69,2.71,2.66,2.68,1193006.0
2024-09-12,2.69,2.76,2.68,2.73,1954990.0
2024-09-13,2.76,2.78,2.74,2.75,1513078.0
2024-09-18,2.75,2.77,2.7,2.75,1105371.0
2024-09-19,2.75,2.89,2.73,2.89,2660908.0
2024-09-20,2.89,2.98,2.86,2.97,2503197.0
2024-09-23,2.95,2.99,2.93,2.95,1532935.0
2024-09-24,2.97,3.09,2.97,3.08,2535556.0
2024-09-25,3.16,3.2,3.07,3.08,2774940.0
2024-09-26,3.07,3.24,3.06,3.24,2314468.0
2024-09-27,3.32,3.4,3.27,3.36,3019230.0
2024-09-30,3.49,3.67,3.41,3.66,5077718.0
2024-10-08,4.03,4.05,3.47,3.68,6870093.0
2024-10-09,3.57,3.57,3.29,3.31,4476083.0
2024-10-10,3.32,3.51,3.28,3.4,3151473.0
2024-10-11,3.43,3.45,3.25,3.31,2253861.0
2024-10-14,3.32,3.43,3.31,3.4,2335804.0
2024-10-15,3.38,3.38,3.25,3.26,2216348.0
2024-10-16,3.2,3.32,3.2,3.27,1509481.0
2024-10-17,3.29,3.32,3.2,3.2,1495930.0
2024-10-18,3.21,3.34,3.2,3.28,2250374.0
2024-10-21,3.31,3.37,3.27,3.32,2416116.0
2024-10-22,3.29,3.34,3.27,3.32,1971077.0
2024-10-23,3.32,3.37,3.29,3.34,2247105.0
2024-10-24,3.3,3.31,3.25,3.29,1671159.0
2024-10-25,3.27,3.3,3.25,3.27,1658273.0
2024-10-28,3.27,3.36,3.26,3.36,2608208.0
2024-10-29,3.33,3.34,3.17,3.19,4422769.0
2024-10-30,3.18,3.21,3.14,3.18,2011508.0
2024-10-31,3.17,3.22,3.15,3.2,2207625.0
2024-11-01,3.18,3.39,3.17,3.32,5059228.0
2024-11-04,3.33,3.35,3.24,3.35,2968448.0
2024-11-05,3.32,3.45,3.3,3.44,3996606.0
2024-11-06,3.45,3.47,3.38,3.4,3319649.0
2024-11-07,3.33,3.45,3.27,3.45,3947514.0
2024-11-08,3.52,3.57,3.38,3.4,4142076.0
2024-11-11,3.36,3.38,3.3,3.35,2972160.0
2024-11-12,3.33,3.38,3.24,3.27,3257030.0
2024-11-13,3.23,3.31,3.22,3.27,1942463.0
2024-11-14,3.24,3.26,3.16,3.16,2401586.0
2024-11-15,3.17,3.21,3.15,3.15,1876270.0
2024-11-18,3.15,3.22,3.12,3.17,2426779.0
2024-11-19,3.17,3.2,3.14,3.2,1722813.0
2024-11-20,3.19,3.21,3.16,3.2,1673467.0
2024-11-21,3.19,3.22,3.17,3.19,1405847.0
2024-11-22,3.18,3.19,3.09,3.09,2054682.0
2024-11-25,3.09,3.12,3.05,3.08,1247981.0
2024-11-26,3.07,3.1,3.06,3.06,995288.0
2024-11-27,3.07,3.09,2.98,3.09,1565469.0
2024-11-28,3.07,3.1,3.06,3.06,1243152.0
2024-11-29,3.06,3.12,3.05,3.1,1540728.0
2024-12-02,3.18,3.28,3.17,3.27,4087780.0
2024-12-03,3.27,3.28,3.2,3.27,2117749.0
2024-12-04,3.28,3.31,3.24,3.26,1911762.0
2024-12-05,3.25,3.27,3.22,3.25,1292546.0
2024-12-06,3.24,3.3,3.24,3.29,2150035.0
2024-12-09,3.29,3.35,3.28,3.3,1909129.0
2024-12-10,3.38,3.41,3.29,3.3,2280856.0
2024-12-11,3.3,3.4,3.28,3.38,2699740.0
2024-12-12,3.39,3.4,3.34,3.38,2152603.0
2024-12-13,3.35,3.36,3.23,3.25,5507473.0
2024-12-16,3.24,3.29,3.23,3.25,1850530.0
2024-12-17,3.25,3.27,3.19,3.2,1497157.0
2024-12-18,3.2,3.22,3.15,3.16,1608904.0
2024-12-19,3.12,3.13,3.09,3.12,1816948.0
2024-12-20,3.11,3.13,3.07,3.08,1639056.0
2024-12-23,3.09,3.13,3.08,3.09,1442291.0
2024-12-24,3.09,3.13,3.08,3.13,1200967.0
2024-12-25,3.13,3.15,3.1,3.11,1191192.0
2024-12-26,3.11,3.13,3.08,3.09,970957.0
2024-12-27,3.09,3.12,3.08,3.11,1078211.0
2024-12-30,3.11,3.13,3.09,3.11,863181.0
2024-12-31,3.1,3.12,3.02,3.03,1802990.0
2025-01-02,3.03,3.06,2.96,2.98,1637866.0
2025-01-03,2.99,3.1,2.98,3.01,2488079.0
2025-01-06,3.02,3.08,2.97,3.03,1699650.0
2025-01-07,3.03,3.09,3.0,3.08,1523294.0
2025-01-08,3.07,3.07,2.97,3.02,1565618.0
2025-01-09,3.02,3.04,2.99,3.02,1006512.0
2025-01-10,3.03,3.08,3.02,3.02,1625558.0
2025-01-13,3.01,3.09,2.97,3.08,1699011.0
2025-01-14,3.06,3.12,3.05,3.11,1772369.0
2025-01-15,3.1,3.12,3.06,3.07,1236052.0
2025-01-16,3.1,3.15,3.09,3.14,2022674.0
2025-01-17,3.13,3.14,3.1,3.13,1036471.0
2025-01-20,3.13,3.14,3.09,3.09,1167194.0
2025-01-21,3.1,3.11,3.06,3.08,875300.0
2025-01-22,3.08,3.08,3.03,3.04,844921.0
2025-01-23,3.06,3.11,3.03,3.03,1317625.0
2025-01-24,3.04,3.08,3.03,3.07,1042357.0
2025-01-27,3.06,3.11,3.06,3.07,1103946.0
2025-02-05,3.09,3.1,3.05,3.07,1190403.0
2025-02-06,3.09,3.13,3.08,3.13,1540329.0
2025-02-07,3.13,3.19,3.12,3.18,2166576.0
2025-02-10,3.19,3.24,3.17,3.2,1538211.0
2025-02-11,3.21,3.25,3.18,3.2,1877574.0
2025-02-12,3.19,3.19,3.12,3.15,1990835.0
2025-02-13,3.16,3.18,3.13,3.13,1251410.0
2025-02-14,3.15,3.17,3.13,3.16,1193430.0
2025-02-17,3.14,3.14,3.09,3.11,1516933.0
2025-02-18,3.1,3.11,3.05,3.06,1364138.0
2025-02-19,3.07,3.08,3.03,3.04,1463437.0
2025-02-20,3.04,3.06,3.03,3.05,1241018.0
2025-02-21,3.05,3.08,3.04,3.05,1554977.0
2025-02-24,3.04,3.06,3.02,3.05,1309218.0
2025-02-25,3.04,3.05,3.0,3.0,1310784.0
2025-02-26,3.02,3.1,3.01,3.06,2441915.0
2025-02-27,3.07,3.09,3.03,3.05,1262890.0
2025-02-28,3.04,3.05,3.0,3.01,1204522.0
2025-03-03,3.02,3.06,3.01,3.04,1227314.0
2025-03-04,3.03,3.04,3.01,3.04,787152.0
2025-03-05,3.03,3.07,3.01,3.07,1442146.0
2025-03-06,3.1,3.15,3.09,3.11,2257828.0
2025-03-07,3.12,3.18,3.11,3.15,2324111.0
2025-03-10,3.17,3.18,3.12,3.17,1888275.0
2025-03-11,3.13,3.18,3.11,3.18,1728914.0
2025-03-12,3.21,3.27,3.19,3.25,3122924.0
2025-03-13,3.25,3.29,3.21,3.25,2124220.0
2025-03-14,3.3,3.33,3.27,3.32,3283639.0
2025-03-17,3.3,3.33,3.27,3.28,1784734.0
2025-03-18,3.31,3.37,3.28,3.3,2513055.0
2025-03-19,3.3,3.31,3.25,3.31,1649495.0
2025-03-20,3.37,3.38,3.32,3.32,1849453.0
2025-03-21,3.31,3.35,3.25,3.26,1949801.0
2025-03-24,3.27,3.48,3.26,3.42,5524436.0
2025-03-25,3.45,3.55,3.39,3.43,4458268.0
2025-03-26,3.5,3.58,3.39,3.4,5348421.0
2025-03-27,3.34,3.37,3.29,3.32,3107099.0
2025-03-28,3.31,3.33,3.26,3.3,2168266.0
2025-03-31,3.27,3.27,3.18,3.23,2361317.0
2025-04-01,3.25,3.28,3.23,3.24,1653616.0
2025-04-02,3.23,3.26,3.21,3.22,1168353.0
2025-04-03,3.18,3.2,3.14,3.15,1892650.0
2025-04-07,2.88,2.92,2.82,2.82,3432578.0
2025-04-08,2.8,2.82,2.7,2.75,3973726.0
2025-04-09,2.7,2.77,2.61,2.76,3588411.0
2025-04-10,2.85,2.87,2.8,2.83,3390932.0
2025-04-11,2.8,2.84,2.79,2.81,2173361.0
2025-04-14,2.85,2.93,2.85,2.91,3400733.0
2025-04-15,2.91,2.91,2.85,2.87,1692976.0
2025-04-16,2.87,2.88,2.81,2.85,1527277.0
2025-04-17,2.86,2.88,2.84,2.84,1600872.0
2025-04-18,2.84,2.88,2.83,2.87,1436006.0
2025-04-21,2.87,3.0,2.86,2.99,2838470.0
2025-04-22,2.99,3.02,2.96,2.99,2131382.0
2025-04-23,2.98,3.01,2.95,2.98,1910807.0
2025-04-24,2.98,3.0,2.94,2.96,1441353.0
2025-04-25,2.97,3.0,2.95,2.96,1316322.0
2025-04-28,2.96,2.99,2.94,2.97,1235272.0
2025-04-29,2.97,2.99,2.95,2.98,1310948.0
2025-04-30,2.98,2.98,2.96,2.96,1142792.0
2025-05-06,2.98,3.01,2.96,3.01,1398244.0
2025-05-07,3.04,3.05,2.99,3.0,1343894.0
2025-05-08,2.99,3.01,2.98,3.0,951614.0
2025-05-09,3.0,3.01,2.96,2.97,1005054.0
2025-05-12,2.99,3.04,2.98,3.03,1398827.0
2025-05-13,3.04,3.05,3.01,3.03,1052274.0
2025-05-14,3.03,3.07,3.03,3.07,1337339.0
2025-05-15,3.06,3.07,3.0,3.01,1215945.0
2025-05-16,3.01,3.03,2.98,2.98,1027250.0
2025-05-19,2.98,3.0,2.96,2.99,762620.0
2025-05-20,2.99,3.0,2.98,2.98,826790.0
2025-05-21,2.99,3.03,2.98,3.03,1228130.0
2025-05-22,3.01,3.02,2.98,2.98,991777.0
2025-05-23,2.98,3.0,2.95,2.95,1047386.0
2025-05-26,2.97,3.01,2.96,2.98,1155229.0
2025-05-27,2.98,2.99,2.93,2.94,1179134.0
2025-05-28,2.95,2.96,2.94,2.94,514727.0
2025-05-29,2.94,2.99,2.93,2.98,1247524.0
2025-05-30,2.97,2.99,2.95,2.97,826044.0
2025-06-03,2.98,3.0,2.97,2.98,818510.0
2025-06-04,2.99,3.04,2.98,3.02,1397323.0
2025-06-05,3.02,3.02,2.97,2.99,1259788.0
2025-06-06,3.0,3.06,3.0,3.05,2343160.0
2025-06-09,3.04,3.05,3.01,3.04,1422308.0
2025-06-10,3.06,3.08,3.02,3.05,1704108.0
2025-06-11,3.04,3.11,3.04,3.09,1799027.0
2025-06-12,3.08,3.11,3.07,3.11,1252710.0
2025-06-13,3.11,3.12,3.07,3.09,1363781.0
2025-06-16,3.09,3.12,3.07,3.09,1182985.0
2025-06-17,3.1,3.12,3.09,3.1,821289.0
2025-06-18,3.1,3.11,3.07,3.1,874422.0
2025-06-19,3.09,3.1,3.04,3.05,1111579.0
2025-06-20,3.05,3.07,3.04,3.05,831868.0
2025-06-23,3.05,3.1,3.04,3.06,1180083.0
2025-06-24,3.07,3.11,3.06,3.09,1194245.0
2025-06-25,3.1,3.11,3.07,3.1,1101246.0
2025-06-26,3.1,3.16,3.1,3.12,1457091.0
2025-06-27,3.16,3.27,3.15,3.23,2959372.0
2025-06-30,3.3,3.32,3.22,3.24,2844156.0
2025-07-01,3.24,3.31,3.19,3.3,2705677.0
2025-07-02,3.28,3.38,3.26,3.34,3203232.0
2025-07-03,3.37,3.38,3.31,3.34,2035656.0
2025-07-04,3.32,3.33,3.28,3.29,1989364.0
2025-07-07,3.28,3.32,3.27,3.3,1622917.0
2025-07-08,3.3,3.34,3.29,3.31,1452220.0
2025-07-09,3.37,3.4,3.21,3.23,3714634.0
2025-07-10,3.23,3.29,3.22,3.28,2101324.0
2025-07-11,3.28,3.37,3.28,3.32,2650308.0
2025-07-14,3.32,3.37,3.32,3.33,1892171.0
2025-07-15,3.32,3.34,3.26,3.28,1605738.0
2025-07-16,3.28,3.29,3.23,3.24,1591647.0
2025-07-17,3.25,3.25,3.22,3.24,1155120.0
2025-07-18,3.25,3.31,3.24,3.28,1959425.0
2025-07-21,3.3,3.42,3.3,3.42,3603844.0
2025-07-22,3.42,3.54,3.4,3.54,3862622.0
2025-07-23,3.6,3.69,3.53,3.55,4494933.0
2025-07-24,3.55,3.69,3.52,3.64,3679245.0
2025-07-25,3.61,3.64,3.55,3.58,2497445.0
2025-07-28,3.56,3.57,3.44,3.53,2472160.0
2025-07-29,3.51,3.54,3.47,3.52,1459205.0
2025-07-30,3.52,3.56,3.51,3.54,2368183.0
2025-07-31,3.46,3.47,3.36,3.38,3256779.0
2025-08-01,3.37,3.43,3.36,3.41,1722768.0
2025-08-04,3.4,3.46,3.38,3.43,1642395.0
2025-08-05,3.44,3.63,3.43,3.56,3376759.0
2025-08-06,3.63,3.93,3.62,3.93,8155533.0
2025-08-07,3.95,4.06,3.84,3.92,8898111.0
2025-08-08,3.89,3.98,3.85,3.93,3939549.0
2025-08-11,3.95,4.0,3.89,3.95,4325397.0
2025-08-12,3.95,3.98,3.86,3.94,3243940.0
2025-08-13,3.98,4.17,3.96,4.16,6272576.0
2025-08-14,4.11,4.21,4.08,4.09,4571988.0
2025-08-15,4.09,4.23,4.07,4.22,3903109.0
2025-08-18,4.11,4.2,3.98,4.15,5672845.0
2025-08-19,4.17,4.19,3.99,4.01,4452945.0
2025-08-20,4.02,4.15,4.0,4.09,3422658.0
2025-08-21,4.08,4.14,4.04,4.06,2354173.0
2025-08-22,4.04,4.09,4.0,4.05,2443930.0
2025-08-25,4.18,4.36,4.16,4.31,5071863.0
2025-08-26,4.3,4.38,4.22,4.35,3334075.0
2025-08-27,4.35,4.43,4.22,4.23,3485794.0
2025-08-28,4.21,4.29,4.11,4.26,3091513.0
2025-08-29,4.3,4.45,4.25,4.41,4228476.0
2025-09-01,4.46,4.57,4.35,4.49,4748350.0
2025-09-02,4.5,4.52,4.32,4.41,3996940.0
2025-09-03,4.49,4.54,4.31,4.35,3737776.0
2025-09-04,4.35,4.44,4.06,4.13,4354662.0
2025-09-05,4.1,4.37,4.08,4.36,3648912.0
2025-09-08,4.36,4.37,4.22,4.24,3070302.0
2025-09-09,4.25,4.37,4.22,4.24,3211601.0
2025-09-10,4.19,4.25,4.13,4.23,2386246.0
2025-09-11,4.25,4.39,4.24,4.34,2779066.0
2025-09-12,4.4,4.73,4.39,4.64,5691528.0
2025-09-15,4.6,4.68,4.54,4.56,3530464.0
2025-09-16,4.64,4.67,4.35,4.49,4335787.0
2025-09-17,4.43,4.57,4.39,4.53,2989633.0
2025-09-18,4.4,4.4,4.22,4.29,3882366.0
2025-09-19,4.27,4.36,4.24,4.35,2397744.0
2025-09-22,4.39,4.41,4.22,4.28,2225470.0
2025-09-23,4.29,4.32,4.11,4.2,2818210.0
2025-09-24,4.17,4.24,4.12,4.21,2207992.0
2025-09-25,4.5,4.63,4.42,4.56,7711812.0
2025-09-26,4.58,4.8,4.54,4.66,5181239.0
2025-09-29,4.73,5.08,4.69,5.06,5685098.0
2025-09-30,5.15,5.38,5.07,5.26,5572245.0
2025-10-09,5.62,5.8,5.59,5.8,4911984.0
2025-10-10,5.81,6.25,5.69,5.78,8334366.0
2025-10-13,5.49,5.78,5.45,5.69,6257696.0
2025-10-14,5.88,5.88,5.32,5.38,5854603.0
2025-10-15,5.42,5.5,5.26,5.49,4393752.0
2025-10-16,5.43,5.5,5.21,5.33,3949934.0
2025-10-17,5.35,5.38,5.1,5.12,3588846.0
2025-10-20,5.17,5.25,5.1,5.17,2983074.0
2025-10-21,5.2,5.39,5.16,5.34,3814680.0
2025-10-22,5.16,5.34,5.12,5.31,2422701.0
2025-10-23,5.3,5.42,5.23,5.41,2316375.0
2025-10-24,5.49,5.65,5.41,5.6,3668294.0
2025-10-27,5.72,5.9,5.68,5.76,3912608.0
2025-10-28,5.5,5.51,5.17,5.17,8927529.0
2025-10-29,5.27,5.44,5.2,5.44,4851526.0
2025-10-30,5.38,5.56,5.34,5.42,3924095.0
2025-10-31,5.37,5.43,5.17,5.19,3931207.0
2025-11-03,5.16,5.17,4.95,5.08,3436187.0
2025-11-04,5.0,5.05,4.87,4.94,2786186.0
2025-11-05,4.86,5.05,4.83,5.01,2422107.0
2025-11-06,5.05,5.18,5.03,5.18,2850454.0
2025-11-07,5.13,5.17,5.07,5.11,1922164.0
2025-11-10,5.18,5.23,5.11,5.15,2306025.0
2025-11-11,5.22,5.27,5.05,5.07,2275573.0
2025-11-12,5.06,5.19,4.96,5.11,2282361.0
2025-11-13,5.21,5.35,5.21,5.3,3795953.0
2025-11-14,5.22,5.26,5.15,5.19,2061015.0
2025-11-17,5.15,5.18,5.06,5.09,1838029.0
2025-11-18,5.05,5.06,4.9,4.94,2413102.0
2025-11-19,4.94,5.04,4.93,5.02,1452562.0
2025-11-20,5.02,5.09,4.96,5.0,1882434.0
2025-11-21,4.9,4.91,4.71,4.74,2969340.0
2025-11-24,4.8,4.89,4.77,4.82,2004841.0
2025-11-25,4.87,4.99,4.85,4.94,1832446.0
2025-11-26,4.95,5.09,4.95,4.99,2117560.0
2025-11-27,5.07,5.11,5.01,5.02,1592810.0
2025-11-28,5.01,5.08,4.97,5.05,1660672.0
2025-12-01,5.25,5.49,5.24,5.37,4738350.0
2025-12-02,5.31,5.37,5.23,5.36,2274887.0
2025-12-03,5.35,5.55,5.33,5.49,3363165.0
2025-12-04,5.66,5.72,5.56,5.58,3766652.0
2025-12-05,5.56,5.79,5.55,5.79,4248742.0
2025-12-08,5.81,5.81,5.56,5.71,4099924.0
2025-12-09,5.65,5.65,5.36,5.42,4045650.0
2025-12-10,5.49,5.51,5.39,5.43,2014583.0
2025-12-11,5.49,5.54,5.3,5.3,2482361.0
2025-12-12,5.44,5.46,5.34,5.4,2604214.0
2025-12-15,5.3,5.42,5.25,5.34,2036066.0
2025-12-16,5.3,5.35,5.13,5.19,2336438.0
2025-12-17,5.21,5.42,5.19,5.38,2550389.0
2025-12-18,5.35,5.5,5.31,5.35,1570048.0
2025-12-19,5.35,5.45,5.28,5.41,1727489.0
2025-12-22,5.45,5.53,5.43,5.5,2354578.0
2025-12-23,5.5,5.59,5.45,5.47,2362707.0
2025-12-24,5.55,5.59,5.46,5.51,2498896.0
2025-12-25,5.45,5.51,5.38,5.47,2060005.0
2025-12-26,5.59,5.93,5.57,5.88,5897465.0
2025-12-29,6.06,6.09,5.67,5.68,5943655.0
2025-12-30,5.51,5.8,5.5,5.75,3523907.0
2025-12-31,5.74,6.15,5.71,5.96,5408144.0
2026-01-05,5.71,5.8,5.61,5.77,7449520.0
2026-01-06,5.93,6.0,5.8,5.87,5828521.0
2026-01-07,5.88,5.95,5.73,5.78,5365183.0
2026-01-08,5.71,5.84,5.61,5.65,5143454.0
2026-01-09,5.62,5.93,5.6,5.86,5204802.0
2026-01-12,5.96,6.0,5.81,5.88,4432249.0
2026-01-13,5.88,6.13,5.85,5.93,5001079.0
2026-01-14,5.98,6.2,5.98,6.07,5703354.0
2026-01-15,6.06,6.3,6.01,6.08,5853615.0
2026-01-16,6.09,6.34,6.03,6.07,6062892.0
2026-01-19,6.08,6.1,5.75,5.87,4853267.0
2026-01-20,5.94,6.05,5.75,5.99,4780536.0
2026-01-21,5.97,6.2,5.91,6.16,4843919.0
2026-01-22,6.1,6.19,6.03,6.19,4393715.0
2026-01-23,6.27,6.81,6.21,6.81,8675688.0
2026-01-26,7.25,7.5,7.05,7.5,11161824.0
2026-01-27,7.47,8.01,7.16,7.54,12883771.0
2026-01-28,7.68,8.3,7.41,8.3,11202717.0
2026-01-29,8.87,9.14,8.18,9.14,15963330.0
2026-01-30,8.75,9.03,8.22,8.22,9795025.0
2026-02-02,7.39,7.39,7.39,7.39,823634.0
2026-02-03,7.04,7.9,6.83,7.79,14223886.0
2026-02-04,8.03,8.04,7.44,7.61,9658483.0
2026-02-05,7.38,7.49,7.04,7.14,7393745.0
2026-02-06,6.88,7.23,6.74,7.06,6412469.0
2026-02-09,7.24,7.26,7.11,7.16,4347643.0
2026-02-10,7.17,7.25,7.03,7.06,4050351.0
2026-02-11,7.01,7.24,6.99,7.13,4364159.0
2026-02-12,7.13,7.34,7.11,7.17,4964420.0
2026-02-13,7.06,7.15,6.98,7.0,3583311.0
2026-02-24,7.2,7.63,7.16,7.46,6588433.0
2026-02-25,7.47,7.8,7.37,7.68,6683686.0
2026-02-26,7.71,7.74,7.49,7.54,4624539.0
2026-02-27,7.48,7.89,7.46,7.88,6624655.0
2026-03-02,8.06,8.63,7.7,8.37,8434782.0
2026-03-03,8.09,8.16,7.67,7.71,6563090.0
2026-03-04,7.45,7.87,7.41,7.69,3869028.0
2026-03-05,7.78,7.81,7.51,7.61,3353124.0
2026-03-06,7.47,7.58,7.32,7.42,3218845.0
2026-03-09,7.2,7.28,7.05,7.23,3532261.0
2026-03-10,7.35,7.38,7.23,7.27,2446664.0
2026-03-11,7.32,7.34,7.12,7.17,2771084.0
2026-03-12,7.11,7.23,7.05,7.1,2571227.0
2026-03-13,7.05,7.15,6.88,6.9,3523447.0
2026-03-16,6.79,6.81,6.41,6.6,4869391.0
2026-03-17,6.63,6.73,6.53,6.54,2666086.0
2026-03-18,6.51,6.57,6.36,6.45,2870400.0
2026-03-19,6.2,6.29,5.98,6.03,4291927.0
2026-03-20,6.12,6.14,5.89,5.91,3152897.0
2026-03-23,5.76,5.84,5.49,5.54,4559001.0
2026-03-24,5.72,5.76,5.54,5.76,4103965.0
2026-03-25,5.9,5.98,5.83,5.86,3943393.0
2026-03-26,5.85,5.9,5.69,5.73,2534665.0
2026-03-27,5.64,5.85,5.62,5.81,2276542.0
2026-03-30,5.77,5.87,5.73,5.87,2287439.0
2026-03-31,5.89,5.98,5.76,5.76,2558582.0
2026-04-01,5.96,6.02,5.84,5.93,2575984.0
2026-04-02,5.92,5.92,5.73,5.78,1923073.0
2026-04-03,5.8,5.82,5.68,5.7,1204138.0
2026-04-07,5.71,5.8,5.67,5.77,1433338.0
2026-04-08,5.98,6.15,5.96,6.14,3718742.0
2026-04-09,6.04,6.11,6.0,6.05,2391245.0
2026-04-10,6.11,6.15,6.03,6.04,2142748.0
2026-04-13,6.01,6.2,6.0,6.18,2590448.0
2026-04-14,6.35,6.4,6.21,6.29,2833100.0
2026-04-15,6.43,6.49,6.17,6.22,3215993.0
2026-04-16,6.2,6.28,6.17,6.27,2089313.0
2026-04-17,6.26,6.47,6.26,6.38,3003686.0
2026-04-20,6.4,6.59,6.4,6.47,3261970.0
2026-04-21,6.42,6.44,6.27,6.4,2170028.0
2026-04-22,6.35,6.49,6.32,6.48,2209756.0
2026-04-23,6.55,6.62,6.22,6.25,3030319.0
2026-04-24,6.18,6.29,6.1,6.24,2137061.0
2026-04-27,6.21,6.31,6.19,6.24,1683474.0
2026-04-28,6.2,6.23,6.05,6.19,2058528.0
2026-04-29,5.92,6.3,5.89,6.28,2921875.0
2026-04-30,6.24,6.28,6.05,6.1,2639645.0
2026-05-06,6.15,6.46,6.1,6.45,4296946.0
2026-05-07,6.54,6.62,6.4,6.5,3469375.0
2026-05-08,6.44,6.67,6.41,6.62,3803654.0
2026-05-11,6.62,6.9,6.62,6.83,4911185.0
2026-05-12,6.95,7.02,6.77,6.84,4226099.0
2026-05-13,6.98,7.15,6.88,6.93,3935042.0
2026-05-14,6.86,6.95,6.64,6.64,3638247.0
2026-05-15,6.59,6.59,6.15,6.17,4346349.0
2026-05-18,6.0,6.06,5.91,6.03,2854703.0
2026-05-19,6.03,6.04,5.86,5.97,2405440.0
2026-05-20,5.9,5.93,5.72,5.87,2521720.0
2026-05-21,5.98,6.06,5.72,5.73,2709766.0
2026-05-22,5.76,6.31,5.7,6.31,4910185.0
2026-05-25,6.45,6.8,6.4,6.69,6869013.0
2026-05-26,6.65,6.83,6.45,6.78,5106067.0
2026-05-27,6.72,6.78,6.38,6.41,3551125.0
2026-05-28,6.39,6.79,6.24,6.7,5117202.0
2026-05-29,6.81,7.18,6.8,6.85,7484839.0
2026-06-01,6.85,7.0,6.75,6.77,4149544.0
2026-06-02,6.96,7.1,6.81,7.03,5482674.0
2026-06-03,6.9,7.25,6.86,7.02,6519553.0
2026-06-04,6.8,6.82,6.61,6.64,4810775.0
2026-06-05,6.6,6.76,6.4,6.44,3388795.0
2026-06-08,6.04,6.23,5.9,5.93,4411175.0
2026-06-09,6.13,6.33,6.01,6.25,4441406.0
2026-06-10,6.12,6.43,6.06,6.35,4427973.0
2026-06-11,6.38,6.63,6.29,6.45,4041024.0
2026-06-12,6.6,7.1,6.55,7.1,6289787.0
2026-06-15,7.3,7.71,7.27,7.66,12467210.0
2026-06-16,7.56,7.68,7.38,7.57,8239902.0
2026-06-17,7.56,7.7,7.33,7.56,5992500.0
2026-06-18,7.39,8.02,7.38,7.65,8560395.0
2026-06-22,7.75,7.94,7.42,7.93,8390157.0
2026-06-23,7.86,7.86,7.14,7.14,6956245.0
2026-06-24,6.88,6.99,6.6,6.94,8128319.0
2026-06-25,6.74,6.87,6.63,6.68,4891447.0
2026-06-26,6.76,6.79,6.19,6.22,5297523.0
2026-06-29,6.24,6.41,6.22,6.37,4074871.0
2026-06-30,6.25,6.42,6.15,6.36,3370825.0
2026-07-01,6.32,6.48,6.2,6.29,3630308.0
2026-07-02,6.32,6.44,6.15,6.21,4520819.0
2026-07-03,6.32,6.59,6.29,6.47,4911445.0
2026-07-06,6.47,6.68,6.28,6.3,3884741.0
2026-07-07,6.2,6.24,6.04,6.08,2755132.0
2026-07-08,6.02,6.15,5.98,6.04,2015072.0
2026-07-09,6.0,6.08,5.72,6.02,3459696.0
2026-07-10,6.08,6.29,6.01,6.1,2970223.0
2026-07-13,5.98,5.99,5.85,5.86,2146662.0
2026-07-14,5.89,6.24,5.87,6.19,3395169.0
2026-07-15,6.19,6.22,6.03,6.06,2421443.0
2026-07-16,5.98,6.14,5.96,6.05,1958607.0
2026-07-17,5.95,5.96,5.76,5.79,2744549.0
