date,open,high,low,close,volume
2015-01-02,22.45,22.46,22.0,22.28,6067075.0
2015-01-05,22.14,22.17,21.71,21.74,8521927.0
2015-01-06,21.32,21.58,21.16,21.36,9901687.0
2015-01-07,21.59,21.76,21.34,21.67,9975497.0
2015-01-08,21.69,22.01,21.67,21.81,15750925.0
2015-01-09,21.62,21.64,21.02,21.2,17575216.0
2015-01-12,21.06,21.09,20.69,20.79,24668788.0
2015-01-13,21.02,21.3,20.99,21.05,11015653.0
2015-01-14,20.65,21.1,20.6,21.06,21484592.0
2015-01-15,22.59,23.13,21.91,22.89,36234476.0
2015-01-16,22.37,22.7,22.29,22.6,22239975.0
2015-01-20,22.6,23.19,22.47,23.09,23927681.0
2015-01-21,23.0,23.24,22.96,23.16,6974138.0
2015-01-22,23.2,23.72,22.89,23.71,25325506.0
2015-01-23,23.93,24.3,23.88,23.99,12996502.0
2015-01-26,23.95,24.19,23.89,24.16,14085916.0
2015-01-27,24.13,24.26,23.95,24.19,14607003.0
2015-01-28,24.44,24.49,23.85,23.93,16565122.0
2015-01-29,23.69,23.8,23.08,23.29,19264186.0
2015-01-30,22.99,23.12,22.67,22.71,17264464.0
2015-02-02,23.03,23.08,22.7,22.94,12814235.0
2015-02-03,23.34,23.44,23.06,23.15,16586000.0
2015-02-04,23.59,23.75,23.44,23.58,11265843.0
2015-02-05,23.72,23.76,23.31,23.66,12002574.0
2015-02-06,23.45,23.63,23.05,23.1,16208813.0
2015-02-09,22.92,22.94,22.49,22.67,12756931.0
2015-02-10,23.9,23.95,23.46,23.86,16806010.0
2015-02-11,23.88,24.35,23.77,24.29,14175502.0
2015-02-12,24.41,24.48,24.15,24.47,10131568.0
2015-02-13,24.45,24.96,24.4,24.84,11621279.0
2015-02-17,24.69,24.89,24.68,24.77,10485168.0
2015-02-18,24.69,24.85,24.61,24.71,7411775.0
2015-02-19,24.68,24.71,24.46,24.52,9929366.0
2015-02-20,24.7,24.71,24.3,24.44,7265872.0
2015-02-23,24.41,24.43,24.13,24.22,7729814.0
2015-02-24,24.38,25.08,24.35,25.04,15859751.0
2015-02-25,25.05,25.32,24.99,25.04,10210806.0
2015-02-26,24.8,24.99,24.65,24.68,7557985.0
2015-02-27,24.75,24.78,24.47,24.53,8502123.0
2015-03-02,24.4,24.63,24.4,24.63,6945450.0
2015-03-03,24.71,24.73,24.4,24.5,7300208.0
2015-03-04,24.57,24.6,24.12,24.33,9376455.0
2015-03-05,24.46,24.48,24.14,24.46,6840284.0
2015-03-06,24.25,24.38,24.04,24.09,6371971.0
2015-03-09,23.67,23.7,23.26,23.45,15342883.0
2015-03-10,23.02,23.26,22.91,23.05,12271251.0
2015-03-11,23.41,23.72,23.41,23.49,9387459.0
2015-03-12,23.5,23.75,23.47,23.53,10861214.0
2015-03-13,23.66,23.97,23.65,23.88,9625648.0
2015-03-16,23.97,24.39,23.9,24.28,18363435.0
2015-03-17,24.05,24.44,23.95,24.31,12307632.0
2015-03-18,24.51,24.9,24.15,24.71,14497430.0
2015-03-19,24.9,25.15,24.63,24.66,11693842.0
2015-03-20,24.8,24.9,24.67,24.77,7188436.0
2015-03-23,24.88,24.95,24.75,24.8,8948340.0
2015-03-24,24.61,24.7,24.45,24.5,9039221.0
2015-03-25,24.44,24.45,23.08,23.18,32176638.0
2015-03-26,23.05,23.51,22.96,23.2,35892843.0
2015-03-27,22.91,23.12,22.66,22.94,20237262.0
2015-03-30,22.78,23.3,22.78,23.25,14602250.0
2015-03-31,23.41,23.56,23.32,23.48,13546375.0
2015-04-01,23.43,23.47,23.14,23.23,13190365.0
2015-04-02,23.62,23.83,23.58,23.69,12353722.0
2015-04-06,23.2,23.73,23.19,23.54,11425114.0
2015-04-07,23.54,23.63,23.35,23.39,13208772.0
2015-04-08,23.13,23.35,23.07,23.2,10802578.0
2015-04-09,23.25,23.67,23.24,23.44,10124364.0
2015-04-10,23.73,23.8,23.38,23.5,10530454.0
2015-04-13,23.51,23.69,23.31,23.33,11090410.0
2015-04-14,23.24,23.3,22.83,23.18,13689208.0
2015-04-15,23.16,23.64,23.09,23.51,16809936.0
2015-04-16,22.83,23.55,22.65,23.24,28310894.0
2015-04-17,23.04,23.24,22.87,23.22,15990127.0
2015-04-20,23.4,23.62,23.19,23.27,15127721.0
2015-04-21,23.3,23.37,23.16,23.33,13128255.0
2015-04-22,23.4,23.84,23.39,23.84,15799619.0
2015-04-23,23.84,24.42,23.7,24.3,22819848.0
2015-04-24,25.19,25.31,24.68,24.91,28307608.0
2015-04-27,24.89,25.77,24.77,25.41,25467365.0
2015-04-28,25.23,25.29,24.8,25.01,14407902.0
2015-04-29,24.85,24.9,24.59,24.79,12583812.0
2015-04-30,24.5,24.62,24.35,24.44,15975332.0
2015-05-01,24.7,24.84,24.57,24.74,9701228.0
2015-05-04,24.56,24.6,24.27,24.32,9399578.0
2015-05-05,24.2,24.45,24.17,24.29,13182151.0
2015-05-06,24.38,24.51,24.25,24.45,8285614.0
2015-05-07,24.35,24.41,24.23,24.37,7299598.0
2015-05-08,24.46,24.74,24.39,24.55,11025306.0
2015-05-11,24.58,24.62,24.34,24.37,6218587.0
2015-05-12,24.18,24.5,24.14,24.38,10342485.0
2015-05-13,24.48,24.67,24.38,24.44,6446296.0
2015-05-14,24.37,24.52,24.31,24.41,9116972.0
2015-05-15,24.45,24.6,24.41,24.56,5863543.0
2015-05-18,24.48,24.48,24.37,24.41,9377922.0
2015-05-19,24.48,24.66,24.45,24.59,10030003.0
2015-05-20,24.52,24.67,24.41,24.58,9053224.0
2015-05-21,24.38,24.43,24.15,24.24,12158915.0
2015-05-22,24.37,24.58,24.2,24.2,8574252.0
2015-05-26,24.17,24.38,24.15,24.26,10638367.0
2015-05-27,24.16,24.7,24.1,24.6,14297105.0
2015-05-28,24.49,24.65,24.36,24.45,10343913.0
2015-05-29,24.05,24.43,23.94,24.28,13027811.0
2015-06-01,24.18,24.24,23.93,24.14,10322419.0
2015-06-02,23.98,24.0,23.64,23.67,12158025.0
2015-06-03,23.78,23.8,23.48,23.66,10825496.0
2015-06-04,23.27,23.43,22.78,22.98,16763319.0
2015-06-05,22.82,23.04,22.75,22.86,9064944.0
2015-06-08,22.87,22.92,22.6,22.65,8920305.0
2015-06-09,22.87,23.1,22.71,22.83,14000243.0
2015-06-10,23.05,23.34,23.0,23.33,14543778.0
2015-06-11,23.66,23.71,23.46,23.51,12782550.0
2015-06-12,23.54,23.75,23.4,23.67,12073035.0
2015-06-15,23.39,23.44,23.23,23.26,12919662.0
2015-06-16,23.24,23.65,23.2,23.58,12315317.0
2015-06-17,23.56,23.7,23.45,23.6,12250112.0
2015-06-18,23.66,23.83,23.57,23.76,11174275.0
2015-06-19,23.62,23.68,23.39,23.4,11336365.0
2015-06-22,23.66,23.89,23.59,23.84,13289325.0
2015-06-23,24.01,24.04,23.74,23.93,9222545.0
2015-06-24,23.96,24.0,23.83,23.9,9347710.0
2015-06-25,24.04,24.33,24.0,24.08,8344118.0
2015-06-26,23.92,24.04,23.44,23.63,14716350.0
2015-06-29,22.67,22.94,22.36,22.38,14402368.0
2015-06-30,22.86,23.12,22.67,22.71,15581485.0
2015-07-01,23.13,23.23,22.84,22.93,12346074.0
2015-07-02,23.0,23.33,22.95,23.15,7879937.0
2015-07-06,23.0,23.26,22.87,22.94,7461272.0
2015-07-07,22.81,23.0,22.44,22.96,10131451.0
2015-07-08,22.59,22.66,22.18,22.23,13884788.0
2015-07-09,22.58,22.65,22.11,22.22,12147245.0
2015-07-10,22.34,22.67,22.34,22.57,8985239.0
2015-07-13,22.69,22.87,22.56,22.86,11482780.0
2015-07-14,22.77,22.89,22.69,22.8,8749853.0
2015-07-15,22.71,22.91,22.41,22.56,13775724.0
2015-07-16,22.05,22.83,21.7,22.73,29558952.0
2015-07-17,22.95,23.08,22.78,23.03,10239911.0
2015-07-20,22.62,23.04,22.62,22.9,12180650.0
2015-07-21,22.94,23.16,22.83,22.88,9358572.0
2015-07-22,22.47,22.54,22.1,22.22,17188210.0
2015-07-23,22.13,22.5,22.09,22.31,16130758.0
2015-07-24,22.06,22.21,21.61,21.64,14771681.0
2015-07-27,21.57,21.69,21.33,21.63,10103977.0
2015-07-28,21.71,21.98,21.6,21.88,12913749.0
2015-07-29,21.82,22.27,21.74,22.11,12628531.0
2015-07-30,22.23,22.78,22.19,22.7,17240557.0
2015-07-31,22.55,22.61,22.03,22.11,16167824.0
2015-08-03,21.9,21.9,21.52,21.72,11526950.0
2015-08-04,21.83,21.91,21.34,21.45,13638995.0
2015-08-05,21.55,21.87,21.52,21.61,7452150.0
2015-08-06,21.42,21.55,21.01,21.28,12834984.0
2015-08-07,21.26,21.41,20.99,21.03,16565360.0
2015-08-10,21.12,21.89,20.92,21.61,25204724.0
2015-08-11,21.0,21.1,20.55,20.83,18428106.0
2015-08-12,20.53,20.78,20.18,20.75,20957053.0
2015-08-13,20.55,20.69,20.41,20.54,7804792.0
2015-08-14,20.37,20.4,20.22,20.38,11131731.0
2015-08-17,19.9,20.31,19.69,20.28,18033832.0
2015-08-18,20.18,20.2,20.01,20.03,10383929.0
2015-08-19,20.0,20.06,19.63,19.91,12491248.0
2015-08-20,19.79,20.06,19.61,19.61,12789489.0
2015-08-21,19.25,19.51,18.87,18.88,20047814.0
2015-08-24,17.74,19.43,17.32,18.76,31720219.0
2015-08-25,19.73,20.01,18.7,18.76,24155856.0
2015-08-26,19.34,19.47,18.94,19.45,20659601.0
2015-08-27,19.62,19.94,19.58,19.94,16543611.0
2015-08-28,19.63,20.08,19.55,20.0,10924463.0
2015-08-31,20.16,20.19,19.75,19.88,9005310.0
2015-09-01,19.35,19.76,19.25,19.41,13988701.0
2015-09-02,19.7,20.07,19.65,19.94,14534574.0
2015-09-03,20.15,20.23,20.02,20.07,8003658.0
2015-09-04,19.7,19.82,19.6,19.67,8858921.0
2015-09-08,19.96,20.06,19.81,20.05,10302111.0
2015-09-09,20.44,20.66,19.82,19.88,10272200.0
2015-09-10,19.8,19.91,19.27,19.7,17723664.0
2015-09-11,19.74,19.95,19.61,19.9,9477330.0
2015-09-14,19.99,20.17,19.89,20.04,7754549.0
2015-09-15,20.16,20.55,20.04,20.39,11401252.0
2015-09-16,20.71,20.75,20.46,20.67,11427070.0
2015-09-17,20.58,21.02,20.57,20.66,11394163.0
2015-09-18,20.53,20.76,20.35,20.61,13649613.0
2015-09-21,20.53,20.72,20.4,20.53,12244787.0
2015-09-22,20.17,20.23,19.88,19.95,13325665.0
2015-09-23,19.65,20.29,19.6,20.01,22142723.0
2015-09-24,19.89,20.03,19.56,19.99,11064296.0
2015-09-25,20.16,20.3,19.96,20.05,10729464.0
2015-09-28,19.97,20.05,19.58,19.63,15407835.0
2015-09-29,19.62,19.95,19.49,19.89,10854914.0
2015-09-30,20.36,20.79,20.33,20.75,12219410.0
2015-10-01,20.95,21.0,20.6,20.86,14448187.0
2015-10-02,20.21,20.77,20.21,20.76,15181978.0
2015-10-05,21.06,21.44,20.79,21.4,10738187.0
2015-10-06,21.06,21.36,20.96,21.23,10553102.0
2015-10-07,21.68,22.1,21.63,21.93,13647109.0
2015-10-08,21.78,22.27,21.66,22.25,10316585.0
2015-10-09,22.31,22.43,21.91,21.95,11619746.0
2015-10-12,22.07,22.2,22.01,22.09,6762177.0
2015-10-13,21.82,22.02,21.67,21.94,12674976.0
2015-10-14,21.78,22.53,21.66,22.34,22731821.0
2015-10-15,22.55,22.78,21.79,21.95,17804425.0
2015-10-16,22.01,22.21,21.99,22.16,9239567.0
2015-10-19,22.08,22.3,21.96,22.23,8923789.0
2015-10-20,22.2,22.42,22.17,22.31,6643556.0
2015-10-21,22.33,22.45,22.14,22.22,8154314.0
2015-10-22,22.39,22.62,22.32,22.51,8211770.0
2015-10-23,22.75,22.75,22.4,22.47,11806487.0
2015-10-26,22.47,22.52,21.93,22.16,12311936.0
2015-10-27,22.06,22.3,21.88,22.2,6819769.0
2015-10-28,22.07,22.27,21.86,22.08,9913135.0
2015-10-29,21.81,21.82,21.52,21.82,7859720.0
2015-10-30,21.84,22.07,21.65,21.96,8752821.0
2015-11-02,21.86,22.13,21.77,22.1,5697563.0
2015-11-03,22.24,22.95,22.1,22.77,12807404.0
2015-11-04,23.1,23.66,23.05,23.55,14337179.0
2015-11-05,23.23,23.23,22.95,22.98,8291436.0
2015-11-06,22.59,22.83,22.43,22.82,8752085.0
2015-11-09,22.75,22.98,22.68,22.96,8629171.0
2015-11-10,22.51,22.67,22.33,22.51,7323107.0
2015-11-11,22.42,22.7,22.28,22.58,5255101.0
2015-11-12,22.44,22.67,22.24,22.24,5611619.0
2015-11-13,22.07,22.15,21.57,21.89,7881764.0
2015-11-16,21.83,22.38,21.8,22.35,7076694.0
2015-11-17,22.43,22.82,22.38,22.52,7120940.0
2015-11-18,22.38,22.56,22.15,22.52,7990185.0
2015-11-19,22.94,22.94,22.58,22.67,7110645.0
2015-11-20,22.81,22.89,22.71,22.83,6033226.0
2015-11-23,22.92,22.94,22.54,22.57,5475163.0
2015-11-24,22.43,22.58,22.16,22.5,8880286.0
2015-11-25,22.57,22.65,22.5,22.56,5424261.0
2015-11-27,22.39,22.64,22.34,22.45,3995606.0
2015-11-30,22.44,22.87,22.38,22.76,8543145.0
2015-12-01,22.84,23.34,22.83,23.28,10199371.0
2015-12-02,23.19,23.36,23.06,23.19,6809397.0
2015-12-03,23.28,23.31,22.82,22.93,5870314.0
2015-12-04,22.83,23.37,22.73,23.31,6295519.0
2015-12-07,23.45,23.5,23.17,23.24,4603752.0
2015-12-08,23.0,23.22,22.88,23.08,6094933.0
2015-12-09,22.95,23.01,22.65,22.73,8622281.0
2015-12-10,22.72,22.85,22.61,22.65,7150143.0
2015-12-11,22.42,22.56,22.16,22.18,11253375.0
2015-12-14,22.33,22.41,22.07,22.22,7860393.0
2015-12-15,22.42,22.9,22.41,22.82,9417312.0
2015-12-16,23.11,23.23,22.88,23.16,7345367.0
2015-12-17,23.09,23.29,22.95,22.96,8865774.0
2015-12-18,22.77,23.08,22.72,22.93,8625237.0
2015-12-21,22.93,23.05,22.75,22.95,4877757.0
2015-12-22,22.98,23.09,22.94,23.06,4529472.0
2015-12-23,23.2,23.21,22.97,23.08,6159558.0
2015-12-24,23.15,23.28,23.08,23.15,2009526.0
2015-12-28,23.15,23.19,22.85,23.01,3060460.0
2015-12-29,23.07,23.23,22.98,23.08,4089249.0
2015-12-30,23.05,23.09,22.84,22.88,2574067.0
2015-12-31,22.86,23.0,22.56,22.75,3877937.0
2016-01-04,22.24,22.3,21.86,22.09,9087289.0
2016-01-05,22.18,22.41,21.95,21.95,7607065.0
2016-01-06,21.66,21.71,21.26,21.34,8041424.0
2016-01-07,20.88,21.38,20.82,21.1,11143958.0
2016-01-08,21.27,21.4,20.77,20.81,9238646.0
2016-01-11,21.17,21.25,20.7,20.93,9716965.0
2016-01-12,21.23,21.24,20.51,20.75,11595717.0
2016-01-13,20.9,21.07,20.45,20.48,12703279.0
2016-01-14,20.73,21.86,20.7,21.82,18505183.0
2016-01-15,20.56,21.28,20.56,21.1,11845280.0
2016-01-19,21.63,21.8,21.23,21.66,14765948.0
2016-01-20,20.84,21.21,20.74,21.09,10779521.0
2016-01-21,21.15,21.47,20.85,21.33,9104989.0
2016-01-22,21.76,21.95,21.61,21.93,8341178.0
2016-01-25,21.71,22.07,21.7,21.79,8436330.0
2016-01-26,21.78,21.86,21.5,21.59,7663460.0
2016-01-27,21.72,22.0,21.61,21.68,6432809.0
2016-01-28,21.78,21.87,21.48,21.63,7169028.0
2016-01-29,21.87,22.4,21.87,22.35,9010033.0
2016-02-01,22.18,22.55,22.15,22.46,5375420.0
2016-02-02,22.3,22.62,22.28,22.56,13485532.0
2016-02-03,22.75,23.1,22.58,22.92,13083181.0
2016-02-04,22.97,23.25,22.92,23.23,6473094.0
2016-02-05,23.01,23.36,22.66,22.75,9324191.0
2016-02-08,22.48,22.91,22.26,22.8,8355241.0
2016-02-09,22.23,22.68,22.06,22.56,8426589.0
2016-02-10,22.67,22.91,22.28,22.3,5760099.0
2016-02-11,22.16,22.36,21.78,22.0,10394586.0
2016-02-12,22.29,22.32,21.92,22.24,7326941.0
2016-02-16,22.62,23.69,22.59,23.34,13778810.0
2016-02-17,23.36,23.74,23.26,23.64,11956084.0
2016-02-18,23.98,24.19,23.76,23.8,12780116.0
2016-02-19,23.8,24.03,23.51,23.78,8934467.0
2016-02-22,24.02,24.13,23.85,23.96,7250324.0
2016-02-23,23.74,23.75,23.26,23.4,5781523.0
2016-02-24,23.08,23.5,22.83,23.42,5267513.0
2016-02-25,23.68,23.7,23.38,23.69,5036648.0
2016-02-26,23.69,24.09,23.42,23.77,8976997.0
2016-02-29,23.57,23.75,23.46,23.55,6597259.0
2016-03-01,24.15,24.68,23.99,24.58,9816372.0
2016-03-02,24.45,24.7,24.38,24.62,5819307.0
2016-03-03,24.63,24.87,24.45,24.56,7957546.0
2016-03-04,24.56,24.95,24.44,24.65,7264552.0
2016-03-07,24.4,24.72,24.06,24.7,8971497.0
2016-03-08,24.36,24.85,24.32,24.65,11733984.0
2016-03-09,24.72,24.79,24.52,24.74,5807282.0
2016-03-10,24.86,25.0,24.5,24.74,6483692.0
2016-03-11,25.0,25.38,24.99,25.35,7560019.0
2016-03-14,25.31,25.38,25.1,25.22,4109414.0
2016-03-15,24.9,25.2,24.73,24.88,8839818.0
2016-03-16,24.76,25.8,24.72,25.78,10874056.0
2016-03-17,25.74,25.85,25.62,25.77,6264688.0
2016-03-18,25.88,26.25,25.8,26.04,7186098.0
2016-03-21,25.88,26.01,25.75,25.93,5494115.0
2016-03-22,25.76,26.06,25.66,25.81,6247369.0
2016-03-23,25.82,25.82,25.54,25.68,5464884.0
2016-03-24,25.52,25.74,25.44,25.73,5548820.0
2016-03-28,25.72,25.76,25.54,25.63,2197221.0
2016-03-29,25.56,26.02,25.44,25.97,4550798.0
2016-03-30,26.32,26.62,26.32,26.46,5999574.0
2016-03-31,26.28,26.44,26.18,26.2,5369089.0
2016-04-01,25.88,26.2,25.77,26.12,5091230.0
2016-04-04,26.13,26.13,25.81,25.85,4302682.0
2016-04-05,25.51,25.63,25.24,25.51,8612635.0
2016-04-06,25.15,25.74,25.02,25.62,8333041.0
2016-04-07,25.49,25.52,25.25,25.37,7774374.0
2016-04-08,25.75,25.81,25.21,25.28,8214629.0
2016-04-11,25.7,25.84,25.5,25.51,5406295.0
2016-04-12,25.7,25.71,25.31,25.57,4766867.0
2016-04-13,25.95,26.2,25.78,26.17,9082689.0
2016-04-14,25.3,25.53,25.08,25.3,13870768.0
2016-04-15,25.51,25.58,25.37,25.46,7919076.0
2016-04-18,25.38,25.68,25.31,25.5,6507550.0
2016-04-19,25.52,25.67,25.14,25.16,9378739.0
2016-04-20,24.93,25.25,24.74,25.12,9391342.0
2016-04-21,25.3,25.35,25.0,25.16,6044449.0
2016-04-22,25.18,25.31,24.94,25.07,6447390.0
2016-04-25,25.15,25.33,24.95,25.01,7772469.0
2016-04-26,25.2,25.35,24.98,25.01,9910009.0
2016-04-27,24.9,25.34,24.81,25.25,7302151.0
2016-04-28,24.65,24.88,24.07,24.16,12170216.0
2016-04-29,24.0,24.01,23.42,23.59,14955911.0
2016-05-02,23.58,23.75,23.46,23.69,6112117.0
2016-05-03,23.35,23.45,23.15,23.32,9323872.0
2016-05-04,23.31,23.54,23.23,23.42,7789905.0
2016-05-05,23.45,23.69,23.4,23.5,7238389.0
2016-05-06,23.5,23.61,23.34,23.41,5373270.0
2016-05-09,23.4,23.49,23.2,23.37,5189801.0
2016-05-10,23.3,23.44,23.23,23.39,5374548.0
2016-05-11,23.36,23.45,23.13,23.22,6185394.0
2016-05-12,23.23,23.29,22.75,22.99,7674610.0
2016-05-13,22.85,23.0,22.77,22.82,4837702.0
2016-05-16,22.97,23.24,22.91,23.11,4630676.0
2016-05-17,23.2,23.31,22.91,22.95,4017358.0
2016-05-18,23.0,23.64,22.9,23.52,10028115.0
2016-05-19,23.31,23.32,23.05,23.25,3836373.0
2016-05-20,23.5,24.02,23.43,23.91,8301892.0
2016-05-23,24.63,24.76,24.21,24.27,6797407.0
2016-05-24,24.31,24.57,24.26,24.47,7573629.0
2016-05-25,24.61,24.72,24.52,24.62,5151550.0
2016-05-26,24.8,24.91,24.59,24.79,8204743.0
2016-05-27,24.93,25.01,24.78,24.8,5381250.0
2016-05-31,24.83,24.85,24.53,24.72,7999931.0
2016-06-01,24.96,25.26,24.94,25.25,6126365.0
2016-06-02,25.21,25.25,25.07,25.18,4187671.0
2016-06-03,25.34,25.6,25.31,25.53,5041793.0
2016-06-06,25.6,25.66,25.43,25.47,7579504.0
2016-06-07,25.72,26.11,25.7,26.06,6624268.0
2016-06-08,26.51,26.58,26.28,26.33,6173610.0
2016-06-09,25.91,26.25,25.91,26.23,5760105.0
2016-06-10,25.9,25.97,25.54,25.86,6699404.0
2016-06-13,25.55,25.82,25.5,25.63,7414606.0
2016-06-14,25.54,25.71,25.39,25.57,7191355.0
2016-06-15,25.67,26.03,25.66,25.84,6927359.0
2016-06-16,25.51,25.91,25.38,25.86,4637733.0
2016-06-17,25.89,25.93,25.6,25.85,5813067.0
2016-06-20,26.32,26.64,26.28,26.37,10019299.0
2016-06-21,26.45,26.65,26.33,26.59,6095228.0
2016-06-22,26.6,26.92,26.52,26.54,8010441.0
2016-06-23,26.64,26.81,26.52,26.81,6697518.0
2016-06-24,25.59,26.2,25.51,25.68,9500736.0
2016-06-27,24.64,24.87,24.5,24.55,477820.0
2016-06-28,25.22,25.37,25.09,25.26,14428139.0
2016-06-29,25.68,25.97,25.67,25.8,8756411.0
2016-06-30,26.07,26.42,25.83,26.23,9765941.0
2016-07-01,26.63,26.65,26.49,26.53,5938282.0
2016-07-05,26.16,26.3,26.12,26.26,5678386.0
2016-07-06,25.8,26.19,25.75,26.15,6062902.0
2016-07-07,26.25,26.53,26.23,26.31,5327764.0
2016-07-08,26.5,26.79,26.41,26.73,5780637.0
2016-07-11,27.16,27.37,27.13,27.2,6039350.0
2016-07-12,27.2,27.29,26.84,26.97,8539905.0
2016-07-13,26.92,27.01,26.76,26.89,10546311.0
2016-07-14,27.0,27.23,26.64,27.11,12145058.0
2016-07-15,27.19,27.26,26.97,27.01,5973734.0
2016-07-18,27.31,27.65,27.15,27.64,7767306.0
2016-07-19,27.38,27.52,27.19,27.27,4997253.0
2016-07-20,27.4,27.59,27.28,27.55,5805063.0
2016-07-21,27.67,27.82,27.42,27.48,6388262.0
2016-07-22,27.53,27.79,27.47,27.74,5116813.0
2016-07-25,27.49,27.92,27.49,27.86,7799662.0
2016-07-26,27.97,28.41,27.96,28.33,10176619.0
2016-07-27,28.49,28.49,27.94,28.1,7057668.0
2016-07-28,28.29,28.39,27.99,28.14,4746342.0
2016-07-29,28.1,28.1,27.66,27.78,7366554.0
2016-08-01,28.35,28.75,28.35,28.62,7327939.0
2016-08-02,28.49,28.49,28.06,28.16,6088473.0
2016-08-03,28.08,28.24,27.91,28.16,3871974.0
2016-08-04,28.22,28.43,28.12,28.4,3164950.0
2016-08-05,28.65,28.85,28.63,28.79,5573012.0
2016-08-08,28.76,29.13,28.71,29.09,8731717.0
2016-08-09,29.18,29.43,29.14,29.4,6660594.0
2016-08-10,29.42,29.45,29.18,29.22,8229136.0
2016-08-11,29.14,29.37,28.8,29.14,9122738.0
2016-08-12,29.17,29.27,29.06,29.24,3481811.0
2016-08-15,29.38,29.45,29.31,29.39,3186985.0
2016-08-16,29.16,29.2,28.97,29.08,5914424.0
2016-08-17,29.0,29.0,28.74,28.98,6996833.0
2016-08-18,28.91,29.19,28.84,29.16,4254186.0
2016-08-19,28.63,28.69,28.51,28.64,6241766.0
2016-08-22,28.3,28.47,28.22,28.4,6401292.0
2016-08-23,28.6,28.69,28.46,28.5,5501781.0
2016-08-24,28.57,28.6,28.34,28.39,5391515.0
2016-08-25,28.63,28.84,28.52,28.6,6388944.0
2016-08-26,28.6,28.89,28.43,28.64,5267578.0
2016-08-29,28.58,28.76,28.56,28.7,3143908.0
2016-08-30,28.59,28.69,28.53,28.62,5001825.0
2016-08-31,28.76,28.98,28.67,28.74,4674693.0
2016-09-01,28.69,29.03,28.63,28.96,6066583.0
2016-09-02,29.1,29.21,29.03,29.14,6050234.0
2016-09-06,29.51,29.72,29.3,29.49,6421541.0
2016-09-07,30.35,30.55,29.78,29.82,14417784.0
2016-09-08,29.9,29.92,29.64,29.79,6361610.0
2016-09-09,29.3,29.33,28.55,28.59,8298604.0
2016-09-12,28.55,29.04,28.2,28.99,5835308.0
2016-09-13,28.71,28.78,28.31,28.49,6846643.0
2016-09-14,28.52,28.75,28.36,28.62,5088662.0
2016-09-15,28.61,29.27,28.61,29.18,6305148.0
2016-09-16,29.13,29.22,28.77,28.91,7315766.0
2016-09-19,29.91,30.12,29.87,29.93,7680539.0
2016-09-20,30.16,30.24,29.88,29.9,5763307.0
2016-09-21,30.09,30.56,30.05,30.5,8097188.0
2016-09-22,30.76,30.95,30.51,30.66,5316642.0
2016-09-23,30.65,30.67,30.02,30.12,7945920.0
2016-09-26,30.02,30.06,29.71,29.84,4363343.0
2016-09-27,29.8,30.43,29.65,30.4,5696585.0
2016-09-28,30.47,30.5,30.13,30.33,4125090.0
2016-09-29,30.31,30.65,30.17,30.4,5981942.0
2016-09-30,30.29,30.68,30.23,30.59,5679790.0
2016-10-03,30.64,30.81,30.57,30.72,4198468.0
2016-10-04,30.82,30.91,30.36,30.39,5091447.0
2016-10-05,30.67,30.71,30.5,30.53,6202007.0
2016-10-06,30.7,30.81,30.37,30.77,4092591.0
2016-10-07,30.88,31.21,30.64,31.18,5753449.0
2016-10-10,31.19,31.48,31.16,31.28,7810549.0
2016-10-11,30.99,30.99,30.51,30.73,10157575.0
2016-10-12,30.9,31.4,30.7,31.35,9586920.0
2016-10-13,30.93,30.93,29.52,30.53,17312575.0
2016-10-14,31.06,31.27,30.57,30.66,9822916.0
2016-10-17,30.52,30.76,30.38,30.57,7598444.0
2016-10-18,30.91,30.98,30.69,30.86,5487488.0
2016-10-19,30.95,31.04,30.66,30.98,6725585.0
2016-10-20,30.93,31.15,30.8,31.06,7329782.0
2016-10-21,30.92,31.14,30.76,31.08,3814396.0
2016-10-24,31.14,31.41,31.08,31.41,3761419.0
2016-10-25,31.4,31.61,31.38,31.55,3214442.0
2016-10-26,31.19,31.43,31.07,31.21,4108655.0
2016-10-27,31.23,31.26,30.75,30.77,6243225.0
2016-10-28,30.94,31.1,30.76,30.77,5210861.0
2016-10-31,30.93,31.13,30.84,31.1,3199881.0
2016-11-01,31.12,31.2,30.48,30.71,5815671.0
2016-11-02,30.67,30.73,30.24,30.39,5261152.0
2016-11-03,30.35,30.5,30.18,30.28,4820131.0
2016-11-04,30.21,30.45,30.02,30.24,4431882.0
2016-11-07,30.72,31.38,30.68,31.35,3981767.0
2016-11-08,31.2,31.5,31.01,31.34,4077127.0
2016-11-09,30.64,30.99,30.3,30.59,8994984.0
2016-11-10,30.55,30.55,29.37,29.44,10104303.0
2016-11-11,29.06,30.08,28.76,29.93,7477221.0
2016-11-14,29.28,29.59,28.81,28.85,8535243.0
2016-11-15,29.31,29.44,28.77,29.2,11135722.0
2016-11-16,29.09,29.9,29.09,29.86,8803157.0
2016-11-17,30.0,30.02,29.35,29.47,7065077.0
2016-11-18,29.43,29.57,29.19,29.47,5136592.0
2016-11-21,29.6,29.74,29.46,29.65,4477113.0
2016-11-22,29.97,30.14,29.77,29.91,8937523.0
2016-11-23,29.9,30.12,29.74,29.89,4118385.0
2016-11-25,29.75,29.81,29.61,29.66,2101788.0
2016-11-28,29.71,29.94,29.54,29.66,5330387.0
2016-11-29,29.58,29.75,29.14,29.55,9254560.0
2016-11-30,29.55,29.82,29.4,29.69,6403389.0
2016-12-01,29.5,29.52,28.34,28.55,12499610.0
2016-12-02,28.52,28.87,28.39,28.86,5182648.0
2016-12-05,28.94,29.29,28.87,29.02,3930475.0
2016-12-06,29.31,29.6,29.2,29.51,4336213.0
2016-12-07,29.48,29.94,29.25,29.93,3901451.0
2016-12-08,30.27,30.27,29.86,30.04,4083300.0
2016-12-09,30.32,30.63,29.96,30.12,4387360.0
2016-12-12,29.97,29.97,29.63,29.9,3428015.0
2016-12-13,30.06,30.64,30.03,30.36,5857745.0
2016-12-14,30.26,30.39,29.85,29.87,6108382.0
2016-12-15,30.16,30.29,30.03,30.16,5073348.0
2016-12-16,30.05,30.08,29.38,29.48,6662101.0
2016-12-19,29.49,29.54,29.17,29.27,6156993.0
2016-12-20,29.35,29.56,29.14,29.31,5570764.0
2016-12-21,29.23,29.27,28.91,29.14,6267517.0
2016-12-22,28.99,29.0,28.5,28.74,7455083.0
2016-12-23,28.78,29.13,28.69,29.05,4853558.0
2016-12-27,29.0,29.23,29.0,29.1,3074883.0
2016-12-28,29.26,29.32,29.04,29.12,3663318.0
2016-12-29,28.99,29.16,28.81,29.13,5323912.0
2016-12-30,29.2,29.23,28.62,28.75,4862758.0
2017-01-03,29.25,29.51,29.06,29.31,6280949.0
2017-01-04,29.39,29.46,29.2,29.3,4384730.0
2017-01-05,29.53,29.91,29.52,29.8,4775659.0
2017-01-06,29.74,29.85,29.46,29.63,4878679.0
2017-01-09,29.79,30.14,29.72,30.04,8371702.0
2017-01-10,30.04,30.3,29.89,30.07,7582006.0
2017-01-11,29.78,30.2,29.71,30.17,7466348.0
2017-01-12,29.32,29.86,28.98,29.29,12989714.0
2017-01-13,29.5,29.65,29.22,29.44,9811059.0
2017-01-17,29.61,29.65,29.46,29.62,7679820.0
2017-01-18,29.55,29.68,29.44,29.49,7692832.0
2017-01-19,29.49,29.68,29.39,29.63,8493636.0
2017-01-20,29.62,30.26,29.57,30.07,7385024.0
2017-01-23,30.31,30.49,30.21,30.33,6916873.0
2017-01-24,30.53,30.9,30.51,30.82,7213556.0
2017-01-25,31.1,31.33,30.94,31.31,8025786.0
2017-01-26,31.26,31.45,31.01,31.11,8308744.0
2017-01-27,31.17,31.35,31.0,31.25,5982155.0
2017-01-30,31.07,31.2,30.94,31.19,7253388.0
2017-01-31,31.04,31.16,30.72,30.91,6252627.0
2017-02-01,31.24,31.31,30.84,31.08,5036905.0
2017-02-02,30.71,30.89,30.61,30.78,5794851.0
2017-02-03,30.96,31.08,30.79,30.97,5249055.0
2017-02-06,30.95,30.95,30.7,30.87,3523732.0
2017-02-07,30.91,30.97,30.5,30.52,6209523.0
2017-02-08,30.69,30.7,30.29,30.33,7776557.0
2017-02-09,30.43,30.5,30.17,30.21,8547013.0
2017-02-10,30.44,30.81,30.34,30.71,6749381.0
2017-02-13,30.94,31.8,30.94,31.69,10190413.0
2017-02-14,31.47,31.47,31.11,31.33,5208672.0
2017-02-15,31.5,31.8,31.5,31.75,4577660.0
2017-02-16,31.72,32.49,31.63,32.32,13197301.0
2017-02-17,32.1,32.38,32.02,32.34,7518202.0
2017-02-21,32.39,32.47,32.17,32.33,5475451.0
2017-02-22,32.2,32.2,31.91,32.07,5296188.0
2017-02-23,32.15,32.15,31.73,31.75,5291158.0
2017-02-24,31.61,31.92,31.47,31.92,3687142.0
2017-02-27,31.82,31.82,31.48,31.53,5841876.0
2017-02-28,31.59,31.68,31.4,31.47,6040916.0
2017-03-01,31.42,31.6,31.26,31.58,4910326.0
2017-03-02,31.19,31.24,30.79,30.87,8561117.0
2017-03-03,30.87,30.92,30.54,30.85,6120841.0
2017-03-06,30.8,30.94,30.71,30.85,5467399.0
2017-03-07,31.01,31.4,30.96,31.31,7013994.0
2017-03-08,31.47,31.52,31.2,31.22,4528784.0
2017-03-09,30.89,31.06,30.72,30.98,6120666.0
2017-03-10,30.87,31.08,30.82,31.06,5655317.0
2017-03-13,31.27,31.56,31.24,31.5,3965662.0
2017-03-14,31.38,31.47,31.2,31.21,5967192.0
2017-03-15,31.38,32.03,31.34,31.91,4571355.0
2017-03-16,32.25,32.47,32.2,32.41,6439041.0
2017-03-17,32.6,32.76,32.43,32.59,6199781.0
2017-03-20,32.8,33.11,32.71,32.85,5126661.0
2017-03-21,33.24,33.53,32.44,32.48,9159927.0
2017-03-22,32.57,32.84,32.47,32.69,6713640.0
2017-03-23,32.47,32.66,32.37,32.56,5909945.0
2017-03-24,32.73,33.1,32.61,32.81,5899906.0
2017-03-27,32.85,33.26,32.77,33.17,5661501.0
2017-03-28,33.36,33.43,33.13,33.35,4526784.0
2017-03-29,32.95,32.97,32.77,32.93,4083771.0
2017-03-30,32.84,33.15,32.78,33.07,3890607.0
2017-03-31,32.7,32.94,32.57,32.84,4853500.0
2017-04-03,32.94,33.0,32.7,32.89,4283192.0
2017-04-04,32.8,32.95,32.77,32.86,3756618.0
2017-04-05,33.06,33.33,32.87,32.9,5112922.0
2017-04-06,32.88,32.94,32.73,32.86,3990764.0
2017-04-07,32.86,33.04,32.77,32.87,3366324.0
2017-04-10,32.87,32.87,32.42,32.52,4937130.0
2017-04-11,32.69,32.69,31.98,32.4,6293842.0
2017-04-12,32.47,32.64,32.02,32.28,6135067.0
2017-04-13,32.1,32.45,31.82,31.83,8781700.0
2017-04-17,32.04,32.07,31.77,32.03,6915839.0
2017-04-18,31.76,31.86,31.63,31.79,5468626.0
2017-04-19,31.92,31.95,31.49,31.61,4739133.0
2017-04-20,31.77,31.87,31.64,31.79,4235224.0
2017-04-21,32.09,32.14,31.95,32.08,4530434.0
2017-04-24,32.58,32.8,32.48,32.7,5717001.0
2017-04-25,32.76,33.18,32.75,33.07,5614152.0
2017-04-26,33.06,33.11,32.82,33.0,6027736.0
2017-04-27,33.11,33.29,33.01,33.02,5625622.0
2017-04-28,33.15,33.25,33.04,33.07,5250480.0
2017-05-01,33.16,33.41,33.14,33.4,4015111.0
2017-05-02,33.57,33.99,33.57,33.93,5989250.0
2017-05-03,33.88,34.29,33.84,34.29,6660751.0
2017-05-04,34.19,34.19,33.97,34.14,5697330.0
2017-05-05,34.16,34.44,34.02,34.42,5249755.0
2017-05-08,34.7,35.1,34.63,34.98,6907216.0
2017-05-09,35.13,35.46,35.13,35.41,7298435.0
2017-05-10,35.27,35.62,35.08,35.41,9936733.0
2017-05-11,35.62,35.8,35.37,35.56,6648537.0
2017-05-12,35.5,35.52,35.25,35.37,4904992.0
2017-05-15,35.36,35.39,34.88,35.06,9784814.0
2017-05-16,35.01,35.03,34.8,35.03,6046158.0
2017-05-17,34.8,34.81,34.39,34.42,8127630.0
2017-05-18,34.44,34.99,34.41,34.9,8303811.0
2017-05-19,35.08,35.23,34.94,35.2,7283300.0
2017-05-22,35.39,35.51,35.26,35.4,5914195.0
2017-05-23,35.39,35.49,35.3,35.4,6612835.0
2017-05-24,35.42,35.59,35.34,35.52,7812518.0
2017-05-25,35.66,35.79,35.48,35.57,4515092.0
2017-05-26,35.55,35.58,35.33,35.51,3109806.0
2017-05-30,35.68,35.81,35.48,35.78,4219365.0
2017-05-31,35.32,35.36,35.1,35.36,7663054.0
2017-06-01,35.7,35.92,35.53,35.89,6016585.0
2017-06-02,35.91,36.23,35.85,36.18,5779165.0
2017-06-05,36.56,36.66,36.29,36.39,4819648.0
2017-06-06,36.38,36.58,36.23,36.43,5028015.0
2017-06-07,36.59,36.71,36.37,36.46,6537735.0
2017-06-08,36.75,36.9,36.54,36.83,7593689.0
2017-06-09,36.58,36.7,35.2,35.79,12040058.0
2017-06-12,35.2,35.61,35.01,35.24,11056970.0
2017-06-13,35.46,35.59,35.25,35.56,4969399.0
2017-06-14,35.47,35.77,35.37,35.65,7016396.0
2017-06-15,35.11,35.47,35.01,35.44,4623309.0
2017-06-16,35.87,35.95,35.72,35.87,7408052.0
2017-06-19,36.13,36.35,36.07,36.21,4505751.0
2017-06-20,36.52,36.74,36.12,36.13,4987440.0
2017-06-21,36.21,36.78,36.21,36.71,6329291.0
2017-06-22,36.72,36.92,36.63,36.71,6273425.0
2017-06-23,36.72,36.78,36.54,36.73,5546171.0
2017-06-26,36.44,36.51,35.92,36.13,10127615.0
2017-06-27,35.79,35.79,34.96,35.09,8080950.0
2017-06-28,35.27,35.39,34.75,35.35,8306283.0
2017-06-29,35.23,35.23,34.53,34.81,7332192.0
2017-06-30,34.84,35.08,34.7,34.96,5177973.0
2017-07-03,35.04,35.17,34.83,34.88,4470564.0
2017-07-05,35.08,35.08,34.63,34.82,9222161.0
2017-07-06,34.5,34.64,34.31,34.5,6493657.0
2017-07-07,34.55,34.67,34.48,34.63,7937778.0
2017-07-10,34.61,35.16,34.55,35.0,7779710.0
2017-07-11,35.36,35.42,35.05,35.38,4124612.0
2017-07-12,35.6,35.8,35.5,35.67,3927764.0
2017-07-13,35.62,36.16,35.51,36.15,4303689.0
2017-07-14,36.14,36.35,35.98,36.24,3271354.0
2017-07-17,36.01,36.06,35.64,35.92,1882871.0
2017-07-18,35.87,36.04,35.72,35.86,2343640.0
2017-07-19,36.06,36.42,36.06,36.41,7033801.0
2017-07-20,36.39,36.41,36.08,36.1,3776431.0
2017-07-21,36.05,36.06,35.7,35.86,2172546.0
2017-07-24,36.09,36.22,36.01,36.22,3043293.0
2017-07-25,36.02,36.25,35.99,36.12,2185327.0
2017-07-26,36.1,36.25,35.94,36.23,1840254.0
2017-07-27,36.54,36.61,35.96,36.18,7243255.0
2017-07-28,36.04,36.07,35.7,35.86,1470864.0
2017-07-31,36.03,36.4,35.86,35.96,7757551.0
2017-08-01,35.96,35.99,35.71,35.86,1955052.0
2017-08-02,36.44,36.47,35.86,36.08,2834167.0
2017-08-03,36.1,36.11,35.65,35.79,1852536.0
2017-08-04,35.95,36.08,35.76,36.05,1555633.0
2017-08-07,36.29,36.82,36.26,36.81,2000017.0
2017-08-08,36.76,36.96,36.64,36.71,1338232.0
2017-08-09,36.2,36.47,36.03,36.46,3153684.0
2017-08-10,36.0,36.03,35.34,35.34,5605336.0
2017-08-11,35.52,36.2,35.43,36.14,4291140.0
2017-08-14,36.03,36.1,35.85,36.05,3875591.0
2017-08-15,36.19,36.49,36.09,36.42,3820354.0
2017-08-16,36.2,36.44,36.14,36.34,3231975.0
2017-08-17,36.3,36.34,35.77,35.79,3324029.0
2017-08-18,36.0,36.11,35.61,35.86,3692805.0
2017-08-21,35.91,36.01,35.63,35.98,3588093.0
2017-08-22,36.47,36.67,36.34,36.52,3202347.0
2017-08-23,36.47,36.6,36.37,36.58,2956378.0
2017-08-24,36.78,36.93,36.58,36.83,4544481.0
2017-08-25,36.93,37.06,36.75,36.85,2975170.0
2017-08-28,36.59,36.87,36.57,36.77,2199900.0
2017-08-29,36.52,36.97,36.5,36.88,2997720.0
2017-08-30,36.88,37.08,36.8,36.93,2838901.0
2017-08-31,36.95,36.98,36.7,36.97,4288624.0
2017-09-01,37.0,37.24,36.91,37.22,4100025.0
2017-09-05,37.25,37.4,36.65,36.85,7122960.0
2017-09-06,37.06,37.37,37.0,37.27,4187690.0
2017-09-07,37.24,37.54,37.18,37.54,3597478.0
2017-09-08,37.57,37.68,37.35,37.5,5581770.0
2017-09-11,37.39,37.88,37.35,37.84,6920120.0
2017-09-12,37.85,37.94,37.65,37.86,3524498.0
2017-09-13,37.67,37.79,37.49,37.53,4983362.0
2017-09-14,37.5,37.73,37.37,37.38,5799027.0
2017-09-15,37.52,37.67,37.4,37.65,7245628.0
2017-09-18,37.87,38.12,37.83,38.07,6179576.0
2017-09-19,38.18,38.43,38.13,38.3,6559354.0
2017-09-20,38.36,38.39,37.44,37.82,7960718.0
2017-09-21,37.79,38.33,37.67,38.24,8458047.0
2017-09-22,37.7,37.83,37.59,37.77,4529917.0
2017-09-25,37.5,37.5,36.86,37.07,5895009.0
2017-09-26,37.09,37.32,36.93,37.14,5995371.0
2017-09-27,37.29,37.36,37.01,37.25,4802693.0
2017-09-28,36.96,37.1,36.79,37.05,7618715.0
2017-09-29,37.26,37.6,37.26,37.55,3818547.0
2017-10-02,37.83,38.18,37.77,38.13,5096809.0
2017-10-03,38.36,38.47,38.25,38.44,3726911.0
2017-10-04,38.25,38.34,38.13,38.27,2717195.0
2017-10-05,38.66,38.85,38.39,38.46,4456909.0
2017-10-06,38.41,38.48,38.21,38.46,3086863.0
2017-10-09,38.6,38.81,38.5,38.77,1964296.0
2017-10-10,39.11,39.16,38.82,38.97,4111991.0
2017-10-11,39.8,40.39,39.68,40.35,9015413.0
2017-10-12,40.49,40.66,40.32,40.44,5524109.0
2017-10-13,40.7,40.86,40.63,40.82,3913103.0
2017-10-16,40.88,40.92,40.65,40.89,2706993.0
2017-10-17,40.83,41.25,40.54,41.25,7582747.0
2017-10-18,41.4,41.72,40.93,41.5,6653232.0
2017-10-19,41.02,41.29,40.5,41.07,5710460.0
2017-10-20,41.02,41.12,40.83,41.12,5251571.0
2017-10-23,41.37,41.48,41.11,41.21,5092423.0
2017-10-24,41.26,41.38,40.97,41.32,4251596.0
2017-10-25,41.3,41.41,40.7,41.16,3360037.0
2017-10-26,41.18,41.34,41.07,41.2,3651466.0
2017-10-27,41.48,42.18,41.42,42.15,4822846.0
2017-10-30,42.36,42.66,42.08,42.13,5200814.0
2017-10-31,42.18,42.52,42.1,42.33,3704526.0
2017-11-01,42.48,42.5,41.86,42.1,4235662.0
2017-11-02,42.09,42.24,41.95,42.15,3255811.0
2017-11-03,41.9,42.23,41.59,42.19,6140948.0
2017-11-06,42.19,42.48,42.08,42.43,5650521.0
2017-11-07,42.64,42.71,42.26,42.51,2761604.0
2017-11-08,42.42,42.54,42.21,42.43,2378442.0
2017-11-09,42.14,42.22,41.29,41.64,4680110.0
2017-11-10,41.79,41.82,41.59,41.72,5333896.0
2017-11-13,41.72,42.01,41.51,42.01,2221998.0
2017-11-14,41.78,41.89,41.51,41.86,2799385.0
2017-11-15,41.39,41.65,41.28,41.54,3417302.0
2017-11-16,41.75,42.24,41.75,42.1,3304473.0
2017-11-17,42.24,42.42,41.97,42.07,3701985.0
2017-11-20,42.07,42.28,41.96,42.21,4455289.0
2017-11-21,42.62,42.87,42.55,42.58,3668453.0
2017-11-22,42.59,42.74,42.29,42.41,2768619.0
2017-11-24,42.67,43.02,42.61,42.99,1499721.0
2017-11-27,41.67,41.68,41.06,41.09,8188431.0
2017-11-28,41.03,41.22,40.81,40.93,4864810.0
2017-11-29,40.88,40.91,39.24,39.41,11796086.0
2017-11-30,39.6,39.74,39.17,39.6,9357112.0
2017-12-01,39.95,39.99,39.0,39.7,7192236.0
2017-12-04,40.05,40.13,39.3,39.39,7108967.0
2017-12-05,39.2,39.52,38.93,39.2,4503993.0
2017-12-06,38.96,39.09,38.52,38.68,8622306.0
2017-12-07,38.75,39.03,38.61,39.01,11285390.0
2017-12-08,39.38,39.55,38.95,39.0,5071586.0
2017-12-11,39.19,39.58,39.18,39.37,5272454.0
2017-12-12,39.22,39.38,39.08,39.3,5488141.0
2017-12-13,39.47,39.49,39.22,39.29,4227133.0
2017-12-14,39.5,39.65,39.32,39.4,4737706.0
2017-12-15,39.4,39.62,39.25,39.5,7156382.0
2017-12-18,39.38,39.47,39.2,39.4,5746869.0
2017-12-19,39.21,39.41,39.12,39.34,4455244.0
2017-12-20,39.38,39.61,39.18,39.44,6330143.0
2017-12-21,39.56,39.66,39.2,39.23,3563137.0
2017-12-22,39.6,39.63,39.3,39.63,2523571.0
2017-12-26,39.31,39.31,38.81,38.95,2861466.0
2017-12-27,39.0,39.11,38.88,39.08,3092902.0
2017-12-28,39.51,39.89,39.4,39.74,4279525.0
2017-12-29,39.85,40.22,39.65,39.65,3870851.0
2018-01-02,40.51,41.05,40.42,41.02,4983999.0
2018-01-03,41.59,41.81,41.44,41.71,6963207.0
2018-01-04,41.92,42.0,41.45,41.49,4876605.0
2018-01-05,41.89,42.57,41.79,42.46,5330763.0
2018-01-08,42.4,42.48,42.19,42.44,3538166.0
2018-01-09,42.49,42.5,42.13,42.18,5729886.0
2018-01-10,41.35,41.45,40.72,41.3,7102744.0
2018-01-11,41.22,41.4,40.95,41.03,5701803.0
2018-01-12,41.04,41.3,40.76,41.19,5028042.0
2018-01-16,42.01,42.35,41.81,42.23,9081596.0
2018-01-17,42.66,43.27,42.5,43.13,7117676.0
2018-01-18,43.86,44.85,43.5,44.57,11866214.0
2018-01-19,45.07,45.54,44.58,44.67,6543691.0
2018-01-22,46.0,46.4,45.94,46.38,8335803.0
2018-01-23,46.48,46.57,46.06,46.28,5659918.0
2018-01-24,45.64,45.67,45.25,45.33,7400619.0
2018-01-25,45.71,45.78,45.04,45.1,7655744.0
2018-01-26,45.5,45.74,45.03,45.72,7057308.0
2018-01-29,45.47,45.69,45.2,45.4,11604440.0
2018-01-30,44.57,45.03,44.4,44.88,10224612.0
2018-01-31,45.43,45.8,45.12,45.31,6333308.0
2018-02-01,45.33,45.93,45.3,45.45,6706450.0
2018-02-02,45.01,45.32,44.45,44.51,12051826.0
2018-02-05,44.05,44.81,42.81,42.95,11748286.0
2018-02-06,42.27,43.7,42.1,43.59,13414082.0
2018-02-07,42.99,42.99,41.88,41.88,15239465.0
2018-02-08,42.11,42.12,40.36,40.36,11356007.0
2018-02-09,40.74,41.68,39.96,41.47,10588441.0
2018-02-12,42.03,42.79,41.96,42.53,6573345.0
2018-02-13,42.54,42.66,41.88,42.38,5831887.0
2018-02-14,42.17,43.09,41.92,43.05,6860094.0
2018-02-15,43.52,43.75,42.75,43.52,6116541.0
2018-02-16,43.35,43.96,43.31,43.48,4792140.0
2018-02-20,43.08,44.16,43.0,43.74,9291660.0
2018-02-21,43.66,43.82,42.87,42.89,6612592.0
2018-02-22,42.67,42.74,42.18,42.39,7983977.0
2018-02-23,43.39,43.9,43.11,43.9,7204907.0
2018-02-26,44.11,44.41,43.8,44.41,3897607.0
2018-02-27,44.05,44.3,43.61,43.62,5999145.0
2018-02-28,43.67,43.91,43.29,43.35,6400130.0
2018-03-01,43.35,43.56,42.31,42.72,7792448.0
2018-03-02,42.39,43.05,42.15,43.01,4819615.0
2018-03-05,43.05,43.76,42.87,43.49,5977197.0
2018-03-06,44.34,44.4,43.43,43.54,8632022.0
2018-03-07,43.31,44.28,43.18,44.2,4482853.0
2018-03-08,44.3,44.39,43.59,43.8,7092396.0
2018-03-09,44.05,44.6,43.52,44.59,8336201.0
2018-03-12,44.79,45.35,44.75,45.22,5176080.0
2018-03-13,45.5,45.75,44.91,44.99,5842276.0
2018-03-14,45.43,45.45,44.83,45.15,4300486.0
2018-03-15,45.1,45.65,44.89,45.31,3942214.0
2018-03-16,45.0,45.52,44.93,44.97,8125628.0
2018-03-19,44.72,44.87,44.19,44.6,5116451.0
2018-03-20,44.7,44.91,44.52,44.83,6404225.0
2018-03-21,44.57,44.85,44.25,44.7,7036362.0
2018-03-22,44.1,44.37,43.69,43.69,6318484.0
2018-03-23,43.63,43.73,42.58,42.58,5923485.0
2018-03-26,43.81,44.28,43.18,44.27,5395299.0
2018-03-27,44.72,44.84,43.13,43.29,6994993.0
2018-03-28,42.98,43.17,42.44,42.69,8563120.0
2018-03-29,43.0,43.92,42.96,43.76,7758880.0
2018-04-02,43.34,43.59,42.42,42.5,6361231.0
2018-04-03,44.27,44.28,43.03,43.48,6174460.0
2018-04-04,42.37,43.94,42.35,43.94,5497422.0
2018-04-05,44.03,44.23,43.14,43.32,6115059.0
2018-04-06,42.88,43.17,42.26,42.42,5133141.0
2018-04-09,43.09,44.04,42.91,43.07,6696449.0
2018-04-10,43.87,44.22,43.03,43.58,5786914.0
2018-04-11,43.25,43.79,43.25,43.38,4788035.0
2018-04-12,43.33,43.85,43.05,43.85,7574742.0
2018-04-13,43.69,43.74,42.56,42.65,5749861.0
2018-04-16,42.81,43.01,42.68,42.87,5206940.0
2018-04-17,42.09,42.36,41.77,42.31,9831052.0
2018-04-18,42.1,42.26,41.21,41.92,8947352.0
2018-04-19,39.93,40.08,39.11,39.53,27526972.0
2018-04-20,39.37,39.54,38.82,38.95,15313274.0
2018-04-23,38.96,39.08,38.53,38.75,11178257.0
2018-04-24,39.04,39.21,38.3,38.75,13003961.0
2018-04-25,38.36,38.49,38.02,38.17,12359238.0
2018-04-26,38.08,38.56,38.08,38.17,7685776.0
2018-04-27,38.74,38.74,37.99,38.17,8276074.0
2018-04-30,38.69,38.84,38.38,38.45,7968006.0
2018-05-01,38.34,38.94,38.26,38.93,5506982.0
2018-05-02,38.6,38.6,37.65,37.75,11522180.0
2018-05-03,37.55,38.19,37.3,38.1,7021462.0
2018-05-04,38.0,38.66,37.94,38.59,9474019.0
2018-05-07,38.45,38.65,38.24,38.45,4590052.0
2018-05-08,38.98,39.38,38.94,39.18,8116627.0
2018-05-09,39.37,39.46,39.16,39.35,5861370.0
2018-05-10,39.57,39.87,39.44,39.77,7957866.0
2018-05-11,40.04,40.18,39.64,39.91,4184397.0
2018-05-14,40.13,40.55,39.88,39.95,5014043.0
2018-05-15,39.36,39.4,38.96,39.3,5622821.0
2018-05-16,39.4,39.83,39.28,39.79,7671542.0
2018-05-17,39.07,39.24,38.67,38.96,7964248.0
2018-05-18,38.47,38.55,38.28,38.42,7783854.0
2018-05-21,39.34,39.7,39.12,39.47,7902158.0
2018-05-22,39.47,39.79,39.45,39.64,5752013.0
2018-05-23,39.14,39.65,39.09,39.65,4815439.0
2018-05-24,39.37,39.45,38.78,39.27,7930841.0
2018-05-25,39.1,39.49,38.93,39.3,5403034.0
2018-05-29,38.49,38.56,38.03,38.16,7198184.0
2018-05-30,38.3,38.4,38.07,38.34,8413407.0
2018-05-31,38.33,38.86,38.29,38.7,8129402.0
2018-06-01,38.99,39.2,38.8,39.2,5969953.0
2018-06-04,39.85,40.0,39.67,39.97,8927244.0
2018-06-05,39.7,39.86,39.4,39.54,6345937.0
2018-06-06,39.85,39.93,39.56,39.56,9829721.0
2018-06-07,39.56,39.94,39.46,39.52,8216851.0
2018-06-08,39.16,39.16,38.52,38.93,8081251.0
2018-06-11,39.0,39.15,38.76,38.76,4511611.0
2018-06-12,39.13,39.36,38.98,39.2,6582572.0
2018-06-13,39.73,39.89,39.05,39.05,9616631.0
2018-06-14,39.03,39.07,38.6,38.6,7636002.0
2018-06-15,38.82,38.94,38.55,38.69,11235657.0
2018-06-18,38.31,38.36,37.84,38.25,8924151.0
2018-06-19,37.7,37.97,37.35,37.56,9848939.0
2018-06-20,38.34,38.59,38.01,38.35,8668618.0
2018-06-21,37.87,38.01,37.55,37.62,9246739.0
2018-06-22,38.27,38.31,37.97,38.12,10407382.0
2018-06-25,36.3,36.56,36.05,36.51,10528119.0
2018-06-26,36.33,36.7,36.11,36.46,8817159.0
2018-06-27,36.25,36.32,35.51,35.51,8798342.0
2018-06-28,35.5,35.94,35.35,35.94,7199048.0
2018-06-29,36.55,36.77,36.44,36.56,8091467.0
2018-07-02,36.21,36.57,36.04,36.54,7365505.0
2018-07-03,36.39,36.61,36.35,36.39,6512599.0
2018-07-05,36.4,36.6,36.24,36.59,9231130.0
2018-07-06,36.82,37.35,36.76,37.27,7260331.0
2018-07-09,37.87,38.04,37.57,37.83,7124209.0
2018-07-10,37.47,37.95,37.47,37.93,7211545.0
2018-07-11,37.33,37.35,36.9,36.97,7316218.0
2018-07-12,37.33,37.59,37.2,37.31,5275251.0
2018-07-13,37.54,37.8,37.48,37.77,4947684.0
2018-07-16,37.88,37.89,37.65,37.79,5399217.0
2018-07-17,37.5,38.12,37.35,38.04,6238488.0
2018-07-18,38.04,38.47,37.88,38.41,10532157.0
2018-07-19,39.44,40.39,38.62,39.81,17762344.0
2018-07-20,39.99,40.85,39.84,40.73,14481042.0
2018-07-23,40.82,40.98,40.63,40.74,6832856.0
2018-07-24,41.1,41.21,40.38,40.39,7018282.0
2018-07-25,40.53,40.9,40.31,40.89,7722415.0
2018-07-26,40.7,40.94,40.44,40.82,8476564.0
2018-07-27,40.94,41.92,40.94,41.45,9468457.0
2018-07-30,41.45,41.52,40.89,41.09,5174338.0
2018-07-31,41.26,41.58,41.09,41.21,4908316.0
2018-08-01,41.44,41.73,41.32,41.71,6115340.0
2018-08-02,41.1,41.65,41.0,41.55,4669358.0
2018-08-03,41.64,41.95,41.56,41.69,4575207.0
2018-08-06,41.2,41.42,41.0,41.07,7245800.0
2018-08-07,41.07,41.25,40.84,41.24,7494935.0
2018-08-08,41.56,42.11,41.45,41.97,5089555.0
2018-08-09,41.94,41.95,41.68,41.84,4513334.0
2018-08-10,41.3,41.3,40.79,41.03,7053201.0
2018-08-13,40.69,40.99,40.47,40.71,6708559.0
2018-08-14,41.0,41.19,40.87,40.91,5339319.0
2018-08-15,40.45,40.55,40.12,40.45,6052813.0
2018-08-16,40.45,40.73,40.37,40.41,5544010.0
2018-08-17,40.19,40.22,39.79,40.13,7897279.0
2018-08-20,40.02,40.25,39.9,40.1,4156825.0
2018-08-21,40.37,41.04,40.36,40.89,6075469.0
2018-08-22,40.85,41.05,40.54,40.9,5512712.0
2018-08-23,41.3,41.35,40.68,40.68,4126100.0
2018-08-24,40.93,41.41,40.83,41.24,4231971.0
2018-08-27,41.43,41.71,41.37,41.53,5733031.0
2018-08-28,42.39,42.76,42.25,42.35,10683520.0
2018-08-29,43.19,44.38,43.09,44.13,12278199.0
2018-08-30,44.35,44.49,43.41,43.46,7826396.0
2018-08-31,43.12,43.61,42.96,43.6,8782907.0
2018-09-04,43.26,44.12,43.19,44.11,8174946.0
2018-09-05,44.09,44.57,44.02,44.22,7262563.0
2018-09-06,43.94,44.07,43.58,44.05,10424877.0
2018-09-07,44.0,45.24,43.98,44.88,14256084.0
2018-09-10,45.0,45.06,44.52,44.62,6824925.0
2018-09-11,43.64,44.57,43.58,44.55,12509668.0
2018-09-12,43.92,44.3,43.82,43.94,10303817.0
2018-09-13,43.99,43.99,43.27,43.43,9624463.0
2018-09-14,44.02,44.56,43.95,44.41,5295417.0
2018-09-17,43.63,44.14,43.47,43.76,6210327.0
2018-09-18,43.5,44.09,43.35,43.56,8814246.0
2018-09-19,44.2,44.39,43.74,44.02,6393206.0
2018-09-20,44.25,44.43,43.9,44.17,4727951.0
2018-09-21,44.25,44.41,44.02,44.06,6668649.0
2018-09-24,43.84,44.94,43.79,44.89,8229157.0
2018-09-25,44.8,44.91,44.13,44.17,6678269.0
2018-09-26,44.25,44.73,44.25,44.27,4564383.0
2018-09-27,44.6,45.23,44.58,44.76,6712091.0
2018-09-28,44.5,44.62,43.97,44.16,7727678.0
2018-10-01,44.55,44.96,44.42,44.66,5029837.0
2018-10-02,43.75,43.99,43.45,43.62,5440303.0
2018-10-03,44.04,44.24,43.57,43.96,5631207.0
2018-10-04,43.07,43.08,41.97,42.43,7885146.0
2018-10-05,41.88,42.07,41.17,41.63,7921383.0
2018-10-08,40.76,41.17,40.4,40.96,7761763.0
2018-10-09,41.0,41.3,40.58,40.9,5679127.0
2018-10-10,40.35,40.44,39.35,39.35,12853511.0
2018-10-11,38.5,39.6,38.33,38.94,10209134.0
2018-10-12,40.14,40.58,39.19,39.66,7578911.0
2018-10-15,39.47,39.59,38.72,38.75,8208953.0
2018-10-16,39.84,40.06,39.4,40.01,10748152.0
2018-10-17,40.0,40.09,39.18,39.57,8173649.0
2018-10-18,39.8,39.95,38.46,38.54,9555582.0
2018-10-19,39.16,39.32,38.34,38.45,11266228.0
2018-10-22,39.19,39.23,38.54,38.72,8165672.0
2018-10-23,37.42,38.18,37.26,38.0,12349962.0
2018-10-24,37.56,37.56,36.43,36.48,13312718.0
2018-10-25,36.78,37.55,36.49,37.39,9927283.0
2018-10-26,36.55,37.29,36.14,36.67,11973228.0
2018-10-29,37.17,37.41,35.97,36.33,8269528.0
2018-10-30,36.84,37.8,36.67,37.78,12106392.0
2018-10-31,38.69,38.99,38.03,38.1,12610907.0
2018-11-01,38.78,39.08,38.39,39.05,14348581.0
2018-11-02,39.18,39.49,38.43,38.78,9736505.0
2018-11-05,38.72,38.82,38.31,38.48,8591862.0
2018-11-06,38.5,38.85,38.42,38.73,8578097.0
2018-11-07,39.29,39.3,38.72,39.18,6568768.0
2018-11-08,38.79,39.06,38.69,38.7,7953651.0
2018-11-09,38.09,38.39,37.81,38.07,5975376.0
2018-11-12,37.86,37.92,37.01,37.06,11666706.0
2018-11-13,37.39,38.12,37.24,37.4,15057118.0
2018-11-14,38.2,38.34,37.37,37.84,10404893.0
2018-11-15,38.07,38.57,37.89,38.52,10840370.0
2018-11-16,37.07,37.2,36.66,36.87,16382423.0
2018-11-19,36.64,36.68,35.96,36.05,15191679.0
2018-11-20,35.4,35.99,35.22,35.64,11673471.0
2018-11-21,36.42,36.72,36.14,36.17,7013073.0
2018-11-23,35.83,36.2,35.75,35.96,2320492.0
2018-11-26,36.71,36.89,36.47,36.84,7077608.0
2018-11-27,36.39,36.82,36.39,36.8,6870309.0
2018-11-28,37.27,38.02,37.07,38.01,8380230.0
2018-11-29,37.95,38.37,37.87,37.93,7056653.0
2018-11-30,37.24,37.6,37.08,37.59,8734425.0
2018-12-03,38.82,39.0,38.38,38.73,7455797.0
2018-12-04,38.53,38.78,37.43,37.44,13321361.0
2018-12-06,35.7,36.86,35.61,36.86,12075830.0
2018-12-07,36.65,36.94,36.14,36.52,10802713.0
2018-12-10,36.31,36.83,36.08,36.43,12439158.0
2018-12-11,37.24,37.35,36.3,36.7,8635840.0
2018-12-12,37.61,37.7,37.27,37.38,8405361.0
2018-12-13,37.49,37.66,37.19,37.33,5825943.0
2018-12-14,36.8,37.11,36.53,36.53,5969705.0
2018-12-17,36.63,36.94,36.12,36.22,10733264.0
2018-12-18,36.61,37.0,36.61,36.76,7100418.0
2018-12-19,36.62,37.28,36.1,36.23,11786466.0
2018-12-20,36.41,36.75,35.54,35.88,12540408.0
2018-12-21,36.64,36.93,35.65,35.71,16981253.0
2018-12-24,35.56,35.89,35.27,35.29,6288545.0
2018-12-26,35.33,36.77,35.33,36.76,10063418.0
2018-12-27,36.2,36.8,35.96,36.78,8688645.0
2018-12-28,37.13,37.68,37.02,37.14,7368997.0
2018-12-31,37.43,37.59,36.77,36.91,4600602.0
2019-01-02,36.2,36.75,36.0,36.52,5273146.0
2019-01-03,35.34,35.52,34.27,34.36,15998006.0
2019-01-04,34.46,35.04,34.21,34.97,14178232.0
2019-01-07,35.01,35.47,34.97,35.23,6850767.0
2019-01-08,35.11,35.18,34.64,34.94,11462595.0
2019-01-09,35.33,35.96,35.33,35.61,11770519.0
2019-01-10,35.46,36.48,35.4,36.42,7894616.0
2019-01-11,36.45,36.77,36.24,36.61,7232991.0
2019-01-14,36.13,36.19,35.72,35.76,6146255.0
2019-01-15,36.04,36.23,35.8,36.04,10165839.0
2019-01-16,35.9,36.03,35.64,35.64,8727353.0
2019-01-17,34.92,36.55,34.83,36.29,21917216.0
2019-01-18,36.24,37.01,36.16,36.84,12905926.0
2019-01-22,36.5,36.76,36.1,36.37,13381677.0
2019-01-23,36.53,36.74,36.24,36.49,13918777.0
2019-01-24,36.88,37.64,36.78,37.64,14094127.0
2019-01-25,38.0,38.26,37.88,38.14,16763721.0
2019-01-28,36.92,37.66,36.9,37.44,14086534.0
2019-01-29,37.29,37.29,36.3,36.33,10101047.0
2019-01-30,36.81,37.45,36.29,37.38,9281569.0
2019-01-31,37.31,38.1,37.31,37.62,7633398.0
2019-02-01,37.75,37.87,37.44,37.57,6438407.0
2019-02-04,37.5,38.01,37.38,37.94,7283766.0
2019-02-05,37.92,38.27,37.88,38.25,7314024.0
2019-02-06,38.42,38.82,38.31,38.74,8795506.0
2019-02-07,38.37,38.46,37.83,38.12,7916235.0
2019-02-08,37.71,37.92,37.5,37.79,7147158.0
2019-02-11,37.92,38.29,37.83,38.29,8860663.0
2019-02-12,38.64,38.77,38.44,38.64,8831206.0
2019-02-13,38.37,38.48,38.05,38.13,7155553.0
2019-02-14,37.92,38.21,37.76,38.06,7782795.0
2019-02-15,37.91,38.28,37.87,38.09,6257553.0
2019-02-19,38.22,38.66,38.11,38.46,8105692.0
2019-02-20,38.93,39.51,38.89,39.0,7178581.0
2019-02-21,39.07,39.18,38.8,38.98,4607292.0
2019-02-22,39.12,39.41,39.08,39.39,5117948.0
2019-02-25,39.87,39.92,39.48,39.58,5101495.0
2019-02-26,39.41,39.67,39.38,39.6,5587317.0
2019-02-27,39.51,39.59,39.06,39.45,8194927.0
2019-02-28,39.12,39.29,39.0,39.05,5705056.0
2019-03-01,39.36,39.52,39.2,39.39,5299224.0
2019-03-04,39.33,39.33,38.71,39.15,7081092.0
2019-03-05,38.95,39.23,38.66,39.02,7192605.0
2019-03-06,39.06,39.22,38.78,38.79,4433407.0
2019-03-07,38.77,38.88,38.37,38.63,4231307.0
2019-03-08,37.95,38.38,37.94,38.2,5066169.0
2019-03-11,38.23,38.69,38.2,38.64,6005422.0
2019-03-12,39.05,39.17,38.86,38.9,5580175.0
2019-03-13,39.22,39.44,39.02,39.21,6086456.0
2019-03-14,39.0,39.05,38.74,38.82,4935032.0
2019-03-15,39.41,40.07,39.41,39.65,8871307.0
2019-03-18,39.86,39.98,39.64,39.85,6290868.0
2019-03-19,39.98,40.08,39.6,39.76,8033561.0
2019-03-20,39.77,40.15,39.64,39.85,5394019.0
2019-03-21,40.25,41.24,40.22,41.04,6509703.0
2019-03-22,40.84,41.02,40.34,40.43,6759220.0
2019-03-25,40.0,40.46,39.77,39.92,4901898.0
2019-03-26,40.11,40.63,40.07,40.4,5573519.0
2019-03-27,40.19,40.26,39.8,40.2,7660259.0
2019-03-28,40.24,40.54,40.2,40.34,6632731.0
2019-03-29,40.82,41.05,40.6,40.96,6116275.0
2019-04-01,41.08,41.37,40.75,41.37,6834247.0
2019-04-02,41.18,41.36,41.0,41.27,5580175.0
2019-04-03,41.6,41.96,41.51,41.79,6821111.0
2019-04-04,41.73,42.18,41.65,42.04,7610282.0
2019-04-05,42.34,42.34,42.06,42.23,4430552.0
2019-04-08,42.24,42.49,42.08,42.39,6830320.0
2019-04-09,42.24,42.3,42.03,42.21,5049921.0
2019-04-10,42.26,42.5,42.18,42.37,4040323.0
2019-04-11,42.09,42.2,41.95,42.1,5172154.0
2019-04-12,42.47,42.65,42.28,42.58,6555695.0
2019-04-15,42.58,42.77,42.46,42.61,5274352.0
2019-04-16,42.83,43.08,42.75,43.01,6639295.0
2019-04-17,43.9,44.46,43.86,44.39,15795715.0
2019-04-18,44.06,45.64,44.0,45.4,16569844.0
2019-04-22,44.79,45.16,44.59,45.15,10872419.0
2019-04-23,45.15,45.42,45.06,45.42,11437537.0
2019-04-24,45.08,45.59,44.94,45.41,10777150.0
2019-04-25,44.93,45.04,44.43,44.48,10149965.0
2019-04-26,43.65,44.0,43.32,43.94,12745003.0
2019-04-29,43.85,43.92,43.58,43.83,9272099.0
2019-04-30,43.4,43.94,43.26,43.82,11863889.0
2019-05-01,44.29,44.56,43.82,43.82,7319021.0
2019-05-02,43.86,44.47,43.75,44.4,10717293.0
2019-05-03,44.93,45.14,44.56,44.71,5479939.0
2019-05-06,43.32,43.82,43.21,43.76,10756392.0
2019-05-07,43.83,44.05,43.29,43.76,10225163.0
2019-05-08,43.52,44.0,43.46,43.7,8112550.0
2019-05-09,42.92,43.3,42.28,43.25,11229555.0
2019-05-10,42.86,43.09,42.19,42.83,8314005.0
2019-05-13,41.37,41.51,40.74,40.99,11046001.0
2019-05-14,41.59,42.08,41.4,41.97,7107844.0
2019-05-15,41.55,42.33,41.46,41.97,5347893.0
2019-05-16,41.63,41.64,41.22,41.53,9214675.0
2019-05-17,40.39,40.95,40.09,40.25,11270975.0
2019-05-20,39.25,39.3,38.52,38.66,13979652.0
2019-05-21,39.15,39.34,38.66,39.3,11806402.0
2019-05-22,39.2,39.39,38.89,38.9,12217584.0
2019-05-23,37.98,38.18,37.41,38.07,14709113.0
2019-05-24,38.42,38.74,38.19,38.2,10540670.0
2019-05-28,38.13,38.2,37.65,37.65,12484718.0
2019-05-29,37.46,37.75,37.18,37.69,13042994.0
2019-05-30,37.95,38.37,37.84,38.04,7351714.0
2019-05-31,38.27,38.97,38.25,38.35,9302893.0
2019-06-03,38.96,39.09,38.66,38.82,9618285.0
2019-06-04,38.64,39.1,38.42,39.06,6985615.0
2019-06-05,39.24,39.26,38.1,38.23,8220145.0
2019-06-06,38.18,38.59,37.92,38.44,6233956.0
2019-06-07,38.74,39.0,38.56,38.82,4457237.0
2019-06-10,39.49,40.13,39.45,39.62,8351793.0
2019-06-11,40.47,40.6,39.94,39.96,6100708.0
2019-06-12,40.0,40.19,39.45,39.46,6163222.0
2019-06-13,39.62,39.62,39.04,39.45,6646766.0
2019-06-14,38.63,38.7,37.83,37.84,11281546.0
2019-06-17,37.92,38.05,37.66,37.66,6500741.0
2019-06-18,38.27,39.42,38.22,39.21,12303214.0
2019-06-19,39.94,39.96,39.3,39.4,10217607.0
2019-06-20,40.45,40.72,40.14,40.51,10400416.0
2019-06-21,40.52,40.7,40.42,40.52,12766296.0
2019-06-24,39.56,40.07,39.44,39.98,6570962.0
2019-06-25,39.52,39.52,38.91,38.92,6790520.0
2019-06-26,39.38,39.38,38.98,39.08,9133326.0
2019-06-27,39.58,39.76,39.29,39.59,11375159.0
2019-06-28,39.73,39.73,39.12,39.17,7039976.0
2019-07-01,41.54,41.9,41.15,41.38,11085423.0
2019-07-02,41.19,41.31,40.74,40.8,4446016.0
2019-07-03,40.35,40.37,40.01,40.33,3125012.0
2019-07-05,39.87,40.1,39.64,39.93,3149470.0
2019-07-08,39.57,39.69,39.25,39.32,6772262.0
2019-07-09,39.65,40.01,39.42,39.67,6576968.0
2019-07-10,40.83,41.14,40.55,40.71,7944982.0
2019-07-11,41.14,41.19,40.83,40.9,6126560.0
2019-07-12,41.11,41.27,40.82,41.23,4695815.0
2019-07-15,41.75,41.93,41.66,41.82,5784301.0
2019-07-16,41.8,41.95,41.57,41.77,6529518.0
2019-07-17,41.68,41.91,41.52,41.63,5514566.0
2019-07-18,42.52,43.23,42.31,43.19,11262042.0
2019-07-19,43.08,44.02,43.07,43.83,11439126.0
2019-07-22,44.2,44.88,44.13,44.6,10035911.0
2019-07-23,44.54,44.58,44.24,44.42,6565784.0
2019-07-24,44.5,44.63,44.24,44.54,7130494.0
2019-07-25,44.21,44.24,43.62,43.62,6594076.0
2019-07-26,43.73,43.89,43.38,43.46,4398967.0
2019-07-29,43.52,43.95,43.4,43.94,4138649.0
2019-07-30,43.4,43.4,42.77,43.11,4938490.0
2019-07-31,43.03,43.17,42.05,42.63,7592285.0
2019-08-01,42.75,43.39,41.6,41.87,9662848.0
2019-08-02,41.15,41.78,41.01,41.65,9316972.0
2019-08-05,40.41,40.52,39.78,39.87,6668437.0
2019-08-06,41.18,41.51,40.89,41.26,8667763.0
2019-08-07,41.05,41.45,40.8,41.26,5484674.0
2019-08-08,41.85,42.18,41.75,41.9,7795872.0
2019-08-09,41.59,41.71,41.0,41.41,3480493.0
2019-08-12,41.05,41.27,40.85,40.96,3365641.0
2019-08-13,40.63,41.99,40.55,41.84,7834553.0
2019-08-14,40.85,41.09,40.25,40.43,9622124.0
2019-08-15,40.38,40.99,40.34,40.86,7690100.0
2019-08-16,41.18,41.73,41.15,41.54,4845662.0
2019-08-19,42.16,42.21,41.65,41.78,3797555.0
2019-08-20,42.0,42.22,41.72,41.94,7540304.0
2019-08-21,42.41,42.64,42.29,42.58,3914624.0
2019-08-22,42.39,42.49,41.73,42.13,3145644.0
2019-08-23,41.94,42.15,40.86,40.95,7526853.0
2019-08-26,41.37,41.55,41.13,41.34,5519272.0
2019-08-27,41.55,41.68,41.27,41.35,4192830.0
2019-08-28,41.32,41.77,41.05,41.65,3586256.0
2019-08-29,42.34,42.57,42.23,42.28,5171590.0
2019-08-30,42.71,42.89,42.36,42.63,5382157.0
2019-09-03,42.15,42.16,41.58,41.72,4748058.0
2019-09-04,42.61,43.15,42.39,43.15,4465601.0
2019-09-05,43.76,44.51,43.76,44.24,7701277.0
2019-09-06,44.0,44.04,43.69,43.71,4325317.0
2019-09-09,43.91,44.08,43.54,43.85,4677018.0
2019-09-10,43.6,44.1,43.36,44.1,5001631.0
2019-09-11,43.91,44.27,43.84,44.22,4016804.0
2019-09-12,44.29,44.46,43.93,44.07,6577939.0
2019-09-13,44.43,44.83,44.19,44.74,6231092.0
2019-09-16,44.53,44.74,44.49,44.6,3716348.0
2019-09-17,44.28,45.15,44.21,45.13,6142089.0
2019-09-18,45.17,45.2,44.61,45.04,4058572.0
2019-09-19,44.8,45.22,44.76,44.9,6624219.0
2019-09-20,44.77,44.9,43.87,43.87,7397674.0
2019-09-23,44.18,44.29,43.85,44.07,5001199.0
2019-09-24,44.4,44.55,44.06,44.12,8028837.0
2019-09-25,44.2,45.1,44.0,45.01,6824277.0
2019-09-26,45.1,46.51,45.1,46.46,15880039.0
2019-09-27,46.0,46.48,45.19,45.51,9610481.0
2019-09-30,46.57,46.74,46.12,46.48,8476888.0
2019-10-01,46.96,47.85,46.96,47.19,11602857.0
2019-10-02,46.71,46.94,46.33,46.43,5793629.0
2019-10-03,46.45,47.14,46.24,47.13,6209909.0
2019-10-04,47.03,47.45,46.78,47.42,5718513.0
2019-10-07,47.73,48.15,47.43,47.95,11410325.0
2019-10-08,48.26,48.4,47.6,47.86,13178352.0
2019-10-09,48.2,49.06,48.17,48.68,11489335.0
2019-10-10,48.91,49.39,48.49,48.93,9574122.0
2019-10-11,49.45,49.79,49.33,49.42,7516840.0
2019-10-14,49.42,50.13,49.3,49.91,7994730.0
2019-10-15,50.2,50.64,50.11,50.39,9631042.0
2019-10-16,50.34,51.13,50.07,50.13,13711820.0
2019-10-17,51.14,51.21,49.26,49.75,12420079.0
2019-10-18,49.65,50.09,49.13,49.28,9169558.0
2019-10-21,49.53,50.11,49.33,50.0,6879537.0
2019-10-22,50.3,50.83,50.18,50.64,10723621.0
2019-10-23,50.1,50.4,49.92,50.17,7131046.0
2019-10-24,50.49,51.05,50.23,50.95,7018900.0
2019-10-25,50.8,51.23,50.69,51.13,6303865.0
2019-10-28,51.4,51.48,51.05,51.31,7725478.0
2019-10-29,51.5,51.84,51.44,51.47,5309253.0
2019-10-30,51.79,52.06,51.57,51.91,5199387.0
2019-10-31,51.89,51.93,51.35,51.63,5140841.0
2019-11-01,51.89,52.1,51.7,52.1,5227429.0
2019-11-04,53.55,53.79,53.12,53.49,7659725.0
2019-11-05,53.63,53.97,53.49,53.55,5290491.0
2019-11-06,53.7,53.75,53.1,53.64,4545554.0
2019-11-07,53.9,54.37,53.52,53.67,7892278.0
2019-11-08,53.53,53.53,52.53,52.83,6560936.0
2019-11-11,52.39,52.75,52.16,52.6,4047212.0
2019-11-12,52.69,52.69,52.03,52.15,8625255.0
2019-11-13,52.58,52.94,52.15,52.88,5368182.0
2019-11-14,52.5,52.73,52.13,52.48,5308889.0
2019-11-15,53.01,53.39,52.88,53.29,5986568.0
2019-11-18,53.39,53.96,53.39,53.42,4777785.0
2019-11-19,54.05,54.14,53.68,53.76,4731129.0
2019-11-20,53.55,53.78,53.21,53.5,5267448.0
2019-11-21,53.5,53.51,52.94,52.98,6036964.0
2019-11-22,52.92,53.16,52.74,52.79,4172254.0
2019-11-25,53.09,53.94,52.8,53.76,5021560.0
2019-11-26,53.5,53.79,53.38,53.63,5672986.0
2019-11-27,54.03,54.06,53.54,53.89,2786779.0
2019-11-29,53.06,53.16,52.8,53.09,3391746.0
2019-12-02,53.55,53.59,52.78,52.98,4476987.0
2019-12-03,52.42,52.93,52.18,52.78,5516589.0
2019-12-04,53.27,53.57,53.11,53.18,3905249.0
2019-12-05,53.62,54.54,53.49,54.4,7625018.0
2019-12-06,54.5,55.03,54.5,54.94,5429134.0
2019-12-09,55.05,55.19,54.32,54.46,6642291.0
2019-12-10,54.68,55.06,54.33,54.52,4365729.0
2019-12-11,55.04,56.2,55.03,55.9,11028464.0
2019-12-12,57.25,58.62,57.02,58.61,15792447.0
2019-12-13,59.05,59.52,58.25,58.25,9887344.0
2019-12-16,58.29,58.7,58.29,58.54,5783448.0
2019-12-17,59.71,59.71,58.78,59.23,8408601.0
2019-12-18,59.6,59.64,58.72,59.1,10022635.0
2019-12-19,58.5,58.5,57.88,57.96,7232143.0
2019-12-20,57.78,58.3,57.32,57.93,8044657.0
2019-12-23,58.03,58.34,57.95,58.22,4022901.0
2019-12-24,57.99,58.09,57.55,57.76,2692204.0
2019-12-26,57.8,58.35,57.76,58.25,2492163.0
2019-12-27,58.53,58.71,58.33,58.46,2847974.0
2019-12-30,58.66,58.69,57.62,57.85,3519922.0
2019-12-31,57.68,58.13,57.46,58.1,2950466.0
2020-01-02,59.6,60.12,59.6,60.04,8377256.0
2020-01-03,58.97,58.98,58.04,58.06,10547692.0
2020-01-06,57.6,57.69,57.13,57.39,8899372.0
2020-01-07,57.45,58.6,56.74,58.32,7508566.0
2020-01-08,58.19,58.98,58.11,58.75,5385681.0
2020-01-09,59.69,59.71,58.7,59.23,5113099.0
2020-01-10,59.7,59.7,58.77,58.86,4808160.0
2020-01-13,60.15,60.16,59.45,60.06,6617314.0
2020-01-14,60.16,60.64,59.92,60.32,6719190.0
2020-01-15,59.67,59.7,58.26,58.39,10075111.0
2020-01-16,59.2,59.69,58.3,58.75,11215740.0
2020-01-17,58.64,58.75,58.01,58.58,8125689.0
2020-01-21,57.99,59.0,57.47,58.24,9873708.0
2020-01-22,58.9,58.94,58.32,58.35,8124475.0
2020-01-23,57.86,58.07,56.62,57.48,9999164.0
2020-01-24,58.09,58.14,57.46,57.73,10402164.0
2020-01-27,55.62,55.99,55.06,55.26,9675548.0
2020-01-28,55.73,57.12,55.48,57.09,8124413.0
2020-01-29,57.52,57.52,56.85,57.19,7693913.0
2020-01-30,55.08,56.04,55.06,55.8,10295686.0
2020-01-31,55.43,55.48,53.6,53.94,13467191.0
2020-02-03,54.35,54.94,54.14,54.77,9595962.0
2020-02-04,56.92,57.64,56.9,57.52,12746636.0
2020-02-05,58.1,58.15,57.17,57.92,6594437.0
2020-02-06,58.27,58.28,57.28,58.02,4236307.0
2020-02-07,57.14,57.14,56.06,56.2,6808673.0
2020-02-10,56.44,57.05,56.34,57.02,4281235.0
2020-02-11,57.95,58.9,57.81,58.66,6523223.0
2020-02-12,59.25,59.75,58.9,59.63,5962850.0
2020-02-13,59.13,59.7,58.74,59.33,6460063.0
2020-02-14,59.02,59.17,57.87,58.19,6932372.0
2020-02-18,56.1,56.56,55.63,56.18,10994088.0
2020-02-19,57.25,57.94,57.0,57.64,7866300.0
2020-02-20,56.94,57.04,55.81,56.48,7192924.0
2020-02-21,56.65,56.65,55.52,55.59,6820252.0
2020-02-24,53.55,54.69,53.18,54.12,9968754.0
2020-02-25,55.33,55.47,53.83,53.86,12670736.0
2020-02-26,54.49,55.41,54.38,55.03,10971115.0
2020-02-27,54.2,54.6,53.27,53.29,11878851.0
2020-02-28,51.35,54.05,51.0,53.84,13607675.0
2020-03-02,54.37,56.01,53.83,55.98,13797723.0
2020-03-03,56.3,56.37,54.04,54.88,14661842.0
2020-03-04,55.97,57.09,55.55,57.08,9878176.0
2020-03-05,56.11,56.39,55.25,55.73,10004227.0
2020-03-06,54.6,55.08,53.97,55.07,12971193.0
2020-03-09,51.55,54.14,51.06,51.83,13781100.0
2020-03-10,53.71,54.62,52.49,54.51,11698751.0
2020-03-11,53.11,53.56,52.09,52.24,14499281.0
2020-03-12,49.66,50.99,48.51,48.69,15942229.0
2020-03-13,51.9,52.46,49.29,52.23,14948742.0
2020-03-16,46.34,48.35,44.9,44.9,16628221.0
2020-03-17,45.75,48.56,45.03,48.54,13415692.0
2020-03-18,43.8,46.09,43.26,44.37,15018457.0
2020-03-19,43.74,45.18,42.7,43.89,11182574.0
2020-03-20,48.02,48.28,44.48,44.53,14157668.0
2020-03-23,45.12,45.61,43.52,45.26,10508636.0
2020-03-24,48.0,48.92,47.5,48.87,12216213.0
2020-03-25,49.3,50.05,48.05,49.0,9796557.0
2020-03-26,49.1,50.46,48.92,49.87,10586127.0
2020-03-27,47.23,48.09,46.51,46.91,12158470.0
2020-03-30,47.18,48.16,46.77,47.82,8428670.0
2020-03-31,47.8,49.03,47.66,47.79,9595702.0
2020-04-01,46.83,47.56,46.3,46.51,8755264.0
2020-04-02,46.92,48.22,46.61,48.13,6174849.0
2020-04-03,47.79,48.15,46.78,47.06,5486218.0
2020-04-06,48.63,50.1,48.51,49.97,7370313.0
2020-04-07,51.29,51.32,49.66,49.72,6569106.0
2020-04-08,50.21,50.6,49.54,50.27,6325869.0
2020-04-09,50.28,50.66,47.72,48.33,12279621.0
2020-04-13,48.74,49.09,47.96,48.75,9873226.0
2020-04-14,50.0,51.27,49.95,50.63,11068762.0
2020-04-15,49.76,49.97,49.04,49.66,9398059.0
2020-04-16,51.81,53.14,51.68,52.4,18615873.0
2020-04-17,54.13,54.19,53.0,53.69,11288528.0
2020-04-20,53.0,53.82,52.56,52.59,9901710.0
2020-04-21,51.6,51.81,50.52,51.37,13102501.0
2020-04-22,52.48,53.11,52.41,52.95,8256019.0
2020-04-23,52.81,53.13,52.26,52.64,7619941.0
2020-04-24,52.6,52.89,52.0,52.73,5701920.0
2020-04-27,53.15,53.75,52.97,53.51,5812250.0
2020-04-28,53.51,53.73,52.68,52.76,8561068.0
2020-04-29,53.75,54.69,53.43,54.48,8565518.0
2020-04-30,54.2,54.41,52.96,53.13,6337929.0
2020-05-01,52.48,52.56,51.09,51.1,10238697.0
2020-05-04,51.79,52.18,51.28,52.15,7514029.0
2020-05-05,52.21,52.58,51.58,51.71,7780707.0
2020-05-06,52.11,52.62,52.0,52.13,8206720.0
2020-05-07,52.95,52.98,52.1,52.33,5495879.0
2020-05-08,52.62,53.34,52.47,52.91,6087907.0
2020-05-11,52.61,52.83,52.38,52.4,6459336.0
2020-05-12,52.64,52.64,51.08,51.1,8584464.0
2020-05-13,51.91,52.02,50.48,50.92,8610955.0
2020-05-14,50.43,52.15,49.79,52.1,13695619.0
2020-05-15,50.56,51.05,49.38,49.8,17777241.0
2020-05-18,50.94,52.19,50.77,51.87,12731130.0
2020-05-19,51.35,51.46,50.8,50.81,12940336.0
2020-05-20,51.58,52.09,50.5,51.84,8406189.0
2020-05-21,52.1,52.21,50.69,50.75,7842611.0
2020-05-22,50.84,50.86,49.61,49.8,12462333.0
2020-05-26,51.3,51.4,50.79,50.82,8872005.0
2020-05-27,51.03,51.74,50.75,51.74,11405676.0
2020-05-28,51.46,51.62,50.1,50.28,8181643.0
2020-05-29,50.34,50.73,49.86,50.33,10919232.0
2020-06-01,50.91,51.28,50.54,51.03,6189338.0
2020-06-02,51.45,52.04,51.29,52.01,6063630.0
2020-06-03,52.64,53.25,52.42,53.06,8380179.0
2020-06-04,53.06,54.37,53.03,54.28,13269476.0
2020-06-05,55.5,56.34,55.06,55.2,9776102.0
2020-06-08,55.74,55.78,54.71,55.57,6302083.0
2020-06-09,55.29,56.63,54.95,56.61,9355114.0
2020-06-10,56.82,58.04,56.82,57.55,9194340.0
2020-06-11,55.85,56.41,55.01,55.04,9877129.0
2020-06-12,56.5,56.87,55.35,56.0,9838823.0
2020-06-15,54.71,56.12,54.52,56.02,7514094.0
2020-06-16,56.59,57.0,55.54,55.8,8828808.0
2020-06-17,56.15,56.82,55.89,56.6,8248700.0
2020-06-18,56.04,56.54,55.79,56.15,6831510.0
2020-06-19,56.48,56.5,55.27,55.31,6965050.0
2020-06-22,55.5,56.0,55.32,56.0,4480431.0
2020-06-23,56.64,57.16,56.53,56.76,7836501.0
2020-06-24,56.71,57.06,56.16,56.58,7080243.0
2020-06-25,56.56,57.09,55.95,57.04,4509575.0
2020-06-26,57.0,57.26,56.21,56.33,6229329.0
2020-06-29,56.34,56.41,55.66,56.39,5016572.0
2020-06-30,56.25,56.99,56.19,56.77,7158807.0
2020-07-01,56.97,57.47,56.76,56.82,6866517.0
2020-07-02,57.95,59.07,57.95,58.62,10021232.0
2020-07-06,60.67,62.13,60.56,61.88,12725594.0
2020-07-07,61.26,61.5,60.68,60.71,6672334.0
2020-07-08,61.64,62.74,61.5,62.59,8721924.0
2020-07-09,62.95,64.97,62.89,64.78,16903299.0
2020-07-10,64.47,64.56,63.19,63.85,10699996.0
2020-07-13,65.2,67.08,64.98,65.07,16667655.0
2020-07-14,66.0,67.03,65.33,66.96,10482662.0
2020-07-15,67.18,67.21,65.16,66.06,12432549.0
2020-07-16,65.38,66.63,64.32,66.59,15709371.0
2020-07-17,67.31,68.0,66.37,66.4,11718254.0
2020-07-20,66.7,66.98,65.8,66.89,6357302.0
2020-07-21,68.84,69.25,67.71,67.81,10621305.0
2020-07-22,68.1,68.9,68.03,68.53,7366145.0
2020-07-23,68.26,68.5,66.75,67.37,8559459.0
2020-07-24,71.4,76.89,71.35,73.9,41226755.0
2020-07-27,81.36,83.4,80.43,83.25,39899163.0
2020-07-28,79.34,79.58,76.49,76.92,31500115.0
2020-07-29,77.11,83.37,77.06,82.67,28304032.0
2020-07-30,80.01,81.28,78.61,79.93,16820321.0
2020-07-31,79.63,79.77,77.51,78.89,12027110.0
2020-08-03,77.77,79.15,77.41,78.95,10138008.0
2020-08-04,79.33,80.19,78.74,80.19,12569353.0
2020-08-05,80.98,84.0,80.57,81.63,14447178.0
2020-08-06,82.04,82.1,80.22,80.52,9838671.0
2020-08-07,80.49,80.78,79.41,80.03,8705825.0
2020-08-10,80.55,80.85,79.22,79.87,7421360.0
2020-08-11,79.09,79.2,77.94,77.94,7056292.0
2020-08-12,78.16,79.55,77.73,79.39,8359058.0
2020-08-13,79.0,79.1,77.83,78.3,6551833.0
2020-08-14,78.42,79.23,78.05,78.41,5611160.0
2020-08-17,79.8,80.89,79.66,80.19,8663917.0
2020-08-18,80.22,80.82,79.25,79.41,6804750.0
2020-08-19,79.01,79.23,78.25,78.54,7976798.0
2020-08-20,76.32,77.1,75.98,76.81,11457107.0
2020-08-21,78.02,78.73,77.86,78.34,7942292.0
2020-08-24,79.73,79.91,78.49,78.9,6405596.0
2020-08-25,79.85,80.48,79.47,80.04,6113068.0
2020-08-26,81.25,82.17,81.01,81.75,7821623.0
2020-08-27,82.18,82.31,80.17,80.6,8018244.0
2020-08-28,80.06,80.88,79.91,80.44,5699537.0
2020-08-31,79.0,79.76,78.69,79.25,9812880.0
2020-09-01,80.12,81.6,79.99,81.55,10208235.0
2020-09-02,81.35,82.71,79.88,82.17,12567846.0
2020-09-03,81.12,81.81,78.38,81.18,20090081.0
2020-09-04,80.5,81.47,77.41,78.91,13638715.0
2020-09-08,78.02,79.15,77.22,77.32,11553491.0
2020-09-09,78.62,79.7,78.55,79.4,7867529.0
2020-09-10,80.74,81.23,78.76,78.9,11241835.0
2020-09-11,80.01,80.3,78.6,78.82,7853450.0
2020-09-14,80.5,81.12,79.95,80.5,7091059.0
2020-09-15,81.56,86.79,81.38,85.85,21048351.0
2020-09-16,86.49,86.49,83.04,83.13,14506069.0
2020-09-17,81.0,82.29,80.61,81.91,10090229.0
2020-09-18,82.37,82.84,80.11,80.23,10528323.0
2020-09-21,79.8,80.65,79.08,80.59,8417129.0
2020-09-22,80.83,80.89,79.4,80.48,6375192.0
2020-09-23,79.7,79.93,77.89,77.92,9094689.0
2020-09-24,76.82,79.0,76.17,78.38,9940859.0
2020-09-25,78.17,78.92,77.39,78.88,6057546.0
2020-09-28,80.31,80.37,79.47,79.77,5999278.0
2020-09-29,79.7,81.24,79.31,80.51,6117121.0
2020-09-30,80.59,81.94,80.57,81.07,5878908.0
2020-10-01,82.06,82.72,81.74,82.62,6253844.0
2020-10-02,80.71,82.19,80.61,80.8,6145942.0
2020-10-05,81.55,84.63,81.55,84.54,10129076.0
2020-10-06,83.77,84.45,82.77,83.12,7795619.0
2020-10-07,84.78,87.0,84.78,86.92,11446400.0
2020-10-08,88.86,88.86,86.52,87.8,10920758.0
2020-10-09,88.34,88.8,87.64,88.78,7608763.0
2020-10-12,89.12,91.27,88.68,90.91,10021991.0
2020-10-13,90.5,90.65,89.43,89.64,8247043.0
2020-10-14,89.65,89.88,88.27,88.6,8196049.0
2020-10-15,87.29,89.49,87.19,88.15,10335225.0
2020-10-16,88.55,88.59,86.44,86.7,7460246.0
2020-10-19,88.34,89.62,87.29,87.56,7994502.0
2020-10-20,87.79,88.98,87.77,88.26,7358557.0
2020-10-21,88.0,88.87,87.57,87.64,7387647.0
2020-10-22,88.44,88.94,87.88,88.21,5659769.0
2020-10-23,88.25,88.45,87.43,88.31,4165381.0
2020-10-26,87.21,87.78,85.77,86.73,5567997.0
2020-10-27,86.96,87.22,85.97,86.71,5315791.0
2020-10-28,85.15,85.41,83.84,83.85,8727340.0
2020-10-29,84.27,85.33,84.02,84.89,5845620.0
2020-10-30,84.43,84.75,83.16,83.87,4964485.0
2020-11-02,84.6,85.96,84.53,85.71,6597096.0
2020-11-03,86.19,88.24,86.06,87.69,6274661.0
2020-11-04,88.72,89.77,88.46,89.45,7620827.0
2020-11-05,90.42,90.96,89.77,90.43,6670090.0
2020-11-06,89.81,91.5,89.05,91.41,6402973.0
2020-11-09,92.2,92.48,88.94,89.03,8978048.0
2020-11-10,88.4,88.8,86.7,87.66,8350080.0
2020-11-11,89.5,91.18,89.36,90.88,7707331.0
2020-11-12,90.88,91.89,89.78,89.82,7481999.0
2020-11-13,91.54,93.81,91.21,93.22,9180058.0
2020-11-16,96.42,102.44,96.36,99.27,18436213.0
2020-11-17,97.98,98.09,95.69,95.71,10843684.0
2020-11-18,98.52,98.8,96.37,96.93,8526561.0
2020-11-19,96.77,96.86,95.62,96.61,5542791.0
2020-11-20,96.66,97.2,95.3,95.33,5335994.0
2020-11-23,97.16,98.93,96.85,98.13,8806565.0
2020-11-24,98.49,98.59,96.02,96.64,7022831.0
2020-11-25,96.2,97.99,96.14,97.49,5194871.0
2020-11-27,98.54,99.27,98.05,98.74,4367070.0
2020-11-30,97.56,97.95,96.2,97.02,13840521.0
2020-12-01,98.69,104.3,98.52,100.86,16164733.0
2020-12-02,102.0,102.04,99.52,99.54,8676338.0
2020-12-03,101.06,101.19,99.43,99.5,7358959.0
2020-12-04,101.51,103.75,100.7,103.73,10824540.0
2020-12-07,106.02,107.61,104.97,106.39,11792959.0
2020-12-08,107.78,107.84,105.11,105.64,9876217.0
2020-12-09,106.01,106.6,103.51,104.42,8204104.0
2020-12-10,103.0,105.11,102.2,104.23,7135041.0
2020-12-11,104.01,105.12,103.22,104.03,7492587.0
2020-12-14,103.77,104.9,103.5,103.56,5878013.0
2020-12-15,105.68,106.38,104.42,105.09,7403995.0
2020-12-16,105.65,105.67,103.96,105.2,5986854.0
2020-12-17,104.9,105.32,103.85,103.9,7779301.0
2020-12-18,104.0,104.8,103.16,104.28,7417039.0
2020-12-21,103.56,104.96,103.32,104.83,6116373.0
2020-12-22,105.07,105.22,102.91,103.94,5601057.0
2020-12-23,104.67,104.87,103.6,103.76,3320779.0
2020-12-24,104.76,106.34,104.67,105.97,3172110.0
2020-12-28,107.6,108.17,105.95,106.15,5157016.0
2020-12-29,107.0,107.15,105.22,105.56,4602400.0
2020-12-30,107.7,109.7,107.4,108.9,9571771.0
2020-12-31,109.66,109.67,108.44,109.04,4909503.0
2021-01-04,111.47,114.1,110.44,111.7,11248184.0
2021-01-05,112.41,114.95,112.01,112.77,10583572.0
2021-01-06,113.85,116.39,112.55,115.61,10609283.0
2021-01-07,119.34,122.94,117.59,121.43,13556089.0
2021-01-08,125.91,126.29,116.98,118.69,18976772.0
2021-01-11,119.74,123.6,118.8,122.6,12032650.0
2021-01-12,125.16,125.2,121.68,123.0,14163168.0
2021-01-13,124.4,124.8,118.0,119.23,20650477.0
2021-01-14,123.45,134.65,121.67,126.45,37125416.0
2021-01-15,128.47,128.54,123.21,125.23,17343064.0
2021-01-19,130.59,134.05,128.44,131.3,20443818.0
2021-01-20,135.19,136.13,130.1,130.64,17360739.0
2021-01-21,133.25,135.4,132.34,134.16,15609871.0
2021-01-22,130.04,131.25,128.81,129.14,19163233.0
2021-01-25,131.83,132.17,127.35,130.52,20469346.0
2021-01-26,129.05,129.32,126.25,126.65,17084608.0
2021-01-27,124.95,125.1,121.5,121.74,16732723.0
2021-01-28,124.5,127.58,123.58,125.83,14148052.0
2021-01-29,124.0,124.36,120.55,121.52,15169178.0
2021-02-01,124.54,126.85,123.38,126.66,10179940.0
2021-02-02,129.47,130.25,127.45,128.44,9302368.0
2021-02-03,129.0,129.14,126.06,127.5,9676640.0
2021-02-04,127.5,128.2,125.97,128.15,7445110.0
2021-02-05,128.79,128.88,126.7,127.78,6226765.0
2021-02-08,128.7,133.25,128.7,132.55,11159970.0
2021-02-09,133.98,134.41,131.75,132.68,7929117.0
2021-02-10,134.12,136.0,132.51,133.69,12196266.0
2021-02-11,135.4,139.23,134.06,139.16,12347934.0
2021-02-12,138.91,139.81,137.16,138.06,11114110.0
2021-02-16,141.61,142.19,139.42,140.05,11833592.0
2021-02-17,139.21,139.64,136.1,136.27,12373653.0
2021-02-18,134.85,135.88,133.4,134.63,11614584.0
2021-02-19,136.15,137.95,135.72,136.66,10771927.0
2021-02-22,133.59,135.28,133.18,133.57,10363778.0
2021-02-23,129.1,131.74,125.38,129.1,18444734.0
2021-02-24,129.51,132.38,127.68,132.3,12782875.0
2021-02-25,131.52,131.54,125.72,126.0,13581185.0
2021-02-26,125.43,127.39,122.83,125.94,17280950.0
2021-03-01,129.63,130.3,127.24,129.13,9714884.0
2021-03-02,128.43,128.52,126.0,126.0,8274533.0
2021-03-03,126.72,127.76,122.71,122.89,10660313.0
2021-03-04,121.95,123.15,113.49,115.59,24454247.0
2021-03-05,120.9,121.3,115.38,120.8,17448732.0
2021-03-08,120.54,121.0,113.7,113.93,17246948.0
2021-03-09,117.07,118.4,115.33,116.38,17717113.0
2021-03-10,117.8,118.03,113.41,113.83,15240262.0
2021-03-11,118.24,120.8,117.07,120.58,15091598.0
2021-03-12,119.0,119.0,117.28,118.3,8171001.0
2021-03-15,118.65,119.11,116.71,119.08,8946293.0
2021-03-16,119.72,121.25,118.1,119.35,10793373.0
2021-03-17,117.75,119.52,115.39,118.76,9869563.0
2021-03-18,118.0,118.33,114.1,114.5,10299940.0
2021-03-19,114.38,114.89,113.21,113.63,11535951.0
2021-03-22,114.79,118.33,114.79,117.18,9376422.0
2021-03-23,116.1,116.75,114.61,114.89,8977391.0
2021-03-24,112.47,114.69,108.85,108.96,24196072.0
2021-03-25,108.0,112.75,107.89,110.45,16772398.0
2021-03-26,112.0,116.7,111.2,116.56,12910910.0
2021-03-29,116.55,116.76,112.39,114.39,10863643.0
2021-03-30,115.28,116.09,114.29,115.07,8206164.0
2021-03-31,115.79,118.36,115.56,118.28,9806546.0
2021-04-01,122.81,124.88,121.64,124.8,17904013.0
2021-04-05,127.07,127.4,122.68,124.5,14113892.0
2021-04-06,124.0,124.01,121.54,122.44,13042312.0
2021-04-07,122.44,122.61,119.84,119.89,11193229.0
2021-04-08,121.38,123.82,121.38,123.43,10226706.0
2021-04-09,122.75,123.44,121.7,122.8,8315187.0
2021-04-12,122.21,122.46,119.24,120.9,9868416.0
2021-04-13,122.4,122.9,120.35,121.27,8384755.0
2021-04-14,121.99,122.43,120.5,120.84,9521863.0
2021-04-15,121.7,122.0,116.56,118.35,18709052.0
2021-04-16,119.19,120.6,117.85,118.84,9512086.0
2021-04-19,118.0,118.88,115.2,115.4,12630310.0
2021-04-20,116.05,116.78,114.55,114.95,9299195.0
2021-04-21,114.5,117.49,113.77,117.4,8472229.0
2021-04-22,117.5,117.5,114.41,115.32,7411787.0
2021-04-23,116.58,118.72,115.93,118.64,8386671.0
2021-04-26,120.0,121.54,119.4,121.52,8444012.0
2021-04-27,121.5,121.65,119.89,121.27,5491795.0
2021-04-28,120.0,120.42,118.73,119.66,6476501.0
2021-04-29,120.72,120.83,117.61,119.1,8831780.0
2021-04-30,118.01,118.18,116.65,116.74,7950744.0
2021-05-03,117.47,117.55,115.73,115.94,10229530.0
2021-05-04,115.0,115.82,113.74,115.36,9638315.0
2021-05-05,116.0,116.49,115.38,115.38,4084965.0
2021-05-06,115.3,117.64,114.46,117.0,8581653.0
2021-05-07,118.4,119.42,116.05,116.83,9614315.0
2021-05-10,114.98,115.38,112.23,112.31,12281223.0
2021-05-11,109.73,112.99,109.13,112.85,10007715.0
2021-05-12,109.35,110.09,108.06,108.21,15058920.0
2021-05-13,109.36,111.43,107.9,108.75,10561429.0
2021-05-14,110.61,112.83,110.24,112.46,8425191.0
2021-05-17,109.07,110.03,107.87,109.8,10688635.0
2021-05-18,113.0,113.48,110.74,110.84,7476605.0
2021-05-19,108.5,112.49,108.0,112.4,7280450.0
2021-05-20,112.39,113.72,112.1,113.28,6442494.0
2021-05-21,114.0,114.0,111.69,111.85,5979369.0
2021-05-24,112.26,114.54,112.12,113.63,6650678.0
2021-05-25,114.85,114.94,113.6,114.28,5331665.0
2021-05-26,114.0,116.0,114.0,116.0,6605133.0
2021-05-27,116.0,116.53,115.0,115.77,6513706.0
2021-05-28,116.3,117.84,115.95,117.36,5391713.0
2021-06-01,119.71,120.04,117.43,118.51,7596056.0
2021-06-02,118.9,119.45,117.92,118.95,5383361.0
2021-06-03,118.05,118.26,116.46,116.82,4912170.0
2021-06-04,118.23,119.85,118.05,119.51,5352051.0
2021-06-07,118.14,118.75,117.57,118.22,6266010.0
2021-06-08,117.55,117.68,115.06,115.92,11564751.0
2021-06-09,116.0,117.65,115.97,117.13,6401585.0
2021-06-10,117.04,118.85,116.63,118.24,8566639.0
2021-06-11,118.29,118.42,117.16,118.25,6036625.0
2021-06-14,118.55,121.0,118.46,120.99,7610338.0
2021-06-15,120.35,122.0,119.27,119.45,8196928.0
2021-06-16,119.55,119.9,117.5,118.02,8059377.0
2021-06-17,117.68,120.24,117.59,119.12,7608083.0
2021-06-18,117.51,117.89,115.21,115.79,12532777.0
2021-06-21,115.38,115.4,113.02,114.14,11116212.0
2021-06-22,113.5,114.49,112.01,114.33,11792379.0
2021-06-23,116.2,117.42,115.81,116.05,8913726.0
2021-06-24,116.72,117.67,116.27,117.24,6772228.0
2021-06-25,117.45,117.93,116.53,116.53,6712802.0
2021-06-28,117.29,119.95,117.18,119.61,11026593.0
2021-06-29,119.4,120.29,118.42,120.23,7874887.0
2021-06-30,120.16,120.76,119.01,120.16,7936357.0
2021-07-01,120.1,120.21,118.03,118.42,8295619.0
2021-07-02,118.75,119.18,118.41,118.91,5148281.0
2021-07-06,119.85,120.96,118.22,120.05,7181463.0
2021-07-07,120.64,121.05,118.21,118.25,7391845.0
2021-07-08,115.87,118.28,115.38,117.87,7565354.0
2021-07-09,118.0,120.79,117.62,120.56,8374158.0
2021-07-12,121.19,122.73,119.52,122.63,10668671.0
2021-07-13,123.19,125.48,122.13,123.9,13460157.0
2021-07-14,125.15,125.78,124.07,124.39,10587743.0
2021-07-15,120.12,120.7,116.87,117.53,23734491.0
2021-07-16,118.75,118.99,115.17,115.74,12110018.0
2021-07-19,114.0,115.62,113.23,115.35,9230201.0
2021-07-20,115.88,116.87,114.43,116.4,7108021.0
2021-07-21,116.23,117.87,115.93,117.87,5564738.0
2021-07-22,118.09,118.09,116.21,116.56,5746523.0
2021-07-23,117.65,117.65,115.33,116.79,5773862.0
2021-07-26,115.79,116.1,114.87,115.65,6440613.0
2021-07-27,115.32,115.4,112.05,113.54,11127505.0
2021-07-28,113.94,115.51,113.88,115.07,6819729.0
2021-07-29,116.0,117.11,115.61,116.15,7162034.0
2021-07-30,115.5,117.42,115.19,116.64,6482617.0
2021-08-02,117.5,118.38,116.66,116.86,6028772.0
2021-08-03,117.31,118.64,116.84,118.41,5874719.0
2021-08-04,118.43,119.55,118.28,118.74,4253964.0
2021-08-05,119.07,119.24,118.24,119.22,4452335.0
2021-08-06,118.37,118.6,117.45,118.21,4338144.0
2021-08-09,118.42,118.79,117.32,118.22,4280237.0
2021-08-10,118.5,119.05,114.08,116.36,5132785.0
2021-08-11,116.5,117.29,115.2,115.99,4490350.0
2021-08-12,115.55,115.95,114.44,115.7,6345036.0
2021-08-13,115.07,115.52,114.49,115.5,4593208.0
2021-08-16,115.1,115.48,114.1,114.63,5439250.0
2021-08-17,113.73,113.85,110.75,111.11,13398802.0
2021-08-18,111.74,113.0,110.38,110.45,9167291.0
2021-08-19,109.0,110.97,107.68,110.52,12146912.0
2021-08-20,109.14,109.71,107.73,108.12,13042016.0
2021-08-23,110.08,111.33,109.27,110.96,9533453.0
2021-08-24,111.82,113.07,111.8,112.11,6719811.0
2021-08-25,115.71,119.18,115.61,117.03,22106785.0
2021-08-26,117.98,118.46,116.35,118.1,9892122.0
2021-08-27,118.33,119.3,117.69,118.49,6827711.0
2021-08-30,118.88,119.5,118.47,118.99,6434244.0
2021-08-31,120.01,120.8,118.7,119.01,8424941.0
2021-09-01,120.22,121.36,119.56,120.46,8603893.0
2021-09-02,120.94,121.39,120.46,120.79,6869814.0
2021-09-03,121.58,124.48,121.26,123.97,10369888.0
2021-09-07,124.62,125.28,123.89,124.7,9746856.0
2021-09-08,122.97,123.14,121.23,121.89,7983285.0
2021-09-09,122.19,123.49,121.88,122.68,5101323.0
2021-09-10,123.02,124.33,122.89,122.97,5163940.0
2021-09-13,122.94,124.1,122.2,123.62,6622769.0
2021-09-14,123.63,123.63,122.4,123.09,5110493.0
2021-09-15,122.41,122.5,120.88,121.5,5566531.0
2021-09-16,120.0,121.13,119.35,120.79,7301357.0
2021-09-17,120.19,120.47,117.69,117.75,10729198.0
2021-09-20,115.2,116.01,113.55,114.7,8991029.0
2021-09-21,115.65,115.87,114.55,114.96,8182230.0
2021-09-22,115.23,116.24,114.91,115.87,5345592.0
2021-09-23,116.97,116.97,115.59,116.19,5484707.0
2021-09-24,116.0,116.56,115.53,115.64,4455865.0
2021-09-27,115.7,116.57,115.01,116.15,5198843.0
2021-09-28,114.33,115.04,111.85,111.9,9792250.0
2021-09-29,112.3,112.85,111.02,111.62,6522356.0
2021-09-30,112.43,113.35,111.65,111.65,6437891.0
2021-10-01,112.0,112.3,110.3,111.56,5315200.0
2021-10-04,111.0,111.43,108.52,109.02,8514511.0
2021-10-05,109.8,110.35,109.22,109.26,8039615.0
2021-10-06,108.44,109.52,107.58,109.34,7553611.0
2021-10-07,111.0,111.71,110.49,110.83,7821918.0
2021-10-08,110.98,111.07,109.51,110.04,5143409.0
2021-10-11,110.08,111.71,109.9,110.26,5318487.0
2021-10-12,110.47,111.03,108.56,109.2,9294631.0
2021-10-13,109.32,110.05,108.95,109.98,7845095.0
2021-10-14,114.14,114.74,111.16,112.56,16930481.0
2021-10-15,114.78,114.95,112.96,114.86,11558807.0
2021-10-18,113.42,115.35,113.42,115.34,6773808.0
2021-10-19,115.8,116.98,115.63,116.96,5406087.0
2021-10-20,116.88,117.03,115.55,115.59,8205785.0
2021-10-21,115.01,116.35,114.61,116.29,4640287.0
2021-10-22,116.24,117.15,114.23,114.23,6283013.0
2021-10-25,114.4,114.55,113.11,113.64,6667685.0
2021-10-26,114.94,115.3,113.72,114.18,4852307.0
2021-10-27,114.03,115.06,113.71,113.75,5394494.0
2021-10-28,113.66,116.02,113.54,116.01,5714261.0
2021-10-29,114.07,114.19,113.22,113.7,7118867.0
2021-11-01,113.58,114.34,113.35,114.12,4955700.0
2021-11-02,113.59,114.8,113.54,114.11,4479656.0
2021-11-03,113.44,114.1,112.73,114.01,6073019.0
2021-11-04,113.37,117.85,112.41,117.79,14682844.0
2021-11-05,118.17,119.53,116.25,117.8,8668123.0
2021-11-08,118.39,122.25,117.05,120.91,15776322.0
2021-11-09,121.25,123.27,120.17,121.78,10874127.0
2021-11-10,119.6,120.8,117.68,118.2,9046064.0
2021-11-11,119.26,120.47,117.8,118.19,6993951.0
2021-11-12,118.39,118.82,117.27,118.69,6947202.0
2021-11-15,119.32,119.64,117.51,118.12,5156986.0
2021-11-16,117.69,118.38,117.16,118.08,5555127.0
2021-11-17,118.0,119.55,117.51,119.06,6391350.0
2021-11-18,119.97,123.56,119.8,123.39,13229657.0
2021-11-19,122.03,124.8,122.02,124.26,9076350.0
2021-11-22,123.5,128.09,123.21,124.75,16086015.0
2021-11-23,122.72,123.2,119.52,121.36,10983988.0
2021-11-24,120.0,120.87,118.4,120.71,6992624.0
2021-11-26,117.5,119.04,116.52,117.09,6766865.0
2021-11-29,118.36,119.88,117.9,119.28,7633952.0
2021-11-30,118.1,120.17,115.76,117.15,10561774.0
2021-12-01,119.22,123.51,119.22,120.63,12939395.0
2021-12-02,120.35,123.4,120.02,121.7,8425542.0
2021-12-03,121.0,121.85,117.98,119.33,7809043.0
2021-12-06,118.89,119.5,116.58,119.14,5681181.0
2021-12-07,120.54,122.58,120.26,122.32,7459249.0
2021-12-08,121.63,122.22,120.11,121.8,5795681.0
2021-12-09,121.18,122.09,119.49,119.5,6103894.0
2021-12-10,120.0,120.79,118.24,119.13,5973913.0
2021-12-13,118.86,119.03,116.39,116.42,5854263.0
2021-12-14,115.44,116.98,115.25,116.29,6267349.0
2021-12-15,116.79,120.51,116.48,120.4,6700712.0
2021-12-16,120.34,120.75,116.14,116.57,9116058.0
2021-12-17,116.29,117.49,115.93,116.32,11765679.0
2021-12-20,115.92,116.62,113.91,114.94,6980781.0
2021-12-21,116.07,117.5,115.08,117.44,6122925.0
2021-12-22,116.92,121.44,116.83,121.3,9300126.0
2021-12-23,120.96,121.79,119.84,120.68,6512512.0
2021-12-27,121.22,123.26,121.2,122.7,6316917.0
2021-12-28,123.38,123.66,121.87,122.06,6322707.0
2021-12-29,121.8,123.15,120.97,121.41,5847669.0
2021-12-30,121.0,121.55,120.19,120.42,4187802.0
2021-12-31,121.35,121.75,120.22,120.31,3888151.0
2022-01-03,124.13,129.59,124.0,128.8,18638186.0
2022-01-04,130.87,135.5,130.3,133.4,25554943.0
2022-01-05,130.71,130.88,126.88,127.06,17891191.0
2022-01-06,127.0,129.0,124.81,128.47,16248974.0
2022-01-07,126.55,127.14,123.31,123.5,21248087.0
2022-01-10,125.11,125.87,123.26,125.01,11857712.0
2022-01-11,126.54,129.55,125.5,129.17,12113148.0
2022-01-12,130.5,132.92,130.22,132.23,16389195.0
2022-01-13,140.75,145.0,138.92,139.19,52019992.0
2022-01-14,136.09,143.88,136.09,140.66,28255335.0
2022-01-18,136.75,137.18,133.29,133.83,15202553.0
2022-01-19,134.62,135.9,130.94,131.01,11155139.0
2022-01-20,131.92,132.75,128.2,128.33,11421884.0
2022-01-21,127.08,127.98,124.27,124.53,15573725.0
2022-01-24,123.77,126.07,120.13,125.96,17100523.0
2022-01-25,125.49,125.82,121.7,122.48,11370503.0
2022-01-26,125.38,126.67,121.89,123.08,13592103.0
2022-01-27,124.0,124.14,116.03,116.38,18599845.0
2022-01-28,118.71,119.6,114.19,117.61,14005884.0
2022-01-31,119.52,122.77,118.81,122.63,10189146.0
2022-02-01,122.9,123.24,120.1,123.05,6956333.0
2022-02-02,126.23,126.47,122.55,124.15,8562948.0
2022-02-03,121.45,123.88,119.25,119.84,9926778.0
2022-02-04,120.44,121.83,119.39,121.02,5743240.0
2022-02-07,122.56,124.1,121.88,122.31,6562909.0
2022-02-08,122.0,123.86,121.61,123.71,7036211.0
2022-02-09,124.88,125.55,122.76,125.52,10979701.0
2022-02-10,124.8,128.66,124.36,124.71,10474922.0
2022-02-11,125.5,126.58,120.45,121.01,9845686.0
2022-02-14,119.95,121.55,118.0,119.77,8081751.0
2022-02-15,122.02,124.61,121.46,124.52,9258676.0
2022-02-16,123.14,124.29,121.57,123.6,5749484.0
2022-02-17,122.49,122.75,119.65,119.76,7976737.0
2022-02-18,120.52,120.69,118.45,119.31,8389010.0
2022-02-22,117.5,119.36,115.72,116.91,9793472.0
2022-02-23,118.55,119.43,115.76,115.9,8114717.0
2022-02-24,108.0,111.98,104.38,111.88,27539111.0
2022-02-25,112.29,113.0,109.36,111.23,14258911.0
2022-02-28,109.37,109.77,105.0,107.01,26390834.0
2022-03-01,110.0,111.11,107.05,108.05,20377882.0
2022-03-02,108.4,109.97,107.86,109.61,13342390.0
2022-03-03,109.91,110.0,107.6,108.79,10841731.0
2022-03-04,107.0,108.12,103.81,105.06,22379149.0
2022-03-07,103.29,104.09,99.06,99.29,29422885.0
2022-03-08,100.21,103.11,98.62,100.0,25649964.0
2022-03-09,104.51,105.72,102.76,104.95,14348370.0
2022-03-10,104.19,105.53,102.52,103.96,11811010.0
2022-03-11,105.36,105.36,101.3,101.41,18116439.0
2022-03-14,101.52,101.86,99.07,99.3,17959381.0
2022-03-15,98.03,102.14,97.62,102.09,13415591.0
2022-03-16,102.99,105.79,102.81,105.69,20347066.0
2022-03-17,105.75,106.53,104.75,106.49,8041999.0
2022-03-18,105.71,107.04,104.89,106.72,10218167.0
2022-03-21,106.72,107.22,105.13,106.92,10366071.0
2022-03-22,106.39,107.96,106.23,107.04,10401191.0
2022-03-23,106.5,108.19,105.35,105.35,12905344.0
2022-03-24,106.78,107.98,105.83,107.92,10834029.0
2022-03-25,107.69,107.98,105.84,106.73,7433728.0
2022-03-28,105.62,106.72,104.61,106.33,8151204.0
2022-03-29,107.92,109.76,106.79,109.25,14076209.0
2022-03-30,107.79,109.34,106.51,106.73,15456251.0
2022-03-31,106.96,107.15,104.19,104.26,13021619.0
2022-04-01,105.77,105.95,102.21,102.79,12085100.0
2022-04-04,104.02,105.57,103.28,104.79,9083931.0
2022-04-05,104.48,104.6,102.11,102.5,12290993.0
2022-04-06,100.42,102.14,99.72,101.18,14902562.0
2022-04-07,100.42,101.23,99.65,100.52,12430960.0
2022-04-08,100.62,100.7,99.12,99.29,11796236.0
2022-04-11,98.22,98.38,96.91,97.57,12480480.0
2022-04-12,100.0,100.15,97.44,97.44,13291484.0
2022-04-13,99.8,102.22,99.5,101.5,15776799.0
2022-04-14,104.0,104.5,98.33,98.36,17828483.0
2022-04-18,97.95,99.84,97.47,98.77,10277448.0
2022-04-19,98.44,99.45,97.71,99.45,10103023.0
2022-04-20,100.4,101.0,98.9,99.01,8596861.0
2022-04-21,99.75,100.65,97.41,97.66,13038539.0
2022-04-22,97.03,97.79,95.36,95.68,11650097.0
2022-04-25,95.05,96.28,94.45,96.24,10654403.0
2022-04-26,94.94,95.02,92.77,92.77,14175992.0
2022-04-27,91.84,92.69,90.22,90.26,15846299.0
2022-04-28,92.16,96.2,91.78,95.22,15176158.0
2022-04-29,93.18,95.59,92.77,92.93,10629321.0
2022-05-02,92.5,94.27,91.24,93.76,8251931.0
2022-05-03,92.78,94.05,92.51,93.63,9511887.0
2022-05-04,93.91,96.07,91.92,95.99,9082506.0
2022-05-05,94.04,94.38,91.22,92.15,11517236.0
2022-05-06,91.4,92.88,90.27,91.63,7944884.0
2022-05-09,89.94,90.19,87.01,87.3,11428619.0
2022-05-10,90.02,90.29,88.09,88.82,11690449.0
2022-05-11,88.87,90.57,87.8,87.83,11531266.0
2022-05-12,86.22,88.21,85.39,87.69,11592851.0
2022-05-13,88.87,91.36,88.16,90.96,11180642.0
2022-05-16,89.87,91.37,89.5,90.41,6729129.0
2022-05-17,93.3,93.49,92.37,93.32,7668780.0
2022-05-18,92.07,93.23,90.37,90.53,9610923.0
2022-05-19,89.84,92.1,89.56,90.21,7738979.0
2022-05-20,93.04,93.04,88.83,90.78,10469940.0
2022-05-23,91.02,91.91,90.65,91.5,6920473.0
2022-05-24,89.52,89.8,88.52,88.72,8788577.0
2022-05-25,89.33,90.92,89.04,90.41,9113503.0
2022-05-26,89.41,91.36,89.04,91.0,9762724.0
2022-05-27,92.62,93.82,92.53,93.77,6279008.0
2022-05-31,95.54,96.29,94.51,95.3,9621699.0
2022-06-01,95.6,96.36,93.83,94.75,6152366.0
2022-06-02,93.99,96.37,93.62,96.34,6334967.0
2022-06-03,94.36,94.58,92.9,93.77,9137134.0
2022-06-06,95.0,95.54,92.86,93.11,9440246.0
2022-06-07,92.67,93.86,91.77,93.84,7360186.0
2022-06-08,94.0,94.93,93.14,93.47,6446275.0
2022-06-09,93.0,93.5,90.8,90.85,8091123.0
2022-06-10,90.54,90.72,88.63,88.68,10463738.0
2022-06-13,86.06,86.83,85.02,85.55,14603691.0
2022-06-14,86.74,87.88,86.29,87.19,10449553.0
2022-06-15,87.51,89.81,87.37,89.13,11742543.0
2022-06-16,85.22,85.93,83.99,84.52,10505195.0
2022-06-17,85.0,85.6,83.95,85.0,9735491.0
2022-06-21,86.0,87.75,86.0,86.95,9603974.0
2022-06-22,84.64,86.18,84.55,84.91,7873518.0
2022-06-23,84.13,84.23,82.76,84.12,10370298.0
2022-06-24,84.15,86.55,84.15,85.92,10670085.0
2022-06-27,86.92,87.0,85.58,85.86,7358017.0
2022-06-28,86.15,86.81,84.34,84.34,8290894.0
2022-06-29,84.43,84.61,83.33,83.65,7981289.0
2022-06-30,81.46,82.22,80.12,81.75,14201624.0
2022-07-01,79.04,79.22,76.18,77.0,19531696.0
2022-07-05,74.55,76.15,73.74,76.11,22270972.0
2022-07-06,74.29,76.3,73.78,75.56,11530526.0
2022-07-07,78.6,80.96,78.34,80.65,15847752.0
2022-07-08,79.92,82.16,79.76,81.51,10004173.0
2022-07-11,79.77,80.27,78.82,79.11,9527709.0
2022-07-12,81.16,81.48,78.93,79.1,10363671.0
2022-07-13,79.28,81.72,78.9,81.29,14706500.0
2022-07-14,82.95,84.04,80.51,83.67,23377014.0
2022-07-15,85.58,86.04,83.97,85.63,14061049.0
2022-07-18,86.06,86.08,83.37,83.58,11352457.0
2022-07-19,85.0,86.47,84.56,86.15,10673130.0
2022-07-20,85.18,86.75,85.11,86.56,11664797.0
2022-07-21,86.68,87.8,86.4,87.79,7134954.0
2022-07-22,87.41,87.73,85.8,86.32,8612137.0
2022-07-25,86.3,86.7,85.63,86.3,5960949.0
2022-07-26,84.76,85.2,83.85,84.42,6977686.0
2022-07-27,85.31,87.9,85.31,87.63,9399496.0
2022-07-28,87.13,88.62,86.45,88.61,10668229.0
2022-07-29,87.82,89.21,87.79,88.48,10366204.0
2022-08-01,85.3,86.89,84.3,86.31,20102613.0
2022-08-02,84.52,87.51,84.17,86.05,15541623.0
2022-08-03,85.96,86.77,84.56,86.51,20779410.0
2022-08-04,87.0,88.42,86.62,88.42,13472519.0
2022-08-05,88.03,90.97,88.01,89.77,13293500.0
2022-08-08,88.98,89.1,86.91,87.94,12122334.0
2022-08-09,86.94,87.14,84.44,85.21,13075014.0
2022-08-10,86.81,88.67,86.31,88.67,10704579.0
2022-08-11,89.96,91.0,89.31,89.52,11158789.0
2022-08-12,89.68,91.35,89.64,90.86,12098828.0
2022-08-15,90.01,91.94,90.0,91.57,15949516.0
2022-08-16,91.14,91.35,88.57,89.95,10566123.0
2022-08-17,89.0,89.77,88.48,89.2,9093091.0
2022-08-18,88.71,89.67,88.42,89.27,10947701.0
2022-08-19,88.5,88.59,87.02,87.2,9602761.0
2022-08-22,85.41,86.03,84.94,85.24,8053958.0
2022-08-23,85.16,86.6,84.99,86.03,8462474.0
2022-08-24,85.8,86.13,85.2,85.56,7085798.0
2022-08-25,86.33,87.59,86.01,87.57,6602130.0
2022-08-26,87.5,87.79,84.65,84.74,9381506.0
2022-08-29,83.91,84.32,82.78,82.85,9639661.0
2022-08-30,83.78,83.98,81.73,82.79,8392293.0
2022-08-31,84.11,84.87,83.06,83.35,8887148.0
2022-09-01,81.45,81.83,80.12,81.64,11565973.0
2022-09-02,81.55,82.98,80.61,80.9,8850116.0
2022-09-06,81.03,81.03,79.52,80.03,12428303.0
2022-09-07,78.39,80.17,78.23,79.95,9843466.0
2022-09-08,79.01,80.73,78.77,80.24,8181692.0
2022-09-09,80.83,81.66,80.74,81.53,7086204.0
2022-09-12,81.97,82.5,81.76,82.15,7903004.0
2022-09-13,80.42,81.14,78.52,78.81,12835062.0
2022-09-14,79.74,80.16,78.98,79.66,8849582.0
2022-09-15,78.58,79.25,77.67,77.98,10533054.0
2022-09-16,77.11,78.0,76.92,77.89,10604536.0
2022-09-19,76.55,78.23,76.55,78.23,10378599.0
2022-09-20,77.54,78.44,77.51,78.15,8202782.0
2022-09-21,77.58,79.31,77.14,77.14,10868995.0
2022-09-22,76.45,76.75,75.36,75.63,10817853.0
2022-09-23,74.3,74.39,73.09,73.87,12685532.0
2022-09-26,73.47,74.19,72.92,73.01,13441486.0
2022-09-27,73.51,74.04,72.35,73.03,12430577.0
2022-09-28,71.11,72.29,70.7,72.13,12943618.0
2022-09-29,70.52,70.68,68.48,69.28,16120328.0
2022-09-30,67.81,69.65,67.74,68.56,10472365.0
2022-10-03,68.08,69.57,67.65,69.25,11945087.0
2022-10-04,70.8,72.93,70.72,72.81,14900686.0
2022-10-05,72.92,74.91,72.58,74.48,14037149.0
2022-10-06,73.97,74.92,73.86,74.35,11796844.0
2022-10-07,71.81,72.03,69.75,69.75,14758622.0
2022-10-10,69.85,69.88,67.01,67.44,16042221.0
2022-10-11,64.2,64.91,62.62,63.45,28699310.0
2022-10-12,63.6,64.23,63.37,64.11,16468679.0
2022-10-13,63.06,70.2,62.32,66.62,36639339.0
2022-10-14,67.26,67.45,63.78,63.92,19453090.0
2022-10-17,64.98,65.35,64.04,64.89,11280071.0
2022-10-18,65.9,66.11,62.78,63.71,16656129.0
2022-10-19,62.74,64.11,62.17,63.66,12385218.0
2022-10-20,63.75,65.28,63.38,63.58,11300915.0
2022-10-21,62.02,63.78,62.02,63.75,13699010.0
2022-10-24,60.58,61.62,59.68,61.29,25010771.0
2022-10-25,59.96,61.36,59.51,61.14,21700580.0
2022-10-26,60.86,61.98,60.43,60.84,14048822.0
2022-10-27,61.85,62.45,60.91,60.95,12937561.0
2022-10-28,60.77,62.03,60.07,62.01,11972333.0
2022-10-31,61.59,62.27,61.07,61.55,10802817.0
2022-11-01,63.26,63.43,61.58,61.58,11561899.0
2022-11-02,62.5,62.89,60.52,60.52,16552942.0
2022-11-03,60.0,60.89,59.43,60.28,11040914.0
2022-11-04,61.51,62.5,61.02,62.48,12786052.0
2022-11-07,62.62,62.93,61.97,62.76,8507052.0
2022-11-08,64.37,65.75,64.22,65.02,14102799.0
2022-11-09,66.53,66.6,64.95,65.0,15086801.0
2022-11-10,67.74,70.87,67.32,70.84,21367851.0
2022-11-11,72.74,74.6,72.38,73.83,15524662.0
2022-11-14,73.24,73.68,72.24,72.8,11575276.0
2022-11-15,81.92,82.93,80.01,80.46,48742400.0
2022-11-16,80.56,80.57,78.9,79.45,24006636.0
2022-11-17,79.3,82.94,78.69,81.48,24278444.0
2022-11-18,82.78,82.84,81.0,82.27,18578370.0
2022-11-21,80.81,81.03,79.47,79.93,18659710.0
2022-11-22,81.35,83.19,81.23,82.54,16504724.0
2022-11-23,82.44,82.95,81.73,81.97,14683777.0
2022-11-25,82.14,82.37,81.4,81.4,5908312.0
2022-11-28,80.27,81.08,78.89,79.22,13231081.0
2022-11-29,79.91,80.21,78.96,79.33,11502331.0
2022-11-30,80.63,83.43,80.47,82.98,21667259.0
2022-12-01,83.04,83.63,81.14,82.68,15975133.0
2022-12-02,81.81,82.16,81.15,81.5,10519780.0
2022-12-05,81.94,82.18,80.95,81.62,11523339.0
2022-12-06,81.4,81.44,79.16,79.56,13992139.0
2022-12-07,79.0,79.71,78.59,79.24,14925265.0
2022-12-08,79.45,80.97,79.1,80.8,11197474.0
2022-12-09,80.85,82.19,80.69,80.69,13787901.0
2022-12-12,79.79,80.43,78.8,80.43,11516597.0
2022-12-13,82.09,82.09,79.63,80.51,16938026.0
2022-12-14,80.82,81.51,79.52,80.02,17909974.0
2022-12-15,79.21,79.21,77.39,77.61,17080157.0
2022-12-16,77.61,78.06,76.23,76.3,11929136.0
2022-12-19,76.92,77.12,75.76,76.1,12561296.0
2022-12-20,75.11,76.2,74.9,75.62,12080590.0
2022-12-21,75.86,77.42,75.77,77.14,10806100.0
2022-12-22,76.28,76.43,74.02,75.28,13019652.0
2022-12-23,74.89,75.35,74.17,74.89,7452602.0
2022-12-27,74.33,74.74,74.16,74.32,8974797.0
2022-12-28,74.19,74.55,72.84,73.06,10275692.0
2022-12-29,74.35,76.04,74.15,76.0,11142511.0
2022-12-30,74.29,74.57,73.65,74.49,7784126.0
2023-01-03,75.85,75.97,73.77,74.03,9276191.0
2023-01-04,74.99,76.61,74.47,76.32,12316386.0
2023-01-05,76.0,76.44,75.34,75.73,10039194.0
2023-01-06,76.5,78.74,76.15,78.07,13744129.0
2023-01-09,80.56,81.22,80.06,80.31,22247607.0
2023-01-10,80.51,81.58,80.46,81.27,10269011.0
2023-01-11,81.57,81.89,80.63,81.78,11771417.0
2023-01-12,84.96,88.83,84.42,87.0,36086750.0
2023-01-13,85.41,87.1,84.9,86.8,18719894.0
2023-01-17,86.22,89.73,86.16,88.99,21849956.0
2023-01-18,90.48,91.22,89.36,89.47,19209828.0
2023-01-19,89.03,90.01,88.26,88.4,13651099.0
2023-01-20,90.0,91.03,89.2,91.03,14287246.0
2023-01-23,91.76,95.73,91.72,95.66,22875100.0
2023-01-24,106.43,106.43,91.55,94.56,11370465.0
2023-01-25,92.68,93.0,91.12,92.41,14147280.0
2023-01-26,93.89,94.28,92.64,93.45,15759412.0
2023-01-27,92.82,94.12,92.24,93.3,13646559.0
2023-01-30,92.85,94.25,92.58,93.13,14079798.0
2023-01-31,91.0,92.76,90.0,92.73,13342098.0
2023-02-01,93.0,95.77,92.57,94.74,16788486.0
2023-02-02,96.6,97.5,95.84,96.65,14925277.0
2023-02-03,95.04,96.95,94.31,94.66,12242178.0
2023-02-06,91.8,92.05,90.74,91.83,12425241.0
2023-02-07,91.78,94.7,91.68,94.55,15258858.0
2023-02-08,95.02,95.94,94.23,94.28,12899724.0
2023-02-09,96.0,98.57,95.62,96.69,16997355.0
2023-02-10,95.95,96.5,94.25,95.37,11511442.0
2023-02-13,95.47,96.39,94.91,96.11,7803456.0
2023-02-14,95.82,98.99,95.22,97.96,15345050.0
2023-02-15,92.33,93.68,90.77,92.76,30752027.0
2023-02-16,90.98,91.79,89.88,90.82,15568426.0
2023-02-17,89.97,90.3,88.94,90.1,11235272.0
2023-02-21,88.38,89.42,87.48,87.64,14007605.0
2023-02-22,87.75,88.09,86.66,86.83,10106384.0
2023-02-23,90.3,91.99,89.46,90.08,15468324.0
2023-02-24,88.09,88.15,87.24,88.11,8817618.0
2023-02-27,88.7,88.85,87.24,87.3,10609435.0
2023-02-28,87.14,88.15,86.9,87.07,7520449.0
2023-03-01,89.04,90.04,88.27,88.42,8176749.0
2023-03-02,87.64,89.34,87.12,89.03,9776757.0
2023-03-03,88.67,89.85,87.88,89.79,10844048.0
2023-03-06,90.08,91.33,89.51,89.58,9959998.0
2023-03-07,89.95,90.24,88.3,88.85,8761066.0
2023-03-08,88.35,90.84,88.14,90.83,8813034.0
2023-03-09,89.71,90.69,88.57,88.88,10354665.0
2023-03-10,88.03,89.17,87.2,87.25,11928804.0
2023-03-13,86.38,89.0,86.31,87.74,11847587.0
2023-03-14,88.03,89.63,87.71,89.29,11100110.0
2023-03-15,87.2,87.24,85.44,86.7,12171472.0
2023-03-16,85.95,89.47,85.82,89.3,13188257.0
2023-03-17,89.06,90.03,89.0,89.47,13287742.0
2023-03-20,89.21,90.37,88.66,90.04,8217489.0
2023-03-21,91.0,93.0,90.8,92.5,12299684.0
2023-03-22,93.5,95.03,92.54,92.62,12812373.0
2023-03-23,94.49,95.82,93.43,94.59,11169698.0
2023-03-24,93.95,94.18,92.09,92.79,7655139.0
2023-03-27,92.04,92.18,90.55,90.66,9349773.0
2023-03-28,90.66,90.87,89.92,90.81,7521266.0
2023-03-29,91.76,93.22,91.45,92.76,9264041.0
2023-03-30,93.35,93.52,92.03,92.47,10232790.0
2023-03-31,91.24,93.26,91.13,93.02,8701770.0
2023-04-03,93.01,93.6,91.71,92.84,6863562.0
2023-04-04,93.04,93.28,91.72,92.17,6338442.0
2023-04-05,91.6,92.18,89.05,90.2,9171762.0
2023-04-06,89.66,90.91,89.4,90.24,5874515.0
2023-04-10,88.42,89.03,86.47,89.02,12232876.0
2023-04-11,88.64,89.84,88.47,89.24,11079168.0
2023-04-12,88.91,89.5,86.86,86.87,11299106.0
2023-04-13,86.56,87.63,85.97,87.05,7910506.0
2023-04-14,87.95,88.37,86.54,87.2,7656385.0
2023-04-17,87.75,88.05,87.16,87.99,8163582.0
2023-04-18,88.2,88.4,87.5,88.14,8468232.0
2023-04-19,86.23,87.38,86.04,87.23,11191264.0
2023-04-20,88.32,91.88,88.1,89.29,19206258.0
2023-04-21,87.78,87.91,85.28,85.37,13175396.0
2023-04-24,85.4,85.96,83.99,84.64,10567552.0
2023-04-25,83.27,83.4,82.26,82.29,13423692.0
2023-04-26,82.24,82.38,81.21,82.25,11583451.0
2023-04-27,82.9,83.86,82.16,83.67,10013661.0
2023-04-28,84.48,84.51,83.72,84.3,8262599.0
2023-05-01,84.3,84.69,83.9,83.98,4931139.0
2023-05-02,83.5,84.05,82.55,82.96,6874978.0
2023-05-03,82.62,83.76,82.44,82.7,7151630.0
2023-05-04,83.0,83.76,82.64,83.49,7290557.0
2023-05-05,84.3,85.57,83.75,84.97,6865003.0
2023-05-08,84.5,85.54,84.41,85.54,6746640.0
2023-05-09,85.25,85.48,84.3,85.06,7287804.0
2023-05-10,84.51,85.15,84.17,84.9,7442294.0
2023-05-11,84.14,84.14,82.53,83.43,8730884.0
2023-05-12,83.38,83.93,82.95,83.43,5069826.0
2023-05-15,83.33,85.67,83.23,85.66,8707286.0
2023-05-16,85.69,86.75,85.59,85.88,11286533.0
2023-05-17,88.3,91.8,88.06,90.88,23215574.0
2023-05-18,91.25,93.4,91.07,92.65,14879044.0
2023-05-19,92.13,92.79,91.56,92.58,9295245.0
2023-05-22,92.07,92.44,91.2,91.72,9259822.0
2023-05-23,91.0,91.34,90.33,90.44,7656686.0
2023-05-24,89.28,90.15,89.18,90.13,9443880.0
2023-05-25,97.06,102.37,96.98,100.95,60793166.0
2023-05-26,100.85,104.44,100.73,103.21,26135846.0
2023-05-30,103.79,105.24,101.53,101.98,25247959.0
2023-05-31,99.73,99.98,98.06,98.59,22206683.0
2023-06-01,98.68,100.59,98.6,98.84,14998514.0
2023-06-02,101.25,101.3,98.62,98.94,13085123.0
2023-06-05,98.01,98.81,94.25,98.05,10568514.0
2023-06-06,97.61,100.6,97.42,99.82,13827603.0
2023-06-07,101.38,103.02,99.54,100.29,14367514.0
2023-06-08,98.99,100.7,98.63,99.94,9081050.0
2023-06-09,102.7,104.68,102.25,102.8,14906100.0
2023-06-12,104.34,107.39,104.31,107.06,20578756.0
2023-06-13,110.0,110.69,106.74,106.8,17858602.0
2023-06-14,106.03,107.7,105.22,107.41,12862629.0
2023-06-15,106.27,106.66,105.07,105.18,11987940.0
2023-06-16,105.43,105.75,104.35,104.57,11430776.0
2023-06-20,104.18,104.88,103.07,103.98,9302357.0
2023-06-21,103.15,103.73,101.62,101.64,9340383.0
2023-06-22,101.42,103.43,101.33,103.13,8581952.0
2023-06-23,101.52,102.19,101.01,101.91,8919044.0
2023-06-26,102.02,103.04,100.09,100.11,8560047.0
2023-06-27,101.15,102.79,100.02,102.08,9732034.0
2023-06-28,100.5,101.88,100.22,100.92,8160885.0
2023-06-29,101.34,101.52,100.02,100.64,7383942.0
2023-06-30,101.4,101.89,100.41,100.92,11704648.0
2023-07-03,102.25,103.68,102.07,103.15,5638381.0
2023-07-05,101.4,103.09,100.96,100.99,9014765.0
2023-07-06,99.1,99.56,98.6,99.41,9143570.0
2023-07-07,99.08,101.94,99.0,100.23,8036622.0
2023-07-10,100.25,100.75,99.4,99.77,8041648.0
2023-07-11,102.33,102.33,100.14,101.26,7684553.0
2023-07-12,102.83,104.43,102.76,103.9,10202026.0
2023-07-13,105.0,105.65,102.52,105.57,9265863.0
2023-07-14,106.0,107.3,104.86,105.14,9518336.0
2023-07-17,104.68,105.03,102.59,104.79,10729126.0
2023-07-18,103.69,103.73,102.01,103.15,10355352.0
2023-07-19,103.9,104.79,102.57,103.06,11204828.0
2023-07-20,98.55,100.45,97.05,97.86,22810237.0
2023-07-21,97.88,97.99,96.33,97.25,15381226.0
2023-07-24,97.27,98.27,96.78,98.25,9054912.0
2023-07-25,99.52,100.89,99.11,100.32,9202222.0
2023-07-26,99.49,100.13,98.57,99.41,8993547.0
2023-07-27,101.5,101.76,98.91,99.35,8049784.0
2023-07-28,100.11,100.99,99.78,100.86,6766298.0
2023-07-31,99.18,99.78,98.42,99.15,8654145.0
2023-08-01,99.14,99.19,98.09,98.4,6439692.0
2023-08-02,97.5,97.5,95.21,95.7,9827891.0
2023-08-03,94.84,95.81,94.58,94.98,8603707.0
2023-08-04,95.28,97.58,95.13,96.16,7562649.0
2023-08-07,96.73,96.94,95.23,96.35,6601403.0
2023-08-08,94.88,94.9,93.67,94.49,7659012.0
2023-08-09,95.83,95.85,93.71,93.98,6426862.0
2023-08-10,95.45,95.97,94.28,94.8,7459584.0
2023-08-11,93.5,93.5,91.97,91.99,10658398.0
2023-08-14,91.69,93.29,91.3,93.07,7489675.0
2023-08-15,92.52,92.71,91.49,91.68,6069500.0
2023-08-16,91.44,92.72,91.32,91.78,7439502.0
2023-08-17,92.92,92.92,91.35,91.64,7712486.0
2023-08-18,90.07,91.33,89.56,91.1,9066167.0
2023-08-21,90.5,92.91,90.5,92.56,8618303.0
2023-08-22,93.35,93.49,91.81,92.24,7060063.0
2023-08-23,93.79,95.1,93.24,94.22,10362581.0
2023-08-24,96.53,96.78,92.47,92.53,12254419.0
2023-08-25,92.25,93.41,91.41,93.1,10355952.0
2023-08-28,93.82,94.15,93.25,94.0,5174779.0
2023-08-29,93.77,95.62,93.51,95.08,8910319.0
2023-08-30,95.45,95.92,94.63,94.78,6073414.0
2023-08-31,93.34,94.4,93.27,93.57,8661169.0
2023-09-01,94.3,94.58,93.09,93.19,7094628.0
2023-09-05,93.4,95.05,92.87,94.6,6396488.0
2023-09-06,93.85,93.96,91.59,92.26,7933713.0
2023-09-07,90.07,90.29,88.43,90.05,14684446.0
2023-09-08,90.75,91.07,89.32,89.64,5822265.0
2023-09-11,90.1,90.39,89.16,89.6,7268572.0
2023-09-12,90.46,91.57,90.42,90.48,8242642.0
2023-09-13,90.6,91.89,90.48,91.22,5757807.0
2023-09-14,92.78,92.93,91.27,91.47,6506310.0
2023-09-15,90.51,91.14,88.86,89.25,19940492.0
2023-09-18,88.54,89.67,88.43,88.83,6647388.0
2023-09-19,88.45,88.84,87.79,88.17,7175404.0
2023-09-20,88.52,89.32,87.29,87.29,6939697.0
2023-09-21,86.04,86.14,85.35,85.36,10660422.0
2023-09-22,86.25,86.77,85.45,85.64,7970526.0
2023-09-25,85.39,86.24,85.02,86.24,8758022.0
2023-09-26,84.95,85.23,84.02,84.29,8877634.0
2023-09-27,85.17,85.56,84.1,85.44,7858373.0
2023-09-28,85.25,87.13,84.98,86.41,6647723.0
2023-09-29,87.75,88.03,86.7,86.9,7338288.0
2023-10-02,87.18,88.42,87.02,87.65,6305021.0
2023-10-03,87.0,87.32,85.06,85.41,8201668.0
2023-10-04,85.47,86.76,85.38,86.67,7658502.0
2023-10-05,86.83,87.94,86.53,87.03,6651679.0
2023-10-06,88.09,90.02,87.38,89.29,9777118.0
2023-10-09,88.8,89.34,88.04,88.99,4781316.0
2023-10-10,89.27,90.66,89.14,90.61,7182943.0
2023-10-11,91.26,92.01,90.63,92.0,8051727.0
2023-10-12,92.51,93.44,91.84,92.42,8897784.0
2023-10-13,92.75,92.94,90.2,90.46,7986463.0
2023-10-16,90.48,91.9,90.43,91.22,8791813.0
2023-10-17,89.81,91.7,88.52,91.0,7997066.0
2023-10-18,88.88,90.01,88.58,89.6,9982673.0
2023-10-19,93.09,94.76,92.36,92.91,22751595.0
2023-10-20,92.0,94.32,91.09,91.31,12197289.0
2023-10-23,89.98,92.26,89.1641,91.11,8227866.0
2023-10-24,91.2,92.0,90.86,91.64,7374629.0
2023-10-25,90.8,90.85,86.68,87.64,13027028.0
2023-10-26,87.12,88.14,86.54,87.45,9377157.0
2023-10-27,87.54,87.78,85.89,85.99,12480707.0
2023-10-30,87.31,88.3,86.0,86.06,9785403.0
2023-10-31,86.15,86.43,84.95,86.31,9004821.0
2023-11-01,86.47,87.87,86.34,87.8,9508627.0
2023-11-02,90.4,91.05,89.465,90.48,11031987.0
2023-11-03,91.65,92.45,90.84,91.79,9226676.0
2023-11-06,92.0,92.61,91.29,92.6,8402373.0
2023-11-07,92.25,93.05,91.75,92.41,6241166.0
2023-11-08,93.33,93.44,91.93,92.0,6537251.0
2023-11-09,92.63,93.37,91.6,91.62,8166012.0
2023-11-10,94.04,97.75,93.61,97.44,19292828.0
2023-11-13,97.01,97.18,95.72,96.42,9525849.0
2023-11-14,98.0,99.69,97.95,98.91,13873244.0
2023-11-15,99.95,100.6999,98.42,98.8,10422882.0
2023-11-16,98.24,99.0997,97.91,98.54,8458972.0
2023-11-17,98.94,99.72,98.3215,99.58,7247703.0
2023-11-20,99.9,100.5887,99.54,99.96,6452894.0
2023-11-21,100.0,100.15,98.235,98.41,10112491.0
2023-11-22,98.72,99.65,97.95,98.65,7416354.0
2023-11-24,98.48,98.725,97.47,97.83,4284740.0
2023-11-27,97.42,97.55,96.42,97.21,6855563.0
2023-11-28,97.87,98.25,97.235,97.98,6358022.0
2023-11-29,99.0,99.73,98.6,98.88,7090901.0
2023-11-30,98.925,98.98,96.9,97.31,9681115.0
2023-12-01,97.7,98.78,97.02,98.55,7500388.0
2023-12-04,97.05,97.2,95.2501,97.01,10618644.0
2023-12-05,96.46,97.015,95.88,96.69,8009518.0
2023-12-06,97.8,98.57,97.445,97.85,11262060.0
2023-12-07,97.96,99.64,97.89,99.29,11373515.0
2023-12-08,99.12,100.37,98.945,100.35,10572458.0
2023-12-11,99.57,101.21,99.37,100.95,9482719.0
2023-12-12,100.15,101.65,99.95,101.6,7378574.0
2023-12-13,101.4,102.68,100.905,102.12,8988640.0
2023-12-14,103.35,103.81,102.8,103.45,10074125.0
2023-12-15,103.5,104.755,102.39,102.54,16378979.0
2023-12-18,102.84,103.31,102.08,102.93,5659888.0
2023-12-19,103.24,103.975,103.09,103.87,8498452.0
2023-12-20,102.7,103.085,99.935,100.04,10813960.0
2023-12-21,101.3,102.715,101.16,102.55,9067606.0
2023-12-22,102.93,103.59,102.705,103.15,5566250.0
2023-12-26,103.61,104.9575,103.57,104.45,6407041.0
2023-12-27,105.05,105.37,104.075,104.65,5889558.0
2023-12-28,105.0,105.52,104.7,104.7,5334939.0
2023-12-29,104.72,104.97,103.67,104.0,4409464.0
2024-01-02,102.25,102.62,100.59,101.53,9020794.0
2024-01-03,100.34,101.25,99.661,100.17,6650159.0
2024-01-04,99.53,100.44,99.12,99.13,7996455.0
2024-01-05,99.0,100.64,98.8,99.61,7347234.0
2024-01-08,100.63,102.79,100.5,102.24,12455189.0
2024-01-09,101.05,101.965,100.21,101.89,7763352.0
2024-01-10,102.52,102.7773,99.98,100.8,6975705.0
2024-01-11,101.7,102.16,99.99,101.22,7862651.0
2024-01-12,100.89,102.375,100.87,101.24,6519710.0
2024-01-16,100.53,102.35,100.2,101.67,11185470.0
2024-01-17,100.87,103.325,100.0,102.95,17649454.0
2024-01-18,111.2,113.39,109.48,113.03,58783657.0
2024-01-19,113.22,115.15,111.02,114.2,37812483.0
2024-01-22,114.78,115.1,112.52,113.03,17755535.0
2024-01-23,113.52,114.6199,113.16,114.13,11667845.0
2024-01-24,115.33,118.8455,114.61,116.52,21859171.0
2024-01-25,118.02,118.84,116.48,116.56,15485263.0
2024-01-26,116.9,118.04,116.302,117.26,10196442.0
2024-01-29,117.17,117.8701,115.755,116.98,10041847.0
2024-01-30,116.36,118.01,115.5609,116.06,11030732.0
2024-01-31,113.5,114.74,112.875,112.96,12853848.0
2024-02-01,113.8,114.0325,112.605,113.39,8807565.0
2024-02-02,114.86,115.96,113.9201,115.75,10043956.0
2024-02-05,117.13,119.54,116.58,118.79,13267529.0
2024-02-06,120.12,120.99,118.2768,119.38,11511859.0
2024-02-07,120.01,124.995,120.0,124.98,18172508.0
2024-02-08,127.0,134.75,126.11,133.73,33366701.0
2024-02-09,134.5,135.17,130.59,133.11,16983616.0
2024-02-12,133.27,133.51,130.26,130.46,14203520.0
2024-02-13,127.93,129.92,126.475,127.55,14493520.0
2024-02-14,129.63,130.79,127.96,129.27,13069689.0
2024-02-15,130.8,131.13,128.35,129.03,12553978.0
2024-02-16,127.13,128.64,125.81,126.69,13104152.0
2024-02-20,126.89,127.06,124.145,125.33,12038605.0
2024-02-21,124.43,125.38,122.91,125.34,11578140.0
2024-02-22,129.69,131.48,129.0,129.07,17014082.0
2024-02-23,130.5,131.005,127.73,129.53,10123345.0
2024-02-26,130.02,131.23,128.56,130.64,9526723.0
2024-02-27,130.77,131.97,128.59,128.59,8851779.0
2024-02-28,128.5,128.58,126.65,127.38,6519043.0
2024-02-29,128.03,129.1899,127.15,128.67,9369781.0
2024-03-01,130.13,136.65,130.1,133.9,24392947.0
2024-03-04,139.94,141.99,137.68,138.26,26544607.0
2024-03-05,137.12,137.43,133.73,134.97,13694625.0
2024-03-06,138.8,144.0,138.6115,141.57,22292439.0
2024-03-07,144.9,151.6,144.15,149.2,34675657.0
2024-03-08,153.9,158.4,144.925,146.37,43856824.0
2024-03-11,143.62,144.4,138.93,139.02,29227061.0
2024-03-12,144.52,146.7,140.57,144.4,21218495.0
2024-03-13,143.05,143.23,141.37,142.14,12922950.0
2024-03-14,142.61,143.1,139.02,139.62,14961847.0
2024-03-15,135.44,137.7,134.63,136.98,22751074.0
2024-03-18,140.18,141.54,136.61,136.64,14732786.0
2024-03-19,135.3,136.2731,133.03,134.87,17340933.0
2024-03-20,136.53,137.31,135.01,136.75,12750210.0
2024-03-21,142.55,142.6,139.04,139.45,17809383.0
2024-03-22,139.4,141.34,139.11,140.54,9944035.0
2024-03-25,140.16,141.68,139.26,140.23,9922083.0
2024-03-26,140.61,140.96,138.64,138.84,10786446.0
2024-03-27,138.86,139.28,135.15,136.69,13842062.0
2024-03-28,135.68,136.8,135.44,136.05,10019364.0
2024-04-01,137.29,142.96,137.05,141.49,14222662.0
2024-04-02,140.38,141.04,139.35,140.22,9869172.0
2024-04-03,138.58,142.93,138.39,142.0,9707518.0
2024-04-04,144.0,146.75,139.43,139.66,15759510.0
2024-04-05,140.0,142.0,138.92,141.36,8263641.0
2024-04-08,145.24,146.0,142.76,142.79,16307401.0
2024-04-09,146.26,148.17,142.95,145.4,18487980.0
2024-04-10,146.63,148.43,145.26,146.22,18861324.0
2024-04-11,147.2,147.56,144.13,147.2,11818761.0
2024-04-12,145.0,146.51,142.15,142.52,12024043.0
2024-04-15,145.02,145.48,139.88,140.14,13458780.0
2024-04-16,137.89,140.54,137.06,139.8,14218222.0
2024-04-17,141.13,142.57,137.36,139.03,18823237.0
2024-04-18,132.89,135.13,130.3,132.27,39306149.0
2024-04-19,129.37,131.55,126.64,127.7,28284021.0
2024-04-22,126.75,130.66,125.78,129.75,18556792.0
2024-04-23,131.36,133.71,130.66,133.43,12573756.0
2024-04-24,136.09,136.29,131.54,132.97,15558000.0
2024-04-25,130.0,137.84,128.86,136.58,18034257.0
2024-04-26,136.81,138.7399,135.945,138.3,9452994.0
2024-04-29,138.0,138.65,135.91,138.5,10025907.0
2024-04-30,137.94,139.7,137.26,137.34,10980630.0
2024-05-01,137.42,139.43,133.21,134.94,12573480.0
2024-05-02,135.6,136.74,133.22,136.23,9261896.0
2024-05-03,138.9,142.11,138.76,141.56,13264060.0
2024-05-06,140.47,142.83,139.81,142.83,8601563.0
2024-05-07,141.87,142.295,140.51,141.11,8682941.0
2024-05-08,141.11,144.26,140.8,143.6,10202348.0
2024-05-09,142.94,143.35,141.1301,142.79,8012539.0
2024-05-10,147.22,150.495,146.93,149.26,23671222.0
2024-05-13,148.02,148.44,146.3,146.41,8278701.0
2024-05-14,146.49,152.01,146.25,151.95,12316328.0
2024-05-15,153.36,156.0,152.73,155.58,14027093.0
2024-05-16,154.1,155.055,152.21,152.23,13394140.0
2024-05-17,154.0,154.0,150.84,151.68,7711052.0
2024-05-20,151.67,154.24,150.82,153.55,9261190.0
2024-05-21,152.3,153.99,151.95,153.67,7918503.0
2024-05-22,155.88,157.23,154.5401,156.15,13455201.0
2024-05-23,159.18,160.7799,155.865,157.09,20872874.0
2024-05-24,157.2,160.66,156.71,160.0,11908196.0
2024-05-28,159.68,160.38,157.6,159.41,13964360.0
2024-05-29,156.75,156.88,153.21,154.34,15779975.0
2024-05-30,153.59,154.05,151.89,152.96,9710966.0
2024-05-31,151.48,152.5,147.81,151.04,13782606.0
2024-06-03,155.12,157.15,152.4602,154.95,12924311.0
2024-06-04,153.4,153.79,150.99,152.47,10066704.0
2024-06-05,158.59,163.73,157.95,162.92,23192565.0
2024-06-06,164.52,164.7,160.36,162.07,14819008.0
2024-06-07,163.57,166.1199,161.96,164.39,14023179.0
2024-06-10,164.0,169.84,162.4156,168.16,12438404.0
2024-06-11,168.18,168.405,163.79,165.71,11508554.0
2024-06-12,173.36,176.06,171.535,172.98,20309401.0
2024-06-13,172.95,174.07,170.51,172.91,15591789.0
2024-06-14,172.0,173.64,170.36,172.51,9192483.0
2024-06-17,177.84,178.67,173.48,177.24,18593708.0
2024-06-18,180.02,184.86,178.99,179.69,27155146.0
2024-06-20,182.58,183.1746,173.5,175.38,28403098.0
2024-06-21,172.71,177.48,172.21,173.96,20271302.0
2024-06-24,170.43,171.42,167.121,167.81,19741664.0
2024-06-25,169.95,172.64,169.01,172.6,13480771.0
2024-06-26,172.12,173.69,170.2,172.07,11901357.0
2024-06-27,173.79,175.48,171.15,171.63,10864547.0
2024-06-28,172.81,176.8199,172.81,173.81,11216068.0
2024-07-01,174.24,175.3,170.45,172.33,10716556.0
2024-07-02,171.13,176.71,171.03,175.7,10655461.0
2024-07-03,177.99,182.49,177.88,182.49,11725246.0
2024-07-05,184.14,185.08,182.3,183.99,11372881.0
2024-07-08,190.0,192.8,185.13,186.63,22582307.0
2024-07-09,188.09,188.44,182.5,184.52,19972006.0
2024-07-10,188.28,191.42,186.7,191.05,19293508.0
2024-07-11,193.09,193.47,183.01,184.5,21583897.0
2024-07-12,183.07,190.38,182.75,187.35,19220316.0
2024-07-15,188.68,190.06,184.08,185.22,15683112.0
2024-07-16,188.27,189.59,185.02,186.04,16663311.0
2024-07-17,175.215,176.58,170.51,171.2,45052591.0
2024-07-18,175.5,178.69,164.51,171.87,52903600.0
2024-07-19,169.17,170.52,165.22,165.77,22585018.0
2024-07-22,166.61,170.88,166.18,169.35,21037195.0
2024-07-23,169.42,171.54,167.9666,169.82,11690653.0
2024-07-24,165.09,165.45,159.59,159.8,19536289.0
2024-07-25,158.16,163.4,152.11,160.28,25731598.0
2024-07-26,164.3,164.59,159.19,161.94,13088982.0
2024-07-29,162.68,163.23,158.63,160.01,12662807.0
2024-07-30,160.44,161.1499,152.55,154.54,22017963.0
2024-07-31,163.77,166.65,162.07,165.8,19860383.0
2024-08-01,163.48,167.665,156.84,158.18,21095602.0
2024-08-02,151.25,153.86,146.89,149.86,31095060.0
2024-08-05,133.86,150.0,133.57,147.95,31193147.0
2024-08-06,150.44,157.71,147.72,155.39,24527819.0
2024-08-07,161.55,162.65,154.52,155.04,22379005.0
2024-08-08,159.27,164.75,155.54,164.55,18889531.0
2024-08-09,166.32,167.8,163.24,167.12,20519274.0
2024-08-12,166.0,169.53,165.54,167.63,14727277.0
2024-08-13,168.0,172.45,166.34,172.34,15243472.0
2024-08-14,171.88,172.51,167.19,169.97,11510153.0
2024-08-15,172.43,175.44,170.82,173.96,15393233.0
2024-08-16,173.39,175.0,172.25,174.54,10709630.0
2024-08-19,174.76,175.45,171.1,175.45,11510990.0
2024-08-20,175.4,175.4,169.85,172.04,13555402.0
2024-08-21,170.36,173.08,169.91,171.44,9434341.0
2024-08-22,172.0,173.28,166.06,166.44,13546094.0
2024-08-23,169.0,173.29,167.915,171.28,12189057.0
2024-08-26,170.38,171.05,167.82,169.07,9610946.0
2024-08-27,166.42,170.58,165.04,170.55,9186041.0
2024-08-28,171.32,172.465,166.2,169.2,10581371.0
2024-08-29,168.65,175.42,167.51,169.15,13213084.0
2024-08-30,170.055,172.23,168.75,171.7,9481402.0
2024-09-03,168.0,168.679,159.8,160.49,18463881.0
2024-09-04,159.3,163.88,158.95,160.87,11317355.0
2024-09-05,161.54,164.59,161.05,163.7,10260553.0
2024-09-06,164.89,165.4053,156.01,156.82,14963785.0
2024-09-09,160.76,163.1,160.25,162.78,10338993.0
2024-09-10,162.89,162.89,157.6931,162.43,11910831.0
2024-09-11,163.8,170.38,161.42,170.23,15059547.0
2024-09-12,170.6,172.15,169.0,171.43,13415317.0
2024-09-13,172.24,174.765,171.45,172.5,8787566.0
2024-09-16,169.91,170.56,166.77,169.08,12194259.0
2024-09-17,169.35,170.2402,166.355,167.35,8582645.0
2024-09-18,168.46,171.6,167.0,167.28,9115969.0
2024-09-19,174.38,177.78,172.63,176.22,15854348.0
2024-09-20,174.87,176.02,173.6501,174.08,18429770.0
2024-09-23,174.84,175.4,173.7,174.76,5793823.0
2024-09-24,179.5,182.78,177.05,181.97,14575960.0
2024-09-25,181.52,183.82,181.21,182.35,8280693.0
2024-09-26,188.495,189.33,183.8,186.83,15103399.0
2024-09-27,185.84,185.94,177.4,177.97,17908180.0
2024-09-30,174.27,176.82,171.93,173.67,13561649.0
2024-10-01,175.31,175.99,170.78,172.07,11849835.0
2024-10-02,172.96,176.9739,170.7899,175.8,11164285.0
2024-10-03,175.8,180.79,175.1218,179.48,12555033.0
2024-10-04,179.7,181.23,177.55,181.16,10001845.0
2024-10-07,181.6,185.0,180.93,184.51,12054137.0
2024-10-08,184.96,186.54,182.03,186.05,10393983.0
2024-10-09,187.8,188.0,182.26,187.14,11924943.0
2024-10-10,185.86,187.08,184.4,185.78,6443789.0
2024-10-11,188.17,191.4899,188.01,190.81,12163854.0
2024-10-14,190.61,194.25,190.5029,192.21,11714318.0
2024-10-15,192.96,193.62,184.25,187.13,21812639.0
2024-10-16,189.78,190.01,186.66,187.48,18689222.0
2024-10-17,203.35,212.6,201.97,205.84,62274668.0
2024-10-18,205.95,205.95,200.76,200.78,21030823.0
2024-10-21,200.81,203.44,199.66,201.95,14819878.0
2024-10-22,199.07,200.17,197.11,198.48,11165072.0
2024-10-23,196.68,203.13,196.23,200.86,16535448.0
2024-10-24,198.96,200.5,197.41,197.93,9935061.0
2024-10-25,200.25,205.2,200.0,203.44,13434474.0
2024-10-28,199.26,199.74,194.5201,194.68,20135246.0
2024-10-29,194.39,198.79,193.6,196.94,13778811.0
2024-10-30,194.38,195.45,192.61,194.48,10007656.0
2024-10-31,192.86,192.86,187.66,190.54,13062587.0
2024-11-01,194.2,198.17,192.55,192.95,12690927.0
2024-11-04,193.7,194.36,190.6,191.56,10917268.0
2024-11-05,193.58,198.34,193.49,195.76,10339147.0
2024-11-06,192.04,194.26,188.5,193.22,19834867.0
2024-11-07,196.31,202.01,196.25,201.19,14865161.0
2024-11-08,203.89,206.61,200.02,201.2,13112041.0
2024-11-11,197.96,198.2,191.49,194.05,16609950.0
2024-11-12,193.83,194.0,189.72,191.77,11818521.0
2024-11-13,192.443,192.48,186.5,186.66,13881957.0
2024-11-14,188.4,192.66,187.535,188.5,11453728.0
2024-11-15,188.18,188.8,184.81,186.01,9834659.0
2024-11-18,184.35,188.0,183.49,187.48,10693904.0
2024-11-19,189.13,190.02,188.02,189.67,9389966.0
2024-11-20,188.85,188.85,184.06,188.36,10624402.0
2024-11-21,189.41,192.3,186.74,191.24,18137015.0
2024-11-22,192.95,193.0,189.43,190.08,8838783.0
2024-11-25,188.09,188.25,183.71,185.08,14379931.0
2024-11-26,185.4,185.9,182.33,183.84,10185983.0
2024-11-27,182.0,182.45,178.05,181.19,9895201.0
2024-11-29,181.51,186.95,181.18,184.66,8003843.0
2024-12-02,189.34,195.29,188.94,194.4,16646721.0
2024-12-03,193.5,199.0,192.6,198.89,11217280.0
2024-12-04,199.85,202.6,198.27,200.69,12760960.0
2024-12-05,201.25,205.63,200.75,204.3,12483655.0
2024-12-06,202.0,203.19,199.93,203.02,9672870.0
2024-12-09,200.93,203.125,198.98,199.17,9699652.0
2024-12-10,199.1,199.91,190.37,191.94,15307898.0
2024-12-11,194.67,196.0,193.26,194.6,9026657.0
2024-12-12,194.63,195.42,191.29,191.46,7944938.0
2024-12-13,198.51,202.54,197.27,200.99,19476976.0
2024-12-16,203.2,205.5,200.87,202.22,15139257.0
2024-12-17,201.0,202.4,197.47,200.66,11169165.0
2024-12-18,203.0,205.24,193.96,195.56,14720941.0
2024-12-19,198.4,198.57,193.95,194.64,10553381.0
2024-12-20,192.6,198.08,191.98,197.21,16170140.0
2024-12-23,201.0,208.0499,200.905,207.36,17846416.0
2024-12-24,205.92,207.2,204.55,206.33,6895243.0
2024-12-26,205.5,208.16,202.89,203.06,8052877.0
2024-12-27,204.5,204.5,199.05,201.63,10664156.0
2024-12-30,199.84,201.967,198.48,200.39,11234483.0
2024-12-31,200.79,201.78,197.36,197.49,6427576.0
2025-01-02,197.0,203.7699,196.69,201.58,10951371.0
2025-01-03,204.1,208.8,203.7,208.61,10261779.0
2025-01-06,218.77,222.2,215.693,220.01,24339947.0
2025-01-07,221.24,221.48,211.32,211.42,17009934.0
2025-01-08,209.97,210.3,205.92,207.12,13261916.0
2025-01-10,207.6,209.9791,203.23,208.37,17265186.0
2025-01-13,200.52,203.59,200.05,201.36,16612199.0
2025-01-14,205.185,206.26,198.5,201.45,14182833.0
2025-01-15,202.49,209.04,199.35,206.8,18286302.0
2025-01-16,218.89,221.95,213.17,214.79,38539551.0
2025-01-17,215.17,215.68,211.06,211.5,21606016.0
2025-01-21,214.46,220.15,212.05,218.7,19061278.0
2025-01-22,221.95,225.43,219.31,223.2,17294110.0
2025-01-23,220.1,224.7,219.41,224.62,8986786.0
2025-01-24,226.22,226.4,220.96,221.88,13183682.0
2025-01-27,197.04,207.0,187.665,192.31,68667305.0
2025-01-28,195.65,202.84,192.46,202.4,31738636.0
2025-01-29,204.49,206.45,199.75,202.33,15199478.0
2025-01-30,206.57,209.62,205.4161,208.15,13538581.0
2025-01-31,209.93,215.0,208.2,209.32,15781793.0
2025-02-03,199.63,204.99,197.98,199.8,17719749.0
2025-02-04,204.07,205.75,202.08,204.05,12692871.0
2025-02-05,206.0,210.48,203.83,208.57,10997694.0
2025-02-06,210.055,211.18,207.0,210.5,8491377.0
2025-02-07,213.01,213.18,205.72,206.12,11616013.0
2025-02-10,208.0,209.98,206.53,207.95,9296464.0
2025-02-11,205.13,209.84,201.0,208.74,9224415.0
2025-02-12,204.9,207.0691,203.01,206.38,7373673.0
2025-02-13,201.88,202.3,199.23,201.83,15580854.0
2025-02-14,199.98,206.25,197.4605,203.9,23220142.0
2025-02-18,204.755,205.85,200.52,202.74,14988087.0
2025-02-19,202.01,202.6,200.02,200.95,13163071.0
2025-02-20,200.28,200.34,197.61,200.1,10639108.0
2025-02-21,201.33,202.69,196.01,198.24,13757211.0
2025-02-24,196.88,198.79,191.46,191.65,15113972.0
2025-02-25,190.65,193.53,187.468,189.37,20580775.0
2025-02-26,191.09,196.08,191.09,194.62,14111954.0
2025-02-27,194.69,194.77,181.08,181.09,24218649.0
2025-02-28,179.31,182.16,175.52,180.53,27929414.0
2025-03-03,181.15,181.57,171.07,172.97,37402927.0
2025-03-04,175.06,183.6,174.18,180.0,29394938.0
2025-03-05,183.0,184.74,180.72,184.28,17333992.0
2025-03-06,178.575,181.55,175.79,175.85,17864207.0
2025-03-07,175.79,178.47,171.02,177.1,21012684.0
2025-03-10,172.47,174.89,167.91,170.65,18265029.0
2025-03-11,170.65,173.3346,168.1,170.97,16561128.0
2025-03-12,175.6,178.13,174.76,177.17,14737441.0
2025-03-13,173.89,173.89,170.5,171.59,14381570.0
2025-03-14,172.65,174.37,171.9309,174.09,11449401.0
2025-03-17,173.95,177.16,173.82,176.24,9678106.0
2025-03-18,174.38,174.5755,170.4324,173.13,9986008.0
2025-03-19,173.0,175.73,171.74,173.76,10677928.0
2025-03-20,174.85,178.67,174.55,177.47,12209683.0
2025-03-21,174.91,177.2,173.7918,176.73,9993224.0
2025-03-24,179.99,182.925,179.675,181.16,11439476.0
2025-03-25,182.47,182.51,179.8,180.9,8718570.0
2025-03-26,179.23,179.55,171.4662,173.5,14644437.0
2025-03-27,171.39,171.61,167.55,168.24,17559055.0
2025-03-28,168.04,168.63,164.06,165.25,16331894.0
2025-03-31,160.36,166.13,159.73,166.0,19408073.0
2025-04-01,166.39,168.87,165.06,168.64,9179746.0
2025-04-02,166.85,171.75,166.345,170.39,10072120.0
2025-04-03,160.06,161.8,157.21,157.38,28370455.0
2025-04-04,150.89,151.31,144.84,146.8,36084882.0
2025-04-07,134.51,153.75,134.25,146.17,46388223.0
2025-04-08,151.98,152.61,138.98,141.37,30479635.0
2025-04-09,140.2,160.62,137.9,158.75,45612516.0
2025-04-10,155.5,156.0,146.91,151.13,24503418.0
2025-04-11,156.0,158.01,153.25,157.08,19631942.0
2025-04-14,158.3,158.59,154.03,155.84,17509261.0
2025-04-15,156.485,158.25,156.05,157.33,14306630.0
2025-04-16,150.6,153.54,148.49,151.67,23806066.0
2025-04-17,156.05,157.5,151.4469,151.74,27239720.0
2025-04-21,149.99,150.28,145.84,147.86,15170378.0
2025-04-22,148.0,152.5996,147.4401,151.4,12668372.0
2025-04-23,159.37,160.38,156.0,157.81,17667929.0
2025-04-24,157.78,164.55,157.39,164.18,18761145.0
2025-04-25,163.93,165.91,161.16,165.1,14654765.0
2025-04-28,165.0,165.32,160.5,163.4,11415588.0
2025-04-29,164.38,166.0,163.5,164.48,9829158.0
2025-04-30,163.54,166.92,161.75,166.69,10072948.0
2025-05-01,172.8,174.78,170.95,172.72,22670584.0
2025-05-02,179.795,180.65,177.14,179.28,21691142.0
2025-05-05,179.0,180.08,176.25,176.4,14618718.0
2025-05-06,172.6,174.74,170.5884,172.28,14565567.0
2025-05-07,174.1,175.98,171.37,174.54,9703864.0
2025-05-08,175.34,177.45,173.66,175.22,10342904.0
2025-05-09,179.8,180.46,176.47,176.52,11582575.0
2025-05-12,187.28,189.17,184.61,186.98,22064866.0
2025-05-13,187.72,194.28,187.72,193.99,19995920.0
2025-05-14,195.28,196.22,193.23,194.76,12358821.0
2025-05-15,193.1,194.49,191.63,194.22,10241659.0
2025-05-16,194.53,195.08,192.57,194.22,9146534.0
2025-05-19,189.0,193.5,188.8107,193.5,10144437.0
2025-05-20,191.8,193.73,190.81,193.45,7054072.0
2025-05-21,193.1,195.27,190.53,191.76,7375505.0
2025-05-22,191.34,196.83,191.335,196.19,11824890.0
2025-05-23,192.02,192.8,190.03,191.98,9402634.0
2025-05-27,194.095,198.31,193.7,197.68,12227913.0
2025-05-28,196.09,198.065,195.48,196.14,17787540.0
2025-05-29,199.46,199.8,196.08,197.15,14624296.0
2025-05-30,195.77,195.91,190.56,193.32,11998267.0
2025-06-02,193.035,195.16,192.195,194.84,7447356.0
2025-06-03,194.345,198.1685,193.64,197.61,9548310.0
2025-06-04,201.38,204.03,200.38,202.4,13531098.0
2025-06-05,204.88,205.76,202.28,203.34,12242036.0
2025-06-06,203.58,206.29,203.23,205.18,8531575.0
2025-06-09,206.4,209.27,205.87,207.0,11472058.0
2025-06-10,211.605,213.23,209.96,212.46,14513777.0
2025-06-11,215.0,217.43,212.95,214.1,13326277.0
2025-06-12,212.92,215.88,211.91,215.43,9796134.0
2025-06-13,210.11,213.26,209.4,211.1,10152487.0
2025-06-16,213.0,217.6,212.73,215.68,10932848.0
2025-06-17,213.89,215.94,213.5,213.9,8389256.0
2025-06-18,214.695,215.1651,212.89,213.5,6931874.0
2025-06-20,215.2,215.4978,208.15,209.51,16992022.0
2025-06-23,206.63,210.59,206.2015,210.32,7535471.0
2025-06-24,214.39,220.365,213.88,220.09,14814662.0
2025-06-25,220.8,223.5,220.8,222.74,9168001.0
2025-06-26,224.98,225.22,222.6956,224.01,7982207.0
2025-06-27,224.3,228.88,224.03,228.57,13132896.0
2025-06-30,227.44,228.15,224.8,226.49,9279481.0
2025-07-01,227.425,228.6,221.18,224.68,9990080.0
2025-07-02,224.48,233.82,224.0,233.6,12012438.0
2025-07-03,233.87,237.58,233.27,234.8,7711786.0
2025-07-07,231.63,232.55,227.44,229.17,13817071.0
2025-07-08,229.78,230.33,227.535,227.86,8854245.0
2025-07-09,230.45,233.27,230.24,231.84,9475330.0
2025-07-10,232.78,233.05,227.77,229.76,13124702.0
2025-07-11,231.0,232.27,229.4001,230.4,8817677.0
2025-07-14,229.33,229.85,226.31,228.67,10673243.0
2025-07-15,234.46,237.71,233.85,236.95,14269726.0
2025-07-16,236.395,238.31,234.15,237.56,15092753.0
2025-07-17,245.79,248.28,241.39,245.6,27395684.0
2025-07-18,245.31,245.97,238.69,240.4,16252017.0
2025-07-21,240.12,242.34,238.71,238.85,11971785.0
2025-07-22,237.83,238.0,231.76,234.6,11919503.0
2025-07-23,238.52,240.5,236.38,240.33,9885370.0
2025-07-24,240.205,241.95,238.03,241.6,9081676.0
2025-07-25,241.32,246.24,240.94,245.6,11593000.0
2025-07-28,243.0,243.95,241.05,242.75,11892202.0
2025-07-29,241.495,243.97,239.82,241.33,9411525.0
2025-07-30,242.12,244.57,241.22,242.91,6823590.0
2025-07-31,245.98,247.41,239.8,241.62,13490362.0
2025-08-01,235.62,237.19,231.8401,235.21,13549696.0
2025-08-04,237.91,239.0,236.39,239.0,6450722.0
2025-08-05,238.325,238.63,230.17,232.47,11868807.0
2025-08-06,231.03,232.2,228.82,231.37,9457103.0
2025-08-07,244.47,247.84,240.8,242.62,17690931.0
2025-08-08,243.16,243.16,238.97,241.83,10552345.0
2025-08-11,242.04,245.35,241.54,242.09,8272863.0
2025-08-12,243.72,244.77,241.7,244.29,7301871.0
2025-08-13,246.43,246.43,239.94,241.44,7971839.0
2025-08-14,237.97,241.38,236.82,241.0,11040463.0
2025-08-15,240.33,240.8,237.26,238.88,8155343.0
2025-08-18,239.99,242.8575,239.99,241.41,6919755.0
2025-08-19,240.02,240.165,232.58,232.7,14594510.0
2025-08-20,228.14,229.03,223.7,228.6,17164855.0
2025-08-21,228.15,230.33,226.26,227.33,7449124.0
2025-08-22,228.0,234.4493,226.17,232.99,10299326.0
2025-08-25,234.3,237.275,232.2501,235.59,7654949.0
2025-08-26,236.37,238.83,235.73,238.72,9793068.0
2025-08-27,236.87,239.4,235.4356,239.29,9516349.0
2025-08-28,236.295,240.66,236.0,238.27,8466211.0
2025-08-29,235.84,235.95,230.58,230.87,15525936.0
2025-09-02,226.15,229.34,225.6301,228.39,13974801.0
2025-09-03,231.515,232.445,228.6,231.39,7198304.0
2025-09-04,231.35,235.31,230.3,235.21,6241740.0
2025-09-05,240.24,244.55,237.9,243.41,14056566.0
2025-09-08,241.99,247.88,241.62,247.19,12986496.0
2025-09-09,246.93,254.7299,246.93,250.92,13443213.0
2025-09-10,258.87,264.58,257.75,260.44,18822237.0
2025-09-11,260.345,261.64,258.2301,258.91,10004967.0
2025-09-12,260.85,260.95,258.38,259.33,8496504.0
2025-09-15,260.0,262.8,258.75,261.38,8147715.0
2025-09-16,265.92,266.4383,260.61,262.06,10381798.0
2025-09-17,264.34,264.81,259.73,262.79,10421841.0
2025-09-18,258.0,270.54,257.98,268.64,16917295.0
2025-09-19,266.37,266.57,262.8102,264.87,17640244.0
2025-09-22,266.54,276.36,265.45,272.63,15629991.0
2025-09-23,282.395,286.0,280.0,282.71,17830324.0
2025-09-24,280.305,281.21,276.7177,280.71,10230848.0
2025-09-25,273.12,277.14,270.19,276.66,11863319.0
2025-09-26,273.89,275.5,270.62,273.36,10451886.0
2025-09-29,276.49,279.87,273.23,273.23,8045933.0
2025-09-30,275.32,279.49,273.83,279.29,8348591.0
2025-10-01,278.435,290.48,277.17,288.47,14619996.0
2025-10-02,296.52,296.72,287.031,288.11,10197936.0
2025-10-03,292.86,296.0634,290.49,292.19,10572491.0
2025-10-06,300.01,307.3,299.935,302.4,15785026.0
2025-10-07,306.62,307.1,293.28,294.03,13080935.0
2025-10-08,295.0,306.4,293.98,304.52,12821175.0
2025-10-09,302.305,302.83,297.42,299.88,10259859.0
2025-10-10,299.955,300.2,280.33,280.66,23397964.0
2025-10-13,298.235,304.63,292.32,302.89,20318220.0
2025-10-14,295.63,301.75,291.3426,295.94,16567714.0
2025-10-15,306.285,306.61,300.07,304.71,20788021.0
2025-10-16,310.93,311.3685,296.69,299.84,26341085.0
2025-10-17,298.395,303.3,294.915,295.08,17633125.0
2025-10-20,300.0,303.65,297.06,297.7,13391600.0
2025-10-21,299.0,299.37,293.655,294.51,11190436.0
2025-10-22,293.0,295.2,284.4,288.88,15408907.0
2025-10-23,289.8,294.09,289.63,290.73,10379718.0
2025-10-24,295.57,297.9499,294.3897,294.96,8746630.0
2025-10-27,298.65,300.48,293.69,298.25,13615029.0
2025-10-28,298.315,302.13,296.08,301.53,11803704.0
2025-10-29,305.8,307.96,302.38,305.09,16176951.0
2025-10-30,303.08,307.31,300.8248,303.22,14507078.0
2025-10-31,305.99,307.675,296.675,300.43,12667723.0
2025-11-03,302.59,310.12,302.12,304.86,12466592.0
2025-11-04,296.88,301.99,293.51,294.05,16224239.0
2025-11-05,292.62,298.2185,291.5,293.64,10502502.0
2025-11-06,294.1,294.64,287.3811,289.24,11516841.0
2025-11-07,285.21,287.885,277.13,286.5,15715681.0
2025-11-10,294.36,297.13,291.75,295.27,10869178.0
2025-11-11,292.06,294.92,288.91,291.17,9666223.0
2025-11-12,293.7,294.87,289.58,290.62,9715883.0
2025-11-13,289.17,289.4998,280.0,282.2,13827602.0
2025-11-14,275.91,286.86,273.23,284.82,11486811.0
2025-11-17,281.44,286.53,279.8,282.01,10227124.0
2025-11-18,277.55,280.19,272.72,277.91,11850366.0
2025-11-19,276.92,284.5489,276.32,282.37,11179138.0
2025-11-20,292.21,292.85,276.41,277.5,15747324.0
2025-11-21,272.81,278.6887,266.82,275.06,20872828.0
2025-11-24,273.19,285.06,273.19,284.64,13570246.0
2025-11-25,282.73,285.4,273.08,284.68,13726771.0
2025-11-26,289.1025,292.81,287.73,289.96,12220196.0
2025-11-28,292.48,292.67,289.0,291.51,5466864.0
2025-12-01,286.92,291.1599,283.19,287.68,7712979.0
2025-12-02,292.0,294.5,289.18,292.09,10746372.0
2025-12-03,292.18,296.6225,286.07,295.45,9599221.0
2025-12-04,293.98,294.03,290.2,292.93,6752992.0
2025-12-05,296.05,300.8,293.25,294.72,10275297.0
2025-12-08,301.2,302.62,296.72,301.87,16643092.0
2025-12-09,299.99,304.68,298.5,303.41,11349062.0
2025-12-10,305.37,313.98,302.5,310.14,12429117.0
2025-12-11,305.32,305.84,299.64,304.85,15028266.0
2025-12-12,304.28,304.28,290.976,292.04,19306080.0
2025-12-15,295.145,295.8,287.55,287.74,12082441.0
2025-12-16,287.26,288.46,283.32,286.87,11418409.0
2025-12-17,288.525,289.1,275.0773,276.96,16823004.0
2025-12-18,285.0,287.16,281.7501,284.68,11260315.0
2025-12-19,286.38,292.17,286.38,288.95,12735793.0
2025-12-22,294.67,295.01,291.21,293.28,6091071.0
2025-12-23,293.395,297.91,292.2001,296.95,6802120.0
2025-12-24,297.74,299.16,296.2301,298.8,2733207.0
2025-12-26,299.9,303.38,298.52,302.84,5125913.0
2025-12-29,301.78,304.5,298.65,300.92,6205093.0
2025-12-30,302.36,304.55,299.45,299.58,6190555.0
2025-12-31,304.0,307.39,303.43,303.89,8175071.0
2026-01-02,311.98,321.59,311.7,319.61,18526885.0
2026-01-05,330.4,331.25,321.5,322.25,17446228.0
2026-01-06,330.22,333.08,324.59,327.43,15599605.0
2026-01-07,324.67,326.3,318.544,318.68,11744818.0
2026-01-08,324.39,324.5,316.14,318.01,10850694.0
2026-01-09,319.83,324.77,318.2501,323.63,12325121.0
2026-01-12,322.1,333.55,321.06,331.77,12714728.0
2026-01-13,332.87,336.42,330.78,331.21,11473571.0
2026-01-14,329.86,329.86,324.82,327.11,11210825.0
2026-01-15,342.805,351.33,337.92,341.64,42188476.0
2026-01-16,346.51,349.85,341.46,342.4,18246104.0
2026-01-20,340.79,342.15,326.9,327.16,22809905.0
2026-01-21,333.43,333.64,325.68,326.12,16789742.0
2026-01-22,333.42,335.05,326.9,327.37,12800946.0
2026-01-23,332.07,337.15,331.3701,334.87,12904448.0
2026-01-26,332.79,335.1,330.23,332.71,8646389.0
2026-01-27,336.5,341.25,334.56,338.34,11298067.0
2026-01-28,343.03,345.5,338.66,342.3,12139963.0
2026-01-29,339.8,343.74,328.2,339.55,13844749.0
2026-01-30,335.42,339.9,329.1,330.56,12028079.0
2026-02-02,330.755,344.2,329.1,341.36,12459064.0
2026-02-03,345.07,347.0475,330.02,335.75,12540016.0
2026-02-04,335.6,338.8,319.07,325.74,18175947.0
2026-02-05,322.82,334.57,319.65,330.73,14812040.0
2026-02-06,337.5,349.72,336.65,348.85,17025482.0
2026-02-09,348.76,359.6,347.8,355.41,14594921.0
2026-02-10,364.33,364.7613,356.39,361.91,14622120.0
2026-02-11,370.075,379.58,368.39,374.09,18651330.0
2026-02-12,379.0,380.0,322.1,368.1,16835434.0
2026-02-13,369.15,371.1099,360.77,366.36,10468110.0
2026-02-17,361.865,366.2,356.24,364.2,10063801.0
2026-02-18,363.86,369.3899,360.71,362.26,7310453.0
2026-02-19,359.72,362.8,357.44,360.39,6346478.0
2026-02-20,359.78,372.2,359.1,370.54,9009238.0
2026-02-23,367.01,373.4299,366.46,370.04,9550216.0
2026-02-24,379.4,389.18,376.05,385.75,13269449.0
2026-02-25,390.205,390.205,384.83,387.73,10948333.0
2026-02-26,386.18,386.4746,369.7,376.81,14535742.0
2026-02-27,370.14,376.68,368.62,374.58,9186555.0
2026-03-02,365.36,373.1,364.65,369.11,12571575.0
2026-03-03,349.55,355.98,344.14,353.13,18580173.0
2026-03-04,357.43,361.09,354.55,357.44,12131050.0
2026-03-05,354.9,359.47,343.8,353.86,16249803.0
2026-03-06,343.5,348.7199,336.69,338.89,13802796.0
2026-03-09,335.6,349.4,331.92,348.7,19182763.0
2026-03-10,348.47,353.5,344.31,347.09,12985600.0
2026-03-11,353.93,357.35,350.3601,354.56,10683251.0
2026-03-12,345.93,346.89,336.38,336.71,17549420.0
2026-03-13,343.92,344.5169,336.22,338.31,17299795.0
2026-03-16,341.25,344.63,339.82,340.23,11123530.0
2026-03-17,340.6,346.76,338.4,345.98,11434509.0
2026-03-18,345.775,347.95,339.335,339.57,12632615.0
2026-03-19,329.22,339.9,325.19,338.79,15411566.0
2026-03-20,336.68,337.6,325.9,329.24,17424150.0
2026-03-23,331.1,343.41,331.1,338.45,15857138.0
2026-03-24,335.57,344.88,334.02,343.25,9724971.0
2026-03-25,346.0,350.445,343.5,347.75,12166926.0
2026-03-26,339.82,340.91,325.37,326.11,14560149.0
2026-03-27,324.83,329.56,322.3101,326.74,14484463.0
2026-03-30,327.2,329.6,313.8,316.5,15739942.0
2026-03-31,322.31,338.41,321.1437,337.95,18487965.0
2026-04-01,343.9,348.68,339.75,341.49,15011588.0
2026-04-02,326.84,342.07,326.8,339.04,8994572.0
2026-04-06,339.75,344.2,338.62,341.76,5884771.0
2026-04-07,339.44,345.53,335.6501,345.32,6823526.0
2026-04-08,370.29,374.3,359.235,365.9,16356896.0
2026-04-09,363.3,368.17,360.72,365.49,9245935.0
2026-04-10,375.59,378.0,369.75,370.6,13168104.0
2026-04-13,370.26,371.46,366.05,369.57,9596214.0
2026-04-14,379.04,382.16,373.22,379.89,12859541.0
2026-04-15,381.41,381.98,372.21,375.1,14955467.0
2026-04-16,368.86,370.2,360.55,363.35,26405768.0
2026-04-17,373.2,375.58,365.14,370.5,18419412.0
2026-04-20,369.22,370.07,364.25,366.24,11638293.0
2026-04-21,368.08,370.75,365.11,368.08,9808112.0
2026-04-22,371.78,387.91,370.64,387.44,16317146.0
2026-04-23,384.25,388.76,375.81,382.66,12224889.0
2026-04-24,396.14,409.49,393.85,402.46,21603513.0
2026-04-27,413.75,414.5,400.4,404.98,16561216.0
2026-04-28,392.12,397.87,384.7,392.34,14715775.0
2026-04-29,392.91,395.8474,388.18,393.83,10312926.0
2026-04-30,397.805,398.79,385.71,396.06,12788131.0
2026-05-01,393.44,403.99,392.13,397.67,9926383.0
2026-05-04,404.515,407.7,395.2,401.61,9978542.0
2026-05-05,404.595,406.129,392.6001,394.41,14578982.0
2026-05-06,402.4,419.7,400.65,419.5,17736380.0
2026-05-07,418.09,420.0,408.11,414.15,13403161.0
2026-05-08,416.95,417.0,400.88,411.68,18531148.0
2026-05-11,406.74,407.73,398.19,404.54,14679983.0
2026-05-12,397.75,402.235,386.12,397.28,18121738.0
2026-05-13,398.265,404.6799,391.47,399.8,13127807.0
2026-05-14,403.205,421.97,402.1,417.72,18577046.0
2026-05-15,406.5,409.87,398.83,404.35,11868600.0
2026-05-18,406.88,406.88,391.05,395.95,12117190.0
2026-05-19,389.51,398.875,385.06,392.61,14083019.0
2026-05-20,397.0,403.88,395.95,401.62,10254236.0
2026-05-21,399.505,411.46,399.505,407.15,8937804.0
2026-05-22,409.43,410.67,402.86,404.52,7111864.0
2026-05-26,413.12,416.49,410.07,412.32,10131931.0
2026-05-27,427.015,430.55,415.3822,422.73,14695616.0
2026-05-28,422.22,427.5969,414.71,424.86,8905837.0
2026-05-29,427.07,430.44,417.25,418.45,11232258.0
2026-06-01,424.88,449.39,422.5,435.63,18040410.0
2026-06-02,440.58,448.38,436.01,446.69,10147907.0
2026-06-03,449.99,450.1636,434.525,436.69,10245239.0
2026-06-04,430.6334,448.01,427.3,444.92,10974146.0
2026-06-05,429.77,433.9,412.79,415.17,19644058.0
2026-06-08,423.77,433.81,422.53,426.8,11245365.0
2026-06-09,430.88,438.1603,405.51,427.92,21199424.0
2026-06-10,413.955,426.32,407.7,408.75,13139680.0
2026-06-11,413.255,422.25,408.86,421.07,13826458.0
2026-06-12,420.05,426.94,417.21,423.93,10362449.0
2026-06-15,438.68,442.58,431.9286,441.4,11184886.0
2026-06-16,436.02,440.33,425.2,425.83,10943399.0
2026-06-17,434.75,442.5,431.64,432.15,10934060.0
2026-06-18,438.88,465.22,438.39,462.12,25817069.0
2026-06-22,476.09,476.79,465.17,467.67,13686183.0
2026-06-23,439.18,447.3333,434.19,436.39,20364414.0
2026-06-24,433.975,443.86,432.575,440.83,9991124.0
2026-06-25,452.9,452.9,432.44,434.99,14812386.0
2026-06-26,425.0,436.13,419.19,432.35,17973999.0
2026-06-29,437.0,456.1,431.09,455.1,14881356.0
2026-06-30,455.605,479.0,453.0,477.57,15074273.0
2026-07-01,467.67,468.51,443.47,444.23,18534835.0
2026-07-02,450.54,461.47,429.5,434.16,18424796.0
2026-07-06,447.775,460.03,445.6,451.79,12788419.0
2026-07-07,438.02,439.8,428.11,432.57,14898365.0
2026-07-08,429.0,440.49,428.75,436.98,11411244.0
2026-07-09,446.725,447.69,436.39,436.96,11455474.0
2026-07-10,438.665,439.655,428.1,434.11,9595082.0
2026-07-13,433.82,437.99,420.29,421.58,14329820.0
2026-07-14,430.87,431.055,418.86,420.39,14279000.0
2026-07-15,425.75,428.89,410.75,419.48,17012234.0
2026-07-16,405.29,415.95,403.5,409.74,24891227.0
2026-07-17,392.12,404.7,386.02,398.37,20986429.0
