date,open,high,low,close,volume
2015-01-02,406.0,436.0,400.6,412.2,46300.0
2015-01-05,423.2,448.8,421.8,443.0,62000.0
2015-01-06,440.0,468.4,434.2,452.6,80600.0
2015-01-07,439.0,448.6,431.6,437.6,50300.0
2015-01-08,420.4,422.0,407.6,409.6,46900.0
2015-01-09,405.0,428.8,404.8,425.6,56400.0
2015-01-12,428.6,456.2,427.8,445.8,40600.0
2015-01-13,435.2,470.2,430.0,458.6,60900.0
2015-01-14,480.0,484.4,464.8,466.8,90000.0
2015-01-15,461.6,482.4,455.2,481.2,56700.0
2015-01-16,482.2,491.6,466.2,471.0,62200.0
2015-01-20,457.0,482.8,456.4,466.8,58300.0
2015-01-21,472.2,478.4,444.2,444.2,128500.0
2015-01-22,432.0,448.4,415.6,416.2,57100.0
2015-01-23,422.2,428.4,410.0,426.8,40200.0
2015-01-26,422.6,431.2,407.0,407.6,35800.0
2015-01-27,428.0,432.4,413.2,425.2,65100.0
2015-01-28,414.0,465.2,414.0,461.2,82600.0
2015-01-29,460.8,477.2,442.8,445.6,88900.0
2015-01-30,460.0,493.0,451.4,491.0,76300.0
2015-02-02,474.8,496.6,463.8,464.2,71600.0
2015-02-03,455.8,460.2,440.4,442.2,53000.0
2015-02-04,447.6,456.8,434.8,454.6,63200.0
2015-02-05,448.6,449.0,434.6,437.6,61200.0
2015-02-06,432.0,465.8,429.2,456.4,93600.0
2015-02-09,464.8,468.4,456.8,458.6,50100.0
2015-02-10,447.8,456.4,438.6,441.2,59300.0
2015-02-11,445.4,451.4,442.2,443.0,52700.0
2015-02-12,432.8,435.2,414.8,416.8,68300.0
2015-02-13,414.2,422.6,409.4,411.8,50300.0
2015-02-17,415.6,418.6,409.6,412.8,48100.0
2015-02-18,417.8,418.4,407.6,409.2,42500.0
2015-02-19,413.8,414.0,400.0,400.2,44000.0
2015-02-20,408.0,410.4,382.8,385.8,57600.0
2015-02-23,390.0,392.4,385.6,387.2,37500.0
2015-02-24,386.2,386.2,369.0,371.0,82300.0
2015-02-25,372.2,377.6,356.8,373.6,80300.0
2015-02-26,372.6,379.6,364.4,369.0,66500.0
2015-02-27,368.8,372.0,361.6,367.6,57400.0
2015-03-02,365.4,366.6,354.8,354.8,86000.0
2015-03-03,358.6,371.8,356.8,362.6,52400.0
2015-03-04,368.0,375.8,361.2,361.6,78600.0
2015-03-05,359.6,364.6,356.6,356.8,47000.0
2015-03-06,362.2,375.0,357.4,373.2,63600.0
2015-03-09,370.4,373.0,364.2,368.0,50100.0
2015-03-10,378.4,384.4,375.8,379.8,78400.0
2015-03-11,380.2,391.2,379.2,388.0,72400.0
2015-03-12,381.2,381.6,364.4,365.0,60200.0
2015-03-13,366.6,383.0,364.8,373.4,65400.0
2015-03-16,368.8,369.8,361.0,365.0,52300.0
2015-03-17,369.8,372.4,361.8,362.6,43600.0
2015-03-18,365.4,367.8,344.2,347.0,114600.0
2015-03-19,352.6,356.2,346.2,347.6,62200.0
2015-03-20,343.2,346.0,331.6,342.0,95600.0
2015-03-23,339.2,339.8,331.8,335.8,56100.0
2015-03-24,336.2,338.0,327.6,334.0,65400.0
2015-03-25,332.6,349.8,330.8,349.4,105600.0
2015-03-26,356.2,359.4,344.2,346.4,127000.0
2015-03-27,346.6,347.4,340.8,342.2,44900.0
2015-03-30,334.0,334.8,330.0,331.6,66100.0
2015-03-31,333.0,342.2,332.4,340.2,62400.0
2015-04-01,341.0,351.2,339.8,340.0,71000.0
2015-04-02,337.8,339.2,332.0,333.2,46900.0
2015-04-06,336.4,337.6,323.0,325.2,64100.0
2015-04-07,323.4,325.4,320.0,325.4,48300.0
2015-04-08,322.8,325.2,318.2,319.0,53600.0
2015-04-09,317.4,321.0,307.6,308.0,72100.0
2015-04-10,305.2,305.6,294.0,294.4,72500.0
2015-04-13,290.4,304.8,287.6,302.0,69400.0
2015-04-14,305.6,307.6,296.4,299.0,58300.0
2015-04-15,295.0,295.4,289.2,292.4,54500.0
2015-04-16,293.2,294.6,283.8,286.4,46400.0
2015-04-17,295.8,304.2,294.2,295.8,106800.0
2015-04-20,290.4,291.6,284.4,286.2,54300.0
2015-04-21,283.0,289.4,281.8,286.2,48100.0
2015-04-22,285.0,290.2,281.8,283.2,56200.0
2015-04-23,285.0,285.8,278.0,280.6,62900.0
2015-04-24,279.0,281.0,276.8,277.6,37000.0
2015-04-27,275.4,287.8,274.4,286.2,48200.0
2015-04-28,287.8,295.4,275.6,275.6,68900.0
2015-04-29,282.8,287.8,277.2,283.2,70700.0
2015-04-30,287.0,296.6,283.8,290.8,65800.0
2015-05-01,286.8,287.0,276.4,276.4,63300.0
2015-05-04,274.6,280.2,272.6,277.2,41400.0
2015-05-05,278.8,286.6,276.6,286.2,70200.0
2015-05-06,282.8,300.4,282.0,291.4,65000.0
2015-05-07,292.8,296.6,286.4,288.8,55400.0
2015-05-08,278.0,279.6,272.8,274.0,80200.0
2015-05-11,274.8,281.6,273.8,281.4,42500.0
2015-05-12,286.0,289.6,278.6,280.2,59800.0
2015-05-13,277.6,280.6,274.4,275.2,57900.0
2015-05-14,272.2,273.2,269.4,269.4,67200.0
2015-05-15,268.8,272.6,267.0,267.0,53800.0
2015-05-18,267.2,267.6,256.2,258.4,67100.0
2015-05-19,257.0,260.2,252.6,254.6,60000.0
2015-05-20,253.8,258.6,253.0,255.2,47100.0
2015-05-21,257.0,257.8,247.0,247.8,52100.0
2015-05-22,247.8,249.6,245.6,248.4,28600.0
2015-05-26,251.4,260.6,250.4,258.4,71400.0
2015-05-27,256.0,257.2,247.0,248.6,49500.0
2015-05-28,251.4,255.0,250.0,251.6,45900.0
2015-05-29,252.4,256.4,249.6,253.0,71500.0
2015-06-01,250.2,254.4,247.8,250.8,50900.0
2015-06-02,253.0,256.2,250.2,254.6,47500.0
2015-06-03,252.6,254.2,249.6,250.2,55700.0
2015-06-04,253.6,260.0,252.4,258.6,91800.0
2015-06-05,259.2,261.2,253.4,254.0,74500.0
2015-06-08,255.2,261.2,254.8,259.4,51600.0
2015-06-09,260.4,262.8,255.0,256.2,74100.0
2015-06-10,252.8,253.0,244.6,245.6,76000.0
2015-06-11,242.6,243.6,238.8,240.2,69500.0
2015-06-12,243.4,247.8,242.6,243.2,54600.0
2015-06-15,249.6,254.0,248.0,253.8,95900.0
2015-06-16,256.2,257.2,247.6,248.6,87700.0
2015-06-17,247.8,253.6,245.4,247.8,54800.0
2015-06-18,244.8,245.2,238.0,241.0,79700.0
2015-06-19,241.0,244.2,240.2,243.6,52400.0
2015-06-22,237.0,238.8,232.0,232.2,64700.0
2015-06-23,230.6,231.2,226.0,226.0,70700.0
2015-06-24,227.4,230.8,224.4,230.8,52200.0
2015-06-25,228.6,233.6,226.6,232.4,55200.0
2015-06-26,231.4,235.8,229.6,231.0,42700.0
2015-06-29,246.0,273.0,241.6,270.4,197500.0
2015-06-30,256.0,280.8,255.4,268.4,185600.0
2015-07-01,253.6,262.8,249.4,249.8,121200.0
2015-07-02,249.6,270.4,248.8,265.8,136700.0
2015-07-06,278.2,280.8,266.6,272.6,126500.0
2015-07-07,272.0,287.2,258.2,258.2,128300.0
2015-07-08,269.8,284.6,266.4,284.2,200500.0
2015-07-09,268.2,288.2,267.8,286.0,136400.0
2015-07-10,271.4,280.0,263.6,264.2,85400.0
2015-07-13,249.8,251.0,237.2,238.8,100400.0
2015-07-14,239.2,240.2,231.8,236.4,54100.0
2015-07-15,236.0,241.4,232.4,235.8,72100.0
2015-07-16,228.4,228.6,219.8,220.4,117100.0
2015-07-17,219.2,221.6,218.0,218.6,71400.0
2015-07-20,218.4,219.4,213.2,217.8,51900.0
2015-07-21,216.6,219.8,215.6,215.8,51300.0
2015-07-22,221.4,221.8,212.8,214.6,72300.0
2015-07-23,212.6,220.8,211.6,217.4,50500.0
2015-07-24,218.2,227.4,215.6,224.8,82400.0
2015-07-27,233.6,241.2,230.4,236.6,91400.0
2015-07-28,229.4,235.0,216.8,218.6,100300.0
2015-07-29,217.6,218.8,213.4,215.2,81000.0
2015-07-30,216.4,220.6,213.0,213.8,57100.0
2015-07-31,212.4,216.4,210.6,213.4,59400.0
2015-08-03,213.0,218.8,209.8,210.4,86100.0
2015-08-04,211.4,215.0,209.2,211.2,45300.0
2015-08-05,210.2,212.4,206.4,209.0,50900.0
2015-08-06,209.8,221.0,209.6,217.0,92500.0
2015-08-07,216.6,221.0,213.8,215.0,96000.0
2015-08-10,209.6,209.6,206.6,207.0,72600.0
2015-08-11,215.0,220.4,212.0,216.6,100400.0
2015-08-12,228.2,232.0,214.4,216.0,152400.0
2015-08-13,214.2,218.2,210.8,213.6,66000.0
2015-08-14,212.8,216.4,211.4,213.2,51000.0
2015-08-17,215.2,217.4,210.4,210.6,75400.0
2015-08-18,211.6,214.2,209.6,213.0,52000.0
2015-08-19,216.2,222.2,210.6,217.0,161900.0
2015-08-20,226.4,237.2,223.4,236.0,201900.0
2015-08-21,247.8,275.6,240.8,275.2,426600.0
2015-08-24,359.4,376.0,287.4,324.4,455700.0
2015-08-25,290.2,354.2,288.8,353.6,182800.0
2015-08-26,323.2,361.6,317.6,320.2,115200.0
2015-08-27,307.2,348.8,306.8,328.6,102600.0
2015-08-28,339.6,361.0,334.4,344.8,247500.0
2015-08-31,349.4,360.6,344.8,357.8,162300.0
2015-09-01,390.8,419.4,380.2,408.6,275300.0
2015-09-02,386.4,402.0,365.8,366.2,293500.0
2015-09-03,354.2,374.6,339.2,363.8,65100.0
2015-09-04,381.6,399.2,372.6,390.4,158200.0
2015-09-08,367.4,372.6,355.2,356.8,257500.0
2015-09-09,337.2,367.0,336.6,364.0,271500.0
2015-09-10,375.2,377.2,355.2,355.2,422300.0
2015-09-11,357.2,362.8,346.6,347.0,173100.0
2015-09-14,346.6,355.0,346.0,347.8,167600.0
2015-09-15,342.4,344.6,312.2,312.8,264300.0
2015-09-16,301.4,311.2,295.2,295.4,55600.0
2015-09-17,293.0,299.6,266.8,292.6,254000.0
2015-09-18,321.2,332.8,310.0,328.4,264400.0
2015-09-21,318.8,322.4,306.0,306.6,196500.0
2015-09-22,322.8,340.6,317.6,324.4,326800.0
2015-09-23,324.6,329.2,314.4,317.4,186300.0
2015-09-24,333.2,349.0,323.6,326.0,285300.0
2015-09-25,313.0,342.4,312.4,334.4,194500.0
2015-09-28,346.4,367.0,343.0,357.8,164500.0
2015-09-29,353.8,367.0,345.0,358.2,159300.0
2015-09-30,342.6,351.8,339.2,341.6,126800.0
2015-10-01,341.6,353.2,337.4,337.6,144700.0
2015-10-02,350.2,353.6,320.0,320.4,214700.0
2015-10-05,313.2,314.2,300.0,302.4,194100.0
2015-10-06,301.4,310.0,296.8,305.4,126900.0
2015-10-07,301.4,308.4,297.0,298.0,111800.0
2015-10-08,296.6,300.2,280.0,283.6,162700.0
2015-10-09,282.4,292.0,279.6,283.4,99400.0
2015-10-12,282.8,285.2,263.4,265.8,75300.0
2015-10-13,272.0,281.2,262.4,280.6,85700.0
2015-10-14,282.6,292.8,277.2,285.6,112200.0
2015-10-15,279.0,282.0,263.8,265.4,126900.0
2015-10-16,260.6,272.0,260.2,262.4,145700.0
2015-10-19,263.0,263.8,243.4,243.6,102100.0
2015-10-20,246.6,256.6,242.8,252.8,58400.0
2015-10-21,250.0,271.4,246.8,270.4,109300.0
2015-10-22,263.0,263.2,245.2,245.8,122100.0
2015-10-23,240.0,253.0,239.2,247.8,136100.0
2015-10-26,251.6,257.0,248.6,256.2,73100.0
2015-10-27,260.0,260.0,250.4,250.8,66900.0
2015-10-28,250.0,258.4,243.2,243.6,82700.0
2015-10-29,247.6,251.8,244.4,246.6,95100.0
2015-10-30,247.8,251.0,244.0,250.6,50400.0
2015-11-02,250.4,251.0,235.8,237.6,74900.0
2015-11-03,240.2,244.0,236.8,242.6,50500.0
2015-11-04,240.8,253.0,240.4,250.6,56800.0
2015-11-05,250.4,254.8,244.6,245.2,64500.0
2015-11-06,246.0,251.4,240.0,240.0,84500.0
2015-11-09,241.4,256.8,240.2,253.2,97700.0
2015-11-10,255.8,257.0,244.2,245.6,52600.0
2015-11-11,243.8,251.2,243.2,251.0,29700.0
2015-11-12,257.6,274.0,254.8,273.2,144000.0
2015-11-13,274.8,293.2,272.6,292.0,242100.0
2015-11-16,290.8,293.2,262.0,262.6,115700.0
2015-11-17,259.6,281.8,258.2,277.0,71700.0
2015-11-18,271.4,272.0,258.0,258.6,168600.0
2015-11-19,261.0,270.6,260.0,267.8,75600.0
2015-11-20,259.6,260.8,255.4,258.4,101300.0
2015-11-23,257.0,259.6,250.2,251.8,63700.0
2015-11-24,258.6,261.4,250.2,253.0,75100.0
2015-11-25,252.0,254.2,248.0,249.2,44800.0
2015-11-27,249.0,252.0,248.0,251.4,20600.0
2015-11-30,249.8,253.0,248.0,249.8,59900.0
2015-12-01,246.8,249.0,239.0,239.4,73000.0
2015-12-02,240.0,250.2,235.8,248.4,60900.0
2015-12-03,244.2,272.4,243.0,266.6,122400.0
2015-12-04,258.4,260.6,241.8,241.8,131300.0
2015-12-07,242.8,256.2,242.6,248.0,100200.0
2015-12-08,258.2,261.4,249.8,255.4,100100.0
2015-12-09,259.0,273.6,249.4,266.2,205700.0
2015-12-10,267.0,272.2,260.0,269.4,86800.0
2015-12-11,283.8,315.2,280.8,309.8,189700.0
2015-12-14,307.2,322.8,284.8,287.4,224500.0
2015-12-15,277.2,286.6,271.8,275.6,203800.0
2015-12-16,266.0,272.6,252.4,256.8,236600.0
2015-12-17,255.0,271.0,255.0,268.0,141400.0
2015-12-18,276.8,291.6,273.8,289.8,217500.0
2015-12-21,278.4,289.2,275.6,275.8,102600.0
2015-12-22,267.2,270.4,259.2,261.8,106700.0
2015-12-23,256.0,261.6,253.8,255.8,135800.0
2015-12-24,257.8,261.2,256.8,260.2,34000.0
2015-12-28,265.2,270.0,257.2,257.4,89700.0
2015-12-29,253.4,255.6,251.6,253.2,74800.0
2015-12-30,256.2,261.4,255.6,260.6,69300.0
2015-12-31,263.8,266.8,259.4,266.6,138000.0
2016-01-04,287.6,296.6,282.2,284.0,298300.0
2016-01-05,277.0,285.8,272.2,274.2,220900.0
2016-01-06,292.6,292.8,282.2,283.2,216600.0
2016-01-07,302.0,317.8,294.6,313.6,266300.0
2016-01-08,302.0,334.2,298.8,329.8,318000.0
2016-01-11,326.6,354.8,316.4,319.4,519000.0
2016-01-12,305.8,324.8,303.2,303.8,244700.0
2016-01-13,298.2,340.6,297.4,335.2,322900.0
2016-01-14,331.4,347.2,313.8,322.6,342700.0
2016-01-15,358.4,366.8,344.8,354.8,774100.0
2016-01-19,340.8,371.0,340.8,354.6,445100.0
2016-01-20,366.0,394.4,355.8,364.0,394000.0
2016-01-21,360.0,377.8,349.8,362.4,364700.0
2016-01-22,344.6,349.0,331.6,332.0,211700.0
2016-01-25,336.0,349.8,331.0,347.8,186900.0
2016-01-26,343.2,347.6,331.2,331.6,126700.0
2016-01-27,335.4,350.0,324.6,345.4,206800.0
2016-01-28,334.0,348.8,331.4,334.2,162200.0
2016-01-29,331.2,332.8,319.0,319.8,116200.0
2016-02-01,321.8,327.0,312.6,315.8,90700.0
2016-02-02,326.4,339.6,325.8,336.8,148400.0
2016-02-03,331.6,356.0,331.2,333.0,185100.0
2016-02-04,337.2,341.0,328.4,336.2,131700.0
2016-02-05,335.2,355.2,335.2,349.6,164700.0
2016-02-08,363.4,381.0,359.2,366.4,197500.0
2016-02-09,380.6,382.4,362.0,369.6,160800.0
2016-02-10,362.8,372.8,355.8,372.2,164400.0
2016-02-11,397.8,408.8,386.2,395.2,352100.0
2016-02-12,383.0,392.4,377.6,378.8,108400.0
2016-02-16,365.2,371.6,359.8,361.2,105300.0
2016-02-17,352.8,355.8,345.0,346.6,99700.0
2016-02-18,344.4,351.6,340.6,345.8,92300.0
2016-02-19,352.0,355.0,336.4,336.8,96300.0
2016-02-22,327.0,328.4,317.4,317.8,101000.0
2016-02-23,321.8,335.0,319.8,334.0,100500.0
2016-02-24,347.6,353.4,330.0,331.6,122200.0
2016-02-25,329.2,335.2,319.8,319.8,69900.0
2016-02-26,315.0,327.6,313.4,324.8,112000.0
2016-02-29,323.6,330.2,314.6,329.2,124800.0
2016-03-01,321.4,325.0,301.0,301.0,169900.0
2016-03-02,301.8,306.6,295.4,295.4,141300.0
2016-03-03,297.2,299.4,283.2,286.0,131500.0
2016-03-04,281.2,292.4,279.8,289.2,170600.0
2016-03-07,295.2,296.4,283.4,290.0,173000.0
2016-03-08,296.0,301.8,291.8,301.0,185600.0
2016-03-09,297.8,303.2,295.4,297.0,162400.0
2016-03-10,292.2,305.4,283.0,291.2,286100.0
2016-03-11,284.8,286.0,276.8,277.0,123100.0
2016-03-14,278.8,280.8,270.8,272.2,79000.0
2016-03-15,280.4,281.6,275.8,276.2,100700.0
2016-03-16,280.2,280.2,263.8,266.4,250800.0
2016-03-17,266.4,267.8,255.0,258.0,128500.0
2016-03-18,255.0,261.2,251.6,256.0,129900.0
2016-03-21,256.2,256.8,248.0,248.8,99200.0
2016-03-22,252.0,252.8,243.6,245.2,112200.0
2016-03-23,248.0,258.4,247.8,257.2,115200.0
2016-03-24,266.4,268.0,255.4,255.8,127500.0
2016-03-28,253.2,257.2,248.2,252.2,82800.0
2016-03-29,253.0,255.0,237.2,237.4,198700.0
2016-03-30,233.8,237.4,227.8,231.8,123700.0
2016-03-31,234.0,236.8,228.8,233.6,109100.0
2016-04-01,240.8,242.4,226.0,226.4,120700.0
2016-04-04,226.0,233.6,225.0,232.8,159200.0
2016-04-05,241.4,247.0,238.2,245.8,165700.0
2016-04-06,244.8,246.6,229.4,229.6,136800.0
2016-04-07,236.6,256.2,233.6,250.8,215500.0
2016-04-08,241.8,249.6,237.8,244.6,189100.0
2016-04-11,240.4,248.2,237.4,248.0,120300.0
2016-04-12,247.8,253.6,237.4,239.6,190500.0
2016-04-13,234.2,234.8,227.4,228.0,140500.0
2016-04-14,227.2,231.0,224.0,227.0,90900.0
2016-04-15,226.4,228.8,223.6,224.0,120500.0
2016-04-18,226.8,226.8,209.4,210.0,194900.0
2016-04-19,209.2,216.6,206.0,212.0,226600.0
2016-04-20,209.0,214.2,207.2,213.2,202300.0
2016-04-21,215.4,220.4,213.6,217.2,198000.0
2016-04-22,218.4,220.0,210.8,211.6,149200.0
2016-04-25,215.0,218.8,213.4,214.0,226400.0
2016-04-26,211.4,212.8,208.0,209.6,119600.0
2016-04-27,212.6,213.6,201.2,203.4,224600.0
2016-04-28,207.4,216.8,199.6,215.2,238300.0
2016-04-29,218.0,232.0,215.4,222.0,349400.0
2016-05-02,218.0,220.2,206.8,209.0,217700.0
2016-05-03,215.2,222.6,214.2,218.4,272100.0
2016-05-04,224.0,226.0,219.6,221.2,151400.0
2016-05-05,216.8,224.4,216.0,221.2,204000.0
2016-05-06,222.0,222.2,210.4,211.2,176300.0
2016-05-09,209.0,209.6,202.0,206.6,145000.0
2016-05-10,201.2,201.4,196.0,196.4,187500.0
2016-05-11,196.8,204.4,193.8,203.2,180500.0
2016-05-12,200.4,208.8,197.2,200.4,228700.0
2016-05-13,200.8,209.4,196.6,207.6,225900.0
2016-05-16,206.0,206.2,195.6,198.0,211300.0
2016-05-17,199.8,209.8,198.6,206.8,258500.0
2016-05-18,207.4,210.6,199.6,206.2,493400.0
2016-05-19,209.8,217.8,206.6,207.2,466600.0
2016-05-20,202.8,203.2,199.0,199.8,220000.0
2016-05-23,199.6,201.0,196.2,198.6,141200.0
2016-05-24,196.0,196.2,188.2,190.2,190700.0
2016-05-25,187.4,188.8,183.2,186.8,167700.0
2016-05-26,186.4,187.2,184.0,184.8,121000.0
2016-05-27,183.4,184.0,179.6,179.8,174800.0
2016-05-31,177.2,184.8,176.4,179.6,242600.0
2016-06-01,182.6,184.4,177.0,177.6,234500.0
2016-06-02,180.0,182.0,173.2,173.2,220000.0
2016-06-03,176.2,181.2,171.4,172.2,269500.0
2016-06-06,171.4,174.4,169.4,170.2,226300.0
2016-06-07,168.8,170.8,166.8,170.4,212600.0
2016-06-08,170.2,173.2,169.0,171.6,162400.0
2016-06-09,175.0,177.0,172.8,174.6,213700.0
2016-06-10,182.8,191.4,181.6,190.4,404700.0
2016-06-13,199.0,219.2,194.2,218.8,563800.0
2016-06-14,222.8,226.0,210.8,214.0,733700.0
2016-06-15,211.8,214.0,202.8,211.6,481700.0
2016-06-16,221.4,229.2,204.2,206.2,821900.0
2016-06-17,206.2,210.2,202.6,206.2,343800.0
2016-06-20,192.6,192.8,186.2,191.6,417300.0
2016-06-21,188.2,196.2,187.8,192.8,286200.0
2016-06-22,192.8,201.8,187.4,199.6,314000.0
2016-06-23,188.4,191.0,178.8,179.6,427700.0
2016-06-24,215.2,228.0,198.2,222.8,800900.0
2016-06-27,224.0,236.8,221.6,222.6,569100.0
2016-06-28,214.4,214.6,199.6,200.0,654500.0
2016-06-29,194.0,194.2,187.2,189.4,180100.0
2016-06-30,186.8,189.4,182.2,183.2,289500.0
2016-07-01,182.0,182.8,176.8,177.8,181700.0
2016-07-05,181.0,187.6,180.4,181.0,164400.0
2016-07-06,183.8,186.8,176.2,176.6,194800.0
2016-07-07,173.6,180.2,170.8,173.4,200600.0
2016-07-08,167.2,168.2,161.0,162.0,221800.0
2016-07-11,159.6,162.8,158.2,162.2,147600.0
2016-07-12,158.4,162.0,158.0,158.4,202800.0
2016-07-13,156.8,159.8,155.6,156.2,180600.0
2016-07-14,154.2,156.4,153.2,155.6,160200.0
2016-07-15,154.6,160.0,153.6,155.2,231600.0
2016-07-18,156.0,156.6,150.8,152.4,139800.0
2016-07-19,152.4,154.8,150.2,152.0,164500.0
2016-07-20,149.0,150.6,146.6,147.8,150300.0
2016-07-21,148.2,154.0,147.4,152.2,214400.0
2016-07-22,151.2,152.2,146.8,148.4,142400.0
2016-07-25,147.08,153.0,146.16,147.4,1629900.0
2016-07-26,147.64,150.32,146.0,146.08,762400.0
2016-07-27,144.16,148.28,141.44,142.76,1233300.0
2016-07-28,143.44,145.08,139.28,140.08,1024000.0
2016-07-29,140.0,140.4,134.2,135.2,854400.0
2016-08-01,134.16,136.52,131.16,132.88,1494600.0
2016-08-02,134.48,142.12,133.72,138.24,1355700.0
2016-08-03,138.4,139.76,134.56,134.76,758900.0
2016-08-04,132.88,134.36,130.04,130.84,702400.0
2016-08-05,127.76,127.84,124.88,126.52,727900.0
2016-08-08,124.76,125.4,123.6,123.64,520300.0
2016-08-09,121.84,123.56,119.24,121.64,1183300.0
2016-08-10,120.88,126.96,120.64,124.56,785800.0
2016-08-11,123.04,124.56,121.44,123.96,876700.0
2016-08-12,124.0,125.52,121.84,122.64,748100.0
2016-08-15,121.44,121.76,120.2,120.72,660300.0
2016-08-16,123.2,125.68,123.16,124.84,604900.0
2016-08-17,124.48,127.72,121.24,121.72,897300.0
2016-08-18,122.28,123.04,119.52,119.52,674700.0
2016-08-19,120.88,122.04,119.56,120.04,665700.0
2016-08-22,120.88,122.44,120.04,120.48,934500.0
2016-08-23,119.64,120.44,118.92,120.16,664200.0
2016-08-24,120.76,124.16,120.52,122.76,663000.0
2016-08-25,125.0,125.2,121.52,123.0,631400.0
2016-08-26,121.92,127.52,118.64,123.36,1071000.0
2016-08-29,122.92,122.96,120.16,120.72,677500.0
2016-08-30,120.28,121.96,119.4,119.88,677900.0
2016-08-31,120.24,123.56,119.64,120.4,880300.0
2016-09-01,119.84,123.04,119.4,119.8,930600.0
2016-09-02,117.4,117.88,115.52,115.52,1032100.0
2016-09-06,114.56,115.64,112.44,112.64,498800.0
2016-09-07,112.6,112.96,110.8,111.0,524900.0
2016-09-08,111.12,112.8,110.84,111.36,751600.0
2016-09-09,115.84,129.52,115.4,129.44,2049500.0
2016-09-12,130.72,132.04,119.24,120.56,1805100.0
2016-09-13,125.52,141.04,125.2,136.88,1454800.0
2016-09-14,134.8,137.92,129.24,136.04,1124600.0
2016-09-15,135.88,138.32,129.32,130.88,655200.0
2016-09-16,133.64,136.0,128.44,129.24,692500.0
2016-09-19,124.8,128.52,122.24,126.04,798100.0
2016-09-20,123.08,127.04,122.92,125.04,494000.0
2016-09-21,123.36,125.08,114.76,115.24,982500.0
2016-09-22,112.24,113.6,111.16,111.56,863700.0
2016-09-23,112.16,113.04,111.04,112.36,491500.0
2016-09-26,116.72,119.76,115.84,118.56,610300.0
2016-09-27,118.52,119.36,111.36,112.2,570200.0
2016-09-28,111.48,115.4,110.8,111.0,478800.0
2016-09-29,111.6,121.88,109.84,117.92,1143900.0
2016-09-30,114.04,116.04,111.84,113.32,794500.0
2016-10-03,114.48,115.44,112.32,112.6,531200.0
2016-10-04,111.76,115.2,110.16,112.36,658800.0
2016-10-05,111.04,111.92,110.52,111.48,374500.0
2016-10-06,111.88,112.6,110.08,110.44,329900.0
2016-10-07,109.96,113.04,109.48,110.68,537700.0
2016-10-10,109.4,109.68,107.44,108.16,280000.0
2016-10-11,109.08,115.88,108.96,114.12,910100.0
2016-10-12,113.72,115.68,111.64,114.32,497100.0
2016-10-13,118.88,121.92,116.24,117.92,436500.0
2016-10-14,114.36,117.44,113.68,116.6,560100.0
2016-10-17,115.96,117.64,115.28,116.12,462300.0
2016-10-18,113.0,113.76,111.24,111.44,406300.0
2016-10-19,109.12,110.52,107.96,108.76,639000.0
2016-10-20,109.12,110.12,107.0,107.4,508500.0
2016-10-21,108.0,108.52,104.96,105.08,443800.0
2016-10-24,102.76,102.92,101.0,101.48,412600.0
2016-10-25,101.24,103.64,101.24,102.36,411800.0
2016-10-26,104.8,105.48,102.64,104.92,552400.0
2016-10-27,103.32,107.2,103.2,106.88,566300.0
2016-10-28,107.16,113.24,105.88,111.36,983400.0
2016-10-31,110.68,114.48,110.48,113.68,473100.0
2016-11-01,113.96,122.44,113.92,117.0,1095300.0
2016-11-02,117.64,120.8,117.0,119.64,781500.0
2016-11-03,119.72,127.8,118.96,126.24,797200.0
2016-11-04,124.84,127.2,121.56,126.36,993600.0
2016-11-07,115.6,116.72,110.4,110.48,697300.0
2016-11-08,111.12,112.48,106.6,107.16,406700.0
2016-11-09,113.2,113.4,103.04,104.64,1373500.0
2016-11-10,101.52,110.84,100.6,107.16,1126500.0
2016-11-11,108.88,110.24,104.32,104.72,742100.0
2016-11-14,105.28,108.12,103.72,104.28,634700.0
2016-11-15,103.12,104.36,99.76,99.84,810800.0
2016-11-16,101.64,101.76,99.2,100.32,631400.0
2016-11-17,100.04,100.48,97.32,97.32,455700.0
2016-11-18,97.24,98.48,96.28,96.8,463000.0
2016-11-21,95.68,95.72,92.36,92.48,521400.0
2016-11-22,92.48,95.12,92.12,93.12,439200.0
2016-11-23,94.0,94.8,92.92,93.2,314700.0
2016-11-25,93.08,93.92,92.56,92.76,174800.0
2016-11-28,93.88,95.08,92.76,93.48,437100.0
2016-11-29,93.68,94.44,91.6,92.84,281500.0
2016-11-30,91.52,93.4,91.32,92.96,512200.0
2016-12-01,92.8,98.24,92.44,96.56,716600.0
2016-12-02,97.08,97.6,93.88,96.6,652400.0
2016-12-05,93.2,93.6,89.84,90.2,689500.0
2016-12-06,88.6,89.16,86.72,87.08,457800.0
2016-12-07,86.8,87.88,85.04,87.4,866200.0
2016-12-08,87.4,90.56,87.0,87.52,907700.0
2016-12-09,88.32,88.44,86.28,86.68,445700.0
2016-12-12,86.68,88.2,86.48,87.24,473800.0
2016-12-13,87.12,89.6,86.8,88.08,558700.0
2016-12-14,88.56,88.88,85.2,87.76,951000.0
2016-12-15,86.48,87.72,85.8,86.56,677200.0
2016-12-16,85.44,86.64,84.84,85.36,654100.0
2016-12-19,84.44,84.44,82.28,82.4,589500.0
2016-12-20,81.56,81.8,80.36,80.92,510700.0
2016-12-21,80.2,80.56,79.32,79.6,421600.0
2016-12-22,79.52,81.24,79.16,80.8,431300.0
2016-12-23,81.16,81.56,80.36,80.56,323300.0
2016-12-27,80.4,80.48,79.04,79.28,323700.0
2016-12-28,79.0,82.32,78.76,82.04,655900.0
2016-12-29,82.4,84.44,81.6,83.44,558600.0
2016-12-30,82.44,85.96,82.4,85.04,731400.0
2017-01-03,81.6,82.16,78.88,78.96,630100.0
2017-01-04,78.12,78.12,74.12,74.96,461600.0
2017-01-05,75.6,76.92,74.6,74.64,649200.0
2017-01-06,73.88,74.52,72.16,73.72,753500.0
2017-01-09,74.04,74.72,72.4,73.48,515700.0
2017-01-10,72.76,74.04,72.16,73.0,524700.0
2017-01-11,73.08,74.44,71.24,71.44,936300.0
2017-01-12,72.0,75.08,71.36,71.48,842700.0
2017-01-13,71.12,72.36,70.6,71.6,743000.0
2017-01-17,72.56,72.76,71.04,71.28,759100.0
2017-01-18,70.88,71.36,70.0,71.0,637600.0
2017-01-19,70.6,72.4,70.32,71.8,715700.0
2017-01-20,71.0,71.24,68.96,69.0,934800.0
2017-01-23,69.04,70.32,68.36,68.4,759000.0
2017-01-24,67.6,67.6,64.88,65.2,666500.0
2017-01-25,64.24,64.52,63.36,63.6,518800.0
2017-01-26,63.88,64.68,63.28,64.04,464100.0
2017-01-27,63.8,64.32,63.08,63.32,528400.0
2017-01-30,64.6,67.72,64.56,65.08,1325200.0
2017-01-31,65.64,66.76,64.68,64.72,869500.0
2017-02-01,63.48,64.44,62.92,63.64,785600.0
2017-02-02,64.16,64.72,63.52,64.16,648800.0
2017-02-03,62.88,63.28,62.2,62.76,555300.0
2017-02-06,63.56,63.64,62.48,62.88,444100.0
2017-02-07,62.72,63.36,62.56,63.28,434500.0
2017-02-08,63.48,64.24,62.64,63.0,547300.0
2017-02-09,62.72,62.8,61.12,61.72,462200.0
2017-02-10,61.04,61.16,60.28,60.64,512200.0
2017-02-13,59.68,59.8,58.6,58.76,590200.0
2017-02-14,58.72,58.8,56.24,56.24,702200.0
2017-02-15,56.24,58.2,55.92,58.16,1030700.0
2017-02-16,58.08,61.36,57.92,58.44,1428000.0
2017-02-17,59.8,60.24,58.32,58.6,901400.0
2017-02-21,57.8,59.44,57.6,59.16,743200.0
2017-02-22,59.72,60.52,58.8,59.52,595500.0
2017-02-23,59.64,62.0,59.48,61.04,848700.0
2017-02-24,63.28,63.56,60.12,60.32,803700.0
2017-02-27,60.32,60.8,58.68,60.0,524800.0
2017-02-28,60.36,61.84,59.92,61.44,748500.0
2017-03-01,58.84,60.28,58.48,60.2,761300.0
2017-03-02,60.2,60.92,59.08,60.28,656200.0
2017-03-03,59.48,59.64,58.28,58.44,559000.0
2017-03-06,58.4,58.64,57.2,57.4,510000.0
2017-03-07,57.44,58.04,56.48,57.4,470700.0
2017-03-08,56.84,58.04,56.32,57.84,564300.0
2017-03-09,57.52,58.48,56.84,57.52,527800.0
2017-03-10,56.96,57.8,56.68,56.72,496000.0
2017-03-13,56.56,56.8,55.48,55.6,388200.0
2017-03-14,55.8,56.92,55.36,56.6,765300.0
2017-03-15,55.88,56.04,54.0,54.4,683100.0
2017-03-16,54.08,54.24,53.28,53.36,541900.0
2017-03-17,52.96,53.08,51.96,52.76,538200.0
2017-03-20,52.68,52.84,52.04,52.64,356800.0
2017-03-21,51.76,55.24,51.36,54.76,1355700.0
2017-03-22,55.28,56.04,54.24,55.04,707200.0
2017-03-23,55.56,57.16,54.32,56.92,623300.0
2017-03-24,56.0,58.36,54.84,55.88,986600.0
2017-03-27,58.04,58.36,54.24,54.76,835100.0
2017-03-28,54.16,54.24,51.72,51.76,692900.0
2017-03-29,51.52,51.96,51.0,51.56,350100.0
2017-03-30,51.64,52.24,51.32,51.76,383000.0
2017-03-31,51.84,52.72,51.44,52.68,298700.0
2017-04-03,52.72,54.8,52.36,52.92,543500.0
2017-04-04,53.56,53.84,52.04,52.28,302100.0
2017-04-05,51.64,54.12,51.08,53.96,416500.0
2017-04-06,53.36,53.72,51.88,53.0,341300.0
2017-04-07,53.72,55.04,53.16,54.88,527600.0
2017-04-10,55.08,56.88,54.4,56.84,452000.0
2017-04-11,58.24,60.04,57.88,59.44,894800.0
2017-04-12,59.48,60.28,58.68,59.68,604500.0
2017-04-13,59.84,61.28,58.72,60.88,608300.0
2017-04-17,59.8,59.84,57.84,57.84,533800.0
2017-04-18,58.48,59.6,57.28,57.36,869200.0
2017-04-19,56.4,59.12,56.08,58.64,648400.0
2017-04-20,57.92,58.8,56.72,57.24,810100.0
2017-04-21,57.56,58.6,57.32,57.4,624800.0
2017-04-24,52.76,53.48,51.16,51.32,908200.0
2017-04-25,50.52,50.76,49.96,50.08,409500.0
2017-04-26,50.2,51.32,49.92,50.48,582000.0
2017-04-27,50.04,50.68,49.92,50.0,447800.0
2017-04-28,50.08,50.64,50.0,50.04,421600.0
2017-05-01,49.56,49.6,47.72,48.12,450500.0
2017-05-02,48.04,48.68,47.96,48.2,334700.0
2017-05-03,48.8,49.44,48.4,49.16,411100.0
2017-05-04,48.44,49.68,47.88,48.0,508000.0
2017-05-05,47.84,48.4,47.6,48.2,382300.0
2017-05-08,47.48,47.52,46.68,47.0,359300.0
2017-05-09,46.32,47.2,46.2,46.84,601700.0
2017-05-10,47.16,47.16,46.64,47.04,370000.0
2017-05-11,47.6,48.64,46.84,46.96,756000.0
2017-05-12,47.16,47.32,46.88,46.88,432300.0
2017-05-15,46.4,46.52,45.72,45.84,453900.0
2017-05-16,45.36,45.92,45.16,45.44,670500.0
2017-05-17,48.2,53.64,47.52,53.64,2218900.0
2017-05-18,53.12,53.56,50.76,52.36,1742000.0
2017-05-19,50.6,50.64,47.84,48.64,1073300.0
2017-05-22,47.36,47.4,46.28,46.48,500900.0
2017-05-23,46.24,46.84,46.08,46.4,461900.0
2017-05-24,46.32,46.8,45.04,45.24,440400.0
2017-05-25,45.2,46.0,45.0,45.6,583400.0
2017-05-26,45.96,45.96,44.8,44.88,350300.0
2017-05-30,45.52,45.56,44.48,44.6,317400.0
2017-05-31,44.44,46.0,44.28,44.96,574200.0
2017-06-01,44.44,44.52,43.88,43.92,416900.0
2017-06-02,44.12,44.24,43.6,43.96,330300.0
2017-06-05,44.24,44.24,43.32,44.2,400500.0
2017-06-06,44.68,45.44,44.36,45.2,353400.0
2017-06-07,44.76,45.88,44.48,44.68,413400.0
2017-06-08,44.72,44.72,43.4,43.72,487700.0
2017-06-09,43.32,46.24,42.8,44.32,824500.0
2017-06-12,44.96,46.0,44.64,44.8,651600.0
2017-06-13,43.88,44.04,43.2,43.28,447200.0
2017-06-14,43.24,43.96,42.96,43.08,681500.0
2017-06-15,44.76,44.88,43.24,43.64,693900.0
2017-06-16,43.24,44.04,43.12,43.16,437600.0
2017-06-19,42.44,42.48,41.64,41.84,535500.0
2017-06-20,42.24,43.16,42.2,43.0,797800.0
2017-06-21,42.28,42.96,42.0,42.6,625600.0
2017-06-22,42.48,42.76,41.96,42.2,365400.0
2017-06-23,42.12,42.44,41.68,41.76,443100.0
2017-06-26,41.24,41.56,40.8,40.88,556600.0
2017-06-27,41.08,42.28,40.6,42.2,890400.0
2017-06-28,41.52,41.96,40.84,41.0,420100.0
2017-06-29,41.08,47.12,41.04,43.12,1756600.0
2017-06-30,42.0,43.84,41.68,42.52,877900.0
2017-07-03,41.76,43.08,41.56,43.08,311800.0
2017-07-05,42.76,44.2,42.44,43.0,699800.0
2017-07-06,43.8,45.48,43.56,45.12,1077600.0
2017-07-07,44.24,44.64,43.52,43.64,440800.0
2017-07-10,43.52,43.6,42.2,42.52,344600.0
2017-07-11,42.64,44.36,42.16,42.4,498300.0
2017-07-12,41.64,41.68,41.04,41.24,596400.0
2017-07-13,41.12,41.2,40.6,40.8,556400.0
2017-07-14,40.64,40.72,39.72,40.0,599600.0
2017-07-17,39.2,39.33,38.82,38.93,1829300.0
2017-07-18,39.34,39.72,38.42,38.46,1922800.0
2017-07-19,38.08,38.15,37.62,38.01,1504300.0
2017-07-20,37.68,38.38,37.62,37.66,1410700.0
2017-07-21,37.87,38.04,37.3,37.31,890800.0
2017-07-24,37.2,37.24,36.51,36.65,677000.0
2017-07-25,36.54,36.98,36.46,36.8,738400.0
2017-07-26,36.58,36.95,36.3,36.86,701600.0
2017-07-27,36.55,39.23,36.54,37.16,2114900.0
2017-07-28,38.0,38.51,37.44,37.54,1536500.0
2017-07-31,37.04,37.73,36.96,37.28,937100.0
2017-08-01,36.82,37.1,36.62,36.8,960200.0
2017-08-02,36.58,37.7,36.58,37.0,1381000.0
2017-08-03,37.07,37.6,37.01,37.47,1109900.0
2017-08-04,37.27,37.43,36.82,37.31,748800.0
2017-08-07,37.18,37.32,36.83,36.85,441700.0
2017-08-08,36.9,38.38,36.34,37.9,1618700.0
2017-08-09,38.92,39.99,38.1,38.89,2409000.0
2017-08-10,39.91,44.36,39.9,44.19,6362100.0
2017-08-11,44.55,46.81,43.12,45.5,4574000.0
2017-08-14,41.96,42.0,39.47,39.57,2191200.0
2017-08-15,38.48,40.01,38.48,39.29,1510900.0
2017-08-16,39.28,39.58,38.69,39.06,2300100.0
2017-08-17,40.04,45.56,39.47,45.53,5242300.0
2017-08-18,44.11,45.64,42.02,44.19,3176700.0
2017-08-21,43.85,44.82,42.33,42.44,1755300.0
2017-08-22,41.18,41.23,39.17,39.32,2008500.0
2017-08-23,40.96,41.24,39.37,39.66,1690700.0
2017-08-24,39.46,41.62,39.25,40.76,1185200.0
2017-08-25,40.03,40.45,39.44,39.63,1470200.0
2017-08-28,39.17,40.09,39.07,39.28,1337500.0
2017-08-29,42.14,42.38,39.63,39.75,2328600.0
2017-08-30,39.7,40.04,39.29,39.54,1388300.0
2017-08-31,39.29,39.36,38.37,38.46,1676600.0
2017-09-01,38.12,38.47,37.98,38.35,1188500.0
2017-09-05,39.76,42.15,38.99,40.44,2660700.0
2017-09-06,39.61,40.56,39.4,39.5,1038000.0
2017-09-07,39.5,40.12,39.02,39.3,1024000.0
2017-09-08,39.89,40.56,39.69,40.26,1056300.0
2017-09-11,38.83,38.83,37.76,38.02,1708200.0
2017-09-12,37.5,37.74,37.0,37.0,1028300.0
2017-09-13,37.0,37.02,35.69,35.71,1006000.0
2017-09-14,36.19,36.31,35.7,36.19,869500.0
2017-09-15,36.04,36.04,35.49,35.57,1031700.0
2017-09-18,35.08,35.09,33.72,34.0,1502200.0
2017-09-19,34.01,34.46,33.96,34.0,1090100.0
2017-09-20,34.19,35.34,33.86,34.03,1258300.0
2017-09-21,33.95,34.44,33.85,34.03,942100.0
2017-09-22,34.65,34.88,34.02,34.22,898500.0
2017-09-25,34.36,35.33,33.89,34.29,2009500.0
2017-09-26,34.05,34.46,33.72,33.87,1333000.0
2017-09-27,33.52,33.98,33.36,33.68,1190600.0
2017-09-28,33.77,33.82,33.14,33.17,787300.0
2017-09-29,33.11,33.36,32.47,32.53,1137200.0
2017-10-02,32.34,32.36,31.6,31.84,1134000.0
2017-10-03,31.58,31.92,31.52,31.77,614200.0
2017-10-04,31.84,32.07,31.69,31.83,660400.0
2017-10-05,31.6,31.64,30.73,30.75,1261900.0
2017-10-06,30.91,31.57,30.81,30.82,1398400.0
2017-10-09,30.67,31.74,30.63,31.4,551400.0
2017-10-10,30.91,31.45,30.63,30.73,685700.0
2017-10-11,30.67,30.85,30.01,30.09,627000.0
2017-10-12,30.16,30.4,29.6,29.91,818900.0
2017-10-13,29.59,29.67,29.1,29.38,752600.0
2017-10-16,29.05,29.28,28.78,28.85,967200.0
2017-10-17,28.93,29.2,28.79,28.94,929900.0
2017-10-18,28.78,28.84,28.58,28.78,861300.0
2017-10-19,29.73,30.04,28.54,28.58,1547500.0
2017-10-20,28.15,28.27,28.0,28.05,914900.0
2017-10-23,27.88,29.24,27.86,28.95,2159800.0
2017-10-24,28.47,29.4,28.27,29.25,1802600.0
2017-10-25,29.6,32.25,29.46,30.22,2371400.0
2017-10-26,29.78,30.14,29.38,30.08,1457900.0
2017-10-27,29.33,29.84,28.31,28.43,935500.0
2017-10-30,29.33,29.39,28.16,28.68,1419700.0
2017-10-31,28.45,28.61,28.08,28.16,764200.0
2017-11-01,27.9,28.59,27.81,28.31,957100.0
2017-11-02,28.3,29.14,27.96,28.0,1184400.0
2017-11-03,27.85,28.22,27.76,27.94,988700.0
2017-11-06,27.88,27.92,27.63,27.67,732600.0
2017-11-07,27.66,28.35,27.49,27.84,1073500.0
2017-11-08,28.06,28.28,27.55,27.85,647600.0
2017-11-09,28.93,29.8,28.2,28.27,2088300.0
2017-11-10,28.59,29.11,28.4,28.9,847100.0
2017-11-13,29.44,29.44,28.53,28.99,668800.0
2017-11-14,29.44,29.98,29.08,29.22,1167500.0
2017-11-15,30.08,30.8,29.65,30.29,1246200.0
2017-11-16,29.32,29.32,28.72,29.06,1248700.0
2017-11-17,29.05,29.1,28.42,28.6,1207500.0
2017-11-20,28.21,28.28,27.65,27.7,1036100.0
2017-11-21,27.12,27.21,26.47,26.62,1577900.0
2017-11-22,26.38,26.63,26.22,26.39,1016200.0
2017-11-24,26.21,26.33,26.13,26.27,311900.0
2017-11-27,26.35,26.51,26.06,26.21,802100.0
2017-11-28,25.97,26.25,25.74,25.86,1581600.0
2017-11-29,25.91,26.74,25.89,26.45,1672300.0
2017-11-30,25.98,26.83,25.96,26.53,1385900.0
2017-12-01,26.81,30.0,26.54,27.26,4256700.0
2017-12-04,26.04,27.06,25.83,27.04,1909400.0
2017-12-05,26.79,27.2,26.22,26.92,1502100.0
2017-12-06,27.28,27.38,26.77,26.91,1304100.0
2017-12-07,26.9,26.93,25.95,26.01,1203100.0
2017-12-08,25.61,25.67,25.14,25.19,1294400.0
2017-12-11,25.07,25.1,24.29,24.32,1017000.0
2017-12-12,24.21,24.44,24.12,24.38,914600.0
2017-12-13,24.17,24.4,24.09,24.29,586800.0
2017-12-14,24.17,24.59,24.05,24.18,914700.0
2017-12-15,23.99,24.01,23.18,23.36,1273900.0
2017-12-18,23.05,23.22,22.83,23.04,1212000.0
2017-12-19,22.99,23.41,22.98,23.14,1043000.0
2017-12-20,22.74,23.17,22.73,23.07,1587100.0
2017-12-21,22.97,23.21,22.84,22.89,1464400.0
2017-12-22,22.86,23.21,22.75,23.03,502600.0
2017-12-26,23.23,23.26,22.79,23.03,487300.0
2017-12-27,22.95,23.25,22.69,23.16,945500.0
2017-12-28,23.04,23.07,22.78,22.78,547800.0
2017-12-29,22.68,23.24,22.68,23.15,873400.0
2018-01-02,23.03,23.14,22.31,22.33,945200.0
2018-01-03,22.07,22.07,21.79,21.89,835400.0
2018-01-04,21.66,21.89,21.57,21.82,852200.0
2018-01-05,21.77,21.93,21.75,21.83,773300.0
2018-01-08,21.77,21.86,21.36,21.55,694200.0
2018-01-09,21.41,21.79,21.35,21.77,782500.0
2018-01-10,22.03,22.3,21.44,21.56,1308000.0
2018-01-11,21.36,21.5,21.24,21.43,666500.0
2018-01-12,21.34,21.52,21.28,21.44,909600.0
2018-01-16,21.58,22.99,21.53,22.76,2694400.0
2018-01-17,22.5,23.14,21.78,22.23,2647000.0
2018-01-18,22.62,23.08,22.0,22.34,2669100.0
2018-01-19,22.28,22.71,22.18,22.26,1443600.0
2018-01-22,22.42,22.42,21.6,21.79,1200100.0
2018-01-23,22.02,22.38,21.84,22.14,1631900.0
2018-01-24,22.27,23.31,22.25,22.72,2389600.0
2018-01-25,22.6,23.48,22.58,23.1,1778900.0
2018-01-26,22.88,23.24,22.82,22.93,1113000.0
2018-01-29,23.49,24.65,22.55,24.6,1593900.0
2018-01-30,25.45,26.53,25.0,25.38,4294600.0
2018-01-31,24.83,25.6,24.48,24.8,2325300.0
2018-02-01,25.0,25.24,23.25,24.04,3283500.0
2018-02-02,24.77,27.8,24.77,27.31,7679900.0
2018-02-05,28.69,36.96,26.75,36.66,10085600.0
2018-02-06,45.08,45.86,35.0,35.47,10172200.0
2018-02-07,37.24,37.6,33.69,36.87,7595400.0
2018-02-08,37.23,45.86,37.08,45.77,9097200.0
2018-02-09,41.91,46.84,40.3,41.41,3579300.0
2018-02-12,39.99,42.0,39.01,39.68,3223200.0
2018-02-13,40.72,41.23,39.32,39.72,3723600.0
2018-02-14,39.49,39.7,34.98,35.08,4533100.0
2018-02-15,33.95,35.8,33.82,34.4,2023100.0
2018-02-16,35.42,35.56,33.46,34.88,4038300.0
2018-02-20,36.11,37.31,35.41,36.39,3059800.0
2018-02-21,35.91,37.05,33.95,36.87,3232400.0
2018-02-22,35.87,37.04,35.31,36.24,2443300.0
2018-02-23,35.41,35.67,33.46,33.49,2167900.0
2018-02-26,32.63,33.08,32.0,32.1,1782800.0
2018-02-27,32.64,35.5,32.23,35.12,2751300.0
2018-02-28,34.11,36.76,34.0,36.69,2438900.0
2018-03-01,36.61,40.87,36.28,39.18,4438600.0
2018-03-02,41.06,41.96,37.25,37.62,3012200.0
2018-03-05,38.29,38.31,35.6,35.87,2721600.0
2018-03-06,35.62,37.42,35.6,36.14,1886100.0
2018-03-07,37.63,37.86,35.56,35.73,2185100.0
2018-03-08,35.2,35.61,34.38,34.4,1248400.0
2018-03-09,33.9,33.9,31.66,31.67,1642600.0
2018-03-12,32.25,33.34,31.99,32.99,1316800.0
2018-03-13,32.41,34.16,32.12,33.7,1579400.0
2018-03-14,33.16,34.92,33.08,34.37,1992700.0
2018-03-15,33.92,34.72,33.01,33.31,1426100.0
2018-03-16,33.11,33.17,31.99,32.77,1364100.0
2018-03-19,33.46,37.44,33.4,35.82,3867300.0
2018-03-20,35.52,36.02,34.81,35.07,1940400.0
2018-03-21,34.74,34.96,32.72,34.67,3296400.0
2018-03-22,36.8,39.6,35.83,39.19,4593400.0
2018-03-23,38.49,41.5,37.57,41.4,5050600.0
2018-03-26,38.52,40.93,38.19,38.19,3481700.0
2018-03-27,38.3,41.88,38.28,41.25,3551100.0
2018-03-28,40.76,43.26,40.38,42.15,4342900.0
2018-03-29,41.15,41.54,38.93,39.15,2675300.0
2018-04-02,40.28,44.51,39.86,42.87,4123000.0
2018-04-03,41.81,42.95,40.89,40.98,2782000.0
2018-04-04,44.14,44.19,40.06,40.31,3098100.0
2018-04-05,39.75,40.26,38.63,38.81,1194300.0
2018-04-06,40.05,42.91,39.05,41.24,3216200.0
2018-04-09,40.52,41.51,39.95,41.25,2109400.0
2018-04-10,39.98,41.28,39.81,40.21,2578600.0
2018-04-11,41.26,41.28,40.05,40.53,1609000.0
2018-04-12,39.79,39.93,38.58,38.87,1635000.0
2018-04-13,37.91,38.57,37.18,37.44,1548100.0
2018-04-16,36.64,36.66,35.37,35.56,1461600.0
2018-04-17,35.02,35.13,32.88,33.43,1749200.0
2018-04-18,34.12,35.36,33.2,33.55,1899800.0
2018-04-19,34.41,35.2,33.68,34.06,1202500.0
2018-04-20,33.92,35.45,33.62,35.06,1549800.0
2018-04-23,34.59,35.44,33.86,34.67,973600.0
2018-04-24,33.87,37.84,33.55,36.49,2422400.0
2018-04-25,36.66,37.92,36.53,36.77,1808400.0
2018-04-26,35.9,36.32,34.61,34.97,950800.0
2018-04-27,34.5,35.59,34.13,34.29,1397900.0
2018-04-30,33.92,34.51,33.31,34.33,1256700.0
2018-05-01,34.63,35.05,33.73,33.83,1204900.0
2018-05-02,33.68,33.76,32.62,33.61,970600.0
2018-05-03,34.3,36.32,33.94,34.27,1650500.0
2018-05-04,34.72,35.04,33.03,33.2,913800.0
2018-05-07,33.02,33.35,32.64,32.99,677300.0
2018-05-08,33.27,33.56,32.79,32.89,864900.0
2018-05-09,32.61,32.74,31.52,31.52,1073200.0
2018-05-10,31.33,31.33,29.87,30.11,880000.0
2018-05-11,30.12,30.42,29.59,29.62,1018900.0
2018-05-14,29.27,29.34,28.52,28.64,1212700.0
2018-05-15,29.8,31.11,29.7,30.67,1970800.0
2018-05-16,30.2,30.23,29.39,29.57,1115800.0
2018-05-17,29.46,29.83,28.72,28.81,1097400.0
2018-05-18,29.15,29.68,28.92,29.19,993300.0
2018-05-21,28.11,28.58,27.65,28.27,1168700.0
2018-05-22,28.01,28.66,27.92,28.61,888600.0
2018-05-23,29.45,29.85,27.95,28.09,1046200.0
2018-05-24,28.2,29.44,27.8,27.93,1710900.0
2018-05-25,28.36,28.55,27.75,28.29,1017800.0
2018-05-29,29.6,32.66,28.98,31.71,3049600.0
2018-05-30,30.85,30.95,29.8,30.16,1272600.0
2018-05-31,30.39,31.34,30.07,30.56,1899400.0
2018-06-01,29.3,29.39,28.79,29.28,1442100.0
2018-06-04,28.62,28.72,27.99,28.05,822700.0
2018-06-05,28.04,28.35,27.65,27.74,825700.0
2018-06-06,27.5,27.6,26.64,26.68,1012900.0
2018-06-07,26.54,28.0,26.5,27.07,1565900.0
2018-06-08,27.61,27.7,26.76,26.89,1202100.0
2018-06-11,26.96,27.05,26.35,26.52,1152300.0
2018-06-12,26.3,26.76,26.15,26.4,681800.0
2018-06-13,26.07,26.78,25.97,26.75,939300.0
2018-06-14,25.99,26.27,25.54,25.9,1482800.0
2018-06-15,26.38,26.85,26.02,26.12,1315100.0
2018-06-18,26.88,27.26,25.74,25.79,1227500.0
2018-06-19,27.52,27.99,26.78,27.04,2040300.0
2018-06-20,26.5,26.57,26.13,26.44,1117200.0
2018-06-21,26.6,28.74,26.58,28.18,2124200.0
2018-06-22,27.25,27.69,27.0,27.42,1050700.0
2018-06-25,28.23,32.79,28.23,31.42,3728800.0
2018-06-26,30.14,31.24,29.49,30.13,1819600.0
2018-06-27,29.83,32.53,29.06,31.85,2535800.0
2018-06-28,32.07,33.42,30.92,31.37,2433700.0
2018-06-29,30.28,30.57,29.51,30.52,1856000.0
2018-07-02,32.0,32.36,30.55,30.67,1488100.0
2018-07-03,29.93,31.16,29.69,30.91,1017200.0
2018-07-05,30.08,30.89,29.74,29.77,1712000.0
2018-07-06,29.79,29.84,28.16,28.28,1857300.0
2018-07-09,27.51,27.53,26.59,26.76,2142800.0
2018-07-10,26.53,27.04,26.19,26.26,2476400.0
2018-07-11,27.54,27.62,26.75,27.14,1987200.0
2018-07-12,26.58,26.94,26.16,26.19,1680500.0
2018-07-13,26.47,26.68,25.86,25.92,1580000.0
2018-07-16,25.8,26.21,25.57,25.75,1446800.0
2018-07-17,26.15,26.23,25.15,25.45,1471300.0
2018-07-18,25.17,25.82,24.96,25.23,1397300.0
2018-07-19,25.71,26.03,25.33,25.72,1214300.0
2018-07-20,26.11,26.15,25.51,25.81,1506900.0
2018-07-23,25.84,26.23,25.49,25.71,796200.0
2018-07-24,24.99,26.2,24.9,25.2,1920500.0
2018-07-25,25.52,25.63,24.88,25.12,1432600.0
2018-07-26,25.16,25.52,24.91,25.19,1010000.0
2018-07-27,24.98,26.65,24.96,25.89,2142600.0
2018-07-30,25.72,26.95,25.65,26.62,1956700.0
2018-07-31,26.0,26.25,25.72,25.88,1180500.0
2018-08-01,25.56,25.88,25.21,25.65,1567200.0
2018-08-02,26.56,26.78,25.23,25.38,1810500.0
2018-08-03,25.22,25.38,24.72,24.99,1583500.0
2018-08-06,24.8,24.9,23.99,24.01,1411000.0
2018-08-07,23.72,23.83,23.45,23.55,1238800.0
2018-08-08,23.53,23.67,23.02,23.2,1182500.0
2018-08-09,23.16,23.54,22.93,23.52,1086300.0
2018-08-10,24.57,25.21,24.21,24.67,2996400.0
2018-08-13,24.95,26.19,24.13,26.16,3040700.0
2018-08-14,25.59,26.03,24.79,24.81,1991000.0
2018-08-15,26.1,28.08,26.01,26.37,4914900.0
2018-08-16,25.41,25.43,24.57,24.95,2013900.0
2018-08-17,25.21,25.49,24.2,24.3,2276000.0
2018-08-20,23.79,24.03,23.64,23.83,2126400.0
2018-08-21,23.68,24.34,23.52,24.34,1811200.0
2018-08-22,24.31,24.34,23.8,24.04,1586100.0
2018-08-23,23.81,24.28,23.52,23.86,2185000.0
2018-08-24,23.56,23.82,23.38,23.74,1559400.0
2018-08-27,23.41,23.83,23.35,23.82,1261100.0
2018-08-28,23.61,24.06,23.53,23.79,1368200.0
2018-08-29,23.78,24.02,23.52,23.79,1122300.0
2018-08-30,23.83,24.68,23.6,24.28,1859800.0
2018-08-31,24.54,24.63,23.78,23.94,1790200.0
2018-09-04,24.09,24.78,24.01,24.05,1604800.0
2018-09-05,24.31,24.94,24.1,24.26,1541900.0
2018-09-06,24.29,25.51,24.2,25.01,2272200.0
2018-09-07,25.51,25.82,24.96,25.43,2165600.0
2018-09-10,24.92,25.02,24.55,24.73,1130000.0
2018-09-11,25.03,25.17,23.93,23.96,1797400.0
2018-09-12,23.92,24.05,23.52,23.68,1678300.0
2018-09-13,23.17,23.21,22.96,22.99,1574000.0
2018-09-14,22.86,23.11,22.49,22.55,1583800.0
2018-09-17,22.51,23.25,22.41,23.17,2293000.0
2018-09-18,23.01,23.16,22.64,23.13,1329500.0
2018-09-19,22.48,22.48,22.11,22.3,1809800.0
2018-09-20,21.98,22.07,21.75,21.95,2017500.0
2018-09-21,21.89,22.05,21.64,21.97,1567700.0
2018-09-24,22.1,22.52,21.9,21.97,1506200.0
2018-09-25,21.7,22.25,21.6,22.16,942600.0
2018-09-26,21.92,22.58,21.67,22.38,1885600.0
2018-09-27,22.11,22.18,21.83,21.98,1156600.0
2018-09-28,22.26,22.35,21.94,21.94,1226400.0
2018-10-01,21.4,22.01,21.27,21.71,1333700.0
2018-10-02,21.76,21.96,21.49,21.75,978200.0
2018-10-03,21.46,21.85,21.42,21.54,1348300.0
2018-10-04,21.93,23.75,21.93,22.87,3661500.0
2018-10-05,22.62,24.65,22.23,23.34,5232200.0
2018-10-08,24.0,25.14,23.45,23.59,3950200.0
2018-10-09,24.2,24.54,23.35,24.02,3375300.0
2018-10-10,24.44,28.29,24.43,27.94,7160200.0
2018-10-11,27.6,31.74,26.88,30.43,11225200.0
2018-10-12,27.5,30.76,27.43,28.01,6674600.0
2018-10-15,28.72,29.36,27.7,28.41,4283300.0
2018-10-16,27.52,27.81,26.3,26.44,3390700.0
2018-10-17,26.33,28.24,26.32,26.74,3248500.0
2018-10-18,27.0,29.47,27.0,28.53,4655300.0
2018-10-19,28.21,29.2,27.53,28.26,2679500.0
2018-10-22,28.02,29.66,27.97,28.44,2445800.0
2018-10-23,30.9,31.75,28.99,29.57,4094700.0
2018-10-24,29.36,32.49,29.19,32.2,3343700.0
2018-10-25,31.58,32.5,30.53,31.16,2966500.0
2018-10-26,33.27,34.29,31.85,33.08,4881800.0
2018-10-29,31.82,34.72,31.26,33.12,3131300.0
2018-10-30,33.38,33.69,31.84,31.99,2449500.0
2018-10-31,31.29,31.76,30.4,30.95,1985300.0
2018-11-01,30.98,31.52,29.89,29.96,1532700.0
2018-11-02,29.46,31.33,28.99,30.16,1983900.0
2018-11-05,30.23,30.44,29.55,29.84,1133900.0
2018-11-06,29.97,29.97,28.87,28.87,932400.0
2018-11-07,27.82,27.84,26.77,26.83,1442700.0
2018-11-08,26.81,27.03,25.99,26.6,1361500.0
2018-11-09,27.13,28.16,26.9,27.42,1333200.0
2018-11-12,27.46,29.84,27.36,29.65,1596600.0
2018-11-13,29.7,30.7,29.08,29.92,1999300.0
2018-11-14,29.32,31.53,29.22,30.66,2319900.0
2018-11-15,31.24,32.0,30.14,30.36,1916200.0
2018-11-16,30.83,31.13,28.84,28.95,1656400.0
2018-11-19,28.96,30.83,28.74,30.67,1771400.0
2018-11-20,32.48,33.21,31.88,32.45,2890600.0
2018-11-21,31.66,32.08,31.18,31.67,1412300.0
2018-11-23,32.24,32.46,31.54,31.88,593900.0
2018-11-26,31.13,31.19,30.05,30.07,1247000.0
2018-11-27,30.39,30.7,29.4,29.49,1040800.0
2018-11-28,29.07,29.79,28.38,28.64,1360300.0
2018-11-29,29.11,30.22,28.76,29.2,1099600.0
2018-11-30,29.4,29.52,28.19,28.37,953100.0
2018-12-03,26.35,27.15,26.19,26.82,1460800.0
2018-12-04,27.07,30.78,26.53,30.27,2596700.0
2018-12-06,32.75,34.27,30.82,30.9,2941900.0
2018-12-07,31.05,33.75,30.39,33.23,2220700.0
2018-12-10,33.23,34.9,32.61,33.07,2012000.0
2018-12-11,31.82,34.0,31.77,32.91,1460000.0
2018-12-12,31.92,32.64,31.54,32.64,1131300.0
2018-12-13,32.1,32.85,31.75,32.1,697400.0
2018-12-14,32.84,33.64,32.47,33.37,816600.0
2018-12-17,33.74,35.73,32.0,35.08,1848400.0
2018-12-18,34.37,36.17,34.34,35.26,1191800.0
2018-12-19,35.16,36.15,33.49,35.12,1837600.0
2018-12-20,35.96,37.97,35.36,36.91,1801200.0
2018-12-21,36.91,39.23,36.36,38.83,2025200.0
2018-12-24,39.2,40.68,39.05,40.68,1497600.0
2018-12-26,40.38,41.44,38.45,38.54,2240100.0
2018-12-27,40.85,42.77,39.85,40.12,2431100.0
2018-12-28,40.22,41.42,39.17,40.15,1570200.0
2018-12-31,39.06,39.57,38.59,38.61,1235900.0
2019-01-02,40.02,40.15,37.3,37.46,1924100.0
2019-01-03,38.26,40.04,38.1,39.22,1189100.0
2019-01-04,37.57,37.89,36.0,36.07,1678900.0
2019-01-07,35.78,36.31,34.84,35.31,1185600.0
2019-01-08,34.69,35.88,34.46,34.57,1008200.0
2019-01-09,34.27,34.53,33.35,33.77,1187200.0
2019-01-10,34.33,34.78,33.41,33.42,1247300.0
2019-01-11,33.84,33.98,32.28,32.33,1150000.0
2019-01-14,33.19,33.26,31.94,32.46,1194400.0
2019-01-15,32.27,32.27,30.94,31.0,990900.0
2019-01-16,30.72,31.57,30.52,31.56,1053600.0
2019-01-17,31.8,31.83,30.76,31.24,948700.0
2019-01-18,30.38,30.81,29.89,30.45,1009000.0
2019-01-22,30.8,33.62,30.75,33.24,2159800.0
2019-01-23,32.63,34.96,32.56,32.92,1725100.0
2019-01-24,33.03,33.42,31.79,31.86,1343800.0
2019-01-25,31.1,31.31,30.51,30.64,1416900.0
2019-01-28,31.78,32.89,31.71,31.95,1986500.0
2019-01-29,31.48,32.3,31.26,31.83,1903700.0
2019-01-30,31.34,31.85,30.33,30.41,2111100.0
2019-01-31,30.36,30.36,29.11,29.15,1757100.0
2019-02-01,29.06,29.28,28.68,28.86,1407300.0
2019-02-04,28.75,28.91,27.82,27.95,946000.0
2019-02-05,27.7,27.93,27.1,27.75,938400.0
2019-02-06,27.48,27.87,27.22,27.55,1113600.0
2019-02-07,28.41,29.61,27.98,28.51,2127500.0
2019-02-08,29.16,29.43,28.13,28.17,1637300.0
2019-02-11,27.82,28.28,27.57,27.85,1375700.0
2019-02-12,27.19,27.53,27.02,27.35,1420800.0
2019-02-13,27.15,27.58,27.0,27.26,1420200.0
2019-02-14,27.92,28.39,27.25,27.75,1918500.0
2019-02-15,27.21,27.42,26.76,26.81,1591700.0
2019-02-19,27.31,27.38,26.52,26.87,1891000.0
2019-02-20,26.65,26.69,25.78,25.83,2321700.0
2019-02-21,25.89,26.53,25.46,26.09,1854800.0
2019-02-22,25.68,25.75,25.09,25.13,1456100.0
2019-02-25,24.51,25.61,24.31,25.6,1414700.0
2019-02-26,26.0,26.14,25.41,25.83,1341100.0
2019-02-27,26.1,26.78,25.65,25.87,1846400.0
2019-02-28,25.91,25.95,25.34,25.82,1742400.0
2019-03-01,25.15,25.64,24.64,24.67,1653200.0
2019-03-04,24.36,26.56,24.06,25.27,3088300.0
2019-03-05,25.15,25.8,25.08,25.43,1864100.0
2019-03-06,25.41,26.31,25.4,26.08,2410400.0
2019-03-07,26.46,27.68,26.43,27.16,3798800.0
2019-03-08,28.04,28.46,27.31,27.32,3256400.0
2019-03-11,26.8,26.8,25.25,25.34,2926600.0
2019-03-12,25.09,25.2,24.6,24.6,3007100.0
2019-03-13,24.5,24.59,24.16,24.35,2040400.0
2019-03-14,24.37,24.42,23.88,23.97,1580600.0
2019-03-15,23.82,23.92,23.2,23.5,1700300.0
2019-03-18,23.68,24.05,23.37,23.56,1524400.0
2019-03-19,23.18,24.1,23.13,23.75,2405200.0
2019-03-20,23.75,24.27,23.22,23.97,2881600.0
2019-03-21,24.33,24.33,23.38,23.61,2018700.0
2019-03-22,24.16,26.54,23.9,26.35,6134800.0
2019-03-25,26.36,27.13,25.86,26.4,5026700.0
2019-03-26,25.37,25.67,24.85,24.99,2535200.0
2019-03-27,24.94,26.39,24.76,25.37,3152500.0
2019-03-28,25.21,25.53,24.76,24.82,1464900.0
2019-03-29,24.36,24.49,23.98,24.02,1801700.0
2019-04-01,23.81,23.98,23.55,23.62,1396800.0
2019-04-02,23.72,23.82,23.45,23.55,1122500.0
2019-04-03,23.17,24.07,23.12,23.72,1663800.0
2019-04-04,23.6,23.9,23.34,23.52,1539600.0
2019-04-05,23.21,23.35,23.0,23.01,1440200.0
2019-04-08,23.1,23.24,22.86,22.91,1133000.0
2019-04-09,23.24,23.85,23.09,23.72,1379400.0
2019-04-10,23.47,23.66,23.03,23.08,1269800.0
2019-04-11,22.77,22.91,22.53,22.59,1529900.0
2019-04-12,22.13,22.17,21.51,21.55,2157900.0
2019-04-15,21.25,22.16,21.22,21.3,2166300.0
2019-04-16,21.2,21.3,20.91,21.16,1820700.0
2019-04-17,20.77,21.65,20.77,21.28,1694100.0
2019-04-18,21.27,21.64,20.92,20.93,1874500.0
2019-04-22,21.16,21.33,20.74,20.76,2162000.0
2019-04-23,20.64,20.73,20.44,20.58,1316300.0
2019-04-24,20.6,21.1,20.57,21.07,1691500.0
2019-04-25,21.34,22.13,21.08,21.5,2061300.0
2019-04-26,21.34,21.63,20.77,20.8,1788500.0
2019-04-29,20.92,21.11,20.75,21.09,1041600.0
2019-04-30,21.08,21.7,20.97,21.12,2264800.0
2019-05-01,20.91,21.9,20.75,21.9,2422700.0
2019-05-02,21.68,22.79,21.59,21.93,3335400.0
2019-05-03,21.36,21.4,20.8,20.89,2277900.0
2019-05-06,22.98,23.19,21.92,22.01,4830000.0
2019-05-07,23.33,26.35,23.13,25.7,6413400.0
2019-05-08,25.45,25.95,24.36,25.2,3653100.0
2019-05-09,26.53,27.36,25.06,25.17,4646500.0
2019-05-10,25.35,26.0,23.2,23.22,3615700.0
2019-05-13,26.12,26.8,25.34,26.61,4242700.0
2019-05-14,25.68,25.84,24.86,25.18,2511500.0
2019-05-15,25.92,26.08,24.07,24.14,2394900.0
2019-05-16,23.95,23.96,22.93,23.12,2280600.0
2019-05-17,24.04,24.07,22.8,23.44,2452300.0
2019-05-20,24.07,24.5,23.35,23.79,1665900.0
2019-05-21,23.05,23.06,22.53,22.61,1297900.0
2019-05-22,22.71,22.76,22.15,22.36,1441100.0
2019-05-23,23.24,24.26,23.22,23.84,2968400.0
2019-05-24,23.18,23.67,22.94,23.36,1768700.0
2019-05-28,23.21,24.05,22.85,24.05,1564700.0
2019-05-29,24.55,24.98,24.13,24.53,3091000.0
2019-05-30,24.0,24.56,23.73,24.02,1861700.0
2019-05-31,25.28,25.4,24.59,25.07,2331100.0
2019-06-03,24.99,25.82,24.52,25.23,2479300.0
2019-06-04,24.49,24.85,23.84,23.87,1933300.0
2019-06-05,23.63,24.1,23.28,23.36,1681900.0
2019-06-06,23.22,23.46,22.84,22.9,928200.0
2019-06-07,22.83,23.13,22.69,23.09,1162700.0
2019-06-10,22.76,23.2,22.7,22.86,807500.0
2019-06-11,22.47,23.27,22.45,22.94,1047300.0
2019-06-12,23.13,23.27,22.74,22.8,1216100.0
2019-06-13,22.6,22.94,22.47,22.7,835800.0
2019-06-14,22.86,23.06,22.43,22.48,1035600.0
2019-06-17,22.44,22.5,22.12,22.22,1096300.0
2019-06-18,21.94,22.17,21.67,22.05,2026900.0
2019-06-19,21.88,22.13,21.27,21.29,2332600.0
2019-06-20,20.94,22.03,20.77,21.39,2047100.0
2019-06-21,21.56,21.98,21.29,21.9,1537300.0
2019-06-24,21.72,21.79,21.51,21.68,967700.0
2019-06-25,21.71,22.34,21.7,22.27,1912800.0
2019-06-26,21.85,22.24,21.7,22.06,1141700.0
2019-06-27,21.91,22.02,21.54,21.69,1170100.0
2019-06-28,21.55,21.62,21.26,21.4,1379700.0
2019-07-01,20.26,20.61,20.1,20.17,2202500.0
2019-07-02,20.21,20.27,19.41,19.42,2496100.0
2019-07-03,19.47,19.63,19.27,19.32,815600.0
2019-07-05,19.77,20.3,19.33,19.39,1734700.0
2019-07-08,19.87,20.11,19.66,19.91,1746500.0
2019-07-09,20.46,20.49,19.92,19.99,1207500.0
2019-07-10,19.68,19.72,19.32,19.37,1627100.0
2019-07-11,19.18,19.39,18.94,19.04,1704300.0
2019-07-12,18.91,19.06,18.7,18.7,1585000.0
2019-07-15,18.68,18.84,18.58,18.69,1201400.0
2019-07-16,18.62,18.83,18.33,18.75,1830400.0
2019-07-17,18.59,19.18,18.46,19.18,2451300.0
2019-07-18,19.19,19.49,18.69,19.01,2204700.0
2019-07-19,18.66,19.26,18.58,19.22,1812700.0
2019-07-22,19.19,19.3,18.7,18.82,1736200.0
2019-07-23,18.53,18.81,18.15,18.18,1550000.0
2019-07-24,18.37,18.39,17.6,17.7,2314100.0
2019-07-25,17.84,18.57,17.82,18.26,2141300.0
2019-07-26,17.9,17.94,17.64,17.8,1386300.0
2019-07-29,17.81,18.09,17.75,17.92,1813400.0
2019-07-30,18.28,18.46,18.04,18.37,1605600.0
2019-07-31,18.31,20.01,18.04,19.4,4222700.0
2019-08-01,19.39,21.48,18.54,20.9,7845200.0
2019-08-02,20.94,21.94,20.78,21.05,5863400.0
2019-08-05,22.61,24.34,22.45,24.15,7716300.0
2019-08-06,23.2,24.39,22.6,22.62,5350300.0
2019-08-07,24.22,24.74,22.61,22.72,5855500.0
2019-08-08,22.24,22.54,21.28,21.35,3821800.0
2019-08-09,21.75,22.59,21.53,22.15,3915300.0
2019-08-12,22.55,23.84,22.42,23.76,3183900.0
2019-08-13,24.11,24.17,21.98,21.98,4953100.0
2019-08-14,23.53,25.11,23.08,25.06,6887700.0
2019-08-15,24.4,25.5,24.18,24.44,4417300.0
2019-08-16,24.0,24.0,23.0,23.08,3065100.0
2019-08-19,22.05,22.2,21.3,21.35,2625600.0
2019-08-20,21.51,22.04,21.39,21.86,2455300.0
2019-08-21,20.98,21.16,20.76,20.82,2708500.0
2019-08-22,20.69,21.74,20.61,21.15,3235400.0
2019-08-23,21.83,24.23,20.94,23.78,8775600.0
2019-08-26,22.62,23.81,22.62,23.15,3329200.0
2019-08-27,22.72,24.16,22.65,23.57,3227800.0
2019-08-28,24.11,24.47,23.02,23.03,3411400.0
2019-08-29,22.36,22.56,21.85,22.1,3378400.0
2019-08-30,21.69,22.72,21.65,22.12,3542600.0
2019-09-03,22.99,23.4,22.64,23.23,3592000.0
2019-09-04,22.27,22.67,21.73,21.76,2651000.0
2019-09-05,21.2,21.25,20.68,20.91,3218000.0
2019-09-06,20.65,20.81,20.24,20.34,2862400.0
2019-09-09,19.95,20.67,19.92,20.12,2752800.0
2019-09-10,20.43,20.71,20.02,20.1,3794000.0
2019-09-11,20.08,20.12,19.62,19.71,2707200.0
2019-09-12,19.38,19.65,19.06,19.24,3097900.0
2019-09-13,19.05,19.18,18.78,18.95,3200900.0
2019-09-16,19.34,19.46,18.93,19.25,3924600.0
2019-09-17,19.37,19.51,19.15,19.17,2518900.0
2019-09-18,19.02,19.48,18.51,18.53,4899300.0
2019-09-19,18.35,18.35,17.93,18.21,3933300.0
2019-09-20,18.03,19.3,17.96,19.09,5386300.0
2019-09-23,19.17,19.25,18.67,18.97,2137000.0
2019-09-24,18.49,20.0,18.45,19.85,7230000.0
2019-09-25,19.89,20.54,19.24,19.42,3784300.0
2019-09-26,19.39,19.95,19.36,19.55,3274100.0
2019-09-27,19.33,20.64,19.23,20.09,5151100.0
2019-09-30,19.9,19.92,19.31,19.52,2122700.0
2019-10-01,19.09,20.4,18.96,20.37,5239200.0
2019-10-02,20.99,22.0,20.95,21.75,5516400.0
2019-10-03,21.68,22.3,20.93,20.94,4970500.0
2019-10-04,20.77,20.77,19.76,19.79,2493400.0
2019-10-07,20.15,20.29,19.55,20.0,2063000.0
2019-10-08,20.72,21.6,20.5,21.59,4941000.0
2019-10-09,20.92,21.23,20.38,20.79,2649300.0
2019-10-10,20.79,20.88,20.02,20.12,2842700.0
2019-10-11,19.47,19.58,18.62,18.97,5791400.0
2019-10-14,19.02,19.02,18.28,18.32,2919600.0
2019-10-15,18.0,18.0,17.56,17.81,4402900.0
2019-10-16,17.78,17.98,17.58,17.58,2684800.0
2019-10-17,17.38,17.61,17.24,17.5,2684000.0
2019-10-18,17.59,17.89,17.31,17.47,2965600.0
2019-10-21,17.27,17.33,17.0,17.0,2011400.0
2019-10-22,16.91,17.29,16.8,17.26,1932900.0
2019-10-23,17.42,17.42,17.05,17.05,1372200.0
2019-10-24,16.91,17.22,16.8,16.82,2176400.0
2019-10-25,16.93,16.93,16.25,16.25,2759300.0
2019-10-28,16.2,16.48,16.16,16.43,2031300.0
2019-10-29,16.6,16.67,16.31,16.42,1799700.0
2019-10-30,16.41,16.81,15.99,16.0,3250200.0
2019-10-31,16.18,16.6,16.08,16.26,2584000.0
2019-11-01,15.75,15.84,15.49,15.52,3704800.0
2019-11-04,15.29,15.67,15.25,15.56,1990900.0
2019-11-05,15.63,15.89,15.59,15.87,1990100.0
2019-11-06,15.84,16.12,15.76,15.8,2005800.0
2019-11-07,15.5,15.78,15.47,15.65,2203500.0
2019-11-08,15.71,15.84,15.31,15.32,1879600.0
2019-11-11,15.65,15.68,15.12,15.28,1322300.0
2019-11-12,15.13,15.23,14.97,15.1,2027800.0
2019-11-13,15.25,15.32,15.04,15.2,1965900.0
2019-11-14,15.23,15.37,14.95,14.97,1717400.0
2019-11-15,14.74,14.78,14.31,14.32,2707300.0
2019-11-18,14.34,14.46,14.2,14.3,1824300.0
2019-11-19,14.22,14.52,14.17,14.45,2326500.0
2019-11-20,14.46,15.12,14.3,14.59,4068600.0
2019-11-21,14.48,14.9,14.46,14.62,2363900.0
2019-11-22,14.44,14.55,14.18,14.2,1709600.0
2019-11-25,13.88,13.89,13.53,13.57,2240900.0
2019-11-26,13.49,13.56,13.3,13.39,1799000.0
2019-11-27,13.29,13.35,13.25,13.33,1532400.0
2019-11-29,13.44,13.6,13.38,13.55,1202200.0
2019-12-02,13.53,14.48,13.53,14.31,4195000.0
2019-12-03,15.37,15.65,15.07,15.13,5975600.0
2019-12-04,14.67,14.77,14.26,14.43,2604700.0
2019-12-05,14.21,14.7,14.2,14.25,2120600.0
2019-12-06,13.69,13.96,13.65,13.77,2453400.0
2019-12-09,13.82,14.48,13.75,14.47,2094900.0
2019-12-10,14.42,14.77,14.2,14.48,2027700.0
2019-12-11,14.35,14.44,14.08,14.19,1532700.0
2019-12-12,14.14,14.22,13.32,13.38,3346700.0
2019-12-13,13.41,13.6,12.76,12.78,4835200.0
2019-12-16,12.36,12.51,12.25,12.49,3057400.0
2019-12-17,12.36,12.56,12.31,12.39,3472500.0
2019-12-18,12.25,12.54,12.22,12.53,1933400.0
2019-12-19,12.47,12.53,12.21,12.22,2156900.0
2019-12-20,12.19,12.37,12.14,12.35,2026400.0
2019-12-23,12.35,12.44,12.31,12.41,1011300.0
2019-12-24,12.35,12.42,12.26,12.28,1050700.0
2019-12-26,12.19,12.29,12.17,12.25,1324000.0
2019-12-27,12.21,12.64,12.2,12.52,2217900.0
2019-12-30,12.64,13.12,12.61,12.97,3436300.0
2019-12-31,13.12,13.2,12.39,12.43,2753300.0
2020-01-02,12.1,12.36,11.92,11.95,3078600.0
2020-01-03,12.9,12.93,12.29,12.55,4108300.0
2020-01-06,12.94,12.97,12.4,12.4,3139700.0
2020-01-07,12.46,12.62,12.22,12.35,1987500.0
2020-01-08,12.25,12.33,11.78,12.11,4894600.0
2020-01-09,11.78,11.92,11.66,11.68,2544900.0
2020-01-10,11.63,11.74,11.48,11.61,2896700.0
2020-01-13,11.47,11.58,11.29,11.3,1857200.0
2020-01-14,11.3,11.42,11.12,11.24,2524000.0
2020-01-15,11.22,11.26,11.09,11.19,1915300.0
2020-01-16,11.03,11.05,10.9,10.93,1964000.0
2020-01-17,10.92,11.14,10.9,10.96,1874000.0
2020-01-21,11.08,11.11,10.8,11.03,2960400.0
2020-01-22,10.84,11.12,10.83,11.1,1977000.0
2020-01-23,11.31,11.48,11.04,11.07,3270000.0
2020-01-24,10.9,11.94,10.87,11.71,6550800.0
2020-01-27,12.71,12.92,12.41,12.92,11199200.0
2020-01-28,12.59,12.69,12.12,12.19,4365800.0
2020-01-29,11.97,12.38,11.85,12.2,2456200.0
2020-01-30,12.67,12.93,11.99,12.01,5855800.0
2020-01-31,12.3,13.73,12.25,13.37,10889200.0
2020-02-03,12.97,13.16,12.53,12.87,4318100.0
2020-02-04,12.25,12.33,12.0,12.17,3204200.0
2020-02-05,11.76,12.1,11.68,11.69,4019700.0
2020-02-06,11.57,11.82,11.51,11.58,2411300.0
2020-02-07,11.87,12.04,11.63,11.73,3920700.0
2020-02-10,11.92,11.92,11.54,11.6,2278500.0
2020-02-11,11.42,11.64,11.34,11.62,2362400.0
2020-02-12,11.36,11.45,11.01,11.06,4285700.0
2020-02-13,11.44,11.47,11.13,11.25,2953200.0
2020-02-14,11.16,11.35,11.07,11.1,2871100.0
2020-02-18,11.29,11.53,11.16,11.29,3566000.0
2020-02-19,11.1,11.22,11.03,11.15,2309200.0
2020-02-20,11.21,11.91,11.1,11.51,6685400.0
2020-02-21,11.89,12.57,11.78,12.26,7497200.0
2020-02-24,14.1,14.57,13.44,14.51,12945600.0
2020-02-25,14.01,16.32,13.92,15.91,15327400.0
2020-02-26,15.39,16.13,14.84,15.54,12370100.0
2020-02-27,16.94,18.07,16.52,18.06,22031500.0
2020-02-28,20.1,20.55,18.65,18.84,21841300.0
2020-03-02,18.36,19.39,18.01,18.06,10899700.0
2020-03-03,18.09,20.6,17.33,20.11,16248700.0
2020-03-04,19.23,19.95,18.7,19.02,8904700.0
2020-03-05,20.68,22.74,20.25,22.04,13783700.0
2020-03-06,26.0,26.84,24.01,24.33,15143200.0
2020-03-09,33.5,33.79,28.92,31.0,7624800.0
2020-03-10,27.06,30.52,26.91,27.97,8390000.0
2020-03-11,30.27,32.38,29.88,31.42,6281200.0
2020-03-12,37.02,39.85,34.15,38.96,9141000.0
2020-03-13,34.58,40.59,34.5,35.5,9204300.0
2020-03-16,45.0,50.9,42.28,49.38,5403500.0
2020-03-17,47.3,51.38,44.5,48.18,9195900.0
2020-03-18,54.01,64.56,50.89,56.3,7617500.0
2020-03-19,59.95,63.0,46.0,51.0,9055200.0
2020-03-20,48.62,51.78,43.17,50.02,11811100.0
2020-03-23,46.68,48.73,40.45,42.18,6118600.0
2020-03-24,34.09,39.15,32.42,38.48,9895800.0
2020-03-25,39.5,43.21,39.14,41.6,9310700.0
2020-03-26,40.28,40.79,37.42,37.95,8491200.0
2020-03-27,41.27,41.69,39.75,41.31,6322800.0
2020-03-30,41.41,42.6,39.9,39.99,8528300.0
2020-03-31,40.14,40.41,37.31,37.93,6605300.0
2020-04-01,40.58,41.79,38.65,41.19,5957600.0
2020-04-02,40.62,41.35,38.75,38.95,6776700.0
2020-04-03,38.54,39.26,36.93,37.25,5406400.0
2020-04-06,34.64,35.35,34.07,34.6,4693900.0
2020-04-07,33.58,35.82,33.47,35.61,5399200.0
2020-04-08,35.25,35.89,34.42,34.87,4533400.0
2020-04-09,34.61,35.19,33.95,34.12,5233100.0
2020-04-13,34.0,34.8,33.36,33.4,3061000.0
2020-04-14,31.51,31.7,30.38,30.72,4016600.0
2020-04-15,32.81,34.02,32.28,33.27,3547700.0
2020-04-16,33.49,34.45,33.16,33.46,4281600.0
2020-04-17,32.05,33.19,31.88,32.08,2424700.0
2020-04-20,33.79,35.3,32.95,35.24,2794000.0
2020-04-21,37.85,39.54,37.56,38.1,3545700.0
2020-04-22,36.69,37.41,35.92,36.26,2758000.0
2020-04-23,35.83,36.86,35.09,36.24,2371500.0
2020-04-24,35.56,35.97,34.06,34.25,1518300.0
2020-04-27,33.23,33.23,31.15,31.55,2273600.0
2020-04-28,30.5,32.48,30.34,32.09,1978500.0
2020-04-29,30.3,30.37,29.43,30.08,2237500.0
2020-04-30,30.76,32.19,30.75,31.07,2477300.0
2020-05-01,33.71,34.53,33.1,33.77,2719200.0
2020-05-04,34.95,35.3,33.01,33.08,2130600.0
2020-05-05,31.86,31.95,30.83,31.81,2153200.0
2020-05-06,31.21,32.22,30.96,32.17,1790100.0
2020-05-07,31.04,31.26,30.52,30.87,2490200.0
2020-05-08,29.92,30.15,28.69,28.74,2366300.0
2020-05-11,29.47,29.53,26.67,26.77,2372300.0
2020-05-12,26.01,29.5,25.78,29.47,3045200.0
2020-05-13,29.87,33.79,29.23,32.49,6441700.0
2020-05-14,34.14,35.19,30.86,30.9,5546700.0
2020-05-15,32.27,32.78,30.05,30.06,3927000.0
2020-05-18,28.03,28.64,27.73,28.14,2962800.0
2020-05-19,28.24,29.58,27.63,29.56,3242500.0
2020-05-20,28.19,28.77,27.65,27.77,3798200.0
2020-05-21,27.74,29.01,27.36,28.38,3502500.0
2020-05-22,28.6,29.07,28.07,28.16,2362700.0
2020-05-26,26.84,27.98,26.79,27.8,1968600.0
2020-05-27,27.04,28.99,26.98,27.16,3956100.0
2020-05-28,27.47,28.53,27.18,28.21,2774700.0
2020-05-29,28.43,28.93,27.25,27.3,3789700.0
2020-06-01,27.91,28.04,27.24,27.43,1887900.0
2020-06-02,27.26,27.6,26.63,26.69,2401200.0
2020-06-03,26.11,26.26,25.39,25.52,2677600.0
2020-06-04,25.65,25.9,24.56,25.28,2707300.0
2020-06-05,23.76,24.26,23.64,23.92,3252300.0
2020-06-08,23.87,24.69,23.75,24.45,2232900.0
2020-06-09,25.2,25.85,24.99,25.68,3160400.0
2020-06-10,25.85,26.33,24.53,25.52,3817200.0
2020-06-11,28.34,34.7,27.19,34.09,11708600.0
2020-06-12,31.5,36.93,30.72,31.73,14271100.0
2020-06-15,34.62,35.77,30.66,30.96,10150100.0
2020-06-16,28.92,31.99,28.7,30.33,6352000.0
2020-06-17,30.0,31.19,29.87,30.27,3786100.0
2020-06-18,30.75,31.1,29.76,29.76,3628000.0
2020-06-19,29.05,31.26,28.83,30.24,5663900.0
2020-06-22,30.48,30.86,28.67,28.75,3934800.0
2020-06-23,27.49,28.44,27.42,28.19,2693800.0
2020-06-24,29.28,31.46,28.47,30.14,8249800.0
2020-06-25,30.7,31.27,28.93,28.96,4575400.0
2020-06-26,29.05,31.11,28.98,30.77,5343000.0
2020-06-29,30.25,31.24,29.24,29.28,3711500.0
2020-06-30,29.54,29.59,27.55,27.76,3757800.0
2020-07-01,27.36,27.8,26.79,26.98,3087700.0
2020-07-02,25.87,26.71,25.45,26.52,3323500.0
2020-07-06,25.66,26.78,25.59,26.5,2345200.0
2020-07-07,26.71,27.48,25.98,27.28,2882600.0
2020-07-08,26.95,27.85,26.63,26.66,3878800.0
2020-07-09,26.74,28.3,26.51,27.1,6105200.0
2020-07-10,27.3,27.86,26.36,26.41,4271000.0
2020-07-13,26.08,29.02,26.03,28.93,5843100.0
2020-07-14,28.93,29.52,27.17,27.21,8346600.0
2020-07-15,26.41,27.62,26.36,26.49,5596400.0
2020-07-16,27.04,27.11,25.93,26.01,4259480.0
2020-07-17,25.79,26.03,25.08,25.08,3251431.0
2020-07-20,24.79,24.92,23.57,23.92,5039750.0
2020-07-21,23.35,24.47,23.09,24.13,4237841.0
2020-07-22,24.31,24.6698,23.87,23.87,3446249.0
2020-07-23,23.7,25.15,23.5204,24.6,5172420.0
2020-07-24,25.43,25.8,24.7,24.7,4764481.0
2020-07-27,24.44,24.758,24.0,24.01,2360136.0
2020-07-28,24.05,24.25,23.17,23.87,2927417.0
2020-07-29,23.57,23.86,23.3104,23.38,2364294.0
2020-07-30,24.51,25.62,23.79,23.93,4345103.0
2020-07-31,23.33,24.54,23.28,23.44,4182666.0
2020-08-03,23.21,23.575,23.05,23.3,2713951.0
2020-08-04,23.25,23.25,22.58,22.6,2400974.0
2020-08-05,22.3,22.57,22.1,22.15,2881013.0
2020-08-06,22.24,22.4,21.84,21.9,2203808.0
2020-08-07,22.21,22.25,21.55,21.75,3251584.0
2020-08-10,21.46,21.7599,21.03,21.1,2463317.0
2020-08-11,20.62,22.25,20.52,22.09,4127219.0
2020-08-12,21.25,21.34,20.74,20.89,3283217.0
2020-08-13,21.06,21.1801,20.415,20.89,3065240.0
2020-08-14,21.06,21.2699,20.75,20.91,2632272.0
2020-08-17,20.42,20.57,20.02,20.11,2076203.0
2020-08-18,19.99,20.435,19.77,19.92,3092394.0
2020-08-19,19.78,20.4399,19.64,20.31,3472351.0
2020-08-20,21.11,21.17,20.01,20.09,3244691.0
2020-08-21,20.44,20.52,20.085,20.18,2489016.0
2020-08-24,19.63,20.31,19.58,20.11,2964651.0
2020-08-25,20.2,20.75,19.87,19.97,3007466.0
2020-08-26,19.85,20.56,19.38,20.43,2955317.0
2020-08-27,20.22,22.71,20.035,21.08,6856230.0
2020-08-28,21.3283,22.22,20.63,20.97,5143475.0
2020-08-31,21.52,22.19,21.06,21.97,4076908.0
2020-09-01,22.0099,22.51,21.845,22.37,3463331.0
2020-09-02,22.3,23.12,22.24,22.97,5838263.0
2020-09-03,23.19,26.83,22.385,26.01,20098335.0
2020-09-04,25.37,27.92,23.39,23.84,17918671.0
2020-09-08,25.64,25.8,23.11,23.16,7665306.0
2020-09-09,22.58,22.8199,21.5999,21.99,6122273.0
2020-09-10,21.78,22.768,21.61,22.24,9127200.0
2020-09-11,21.65,22.2733,20.88,20.88,6625858.0
2020-09-14,20.66,20.86,20.27,20.55,4243508.0
2020-09-15,20.35,20.885,20.25,20.54,4009777.0
2020-09-16,20.38,20.48,19.9,20.42,5210804.0
2020-09-17,21.09,21.16,19.905,19.97,6028235.0
2020-09-18,19.84,20.4606,19.41,19.98,5670348.0
2020-09-21,20.83,21.84,20.53,20.64,6644947.0
2020-09-22,20.62,21.3301,20.58,20.78,3218913.0
2020-09-23,20.68,21.91,20.62,21.89,5370672.0
2020-09-24,21.91,22.14,21.1,21.5,4470667.0
2020-09-25,21.5,21.65,20.81,20.92,2707275.0
2020-09-28,20.73,21.015,20.7073,20.85,2198887.0
2020-09-29,20.91,20.91,20.13,20.44,2779111.0
2020-09-30,20.17,20.62,19.91,20.41,3866698.0
2020-10-01,20.19,20.81,20.17,20.51,3106405.0
2020-10-02,21.53,21.62,20.74,21.09,4973456.0
2020-10-05,20.92,21.14,20.315,20.47,2574203.0
2020-10-06,20.29,20.93,19.915,20.73,5479946.0
2020-10-07,20.33,20.44,19.94,20.08,2458870.0
2020-10-08,19.82,19.96,19.235,19.29,3312756.0
2020-10-09,18.68,18.7,18.2601,18.27,3879142.0
2020-10-12,17.95,18.26,17.86,17.93,2735555.0
2020-10-13,18.13,18.51,18.0096,18.12,3750118.0
2020-10-14,17.99,18.2486,17.6834,17.97,4802649.0
2020-10-15,18.74,18.93,18.0691,18.11,3561681.0
2020-10-16,18.09,18.25,17.827,18.23,2407349.0
2020-10-19,18.15,19.16,18.125,19.04,3751474.0
2020-10-20,18.91,19.12,18.75,19.03,4046807.0
2020-10-21,18.93,19.17,18.47,18.57,3879799.0
2020-10-22,18.55,18.72,17.98,18.15,3450900.0
2020-10-23,18.12,18.57,18.05,18.17,2690167.0
2020-10-26,18.62,20.1185,18.4201,19.76,8685090.0
2020-10-27,19.8,20.22,19.45,19.85,5337777.0
2020-10-28,21.39,22.74,21.13,22.71,11939164.0
2020-10-29,22.27,22.7,20.435,20.8,6780117.0
2020-10-30,21.43,22.14,21.13,21.73,7609064.0
2020-11-02,20.74,21.55,20.69,21.26,5747518.0
2020-11-03,20.61,20.74,19.83,20.14,5030627.0
2020-11-04,19.25,19.3,18.19,18.37,8232431.0
2020-11-05,17.76,18.23,17.58,18.02,5814876.0
2020-11-06,17.86,17.885,16.815,16.85,5769558.0
2020-11-09,15.68,16.48,14.94,16.47,8231992.0
2020-11-10,16.06,16.6401,15.9198,15.94,3210437.0
2020-11-11,15.7,15.9,15.28,15.62,3222663.0
2020-11-12,15.83,17.02,15.64,16.67,9120519.0
2020-11-13,16.12,16.12,15.38,15.64,3880688.0
2020-11-16,15.25,15.81,15.22,15.24,4113823.0
2020-11-17,15.58,15.66,14.9801,15.0,3567687.0
2020-11-18,14.84,15.57,14.7,15.56,4516145.0
2020-11-19,15.4,15.6363,15.025,15.27,3471580.0
2020-11-20,15.26,15.31,14.95,15.22,3594241.0
2020-11-23,15.05,15.34,14.8,15.03,3465468.0
2020-11-24,14.74,15.04,14.71,14.8,3351855.0
2020-11-25,14.83,15.0,14.23,14.26,3750909.0
2020-11-27,14.12,14.45,14.01,14.35,1830885.0
2020-11-30,14.43,14.89,14.05,14.07,3707556.0
2020-12-01,13.95,14.27,13.85,14.18,3931766.0
2020-12-02,14.23,14.24,13.84,14.12,2842980.0
2020-12-03,13.98,14.39,13.93,14.23,2823683.0
2020-12-04,14.08,14.1,13.8886,14.02,3009608.0
2020-12-07,14.17,14.24,14.03,14.1,2776249.0
2020-12-08,14.21,14.22,13.58,13.61,4554085.0
2020-12-09,13.46,14.22,13.34,14.1,6794916.0
2020-12-10,14.19,14.32,13.84,14.22,3819671.0
2020-12-11,14.56,15.145,14.36,14.76,6975518.0
2020-12-14,14.27,15.12,14.1477,15.11,4739049.0
2020-12-15,14.75,14.92,14.38,14.4,3914617.0
2020-12-16,14.38,14.5,13.9,13.9,3249471.0
2020-12-17,13.96,14.02,13.61,13.75,3288486.0
2020-12-18,13.84,14.3999,13.83,14.08,4543352.0
2020-12-21,15.39,15.95,14.8,15.1,9330504.0
2020-12-22,14.93,15.135,14.76,14.81,3315242.0
2020-12-23,14.53,14.55,13.97,14.24,3079250.0
2020-12-24,14.04,14.049,13.82,13.82,1546810.0
2020-12-28,13.62,13.8,13.56,13.75,2394573.0
2020-12-29,13.56,14.54,13.56,14.29,4657886.0
2020-12-30,14.2,14.269,13.71,13.75,3312277.0
2020-12-31,13.75,13.975,13.49,13.74,4302329.0
2021-01-04,13.74,15.3995,13.73,15.05,12907274.0
2021-01-05,15.31,15.32,14.33,14.48,7899314.0
2021-01-06,14.31,14.73,13.54,14.39,14185262.0
2021-01-07,13.74,13.82,13.51,13.51,5997445.0
2021-01-08,13.44,13.865,13.3,13.38,6855517.0
2021-01-11,13.89,14.25,13.67,14.2,5898343.0
2021-01-12,13.88,14.29,13.675,13.715,5095231.0
2021-01-13,13.71,13.8082,13.39,13.5,3683488.0
2021-01-14,13.4,13.75,13.2323,13.67,5242771.0
2021-01-15,13.87,14.35,13.67,14.01,6419240.0
2021-01-19,13.66,13.88,13.54,13.62,7803613.0
2021-01-20,13.44,13.63,13.28,13.34,6914185.0
2021-01-21,13.35,13.57,13.23,13.23,4117920.0
2021-01-22,13.58,13.65,13.265,13.42,4625302.0
2021-01-25,13.56,14.56,13.46,13.96,12055504.0
2021-01-26,13.73,13.84,13.47,13.73,4826432.0
2021-01-27,14.47,16.85,14.44,16.58,22050325.0
2021-01-28,15.86,16.6,15.43,16.24,18898069.0
2021-01-29,16.62,17.82,15.72,17.3,20110491.0
2021-02-01,16.45,17.42,16.055,16.29,11956649.0
2021-02-02,15.5,15.53,14.73,14.93,7957539.0
2021-02-03,14.56,14.79,14.11,14.13,5205958.0
2021-02-04,13.83,13.86,13.51,13.51,4476727.0
2021-02-05,13.46,13.77,13.45,13.475,7002112.0
2021-02-08,13.42,13.62,13.37,13.37,6442683.0
2021-02-09,13.55,13.66,13.27,13.44,5202296.0
2021-02-10,13.35,14.05,13.32,13.63,11731381.0
2021-02-11,13.49,13.9586,13.32,13.32,6780346.0
2021-02-12,13.46,13.47,12.86,12.89,7421533.0
2021-02-16,12.96,13.17,12.771,12.91,6963212.0
2021-02-17,13.22,13.45,12.71,12.73,7287890.0
2021-02-18,13.13,13.275,12.7,12.84,6554314.0
2021-02-19,12.7,12.74,12.23,12.34,7871001.0
2021-02-22,12.79,12.89,12.41,12.86,5898084.0
2021-02-23,12.96,13.59,12.32,12.33,9921685.0
2021-02-24,12.68,12.8,11.82,11.86,7773381.0
2021-02-25,12.1,14.08,11.91,13.7,23416645.0
2021-02-26,13.17,14.15,12.81,13.05,18691067.0
2021-03-01,12.34,12.34,11.99,12.05,8997555.0
2021-03-02,12.17,12.31,12.0,12.25,7498309.0
2021-03-03,12.17,12.79,12.06,12.79,9831402.0
2021-03-04,12.64,13.9,12.35,13.32,22952185.0
2021-03-05,12.83,13.71,12.34,12.4,20509938.0
2021-03-08,12.41,12.71,12.1401,12.7,8534245.0
2021-03-09,12.25,12.31,11.95,12.09,5903037.0
2021-03-10,11.77,12.03,11.76,11.95,4657674.0
2021-03-11,11.75,11.78,11.56,11.64,4216900.0
2021-03-12,11.87,11.9,11.43,11.44,4072707.0
2021-03-15,11.4,11.48,10.73,10.79,5124872.0
2021-03-16,10.77,10.8,10.46,10.79,6654023.0
2021-03-17,10.9,10.95,10.29,10.3,7516379.0
2021-03-18,10.52,10.97,10.32,10.89,6983899.0
2021-03-19,10.805,11.1,10.4,10.54,6065771.0
2021-03-22,10.33,10.39,9.7,9.75,5712928.0
2021-03-23,9.84,10.42,9.81,10.25,7329547.0
2021-03-24,10.02,10.32,9.815,10.31,5125028.0
2021-03-25,10.39,10.89,9.95,9.99,7910649.0
2021-03-26,9.83,10.21,9.49,9.6,8315475.0
2021-03-29,9.84,10.12,9.73,9.87,5557309.0
2021-03-30,9.83,9.94,9.4,9.41,4496594.0
2021-03-31,9.32,9.53,9.16,9.35,4421222.0
2021-04-01,9.22,9.26,8.98,9.06,4328881.0
2021-04-05,8.77,8.915,8.7298,8.79,4107171.0
2021-04-06,8.8,8.875,8.66,8.87,2697775.0
2021-04-07,8.82,8.85,8.55,8.6,3842437.0
2021-04-08,8.47,8.54,8.37,8.47,4484388.0
2021-04-09,8.53,8.58,8.31,8.45,4118215.0
2021-04-12,8.52,8.67,8.32,8.32,3859074.0
2021-04-13,8.33,8.36,8.19,8.25,3701780.0
2021-04-14,8.29,8.4695,8.22,8.44,5475752.0
2021-04-15,8.24,8.27,8.115,8.16,3363707.0
2021-04-16,8.15,8.215,7.9601,8.03,4025201.0
2021-04-19,8.1,8.55,8.06,8.31,9782652.0
2021-04-20,8.43,8.79,8.36,8.5,8473211.0
2021-04-21,8.56,8.659,8.01,8.06,6914889.0
2021-04-22,8.05,8.7,8.0,8.62,11768841.0
2021-04-23,8.47,8.51,8.04,8.23,8384081.0
2021-04-26,8.15,8.27,8.1,8.17,5800083.0
2021-04-27,8.12,8.23,7.95,7.99,5805546.0
2021-04-28,7.95,8.06,7.88,7.96,5455397.0
2021-04-29,7.81,8.22,7.78,7.91,7249399.0
2021-04-30,8.08,8.2988,7.9698,8.23,8054273.0
2021-05-03,8.03,8.1,7.92,7.92,6376680.0
2021-05-04,8.14,8.68,8.0783,8.22,17375212.0
2021-05-05,8.09,8.27,7.88,8.03,6923753.0
2021-05-06,8.05,8.37,7.95,7.98,9930617.0
2021-05-07,7.97,7.99,7.48,7.5,10087305.0
2021-05-10,7.5,7.86,7.37,7.83,11658074.0
2021-05-11,8.3,8.63,8.04,8.44,25393491.0
2021-05-12,8.76,10.22,8.735,9.89,43572279.0
2021-05-13,9.33,9.35,8.75,8.96,23991499.0
2021-05-14,8.47,8.48,7.81,7.91,12917562.0
2021-05-17,8.08,8.47,7.91,8.07,12165921.0
2021-05-18,8.05,8.31,7.86,8.29,14795573.0
2021-05-19,8.83,9.485,8.6085,8.65,37962650.0
2021-05-20,8.43,8.55,8.1,8.19,16433192.0
2021-05-21,8.04,8.19,7.95,8.08,13556353.0
2021-05-24,7.92,7.92,7.63,7.71,10086872.0
2021-05-25,7.66,7.85,7.65,7.71,9897655.0
2021-05-26,30.39,30.49,29.2495,29.39,5696432.0
2021-05-27,29.05,29.07,27.77,27.96,5092539.0
2021-05-28,27.66,28.45,27.53,28.36,3963275.0
2021-06-01,27.72,29.1,27.56,29.07,3672461.0
2021-06-02,28.74,29.0,27.91,28.36,3315163.0
2021-06-03,29.2,29.62,28.43,28.88,4124681.0
2021-06-04,27.95,27.95,27.2,27.35,3708691.0
2021-06-07,27.31,27.57,26.77,26.86,2710114.0
2021-06-08,26.65,27.71,26.6,27.19,3144864.0
2021-06-09,26.83,27.75,26.81,27.6,3755773.0
2021-06-10,26.84,26.97,25.9,25.93,3529335.0
2021-06-11,25.44,25.5,25.0249,25.23,2831467.0
2021-06-14,25.15,25.9202,25.06,25.42,2129309.0
2021-06-15,25.55,26.21,25.47,25.995,2493585.0
2021-06-16,25.69,26.935,25.21,26.25,6643873.0
2021-06-17,26.32,26.66,25.18,26.09,4830845.0
2021-06-18,27.31,28.54,26.6,28.36,8699725.0
2021-06-21,27.37,28.2,26.2,26.5,5044012.0
2021-06-22,26.8,26.91,25.24,25.27,3390691.0
2021-06-23,24.95,25.02,24.52,24.77,2639887.0
2021-06-24,24.15,24.42,24.05,24.23,2550666.0
2021-06-25,24.2,24.45,23.85,23.87,1932735.0
2021-06-28,23.7,24.23,23.59,23.91,1827462.0
2021-06-29,23.7,24.405,23.63,24.33,2105633.0
2021-06-30,24.53,24.6801,23.88,24.08,1983274.0
2021-07-01,23.85,24.05,23.645,23.75,2340009.0
2021-07-02,23.13,23.8,22.95,23.63,2505546.0
2021-07-06,23.44,24.9,23.41,24.2,3750231.0
2021-07-07,23.96,25.03,23.88,24.26,2851808.0
2021-07-08,26.35,26.57,25.39,25.88,5738264.0
2021-07-09,25.02,25.18,23.94,24.07,3700743.0
2021-07-12,24.14,24.25,23.745,23.94,2136100.0
2021-07-13,23.91,24.31,23.4,24.25,3329294.0
2021-07-14,23.63,24.51,23.46,23.68,3387037.0
2021-07-15,24.28,24.56,23.85,24.03,3830758.0
2021-07-16,23.48,25.03,23.32,24.95,2986292.0
2021-07-19,26.45,30.3,26.21,28.56,11746788.0
2021-07-20,28.35,28.81,25.78,26.28,5218154.0
2021-07-21,25.55,25.65,24.42,24.49,3201241.0
2021-07-22,24.64,25.315,24.295,24.93,3068150.0
2021-07-23,24.37,24.885,24.33,24.77,2334395.0
2021-07-26,25.07,25.39,24.42,24.44,2300487.0
2021-07-27,24.97,26.52,24.96,25.25,5021867.0
2021-07-28,24.97,25.69,24.18,24.61,3398537.0
2021-07-29,24.4,24.4,23.96,24.11,2307643.0
2021-07-30,24.99,25.03,24.16,24.77,2826060.0
2021-08-02,24.42,25.81,24.34,25.68,3423971.0
2021-08-03,25.29,25.96,24.36,24.4,3698188.0
2021-08-04,24.87,24.93,24.115,24.38,2469553.0
2021-08-05,24.14,24.16,23.74,23.74,1870493.0
2021-08-06,23.53,23.67,23.11,23.14,2031239.0
2021-08-09,23.11,23.33,22.72,22.87,1677038.0
2021-08-10,22.67,22.84,22.26,22.55,2313587.0
2021-08-11,22.325,22.51,21.8,21.93,2386843.0
2021-08-12,22.04,22.12,21.21,21.45,2209891.0
2021-08-13,21.19,21.58,21.05,21.45,2110233.0
2021-08-16,22.12,22.4799,21.54,21.55,4765833.0
2021-08-17,22.2,23.3601,21.8901,22.25,7748905.0
2021-08-18,22.57,23.97,22.23,23.77,7988274.0
2021-08-19,24.9,25.26,23.66,24.54,9352454.0
2021-08-20,24.16,24.3,22.51,22.7,4442219.0
2021-08-23,22.07,22.07,21.5501,21.91,3435842.0
2021-08-24,21.83,22.005,21.7,21.86,1930932.0
2021-08-25,21.76,21.87,21.2962,21.36,2655579.0
2021-08-26,21.67,22.55,21.48,22.29,5101390.0
2021-08-27,21.93,21.94,20.96,21.14,4569019.0
2021-08-30,20.91,21.16,20.78,20.92,2881036.0
2021-08-31,21.03,21.23,20.805,20.85,3155904.0
2021-09-01,20.7,20.88,20.15,20.31,2757277.0
2021-09-02,20.07,20.65,20.03,20.27,2814198.0
2021-09-03,20.63,20.79,20.22,20.46,3070445.0
2021-09-07,20.57,21.08,20.5099,20.91,2349204.0
2021-09-08,21.26,21.62,20.82,20.88,3461040.0
2021-09-09,21.01,21.4,20.4,21.34,3800668.0
2021-09-10,20.57,22.27,20.39,22.05,3964866.0
2021-09-13,21.19,22.33,21.06,21.34,5542273.0
2021-09-14,21.02,22.0,20.87,21.68,5078045.0
2021-09-15,21.26,21.69,20.62,20.8,5274055.0
2021-09-16,20.89,21.39,20.36,20.59,3976363.0
2021-09-17,20.72,21.99,20.5492,21.94,5024975.0
2021-09-20,23.68,26.5,23.11,24.33,14444741.0
2021-09-21,23.62,24.83,23.06,23.42,7219620.0
2021-09-22,22.83,23.14,21.66,22.1,7224997.0
2021-09-23,21.38,21.45,20.64,20.73,6624915.0
2021-09-24,21.25,21.28,20.04,20.1,3895696.0
2021-09-27,20.2,20.4708,19.91,20.28,3170156.0
2021-09-28,21.14,22.87,20.95,22.44,9297983.0
2021-09-29,22.26,22.92,22.0,22.74,5563489.0
2021-09-30,22.18,23.17,21.63,22.8,6925896.0
2021-10-01,22.25,23.05,21.39,21.93,5793220.0
2021-10-04,21.955,23.31,21.76,22.56,6954378.0
2021-10-05,22.36,22.53,21.29,21.73,3819590.0
2021-10-06,22.25,23.1,21.37,21.48,6069253.0
2021-10-07,21.02,21.04,20.5697,20.67,2778038.0
2021-10-08,20.4,20.59,20.1,20.28,2937542.0
2021-10-11,20.44,20.545,19.7471,20.51,3525967.0
2021-10-12,20.2,20.58,19.88,20.12,3239860.0
2021-10-13,20.01,20.41,19.7,19.74,3113597.0
2021-10-14,19.11,19.2,18.63,18.67,3289674.0
2021-10-15,18.47,18.72,18.12,18.66,3035361.0
2021-10-18,18.95,18.97,18.17,18.28,2212333.0
2021-10-19,18.15,18.32,17.9996,18.11,2023866.0
2021-10-20,18.15,18.19,17.87,17.96,2005483.0
2021-10-21,18.06,18.1499,17.32,17.37,2019540.0
2021-10-22,17.42,18.16,17.205,17.72,3028166.0
2021-10-25,17.58,17.8987,17.18,17.2,1849848.0
2021-10-26,17.0,17.91,16.99,17.53,3328325.0
2021-10-27,17.49,18.01,17.07,17.94,3078648.0
2021-10-28,17.66,17.705,17.32,17.38,1671466.0
2021-10-29,17.82,17.85,17.38,17.49,1836822.0
2021-11-01,17.34,17.875,17.2,17.25,1584560.0
2021-11-02,17.23,17.23,16.76,16.8,1497805.0
2021-11-03,16.85,16.93,16.065,16.19,2492325.0
2021-11-04,16.03,16.6563,15.92,16.43,2278193.0
2021-11-05,16.25,17.1,16.2,16.99,2816370.0
2021-11-08,16.77,17.36,16.7,17.03,2196237.0
2021-11-09,17.15,17.75,17.14,17.31,3813995.0
2021-11-10,17.72,18.08,17.03,17.61,4103528.0
2021-11-11,17.24,17.49,16.91,17.27,2018907.0
2021-11-12,16.98,17.13,16.59,16.68,2115986.0
2021-11-15,16.45,17.0,16.43,16.45,2244511.0
2021-11-16,16.6,16.6,16.25,16.49,1981181.0
2021-11-17,16.45,16.81,16.37,16.79,2698645.0
2021-11-18,16.63,17.14,16.53,16.91,2641075.0
2021-11-19,17.04,17.33,16.77,17.14,2643837.0
2021-11-22,16.79,17.5,16.68,17.42,3131470.0
2021-11-23,17.45,17.78,16.95,17.04,4938490.0
2021-11-24,17.46,17.76,16.7,16.79,3909052.0
2021-11-26,18.78,21.62,18.49,20.99,9997125.0
2021-11-29,18.92,19.095,17.7,18.15,4898438.0
2021-11-30,19.225,20.86,18.82,20.7,9194316.0
2021-12-01,19.33,22.38,18.61,22.29,7964655.0
2021-12-02,21.64,22.03,20.57,21.05,9540686.0
2021-12-03,20.81,24.64,20.69,22.89,17670091.0
2021-12-06,22.06,22.84,20.97,21.04,8910485.0
2021-12-07,19.87,19.88,18.4801,18.77,4618127.0
2021-12-08,18.57,18.81,17.6,17.67,3342559.0
2021-12-09,17.67,18.5,17.3599,18.16,4950122.0
2021-12-10,17.28,17.85,16.95,16.98,4842285.0
2021-12-13,17.17,17.86,17.12,17.66,5542280.0
2021-12-14,18.26,18.81,17.78,17.97,6028305.0
2021-12-15,18.12,18.81,16.63,16.68,7660843.0
2021-12-16,16.39,17.96,16.31,17.4,6919803.0
2021-12-17,18.11,18.5,17.27,17.96,7473299.0
2021-12-20,19.64,20.33,18.47,18.58,6795518.0
2021-12-21,18.02,18.45,17.52,17.69,3891743.0
2021-12-22,17.66,17.66,16.67,16.69,3643017.0
2021-12-23,16.51,16.58,16.3,16.48,3771665.0
2021-12-27,16.35,16.58,16.02,16.1,3526111.0
2021-12-28,16.0,16.16,15.69,15.69,4031196.0
2021-12-29,15.67,15.85,15.15,15.3,3736822.0
2021-12-30,15.19,15.42,14.94,15.29,2987984.0
2021-12-31,15.25,15.42,15.01,15.17,2820680.0
2022-01-03,14.93,15.23,14.61,14.62,3837308.0
2022-01-04,14.53,15.05,14.48,14.61,4294608.0
2022-01-05,14.73,15.78,14.38,15.73,6964470.0
2022-01-06,15.84,16.1,15.37,15.84,7077244.0
2022-01-07,15.83,16.23,15.3,15.38,5428229.0
2022-01-10,15.98,16.84,15.04,15.09,9485172.0
2022-01-11,15.29,15.63,14.5251,14.57,5015867.0
2022-01-12,14.36,14.69,14.12,14.42,5358312.0
2022-01-13,14.39,15.43,14.21,15.33,5876373.0
2022-01-14,15.83,15.91,14.96,15.08,6576072.0
2022-01-18,15.73,16.385,15.7,16.24,8855716.0
2022-01-19,15.89,16.78,15.83,16.64,8542355.0
2022-01-20,16.23,17.48,15.6,17.35,9808625.0
2022-01-21,17.68,18.98,17.29,18.96,19047799.0
2022-01-24,20.25,22.75,19.03,19.37,35023135.0
2022-01-25,20.7,21.45,18.93,19.53,21984823.0
2022-01-26,18.63,20.32,17.78,19.84,25604106.0
2022-01-27,18.84,20.53,18.5,20.01,16633136.0
2022-01-28,19.6,20.45,18.66,18.73,14189583.0
2022-01-31,18.97,19.12,17.48,17.48,9746605.0
2022-02-01,17.17,17.65,16.17,16.19,7453441.0
2022-02-02,16.09,16.52,15.77,15.87,8278731.0
2022-02-03,16.86,17.955,16.41,17.78,9945066.0
2022-02-04,17.57,18.1,16.6,17.16,8904671.0
2022-02-07,16.77,16.945,16.32,16.7,6277838.0
2022-02-08,16.54,16.81,15.85,15.93,6545421.0
2022-02-09,15.47,15.64,15.29,15.32,6200058.0
2022-02-10,16.1,17.13,15.35,16.74,14214411.0
2022-02-11,16.71,19.5,16.59,18.96,18507543.0
2022-02-14,19.05,20.251,18.81,18.96,15266100.0
2022-02-15,17.7,18.15,17.43,17.45,9277694.0
2022-02-16,17.75,18.08,16.7143,16.77,9641020.0
2022-02-17,17.75,18.865,17.67,18.7,11741388.0
2022-02-18,18.92,19.66,18.6225,19.19,11418762.0
2022-02-22,19.44,20.105,18.69,19.09,12916877.0
2022-02-23,18.56,20.24,18.51,20.15,10349267.0
2022-02-24,22.4,22.42,19.41,19.52,15841207.0
2022-02-25,19.38,19.76,18.48,18.72,10060218.0
2022-02-28,20.16,20.39,19.24,19.65,7963309.0
2022-03-01,20.13,22.03,19.86,21.76,10467499.0
2022-03-02,21.48,21.63,20.17,20.4,6933430.0
2022-03-03,20.15,21.05,19.88,20.5,6872314.0
2022-03-04,21.64,22.31,21.27,21.35,7576281.0
2022-03-07,21.45,23.3132,21.45,23.24,6536182.0
2022-03-08,23.06,23.97,21.8,23.01,8984974.0
2022-03-09,21.81,22.23,21.45,22.07,6100019.0
2022-03-10,22.39,22.48,21.09,21.11,4569658.0
2022-03-11,20.47,21.59,20.42,21.51,4804743.0
2022-03-14,21.41,22.87,20.79,22.2,9442825.0
2022-03-15,21.9,22.22,21.02,21.47,13103546.0
2022-03-16,20.62,20.98,19.26,19.26,11328249.0
2022-03-17,19.31,19.53,18.73,18.96,7171698.0
2022-03-18,19.3,19.49,17.95,18.07,8209851.0
2022-03-21,18.07,18.535,17.4,17.88,8674831.0
2022-03-22,17.58,17.74,17.39,17.55,6049763.0
2022-03-23,18.04,18.07,17.46,17.52,7403267.0
2022-03-24,17.47,17.72,16.99,17.12,6202288.0
2022-03-25,17.03,17.45,16.61,16.63,6591001.0
2022-03-28,16.83,17.5,16.37,16.38,6942248.0
2022-03-29,15.99,16.02,15.53,15.62,8532775.0
2022-03-30,15.76,16.305,15.485,15.79,8323275.0
2022-03-31,15.9,16.68,15.84,16.57,8812905.0
2022-04-01,16.35,16.6799,15.95,16.0,8427369.0
2022-04-04,15.87,15.995,15.14,15.14,5808443.0
2022-04-05,15.38,16.49,15.24,16.42,9639892.0
2022-04-06,17.0,17.74,16.68,16.8,18440793.0
2022-04-07,16.92,17.25,16.2,16.31,10210595.0
2022-04-08,16.54,16.72,15.885,16.31,8614544.0
2022-04-11,16.67,17.255,16.49,17.24,8415023.0
2022-04-12,16.84,17.46,16.43,17.4,13171097.0
2022-04-13,17.46,17.51,16.145,16.23,7586725.0
2022-04-14,15.97,16.66,15.7,16.62,9047295.0
2022-04-18,16.75,16.78,16.2,16.39,8557125.0
2022-04-19,16.36,16.425,15.39,15.58,8902381.0
2022-04-20,15.3,15.595,15.08,15.22,11170824.0
2022-04-21,14.94,16.61,14.88,16.32,16051794.0
2022-04-22,16.37,18.49,16.27,18.36,22976910.0
2022-04-25,18.6,19.44,17.815,17.93,26964512.0
2022-04-26,18.2,19.9,18.2,19.81,19539073.0
2022-04-27,19.89,20.25,19.0279,20.22,16360173.0
2022-04-28,19.18,19.72,18.3,19.17,12609841.0
2022-04-29,19.45,20.76,18.845,20.63,18253088.0
2022-05-02,20.75,21.77,20.2,20.35,15546203.0
2022-05-03,20.02,20.24,19.05,19.12,18188878.0
2022-05-04,18.87,19.15,17.23,17.37,21021371.0
2022-05-05,17.83,20.9,17.675,20.45,31633640.0
2022-05-06,20.75,21.9,20.1,20.18,26025079.0
2022-05-09,21.07,22.0,20.84,21.79,23696371.0
2022-05-10,20.74,21.9,20.63,21.07,14041126.0
2022-05-11,21.14,21.37,20.0,20.88,18655786.0
2022-05-12,21.25,21.72,20.4,20.51,16240702.0
2022-05-13,19.78,19.985,19.18,19.18,10099647.0
2022-05-16,19.07,19.225,18.37,18.39,9027090.0
2022-05-17,17.87,18.31,17.7,17.94,7854547.0
2022-05-18,18.35,20.68,18.23,20.57,12561736.0
2022-05-19,20.92,21.04,19.16,19.24,13040392.0
2022-05-20,18.62,20.74,18.545,19.33,16676750.0
2022-05-23,18.95,19.5999,18.7,19.03,8847677.0
2022-05-24,19.45,20.0,18.985,19.12,12192753.0
2022-05-25,19.43,19.445,18.49,18.69,7804685.0
2022-05-26,18.49,18.59,18.25,18.49,6148755.0
2022-05-27,18.04,18.21,17.76,17.79,6936560.0
2022-05-31,18.17,18.56,17.38,17.49,7617469.0
2022-06-01,17.27,18.2871,17.09,17.37,9798686.0
2022-06-02,17.43,17.54,16.72,17.01,7366702.0
2022-06-03,17.34,17.57,17.07,17.17,7849742.0
2022-06-06,16.85,17.23,16.735,16.97,6734017.0
2022-06-07,17.37,17.42,16.475,16.5,5204500.0
2022-06-08,16.72,16.88,16.4,16.5,5403941.0
2022-06-09,16.8,17.37,16.5,17.3,7542267.0
2022-06-10,17.98,18.73,17.8,18.34,14789604.0
2022-06-13,19.65,21.065,19.58,20.81,14880648.0
2022-06-14,20.63,20.94,19.96,20.18,11931335.0
2022-06-15,19.66,19.7469,18.33,18.98,14920438.0
2022-06-16,19.96,20.74,19.7999,20.19,15531896.0
2022-06-17,20.12,20.45,19.38,19.6,9771201.0
2022-06-21,18.84,19.25,18.51,19.21,7909062.0
2022-06-22,19.54,19.61,18.4,18.46,9208020.0
2022-06-23,18.32,18.92,18.28,18.46,9902279.0
2022-06-24,18.09,18.145,17.82,18.08,6097575.0
2022-06-27,17.95,18.16,17.47,17.52,7595407.0
2022-06-28,17.32,18.195,17.16,18.03,9207072.0
2022-06-29,18.15,18.5,17.87,18.08,7030745.0
2022-06-30,18.46,18.98,18.105,18.25,9328691.0
2022-07-01,18.43,18.76,17.71,17.78,7091075.0
2022-07-05,18.43,18.8,17.715,17.77,8547927.0
2022-07-06,17.81,18.08,17.39,17.48,5405239.0
2022-07-07,17.37,17.4,17.0301,17.29,4619324.0
2022-07-08,17.35,17.35,16.795,16.93,5562260.0
2022-07-11,17.2,17.535,17.085,17.41,5220213.0
2022-07-12,17.44,17.76,17.05,17.58,5358991.0
2022-07-13,18.02,18.08,17.14,17.31,7418038.0
2022-07-14,17.85,18.13,17.29,17.34,7672168.0
2022-07-15,16.96,17.085,16.43,16.46,7549743.0
2022-07-18,16.36,17.0799,16.22,16.94,7423326.0
2022-07-19,16.6,16.72,16.36,16.7,8146389.0
2022-07-20,16.56,16.6799,16.22,16.33,9534975.0
2022-07-21,16.27,16.515,15.9,15.91,8699662.0
2022-07-22,15.9,16.3,15.74,15.83,8560765.0
2022-07-25,15.78,15.9,15.5,15.63,8933005.0
2022-07-26,15.81,16.26,15.76,15.99,7080705.0
2022-07-27,15.65,15.675,15.18,15.5,8618209.0
2022-07-28,15.3,15.5,14.69,14.7,8938472.0
2022-07-29,14.66,14.8,14.47,14.56,5739718.0
2022-08-01,14.81,15.12,14.6,15.07,7574443.0
2022-08-02,15.26,15.54,14.71,15.22,9644752.0
2022-08-03,14.93,14.9687,14.38,14.46,6279961.0
2022-08-04,14.58,14.84,14.475,14.51,5959068.0
2022-08-05,14.82,14.82,14.121,14.14,6530257.0
2022-08-08,14.16,14.47,13.8,14.22,9182771.0
2022-08-09,14.41,14.535,14.19,14.32,5295754.0
2022-08-10,13.8,13.885,13.44,13.5,7171292.0
2022-08-11,13.44,13.88,13.36,13.61,10865720.0
2022-08-12,13.5,13.57,13.14,13.44,6711426.0
2022-08-15,13.63,13.64,13.14,13.23,5157840.0
2022-08-16,13.27,13.47,13.165,13.33,8795563.0
2022-08-17,13.48,13.62,13.1,13.27,11612127.0
2022-08-18,13.27,13.395,13.03,13.06,5993225.0
2022-08-19,13.35,13.955,13.285,13.71,12113924.0
2022-08-22,14.3,14.67,14.14,14.6,11113800.0
2022-08-23,14.53,14.615,14.1,14.35,8305331.0
2022-08-24,14.26,14.31,13.79,13.88,5842107.0
2022-08-25,13.73,13.87,13.385,13.41,5771808.0
2022-08-26,13.53,14.825,13.38,14.77,14750762.0
2022-08-29,14.97,15.04,14.4804,14.63,12503776.0
2022-08-30,14.53,15.16,14.49,14.88,12698113.0
2022-08-31,14.57,14.82,14.365,14.59,8046773.0
2022-09-01,14.85,15.24,14.43,14.48,13010661.0
2022-09-02,13.97,14.85,13.78,14.61,12289686.0
2022-09-06,14.31,15.0,14.25,14.92,10386339.0
2022-09-07,15.0,15.0,14.07,14.12,13578025.0
2022-09-08,14.36,14.48,13.85,13.9,12451979.0
2022-09-09,13.66,13.765,13.5161,13.76,7185837.0
2022-09-12,13.5,13.87,13.385,13.69,11680842.0
2022-09-13,14.31,15.12,14.1,14.88,24214672.0
2022-09-14,14.86,15.13,14.6801,14.85,15956345.0
2022-09-15,14.9,14.96,14.46,14.82,14657538.0
2022-09-16,15.2,15.56,14.715,14.82,12789049.0
2022-09-19,15.05,15.08,14.24,14.35,15696322.0
2022-09-20,14.67,15.02,14.532,14.83,13921130.0
2022-09-21,14.63,15.31,14.315,15.31,16018512.0
2022-09-22,15.16,15.54,14.95,15.22,10493279.0
2022-09-23,15.59,16.875,15.55,16.15,25794187.0
2022-09-26,16.51,16.865,15.86,16.71,18304663.0
2022-09-27,16.29,17.39,16.19,16.96,17998188.0
2022-09-28,16.83,17.13,16.06,16.26,10421986.0
2022-09-29,16.69,17.44,16.69,16.72,14691055.0
2022-09-30,16.87,17.15,16.225,17.1,10630216.0
2022-10-03,16.58,16.75,16.02,16.31,9550339.0
2022-10-04,15.66,15.94,15.58,15.72,9588156.0
2022-10-05,15.99,16.35,15.71,15.84,9414088.0
2022-10-06,15.72,16.39,15.625,16.3,10475133.0
2022-10-07,16.53,17.11,16.47,16.97,11931989.0
2022-10-10,17.07,17.81,17.04,17.38,11185039.0
2022-10-11,17.48,17.895,17.08,17.65,12829316.0
2022-10-12,17.58,17.695,17.28,17.49,8510331.0
2022-10-13,17.77,17.78,16.83,16.99,14653676.0
2022-10-14,16.63,17.6787,16.54,17.34,13677258.0
2022-10-17,16.82,16.955,16.545,16.9,7717895.0
2022-10-18,16.55,17.015,16.48,16.57,7431781.0
2022-10-19,16.7,16.975,16.47,16.69,7640501.0
2022-10-20,16.6,16.73,16.145,16.48,8029974.0
2022-10-21,16.39,16.5,16.0716,16.42,11045802.0
2022-10-24,16.24,16.6601,16.12,16.16,8242655.0
2022-10-25,16.18,16.2295,15.4801,15.52,7622822.0
2022-10-26,15.66,15.6616,15.09,15.16,7930702.0
2022-10-27,15.08,15.17,14.7899,14.86,5755087.0
2022-10-28,14.87,14.885,14.41,14.51,7394492.0
2022-10-31,14.64,14.64,14.27,14.29,5859717.0
2022-11-01,14.135,14.39,14.12,14.15,6611101.0
2022-11-02,14.27,14.6,14.02,14.53,9776750.0
2022-11-03,14.74,14.9,14.09,14.21,8925449.0
2022-11-04,13.91,14.35,13.64,14.04,6550823.0
2022-11-07,14.0,14.09,13.75,13.91,3370311.0
2022-11-08,13.76,14.43,13.75,14.28,4193831.0
2022-11-09,14.3,14.8399,14.3,14.71,5805357.0
2022-11-10,13.89,14.03,13.605,13.91,7255128.0
2022-11-11,14.03,14.13,13.7201,13.75,5186107.0
2022-11-14,13.77,13.8,13.3797,13.74,4977584.0
2022-11-15,13.41,14.32,13.3999,13.9,10167248.0
2022-11-16,13.75,13.82,13.52,13.54,5305943.0
2022-11-17,13.88,13.89,13.39,13.42,4279655.0
2022-11-18,13.28,13.56,13.25,13.28,4198131.0
2022-11-21,13.31,13.3299,12.89,12.93,4424499.0
2022-11-22,12.81,12.815,12.4447,12.48,4066200.0
2022-11-23,12.48,12.545,12.18,12.21,5042473.0
2022-11-25,12.34,12.35,12.2,12.28,2901293.0
2022-11-28,12.52,12.8208,12.3557,12.71,4803782.0
2022-11-29,12.65,12.8,12.47,12.54,3912363.0
2022-11-30,12.54,12.7493,11.96,12.06,7917517.0
2022-12-01,12.01,12.27,11.82,11.86,7374202.0
2022-12-02,12.11,12.11,11.6,11.62,6140664.0
2022-12-05,11.78,12.06,11.59,11.85,6800050.0
2022-12-06,11.769,12.28,11.64,12.18,5287831.0
2022-12-07,12.26,12.455,12.15,12.35,6025542.0
2022-12-08,12.32,12.4638,12.02,12.11,3098545.0
2022-12-09,12.16,12.41,12.06,12.39,4360658.0
2022-12-12,12.35,12.43,12.1745,12.31,4024575.0
2022-12-13,11.61,12.23,11.56,11.8,7800908.0
2022-12-14,11.73,11.895,11.32,11.36,9614584.0
2022-12-15,11.59,12.35,11.51,12.09,10076694.0
2022-12-16,12.35,12.51,11.98,12.16,8390912.0
2022-12-19,12.07,12.08,11.64,11.84,7221580.0
2022-12-20,11.87,12.07,11.605,11.74,8132996.0
2022-12-21,11.46,11.5165,11.24,11.32,5467750.0
2022-12-22,11.38,12.45,11.335,11.91,11218803.0
2022-12-23,11.91,12.01,11.5045,11.58,5121264.0
2022-12-27,11.61,11.82,11.5055,11.59,5217729.0
2022-12-28,11.46,11.615,11.27,11.58,4996797.0
2022-12-29,11.37,11.43,11.26,11.43,3078224.0
2022-12-30,11.55,11.66,11.38,11.38,3711803.0
2023-01-03,11.3,11.71,11.21,11.33,4725206.0
2023-01-04,11.21,11.3003,10.97,10.99,3804385.0
2023-01-05,11.11,11.26,11.01,11.08,3687696.0
2023-01-06,10.87,11.0,10.655,10.82,4105090.0
2023-01-09,10.76,10.99,10.66,10.88,3184580.0
2023-01-10,10.91,10.9363,10.3937,10.42,3762926.0
2023-01-11,10.36,10.52,10.34,10.48,2831578.0
2023-01-12,10.25,10.41,9.935,9.96,5087507.0
2023-01-13,10.0,10.02,9.61,9.72,8292064.0
2023-01-17,9.87,9.95,9.6945,9.8,5188359.0
2023-01-18,9.66,10.21,9.62,10.13,8461569.0
2023-01-19,10.4,10.52,10.04,10.18,6566716.0
2023-01-20,10.13,10.22,9.77,9.83,6390907.0
2023-01-23,9.83,9.885,9.69,9.73,5255418.0
2023-01-24,9.79,9.815,9.33,9.39,4715676.0
2023-01-25,9.65,9.96,9.345,9.375,6067547.0
2023-01-26,9.26,9.46,9.2,9.26,8208589.0
2023-01-27,9.27,9.28,8.92,9.1,9819716.0
2023-01-30,9.31,9.51,9.2501,9.36,5835181.0
2023-01-31,9.35,9.4,9.06,9.15,4791244.0
2023-02-01,9.13,9.34,8.745,8.83,8825973.0
2023-02-02,8.65,9.3,8.585,9.05,10269432.0
2023-02-03,9.31,9.44,9.03,9.11,7043103.0
2023-02-06,9.23,9.3989,9.1633,9.35,4927586.0
2023-02-07,9.41,9.44,8.98,9.06,6194426.0
2023-02-08,9.18,9.575,9.035,9.43,5581500.0
2023-02-09,9.24,9.74,9.15,9.69,5269450.0
2023-02-10,9.87,10.07,9.74,9.82,5849603.0
2023-02-13,9.64,9.71,9.42,9.47,4411850.0
2023-02-14,9.32,9.455,9.0,9.11,6671593.0
2023-02-15,9.14,9.17,8.91,8.93,4727679.0
2023-02-16,9.19,9.415,8.99,9.4,8380838.0
2023-02-17,9.58,9.79,9.4,9.45,7658755.0
2023-02-21,9.871,10.21,9.7338,10.17,9880745.0
2023-02-22,10.17,10.2905,9.79,9.85,7650501.0
2023-02-23,9.62,9.942,9.45,9.52,6793347.0
2023-02-24,9.85,10.125,9.8,9.88,10247654.0
2023-02-27,9.63,9.63,9.42,9.53,4260254.0
2023-02-28,9.48,9.5,9.2037,9.32,3597459.0
2023-03-01,9.37,9.61,9.21,9.38,5252504.0
2023-03-02,9.57,9.58,9.0401,9.05,5435055.0
2023-03-03,8.96,8.995,8.75,8.76,5453461.0
2023-03-06,8.72,8.75,8.6,8.67,3919381.0
2023-03-07,8.65,8.9,8.51,8.85,5555271.0
2023-03-08,8.89,8.91,8.64,8.67,4457946.0
2023-03-09,8.6,9.64,8.545,9.61,11073047.0
2023-03-10,9.67,11.62,9.65,10.62,31442564.0
2023-03-13,11.74,12.01,10.735,10.95,27825868.0
2023-03-14,10.19,10.72,9.765,10.34,10431920.0
2023-03-15,11.27,12.16,10.9148,11.12,31200086.0
2023-03-16,11.49,11.57,10.125,10.16,16361061.0
2023-03-17,10.48,11.42,10.3,11.23,24181938.0
2023-03-20,11.29,11.44,10.69,10.76,11637079.0
2023-03-21,10.22,10.22,9.74,9.77,8466814.0
2023-03-22,9.75,10.18,9.43,10.14,11339518.0
2023-03-23,9.84,10.6,9.49,10.45,11245544.0
2023-03-24,10.72,11.18,10.0,10.01,11587491.0
2023-03-27,9.79,9.95,9.575,9.62,5761635.0
2023-03-28,9.64,9.715,9.38,9.4,5180333.0
2023-03-29,9.13,9.2459,9.02,9.09,4733751.0
2023-03-30,9.04,9.385,9.0,9.08,4730213.0
2023-03-31,9.04,9.08,8.904,9.05,4919160.0
2023-04-03,9.03,9.2,8.8,8.81,5032827.0
2023-04-04,8.89,9.23,8.85,8.97,8120810.0
2023-04-05,9.04,9.21,8.88,8.91,6121832.0
2023-04-06,8.97,9.06,8.67,8.75,4632859.0
2023-04-10,8.84,8.89,8.61,8.66,4093367.0
2023-04-11,8.575,8.63,8.45,8.59,3532068.0
2023-04-12,8.4,8.695,8.375,8.6,8529985.0
2023-04-13,8.45,8.475,8.27,8.31,6313351.0
2023-04-14,8.35,8.42,8.16,8.18,5036393.0
2023-04-17,8.12,8.1398,7.9,7.95,7488946.0
2023-04-18,7.92,8.01,7.81,7.88,4957023.0
2023-04-19,7.93,7.97,7.7758,7.87,5586303.0
2023-04-20,8.03,8.1,7.8322,8.04,5723118.0
2023-04-21,7.98,8.1103,7.86,7.89,6248515.0
2023-04-24,7.91,7.99,7.83,7.87,6582492.0
2023-04-25,7.96,8.55,7.89,8.5,16777360.0
2023-04-26,8.37,8.4401,8.05,8.28,10142045.0
2023-04-27,7.99,8.015,7.82,7.92,6597808.0
2023-04-28,7.87,7.88,7.58,7.58,7757157.0
2023-05-01,7.54,7.5599,7.3,7.485,6791337.0
2023-05-02,7.63,8.3303,7.61,7.83,17952229.0
2023-05-03,7.88,8.07,7.65,8.05,14307176.0
2023-05-04,8.24,8.68,8.15,8.45,13755637.0
2023-05-05,8.11,8.13,7.7495,7.8,6236163.0
2023-05-08,7.74,7.86,7.65,7.67,4152824.0
2023-05-09,7.8,7.87,7.73,7.83,4931231.0
2023-05-10,7.6,7.9403,7.5,7.6,8974966.0
2023-05-11,7.7,7.87,7.51,7.53,7270767.0
2023-05-12,7.46,7.72,7.4043,7.52,11697578.0
2023-05-15,7.47,7.56,7.33,7.35,5840489.0
2023-05-16,7.41,7.56,7.34,7.54,6192153.0
2023-05-17,7.37,7.46,7.27,7.29,7011181.0
2023-05-18,7.27,7.305,6.99,7.0,6649492.0
2023-05-19,6.96,7.345,6.9141,7.19,10642457.0
2023-05-22,7.2,7.36,7.08,7.21,7108944.0
2023-05-23,7.28,7.44,7.1157,7.32,12446843.0
2023-05-24,7.52,7.7,7.5,7.63,9556820.0
2023-05-25,7.41,7.58,7.37,7.44,7541246.0
2023-05-26,7.27,7.285,6.9699,7.15,5869334.0
2023-05-30,6.88,7.2,6.845,6.96,8568292.0
2023-05-31,7.02,7.12,6.85,6.9,5302390.0
2023-06-01,6.8,6.84,6.51,6.52,9163833.0
2023-06-02,6.35,6.41,6.195,6.26,9807781.0
2023-06-05,6.26,6.29,6.12,6.13,6734032.0
2023-06-06,6.09,6.125,5.76,5.76,12793502.0
2023-06-07,5.81,5.9,5.77,5.8,13928598.0
2023-06-08,5.82,5.85,5.6,5.64,8561601.0
2023-06-09,5.63,5.77,5.61,5.7,9108111.0
2023-06-12,5.72,5.8,5.68,5.72,6122057.0
2023-06-13,5.63,5.7355,5.6099,5.69,7771445.0
2023-06-14,5.68,5.695,5.52,5.53,9563132.0
2023-06-15,5.49,5.69,5.47,5.69,6897860.0
2023-06-16,5.68,5.71,5.46,5.46,8185126.0
2023-06-20,5.53,5.61,5.48,5.48,8398389.0
2023-06-21,5.41,5.47,5.35,5.36,8961991.0
2023-06-22,5.43,5.445,5.21,5.25,6566102.0
2023-06-23,26.84,27.17,26.17,26.56,3148737.0
2023-06-26,26.65,26.65,25.9304,26.46,1992368.0
2023-06-27,26.265,26.28,25.3,25.81,1622823.0
2023-06-28,25.61,25.66,24.85,24.85,1519805.0
2023-06-29,25.01,25.55,24.96,25.42,1776027.0
2023-06-30,25.09,25.25,24.725,24.96,1333226.0
2023-07-03,24.85,25.15,24.76,24.76,575975.0
2023-07-05,25.22,25.31,24.88,25.24,1505852.0
2023-07-06,26.43,28.96,26.34,26.57,6535505.0
2023-07-07,26.88,26.92,25.56,25.97,3042610.0
2023-07-10,26.04,26.33,25.68,25.76,2625566.0
2023-07-11,25.24,25.95,25.11,25.55,3004117.0
2023-07-12,24.64,24.72,24.05,24.12,3307082.0
2023-07-13,23.67,24.29,23.48,24.28,2034008.0
2023-07-14,24.27,24.58,23.8083,23.99,2294857.0
2023-07-17,24.05,24.05,23.47,23.94,1936742.0
2023-07-18,23.84,23.93,23.42,23.56,2566921.0
2023-07-19,23.31,24.19,23.27,24.08,3005544.0
2023-07-20,24.24,24.46,23.73,24.04,3118808.0
2023-07-21,23.73,23.89,23.29,23.73,3584454.0
2023-07-24,23.68,23.715,23.13,23.34,2780619.0
2023-07-25,23.36,23.425,22.87,23.31,2580528.0
2023-07-26,23.58,23.58,22.64,22.71,3900679.0
2023-07-27,22.25,24.35,22.24,23.88,8140484.0
2023-07-28,22.96,23.53,22.66,22.9,4516695.0
2023-07-31,22.86,23.13,22.62,22.67,2168075.0
2023-08-01,23.27,23.44,22.95,22.97,2833677.0
2023-08-02,24.42,25.69,24.34,25.13,7110435.0
2023-08-03,25.94,26.34,24.63,24.99,5822845.0
2023-08-04,24.12,26.05,23.66,25.86,6041131.0
2023-08-07,25.27,25.52,24.47,24.5,5742072.0
2023-08-08,25.55,27.25,24.92,25.04,9244227.0
2023-08-09,24.73,25.775,24.195,24.78,8449465.0
2023-08-10,23.92,25.58,23.39,24.87,10842529.0
2023-08-11,25.3,25.45,23.795,23.89,7382286.0
2023-08-14,24.25,24.62,23.39,23.48,4271718.0
2023-08-15,23.86,25.04,23.82,24.83,6483024.0
2023-08-16,24.81,25.27,24.08,25.23,5839727.0
2023-08-17,24.87,26.45,24.71,26.45,6569778.0
2023-08-18,27.25,27.36,25.5299,25.78,7386387.0
2023-08-21,25.44,25.94,24.96,25.11,4068428.0
2023-08-22,24.54,25.62,24.54,25.21,3297046.0
2023-08-23,24.9,24.94,24.269,24.37,2714948.0
2023-08-24,24.0,25.41,23.8624,25.3,4283708.0
2023-08-25,25.01,25.62,23.995,24.2,5819080.0
2023-08-28,23.75,23.85,23.235,23.28,2867004.0
2023-08-29,23.21,23.24,22.47,22.67,3390777.0
2023-08-30,22.44,22.62,21.87,21.9,2935002.0
2023-08-31,21.95,21.96,21.39,21.52,2321113.0
2023-09-01,21.12,21.4,20.99,21.22,2866324.0
2023-09-05,21.3,21.645,21.03,21.44,2190581.0
2023-09-06,21.45,22.23,21.36,21.78,2995465.0
2023-09-07,22.46,22.69,21.59,21.74,2814215.0
2023-09-08,21.67,21.67,20.95,21.31,3091415.0
2023-09-11,20.9,21.21,20.6832,20.76,2662365.0
2023-09-12,21.01,21.1,20.55,20.92,2616154.0
2023-09-13,20.73,20.81,20.39,20.55,2624650.0
2023-09-14,20.22,20.3,19.87,19.92,2549515.0
2023-09-15,20.03,20.74,19.83,20.68,4385461.0
2023-09-18,20.92,21.08,20.2032,20.54,3639343.0
2023-09-19,20.54,21.02,20.28,20.4,4125099.0
2023-09-20,20.07,21.24,19.935,21.16,4614119.0
2023-09-21,22.17,22.87,21.6999,22.85,6151299.0
2023-09-22,22.73,22.98,22.06,22.9,4138427.0
2023-09-25,23.53,23.7754,22.77,22.85,4604772.0
2023-09-26,23.42,25.17,23.15,25.17,5396007.0
2023-09-27,24.31,25.43,23.95,23.96,5779868.0
2023-09-28,23.99,24.27,22.6809,22.9,5255862.0
2023-09-29,21.99,23.35,21.85,23.3,4885692.0
2023-10-02,23.38,23.88,22.74,23.38,4788257.0
2023-10-03,24.05,25.95,23.63,25.56,6991315.0
2023-10-04,25.13,25.48,24.18,24.255,5468415.0
2023-10-05,24.29,25.37,23.94,23.97,4835626.0
2023-10-06,24.72,25.275,23.14,23.62,6295877.0
2023-10-09,24.5,24.7601,23.3,23.31,3183394.0
2023-10-10,23.01,23.07,22.22,22.53,3837705.0
2023-10-11,22.24,23.28,21.97,22.13,4102534.0
2023-10-12,21.85,23.5,21.41,22.62,6400922.0
2023-10-13,22.5,25.88,22.38,25.37,9132906.0
2023-10-16,24.31,24.4,22.83,22.91,6520881.0
2023-10-17,23.77,24.0,22.5301,23.54,3677636.0
2023-10-18,24.04,25.325,23.89,24.98,7581909.0
2023-10-19,24.63,26.36,24.28,26.23,8292442.0
2023-10-20,26.28,26.92,25.68,26.44,5995045.0
2023-10-23,26.92,27.33,24.67,25.51,4979779.0
2023-10-24,24.84,25.52,24.28,24.41,3335804.0
2023-10-25,24.5,26.53,24.48,25.95,4855702.0
2023-10-26,26.0048,26.95,25.555,26.19,5359786.0
2023-10-27,25.64,27.2,25.34,27.04,5661877.0
2023-10-30,26.01,26.06,24.99,25.07,3419745.0
2023-10-31,24.87,25.14,23.39,23.42,2748454.0
2023-11-01,23.25,23.25,22.31,22.4,3767622.0
2023-11-02,21.91,22.27,21.63,21.66,2356656.0
2023-11-03,21.31,21.42,21.0,21.15,2042230.0
2023-11-06,20.9,21.055,20.43,20.45,2842562.0
2023-11-07,20.42,20.612,20.22,20.34,2949074.0
2023-11-08,20.1,20.5907,19.885,19.98,3034129.0
2023-11-09,19.77,20.94,19.72,20.77,4911154.0
2023-11-10,20.41,20.42,19.72,19.88,4429446.0
2023-11-13,20.02,20.14,19.49,19.73,3445512.0
2023-11-14,18.99,19.565,18.93,19.53,3345361.0
2023-11-15,19.24,19.36,19.04,19.1,2811109.0
2023-11-16,19.11,19.2,18.79,18.81,3225440.0
2023-11-17,18.74,18.89,18.4603,18.53,2215108.0
2023-11-20,18.44,18.45,18.1901,18.39,2331565.0
2023-11-21,18.47,18.47,17.9532,18.0,2641611.0
2023-11-22,17.8,18.34,17.745,18.17,2979846.0
2023-11-24,18.05,18.1,17.32,17.39,1291586.0
2023-11-27,17.53,17.55,17.39,17.49,1912508.0
2023-11-28,17.45,17.57,17.17,17.28,2327978.0
2023-11-29,17.1,17.6,17.09,17.54,2821538.0
2023-11-30,17.42,17.64,17.21,17.26,2648896.0
2023-12-01,17.2,17.25,16.97,17.15,2601187.0
2023-12-04,17.455,17.78,17.21,17.25,3091092.0
2023-12-05,17.32,17.34,17.09,17.09,2113579.0
2023-12-06,16.91,17.315,16.84,17.2,2018814.0
2023-12-07,17.15,17.31,17.09,17.2,1389099.0
2023-12-08,17.09,17.09,16.68,16.7,2257535.0
2023-12-11,16.67,16.7,16.31,16.34,1502599.0
2023-12-12,16.13,16.2,15.76,15.88,2822922.0
2023-12-13,15.8,16.02,15.59,15.67,3375780.0
2023-12-14,15.51,16.0679,15.49,15.61,3559003.0
2023-12-15,15.66,16.17,15.59,16.1,3507217.0
2023-12-18,16.09,16.2,16.04,16.14,2058437.0
2023-12-19,16.245,16.4207,16.155,16.39,1939305.0
2023-12-20,16.34,17.595,16.21,17.4,5914876.0
2023-12-21,17.12,17.53,16.8401,16.97,5319552.0
2023-12-22,16.9,17.28,16.5607,16.58,3277696.0
2023-12-26,16.54,16.6211,16.11,16.125,1535098.0
2023-12-27,16.01,16.02,15.46,15.475,2931984.0
2023-12-28,15.42,15.65,15.37,15.45,2551952.0
2023-12-29,15.41,15.855,15.35,15.51,3763926.0
2024-01-02,15.9,16.165,15.38,15.51,5723479.0
2024-01-03,15.77,16.29,15.53,16.05,5895160.0
2024-01-04,16.07,16.1,15.705,16.03,3116575.0
2024-01-05,15.875,15.9,15.36,15.5,4130903.0
2024-01-08,15.5,15.56,14.95,15.12,2579939.0
2024-01-09,15.31,15.31,14.75,14.79,2731661.0
2024-01-10,14.69,14.75,14.56,14.64,2196403.0
2024-01-11,14.41,15.0801,14.39,14.58,4659654.0
2024-01-12,14.5,14.85,14.48,14.81,4017385.0
2024-01-16,15.18,15.628,14.97,15.3,5115570.0
2024-01-17,15.8,16.24,15.5016,15.88,5582103.0
2024-01-18,15.48,15.84,15.2633,15.3,2831717.0
2024-01-19,15.03,15.12,14.82,14.94,3370272.0
2024-01-22,14.75,14.855,14.39,14.42,2553661.0
2024-01-23,14.28,14.29,14.016,14.05,2098440.0
2024-01-24,13.9,14.42,13.88,14.42,3982654.0
2024-01-25,14.34,14.605,14.28,14.59,2575734.0
2024-01-26,14.52,14.64,14.28,14.43,2261332.0
2024-01-29,14.49,14.73,14.43,14.61,2442542.0
2024-01-30,14.49,14.51,14.3,14.34,2266298.0
2024-01-31,14.4,15.2,14.33,15.08,8141093.0
2024-02-01,14.87,15.22,14.65,14.94,4058509.0
2024-02-02,14.87,15.04,14.65,14.9,3174799.0
2024-02-05,14.79,15.1,14.305,14.37,2848537.0
2024-02-06,14.2,14.37,13.97,14.01,2321107.0
2024-02-07,13.87,14.06,13.84,13.94,2374183.0
2024-02-08,13.9,14.11,13.82,13.87,1727912.0
2024-02-09,13.8,14.01,13.69,14.0,2447279.0
2024-02-12,13.88,14.415,13.84,14.25,4057371.0
2024-02-13,14.74,16.24,14.6,15.3,10569534.0
2024-02-14,14.67,14.9988,14.41,14.47,6955262.0
2024-02-15,14.31,14.6501,14.245,14.35,3667570.0
2024-02-16,14.45,14.57,14.06,14.33,4917421.0
2024-02-20,14.55,15.175,14.48,14.76,5079196.0
2024-02-21,14.88,15.02,14.635,14.7,3953338.0
2024-02-22,14.11,14.415,13.93,14.4,4948906.0
2024-02-23,14.15,14.245,13.83,13.84,2792045.0
2024-02-26,13.77,13.78,13.6501,13.7,2056655.0
2024-02-27,13.59,13.62,13.44,13.47,1785290.0
2024-02-28,13.59,13.78,13.52,13.68,3145912.0
2024-02-29,13.46,13.8,13.43,13.49,3338977.0
2024-03-01,13.3721,13.6004,13.2799,13.52,3905786.0
2024-03-04,13.45,13.58,13.425,13.51,1765483.0
2024-03-05,13.64,14.469,13.6101,14.05,7242024.0
2024-03-06,13.71,14.22,13.65,14.12,5672082.0
2024-03-07,13.805,14.21,13.79,14.02,3473442.0
2024-03-08,13.84,14.8789,13.74,14.4,6728229.0
2024-03-11,14.53,14.78,14.13,14.26,5780116.0
2024-03-12,13.93,14.1,13.526,13.55,5324699.0
2024-03-13,13.51,13.61,13.41,13.46,2562268.0
2024-03-14,13.4,14.375,13.32,13.83,6696042.0
2024-03-15,14.04,14.64,13.91,14.08,6752707.0
2024-03-18,13.92,13.92,13.67,13.78,4088944.0
2024-03-19,13.8,13.88,13.4,13.42,4520618.0
2024-03-20,13.43,13.49,13.0638,13.07,7471845.0
2024-03-21,12.94,13.17,12.885,13.0,3797827.0
2024-03-22,13.06,13.13,12.85,13.07,2881267.0
2024-03-25,13.08,13.0801,12.86,12.98,2569783.0
2024-03-26,12.87,12.94,12.72,12.93,2921884.0
2024-03-27,12.76,13.0,12.68,12.68,2965924.0
2024-03-28,12.73,12.96,12.66,12.96,3708371.0
2024-04-01,12.92,13.25,12.845,13.03,4390474.0
2024-04-02,13.49,13.86,13.37,13.38,8655473.0
2024-04-03,13.57,13.65,13.15,13.32,4278129.0
2024-04-04,13.09,14.32,12.96,13.92,9793435.0
2024-04-05,14.09,14.35,13.71,14.19,8159904.0
2024-04-08,13.93,14.03,13.52,13.62,4421236.0
2024-04-09,13.56,14.13,13.4699,13.56,6863804.0
2024-04-10,13.91,14.3,13.73,13.77,10068124.0
2024-04-11,13.82,14.36,13.47,13.51,6268139.0
2024-04-12,14.17,15.4,14.145,14.7,12942310.0
2024-04-15,14.26,15.59,14.1,15.53,14125830.0
2024-04-16,15.45,15.57,14.73,15.01,11558448.0
2024-04-17,14.95,15.52,14.62,14.87,7641648.0
2024-04-18,14.68,15.18,14.4843,15.0,6559215.0
2024-04-19,15.05,15.61,14.75,15.36,8752463.0
2024-04-22,14.77,14.8,14.02,14.2,4983541.0
2024-04-23,13.89,13.97,13.56,13.62,3556252.0
2024-04-24,13.57,13.8854,13.48,13.5,4230994.0
2024-04-25,14.26,14.46,13.725,13.8,6251629.0
2024-04-26,13.42,13.53,13.285,13.35,2847329.0
2024-04-29,13.24,13.4,13.03,13.17,2509076.0
2024-04-30,13.23,13.55,13.02,13.54,3718500.0
2024-05-01,13.67,13.775,13.01,13.57,6581616.0
2024-05-02,13.3,13.68,13.09,13.14,3194572.0
2024-05-03,12.7,12.9456,12.64,12.69,3869592.0
2024-05-06,12.51,12.5253,12.37,12.37,1702517.0
2024-05-07,12.3,12.4299,12.3,12.32,2569347.0
2024-05-08,12.33,12.35,12.19,12.21,1690618.0
2024-05-09,12.22,12.325,12.13,12.14,2027019.0
2024-05-10,12.12,12.18,11.97,11.99,2441401.0
2024-05-13,11.97,12.2,11.9401,12.15,2851880.0
2024-05-14,12.1,12.195,11.86,11.92,2349091.0
2024-05-15,11.65,11.78,11.43,11.43,3378235.0
2024-05-16,11.44,11.56,11.41,11.43,2837214.0
2024-05-17,11.44,11.485,11.27,11.33,2665083.0
2024-05-20,11.3,11.39,11.19,11.36,3002110.0
2024-05-21,11.36,11.36,11.0709,11.1,3302151.0
2024-05-22,11.17,11.47,11.035,11.38,5432867.0
2024-05-23,11.1,11.645,11.06,11.53,8241390.0
2024-05-24,11.43,11.45,11.11,11.14,3861474.0
2024-05-28,11.14,11.6,11.11,11.42,5683878.0
2024-05-29,11.93,11.955,11.655,11.84,4079830.0
2024-05-30,11.87,12.04,11.6,11.82,4027772.0
2024-05-31,11.61,12.12,11.415,11.44,5898807.0
2024-06-03,11.3,11.81,11.285,11.38,3925319.0
2024-06-04,11.55,11.765,11.3894,11.44,3263268.0
2024-06-05,11.3,11.54,11.18,11.21,2646291.0
2024-06-06,11.16,11.2899,11.1,11.13,3432731.0
2024-06-07,11.14,11.195,10.95,11.02,2507642.0
2024-06-10,11.2,11.255,10.98,11.05,3537621.0
2024-06-11,11.16,11.315,10.99,11.04,3074276.0
2024-06-12,10.79,10.9002,10.72,10.8,5159027.0
2024-06-13,10.8,11.095,10.7312,10.8,2991864.0
2024-06-14,11.04,11.35,10.98,11.16,6263194.0
2024-06-17,11.16,11.27,10.95,11.08,2727797.0
2024-06-18,10.97,11.14,10.92,11.0,3345623.0
2024-06-20,11.01,11.47,10.995,11.39,5350368.0
2024-06-21,11.475,11.61,11.09,11.19,3501056.0
2024-06-24,11.24,11.28,10.99,11.13,3012425.0
2024-06-25,11.1,11.17,10.86,10.88,1854513.0
2024-06-26,10.92,10.97,10.7648,10.77,2961187.0
2024-06-27,10.76,10.8,10.68,10.68,1830011.0
2024-06-28,10.72,10.86,10.63,10.85,2669276.0
2024-07-01,10.72,10.7609,10.41,10.415,2160661.0
2024-07-02,10.48,10.48,10.25,10.29,1949828.0
2024-07-03,10.29,10.365,10.23,10.33,1676297.0
2024-07-05,10.3,10.45,10.28,10.37,2578236.0
2024-07-08,10.25,10.2599,10.12,10.2,2417449.0
2024-07-09,10.16,10.2658,10.13,10.2,2448789.0
2024-07-10,10.18,10.23,10.05,10.18,2210425.0
2024-07-11,10.07,10.365,10.045,10.21,10144368.0
2024-07-12,10.06,10.07,9.89,10.04,3691653.0
2024-07-15,9.98,10.26,9.93,10.24,5163574.0
2024-07-16,10.16,10.3,10.13,10.28,3152144.0
2024-07-17,10.57,10.792,10.421,10.63,11863993.0
2024-07-18,10.42,11.1124,10.35,10.95,8762859.0
2024-07-19,11.12,11.5568,10.99,11.43,7307531.0
2024-07-22,11.22,11.25,10.745,10.81,5726340.0
2024-07-23,10.8,10.87,10.56,10.71,4798274.0
2024-07-24,11.05,12.29,11.05,12.2,12082333.0
2024-07-25,12.03,12.64,11.54,12.3,14653026.0
2024-07-26,11.93,12.01,11.571,11.6,5061860.0
2024-07-29,11.49,11.7,11.3182,11.42,3033051.0
2024-07-30,11.35,12.1693,11.3088,11.77,5667263.0
2024-07-31,11.44,11.52,11.0489,11.45,3382621.0
2024-08-01,11.4,12.9,11.335,12.48,8725748.0
2024-08-02,13.45,15.94,13.315,15.47,46630051.0
2024-08-05,22.35,22.52,17.92,22.13,43432363.0
2024-08-06,19.17,19.88,15.32,17.59,9981596.0
2024-08-07,15.26,17.7506,14.94,17.06,10710213.0
2024-08-08,16.18,16.6399,15.5,15.69,6569832.0
2024-08-09,15.51,15.84,13.5,13.6,7503190.0
2024-08-12,13.53,13.898,12.6607,13.55,5406044.0
2024-08-13,13.21,13.23,12.4613,12.49,5593135.0
2024-08-14,12.22,12.33,11.64,11.65,4432700.0
2024-08-15,11.5,11.515,11.0501,11.22,3914946.0
2024-08-16,11.41,11.48,11.1201,11.21,4090868.0
2024-08-19,11.19,11.25,10.885,10.96,4070447.0
2024-08-20,11.1,11.4803,11.02,11.44,4840104.0
2024-08-21,11.39,11.87,11.37,11.56,4766137.0
2024-08-22,11.49,12.15,11.435,12.08,4680183.0
2024-08-23,11.77,11.895,11.3,11.35,4476186.0
2024-08-26,11.29,11.6213,11.26,11.37,3862717.0
2024-08-27,11.52,11.605,11.11,11.11,2151085.0
2024-08-28,11.16,11.924,11.105,11.75,5018346.0
2024-08-29,11.37,11.505,11.16,11.33,4481357.0
2024-08-30,11.16,11.3601,10.965,11.0,3618396.0
2024-09-03,11.34,13.635,11.25,13.23,8624045.0
2024-09-04,13.57,13.885,12.67,13.51,9431279.0
2024-09-05,13.34,13.51,12.7001,12.93,6741161.0
2024-09-06,12.67,14.46,12.525,13.85,10391062.0
2024-09-09,13.58,13.72,12.8301,12.99,6270472.0
2024-09-10,12.83,13.5599,12.7,12.74,5586140.0
2024-09-11,12.57,13.7408,12.18,12.19,9144119.0
2024-09-12,12.34,12.61,12.085,12.11,5004384.0
2024-09-13,12.16,12.2,11.7902,12.06,3664677.0
2024-09-16,12.13,12.45,12.1,12.14,3602172.0
2024-09-17,12.15,12.61,12.04,12.45,3793384.0
2024-09-18,12.38,12.5998,11.75,12.3,7492200.0
2024-09-19,11.85,12.03,11.7,11.84,6382783.0
2024-09-20,11.89,11.925,11.605,11.76,4478388.0
2024-09-23,11.64,11.9,11.53,11.8,2742363.0
2024-09-24,11.73,12.185,11.645,11.81,2962347.0
2024-09-25,11.86,12.0,11.72,11.94,2259170.0
2024-09-26,11.9,12.09,11.855,11.95,3552216.0
2024-09-27,11.96,12.52,11.931,12.51,3730790.0
2024-09-30,12.56,12.87,12.2344,12.25,4949655.0
2024-10-01,12.27,13.36,12.24,13.21,11475956.0
2024-10-02,13.23,13.6,12.94,13.0,5961314.0
2024-10-03,13.32,13.66,13.08,13.57,6233915.0
2024-10-04,13.27,13.515,13.01,13.09,6079630.0
2024-10-07,13.3,14.34,13.28,14.23,8299197.0
2024-10-08,13.76,13.9,13.4925,13.66,4953157.0
2024-10-09,13.57,13.64,13.26,13.32,2515377.0
2024-10-10,13.44,13.68,13.36,13.5,3099149.0
2024-10-11,13.55,13.55,13.24,13.36,3037581.0
2024-10-14,13.16,13.21,12.735,12.89,2913030.0
2024-10-15,12.65,13.35,12.56,13.29,5085086.0
2024-10-16,13.27,13.475,13.08,13.17,2557371.0
2024-10-17,13.03,13.2,12.9154,12.95,2143315.0
2024-10-18,12.85,12.9291,12.615,12.65,2938864.0
2024-10-21,12.73,13.0,12.61,12.66,2373036.0
2024-10-22,12.85,12.97,12.54,12.63,2092314.0
2024-10-23,12.78,13.59,12.745,13.25,5343305.0
2024-10-24,13.0,13.62,12.945,13.03,4018564.0
2024-10-25,12.9,13.66,12.765,13.63,5206366.0
2024-10-28,13.07,13.165,12.8307,13.01,4404821.0
2024-10-29,13.06,13.14,12.76,12.94,2663042.0
2024-10-30,13.06,13.29,12.8501,13.24,3199033.0
2024-10-31,13.6,14.31,13.5887,14.3,6023087.0
2024-11-01,13.91,14.0799,13.56,14.05,3578408.0
2024-11-04,13.89,13.99,13.37,13.43,4260868.0
2024-11-05,13.25,13.26,12.7,12.72,4371021.0
2024-11-06,11.4278,11.97,11.35,11.44,5039739.0
2024-11-07,45.03,45.1,44.23,44.36,1048754.0
2024-11-08,44.4,45.0,43.97,44.17,1146535.0
2024-11-11,43.75,44.14,43.33,44.07,1242925.0
2024-11-12,44.27,45.11,43.75,43.98,1593057.0
2024-11-13,43.69,44.18,42.77,42.92,1639808.0
2024-11-14,42.73,43.22,42.19,42.88,1059593.0
2024-11-15,43.58,47.96,43.34,45.87,1924960.0
2024-11-18,45.54,45.96,43.52,44.2,856136.0
2024-11-19,46.8124,46.92,44.592,45.8,1343458.0
2024-11-20,45.84,49.1,45.61,47.32,1314248.0
2024-11-21,45.92,48.55,45.74,46.97,898405.0
2024-11-22,46.69,46.86,45.03,45.04,796528.0
2024-11-25,43.74,45.5,43.34,43.46,596140.0
2024-11-26,43.46,43.46,42.59,43.01,615218.0
2024-11-27,43.03,44.16,42.66,42.82,582874.0
2024-11-29,42.395,42.4,41.79,41.99,470233.0
2024-12-02,41.99,42.09,41.52,41.95,666365.0
2024-12-03,42.0,42.6,41.11,41.46,898023.0
2024-12-04,41.01,41.74,40.67,41.71,947322.0
2024-12-05,41.99,42.05,41.5,41.79,1064036.0
2024-12-06,41.03,41.54,40.82,41.09,1023237.0
2024-12-09,41.11,42.4,40.94,41.98,1505675.0
2024-12-10,41.7,42.17,41.34,41.92,951044.0
2024-12-11,40.92,41.63,40.7,41.44,574922.0
2024-12-12,41.58,42.2351,41.1838,41.92,1180272.0
2024-12-13,41.33,42.32,41.08,41.76,802296.0
2024-12-16,41.68,42.76,41.645,42.61,792138.0
2024-12-17,43.13,43.7977,42.56,43.58,1267914.0
2024-12-18,43.25,51.0,42.7,50.96,2630309.0
2024-12-19,48.59,55.9,48.13,55.31,2689866.0
2024-12-20,54.82,55.09,46.84,47.03,2233051.0
2024-12-23,46.37,48.0,43.98,44.06,1248382.0
2024-12-24,43.26,43.35,41.5,41.56,799030.0
2024-12-26,42.22,43.26,41.595,41.81,1334564.0
2024-12-27,42.62,46.09,42.3801,43.81,1971643.0
2024-12-30,46.13,47.69,43.46,44.73,1547499.0
2024-12-31,44.06,45.53,43.645,45.02,1029946.0
2025-01-02,44.21,48.22,44.13,45.96,1310720.0
2025-01-03,45.25,45.5,43.36,43.49,1301309.0
2025-01-06,43.06,44.09,42.53,43.16,1380673.0
2025-01-07,42.67,46.56,42.67,45.82,1622815.0
2025-01-08,46.29,47.82,45.21,45.52,2413318.0
2025-01-10,47.34,49.64,46.8,48.65,2436868.0
2025-01-13,50.24,50.58,47.29,47.67,1368375.0
2025-01-14,46.83,48.24,45.6101,46.73,1167839.0
2025-01-15,44.5,44.5,42.7,42.82,2008847.0
2025-01-16,42.77,43.14,42.37,42.9,1304772.0
2025-01-17,42.17,43.16,42.1018,43.14,1276563.0
2025-01-21,42.28,42.5933,41.23,41.38,2032551.0
2025-01-22,41.31,42.105,41.25,41.96,1646395.0
2025-01-23,41.78,41.88,40.98,41.18,1991203.0
2025-01-24,40.92,41.42,40.75,41.06,2277517.0
2025-01-27,46.0,46.09,43.2,43.69,6696840.0
2025-01-28,43.29,44.41,42.0,42.31,3142207.0
2025-01-29,42.22,43.72,41.9195,42.03,2117236.0
2025-01-30,41.58,42.47,41.41,41.87,2444216.0
2025-01-31,41.49,43.9,41.21,43.37,2674186.0
2025-02-03,46.45,47.33,42.7,44.21,2960201.0
2025-02-04,43.65,44.27,42.7,42.99,1643335.0
2025-02-05,43.08,43.55,41.96,42.03,2081786.0
2025-02-06,41.74,42.55,41.57,41.79,1440345.0
2025-02-07,41.5,43.29,41.38,43.21,1678306.0
2025-02-10,42.35,42.7924,42.03,42.11,842535.0
2025-02-11,42.44,42.5,41.77,42.27,1067903.0
2025-02-12,43.14,43.4,41.85,42.03,2053894.0
2025-02-13,41.89,42.45,41.25,41.33,1866844.0
2025-02-14,41.29,41.65,41.02,41.18,2076371.0
2025-02-18,40.95,41.37,40.64,41.0,1560351.0
2025-02-19,41.27,41.37,40.49,40.5,2835254.0
2025-02-20,40.48,41.46,40.22,40.73,3656038.0
2025-02-21,40.77,43.91,40.77,43.56,4104629.0
2025-02-24,42.86,44.84,42.22,43.84,1579045.0
2025-02-25,44.11,46.13,43.2,44.16,2854095.0
2025-02-26,43.68,44.54,42.22,43.2,1419090.0
2025-02-27,42.7,45.87,42.415,45.67,1893938.0
2025-02-28,46.07,47.2072,44.46,44.77,2018578.0
2025-03-03,43.99,49.75,43.9,48.45,1462771.0
2025-03-04,50.625,53.43,47.4,49.7,2806223.0
2025-03-05,49.36,50.67,47.3001,47.42,1949956.0
2025-03-06,50.4812,52.82,49.2,52.68,2315741.0
2025-03-07,52.52,54.16,50.01,50.29,1960939.0
2025-03-10,53.11,56.75,52.49,55.77,2197697.0
2025-03-11,56.06,59.07,54.9,55.76,1840020.0
2025-03-12,53.63,56.25,52.47,52.9,1275347.0
2025-03-13,53.26,56.41,52.21,55.21,1165677.0
2025-03-14,53.4,53.65,50.26,50.38,1086249.0
2025-03-17,49.93,49.93,48.23,48.49,1453852.0
2025-03-18,48.22,50.565,48.22,49.83,899044.0
2025-03-19,49.36,49.78,47.01,48.13,791949.0
2025-03-20,49.09,49.27,46.9001,47.33,767368.0
2025-03-21,48.28,48.96,47.14,47.36,1474884.0
2025-03-24,45.68,45.76,44.21,44.31,1002232.0
2025-03-25,44.01,44.84,43.955,44.67,655438.0
2025-03-26,44.13,46.99,44.0631,46.03,978280.0
2025-03-27,46.43,47.45,45.63,46.33,657404.0
2025-03-28,47.0,50.634,46.4706,50.48,1393176.0
2025-03-31,53.33,54.1499,49.74,50.26,1935186.0
2025-04-01,51.07,52.84,49.6205,50.33,819112.0
2025-04-02,52.42,52.5,48.18,48.95,1547182.0
2025-04-03,56.394,61.26,54.79,60.95,3158380.0
2025-04-04,68.45,74.81,65.3607,73.12,4946417.0
2025-04-07,80.05,83.02,66.0,73.52,3177711.0
2025-04-08,66.21,89.1449,65.94,82.83,3406854.0
2025-04-09,85.35,87.263,61.915,65.5,2596173.0
2025-04-10,70.34,85.11,68.18,77.91,3291893.0
2025-04-11,80.0,83.91,75.28,75.69,2267517.0
2025-04-14,68.84,74.25,66.69,67.0,1529380.0
2025-04-15,67.16,67.87,64.3,66.5,910865.0
2025-04-16,69.22,73.66,67.0,72.05,1118038.0
2025-04-17,70.35,71.43,69.5,69.96,793344.0
2025-04-21,70.86,76.0,70.65,74.1,1304376.0
2025-04-22,71.56,71.86,69.08,69.58,594767.0
2025-04-23,65.98,69.17,64.7962,67.11,826778.0
2025-04-24,66.43,66.49,64.2536,64.84,623095.0
2025-04-25,64.42,65.8,61.8601,61.91,432550.0
2025-04-28,61.24,64.65,61.13,62.34,523729.0
2025-04-29,62.93,63.28,61.45,61.72,765337.0
2025-04-30,63.87,66.93,62.61,63.14,1174174.0
2025-05-01,61.37,63.08,61.26,62.2,419604.0
2025-05-02,60.8,61.29,59.46,59.57,436028.0
2025-05-05,60.77,61.22,59.65,60.79,601839.0
2025-05-06,62.51,63.35,61.3501,63.15,939322.0
2025-05-07,62.48,63.5601,61.1,61.55,823080.0
2025-05-08,60.39,60.88,58.55,59.15,1015102.0
2025-05-09,58.83,59.235,57.95,58.72,543847.0
2025-05-12,54.03,54.23,50.93,51.1,1190077.0
2025-05-13,50.18,50.83,49.13,50.5,1346241.0
2025-05-14,50.66,51.9604,50.63,51.73,880850.0
2025-05-15,52.27,52.74,50.83,50.86,662940.0
2025-05-16,50.44,51.29,50.07,51.29,881792.0
2025-05-19,53.0,53.0,50.89,51.29,1335020.0
2025-05-20,51.2,52.14,50.68,50.83,1492212.0
2025-05-21,52.06,55.08,50.97,54.35,1766620.0
2025-05-22,54.64,55.0599,52.96,53.93,1062769.0
2025-05-23,57.69,57.99,55.63,57.47,1191094.0
2025-05-27,53.86,54.47,51.6153,51.72,916646.0
2025-05-28,51.62,52.63,51.59,52.24,537434.0
2025-05-29,50.99,53.0865,50.89,52.31,655754.0
2025-05-30,53.04,54.68,52.05,52.77,953571.0
2025-06-02,53.15,53.55,51.97,52.0,680034.0
2025-06-03,51.81,51.93,50.74,50.91,647694.0
2025-06-04,50.81,51.223,50.57,51.06,720976.0
2025-06-05,50.31,52.27,49.37,52.0,1136114.0
2025-06-06,50.51,50.53,49.5,49.78,1014312.0
2025-06-09,49.3,49.515,48.69,49.11,743412.0
2025-06-10,49.07,49.36,48.42,48.94,1112254.0
2025-06-11,48.08,50.06,47.54,49.16,2710243.0
2025-06-12,49.94,50.29,49.07,49.96,1705812.0
2025-06-13,52.37,54.6799,50.94,53.81,3352390.0
2025-06-16,51.75,51.75,49.62,49.81,1683181.0
2025-06-17,51.04,53.86,50.67,52.83,1826160.0
2025-06-18,53.01,53.52,50.61,51.58,1394959.0
2025-06-20,51.1,52.9,50.8011,52.16,1116755.0
2025-06-23,52.16,54.17,51.33,51.41,1745904.0
2025-06-24,48.87,48.87,47.75,47.75,1646098.0
2025-06-25,47.45,48.17,47.31,47.39,663880.0
2025-06-26,47.3,47.3399,46.5,47.19,647949.0
2025-06-27,46.76,48.07,46.682,47.13,1036134.0
2025-06-30,46.5,47.25,46.4,46.88,880841.0
2025-07-01,47.25,47.5,46.35,46.81,1076755.0
2025-07-02,46.89,47.08,46.2838,46.67,1334021.0
2025-07-03,45.89,46.52,45.66,46.4,1439435.0
2025-07-07,46.94,47.78,46.67,46.86,1915033.0
2025-07-08,45.93,46.09,45.42,45.8,858110.0
2025-07-09,44.62,45.06,44.0,44.2,1092499.0
2025-07-10,43.99,44.2897,43.7,43.86,922042.0
2025-07-11,44.81,44.87,43.615,44.07,1036393.0
2025-07-14,44.54,45.05,44.22,44.74,889184.0
2025-07-15,43.79,44.74,43.7498,44.41,1305298.0
2025-07-16,44.35,46.89,44.1,44.82,1691061.0
2025-07-17,44.61,44.8353,44.3,44.62,762824.0
2025-07-18,44.15,44.5,43.94,43.96,830659.0
2025-07-21,43.5,43.76,42.81,43.7,1135827.0
2025-07-22,43.53,44.64,43.38,43.55,1348286.0
2025-07-23,42.88,43.25,41.5,41.77,1812772.0
2025-07-24,41.46,41.76,41.11,41.61,1777753.0
2025-07-25,41.67,41.78,41.1,41.23,1278513.0
2025-07-28,40.4,40.79,40.1,40.1,2014066.0
2025-07-29,39.69,41.3,39.44,41.04,1746279.0
2025-07-30,40.92,41.93,40.53,41.24,1406201.0
2025-07-31,40.39,41.69,40.07,41.49,1566121.0
2025-08-01,43.4,45.77,43.32,44.76,3662178.0
2025-08-04,43.59,43.6,41.66,41.73,1934222.0
2025-08-05,41.63,43.3841,41.5,42.16,1453782.0
2025-08-06,42.06,42.35,40.82,40.86,1303620.0
2025-08-07,40.28,41.8,40.14,41.18,1347787.0
2025-08-08,40.5,40.605,39.61,39.76,2053042.0
2025-08-11,39.64,40.18,39.34,39.95,1489011.0
2025-08-12,39.2,39.23,38.04,38.25,1831644.0
2025-08-13,37.75,38.28,37.67,38.03,1639151.0
2025-08-14,38.74,38.79,37.94,38.14,1748754.0
2025-08-15,37.93,38.36,37.7886,37.97,2245477.0
2025-08-18,37.96,37.97,36.9,37.11,1594200.0
2025-08-19,36.7,38.14,36.6504,37.85,2411134.0
2025-08-20,37.95,39.03,37.505,37.61,1982176.0
2025-08-21,38.19,38.765,37.82,38.185,1212096.0
2025-08-22,37.97,38.07,35.01,35.19,3142619.0
2025-08-25,35.43,35.635,34.9,35.13,1364814.0
2025-08-26,35.46,35.46,34.8925,34.94,1185249.0
2025-08-27,35.02,35.5,34.88,35.09,1501614.0
2025-08-28,34.6,35.09,34.46,34.55,1263010.0
2025-08-29,34.51,35.61,34.34,35.26,2273262.0
2025-09-02,37.14,37.9199,36.35,36.35,2960092.0
2025-09-03,36.19,36.23,35.46,35.5,1517842.0
2025-09-04,35.26,35.32,34.34,34.46,1333817.0
2025-09-05,33.66,35.49,33.55,34.495,2699839.0
2025-09-08,34.16,34.26,33.7913,33.88,1931739.0
2025-09-09,34.09,34.47,33.67,33.71,1622234.0
2025-09-10,33.34,33.83,33.155,33.58,2365213.0
2025-09-11,33.01,33.18,32.71,32.73,1799264.0
2025-09-12,32.76,32.83,32.33,32.68,1621669.0
2025-09-15,32.38,33.11,32.32,33.08,2364558.0
2025-09-16,33.14,33.67,33.05,33.58,1939327.0
2025-09-17,33.31,33.35,31.88,32.365,3695015.0
2025-09-18,31.82,32.4,31.755,32.25,1836649.0
2025-09-19,32.03,32.77,32.02,32.34,1391017.0
2025-09-22,32.53,32.92,32.3,32.88,2452762.0
2025-09-23,32.77,33.8074,32.755,33.25,3131110.0
2025-09-24,33.05,33.85,32.825,32.83,1682440.0
2025-09-25,33.59,33.9,32.575,33.27,2606883.0
2025-09-26,32.97,33.49,31.92,31.99,1845234.0
2025-09-29,31.82,32.6,31.76,32.4,2107808.0
2025-09-30,32.57,32.7,32.11,32.3,1848725.0
2025-10-01,32.48,32.57,31.96,32.1,1767501.0
2025-10-02,31.93,32.68,31.87,32.47,2142738.0
2025-10-03,32.33,32.75,32.15,32.24,2093688.0
2025-10-06,32.1,32.55,32.03,32.16,1738149.0
2025-10-07,32.01,33.07,31.93,32.79,2304729.0
2025-10-08,32.63,32.86,32.175,32.29,1381623.0
2025-10-09,32.14,32.8652,32.04,32.37,1808116.0
2025-10-10,32.37,36.8198,32.085,36.38,9224488.0
2025-10-13,34.5,34.7,33.44,33.72,4343603.0
2025-10-14,35.59,36.78,34.02,35.14,4876496.0
2025-10-15,34.22,36.42,34.03,35.52,2895838.0
2025-10-16,35.2,39.13,35.09,38.95,6175711.0
2025-10-17,38.22,39.7,35.73,35.73,5938480.0
2025-10-20,34.78,34.82,32.93,33.01,3404199.0
2025-10-21,33.37,33.91,32.53,32.84,2996909.0
2025-10-22,33.01,35.03,32.8,33.23,4831604.0
2025-10-23,33.46,33.6,32.51,32.6,2045846.0
2025-10-24,31.76,32.33,31.67,32.22,2165776.0
2025-10-27,31.1,31.49,30.96,31.16,2137871.0
2025-10-28,31.13,32.65,31.1,32.04,2727346.0
2025-10-29,31.75,32.65,31.41,32.65,4018085.0
2025-10-30,32.38,32.96,31.84,32.91,4141466.0
2025-10-31,32.14,33.71,32.1,33.03,3662839.0
2025-11-03,32.63,33.7312,32.4999,32.67,2956779.0
2025-11-04,34.0,34.32,33.0988,33.9,2870628.0
2025-11-05,33.94,34.055,32.26,32.6,2823889.0
2025-11-06,32.91,34.49,32.74,34.01,4468826.0
2025-11-07,34.91,36.02,33.69,33.69,4124933.0
2025-11-10,32.41,32.61,31.82,31.93,3594228.0
2025-11-11,31.98,32.04,31.66,31.84,1229544.0
2025-11-12,31.62,32.37,31.58,32.03,2258978.0
2025-11-13,32.35,34.745,32.09,34.16,4577246.0
2025-11-14,35.17,35.73,32.99,33.59,4531112.0
2025-11-17,34.16,35.83,33.29,35.3,5070798.0
2025-11-18,36.38,37.5,35.31,36.75,5849622.0
2025-11-19,36.5,36.92,34.8301,35.82,5083968.0
2025-11-20,33.35,38.55,33.1201,38.2,8786962.0
2025-11-21,37.24,39.33,35.86,36.25,9486181.0
2025-11-24,35.71,35.7537,33.58,33.66,2949506.0
2025-11-25,33.665,34.9466,32.63,32.76,2704840.0
2025-11-26,32.32,32.45,31.64,31.84,3223678.0
2025-11-28,31.68,31.72,31.05,31.13,1200510.0
2025-12-01,31.82,31.82,30.67,31.15,2831299.0
2025-12-02,30.82,31.1,30.56,30.6,2610423.0
2025-12-03,30.98,31.06,30.355,30.43,2964252.0
2025-12-04,30.22,30.675,29.9,30.16,1461582.0
2025-12-05,30.02,30.25,29.75,29.79,2212674.0
2025-12-08,29.77,30.57,29.735,30.1,2271405.0
2025-12-09,30.36,30.36,29.81,30.28,2367350.0
2025-12-10,30.42,30.61,28.97,29.06,3403200.0
2025-12-11,29.4,29.93,28.6,28.65,2473021.0
2025-12-12,28.47,29.98,28.24,28.72,4741713.0
2025-12-15,28.38,29.34,28.27,28.69,2748198.0
2025-12-16,28.77,29.29,28.4,28.57,2994597.0
2025-12-17,28.48,29.18,28.15,29.06,2697952.0
2025-12-18,28.35,28.79,27.9144,28.11,2495644.0
2025-12-19,27.86,27.86,26.85,27.05,2572715.0
2025-12-22,26.47,26.61,25.97,26.12,2567478.0
2025-12-23,26.35,26.35,26.08,26.22,1528573.0
2025-12-24,26.16,26.305,26.04,26.19,876440.0
2025-12-26,26.05,26.475,26.04,26.14,1456372.0
2025-12-29,26.41,26.41,25.63,25.86,1921528.0
2025-12-30,25.75,25.75,25.365,25.47,1363097.0
2025-12-31,25.49,26.2,25.27,25.64,2132601.0
2026-01-02,25.23,25.715,25.14,25.21,2317555.0
2026-01-05,25.1,25.57,24.95,25.57,1918018.0
2026-01-06,25.53,25.555,25.15,25.26,1514686.0
2026-01-07,25.31,25.799,25.31,25.68,3168572.0
2026-01-08,25.78,25.8196,25.21,25.34,3371800.0
2026-01-09,25.32,25.605,24.81,24.98,2694854.0
2026-01-12,25.48,25.4899,24.97,25.03,1563901.0
2026-01-13,24.92,25.92,24.88,25.63,3056956.0
2026-01-14,26.29,26.98,26.0445,26.26,5313623.0
2026-01-15,25.46,25.67,25.22,25.48,2505866.0
2026-01-16,25.35,25.84,25.25,25.6,2168477.0
2026-01-20,27.86,28.9519,26.84,28.46,8552321.0
2026-01-21,27.29,27.675,25.5846,25.84,6293390.0
2026-01-22,25.48,25.86,25.2,25.22,1963789.0
2026-01-23,25.53,25.77,25.05,25.68,2458524.0
2026-01-26,25.66,25.77,25.315,25.63,2248844.0
2026-01-27,25.61,26.1,25.42,26.09,1737605.0
2026-01-28,25.95,26.46,25.7354,26.09,2679239.0
2026-01-29,26.44,27.8691,26.26,26.27,3858616.0
2026-01-30,26.6,26.99,25.94,26.71,4067011.0
2026-02-02,26.45,26.45,25.205,25.28,3333469.0
2026-02-03,25.51,27.54,25.375,26.37,5684500.0
2026-02-04,26.22,27.92,26.05,26.75,6133387.0
2026-02-05,27.82,28.8245,27.19,28.42,5986234.0
2026-02-06,27.59,27.67,26.4621,26.71,4245566.0
2026-02-09,26.57,26.72,25.6988,25.81,3118317.0
2026-02-10,25.86,26.345,25.71,26.34,1978806.0
2026-02-11,25.73,26.87,25.65,26.24,3051677.0
2026-02-12,26.01,27.98,25.825,27.9,6229904.0
2026-02-13,27.86,28.79,26.89,28.31,7736458.0
2026-02-17,28.52,29.25,27.12,27.3,6811588.0
2026-02-18,27.41,27.75,26.72,27.37,3680765.0
2026-02-19,28.05,28.64,27.845,28.05,3777388.0
2026-02-20,28.5,28.74,27.11,27.4,4705979.0
2026-02-23,27.51,28.685,27.14,28.47,3630095.0
2026-02-24,28.435,28.77,27.42,27.58,2232337.0
2026-02-25,27.04,27.14,26.485,26.54,1926371.0
2026-02-26,26.33,27.915,26.33,26.81,3963600.0
2026-02-27,28.22,28.55,27.4,27.86,4433459.0
2026-03-02,29.61,29.665,27.76,28.22,5620461.0
2026-03-03,30.505,32.585,28.78,29.53,10414756.0
2026-03-04,29.23,29.5199,28.03,28.53,4356767.0
2026-03-05,29.365,31.68,28.905,30.35,7283879.0
2026-03-06,32.72,34.59,31.82,34.45,10391085.0
2026-03-09,34.91,36.195,30.63,31.17,12874517.0
2026-03-10,31.305,32.765,29.74,32.68,6100286.0
2026-03-11,32.13,32.705,31.14,31.19,5803169.0
2026-03-12,32.7,33.47,32.21,33.32,6178533.0
2026-03-13,32.49,34.0,31.92,33.88,5918163.0
2026-03-16,32.71,32.72,31.3,31.33,5278531.0
2026-03-17,30.85,31.21,30.38,30.88,3602800.0
2026-03-18,31.85,33.67,31.71,33.59,7001821.0
2026-03-19,35.13,35.5,31.9,32.65,8040256.0
2026-03-20,32.805,35.375,32.66,34.97,7614942.0
2026-03-23,32.44,33.97,31.64,33.14,9568517.0
2026-03-24,34.15,34.37,32.59,33.84,8398771.0
2026-03-25,32.95,34.02,32.65,33.21,4540038.0
2026-03-26,33.87,35.56,33.39,35.49,4702715.0
2026-03-27,36.07,38.47,35.93,38.23,5698523.0
2026-03-30,36.61,38.59,36.61,37.88,5061680.0
2026-03-31,36.17,36.81,34.1531,34.35,6980255.0
2026-04-01,33.86,34.55,33.09,33.57,3002429.0
2026-04-02,35.67,35.98,33.32,33.53,4282178.0
2026-04-06,33.63,33.63,32.53,32.71,2276873.0
2026-04-07,33.51,35.1,33.37,33.86,5558672.0
2026-04-08,30.49,31.74,30.021,30.51,3546532.0
2026-04-09,30.81,30.9,28.98,29.4,2268920.0
2026-04-10,29.25,30.27,29.08,29.75,2739692.0
2026-04-13,30.16,30.24,28.58,28.62,2842823.0
2026-04-14,27.89,28.405,27.81,28.11,2773147.0
2026-04-15,28.02,28.61,27.92,28.33,2139421.0
2026-04-16,28.34,28.96,28.06,28.29,3246937.0
2026-04-17,27.62,27.99,27.4,27.93,4015443.0
2026-04-20,28.33,28.85,28.19,28.39,3561725.0
2026-04-21,28.3,29.37,28.235,28.91,3821173.0
2026-04-22,28.16,28.83,28.08,28.54,2557813.0
2026-04-23,28.66,29.865,28.4,28.51,5596620.0
2026-04-24,28.37,28.835,28.09,28.77,3355141.0
2026-04-27,28.59,28.6,27.765,27.81,2541874.0
2026-04-28,28.29,28.4125,27.335,27.39,2833001.0
2026-04-29,27.46,28.285,27.295,28.01,3138570.0
2026-04-30,27.69,28.06,27.05,27.22,2418208.0
2026-05-01,26.96,27.43,26.8,27.43,2387691.0
2026-05-04,27.35,28.23,26.705,27.72,2413569.0
2026-05-05,27.22,27.78,27.05,27.7,2354740.0
2026-05-06,26.99,27.27,26.8,27.09,2974171.0
2026-05-07,26.87,27.3,26.78,26.85,2563929.0
2026-05-08,26.82,27.15,26.5918,27.05,2302969.0
2026-05-11,27.08,27.5399,26.8712,27.41,2431065.0
2026-05-12,27.69,27.87,26.6601,26.77,3643252.0
2026-05-13,26.93,27.46,26.77,27.33,3531802.0
2026-05-14,27.17,27.47,26.51,26.68,3659286.0
2026-05-15,27.52,27.59,26.655,26.93,4486579.0
2026-05-18,26.55,26.89,26.02,26.3,4564467.0
2026-05-19,26.59,26.77,26.265,26.62,3215032.0
2026-05-20,26.44,26.585,26.0,26.02,3687797.0
2026-05-21,26.28,26.36,25.145,25.29,3378346.0
2026-05-22,25.44,25.64,25.16,25.43,2857980.0
2026-05-26,24.85,25.35,24.48,24.64,4052177.0
2026-05-27,24.59,24.785,24.105,24.13,2539342.0
2026-05-28,24.3,24.3,23.575,23.7,2364877.0
2026-05-29,23.44,23.565,23.0099,23.29,4710987.0
2026-06-01,23.59,23.895,23.225,23.85,4344583.0
2026-06-02,23.57,23.81,23.4151,23.46,2388617.0
2026-06-03,23.64,23.8,23.39,23.52,2897924.0
2026-06-04,23.68,23.68,22.45,22.67,3840635.0
2026-06-05,22.93,24.7551,22.87,24.31,7402065.0
2026-06-08,23.66,24.11,23.4607,23.91,2561929.0
2026-06-09,23.58,25.82,23.32,24.27,5560556.0
2026-06-10,24.81,25.94,24.59,25.68,4331748.0
2026-06-11,25.46,26.16,24.245,24.41,4580882.0
2026-06-12,24.05,24.41,23.29,23.29,3132217.0
2026-06-15,22.2,22.31,21.675,21.7,2977172.0
2026-06-16,21.74,21.905,21.55,21.82,2135788.0
2026-06-17,21.58,22.98,21.535,22.7,4317040.0
2026-06-18,21.93,22.285,21.81,21.9,2255951.0
2026-06-22,21.47,21.935,21.17,21.85,1853590.0
2026-06-23,23.0,23.26,22.535,22.98,3340973.0
2026-06-24,22.81,23.2677,22.33,22.91,2867546.0
2026-06-25,22.02,22.88,22.0,22.48,2577426.0
2026-06-26,23.18,23.46,22.3827,22.62,2274138.0
2026-06-29,22.03,22.63,21.7,21.7,3005110.0
2026-06-30,21.78,21.87,20.28,21.29,1649415.0
2026-07-01,21.51,21.72,21.215,21.52,1982219.0
2026-07-02,21.26,21.755,20.96,21.23,2538182.0
2026-07-06,20.94,20.94,20.605,20.65,2114659.0
2026-07-07,20.69,21.15,20.55,20.87,2515834.0
2026-07-08,21.33,21.95,20.935,21.23,3685992.0
2026-07-09,21.08,21.3,20.78,20.81,1582278.0
2026-07-10,20.75,21.22,20.3,20.34,2608862.0
2026-07-13,20.59,21.145,20.35,21.02,2771003.0
2026-07-14,20.66,20.805,20.44,20.66,1373271.0
2026-07-15,20.43,20.67,20.05,20.06,1917413.0
2026-07-16,20.29,20.87,20.165,20.56,1960848.0
2026-07-17,21.89,21.99,21.24,21.65,4660366.0
