date,open,high,low,close,volume
2015-01-05,12.78,14.21,12.71,14.21,688096.5
2015-01-06,14.48,14.48,13.58,13.7,536227.75
2015-01-07,13.6,14.33,13.5,13.79,368680.47
2015-01-08,13.77,13.78,13.05,13.2,276216.0
2015-01-09,13.03,13.68,13.0,13.3,277343.65
2015-01-12,13.09,13.09,12.38,12.65,218492.01
2015-01-13,12.65,12.79,12.3,12.38,165319.05
2015-01-14,12.2,12.33,11.51,11.77,236632.91
2015-01-15,11.68,12.12,11.06,12.1,296213.8
2015-01-16,11.95,12.31,11.85,12.03,205876.67
2015-01-19,11.47,11.98,10.84,11.17,230365.81
2015-01-20,11.2,11.7,11.2,11.55,159449.56
2015-01-21,11.65,12.18,11.49,12.07,206783.88
2015-01-22,12.1,12.87,12.02,12.38,317113.85
2015-01-23,12.55,12.75,12.05,12.18,223253.57
2015-01-26,12.14,12.45,12.0,12.31,168175.19
2015-01-27,12.42,12.63,12.1,12.35,187808.75
2015-01-28,12.2,12.23,11.98,11.98,135074.53
2015-01-29,11.75,11.97,11.56,11.77,141136.88
2015-01-30,11.89,12.06,11.65,11.71,109851.83
2015-02-02,11.47,11.86,11.3,11.65,98882.09
2015-02-03,11.71,11.96,11.68,11.96,105535.92
2015-02-04,12.39,12.48,11.88,11.92,186148.57
2015-02-05,12.18,12.25,11.58,11.58,144089.03
2015-02-06,11.5,11.57,10.86,11.04,157665.58
2015-02-09,11.0,11.17,10.74,10.96,102031.35
2015-02-10,11.09,11.38,11.02,11.26,93923.43
2015-02-11,11.19,11.38,11.17,11.24,64354.48
2015-02-12,11.25,11.28,11.02,11.15,63141.01
2015-02-13,11.25,11.65,11.25,11.46,118021.02
2015-02-16,11.49,11.68,11.46,11.57,76013.3
2015-02-17,11.64,11.75,11.6,11.71,77757.72
2015-02-25,11.8,11.83,11.41,11.53,107484.53
2015-02-26,11.51,12.2,11.5,12.18,185486.98
2015-02-27,12.18,12.35,11.98,12.17,200561.73
2015-03-02,12.45,12.76,12.41,12.48,284031.58
2015-03-03,12.4,12.82,12.09,12.5,338710.9
2015-03-04,12.48,12.54,12.15,12.35,156349.98
2015-03-05,12.3,12.3,12.01,12.17,133016.42
2015-03-06,12.08,12.98,12.05,12.66,353975.63
2015-03-09,12.53,12.74,12.29,12.74,201406.25
2015-03-10,12.76,12.95,12.55,12.6,199135.76
2015-03-11,12.53,12.74,12.24,12.31,160183.53
2015-03-12,12.3,12.54,12.26,12.48,150779.01
2015-03-13,12.51,12.88,12.46,12.66,212734.18
2015-03-16,12.67,13.0,12.55,13.0,277140.89
2015-03-17,13.0,13.17,12.8,13.14,368757.87
2015-03-18,13.1,13.7,13.01,13.63,415342.56
2015-03-19,13.8,14.0,13.36,13.55,467817.59
2015-03-20,13.7,13.84,13.3,13.49,323835.86
2015-03-23,14.28,14.41,13.86,13.98,533968.38
2015-03-24,14.18,14.66,13.65,14.6,630695.26
2015-03-25,14.3,14.35,13.9,13.97,362589.01
2015-03-26,13.81,14.07,13.52,13.78,245258.61
2015-03-27,13.9,14.29,13.75,13.91,298695.13
2015-03-30,13.9,14.18,13.58,14.09,409107.26
2015-03-31,14.12,14.35,13.68,13.7,402400.19
2015-04-01,13.66,14.03,13.54,14.01,298896.11
2015-04-02,14.06,14.64,13.8,14.62,610617.33
2015-04-03,14.3,14.77,14.24,14.46,460474.73
2015-04-07,14.53,15.36,14.53,15.16,555005.34
2015-04-08,15.2,15.25,14.37,14.73,452481.63
2015-04-09,14.81,14.81,13.84,14.27,408237.53
2015-04-10,14.15,14.55,13.98,14.43,273491.89
2015-04-13,14.43,14.69,14.23,14.68,362220.82
2015-04-14,14.57,14.65,14.2,14.38,367410.9
2015-04-15,14.38,14.42,13.71,13.82,326788.09
2015-04-16,13.71,14.17,13.61,14.02,243173.68
2015-04-17,14.2,14.75,14.13,14.55,574256.54
2015-04-20,14.59,15.3,14.2,14.63,760085.24
2015-04-21,14.63,15.36,14.43,15.36,689851.71
2015-04-22,15.6,16.51,15.4,16.06,867978.34
2015-04-23,15.9,17.37,15.9,16.84,847868.07
2015-04-24,16.55,16.78,15.95,16.47,570796.8
2015-04-27,16.61,17.04,16.4,16.85,555969.0
2015-04-28,17.0,17.0,15.56,15.77,494283.66
2015-04-29,15.81,16.77,15.78,16.29,424936.62
2015-04-30,16.35,16.65,15.91,15.95,299592.89
2015-05-04,16.39,17.1,16.26,16.52,431668.71
2015-05-05,16.34,16.53,15.26,15.44,379021.23
2015-05-06,15.75,15.96,14.81,15.2,323682.77
2015-05-07,14.87,15.44,14.58,14.69,233113.65
2015-05-08,14.8,15.15,14.31,15.0,256218.23
2015-05-11,15.4,15.6,15.08,15.55,316535.38
2015-05-12,15.56,15.6,15.21,15.54,273138.52
2015-05-13,15.5,16.0,15.39,15.59,325483.24
2015-05-14,15.6,16.2,14.95,16.04,466634.42
2015-05-15,16.0,16.43,15.38,15.4,375094.86
2015-05-18,15.0,15.38,14.75,14.95,286607.12
2015-05-19,14.95,15.49,14.9,15.41,263370.26
2015-05-20,15.23,15.61,15.07,15.26,363085.21
2015-05-21,15.24,15.24,14.9,15.23,340315.28
2015-05-22,15.31,16.01,15.3,16.01,518794.1
2015-05-25,16.02,16.5,15.91,16.49,607998.11
2015-05-26,16.63,16.76,16.23,16.76,680252.64
2015-05-27,16.95,18.59,16.55,18.29,1246830.95
2015-05-28,17.9,20.27,17.85,18.32,1477108.48
2015-05-29,19.11,20.08,18.15,19.79,1311846.22
2015-06-01,19.98,21.92,19.25,21.91,1502282.04
2015-06-02,21.4,22.37,21.08,21.86,1162066.91
2015-06-03,21.7,21.7,20.38,20.59,894410.68
2015-06-04,20.65,22.38,18.8,22.38,1143854.89
2015-06-05,22.2,24.0,21.81,23.0,1243818.57
2015-09-08,20.55,20.55,20.55,20.55,10766.0
2015-09-09,18.35,18.35,18.35,18.35,4517.0
2015-09-10,16.37,16.37,16.37,16.37,3522.0
2015-09-11,14.58,14.58,14.58,14.58,9368.0
2015-09-14,12.97,12.97,12.97,12.97,21401.0
2015-09-15,11.52,11.52,11.52,11.52,7274.0
2015-09-16,10.22,12.68,10.22,11.79,2544162.69
2015-09-17,10.68,11.18,10.46,10.46,2171393.79
2015-09-18,10.0,10.23,9.26,9.26,1548375.06
2015-09-21,8.8,9.56,8.8,9.45,1064502.34
2015-09-22,9.45,10.05,9.18,9.68,1230930.1
2015-09-23,9.2,9.49,9.05,9.28,801786.95
2015-09-24,9.33,9.46,9.17,9.33,655837.61
2015-09-25,9.22,9.41,8.51,8.7,718239.74
2015-09-28,8.75,8.85,8.5,8.85,466991.75
2015-09-29,8.64,8.64,8.33,8.4,581071.83
2015-09-30,8.51,8.54,8.36,8.41,384245.97
2015-10-08,8.8,8.97,8.71,8.87,631589.0
2015-10-09,8.8,9.38,8.74,9.24,862818.06
2015-10-12,9.38,9.98,9.27,9.8,1171777.97
2015-10-13,9.5,9.69,9.42,9.59,797380.74
2015-10-14,9.48,9.88,9.38,9.4,778298.2
2015-10-15,9.2,9.67,9.17,9.63,843259.18
2015-10-16,9.65,9.8,9.36,9.69,999088.29
2015-10-19,9.73,10.76,9.51,10.49,1559917.27
2015-10-20,10.31,10.33,10.04,10.28,970246.53
2015-10-21,10.29,10.44,9.1,9.1,1207963.34
2015-10-22,9.06,9.48,8.81,9.4,785859.81
2015-10-23,9.4,10.05,9.39,9.8,876267.3
2015-10-26,10.1,10.22,9.61,9.91,803415.09
2015-10-27,9.74,9.86,9.15,9.78,673891.93
2015-10-28,9.51,9.99,9.38,9.62,686404.83
2015-10-29,9.64,9.78,9.47,9.64,516726.65
2015-10-30,9.55,9.63,9.29,9.36,446417.97
2015-11-02,9.08,9.26,8.91,8.94,404836.63
2015-11-03,8.96,9.11,8.9,9.0,307583.87
2015-11-04,9.1,9.58,9.06,9.56,581995.71
2015-11-05,9.53,10.05,9.48,9.8,1053458.12
2015-11-06,9.68,10.4,9.65,10.22,1077735.42
2015-11-09,10.0,10.4,9.85,10.19,1063613.17
2015-11-10,10.19,11.36,10.05,11.36,1430838.39
2015-11-11,11.6,11.7,10.92,11.14,1439910.6
2015-11-12,11.15,11.66,10.96,11.12,1073018.38
2015-11-13,10.8,10.88,10.25,10.42,857990.49
2015-11-16,10.15,10.88,10.07,10.73,612322.36
2015-11-17,10.7,11.09,10.6,10.65,828347.86
2015-11-18,10.62,10.81,10.38,10.44,493192.2
2015-11-19,10.52,10.82,10.43,10.76,456560.52
2015-11-20,10.81,11.14,10.68,10.9,727714.02
2015-11-23,10.88,11.29,10.65,10.79,659250.17
2015-11-24,10.7,10.76,10.38,10.65,425522.26
2015-11-25,10.87,10.98,10.69,10.8,503713.08
2015-11-26,10.87,11.8,10.74,11.27,1121628.25
2015-11-27,11.19,11.19,9.99,10.03,804889.78
2015-11-30,9.9,10.11,9.06,9.6,628315.8
2015-12-01,9.6,9.77,9.42,9.75,407826.83
2015-12-02,9.75,10.15,9.67,10.07,503574.47
2015-12-03,9.99,10.18,9.85,10.07,402717.88
2015-12-04,9.95,10.1,9.68,9.73,410524.22
2015-12-07,9.88,10.0,9.52,9.83,321383.1
2015-12-08,9.63,9.71,9.35,9.42,353424.28
2015-12-09,9.41,9.64,9.34,9.45,279588.16
2015-12-10,9.5,9.96,9.4,9.63,474116.02
2015-12-11,9.48,10.74,9.42,10.74,794553.3
2015-12-14,10.85,11.96,10.75,11.96,1320359.94
2015-12-15,12.69,12.7,11.65,12.01,2008010.14
2015-12-16,11.92,13.3,11.91,12.9,1724254.42
2015-12-17,12.6,13.26,12.49,12.75,1463399.05
2015-12-18,12.45,13.95,12.11,13.27,1453993.81
2015-12-21,13.41,14.17,13.3,13.8,1126660.56
2015-12-22,13.83,14.3,13.48,13.63,721343.0
2015-12-23,13.35,14.0,13.02,13.25,880099.8
2015-12-24,13.35,13.74,13.01,13.3,675880.23
2015-12-25,13.38,13.7,13.01,13.7,634369.47
2015-12-28,13.7,13.7,12.8,12.9,752098.9
2015-12-29,12.74,13.05,12.54,12.82,489953.57
2015-12-30,13.15,13.21,12.72,12.8,407882.73
2015-12-31,12.72,13.1,12.3,12.35,448463.11
2016-01-04,12.19,12.5,10.97,11.0,492059.77
2016-01-05,10.3,11.41,10.08,10.95,815113.63
2016-01-06,11.0,11.9,10.9,11.7,874904.07
2016-01-07,11.4,11.46,10.38,10.38,196117.0
2016-01-08,10.71,11.47,9.88,11.15,862885.42
2016-01-11,10.73,11.08,9.89,9.89,711954.2
2016-01-12,9.9,10.19,9.55,9.88,462492.76
2016-01-13,10.0,10.2,9.1,9.2,517841.16
2016-01-14,8.8,9.56,8.75,9.5,579701.32
2016-01-15,9.33,9.42,8.4,8.63,668173.16
2016-01-18,8.15,8.89,8.1,8.59,483145.79
2016-01-19,8.55,9.2,8.52,9.11,530382.6
2016-01-20,8.98,9.25,8.7,8.84,490385.0
2016-01-21,8.65,9.04,8.28,8.29,468363.57
2016-01-22,8.46,8.9,8.33,8.7,464811.44
2016-01-25,8.8,9.24,8.66,8.97,516983.46
2016-01-26,8.75,8.84,7.92,7.92,472516.66
2016-01-27,8.1,8.45,7.75,8.3,558900.05
2016-01-28,8.16,8.59,7.85,7.91,535942.24
2016-01-29,7.96,8.39,7.76,8.24,408958.52
2016-02-01,8.19,8.2,7.48,7.78,362439.01
2016-02-02,7.84,8.14,7.79,8.1,291983.42
2016-02-03,7.94,8.16,7.78,8.12,317483.34
2016-02-04,8.51,9.08,8.49,9.08,528284.01
2016-02-05,9.28,9.37,8.65,8.71,696419.2
2016-02-15,8.6,9.49,8.52,9.18,619900.42
2016-02-16,9.02,9.41,8.91,9.31,630419.2
2016-02-17,9.1,9.36,8.98,9.3,506616.69
2016-02-18,9.5,9.64,9.09,9.13,554184.27
2016-02-19,9.0,9.25,8.92,9.09,385640.76
2016-02-22,9.25,9.69,9.19,9.37,669829.47
2016-02-23,9.41,9.68,9.18,9.46,596138.74
2016-02-24,9.3,9.99,9.24,9.69,683233.93
2016-02-25,9.69,9.92,8.57,8.64,850976.49
2016-02-26,8.69,8.99,8.53,8.9,564037.53
2016-02-29,8.9,8.95,7.87,8.32,538661.27
2016-03-01,8.3,8.98,8.25,8.77,591045.68
2016-03-02,8.81,9.8,8.77,9.8,866210.28
2016-03-03,10.35,10.85,10.14,10.2,1388077.4
2016-03-04,10.45,10.64,9.83,10.25,1134674.01
2016-03-07,10.95,11.43,10.66,11.01,1298594.1
2016-03-08,10.9,11.18,10.49,10.83,1121035.72
2016-03-09,10.02,10.14,9.67,9.89,818409.72
2016-03-10,9.97,10.04,9.25,9.38,670562.43
2016-03-11,9.38,9.76,9.3,9.64,585097.85
2016-03-14,9.53,10.22,9.38,9.96,802661.17
2016-03-15,9.7,9.77,9.47,9.65,469656.21
2016-03-16,9.64,9.84,9.17,9.39,421552.16
2016-03-17,9.6,9.81,9.46,9.69,620118.2
2016-03-18,9.9,10.58,9.9,10.24,787710.94
2016-03-21,10.16,10.79,9.95,10.64,951833.37
2016-03-22,10.39,10.6,10.2,10.3,660915.61
2016-03-23,10.2,10.55,10.15,10.42,632296.36
2016-03-24,10.05,10.06,9.75,9.81,636580.76
2016-03-25,9.82,9.89,9.68,9.85,299409.29
2016-03-28,9.91,10.22,9.69,9.8,505567.21
2016-03-29,9.79,10.02,9.58,9.64,356353.44
2016-03-30,9.82,9.99,9.74,9.93,341545.74
2016-03-31,9.91,9.96,9.66,9.86,402281.32
2016-04-01,9.85,10.08,9.77,10.06,484934.91
2016-04-05,9.91,10.22,9.73,10.2,590749.65
2016-04-06,10.55,10.79,10.0,10.2,740578.17
2016-04-07,10.15,10.31,9.89,9.9,472775.2
2016-04-08,9.55,9.64,9.38,9.54,516858.71
2016-04-11,9.63,9.93,9.59,9.74,453657.02
2016-04-12,9.69,9.77,9.48,9.68,355183.13
2016-04-13,10.1,10.8,10.06,10.5,1354008.69
2016-04-14,10.38,10.46,10.08,10.24,872412.82
2016-04-15,10.24,10.3,10.0,10.13,515927.2
2016-04-18,9.94,9.98,9.71,9.8,463742.69
2016-04-19,9.93,10.02,9.72,9.86,389520.29
2016-04-20,10.2,10.27,9.16,9.41,746550.0
2016-04-21,9.44,10.03,9.39,9.67,732207.01
2016-04-22,9.39,9.49,9.12,9.45,422007.33
2016-04-25,9.3,9.8,9.15,9.65,435035.89
2016-04-26,9.49,9.57,9.32,9.54,320822.58
2016-04-27,9.54,9.54,9.33,9.35,267922.69
2016-04-28,9.3,9.34,8.97,9.16,298203.01
2016-04-29,9.1,9.34,9.07,9.2,236677.59
2016-05-03,9.35,9.45,9.2,9.45,327664.75
2016-05-04,9.3,9.41,9.26,9.33,267276.7
2016-05-05,9.34,9.42,9.21,9.38,246336.15
2016-05-06,9.32,9.37,8.91,8.92,401986.78
2016-05-09,8.8,8.82,8.21,8.3,375212.24
2016-05-10,8.29,8.46,8.2,8.37,214598.74
2016-05-11,8.43,8.47,8.3,8.34,151770.03
2016-05-12,8.2,8.45,8.03,8.41,179525.4
2016-05-13,8.26,8.4,8.21,8.26,157183.63
2016-05-16,8.27,8.43,8.08,8.41,201148.09
2016-05-17,8.4,8.58,8.38,8.42,251045.0
2016-05-18,8.33,8.33,8.0,8.09,231425.15
2016-05-19,8.11,8.27,8.09,8.17,179499.91
2016-05-20,8.09,8.35,8.06,8.3,136343.51
2016-05-23,8.28,8.4,8.22,8.31,142083.72
2016-05-24,8.28,8.29,8.09,8.15,114153.03
2016-05-25,8.22,8.3,8.13,8.15,110296.98
2016-05-26,8.2,8.39,8.07,8.39,232168.14
2016-05-27,8.29,8.37,8.25,8.29,129026.63
2016-05-30,8.22,8.28,8.16,8.2,102161.7
2016-05-31,8.24,8.61,8.21,8.6,302320.91
2016-06-01,8.53,8.84,8.52,8.65,369186.29
2016-06-02,8.59,8.84,8.56,8.67,276886.5
2016-06-03,8.67,8.74,8.58,8.73,240139.32
2016-06-06,8.89,8.98,8.7,8.74,233818.94
2016-06-07,8.78,8.86,8.61,8.7,189424.83
2016-06-08,8.59,8.62,8.47,8.56,205953.09
2016-06-13,8.47,8.53,8.17,8.18,237436.11
2016-06-14,8.17,8.25,8.12,8.24,132647.55
2016-06-15,8.15,8.54,8.11,8.52,212588.89
2016-06-16,8.7,8.86,8.61,8.68,449905.87
2016-06-17,8.52,8.86,8.52,8.7,339254.39
2016-06-20,8.69,8.69,8.42,8.52,197421.38
2016-06-21,8.65,8.71,8.33,8.38,199329.3
2016-06-22,8.4,8.65,8.34,8.64,206382.2
2016-06-23,8.58,8.6,8.38,8.51,179313.86
2016-06-24,8.5,8.61,8.07,8.31,292077.27
2016-06-27,8.29,8.57,8.26,8.56,244699.87
2016-06-28,8.45,8.68,8.42,8.65,275386.0
2016-06-29,8.77,8.8,8.61,8.66,305934.55
2016-06-30,8.67,8.77,8.61,8.68,260826.09
2016-07-01,8.7,8.84,8.61,8.71,336225.39
2016-07-04,8.86,9.73,8.82,9.73,770198.07
2016-07-05,9.73,9.74,9.4,9.62,818779.51
2016-07-06,9.45,10.16,9.39,9.84,933233.19
2016-07-07,9.68,10.3,9.66,9.83,898209.26
2016-07-08,9.6,9.79,9.52,9.61,476186.98
2016-07-11,9.7,10.38,9.66,9.83,781823.45
2016-07-12,9.9,10.28,9.85,10.15,679125.46
2016-07-13,10.7,10.97,10.26,10.56,1172288.61
2016-07-14,10.4,10.47,10.06,10.41,614851.72
2016-07-15,10.39,10.4,10.01,10.22,421082.3
2016-07-18,10.09,10.18,9.88,9.88,339765.02
2016-07-19,10.0,10.18,9.9,10.07,295100.65
2016-07-20,10.18,10.23,9.83,9.83,328885.14
2016-07-21,9.8,10.17,9.78,10.1,350609.2
2016-07-22,10.06,10.08,9.77,9.86,357538.02
2016-07-25,9.8,9.94,9.75,9.83,196276.48
2016-07-26,9.82,9.93,9.75,9.93,279267.6
2016-07-27,9.93,9.98,9.01,9.22,555123.67
2016-07-28,9.18,9.35,9.01,9.31,296660.96
2016-07-29,9.33,9.36,9.01,9.04,246209.52
2016-08-01,9.05,9.23,8.91,9.2,244654.18
2016-08-02,9.1,9.22,9.0,9.2,148459.28
2016-08-03,9.21,9.25,9.1,9.14,140863.19
2016-08-04,9.09,9.18,9.01,9.12,159250.47
2016-08-05,9.12,9.23,9.03,9.16,186175.03
2016-08-08,9.08,9.4,9.03,9.38,229337.7
2016-08-09,9.32,9.4,9.26,9.36,182285.03
2016-08-10,9.38,9.73,9.38,9.5,341190.22
2016-08-11,9.5,9.53,9.26,9.26,207316.17
2016-08-12,9.31,9.46,9.19,9.45,169779.51
2016-08-15,9.41,9.75,9.31,9.66,317769.62
2016-08-16,9.66,9.79,9.59,9.69,233963.98
2016-08-17,9.66,9.69,9.44,9.58,235778.1
2016-08-18,9.53,9.64,9.5,9.63,241095.31
2016-08-19,9.6,9.63,9.44,9.57,179480.97
2016-08-22,9.55,9.58,9.23,9.24,238512.49
2016-08-23,9.24,9.38,9.21,9.32,129959.53
2016-08-24,9.26,9.4,9.26,9.3,106843.04
2016-08-25,9.17,9.17,9.04,9.13,166172.87
2016-08-26,9.15,9.27,9.13,9.16,143620.5
2016-08-29,9.13,9.18,9.08,9.12,99055.83
2016-08-30,9.14,9.21,9.12,9.14,84544.09
2016-08-31,9.15,9.18,9.06,9.15,123291.03
2016-09-01,9.15,9.24,9.1,9.16,151255.31
2016-09-02,9.14,9.25,9.05,9.11,142024.72
2016-09-05,9.14,9.51,9.11,9.29,247140.96
2016-09-06,9.27,9.37,9.15,9.37,172788.12
2016-09-07,9.39,9.49,9.3,9.34,198496.62
2016-09-08,9.32,9.38,9.23,9.29,131440.05
2016-09-09,9.31,9.32,9.13,9.13,173617.05
2016-09-12,8.93,8.93,8.57,8.63,276030.5
2016-09-13,8.7,8.73,8.63,8.66,86592.6
2016-09-14,8.63,8.7,8.58,8.65,124931.28
2016-09-19,8.72,8.8,8.7,8.76,113852.09
2016-09-20,8.76,8.78,8.7,8.76,61239.72
2016-09-21,8.77,8.95,8.72,8.81,113417.81
2016-09-22,8.9,8.92,8.78,8.81,127069.52
2016-09-23,8.9,8.92,8.76,8.82,92857.33
2016-09-26,8.83,8.86,8.6,8.63,137010.94
2016-09-27,8.62,8.74,8.58,8.72,93030.79
2016-09-28,8.73,8.73,8.59,8.61,94588.73
2016-09-29,8.65,8.85,8.65,8.73,134869.97
2016-09-30,8.65,8.84,8.65,8.78,104135.87
2016-10-10,8.82,8.9,8.75,8.9,141059.62
2016-10-11,8.97,9.03,8.89,8.98,147403.52
2016-10-12,8.92,8.97,8.87,8.93,93938.87
2016-10-13,8.94,9.03,8.89,8.94,149285.82
2016-10-14,8.87,8.88,8.74,8.8,167477.0
2016-10-17,8.9,9.09,8.88,8.91,288531.99
2016-10-31,9.31,9.38,9.08,9.15,432622.97
2016-11-01,9.23,9.25,9.04,9.15,283817.62
2016-11-02,9.18,9.34,9.12,9.15,314037.31
2016-11-03,9.1,9.28,9.01,9.28,262568.98
2016-11-04,9.39,9.46,9.16,9.19,266670.27
2016-11-07,9.18,10.26,9.11,10.26,614106.76
2016-11-08,10.5,10.58,10.16,10.23,1036257.12
2016-11-09,10.65,10.93,10.26,10.54,1185519.81
2016-11-10,11.74,11.74,11.25,11.54,1603419.26
2016-11-11,11.44,12.84,11.32,12.84,1889740.85
2016-11-14,12.4,13.78,12.23,12.98,1917606.63
2016-11-15,12.7,12.91,11.9,12.07,1246846.87
2016-11-16,12.1,12.35,11.77,12.09,858394.18
2016-11-17,11.92,12.12,11.71,12.05,485451.95
2016-11-18,12.01,12.22,11.67,12.05,657964.88
2016-11-21,11.88,12.87,11.77,12.22,930926.52
2016-11-22,12.34,12.85,12.23,12.53,959491.39
2016-11-23,12.32,12.4,11.84,11.91,588868.73
2016-11-24,12.35,13.14,12.26,12.52,1193350.96
2016-11-25,12.7,12.78,12.0,12.46,595915.07
2016-11-28,12.5,13.35,12.3,13.04,967854.63
2016-11-29,12.65,12.8,12.33,12.46,771689.48
2016-11-30,12.12,12.3,11.48,11.75,787022.21
2016-12-01,11.89,12.01,11.61,11.82,423862.13
2016-12-02,11.69,11.7,11.19,11.28,458887.45
2016-12-05,11.03,11.62,10.95,11.45,358512.31
2016-12-06,11.66,11.71,11.0,11.09,449003.01
2016-12-07,11.13,11.79,11.01,11.66,487684.43
2016-12-08,11.45,11.92,11.4,11.64,530057.99
2016-12-09,11.44,11.95,11.42,11.83,320529.63
2016-12-12,11.92,12.11,11.0,11.24,496822.46
2016-12-13,11.05,11.41,10.95,11.29,276115.4
2016-12-14,11.16,11.42,10.9,11.16,291674.88
2016-12-15,11.19,11.58,11.02,11.29,296763.4
2016-12-16,11.16,11.26,10.91,10.98,263766.26
2016-12-19,10.86,10.86,10.56,10.61,277765.67
2016-12-20,10.5,10.75,10.41,10.7,244726.01
2016-12-21,10.74,10.81,10.62,10.8,177596.54
2016-12-22,10.72,10.77,10.5,10.66,178086.38
2016-12-23,10.73,10.76,10.31,10.44,227315.08
2016-12-26,10.23,10.45,10.05,10.43,234340.0
2016-12-27,10.32,10.6,10.31,10.5,156232.58
2016-12-28,10.65,10.83,10.47,10.54,228288.53
2016-12-29,10.45,10.62,10.3,10.51,134083.97
2016-12-30,10.46,10.59,10.25,10.31,165017.37
2017-01-03,10.43,10.67,10.38,10.54,191230.25
2017-01-04,10.48,10.74,10.37,10.7,224514.21
2017-01-05,10.85,11.5,10.78,11.37,576136.08
2017-01-06,11.15,11.46,11.15,11.41,314553.35
2017-01-09,11.36,11.57,11.23,11.45,203008.07
2017-01-10,11.39,12.0,11.2,11.76,384389.27
2017-01-11,11.87,12.24,11.5,11.51,521026.01
2017-01-12,11.49,11.67,11.3,11.37,232299.92
2017-01-13,11.53,11.89,11.11,11.4,339268.86
2017-01-16,11.4,11.88,10.74,11.51,426988.62
2017-01-17,11.33,11.45,11.06,11.4,325170.05
2017-01-18,11.24,11.85,11.17,11.72,358136.1
2017-01-19,11.61,11.81,11.52,11.72,226964.31
2017-01-20,11.6,11.72,11.35,11.46,241278.81
2017-01-23,11.51,12.76,11.51,12.54,790046.87
2017-01-24,12.31,12.72,12.26,12.56,454279.16
2017-01-25,13.0,13.08,12.58,12.73,546439.89
2017-01-26,12.85,14.15,12.75,14.15,727277.68
2017-02-03,14.11,14.29,13.68,13.91,658798.55
2017-02-06,13.69,13.78,13.1,13.6,666721.2
2017-02-07,13.52,13.74,13.31,13.69,550233.84
2017-02-08,13.53,14.08,13.45,13.98,605843.53
2017-02-09,13.9,13.93,13.53,13.67,464894.61
2017-02-10,13.51,14.16,13.31,13.9,693622.38
2017-02-13,15.4,15.44,14.45,14.89,1002580.74
2017-02-14,14.7,15.86,14.66,15.77,908699.97
2017-02-15,15.2,15.49,14.72,14.79,752472.98
2017-02-16,14.79,15.29,14.53,14.66,638131.28
2017-02-17,14.6,14.69,14.2,14.41,533285.38
2017-02-20,14.25,14.74,14.17,14.7,448272.5
2017-02-21,14.9,15.0,14.33,14.49,467550.71
2017-02-22,14.5,14.7,14.16,14.28,427253.33
2017-02-23,14.23,14.36,13.94,14.12,459922.87
2017-02-24,13.6,13.7,13.26,13.51,663178.18
2017-02-27,13.45,13.63,13.3,13.4,326830.5
2017-02-28,13.43,13.68,13.42,13.53,322441.43
2017-03-01,13.58,14.38,13.44,14.14,735265.33
2017-03-02,14.13,14.25,13.71,13.9,421472.0
2017-03-03,13.58,13.61,13.26,13.49,427808.11
2017-03-06,13.4,13.57,13.15,13.42,304300.81
2017-03-07,13.28,13.42,13.12,13.41,356669.17
2017-03-08,13.22,13.68,13.2,13.65,393154.36
2017-03-09,13.44,13.5,13.21,13.33,301898.64
2017-03-10,13.28,13.65,13.24,13.6,358884.9
2017-03-13,13.63,14.15,13.58,14.08,579349.56
2017-03-14,14.09,14.25,13.92,14.05,382095.61
2017-03-15,14.0,14.4,13.98,14.26,456989.51
2017-03-16,14.55,14.7,14.16,14.37,554414.89
2017-03-17,14.3,14.5,13.68,13.75,450894.19
2017-03-20,13.77,14.0,13.48,13.6,303579.1
2017-03-21,13.4,13.54,13.25,13.47,379712.99
2017-03-22,13.29,13.37,13.14,13.22,348067.11
2017-03-23,13.34,13.45,13.15,13.4,304014.61
2017-03-24,13.35,13.38,12.97,13.31,359912.92
2017-03-27,13.14,13.23,12.88,13.04,421342.51
2017-03-28,13.09,13.23,13.05,13.08,274478.27
2017-03-29,13.3,13.45,13.14,13.38,434443.15
2017-03-30,13.4,13.43,12.44,12.5,474339.84
2017-03-31,12.5,12.68,12.41,12.51,236476.59
2017-04-05,12.72,13.1,12.6,13.04,349856.42
2017-04-06,13.2,13.39,13.09,13.2,370153.35
2017-04-07,13.23,13.63,12.95,13.08,500924.03
2017-04-10,12.85,12.97,12.66,12.81,351831.67
2017-04-11,12.74,12.93,12.5,12.89,344507.46
2017-04-12,12.78,12.93,12.61,12.63,235354.45
2017-04-13,12.46,12.77,12.38,12.69,208907.94
2017-04-14,12.74,12.74,12.4,12.4,208748.36
2017-04-17,12.49,12.68,12.32,12.56,218717.17
2017-04-18,12.58,12.68,12.44,12.45,187258.7
2017-04-19,12.1,12.1,11.65,11.69,347642.74
2017-04-20,11.67,11.75,10.92,11.23,470780.17
2017-04-21,11.24,11.36,11.14,11.32,201286.75
2017-04-24,11.3,11.3,10.81,11.02,228169.94
2017-04-25,11.02,11.25,10.93,11.01,175560.97
2017-04-26,11.09,11.25,10.98,11.13,240175.1
2017-04-27,11.02,11.18,10.58,11.12,280323.91
2017-04-28,11.0,11.27,10.98,11.21,160178.27
2017-05-02,11.39,11.48,11.2,11.25,191337.66
2017-05-03,11.2,11.23,10.85,11.01,228473.98
2017-05-04,10.65,10.82,10.53,10.66,243974.86
2017-05-05,10.53,10.61,10.25,10.31,239330.6
2017-05-08,10.31,10.55,10.21,10.37,218774.67
2017-05-09,10.28,10.6,10.28,10.56,150402.33
2017-05-10,10.55,10.63,10.22,10.22,187738.7
2017-05-11,10.2,10.2,9.61,10.0,281148.19
2017-05-12,10.0,10.09,9.83,9.99,169340.37
2017-05-15,10.1,10.15,9.96,10.09,133382.16
2017-05-16,10.02,10.4,9.85,10.4,196617.99
2017-05-17,10.4,10.54,10.31,10.33,169922.27
2017-05-18,10.09,10.36,10.05,10.16,124135.22
2017-05-19,10.2,10.49,10.17,10.29,146542.94
2017-05-22,10.43,10.8,10.3,10.39,280662.8
2017-05-23,10.36,10.41,9.8,9.83,230799.82
2017-05-24,9.8,9.81,9.38,9.73,174463.38
2017-05-25,9.68,10.23,9.65,10.1,237919.34
2017-05-26,10.1,10.3,10.07,10.17,176450.7
2017-05-31,10.32,10.36,9.95,9.95,167064.89
2017-06-01,9.89,10.03,9.61,9.61,134478.31
2017-06-02,9.63,9.91,9.55,9.89,128036.35
2017-06-05,9.89,10.05,9.85,9.91,97676.43
2017-06-06,9.9,10.04,9.77,9.99,130333.17
2017-06-07,10.01,10.32,9.93,10.23,251496.05
2017-06-08,10.22,10.26,10.09,10.23,190312.29
2017-06-09,10.4,10.45,10.18,10.33,240787.63
2017-06-12,10.44,10.47,10.1,10.11,174805.36
2017-06-13,10.06,10.87,10.05,10.66,420110.72
2017-06-14,10.55,10.65,10.47,10.6,225173.41
2017-06-15,10.58,10.73,10.48,10.6,192283.34
2017-06-16,10.55,10.8,10.48,10.61,213512.84
2017-06-19,10.54,10.87,10.52,10.84,235050.7
2017-06-20,10.91,10.99,10.7,10.73,222648.42
2017-06-21,10.75,10.78,10.57,10.64,192978.07
2017-06-22,10.75,10.9,10.51,10.52,270996.86
2017-06-23,10.44,10.85,10.35,10.83,261722.3
2017-06-26,10.85,11.06,10.74,11.02,308186.01
2017-06-27,11.03,11.18,10.79,11.12,310983.96
2017-06-28,11.05,11.56,10.98,11.29,438163.0
2017-06-29,11.46,11.79,11.4,11.45,423941.36
2017-06-30,11.41,11.75,11.29,11.69,384922.08
2017-07-03,11.65,11.79,11.46,11.74,303838.34
2017-07-04,11.62,11.64,11.28,11.3,378075.67
2017-07-05,11.37,11.68,11.31,11.67,332397.41
2017-07-06,11.52,11.92,11.46,11.76,424794.86
2017-07-07,11.65,12.18,11.58,12.07,494292.17
2017-07-10,11.99,12.35,11.83,11.89,430106.99
2017-07-11,11.81,11.87,11.46,11.5,355417.28
2017-07-12,11.61,11.79,11.31,11.79,313544.61
2017-07-13,11.74,12.09,11.63,11.89,427204.64
2017-07-14,11.8,11.97,11.51,11.75,304669.51
2017-07-17,11.81,11.99,11.01,11.58,460692.16
2017-07-18,11.59,12.4,11.55,12.35,795584.83
2017-07-19,12.27,13.0,12.2,12.97,973739.51
2017-07-20,12.77,12.98,12.65,12.82,529974.79
2017-07-21,12.82,13.06,12.66,13.0,458050.07
2017-07-24,12.89,13.28,12.61,12.69,472347.8
2017-07-25,12.5,13.63,12.49,13.57,941589.54
2017-07-26,14.4,14.76,13.91,14.15,1489919.06
2017-07-27,14.05,14.27,13.2,13.76,870031.49
2017-07-28,13.58,13.85,13.23,13.69,691482.43
2017-07-31,13.89,14.42,13.68,14.27,914152.39
2017-08-01,13.98,14.09,13.48,13.63,650364.77
2017-08-02,13.59,14.05,13.2,13.26,802559.48
2017-08-03,13.28,13.7,13.27,13.51,521297.9
2017-08-04,13.5,14.18,13.5,13.52,784995.39
2017-08-07,13.45,13.95,13.05,13.94,617114.07
2017-08-08,14.2,14.62,13.76,13.79,873917.59
2017-08-09,14.09,14.39,13.72,14.34,668466.1
2017-08-10,13.95,14.17,13.51,13.71,584815.31
2017-08-11,13.3,13.38,12.19,12.19,875467.08
2017-08-14,12.19,12.46,12.1,12.32,359860.72
2017-08-15,12.29,12.42,12.12,12.21,301386.04
2017-08-16,12.11,12.35,11.9,12.28,426869.98
2017-08-17,12.85,12.95,12.52,12.58,538747.15
2017-08-18,12.29,12.4,12.2,12.37,295868.33
2017-08-21,12.32,12.82,12.24,12.75,382652.81
2017-08-22,12.7,13.29,12.58,13.1,514629.06
2017-08-23,12.78,12.86,12.42,12.6,389570.15
2017-08-24,12.62,12.82,12.49,12.59,247583.27
2017-08-25,12.88,13.16,12.79,13.02,504773.8
2017-08-28,12.9,13.4,12.8,13.4,492630.09
2017-08-29,13.48,13.84,13.23,13.25,581878.19
2017-08-30,13.25,13.64,13.2,13.46,422134.41
2017-08-31,13.45,13.8,13.37,13.65,448237.96
2017-09-01,13.71,14.13,13.6,13.9,551753.58
2017-09-04,14.19,14.75,14.04,14.32,733255.14
2017-09-05,14.4,14.75,14.01,14.75,720576.81
2017-09-06,14.34,14.57,14.21,14.27,589080.41
2017-09-07,14.28,14.45,13.83,13.87,634714.55
2017-09-08,13.95,14.17,13.53,13.7,422988.37
2017-09-11,13.41,14.06,13.33,14.03,451982.02
2017-09-12,13.95,14.34,13.76,13.77,504049.38
2017-09-13,13.78,13.94,13.39,13.68,527987.51
2017-09-14,13.56,13.8,13.4,13.69,454178.63
2017-09-15,13.66,13.71,12.94,13.09,452260.84
2017-09-18,13.08,13.24,13.01,13.23,261309.17
2017-09-19,13.37,13.39,12.96,13.01,256317.6
2017-09-20,12.98,13.46,12.84,13.43,420285.71
2017-09-21,13.3,13.34,12.87,12.87,337392.66
2017-09-22,12.65,12.89,12.5,12.75,275948.25
2017-09-25,12.75,12.89,12.5,12.55,183385.96
2017-09-26,12.7,12.97,12.6,12.87,284804.0
2017-09-27,12.71,12.99,12.68,12.9,177260.18
2017-09-28,12.92,12.99,12.81,12.82,194398.37
2017-09-29,13.0,13.1,12.86,13.06,224825.36
2017-10-09,13.33,13.36,13.05,13.12,232218.24
2017-10-10,13.14,13.22,12.62,12.79,282574.61
2017-10-11,12.85,12.88,12.56,12.63,201768.81
2017-10-12,12.72,12.95,12.39,12.93,293372.22
2017-10-13,12.97,13.03,12.79,13.0,268657.62
2017-10-16,13.0,14.38,12.7,14.1,944981.47
2017-10-17,13.81,14.1,13.56,13.77,659821.88
2017-10-18,13.65,13.83,13.32,13.34,464372.06
2017-10-19,13.22,13.24,12.78,12.81,381493.33
2017-10-20,12.8,13.23,12.7,13.04,314490.13
2017-10-23,12.85,12.98,12.64,12.8,244302.08
2017-10-24,12.96,13.5,12.91,13.31,451636.06
2017-10-25,13.05,13.34,12.89,13.19,345169.38
2017-10-26,13.2,13.75,13.2,13.5,493007.38
2017-10-27,13.5,13.7,12.96,13.0,376328.64
2017-10-30,12.77,12.87,12.18,12.28,450621.32
2017-10-31,12.21,12.44,12.1,12.31,240971.48
2017-11-01,12.53,12.7,12.38,12.48,246513.35
2017-11-02,12.49,12.6,12.3,12.3,176007.16
2017-11-03,12.35,12.38,11.84,11.98,245107.91
2017-11-06,11.94,12.25,11.84,12.21,146427.35
2017-11-07,12.21,12.41,12.11,12.32,168182.18
2017-11-08,12.11,12.23,11.95,12.1,192325.97
2017-11-09,12.14,12.28,11.98,12.08,153186.19
2017-11-10,12.08,12.13,11.84,11.92,172385.54
2017-11-13,11.88,12.11,11.79,12.11,183448.51
2017-11-14,12.21,12.33,12.05,12.08,209008.77
2017-11-15,11.81,11.82,11.48,11.5,293378.44
2017-11-16,11.52,11.57,11.12,11.16,191341.76
2017-11-17,11.15,11.22,10.48,10.61,240935.9
2017-11-20,10.62,10.84,10.4,10.81,162348.99
2017-11-21,10.81,10.86,10.72,10.81,138116.69
2017-11-22,10.98,11.19,10.92,11.05,176316.65
2017-11-23,11.11,11.48,10.85,10.93,278715.1
2017-11-24,10.9,11.36,10.6,11.26,213230.43
2017-11-27,11.29,11.44,11.0,11.05,216944.84
2017-11-28,10.9,11.29,10.82,11.22,103085.64
2017-11-29,11.1,11.93,11.1,11.56,346839.87
2017-11-30,11.5,11.73,11.34,11.4,163142.24
2017-12-01,11.34,11.53,11.21,11.45,128873.81
2017-12-04,11.58,11.95,11.58,11.61,249087.28
2017-12-05,11.53,11.59,10.88,11.09,198664.54
2017-12-06,10.7,10.99,10.63,10.98,154674.04
2017-12-07,10.91,11.12,10.7,10.85,95744.94
2017-12-08,10.93,11.16,10.86,11.07,93444.63
2017-12-11,11.07,11.21,10.98,11.21,96281.99
2017-12-12,11.21,11.32,11.02,11.04,100690.26
2017-12-13,10.91,11.19,10.91,11.18,79009.36
2017-12-14,11.26,11.3,11.04,11.08,77462.05
2017-12-15,11.1,11.22,10.96,11.19,100486.12
2017-12-18,11.36,11.45,11.2,11.4,133598.04
2017-12-19,11.44,11.44,11.27,11.37,89523.45
2017-12-20,11.35,11.4,11.06,11.12,127601.97
2017-12-21,11.28,11.51,11.25,11.43,226471.61
2017-12-22,11.5,11.6,11.35,11.42,155445.24
2017-12-25,11.62,11.75,11.42,11.44,186089.02
2017-12-26,11.25,11.87,11.25,11.8,282367.5
2017-12-27,11.8,12.24,11.66,11.94,435248.52
2017-12-28,12.11,12.84,12.05,12.66,610777.23
2017-12-29,12.63,12.79,12.46,12.69,357792.96
2018-01-02,12.8,12.95,12.54,12.8,334995.53
2018-01-03,12.65,12.82,12.59,12.69,275516.64
2018-01-04,12.59,13.0,12.43,12.99,419006.26
2018-01-05,12.8,12.88,12.58,12.6,299745.52
2018-01-08,12.51,13.26,12.49,13.03,442017.28
2018-01-09,13.02,13.15,12.8,13.05,253892.97
2018-01-10,12.9,13.36,12.8,12.95,335591.1
2018-01-11,12.9,13.13,12.61,12.8,227683.4
2018-01-12,12.65,12.91,12.52,12.6,253693.15
2018-01-15,12.69,12.85,12.35,12.6,288388.12
2018-01-16,12.46,12.56,12.0,12.23,282960.22
2018-01-17,12.12,12.21,11.85,12.13,196008.45
2018-02-01,12.72,12.72,11.62,11.62,454985.96
2018-02-02,11.23,12.92,10.98,12.72,451262.45
2018-02-05,12.25,13.02,12.16,12.78,450246.86
2018-02-06,12.3,12.94,11.81,11.87,426655.39
2018-02-07,12.31,12.69,11.77,11.84,426445.78
2018-02-08,11.35,11.74,11.21,11.36,261095.66
2018-02-09,11.05,11.12,10.1,10.34,357981.23
2018-02-12,10.46,10.65,10.29,10.57,121496.19
2018-02-13,10.75,10.91,10.67,10.75,144320.47
2018-02-14,10.93,11.05,10.74,10.98,110922.66
2018-02-22,11.08,11.37,10.96,11.18,144013.63
2018-02-23,11.26,11.3,11.05,11.23,135053.06
2018-02-26,11.25,11.55,11.12,11.42,203370.31
2018-02-27,11.38,11.38,11.12,11.2,127092.41
2018-02-28,11.04,11.27,10.88,11.1,141310.98
2018-03-01,10.91,11.12,10.86,11.0,116489.21
2018-03-02,10.97,11.07,10.9,10.93,120225.78
2018-03-05,10.92,11.08,10.75,10.8,114915.77
2018-03-06,10.81,11.19,10.61,11.18,251845.0
2018-03-07,11.14,11.18,10.86,10.92,135639.35
2018-03-08,10.92,11.12,10.86,10.95,113721.31
2018-03-09,10.88,10.97,10.75,10.94,121295.08
2018-03-12,11.05,11.24,10.93,11.16,246459.67
2018-03-13,11.16,11.16,10.96,10.96,142369.68
2018-03-14,11.0,11.14,10.97,11.05,166299.26
2018-03-15,11.02,11.12,10.75,10.86,131057.08
2018-03-16,10.83,10.83,10.66,10.69,107731.2
2018-03-19,10.62,10.65,10.42,10.6,114721.81
2018-03-20,10.48,10.75,10.4,10.59,83125.35
2018-03-21,10.51,10.69,10.4,10.48,141652.3
2018-03-22,10.6,10.65,10.46,10.52,94130.08
2018-03-23,10.1,10.1,9.57,9.74,276484.07
2018-03-26,9.66,9.78,9.4,9.77,114570.09
2018-03-27,9.95,10.04,9.83,9.95,115591.91
2018-03-28,9.78,9.85,9.65,9.69,123178.89
2018-03-29,9.8,9.99,9.73,9.94,116989.27
2018-03-30,9.98,9.98,9.83,9.92,93657.09
2018-04-02,9.92,10.23,9.9,9.98,129288.93
2018-04-03,9.9,9.9,9.67,9.74,115143.66
2018-04-04,9.76,9.85,9.57,9.59,91451.56
2018-04-09,9.55,9.74,9.52,9.69,75605.13
2018-04-10,9.76,9.95,9.76,9.94,130299.6
2018-04-11,10.1,10.16,9.92,9.97,120728.16
2018-04-12,9.88,9.91,9.7,9.75,101692.72
2018-04-13,9.76,9.83,9.66,9.71,85832.71
2018-04-16,9.7,9.83,9.6,9.75,101924.86
2018-04-17,9.81,9.9,9.64,9.67,109318.29
2018-04-18,9.73,9.86,9.51,9.83,113196.8
2018-04-19,10.05,10.24,9.97,10.18,270847.82
2018-04-20,9.97,10.05,9.68,9.8,172092.96
2018-04-23,9.74,9.93,9.7,9.86,99979.46
2018-04-24,9.75,10.05,9.71,9.99,121967.32
2018-04-25,9.88,9.94,9.79,9.83,102321.73
2018-04-26,9.85,9.86,9.57,9.59,95351.18
2018-04-27,9.64,9.73,9.58,9.66,82777.17
2018-05-02,9.61,9.69,9.5,9.56,82772.6
2018-05-03,9.57,9.65,9.45,9.65,77989.9
2018-05-04,9.64,9.7,9.56,9.57,72348.73
2018-05-07,9.6,9.74,9.57,9.71,82106.41
2018-05-08,9.74,9.93,9.7,9.75,160077.07
2018-05-09,9.72,9.79,9.61,9.67,115301.53
2018-05-10,9.71,9.79,9.65,9.76,99044.61
2018-05-11,9.8,10.0,9.78,9.93,213725.86
2018-05-14,9.89,9.96,9.78,9.87,148308.43
2018-05-15,9.84,9.84,9.69,9.82,99398.99
2018-05-16,9.71,9.74,9.64,9.65,90115.46
2018-05-17,9.7,9.72,9.6,9.62,71916.46
2018-05-18,9.62,9.94,9.6,9.88,160889.2
2018-05-21,9.93,9.98,9.78,9.91,128732.72
2018-05-22,9.89,9.97,9.79,9.96,116440.96
2018-05-23,9.97,9.97,9.65,9.67,114344.9
2018-05-24,9.65,9.7,9.6,9.62,96890.49
2018-05-25,9.65,9.68,9.56,9.62,72110.6
2018-05-28,9.69,9.73,9.58,9.6,84296.55
2018-05-29,9.67,9.92,9.61,9.85,152517.97
2018-05-30,9.66,9.66,8.79,9.08,196535.94
2018-05-31,9.17,9.27,9.02,9.13,110916.79
2018-06-01,9.12,9.32,9.02,9.11,78936.75
2018-06-04,9.28,9.29,9.17,9.2,81484.75
2018-06-05,9.23,9.33,9.14,9.32,69316.77
2018-06-06,9.5,10.0,9.47,9.82,298461.11
2018-06-07,10.07,10.24,9.91,9.99,303094.86
2018-06-08,9.99,10.06,9.74,9.84,219988.0
2018-06-11,9.99,10.15,9.81,9.95,164685.92
2018-06-12,9.8,9.85,9.5,9.77,174755.84
2018-06-13,9.74,9.76,9.47,9.49,145884.74
2018-06-14,9.4,9.64,9.37,9.54,91179.55
2018-06-15,9.43,9.52,9.09,9.23,158565.2
2018-06-19,8.9,8.91,8.16,8.42,266012.99
2018-06-20,8.31,8.44,8.11,8.3,128770.38
2018-06-21,8.3,8.48,8.08,8.08,133596.71
2018-06-22,8.0,8.17,7.8,8.13,77561.16
2018-06-25,8.23,8.27,8.0,8.02,61367.67
2018-06-26,7.86,8.07,7.78,8.04,86860.17
2018-06-27,7.95,8.06,7.89,7.95,59072.6
2018-06-28,7.9,8.01,7.86,7.87,51570.18
2018-06-29,7.88,8.08,7.81,8.04,76077.3
2018-07-02,8.01,8.13,7.66,7.75,97540.19
2018-07-03,7.74,7.87,7.56,7.87,77964.21
2018-07-04,7.8,7.86,7.67,7.74,76721.23
2018-07-05,7.65,7.72,7.51,7.51,96579.39
2018-07-06,7.51,7.59,7.2,7.48,97052.08
2018-07-09,7.51,7.75,7.51,7.72,74777.61
2018-07-10,7.76,7.97,7.68,7.84,79153.88
2018-07-11,7.56,7.61,7.38,7.41,91511.93
2018-07-12,7.39,7.7,7.34,7.68,70803.94
2018-07-13,7.71,7.82,7.61,7.74,63142.52
2018-07-16,7.82,7.86,7.67,7.75,55246.01
2018-07-17,7.7,7.77,7.63,7.7,42033.06
2018-07-18,7.75,7.77,7.61,7.62,50437.0
2018-07-19,7.69,7.71,7.47,7.49,61545.87
2018-07-20,7.39,7.66,7.38,7.66,78305.31
2018-07-23,7.66,7.95,7.61,7.91,122661.8
2018-07-24,7.87,8.35,7.85,8.21,200374.92
2018-07-25,8.39,8.44,8.17,8.26,164867.01
2018-07-26,8.31,8.36,8.16,8.19,89855.0
2018-07-27,8.15,8.32,8.09,8.15,76344.01
2018-07-30,8.16,8.34,8.03,8.06,96253.78
2018-07-31,8.03,8.22,8.03,8.13,61889.54
2018-08-01,8.17,8.25,7.92,7.92,79547.35
2018-08-02,7.88,7.88,7.42,7.62,116945.06
2018-08-03,7.61,7.78,7.61,7.67,85656.8
2018-08-06,7.63,7.72,7.31,7.37,117894.5
2018-08-07,7.31,8.2,7.31,8.07,190232.36
2018-08-08,8.03,8.05,7.91,7.94,106887.28
2018-08-09,7.94,8.23,7.88,8.08,172552.02
2018-08-10,8.06,8.08,7.93,8.08,97063.01
2018-08-13,7.87,7.9,7.62,7.88,138098.62
2018-08-14,7.85,7.9,7.72,7.85,96170.52
2018-08-15,7.85,7.86,7.53,7.57,105959.09
2018-08-16,7.35,7.65,7.31,7.53,88525.71
2018-08-17,7.64,7.64,7.37,7.4,76250.98
2018-08-20,7.47,7.54,7.35,7.54,71380.35
2018-08-21,7.55,7.67,7.52,7.67,85175.82
2018-08-22,7.62,7.67,7.56,7.57,60351.74
2018-08-23,7.57,7.63,7.44,7.53,65237.65
2018-08-24,7.54,7.64,7.48,7.6,54050.67
2018-08-27,7.66,7.77,7.61,7.75,87076.3
2018-08-28,7.71,7.97,7.71,7.87,124724.71
2018-08-29,7.8,8.06,7.78,7.93,113440.57
2018-08-30,7.95,7.95,7.72,7.74,68827.17
2018-08-31,7.67,7.81,7.62,7.67,75296.27
2018-09-03,7.65,7.7,7.4,7.6,82066.19
2018-09-04,7.56,7.68,7.53,7.66,53481.46
2018-09-05,7.55,7.65,7.49,7.51,58938.32
2018-09-06,7.47,7.6,7.45,7.48,50183.0
2018-09-07,7.47,7.61,7.46,7.52,64336.95
2018-09-10,7.48,7.52,7.37,7.39,58152.29
2018-09-11,7.4,7.47,7.33,7.4,43060.51
2018-09-12,7.38,7.48,7.35,7.43,38724.0
2018-09-13,7.58,7.6,7.47,7.59,74336.46
2018-09-14,7.6,7.69,7.52,7.52,59485.0
2018-09-17,7.49,7.49,7.34,7.38,48389.69
2018-09-18,7.33,7.55,7.33,7.54,49283.77
2018-09-19,7.62,7.78,7.59,7.68,129442.89
2018-09-20,7.69,7.81,7.65,7.66,104627.65
2018-09-21,7.77,7.94,7.69,7.9,153659.75
2018-09-25,7.88,7.99,7.81,7.87,126258.87
2018-09-26,7.9,8.03,7.87,7.9,121083.06
2018-09-27,7.9,7.97,7.81,7.82,101224.28
2018-09-28,7.81,7.9,7.8,7.88,77481.6
2018-10-08,7.71,7.85,7.6,7.64,99917.09
2018-10-09,7.68,7.93,7.67,7.92,118114.42
2018-10-10,7.97,8.01,7.83,7.9,104124.31
2018-10-11,7.51,7.65,7.08,7.15,184983.4
2018-10-12,7.15,7.27,6.78,7.18,126374.0
2018-10-15,7.17,7.25,6.9,6.93,84797.97
2018-10-16,6.93,7.02,6.58,6.6,101266.54
2018-10-17,6.7,6.77,6.55,6.7,68442.85
2018-10-18,6.65,6.65,6.34,6.37,88405.0
2018-10-19,6.26,6.56,6.2,6.54,70909.37
2018-10-22,6.59,7.03,6.54,6.9,136773.88
2018-10-23,6.89,6.92,6.66,6.69,88323.11
2018-10-24,6.66,6.87,6.66,6.82,72021.6
2018-10-25,6.51,6.84,6.49,6.81,77759.61
2018-10-26,6.87,7.04,6.78,6.86,114998.2
2018-10-29,6.77,6.89,6.7,6.73,57462.0
2018-10-30,6.73,6.94,6.66,6.87,70314.35
2018-10-31,6.83,7.1,6.81,7.0,159342.21
2018-11-01,7.0,7.08,6.9,6.95,140401.35
2018-11-02,7.1,7.22,7.01,7.21,185023.62
2018-11-05,7.18,7.19,7.03,7.15,125451.85
2018-11-06,7.15,7.15,6.98,7.12,85709.67
2018-11-07,7.09,7.31,7.07,7.09,148816.15
2018-11-08,7.16,7.16,6.91,6.92,97505.7
2018-11-09,6.9,6.96,6.85,6.86,68540.75
2018-11-12,6.8,7.08,6.78,7.06,81232.45
2018-11-13,6.97,7.22,6.89,7.18,135740.21
2018-11-14,7.21,7.3,7.11,7.12,117516.77
2018-11-15,7.1,7.28,7.1,7.26,110933.09
2018-11-16,7.29,7.36,7.21,7.25,125473.13
2018-11-19,7.28,7.36,7.2,7.36,135344.38
2018-11-20,7.28,7.4,7.13,7.15,160438.98
2018-11-21,7.0,7.1,6.95,7.07,107334.91
2018-11-22,7.05,7.11,7.0,7.04,75581.67
2018-11-23,7.03,7.05,6.6,6.62,140996.59
2018-11-26,6.57,6.69,6.57,6.59,55569.08
2018-11-27,6.65,6.71,6.59,6.63,43005.46
2018-11-28,6.65,6.7,6.53,6.7,51964.25
2018-11-29,6.88,6.91,6.63,6.63,83847.35
2018-11-30,6.61,6.74,6.59,6.71,60008.33
2018-12-03,6.95,7.0,6.85,6.95,118446.02
2018-12-04,6.95,6.95,6.83,6.94,74955.2
2018-12-05,6.81,7.0,6.77,6.9,84885.41
2018-12-06,6.84,6.86,6.75,6.76,60013.08
2018-12-07,6.76,6.83,6.75,6.79,27471.0
2018-12-10,6.72,6.81,6.64,6.69,54350.86
2018-12-11,6.72,6.77,6.68,6.76,36185.12
2018-12-12,6.8,6.83,6.75,6.76,41611.92
2018-12-13,6.79,6.89,6.7,6.84,64692.08
2018-12-14,6.81,6.82,6.64,6.65,68358.6
2018-12-17,6.65,6.69,6.55,6.67,46516.48
2018-12-18,6.64,6.69,6.55,6.66,42470.93
2018-12-19,6.6,6.67,6.58,6.6,38810.18
2018-12-20,6.59,6.65,6.55,6.63,42267.06
2018-12-21,6.61,6.63,6.54,6.59,41005.68
2018-12-24,6.57,6.63,6.52,6.62,31721.03
2018-12-25,6.55,6.55,6.35,6.5,66549.81
2018-12-26,6.51,6.55,6.46,6.51,30162.08
2018-12-27,6.63,6.66,6.39,6.41,46803.04
2018-12-28,6.42,6.54,6.41,6.43,36880.83
2019-01-02,6.46,6.5,6.4,6.42,36405.06
2019-01-03,6.45,6.53,6.43,6.46,37275.87
2019-01-04,6.39,6.64,6.37,6.63,72039.63
2019-01-07,6.65,6.84,6.61,6.79,113700.81
2019-01-08,6.72,6.77,6.67,6.69,61127.59
2019-01-09,6.74,6.85,6.7,6.71,78664.49
2019-01-10,6.69,6.76,6.64,6.66,48528.37
2019-01-11,6.71,6.8,6.65,6.78,71933.31
2019-01-14,6.78,6.91,6.72,6.78,89251.1
2019-01-15,6.72,6.84,6.7,6.82,64171.38
2019-01-16,6.84,6.87,6.73,6.82,54062.17
2019-01-17,6.83,6.96,6.74,6.78,94113.67
2019-01-18,6.78,7.0,6.78,7.0,165896.18
2019-01-21,7.07,7.09,6.92,6.98,129399.99
2019-01-22,6.93,6.97,6.73,6.79,99428.71
2019-01-23,6.81,6.84,6.73,6.79,52667.33
2019-01-24,6.77,6.85,6.73,6.8,53637.7
2019-01-25,6.8,6.86,6.75,6.77,67823.69
2019-01-28,6.9,6.97,6.8,6.82,102422.67
2019-01-29,6.79,6.79,6.52,6.68,90849.15
2019-01-30,6.68,6.71,6.6,6.61,53279.34
2019-01-31,6.64,6.84,6.6,6.69,89928.78
2019-02-01,6.69,6.88,6.65,6.87,90866.88
2019-02-11,6.88,7.04,6.86,7.04,110099.7
2019-02-12,6.98,7.07,6.95,7.03,100247.88
2019-02-13,7.03,7.23,6.97,7.15,170497.92
2019-02-14,7.13,7.21,7.06,7.1,119052.46
2019-02-15,7.09,7.11,6.95,6.96,134453.98
2019-02-18,7.04,7.28,7.02,7.27,185807.47
2019-02-19,7.28,7.36,7.13,7.21,192142.0
2019-02-20,7.33,7.63,7.33,7.4,278026.84
2019-02-21,7.5,7.57,7.3,7.34,237433.44
2019-02-22,7.21,7.53,7.16,7.53,227669.77
2019-02-25,7.75,8.43,7.66,8.43,549184.16
2019-02-26,8.72,9.36,8.5,8.88,666106.98
2019-02-27,8.75,9.03,8.52,8.65,427966.65
2019-02-28,8.66,8.83,8.49,8.72,274993.58
2019-03-01,8.83,8.83,8.52,8.79,223868.35
2019-03-04,8.9,9.16,8.72,8.88,499700.75
2019-03-05,8.78,9.11,8.69,9.1,396458.42
2019-03-06,9.14,9.43,9.0,9.26,545459.41
2019-03-07,9.1,10.03,8.99,9.74,704466.43
2019-03-08,9.36,9.54,8.87,8.9,506683.0
2019-03-11,8.92,9.2,8.81,9.09,274569.47
2019-03-12,9.18,9.36,8.93,9.12,337925.6
2019-03-13,9.11,9.28,8.88,8.96,256490.85
2019-03-14,8.86,9.18,8.6,8.74,230912.34
2019-03-15,8.75,8.88,8.69,8.84,174654.99
2019-03-18,8.84,9.14,8.84,9.14,230216.8
2019-03-19,9.19,9.19,8.9,9.06,180031.85
2019-03-20,8.97,9.08,8.82,9.05,181173.93
2019-03-21,9.19,9.3,9.08,9.18,310195.92
2019-03-22,9.09,9.09,8.82,8.99,222987.88
2019-03-25,8.6,8.77,8.5,8.64,210784.17
2019-03-26,8.65,8.73,8.44,8.45,165015.92
2019-03-27,8.54,8.57,8.36,8.44,102937.0
2019-03-28,8.41,8.42,8.2,8.22,131373.31
2019-03-29,8.23,8.63,8.18,8.6,190735.09
2019-04-01,8.88,9.61,8.86,9.61,511796.0
2019-04-02,9.95,9.98,9.45,9.68,731875.98
2019-04-03,9.39,9.86,9.35,9.78,404592.1
2019-04-04,10.0,10.2,9.6,9.75,481061.81
2019-04-08,9.75,10.35,9.7,9.87,657604.19
2019-04-09,9.8,9.81,9.49,9.71,305058.2
2019-04-10,9.5,9.56,9.32,9.43,326347.22
2019-04-11,9.45,9.55,9.12,9.13,292290.57
2019-04-12,9.11,9.22,9.0,9.13,152630.46
2019-04-15,9.66,9.88,9.25,9.27,398605.98
2019-04-16,9.22,10.35,9.18,10.29,988875.02
2019-04-17,10.1,10.6,10.01,10.45,826935.43
2019-04-18,10.45,11.23,10.39,10.46,655157.76
2019-04-19,10.35,10.61,10.17,10.54,405730.5
2019-04-22,10.47,10.53,9.99,10.03,415227.83
2019-04-23,10.0,10.43,9.93,10.03,351820.21
2019-04-24,10.0,10.1,9.73,10.1,252544.54
2019-04-25,10.0,10.12,9.42,9.52,336697.52
2019-04-26,9.43,9.73,9.39,9.42,225264.62
2019-04-29,9.51,9.73,9.16,9.29,273111.1
2019-04-30,9.3,9.72,9.3,9.67,231354.49
2019-05-06,8.8,9.07,8.55,8.55,408866.4
2019-05-07,8.6,8.69,8.28,8.6,285667.19
2019-05-08,8.3,8.56,8.16,8.43,175336.27
2019-05-09,8.31,8.48,8.21,8.33,153641.47
2019-05-10,8.46,8.64,8.11,8.62,254070.06
2019-05-13,8.5,8.51,8.31,8.33,154711.14
2019-05-14,8.21,8.41,8.16,8.27,142940.67
2019-05-15,8.35,8.52,8.32,8.48,154570.75
2019-05-16,8.5,9.05,8.47,8.83,327198.92
2019-05-17,8.81,8.81,8.25,8.31,247708.32
2019-05-20,8.35,8.38,8.04,8.33,190686.66
2019-05-21,8.33,8.8,8.24,8.66,246123.45
2019-05-22,8.59,8.63,8.35,8.4,167695.84
2019-05-23,8.29,8.45,8.18,8.2,148099.51
2019-05-24,8.2,8.44,8.2,8.25,94758.36
2019-05-27,8.37,8.64,8.25,8.54,170492.61
2019-05-28,8.52,8.58,8.4,8.43,129738.94
2019-05-29,8.45,8.64,8.43,8.5,177365.37
2019-05-30,8.45,8.74,8.32,8.68,265733.5
2019-05-31,8.59,8.86,8.56,8.63,202362.16
2019-06-03,8.62,8.7,8.39,8.47,170015.06
2019-06-04,8.5,8.58,8.31,8.38,103425.12
2019-06-05,8.5,8.64,8.46,8.52,122849.55
2019-06-06,8.48,8.66,8.33,8.41,126592.04
2019-06-10,8.4,8.63,8.31,8.57,127648.19
2019-06-11,8.63,9.05,8.59,9.02,262817.99
2019-06-12,8.95,9.23,8.92,8.92,261608.81
2019-06-13,8.9,9.05,8.84,8.95,128495.58
2019-06-14,8.93,9.35,8.8,8.86,198561.52
2019-06-17,8.78,9.12,8.74,8.94,142302.55
2019-06-18,9.04,9.07,8.85,8.99,119210.25
2019-06-19,9.32,9.4,9.02,9.06,216672.47
2019-06-20,9.1,9.5,9.02,9.49,303508.07
2019-06-21,9.45,9.78,9.33,9.43,343511.0
2019-06-24,9.43,9.6,9.35,9.43,186494.42
2019-06-25,9.56,9.7,9.36,9.67,350916.63
2019-06-26,9.54,9.61,9.35,9.35,199760.66
2019-06-27,9.32,9.47,9.3,9.35,151718.0
2019-06-28,9.43,9.43,9.05,9.13,174618.53
2019-07-01,9.3,9.36,9.15,9.36,168077.42
2019-07-02,9.22,9.33,9.13,9.24,149962.7
2019-07-03,9.3,9.33,8.97,8.99,158501.78
2019-07-04,9.01,9.17,8.96,9.0,98338.07
2019-07-05,9.05,9.05,8.83,8.91,101279.9
2019-07-08,8.9,8.9,8.45,8.49,151027.15
2019-07-09,8.42,8.54,8.41,8.5,86929.4
2019-07-10,8.5,8.52,8.37,8.43,85740.0
2019-07-11,8.56,8.84,8.56,8.63,186323.91
2019-07-12,8.6,8.75,8.55,8.67,102652.97
2019-07-15,8.64,8.92,8.57,8.85,120868.11
2019-07-16,8.85,8.98,8.77,8.81,70279.4
2019-07-17,8.81,8.85,8.71,8.76,65402.28
2019-07-18,8.74,8.93,8.73,8.74,100996.38
2019-07-19,8.96,9.57,8.95,9.41,413550.03
2019-07-22,9.33,9.46,9.2,9.29,279576.75
2019-07-23,9.24,9.3,9.1,9.23,174280.36
2019-07-24,9.16,9.36,9.11,9.25,221016.15
2019-07-25,9.18,9.23,8.98,9.07,175145.15
2019-07-26,8.96,9.0,8.77,8.87,165238.0
2019-07-29,8.92,8.93,8.73,8.82,99917.49
2019-07-30,8.9,9.26,8.89,9.22,285443.08
2019-07-31,9.05,9.1,8.9,9.01,182178.42
2019-08-01,8.8,8.81,8.65,8.7,195176.18
2019-08-02,8.37,8.64,8.36,8.63,118998.98
2019-08-05,8.52,8.72,8.47,8.55,134691.87
2019-08-06,8.39,8.57,8.24,8.5,176196.11
2019-08-07,8.6,8.84,8.56,8.72,185959.57
2019-08-08,8.86,8.9,8.5,8.57,171023.84
2019-08-09,8.6,8.65,8.36,8.38,119823.18
2019-08-12,8.35,8.49,8.28,8.49,88130.04
2019-08-13,8.4,8.51,8.34,8.46,83902.46
2019-08-14,8.56,8.66,8.41,8.46,100013.63
2019-08-15,8.25,8.4,8.2,8.37,94055.31
2019-08-16,8.41,8.47,8.33,8.35,69905.87
2019-08-19,8.39,8.63,8.31,8.62,159866.96
2019-08-20,8.63,8.84,8.56,8.66,228650.88
2019-08-21,8.65,8.65,8.48,8.5,112739.2
2019-08-22,8.49,8.55,8.4,8.48,92230.46
2019-08-23,8.49,8.51,8.4,8.47,69963.29
2019-08-26,8.3,8.46,8.28,8.38,71234.14
2019-08-27,8.39,8.6,8.39,8.52,118422.45
2019-08-28,8.53,8.55,8.4,8.43,75389.0
2019-08-29,8.41,8.49,8.36,8.41,80319.15
2019-08-30,8.57,8.6,8.41,8.49,96973.17
2019-09-02,8.5,8.71,8.49,8.69,200304.63
2019-09-03,8.67,8.69,8.55,8.6,145687.87
2019-09-04,8.61,8.86,8.6,8.8,235974.65
2019-09-05,9.05,9.17,8.92,8.95,372413.52
2019-09-06,9.0,9.25,9.0,9.07,242582.8
2019-09-09,9.09,9.28,8.99,9.2,227595.18
2019-09-10,9.25,9.35,9.1,9.21,188699.33
2019-09-11,9.18,9.43,9.07,9.25,229053.16
2019-09-12,9.26,9.37,9.21,9.33,149985.25
2019-09-16,9.59,9.78,9.44,9.48,294570.95
2019-09-17,9.43,9.62,9.14,9.18,223009.6
2019-09-18,9.27,9.35,9.11,9.14,144054.3
2019-09-19,9.15,9.3,9.06,9.23,122567.81
2019-09-20,9.28,9.35,9.02,9.09,155468.28
2019-09-23,9.09,9.13,8.84,8.96,140278.3
2019-09-24,8.94,9.05,8.84,8.88,145953.0
2019-09-25,8.81,8.84,8.65,8.68,122597.54
2019-09-26,8.7,8.75,8.53,8.54,119101.06
2019-09-27,8.54,8.65,8.53,8.55,101984.48
2019-09-30,8.62,8.63,8.52,8.54,90244.39
2019-10-08,8.53,8.58,8.42,8.47,83082.11
2019-10-09,8.4,8.56,8.39,8.54,76955.08
2019-10-10,8.58,8.64,8.53,8.64,69676.02
2019-10-11,8.73,8.87,8.67,8.8,164378.27
2019-10-14,8.87,8.97,8.8,8.89,105487.0
2019-10-15,8.92,8.92,8.73,8.81,87955.12
2019-10-16,8.84,8.99,8.81,8.81,101763.84
2019-10-17,8.85,9.37,8.71,8.99,214371.51
2019-10-18,8.89,9.0,8.55,8.62,167075.46
2019-10-21,8.64,8.71,8.49,8.66,84170.2
2019-10-22,8.68,9.25,8.68,9.02,249791.87
2019-10-23,8.86,8.9,8.66,8.69,157221.74
2019-10-24,8.89,9.35,8.78,9.12,288604.16
2019-10-25,8.99,9.24,8.93,9.17,260831.2
2019-10-28,9.1,9.27,9.03,9.2,201986.72
2019-10-29,9.22,9.24,8.97,9.03,182675.53
2019-10-30,9.03,9.18,8.87,8.95,123874.08
2019-10-31,8.95,9.12,8.85,8.99,122913.8
2019-11-01,8.9,9.15,8.77,9.11,152327.98
2019-11-04,9.16,9.53,9.13,9.42,355269.54
2019-11-05,9.47,9.77,9.37,9.61,303965.88
2019-11-06,9.6,9.99,9.6,9.66,332494.97
2019-11-07,9.6,9.86,9.53,9.66,174280.52
2019-11-08,9.88,9.97,9.65,9.65,191345.38
2019-11-11,9.58,9.83,9.4,9.48,199329.63
2019-11-12,9.57,9.75,9.37,9.44,159915.75
2019-11-13,9.37,9.49,9.26,9.39,106248.94
2019-11-14,9.35,9.47,9.22,9.26,125492.1
2019-11-15,9.33,9.33,9.03,9.05,134058.34
2019-11-18,9.1,9.2,9.01,9.13,90619.2
2019-11-19,9.05,9.28,9.05,9.28,109204.73
2019-11-20,9.3,9.32,9.12,9.14,87942.05
2019-11-21,9.06,9.21,9.05,9.08,77605.15
2019-11-22,9.15,9.31,8.93,9.12,123577.8
2019-11-25,9.09,9.76,9.08,9.63,260275.99
2019-11-26,9.53,9.81,9.45,9.67,205813.26
2019-11-27,9.67,9.99,9.57,9.89,244248.1
2019-11-28,9.75,9.87,9.56,9.62,148958.75
2019-11-29,9.6,9.77,9.53,9.72,122441.72
2019-12-02,9.79,10.37,9.68,10.29,395854.62
2019-12-03,10.2,10.35,9.99,10.14,234107.88
2019-12-04,10.05,10.11,9.85,10.02,205476.01
2019-12-05,10.08,10.16,9.94,10.08,212050.54
2019-12-06,10.0,10.07,9.86,10.07,184492.07
2019-12-09,10.32,10.55,10.06,10.44,384558.39
2019-12-10,10.48,10.85,10.41,10.6,341694.37
2019-12-11,10.65,10.76,10.4,10.67,245763.31
2019-12-12,10.75,10.88,10.41,10.46,241246.27
2019-12-13,10.55,10.74,10.48,10.6,220464.57
2019-12-16,10.6,10.76,10.43,10.7,220967.89
2019-12-17,10.76,11.13,10.61,11.1,363256.59
2019-12-18,10.99,11.04,10.75,10.81,231155.26
2019-12-19,10.76,10.83,10.65,10.77,148911.37
2019-12-20,10.82,10.89,10.44,10.47,207807.04
2019-12-23,10.37,10.58,10.15,10.23,195640.17
2019-12-24,10.23,11.2,10.23,11.2,434456.69
2019-12-25,11.08,11.62,11.0,11.48,425963.82
2019-12-26,11.3,12.0,11.22,11.36,474352.63
2019-12-27,11.45,12.27,11.25,11.67,575298.33
2019-12-30,11.5,12.6,11.41,12.38,635077.55
2019-12-31,12.23,12.38,11.89,12.16,452369.19
2020-01-02,12.29,12.53,12.08,12.3,402935.21
2020-01-03,12.13,12.55,12.01,12.37,373451.67
2020-01-06,12.11,12.32,11.9,12.06,462190.98
2020-01-07,12.09,12.29,11.89,12.15,357277.74
2020-01-08,12.03,12.22,11.68,11.84,346901.74
2020-01-09,11.99,12.2,11.87,11.96,369104.78
2020-01-10,11.94,12.15,11.78,12.02,287990.26
2020-01-13,12.05,12.05,11.7,12.04,220784.5
2020-01-14,12.2,12.45,11.94,11.96,345531.12
2020-01-15,11.8,11.96,11.51,11.61,259293.63
2020-01-16,11.61,11.79,11.5,11.61,151542.74
2020-01-17,11.57,11.69,11.43,11.52,120595.94
2020-01-20,11.43,11.59,11.34,11.56,171506.47
2020-01-21,11.5,11.51,10.86,10.87,309194.34
2020-01-22,10.88,11.28,10.72,11.2,288517.62
2020-01-23,10.97,11.03,10.37,10.55,293693.26
2020-02-03,9.35,9.35,9.35,9.35,26463.0
2020-02-04,8.27,8.94,8.27,8.93,434410.96
2020-02-05,8.9,9.32,8.77,8.95,429884.9
2020-02-06,9.04,9.28,8.9,9.27,347257.82
2020-02-07,9.12,9.25,9.03,9.24,248596.36
2020-02-10,9.15,9.75,9.05,9.71,373717.53
2020-02-11,9.72,9.94,9.61,9.66,277758.55
2020-02-12,9.74,10.02,9.6,9.93,236019.53
2020-02-13,9.9,10.1,9.67,9.73,277157.34
2020-02-14,9.81,10.32,9.81,10.05,390880.29
2020-02-17,10.02,10.32,9.94,10.29,333644.64
2020-02-18,10.32,10.4,10.11,10.3,291434.64
2020-02-19,10.33,10.44,10.16,10.33,304816.36
2020-02-20,10.34,10.62,10.05,10.53,379849.1
2020-02-21,10.55,10.68,10.44,10.49,301933.56
2020-02-24,10.42,10.42,10.06,10.27,375443.95
2020-02-25,9.9,10.07,9.69,10.0,328593.05
2020-02-26,9.83,10.27,9.71,9.94,352852.31
2020-02-27,9.97,10.21,9.86,10.01,253047.89
2020-02-28,9.66,9.75,9.11,9.11,410555.82
2020-03-02,9.3,9.95,9.24,9.88,414774.19
2020-03-03,10.24,10.27,9.77,9.92,322175.73
2020-03-04,9.93,10.13,9.76,10.13,270671.35
2020-03-05,10.16,10.44,10.06,10.43,456338.27
2020-03-06,10.21,10.29,9.95,10.0,431845.34
2020-03-09,9.5,9.63,9.18,9.31,515177.47
2020-03-10,9.21,9.53,9.1,9.53,305432.12
2020-03-11,9.54,9.59,9.3,9.3,237468.01
2020-03-12,9.11,9.16,8.94,9.04,234763.24
2020-03-13,8.48,8.92,8.41,8.84,291242.75
2020-03-16,8.82,8.93,8.39,8.44,271919.02
2020-03-17,8.47,8.6,8.16,8.45,223831.48
2020-03-18,8.46,8.57,8.08,8.13,300318.93
2020-03-19,7.8,8.03,7.66,7.87,308576.86
2020-03-20,7.98,8.29,7.85,8.26,206959.42
2020-03-23,7.8,8.12,7.79,7.92,153811.64
2020-03-24,8.3,8.39,8.04,8.25,215379.18
2020-03-25,8.5,8.6,8.39,8.45,207568.73
2020-03-26,8.36,8.44,8.25,8.3,146915.79
2020-03-27,8.37,8.49,8.3,8.33,133509.71
2020-03-30,8.05,8.16,7.86,8.07,143399.98
2020-03-31,8.23,8.33,8.13,8.24,147943.38
2020-04-01,8.19,8.56,8.19,8.26,179801.13
2020-04-02,8.12,8.43,8.06,8.42,144732.57
2020-04-03,8.43,8.46,8.28,8.35,111141.8
2020-04-07,8.55,8.68,8.47,8.65,214898.65
2020-04-08,8.55,8.99,8.52,8.85,263867.71
2020-04-09,9.0,9.04,8.71,8.75,173728.6
2020-04-10,8.79,8.8,8.48,8.6,184434.32
2020-04-13,8.58,8.68,8.44,8.64,159779.18
2020-04-14,8.66,8.88,8.64,8.84,211417.85
2020-04-15,8.77,8.78,8.57,8.59,174618.94
2020-04-16,8.5,8.53,8.4,8.45,190043.95
2020-04-17,8.55,8.64,8.5,8.51,178687.06
2020-04-20,8.51,8.55,8.35,8.39,244509.62
2020-04-21,8.31,8.35,8.05,8.15,218986.85
2020-04-22,8.08,8.18,8.02,8.15,123091.42
2020-04-23,8.18,8.24,8.04,8.06,166021.68
2020-04-24,8.06,8.07,7.93,7.95,131743.57
2020-04-27,7.96,8.08,7.92,7.95,111597.31
2020-04-28,8.0,8.01,7.62,7.78,158058.78
2020-04-29,7.78,8.0,7.78,7.92,150876.6
2020-04-30,8.01,8.13,7.93,8.12,227920.53
2020-05-06,7.97,8.13,7.91,8.12,199521.15
2020-05-07,8.1,8.16,8.01,8.07,161808.48
2020-05-08,8.15,8.43,8.07,8.35,306117.29
2020-05-11,8.4,8.41,8.16,8.24,215426.98
2020-05-12,8.19,8.24,7.98,8.02,224400.83
2020-05-13,7.98,8.02,7.93,8.01,131006.05
2020-05-14,7.95,8.1,7.93,7.95,130814.26
2020-05-15,8.0,8.04,7.96,8.0,103738.71
2020-05-18,8.04,8.45,7.99,8.33,428415.73
2020-05-19,8.51,8.64,8.32,8.36,350760.4
2020-05-20,8.39,8.49,8.27,8.32,237943.83
2020-05-21,8.42,8.68,8.38,8.4,349824.71
2020-05-22,8.27,8.29,8.03,8.07,267930.59
2020-05-25,8.0,8.1,7.88,7.91,199682.85
2020-05-26,7.96,8.07,7.95,8.06,140248.57
2020-05-27,8.03,8.05,7.89,7.93,143747.82
2020-05-28,7.93,8.06,7.9,8.04,180335.13
2020-05-29,7.97,8.02,7.92,7.93,143752.1
2020-06-01,7.99,8.23,7.99,8.2,249394.21
2020-06-02,8.21,8.35,8.15,8.23,212159.09
2020-06-03,8.3,8.54,8.25,8.26,321231.27
2020-06-04,8.26,8.3,8.14,8.17,173788.3
2020-06-05,8.22,8.35,8.08,8.35,173629.66
2020-06-08,8.61,9.17,8.53,9.01,814353.34
2020-06-09,8.95,9.23,8.95,9.12,531744.29
2020-06-10,9.41,9.46,9.13,9.24,498114.55
2020-06-11,9.48,9.52,8.92,8.93,502148.67
2020-06-12,8.58,8.78,8.55,8.61,562679.61
2020-06-15,8.45,8.57,8.3,8.31,444736.62
2020-06-16,8.41,8.86,8.32,8.83,549358.28
2020-06-17,8.66,8.75,8.51,8.69,324199.06
2020-06-18,8.65,8.98,8.57,8.88,369859.9
2020-06-19,8.88,9.02,8.76,9.0,317934.89
2020-06-22,9.04,9.17,8.87,8.89,386292.92
2020-06-23,8.94,9.08,8.85,8.92,249093.24
2020-06-24,8.96,9.05,8.76,8.79,229346.06
2020-06-29,8.96,9.06,8.85,8.97,293186.43
2020-06-30,9.05,9.16,8.95,9.11,304533.99
2020-07-01,9.2,10.08,9.2,9.9,808549.86
2020-07-02,10.01,10.49,9.91,10.38,861802.4
2020-07-03,10.39,10.7,10.2,10.44,941298.46
2020-07-06,10.7,11.63,10.65,11.63,1021651.82
2020-07-07,12.17,12.56,11.61,11.67,1051608.74
2020-07-08,11.67,12.86,11.61,12.68,947309.78
2020-07-09,12.8,13.37,12.45,13.09,1094691.9
2020-07-10,12.59,12.8,12.16,12.29,780041.65
2020-07-13,12.9,13.67,12.67,13.67,1166707.09
2020-07-14,13.06,13.42,12.88,13.3,932135.72
2020-07-15,13.44,13.5,12.27,12.54,730922.79
2020-07-16,12.35,12.83,11.7,11.73,577166.86
2020-07-17,11.85,12.3,11.63,11.94,465218.37
2020-07-20,12.02,12.84,12.02,12.77,567593.15
2020-07-21,12.83,12.95,12.24,12.59,471003.07
2020-07-22,13.13,13.28,12.53,12.65,527922.15
2020-07-23,12.28,12.8,12.21,12.59,420866.06
2020-07-24,12.58,12.66,11.85,11.95,448758.12
2020-07-27,12.08,12.54,11.96,12.49,403301.59
2020-07-28,12.89,13.0,12.18,12.34,509631.69
2020-07-29,12.23,12.42,11.76,12.4,392833.91
2020-07-30,12.44,12.64,12.04,12.37,487044.12
2020-07-31,12.35,13.68,12.3,13.22,984442.47
2020-08-03,13.2,13.68,12.91,13.49,824456.32
2020-08-04,13.61,14.98,13.56,14.51,1044158.63
2020-08-05,14.5,15.0,14.35,14.94,786103.97
2020-08-06,15.01,15.22,14.24,14.69,700206.99
2020-08-07,14.75,14.85,13.8,14.05,631322.64
2020-08-10,13.6,13.85,13.36,13.65,440924.27
2020-08-11,13.76,13.98,12.96,13.02,447346.67
2020-08-12,12.7,12.7,12.08,12.44,567444.74
2020-08-13,12.51,12.55,12.26,12.37,292569.77
2020-08-14,12.37,12.74,12.3,12.64,320171.68
2020-08-17,12.68,13.34,12.52,13.33,382985.91
2020-08-18,13.5,13.81,13.3,13.47,353343.36
2020-08-19,13.81,14.23,13.59,13.7,432292.48
2020-08-20,13.36,13.95,13.3,13.44,319184.94
2020-08-21,13.5,13.68,13.12,13.44,266144.02
2020-08-24,13.44,13.44,13.0,13.32,212381.73
2020-08-25,13.25,13.38,12.7,12.77,290170.41
2020-08-26,12.77,12.9,12.5,12.6,199112.89
2020-08-27,12.82,12.85,12.6,12.67,149825.95
2020-08-28,12.6,13.09,12.5,13.09,227388.58
2020-08-31,13.22,13.93,13.22,13.48,433421.76
2020-09-01,13.43,13.97,13.41,13.97,359288.69
2020-09-02,13.62,13.72,13.25,13.45,367978.55
2020-09-03,13.39,13.72,13.23,13.24,231598.46
2020-09-04,12.85,12.93,12.7,12.84,293783.99
2020-09-07,13.21,14.1,13.21,13.7,794869.16
2020-09-08,13.96,14.19,13.16,13.65,561122.93
2020-09-09,13.26,13.42,12.82,12.91,512886.06
2020-09-10,13.05,13.25,12.76,12.79,333797.73
2020-09-11,12.53,12.66,12.2,12.6,337412.27
2020-09-14,12.78,13.1,12.58,12.72,264674.3
2020-09-15,12.76,12.99,12.58,12.98,232252.83
2020-09-16,12.74,12.9,12.59,12.69,181167.16
2020-09-17,12.54,12.54,12.0,12.2,300319.67
2020-09-18,12.45,13.57,12.43,13.57,801387.77
2020-09-21,13.67,14.32,13.6,13.93,912853.83
2020-09-22,13.52,13.65,13.25,13.3,459905.31
2020-09-23,13.48,13.53,12.92,13.02,356123.91
2020-09-24,12.57,12.63,12.2,12.23,589887.42
2020-09-25,12.32,12.42,12.11,12.3,286882.61
2020-09-28,12.26,12.41,12.13,12.4,224601.07
2020-09-29,12.41,12.55,12.26,12.33,210909.18
2020-09-30,12.34,12.39,12.01,12.16,217454.87
2020-10-09,12.5,12.78,12.5,12.57,268244.11
2020-10-12,12.62,13.16,12.58,13.1,345319.35
2020-10-13,12.89,12.94,12.7,12.9,213200.92
2020-10-14,12.72,12.8,12.51,12.63,229515.19
2020-10-15,12.53,12.72,12.49,12.52,178407.47
2020-10-16,12.69,12.78,12.51,12.55,222342.62
2020-10-19,12.64,13.01,12.58,12.71,292002.24
2020-10-20,12.64,12.66,12.28,12.65,181911.36
2020-10-21,13.01,13.15,12.8,12.97,412211.52
2020-10-22,12.82,13.16,12.74,12.84,341123.0
2020-10-23,12.6,12.76,12.41,12.55,257836.9
2020-10-26,12.35,12.46,12.25,12.41,184965.52
2020-10-27,11.98,12.08,11.34,11.62,492241.53
2020-10-28,11.51,11.87,11.37,11.78,213221.35
2020-10-29,11.33,11.59,11.31,11.51,213254.36
2020-10-30,11.48,11.59,10.6,10.89,327533.05
2020-11-02,10.8,11.12,10.76,11.02,176598.23
2020-11-03,11.15,12.27,11.15,12.27,626778.66
2020-11-04,12.29,12.44,12.0,12.14,476476.21
2020-11-05,12.41,12.42,11.94,12.16,317704.69
2020-11-06,12.21,12.49,12.02,12.23,335009.73
2020-11-09,12.55,13.05,12.55,12.8,540939.39
2020-11-10,12.9,13.35,12.74,12.87,635005.81
2020-11-11,12.9,13.64,12.78,13.29,798308.61
2020-11-12,12.96,13.25,12.75,13.18,394137.18
2020-11-13,13.11,13.45,12.88,13.41,471424.63
2020-11-16,13.71,14.86,13.51,14.44,1083357.7
2020-11-17,14.23,14.37,13.6,13.84,767866.54
2020-11-18,13.78,14.33,13.77,14.01,562480.26
2020-11-19,13.77,13.89,13.42,13.66,458583.32
2020-11-20,13.66,14.25,13.58,14.05,558826.95
2020-11-23,14.55,15.07,14.22,14.38,1040069.66
2020-11-24,14.34,14.98,14.09,14.85,837005.64
2020-11-25,14.95,15.27,14.17,14.24,848000.08
2020-11-26,14.5,14.56,13.91,14.47,622626.6
2020-11-27,14.4,14.7,13.96,14.57,613544.56
2020-11-30,14.87,15.76,14.62,14.91,878793.79
2020-12-01,14.56,14.86,14.41,14.67,564015.77
2020-12-02,14.66,15.81,14.49,15.14,901538.13
2020-12-03,15.02,15.05,14.08,14.13,771899.07
2020-12-04,14.01,14.63,14.01,14.61,442513.44
2020-12-07,14.6,14.79,14.19,14.2,335658.24
2020-12-08,14.16,14.27,13.56,13.85,409175.44
2020-12-09,13.91,14.19,13.64,13.68,324681.23
2020-12-10,13.5,13.92,13.28,13.87,307340.66
2020-12-11,14.35,14.5,13.35,13.58,496490.1
2020-12-14,13.45,13.63,13.0,13.5,252056.93
2020-12-15,13.32,13.5,13.04,13.25,248053.76
2020-12-16,13.32,13.6,13.11,13.16,245172.58
2020-12-17,13.18,14.03,13.13,13.99,451660.97
2020-12-18,14.08,14.35,14.0,14.14,448724.33
2020-12-21,14.15,14.45,13.93,14.4,494094.04
2020-12-22,14.0,14.08,12.9,13.03,691823.14
2020-12-23,12.98,13.3,12.71,13.03,379850.34
2020-12-24,13.16,13.36,12.83,13.09,261322.86
2020-12-25,12.97,13.73,12.81,13.53,349389.78
2020-12-28,13.54,13.76,13.41,13.48,315321.68
2020-12-29,13.46,13.47,12.65,12.68,401036.11
2020-12-30,12.6,13.05,12.54,12.91,267917.1
2020-12-31,12.84,13.12,12.77,12.97,292564.23
2021-01-04,12.96,13.67,12.96,13.48,433513.12
2021-01-05,13.35,13.65,13.13,13.5,381061.6
2021-01-06,13.95,14.01,13.3,13.42,393766.63
2021-01-07,13.47,14.13,13.41,14.05,699212.46
2021-01-08,14.3,14.44,13.5,14.35,814456.41
2021-01-11,13.9,13.9,13.0,13.08,675421.8
2021-01-12,12.6,13.15,12.51,13.13,344634.84
2021-01-13,13.18,13.55,12.82,12.93,359220.84
2021-01-14,12.81,12.88,12.15,12.19,448526.86
2021-01-15,12.38,12.54,12.01,12.37,251138.34
2021-01-18,12.22,12.53,12.07,12.47,235711.59
2021-01-19,12.47,12.47,12.15,12.26,194764.27
2021-01-20,12.3,12.54,12.23,12.46,198151.31
2021-01-21,12.44,13.0,12.31,12.85,370846.61
2021-01-22,12.8,12.8,12.27,12.39,294048.47
2021-01-25,12.37,12.75,12.2,12.43,295247.13
2021-01-26,12.27,12.31,11.7,11.79,364624.02
2021-01-27,11.82,11.96,11.64,11.89,158910.93
2021-01-28,11.53,11.77,11.45,11.52,232768.29
2021-01-29,11.63,11.84,11.27,11.49,213296.21
2021-02-01,11.48,11.75,11.42,11.74,152358.23
2021-02-02,11.72,11.74,11.55,11.61,139948.71
2021-02-03,11.63,11.75,11.36,11.47,176483.04
2021-02-04,11.5,11.65,10.74,11.21,290311.61
2021-02-05,11.18,11.4,10.9,10.94,175532.43
2021-02-08,11.2,11.58,11.07,11.41,212957.64
2021-02-09,11.6,11.99,11.58,11.88,310243.7
2021-02-10,11.97,12.77,11.9,12.58,495743.06
2021-02-18,13.99,13.99,13.57,13.99,1033007.15
2021-02-19,14.0,14.78,13.7,14.45,1344592.74
2021-02-22,15.49,16.05,15.46,16.05,1542174.92
2021-02-23,15.51,16.43,14.7,15.39,1782331.11
2021-02-24,15.3,15.52,14.42,14.68,1083887.74
2021-02-25,15.35,15.47,14.69,14.85,846604.4
2021-02-26,14.03,14.68,13.99,14.19,708530.46
2021-03-01,14.13,14.45,13.83,14.27,649884.96
2021-03-02,14.04,14.04,13.44,13.68,597694.12
2021-03-03,13.88,14.23,13.72,14.08,569350.41
2021-03-04,13.73,14.4,13.58,14.01,599073.86
2021-03-05,13.35,13.92,13.18,13.67,518001.66
2021-03-08,14.0,14.12,13.29,13.3,442988.56
2021-03-09,13.3,13.77,12.64,13.25,517917.29
2021-03-10,13.24,13.35,12.67,12.8,376989.39
2021-03-11,12.86,14.0,12.86,13.97,683645.7
2021-03-12,13.7,13.78,13.36,13.57,477349.58
2021-03-15,13.64,13.93,13.39,13.56,407769.74
2021-03-16,13.2,13.22,12.75,12.88,521784.79
2021-03-17,12.64,12.91,12.3,12.81,327952.0
2021-03-18,13.01,13.1,12.68,12.73,266993.8
2021-03-19,12.4,12.86,12.36,12.75,241455.84
2021-03-22,12.63,12.93,12.51,12.8,235633.07
2021-03-23,12.88,12.94,12.2,12.36,332567.26
2021-03-24,12.13,12.29,11.84,11.94,299094.05
2021-03-25,11.93,12.16,11.86,11.95,186394.77
2021-03-26,11.99,12.18,11.93,12.13,195767.77
2021-03-29,12.21,12.32,12.0,12.21,231215.07
2021-03-30,11.9,12.33,11.85,12.21,271473.87
2021-03-31,12.13,12.13,11.9,12.0,169812.59
2021-04-01,11.98,12.14,11.82,12.06,205999.2
2021-04-02,12.09,12.36,11.93,12.35,302913.12
2021-04-06,12.6,12.63,12.26,12.34,255081.86
2021-04-07,12.34,12.42,12.05,12.41,232104.81
2021-04-08,12.57,13.64,12.57,13.22,880644.94
2021-04-09,13.15,13.15,12.7,12.75,359349.4
2021-04-12,12.68,12.75,12.25,12.27,287415.94
2021-04-13,12.23,12.35,12.15,12.33,159784.06
2021-04-14,12.37,12.51,12.23,12.44,154976.46
2021-04-15,12.55,13.0,12.5,12.89,392637.92
2021-04-16,13.3,13.32,12.92,12.96,462941.25
2021-04-19,12.82,13.45,12.7,13.39,417314.57
2021-04-20,13.3,13.3,12.98,13.06,349647.58
2021-04-21,12.85,12.9,12.59,12.7,263733.77
2021-04-22,12.83,13.01,12.61,12.72,230955.96
2021-04-23,12.65,12.8,12.4,12.68,265272.48
2021-04-26,12.86,13.26,12.86,12.99,492191.02
2021-04-27,12.91,13.38,12.8,13.27,639603.78
2021-04-28,12.9,12.94,12.61,12.75,401703.09
2021-04-29,12.92,13.08,12.76,12.93,358277.8
2021-04-30,12.89,12.89,12.43,12.52,350034.49
2021-05-06,12.94,13.17,12.74,12.99,446898.39
2021-05-07,13.29,13.82,13.23,13.49,789077.83
2021-05-10,14.1,14.98,14.0,14.98,1192719.15
2021-05-11,14.36,14.36,13.6,14.2,879402.91
2021-05-12,14.05,14.46,14.01,14.26,467915.47
2021-05-13,13.67,13.86,13.4,13.48,530158.35
2021-05-14,13.33,13.55,13.2,13.43,409007.04
2021-05-17,13.29,13.74,13.28,13.64,352459.93
2021-05-18,13.85,13.93,13.63,13.64,352759.49
2021-05-19,13.47,13.48,13.24,13.31,323894.57
2021-05-20,12.81,12.93,12.51,12.76,420229.87
2021-05-21,12.66,13.03,12.65,12.82,237418.29
2021-05-24,12.63,12.9,12.55,12.81,223322.95
2021-05-25,12.86,13.0,12.69,12.96,282291.83
2021-05-26,12.86,13.06,12.74,12.98,309605.56
2021-05-27,12.9,13.0,12.81,12.93,213204.09
2021-05-28,13.28,13.35,12.96,12.98,372598.1
2021-05-31,13.09,13.16,12.96,13.1,253108.13
2021-06-01,13.01,13.09,12.7,13.08,267955.77
2021-06-02,13.0,13.09,12.75,12.77,202552.02
2021-06-03,12.73,12.98,12.67,12.78,195410.63
2021-06-04,12.38,12.61,12.26,12.43,288137.52
2021-06-07,12.45,12.57,12.4,12.44,162647.33
2021-06-08,12.45,12.48,12.12,12.23,242130.38
2021-06-09,12.31,12.5,12.27,12.41,187508.1
2021-06-10,12.35,12.41,12.26,12.27,161384.66
2021-06-11,12.27,12.7,12.14,12.52,304570.74
2021-06-15,12.37,12.37,11.9,11.97,268582.1
2021-06-16,11.85,11.87,11.68,11.68,193826.03
2021-06-17,11.63,11.81,11.58,11.66,144171.81
2021-06-18,11.39,11.56,11.25,11.51,217704.39
2021-06-21,11.39,11.68,11.33,11.52,138435.45
2021-06-22,11.6,11.74,11.55,11.7,173173.41
2021-06-23,11.73,11.82,11.69,11.79,149656.51
2021-06-24,11.83,11.85,11.62,11.66,139015.09
2021-06-25,11.75,12.0,11.68,11.95,213894.14
2021-06-28,11.85,11.85,11.65,11.68,170356.11
2021-06-29,11.68,11.68,11.39,11.43,135369.82
2021-06-30,11.5,11.55,11.34,11.43,156027.04
2021-07-01,11.44,11.5,11.16,11.16,155163.06
2021-07-02,11.12,11.42,11.01,11.2,183318.34
2021-07-05,11.23,11.61,11.21,11.6,213133.47
2021-07-06,11.56,11.65,11.4,11.6,170288.33
2021-07-07,11.44,11.62,11.35,11.6,174459.39
2021-07-08,11.59,11.84,11.41,11.45,210775.41
2021-07-09,11.39,12.15,11.34,12.02,477204.05
2021-07-12,12.17,12.41,11.88,11.89,449499.3
2021-07-13,11.9,12.16,11.86,11.96,209012.23
2021-07-14,11.85,11.9,11.5,11.56,232768.34
2021-07-15,11.48,11.85,11.36,11.8,252158.04
2021-07-16,11.8,12.12,11.7,11.91,311467.64
2021-07-19,11.87,12.15,11.85,11.98,273272.9
2021-07-20,11.68,11.73,11.46,11.64,190075.17
2021-07-21,11.68,11.92,11.64,11.89,227944.27
2021-07-22,11.91,12.34,11.74,12.17,442188.93
2021-07-23,12.12,12.68,12.09,12.36,603344.88
2021-07-26,12.65,12.86,12.38,12.6,712977.03
2021-07-27,12.96,13.48,12.54,12.61,840025.92
2021-07-28,12.31,12.32,11.58,11.85,436903.99
2021-07-29,12.05,12.25,11.9,12.16,283217.77
2021-07-30,12.1,12.21,11.92,12.19,312697.97
2021-08-02,12.11,12.4,11.67,12.23,367539.76
2021-08-03,12.01,12.06,11.5,11.6,468472.35
2021-08-04,11.54,11.76,11.48,11.69,210152.69
2021-08-05,11.6,11.6,11.32,11.38,306321.66
2021-08-06,11.41,11.98,11.39,11.85,352042.09
2021-08-09,11.6,11.81,11.46,11.74,237926.25
2021-08-10,11.65,11.84,11.62,11.82,213027.36
2021-08-11,11.9,11.98,11.75,11.86,248055.26
2021-08-12,11.82,12.29,11.77,12.28,457079.67
2021-08-13,12.14,12.48,12.02,12.39,432925.35
2021-08-16,13.1,13.23,12.11,12.15,532871.25
2021-08-17,12.06,12.72,11.99,12.24,560755.52
2021-08-18,12.1,12.46,11.98,12.32,321311.91
2021-08-19,11.95,11.98,11.61,11.81,376963.77
2021-08-20,11.63,11.9,11.5,11.8,244396.43
2021-08-23,11.92,12.17,11.9,12.15,305582.91
2021-08-24,12.24,13.51,12.21,13.51,1442775.02
2021-08-25,13.04,14.53,12.78,14.43,1628517.46
2021-08-26,14.1,14.83,13.95,14.11,1066596.33
2021-08-27,14.13,14.38,13.85,14.09,638918.1
2021-08-30,14.34,14.4,13.88,14.08,548138.92
2021-08-31,13.99,14.6,13.72,14.5,764487.05
2021-09-01,14.5,15.01,13.85,14.09,907717.62
2021-09-02,13.84,15.59,13.81,14.93,934346.95
2021-09-03,14.77,15.6,14.5,14.61,721783.91
2021-09-06,14.88,14.96,14.02,14.41,514688.13
2021-09-07,14.54,14.72,14.25,14.64,465074.86
2021-09-08,14.45,15.35,14.38,15.14,679529.24
2021-09-09,15.07,16.1,14.98,15.85,926604.18
2021-09-10,15.73,16.64,15.68,15.77,824086.37
2021-09-13,16.27,17.49,16.15,17.49,1037377.16
2021-09-14,17.07,17.2,16.22,16.41,1080695.43
2021-09-15,16.23,16.48,15.7,16.3,558079.6
2021-09-16,16.48,16.93,15.47,15.47,676551.9
2021-09-17,15.26,15.7,14.3,14.9,683378.93
2021-09-22,14.53,14.83,14.24,14.79,472502.83
2021-09-23,15.08,15.24,14.32,14.51,572277.02
2021-09-24,14.51,14.76,13.72,13.86,540340.07
2021-09-27,13.86,13.99,12.68,12.93,632730.35
2021-09-28,12.97,13.19,12.83,13.12,327624.06
2021-09-29,12.88,13.02,12.41,12.64,418274.34
2021-09-30,12.67,13.0,12.62,12.98,323627.58
2021-10-08,13.2,13.22,12.62,12.81,289093.52
2021-10-11,12.83,13.13,12.65,13.12,285908.01
2021-10-12,13.14,13.18,12.53,12.69,283669.5
2021-10-13,12.68,12.81,12.35,12.78,197122.82
2021-10-14,13.0,13.6,12.88,13.27,437474.2
2021-10-15,13.51,13.76,13.2,13.28,370801.31
2021-10-18,13.59,13.9,13.4,13.86,447095.05
2021-10-19,13.59,13.75,13.43,13.69,303244.5
2021-10-20,13.16,13.34,13.09,13.16,305390.07
2021-10-21,13.28,13.43,13.0,13.12,265357.64
2021-10-22,13.15,13.18,12.67,12.71,269249.3
2021-10-25,12.62,12.87,12.5,12.73,216940.55
2021-10-26,12.79,12.89,12.6,12.65,184344.15
2021-10-27,12.55,12.62,12.1,12.12,317235.15
2021-10-28,12.04,12.15,11.57,11.88,383397.06
2021-10-29,11.87,12.02,11.71,11.84,265758.48
2021-11-01,11.87,12.19,11.73,12.08,209831.84
2021-11-02,12.1,12.25,11.62,11.83,270491.33
2021-11-03,11.83,12.15,11.73,12.15,194434.66
2021-11-04,12.05,12.08,11.91,12.02,175683.73
2021-11-05,11.78,11.89,11.62,11.66,245107.61
2021-11-08,11.76,11.93,11.73,11.81,153934.6
2021-11-09,11.89,11.9,11.69,11.87,145460.8
2021-11-10,11.8,11.8,11.47,11.63,298131.75
2021-11-11,11.56,11.82,11.53,11.8,213372.46
2021-11-12,11.87,11.93,11.74,11.85,201669.03
2021-11-15,11.85,11.88,11.66,11.84,142711.34
2021-11-16,11.84,11.92,11.69,11.73,165375.82
2021-11-17,11.64,11.83,11.62,11.78,139708.63
2021-11-18,11.68,12.09,11.67,11.97,274300.09
2021-11-19,11.92,12.33,11.91,12.27,300944.91
2021-11-22,12.32,12.4,12.1,12.2,236409.44
2021-11-23,12.22,12.4,12.15,12.26,212651.6
2021-11-24,12.28,12.33,12.06,12.33,184864.14
2021-11-25,12.42,12.9,12.33,12.8,461839.02
2021-11-26,12.66,13.19,12.59,13.1,428670.88
2021-11-29,12.6,12.78,12.2,12.63,464485.55
2021-11-30,12.63,12.74,12.31,12.41,312367.3
2021-12-01,12.33,12.55,12.19,12.55,186158.15
2021-12-02,12.42,12.47,12.27,12.32,164916.28
2021-12-03,12.32,12.55,12.25,12.47,164349.96
2021-12-06,12.48,12.86,12.26,12.36,319271.45
2021-12-07,12.46,12.59,12.24,12.47,191784.99
2021-12-08,12.52,12.78,12.51,12.68,238035.38
2021-12-09,12.65,12.68,12.5,12.65,209854.25
2021-12-10,12.62,12.64,12.48,12.55,161550.47
2021-12-13,12.54,12.58,12.43,12.49,144859.09
2021-12-14,12.42,12.43,12.09,12.12,248083.33
2021-12-15,12.11,12.2,11.96,12.01,165648.71
2021-12-16,12.02,12.35,12.02,12.33,192138.88
2021-12-17,12.4,12.67,12.32,12.37,248090.21
2021-12-20,12.27,12.48,12.1,12.13,187079.2
2021-12-21,12.1,12.26,12.07,12.21,109581.2
2021-12-22,12.23,12.28,12.11,12.16,118978.3
2021-12-23,12.2,12.37,12.14,12.34,188718.28
2021-12-24,12.26,12.31,12.01,12.04,161147.22
2021-12-27,11.96,12.03,11.85,11.92,133690.13
2021-12-28,12.1,12.13,11.95,12.05,105880.21
2021-12-29,11.95,12.29,11.93,12.09,165464.51
2021-12-30,12.07,12.16,12.0,12.03,154402.3
2021-12-31,11.99,12.08,11.92,11.97,149688.0
2022-01-04,11.97,12.13,11.95,12.09,135964.44
2022-01-05,12.17,12.19,11.95,11.98,143573.63
2022-01-06,11.91,12.04,11.89,11.96,108304.86
2022-01-07,11.97,12.14,11.95,12.02,137865.79
2022-01-10,12.02,12.11,11.94,12.04,119571.81
2022-01-11,12.05,12.24,11.95,12.19,187388.05
2022-01-12,12.3,12.46,12.22,12.46,289735.38
2022-01-13,12.7,12.76,12.34,12.41,364400.19
2022-01-14,12.28,12.41,12.14,12.2,181678.78
2022-01-17,12.11,12.11,11.95,11.99,236108.85
2022-01-18,12.01,12.17,11.94,12.06,147130.6
2022-01-19,12.0,12.09,11.78,11.87,182317.08
2022-01-20,11.91,12.08,11.84,11.99,165459.43
2022-01-21,11.91,11.98,11.77,11.86,126375.2
2022-01-24,11.78,11.78,11.28,11.49,198085.29
2022-01-25,11.38,11.48,11.03,11.04,170898.01
2022-01-26,11.0,11.2,10.85,11.05,148942.68
2022-01-27,11.01,11.08,10.48,10.49,197962.86
2022-01-28,10.61,10.74,10.21,10.55,199052.66
2022-02-07,10.71,11.03,10.69,10.93,166544.52
2022-02-08,10.93,11.28,10.88,11.28,190556.21
2022-02-09,11.26,11.68,11.24,11.61,213560.77
2022-02-10,11.76,11.98,11.65,11.87,258685.06
2022-02-11,11.64,11.92,11.62,11.67,180471.4
2022-02-14,11.56,11.75,11.3,11.44,235679.19
2022-02-15,11.52,11.54,11.24,11.38,115062.89
2022-02-16,11.41,11.63,11.41,11.57,107672.0
2022-02-17,11.53,11.65,11.46,11.6,99287.69
2022-02-18,11.5,11.69,11.48,11.65,123542.82
2022-02-21,11.66,11.66,11.49,11.55,108405.18
2022-02-22,11.53,11.63,11.31,11.5,141660.0
2022-02-23,11.49,11.58,11.43,11.54,117083.87
2022-02-24,11.46,11.68,11.15,11.32,210358.76
2022-02-25,11.42,11.66,11.36,11.38,169209.2
2022-02-28,11.43,11.59,11.27,11.58,180851.97
2022-03-01,11.57,11.63,11.34,11.45,142214.2
2022-03-02,11.5,11.8,11.46,11.63,261335.26
2022-03-03,11.8,12.24,11.74,12.01,398522.61
2022-03-04,11.97,12.07,11.7,11.71,255356.93
2022-03-07,12.1,12.15,11.71,11.8,297881.36
2022-03-08,11.51,11.52,10.65,10.97,492672.41
2022-03-09,10.86,10.94,10.1,10.53,350981.9
2022-03-10,10.63,10.75,10.51,10.56,207692.96
2022-03-11,10.44,10.76,10.16,10.75,179785.16
2022-03-14,10.65,10.78,10.3,10.32,188446.49
2022-03-15,10.23,10.23,9.28,9.3,360068.4
2022-03-16,9.41,9.71,9.06,9.67,231141.63
2022-03-17,9.73,9.94,9.69,9.72,173562.39
2022-03-18,9.8,9.95,9.7,9.91,136498.01
2022-03-21,9.91,10.04,9.75,9.88,149648.01
2022-03-22,9.83,10.02,9.77,9.93,111068.16
2022-03-23,9.91,9.98,9.84,9.92,87089.46
2022-03-24,9.93,10.1,9.6,9.84,259301.01
2022-03-25,9.83,10.07,9.76,9.78,162178.12
2022-03-28,9.67,9.99,9.48,9.9,148875.43
2022-03-29,9.88,9.95,9.72,9.79,103567.77
2022-03-30,9.89,9.95,9.81,9.93,168431.29
2022-03-31,9.9,9.94,9.76,9.84,131213.33
2022-04-01,9.82,9.92,9.72,9.88,108473.0
2022-04-06,9.96,10.38,9.8,10.32,260208.0
2022-04-07,10.17,10.31,9.99,10.0,160004.0
2022-04-08,9.97,10.45,9.78,10.33,226355.0
2022-04-11,10.22,10.28,9.75,9.8,234340.0
2022-04-12,9.8,10.11,9.64,10.08,141144.0
2022-04-13,10.33,10.95,10.18,10.71,511645.0
2022-04-14,10.77,10.9,10.57,10.76,346361.0
2022-04-15,10.75,11.08,10.46,10.6,246149.0
2022-04-18,10.5,10.55,10.3,10.39,161706.0
2022-04-19,10.45,10.77,10.45,10.62,163933.0
2022-04-20,10.63,10.71,10.3,10.33,165323.0
2022-04-21,10.26,10.33,9.7,9.75,244722.0
2022-04-22,9.69,9.91,9.5,9.81,156234.0
2022-04-25,9.55,9.61,8.99,9.02,250743.0
2022-04-26,9.01,9.12,8.61,8.62,215677.0
2022-04-27,8.61,9.11,8.38,9.08,261366.0
2022-04-28,9.05,9.14,8.8,8.96,191393.0
2022-04-29,9.03,9.33,8.96,9.28,163386.0
2022-05-05,9.21,9.47,9.15,9.44,174870.0
2022-05-06,9.15,9.22,8.98,9.08,152322.0
2022-05-09,9.03,9.17,8.96,9.08,91774.0
2022-05-10,8.96,9.25,8.88,9.24,162043.0
2022-05-11,9.2,9.55,9.18,9.29,173319.0
2022-05-12,9.25,9.39,9.16,9.24,107010.0
2022-05-13,9.28,9.39,9.18,9.35,99951.0
2022-05-16,9.4,9.46,9.3,9.39,109812.0
2022-05-17,9.39,9.5,9.32,9.5,107504.0
2022-05-18,9.45,9.5,9.36,9.38,97228.0
2022-05-19,9.19,9.4,9.15,9.4,109518.0
2022-05-20,9.44,9.79,9.43,9.78,203696.0
2022-05-23,9.8,10.02,9.68,10.0,168087.0
2022-05-24,10.0,10.03,9.54,9.55,167753.0
2022-05-25,9.57,9.77,9.54,9.64,129720.0
2022-05-26,9.71,9.9,9.55,9.79,134632.0
2022-05-27,9.8,9.96,9.73,9.83,128552.0
2022-05-30,9.84,9.96,9.77,9.87,95855.0
2022-05-31,9.79,9.94,9.72,9.93,129990.0
2022-06-01,9.83,9.88,9.67,9.8,126184.0
2022-06-02,9.76,9.98,9.71,9.97,154129.0
2022-06-06,10.04,10.28,10.04,10.26,209521.0
2022-06-07,10.2,10.3,10.15,10.25,152951.0
2022-06-08,10.26,10.42,10.12,10.41,212068.0
2022-06-09,10.41,10.63,10.27,10.49,221406.0
2022-06-10,10.31,10.58,10.11,10.56,244225.0
2022-06-13,10.39,10.62,10.33,10.6,199253.0
2022-06-14,10.42,10.99,10.34,10.94,271545.0
2022-06-15,10.92,11.1,10.75,10.76,264211.0
2022-06-16,10.85,11.05,10.72,10.77,169640.0
2022-06-17,10.69,10.9,10.62,10.85,154119.0
2022-06-20,10.83,10.9,10.65,10.67,173859.0
2022-06-21,10.66,10.7,10.22,10.35,230326.0
2022-06-22,10.77,10.86,10.1,10.14,200647.0
2022-06-23,10.15,10.39,10.04,10.35,170581.0
2022-06-24,10.28,10.38,10.18,10.22,134832.0
2022-06-27,10.23,10.47,10.16,10.26,169018.0
2022-06-28,10.26,10.57,10.22,10.53,173019.0
2022-06-29,10.63,10.63,10.23,10.26,159495.0
2022-06-30,10.2,10.41,10.14,10.19,128626.0
2022-07-01,10.15,10.22,10.04,10.12,134815.0
2022-07-04,10.14,10.25,10.08,10.24,131789.0
2022-07-05,10.25,10.49,10.14,10.28,183500.0
2022-07-06,10.15,10.25,9.82,9.88,177216.0
2022-07-07,10.02,10.33,9.86,10.19,168576.0
2022-07-08,10.33,10.39,10.01,10.02,131137.0
2022-07-11,10.0,10.02,9.68,9.81,145571.0
2022-07-12,9.78,9.91,9.7,9.73,101349.0
2022-07-13,9.85,9.9,9.63,9.73,114070.0
2022-07-14,9.7,9.75,9.57,9.64,107360.0
2022-07-15,9.62,9.62,9.36,9.37,146861.0
2022-07-18,9.52,9.79,9.42,9.77,142055.0
2022-07-19,9.83,10.15,9.78,9.94,181733.0
2022-07-20,10.26,10.28,10.0,10.08,122926.0
2022-07-21,10.02,10.18,9.97,10.04,122686.0
2022-07-22,10.04,10.17,9.89,10.02,88572.0
2022-07-25,10.02,10.13,9.93,9.97,95144.0
2022-07-26,9.97,10.13,9.92,10.1,85185.0
2022-07-27,10.04,10.16,10.03,10.12,83177.0
2022-07-28,10.2,10.28,10.13,10.2,97475.0
2022-07-29,10.23,10.3,10.1,10.29,132128.0
2022-08-01,10.22,10.26,10.08,10.23,104839.0
2022-08-02,10.09,10.13,9.76,9.98,189109.0
2022-08-03,10.01,10.1,9.81,9.83,119700.0
2022-08-04,9.85,9.91,9.63,9.81,106579.0
2022-08-05,9.81,10.28,9.78,10.27,156684.0
2022-08-08,10.27,10.4,10.19,10.34,123676.0
2022-08-09,10.34,10.39,10.28,10.31,105822.0
2022-08-10,10.32,10.53,10.27,10.43,138192.0
2022-08-11,10.66,10.66,10.38,10.56,183265.0
2022-08-12,10.51,10.75,10.47,10.66,182581.0
2022-08-15,10.54,10.72,10.5,10.58,132437.0
2022-08-16,10.58,10.6,10.39,10.5,109196.0
2022-08-17,10.54,10.54,10.36,10.49,96836.0
2022-08-18,10.46,10.58,10.39,10.46,99754.0
2022-08-19,10.55,10.55,10.24,10.29,119505.0
2022-08-22,10.28,10.48,10.17,10.44,126840.0
2022-08-23,10.39,10.48,10.28,10.36,109098.0
2022-08-24,10.41,10.63,10.08,10.09,180710.0
2022-08-25,10.17,10.31,10.01,10.31,138540.0
2022-08-26,10.38,10.48,10.28,10.36,134874.0
2022-08-29,10.18,10.31,10.07,10.29,107363.0
2022-08-30,10.27,10.37,10.07,10.19,120989.0
2022-08-31,10.03,10.12,9.71,9.74,223497.0
2022-09-01,9.7,9.76,9.52,9.53,173384.0
2022-09-02,9.54,9.63,9.48,9.51,131146.0
2022-09-05,9.52,9.59,9.45,9.58,113139.0
2022-09-06,9.62,9.8,9.62,9.75,154430.0
2022-09-07,9.72,10.1,9.65,10.07,209861.0
2022-09-08,10.07,10.29,10.07,10.23,181101.0
2022-09-09,10.28,10.61,10.25,10.52,247416.0
2022-09-13,10.8,10.82,10.48,10.67,278286.0
2022-09-14,10.36,10.53,10.28,10.31,170109.0
2022-09-15,10.38,10.42,9.9,9.97,166284.0
2022-09-16,9.99,10.03,9.45,9.47,274260.0
2022-09-19,9.49,9.55,9.05,9.13,268396.0
2022-09-20,9.25,9.33,9.13,9.19,170807.0
2022-09-21,9.17,9.43,9.06,9.4,131413.0
2022-09-22,9.24,9.54,9.22,9.42,118044.0
2022-09-23,9.42,9.48,9.18,9.3,110924.0
2022-09-26,9.2,9.2,8.83,8.87,153762.0
2022-09-27,8.87,9.02,8.76,8.99,133881.0
2022-09-28,8.92,8.92,8.6,8.6,153307.0
2022-09-29,8.72,8.78,8.5,8.59,137272.0
2022-09-30,8.55,8.72,8.54,8.63,116719.0
2022-10-10,8.64,8.84,8.55,8.6,166369.0
2022-10-11,8.65,8.8,8.58,8.75,99826.0
2022-10-12,9.66,9.75,9.3,9.75,744844.0
2022-10-13,9.63,10.03,9.57,9.86,492465.0
2022-10-14,9.81,10.08,9.79,10.02,286713.0
2022-10-17,9.86,10.1,9.86,10.03,211596.0
2022-10-18,10.08,10.21,9.93,9.94,209987.0
2022-10-19,10.0,10.08,9.71,9.73,224929.0
2022-10-20,9.74,9.83,9.55,9.67,158784.0
2022-10-21,9.79,9.83,9.55,9.57,144577.0
2022-10-24,9.75,9.9,9.47,9.55,200984.0
2022-10-25,9.43,9.62,9.25,9.52,195540.0
2022-10-26,9.53,9.67,9.44,9.58,164755.0
2022-10-27,9.74,9.92,9.65,9.7,208662.0
2022-10-28,9.61,9.63,9.12,9.17,277078.0
2022-10-31,9.21,9.98,9.21,9.8,510999.0
2022-11-01,9.8,10.06,9.72,10.04,313610.0
2022-11-02,9.94,10.43,9.92,10.28,287401.0
2022-11-03,10.15,10.44,10.1,10.3,204248.0
2022-11-04,10.28,10.59,10.28,10.5,244846.0
2022-11-07,10.93,11.5,10.88,11.34,662207.0
2022-11-08,11.1,11.43,11.03,11.3,389148.0
2022-11-09,11.63,11.63,11.2,11.35,334649.0
2022-11-10,11.22,11.41,11.1,11.32,238921.0
2022-11-11,11.77,11.87,11.49,11.49,359405.0
2022-11-14,11.54,11.7,11.16,11.25,317057.0
2022-11-15,11.13,11.41,11.02,11.36,299366.0
2022-11-16,11.35,11.36,11.08,11.24,192134.0
2022-11-17,11.05,11.29,11.0,11.14,184586.0
2022-11-18,11.08,11.08,10.84,10.94,173969.0
2022-11-21,10.8,10.86,10.63,10.84,172011.0
2022-11-22,10.89,11.03,10.73,10.81,164753.0
2022-11-23,10.84,11.1,10.79,10.84,175976.0
2022-11-24,10.94,11.03,10.84,10.92,114708.0
2022-11-25,10.89,11.02,10.75,10.92,145206.0
2022-11-28,10.6,10.73,10.37,10.7,236394.0
2022-11-29,10.69,11.03,10.65,10.99,169477.0
2022-11-30,10.97,11.04,10.72,10.77,170019.0
2022-12-01,11.07,11.17,10.95,10.99,203862.0
2022-12-02,10.98,11.07,10.78,10.86,129617.0
2022-12-05,11.0,11.4,10.92,11.29,281676.0
2022-12-06,11.19,11.32,11.06,11.28,191466.0
2022-12-07,11.2,11.35,11.06,11.09,194123.0
2022-12-08,11.09,11.17,11.01,11.13,108797.0
2022-12-09,11.09,11.6,11.09,11.57,303830.0
2022-12-12,11.43,11.46,10.96,10.99,285063.0
2022-12-13,10.92,11.24,10.92,11.19,162018.0
2022-12-14,11.22,11.44,11.18,11.3,161140.0
2022-12-15,11.18,11.24,11.0,11.1,125440.0
2022-12-16,10.94,11.1,10.88,11.0,129342.0
2022-12-19,11.0,11.15,10.71,10.8,149934.0
2022-12-20,10.84,10.9,10.55,10.75,103643.0
2022-12-21,10.87,10.93,10.7,10.75,97045.0
2022-12-22,10.84,10.96,10.55,10.6,104396.0
2022-12-23,10.42,10.63,10.4,10.61,70830.0
2022-12-26,10.6,10.62,10.31,10.51,162391.0
2022-12-27,10.55,10.84,10.55,10.77,125390.0
2022-12-28,10.7,10.99,10.64,10.85,137945.0
2022-12-29,10.75,10.84,10.52,10.56,131974.0
2022-12-30,10.61,10.67,10.46,10.55,99319.0
2023-01-03,10.51,10.74,10.35,10.71,133267.0
2023-01-04,10.65,10.7,10.45,10.51,104728.0
2023-01-05,10.48,10.56,10.33,10.42,176010.0
2023-01-06,10.5,10.59,10.43,10.48,130506.0
2023-01-09,10.62,11.02,10.6,10.94,313106.0
2023-01-10,10.98,11.07,10.82,10.93,166802.0
2023-01-11,11.1,11.27,11.01,11.07,234515.0
2023-01-12,11.26,11.32,11.01,11.03,195865.0
2023-01-13,11.12,11.24,10.9,11.02,149573.0
2023-01-16,11.07,11.23,10.95,11.18,208022.0
2023-01-17,11.1,11.32,11.08,11.13,140012.0
2023-01-18,11.37,11.6,11.24,11.52,278567.0
2023-01-19,11.42,11.78,11.39,11.74,256980.0
2023-01-20,11.73,12.29,11.73,12.2,369069.0
2023-01-30,12.3,12.4,11.98,12.02,386867.0
2023-01-31,11.85,12.15,11.82,11.96,338727.0
2023-02-01,12.01,12.45,12.0,12.22,395774.0
2023-02-02,12.06,12.09,11.87,11.98,375182.0
2023-02-03,11.84,11.95,11.59,11.81,254572.0
2023-02-06,11.59,11.66,11.46,11.59,221391.0
2023-02-07,11.66,11.7,11.48,11.6,179565.0
2023-02-08,11.64,11.71,11.52,11.54,168617.0
2023-02-09,11.49,11.69,11.47,11.68,180275.0
2023-02-10,11.53,11.58,11.42,11.46,204052.0
2023-02-13,11.41,11.57,11.4,11.48,179258.0
2023-02-14,11.72,12.53,11.71,12.11,732484.0
2023-02-15,12.11,12.59,12.0,12.14,501180.0
2023-02-16,12.09,12.1,11.47,11.62,412614.0
2023-02-17,11.72,12.0,11.59,11.6,341109.0
2023-02-20,11.6,11.96,11.54,11.93,344459.0
2023-02-21,12.0,12.24,11.96,12.09,379194.0
2023-02-22,12.04,12.2,11.89,12.0,246770.0
2023-02-23,11.99,12.05,11.8,11.9,213104.0
2023-02-24,11.77,11.8,11.58,11.69,215770.0
2023-02-27,11.56,11.71,11.48,11.51,190579.0
2023-02-28,11.59,11.59,11.4,11.54,199484.0
2023-03-01,11.78,12.03,11.54,12.03,408661.0
2023-03-02,12.03,12.21,11.95,12.0,323223.0
2023-03-03,12.02,12.02,11.76,11.87,237221.0
2023-03-06,11.89,11.98,11.78,11.85,205151.0
2023-03-07,11.8,12.07,11.68,11.7,267586.0
2023-03-08,11.51,11.54,11.2,11.33,387736.0
2023-03-09,11.34,11.39,11.17,11.29,159331.0
2023-03-10,11.17,11.24,10.98,11.0,228320.0
2023-03-13,11.0,11.37,11.0,11.29,274105.0
2023-03-14,11.34,11.8,11.28,11.41,403347.0
2023-03-15,11.42,11.68,11.42,11.47,204150.0
2023-03-16,11.2,11.23,10.85,10.85,341852.0
2023-03-17,10.98,11.23,10.91,11.13,247347.0
2023-03-20,11.15,11.31,11.08,11.16,172674.0
2023-03-21,11.24,11.41,11.2,11.37,188042.0
2023-03-22,11.43,11.57,11.26,11.38,177826.0
2023-03-23,11.39,11.59,11.29,11.52,192143.0
2023-03-24,11.58,11.82,11.51,11.7,277435.0
2023-03-27,11.71,11.82,11.54,11.82,269171.0
2023-03-28,11.8,12.06,11.67,11.68,213966.0
2023-03-29,11.82,11.84,11.53,11.56,149951.0
2023-03-30,11.56,11.67,11.36,11.65,162087.0
2023-03-31,11.64,11.79,11.6,11.69,151793.0
2023-04-03,11.68,11.8,11.58,11.68,174446.0
2023-04-04,11.68,11.68,11.48,11.57,147411.0
2023-04-06,11.57,11.83,11.56,11.77,227099.0
2023-04-07,11.68,11.69,11.54,11.61,172879.0
2023-04-10,11.62,12.12,11.55,11.84,382622.0
2023-04-11,11.74,12.08,11.67,12.03,295518.0
2023-04-12,12.05,12.47,12.0,12.27,428456.0
2023-04-13,12.32,12.6,12.1,12.2,371344.0
2023-04-14,12.46,12.63,12.37,12.54,355129.0
2023-04-17,12.41,12.57,12.26,12.56,343293.0
2023-04-18,12.48,12.5,12.22,12.37,294236.0
2023-04-19,12.45,12.71,12.39,12.41,278939.0
2023-04-20,12.38,12.49,12.21,12.35,249357.0
2023-04-21,12.41,12.45,12.06,12.08,242700.0
2023-04-24,12.18,12.19,11.68,11.75,233001.0
2023-04-25,11.98,11.98,11.28,11.49,235755.0
2023-04-26,11.3,11.36,10.87,11.22,313014.0
2023-04-27,11.1,11.17,10.9,11.08,367204.0
2023-04-28,11.05,11.39,11.05,11.39,290794.0
2023-05-04,11.2,11.39,11.15,11.33,261779.0
2023-05-05,11.29,11.35,11.04,11.16,228270.0
2023-05-08,11.17,11.52,11.16,11.44,273298.0
2023-05-09,11.48,11.84,11.4,11.51,349474.0
2023-05-10,11.41,11.54,11.21,11.31,211594.0
2023-05-11,11.27,11.28,11.05,11.05,196183.0
2023-05-12,10.81,10.81,10.38,10.4,414265.0
2023-05-15,10.39,10.64,10.31,10.63,229606.0
2023-05-16,10.63,10.68,10.5,10.53,156435.0
2023-05-17,10.49,10.54,10.44,10.51,131929.0
2023-05-18,10.66,10.73,10.46,10.53,163194.0
2023-05-19,10.47,10.5,10.36,10.46,119467.0
2023-05-22,10.46,10.47,10.31,10.35,157067.0
2023-05-23,10.32,10.32,10.13,10.15,165715.0
2023-05-24,10.17,10.3,10.08,10.15,140427.0
2023-05-25,10.07,10.15,9.94,10.11,151880.0
2023-05-26,10.08,10.21,9.97,10.19,127790.0
2023-05-29,10.07,10.08,9.5,9.82,676838.0
2023-05-30,9.84,10.05,9.73,10.04,346762.0
2023-05-31,10.01,10.15,9.97,10.1,249159.0
2023-06-01,10.1,10.28,10.05,10.16,224180.0
2023-06-02,10.21,10.38,10.19,10.36,215501.0
2023-06-05,10.25,10.35,10.17,10.29,189285.0
2023-06-06,10.36,10.38,10.06,10.1,201742.0
2023-06-07,10.15,10.24,10.1,10.16,101259.0
2023-06-08,10.12,10.3,10.07,10.26,132577.0
2023-06-09,10.29,10.3,10.18,10.22,136163.0
2023-06-12,10.24,10.28,10.15,10.26,124039.0
2023-06-13,10.22,10.28,10.17,10.24,102965.0
2023-06-14,10.33,10.41,10.27,10.3,179130.0
2023-06-15,10.29,10.38,10.23,10.37,142174.0
2023-06-16,10.46,10.53,10.41,10.48,175046.0
2023-06-19,10.45,10.45,10.23,10.26,197668.0
2023-06-20,10.29,10.32,10.14,10.17,121974.0
2023-06-21,10.17,10.26,10.1,10.11,120746.0
2023-06-26,9.97,10.12,9.85,9.94,168199.0
2023-06-27,10.04,10.24,9.94,10.18,145043.0
2023-06-28,10.31,10.32,10.09,10.21,160202.0
2023-06-29,10.16,10.19,10.11,10.12,104984.0
2023-06-30,10.13,10.27,10.1,10.25,179108.0
2023-07-03,10.28,10.58,10.27,10.46,274371.0
2023-07-04,10.6,10.64,10.44,10.49,212409.0
2023-07-05,10.45,10.65,10.4,10.6,256914.0
2023-07-06,10.61,10.62,10.45,10.54,189938.0
2023-07-07,10.47,10.64,10.36,10.54,174805.0
2023-07-10,10.63,10.65,10.5,10.57,162240.0
2023-07-11,10.6,10.64,10.44,10.59,131225.0
2023-07-12,10.56,10.58,10.47,10.49,103656.0
2023-07-13,10.6,10.92,10.59,10.77,271004.0
2023-07-14,10.86,10.93,10.75,10.77,220086.0
2023-07-17,10.68,10.73,10.59,10.66,122558.0
2023-07-18,10.63,10.68,10.52,10.63,130653.0
2023-07-19,10.65,10.74,10.58,10.67,89511.0
2023-07-20,10.65,10.75,10.58,10.6,135174.0
2023-07-21,10.6,10.66,10.54,10.59,98709.0
2023-07-24,10.54,10.59,10.46,10.49,88104.0
2023-07-25,10.6,10.8,10.59,10.79,235984.0
2023-07-26,10.84,10.89,10.71,10.8,163901.0
2023-07-27,10.78,10.89,10.75,10.77,165170.0
2023-07-28,10.68,11.0,10.67,10.97,227702.0
2023-07-31,11.07,11.39,11.05,11.3,417348.0
2023-08-01,11.37,11.49,11.19,11.37,354102.0
2023-08-02,11.32,11.46,11.25,11.38,272302.0
2023-08-03,11.25,11.27,11.08,11.2,188389.0
2023-08-04,11.25,11.35,11.16,11.26,209665.0
2023-08-07,11.18,11.23,11.06,11.14,175248.0
2023-08-08,11.12,11.24,11.05,11.19,174317.0
2023-08-09,11.11,11.13,10.97,11.0,159388.0
2023-08-10,11.0,11.08,10.95,11.05,121324.0
2023-08-11,11.02,11.08,10.72,10.72,191748.0
2023-08-14,10.68,10.79,10.55,10.7,176830.0
2023-08-15,10.68,10.74,10.43,10.56,165671.0
2023-08-16,10.48,10.57,10.38,10.46,113785.0
2023-08-17,10.4,10.51,10.28,10.48,145026.0
2023-08-18,10.47,10.51,10.27,10.27,160807.0
2023-08-21,10.23,10.43,10.18,10.19,166914.0
2023-08-22,10.24,10.38,10.17,10.34,161701.0
2023-08-23,10.64,10.68,10.43,10.44,310512.0
2023-08-24,10.56,10.73,10.44,10.49,293299.0
2023-08-25,10.52,10.65,10.45,10.51,231340.0
2023-08-28,11.2,11.23,10.63,10.67,353166.0
2023-08-29,10.67,10.82,10.56,10.8,293415.0
2023-08-30,10.77,11.05,10.73,10.79,257770.0
2023-08-31,10.81,10.9,10.76,10.82,221537.0
2023-09-01,10.89,11.16,10.85,11.08,329393.0
2023-09-04,11.07,11.6,11.07,11.49,542038.0
2023-09-05,11.39,11.49,11.34,11.44,329672.0
2023-09-06,11.4,11.42,11.21,11.27,207679.0
2023-09-07,11.22,11.24,11.05,11.09,179145.0
2023-09-08,11.04,11.1,10.93,10.95,135371.0
2023-09-11,11.1,11.31,10.98,11.2,251315.0
2023-09-12,11.26,11.33,11.17,11.21,175103.0
2023-09-13,11.2,11.29,11.1,11.21,170928.0
2023-09-14,11.22,11.37,11.18,11.33,212684.0
2023-09-15,11.4,11.55,11.33,11.4,290879.0
2023-09-18,11.32,11.34,11.18,11.3,167933.0
2023-09-19,11.29,11.38,11.2,11.31,143324.0
2023-09-20,11.21,11.45,11.21,11.25,104681.0
2023-09-21,11.21,11.24,11.1,11.1,146016.0
2023-09-22,11.04,11.11,10.94,11.08,180421.0
2023-09-25,11.05,11.2,10.98,11.04,150506.0
2023-09-26,11.06,11.1,10.98,10.99,100023.0
2023-09-27,10.97,11.08,10.94,10.99,94412.0
2023-09-28,11.04,11.09,10.94,10.97,115878.0
2023-10-09,10.92,10.93,10.64,10.86,182304.0
2023-10-10,10.89,10.93,10.75,10.78,108084.0
2023-10-11,10.8,10.85,10.67,10.71,125872.0
2023-10-12,10.82,10.97,10.76,10.93,150403.0
2023-10-13,10.95,10.97,10.53,10.58,256631.0
2023-10-16,10.59,10.71,10.56,10.6,137478.0
2023-10-17,10.6,10.67,10.52,10.63,116756.0
2023-10-18,10.6,10.65,10.39,10.43,162276.0
2023-10-19,10.42,10.47,10.31,10.32,125517.0
2023-10-20,10.29,10.39,10.25,10.29,116374.0
2023-10-23,10.24,10.25,9.94,9.99,152237.0
2023-10-24,9.99,10.25,9.98,10.21,150907.0
2023-10-25,10.36,10.48,10.3,10.32,149227.0
2023-10-26,10.21,10.37,10.18,10.36,119803.0
2023-10-27,10.2,10.26,10.06,10.21,422111.0
2023-10-30,10.18,10.29,10.16,10.24,289003.0
2023-10-31,10.25,10.36,10.16,10.24,222575.0
2023-11-01,10.23,10.27,10.09,10.16,210207.0
2023-11-02,10.18,10.26,10.06,10.06,203736.0
2023-11-03,10.08,10.14,10.03,10.08,214546.0
2023-11-06,10.1,10.22,10.04,10.2,280882.0
2023-11-07,10.16,10.18,9.98,10.07,327253.0
2023-11-08,10.0,10.02,9.87,9.91,320535.0
2023-11-09,9.87,9.95,9.86,9.92,198311.0
2023-11-10,9.88,9.9,9.77,9.79,230554.0
2023-11-13,9.79,9.96,9.76,9.96,253072.0
2023-11-14,9.97,10.0,9.91,9.95,211723.0
2023-11-15,10.05,10.22,10.05,10.12,351963.0
2023-11-16,10.12,10.12,9.98,10.04,185096.0
2023-11-17,9.99,10.06,9.94,10.04,136697.0
2023-11-20,10.04,10.12,9.96,10.06,152502.0
2023-11-21,10.13,10.19,10.07,10.09,266087.0
2023-11-22,10.06,10.07,9.93,9.93,187306.0
2023-11-23,9.92,10.02,9.88,10.02,118433.0
2023-11-24,10.02,10.03,9.94,9.99,111220.0
2023-11-27,9.99,10.0,9.89,9.96,122050.0
2023-11-28,9.92,9.97,9.85,9.95,114036.0
2023-11-29,10.05,10.07,9.94,9.96,169106.0
2023-11-30,9.92,9.96,9.78,9.86,160881.0
2023-12-01,9.89,9.95,9.81,9.91,127098.0
2023-12-04,10.05,10.11,9.98,10.0,275547.0
2023-12-05,9.92,9.93,9.74,9.75,221841.0
2023-12-06,9.71,9.84,9.65,9.79,162094.0
2023-12-07,9.77,9.81,9.67,9.79,144621.0
2023-12-08,9.8,9.86,9.75,9.78,117238.0
2023-12-11,9.73,9.82,9.53,9.81,193629.0
2023-12-12,9.76,9.79,9.71,9.78,115974.0
2023-12-13,9.76,9.78,9.67,9.67,119544.0
2023-12-14,9.78,9.84,9.68,9.68,132194.0
2023-12-15,9.8,9.88,9.7,9.74,165704.0
2023-12-18,9.69,9.74,9.58,9.63,167657.0
2023-12-19,9.6,9.63,9.43,9.51,140752.0
2023-12-20,9.55,9.7,9.54,9.56,156852.0
2023-12-21,9.5,9.65,9.43,9.64,122237.0
2023-12-22,9.63,9.84,9.59,9.8,212941.0
2023-12-25,9.78,9.84,9.69,9.82,142895.0
2023-12-26,9.77,9.83,9.66,9.71,120965.0
2023-12-27,9.7,9.95,9.65,9.95,233501.0
2023-12-28,9.95,10.1,9.93,10.06,360762.0
2023-12-29,9.99,10.11,9.97,10.09,265915.0
2024-01-02,10.05,10.21,10.04,10.15,258897.0
2024-01-03,10.11,10.21,10.06,10.15,213205.0
2024-01-04,10.12,10.19,10.04,10.13,203849.0
2024-01-05,10.12,10.31,10.05,10.12,258011.0
2024-01-08,10.09,10.25,10.01,10.11,315928.0
2024-01-09,10.09,10.32,10.0,10.23,290698.0
2024-01-10,10.15,10.26,9.97,10.0,247821.0
2024-01-11,9.98,10.13,9.93,10.06,205656.0
2024-01-12,10.01,10.22,10.01,10.1,141183.0
2024-01-15,10.05,10.12,9.99,10.03,140140.0
2024-01-16,10.04,10.06,9.71,9.88,217951.0
2024-01-17,9.86,9.88,9.61,9.63,150124.0
2024-01-18,9.53,9.54,9.1,9.43,410664.0
2024-01-19,9.36,9.43,9.3,9.37,169525.0
2024-01-22,9.32,9.35,8.8,8.88,263180.0
2024-01-23,8.79,9.05,8.65,9.0,174506.0
2024-01-24,9.04,9.25,8.87,9.23,178953.0
2024-01-25,9.29,9.67,9.24,9.65,292664.0
2024-01-26,9.64,9.93,9.62,9.83,298765.0
2024-01-29,9.88,10.0,9.66,9.71,223090.0
2024-01-30,9.65,9.75,9.45,9.49,205824.0
2024-01-31,9.49,9.65,9.26,9.3,221160.0
2024-02-01,9.11,9.4,9.06,9.14,259161.0
2024-02-02,9.18,9.43,8.7,8.93,316869.0
2024-02-05,8.8,9.12,8.4,8.81,361277.0
2024-02-06,8.74,9.65,8.69,9.58,392782.0
2024-02-07,9.53,10.02,9.53,10.01,520247.0
2024-02-08,10.05,10.28,9.86,9.91,474104.0
2024-02-19,10.05,10.18,9.87,10.07,374545.0
2024-02-20,9.99,10.22,9.87,10.12,305125.0
2024-02-21,10.08,10.32,10.04,10.11,349598.0
2024-02-22,10.11,10.33,10.09,10.33,335601.0
2024-02-23,10.39,10.6,10.33,10.45,479794.0
2024-02-26,10.39,10.48,10.12,10.17,458393.0
2024-02-27,10.12,10.25,10.1,10.25,267033.0
2024-02-28,10.25,10.35,10.07,10.07,373553.0
2024-02-29,10.01,10.28,10.0,10.28,271986.0
2024-03-01,10.27,10.5,10.23,10.46,396862.0
2024-03-04,10.51,10.54,10.26,10.35,318723.0
2024-03-05,10.36,10.48,10.31,10.38,297079.0
2024-03-06,10.35,10.53,10.31,10.45,336482.0
2024-03-07,10.51,11.24,10.51,10.85,841030.0
2024-03-08,10.96,11.13,10.84,11.09,605981.0
2024-03-11,11.02,11.18,10.99,11.14,491390.0
2024-03-12,11.09,11.11,10.69,10.76,523364.0
2024-03-13,10.75,10.88,10.65,10.83,363561.0
2024-03-14,11.5,11.69,11.11,11.19,1001833.0
2024-03-15,11.27,12.14,11.13,12.1,1228610.0
2024-03-18,12.3,12.72,12.2,12.43,1586786.0
2024-03-19,12.4,13.05,12.38,12.51,1186438.0
2024-03-20,12.55,12.86,12.22,12.58,1076017.0
2024-03-21,12.78,12.95,12.46,12.67,979167.0
2024-03-22,12.25,12.44,12.0,12.17,941033.0
2024-03-25,12.25,12.6,12.15,12.22,767270.0
2024-03-26,12.19,12.24,11.84,12.04,645679.0
2024-03-27,11.98,12.22,11.86,11.92,523596.0
2024-03-28,11.76,12.22,11.76,12.19,631160.0
2024-03-29,12.06,12.57,11.89,12.5,979927.0
2024-04-01,12.63,12.85,12.26,12.46,982148.0
2024-04-02,12.32,12.85,12.3,12.67,998512.0
2024-04-03,12.68,13.36,12.46,13.34,1609391.0
2024-04-08,13.45,14.75,13.35,13.73,2020937.0
2024-04-09,13.83,13.98,13.34,13.59,1102584.0
2024-04-10,13.6,14.0,13.27,13.82,1192160.0
2024-04-11,13.3,13.82,13.03,13.3,1055373.0
2024-04-12,13.4,13.65,13.11,13.51,862415.0
2024-04-15,13.21,13.64,12.74,13.61,855527.0
2024-04-16,13.44,13.56,12.58,12.64,894319.0
2024-04-17,12.6,13.39,12.59,13.33,748233.0
2024-04-18,13.31,13.95,13.2,13.87,975708.0
2024-04-19,13.79,14.53,13.57,13.85,1011407.0
2024-04-22,14.08,14.36,13.32,13.34,848629.0
2024-04-23,12.89,12.99,12.37,12.49,1019490.0
2024-04-24,12.49,13.04,12.38,13.02,599849.0
2024-04-25,12.75,13.02,12.59,12.94,458980.0
2024-04-26,12.95,13.4,12.91,13.37,773677.0
2024-04-29,13.26,13.33,12.99,13.25,639409.0
2024-04-30,13.47,13.58,13.12,13.26,535846.0
2024-05-06,13.05,13.45,12.86,13.42,573159.0
2024-05-07,13.48,13.7,13.3,13.34,557859.0
2024-05-08,13.12,13.32,13.01,13.08,349290.0
2024-05-09,13.05,13.53,13.05,13.33,426880.0
2024-05-10,13.53,13.6,13.14,13.55,515906.0
2024-05-13,13.31,13.48,13.13,13.42,405547.0
2024-05-14,13.57,13.94,13.36,13.8,745951.0
2024-05-15,13.61,13.93,13.46,13.6,569442.0
2024-05-16,13.75,13.91,13.33,13.4,518704.0
2024-05-17,13.39,13.75,13.16,13.73,493712.0
2024-05-20,14.39,15.0,14.12,14.85,1322490.0
2024-05-21,14.88,15.07,14.1,14.22,996250.0
2024-05-22,14.12,14.35,13.81,13.97,588227.0
2024-05-23,13.38,13.51,13.14,13.24,643140.0
2024-05-24,13.15,13.39,13.11,13.21,385931.0
2024-05-27,13.15,13.4,13.15,13.34,334315.0
2024-05-28,13.48,13.79,13.4,13.44,550449.0
2024-05-29,13.36,13.92,13.31,13.83,579304.0
2024-05-30,13.67,13.75,13.11,13.17,559796.0
2024-05-31,13.08,13.25,12.99,13.11,306683.0
2024-06-03,13.0,13.08,12.7,12.86,427011.0
2024-06-04,12.88,13.16,12.84,13.06,302894.0
2024-06-05,12.77,12.86,12.61,12.66,320638.0
2024-06-06,12.9,13.03,12.74,12.8,389073.0
2024-06-07,13.01,13.05,12.68,12.85,253388.0
2024-06-11,12.5,12.66,12.35,12.61,334660.0
2024-06-12,12.58,12.82,12.54,12.74,215926.0
2024-06-13,12.66,12.71,12.37,12.51,286390.0
2024-06-14,12.4,12.6,12.37,12.53,220762.0
2024-06-17,12.45,12.61,12.24,12.26,266385.0
2024-06-18,12.33,12.52,12.25,12.45,219371.0
2024-06-19,12.5,12.71,12.49,12.52,228257.0
2024-06-20,12.58,12.73,12.39,12.42,237069.0
2024-06-21,12.49,12.62,12.4,12.4,172546.0
2024-06-24,12.17,12.25,12.0,12.07,261504.0
2024-06-25,12.1,12.28,12.04,12.11,186783.0
2024-06-26,12.0,12.17,11.87,12.17,246356.0
2024-06-27,12.1,12.16,11.77,11.77,221869.0
2024-06-28,11.78,12.12,11.78,11.96,295084.0
2024-07-01,11.96,12.25,11.94,12.22,208014.0
2024-07-02,12.2,12.24,11.97,12.04,194281.0
2024-07-03,12.05,12.13,11.9,12.05,170335.0
2024-07-04,12.25,12.35,11.81,11.83,294426.0
2024-07-05,11.81,12.26,11.74,12.21,296426.0
2024-07-08,12.26,12.39,12.03,12.09,346016.0
2024-07-09,12.0,12.46,11.99,12.45,344062.0
2024-07-10,12.36,12.53,11.99,12.02,364449.0
2024-07-11,12.18,12.72,12.1,12.67,511683.0
2024-07-12,12.54,12.65,12.25,12.39,423325.0
2024-07-15,12.31,12.44,12.11,12.28,296622.0
2024-07-16,12.19,12.26,12.05,12.24,264737.0
2024-07-17,12.2,12.32,11.88,11.91,406643.0
2024-07-18,11.72,11.81,11.48,11.76,408997.0
2024-07-19,11.45,11.53,11.3,11.48,326333.0
2024-07-22,11.41,11.49,11.24,11.37,267948.0
2024-07-23,11.37,11.42,10.86,10.86,400219.0
2024-07-24,10.85,10.9,10.72,10.78,243755.0
2024-07-25,10.59,10.67,10.34,10.42,441710.0
2024-07-26,10.47,10.82,10.46,10.65,342510.0
2024-07-29,10.7,10.74,10.54,10.62,193683.0
2024-07-30,10.61,10.61,10.37,10.47,236576.0
2024-07-31,10.58,10.89,10.51,10.89,351234.0
2024-08-01,11.07,11.15,10.83,10.88,312352.0
2024-08-02,10.66,10.73,10.58,10.67,276448.0
2024-08-05,10.6,10.77,10.4,10.4,284255.0
2024-08-06,10.49,10.56,10.36,10.49,203558.0
2024-08-07,10.44,10.68,10.39,10.53,218219.0
2024-08-08,10.45,10.54,10.33,10.49,187373.0
2024-08-09,10.68,10.75,10.56,10.57,239206.0
2024-08-12,10.52,10.63,10.46,10.51,149343.0
2024-08-13,10.57,10.62,10.4,10.54,148568.0
2024-08-14,10.51,10.54,10.36,10.37,138919.0
2024-08-15,10.35,10.56,10.31,10.53,194314.0
2024-08-16,10.61,10.7,10.46,10.53,205171.0
2024-08-19,10.51,10.79,10.51,10.68,253421.0
2024-08-20,10.72,10.75,10.4,10.44,219871.0
2024-08-21,10.38,10.54,10.34,10.51,133500.0
2024-08-22,10.46,10.52,10.31,10.33,138842.0
2024-08-23,10.27,10.39,10.18,10.37,116069.0
2024-08-26,10.47,10.68,10.45,10.65,219662.0
2024-08-27,10.59,10.61,10.39,10.48,165812.0
2024-08-28,10.48,10.66,10.35,10.39,222579.0
2024-08-29,10.32,10.56,10.25,10.52,189015.0
2024-08-30,10.6,10.89,10.46,10.74,345350.0
2024-09-02,10.7,10.79,10.5,10.51,251906.0
2024-09-03,10.54,10.78,10.52,10.65,254873.0
2024-09-04,10.53,10.55,10.28,10.31,302610.0
2024-09-05,10.35,10.46,10.2,10.26,208317.0
2024-09-06,10.3,10.38,10.2,10.23,169758.0
2024-09-09,10.12,10.16,9.98,10.15,210421.0
2024-09-10,10.17,10.23,9.99,10.19,162014.0
2024-09-11,10.13,10.23,10.09,10.18,138955.0
2024-09-12,10.22,10.37,10.17,10.24,157500.0
2024-09-13,10.4,10.44,10.17,10.18,156205.0
2024-09-18,10.21,10.4,10.11,10.39,224866.0
2024-09-19,10.4,10.84,10.27,10.84,424085.0
2024-09-20,10.77,11.0,10.75,11.0,333170.0
2024-09-23,10.9,11.09,10.88,10.91,240372.0
2024-09-24,11.02,11.38,10.97,11.34,396890.0
2024-09-25,11.57,11.79,11.37,11.4,500806.0
2024-09-26,11.37,11.89,11.37,11.89,416157.0
2024-09-27,12.15,12.42,11.93,12.27,722279.0
2024-09-30,12.73,13.48,12.6,13.45,1007616.0
2024-10-08,14.84,14.84,13.11,13.73,1348452.0
2024-10-09,13.26,13.37,12.63,12.73,853389.0
2024-10-10,12.76,13.47,12.73,13.1,616820.0
2024-10-11,13.21,13.22,12.69,12.84,394227.0
2024-10-14,12.89,13.22,12.83,13.07,432177.0
2024-10-15,12.98,13.1,12.67,12.67,381320.0
2024-10-16,12.49,12.96,12.48,12.8,294174.0
2024-10-17,12.86,13.0,12.6,12.6,273857.0
2024-10-18,12.63,13.05,12.56,12.81,455910.0
2024-10-21,12.95,13.17,12.84,12.94,487653.0
2024-10-22,12.88,13.19,12.83,13.06,375168.0
2024-10-23,13.06,13.18,12.93,13.06,384122.0
2024-10-24,12.97,13.05,12.82,13.03,258324.0
2024-10-25,13.02,13.13,12.93,12.98,305669.0
2024-10-28,12.93,13.09,12.86,13.01,407970.0
2024-10-29,13.02,13.07,12.78,12.79,378269.0
2024-10-30,12.76,12.9,12.51,12.63,381858.0
2024-10-31,12.61,12.75,12.55,12.65,310411.0
2024-11-01,12.58,13.63,12.57,13.23,1163794.0
2024-11-04,13.36,13.5,12.98,13.5,669341.0
2024-11-05,13.42,13.81,13.33,13.75,798878.0
2024-11-06,13.76,13.88,13.54,13.62,753637.0
2024-11-07,13.23,13.7,13.15,13.7,595538.0
2024-11-08,14.05,14.17,13.44,13.58,695645.0
2024-11-11,13.38,13.45,13.18,13.42,457489.0
2024-11-12,13.33,13.54,12.98,13.1,489348.0
2024-11-13,13.03,13.24,13.0,13.1,300632.0
2024-11-14,13.08,13.21,12.75,12.8,357034.0
2024-11-15,12.85,12.94,12.58,12.58,286191.0
2024-11-18,12.61,12.77,12.36,12.45,385773.0
2024-11-19,12.48,12.67,12.37,12.56,261062.0
2024-11-20,12.58,12.67,12.51,12.59,252692.0
2024-11-21,12.53,12.63,12.43,12.55,238242.0
2024-11-22,12.55,12.58,12.11,12.12,331427.0
2024-11-25,12.17,12.27,11.97,12.1,242502.0
2024-11-26,12.05,12.18,11.98,11.99,235381.0
2024-11-27,11.96,12.15,11.75,12.15,263269.0
2024-11-28,12.1,12.16,12.01,12.03,216374.0
2024-11-29,12.03,12.25,11.98,12.2,265810.0
2024-12-02,12.16,12.39,12.13,12.33,295070.0
2024-12-03,12.36,12.36,12.2,12.34,200362.0
2024-12-04,12.36,12.41,12.19,12.26,230394.0
2024-12-05,12.18,12.23,12.12,12.2,204061.0
2024-12-06,12.19,12.47,12.17,12.43,300547.0
2024-12-09,12.43,12.69,12.37,12.47,322150.0
2024-12-10,12.83,12.86,12.44,12.45,390478.0
2024-12-11,12.46,12.98,12.46,12.78,479204.0
2024-12-12,12.78,12.88,12.71,12.83,262984.0
2024-12-13,12.66,12.71,12.4,12.43,386975.0
2024-12-16,12.41,12.47,12.2,12.27,213819.0
2024-12-17,12.25,12.36,12.17,12.23,195599.0
2024-12-18,12.27,12.31,12.16,12.21,160953.0
2024-12-19,12.08,12.25,11.94,12.21,176311.0
2024-12-20,12.16,12.22,12.04,12.06,200722.0
2024-12-23,12.09,12.25,12.03,12.07,210700.0
2024-12-24,12.06,12.23,12.02,12.21,181669.0
2024-12-25,12.27,12.27,12.02,12.07,208858.0
2024-12-26,12.06,12.24,12.02,12.14,152320.0
2024-12-27,12.17,12.27,12.13,12.14,187136.0
2024-12-30,12.14,12.19,12.09,12.18,165982.0
2024-12-31,12.16,12.16,11.71,11.72,329127.0
2025-01-02,11.74,11.89,11.41,11.51,263544.0
2025-01-03,11.55,12.01,11.55,11.58,424980.0
2025-01-06,11.61,11.99,11.43,11.81,324051.0
2025-01-07,11.81,11.96,11.67,11.95,253515.0
2025-01-08,11.85,11.9,11.43,11.66,308110.0
2025-01-09,11.66,11.78,11.59,11.72,169181.0
2025-01-10,11.72,11.92,11.63,11.65,217677.0
2025-01-13,11.53,12.12,11.48,12.08,525859.0
2025-01-14,12.03,12.27,11.96,12.23,443794.0
2025-01-15,12.13,12.26,11.98,12.09,261972.0
2025-01-16,12.23,12.42,12.12,12.25,389154.0
2025-01-17,12.18,12.32,12.13,12.27,244305.0
2025-01-20,12.27,12.29,12.14,12.17,204812.0
2025-01-21,12.21,12.24,12.03,12.22,198222.0
2025-01-22,12.2,12.23,12.04,12.12,172340.0
2025-01-23,12.17,12.29,11.98,11.99,261917.0
2025-01-24,12.05,12.25,11.99,12.22,260314.0
2025-01-27,12.23,12.36,12.19,12.24,249987.0
2025-02-05,12.31,12.33,12.09,12.17,225041.0
2025-02-06,12.21,12.32,12.16,12.32,277874.0
2025-02-07,12.27,12.65,12.22,12.63,431606.0
2025-02-10,12.68,12.76,12.52,12.58,379874.0
2025-02-11,12.56,12.99,12.53,12.75,550010.0
2025-02-12,12.62,12.68,12.46,12.57,390769.0
2025-02-13,12.58,12.75,12.52,12.53,299118.0
2025-02-14,12.56,12.73,12.46,12.68,353919.0
2025-02-17,12.52,12.52,12.27,12.34,441768.0
2025-02-18,12.33,12.37,12.16,12.19,228891.0
2025-02-19,12.19,12.3,12.16,12.29,212490.0
2025-02-20,12.25,12.31,12.16,12.25,216829.0
2025-02-21,12.27,12.48,12.24,12.29,317534.0
2025-02-24,12.23,12.39,12.18,12.29,241254.0
2025-02-25,12.23,12.28,12.03,12.06,245779.0
2025-02-26,12.17,12.47,12.17,12.33,393336.0
2025-02-27,12.38,12.55,12.15,12.25,285899.0
2025-02-28,12.18,12.22,11.96,11.98,245561.0
2025-03-03,11.99,12.27,11.99,12.14,254081.0
2025-03-04,12.09,12.21,12.06,12.15,135209.0
2025-03-05,12.15,12.39,12.03,12.38,283701.0
2025-03-06,12.66,12.98,12.63,12.73,755945.0
2025-03-07,12.76,13.14,12.76,13.0,655203.0
2025-03-10,13.06,13.13,12.79,12.95,405475.0
2025-03-11,12.71,12.98,12.66,12.98,311060.0
2025-03-12,13.13,13.23,12.99,13.15,468998.0
2025-03-13,13.14,13.3,13.02,13.16,409979.0
2025-03-14,13.43,13.51,13.17,13.31,565063.0
2025-03-17,13.23,13.35,13.13,13.16,323765.0
2025-03-18,13.24,13.48,13.17,13.25,467921.0
2025-03-19,13.22,13.27,13.06,13.24,264433.0
2025-03-20,13.5,13.58,13.23,13.25,428333.0
2025-03-21,13.13,13.53,13.1,13.19,518548.0
2025-03-24,13.25,14.11,13.19,13.79,1251939.0
2025-03-25,13.83,14.39,13.71,13.91,1367594.0
2025-03-26,13.82,14.41,13.45,13.48,1781190.0
2025-03-27,13.13,13.3,12.88,12.91,1063534.0
2025-03-28,12.82,13.01,12.59,12.72,619650.0
2025-03-31,12.67,12.7,12.3,12.46,547024.0
2025-04-01,12.5,12.61,12.43,12.53,383642.0
2025-04-02,12.54,12.76,12.43,12.48,433043.0
2025-04-03,12.27,12.41,12.19,12.26,410442.0
2025-04-07,11.01,11.1,10.99,10.99,470517.0
2025-04-08,10.73,10.8,10.31,10.51,797109.0
2025-04-09,10.26,10.65,10.01,10.6,588172.0
2025-04-10,10.88,11.08,10.75,10.92,591134.0
2025-04-11,10.81,10.98,10.76,10.9,335883.0
2025-04-14,11.06,11.25,11.01,11.09,433407.0
2025-04-15,11.09,11.13,10.93,11.01,220315.0
2025-04-16,10.97,11.04,10.74,10.85,276608.0
2025-04-17,10.97,11.02,10.83,10.84,253461.0
2025-04-18,10.83,10.93,10.75,10.9,194008.0
2025-04-21,10.89,11.23,10.86,11.2,327897.0
2025-04-22,11.18,11.34,11.14,11.26,305449.0
2025-04-23,11.37,11.41,11.22,11.25,290153.0
2025-04-24,11.26,11.31,11.11,11.14,231656.0
2025-04-25,11.24,11.47,11.23,11.3,406616.0
2025-04-28,11.27,11.3,11.13,11.25,191253.0
2025-04-29,11.22,11.29,11.16,11.21,153894.0
2025-04-30,11.2,11.27,11.16,11.17,169653.0
2025-05-06,11.2,11.38,11.2,11.38,255807.0
2025-05-07,11.49,11.56,11.36,11.45,275331.0
2025-05-08,11.37,11.55,11.34,11.51,200378.0
2025-05-09,11.5,11.54,11.39,11.46,177430.0
2025-05-12,11.52,11.64,11.49,11.63,207114.0
2025-05-26,12.03,12.03,11.05,11.46,749911.0
2025-05-27,11.46,11.49,11.17,11.25,380195.0
2025-05-28,11.24,11.38,11.22,11.24,224067.0
2025-05-29,11.26,11.43,11.22,11.42,232300.0
2025-05-30,11.45,11.45,11.26,11.3,197503.0
2025-06-03,11.3,11.42,11.3,11.39,198965.0
2025-06-04,11.39,11.69,11.39,11.66,272796.0
2025-06-05,11.66,11.68,11.55,11.59,170010.0
2025-06-06,11.66,11.83,11.66,11.74,284719.0
2025-06-09,11.71,11.84,11.62,11.79,239997.0
2025-06-10,11.79,11.83,11.63,11.72,277079.0
2025-06-11,11.72,11.93,11.71,11.86,318227.0
2025-06-12,11.84,11.9,11.78,11.86,231005.0
2025-06-13,11.87,11.94,11.74,11.79,322469.0
2025-06-16,11.73,11.84,11.7,11.74,208358.0
2025-06-17,11.74,11.78,11.68,11.72,136943.0
2025-06-18,11.74,11.74,11.58,11.71,180885.0
2025-06-19,11.63,11.68,11.47,11.51,211053.0
2025-06-20,11.51,11.57,11.45,11.45,135832.0
2025-06-23,11.44,11.55,11.43,11.51,142920.0
2025-06-24,11.55,11.76,11.51,11.7,227824.0
2025-06-25,11.75,11.85,11.69,11.83,253303.0
2025-06-26,11.81,11.96,11.79,11.85,266441.0
2025-06-27,12.03,12.56,12.03,12.39,788390.0
2025-06-30,12.66,12.76,12.4,12.49,735174.0
2025-07-01,12.43,12.76,12.25,12.76,709205.0
2025-07-02,12.58,13.41,12.53,13.02,1269282.0
2025-07-03,13.02,13.21,12.86,12.96,682797.0
2025-07-04,12.84,12.89,12.58,12.61,679176.0
2025-07-07,12.53,12.66,12.45,12.55,288873.0
2025-07-08,12.55,12.66,12.54,12.6,324792.0
2025-07-09,12.97,12.97,12.43,12.48,688028.0
2025-07-10,12.44,12.6,12.43,12.58,402911.0
2025-07-11,12.57,12.97,12.53,12.8,747575.0
2025-07-14,12.8,12.97,12.8,12.82,493926.0
2025-07-15,12.7,12.87,12.6,12.69,389662.0
2025-07-16,12.66,12.73,12.49,12.56,245179.0
2025-07-17,12.55,12.6,12.48,12.58,226000.0
2025-07-18,12.65,12.84,12.61,12.74,410682.0
2025-07-21,12.85,13.3,12.83,13.28,744544.0
2025-07-22,13.17,13.72,13.12,13.71,934478.0
2025-07-23,13.64,13.64,13.37,13.39,663498.0
2025-07-24,13.37,13.86,13.36,13.82,823956.0
2025-07-25,13.69,13.72,13.51,13.56,511087.0
2025-07-28,13.45,13.6,13.25,13.53,488370.0
2025-07-29,13.48,13.52,13.28,13.41,337071.0
2025-07-30,13.42,13.53,13.14,13.27,416070.0
2025-07-31,12.97,13.05,12.67,12.72,641255.0
2025-08-01,12.74,12.87,12.68,12.74,275654.0
2025-08-04,12.69,12.85,12.69,12.83,262811.0
2025-08-05,12.86,13.05,12.79,12.96,334081.0
2025-08-06,12.88,13.42,12.86,13.3,638179.0
2025-08-07,13.27,13.33,13.01,13.2,356762.0
2025-08-08,13.12,13.4,13.12,13.35,358167.0
2025-08-11,13.41,13.47,13.29,13.42,369877.0
2025-08-12,13.32,13.42,13.23,13.39,395572.0
2025-08-13,13.42,13.73,13.42,13.62,599581.0
2025-08-14,13.53,13.99,13.44,13.48,657825.0
2025-08-15,13.42,14.01,13.39,13.85,704520.0
2025-08-18,13.85,13.89,13.58,13.66,683763.0
2025-08-19,13.64,13.72,13.41,13.53,595705.0
2025-08-20,13.43,13.77,13.43,13.65,464806.0
2025-08-21,13.64,13.79,13.45,13.52,421192.0
2025-08-22,13.47,13.65,13.43,13.63,419776.0
2025-08-25,13.89,14.77,13.89,14.47,1468018.0
2025-08-26,14.57,14.84,14.47,14.6,965475.0
2025-08-27,14.51,14.79,14.09,14.12,783000.0
2025-08-28,14.08,14.25,13.74,14.16,663591.0
2025-08-29,14.28,15.05,14.27,14.63,1039031.0
2025-09-01,15.03,15.07,14.67,15.0,1248717.0
2025-09-02,15.19,15.33,14.74,14.93,1198287.0
2025-09-03,15.27,15.54,14.53,14.71,1110502.0
2025-09-04,14.71,15.11,14.07,14.34,1026398.0
2025-09-05,14.3,14.96,14.28,14.9,757730.0
2025-09-08,14.95,15.02,14.59,14.68,728390.0
2025-09-09,14.66,15.32,14.6,14.92,1048772.0
2025-09-10,14.75,14.95,14.55,14.89,611084.0
2025-09-11,14.97,15.17,14.84,15.12,822825.0
2025-09-12,15.46,16.66,15.44,16.46,2237925.0
2025-09-15,16.35,16.67,16.13,16.16,1393871.0
2025-09-16,16.41,16.52,15.27,15.73,1544444.0
2025-09-17,15.57,16.55,15.45,16.31,1479746.0
2025-09-18,15.73,15.73,15.07,15.28,1490336.0
2025-09-19,15.18,15.42,15.02,15.35,702478.0
2025-09-22,15.43,15.51,14.85,15.15,666468.0
2025-09-23,15.08,15.34,14.54,14.82,682525.0
2025-09-24,14.72,14.94,14.63,14.93,524163.0
2025-09-25,15.82,16.02,15.39,15.56,1563695.0
2025-09-26,15.53,16.43,15.53,15.78,1315197.0
2025-09-29,16.03,16.11,15.6,16.04,1114908.0
2025-09-30,16.39,17.44,16.27,17.25,1650738.0
2025-10-09,18.62,19.0,18.13,19.0,1524001.0
2025-10-10,19.17,20.59,19.0,19.35,2619849.0
2025-10-13,18.56,19.19,18.13,18.82,2084664.0
2025-10-14,19.42,19.57,17.95,18.06,1710951.0
2025-10-15,18.4,18.47,17.84,18.33,959288.0
2025-10-16,18.28,18.72,17.97,18.11,989504.0
2025-10-17,18.37,18.48,17.54,17.59,890813.0
2025-10-20,17.91,18.17,17.44,17.71,753410.0
2025-10-21,17.87,18.2,17.72,17.96,712132.0
2025-10-22,17.1,17.61,17.02,17.5,700780.0
2025-10-23,17.45,17.71,17.0,17.68,581211.0
2025-10-24,17.95,18.37,17.82,18.36,855893.0
2025-10-27,18.33,18.81,18.16,18.41,1512437.0
2025-10-28,18.07,18.1,17.34,17.36,1054896.0
2025-10-29,17.52,18.39,17.52,18.28,1006941.0
2025-10-30,18.1,18.77,17.93,18.34,1184415.0
2025-10-31,17.99,18.25,17.78,17.81,721116.0
2025-11-03,17.76,17.77,16.6,17.14,961105.0
2025-11-04,16.93,17.02,16.42,16.58,614693.0
2025-11-05,16.27,16.79,16.17,16.68,494547.0
2025-11-06,16.68,17.41,16.68,17.4,734438.0
2025-11-07,17.17,17.37,17.03,17.19,406893.0
2025-11-10,17.37,17.57,17.07,17.25,534911.0
2025-11-11,17.46,17.51,16.99,17.04,443742.0
2025-11-12,16.94,17.42,16.72,17.1,534720.0
2025-11-13,17.22,17.88,17.17,17.75,909550.0
2025-11-14,17.47,17.65,17.27,17.41,470847.0
2025-11-17,17.27,17.32,16.92,17.14,464252.0
2025-11-18,17.03,17.07,16.59,16.73,496539.0
2025-11-19,16.73,17.03,16.58,16.87,421423.0
2025-11-20,16.97,17.27,16.73,16.75,453264.0
2025-11-21,16.43,16.46,15.72,15.72,682655.0
2025-11-24,15.87,16.04,15.65,15.95,358036.0
2025-11-25,16.07,16.26,16.02,16.09,354653.0
2025-11-26,16.09,16.36,16.04,16.1,367724.0
2025-11-27,16.28,16.53,16.05,16.11,362085.0
2025-11-28,16.13,16.4,16.07,16.39,336012.0
2025-12-01,17.17,17.89,17.17,17.61,1084852.0
2025-12-02,17.48,17.61,17.25,17.6,520491.0
2025-12-03,17.57,17.87,17.38,17.59,551223.0
2025-12-04,18.13,18.23,17.67,17.72,803308.0
2025-12-05,17.58,18.26,17.57,18.26,941680.0
2025-12-08,18.27,18.54,17.87,18.38,987093.0
2025-12-09,18.08,18.12,17.46,17.57,772503.0
2025-12-10,17.7,17.77,17.35,17.58,479883.0
2025-12-11,17.73,17.82,17.12,17.16,554309.0
2025-12-12,17.47,17.54,17.29,17.42,448331.0
2025-12-15,17.07,17.41,17.02,17.13,368315.0
2025-12-16,17.09,17.17,16.42,16.53,472387.0
2025-12-17,16.59,17.17,16.5,17.03,467057.0
2025-12-18,16.97,17.39,16.87,17.04,373432.0
2025-12-19,17.02,17.6,16.92,17.54,545618.0
2025-12-22,17.68,17.93,17.67,17.86,590697.0
2025-12-23,17.89,18.15,17.67,17.87,535689.0
2025-12-24,18.16,18.22,17.88,18.11,535950.0
2025-12-25,17.93,18.25,17.68,18.08,495741.0
2025-12-26,18.34,19.67,18.3,19.48,1582713.0
2025-12-29,19.78,19.85,19.04,19.07,1458376.0
2025-12-30,18.27,19.43,18.23,19.21,1051562.0
2025-12-31,19.26,20.71,19.13,20.28,1676177.0
2026-01-05,20.43,20.66,19.81,20.11,1302887.0
2026-01-06,20.52,21.51,20.42,21.02,1367476.0
2026-01-07,20.8,20.91,20.27,20.49,1224590.0
2026-01-08,20.23,21.07,20.21,20.59,1062990.0
2026-01-09,20.32,22.32,20.3,21.95,1587610.0
2026-01-12,22.43,22.46,21.55,21.94,1272405.0
2026-01-13,21.88,22.64,21.68,21.85,1186882.0
2026-01-14,21.97,23.02,21.79,22.64,1577075.0
2026-01-15,22.45,23.72,22.15,22.71,1480620.0
2026-01-16,22.49,23.7,22.37,22.5,1501351.0
2026-01-19,22.38,22.46,20.97,21.65,1295496.0
2026-01-20,21.73,21.97,20.67,21.47,1142210.0
2026-01-21,21.45,22.22,21.2,22.08,951477.0
2026-01-22,21.87,22.12,21.62,22.03,639670.0
2026-01-23,22.38,23.65,22.01,23.28,1267284.0
2026-01-26,24.14,25.11,24.07,24.92,1696181.0
2026-01-27,24.12,24.65,23.58,24.12,1375890.0
2026-01-28,24.5,26.56,23.75,26.56,1926430.0
2026-01-29,27.35,29.24,25.78,29.24,2723100.0
2026-01-30,27.42,28.95,26.29,26.29,1705113.0
2026-02-02,23.64,23.64,23.64,23.64,172772.0
2026-02-03,22.65,24.83,22.34,24.46,2000832.0
2026-02-04,24.77,25.09,23.83,24.18,1194464.0
2026-02-05,23.36,23.83,22.38,22.77,1097451.0
2026-02-06,21.75,22.92,21.53,22.38,902305.0
2026-02-09,22.82,22.94,22.47,22.57,647126.0
2026-02-10,22.67,22.99,22.33,22.39,578686.0
2026-02-11,22.32,23.02,22.3,22.64,596955.0
2026-02-12,22.65,23.33,22.55,22.78,658122.0
2026-02-13,22.27,22.65,22.12,22.15,583889.0
2026-02-24,22.72,23.5,22.67,23.24,847398.0
2026-02-25,23.31,24.73,23.09,24.19,983531.0
2026-02-26,24.23,24.38,23.8,23.94,698890.0
2026-02-27,23.77,25.47,23.72,25.37,1119529.0
2026-03-02,25.5,26.78,24.49,26.46,1388882.0
2026-03-03,25.77,26.09,24.37,24.42,1192867.0
2026-03-04,23.74,24.89,23.57,23.8,827393.0
2026-03-05,24.29,24.34,23.35,23.66,687704.0
2026-03-06,23.42,23.67,22.82,23.17,544771.0
2026-03-09,22.53,23.01,21.87,22.89,698120.0
2026-03-10,23.36,23.46,22.91,23.13,412246.0
2026-03-11,23.14,23.36,22.83,22.9,398186.0
2026-03-12,22.72,23.14,22.4,22.79,480326.0
2026-03-13,22.53,23.24,22.07,22.22,553715.0
2026-03-16,21.77,21.83,20.47,21.07,925198.0
2026-03-17,21.3,21.33,20.51,20.59,503403.0
2026-03-18,20.74,20.74,20.06,20.25,507768.0
2026-03-19,19.67,19.81,18.7,18.8,916831.0
2026-03-20,19.1,19.25,18.46,18.47,597899.0
2026-03-23,18.15,18.42,17.42,17.54,741496.0
2026-03-24,18.0,18.16,17.53,18.15,573900.0
2026-03-25,18.57,18.8,18.3,18.4,706997.0
2026-03-26,18.32,18.51,17.99,18.12,381491.0
2026-03-27,17.37,18.29,17.3,18.24,524578.0
2026-03-30,18.06,18.25,17.79,18.15,363702.0
2026-03-31,18.22,18.39,17.77,17.8,358612.0
2026-04-01,18.43,18.57,18.08,18.29,438070.0
2026-04-02,18.19,18.24,17.47,17.62,413885.0
2026-04-03,17.69,17.76,17.15,17.17,293598.0
2026-04-07,17.23,17.52,17.13,17.4,249526.0
2026-04-08,18.03,18.74,18.02,18.71,655989.0
2026-04-09,18.32,18.7,18.27,18.51,390381.0
2026-04-10,18.64,18.8,18.39,18.42,424371.0
2026-04-13,18.35,18.82,18.28,18.76,405694.0
2026-04-14,19.48,19.75,18.95,19.28,609361.0
2026-04-15,19.65,19.92,19.02,19.07,634855.0
2026-04-16,19.17,19.41,19.0,19.37,440645.0
2026-04-17,19.2,19.84,19.16,19.59,490975.0
2026-04-20,19.76,19.79,19.34,19.5,529828.0
2026-04-21,19.4,19.43,19.08,19.35,299044.0
2026-04-22,19.17,19.7,19.07,19.57,365488.0
2026-04-23,19.72,19.89,18.9,19.12,477920.0
2026-04-24,18.97,19.52,18.82,19.38,443154.0
2026-04-27,19.37,19.63,19.12,19.26,275296.0
2026-04-28,19.14,19.14,18.63,18.8,361492.0
2026-04-29,18.57,19.25,18.37,19.19,469557.0
2026-04-30,19.07,19.31,18.67,18.87,425798.0
2026-05-06,19.17,19.87,19.0,19.76,733992.0
2026-05-07,20.18,20.26,19.59,19.9,556533.0
2026-05-08,19.71,20.43,19.57,20.27,628391.0
2026-05-11,20.27,20.41,19.9,20.13,595039.0
2026-05-12,20.68,20.75,20.02,20.14,715586.0
2026-05-13,20.54,20.92,20.22,20.45,721234.0
2026-05-14,20.33,20.65,19.51,19.51,659968.0
2026-05-15,19.46,19.47,18.08,18.24,791508.0
2026-05-18,17.82,18.2,17.53,18.11,457110.0
2026-05-19,18.08,18.08,17.43,17.75,414534.0
2026-05-20,17.53,17.8,17.07,17.64,452198.0
2026-05-21,17.97,18.27,17.04,17.06,505606.0
2026-05-22,17.25,18.35,17.01,18.06,560722.0
2026-05-25,18.29,18.61,17.9,18.17,428642.0
2026-05-26,18.01,18.72,17.7,18.64,572021.0
2026-05-27,18.59,18.8,17.74,17.78,478156.0
2026-05-28,17.68,17.87,17.25,17.72,386331.0
2026-05-29,18.06,18.27,17.65,17.72,489674.0
2026-06-01,17.71,18.23,17.61,17.9,411108.0
2026-06-02,18.18,19.22,18.0,19.0,933095.0
2026-06-03,18.88,19.17,18.58,18.84,688117.0
2026-06-04,18.55,18.58,17.75,17.9,576479.0
2026-06-05,17.88,18.25,17.28,17.32,533510.0
2026-06-08,16.52,16.6,15.91,15.97,657987.0
2026-06-09,16.09,16.26,15.66,16.22,399145.0
2026-06-10,15.9,16.11,15.72,15.96,339893.0
2026-06-11,15.8,16.37,15.69,16.08,392509.0
2026-06-12,16.41,17.69,16.41,17.27,1017684.0
2026-06-15,17.47,18.27,17.29,18.23,1043844.0
2026-06-16,18.0,18.12,17.74,17.82,593126.0
2026-06-17,17.88,18.03,17.61,17.93,443025.0
2026-06-18,17.84,19.55,17.76,18.66,1028583.0
2026-06-22,18.56,19.67,18.1,19.63,1051289.0
2026-06-23,19.56,19.56,17.67,17.68,1030929.0
2026-06-24,17.5,17.8,17.05,17.45,528139.0
2026-06-25,16.96,17.26,16.68,16.8,575998.0
2026-06-26,17.05,17.12,15.87,15.92,560010.0
2026-06-29,15.94,16.45,15.75,16.31,454252.0
2026-06-30,15.99,15.99,15.51,15.88,493380.0
2026-07-01,15.75,16.18,15.51,15.86,441030.0
2026-07-02,15.92,16.23,15.6,15.83,508227.0
2026-07-03,16.13,16.52,16.06,16.17,514212.0
2026-07-06,16.2,16.55,15.92,15.98,394347.0
2026-07-07,15.77,15.82,15.4,15.43,308293.0
2026-07-08,15.3,15.42,15.0,15.02,288054.0
2026-07-09,14.94,15.14,14.26,15.06,460497.0
2026-07-10,15.2,15.63,14.93,15.24,411216.0
2026-07-13,14.95,15.09,14.48,14.48,338937.0
2026-07-14,14.48,15.35,14.39,15.33,427575.0
2026-07-15,15.38,15.41,15.02,15.07,311452.0
2026-07-16,14.87,15.26,14.79,14.96,254028.0
2026-07-17,14.91,14.96,14.31,14.32,401333.0
