date,open,high,low,close,volume
2015-01-05,1.15,1.44,1.15,1.41,8915831.97
2015-01-06,1.41,1.6,1.31,1.51,8335162.06
2015-01-07,1.56,1.86,1.51,1.74,8572300.04
2015-01-08,1.66,1.7,1.54,1.56,5383670.75
2015-01-09,1.54,1.62,1.48,1.5,3840604.07
2015-01-12,1.49,1.58,1.46,1.52,3237778.57
2015-01-13,1.56,1.63,1.42,1.48,3023217.97
2015-01-14,1.48,1.48,1.29,1.35,3220812.16
2015-01-15,1.32,1.4,1.21,1.39,2667236.69
2015-01-16,1.66,1.74,1.47,1.53,4548177.45
2015-01-19,1.45,1.67,1.21,1.36,5847175.49
2015-01-20,1.33,1.44,1.27,1.4,3367771.5
2015-01-21,1.45,1.55,1.44,1.53,3989771.86
2015-01-22,1.48,1.81,1.46,1.68,7978007.46
2015-01-23,1.75,1.81,1.57,1.6,5331354.3
2015-01-26,1.6,1.65,1.56,1.63,2696237.46
2015-01-27,1.57,1.6,1.46,1.55,3734379.95
2015-01-28,1.55,1.57,1.48,1.5,1827458.0
2015-01-29,1.45,1.46,1.37,1.41,2280836.94
2015-01-30,1.36,1.41,1.34,1.35,2255130.92
2015-02-02,1.35,1.39,1.27,1.34,1604055.67
2015-02-03,1.35,1.39,1.3,1.39,1512321.26
2015-02-04,1.36,1.38,1.29,1.3,1823359.7
2015-02-05,1.37,1.38,1.24,1.25,1773404.08
2015-02-06,1.22,1.22,1.06,1.1,2418066.49
2015-02-09,1.06,1.11,0.99,1.07,1687746.08
2015-02-10,1.06,1.13,1.04,1.13,1041039.85
2015-02-11,1.13,1.17,1.11,1.14,1041090.32
2015-02-12,1.12,1.15,1.07,1.13,1066210.51
2015-02-13,1.14,1.23,1.14,1.2,1598398.5
2015-02-16,1.22,1.23,1.18,1.22,948848.98
2015-02-17,1.23,1.25,1.23,1.25,935349.93
2015-02-25,1.22,1.22,1.16,1.18,1431894.95
2015-02-26,1.18,1.28,1.14,1.28,1780963.96
2015-02-27,1.28,1.32,1.24,1.31,1694018.51
2015-03-02,1.34,1.43,1.32,1.4,2457583.04
2015-03-03,1.37,1.37,1.29,1.31,2123375.66
2015-03-04,1.3,1.33,1.27,1.3,1329912.54
2015-03-05,1.3,1.3,1.19,1.22,1560098.72
2015-03-06,1.2,1.31,1.17,1.26,1790959.5
2015-03-09,1.2,1.26,1.16,1.25,1518028.56
2015-03-10,1.23,1.25,1.21,1.23,1086411.64
2015-03-11,1.22,1.26,1.2,1.21,1076219.02
2015-03-12,1.2,1.24,1.15,1.24,1637473.64
2015-03-13,1.24,1.28,1.21,1.26,1634680.85
2015-03-16,1.26,1.33,1.25,1.33,2259666.77
2015-03-17,1.34,1.45,1.31,1.43,4703489.43
2015-03-18,1.45,1.69,1.44,1.62,6389742.16
2015-03-19,1.66,1.81,1.59,1.67,7569806.96
2015-03-20,1.7,1.72,1.61,1.64,4276183.08
2015-03-23,1.71,1.8,1.7,1.76,6050571.12
2015-03-24,1.79,2.16,1.74,2.16,14036441.23
2015-03-25,2.25,2.42,2.21,2.28,14362686.38
2015-03-26,2.27,2.27,2.07,2.17,7119153.48
2015-03-27,2.22,2.29,2.17,2.19,4691806.85
2015-03-30,2.17,2.25,2.06,2.21,5973943.21
2015-03-31,2.2,2.2,2.07,2.08,4896260.31
2015-04-01,2.08,2.14,2.07,2.12,3021483.59
2015-04-02,2.17,2.22,2.12,2.2,4640260.59
2015-04-03,2.18,2.3,2.14,2.22,4826671.01
2015-04-07,2.28,2.34,2.26,2.32,6188779.2
2015-04-08,2.32,2.33,2.16,2.23,5164198.94
2015-04-09,2.23,2.25,2.06,2.09,4873263.85
2015-04-10,2.07,2.15,2.02,2.14,3262177.86
2015-04-13,2.16,2.25,2.13,2.23,4745824.79
2015-04-14,2.23,2.41,2.16,2.38,8120167.71
2015-04-15,2.37,2.48,2.27,2.36,7481875.85
2015-04-16,2.34,2.71,2.28,2.62,8510538.65
2015-04-17,2.62,2.82,2.56,2.76,9114781.32
2015-04-20,2.77,3.22,2.62,2.96,11160984.57
2015-04-21,2.88,3.04,2.84,3.0,6424330.68
2015-05-27,3.52,3.52,3.52,3.52,125556.48
2015-05-28,4.1,4.1,4.1,4.1,220880.67
2015-05-29,4.73,4.73,4.46,4.73,10047502.07
2015-06-01,5.25,5.25,4.47,4.94,22306252.5
2015-06-02,4.83,4.84,4.62,4.73,10336012.12
2015-06-03,4.72,4.72,4.26,4.48,8742277.97
2015-06-04,4.4,4.4,3.86,4.28,7383249.33
2015-06-05,4.32,4.76,4.32,4.54,8915165.65
2015-06-08,4.55,4.57,4.29,4.4,8060157.03
2015-06-09,4.39,4.4,4.26,4.33,5161545.84
2015-06-10,4.26,4.4,4.16,4.31,4939087.5
2015-06-11,4.28,4.28,4.16,4.22,4571942.62
2015-06-12,4.22,4.25,4.16,4.2,4601868.22
2015-06-15,4.2,4.35,4.04,4.28,7514977.47
2015-06-16,4.16,4.25,4.03,4.06,4517567.0
2015-06-17,4.05,4.1,3.76,4.05,4927711.96
2015-06-18,4.02,4.16,3.92,3.94,4604625.09
2015-06-19,3.87,4.02,3.32,3.36,5001720.56
2015-06-23,3.34,3.43,2.87,3.34,5238962.07
2015-06-24,3.38,3.7,3.32,3.64,5941552.05
2015-06-25,3.7,3.73,3.26,3.34,4441228.59
2015-06-26,3.19,3.2,2.78,2.8,5190334.37
2015-06-29,2.97,3.04,2.3,2.51,6030304.21
2015-06-30,2.36,2.89,2.15,2.88,6171242.12
2015-07-01,2.85,2.93,2.51,2.59,4651076.44
2015-07-02,2.71,2.71,2.19,2.25,4126347.36
2015-07-03,2.23,2.31,1.8,1.84,5111732.41
2015-07-06,2.23,2.25,1.76,2.04,6143519.53
2015-07-07,1.91,2.02,1.61,1.86,7140810.51
2015-07-08,1.55,1.71,1.45,1.45,4746357.88
2015-07-09,1.53,1.81,1.22,1.81,6526956.96
2015-07-10,1.94,2.21,1.84,2.21,5739785.0
2015-07-13,2.35,2.65,2.26,2.65,8358730.25
2015-07-14,2.65,2.76,2.35,2.41,7529933.15
2015-07-15,2.29,2.32,1.95,1.95,5068265.39
2015-07-16,1.95,2.18,1.78,2.08,3749811.42
2015-07-17,2.09,2.35,2.08,2.29,4088075.82
2015-07-20,2.29,2.38,2.19,2.26,3908283.38
2015-07-21,2.16,2.38,2.1,2.29,3852687.71
2015-07-22,2.22,2.28,2.11,2.2,3219758.5
2015-07-23,2.18,2.38,2.12,2.34,4981652.8
2015-07-24,2.3,2.41,2.18,2.23,5618584.41
2015-07-27,2.14,2.18,1.79,1.79,4287262.19
2015-07-28,1.69,1.83,1.48,1.72,4312877.25
2015-07-29,1.76,1.98,1.73,1.97,2670228.94
2015-07-30,1.95,2.01,1.77,1.83,2431917.79
2015-07-31,1.76,1.89,1.75,1.85,1798107.74
2015-08-03,1.82,1.87,1.67,1.84,2117615.66
2015-08-04,1.83,1.98,1.83,1.95,2344239.9
2015-08-05,1.92,1.94,1.82,1.84,1890605.68
2015-08-06,1.74,1.83,1.74,1.79,1224705.14
2015-08-07,1.89,1.92,1.85,1.88,1724323.46
2015-08-10,1.89,2.09,1.88,2.06,3743565.01
2015-08-11,2.09,2.48,2.06,2.48,9454607.2
2015-08-12,2.45,2.78,2.31,2.55,10854893.73
2015-08-13,2.44,2.59,2.34,2.49,5882219.82
2015-08-14,2.44,2.46,2.35,2.36,4423811.74
2015-08-17,2.36,2.47,2.32,2.41,3333491.37
2015-08-18,2.41,2.44,1.95,1.95,5042041.77
2015-08-19,1.82,2.1,1.75,2.09,3834452.43
2015-08-20,2.15,2.34,2.05,2.1,4390411.03
2015-08-21,2.21,2.28,1.89,2.01,3936655.63
2015-08-24,1.81,2.13,1.59,1.59,5914012.41
2015-08-25,1.3,1.51,1.22,1.22,4041351.69
2015-08-26,1.3,1.38,1.0,1.21,3813257.91
2015-08-27,1.23,1.33,1.14,1.33,2741908.31
2015-08-28,1.39,1.57,1.32,1.56,3274182.65
2015-08-31,1.51,1.51,1.35,1.4,2330630.67
2015-09-01,1.4,1.6,1.26,1.49,4082137.98
2015-09-02,1.34,1.53,1.29,1.4,2440842.24
2015-09-07,1.4,1.54,1.37,1.43,1791350.27
2015-09-08,1.41,1.52,1.32,1.48,1603064.0
2015-09-09,1.5,1.63,1.46,1.59,2899075.35
2015-09-10,1.53,1.54,1.45,1.48,1641835.37
2015-09-11,1.48,1.51,1.4,1.44,1170878.75
2015-09-14,1.44,1.49,1.15,1.47,2580065.89
2015-09-15,1.38,1.38,1.15,1.19,1257129.41
2015-09-16,1.2,1.49,1.2,1.43,1592359.27
2015-09-17,1.43,1.48,1.34,1.34,1769306.25
2015-09-18,1.41,1.43,1.31,1.35,912100.33
2015-09-21,1.32,1.4,1.29,1.39,942217.39
2015-09-22,1.38,1.44,1.36,1.41,1292017.0
2015-09-23,1.34,1.35,1.24,1.28,1177954.83
2015-09-24,1.28,1.33,1.27,1.31,677237.53
2015-09-25,1.36,1.44,1.26,1.35,2195417.05
2015-09-28,1.32,1.33,1.25,1.31,865607.86
2015-09-29,1.25,1.27,1.2,1.21,797851.92
2015-09-30,1.22,1.25,1.21,1.22,482906.19
2015-10-08,1.33,1.37,1.3,1.32,973072.81
2015-10-09,1.32,1.42,1.29,1.39,1612110.79
2015-10-12,1.41,1.67,1.38,1.58,3001096.43
2015-10-13,1.51,1.54,1.48,1.54,1826312.49
2015-10-14,1.56,1.63,1.5,1.51,2241674.37
2015-10-15,1.55,1.59,1.51,1.58,2166694.68
2015-10-16,1.58,1.6,1.53,1.58,2213570.42
2015-10-19,1.57,1.57,1.52,1.54,1662618.38
2015-10-20,1.52,1.58,1.49,1.57,1739740.49
2015-10-21,1.68,1.83,1.53,1.57,5737661.49
2015-10-22,1.49,1.62,1.45,1.61,2821128.62
2015-10-23,1.61,1.63,1.54,1.62,2283813.77
2015-10-26,1.65,1.68,1.58,1.61,2059967.37
2015-10-27,1.58,1.59,1.46,1.57,1502630.12
2015-10-28,1.55,1.61,1.51,1.55,1657549.46
2015-10-29,1.53,1.56,1.5,1.53,1175182.34
2015-10-30,1.49,1.52,1.45,1.49,1030374.16
2015-11-02,1.45,1.47,1.39,1.4,1164864.22
2015-11-03,1.39,1.43,1.36,1.4,809677.17
2015-11-04,1.37,1.52,1.37,1.52,1669613.89
2015-11-05,1.51,1.67,1.48,1.57,3677194.56
2015-11-06,1.55,1.63,1.53,1.62,2639516.53
2015-11-09,1.57,1.66,1.55,1.63,2907437.58
2015-11-10,1.61,1.81,1.59,1.72,4874401.69
2015-11-11,1.68,1.7,1.61,1.65,2899072.88
2015-11-12,1.64,1.69,1.6,1.61,2157370.21
2015-11-13,1.57,1.58,1.5,1.51,1991865.05
2015-11-16,1.53,1.63,1.53,1.63,2445528.01
2015-11-17,1.61,1.63,1.56,1.58,1952486.0
2015-11-18,1.55,1.57,1.52,1.53,1130225.97
2015-11-19,1.54,1.56,1.53,1.56,842193.24
2015-11-20,1.57,1.58,1.54,1.57,1217613.51
2015-11-23,1.55,1.56,1.5,1.52,1236972.59
2015-11-24,1.51,1.52,1.46,1.5,923955.53
2015-11-25,1.54,1.58,1.53,1.56,1441520.25
2015-11-26,1.54,1.6,1.51,1.53,1586091.73
2015-11-27,1.52,1.53,1.3,1.33,1772988.41
2015-11-30,1.33,1.37,1.19,1.3,1427188.74
2015-12-01,1.31,1.34,1.27,1.32,782107.23
2015-12-02,1.32,1.39,1.27,1.39,1224959.64
2015-12-03,1.34,1.4,1.33,1.4,937278.84
2015-12-04,1.4,1.42,1.34,1.35,938243.73
2015-12-07,1.39,1.42,1.37,1.39,945881.42
2015-12-08,1.36,1.36,1.29,1.3,796287.72
2015-12-09,1.3,1.36,1.29,1.32,671044.88
2015-12-10,1.29,1.32,1.26,1.28,687613.9
2015-12-11,1.25,1.33,1.22,1.29,964969.35
2015-12-14,1.26,1.58,1.25,1.5,3332271.16
2015-12-15,1.42,1.45,1.39,1.41,1582222.22
2015-12-16,1.42,1.51,1.4,1.44,1319900.51
2015-12-17,1.46,1.48,1.43,1.46,1454652.76
2015-12-18,1.43,1.45,1.38,1.42,1237932.07
2015-12-21,1.42,1.49,1.42,1.48,1554659.3
2015-12-22,1.48,1.52,1.47,1.49,1333383.79
2015-12-23,1.49,1.49,1.42,1.43,1080822.95
2015-12-24,1.43,1.44,1.39,1.41,669541.88
2015-12-25,1.42,1.43,1.4,1.42,497856.41
2015-12-28,1.43,1.43,1.35,1.35,895714.53
2015-12-29,1.34,1.41,1.32,1.4,700581.86
2015-12-30,1.39,1.41,1.38,1.4,603391.24
2015-12-31,1.39,1.4,1.35,1.36,649469.96
2016-01-04,1.36,1.36,1.14,1.15,789484.61
2016-01-05,1.09,1.3,1.09,1.24,1507379.63
2016-01-06,1.24,1.44,1.22,1.41,1963853.2
2016-01-07,1.39,1.41,1.1,1.13,577204.15
2016-01-08,1.3,1.38,1.15,1.36,2241424.86
2016-01-11,1.29,1.42,1.2,1.23,1946713.92
2016-01-12,1.18,1.24,1.05,1.13,1693860.49
2016-01-13,1.13,1.19,1.08,1.09,819949.42
2016-01-14,1.04,1.13,1.02,1.12,975596.15
2016-01-15,1.09,1.09,0.95,0.97,1179212.84
2016-01-18,0.93,0.98,0.89,0.96,694468.62
2016-01-19,0.95,1.03,0.92,1.03,873824.45
2016-01-20,1.01,1.12,0.96,1.04,1178981.65
2016-01-21,1.02,1.08,0.94,0.94,926709.54
2016-01-22,0.94,0.98,0.9,0.96,691766.54
2016-01-25,0.97,0.99,0.93,0.97,606225.72
2016-01-26,0.97,0.98,0.76,0.8,1074755.37
2016-01-27,0.8,0.83,0.62,0.71,1148246.77
2016-01-28,0.7,0.72,0.54,0.55,751807.78
2016-01-29,0.54,0.66,0.54,0.63,727823.76
2016-02-01,0.64,0.68,0.57,0.62,688094.04
2016-02-02,0.63,0.69,0.63,0.67,583886.25
2016-02-03,0.66,0.71,0.64,0.69,655770.14
2016-02-04,0.72,0.83,0.72,0.78,1161902.11
2016-02-05,0.82,0.94,0.79,0.86,1423542.48
2016-02-15,1.14,1.16,1.04,1.16,3428179.05
2016-02-16,1.12,1.27,1.05,1.21,3457510.94
2016-02-17,1.12,1.18,1.1,1.17,2006294.34
2016-02-18,1.15,1.16,1.09,1.1,1412063.44
2016-02-19,1.14,1.16,1.0,1.02,1845148.29
2016-02-22,1.03,1.09,1.02,1.06,1145121.12
2016-02-23,1.04,1.12,1.01,1.11,1817166.44
2016-02-24,1.09,1.29,1.05,1.17,3223727.72
2016-02-25,1.17,1.22,0.91,0.95,2611596.09
2016-02-26,0.97,1.03,0.92,1.01,1318170.83
2016-02-29,0.96,1.01,0.85,0.97,1315193.99
2016-03-01,0.99,1.19,0.97,1.14,2985996.64
2016-03-02,1.06,1.23,1.05,1.21,3124415.93
2016-03-03,1.21,1.31,1.12,1.3,4438105.98
2016-03-04,1.37,1.42,1.26,1.32,5505277.26
2016-03-07,1.35,1.45,1.29,1.42,4026281.99
2016-03-08,1.42,1.42,1.25,1.34,3087278.38
2016-03-09,1.18,1.23,1.13,1.2,2239477.44
2016-03-10,1.16,1.23,1.12,1.14,1444745.14
2016-03-11,1.24,1.24,1.16,1.18,1479395.54
2016-03-14,1.11,1.27,1.1,1.26,2244191.6
2016-03-15,1.2,1.26,1.14,1.2,1459252.7
2016-03-16,1.17,1.24,1.15,1.22,1563295.26
2016-03-17,1.26,1.26,1.2,1.23,1520836.4
2016-03-18,1.26,1.28,1.23,1.25,2038648.2
2016-03-21,1.24,1.26,1.22,1.26,2405380.02
2016-03-22,1.23,1.26,1.18,1.24,1714380.15
2016-03-23,1.21,1.23,1.17,1.19,1224977.58
2016-03-24,1.14,1.14,1.1,1.1,1257459.09
2016-03-25,1.09,1.12,1.08,1.11,574291.11
2016-03-28,1.11,1.14,1.1,1.11,606969.32
2016-03-29,1.1,1.12,1.07,1.09,606109.58
2016-03-30,1.13,1.14,1.1,1.14,777314.43
2016-03-31,1.12,1.13,1.1,1.11,589619.71
2016-04-01,1.11,1.13,1.09,1.13,651479.12
2016-04-05,1.11,1.15,1.09,1.14,888721.41
2016-04-06,1.14,1.16,1.11,1.12,692874.09
2016-04-07,1.12,1.13,1.09,1.09,634656.49
2016-04-08,1.1,1.17,1.09,1.15,1329473.37
2016-04-11,1.16,1.23,1.13,1.19,1751984.54
2016-04-12,1.19,1.25,1.17,1.2,1592179.96
2016-04-13,1.21,1.28,1.19,1.24,2375034.89
2016-04-14,1.21,1.22,1.17,1.19,1392371.57
2016-04-15,1.17,1.2,1.15,1.17,853828.12
2016-04-18,1.17,1.17,1.12,1.13,649929.59
2016-04-19,1.13,1.17,1.11,1.16,690169.81
2016-04-20,1.19,1.21,1.02,1.09,1703721.94
2016-04-21,1.07,1.17,1.05,1.16,1517608.78
2016-04-22,1.09,1.11,1.05,1.08,1070622.21
2016-04-25,1.05,1.06,1.0,1.03,548876.48
2016-04-26,1.04,1.06,1.0,1.03,520320.42
2016-04-27,1.05,1.08,1.02,1.07,916065.94
2016-04-28,1.03,1.04,0.99,1.02,855502.72
2016-04-29,1.04,1.1,1.04,1.05,1269289.02
2016-05-03,1.1,1.16,1.08,1.13,1398947.52
2016-05-04,1.09,1.11,1.07,1.09,806509.01
2016-05-05,1.08,1.12,1.07,1.09,593676.32
2016-05-06,1.08,1.1,1.0,1.01,1002142.22
2016-05-09,1.01,1.02,0.92,0.93,834619.28
2016-05-10,0.9,0.92,0.88,0.92,475626.35
2016-05-11,0.92,0.96,0.88,0.94,481546.56
2016-05-12,0.92,0.94,0.89,0.93,438515.41
2016-05-13,0.9,0.97,0.9,0.94,598685.22
2016-05-16,0.93,1.06,0.89,1.01,883976.7
2016-05-17,0.99,1.02,0.96,0.96,576844.08
2016-05-18,0.97,1.0,0.9,0.93,639682.52
2016-05-19,0.89,0.93,0.89,0.91,511538.11
2016-05-20,0.89,0.91,0.87,0.9,376348.79
2016-05-23,0.9,0.91,0.89,0.9,349031.42
2016-05-24,0.9,0.9,0.86,0.9,373348.71
2016-05-25,0.88,0.89,0.86,0.86,348686.32
2016-05-26,0.86,0.88,0.83,0.87,350842.6
2016-05-27,0.85,0.87,0.84,0.86,258050.38
2016-05-30,0.85,0.85,0.82,0.83,282172.81
2016-05-31,0.83,0.9,0.83,0.9,579171.19
2016-06-01,0.89,0.92,0.88,0.9,483323.03
2016-06-02,0.89,0.91,0.88,0.9,377207.71
2016-06-03,0.89,0.9,0.87,0.89,405702.06
2016-06-06,0.97,1.01,0.94,0.95,1073716.17
2016-06-07,0.96,0.98,0.91,0.92,444570.43
2016-06-08,0.93,0.94,0.91,0.93,403244.93
2016-06-13,0.98,1.06,0.95,0.99,2108696.79
2016-06-14,0.97,0.99,0.9,0.93,988027.49
2016-06-15,0.9,1.02,0.89,1.0,1282427.93
2016-06-16,1.01,1.32,0.99,1.32,5620835.77
2016-06-17,1.19,1.33,1.19,1.26,4494397.95
2016-06-20,1.26,1.27,1.18,1.22,1504203.66
2016-06-21,1.22,1.22,1.07,1.11,2571764.77
2016-06-22,1.07,1.13,1.04,1.11,981087.15
2016-06-23,1.1,1.13,1.07,1.11,1020966.93
2016-06-24,1.16,1.43,1.09,1.35,6406124.93
2016-06-27,1.32,1.36,1.25,1.28,3122385.61
2016-06-28,1.27,1.28,1.21,1.24,1781282.98
2016-06-29,1.21,1.24,1.19,1.23,1473936.02
2016-06-30,1.21,1.27,1.2,1.21,1157350.58
2016-07-01,1.23,1.34,1.21,1.25,2766613.84
2016-07-04,1.3,1.46,1.26,1.35,4676923.28
2016-07-05,1.35,1.35,1.28,1.32,1929947.82
2016-07-06,1.36,1.65,1.35,1.52,9324976.64
2016-07-11,1.62,1.89,1.57,1.89,10455030.62
2016-07-12,1.81,1.84,1.69,1.77,6123135.42
2016-07-13,1.64,1.78,1.62,1.77,4270654.3
2016-07-14,1.78,1.81,1.65,1.68,2744625.47
2016-07-15,1.65,1.74,1.62,1.69,2114689.28
2016-07-18,1.64,1.76,1.59,1.67,2283943.58
2016-07-19,1.6,1.69,1.59,1.63,1999129.47
2016-07-20,1.64,1.69,1.56,1.57,1827615.63
2016-07-21,1.52,1.54,1.49,1.52,1772682.47
2016-07-22,1.58,1.58,1.44,1.46,1753658.1
2016-07-25,1.41,1.43,1.36,1.38,1728711.48
2016-07-26,1.39,1.48,1.39,1.47,1798273.57
2016-07-27,1.46,1.46,1.27,1.4,2115806.48
2016-07-28,1.44,1.46,1.4,1.44,1779703.24
2016-07-29,1.42,1.45,1.32,1.37,1477707.54
2016-08-01,1.42,1.55,1.41,1.46,2400977.18
2016-08-02,1.46,1.48,1.41,1.48,1034465.35
2016-08-03,1.54,1.57,1.51,1.52,1723646.09
2016-08-04,1.48,1.48,1.41,1.46,1211832.13
2016-08-05,1.46,1.47,1.43,1.46,737557.78
2016-08-08,1.35,1.38,1.32,1.38,1452059.29
2016-08-09,1.37,1.38,1.35,1.38,755989.56
2016-08-10,1.4,1.47,1.4,1.45,2005358.16
2016-08-11,1.4,1.42,1.38,1.4,906587.51
2016-08-12,1.38,1.42,1.36,1.42,627461.31
2016-08-15,1.41,1.46,1.39,1.44,1812380.91
2016-08-16,1.44,1.47,1.36,1.45,2779232.4
2016-08-17,1.42,1.42,1.38,1.39,1553821.64
2016-08-18,1.41,1.42,1.38,1.39,1001889.35
2016-08-19,1.38,1.39,1.35,1.37,809149.85
2016-08-22,1.34,1.35,1.32,1.33,1042139.32
2016-08-23,1.32,1.34,1.31,1.34,792678.91
2016-08-24,1.34,1.34,1.3,1.31,709571.91
2016-08-25,1.28,1.28,1.22,1.26,1207396.39
2016-08-26,1.25,1.28,1.25,1.27,554245.04
2016-08-29,1.25,1.25,1.22,1.24,857140.02
2016-08-30,1.24,1.26,1.23,1.24,806824.29
2016-08-31,1.22,1.24,1.21,1.24,639873.84
2016-09-01,1.23,1.27,1.22,1.23,872324.88
2016-09-02,1.23,1.27,1.23,1.24,764849.56
2016-09-05,1.26,1.27,1.24,1.26,603743.03
2016-09-06,1.25,1.26,1.22,1.26,698081.67
2016-09-07,1.29,1.32,1.28,1.29,1409252.43
2016-09-08,1.27,1.28,1.24,1.27,657890.2
2016-09-09,1.24,1.25,1.23,1.24,580475.56
2016-09-12,1.2,1.2,1.09,1.12,1599339.98
2016-09-13,1.13,1.14,1.1,1.12,558983.34
2016-09-14,1.09,1.14,1.05,1.14,1036824.49
2016-09-19,1.1,1.13,1.1,1.12,449648.17
2016-09-20,1.12,1.14,1.11,1.12,456313.59
2016-09-21,1.12,1.15,1.11,1.15,539089.96
2016-09-22,1.18,1.21,1.15,1.16,947909.11
2016-09-23,1.17,1.18,1.12,1.13,455032.95
2016-09-26,1.12,1.13,1.06,1.07,610566.12
2016-09-27,1.08,1.11,1.07,1.11,563371.65
2016-09-28,1.09,1.09,1.07,1.08,386788.91
2016-09-29,1.08,1.09,1.07,1.08,361883.42
2016-09-30,1.08,1.11,1.07,1.11,433614.77
2016-10-10,1.02,1.08,1.0,1.08,1056578.56
2016-10-11,1.07,1.09,1.05,1.09,742914.33
2016-10-12,1.07,1.08,1.06,1.08,429804.49
2016-10-13,1.07,1.09,1.06,1.08,673345.64
2016-10-14,1.07,1.08,1.05,1.07,588857.73
2016-10-17,1.07,1.17,1.06,1.14,1509635.49
2016-10-18,1.11,1.15,1.1,1.15,994479.85
2016-10-19,1.15,1.19,1.13,1.15,1063418.43
2016-10-20,1.15,1.16,1.13,1.14,605925.83
2016-10-21,1.13,1.14,1.11,1.14,663548.09
2016-10-24,1.13,1.17,1.12,1.17,941309.54
2016-10-25,1.16,1.22,1.15,1.2,1176858.02
2016-10-26,1.22,1.22,1.17,1.18,978275.63
2016-10-27,1.17,1.17,1.14,1.15,549303.09
2016-10-28,1.16,1.17,1.13,1.14,651780.97
2016-10-31,1.15,1.19,1.15,1.18,1054359.7
2016-11-01,1.18,1.2,1.15,1.19,858740.41
2016-11-02,1.22,1.36,1.21,1.33,4276299.2
2016-11-03,1.34,1.34,1.26,1.29,2214933.01
2016-11-04,1.27,1.29,1.23,1.24,1513985.9
2016-11-07,1.2,1.26,1.19,1.25,1373822.15
2016-11-08,1.21,1.27,1.21,1.27,1537736.04
2016-11-09,1.25,1.55,1.23,1.49,7722586.94
2016-11-10,1.3,1.43,1.3,1.38,4395915.29
2016-11-11,1.34,1.54,1.3,1.48,5763210.61
2016-11-14,1.38,1.68,1.36,1.52,8154987.86
2016-11-15,1.54,1.63,1.5,1.53,4224438.99
2016-11-16,1.5,1.54,1.42,1.49,2698224.35
2016-11-17,1.46,1.49,1.43,1.48,1296134.05
2016-11-18,1.47,1.53,1.39,1.4,2344882.54
2016-11-21,1.4,1.42,1.34,1.4,2225653.21
2016-11-22,1.41,1.45,1.37,1.44,1768911.29
2016-11-23,1.42,1.44,1.39,1.41,1410840.54
2016-11-24,1.38,1.49,1.37,1.42,2477513.39
2016-11-25,1.41,1.45,1.35,1.41,2119916.65
2016-11-28,1.46,1.7,1.46,1.6,5708177.74
2016-11-29,1.58,1.59,1.52,1.56,2460670.68
2016-11-30,1.53,1.57,1.43,1.46,2413777.5
2016-12-01,1.43,1.56,1.42,1.55,1888847.14
2016-12-02,1.54,1.56,1.45,1.47,2025606.19
2016-12-05,1.43,1.44,1.38,1.4,1632662.62
2016-12-06,1.41,1.44,1.35,1.37,1259109.93
2016-12-07,1.37,1.38,1.31,1.38,1811257.27
2016-12-08,1.39,1.47,1.38,1.42,2181717.16
2016-12-09,1.4,1.44,1.37,1.42,1244943.95
2016-12-12,1.39,1.43,1.3,1.31,1527261.71
2016-12-13,1.3,1.34,1.27,1.34,976846.62
2016-12-14,1.32,1.5,1.31,1.45,2776894.81
2016-12-15,1.32,1.42,1.32,1.38,1940860.96
2016-12-16,1.36,1.38,1.31,1.36,1209061.56
2016-12-19,1.37,1.38,1.32,1.36,698796.31
2016-12-20,1.34,1.35,1.27,1.29,1260438.69
2016-12-21,1.28,1.33,1.26,1.32,942818.77
2016-12-22,1.31,1.31,1.27,1.29,767832.48
2016-12-23,1.29,1.29,1.23,1.24,777266.4
2016-12-26,1.23,1.24,1.14,1.2,1024746.43
2016-12-27,1.19,1.23,1.16,1.2,960522.98
2016-12-28,1.21,1.22,1.18,1.2,754576.56
2016-12-29,1.22,1.26,1.21,1.24,1013484.57
2016-12-30,1.27,1.29,1.22,1.24,723803.84
2017-01-03,1.23,1.28,1.22,1.26,682001.56
2017-01-04,1.26,1.28,1.24,1.27,717167.74
2017-01-05,1.28,1.32,1.27,1.31,1066780.38
2017-01-06,1.31,1.32,1.26,1.28,830702.56
2017-01-09,1.27,1.29,1.24,1.27,742923.09
2017-01-10,1.28,1.32,1.26,1.3,898506.94
2017-01-11,1.3,1.35,1.29,1.31,1272314.2
2017-01-12,1.31,1.34,1.28,1.3,653278.33
2017-01-13,1.3,1.34,1.28,1.31,936205.81
2017-01-16,1.31,1.38,1.26,1.35,2083866.17
2017-01-17,1.33,1.4,1.31,1.39,1153342.43
2017-01-18,1.39,1.44,1.37,1.39,1241841.94
2017-01-19,1.36,1.37,1.32,1.32,724968.05
2017-01-20,1.32,1.35,1.29,1.34,614549.64
2017-01-23,1.36,1.43,1.35,1.41,1087564.8
2017-01-24,1.42,1.42,1.38,1.39,822701.41
2017-01-25,1.38,1.43,1.38,1.41,857670.64
2017-01-26,1.4,1.49,1.38,1.48,1925557.03
2017-02-03,1.52,1.54,1.45,1.47,1186285.45
2017-02-06,1.47,1.49,1.42,1.44,1122629.92
2017-02-07,1.48,1.5,1.44,1.48,1503794.06
2017-02-08,1.45,1.48,1.43,1.45,1268820.01
2017-02-09,1.47,1.48,1.45,1.48,1267533.61
2017-02-10,1.44,1.47,1.43,1.45,1463723.77
2017-02-13,1.51,1.59,1.5,1.5,2321520.06
2017-02-14,1.5,1.53,1.47,1.53,1112117.25
2017-02-15,1.5,1.52,1.45,1.45,1087679.11
2017-02-16,1.46,1.56,1.45,1.52,1682265.3
2017-02-17,1.52,1.54,1.45,1.47,987590.19
2017-02-20,1.45,1.53,1.44,1.52,1358715.91
2017-02-21,1.52,1.55,1.52,1.54,963134.23
2017-02-22,1.54,1.55,1.52,1.53,764079.5
2017-02-23,1.54,1.58,1.51,1.54,1250466.88
2017-02-24,1.56,1.56,1.46,1.51,1459935.59
2017-02-27,1.51,1.55,1.47,1.47,1304748.9
2017-02-28,1.46,1.48,1.44,1.47,755807.48
2017-03-01,1.45,1.49,1.43,1.47,891693.81
2017-03-02,1.46,1.47,1.43,1.43,768531.45
2017-03-03,1.4,1.4,1.33,1.35,1445204.54
2017-03-06,1.36,1.37,1.34,1.37,712779.67
2017-03-07,1.36,1.36,1.34,1.36,694869.16
2017-03-08,1.34,1.34,1.32,1.34,631766.85
2017-03-09,1.31,1.31,1.28,1.29,988348.6
2017-03-10,1.28,1.31,1.27,1.3,510348.83
2017-03-13,1.3,1.36,1.29,1.36,1001269.28
2017-03-14,1.35,1.36,1.33,1.34,556963.81
2017-03-15,1.33,1.37,1.32,1.36,559384.87
2017-03-16,1.4,1.41,1.36,1.38,861676.02
2017-03-17,1.38,1.4,1.34,1.35,613610.0
2017-03-20,1.35,1.42,1.35,1.4,991157.73
2017-03-21,1.39,1.4,1.35,1.37,649736.74
2017-03-22,1.39,1.4,1.34,1.36,921104.39
2017-03-23,1.36,1.38,1.32,1.36,900452.47
2017-03-24,1.34,1.35,1.3,1.32,1256554.32
2017-03-27,1.33,1.38,1.32,1.37,1255145.11
2017-03-28,1.35,1.36,1.33,1.34,648172.53
2017-03-29,1.34,1.37,1.34,1.36,757539.19
2017-03-30,1.36,1.36,1.26,1.3,1262247.9
2017-03-31,1.28,1.3,1.26,1.28,998575.43
2017-04-05,1.29,1.32,1.29,1.32,1232106.32
2017-04-06,1.31,1.37,1.3,1.36,1381952.88
2017-04-07,1.36,1.52,1.35,1.46,3877067.81
2017-04-10,1.4,1.42,1.38,1.41,1432867.24
2017-04-11,1.39,1.5,1.38,1.47,2422834.33
2017-04-12,1.52,1.54,1.45,1.47,2137614.6
2017-04-13,1.5,1.51,1.46,1.48,989345.58
2017-04-14,1.49,1.55,1.47,1.52,2472703.37
2017-04-17,1.48,1.49,1.39,1.43,1575673.08
2017-04-18,1.41,1.42,1.37,1.37,804740.39
2017-04-19,1.4,1.45,1.34,1.39,1705064.85
2017-04-20,1.36,1.37,1.3,1.33,1074618.22
2017-04-21,1.34,1.35,1.32,1.34,573594.68
2017-04-24,1.32,1.33,1.26,1.26,975407.64
2017-04-25,1.27,1.28,1.23,1.26,872967.03
2017-04-26,1.25,1.26,1.24,1.25,630320.35
2017-04-27,1.25,1.26,1.18,1.25,840423.53
2017-04-28,1.24,1.29,1.23,1.28,614279.04
2017-05-02,1.26,1.28,1.23,1.27,743376.38
2017-05-03,1.25,1.27,1.23,1.26,552694.04
2017-05-04,1.23,1.25,1.21,1.23,617215.5
2017-05-05,1.2,1.22,1.15,1.2,1152370.0
2017-05-08,1.18,1.2,1.15,1.19,727564.7
2017-05-09,1.17,1.18,1.14,1.17,526884.95
2017-05-10,1.16,1.18,1.12,1.13,574277.8
2017-05-11,1.12,1.12,1.04,1.1,838533.76
2017-05-12,1.09,1.11,1.07,1.1,582777.11
2017-05-15,1.09,1.14,1.08,1.11,521004.2
2017-05-16,1.11,1.15,1.08,1.15,580079.06
2017-05-17,1.15,1.17,1.14,1.14,529949.98
2017-05-18,1.19,1.22,1.16,1.17,832885.92
2017-05-19,1.13,1.15,1.12,1.14,483235.82
2017-05-22,1.15,1.16,1.1,1.13,385301.97
2017-05-23,1.13,1.17,1.06,1.17,768998.5
2017-05-24,1.13,1.16,1.09,1.15,407070.22
2017-05-25,1.15,1.19,1.13,1.17,558865.47
2017-05-26,1.17,1.19,1.15,1.18,413735.96
2017-05-31,1.18,1.2,1.17,1.18,470924.84
2017-06-01,1.17,1.18,1.12,1.17,688170.23
2017-06-02,1.15,1.16,1.13,1.16,371023.32
2017-06-05,1.18,1.2,1.17,1.18,680723.32
2017-06-06,1.17,1.21,1.16,1.2,623338.28
2017-06-07,1.2,1.23,1.2,1.22,629597.15
2017-06-08,1.21,1.22,1.18,1.19,428448.16
2017-06-09,1.18,1.21,1.17,1.2,482235.17
2017-06-12,1.18,1.19,1.14,1.15,718040.62
2017-06-13,1.14,1.23,1.13,1.21,1109699.64
2017-06-14,1.21,1.23,1.2,1.21,732252.4
2017-06-15,1.21,1.25,1.2,1.25,820038.07
2017-06-16,1.24,1.26,1.22,1.25,621511.72
2017-06-19,1.24,1.26,1.23,1.25,486457.72
2017-06-20,1.24,1.25,1.21,1.23,496981.58
2017-06-21,1.24,1.24,1.22,1.24,395781.0
2017-06-22,1.24,1.26,1.23,1.25,716788.07
2017-06-23,1.24,1.26,1.18,1.26,777494.39
2017-06-26,1.25,1.27,1.24,1.27,443623.51
2017-06-27,1.25,1.27,1.22,1.26,532933.81
2017-06-28,1.25,1.28,1.24,1.27,532361.35
2017-06-29,1.27,1.3,1.26,1.29,671220.5
2017-06-30,1.27,1.34,1.27,1.33,785963.5
2017-07-03,1.33,1.35,1.29,1.34,764182.22
2017-07-04,1.31,1.36,1.31,1.35,843828.58
2017-07-05,1.34,1.38,1.33,1.37,645755.73
2017-07-06,1.37,1.4,1.35,1.39,807257.67
2017-07-07,1.38,1.42,1.35,1.41,1208175.13
2017-07-10,1.39,1.45,1.39,1.44,1063509.99
2017-07-11,1.44,1.44,1.36,1.37,1014527.64
2017-07-12,1.37,1.4,1.35,1.37,622902.49
2017-07-13,1.37,1.54,1.36,1.45,1698043.93
2017-07-14,1.44,1.47,1.41,1.45,808883.32
2017-07-17,1.47,1.51,1.36,1.48,1700978.87
2017-07-18,1.45,1.51,1.44,1.5,1059489.89
2017-07-19,1.51,1.6,1.5,1.54,4124811.84
2017-07-20,1.53,1.55,1.49,1.49,1763368.61
2017-07-21,1.5,1.5,1.41,1.44,1903603.6
2017-07-24,1.44,1.47,1.43,1.46,1119368.75
2017-07-25,1.46,1.46,1.41,1.46,834290.38
2017-07-26,1.51,1.6,1.51,1.57,3345049.81
2017-07-27,1.57,1.61,1.52,1.56,1857633.32
2017-07-28,1.55,1.56,1.52,1.55,733530.19
2017-07-31,1.56,1.65,1.55,1.63,2542153.02
2017-08-01,1.63,1.7,1.61,1.66,1908825.53
2017-08-02,1.64,1.7,1.6,1.64,1746316.68
2017-08-03,1.62,1.68,1.61,1.66,1309410.92
2017-08-04,1.68,1.81,1.66,1.75,2857117.57
2017-08-07,1.71,1.74,1.66,1.71,1895601.53
2017-08-08,1.71,1.94,1.71,1.86,3468855.14
2017-08-09,1.92,2.02,1.86,2.02,3887596.88
2017-08-10,2.06,2.09,1.9,2.0,3348236.22
2017-08-11,1.99,2.09,1.81,1.84,3962948.69
2017-08-14,1.82,1.86,1.72,1.75,3060032.44
2017-08-15,1.72,1.72,1.64,1.69,2082198.32
2017-08-16,1.67,1.68,1.6,1.62,1761595.98
2017-08-17,1.73,1.79,1.7,1.78,2982673.15
2017-08-18,1.73,1.74,1.65,1.72,1336472.37
2017-08-21,1.73,1.74,1.67,1.74,1223194.56
2017-08-22,1.73,1.75,1.69,1.71,1020403.85
2017-08-23,1.69,1.69,1.62,1.63,1278740.12
2017-08-24,1.63,1.66,1.59,1.6,707977.31
2017-08-25,1.61,1.68,1.6,1.66,1141217.93
2017-08-28,1.67,1.72,1.63,1.7,2063501.1
2017-08-29,1.74,1.78,1.72,1.75,2233689.1
2017-08-30,1.73,1.78,1.7,1.73,1989679.99
2017-08-31,1.72,1.73,1.67,1.71,1176386.56
2017-09-01,1.73,2.05,1.73,2.0,5217841.67
2017-09-04,2.16,2.28,2.04,2.26,5780018.45
2017-09-05,2.2,2.28,2.12,2.23,3483377.67
2017-09-06,2.24,2.42,2.18,2.34,4630992.82
2017-09-07,2.25,2.3,2.11,2.13,2582370.8
2017-09-08,2.18,2.33,2.14,2.25,3365672.48
2017-09-11,2.14,2.16,2.02,2.12,4359503.3
2017-09-12,2.07,2.15,2.04,2.1,3062466.16
2017-09-13,2.07,2.09,1.99,2.01,2334600.21
2017-09-14,1.97,2.01,1.94,1.97,2127752.83
2017-09-15,2.0,2.03,1.95,1.97,1833566.15
2017-09-18,1.93,1.94,1.86,1.91,1924241.88
2017-09-19,1.92,1.96,1.89,1.95,1730068.9
2017-09-20,1.95,2.03,1.91,2.01,2189794.16
2017-09-21,1.96,1.98,1.85,1.86,2428119.7
2017-09-22,1.82,1.89,1.77,1.88,2367613.09
2017-09-25,1.86,1.88,1.81,1.87,1421633.75
2017-09-26,1.89,1.91,1.86,1.89,906039.75
2017-09-27,1.84,1.88,1.83,1.87,856864.9
2017-09-28,1.84,1.86,1.79,1.83,1398633.52
2017-09-29,1.83,1.86,1.79,1.83,1483530.94
2017-10-09,1.85,1.91,1.83,1.86,1776525.27
2017-10-10,1.87,1.88,1.82,1.86,1060081.02
2017-10-11,1.86,1.87,1.81,1.83,967350.24
2017-10-12,1.83,1.84,1.79,1.83,1078102.08
2017-10-13,1.82,1.87,1.82,1.86,992485.92
2017-10-16,1.87,1.99,1.84,1.97,3109890.33
2017-10-17,1.94,1.95,1.86,1.87,1821184.75
2017-10-18,1.86,1.9,1.83,1.89,1556943.83
2017-10-19,1.85,1.91,1.79,1.9,1599748.66
2017-10-20,1.87,1.94,1.85,1.9,1026842.45
2017-10-23,1.87,1.9,1.85,1.86,727085.61
2017-10-24,1.85,1.92,1.85,1.92,1391592.03
2017-10-25,1.89,1.96,1.88,1.93,1375575.86
2017-10-26,1.94,1.95,1.8,1.83,3558553.35
2017-10-27,1.81,1.82,1.66,1.68,3477769.6
2017-10-30,1.69,1.7,1.55,1.66,2159117.68
2017-10-31,1.63,1.66,1.62,1.65,763740.77
2017-11-01,1.65,1.68,1.62,1.64,1020504.84
2017-11-02,1.65,1.68,1.63,1.66,919435.73
2017-11-03,1.65,1.67,1.55,1.66,1733951.16
2017-11-06,1.62,1.64,1.6,1.64,777749.58
2017-11-07,1.65,1.74,1.64,1.69,1661340.55
2017-11-08,1.67,1.7,1.66,1.68,1002701.3
2017-11-09,1.68,1.7,1.67,1.69,757386.18
2017-11-10,1.69,1.71,1.65,1.66,751859.43
2017-11-13,1.64,1.66,1.61,1.63,1018460.18
2017-11-14,1.62,1.65,1.6,1.61,768484.62
2017-11-15,1.59,1.63,1.57,1.62,1063988.94
2017-11-16,1.6,1.6,1.56,1.56,871458.94
2017-11-17,1.55,1.66,1.54,1.65,1868467.71
2017-11-20,1.65,1.69,1.62,1.67,1093153.95
2017-11-21,1.64,1.65,1.62,1.64,696304.62
2017-11-22,1.64,1.7,1.63,1.69,1030819.51
2017-11-23,1.71,1.84,1.71,1.75,2928122.38
2017-11-24,1.72,1.79,1.66,1.79,1776399.32
2017-11-27,1.78,1.85,1.74,1.8,1964405.75
2017-11-28,1.79,1.82,1.71,1.8,1475553.85
2017-11-29,1.76,1.94,1.75,1.91,3540854.54
2017-11-30,1.89,1.95,1.85,1.91,1976534.79
2017-12-01,1.88,1.91,1.81,1.9,1419841.07
2017-12-04,1.86,1.94,1.86,1.9,1437161.51
2017-12-05,1.9,1.99,1.87,1.97,3875572.2
2017-12-06,1.91,1.91,1.81,1.86,2216858.93
2017-12-07,1.84,1.9,1.82,1.86,1227673.33
2017-12-08,1.81,1.84,1.78,1.82,1234429.58
2017-12-11,1.81,1.83,1.78,1.83,787794.78
2017-12-12,1.82,1.86,1.8,1.81,802842.73
2017-12-13,1.8,1.84,1.74,1.84,1234195.72
2017-12-14,1.85,1.95,1.84,1.89,1723027.31
2017-12-15,1.89,1.94,1.88,1.94,1601808.59
2017-12-18,1.94,1.95,1.9,1.95,1300372.27
2017-12-19,1.95,1.98,1.92,1.95,1109231.62
2017-12-20,1.94,1.97,1.87,1.95,1381656.96
2017-12-21,1.96,2.03,1.93,2.01,1897351.97
2017-12-22,2.0,2.2,1.99,2.12,3020811.04
2017-12-25,2.16,2.19,2.07,2.14,1855499.02
2017-12-26,2.12,2.18,2.09,2.14,1819127.53
2017-12-27,2.18,2.34,2.18,2.22,3410535.1
2017-12-28,2.21,2.65,2.2,2.65,9328026.31
2017-12-29,2.65,2.68,2.49,2.55,4930221.81
2018-01-02,2.62,2.74,2.44,2.57,9049692.45
2018-01-03,2.57,2.74,2.51,2.59,8005869.08
2018-01-04,2.52,2.71,2.46,2.65,7456906.04
2018-01-05,2.66,2.81,2.57,2.59,7099894.36
2018-01-08,2.54,2.86,2.51,2.81,7508152.36
2018-01-09,2.79,2.92,2.71,2.77,5555804.69
2018-01-10,2.74,2.88,2.72,2.78,4099911.82
2018-01-11,2.78,2.85,2.64,2.68,3665016.71
2018-01-12,2.66,2.67,2.56,2.6,3658569.13
2018-01-15,2.65,2.74,2.56,2.67,4214657.88
2018-01-16,2.67,2.69,2.58,2.66,3119444.36
2018-01-17,2.59,2.59,2.41,2.42,4449167.21
2018-01-18,2.38,2.48,2.36,2.44,2485754.87
2018-01-19,2.44,2.48,2.36,2.47,3175155.03
2018-01-22,2.44,2.53,2.41,2.52,2808034.36
2018-01-23,2.53,2.59,2.45,2.57,3024811.52
2018-01-24,2.51,2.51,2.38,2.48,3987787.73
2018-01-25,2.71,2.92,2.65,2.86,8766092.48
2018-01-26,2.77,2.86,2.74,2.84,4173277.0
2018-01-29,2.84,3.08,2.83,3.0,6624335.6
2018-01-30,2.94,3.08,2.86,2.9,4505419.58
2018-01-31,2.83,3.11,2.78,3.09,5112926.54
2018-02-01,3.09,3.19,2.97,3.04,5773003.1
2018-02-02,2.98,3.46,2.79,3.34,5953925.38
2018-02-05,3.17,3.49,3.14,3.37,5865411.96
2018-02-06,3.26,3.51,3.06,3.26,7221801.89
2018-02-07,3.35,3.39,2.94,3.08,6112642.24
2018-02-08,2.85,2.91,2.57,2.65,5770492.89
2018-02-09,2.42,2.51,2.18,2.33,6494343.82
2018-02-12,2.3,2.41,2.12,2.35,3366282.11
2018-02-13,2.41,2.47,2.31,2.38,3282701.98
2018-02-14,2.49,2.58,2.4,2.55,3253664.78
2018-02-22,2.61,2.78,2.54,2.73,3199937.86
2018-02-23,2.79,2.84,2.64,2.78,2605419.03
2018-02-26,2.81,2.91,2.68,2.85,3385131.5
2018-02-27,2.84,2.84,2.62,2.66,3688114.56
2018-02-28,2.53,2.67,2.47,2.56,2799896.12
2018-03-01,2.51,2.65,2.48,2.64,2516008.54
2018-03-02,2.56,2.64,2.51,2.57,1701692.2
2018-03-05,2.58,2.61,2.52,2.57,1784648.75
2018-03-06,2.58,2.61,2.4,2.55,3999755.39
2018-03-07,2.58,2.61,2.45,2.5,2288423.71
2018-03-08,2.58,2.9,2.58,2.78,6351666.2
2018-03-09,2.74,2.76,2.66,2.73,3410027.9
2018-03-12,2.79,2.85,2.7,2.77,4130338.55
2018-03-13,2.72,2.79,2.69,2.73,2262926.37
2018-03-14,2.71,2.87,2.7,2.84,3723022.52
2018-03-15,2.82,2.9,2.75,2.8,2825433.17
2018-03-16,2.76,2.78,2.68,2.68,2254193.09
2018-03-19,2.62,2.62,2.5,2.54,2611327.88
2018-03-20,2.5,2.54,2.47,2.53,1701236.86
2018-03-21,2.51,2.61,2.48,2.58,2136581.88
2018-03-22,2.61,2.64,2.47,2.53,2094546.63
2018-03-23,2.37,2.55,2.27,2.5,5194864.67
2018-03-26,2.52,2.64,2.43,2.48,3169028.96
2018-03-27,2.51,2.6,2.44,2.57,2958669.94
2018-03-28,2.48,2.54,2.41,2.45,2175631.14
2018-03-29,2.42,2.44,2.28,2.36,2982779.48
2018-03-30,2.38,2.39,2.28,2.31,2708155.65
2018-04-02,2.29,2.39,2.29,2.38,2916331.36
2018-04-03,2.36,2.42,2.29,2.3,2440839.59
2018-04-04,2.28,2.36,2.27,2.31,2041732.42
2018-04-09,2.3,2.32,2.24,2.24,2019189.31
2018-04-10,2.25,2.36,2.24,2.35,2425765.99
2018-04-11,2.41,2.5,2.36,2.48,3516988.72
2018-04-12,2.46,2.51,2.41,2.43,2522020.9
2018-04-13,2.36,2.39,2.32,2.33,1874503.85
2018-04-16,2.37,2.38,2.26,2.29,1788873.48
2018-04-17,2.32,2.32,2.13,2.17,2182571.33
2018-04-18,2.2,2.21,2.02,2.1,2123659.28
2018-04-19,2.16,2.26,2.16,2.23,1995158.33
2018-04-20,2.17,2.2,2.06,2.17,1783994.48
2018-04-23,2.12,2.14,2.06,2.08,1113121.15
2018-04-24,2.05,2.14,2.04,2.11,1235232.86
2018-04-25,2.08,2.13,2.05,2.1,1145192.46
2018-04-26,2.08,2.12,2.02,2.08,1280554.71
2018-04-27,2.08,2.1,2.01,2.08,1175123.77
2018-05-02,2.04,2.06,1.94,1.95,1360971.14
2018-05-03,1.95,1.97,1.84,1.92,1441321.19
2018-05-04,1.91,1.95,1.89,1.92,864440.77
2018-05-07,1.91,1.96,1.89,1.95,1052862.76
2018-05-08,1.94,2.06,1.93,2.04,1604793.33
2018-05-09,2.03,2.07,2.01,2.03,941219.58
2018-05-10,2.05,2.08,2.04,2.06,912035.95
2018-05-11,2.08,2.12,2.05,2.08,1167316.93
2018-05-14,2.08,2.09,2.03,2.06,865244.57
2018-05-15,2.06,2.07,1.95,2.02,1326188.22
2018-05-16,1.96,1.96,1.91,1.92,1271354.95
2018-05-17,1.92,1.93,1.86,1.88,1051650.87
2018-05-18,1.87,1.93,1.86,1.93,926074.73
2018-05-21,1.94,1.98,1.93,1.96,884361.97
2018-05-22,1.97,1.98,1.89,1.91,821826.34
2018-05-23,1.92,1.95,1.88,1.89,936069.92
2018-05-24,1.86,1.89,1.84,1.85,855911.56
2018-05-25,1.88,1.89,1.77,1.84,1214883.2
2018-05-28,1.81,1.82,1.73,1.77,998001.65
2018-05-29,1.75,1.79,1.72,1.78,982062.05
2018-05-30,1.75,1.84,1.72,1.8,1474892.63
2018-05-31,1.74,1.77,1.67,1.71,1709484.86
2018-06-01,1.7,1.7,1.62,1.64,1263842.36
2018-06-04,1.64,1.66,1.59,1.62,1066015.81
2018-06-05,1.61,1.69,1.61,1.68,1029808.32
2018-06-06,1.73,1.95,1.73,1.92,3482147.42
2018-06-07,1.99,2.05,1.89,1.92,2676087.47
2018-06-08,1.92,2.0,1.84,1.86,1938836.22
2018-06-11,1.88,2.0,1.88,1.98,1972549.25
2018-06-12,1.95,2.02,1.92,2.01,1651676.58
2018-06-13,1.96,1.97,1.92,1.96,1069746.56
2018-06-14,1.94,1.98,1.89,1.91,1052992.61
2018-06-15,1.89,1.94,1.71,1.92,1994866.5
2018-06-19,1.78,1.96,1.75,1.93,3637229.52
2018-06-20,1.87,1.88,1.74,1.81,1835785.7
2018-06-21,1.78,1.88,1.73,1.74,1197257.31
2018-06-22,1.72,1.78,1.67,1.76,732462.25
2018-06-25,1.81,1.81,1.68,1.69,815212.08
2018-06-26,1.63,1.64,1.56,1.62,1227998.7
2018-06-27,1.6,1.63,1.57,1.62,880456.81
2018-06-28,1.59,1.62,1.57,1.6,700006.01
2018-06-29,1.61,1.68,1.57,1.66,952404.69
2018-07-02,1.65,1.65,1.5,1.53,1080423.32
2018-07-03,1.5,1.52,1.45,1.52,984701.46
2018-07-04,1.52,1.64,1.51,1.61,1523508.64
2018-07-05,1.56,1.65,1.47,1.62,2339614.95
2018-07-06,1.57,1.61,1.53,1.58,1044956.72
2018-07-09,1.58,1.64,1.57,1.63,932136.8
2018-07-10,1.61,1.67,1.6,1.62,997122.88
2018-07-11,1.53,1.54,1.41,1.45,1727476.18
2018-07-12,1.42,1.51,1.41,1.5,1124188.76
2018-07-13,1.49,1.5,1.45,1.46,830515.85
2018-07-16,1.46,1.47,1.42,1.44,551704.15
2018-07-17,1.42,1.43,1.39,1.42,749827.68
2018-07-18,1.4,1.41,1.35,1.36,1109730.17
2018-07-19,1.37,1.38,1.31,1.32,802298.12
2018-07-20,1.3,1.34,1.26,1.33,1130839.4
2018-07-23,1.39,1.47,1.38,1.46,1970112.34
2018-07-24,1.44,1.65,1.43,1.62,2963225.94
2018-07-25,1.67,1.67,1.59,1.64,1691758.39
2018-07-26,1.64,1.67,1.57,1.61,1263545.95
2018-07-27,1.58,1.63,1.56,1.6,738586.2
2018-07-30,1.62,1.65,1.57,1.57,835099.77
2018-07-31,1.59,1.61,1.58,1.59,581531.02
2018-08-01,1.59,1.62,1.51,1.52,697002.87
2018-08-02,1.49,1.49,1.35,1.41,1281031.24
2018-08-03,1.38,1.4,1.34,1.35,779102.53
2018-08-06,1.35,1.4,1.3,1.33,885189.03
2018-08-07,1.33,1.46,1.27,1.44,1607522.17
2018-08-08,1.41,1.49,1.38,1.44,1411035.58
2018-08-09,1.41,1.53,1.4,1.51,1224943.61
2018-08-10,1.49,1.51,1.44,1.48,838955.19
2018-08-13,1.43,1.46,1.4,1.46,657285.54
2018-08-14,1.42,1.45,1.4,1.44,506378.56
2018-08-15,1.42,1.43,1.36,1.36,664317.64
2018-08-16,1.3,1.36,1.26,1.29,884962.35
2018-08-17,1.31,1.35,1.26,1.28,669706.01
2018-08-20,1.28,1.33,1.28,1.33,556599.41
2018-08-21,1.33,1.38,1.33,1.37,594734.21
2018-08-22,1.37,1.37,1.34,1.35,342210.31
2018-08-23,1.34,1.37,1.33,1.35,413099.05
2018-08-24,1.34,1.37,1.32,1.36,399820.15
2018-08-27,1.42,1.49,1.41,1.48,1292439.21
2018-08-28,1.5,1.51,1.46,1.48,899701.71
2018-08-29,1.47,1.52,1.46,1.48,903835.91
2018-08-30,1.48,1.52,1.43,1.44,714315.88
2018-08-31,1.45,1.48,1.41,1.45,689251.52
2018-09-03,1.45,1.45,1.39,1.42,578690.87
2018-09-04,1.42,1.48,1.42,1.45,614181.67
2018-09-05,1.43,1.47,1.41,1.42,581113.61
2018-09-06,1.46,1.51,1.43,1.44,1142599.85
2018-09-07,1.43,1.51,1.43,1.49,1014820.56
2018-09-10,1.49,1.5,1.4,1.4,803349.77
2018-09-11,1.4,1.41,1.34,1.38,712889.18
2018-09-12,1.37,1.4,1.34,1.37,480565.71
2018-09-13,1.42,1.46,1.4,1.45,755812.08
2018-09-14,1.44,1.52,1.43,1.5,1053381.32
2018-09-17,1.47,1.49,1.43,1.45,564361.93
2018-09-18,1.45,1.52,1.41,1.5,950417.37
2018-09-19,1.5,1.63,1.49,1.6,1784286.53
2018-09-20,1.59,1.63,1.57,1.58,1069613.57
2018-09-21,1.61,1.68,1.59,1.66,1457930.98
2018-09-25,1.66,1.72,1.62,1.65,1129694.13
2018-09-26,1.65,1.7,1.62,1.64,1154481.65
2018-09-27,1.66,1.67,1.6,1.6,941594.72
2018-09-28,1.57,1.63,1.56,1.62,873678.83
2018-10-08,1.56,1.62,1.5,1.52,1059331.54
2018-10-09,1.54,1.68,1.51,1.64,1521557.85
2018-10-10,1.68,1.78,1.65,1.74,2185980.38
2018-10-11,1.66,1.79,1.56,1.65,2335827.52
2018-10-12,1.74,1.78,1.65,1.7,2107413.55
2018-10-15,1.69,1.69,1.59,1.63,1469556.81
2018-10-16,1.62,1.64,1.33,1.39,2083465.62
2018-10-17,1.38,1.46,1.36,1.42,1072808.33
2018-10-18,1.39,1.4,1.3,1.34,1010017.39
2018-10-19,1.31,1.48,1.29,1.45,1293294.28
2018-10-22,1.47,1.6,1.46,1.55,1860479.67
2018-10-23,1.53,1.56,1.44,1.53,1430886.97
2018-10-24,1.5,1.6,1.49,1.56,1347413.66
2018-10-25,1.51,1.62,1.5,1.61,1714631.92
2018-10-26,1.57,1.64,1.56,1.6,1138657.73
2018-10-29,1.56,1.6,1.46,1.47,1348933.75
2018-10-30,1.44,1.49,1.4,1.46,959082.76
2018-10-31,1.46,1.49,1.41,1.47,987273.12
2018-11-01,1.47,1.57,1.44,1.55,1558055.69
2018-11-02,1.59,1.63,1.54,1.59,1872952.66
2018-11-05,1.58,1.63,1.57,1.6,1144729.27
2018-11-06,1.58,1.6,1.55,1.6,814640.32
2018-11-07,1.59,1.68,1.58,1.61,1343902.84
2018-11-08,1.59,1.6,1.52,1.53,973011.77
2018-11-09,1.5,1.54,1.45,1.47,788665.34
2018-11-12,1.44,1.49,1.42,1.49,1082779.04
2018-11-13,1.45,1.53,1.44,1.51,998135.97
2018-11-14,1.49,1.54,1.48,1.49,977168.61
2018-11-15,1.51,1.53,1.48,1.53,881727.59
2018-11-16,1.52,1.53,1.49,1.51,1044653.98
2018-11-19,1.52,1.53,1.5,1.52,1003148.35
2018-11-20,1.51,1.6,1.5,1.59,2126657.38
2018-11-21,1.57,1.59,1.53,1.58,1268908.18
2018-11-22,1.58,1.59,1.55,1.56,613508.05
2018-11-23,1.55,1.57,1.43,1.44,1273646.73
2018-11-26,1.42,1.45,1.37,1.39,881072.85
2018-11-27,1.39,1.42,1.37,1.39,563938.02
2018-11-28,1.38,1.39,1.34,1.39,998369.42
2018-11-29,1.43,1.5,1.42,1.43,1631902.85
2018-11-30,1.41,1.44,1.37,1.44,839900.33
2018-12-03,1.47,1.49,1.44,1.49,1126948.96
2018-12-04,1.48,1.49,1.45,1.49,1190890.25
2018-12-05,1.45,1.5,1.44,1.46,1438830.36
2018-12-06,1.47,1.5,1.44,1.45,972948.09
2018-12-07,1.44,1.47,1.43,1.45,500066.67
2018-12-10,1.49,1.54,1.48,1.51,1550089.25
2018-12-11,1.48,1.54,1.48,1.53,961026.12
2018-12-12,1.52,1.53,1.46,1.48,809438.99
2018-12-13,1.48,1.5,1.45,1.48,915357.3
2018-12-14,1.47,1.48,1.42,1.43,860161.39
2018-12-17,1.41,1.48,1.4,1.46,620259.25
2018-12-18,1.46,1.51,1.45,1.47,995746.74
2018-12-19,1.47,1.49,1.44,1.47,619506.62
2018-12-20,1.44,1.46,1.4,1.42,949846.29
2018-12-21,1.45,1.49,1.4,1.43,1085572.82
2018-12-24,1.43,1.46,1.41,1.44,593258.44
2018-12-25,1.45,1.47,1.41,1.44,955039.61
2018-12-26,1.42,1.44,1.39,1.42,929247.92
2018-12-27,1.43,1.44,1.36,1.37,920750.56
2018-12-28,1.37,1.39,1.36,1.39,546492.58
2019-01-02,1.34,1.34,1.06,1.06,3448939.38
2019-01-03,1.01,1.11,0.99,1.1,2236570.48
2019-01-04,1.09,1.14,1.07,1.13,1365240.76
2019-01-07,1.13,1.15,1.1,1.13,1409642.02
2019-01-08,1.13,1.13,1.08,1.09,1115054.64
2019-01-09,1.09,1.14,1.08,1.11,1020301.36
2019-01-10,1.12,1.14,1.1,1.12,821589.12
2019-01-11,1.11,1.12,1.09,1.1,657819.5
2019-01-14,1.11,1.12,1.08,1.1,766292.24
2019-01-15,1.09,1.1,1.06,1.1,978283.3
2019-01-16,1.09,1.1,1.02,1.04,1405846.85
2019-01-17,1.05,1.07,1.02,1.05,1136445.94
2019-01-18,1.05,1.08,1.03,1.08,1275839.59
2019-01-21,1.08,1.08,1.05,1.06,950265.17
2019-01-22,1.06,1.06,1.02,1.03,753378.52
2019-01-23,1.04,1.04,1.02,1.03,549320.32
2019-01-24,1.02,1.03,1.01,1.02,565915.81
2019-01-25,1.02,1.03,1.01,1.03,455092.55
2019-01-28,1.06,1.07,1.04,1.04,933967.91
2019-01-29,1.04,1.04,0.98,1.0,1051753.15
2019-01-30,1.01,1.02,1.0,1.02,491899.99
2019-01-31,1.03,1.07,1.01,1.03,1123798.6
2019-02-01,1.04,1.06,1.02,1.06,866998.38
2019-02-11,1.06,1.11,1.06,1.1,1523509.59
2019-02-12,1.09,1.13,1.08,1.13,1505066.09
2019-02-13,1.14,1.27,1.11,1.25,2779326.21
2019-02-14,1.24,1.24,1.19,1.22,1323194.49
2019-02-15,1.21,1.35,1.21,1.3,2486125.65
2019-02-18,1.32,1.47,1.32,1.45,2676942.57
2019-02-19,1.46,1.52,1.42,1.44,1980430.64
2019-02-20,1.53,1.63,1.49,1.56,3040601.96
2019-02-21,1.58,1.61,1.5,1.54,2278172.22
2019-02-22,1.47,1.53,1.45,1.53,1966051.5
2019-02-25,1.56,1.82,1.55,1.79,4212630.92
2019-02-26,1.73,1.84,1.71,1.74,3380287.93
2019-02-27,1.71,1.76,1.64,1.68,2746016.96
2019-02-28,1.67,1.7,1.61,1.63,1396671.05
2019-03-01,1.64,1.68,1.6,1.68,1317768.99
2019-03-04,1.67,1.76,1.63,1.68,2971073.82
2019-03-05,1.63,1.67,1.61,1.66,2129537.85
2019-03-06,1.67,1.78,1.66,1.75,3420727.81
2019-03-07,1.73,1.91,1.7,1.82,4680075.4
2019-03-08,1.73,1.74,1.58,1.6,3100323.79
2019-03-11,1.6,1.66,1.58,1.66,1845538.76
2019-03-12,1.68,1.69,1.62,1.65,2211041.14
2019-03-13,1.67,1.68,1.6,1.61,1695209.46
2019-03-14,1.61,1.66,1.48,1.5,1829586.36
2019-03-15,1.5,1.56,1.48,1.53,1492094.84
2019-03-18,1.53,1.62,1.53,1.61,1578443.42
2019-03-19,1.62,1.63,1.56,1.6,1487667.52
2019-03-20,1.59,1.63,1.54,1.59,1477025.73
2019-03-21,1.63,1.72,1.62,1.69,3133921.26
2019-03-22,1.67,1.68,1.61,1.64,1591070.65
2019-03-25,1.62,1.63,1.56,1.57,1856156.45
2019-03-26,1.6,1.64,1.53,1.55,1584702.62
2019-03-27,1.55,1.56,1.46,1.52,1519005.38
2019-03-28,1.48,1.52,1.46,1.5,1039035.38
2019-03-29,1.48,1.56,1.46,1.56,1677908.34
2019-04-01,1.6,1.77,1.59,1.7,3466487.22
2019-04-02,1.72,1.74,1.66,1.71,2356208.25
2019-04-03,1.68,1.77,1.66,1.75,2308357.67
2019-04-04,1.77,1.89,1.75,1.78,2884879.46
2019-04-08,1.81,1.86,1.73,1.8,3333524.28
2019-04-09,1.81,1.85,1.68,1.74,2571178.8
2019-04-10,1.73,1.75,1.68,1.73,1976667.88
2019-04-11,1.72,1.74,1.65,1.66,1569413.63
2019-04-12,1.62,1.64,1.56,1.6,1704246.12
2019-04-15,1.64,1.68,1.54,1.57,1602739.22
2019-04-16,1.55,1.69,1.53,1.68,2633798.73
2019-04-17,1.65,1.67,1.61,1.64,2260710.18
2019-04-18,1.63,1.68,1.59,1.61,1754097.77
2019-04-19,1.59,1.62,1.56,1.62,1582454.75
2019-04-22,1.63,1.64,1.56,1.59,1481022.27
2019-04-23,1.57,1.58,1.5,1.52,1466364.3
2019-04-24,1.51,1.54,1.48,1.54,1092022.66
2019-04-25,1.52,1.52,1.43,1.44,1727723.8
2019-04-26,1.42,1.45,1.38,1.38,1237999.87
2019-04-29,1.4,1.41,1.35,1.36,1276272.81
2019-04-30,1.35,1.38,1.33,1.37,1177842.72
2019-05-06,1.27,1.33,1.2,1.23,2304421.31
2019-05-07,1.23,1.26,1.2,1.26,1464274.68
2019-05-08,1.22,1.35,1.21,1.33,1620706.54
2019-05-09,1.28,1.3,1.24,1.25,1032814.46
2019-05-10,1.27,1.3,1.25,1.3,1141727.0
2019-05-13,1.27,1.28,1.25,1.25,610574.01
2019-05-14,1.28,1.34,1.28,1.3,1450786.81
2019-05-15,1.28,1.32,1.27,1.31,991466.27
2019-05-16,1.29,1.4,1.29,1.36,1506438.93
2019-05-17,1.33,1.34,1.25,1.26,1200718.46
2019-05-20,1.24,1.25,1.2,1.24,690481.9
2019-05-21,1.23,1.32,1.22,1.29,870656.1
2019-05-22,1.29,1.31,1.26,1.28,571099.46
2019-05-23,1.27,1.28,1.23,1.24,485458.16
2019-05-24,1.27,1.28,1.24,1.25,449993.95
2019-05-27,1.24,1.28,1.23,1.27,765074.53
2019-05-28,1.27,1.29,1.24,1.28,969310.21
2019-05-29,1.25,1.28,1.25,1.28,639919.93
2019-05-30,1.26,1.27,1.22,1.26,763435.65
2019-05-31,1.28,1.3,1.27,1.3,1138930.12
2019-06-03,1.35,1.41,1.32,1.39,2667959.71
2019-06-04,1.44,1.45,1.34,1.36,1712554.69
2019-06-05,1.36,1.42,1.34,1.41,1577104.76
2019-06-06,1.38,1.42,1.35,1.35,1215161.18
2019-06-10,1.35,1.35,1.27,1.3,1587615.27
2019-06-11,1.29,1.38,1.27,1.37,1546867.14
2019-06-12,1.35,1.53,1.34,1.47,3751304.05
2019-06-13,1.44,1.48,1.41,1.45,1843759.44
2019-06-14,1.47,1.54,1.42,1.53,2867104.12
2019-06-17,1.47,1.53,1.46,1.48,1782847.82
2019-06-18,1.46,1.53,1.46,1.52,1452467.87
2019-06-19,1.5,1.55,1.47,1.52,1796740.94
2019-06-20,1.62,1.73,1.57,1.68,5417938.85
2019-06-21,1.77,1.95,1.69,1.78,6772749.13
2019-06-24,1.84,1.88,1.76,1.8,3821637.22
2019-06-25,1.88,2.03,1.87,1.97,8345728.45
2019-06-26,1.85,1.87,1.7,1.72,5425187.26
2019-06-27,1.71,1.81,1.7,1.78,3096968.52
2019-06-28,1.84,1.93,1.8,1.82,3190987.08
2019-07-01,1.7,1.82,1.67,1.79,3039325.27
2019-07-02,1.76,1.84,1.73,1.83,2356535.89
2019-07-03,2.01,2.04,1.87,1.88,3394643.06
2019-07-04,1.87,1.9,1.74,1.77,2726806.35
2019-07-05,1.77,1.82,1.77,1.81,1333148.81
2019-07-08,1.75,1.77,1.68,1.75,1991713.6
2019-07-09,1.7,1.71,1.66,1.7,1002113.67
2019-07-10,1.67,1.7,1.62,1.63,1017989.56
2019-07-11,1.75,1.79,1.7,1.73,2110545.11
2019-07-12,1.69,1.71,1.64,1.67,1215739.73
2019-07-15,1.68,1.71,1.63,1.7,992421.0
2019-07-16,1.68,1.73,1.67,1.72,868712.8
2019-07-17,1.68,1.7,1.65,1.67,937197.5
2019-07-18,1.75,1.76,1.67,1.68,1322527.28
2019-07-19,1.77,1.84,1.73,1.82,2685175.6
2019-07-22,1.75,1.78,1.69,1.76,1447239.9
2019-07-23,1.71,1.76,1.71,1.76,929372.6
2019-07-24,1.75,1.79,1.74,1.79,1249484.52
2019-07-25,1.76,1.78,1.73,1.76,1283708.77
2019-07-26,1.72,1.73,1.68,1.73,1104885.84
2019-07-29,1.74,1.75,1.7,1.72,811507.31
2019-07-30,1.73,1.78,1.71,1.78,1676239.4
2019-07-31,1.77,1.82,1.75,1.81,1624588.17
2019-08-01,1.71,1.75,1.67,1.73,1676970.88
2019-08-02,1.79,1.81,1.71,1.73,1369289.69
2019-08-05,1.72,1.98,1.72,1.94,4581776.44
2019-08-06,1.95,2.0,1.8,1.84,3874615.57
2019-08-07,1.9,1.97,1.88,1.93,3230503.09
2019-08-08,2.0,2.03,1.91,1.95,2855911.75
2019-08-09,1.94,1.97,1.87,1.88,1951463.72
2019-08-12,1.87,1.87,1.82,1.86,1366389.62
2019-08-13,1.91,2.02,1.88,1.98,3094291.03
2019-08-14,1.85,1.91,1.83,1.87,2231813.02
2019-08-15,1.92,1.93,1.84,1.86,2185544.32
2019-08-16,1.87,1.89,1.84,1.86,1496298.83
2019-08-19,1.81,1.83,1.77,1.83,1986514.11
2019-08-20,1.79,1.86,1.77,1.85,1815903.4
2019-08-21,1.84,1.84,1.81,1.81,966722.9
2019-08-22,1.81,1.81,1.76,1.77,998388.37
2019-08-23,1.75,1.8,1.73,1.78,1002011.36
2019-08-26,1.88,1.92,1.82,1.84,2156233.93
2019-08-27,1.81,1.87,1.79,1.84,1820001.41
2019-08-28,1.84,1.85,1.77,1.79,1621540.48
2019-08-29,1.77,1.85,1.76,1.85,1579376.05
2019-08-30,1.79,1.85,1.78,1.81,1274456.84
2019-09-02,1.8,1.81,1.74,1.77,1814437.44
2019-09-03,1.76,1.77,1.7,1.72,1729525.08
2019-09-04,1.75,1.76,1.72,1.74,1848186.36
2019-09-05,1.75,1.8,1.74,1.78,1996600.11
2019-09-06,1.73,1.73,1.68,1.69,2224106.78
2019-09-09,1.69,1.7,1.66,1.7,1551970.13
2019-09-10,1.67,1.7,1.66,1.69,1240179.65
2019-09-11,1.68,1.73,1.67,1.71,1553445.11
2019-09-12,1.69,1.7,1.68,1.7,931116.69
2019-09-16,1.71,1.73,1.69,1.73,1191406.28
2019-09-17,1.71,1.71,1.63,1.64,1199512.3
2019-09-18,1.64,1.66,1.63,1.63,746652.47
2019-09-19,1.62,1.62,1.58,1.62,876858.64
2019-09-20,1.61,1.65,1.61,1.65,857677.87
2019-09-23,1.65,1.66,1.6,1.6,702505.94
2019-09-24,1.61,1.62,1.58,1.59,904213.23
2019-09-25,1.61,1.61,1.55,1.56,806830.1
2019-09-26,1.53,1.54,1.43,1.46,1522966.72
2019-09-27,1.45,1.46,1.43,1.44,788209.42
2019-09-30,1.44,1.45,1.41,1.42,576502.69
2019-10-08,1.42,1.45,1.4,1.41,567856.13
2019-10-09,1.42,1.49,1.42,1.47,746336.94
2019-10-10,1.47,1.49,1.45,1.48,598146.55
2019-10-11,1.47,1.49,1.45,1.49,488051.14
2019-10-14,1.47,1.5,1.46,1.48,1085568.23
2019-10-15,1.48,1.49,1.45,1.45,533696.62
2019-10-16,1.46,1.46,1.43,1.43,433269.72
2019-10-17,1.44,1.44,1.41,1.42,622596.27
2019-10-18,1.42,1.43,1.36,1.36,745818.5
2019-10-21,1.36,1.38,1.31,1.37,687421.72
2019-10-22,1.35,1.36,1.34,1.36,484050.94
2019-10-23,1.35,1.4,1.35,1.39,691126.01
2019-10-24,1.39,1.39,1.34,1.36,495560.42
2019-10-25,1.37,1.39,1.35,1.39,517270.67
2019-10-28,1.38,1.51,1.37,1.51,1798803.01
2019-10-29,1.48,1.5,1.46,1.46,702274.7
2019-10-30,1.46,1.51,1.45,1.5,1246477.73
2019-10-31,1.51,1.54,1.48,1.53,1084851.0
2019-11-01,1.55,1.58,1.5,1.52,1409778.12
2019-11-04,1.52,1.64,1.51,1.62,2014670.36
2019-11-05,1.62,1.65,1.59,1.62,1056773.08
2019-11-06,1.59,1.78,1.59,1.74,3040668.51
2019-11-07,1.73,1.76,1.68,1.74,1265468.5
2019-11-08,1.72,1.76,1.69,1.74,1321266.17
2019-11-11,1.71,1.72,1.63,1.65,1604082.54
2019-11-12,1.64,1.65,1.56,1.59,1130341.13
2019-11-13,1.66,1.77,1.62,1.64,2186833.87
2019-11-14,1.64,1.65,1.57,1.59,1593947.84
2019-11-21,1.61,1.7,1.61,1.68,2080162.11
2019-11-22,1.67,1.79,1.65,1.77,2029636.41
2019-11-25,1.82,1.95,1.78,1.92,2984474.99
2019-11-26,1.89,1.92,1.84,1.92,1494570.75
2019-11-27,1.9,1.9,1.78,1.83,1279166.78
2019-11-28,1.81,1.86,1.78,1.79,800129.24
2019-11-29,1.69,1.75,1.64,1.71,2557943.15
2019-12-02,1.75,1.93,1.73,1.85,2818176.55
2019-12-03,1.92,1.95,1.86,1.88,1662420.3
2019-12-04,1.92,1.95,1.88,1.92,2074605.04
2019-12-05,1.91,1.92,1.82,1.85,1570134.78
2019-12-06,1.84,1.87,1.8,1.83,1091720.21
2019-12-09,1.81,2.0,1.81,2.0,3044646.17
2019-12-10,2.0,2.15,1.98,2.11,3627109.77
2019-12-11,2.11,2.17,2.08,2.1,1590720.47
2019-12-12,2.17,2.2,2.08,2.08,1384608.15
2019-12-13,2.1,2.14,2.06,2.11,1257012.26
2019-12-16,2.11,2.12,2.02,2.1,1659286.76
2019-12-17,2.11,2.18,2.08,2.14,2097329.26
2019-12-18,2.13,2.14,2.1,2.12,1300682.6
2019-12-19,2.11,2.28,2.09,2.25,3105690.67
2019-12-20,2.25,2.26,2.14,2.17,2064325.67
2019-12-23,2.14,2.19,2.11,2.12,1164771.93
2019-12-24,2.13,2.29,2.08,2.27,2100252.02
2019-12-25,2.3,2.35,2.24,2.29,1694167.25
2019-12-26,2.27,2.39,2.25,2.34,1887370.81
2019-12-27,2.34,2.76,2.34,2.61,4768126.87
2019-12-30,2.63,2.75,2.52,2.64,2934266.75
2019-12-31,2.68,2.79,2.6,2.74,2922164.95
2020-01-02,2.77,3.0,2.75,2.9,3508567.66
2020-01-03,2.93,3.05,2.86,2.95,2740998.77
2020-01-06,3.09,3.17,2.8,3.01,5776023.37
2020-01-07,2.88,2.88,2.77,2.82,4024024.86
2020-01-08,2.94,2.98,2.76,2.85,4403377.71
2020-01-09,2.68,2.77,2.63,2.66,3875508.82
2020-01-10,2.65,2.7,2.61,2.69,2357123.36
2020-01-13,2.7,2.79,2.67,2.78,2039086.18
2020-01-14,2.78,3.03,2.77,2.89,3217511.55
2020-01-15,2.88,2.89,2.72,2.75,1894353.85
2020-01-16,2.75,2.77,2.64,2.67,1688681.36
2020-01-17,2.67,2.81,2.64,2.77,1799160.87
2020-01-20,2.75,2.76,2.63,2.69,1853567.2
2020-01-21,2.67,2.67,2.51,2.51,2558503.02
2020-01-22,2.48,2.62,2.36,2.58,1929378.29
2020-01-23,2.46,2.68,2.37,2.44,2954110.06
2020-02-03,2.01,2.2,2.01,2.01,4498318.02
2020-02-04,2.01,2.18,2.01,2.13,2781595.84
2020-02-05,2.11,2.27,2.08,2.18,3021992.77
2020-02-06,2.22,2.33,2.15,2.28,3025188.37
2020-02-07,2.24,2.33,2.18,2.25,2341591.08
2020-02-10,2.21,2.38,2.16,2.35,2924428.49
2020-02-11,2.33,2.53,2.31,2.39,2621611.38
2020-02-12,2.38,2.47,2.37,2.45,1690840.56
2020-02-13,2.45,2.5,2.41,2.47,1782125.54
2020-02-14,2.48,2.74,2.43,2.69,3368063.63
2020-02-17,2.7,2.78,2.63,2.76,2474188.59
2020-02-18,2.79,2.79,2.7,2.72,1990425.1
2020-02-19,2.79,2.82,2.68,2.74,2556137.79
2020-02-20,2.72,2.75,2.65,2.74,2169790.6
2020-02-21,2.78,2.92,2.73,2.85,3683692.46
2020-02-24,2.98,3.01,2.81,2.87,3649726.82
2020-02-25,2.72,2.84,2.68,2.72,3460982.69
2020-02-26,2.65,2.65,2.5,2.51,3518142.13
2020-02-27,2.51,2.59,2.46,2.56,1694574.73
2020-02-28,2.43,2.5,2.31,2.31,2603069.46
2020-03-02,2.3,2.49,2.3,2.45,1904850.86
2020-03-03,2.5,2.56,2.43,2.45,1709891.83
2020-03-04,2.55,2.58,2.42,2.48,2469414.06
2020-03-05,2.45,2.52,2.45,2.5,1904915.81
2020-03-06,2.55,2.57,2.5,2.53,2452603.15
2020-03-09,2.53,2.53,2.21,2.23,4154428.11
2020-03-10,2.11,2.22,2.07,2.19,3617264.73
2020-03-11,2.2,2.26,2.17,2.17,2237410.44
2020-03-12,2.06,2.1,2.01,2.07,2213173.98
2020-03-13,1.79,2.04,1.7,1.99,3188141.88
2020-03-16,1.99,1.99,1.75,1.79,2534540.01
2020-03-17,1.77,1.84,1.51,1.63,3407112.51
2020-03-18,1.68,1.73,1.55,1.56,2422837.44
2020-03-19,1.45,1.53,1.42,1.51,3068684.16
2020-03-20,1.55,1.64,1.48,1.61,2250929.25
2020-03-23,1.52,1.69,1.48,1.61,3153559.88
2020-03-24,1.87,1.95,1.76,1.89,5420242.72
2020-03-25,2.05,2.06,1.93,1.95,3671170.12
2020-03-26,1.88,2.0,1.84,1.92,2465703.02
2020-03-27,1.94,1.98,1.92,1.94,2011006.57
2020-03-30,1.86,1.93,1.82,1.84,1765987.47
2020-03-31,1.84,1.88,1.81,1.84,1354208.54
2020-04-01,1.79,1.88,1.75,1.88,1758528.65
2020-04-02,1.81,1.85,1.78,1.85,1688373.19
2020-04-03,1.85,1.95,1.84,1.85,2104456.6
2020-04-07,1.97,2.17,1.94,2.12,4265687.03
2020-04-08,2.05,2.14,2.03,2.1,1854352.71
2020-04-09,2.1,2.13,2.06,2.1,1525689.99
2020-04-10,2.24,2.25,2.1,2.12,2885640.84
2020-04-13,2.11,2.2,2.09,2.15,1460929.77
2020-04-14,2.25,2.51,2.21,2.43,5037743.92
2020-04-15,2.41,2.5,2.37,2.41,2716266.14
2020-04-16,2.35,2.4,2.29,2.4,2733897.9
2020-04-17,2.32,2.35,2.23,2.28,2729414.14
2020-04-20,2.23,2.32,2.19,2.29,1718167.87
2020-04-21,2.27,2.31,2.18,2.24,1599134.76
2020-04-22,2.2,2.24,2.17,2.21,1564361.89
2020-04-23,2.31,2.36,2.25,2.3,2649544.81
2020-04-24,2.28,2.4,2.26,2.38,2966950.9
2020-04-27,2.1,2.15,1.96,1.99,5885806.43
2020-04-28,1.99,2.13,1.91,2.12,3920691.48
2020-04-29,2.12,2.15,2.04,2.07,1398612.13
2020-04-30,2.08,2.1,2.01,2.06,1820318.95
2020-05-06,2.07,2.13,2.05,2.11,1492178.26
2020-05-07,2.08,2.18,2.06,2.1,1524424.31
2020-05-08,2.18,2.2,2.12,2.16,1486404.09
2020-05-11,2.14,2.17,2.09,2.1,1292905.71
2020-05-12,2.08,2.09,2.01,2.03,1619324.16
2020-05-13,2.03,2.05,2.0,2.03,1081109.06
2020-05-14,2.04,2.05,1.95,1.98,1325396.59
2020-05-15,2.02,2.11,2.0,2.09,2114545.54
2020-05-18,2.18,2.34,2.14,2.29,3706513.59
2020-05-19,2.23,2.26,2.15,2.17,2085081.07
2020-05-20,2.24,2.31,2.2,2.27,1878801.02
2020-05-21,2.26,2.3,2.16,2.18,1453819.6
2020-05-22,2.17,2.17,2.03,2.07,1550834.36
2020-05-25,2.04,2.04,1.96,1.99,1412229.59
2020-05-26,2.02,2.07,2.0,2.03,1144312.54
2020-05-27,1.98,1.99,1.93,1.95,1556997.36
2020-05-28,1.97,2.01,1.94,1.98,1423755.82
2020-05-29,1.95,1.97,1.9,1.93,1484324.24
2020-06-01,1.96,2.06,1.95,2.04,2041612.18
2020-06-02,2.04,2.07,1.99,2.03,1409082.22
2020-06-03,2.03,2.13,2.01,2.08,1813007.23
2020-06-04,2.03,2.05,1.99,2.0,1539069.63
2020-06-05,2.02,2.02,1.96,1.97,1229563.77
2020-06-08,2.02,2.18,2.02,2.16,3589205.54
2020-06-09,2.18,2.21,2.14,2.19,1765349.26
2020-06-10,2.25,2.27,2.13,2.16,1341889.4
2020-06-11,2.23,2.29,2.18,2.2,2049450.94
2020-06-12,2.08,2.15,2.06,2.12,1566472.13
2020-06-15,2.12,2.15,2.06,2.06,1385817.32
2020-06-16,2.08,2.17,2.07,2.15,1535381.89
2020-06-17,2.13,2.18,2.09,2.18,1647852.21
2020-06-18,2.2,2.33,2.14,2.3,3151643.28
2020-06-19,2.3,2.35,2.26,2.31,2033062.69
2020-06-22,2.36,2.49,2.35,2.4,2833327.0
2020-06-23,2.43,2.46,2.36,2.39,1453615.38
2020-06-24,2.48,2.56,2.47,2.53,2404470.58
2020-06-29,2.52,2.59,2.45,2.52,1917050.99
2020-06-30,2.52,2.57,2.46,2.55,1599635.05
2020-07-01,2.62,2.85,2.62,2.74,3362315.85
2020-07-02,2.66,2.8,2.66,2.77,2720794.11
2020-07-03,2.75,2.94,2.73,2.9,3301255.13
2020-07-06,2.92,3.28,2.92,3.26,5256662.14
2020-07-07,3.35,3.6,3.27,3.28,4632562.82
2020-07-08,3.31,3.75,3.29,3.73,5653147.65
2020-07-09,3.8,4.29,3.8,4.29,6902307.69
2020-07-10,4.15,4.15,3.79,3.81,6233831.6
2020-07-13,3.98,4.22,3.96,4.15,5761556.93
2020-07-14,3.93,4.1,3.85,3.97,4260614.65
2020-07-15,4.0,4.09,3.75,3.8,3681586.21
2020-07-16,3.73,3.93,3.55,3.59,3080090.85
2020-07-17,3.55,3.69,3.46,3.6,2431407.16
2020-07-20,3.71,3.87,3.67,3.86,3805120.78
2020-07-21,3.96,4.03,3.85,3.93,2985650.81
2020-07-22,4.26,4.33,4.07,4.1,3839732.88
2020-07-23,4.18,4.2,3.87,4.07,3059066.32
2020-07-24,4.03,4.12,3.79,3.88,3590668.69
2020-07-27,4.02,4.29,3.94,4.27,5816874.45
2020-07-28,4.48,4.55,3.95,4.01,6410761.31
2020-07-29,4.01,4.04,3.83,3.99,4196922.43
2020-07-30,4.02,4.11,3.88,3.9,2941103.03
2020-07-31,3.95,4.1,3.88,4.1,3499107.52
2020-08-03,4.05,4.13,3.96,4.09,3001286.01
2020-08-04,4.08,4.2,4.01,4.04,2850446.01
2020-08-05,4.22,4.3,4.07,4.29,4710203.97
2020-08-06,4.34,4.85,4.33,4.82,7182687.28
2020-08-07,4.82,5.23,4.76,4.89,7282523.15
2020-08-10,4.62,4.68,4.45,4.58,4085426.46
2020-08-11,4.45,4.6,4.25,4.28,3980655.52
2020-08-12,3.84,4.01,3.69,3.95,5965464.85
2020-08-13,3.96,4.02,3.85,3.97,1977101.06
2020-08-14,3.99,4.17,3.95,4.03,1812521.63
2020-08-17,4.0,4.41,3.94,4.36,3170219.93
2020-08-18,4.52,4.66,4.43,4.61,3051127.29
2020-08-19,4.61,4.77,4.53,4.75,4528177.43
2020-08-20,4.44,4.8,4.35,4.57,3551960.78
2020-08-21,4.58,4.65,4.41,4.45,2088460.31
2020-08-24,4.55,5.05,4.51,4.95,4921344.02
2020-08-25,5.01,5.01,4.59,4.85,3681697.77
2020-08-26,4.78,4.97,4.68,4.78,2641054.93
2020-08-27,4.91,4.96,4.67,4.73,1868347.77
2020-08-28,4.7,4.94,4.54,4.9,2596369.21
2020-08-31,5.02,5.57,5.01,5.44,7462873.93
2020-09-01,5.45,5.74,5.4,5.59,4448013.57
2020-09-02,5.5,5.56,5.27,5.38,3468975.11
2020-09-03,5.26,5.5,5.2,5.31,2701345.71
2020-09-04,5.17,5.44,5.16,5.25,2235352.6
2020-09-07,5.35,5.68,5.22,5.34,3507561.84
2020-09-08,5.24,5.37,4.96,5.29,3058371.77
2020-09-09,5.09,5.24,4.96,4.98,2330087.78
2020-09-10,5.15,5.42,5.08,5.23,3434757.41
2020-09-11,5.15,5.21,4.98,5.16,2142922.88
2020-09-14,5.25,5.49,5.1,5.39,2864991.84
2020-09-15,5.45,5.53,5.36,5.42,2373181.49
2020-09-16,5.3,5.39,5.17,5.29,1686207.65
2020-09-17,5.23,5.24,4.99,5.05,2336310.54
2020-09-18,5.11,5.3,5.07,5.28,2209224.64
2020-09-21,5.27,5.36,5.08,5.12,1980036.84
2020-09-22,4.85,5.02,4.76,4.81,2819165.03
2020-09-23,4.83,4.88,4.63,4.7,2568024.97
2020-09-24,4.53,4.55,4.25,4.27,3943617.53
2020-09-25,4.38,4.49,4.35,4.45,2207188.04
2020-09-28,4.47,4.53,4.34,4.44,1558394.87
2020-09-29,4.57,4.67,4.41,4.44,2081150.87
2020-09-30,4.5,4.54,4.32,4.4,1601177.15
2020-10-09,4.5,4.53,4.4,4.47,2556388.92
2020-10-12,4.49,4.84,4.49,4.83,2839801.4
2020-10-13,4.79,4.85,4.67,4.83,1438547.06
2020-10-14,4.66,4.79,4.62,4.74,1269640.96
2020-10-15,4.76,4.92,4.74,4.81,1323630.29
2020-10-16,4.95,5.07,4.81,4.84,1641056.65
2020-10-19,4.85,4.96,4.73,4.93,1462372.82
2020-10-20,4.96,5.07,4.82,5.0,1816486.07
2020-10-21,5.13,5.29,5.13,5.22,2509752.2
2020-10-22,5.24,5.25,5.11,5.21,1322485.68
2020-10-23,5.12,5.28,5.11,5.16,1230504.31
2020-10-26,5.16,5.32,5.02,5.29,1871010.86
2020-10-27,5.25,5.35,5.23,5.32,1258881.67
2020-10-28,5.3,5.48,5.25,5.41,1656741.01
2020-10-29,5.2,5.33,5.13,5.26,1508364.85
2020-10-30,5.29,5.53,5.2,5.24,1966058.79
2020-11-02,5.32,5.47,5.25,5.44,2020343.8
2020-11-03,5.51,6.14,5.47,5.9,4167177.38
2020-11-04,5.9,5.98,5.76,5.92,1987352.71
2020-11-05,5.99,6.05,5.76,5.91,2206846.41
2020-11-06,6.1,6.28,6.01,6.15,3183439.76
2020-11-09,6.27,6.42,6.2,6.38,2937042.61
2020-11-10,6.0,6.11,5.86,5.95,3895310.53
2020-11-11,5.93,6.0,5.75,5.78,2231263.01
2020-11-12,5.72,5.97,5.59,5.92,2480240.7
2020-11-13,5.95,6.02,5.77,5.89,1555713.12
2020-11-16,6.03,6.55,6.03,6.44,4026423.61
2020-11-17,6.44,6.66,6.36,6.46,2899421.55
2020-11-18,6.41,7.11,6.4,6.67,4670882.37
2020-11-19,6.6,6.68,6.36,6.63,2331696.86
2020-11-20,6.59,7.23,6.55,7.23,3415948.72
2020-11-23,7.41,7.68,7.07,7.41,4908665.58
2020-11-24,7.14,7.41,7.06,7.4,3680289.05
2020-11-25,7.37,7.65,6.85,6.87,5274695.2
2020-11-26,6.87,7.11,6.83,7.11,2967231.24
2020-11-27,7.25,7.35,6.93,7.2,2584832.74
2020-11-30,7.16,7.72,7.07,7.54,4303074.15
2020-12-01,7.38,7.64,7.3,7.64,2607390.41
2020-12-02,7.8,7.95,7.45,7.6,3301628.69
2020-12-03,7.47,7.54,7.02,7.11,3773818.19
2020-12-04,7.13,7.4,7.0,7.38,2677968.59
2020-12-07,7.32,7.43,6.96,7.06,2648611.78
2020-12-08,7.16,7.38,7.05,7.16,2857068.59
2020-12-09,7.17,7.3,6.93,6.96,2348364.36
2020-12-10,6.76,6.85,6.45,6.8,2977646.91
2020-12-11,7.06,7.09,6.54,6.68,2854863.38
2020-12-14,6.55,6.82,6.45,6.76,1912955.95
2020-12-15,6.67,6.7,6.36,6.58,2850117.27
2020-12-16,6.68,6.75,6.44,6.63,1955606.38
2020-12-17,6.66,7.08,6.63,7.08,3595536.28
2020-12-18,7.2,7.58,7.17,7.44,3749245.12
2020-12-21,7.58,7.73,7.41,7.64,2800665.75
2020-12-22,7.43,7.48,6.96,7.0,3915256.07
2020-12-23,6.92,7.1,6.77,7.02,2498466.68
2020-12-24,7.07,7.32,7.07,7.16,2009870.38
2020-12-25,7.18,7.55,6.96,7.52,2733569.14
2020-12-28,7.62,7.9,7.6,7.69,3210290.1
2020-12-29,7.76,7.8,7.35,7.35,2440644.36
2020-12-30,7.34,7.61,7.24,7.52,2451022.32
2020-12-31,7.57,7.68,7.41,7.54,2438899.64
2021-01-04,7.67,8.42,7.63,8.29,4451683.34
2021-01-05,8.34,8.5,8.1,8.46,3627381.82
2021-01-06,8.7,9.04,8.56,8.75,3827860.05
2021-01-07,8.68,9.57,8.63,9.43,4479541.21
2021-01-08,9.65,9.77,9.15,9.6,3894305.78
2021-01-11,9.15,9.37,8.75,8.92,4716888.1
2021-01-12,8.55,9.15,8.48,9.15,3303862.49
2021-01-13,9.17,9.81,8.76,8.93,4465501.41
2021-01-14,8.87,8.97,8.56,8.68,2489240.15
2021-01-15,8.84,9.13,8.49,8.81,2659115.95
2021-01-18,8.55,8.96,8.18,8.94,2976872.79
2021-01-19,8.8,8.99,8.39,8.53,2415155.75
2021-01-20,8.53,8.91,8.53,8.81,2075436.82
2021-01-21,8.95,9.4,8.87,9.22,3274004.97
2021-01-22,9.12,9.24,8.91,9.08,2090613.46
2021-01-25,9.09,9.59,8.97,9.3,3021294.87
2021-01-26,9.25,9.25,8.76,8.99,2688774.6
2021-01-27,9.04,9.17,8.4,8.67,2645933.33
2021-01-28,8.25,8.46,7.85,7.93,3518937.79
2021-01-29,8.15,8.25,7.56,7.85,2771399.66
2021-02-01,8.19,8.73,8.07,8.69,3552252.41
2021-02-02,8.73,9.14,8.58,9.05,2807999.53
2021-02-03,8.84,9.01,8.5,8.74,2814689.16
2021-02-04,8.75,8.81,8.28,8.4,1866061.41
2021-02-05,8.24,8.59,7.98,8.05,2633404.22
2021-02-08,8.35,8.9,8.31,8.84,3024479.65
2021-02-09,9.23,9.6,9.03,9.59,3470999.78
2021-02-10,9.72,10.53,9.68,10.33,4267623.33
2021-02-18,11.54,11.54,11.54,11.54,817537.72
2021-02-19,11.92,12.36,11.14,11.89,10088024.28
2021-02-22,12.71,13.25,12.57,12.88,10318890.97
2021-02-23,12.35,12.79,12.02,12.1,7172831.82
2021-02-24,12.2,12.52,10.8,11.35,7639291.57
2021-02-25,11.9,11.99,11.13,11.23,5468066.8
2021-02-26,10.44,10.81,10.23,10.44,6361448.99
2021-03-01,10.47,10.65,10.01,10.57,5318990.42
2021-03-02,10.35,10.35,9.8,10.0,4957000.45
2021-03-03,10.21,10.6,10.05,10.57,5221989.87
2021-03-04,10.18,10.28,9.45,9.7,6036985.24
2021-03-05,9.03,9.38,8.85,9.25,5329567.69
2021-03-08,9.58,9.65,8.84,8.92,4181964.96
2021-03-09,8.95,9.32,8.26,8.96,5052060.86
2021-03-10,9.04,9.05,8.6,8.74,2964777.78
2021-03-11,8.9,9.79,8.79,9.79,5729979.2
2021-03-12,9.96,10.02,9.31,9.6,4608701.9
2021-03-15,9.55,9.89,9.22,9.5,4182744.07
2021-03-16,9.53,9.55,9.0,9.36,3053934.54
2021-03-17,9.05,9.36,8.91,9.34,2444710.19
2021-03-18,9.65,9.82,9.4,9.43,3025834.7
2021-03-19,9.07,9.28,8.94,9.08,3606422.31
2021-03-22,9.0,9.09,8.66,8.91,3112958.86
2021-03-23,9.03,9.09,8.25,8.38,4379617.17
2021-03-24,8.15,8.28,7.55,7.61,5733232.38
2021-03-25,7.7,8.04,7.66,7.81,3972658.45
2021-03-26,7.85,8.27,7.77,8.16,4088981.74
2021-03-29,8.17,8.25,7.9,8.18,2950060.09
2021-03-30,8.06,8.41,7.93,8.18,2960793.12
2021-03-31,8.06,8.08,7.7,7.87,3417478.4
2021-04-01,7.97,8.07,7.86,7.99,2308156.65
2021-04-02,8.1,8.39,8.07,8.38,3953497.29
2021-04-06,8.6,8.69,8.38,8.4,3060848.79
2021-04-07,8.5,8.54,8.15,8.49,2530684.08
2021-04-08,8.45,8.93,8.32,8.78,4099222.88
2021-04-09,8.84,8.87,8.5,8.54,2277268.36
2021-04-12,8.42,8.42,7.85,7.93,3825769.74
2021-04-13,7.84,8.08,7.76,7.95,2154622.08
2021-04-14,7.97,8.22,7.97,8.18,2223545.97
2021-04-15,8.35,8.49,8.05,8.46,2835966.84
2021-04-16,8.82,8.94,8.45,8.48,4119577.71
2021-04-19,8.49,8.9,8.23,8.9,3998966.57
2021-04-20,8.75,9.11,8.71,8.99,3751637.53
2021-04-21,8.75,8.91,8.6,8.8,2409943.49
2021-04-22,8.91,9.08,8.77,8.85,2588947.72
2021-04-23,8.81,9.07,8.66,9.03,2855180.3
2021-04-26,9.28,9.65,9.18,9.4,4862268.06
2021-04-27,9.57,9.79,9.26,9.54,4908818.15
2021-04-28,9.27,9.48,9.1,9.34,2991605.4
2021-04-29,9.56,9.73,9.41,9.61,3528537.29
2021-04-30,9.45,9.66,9.1,9.28,3699750.95
2021-05-06,9.81,10.22,9.66,9.79,4983832.83
2021-05-07,10.22,10.34,10.09,10.17,5015632.8
2021-05-10,10.6,10.75,10.38,10.6,5777916.0
2021-05-11,10.15,10.15,9.56,9.83,5339787.19
2021-05-12,9.75,10.03,9.66,10.0,2670460.39
2021-05-13,9.51,9.66,9.25,9.33,4016873.66
2021-05-14,9.26,9.37,8.95,9.31,3599662.91
2021-05-17,9.37,9.75,9.25,9.7,3829053.76
2021-05-18,9.99,10.13,9.84,9.98,2937176.78
2021-05-19,9.82,9.82,9.57,9.67,2606922.58
2021-05-20,9.15,9.35,8.85,9.18,4404490.26
2021-05-21,9.05,9.28,8.92,9.07,2736405.03
2021-05-24,8.81,9.01,8.74,8.87,2610637.89
2021-05-25,8.94,9.26,8.8,9.18,3091889.27
2021-05-26,9.18,9.44,9.13,9.31,2646249.58
2021-05-27,9.44,9.49,9.21,9.39,2357826.74
2021-05-28,9.69,9.76,9.44,9.44,2844792.19
2021-05-31,9.54,9.63,9.34,9.48,2742092.33
2021-06-01,9.4,9.69,9.32,9.69,2992100.52
2021-06-02,9.55,9.65,9.4,9.43,2410513.36
2021-06-03,9.39,9.52,9.25,9.25,2647300.27
2021-06-04,8.76,9.22,8.64,9.09,4028980.84
2021-06-07,9.12,9.57,9.1,9.42,3323563.03
2021-06-08,9.54,9.6,9.24,9.31,2614843.16
2021-06-09,9.45,9.45,9.16,9.33,2073771.9
2021-06-10,9.35,9.49,9.3,9.32,2160829.02
2021-06-11,9.37,9.52,9.06,9.25,4185144.73
2021-06-15,9.13,9.15,8.65,8.72,4608053.6
2021-06-16,8.52,8.64,8.15,8.19,4167369.37
2021-06-17,8.03,8.32,7.98,8.12,2518477.9
2021-06-18,7.78,8.09,7.63,8.02,3989624.85
2021-06-21,7.89,8.1,7.82,8.01,2435463.6
2021-06-22,8.11,8.14,7.96,8.03,2271731.33
2021-06-23,8.08,8.09,7.94,8.03,2357807.23
2021-06-24,8.08,8.12,7.87,7.98,2074157.19
2021-06-25,8.0,8.42,8.0,8.4,3718211.59
2021-06-28,8.4,8.4,8.17,8.22,2393324.7
2021-06-29,8.18,8.18,7.82,7.9,2876443.24
2021-06-30,7.89,8.0,7.77,7.94,1413390.8
2021-07-01,7.99,8.04,7.86,8.04,1594861.11
2021-07-02,8.13,8.34,8.04,8.09,3023689.34
2021-07-05,8.1,8.33,8.09,8.28,2982471.4
2021-07-06,8.36,8.4,8.15,8.29,2452102.81
2021-07-07,8.08,8.32,8.01,8.24,2448611.97
2021-07-08,8.32,8.34,7.93,7.98,3071225.95
2021-07-09,8.0,8.6,7.92,8.51,5249899.88
2021-07-12,8.85,9.07,8.65,8.75,5157509.25
2021-07-13,8.67,8.87,8.4,8.52,2878403.04
2021-07-14,8.4,8.4,8.15,8.19,3030916.5
2021-07-15,8.21,8.41,8.02,8.4,2998066.69
2021-07-16,8.37,8.57,8.25,8.37,2715065.95
2021-07-19,8.29,8.42,8.22,8.34,2553947.47
2021-07-20,8.14,8.15,7.99,8.09,2745884.1
2021-07-21,8.12,8.21,8.02,8.19,2934607.91
2021-07-22,8.14,8.47,8.07,8.4,3741774.16
2021-07-23,8.4,8.75,8.37,8.5,4382450.56
2021-07-26,8.72,8.82,8.32,8.55,4658781.76
2021-07-27,8.89,9.5,8.84,9.01,9276306.11
2021-07-28,8.88,8.97,8.28,8.39,5513003.78
2021-07-29,8.55,8.67,8.29,8.61,3929590.31
2021-07-30,8.61,8.77,8.46,8.62,2914208.36
2021-08-02,8.75,9.37,8.53,9.18,5836193.21
2021-08-03,9.13,9.14,8.7,8.78,4103424.36
2021-08-04,8.79,8.96,8.59,8.9,3574102.81
2021-08-05,8.7,8.79,8.53,8.65,3426798.55
2021-08-06,8.6,9.13,8.6,9.05,5001370.5
2021-08-09,8.67,9.29,8.58,9.06,4094762.07
2021-08-10,8.93,9.05,8.77,8.92,2942652.39
2021-08-11,9.02,9.19,8.85,8.96,3370276.16
2021-08-12,8.99,9.52,8.88,9.38,6640560.35
2021-08-13,9.27,9.71,9.15,9.66,5079575.51
2021-08-16,9.81,10.21,9.52,9.54,5390132.08
2021-08-17,9.44,9.81,9.15,9.32,4482479.02
2021-08-18,9.16,9.35,8.97,9.28,3599155.6
2021-08-19,8.99,9.02,8.48,8.71,5911930.39
2021-08-20,8.5,8.51,8.27,8.41,4143105.93
2021-08-23,8.5,8.62,8.39,8.51,2965106.71
2021-08-24,8.62,8.8,8.58,8.69,3048599.4
2021-08-25,8.69,8.99,8.5,8.89,3457525.79
2021-08-26,8.8,9.04,8.74,8.76,2958800.05
2021-08-27,8.68,8.87,8.65,8.82,2787065.1
2021-08-30,9.03,9.39,8.9,9.26,5364109.39
2021-08-31,9.17,9.48,9.02,9.48,4827964.88
2021-09-01,9.49,9.61,8.94,9.06,4762007.79
2021-09-02,8.96,9.41,8.92,9.27,3718418.26
2021-09-03,9.39,9.79,9.31,9.44,4780810.33
2021-09-06,9.59,9.65,9.13,9.32,3825719.96
2021-09-07,9.33,9.46,9.19,9.35,3550526.65
2021-09-08,9.28,9.41,9.05,9.22,4234737.34
2021-09-09,9.14,9.94,9.1,9.8,7913568.44
2021-09-10,9.79,10.82,9.75,10.34,9202066.31
2021-09-13,10.65,11.05,10.5,10.76,7205411.25
2021-09-14,10.47,10.59,10.04,10.09,5723381.77
2021-09-15,9.97,10.04,9.68,9.89,3567478.52
2021-09-16,10.07,10.2,9.47,9.48,3905040.94
2021-09-17,9.19,9.44,8.96,9.18,3748194.42
2021-09-22,8.87,9.1,8.8,9.08,2761474.24
2021-09-23,9.16,9.22,8.89,8.95,2734841.67
2021-09-24,8.89,9.0,8.68,8.71,2907511.57
2021-09-27,8.7,8.74,8.38,8.5,2913271.84
2021-09-28,8.51,8.73,8.46,8.59,1921618.7
2021-09-29,8.47,8.52,8.28,8.39,2246565.25
2021-09-30,8.37,8.47,8.35,8.46,1234597.69
2021-10-08,8.63,8.67,8.43,8.63,1519314.25
2021-10-11,9.1,9.57,8.99,9.41,5557333.53
2021-10-12,9.35,9.35,8.9,9.19,3160279.63
2021-10-13,9.08,9.15,8.93,9.08,1468954.61
2021-10-14,9.37,9.71,9.37,9.5,3848599.88
2021-10-15,9.57,10.32,9.57,9.83,5149372.12
2021-10-18,10.07,10.17,9.55,9.93,5290883.71
2021-10-19,9.77,10.25,9.64,10.17,4101103.18
2021-10-20,9.75,9.83,9.53,9.69,4286706.46
2021-10-21,9.8,9.95,9.62,9.71,2840466.59
2021-10-22,9.47,9.61,9.27,9.49,3056976.08
2021-10-25,9.49,9.64,9.25,9.53,1943669.75
2021-10-26,9.63,9.84,9.48,9.68,2249687.26
2021-10-27,9.57,9.63,9.21,9.26,2761862.45
2021-10-28,9.07,9.19,8.74,8.88,2865332.83
2021-10-29,8.96,9.01,8.74,8.83,2088857.75
2021-11-01,8.74,8.93,8.65,8.85,2102253.43
2021-11-02,8.84,8.89,8.42,8.6,3157973.74
2021-11-03,8.6,8.63,8.45,8.57,2316268.22
2021-11-04,8.58,8.63,8.49,8.63,1882139.34
2021-11-05,8.54,8.62,8.52,8.55,1508680.38
2021-11-08,8.67,9.01,8.67,8.88,2912389.74
2021-11-09,8.97,9.02,8.78,8.93,1650745.76
2021-11-10,8.91,8.95,8.72,8.92,1688848.83
2021-11-11,8.87,9.1,8.87,9.06,2000248.33
2021-11-12,9.13,9.32,9.1,9.11,1789490.92
2021-11-15,9.12,9.27,8.87,8.93,1609096.99
2021-11-16,8.94,8.98,8.69,8.73,1630758.27
2021-11-17,8.68,8.81,8.65,8.79,1034528.01
2021-11-18,8.69,8.81,8.69,8.73,1352041.81
2021-11-19,8.73,8.82,8.61,8.8,1658842.55
2021-11-22,8.81,8.93,8.74,8.91,1557004.46
2021-11-23,8.87,9.05,8.83,8.95,1637681.65
2021-11-24,8.97,8.99,8.73,8.81,1551711.33
2021-11-25,8.85,8.94,8.71,8.9,1473531.24
2021-11-26,8.81,8.83,8.7,8.73,1369332.19
2021-11-29,8.57,8.81,8.45,8.62,1965920.99
2021-11-30,8.64,8.69,8.5,8.52,1647715.99
2021-12-01,8.46,8.54,8.37,8.51,1733965.55
2021-12-02,8.46,8.51,8.38,8.41,1715980.87
2021-12-03,8.42,8.49,8.34,8.49,1807956.11
2021-12-06,8.49,8.63,8.43,8.54,1657100.38
2021-12-07,8.63,8.65,8.53,8.62,1548532.58
2021-12-08,8.71,8.71,8.62,8.67,1496968.72
2021-12-09,8.71,8.76,8.65,8.73,1794963.38
2021-12-10,8.68,8.69,8.53,8.63,1522686.22
2021-12-13,8.65,8.86,8.62,8.75,2254592.38
2021-12-14,8.67,8.69,8.47,8.51,2017460.51
2021-12-15,8.48,8.49,8.4,8.42,1532636.43
2021-12-16,8.42,8.51,8.37,8.48,1549271.65
2021-12-17,8.55,8.7,8.53,8.54,1840076.2
2021-12-20,8.39,8.49,8.29,8.33,2346610.98
2021-12-21,8.31,8.38,8.29,8.36,814911.32
2021-12-22,8.36,8.41,8.31,8.34,1000506.58
2021-12-23,8.37,8.45,8.33,8.4,1086666.98
2021-12-24,8.4,8.4,8.0,8.06,2297535.78
2021-12-27,8.13,8.13,7.91,7.95,1309903.45
2021-12-28,7.99,8.11,7.93,8.08,1279473.16
2021-12-29,8.07,8.09,7.95,7.99,1050925.86
2021-12-30,8.02,8.11,7.96,8.01,905550.18
2021-12-31,8.04,8.1,7.99,8.07,805446.73
2022-01-04,8.07,8.23,7.99,8.19,1519378.44
2022-01-05,8.17,8.23,8.09,8.14,1178566.07
2022-01-06,8.08,8.18,8.02,8.04,1122243.49
2022-01-07,8.02,8.03,7.67,7.74,2885983.92
2022-01-10,7.74,7.8,7.68,7.77,1302563.64
2022-01-11,7.79,7.86,7.75,7.8,1070299.77
2022-01-12,7.86,8.46,7.86,8.38,4381828.79
2022-01-13,8.6,8.83,8.42,8.43,3890683.25
2022-01-14,8.37,8.38,8.15,8.19,1953088.62
2022-01-17,8.22,8.23,7.95,8.05,1977774.88
2022-01-18,8.12,8.46,8.04,8.31,2477051.99
2022-01-19,8.32,8.38,8.2,8.26,1592931.83
2022-01-20,8.45,8.58,8.42,8.49,2789289.61
2022-01-21,8.5,8.72,8.34,8.64,2934297.45
2022-01-24,8.5,8.67,8.48,8.66,1791004.03
2022-01-25,8.56,8.82,8.47,8.48,2286601.24
2022-01-26,8.57,8.64,8.35,8.55,1406939.69
2022-01-27,8.57,8.57,8.27,8.28,1777452.72
2022-01-28,8.25,8.36,7.98,8.13,1480190.3
2022-02-07,8.4,8.65,8.39,8.62,2426358.17
2022-02-08,8.65,8.72,8.5,8.72,1904748.75
2022-02-09,8.78,9.26,8.74,9.15,3938407.66
2022-02-10,9.39,9.78,9.39,9.58,5263393.73
2022-02-11,9.64,9.99,9.42,9.43,3535303.43
2022-02-14,9.43,9.61,9.34,9.43,2360921.75
2022-02-15,9.5,9.52,9.13,9.27,2147869.08
2022-02-16,9.2,9.4,9.14,9.3,1626926.41
2022-02-17,9.31,9.69,9.29,9.64,2778045.98
2022-02-18,9.71,9.71,9.45,9.6,1839773.29
2022-02-21,9.51,9.75,9.41,9.49,1543112.23
2022-02-22,9.54,9.63,9.33,9.57,1910846.83
2022-02-23,9.48,9.51,9.2,9.29,2607323.59
2022-02-24,9.25,9.66,9.21,9.37,4373597.98
2022-02-25,9.26,9.54,9.02,9.32,2842964.26
2022-02-28,9.37,9.65,9.22,9.59,3057385.63
2022-03-01,9.6,9.63,9.34,9.52,2025661.46
2022-03-02,9.73,9.89,9.68,9.77,3200603.19
2022-03-03,9.89,10.46,9.89,10.24,4552314.53
2022-03-04,10.18,10.34,9.89,9.95,2952381.75
2022-03-07,10.38,10.54,10.1,10.2,4178084.95
2022-03-08,9.81,10.16,9.47,9.78,4111586.32
2022-03-09,9.85,9.97,9.19,9.64,3078342.81
2022-03-10,9.38,9.51,9.14,9.35,2897227.21
2022-03-11,9.26,9.35,9.02,9.35,1981854.86
2022-03-14,9.12,9.22,8.81,8.82,2166905.17
2022-03-15,8.44,8.51,7.89,7.92,3782241.64
2022-03-16,8.07,8.52,7.69,8.49,2937559.04
2022-03-17,8.67,8.86,8.52,8.67,2131020.23
2022-03-18,8.73,9.06,8.61,9.0,1969446.13
2022-03-21,9.19,9.43,8.92,9.37,2350342.14
2022-03-22,9.31,9.76,9.27,9.67,2544176.29
2022-03-23,9.77,9.77,9.55,9.71,1709243.68
2022-03-24,9.8,10.2,9.79,10.08,2674065.95
2022-03-25,10.02,10.18,9.85,9.89,2016758.7
2022-03-28,9.81,10.06,9.62,9.93,1922005.09
2022-03-29,9.87,10.1,9.84,9.96,1393730.74
2022-03-30,9.95,9.95,9.72,9.83,1796861.51
2022-03-31,9.9,10.06,9.62,9.71,1483665.67
2022-04-01,9.74,9.96,9.57,9.82,1318667.0
2022-04-06,9.89,10.15,9.77,9.97,1375547.0
2022-04-07,9.82,10.05,9.75,9.9,1237283.0
2022-04-08,9.97,10.42,9.96,10.32,3239898.0
2022-04-11,10.37,10.39,9.85,10.05,2457562.0
2022-04-12,10.07,10.16,9.8,10.05,1705593.0
2022-04-13,10.15,11.11,10.1,10.9,4158214.0
2022-04-14,10.98,11.28,10.79,11.11,2582894.0
2022-04-15,10.8,11.23,10.45,10.5,3518681.0
2022-04-18,10.47,10.57,10.25,10.39,1673354.0
2022-04-19,10.57,10.73,10.28,10.37,2256734.0
2022-04-20,10.19,10.37,9.77,9.81,2324007.0
2022-04-21,9.73,9.85,9.28,9.38,1889692.0
2022-04-22,9.27,9.82,9.08,9.7,1936330.0
2022-04-25,9.25,9.47,8.9,8.99,2497792.0
2022-04-26,8.99,9.03,8.46,8.61,2343086.0
2022-04-27,8.55,9.37,8.53,9.26,2924730.0
2022-04-28,9.27,9.28,8.95,9.17,1583134.0
2022-04-29,9.2,9.45,9.05,9.44,2298765.0
2022-05-05,9.29,9.31,8.96,9.21,2470282.0
2022-05-06,8.76,8.79,8.37,8.44,3384541.0
2022-05-09,8.34,8.36,8.03,8.17,2974196.0
2022-05-10,7.87,8.02,7.63,8.0,4628873.0
2022-05-11,7.88,8.33,7.73,8.17,4102623.0
2022-05-12,7.97,8.11,7.77,7.9,3255540.0
2022-05-13,7.86,7.94,7.7,7.9,2548052.0
2022-05-16,7.95,8.07,7.87,8.07,2364989.0
2022-05-17,8.15,8.35,8.07,8.34,3095363.0
2022-05-18,8.37,8.39,8.09,8.16,2346618.0
2022-05-19,7.91,8.13,7.86,8.09,1707738.0
2022-05-20,8.21,8.44,8.16,8.39,3037676.0
2022-05-23,8.47,8.47,8.27,8.38,2088174.0
2022-05-24,8.38,8.52,8.07,8.08,2497696.0
2022-05-25,8.16,8.3,8.08,8.27,1875394.0
2022-05-26,8.32,8.32,8.04,8.23,1916656.0
2022-05-27,8.33,8.42,8.21,8.3,2010109.0
2022-05-30,8.36,8.62,8.33,8.48,2655276.0
2022-05-31,8.45,8.46,8.32,8.43,1765271.0
2022-06-01,8.42,8.42,8.12,8.23,2499210.0
2022-06-02,8.17,8.24,8.1,8.24,1444212.0
2022-06-06,8.33,8.79,8.33,8.77,4335294.0
2022-06-07,8.8,8.84,8.61,8.67,2199497.0
2022-06-08,8.73,8.77,8.5,8.71,2364590.0
2022-06-09,8.66,8.76,8.53,8.65,1799588.0
2022-06-10,8.54,8.76,8.38,8.76,2296790.0
2022-06-13,8.58,8.75,8.57,8.69,2153132.0
2022-06-14,8.47,8.58,8.23,8.58,3179684.0
2022-06-15,8.53,8.71,8.45,8.55,3153374.0
2022-06-16,8.63,8.65,8.44,8.47,2292917.0
2022-06-17,8.37,8.49,8.32,8.45,2586041.0
2022-06-20,8.37,8.37,8.07,8.16,4794552.0
2022-06-21,8.15,8.15,7.92,8.0,3176652.0
2022-06-22,8.02,8.06,7.78,7.82,3431573.0
2022-06-23,7.77,7.87,7.73,7.87,2609653.0
2022-06-24,7.72,7.82,7.68,7.77,3539979.0
2022-06-27,7.77,8.02,7.71,7.86,4518057.0
2022-06-28,7.86,7.94,7.76,7.93,3230940.0
2022-06-29,7.86,7.9,7.73,7.77,2928234.0
2022-06-30,7.87,7.95,7.83,7.9,2726172.0
2022-07-01,7.9,8.11,7.8,8.04,3205595.0
2022-07-04,7.97,7.98,7.86,7.93,2614843.0
2022-07-05,7.93,8.0,7.87,7.92,2579589.0
2022-07-06,7.74,7.75,7.54,7.61,5085602.0
2022-07-07,7.56,7.72,7.46,7.61,2351150.0
2022-07-08,7.74,7.74,7.62,7.64,1796424.0
2022-07-11,7.72,7.72,7.57,7.62,1994784.0
2022-07-12,7.57,7.61,7.49,7.49,1852813.0
2022-07-13,7.42,7.42,7.27,7.32,2677672.0
2022-07-14,7.28,7.33,7.15,7.19,3157755.0
2022-07-15,7.09,7.19,6.93,6.94,3237541.0
2022-07-18,7.01,7.44,6.97,7.44,4284266.0
2022-07-19,7.44,7.44,7.25,7.31,2200734.0
2022-07-20,7.35,7.41,7.3,7.36,1633514.0
2022-07-21,7.28,7.35,7.22,7.24,1551758.0
2022-07-22,7.29,7.36,7.15,7.24,1535635.0
2022-07-25,7.24,7.35,7.24,7.28,1298782.0
2022-07-26,7.31,7.49,7.28,7.48,2219523.0
2022-07-27,7.45,7.46,7.33,7.38,1272750.0
2022-07-28,7.51,7.72,7.49,7.54,2540463.0
2022-07-29,7.63,7.64,7.47,7.5,1782303.0
2022-08-01,7.51,7.52,7.35,7.41,1492920.0
2022-08-02,7.3,7.3,7.08,7.17,2015350.0
2022-08-03,7.13,7.27,7.04,7.06,1571314.0
2022-08-04,7.11,7.19,7.04,7.12,1338396.0
2022-08-05,7.21,7.42,7.19,7.39,2523222.0
2022-08-08,7.37,7.38,7.26,7.29,1898774.0
2022-08-09,7.3,7.4,7.25,7.36,1756225.0
2022-08-10,7.37,7.55,7.37,7.41,2228111.0
2022-08-11,7.45,7.6,7.43,7.6,2781148.0
2022-08-12,7.63,7.77,7.53,7.76,3098728.0
2022-08-15,7.77,7.89,7.58,7.61,3018555.0
2022-08-16,7.57,7.62,7.47,7.6,1810313.0
2022-08-17,7.61,7.62,7.47,7.59,1488300.0
2022-08-18,7.52,7.53,7.44,7.46,1461353.0
2022-08-19,7.47,7.51,7.41,7.41,1309137.0
2022-08-22,7.46,7.69,7.38,7.62,2216487.0
2022-08-23,7.57,7.62,7.5,7.57,1346530.0
2022-08-24,7.61,7.72,7.43,7.45,1875311.0
2022-08-25,7.47,7.72,7.44,7.7,3130892.0
2022-08-26,7.75,7.82,7.69,7.72,2495394.0
2022-08-29,7.57,7.61,7.48,7.59,1462731.0
2022-08-30,7.56,7.59,7.43,7.47,1409104.0
2022-08-31,7.39,7.48,7.33,7.37,1856120.0
2022-09-01,7.32,7.32,7.22,7.22,1553012.0
2022-09-02,7.19,7.22,7.07,7.09,1566370.0
2022-09-05,7.09,7.17,7.03,7.16,1221012.0
2022-09-06,7.19,7.42,7.18,7.41,1841904.0
2022-09-07,7.37,7.58,7.33,7.51,1922969.0
2022-09-08,7.57,7.68,7.47,7.63,2997282.0
2022-09-09,7.72,7.85,7.7,7.76,3149438.0
2022-09-13,7.79,7.95,7.78,7.86,2964549.0
2022-09-14,7.61,7.71,7.57,7.57,2289103.0
2022-09-15,7.62,7.65,7.47,7.52,1677908.0
2022-09-16,7.47,7.49,7.17,7.25,2639633.0
2022-09-19,7.29,7.32,7.14,7.19,1288440.0
2022-09-20,7.26,7.35,7.21,7.27,1093191.0
2022-09-21,7.22,7.31,7.14,7.28,1023118.0
2022-09-22,7.18,7.32,7.16,7.22,986767.0
2022-09-23,7.22,7.26,7.07,7.1,1397004.0
2022-09-26,6.94,6.94,6.25,6.39,5241568.0
2022-09-27,6.28,6.45,6.18,6.42,2480763.0
2022-09-28,6.35,6.35,6.03,6.05,2340172.0
2022-09-29,6.22,6.39,6.22,6.27,2344631.0
2022-09-30,6.35,6.49,6.3,6.41,1988575.0
2022-10-10,6.47,6.49,6.33,6.34,1624692.0
2022-10-11,6.38,6.46,6.26,6.45,1397935.0
2022-10-12,6.42,6.57,6.3,6.56,1752113.0
2022-10-13,6.57,6.57,6.38,6.41,1412757.0
2022-10-14,6.46,6.58,6.4,6.53,1727548.0
2022-10-17,6.45,6.63,6.4,6.62,1460747.0
2022-10-18,6.63,6.7,6.55,6.57,1018323.0
2022-10-19,6.57,6.64,6.48,6.49,1068458.0
2022-10-20,6.42,6.49,6.33,6.42,1071252.0
2022-10-21,6.5,6.59,6.45,6.5,1363865.0
2022-10-24,6.59,6.75,6.5,6.51,2650774.0
2022-10-25,6.48,6.57,6.31,6.47,1684840.0
2022-10-26,6.47,6.56,6.43,6.51,1463937.0
2022-10-27,6.67,6.94,6.64,6.8,3429771.0
2022-10-28,6.73,6.86,6.64,6.67,1732118.0
2022-10-31,6.56,6.6,6.37,6.49,1713051.0
2022-11-01,6.52,6.77,6.45,6.77,2189228.0
2022-11-02,6.79,6.9,6.7,6.83,1735094.0
2022-11-03,6.69,6.77,6.63,6.71,1422636.0
2022-11-04,6.71,7.01,6.68,6.93,2931364.0
2022-11-07,7.34,7.77,7.34,7.66,7426996.0
2022-11-08,7.49,7.76,7.43,7.63,3636577.0
2022-11-09,7.92,8.1,7.85,7.86,5361017.0
2022-11-10,7.75,7.84,7.6,7.72,2139627.0
2022-11-11,8.47,8.62,8.32,8.49,8208131.0
2022-11-14,8.61,8.64,8.33,8.54,4592544.0
2022-11-15,8.42,8.59,8.29,8.49,2963189.0
2022-11-16,8.5,8.6,8.4,8.56,2496772.0
2022-11-17,8.46,8.58,8.19,8.34,3475115.0
2022-11-18,8.29,8.35,8.17,8.21,2221529.0
2022-11-21,8.02,8.02,7.76,7.99,2756486.0
2022-11-22,7.97,8.26,7.97,8.1,1793313.0
2022-11-23,8.16,8.32,8.1,8.12,1556101.0
2022-11-24,8.27,8.37,8.22,8.31,1719610.0
2022-11-25,8.23,8.47,8.22,8.36,1733001.0
2022-11-28,8.17,8.19,7.98,8.15,1631938.0
2022-11-29,8.17,8.48,8.13,8.44,2081507.0
2022-11-30,8.4,8.46,8.31,8.4,1470981.0
2022-12-01,8.77,8.97,8.71,8.87,4328238.0
2022-12-02,8.89,8.96,8.64,8.68,2270358.0
2022-12-05,8.8,9.13,8.71,9.02,2880482.0
2022-12-06,8.85,9.06,8.83,8.98,1724105.0
2022-12-07,8.92,8.97,8.75,8.84,1630431.0
2022-12-08,8.84,9.0,8.8,8.89,948303.0
2022-12-09,8.93,9.22,8.91,9.18,2345095.0
2022-12-12,9.03,9.12,8.87,8.9,1665520.0
2022-12-13,8.82,9.0,8.8,8.91,1066406.0
2022-12-14,9.08,9.18,8.99,9.04,1302564.0
2022-12-15,8.97,9.12,8.75,8.83,1452973.0
2022-12-16,8.69,8.94,8.67,8.87,1183042.0
2022-12-19,8.95,9.01,8.54,8.63,1393210.0
2022-12-20,8.57,8.65,8.36,8.47,1338980.0
2022-12-21,8.62,8.72,8.51,8.54,790630.0
2022-12-22,8.72,8.74,8.55,8.58,881205.0
2022-12-23,8.43,8.55,8.34,8.47,901104.0
2022-12-26,8.52,8.53,8.31,8.35,1127721.0
2022-12-27,8.45,8.64,8.42,8.62,1151478.0
2022-12-28,8.57,8.58,8.45,8.57,821678.0
2022-12-29,8.45,8.51,8.34,8.41,1336670.0
2022-12-30,8.45,8.66,8.42,8.57,1329165.0
2023-01-03,8.53,9.16,8.45,9.1,2377424.0
2023-01-04,9.0,9.08,8.82,8.87,1359564.0
2023-01-05,9.0,9.07,8.9,8.96,1623551.0
2023-01-06,9.01,9.07,8.96,9.0,1054528.0
2023-01-09,9.26,10.03,9.24,10.01,3896777.0
2023-01-10,10.01,10.09,9.85,9.98,1872178.0
2023-01-11,10.13,10.26,10.01,10.06,1516483.0
2023-01-12,10.27,10.42,9.95,9.99,1526780.0
2023-01-13,10.16,10.34,10.02,10.12,1413329.0
2023-01-16,10.22,10.34,9.97,10.08,1921915.0
2023-01-17,10.02,10.02,9.68,9.86,1876829.0
2023-01-18,9.96,10.09,9.9,9.96,1313284.0
2023-01-19,9.97,10.21,9.9,10.15,1226011.0
2023-01-20,10.25,10.68,10.24,10.48,2151675.0
2023-01-30,10.57,10.57,10.05,10.1,3088073.0
2023-01-31,10.1,10.5,10.02,10.36,2160488.0
2023-02-01,10.44,10.89,10.42,10.84,2588353.0
2023-02-02,10.83,10.84,10.56,10.64,1569913.0
2023-02-03,10.45,10.46,10.27,10.42,1710951.0
2023-02-06,10.07,10.08,9.78,9.96,2572880.0
2023-02-07,10.02,10.26,9.96,10.13,1481977.0
2023-02-08,10.16,10.19,9.93,9.94,1209709.0
2023-02-09,9.87,9.99,9.81,9.97,1133200.0
2023-02-10,9.87,9.91,9.7,9.76,1312927.0
2023-02-13,9.59,9.93,9.59,9.87,1366356.0
2023-02-14,9.89,10.25,9.85,10.14,1835538.0
2023-02-15,10.15,10.48,10.03,10.14,1688579.0
2023-02-16,10.12,10.14,9.75,9.84,1332990.0
2023-02-17,9.92,10.26,9.89,9.93,1568398.0
2023-02-20,9.98,10.27,9.95,10.26,1689102.0
2023-02-21,10.32,10.81,10.29,10.7,2633881.0
2023-02-22,10.6,10.75,10.47,10.52,1443425.0
2023-02-23,10.52,10.62,10.4,10.52,830653.0
2023-02-24,10.36,10.38,10.13,10.2,1625734.0
2023-02-27,9.97,10.12,9.83,9.98,1356995.0
2023-02-28,10.06,10.15,9.87,9.98,1060190.0
2023-03-01,10.12,10.62,10.09,10.55,1923710.0
2023-03-02,10.63,10.82,10.5,10.67,1621666.0
2023-03-03,10.67,10.71,10.47,10.55,993561.0
2023-03-06,10.61,10.66,10.23,10.5,1280290.0
2023-03-07,10.52,10.76,10.38,10.55,1965364.0
2023-03-08,10.27,10.32,9.99,10.23,1578514.0
2023-03-09,10.27,10.32,10.08,10.13,964418.0
2023-03-10,10.03,10.16,9.98,10.01,931615.0
2023-03-13,10.25,10.77,10.24,10.73,2500559.0
2023-03-14,10.91,11.16,10.57,10.6,2157492.0
2023-03-15,10.59,10.6,10.38,10.39,1364791.0
2023-03-16,10.17,10.28,9.93,9.96,2319266.0
2023-03-17,10.06,10.26,9.89,10.03,1718725.0
2023-03-20,10.3,10.47,10.24,10.37,1658067.0
2023-03-21,10.37,10.46,10.19,10.39,1116095.0
2023-03-22,10.28,10.47,10.22,10.31,1192780.0
2023-03-23,10.39,10.75,10.31,10.71,2010913.0
2023-03-24,10.77,10.77,10.54,10.58,1172515.0
2023-03-27,10.57,10.64,10.3,10.56,1239538.0
2023-03-28,10.56,10.71,10.45,10.58,1078766.0
2023-03-29,10.69,10.91,10.56,10.58,1097239.0
2023-03-30,10.61,10.82,10.5,10.82,1507178.0
2023-03-31,10.86,11.02,10.82,10.96,1586910.0
2023-04-03,10.96,11.02,10.64,10.69,1686775.0
2023-04-04,10.77,11.0,10.66,10.92,1559546.0
2023-04-06,11.0,11.71,10.98,11.7,2942722.0
2023-04-07,11.53,11.64,11.36,11.46,1381682.0
2023-04-10,11.36,11.69,11.23,11.55,1168734.0
2023-04-11,11.55,12.01,11.41,12.0,2253746.0
2023-04-12,11.95,12.32,11.89,12.12,1854368.0
2023-04-13,12.07,12.35,11.81,11.97,1583872.0
2023-04-14,12.31,12.56,12.26,12.51,2105780.0
2023-04-17,12.15,12.59,12.05,12.48,1633557.0
2023-04-18,12.44,12.62,12.32,12.43,1234738.0
2023-04-19,12.47,12.67,12.4,12.47,1154891.0
2023-04-20,12.37,12.39,11.89,12.16,2056810.0
2023-04-21,12.19,12.23,11.86,11.86,1294834.0
2023-04-24,11.82,12.0,11.15,11.26,2447299.0
2023-04-25,11.4,11.65,11.24,11.45,1815957.0
2023-04-26,11.23,11.38,11.04,11.14,1692609.0
2023-04-27,11.06,11.6,10.99,11.39,1779557.0
2023-04-28,11.12,11.55,11.12,11.4,1453621.0
2023-05-04,11.82,11.95,11.41,11.5,2114892.0
2023-05-05,11.6,11.71,11.02,11.15,1870675.0
2023-05-08,11.06,11.31,10.88,11.23,1475035.0
2023-05-09,11.24,11.24,10.76,10.82,1714661.0
2023-05-10,10.89,10.99,10.61,10.65,1243354.0
2023-05-11,10.61,10.66,10.17,10.25,1869317.0
2023-05-12,9.97,9.98,9.48,9.55,3385700.0
2023-05-15,9.55,9.77,9.23,9.68,2357757.0
2023-05-16,9.62,9.99,9.57,9.82,2064956.0
2023-05-17,9.61,9.77,9.5,9.57,1307229.0
2023-05-18,9.74,9.84,9.58,9.67,1384687.0
2023-05-19,9.43,9.6,9.27,9.46,2052900.0
2023-05-22,9.47,9.57,9.38,9.47,997254.0
2023-05-23,9.45,9.51,9.24,9.24,1269219.0
2023-05-24,9.19,9.4,9.08,9.26,1284978.0
2023-05-25,9.19,9.19,8.95,9.09,1482542.0
2023-05-26,9.02,9.44,8.96,9.37,1280834.0
2023-05-29,9.39,9.45,9.28,9.37,1157875.0
2023-05-30,9.36,9.44,9.18,9.28,1187885.0
2023-05-31,9.32,9.44,9.18,9.26,1241795.0
2023-06-01,9.3,9.8,9.25,9.62,2204978.0
2023-06-02,9.74,10.19,9.74,10.16,2675839.0
2023-06-05,9.98,9.98,9.71,9.85,1675791.0
2023-06-06,9.95,10.22,9.91,9.96,1687979.0
2023-06-07,10.03,10.17,9.93,9.97,1103958.0
2023-06-08,9.85,10.14,9.73,10.09,1179550.0
2023-06-09,10.26,10.45,10.09,10.28,1508151.0
2023-06-12,10.16,10.19,9.95,10.12,1365458.0
2023-06-13,10.06,10.19,9.99,10.17,885813.0
2023-06-14,10.27,10.57,10.27,10.45,1966903.0
2023-06-15,10.45,10.61,10.19,10.57,1454844.0
2023-06-16,10.62,11.05,10.61,10.8,1804542.0
2023-06-19,10.8,10.85,10.48,10.58,1482347.0
2023-06-20,10.56,10.63,10.36,10.53,926572.0
2023-06-21,10.37,10.62,10.31,10.34,841144.0
2023-06-26,10.29,10.42,10.2,10.26,791801.0
2023-06-27,10.22,10.5,10.05,10.46,1022671.0
2023-06-28,10.36,10.5,10.29,10.43,730423.0
2023-06-29,10.38,10.43,10.1,10.12,948293.0
2023-06-30,10.16,10.29,10.02,10.14,663134.0
2023-07-03,10.27,10.8,10.26,10.7,1715186.0
2023-07-04,10.74,10.77,10.51,10.57,1074271.0
2023-07-05,10.55,10.67,10.5,10.57,712075.0
2023-07-06,10.48,10.52,10.29,10.38,768336.0
2023-07-07,10.28,10.49,10.05,10.32,1255830.0
2023-07-10,10.35,10.53,10.25,10.31,805898.0
2023-07-11,10.48,10.72,10.45,10.61,1216866.0
2023-07-12,10.6,10.82,10.54,10.72,1876531.0
2023-07-13,11.15,11.53,11.15,11.29,2897776.0
2023-07-14,11.52,11.57,11.33,11.35,1271872.0
2023-07-17,11.25,11.27,11.07,11.11,863628.0
2023-07-18,11.11,11.3,11.03,11.17,680990.0
2023-07-19,11.33,11.43,11.22,11.36,1038868.0
2023-07-20,11.31,11.57,11.29,11.38,986633.0
2023-07-21,11.32,11.45,11.26,11.3,705158.0
2023-07-24,11.18,11.39,11.15,11.2,573200.0
2023-07-25,11.41,11.87,11.41,11.71,1755674.0
2023-07-26,11.73,11.85,11.65,11.84,894495.0
2023-07-27,11.84,11.87,11.6,11.65,760670.0
2023-07-28,11.43,11.61,11.32,11.56,1450646.0
2023-07-31,11.76,11.95,11.72,11.78,1167131.0
2023-08-01,12.04,12.21,11.77,11.82,1201423.0
2023-08-02,11.59,11.73,11.54,11.63,839368.0
2023-08-03,11.52,11.57,11.37,11.51,1098466.0
2023-08-04,11.63,11.76,11.55,11.62,781053.0
2023-08-07,11.55,11.65,11.5,11.62,446231.0
2023-08-08,11.62,11.9,11.51,11.8,1119020.0
2023-08-09,11.67,11.75,11.51,11.64,840075.0
2023-08-10,11.57,11.65,11.46,11.5,703303.0
2023-08-11,11.52,11.6,11.21,11.27,931824.0
2023-08-14,11.16,11.19,10.92,11.09,1310245.0
2023-08-15,11.11,11.2,10.93,11.09,680080.0
2023-08-16,10.95,11.02,10.85,10.96,745737.0
2023-08-17,10.83,11.11,10.61,11.06,1017969.0
2023-08-18,11.06,11.2,10.82,10.85,768212.0
2023-08-21,10.85,10.95,10.75,10.75,754800.0
2023-08-22,10.85,11.25,10.85,11.18,1657776.0
2023-08-23,11.22,11.26,10.89,10.94,1269756.0
2023-08-24,11.22,11.42,11.12,11.26,1388726.0
2023-08-25,11.17,11.22,10.92,11.07,1271458.0
2023-08-28,11.69,11.74,10.83,10.91,2038521.0
2023-08-29,10.88,11.14,10.81,10.85,1409823.0
2023-08-30,11.02,11.31,10.99,11.22,1594706.0
2023-08-31,11.26,11.37,11.11,11.13,829700.0
2023-09-01,11.16,11.67,11.14,11.57,1434852.0
2023-09-04,11.72,12.27,11.72,11.97,1886987.0
2023-09-05,11.87,11.98,11.74,11.92,804279.0
2023-09-06,11.79,11.95,11.7,11.83,724665.0
2023-09-07,11.71,11.88,11.67,11.78,722477.0
2023-09-08,11.78,11.87,11.58,11.65,554924.0
2023-09-11,11.65,11.92,11.59,11.77,877870.0
2023-09-12,11.78,11.86,11.57,11.61,844101.0
2023-09-13,11.55,11.75,11.53,11.61,870543.0
2023-09-14,11.67,11.87,11.61,11.75,1522185.0
2023-09-15,11.96,12.19,11.83,11.92,1732314.0
2023-09-18,11.85,11.85,11.66,11.84,1057427.0
2023-09-19,11.77,12.02,11.75,11.94,1081541.0
2023-09-20,11.87,12.05,11.81,12.02,903140.0
2023-09-21,11.87,11.97,11.75,11.86,961662.0
2023-09-22,11.72,11.75,11.45,11.7,1862316.0
2023-09-25,11.65,11.76,11.51,11.53,1156554.0
2023-09-26,11.46,11.52,11.26,11.42,1289151.0
2023-09-27,11.42,11.45,11.15,11.18,1336135.0
2023-09-28,11.18,11.29,10.83,10.9,1499857.0
2023-10-09,10.68,11.02,10.51,10.97,1221167.0
2023-10-10,11.05,11.19,10.97,10.99,683984.0
2023-10-11,11.07,11.08,10.76,10.9,851687.0
2023-10-12,11.04,11.13,10.95,11.06,703145.0
2023-10-13,10.9,10.92,10.77,10.79,664496.0
2023-10-16,11.02,11.05,10.87,10.91,948154.0
2023-10-17,10.89,10.91,10.75,10.83,800518.0
2023-10-18,10.86,10.9,10.73,10.75,735847.0
2023-10-19,10.72,10.75,10.52,10.54,986187.0
2023-10-20,10.59,10.7,10.36,10.42,795521.0
2023-10-23,10.35,10.43,10.1,10.22,858001.0
2023-10-24,10.31,10.6,10.3,10.52,1196944.0
2023-10-25,10.81,11.08,10.81,10.85,1294168.0
2023-10-26,10.77,10.88,10.65,10.85,740260.0
2023-10-27,10.75,10.93,10.72,10.78,928362.0
2023-10-30,10.97,11.45,10.96,11.19,1801595.0
2023-10-31,11.17,11.23,11.05,11.21,751696.0
2023-11-01,11.09,11.12,10.91,10.97,938721.0
2023-11-02,11.12,11.25,10.97,10.98,913838.0
2023-11-03,10.99,11.07,10.87,10.94,815859.0
2023-11-06,10.95,10.97,10.64,10.7,1443133.0
2023-11-07,10.65,10.8,10.49,10.78,916701.0
2023-11-08,10.65,10.72,10.49,10.59,1133216.0
2023-11-09,10.47,10.67,10.47,10.65,776423.0
2023-11-10,10.6,10.63,10.49,10.55,437718.0
2023-11-13,10.56,10.7,10.5,10.67,553280.0
2023-11-14,10.72,10.75,10.58,10.63,495333.0
2023-11-15,11.0,11.0,10.7,10.77,1008192.0
2023-11-16,10.74,10.8,10.62,10.74,724281.0
2023-11-17,10.75,10.79,10.64,10.74,562505.0
2023-11-20,10.73,10.74,10.54,10.63,677976.0
2023-11-21,10.73,10.98,10.68,10.91,1466985.0
2023-11-22,10.91,10.91,10.69,10.72,627340.0
2023-11-23,10.71,10.77,10.59,10.76,559550.0
2023-11-24,10.74,10.76,10.61,10.62,517710.0
2023-11-27,10.63,10.8,10.5,10.64,577755.0
2023-11-28,10.63,10.67,10.48,10.66,626408.0
2023-11-29,10.86,10.97,10.85,10.92,1696535.0
2023-11-30,10.91,11.04,10.84,10.95,1167475.0
2023-12-01,10.92,10.97,10.73,10.81,1017537.0
2023-12-04,11.22,11.46,11.15,11.17,2291195.0
2023-12-05,10.89,10.93,10.69,10.72,1584841.0
2023-12-06,10.61,10.85,10.52,10.77,1104640.0
2023-12-07,10.67,10.69,10.52,10.57,1088833.0
2023-12-08,10.58,10.6,10.42,10.44,1182811.0
2023-12-11,10.36,10.5,10.15,10.44,1112132.0
2023-12-12,10.34,10.4,10.23,10.39,893007.0
2023-12-13,10.31,10.38,10.21,10.21,856443.0
2023-12-14,10.57,10.6,10.23,10.25,1355316.0
2023-12-15,10.37,10.74,10.37,10.47,2047533.0
2023-12-18,10.41,10.62,10.35,10.55,737334.0
2023-12-19,10.53,10.61,10.42,10.57,599463.0
2023-12-20,10.69,10.89,10.63,10.79,1655928.0
2023-12-21,10.71,10.86,10.66,10.84,1087028.0
2023-12-22,10.92,10.95,10.76,10.91,1272063.0
2023-12-25,10.85,11.06,10.83,11.04,859684.0
2023-12-26,11.02,11.1,10.97,11.0,746217.0
2023-12-27,11.05,11.24,11.01,11.22,1255647.0
2023-12-28,11.31,11.49,11.13,11.17,1857184.0
2023-12-29,11.09,11.3,11.09,11.28,1214615.0
2024-01-02,11.23,11.48,11.21,11.31,1133169.0
2024-01-03,11.25,11.41,11.21,11.35,760491.0
2024-01-04,11.25,11.34,11.21,11.33,998225.0
2024-01-05,11.28,11.5,11.19,11.29,1097527.0
2024-01-08,11.28,11.35,11.09,11.12,915816.0
2024-01-09,11.13,11.27,11.1,11.25,941798.0
2024-01-10,11.15,11.26,11.1,11.1,632628.0
2024-01-11,11.13,11.14,10.91,10.96,967802.0
2024-01-12,10.89,11.08,10.87,11.02,764339.0
2024-01-15,10.99,11.08,10.87,10.94,496326.0
2024-01-16,10.88,11.09,10.88,11.01,804365.0
2024-01-17,10.91,10.95,10.52,10.52,1407351.0
2024-01-18,10.48,10.76,10.22,10.66,1663791.0
2024-01-19,10.6,10.79,10.47,10.74,1237950.0
2024-01-22,10.7,10.76,10.37,10.5,1453550.0
2024-01-23,10.43,10.5,10.03,10.36,1694917.0
2024-01-24,10.44,10.57,10.25,10.54,1059408.0
2024-01-25,10.64,10.87,10.61,10.87,1274823.0
2024-01-26,10.92,11.1,10.8,11.04,1245210.0
2024-01-29,11.05,11.17,11.02,11.06,847536.0
2024-01-30,11.0,11.12,10.88,11.0,1063557.0
2024-01-31,10.94,11.05,10.85,10.86,1098979.0
2024-02-01,10.82,11.09,10.72,10.95,1084095.0
2024-02-02,11.02,11.16,10.7,10.85,1390103.0
2024-02-05,10.89,11.1,10.78,10.98,1710760.0
2024-02-06,10.95,11.2,10.86,11.01,2020938.0
2024-02-07,11.01,11.12,10.86,11.07,2158070.0
2024-02-08,11.06,11.34,11.04,11.32,1911093.0
2024-02-19,11.33,11.68,11.22,11.67,1886546.0
2024-02-20,11.62,12.0,11.54,11.92,1370783.0
2024-02-21,11.88,12.11,11.83,11.87,1539870.0
2024-02-22,11.91,12.1,11.84,12.08,1127400.0
2024-02-23,12.07,12.5,12.02,12.32,1377261.0
2024-02-26,12.33,12.43,11.91,11.97,1460045.0
2024-02-27,11.88,12.09,11.82,11.98,1364914.0
2024-02-28,11.98,11.99,11.79,11.83,1093358.0
2024-02-29,11.84,12.02,11.78,11.93,1081241.0
2024-03-01,11.88,12.18,11.82,12.07,1178467.0
2024-03-04,12.28,12.44,12.18,12.28,1314001.0
2024-03-05,12.42,12.79,12.41,12.67,1960877.0
2024-03-06,12.67,13.18,12.66,13.02,2017877.0
2024-03-07,13.2,13.78,13.09,13.55,2374936.0
2024-03-08,13.72,13.75,13.35,13.71,1692350.0
2024-03-11,13.82,13.87,13.44,13.68,1536663.0
2024-03-12,13.57,13.64,13.1,13.18,2042754.0
2024-03-13,13.07,13.58,13.0,13.51,1454520.0
2024-03-14,14.07,14.6,14.07,14.21,2719175.0
2024-03-15,14.14,14.94,14.12,14.78,2233163.0
2024-03-18,14.79,14.98,14.4,14.6,2303297.0
2024-03-19,14.52,14.75,14.32,14.35,1618999.0
2024-03-20,14.17,14.43,14.02,14.33,1771101.0
2024-03-21,14.73,14.95,14.42,14.44,1996237.0
2024-03-22,14.21,14.34,13.99,14.21,1771121.0
2024-03-25,14.2,14.68,14.13,14.56,1645276.0
2024-03-26,14.59,14.64,14.15,14.35,1327979.0
2024-03-27,14.28,14.71,14.26,14.54,1561422.0
2024-03-28,14.47,15.0,14.35,14.92,1888689.0
2024-03-29,15.22,15.69,15.12,15.64,2095645.0
2024-04-01,16.06,16.21,15.51,15.69,2076141.0
2024-04-02,15.77,15.97,15.58,15.77,1337639.0
2024-04-03,16.01,16.47,15.8,16.33,2380869.0
2024-04-08,16.47,16.99,16.05,16.12,3127119.0
2024-04-09,16.04,16.22,15.75,15.83,2015836.0
2024-04-10,15.96,16.97,15.96,16.81,2642699.0
2024-04-11,16.34,17.34,16.31,16.81,2565766.0
2024-04-12,17.3,17.4,16.8,17.21,2337819.0
2024-04-15,16.62,17.38,16.6,17.28,2385956.0
2024-04-16,17.28,17.45,16.71,16.76,2082205.0
2024-04-17,16.73,16.97,16.4,16.9,2154280.0
2024-04-18,16.73,17.36,16.68,17.29,2005974.0
2024-04-19,17.38,18.15,17.22,17.45,2653119.0
2024-04-22,17.69,17.82,16.57,16.62,2677304.0
2024-04-23,16.23,16.47,15.82,15.86,3201000.0
2024-04-24,15.86,16.41,15.86,16.36,2113743.0
2024-04-25,16.15,16.38,15.91,16.22,1429510.0
2024-04-26,16.4,17.19,16.23,17.09,2661284.0
2024-04-29,16.95,16.95,16.21,16.48,2252987.0
2024-04-30,16.74,16.88,16.37,16.43,1694667.0
2024-05-06,16.14,16.38,15.64,16.34,2606348.0
2024-05-07,16.44,16.72,16.21,16.27,1523941.0
2024-05-08,16.12,16.5,15.83,16.27,1324040.0
2024-05-09,16.1,16.73,16.1,16.53,1465868.0
2024-05-10,16.92,17.1,16.6,17.06,2061408.0
2024-05-13,16.82,17.16,16.65,17.0,1408590.0
2024-05-14,17.17,17.54,17.07,17.31,1474298.0
2024-05-15,17.36,17.67,17.08,17.12,1386876.0
2024-05-16,17.45,17.71,17.03,17.09,1939111.0
2024-05-17,17.19,17.6,16.82,17.6,1830951.0
2024-05-20,18.25,18.61,17.91,18.29,2652362.0
2024-05-21,18.23,18.4,17.38,17.47,2283748.0
2024-05-22,17.47,17.6,17.15,17.25,1424755.0
2024-05-23,16.38,16.83,16.18,16.66,2082536.0
2024-05-24,16.42,16.85,16.41,16.64,1257128.0
2024-05-27,16.59,17.18,16.58,17.02,1467114.0
2024-05-28,17.2,17.3,16.83,16.87,1328073.0
2024-05-29,16.9,17.4,16.79,17.27,1584146.0
2024-05-30,17.12,17.19,16.37,16.46,2092499.0
2024-05-31,16.45,16.54,16.02,16.23,1970347.0
2024-06-03,16.11,16.45,15.99,16.15,1348332.0
2024-06-04,16.27,16.52,16.0,16.24,1520605.0
2024-06-05,15.82,16.02,15.57,15.87,1854607.0
2024-06-06,16.17,16.61,16.15,16.41,1864393.0
2024-06-07,16.64,16.7,16.13,16.58,1737727.0
2024-06-11,16.13,16.24,15.8,16.02,1727394.0
2024-06-12,15.91,16.29,15.88,16.23,1319006.0
2024-06-13,16.16,16.24,15.53,15.83,1749092.0
2024-06-14,15.62,16.19,15.57,16.11,1630139.0
2024-06-17,16.01,16.19,15.78,16.06,1063817.0
2024-06-18,15.63,16.1,15.4,15.94,2398534.0
2024-06-19,15.94,16.52,15.9,16.34,1720495.0
2024-06-20,16.43,16.88,16.39,16.58,1288207.0
2024-06-21,16.8,16.89,16.26,16.34,1452328.0
2024-06-24,16.02,16.6,15.95,16.49,1320341.0
2024-06-25,16.47,16.54,16.22,16.37,955705.0
2024-06-26,16.24,16.36,15.99,16.28,1079234.0
2024-06-27,16.16,16.19,15.91,15.92,1007141.0
2024-06-28,16.0,16.65,15.84,16.59,1295244.0
2024-07-01,16.8,17.12,16.76,17.06,1490496.0
2024-07-02,17.1,17.1,16.66,16.86,957199.0
2024-07-03,16.86,17.05,16.73,16.91,1039345.0
2024-07-04,17.25,17.61,17.19,17.19,1762921.0
2024-07-05,17.19,17.68,17.13,17.66,1887476.0
2024-07-08,17.71,17.9,17.46,17.47,1491977.0
2024-07-09,17.62,17.88,17.57,17.84,1649307.0
2024-07-10,17.75,18.0,17.3,17.4,1508430.0
2024-07-11,17.52,17.98,17.32,17.89,1558078.0
2024-07-12,17.99,18.02,17.38,17.5,1390551.0
2024-07-15,17.52,17.97,17.45,17.84,1269890.0
2024-07-16,17.8,18.26,17.8,18.23,1345955.0
2024-07-17,18.52,18.56,17.39,17.49,2171674.0
2024-07-18,17.26,17.51,16.99,17.47,1491777.0
2024-07-19,16.82,17.07,16.13,16.96,2386172.0
2024-07-22,16.77,16.86,16.23,16.62,1929751.0
2024-07-23,16.6,16.74,15.52,15.54,2354732.0
2024-07-24,15.47,15.77,15.42,15.55,1368096.0
2024-07-25,15.1,15.26,14.4,14.45,2882152.0
2024-07-26,14.57,15.11,14.53,14.87,1753896.0
2024-07-29,15.02,15.3,14.78,15.13,1439936.0
2024-07-30,14.99,15.03,14.75,14.93,1253231.0
2024-07-31,15.01,15.68,14.99,15.6,1901638.0
2024-08-01,15.9,16.1,15.5,15.65,1496890.0
2024-08-02,15.33,15.33,14.72,14.98,2143937.0
2024-08-05,14.59,15.05,14.48,14.65,1791191.0
2024-08-06,14.72,14.8,14.18,14.37,1753033.0
2024-08-07,14.27,14.68,14.22,14.5,1166018.0
2024-08-08,14.36,14.37,14.05,14.23,1171024.0
2024-08-09,14.5,14.78,14.43,14.46,1401626.0
2024-08-12,14.42,14.61,14.36,14.48,636356.0
2024-08-13,14.78,14.85,14.42,14.66,1412879.0
2024-08-14,14.67,14.74,14.47,14.52,665068.0
2024-08-15,14.4,14.75,14.33,14.7,914645.0
2024-08-16,14.9,15.3,14.9,14.99,1508291.0
2024-08-19,15.18,15.61,15.12,15.34,1364561.0
2024-08-20,15.44,15.44,15.01,15.17,890530.0
2024-08-21,15.18,15.37,15.05,15.28,822393.0
2024-08-22,15.28,15.32,15.07,15.29,746208.0
2024-08-23,15.09,15.21,15.02,15.18,750786.0
2024-08-26,15.43,15.5,15.07,15.33,1461883.0
2024-08-27,15.27,15.37,14.97,15.19,899167.0
2024-08-28,15.22,15.36,14.75,14.94,1302750.0
2024-08-29,14.87,15.11,14.73,15.05,807699.0
2024-08-30,15.01,15.29,14.78,15.12,1442523.0
2024-09-02,14.98,14.99,14.43,14.73,1299694.0
2024-09-03,14.62,14.81,14.49,14.61,687861.0
2024-09-04,14.17,14.22,13.68,13.8,2364363.0
2024-09-05,13.87,14.09,13.65,13.8,1088422.0
2024-09-06,13.96,14.13,13.82,13.88,981026.0
2024-09-09,13.59,13.59,13.06,13.27,2328687.0
2024-09-10,13.39,13.47,13.19,13.34,1095015.0
2024-09-11,13.27,13.37,13.08,13.32,1407423.0
2024-09-12,13.36,13.51,13.19,13.32,1271389.0
2024-09-13,13.71,14.03,13.64,13.8,2228887.0
2024-09-18,14.1,14.34,13.97,14.16,1687917.0
2024-09-19,14.23,14.58,13.89,14.52,1829002.0
2024-09-20,14.61,15.0,14.43,15.0,1927330.0
2024-09-23,15.0,15.12,14.8,14.94,1367372.0
2024-09-24,15.22,15.76,15.14,15.63,2512266.0
2024-09-25,16.04,16.44,16.02,16.04,2837248.0
2024-09-26,16.22,16.51,15.82,16.49,2245649.0
2024-09-27,16.97,17.17,16.39,16.63,1740928.0
2024-09-30,17.0,17.86,16.24,17.26,6719726.0
2024-10-08,18.76,18.99,16.63,17.08,7066172.0
2024-10-09,16.82,16.89,16.02,16.05,3957164.0
2024-10-10,16.12,17.1,15.97,16.47,3017848.0
2024-10-11,16.72,16.91,16.2,16.36,2045173.0
2024-10-14,16.48,16.89,16.2,16.79,2098953.0
2024-10-15,16.62,16.63,16.25,16.25,1673263.0
2024-10-16,16.2,16.66,16.14,16.57,1390672.0
2024-10-17,16.6,16.73,16.24,16.26,1324174.0
2024-10-18,16.47,17.0,16.43,16.75,2199173.0
2024-10-21,17.2,17.7,17.02,17.34,2717426.0
2024-10-22,17.25,17.42,17.0,17.17,1701244.0
2024-10-23,17.22,17.29,16.8,16.97,1588838.0
2024-10-24,16.72,16.72,16.44,16.61,1531407.0
2024-10-25,16.54,16.56,16.26,16.35,1512537.0
2024-10-28,16.32,16.35,16.08,16.32,1228178.0
2024-10-29,16.39,16.64,16.3,16.34,1570672.0
2024-10-30,16.47,16.67,16.12,16.25,1583135.0
2024-10-31,16.18,16.2,15.78,15.94,1837667.0
2024-11-01,15.84,16.62,15.76,16.37,2514288.0
2024-11-04,16.48,16.54,16.09,16.47,1508560.0
2024-11-05,16.38,16.84,16.27,16.82,1855231.0
2024-11-06,16.77,16.82,16.28,16.43,1933285.0
2024-11-07,15.84,16.22,15.62,16.21,2808754.0
2024-11-08,16.47,16.71,16.14,16.21,2259978.0
2024-11-11,15.92,15.93,15.2,15.63,3427065.0
2024-11-12,15.22,15.57,14.92,15.1,2856314.0
2024-11-13,15.05,15.29,15.02,15.12,1439939.0
2024-11-14,15.02,15.06,14.7,14.73,1947269.0
2024-11-15,14.72,15.22,14.64,14.74,1863567.0
2024-11-18,14.88,15.11,14.71,14.83,1760794.0
2024-11-19,15.12,15.55,15.12,15.33,2600999.0
2024-11-20,15.41,15.42,15.06,15.15,1460526.0
2024-11-21,15.16,15.35,15.09,15.28,1353774.0
2024-11-22,15.3,15.32,14.88,14.88,1252431.0
2024-11-25,15.0,15.16,14.59,14.67,1197932.0
2024-11-26,14.52,14.8,14.49,14.66,914522.0
2024-11-27,14.67,14.8,14.45,14.8,1101829.0
2024-11-28,14.77,14.84,14.58,14.65,871587.0
2024-11-29,14.72,15.06,14.55,14.82,1412604.0
2024-12-02,14.84,14.89,14.62,14.68,1683597.0
2024-12-03,14.71,14.75,14.4,14.73,1495721.0
2024-12-04,14.8,15.06,14.76,14.92,1808366.0
2024-12-05,14.85,14.87,14.54,14.6,1412371.0
2024-12-06,14.54,14.86,14.53,14.81,1378733.0
2024-12-09,14.86,15.17,14.79,15.0,1386205.0
2024-12-10,15.5,15.67,15.12,15.18,1917173.0
2024-12-11,15.28,15.5,15.18,15.24,1468595.0
2024-12-12,15.24,15.4,15.21,15.36,1005045.0
2024-12-13,15.12,15.12,14.69,14.69,1998112.0
2024-12-16,14.69,14.76,14.43,14.47,1283535.0
2024-12-17,14.47,14.71,14.39,14.57,1196822.0
2024-12-18,14.52,14.75,14.52,14.61,753477.0
2024-12-19,14.33,14.53,14.17,14.44,925547.0
2024-12-20,14.4,14.45,14.14,14.14,1400627.0
2024-12-23,14.28,14.71,14.21,14.63,1884409.0
2024-12-24,14.61,14.78,14.41,14.75,1167419.0
2024-12-25,14.75,14.79,14.46,14.64,878541.0
2024-12-26,14.65,14.85,14.58,14.74,875093.0
2024-12-27,14.76,14.81,14.39,14.42,1236416.0
2024-12-30,14.38,14.84,14.35,14.66,1524841.0
2024-12-31,14.55,14.58,14.24,14.24,1422365.0
2025-01-02,14.32,14.6,14.12,14.3,1990531.0
2025-01-03,14.42,15.04,14.39,14.69,3124885.0
2025-01-06,14.8,14.98,14.45,14.61,2252832.0
2025-01-07,14.67,15.17,14.52,15.14,2298933.0
2025-01-08,15.14,15.29,14.86,14.97,1768437.0
2025-01-09,15.03,15.15,14.84,15.04,1342998.0
2025-01-10,15.21,15.46,14.99,15.27,1955517.0
2025-01-13,15.26,15.78,15.15,15.52,2377232.0
2025-01-14,15.41,15.6,15.17,15.53,1800898.0
2025-01-15,15.47,15.52,14.65,14.9,3279464.0
2025-01-16,15.15,15.42,15.15,15.29,2207643.0
2025-01-17,15.43,15.53,15.24,15.39,1682692.0
2025-01-20,15.37,15.51,15.19,15.41,1446115.0
2025-01-21,15.42,15.51,15.26,15.37,1091089.0
2025-01-22,15.48,15.51,15.17,15.32,1283152.0
2025-01-23,15.31,15.48,14.98,15.0,1808043.0
2025-01-24,15.13,15.24,14.93,15.14,1376563.0
2025-01-27,15.12,15.43,15.06,15.36,1547943.0
2025-02-05,15.71,15.85,15.43,15.59,2061406.0
2025-02-06,15.7,15.7,15.23,15.43,2001627.0
2025-02-07,15.47,15.78,15.28,15.74,2165528.0
2025-02-10,15.93,16.18,15.86,15.99,2212065.0
2025-02-11,16.16,16.7,16.04,16.4,2925262.0
2025-02-12,16.15,16.24,15.99,16.1,1582010.0
2025-02-13,16.2,16.32,16.1,16.13,1272922.0
2025-02-14,16.27,16.46,16.13,16.28,1155270.0
2025-02-17,15.83,15.83,15.53,15.62,2385440.0
2025-02-18,15.53,15.71,15.43,15.53,1449983.0
2025-02-19,15.63,15.73,15.41,15.47,1566817.0
2025-02-20,15.5,15.6,15.24,15.56,1300819.0
2025-02-21,15.6,15.68,15.25,15.31,2061611.0
2025-02-24,15.11,15.34,14.92,15.2,1735860.0
2025-02-25,15.18,15.25,14.87,14.9,1558633.0
2025-02-26,14.95,15.21,14.8,14.98,1575441.0
2025-02-27,14.99,14.99,14.73,14.87,1363072.0
2025-02-28,14.73,14.79,14.47,14.47,1793746.0
2025-03-03,14.6,14.98,14.57,14.76,1461700.0
2025-03-04,14.81,15.18,14.72,15.05,1529355.0
2025-03-05,15.05,15.21,14.93,15.13,1237582.0
2025-03-06,15.37,15.61,15.31,15.42,1782082.0
2025-03-07,15.45,15.87,15.32,15.55,1932341.0
2025-03-10,15.62,15.81,15.43,15.77,1631583.0
2025-03-11,15.4,15.6,15.22,15.6,1800006.0
2025-03-12,15.67,15.84,15.4,15.81,1623982.0
2025-03-13,16.0,16.2,15.86,16.08,2097682.0
2025-03-14,16.51,16.75,16.3,16.6,2989816.0
2025-03-17,16.61,16.82,16.23,16.33,2367763.0
2025-03-18,16.52,17.07,16.48,16.88,2552060.0
2025-03-19,16.9,17.17,16.81,17.17,1892852.0
2025-03-20,17.42,17.55,17.13,17.29,2325790.0
2025-03-21,17.12,17.18,16.52,16.69,2514754.0
2025-03-24,16.78,17.47,16.6,17.17,2696252.0
2025-03-25,17.17,17.54,17.05,17.52,2266251.0
2025-03-26,17.82,18.08,17.22,17.32,3229224.0
2025-03-27,17.02,17.25,16.72,16.98,2255314.0
2025-03-28,17.17,17.46,16.93,17.28,1863644.0
2025-03-31,17.19,17.43,17.1,17.24,1606776.0
2025-04-01,17.32,17.45,16.92,17.05,1534227.0
2025-04-02,16.88,16.97,16.56,16.62,1580990.0
2025-04-03,16.47,16.6,15.99,16.23,2164268.0
2025-04-07,14.52,14.97,14.52,14.53,4880359.0
2025-04-08,14.66,15.07,14.33,15.07,3733607.0
2025-04-09,14.66,15.04,14.31,15.04,4467127.0
2025-04-10,15.67,15.97,15.49,15.87,3591395.0
2025-04-11,16.27,16.43,16.1,16.27,2718368.0
2025-04-14,16.51,17.12,16.23,16.75,3336006.0
2025-04-15,16.76,16.82,16.4,16.77,1905538.0
2025-04-16,17.02,17.1,16.54,16.86,2074565.0
2025-04-17,17.25,17.42,16.78,16.94,3105317.0
2025-04-18,16.77,16.89,16.47,16.74,1399177.0
2025-04-21,16.89,17.75,16.88,17.72,3174611.0
2025-04-22,17.83,17.88,17.53,17.62,2533603.0
2025-04-23,17.17,17.4,16.85,16.91,2931501.0
2025-04-24,17.01,17.17,16.75,16.79,1145853.0
2025-04-25,16.92,17.09,16.7,16.77,1215259.0
2025-04-28,16.62,16.86,16.49,16.78,968788.0
2025-04-29,16.79,16.89,16.67,16.75,740563.0
2025-04-30,16.67,16.7,16.48,16.58,849944.0
2025-05-06,16.87,16.96,16.72,16.88,1413638.0
2025-05-07,17.21,17.24,16.92,17.17,1724079.0
2025-05-08,17.02,17.18,16.88,16.88,1122953.0
2025-05-09,16.8,16.9,16.7,16.77,1064869.0
2025-05-12,16.62,16.89,16.53,16.83,1222140.0
2025-05-13,16.72,16.96,16.52,16.88,1163469.0
2025-05-14,16.88,17.03,16.86,17.02,1043413.0
2025-05-15,16.83,16.9,16.48,16.61,1393813.0
2025-05-16,16.71,16.76,16.48,16.54,957100.0
2025-05-19,16.55,16.68,16.4,16.54,757588.0
2025-05-20,16.54,16.81,16.53,16.58,1027962.0
2025-05-21,16.81,17.63,16.8,17.61,2604615.0
2025-05-22,17.5,17.8,17.48,17.7,1335361.0
2025-05-23,17.66,17.82,17.56,17.71,1206872.0
2025-05-26,17.62,17.99,17.6,17.68,1126614.0
2025-05-27,17.65,17.77,16.8,17.0,1726856.0
2025-05-28,16.92,17.22,16.82,17.1,991961.0
2025-05-29,16.95,17.17,16.9,16.94,904480.0
2025-05-30,17.06,17.19,16.78,16.85,933559.0
2025-06-03,17.19,17.4,17.08,17.18,1395224.0
2025-06-04,17.18,17.44,17.13,17.21,831663.0
2025-06-05,17.27,17.42,16.98,17.0,893387.0
2025-06-06,17.11,17.37,17.04,17.26,1334650.0
2025-06-09,17.09,17.26,16.75,17.09,1914916.0
2025-06-10,17.02,17.5,17.02,17.39,1506083.0
2025-06-11,17.39,17.83,17.35,17.78,1283688.0
2025-06-12,17.84,18.61,17.75,18.58,2085630.0
2025-06-13,18.66,18.77,18.44,18.55,1878874.0
2025-06-16,18.54,18.56,18.09,18.22,1330583.0
2025-06-17,18.19,18.37,18.1,18.27,840917.0
2025-06-18,18.26,18.38,17.98,18.18,931998.0
2025-06-19,18.15,18.18,17.77,17.77,1016429.0
2025-06-20,17.83,18.01,17.74,17.81,876538.0
2025-06-23,17.85,18.02,17.68,17.91,985169.0
2025-06-24,17.83,18.35,17.8,17.94,1287024.0
2025-06-25,17.98,18.4,17.85,18.39,1225998.0
2025-06-26,18.3,18.62,18.12,18.38,1273122.0
2025-06-27,18.6,19.46,18.6,19.18,2391482.0
2025-06-30,19.18,19.23,18.8,18.9,1387270.0
2025-07-01,19.09,19.32,18.78,19.3,1239334.0
2025-07-02,19.3,19.83,19.2,19.57,1703696.0
2025-07-03,19.77,19.89,19.48,19.69,1373809.0
2025-07-04,19.47,19.69,19.24,19.45,1358556.0
2025-07-07,19.36,19.42,19.11,19.2,834675.0
2025-07-08,19.27,19.44,19.15,19.22,970734.0
2025-07-09,19.29,19.29,18.27,18.3,3338348.0
2025-07-10,18.32,18.45,18.21,18.24,1893273.0
2025-07-11,18.29,18.6,18.26,18.29,2181704.0
2025-07-14,18.67,18.74,18.41,18.48,2305917.0
2025-07-15,18.46,18.55,18.22,18.52,1531483.0
2025-07-16,18.54,18.58,18.38,18.54,926884.0
2025-07-17,18.53,18.59,18.38,18.47,1174559.0
2025-07-18,18.59,19.1,18.42,18.87,2229552.0
2025-07-21,18.96,19.23,18.9,19.19,1730230.0
2025-07-22,19.32,19.78,19.21,19.65,2025790.0
2025-07-23,19.83,19.88,19.51,19.61,1812225.0
2025-07-24,19.4,19.67,19.23,19.52,1610269.0
2025-07-25,19.36,19.47,19.21,19.25,1252965.0
2025-07-28,19.11,19.2,18.83,19.2,1437051.0
2025-07-29,19.0,19.14,18.91,18.99,1296870.0
2025-07-30,19.0,19.38,18.99,19.22,1543618.0
2025-07-31,18.91,18.92,18.43,18.55,2087643.0
2025-08-01,18.5,18.83,18.45,18.66,1219991.0
2025-08-04,18.97,19.34,18.9,19.28,1738260.0
2025-08-05,19.39,19.42,19.17,19.27,1138387.0
2025-08-06,19.21,19.65,19.18,19.56,1428032.0
2025-08-07,19.56,19.76,19.36,19.7,1317182.0
2025-08-08,19.76,20.1,19.7,19.94,1276510.0
2025-08-11,19.91,19.91,19.59,19.65,1409920.0
2025-08-12,19.62,19.96,19.54,19.7,1173534.0
2025-08-13,19.85,20.57,19.8,20.42,1858341.0
2025-08-14,20.43,20.93,20.37,20.57,1388152.0
2025-08-15,20.34,20.96,20.27,20.69,1709805.0
2025-08-18,20.7,20.77,20.2,20.2,2610953.0
2025-08-19,20.21,20.54,19.68,19.73,2352501.0
2025-08-20,19.73,19.97,19.59,19.96,1682986.0
2025-08-21,20.11,20.2,19.91,20.0,1286486.0
2025-08-22,20.05,20.16,19.85,20.06,1489955.0
2025-08-25,20.45,21.65,20.45,21.61,3063300.0
2025-08-26,21.59,21.95,21.36,21.79,1848831.0
2025-08-27,21.89,22.7,21.72,21.93,2388910.0
2025-08-28,21.94,22.29,21.61,21.92,1733705.0
2025-08-29,22.22,22.88,22.1,22.48,2504128.0
2025-09-01,23.3,24.05,22.81,23.78,3763218.0
2025-09-02,24.17,24.48,23.38,23.81,3438914.0
2025-09-03,24.5,24.91,23.79,24.34,3071908.0
2025-09-04,24.2,24.58,22.79,23.27,3877553.0
2025-09-05,23.19,24.81,23.19,24.67,3452322.0
2025-09-08,25.1,25.2,23.82,24.04,3172579.0
2025-09-09,24.39,25.25,24.15,24.59,3533516.0
2025-09-10,23.95,24.66,23.91,24.58,2243913.0
2025-09-11,24.65,25.14,24.48,25.11,2504285.0
2025-09-12,25.4,25.75,24.83,25.05,3262669.0
2025-09-15,24.94,25.5,24.7,24.9,2408982.0
2025-09-16,25.5,25.55,24.29,24.72,3128029.0
2025-09-17,24.52,24.69,24.15,24.47,2092150.0
2025-09-18,24.08,24.44,23.51,23.82,2631922.0
2025-09-19,23.82,24.55,23.82,24.42,2021763.0
2025-09-22,24.9,24.96,24.25,24.77,1944233.0
2025-09-23,25.0,25.78,24.65,25.22,2761082.0
2025-09-24,25.22,25.33,24.89,25.33,1680028.0
2025-09-25,26.3,27.04,26.09,26.67,3953227.0
2025-09-26,26.5,27.76,26.31,26.8,2820572.0
2025-09-29,27.1,28.26,26.93,28.17,3997940.0
2025-09-30,29.19,29.5,28.36,29.06,3858883.0
2025-10-09,30.84,32.0,30.39,32.0,5093434.0
2025-10-10,31.12,31.62,29.97,30.49,4660206.0
2025-10-13,29.67,31.27,29.5,30.92,4175730.0
2025-10-14,32.02,32.27,28.77,29.12,5392361.0
2025-10-15,29.58,30.82,29.0,30.6,3656411.0
2025-10-16,30.61,30.99,29.68,30.09,2899010.0
2025-10-17,30.74,30.92,29.65,29.79,3044437.0
2025-10-20,29.02,29.91,28.62,29.37,2973410.0
2025-10-21,30.02,30.4,29.43,29.67,2616486.0
2025-10-22,27.81,29.22,27.81,29.07,3153555.0
2025-10-23,28.65,29.55,28.18,29.32,2465283.0
2025-10-24,29.67,29.92,29.38,29.65,1869698.0
2025-10-27,29.74,30.92,29.74,30.62,2902466.0
2025-10-28,30.12,30.41,29.43,29.46,2642452.0
2025-10-29,29.67,30.67,29.63,30.58,2116510.0
2025-10-30,30.4,31.22,30.24,30.73,2766723.0
2025-10-31,30.73,30.91,30.07,30.12,1749231.0
2025-11-03,29.73,29.95,28.49,29.62,2361913.0
2025-11-04,29.12,29.4,28.22,28.4,2680317.0
2025-11-05,27.54,28.87,27.44,28.63,2154614.0
2025-11-06,28.63,29.42,28.54,29.32,1789698.0
2025-11-07,29.31,29.87,29.24,29.79,1497567.0
2025-11-10,30.42,30.57,29.5,29.79,1885112.0
2025-11-11,30.19,30.3,29.12,29.24,1664377.0
2025-11-12,29.24,29.68,28.77,29.11,1364288.0
2025-11-13,29.42,30.74,29.33,30.34,2809336.0
2025-11-14,29.72,30.05,29.44,29.64,1661668.0
2025-11-17,29.35,29.54,28.48,28.6,2159944.0
2025-11-18,28.32,28.57,27.83,28.01,1733398.0
2025-11-19,28.36,29.17,28.32,28.96,1921845.0
2025-11-20,29.02,29.3,28.52,28.59,1331418.0
2025-11-21,28.09,28.48,27.62,27.76,1887292.0
2025-11-24,28.06,28.12,27.25,27.62,1708343.0
2025-11-25,28.09,28.5,28.03,28.13,1474476.0
2025-11-26,28.28,28.39,27.97,28.05,1590126.0
2025-11-27,28.42,28.82,28.12,28.22,1636297.0
2025-11-28,28.41,28.71,28.02,28.2,1975435.0
2025-12-01,29.12,30.29,29.02,29.68,3600530.0
2025-12-02,29.52,29.6,29.07,29.36,1548725.0
2025-12-03,29.47,29.88,29.34,29.59,1911287.0
2025-12-04,30.46,31.0,30.15,30.31,2728596.0
2025-12-05,30.21,31.11,30.09,30.94,2334711.0
2025-12-08,31.02,31.22,30.56,31.12,2068024.0
2025-12-09,30.8,30.85,29.8,30.02,1990926.0
2025-12-10,30.22,30.47,29.82,30.37,1170209.0
2025-12-11,30.82,31.57,30.37,30.58,2407725.0
2025-12-12,31.29,31.42,30.97,31.32,2211743.0
2025-12-15,30.88,31.5,30.68,31.03,1691352.0
2025-12-16,30.64,30.84,29.74,29.94,1583903.0
2025-12-17,30.17,30.81,30.02,30.49,1769711.0
2025-12-18,30.45,30.97,30.27,30.59,1380093.0
2025-12-19,30.46,31.0,30.03,30.74,1656729.0
2025-12-22,31.31,32.4,31.26,32.15,2445132.0
2025-12-23,32.68,32.72,31.52,31.71,2702894.0
2025-12-24,32.16,32.27,31.61,31.93,1927107.0
2025-12-25,31.61,31.76,31.45,31.65,1274567.0
2025-12-26,32.22,33.39,32.17,33.15,2861989.0
2025-12-29,33.78,33.92,32.2,32.27,3575540.0
2025-12-30,31.17,33.1,31.15,33.04,2438024.0
2025-12-31,33.1,34.98,33.01,34.09,3411882.0
2026-01-05,34.92,35.26,33.89,35.02,3103935.0
2026-01-06,35.62,37.32,35.57,37.22,3567272.0
2026-01-07,37.22,37.32,36.0,36.34,3573036.0
2026-01-08,35.82,36.63,35.41,35.92,2415585.0
2026-01-09,35.62,37.29,35.6,36.84,2805790.0
2026-01-12,37.84,38.0,36.65,36.88,2964964.0
2026-01-13,37.02,38.52,36.92,37.86,3107782.0
2026-01-14,38.23,39.47,37.98,38.12,4256502.0
2026-01-15,37.88,39.06,37.32,37.87,3860818.0
2026-01-16,37.94,38.73,36.68,37.09,3947778.0
2026-01-19,37.24,37.4,36.12,36.88,2532752.0
2026-01-20,36.88,37.39,35.83,36.93,3074571.0
2026-01-21,37.38,38.1,36.98,37.75,3891673.0
2026-01-22,37.12,37.5,36.7,37.28,2739499.0
2026-01-23,38.01,38.12,36.97,37.18,3862963.0
2026-01-26,38.36,40.1,38.35,39.12,6635144.0
2026-01-27,39.85,42.3,39.3,40.23,7284982.0
2026-01-28,41.02,42.2,40.22,41.92,6522833.0
2026-01-29,43.41,44.56,40.93,43.07,7728672.0
2026-01-30,40.82,41.98,38.74,39.76,6703441.0
2026-02-02,36.49,38.35,35.89,36.23,7140436.0
2026-02-03,37.46,38.57,36.7,38.43,4766103.0
2026-02-04,39.12,39.61,38.3,38.78,3267366.0
2026-02-05,37.75,38.12,36.19,37.07,3583731.0
2026-02-06,35.17,37.44,35.12,36.81,3277748.0
2026-02-09,38.11,38.5,37.65,38.25,2639476.0
2026-02-10,38.6,39.02,38.14,38.43,1996571.0
2026-02-11,38.22,39.41,38.19,39.1,2228674.0
2026-02-12,39.19,40.05,39.11,39.37,2355759.0
2026-02-13,37.88,38.66,37.31,37.4,3380334.0
2026-02-24,39.11,39.27,38.6,38.94,2467460.0
2026-02-25,39.02,39.88,38.48,39.25,2897095.0
2026-02-26,39.51,39.58,38.56,38.99,1990664.0
2026-02-27,38.82,39.67,38.63,39.17,2420602.0
2026-03-02,40.02,40.52,38.72,40.39,4775134.0
2026-03-03,39.97,39.97,38.28,38.48,4140938.0
2026-03-04,37.32,38.51,37.1,37.58,3125702.0
2026-03-05,38.08,38.1,36.82,37.29,2606599.0
2026-03-06,36.63,37.1,35.86,36.72,2539470.0
2026-03-09,35.55,36.29,34.48,36.02,3906290.0
2026-03-10,36.6,37.16,36.42,36.75,2013124.0
2026-03-11,37.12,37.26,36.66,36.86,1481313.0
2026-03-12,36.41,36.78,35.97,36.37,1891130.0
2026-03-13,35.82,36.56,35.22,35.39,2471205.0
2026-03-16,34.66,34.79,33.22,34.37,4207313.0
2026-03-17,34.35,35.17,34.29,34.52,2253776.0
2026-03-18,34.36,34.62,33.97,34.54,1990248.0
2026-03-19,32.87,33.52,31.74,31.94,5279354.0
2026-03-20,31.82,32.47,31.05,31.27,3850343.0
2026-03-23,29.83,30.96,29.42,30.2,4933043.0
2026-03-24,30.87,32.0,30.53,31.82,4572645.0
2026-03-25,33.12,33.6,32.71,32.86,4106152.0
2026-03-26,32.72,32.86,31.45,31.71,3050473.0
2026-03-27,31.12,32.34,31.12,32.09,2282467.0
2026-03-30,31.82,32.42,31.5,32.4,2369010.0
2026-03-31,32.6,33.12,32.22,32.34,2531059.0
2026-04-01,33.48,34.2,33.24,33.77,3237031.0
2026-04-02,33.61,33.61,32.32,32.74,2589426.0
2026-04-03,32.87,32.95,32.44,32.53,1419991.0
2026-04-07,32.42,32.72,31.95,32.03,1506498.0
2026-04-08,33.62,34.38,33.62,34.24,4079541.0
2026-04-09,33.61,33.81,33.36,33.52,2206590.0
2026-04-10,33.85,34.2,33.32,33.37,2375710.0
2026-04-13,33.0,33.42,32.93,33.28,1765321.0
2026-04-14,34.11,34.57,33.97,34.42,2988457.0
2026-04-15,35.37,35.62,34.43,34.53,2991792.0
2026-04-16,34.62,35.01,34.62,34.92,2009412.0
2026-04-17,34.62,34.72,34.12,34.35,2155828.0
2026-04-20,34.48,34.91,34.32,34.44,2256403.0
2026-04-21,34.6,35.3,34.12,35.28,3119791.0
2026-04-22,35.29,35.48,34.86,35.15,3723920.0
2026-04-23,35.18,35.18,33.76,34.02,3566449.0
2026-04-24,33.64,34.04,33.15,33.93,2577934.0
2026-04-27,33.62,33.87,33.1,33.18,2310885.0
2026-04-28,32.95,33.08,32.5,32.57,2070092.0
2026-04-29,32.17,33.82,32.13,33.76,3034995.0
2026-04-30,33.32,33.64,32.7,32.92,2403899.0
2026-05-06,33.12,34.0,32.83,33.83,3990720.0
2026-05-07,34.46,34.79,33.74,34.08,3360414.0
2026-05-08,33.64,34.62,33.46,34.42,3012482.0
2026-05-11,34.17,34.34,33.47,33.89,3037097.0
2026-05-12,34.58,34.95,34.12,34.2,4169460.0
2026-05-13,34.72,34.87,34.07,34.28,3224803.0
2026-05-14,34.11,34.38,33.12,33.14,2769481.0
2026-05-15,32.61,32.62,31.12,31.46,4482822.0
2026-05-18,30.52,30.99,30.33,30.92,2887987.0
2026-05-19,30.92,31.01,30.26,30.78,1808601.0
2026-05-20,30.15,30.26,29.54,30.01,3144897.0
2026-05-21,30.53,30.87,29.55,29.61,2956155.0
2026-05-22,29.78,30.76,29.5,30.58,2681039.0
2026-05-25,31.26,31.62,30.71,30.97,2840462.0
2026-05-26,30.78,32.6,30.64,32.52,4437216.0
2026-05-27,32.2,32.51,31.15,31.24,2616966.0
2026-05-28,30.62,30.82,29.7,30.33,3109909.0
2026-05-29,30.94,31.0,29.8,30.06,2610250.0
2026-06-01,29.84,30.32,29.74,29.81,1751622.0
2026-06-02,29.98,31.36,29.74,31.2,3333214.0
2026-06-03,30.63,31.44,30.57,30.89,2529803.0
2026-06-04,30.52,30.57,29.84,29.96,2062166.0
2026-06-05,29.92,30.47,29.15,29.25,2716213.0
2026-06-08,27.9,28.35,27.2,27.67,3775320.0
2026-06-09,27.76,28.15,27.22,28.09,2513161.0
2026-06-10,27.22,27.62,26.82,27.32,3044088.0
2026-06-11,26.82,27.31,26.42,26.95,3231431.0
2026-06-12,27.71,29.38,27.43,28.71,5098539.0
2026-06-15,30.16,30.97,30.02,30.93,5714756.0
2026-06-16,30.62,30.72,29.82,29.91,2922715.0
2026-06-17,30.12,30.57,29.74,30.05,2229817.0
2026-06-18,29.58,30.6,28.9,29.31,3620675.0
2026-06-22,28.87,30.12,28.17,30.06,3918476.0
2026-06-23,29.57,29.62,27.26,27.37,4947402.0
2026-06-24,27.03,27.59,26.95,27.27,2846096.0
2026-06-25,26.13,26.38,25.35,25.54,5760700.0
2026-06-26,25.9,25.9,24.86,25.1,3528208.0
2026-06-29,25.35,25.96,24.98,25.79,3232927.0
2026-06-30,25.05,25.26,24.7,25.14,3107057.0
2026-07-01,24.85,25.55,24.42,25.11,3389084.0
2026-07-02,25.61,26.96,25.52,26.3,5067417.0
2026-07-03,27.5,28.3,27.41,27.82,5386520.0
2026-07-06,27.64,29.19,27.62,28.28,3700913.0
2026-07-07,27.8,28.11,27.43,27.62,2235422.0
2026-07-08,27.12,28.03,26.8,27.36,1969818.0
2026-07-09,26.82,27.7,26.55,27.62,2514997.0
2026-07-10,28.0,28.45,27.08,27.72,2657100.0
2026-07-13,27.23,27.63,26.74,27.36,2130238.0
2026-07-14,26.88,29.29,26.75,29.06,3803205.0
2026-07-15,29.06,29.34,28.56,28.83,2683491.0
2026-07-16,28.82,29.59,28.79,29.25,2654390.0
2026-07-17,28.65,28.82,27.92,28.36,2904169.0
