date,open,high,low,close,volume
2016-07-18,2206.0,2225.5,2183.5,2224.5,1762
2016-07-19,2224.5,2248.0,2212.5,2245.0,1886
2016-07-20,2245.0,2254.0,2215.0,2245.0,1930
2016-07-21,2245.0,2294.5,2238.0,2249.0,2375
2016-07-22,2249.0,2275.0,2235.5,2255.0,1983
2016-07-25,2255.0,2274.0,2241.0,2257.0,1407
2016-07-26,2257.0,2257.0,2212.0,2232.0,2150
2016-07-27,2232.0,2233.0,2166.5,2166.5,3092
2016-07-28,2165.0,2208.5,2165.0,2208.5,2265
2016-07-29,2227.0,2250.0,2185.5,2246.5,2607
2016-08-01,2240.0,2280.0,2240.0,2262.0,2060
2016-08-02,2262.0,2299.0,2257.5,2275.0,1871
2016-08-03,2272.0,2282.5,2243.5,2280.0,2255
2016-08-04,2280.0,2283.0,2248.0,2255.0,2015
2016-08-05,2255.0,2273.5,2252.0,2266.5,1865
2016-08-08,2266.5,2288.0,2258.0,2281.0,1265
2016-08-09,2281.0,2281.0,2257.0,2273.5,1636
2016-08-10,2273.5,2314.5,2270.0,2284.0,2862
2016-08-11,2284.0,2292.5,2266.0,2278.5,1627
2016-08-12,2278.5,2284.0,2229.0,2237.0,2458
2016-08-15,2237.0,2267.0,2202.5,2263.5,2124
2016-08-16,2263.5,2274.0,2242.5,2257.5,1922
2016-08-17,2257.5,2274.0,2240.5,2274.0,1736
2016-08-18,2274.0,2309.0,2268.0,2294.0,2231
2016-08-19,2294.0,2304.5,2271.0,2295.0,1631
2016-08-22,2295.0,2295.5,2267.5,2285.0,1622
2016-08-23,2285.0,2306.5,2283.0,2301.5,1537
2016-08-24,2301.5,2312.0,2266.0,2280.0,2122
2016-08-25,2280.0,2299.5,2262.0,2296.5,1801
2016-08-26,2294.5,2333.0,2290.0,2320.0,3322
2016-08-30,2320.0,2320.0,2283.0,2311.5,2421
2016-08-31,2311.0,2328.5,2295.5,2315.5,4654
2016-09-01,2311.0,2347.5,2310.0,2345.0,2286
2016-09-02,2339.0,2370.0,2338.0,2363.5,2201
2016-09-05,2363.5,2372.0,2355.0,2358.0,1408
2016-09-06,2358.0,2361.5,2315.0,2317.5,2089
2016-09-07,2317.5,2350.0,2312.5,2319.5,2019
2016-09-08,2319.5,2327.5,2292.5,2313.0,1770
2016-09-09,2313.0,2323.0,2290.0,2292.0,1675
2016-09-12,2292.0,2292.0,2251.5,2263.5,4861
2016-09-13,2263.5,2283.0,2227.5,2231.5,2294
2016-09-14,2235.0,2293.5,2225.0,2275.5,2668
2016-09-15,2275.5,2287.5,2231.0,2231.5,1947
2016-09-16,2231.5,2244.0,2206.0,2217.0,1808
2016-09-19,2217.0,2258.0,2210.0,2254.5,2270
2016-09-20,2254.5,2308.0,2251.0,2298.5,2103
2016-09-21,2298.5,2304.0,2261.5,2263.0,2132
2016-09-22,2273.0,2309.0,2272.5,2285.0,1922
2016-09-23,2285.0,2300.0,2264.0,2276.5,1821
2016-09-26,2276.5,2292.5,2246.0,2287.0,1832
2016-09-27,2287.0,2342.0,2275.0,2306.0,3077
2016-09-28,2306.0,2338.0,2295.5,2335.0,2184
2016-09-29,2334.0,2360.0,2331.5,2355.0,2200
2016-09-30,2351.0,2399.5,2340.0,2377.0,2415
2016-10-03,2377.0,2409.0,2366.5,2409.0,2009
2016-10-04,2409.0,2418.0,2369.0,2379.5,2255
2016-10-05,2379.5,2385.5,2342.0,2345.0,1734
2016-10-06,2340.0,2352.5,2312.0,2326.0,1687
2016-10-07,2326.0,2351.5,2313.0,2329.5,1866
2016-10-10,2329.5,2363.0,2318.0,2333.0,2265
2016-10-11,2333.0,2333.0,2250.0,2251.5,2495
2016-10-12,2251.5,2278.0,2247.5,2263.0,2209
2016-10-13,2263.0,2267.0,2210.0,2251.5,2640
2016-10-14,2251.5,2275.0,2238.5,2261.5,2019
2016-10-17,2261.5,2284.0,2248.5,2282.0,2083
2016-10-18,2282.0,2313.0,2269.0,2289.5,1917
2016-10-19,2289.5,2316.5,2273.0,2315.5,1746
2016-10-20,2315.5,2319.0,2281.5,2284.5,1596
2016-10-21,2284.5,2298.0,2256.5,2257.0,1856
2016-10-24,2257.0,2326.5,2257.0,2321.0,2040
2016-10-25,2320.0,2376.0,2315.5,2360.5,3509
2016-10-26,2360.5,2368.0,2331.5,2343.5,2403
2016-10-27,2343.5,2368.0,2336.5,2359.5,1582
2016-10-28,2359.5,2400.0,2353.5,2398.5,2219
2016-10-31,2398.5,2479.5,2388.0,2458.5,3394
2016-11-01,2458.0,2485.0,2442.0,2469.0,2603
2016-11-02,2469.0,2469.0,2420.0,2428.5,2607
2016-11-03,2426.0,2494.0,2419.0,2490.0,2550
2016-11-04,2483.0,2491.5,2443.0,2445.0,2366
2016-11-07,2444.5,2503.5,2438.5,2471.5,3213
2016-11-08,2465.0,2511.5,2443.0,2481.0,2948
2016-11-09,2481.0,2513.0,2425.5,2510.5,5251
2016-11-10,2510.5,2575.0,2493.0,2520.5,4535
2016-11-11,2520.5,2637.0,2471.5,2479.5,7051
2016-11-14,2476.0,2625.0,2476.0,2624.5,5692
2016-11-15,2608.0,2684.5,2541.5,2622.0,5281
2016-11-16,2622.0,2634.0,2522.0,2535.0,3306
2016-11-17,2535.0,2547.0,2485.0,2532.0,3298
2016-11-18,2532.0,2594.0,2498.5,2559.0,3627
2016-11-21,2559.0,2607.5,2548.0,2575.0,2869
2016-11-22,2575.0,2638.5,2575.0,2614.0,3192
2016-11-23,2603.0,2708.5,2578.0,2706.0,3600
2016-11-24,2710.0,2760.0,2686.5,2740.5,3963
2016-11-25,2740.5,2895.0,2711.0,2880.0,4333
2016-11-28,2860.0,2985.0,2807.5,2820.5,7675
2016-11-29,2840.0,2908.0,2698.0,2735.0,6658
2016-11-30,2722.0,2778.0,2678.0,2702.0,6411
2016-12-01,2702.0,2777.0,2702.0,2761.0,4885
2016-12-02,2751.5,2753.0,2660.0,2660.0,4404
2016-12-05,2660.0,2778.0,2655.0,2770.0,3354
2016-12-06,2770.0,2825.0,2737.0,2816.5,3334
2016-12-07,2816.5,2857.5,2726.0,2748.0,3883
2016-12-08,2750.0,2783.5,2682.0,2693.0,2860
2016-12-09,2693.0,2738.0,2691.0,2705.5,2057
2016-12-12,2705.5,2747.5,2685.0,2745.0,1969
2016-12-13,2745.0,2772.0,2697.5,2717.0,2446
2016-12-14,2717.0,2829.5,2700.0,2818.5,3086
2016-12-15,2810.0,2847.5,2736.0,2804.0,4021
2016-12-16,2805.0,2818.0,2711.5,2733.5,2139
2016-12-19,2733.5,2733.5,2576.0,2612.0,3626
2016-12-20,2612.0,2645.0,2571.0,2642.5,2297
2016-12-21,2637.0,2652.0,2595.0,2619.5,1828
2016-12-22,2619.5,2638.0,2549.0,2634.0,2687
2016-12-23,2634.0,2643.0,2568.0,2577.0,1929
2016-12-27,2577.0,2577.0,2577.0,2577.0,1
2016-12-28,2581.0,2610.0,2525.0,2581.0,3469
2016-12-29,2581.0,2592.5,2516.0,2523.5,2135
2016-12-30,2523.5,2604.0,2518.5,2568.0,2310
2017-01-03,2568.0,2590.0,2520.0,2546.5,2283
2017-01-04,2546.5,2636.5,2519.0,2630.5,3360
2017-01-05,2630.5,2647.5,2607.0,2607.0,2297
2017-01-06,2607.0,2627.5,2577.0,2625.0,2216
2017-01-09,2625.0,2684.5,2621.5,2680.0,2304
2017-01-10,2680.0,2766.0,2663.5,2708.0,3753
2017-01-11,2708.0,2750.0,2684.0,2690.0,2820
2017-01-12,2690.0,2761.0,2690.0,2744.5,3014
2017-01-13,2744.5,2796.0,2711.0,2791.0,3164
2017-01-16,2791.0,2795.0,2725.5,2747.5,2534
2017-01-17,2747.5,2754.0,2669.5,2712.0,2843
2017-01-18,2712.0,2778.0,2712.0,2775.0,2589
2017-01-19,2775.0,2784.5,2730.5,2756.0,3326
2017-01-20,2756.0,2776.0,2711.0,2752.5,2619
2017-01-23,2752.5,2813.0,2746.5,2793.0,2094
2017-01-24,2793.0,2830.0,2782.0,2829.5,2047
2017-01-25,2829.5,2829.5,2768.5,2802.0,2903
2017-01-26,2802.0,2847.0,2750.0,2764.0,2036
2017-01-27,2764.0,2778.0,2732.0,2762.0,1858
2017-01-30,2762.0,2791.0,2758.5,2782.0,1196
2017-01-31,2782.0,2877.0,2778.5,2848.0,1924
2017-02-01,2877.0,2885.0,2843.0,2866.0,2112
2017-02-02,2866.0,2880.5,2841.0,2855.0,1435
2017-02-03,2855.0,2860.0,2759.5,2785.0,3189
2017-02-06,2785.0,2801.0,2743.0,2794.0,1933
2017-02-07,2794.0,2808.5,2760.0,2799.0,1954
2017-02-08,2799.0,2854.0,2786.0,2836.0,2435
2017-02-09,2836.0,2879.0,2822.5,2828.5,2465
2017-02-10,2828.5,2941.0,2828.5,2926.0,3722
2017-02-13,2922.0,2980.5,2910.5,2914.0,3308
2017-02-14,2914.0,2961.0,2871.0,2900.0,3076
2017-02-15,2903.0,2920.0,2863.5,2871.0,2621
2017-02-16,2871.0,2908.0,2835.0,2866.0,3411
2017-02-17,2866.0,2872.0,2784.0,2811.0,3190
2017-02-20,2811.0,2886.5,2784.5,2880.0,2591
2017-02-21,2877.0,2899.0,2855.5,2869.0,2670
2017-02-22,2869.0,2889.0,2830.5,2858.0,2945
2017-02-23,2858.0,2868.5,2777.0,2781.5,6534
2017-02-24,2781.5,2840.0,2780.0,2830.0,2797
2017-02-27,2830.0,2841.5,2795.0,2811.0,2181
2017-02-28,2811.0,2839.0,2798.0,2823.0,2409
2017-03-01,2823.0,2895.0,2811.5,2863.0,3219
2017-03-02,2863.0,2872.5,2775.0,2787.0,2519
2017-03-03,2787.0,2815.5,2765.5,2784.5,2776
2017-03-06,2788.0,2800.0,2719.0,2744.0,3305
2017-03-07,2744.0,2749.5,2681.0,2695.0,3581
2017-03-08,2695.0,2716.0,2684.5,2694.0,2556
2017-03-09,2690.0,2698.0,2644.0,2682.5,3442
2017-03-10,2682.5,2748.5,2674.0,2709.5,3434
2017-03-13,2709.5,2783.5,2709.5,2757.0,2976
2017-03-14,2754.0,2761.0,2691.5,2753.0,3932
2017-03-15,2749.5,2816.5,2747.5,2816.0,3360
2017-03-16,2821.5,2861.0,2811.0,2832.5,3480
2017-03-17,2830.0,2893.0,2821.0,2891.0,3184
2017-03-20,2885.5,2900.5,2857.5,2863.5,2660
2017-03-21,2865.5,2892.0,2818.0,2820.0,3583
2017-03-22,2820.0,2871.5,2806.0,2865.0,3562
2017-03-23,2864.5,2866.0,2795.5,2830.0,2822
2017-03-24,2824.0,2842.5,2800.5,2836.5,2391
2017-03-27,2830.0,2833.0,2739.0,2770.0,6836
2017-03-28,2770.0,2828.5,2749.0,2821.5,2824
2017-03-29,2823.0,2875.0,2808.5,2859.0,3885
2017-03-30,2859.0,2888.5,2835.0,2847.0,3120
2017-03-31,2847.0,2850.0,2757.5,2769.0,3042
2017-04-03,2769.0,2797.0,2706.0,2706.0,3068
2017-04-04,2706.0,2755.0,2702.0,2755.0,2179
2017-04-05,2755.0,2811.0,2752.0,2786.0,3859
2017-04-06,2786.0,2809.0,2716.5,2733.5,3955
2017-04-07,2733.5,2760.0,2659.0,2687.0,4996
2017-04-10,2687.0,2692.0,2614.5,2626.5,3945
2017-04-11,2626.5,2631.0,2558.0,2575.0,4626
2017-04-12,2575.0,2609.5,2564.0,2602.0,3625
2017-04-13,2602.0,2640.0,2575.5,2622.5,4029
2017-04-14,2602.0,2640.0,2575.5,2622.5,4029
2017-04-18,2625.0,2632.0,2517.0,2523.5,4355
2017-04-19,2520.0,2578.5,2519.5,2569.0,4226
2017-04-20,2564.0,2639.0,2526.0,2630.5,4498
2017-04-21,2630.5,2659.0,2584.0,2586.0,3431
2017-04-24,2595.0,2617.5,2570.0,2597.5,2894
2017-04-25,2604.0,2627.0,2583.0,2605.5,2363
2017-04-26,2605.5,2636.5,2597.5,2630.5,2129
2017-04-27,2630.5,2640.0,2583.0,2620.0,2239
2017-04-28,2620.0,2647.0,2608.0,2626.0,2365
2017-05-01,2620.0,2647.0,2608.0,2626.0,2365
2017-05-02,2626.0,2698.0,2626.0,2650.5,3001
2017-05-03,2650.5,2652.0,2572.5,2576.0,2861
2017-05-04,2573.5,2587.0,2540.0,2573.5,3485
2017-05-05,2573.5,2595.5,2546.0,2593.0,2754
2017-05-08,2593.0,2597.0,2540.0,2591.0,3226
2017-05-09,2590.0,2639.0,2580.0,2612.0,2972
2017-05-10,2612.0,2626.5,2590.0,2602.0,2578
2017-05-11,2602.0,2645.0,2582.5,2586.5,3516
2017-05-12,2586.5,2611.5,2547.5,2551.0,2916
2017-05-15,2551.0,2593.0,2551.0,2573.0,2377
2017-05-16,2573.0,2574.0,2518.0,2555.0,3407
2017-05-17,2555.0,2581.5,2543.0,2566.0,2407
2017-05-18,2566.0,2566.0,2459.5,2541.5,5070
2017-05-19,2541.5,2646.0,2528.0,2636.0,4859
2017-05-22,2636.0,2667.0,2625.0,2647.0,3283
2017-05-23,2642.5,2669.0,2636.5,2667.5,2832
2017-05-24,2667.5,2667.5,2618.0,2650.5,2883
2017-05-25,2650.5,2659.0,2607.0,2634.0,2692
2017-05-26,2634.0,2651.0,2616.0,2644.5,1677
2017-05-30,2644.5,2650.0,2624.0,2630.0,1083
2017-05-31,2626.0,2659.5,2565.0,2600.5,3694
2017-06-01,2600.5,2620.0,2555.5,2567.5,3256
2017-06-02,2567.5,2577.0,2512.0,2536.0,3565
2017-06-05,2564.5,2564.5,2476.0,2495.0,3110
2017-06-06,2495.0,2516.0,2458.0,2461.0,3940
2017-06-07,2461.0,2479.0,2427.5,2441.5,3870
2017-06-08,2438.0,2496.0,2438.0,2472.0,3452
2017-06-09,2472.0,2543.0,2462.0,2540.0,3108
2017-06-12,2540.0,2547.5,2476.5,2481.0,2665
2017-06-13,2485.0,2490.0,2443.5,2472.0,3114
2017-06-14,2472.0,2510.5,2458.0,2483.0,2681
2017-06-15,2485.0,2533.5,2476.5,2515.0,2578
2017-06-16,2515.0,2543.5,2510.0,2522.5,2004
2017-06-19,2522.5,2568.0,2515.0,2562.5,2515
2017-06-20,2562.5,2581.5,2537.5,2557.0,2487
2017-06-21,2557.0,2650.0,2550.5,2643.0,3736
2017-06-22,2643.0,2710.0,2628.0,2691.5,4031
2017-06-23,2691.5,2747.0,2677.0,2705.0,3907
2017-06-26,2705.0,2745.0,2684.0,2711.0,2741
2017-06-27,2711.0,2755.5,2702.5,2750.0,2919
2017-06-28,2750.0,2764.0,2717.5,2739.5,2807
2017-06-29,2739.5,2769.5,2736.5,2747.5,2957
2017-06-30,2753.0,2768.5,2730.0,2765.0,2548
2017-07-03,2765.0,2810.0,2748.5,2808.0,3044
2017-07-04,2808.0,2809.0,2765.0,2787.0,2178
2017-07-05,2787.0,2800.5,2737.0,2777.0,3022
2017-07-06,2777.0,2804.0,2747.5,2781.0,2506
2017-07-07,2781.0,2807.5,2767.0,2788.0,2482
2017-07-10,2788.0,2793.5,2745.0,2774.5,2476
2017-07-11,2774.5,2827.0,2764.5,2821.5,3347
2017-07-12,2821.5,2874.5,2815.5,2819.5,3052
2017-07-13,2819.5,2846.5,2793.5,2798.5,2727
2017-07-14,2798.5,2805.0,2753.0,2791.0,3523
2017-07-17,2786.0,2847.0,2781.0,2820.5,3169
2017-07-18,2820.5,2831.0,2769.0,2789.5,2813
2017-07-19,2789.5,2798.0,2734.5,2739.0,2559
2017-07-20,2739.0,2759.5,2718.0,2730.0,2552
2017-07-21,2728.0,2776.0,2728.0,2754.5,2594
2017-07-24,2754.5,2798.0,2740.0,2788.0,2019
2017-07-25,2788.0,2857.0,2777.0,2845.0,3088
2017-07-26,2845.0,2857.0,2797.0,2800.5,3116
2017-07-27,2800.5,2835.0,2788.0,2795.5,2291
2017-07-28,2795.5,2811.0,2757.5,2785.5,2601
2017-07-31,2785.5,2828.0,2778.0,2799.5,2616
2017-08-01,2799.5,2802.0,2765.0,2784.5,2026
2017-08-02,2784.5,2808.5,2755.0,2806.0,2178
2017-08-03,2806.0,2843.0,2790.0,2794.0,2259
2017-08-04,2794.0,2835.0,2793.0,2814.0,2866
2017-08-07,2814.0,2890.0,2790.0,2873.5,3854
2017-08-08,2873.5,2939.5,2861.0,2930.5,3429
2017-08-09,2926.0,2983.5,2923.0,2940.0,4314
2017-08-10,2940.0,2959.0,2906.5,2928.0,2932
2017-08-11,2928.0,2932.0,2888.5,2905.0,2873
2017-08-14,2903.0,2924.5,2896.0,2921.0,1845
2017-08-15,2921.0,2965.0,2908.5,2956.0,2310
2017-08-16,2956.0,3132.5,2950.0,3120.0,6306
2017-08-17,3120.0,3147.0,3047.0,3051.0,5047
2017-08-18,3050.0,3150.0,3045.0,3140.0,5570
2017-08-21,3140.0,3180.5,3113.0,3127.0,4124
2017-08-22,3127.0,3167.5,3095.5,3121.5,4101
2017-08-23,3121.5,3146.0,3087.5,3107.0,3442
2017-08-24,3107.0,3141.0,3097.0,3111.5,2734
2017-08-25,3111.5,3138.5,3052.5,3068.5,3623
2017-08-28,3068.5,3068.5,3068.5,3068.5,1
2017-08-29,3081.0,3128.0,3081.0,3112.0,3025
2017-08-30,3112.0,3152.0,3082.0,3086.0,3054
2017-08-31,3089.5,3163.5,3089.0,3159.0,2994
2017-09-01,3158.5,3211.0,3136.0,3208.0,2903
2017-09-04,3212.0,3221.0,3173.0,3210.0,2003
2017-09-05,3210.0,3216.0,3087.5,3105.0,3066
2017-09-06,3105.0,3127.0,3065.0,3105.5,3769
2017-09-07,3105.5,3145.0,3073.0,3134.0,2904
2017-09-08,3130.5,3160.0,3025.0,3033.5,4268
2017-09-11,3033.5,3104.5,2083.0,3088.0,3463
2017-09-12,3088.0,3096.5,3051.5,3065.0,2871
2017-09-13,3067.0,3073.0,3021.0,3030.0,2787
2017-09-14,3030.0,3045.5,2975.0,3006.0,2718
2017-09-15,3006.0,3046.0,2989.0,3033.5,3623
2017-09-18,3033.5,3112.0,3033.5,3112.0,3180
2017-09-19,3111.0,3123.5,3063.5,3110.5,3035
2017-09-20,3110.5,3155.0,3086.0,3135.5,3151
2017-09-21,3135.5,3135.5,3025.5,3043.0,4336
2017-09-22,3060.0,3085.0,3000.0,3061.0,4507
2017-09-25,3061.0,3120.0,3061.0,3115.0,3083
2017-09-26,3115.0,3151.0,3100.5,3113.5,3625
2017-09-27,3113.5,3150.0,3094.5,3123.0,3046
2017-09-28,3123.0,3165.0,3096.5,3160.0,3293
2017-09-29,3160.0,3174.0,3136.0,3161.0,2414
2017-10-02,3167.0,3248.0,3151.5,3242.0,2032
2017-10-03,3242.0,3292.0,3216.0,3281.0,2394
2017-10-04,3281.0,3306.5,3269.0,3279.0,1625
2017-10-05,3279.0,3308.5,3272.0,3296.0,1284
2017-10-06,3296.0,3300.0,3233.5,3244.5,1802
2017-10-09,3245.0,3281.5,3222.5,3251.5,3528
2017-10-10,3251.5,3292.5,3210.0,3292.0,3137
2017-10-11,3292.0,3292.0,3195.5,3221.0,3653
2017-10-12,3221.0,3272.0,3191.0,3257.5,2666
2017-10-13,3242.5,3280.0,3215.0,3246.5,3245
2017-10-16,3235.5,3286.0,3185.0,3192.0,4565
2017-10-17,3190.0,3209.5,3054.0,3074.5,5969
2017-10-18,3084.0,3137.0,3040.0,3117.0,4466
2017-10-19,3117.0,3130.0,3087.0,3114.0,2459
2017-10-20,3114.0,3170.5,3083.0,3102.5,2307
2017-10-23,3102.5,3156.5,3094.5,3148.5,1879
2017-10-24,3148.5,3197.0,3145.0,3174.5,2595
2017-10-25,3174.5,3219.0,3136.0,3208.0,2918
2017-10-26,3208.0,3242.0,3198.0,3219.0,2853
2017-10-27,3219.0,3219.0,3141.5,3172.5,2617
2017-10-30,3172.5,3219.0,3165.5,3207.5,2104
2017-10-31,3210.0,3275.0,3198.5,3268.0,3015
2017-11-01,3260.0,3326.0,3241.5,3252.5,3647
2017-11-02,3250.0,3264.5,3197.0,3241.5,2973
2017-11-03,3246.5,3267.0,3202.0,3208.5,2563
2017-11-06,3217.5,3255.0,3209.0,3236.0,2156
2017-11-07,3236.0,3241.0,3154.0,3163.0,2885
2017-11-08,3163.0,3204.0,3161.0,3187.5,2019
2017-11-09,3190.0,3198.0,3140.0,3190.0,2235
2017-11-10,3190.0,3240.0,3181.0,3219.0,2106
2017-11-13,3219.0,3239.5,3197.0,3220.0,2330
2017-11-14,3220.0,3226.5,3122.0,3155.0,3466
2017-11-15,3158.0,3158.0,3101.5,3144.5,3349
2017-11-16,3144.5,3170.0,3120.0,3133.0,2040
2017-11-17,3133.0,3187.0,3126.5,3186.5,2182
2017-11-20,3186.5,3188.5,3132.0,3164.0,2621
2017-11-21,3163.0,3224.0,3151.5,3223.0,2647
2017-11-22,3219.5,3240.5,3218.5,3230.0,2408
2017-11-23,3230.0,3245.0,3209.0,3240.0,1563
2017-11-24,3240.0,3249.5,3221.5,3234.5,1385
2017-11-27,3230.0,3235.0,3169.5,3186.0,2621
2017-11-28,3186.0,3195.0,3132.0,3160.0,2947
2017-11-29,3160.0,3178.0,3113.0,3156.5,3368
2017-11-30,3156.5,3189.0,3124.5,3157.0,2731
2017-12-01,3140.0,3269.0,3130.0,3242.0,4191
2017-12-04,3242.0,3251.5,3173.5,3178.0,2888
2017-12-05,3178.0,3200.0,3104.0,3113.5,3932
2017-12-06,3113.0,3130.0,3068.0,3090.0,3370
2017-12-07,3088.0,3114.0,3071.0,3079.5,2772
2017-12-08,3079.5,3110.0,3050.5,3087.5,3159
2017-12-11,3087.5,3146.0,3075.5,3130.0,3367
2017-12-12,3130.0,3174.5,3091.0,3152.5,3524
2017-12-13,3150.0,3174.0,3133.0,3157.5,1733
2017-12-14,3157.5,3190.5,3144.5,3186.0,2005
2017-12-15,3186.0,3230.0,3175.0,3208.5,2541
2017-12-18,3208.5,3222.5,3181.5,3195.5,2144
2017-12-19,3195.5,3207.5,3163.0,3206.0,2070
2017-12-20,3206.0,3245.0,3194.0,3217.5,2368
2017-12-21,3217.5,3244.5,3205.5,3243.0,2325
2017-12-22,3245.0,3275.0,3222.0,3275.0,2629
2017-12-27,3254.0,3276.5,3237.0,3267.0,2352
2017-12-28,3267.0,3305.0,3256.5,3298.0,2463
2017-12-29,3298.0,3323.5,3282.5,3316.0,2018
2018-01-02,3316.0,3352.0,3293.0,3347.0,2923
2018-01-03,3347.0,3347.0,3317.0,3330.0,2022
2018-01-04,3330.0,3364.0,3318.0,3355.5,2519
2018-01-05,3355.5,3380.0,3347.5,3352.0,2455
2018-01-08,3352.0,3390.0,3341.0,3384.5,2239
2018-01-09,3380.5,3400.0,3333.0,3335.5,2582
2018-01-10,3331.0,3364.5,3317.5,3350.0,2867
2018-01-11,3354.0,3395.0,3346.5,3380.5,2499
2018-01-12,3380.0,3409.0,3373.0,3397.5,2490
2018-01-15,3397.5,3440.0,3395.0,3433.0,2192
2018-01-16,3433.0,3433.0,3353.0,3407.0,3272
2018-01-17,3407.0,3416.0,3365.5,3378.5,2439
2018-01-18,3371.0,3401.0,3367.0,3375.0,2029
2018-01-19,3375.0,3444.0,3375.0,3407.0,2828
2018-01-22,3398.0,3429.0,3394.0,3416.5,1764
2018-01-23,3418.5,3428.0,3398.0,3410.0,2008
2018-01-24,3410.0,3456.0,3381.5,3439.5,2920
2018-01-25,3439.5,3481.5,3433.5,3460.0,2761
2018-01-26,3455.0,3491.0,3437.0,3485.0,2392
2018-01-29,3485.0,3584.0,3482.0,3549.0,3254
2018-01-30,3549.0,3556.5,3495.5,3513.5,2983
2018-01-31,3513.5,3542.0,3497.0,3528.5,3050
2018-02-01,3528.0,3567.5,3503.5,3562.0,2418
2018-02-02,3555.0,3572.0,3484.0,3512.5,3219
2018-02-05,3512.5,3550.0,3491.0,3517.0,2509
2018-02-06,3510.5,3511.0,3453.0,3470.5,3391
2018-02-07,3475.0,3507.5,3370.0,3383.0,3461
2018-02-08,3395.0,3430.0,3369.5,3422.0,3518
2018-02-09,3415.0,3415.0,3351.5,3381.5,3341
2018-02-12,3386.0,3412.0,3373.0,3395.0,2858
2018-02-13,3395.0,3477.0,3388.5,3469.0,2707
2018-02-14,3469.0,3574.5,3452.0,3568.0,3193
2018-02-15,3464.5,3595.5,3464.5,3582.0,2337
2018-02-16,3582.0,3592.5,3565.0,3566.0,1642
2018-02-19,3565.0,3576.5,3544.0,3567.5,1079
2018-02-20,3567.5,3573.0,3538.5,3551.0,1399
2018-02-21,3551.0,3551.0,3515.0,3535.5,1712
2018-02-22,3535.5,3535.5,3437.0,3530.0,3802
2018-02-23,3480.0,3525.5,3472.0,3509.5,2740
2018-02-26,3509.5,3550.0,3506.0,3530.5,2011
2018-02-27,3530.0,3543.5,3475.5,3489.0,2287
2018-02-28,3489.0,3489.0,3444.5,3454.0,2960
2018-03-01,3454.0,3473.0,3366.0,3403.5,4138
2018-03-02,3403.5,3429.5,3350.0,3364.5,3352
2018-03-05,3364.5,3386.0,3273.5,3308.0,4470
2018-03-06,3305.0,3345.5,3272.0,3307.0,3070
2018-03-07,3306.0,3323.0,3260.0,3273.5,2680
2018-03-08,3273.5,3288.5,3210.0,3227.0,3063
2018-03-09,3230.0,3300.0,3186.0,3296.0,3437
2018-03-12,3300.0,3300.0,3228.5,3234.5,2678
2018-03-13,3260.0,3300.0,3247.5,3294.5,2780
2018-03-14,3295.5,3305.0,3206.0,3209.0,3009
2018-03-15,3213.0,3245.0,3205.0,3229.0,2768
2018-03-16,3233.5,3277.5,3215.0,3256.5,2540
2018-03-19,3238.0,3273.5,3215.0,3261.0,2582
2018-03-20,3251.5,3258.5,3193.0,3204.5,3174
2018-03-21,3207.0,3258.0,3183.0,3249.5,2795
2018-03-22,3252.0,3282.0,3182.5,3215.0,2705
2018-03-23,3210.5,3238.5,3170.0,3220.0,3396
2018-03-26,3226.0,3278.5,3165.0,3271.5,2912
2018-03-27,3271.5,3314.5,3260.0,3283.0,2836
2018-03-28,3275.0,3293.0,3256.0,3280.0,2665
2018-03-29,3272.0,3320.0,3269.0,3270.5,2492
2018-03-30,3272.0,3320.0,3269.0,3270.5,8914
2018-04-02,3270.5,3270.5,3270.5,3270.5,3
2018-04-03,3270.5,3294.0,3256.0,3277.0,3130
2018-04-04,3280.0,3281.0,3221.0,3252.0,3117
2018-04-05,3252.0,3263.0,3193.5,3241.0,3068
2018-04-06,3241.0,3255.0,3204.5,3241.5,1812
2018-04-09,3241.0,3276.5,3205.0,3213.0,2571
2018-04-10,3213.0,3256.0,3212.5,3249.5,2592
2018-04-11,3286.0,3286.0,3218.0,3223.0,2462
2018-04-12,3223.0,3235.0,3083.0,3091.5,5906
2018-04-13,3091.5,3141.0,3091.5,3103.0,3370
2018-04-16,3100.0,3160.0,3070.0,3134.5,2802
2018-04-17,3154.0,3174.5,3118.0,3173.0,2811
2018-04-18,3173.0,3301.5,3142.5,3263.0,4413
2018-04-19,3263.0,3296.0,3205.0,3216.0,3492
2018-04-20,3216.0,3273.5,3212.5,3240.5,2996
2018-04-23,3240.5,3263.0,3200.0,3231.5,2442
2018-04-24,3231.5,3271.0,3210.0,3215.5,2630
2018-04-25,3215.5,3231.0,3129.5,3137.0,3437
2018-04-26,3137.0,3156.0,3083.5,3135.0,3647
2018-04-27,3135.0,3160.0,3091.0,3140.0,2334
2018-04-30,3140.0,3189.5,3121.0,3122.0,2628
2018-05-01,3120.0,3125.0,3052.0,3070.5,2282
2018-05-02,3070.5,3116.5,3047.0,3050.0,3812
2018-05-03,3050.0,3084.5,2994.0,3009.5,3938
2018-05-04,3009.5,3068.0,2970.0,3067.0,3308
2018-05-08,3072.0,3117.5,3046.5,3075.0,4050
2018-05-09,3073.0,3109.5,3067.0,3090.5,2458
2018-05-10,3090.5,3111.5,3075.5,3082.0,1961
2018-05-11,3082.0,3108.0,3075.5,3093.0,1539
2018-05-14,3093.0,3099.0,3037.0,3055.0,2301
2018-05-15,3055.0,3089.5,3044.0,3060.0,2492
2018-05-16,3060.0,3095.0,3053.0,3079.0,2154
2018-05-17,3079.0,3096.0,3057.0,3093.0,2284
2018-05-18,3093.0,3100.0,3070.0,3097.0,2354
2018-05-21,3097.0,3122.0,3085.0,3098.0,1678
2018-05-22,3098.0,3107.0,3040.5,3040.5,2362
2018-05-23,3040.5,3062.5,3001.0,3028.0,2854
2018-05-24,3028.0,3039.5,3012.0,3037.0,1830
2018-05-25,3037.0,3068.0,3024.0,3052.5,1910
2018-05-29,3064.5,3104.0,3053.5,3078.5,3449
2018-05-30,3075.0,3150.0,3045.0,3145.5,3999
2018-05-31,3138.0,3164.5,3088.5,3100.0,3820
2018-06-01,3100.0,3120.0,3073.0,3088.5,2300
2018-06-04,3088.5,3122.0,3056.0,3119.0,2911
2018-06-05,3110.0,3201.0,3104.0,3192.0,3625
2018-06-06,3195.0,3220.0,3174.5,3184.0,2774
2018-06-07,3184.0,3200.0,3158.5,3162.5,2145
2018-06-08,3167.0,3203.0,3140.5,3202.0,2210
2018-06-11,3202.0,3218.0,3177.0,3205.5,2227
2018-06-12,3205.5,3218.0,3182.0,3199.0,2120
2018-06-13,3195.0,3217.5,3172.0,3212.0,1850
2018-06-14,3212.0,3216.0,3152.5,3180.0,2074
2018-06-15,3180.0,3180.0,3072.5,3078.0,2767
2018-06-18,3078.0,3091.0,3059.0,3071.5,2022
2018-06-19,3071.5,3091.0,2995.0,3003.0,3932
2018-06-20,3003.0,3030.5,2981.0,3001.0,2843
2018-06-21,3001.0,3027.0,2912.0,2935.0,4179
2018-06-22,2929.0,2944.5,2889.5,2933.5,3229
2018-06-25,2935.0,2940.0,2835.0,2843.0,3701
2018-06-26,2843.0,2868.0,2815.0,2859.0,3033
2018-06-27,2859.0,2924.0,2820.0,2882.0,4241
2018-06-28,2882.0,2931.0,2851.5,2905.0,3443
2018-06-29,2905.0,2908.5,2853.5,2857.0,2911
2018-07-02,2857.0,2883.0,2822.0,2827.5,2794
2018-07-03,2827.5,2848.0,2778.0,2780.0,3024
2018-07-04,2793.0,2809.0,2687.5,2710.0,3602
2018-07-05,2710.0,2739.0,2667.0,2695.0,3823
2018-07-06,2695.0,2756.0,2676.0,2753.0,4161
2018-07-09,2753.0,2775.5,2680.5,2688.0,3759
2018-07-10,2695.0,2724.5,2607.5,2628.0,4343
2018-07-11,2628.0,2628.0,2503.0,2564.0,4940
2018-07-12,2564.0,2617.0,2531.0,2575.5,3621
2018-07-13,2575.5,2593.0,2537.5,2583.5,2785
2018-07-16,2583.5,2596.0,2474.0,2476.0,4205
2018-07-17,2476.0,2541.5,2476.0,2508.0,3082
2018-07-18,2508.0,2624.5,2496.5,2619.5,4039
2018-07-19,2619.5,2655.0,2495.0,2565.0,4582
2018-07-20,2565.5,2618.0,2528.0,2578.0,3304
2018-07-23,2578.0,2620.0,2525.0,2554.5,2901
2018-07-24,2554.5,2640.5,2546.0,2595.0,3023
2018-07-25,2595.0,2623.5,2573.0,2584.0,2587
2018-07-26,2597.0,2624.5,2560.0,2592.5,2199
2018-07-27,2592.5,2600.0,2551.5,2586.5,2199
2018-07-30,2586.5,2599.5,2512.0,2550.0,2673
2018-07-31,2550.0,2638.5,2534.5,2636.0,3690
2018-08-01,2621.0,2621.0,2535.5,2540.0,3622
2018-08-02,2540.0,2587.5,2525.0,2566.0,3024
2018-08-03,2566.0,2635.5,2539.0,2608.0,3373
2018-08-06,2608.0,2613.0,2542.0,2565.0,2575
2018-08-07,2565.0,2614.5,2561.5,2602.0,2156
2018-08-08,2602.0,2628.0,2598.0,2613.5,2194
2018-08-09,2613.5,2673.5,2595.0,2598.0,2990
2018-08-10,2598.0,2609.0,2535.0,2538.0,3392
2018-08-13,2538.0,2552.0,2462.0,2467.0,3649
2018-08-14,2473.0,2494.0,2443.5,2450.0,3409
2018-08-15,2450.0,2459.0,2283.0,2283.0,6194
2018-08-16,2294.5,2395.5,2286.5,2378.0,6581
2018-08-17,2378.0,2398.5,2325.0,2388.5,3914
2018-08-20,2388.5,2425.5,2355.0,2376.0,3388
2018-08-21,2376.0,2450.0,2374.0,2431.0,3012
2018-08-22,2431.0,2467.0,2384.0,2462.5,3265
2018-08-23,2460.0,2474.5,2427.0,2465.0,2372
2018-08-24,2465.0,2549.5,2453.5,2526.0,3855
2018-08-28,2530.0,2562.0,2516.5,2521.0,3224
2018-08-29,2521.0,2527.0,2483.0,2515.0,3049
2018-08-30,2515.0,2519.5,2434.0,2464.0,3231
2018-08-31,2464.0,2518.0,2443.0,2473.0,3709
2018-09-03,2473.0,2482.5,2432.0,2461.0,2527
2018-09-04,2461.0,2470.0,2392.0,2404.0,3409
2018-09-05,2404.0,2443.0,2393.5,2417.0,2542
2018-09-06,2417.0,2478.0,2417.0,2438.0,2915
2018-09-07,2438.0,2456.0,2393.5,2403.5,3498
2018-09-10,2403.5,2423.5,2362.0,2363.0,2423
2018-09-11,2363.0,2383.5,2308.0,2321.0,3021
2018-09-12,2311.0,2396.5,2070.5,2390.0,3411
2018-09-13,2390.0,2406.0,2347.5,2351.5,3031
2018-09-14,2351.5,2375.0,2306.0,2312.5,2634
2018-09-17,2300.0,2334.5,2290.0,2333.0,2740
2018-09-18,2308.0,2383.0,2303.0,2375.0,3137
2018-09-19,2375.0,2437.5,2365.5,2428.5,3100
2018-09-20,2428.5,2471.0,2426.5,2468.0,2876
2018-09-21,2468.0,2539.0,2439.0,2509.0,3727
2018-09-24,2509.0,2564.0,2487.0,2519.0,2650
2018-09-25,2515.0,2550.0,2481.5,2516.0,3247
2018-09-26,2516.0,2545.0,2493.0,2545.0,2752
2018-09-27,2545.0,2557.0,2484.0,2516.0,3835
2018-09-28,2516.0,2648.0,2511.0,2598.5,4870
2018-10-01,2598.5,2658.0,2569.0,2641.0,2738
2018-10-02,2641.0,2728.0,2626.0,2657.0,3276
2018-10-03,2657.0,2684.5,2621.5,2670.0,2761
2018-10-04,2670.0,2679.5,2610.0,2612.0,2443
2018-10-05,2612.0,2639.0,2592.5,2621.0,2441
2018-10-08,2620.0,2630.0,2562.0,2623.5,4330
2018-10-09,2623.5,2698.0,2615.0,2679.0,4299
2018-10-10,2679.0,2715.0,2611.5,2617.0,3719
2018-10-11,2617.0,2654.0,2581.5,2619.5,4331
2018-10-12,2619.5,2670.5,2592.0,2638.5,3279
2018-10-15,2638.5,2654.0,2589.0,2594.5,3052
2018-10-16,2594.5,2612.5,2562.0,2599.5,2824
2018-10-17,2575.0,2670.0,2575.0,2666.0,3770
2018-10-18,2665.0,2687.0,2631.0,2665.0,4088
2018-10-19,2653.5,2682.5,2620.0,2623.0,2842
2018-10-22,2623.0,2674.5,2623.0,2656.0,2121
2018-10-23,2656.0,2673.0,2623.5,2666.0,2545
2018-10-24,2666.0,2721.0,2657.0,2665.5,3181
2018-10-25,2665.5,2668.5,2621.5,2650.0,2081
2018-10-26,2650.0,2664.5,2610.0,2654.0,1931
2018-10-29,2662.0,2668.0,2606.5,2610.0,1832
2018-10-30,2605.5,2613.0,2541.5,2548.5,2999
2018-10-31,2541.5,2567.5,2482.0,2482.0,2858
2018-11-01,2487.5,2566.0,2486.5,2537.5,3217
2018-11-02,2544.5,2609.0,2518.5,2548.5,3181
2018-11-05,2549.0,2558.0,2497.5,2527.0,2992
2018-11-06,2527.0,2552.0,2481.0,2484.0,2633
2018-11-07,2489.5,2529.0,2445.0,2465.0,2781
2018-11-08,2465.0,2523.0,2437.0,2492.5,2862
2018-11-09,2492.5,2535.5,2475.0,2500.0,2953
2018-11-12,2506.0,2517.0,2466.5,2492.0,2216
2018-11-13,2492.0,2548.0,2478.0,2498.0,2977
2018-11-14,2498.0,2515.5,2466.5,2507.0,2316
2018-11-15,2507.0,2605.0,2502.5,2568.0,4316
2018-11-16,2570.0,2629.0,2555.0,2617.0,2590
2018-11-19,2617.0,2647.0,2585.0,2606.0,2783
2018-11-20,2606.0,2609.5,2521.5,2541.5,2697
2018-11-21,2541.5,2582.0,2534.0,2574.0,2275
2018-11-22,2574.0,2594.0,2550.5,2587.0,1592
2018-11-23,2587.0,2597.0,2490.5,2509.5,2943
2018-11-26,2509.5,2517.0,2441.0,2485.0,3398
2018-11-27,2485.0,2485.0,2420.0,2423.0,3239
2018-11-28,2423.0,2479.5,2393.5,2470.0,2909
2018-11-29,2470.0,2480.0,2442.0,2460.5,2352
2018-11-30,2484.0,2546.0,2457.5,2535.5,2796
2018-12-03,2560.0,2617.5,2557.0,2575.5,3268
2018-12-04,2572.0,2629.0,2565.0,2583.5,3124
2018-12-05,2583.5,2626.0,2572.0,2621.5,2037
2018-12-06,2611.0,2619.5,2559.5,2610.0,2227
2018-12-07,2610.0,2643.5,2585.0,2585.0,2858
2018-12-10,2585.0,2594.5,2564.0,2577.0,2046
2018-12-11,2577.0,2622.5,2571.5,2597.0,2393
2018-12-12,2598.0,2607.0,2563.5,2566.0,1862
2018-12-13,2571.0,2609.0,2560.0,2575.0,1949
2018-12-14,2575.0,2575.0,2514.5,2533.0,2968
2018-12-17,2533.0,2572.0,2524.0,2550.0,3412
2018-12-18,2550.0,2566.0,2506.5,2513.5,3711
2018-12-19,2540.0,2552.5,2519.5,2545.5,2549
2018-12-20,2545.5,2565.0,2516.5,2543.5,2544
2018-12-21,2543.5,2556.5,2487.5,2489.0,2208
2018-12-24,2499.0,2513.0,2473.0,2485.0,1384
2018-12-25,2499.0,2513.0,2473.0,2485.0,1384
2018-12-27,2517.0,2534.0,2468.0,2491.0,2421
2018-12-28,2491.0,2522.5,2435.0,2447.5,1768
2018-12-31,2459.0,2479.0,2443.0,2454.0,1317
2019-01-01,2454.0,2454.0,2454.0,2454.0,1
2019-01-02,2470.0,2485.0,2390.0,2394.5,3896
2019-01-03,2394.5,2421.0,2356.5,2402.0,3187
2019-01-04,2402.0,2460.5,2393.0,2448.0,2650
2019-01-07,2448.0,2500.0,2438.5,2496.0,2380
2019-01-08,2496.0,2508.0,2471.0,2482.0,2799
2019-01-09,2486.0,2511.0,2467.5,2488.5,2625
2019-01-10,2488.5,2495.5,2424.5,2454.5,3091
2019-01-11,2454.5,2499.0,2448.5,2497.0,2535
2019-01-14,2497.0,2499.0,2448.0,2472.0,2278
2019-01-15,2472.0,2492.5,2455.0,2455.0,2260
2019-01-16,2455.0,2506.5,2455.0,2504.0,2703
2019-01-17,2504.0,2547.5,2478.5,2538.0,2484
2019-01-18,2532.0,2595.0,2532.0,2581.0,3330
2019-01-21,2581.0,2593.0,2562.0,2576.0,1778
2019-01-22,2576.0,2607.0,2552.0,2580.0,3337
2019-01-23,2580.0,2629.0,2580.0,2617.5,2460
2019-01-24,2617.5,2640.5,2594.0,2626.0,2675
2019-01-25,2626.0,2685.0,2614.0,2682.0,3029
2019-01-28,2682.0,2706.0,2665.0,2678.0,3209
2019-01-29,2678.0,2695.5,2645.5,2657.5,2764
2019-01-30,2657.5,2696.5,2648.5,2688.5,2408
2019-01-31,2688.0,2737.0,2675.0,2723.5,2896
2019-02-01,2727.0,2777.0,2696.5,2758.0,2529
2019-02-04,2758.0,2801.0,2758.0,2800.0,2500
2019-02-05,2800.0,2810.0,2725.0,2731.0,2440
2019-02-06,2731.0,2750.0,2682.0,2710.0,2072
2019-02-07,2710.0,2740.5,2702.0,2725.0,1540
2019-02-08,2725.0,2725.0,2672.0,2699.0,1780
2019-02-11,2699.0,2699.0,2631.0,2642.5,3254
2019-02-12,2642.5,2649.0,2602.5,2610.0,2180
2019-02-13,2610.0,2622.5,2591.0,2610.5,2043
2019-02-14,2610.5,2627.5,2575.5,2590.0,2323
2019-02-15,2590.0,2666.5,2581.0,2664.0,3043
2019-02-18,2664.0,2664.0,2614.5,2643.5,2194
2019-02-19,2643.5,2665.5,2623.0,2664.0,2075
2019-02-20,2664.0,2708.0,2658.0,2698.0,2021
2019-02-21,2695.0,2696.0,2661.5,2676.0,2261
2019-02-22,2676.0,2727.0,2661.0,2712.0,2474
2019-02-25,2712.0,2740.0,2708.0,2711.0,2482
2019-02-26,2711.0,2747.0,2695.0,2743.0,2924
2019-02-27,2743.0,2753.0,2724.0,2750.0,2166
2019-02-28,2750.0,2785.5,2724.0,2759.5,2694
2019-03-01,2762.0,2800.0,2746.5,2777.5,3292
2019-03-04,2777.5,2804.0,2733.0,2743.5,3495
2019-03-05,2743.5,2784.5,2734.0,2781.5,2471
2019-03-06,2781.5,2803.5,2755.5,2784.5,2168
2019-03-07,2784.5,2795.0,2732.5,2735.0,2531
2019-03-08,2735.0,2743.0,2684.0,2718.5,3047
2019-03-11,2716.0,2778.5,2716.0,2747.0,2435
2019-03-12,2750.0,2840.0,2746.0,2834.5,3737
2019-03-13,2842.0,2848.5,2814.0,2841.5,3055
2019-03-14,2836.0,2850.0,2803.5,2817.0,2839
2019-03-15,2821.5,2882.0,2769.5,2783.0,4376
2019-03-18,2785.0,2796.0,2762.0,2772.0,2524
2019-03-19,2774.0,2821.0,2771.5,2818.0,2118
2019-03-20,2815.0,2868.5,2805.0,2863.5,2197
2019-03-21,2878.0,2900.0,2828.5,2835.0,2679
2019-03-22,2835.5,2861.0,2806.0,2813.0,2215
2019-03-25,2821.0,2843.5,2792.5,2843.0,1751
2019-03-26,2839.5,2882.0,2830.5,2880.0,2420
2019-03-27,2878.5,2891.5,2848.5,2882.0,2489
2019-03-28,2880.0,2892.5,2864.0,2868.0,2154
2019-03-29,2867.0,2939.0,2858.5,2915.0,2817
2019-04-01,2913.0,2958.0,2892.0,2896.0,3103
2019-04-02,2896.0,2910.0,2856.0,2871.0,2929
2019-04-03,2871.0,2939.0,2861.5,2932.5,2702
2019-04-04,2932.5,2948.0,2885.0,2914.5,2617
2019-04-05,2916.0,2924.0,2902.0,2920.0,1523
2019-04-08,2920.0,2938.0,2881.0,2899.0,2314
2019-04-09,2899.0,2899.0,2852.0,2853.5,2989
2019-04-10,2853.5,2890.0,2842.0,2878.0,2532
2019-04-11,2878.0,2907.5,2860.0,2871.0,2738
2019-04-12,2871.0,2930.0,2854.0,2925.5,2931
2019-04-15,2925.5,2935.0,2883.0,2897.0,2398
2019-04-16,2897.0,2902.0,2804.0,2809.0,3627
2019-04-17,2801.0,2839.0,2801.0,2810.5,2402
2019-04-18,2810.5,2815.0,2751.0,2794.5,2957
2019-04-19,2810.5,2815.0,2751.0,2794.5,2957
2019-04-22,2794.5,2794.5,2794.5,2794.5,1
2019-04-23,2794.5,2796.0,2726.5,2749.0,2182
2019-04-24,2749.0,2761.5,2726.5,2749.0,1862
2019-04-25,2749.0,2757.0,2733.5,2746.5,1908
2019-04-26,2746.5,2794.0,2746.5,2763.5,2501
2019-04-29,2763.5,2798.0,2746.5,2798.0,1851
2019-04-30,2798.0,2834.5,2776.0,2825.0,3019
2019-05-01,2825.0,2845.5,2757.0,2757.0,1948
2019-05-02,2756.5,2757.0,2717.0,2739.0,2864
2019-05-03,2739.0,2798.0,2723.5,2769.5,1959
2019-05-07,2746.0,2757.5,2690.0,2699.0,2910
2019-05-08,2699.0,2712.5,2643.5,2647.0,3450
2019-05-09,2647.0,2652.5,2603.0,2638.0,2897
2019-05-10,2638.0,2665.0,2599.5,2641.0,3036
2019-05-13,2630.0,2632.0,2563.0,2577.0,2642
2019-05-14,2577.0,2601.5,2574.5,2590.5,2498
2019-05-15,2590.5,2639.0,2590.5,2631.5,2493
2019-05-16,2631.5,2646.5,2615.0,2632.5,1816
2019-05-17,2632.5,2633.0,2593.0,2594.0,2149
2019-05-20,2594.0,2609.0,2553.0,2573.0,2132
2019-05-21,2573.0,2592.5,2550.0,2584.5,2248
2019-05-22,2584.5,2584.5,2540.0,2546.0,2346
2019-05-23,2546.0,2550.0,2504.5,2526.0,2595
2019-05-24,2526.0,2577.5,2522.0,2555.0,3024
2019-05-28,2590.0,2599.0,2556.5,2559.0,2785
2019-05-29,2559.0,2564.0,2525.0,2540.5,2010
2019-05-30,2540.5,2571.5,2537.0,2559.0,2108
2019-05-31,2554.0,2565.0,2507.0,2525.0,3052
2019-06-03,2518.0,2535.0,2462.5,2473.5,14921
2019-06-04,2474.0,2485.0,2455.5,2455.5,624
2019-06-05,2473.0,2498.5,2453.5,2457.5,2390
2019-06-06,2460.0,2529.0,2456.0,2496.0,3281
2019-06-07,2512.0,2528.5,2472.0,2486.0,1875
2019-06-10,2485.0,2511.5,2467.5,2477.5,2349
2019-06-11,2475.0,2534.5,2475.0,2512.5,3056
2019-06-12,2519.0,2528.0,2495.5,2508.0,2179
2019-06-13,2511.0,2517.0,2472.0,2476.0,8329
2019-06-14,2476.5,2489.0,2453.0,2454.5,8049
2019-06-17,2460.5,2474.5,2427.0,2471.0,11421
2019-06-18,2466.5,2518.5,2451.0,2513.5,12047
2019-06-19,2512.5,2518.0,2463.0,2463.0,8814
2019-06-20,2480.0,2504.5,2458.0,2463.0,9423
2019-06-21,2471.0,2476.5,2412.0,2433.0,10801
2019-06-24,2436.5,2491.5,2424.0,2489.5,10196
2019-06-25,2490.5,2550.0,2482.5,2533.0,12918
2019-06-26,2535.0,2553.0,2498.0,2500.0,10623
2019-06-27,2503.0,2512.5,2467.0,2486.5,10757
2019-06-28,2489.5,2514.0,2470.5,2491.5,6986
2019-07-01,2511.0,2538.0,2454.5,2461.5,10507
2019-07-02,2464.0,2477.0,2431.5,2468.0,10827
2019-07-03,2465.0,2479.5,2445.0,2447.5,8305
2019-07-04,2453.0,2459.0,2415.0,2426.0,9039
2019-07-05,2426.0,2437.0,2387.0,2408.5,10535
2019-07-08,2402.5,2421.0,2379.5,2381.5,9419
2019-07-09,2382.0,2388.5,2355.0,2367.0,9066
2019-07-10,2366.5,2409.5,2364.0,2405.5,12421
2019-07-11,2406.5,2428.0,2391.5,2393.0,11355
2019-07-12,2390.0,2438.0,2386.0,2435.0,8718
2019-07-15,2437.5,2446.0,2419.0,2439.0,8265
2019-07-16,2440.5,2488.5,2425.5,2465.5,11429
2019-07-17,2466.5,2480.5,2448.0,2472.0,7629
2019-07-18,2470.0,2504.0,2454.0,2455.0,8998
2019-07-19,2459.0,2490.0,2421.0,2423.5,10582
2019-07-22,2421.0,2431.5,2398.0,2426.5,7720
2019-07-23,2428.5,2446.0,2406.5,2443.0,7746
2019-07-24,2444.0,2473.5,2436.5,2454.0,6174
2019-07-25,2458.5,2458.5,2425.0,2425.5,5685
2019-07-26,2429.5,2442.0,2412.5,2441.0,4282
2019-07-29,2442.0,2480.0,2435.0,2460.0,7416
2019-07-30,2465.5,2488.0,2442.5,2443.0,7062
2019-07-31,2448.0,2455.0,2421.0,2438.5,8582
2019-08-01,2439.0,2439.0,2380.0,2393.0,11059
2019-08-02,2387.0,2392.0,2342.0,2351.0,13097
2019-08-05,2350.5,2363.5,2311.5,2320.0,11713
2019-08-06,2319.5,2339.0,2304.0,2304.0,10596
2019-08-07,2307.5,2316.0,2251.5,2274.5,10999
2019-08-08,2272.0,2308.0,2263.0,2303.0,7869
2019-08-09,2302.0,2306.0,2233.0,2237.5,11024
2019-08-12,2240.0,2286.0,2230.5,2271.0,8602
2019-08-13,2276.0,2344.5,2269.0,2329.0,7945
2019-08-14,2330.5,2332.0,2258.0,2269.0,8659
2019-08-15,2272.0,2307.0,2261.0,2262.0,6204
2019-08-16,2266.5,2286.0,2257.5,2266.0,5312
2019-08-19,2270.0,2270.0,2244.0,2256.5,5604
2019-08-20,2257.0,2258.5,2223.0,2232.0,5674
2019-08-21,2234.0,2288.5,2229.5,2285.0,7276
2019-08-22,2285.0,2287.0,2233.5,2238.0,7679
2019-08-23,2245.0,2273.0,2235.0,2240.5,5061
2019-08-27,2239.5,2282.0,2221.0,2279.5,6946
2019-08-28,2279.0,2284.5,2248.0,2265.5,6148
2019-08-29,2267.5,2288.0,2252.0,2255.0,5535
2019-08-30,2258.0,2266.5,2210.0,2217.0,9989
2019-09-02,2217.5,2247.5,2207.5,2239.5,6333
2019-09-03,2242.0,2252.5,2190.0,2208.5,12361
2019-09-04,2210.0,2317.5,2210.0,2313.0,11975
2019-09-05,2307.5,2356.0,2295.0,2331.5,11467
2019-09-06,2330.0,2353.5,2300.0,2320.5,8349
2019-09-09,2317.0,2329.0,2296.5,2305.5,5396
2019-09-10,2310.5,2350.0,2282.5,2343.0,7507
2019-09-11,2340.0,2376.0,2332.5,2353.0,8083
2019-09-12,2365.0,2378.0,2325.0,2340.0,7360
2019-09-13,2346.0,2395.0,2346.0,2390.0,5250
2019-09-16,2388.0,2404.5,2355.0,2355.0,8431
2019-09-17,2355.5,2365.0,2336.5,2340.0,6745
2019-09-18,2343.5,2357.5,2313.0,2321.0,7942
2019-09-19,2319.0,2330.5,2290.0,2316.0,7263
2019-09-20,2322.0,2332.5,2292.0,2293.5,4970
2019-09-23,2297.0,2331.0,2281.5,2322.5,5598
2019-09-24,2324.0,2327.5,2270.0,2280.0,7831
2019-09-25,2279.5,2294.0,2260.0,2287.0,6467
2019-09-26,2289.5,2320.5,2281.0,2291.0,8288
2019-09-27,2289.5,2323.5,2289.0,2308.0,6688
2019-09-30,2309.0,2383.0,2298.0,2363.0,11494
2019-10-01,2365.0,2371.0,2295.0,2305.0,8751
2019-10-02,2310.5,2328.0,2268.5,2298.5,7242
2019-10-03,2307.5,2310.0,2261.5,2291.0,5763
2019-10-04,2296.0,2318.0,2282.5,2310.5,3999
2019-10-07,2315.0,2323.5,2285.0,2288.5,3813
2019-10-08,2290.0,2312.0,2270.0,2290.0,7411
2019-10-09,2295.0,2317.5,2268.0,2314.0,5085
2019-10-10,2314.5,2387.0,2306.0,2367.0,12582
2019-10-11,2369.5,2435.5,2365.0,2420.5,11000
2019-10-14,2421.0,2439.0,2393.5,2415.0,7479
2019-10-15,2415.5,2441.0,2409.0,2423.0,7381
2019-10-16,2427.0,2434.0,2407.0,2417.5,7778
2019-10-17,2417.5,2450.0,2404.0,2430.0,6961
2019-10-18,2422.0,2474.5,2421.5,2453.0,7104
2019-10-21,2449.5,2476.0,2438.0,2464.0,5764
2019-10-22,2468.5,2485.0,2456.0,2459.0,7526
2019-10-23,2460.0,2487.5,2445.5,2471.0,9054
2019-10-24,2471.5,2503.0,2468.0,2495.0,8378
2019-10-25,2496.5,2528.0,2472.0,2513.0,10295
2019-10-28,2512.5,2549.0,2512.5,2534.0,8677
2019-10-29,2536.0,2555.0,2532.0,2546.0,6480
2019-10-30,2547.0,2552.5,2507.0,2511.0,7531
2019-10-31,2516.5,2519.5,2464.5,2486.0,9156
2019-11-01,2490.0,2530.0,2484.5,2523.0,8934
2019-11-04,2527.5,2547.5,2520.5,2531.0,8654
2019-11-05,2533.0,2560.0,2495.0,2500.5,10391
2019-11-06,2498.0,2512.5,2462.5,2473.5,9428
2019-11-07,2475.5,2515.0,2462.0,2491.0,7586
2019-11-08,2489.5,2495.5,2460.0,2492.5,6030
2019-11-11,2485.0,2500.5,2462.5,2496.0,7202
2019-11-12,2499.0,2518.0,2463.0,2472.0,6987
2019-11-13,2472.0,2472.0,2415.0,2430.5,7725
2019-11-14,2428.0,2433.0,2386.0,2387.5,9148
2019-11-15,2395.5,2413.5,2378.0,2385.5,8136
2019-11-18,2387.5,2395.0,2337.0,2349.0,8905
2019-11-19,2348.5,2358.5,2328.5,2343.0,9583
2019-11-20,2346.0,2357.0,2308.5,2308.5,7955
2019-11-21,2320.0,2322.0,2289.5,2308.5,8040
2019-11-22,2306.5,2317.0,2283.0,2307.0,7861
2019-11-25,2311.5,2327.0,2279.0,2282.0,7357
2019-11-26,2283.0,2312.5,2265.0,2307.5,8097
2019-11-27,2309.0,2319.0,2285.0,2292.0,7674
2019-11-28,2293.0,2308.0,2275.0,2277.5,4619
2019-11-29,2278.0,2293.5,2268.0,2275.0,5638
2019-12-02,2284.0,2286.0,2228.0,2228.0,10779
2019-12-03,2231.5,2249.0,2201.0,2212.0,11488
2019-12-04,2213.0,2260.0,2213.0,2253.0,9676
2019-12-05,2250.5,2258.0,2217.5,2236.5,6973
2019-12-06,2234.5,2265.0,2234.0,2238.5,6706
2019-12-09,2242.0,2257.5,2223.0,2236.0,7617
2019-12-10,2235.0,2246.5,2213.0,2222.5,6649
2019-12-11,2224.5,2241.5,2221.0,2224.5,5458
2019-12-12,2227.0,2277.0,2226.0,2260.0,10303
2019-12-13,2269.0,2310.5,2253.5,2257.0,11496
2019-12-16,2261.5,2292.0,2246.5,2284.0,5488
2019-12-17,2288.0,2310.0,2280.5,2289.0,8208
2019-12-18,2287.0,2320.5,2286.0,2315.0,7867
2019-12-19,2305.5,2333.5,2305.5,2329.0,4937
2019-12-20,2330.5,2353.5,2317.5,2345.5,6697
2019-12-23,2344.5,2345.0,2282.0,2283.5,7068
2019-12-24,2287.0,2300.0,2265.0,2273.5,5868
2019-12-27,2269.5,2315.0,2267.5,2310.5,4966
2019-12-30,2310.5,2318.0,2297.0,2303.5,4075
2019-12-31,2309.0,2309.5,2267.0,2275.0,4703
2020-01-02,2276.5,2313.5,2276.5,2304.0,6343
2020-01-03,2310.0,2310.0,2263.0,2308.0,8503
2020-01-06,2307.0,2339.0,2307.0,2319.5,5875
2020-01-07,2319.5,2366.0,2310.5,2351.0,8864
2020-01-08,2347.0,2415.0,2336.5,2391.0,12579
2020-01-09,2399.0,2416.0,2362.0,2365.0,10571
2020-01-10,2365.0,2379.5,2354.5,2369.5,7215
2020-01-13,2374.5,2379.5,2344.5,2373.5,5963
2020-01-14,2375.5,2376.5,2345.5,2372.0,7172
2020-01-15,2372.0,2399.0,2356.0,2391.5,7337
2020-01-16,2392.5,2432.0,2381.5,2397.5,10373
2020-01-17,2400.0,2439.5,2400.0,2428.0,6743
2020-01-20,2427.0,2448.0,2424.0,2439.0,5375
2020-01-21,2440.0,2458.0,2400.0,2452.5,9403
2020-01-22,2453.0,2459.5,2391.0,2395.0,9445
2020-01-23,2394.5,2395.0,2331.0,2354.0,9550
2020-01-24,2354.0,2356.0,2316.0,2337.5,5828
2020-01-27,2332.0,2332.0,2240.5,2248.0,9591
2020-01-28,2255.0,2273.5,2216.0,2242.5,11066
2020-01-29,2245.0,2256.0,2210.0,2220.0,7776
2020-01-30,2216.0,2222.5,2182.0,2185.0,8722
2020-01-31,2192.5,2219.5,2163.0,2206.5,9763
2020-02-03,2212.5,2249.5,2142.0,2162.0,13634
2020-02-04,2160.0,2238.0,2160.0,2182.0,14707
2020-02-05,2185.0,2239.0,2180.0,2220.0,11396
2020-02-06,2224.0,2243.5,2182.0,2211.0,8211
2020-02-07,2209.5,2222.0,2145.0,2157.0,11567
2020-02-10,2161.0,2182.5,2117.0,2143.5,12083
2020-02-11,2152.5,2174.5,2136.0,2154.0,10904
2020-02-12,2158.0,2169.0,2142.0,2154.5,9092
2020-02-13,2150.0,2198.0,2150.0,2172.0,8983
2020-02-14,2170.5,2180.0,2143.0,2148.5,6941
2020-02-17,2149.0,2187.0,2149.0,2172.5,5600
2020-02-18,2168.0,2173.0,2142.5,2143.5,7935
2020-02-19,2152.0,2158.0,2120.5,2141.0,7452
2020-02-20,2145.0,2149.0,2109.0,2117.0,7766
2020-02-21,2117.5,2123.0,2095.0,2103.0,7883
2020-02-24,2101.0,2101.0,2041.0,2043.0,10340
2020-02-25,2045.0,2064.0,2026.0,2036.5,10721
2020-02-26,2036.0,2067.0,2029.5,2044.0,10598
2020-02-27,2046.5,2057.0,2005.0,2023.5,9749
2020-02-28,2022.0,2042.5,1970.0,2021.0,15333
2020-03-02,2015.5,2066.0,2010.0,2024.0,11777
2020-03-03,2030.5,2045.0,1974.0,1988.0,12561
2020-03-04,1994.0,2010.0,1971.0,1985.5,10365
2020-03-05,1989.0,2041.5,1987.5,2014.0,9313
2020-03-06,2014.0,2022.5,1976.5,1988.0,8068
2020-03-09,1969.5,1991.5,1913.0,1977.5,11765
2020-03-10,1984.0,2040.0,1976.5,1993.0,12392
2020-03-11,1995.5,2027.0,1983.0,1984.0,11514
2020-03-12,1980.0,1991.5,1931.0,1944.0,12716
2020-03-13,1935.5,2045.0,1916.5,1981.0,18604
2020-03-16,1977.0,1978.0,1930.5,1956.0,13134
2020-03-17,1964.0,1973.5,1874.0,1892.5,14637
2020-03-18,1891.0,1914.0,1814.0,1857.0,13011
2020-03-19,1855.0,1889.5,1763.0,1842.0,14589
2020-03-20,1842.0,1934.5,1820.0,1845.0,11702
2020-03-23,1813.0,1847.5,1785.0,1812.0,10240
2020-03-24,1820.0,1873.0,1808.5,1827.0,7269
2020-03-25,1833.0,1849.0,1790.5,1844.5,6823
2020-03-26,1844.5,1886.0,1819.0,1862.5,6316
2020-03-27,1862.0,1904.0,1860.0,1874.0,10183
2020-03-30,1873.5,1881.5,1838.0,1864.0,5701
2020-03-31,1872.0,1925.0,1864.0,1906.5,8223
2020-04-01,1900.0,1900.0,1847.0,1858.5,7714
2020-04-02,1859.0,1893.0,1844.0,1876.0,5823
2020-04-03,1885.0,1898.0,1866.5,1876.5,5394
2020-04-06,1881.0,1907.0,1867.0,1892.0,4630
2020-04-07,1905.0,1953.0,1905.0,1923.0,8687
2020-04-08,1921.0,1929.0,1891.0,1910.0,6895
2020-04-09,1915.0,1923.0,1896.0,1904.5,6000
2020-04-14,1921.0,1955.0,1914.0,1917.0,4847
2020-04-15,1929.0,1942.0,1905.0,1926.5,5613
2020-04-16,1926.0,1965.0,1922.0,1931.0,6386
2020-04-17,1940.5,1962.5,1935.0,1950.0,5351
2020-04-20,1950.5,1969.5,1940.0,1945.0,4351
2020-04-21,1936.0,1942.0,1883.5,1907.0,8132
2020-04-22,1909.0,1924.5,1892.0,1898.5,7234
2020-04-23,1897.0,1911.0,1865.5,1872.0,7574
2020-04-24,1874.0,1895.5,1869.0,1886.0,6115
2020-04-27,1890.5,1927.0,1890.0,1907.5,6627
2020-04-28,1907.5,1941.0,1905.0,1933.0,6888
2020-04-29,1935.0,1949.5,1934.0,1943.5,5630
2020-04-30,1949.0,1957.5,1914.0,1927.0,8512
2020-05-01,1930.0,1932.0,1906.0,1910.0,5327
2020-05-04,1909.0,1913.0,1893.0,1900.0,4262
2020-05-05,1901.0,1923.5,1897.5,1921.0,5030
2020-05-06,1920.5,1988.0,1920.5,1986.0,10114
2020-05-07,1993.0,2029.0,1972.5,2001.5,9931
2020-05-11,2010.0,2033.0,2001.0,2030.0,6138
2020-05-12,2030.5,2031.0,1989.0,1989.0,7013
2020-05-13,1986.5,1987.5,1963.0,1963.5,5974
2020-05-14,1963.0,1973.5,1929.0,1965.5,7243
2020-05-15,1975.0,1975.0,1944.0,1963.0,5006
2020-05-18,1965.5,2028.0,1965.5,2018.5,9585
2020-05-19,2027.5,2038.0,2001.0,2027.5,7314
2020-05-20,2023.5,2053.5,2005.0,2042.5,8099
2020-05-21,2042.0,2048.0,1967.5,1968.5,9885
2020-05-22,1970.5,1995.5,1948.0,1983.5,7967
2020-05-26,1985.0,1988.0,1960.0,1981.0,7279
2020-05-27,1977.0,1977.0,1909.5,1935.5,9924
2020-05-28,1934.5,1943.0,1903.5,1940.0,7112
2020-05-29,1938.0,1992.0,1925.0,1985.5,9940
2020-06-01,1986.5,2026.5,1977.0,2022.5,9992
2020-06-02,2022.0,2044.0,2002.0,2010.0,10732
2020-06-03,2011.0,2025.5,1995.5,2017.0,8524
2020-06-04,2019.5,2036.0,1984.0,2025.5,6418
2020-06-05,2025.5,2062.0,2011.0,2014.5,9256
2020-06-08,2024.5,2046.5,1999.5,2040.0,7638
2020-06-09,2042.0,2046.0,2002.0,2014.5,7456
2020-06-10,2017.0,2035.5,1992.0,2028.0,7025
2020-06-11,2032.0,2056.5,1990.0,1991.0,7829
2020-06-12,1996.0,2018.5,1974.5,1987.5,7744
2020-06-15,1980.0,2002.5,1956.5,1998.5,7690
2020-06-16,2004.0,2034.0,1992.0,2001.0,8839
2020-06-17,2001.5,2035.5,1997.0,2019.5,6600
2020-06-18,2021.0,2055.0,2012.5,2044.0,6792
2020-06-19,2046.5,2089.0,2041.0,2070.0,9396
2020-06-22,2079.0,2093.0,2057.5,2083.0,6847
2020-06-23,2086.5,2088.0,2034.0,2036.5,9140
2020-06-24,2036.0,2048.0,2006.5,2031.5,7427
2020-06-25,2029.0,2053.0,2023.5,2051.0,3945
2020-06-26,2049.5,2071.5,2034.5,2035.5,4131
2020-06-29,2037.0,2064.0,2020.0,2055.0,5628
2020-06-30,2063.5,2076.0,2037.0,2037.0,7664
2020-07-01,2038.0,2054.5,2017.0,2046.5,8785
2020-07-02,2047.5,2075.0,2039.5,2043.0,6451
2020-07-03,2044.0,2050.5,2016.5,2030.0,5372
2020-07-06,2026.0,2064.5,2024.0,2050.5,7566
2020-07-07,2058.5,2074.5,2033.0,2067.5,7048
2020-07-08,2067.0,2145.0,2058.0,2127.5,15266
2020-07-09,2131.5,2168.0,2131.5,2148.5,11727
2020-07-10,2150.0,2194.0,2144.5,2188.0,9244
2020-07-13,2193.5,2272.0,2186.0,2254.0,12005
2020-07-14,2253.5,2253.5,2170.0,2192.0,9824
2020-07-15,2200.0,2222.5,2163.0,2198.5,8225
2020-07-16,2205.0,2229.0,2174.5,2214.0,7301
2020-07-17,2215.5,2218.5,2178.5,2181.0,6330
2020-07-20,2187.0,2212.0,2162.0,2197.5,6732
2020-07-21,2203.5,2256.0,2190.5,2245.0,7782
2020-07-22,2244.0,2263.0,2179.0,2202.5,10380
2020-07-23,2210.5,2244.0,2198.0,2237.0,6781
2020-07-24,2236.0,2243.0,2187.5,2208.0,7319
2020-07-27,2213.5,2238.5,2205.5,2233.0,5580
2020-07-28,2236.5,2271.0,2212.0,2265.0,9726
2020-07-29,2265.0,2307.0,2247.0,2299.5,10588
2020-07-30,2301.5,2312.0,2263.0,2293.0,10017
2020-07-31,2296.5,2334.0,2288.0,2311.0,9802
2020-08-03,2309.0,2328.0,2278.0,2307.5,9468
2020-08-04,2311.5,2340.0,2298.0,2328.5,9065
2020-08-05,2330.0,2415.0,2321.5,2376.5,13051
2020-08-06,2378.5,2415.0,2376.0,2403.0,9467
2020-08-07,2404.5,2421.0,2382.0,2385.0,10751
2020-08-10,2385.5,2402.5,2356.0,2378.0,8703
2020-08-11,2382.0,2419.0,2371.5,2416.5,9393
2020-08-12,2408.0,2416.5,2361.0,2392.0,8822
2020-08-13,2393.0,2398.5,2363.5,2364.0,7752
2020-08-14,2366.5,2389.5,2360.0,2370.0,7300
2020-08-17,2371.5,2450.5,2364.0,2448.5,10888
2020-08-18,2446.5,2482.0,2438.0,2472.5,10031
2020-08-19,2473.0,2525.0,2455.0,2494.0,8754
2020-08-20,2492.5,2501.5,2469.0,2480.5,6875
2020-08-21,2482.5,2505.0,2446.0,2446.0,8238
2020-08-24,2449.5,2470.5,2431.0,2448.5,5549
2020-08-25,2447.5,2490.0,2447.5,2478.0,5918
2020-08-26,2482.0,2493.5,2463.5,2472.5,5298
2020-08-27,2475.0,2499.0,2460.0,2496.5,6946
2020-08-28,2494.0,2558.0,2486.5,2512.0,11442
2020-09-01,2525.5,2583.0,2521.5,2551.0,13389
2020-09-02,2552.5,2574.0,2526.5,2527.0,8727
2020-09-03,2530.0,2544.0,2486.0,2489.5,8831
2020-09-04,2493.5,2515.0,2479.0,2505.5,7171
2020-09-07,2509.5,2521.0,2479.0,2504.5,4242
2020-09-08,2507.5,2507.5,2414.5,2419.0,12826
2020-09-09,2417.5,2427.0,2392.0,2425.5,8526
2020-09-10,2425.5,2427.0,2383.0,2396.0,7981
2020-09-11,2400.0,2480.0,2394.0,2472.0,8546
2020-09-14,2475.5,2488.0,2465.0,2480.0,5391
2020-09-15,2483.0,2543.0,2475.0,2500.5,9542
2020-09-16,2503.0,2538.5,2496.0,2525.5,7021
2020-09-17,2525.5,2528.5,2470.0,2512.0,9172
2020-09-18,2514.0,2550.0,2514.0,2546.5,8025
2020-09-21,2548.0,2554.0,2440.5,2472.0,8854
2020-09-22,2472.0,2499.5,2461.0,2467.0,7231
2020-09-23,2467.0,2468.0,2401.5,2410.0,7849
2020-09-24,2400.0,2414.0,2354.0,2410.5,11758
2020-09-25,2409.0,2415.5,2361.0,2374.5,7456
2020-09-28,2378.5,2436.5,2370.5,2430.0,7658
2020-09-29,2432.5,2440.5,2417.0,2424.0,6700
2020-09-30,2425.0,2440.5,2392.5,2402.5,7773
2020-10-01,2404.5,2412.5,2295.0,2318.0,9387
2020-10-02,2320.0,2359.0,2282.0,2311.5,9353
2020-10-05,2322.0,2339.0,2292.5,2330.5,5381
2020-10-06,2331.0,2375.0,2324.0,2353.0,6168
2020-10-07,2345.0,2410.0,2331.0,2365.0,7479
2020-10-08,2367.0,2389.5,2361.0,2380.5,5033
2020-10-09,2382.0,2448.0,2382.0,2426.5,13354
2020-10-12,2423.5,2469.0,2403.5,2451.5,7361
2020-10-13,2451.5,2454.5,2403.0,2408.0,7620
2020-10-14,2410.0,2432.5,2406.0,2419.0,5910
2020-10-15,2421.5,2448.0,2398.0,2443.5,7329
2020-10-16,2444.5,2448.5,2419.5,2429.0,5778
2020-10-19,2428.0,2498.5,2428.0,2485.0,7613
2020-10-20,2480.5,2545.0,2473.0,2540.5,9969
2020-10-21,2540.5,2580.0,2533.0,2563.5,8257
2020-10-22,2565.0,2587.0,2551.0,2565.0,8293
2020-10-23,2566.0,2596.5,2543.5,2546.0,8388
2020-10-26,2548.0,2558.0,2519.0,2543.0,5909
2020-10-27,2541.5,2557.0,2529.0,2544.5,6356
2020-10-28,2543.5,2592.5,2513.0,2540.0,9544
2020-10-29,2538.0,2549.5,2497.5,2547.0,7019
2020-10-30,2544.0,2547.5,2508.0,2518.0,8029
2020-11-02,2518.5,2565.0,2511.5,2543.0,7764
2020-11-03,2547.0,2581.5,2541.0,2544.0,8714
2020-11-04,2546.0,2596.0,2506.5,2587.0,8660
2020-11-05,2587.0,2617.5,2575.0,2604.0,8727
2020-11-06,2607.0,2640.5,2594.0,2637.0,7053
2020-11-09,2640.0,2681.0,2635.0,2651.0,11426
2020-11-10,2649.0,2658.0,2625.0,2652.5,6997
2020-11-11,2654.0,2659.0,2601.0,2626.0,7487
2020-11-12,2627.5,2636.0,2605.0,2624.0,6006
2020-11-13,2625.0,2657.0,2606.0,2640.0,4942
2020-11-16,2649.0,2681.0,2639.0,2673.5,7289
2020-11-17,2675.5,2700.0,2662.0,2697.5,10080
2020-11-18,2697.5,2770.0,2697.0,2736.5,12212
2020-11-19,2728.0,2765.0,2712.5,2753.0,9268
2020-11-20,2758.0,2803.0,2746.0,2799.0,7767
2020-11-23,2800.0,2802.5,2716.5,2732.0,9590
2020-11-24,2736.0,2763.5,2728.0,2750.0,7666
2020-11-25,2756.0,2774.5,2734.0,2757.0,5399
2020-11-26,2754.0,2789.0,2742.0,2763.0,5059
2020-11-27,2763.0,2810.0,2760.0,2808.0,8991
2020-11-30,2803.5,2844.0,2777.0,2777.5,11093
2020-12-01,2787.5,2817.0,2751.5,2774.0,8561
2020-12-02,2772.5,2798.5,2722.0,2749.5,9373
2020-12-03,2751.0,2778.0,2749.0,2755.5,5706
2020-12-04,2758.0,2789.5,2741.0,2741.0,4846
2020-12-07,2750.5,2805.0,2724.0,2798.5,8258
2020-12-08,2787.0,2810.0,2780.0,2809.0,5705
2020-12-09,2801.0,2867.0,2801.0,2852.0,7323
2020-12-10,2849.5,2884.5,2824.5,2861.0,6957
2020-12-11,2864.0,2890.0,2784.0,2784.0,8301
2020-12-14,2780.0,2838.0,2780.0,2833.5,6679
2020-12-15,2835.5,2860.5,2811.5,2824.0,6056
2020-12-16,2823.0,2857.0,2817.0,2817.0,5751
2020-12-17,2822.0,2881.0,2822.0,2848.0,6518
2020-12-18,2853.5,2885.0,2845.0,2858.0,7020
2020-12-21,2845.0,2900.0,2786.0,2845.0,11385
2020-12-22,2838.0,2853.0,2768.5,2791.0,7703
2020-12-23,2782.0,2835.0,2768.0,2824.0,6492
2020-12-24,2822.5,2870.0,2814.0,2836.0,4287
2020-12-29,2854.0,2864.0,2755.0,2758.0,9741
2020-12-30,2762.5,2787.5,2750.0,2773.0,4696
2020-12-31,2779.5,2784.0,2726.5,2749.0,4721
2021-01-04,2749.5,2809.0,2749.5,2796.0,7990
2021-01-05,2797.0,2831.0,2788.5,2827.5,7295
2021-01-06,2821.0,2873.0,2821.0,2867.0,8047
2021-01-07,2872.0,2894.5,2859.5,2891.0,6721
2021-01-08,2891.0,2897.0,2798.5,2798.5,8975
2021-01-11,2800.0,2813.5,2748.0,2754.5,8610
2021-01-12,2759.0,2805.0,2758.5,2781.5,6976
2021-01-13,2796.0,2798.0,2765.0,2769.0,6121
2021-01-14,2772.0,2780.0,2716.0,2752.0,8069
2021-01-15,2754.5,2770.0,2682.0,2682.0,7935
2021-01-18,2689.0,2711.5,2674.0,2678.0,5112
2021-01-19,2686.0,2697.5,2667.0,2690.0,6169
2021-01-20,2696.0,2730.0,2676.0,2725.5,4766
2021-01-21,2727.0,2747.5,2704.0,2705.5,4320
2021-01-22,2714.0,2719.5,2655.5,2707.5,8545
2021-01-25,2718.0,2734.0,2695.0,2700.5,3653
2021-01-26,2704.0,2711.5,2640.5,2652.0,7484
2021-01-27,2648.0,2653.5,2570.0,2571.5,10108
2021-01-28,2579.5,2612.0,2552.0,2587.5,11012
2021-01-29,2588.5,2628.5,2569.0,2571.0,10660
2021-02-01,2573.5,2608.0,2556.0,2575.0,7624
2021-02-02,2575.0,2581.5,2546.5,2569.5,6810
2021-02-03,2580.0,2634.0,2563.0,2630.5,8119
2021-02-04,2634.0,2644.5,2604.5,2637.5,7065
2021-02-05,2640.5,2684.5,2629.0,2682.0,7532
2021-02-08,2680.5,2700.0,2643.0,2643.5,6817
2021-02-09,2653.0,2706.5,2642.0,2703.5,7111
2021-02-10,2706.5,2740.0,2686.0,2726.5,6687
2021-02-11,2717.5,2806.0,2716.0,2798.5,6120
2021-02-12,2796.0,2838.0,2781.5,2833.0,7601
2021-02-15,2838.5,2845.0,2808.5,2840.0,4865
2021-02-16,2844.0,2844.0,2817.0,2841.0,5523
2021-02-17,2836.5,2845.5,2791.0,2805.5,7010
2021-02-18,2816.0,2880.0,2807.5,2876.0,9251
2021-02-19,2871.0,2891.0,2848.5,2865.0,8067
2021-02-22,2870.0,2952.5,2865.0,2888.0,9738
2021-02-23,2888.0,2928.0,2840.5,2850.5,8346
2021-02-24,2855.0,2873.0,2809.0,2867.5,9546
2021-02-25,2865.0,2918.0,2856.0,2862.5,11565
2021-02-26,2862.0,2873.0,2775.5,2780.5,11647
2021-03-01,2793.0,2828.0,2775.0,2793.0,8042
2021-03-02,2795.0,2873.0,2782.0,2850.0,9577
2021-03-03,2857.0,2862.0,2778.5,2779.5,8871
2021-03-04,2775.0,2794.0,2627.0,2713.5,15092
2021-03-05,2729.5,2782.5,2711.5,2765.5,6752
2021-03-08,2782.0,2805.0,2750.0,2782.5,6025
2021-03-09,2786.0,2794.0,2745.0,2777.0,6764
2021-03-10,2772.0,2785.5,2754.5,2757.0,5069
2021-03-11,2763.5,2838.0,2741.0,2832.0,8291
2021-03-12,2830.0,2845.0,2788.5,2809.0,5322
2021-03-15,2813.5,2863.0,2808.5,2857.0,6603
2021-03-16,2859.5,2859.5,2795.0,2795.5,6305
2021-03-17,2810.0,2840.0,2797.0,2834.0,5447
2021-03-18,2841.0,2854.0,2758.5,2776.0,6269
2021-03-19,2779.0,2850.5,2770.0,2844.0,6942
2021-03-22,2841.0,2888.5,2832.0,2876.0,7279
2021-03-23,2877.0,2899.0,2801.0,2816.0,8914
2021-03-24,2822.5,2842.0,2785.0,2785.0,6344
2021-03-25,2794.5,2805.5,2762.0,2780.0,7383
2021-03-26,2788.0,2835.0,2788.0,2827.0,5545
2021-03-29,2836.0,2836.5,2805.5,2825.5,6244
2021-03-30,2830.0,2837.5,2790.0,2790.0,5823
2021-03-31,2800.0,2826.0,2776.5,2805.0,6374
2021-04-01,2802.5,2816.0,2763.5,2769.0,7016
2021-04-06,2807.0,2849.0,2796.5,2830.0,8807
2021-04-07,2826.0,2841.0,2812.5,2827.0,5781
2021-04-08,2832.5,2866.0,2823.0,2859.5,7394
2021-04-09,2864.0,2869.5,2817.5,2836.0,6017
2021-04-12,2840.0,2844.0,2751.5,2756.5,9180
2021-04-13,2757.5,2794.5,2753.0,2786.0,7573
2021-04-14,2788.0,2835.0,2770.0,2830.0,6891
2021-04-15,2826.0,2870.0,2816.0,2867.0,7061
2021-04-16,2873.5,2885.0,2850.0,2857.0,6366
2021-04-19,2850.0,2885.5,2842.0,2853.5,5500
2021-04-20,2855.0,2876.0,2802.5,2806.0,7253
2021-04-21,2800.0,2821.5,2784.5,2813.0,6042
2021-04-22,2816.0,2836.5,2792.5,2793.0,6356
2021-04-23,2793.0,2860.0,2790.0,2850.0,6855
2021-04-26,2848.0,2929.0,2847.0,2925.5,7994
2021-04-27,2926.5,2944.0,2878.5,2928.5,10768
2021-04-28,2920.0,2934.5,2889.5,2923.0,7941
2021-04-29,2929.5,2975.5,2883.5,2910.5,11341
2021-04-30,2913.0,2943.0,2889.5,2917.5,6864
2021-05-04,2928.5,2988.5,2928.5,2954.5,8163
2021-05-05,2962.5,2981.0,2906.0,2931.0,5937
2021-05-06,2933.0,2948.0,2904.0,2945.0,7321
2021-05-07,2942.5,3028.0,2936.0,3023.0,15021
2021-05-10,3035.0,3063.0,2979.0,2992.5,11431
2021-05-11,2994.5,3034.0,2975.5,3011.5,7856
2021-05-12,3010.0,3028.0,2963.0,2970.0,9340
2021-05-13,2971.5,2983.0,2882.0,2915.0,10701
2021-05-14,2913.0,2955.0,2892.5,2938.0,6444
2021-05-17,2944.5,3033.0,2930.0,3027.5,7980
2021-05-18,3022.5,3108.5,3022.5,3054.0,14363
2021-05-19,3052.0,3059.0,2930.5,2962.0,12510
2021-05-20,2955.5,2987.0,2938.0,2960.0,7718
2021-05-21,2963.0,3015.0,2933.0,2965.5,8615
2021-05-24,2965.0,2969.5,2911.0,2947.5,7938
2021-05-25,2949.0,2988.5,2937.0,2982.0,7121
2021-05-26,2982.5,3007.0,2962.0,2980.0,5062
2021-05-27,2981.0,3068.0,2968.0,3062.5,9097
2021-05-28,3062.0,3085.0,3032.5,3070.0,8661
2021-06-01,3052.0,3095.0,3038.0,3062.0,8070
2021-06-02,3070.0,3099.0,3061.5,3076.5,7571
2021-06-03,3074.0,3083.0,2974.0,2985.0,11478
2021-06-04,2989.0,3024.0,2976.5,3004.0,5471
2021-06-07,3011.5,3024.5,2963.5,3018.0,7707
2021-06-08,3023.0,3037.0,2983.0,3017.0,6280
2021-06-09,3021.5,3034.0,3010.0,3012.0,5328
2021-06-10,3018.0,3032.5,2977.5,3000.5,6154
2021-06-11,3004.5,3053.0,2998.0,3051.0,7825
2021-06-14,3049.5,3075.0,3037.0,3056.0,5269
2021-06-15,3053.0,3054.5,2979.0,3014.0,9148
2021-06-16,3017.0,3037.0,2969.0,3022.0,9920
2021-06-17,3007.0,3014.5,2883.5,2886.5,13418
2021-06-18,2890.0,2928.0,2820.0,2837.0,13753
2021-06-21,2835.5,2846.0,2810.0,2838.0,8857
2021-06-22,2845.0,2869.0,2830.0,2857.0,8112
2021-06-23,2856.0,2911.0,2850.5,2892.5,6286
2021-06-24,2892.0,2919.5,2868.0,2915.0,7108
2021-06-25,2920.0,2927.5,2891.5,2906.0,7189
2021-06-28,2909.5,2920.0,2882.5,2918.0,6052
2021-06-29,2925.0,2955.0,2893.5,2945.0,7777
2021-06-30,2947.0,2978.5,2927.5,2973.0,9102
2021-07-01,2969.0,2986.0,2923.0,2931.0,6599
2021-07-02,2938.0,2944.0,2908.0,2935.5,6822
2021-07-05,2943.5,2978.0,2905.0,2947.5,5135
2021-07-06,2953.5,2982.0,2913.0,2924.5,6857
2021-07-07,2929.5,2973.5,2916.0,2955.5,6063
2021-07-08,2948.0,2953.0,2923.0,2939.0,5547
2021-07-09,2940.5,3000.0,2939.0,2977.0,6514
2021-07-12,2973.5,2982.5,2931.5,2946.0,6109
2021-07-13,2957.5,2958.0,2904.0,2934.5,5644
2021-07-14,2936.5,2950.0,2909.0,2916.5,5988
2021-07-15,2917.0,2979.5,2916.0,2960.5,6264
2021-07-16,2965.0,3009.0,2959.5,2988.0,6554
2021-07-19,2989.5,2999.0,2930.0,2954.5,9643
2021-07-20,2959.0,2984.0,2942.0,2959.0,7498
2021-07-21,2968.0,2971.0,2923.0,2936.5,6855
2021-07-22,2944.0,2959.0,2925.0,2933.0,6352
2021-07-23,2940.0,2979.0,2932.0,2973.5,5717
2021-07-26,2980.0,3013.0,2944.0,3009.0,7870
2021-07-27,3003.0,3023.0,2952.5,2969.0,8192
2021-07-28,2977.5,2989.0,2948.0,2966.5,7281
2021-07-29,2966.5,3009.5,2963.5,2998.5,7459
2021-07-30,3001.0,3047.5,2991.5,3030.0,10448
2021-08-02,3022.5,3059.5,3009.5,3023.5,9949
2021-08-03,3024.5,3035.0,2960.0,2973.5,11643
2021-08-04,2977.5,2985.0,2955.5,2961.5,5583
2021-08-05,2967.0,3032.0,2967.0,3016.5,8060
2021-08-06,3016.5,3032.5,2966.0,2990.5,10516
2021-08-09,2974.5,2996.0,2946.0,2950.5,6979
2021-08-10,2952.5,3007.0,2952.5,2999.0,6873
2021-08-11,3000.0,3051.0,2990.5,3046.5,8692
2021-08-12,3043.5,3055.5,2987.0,3002.0,7564
2021-08-13,3000.0,3042.5,2990.0,3021.0,6326
2021-08-16,3028.0,3039.0,2998.0,3027.5,5762
2021-08-17,3031.5,3049.5,2997.0,3001.5,8372
2021-08-18,3005.0,3028.0,2981.5,2982.0,7619
2021-08-19,2983.5,2998.0,2916.5,2942.0,13818
2021-08-20,2952.0,3003.5,2925.5,2933.0,9290
2021-08-23,2939.0,2959.5,2919.5,2935.0,7677
2021-08-24,2934.5,3020.0,2926.0,3007.0,12188
2021-08-25,3002.5,3046.0,2996.5,3012.0,7406
2021-08-26,3013.5,3022.0,2976.5,2994.0,6069
2021-08-27,2999.0,3020.5,2970.0,2987.5,6619
2021-08-31,3004.0,3018.5,2985.0,3002.5,7362
2021-09-01,3008.5,3010.0,2965.0,2976.5,7454
2021-09-02,2977.5,3001.5,2976.5,2988.5,6176
2021-09-03,2989.0,3013.0,2977.0,2996.5,6657
2021-09-06,3002.0,3018.0,2990.5,3010.5,4510
2021-09-07,3013.5,3059.0,2999.5,3036.0,9925
2021-09-08,3040.0,3088.0,3031.0,3050.0,10617
2021-09-09,3060.0,3092.0,3048.0,3070.5,5499
2021-09-10,3076.5,3133.5,3061.0,3108.0,9704
2021-09-13,3114.5,3117.5,3060.5,3074.0,9474
2021-09-14,3078.0,3078.0,3013.5,3041.5,9007
2021-09-15,3042.0,3092.5,3037.0,3073.0,6466
2021-09-16,3066.5,3088.0,3049.0,3073.0,7161
2021-09-17,3083.0,3140.0,3065.0,3066.5,9114
2021-09-20,3070.0,3082.5,3010.0,3011.5,8712
2021-09-21,3016.5,3047.5,2959.0,2995.0,10222
2021-09-22,2999.5,3058.5,2999.5,3027.5,11348
2021-09-23,3025.0,3100.0,3015.0,3090.5,12650
2021-09-24,3090.0,3138.0,3080.5,3112.0,10376
2021-09-27,3120.0,3123.0,3063.5,3091.5,9495
2021-09-28,3092.0,3092.0,3062.5,3066.5,7811
2021-09-29,3073.5,3083.0,3040.0,3045.5,7449
2021-09-30,3047.5,3057.0,2983.5,3012.5,9848
2021-10-01,3017.0,3026.0,2974.5,3002.5,7576
2021-10-04,3008.0,3049.0,3004.0,3038.0,6718
2021-10-05,3042.0,3054.0,3012.0,3046.0,4613
2021-10-06,3046.5,3056.0,3007.0,3010.5,6285
2021-10-07,3010.0,3060.0,3010.0,3057.0,4883
2021-10-08,3056.0,3179.0,3050.5,3162.0,16241
2021-10-11,3161.0,3240.0,3126.0,3222.0,15109
2021-10-12,3221.5,3276.0,3200.0,3244.5,12084
2021-10-13,3250.0,3440.0,3225.5,3421.0,18404
2021-10-14,3421.0,3637.5,3410.0,3527.0,16772
2021-10-15,3532.5,3944.0,3500.0,3808.0,21055
2021-10-18,3820.0,3852.0,3680.5,3683.0,16430
2021-10-19,3680.0,3750.5,3493.5,3543.0,17436
2021-10-20,3540.0,3655.5,3464.5,3650.5,13123
2021-10-21,3623.5,3646.5,3392.0,3423.0,14295
2021-10-22,3424.5,3475.0,3364.0,3425.0,10309
2021-10-25,3460.0,3504.5,3417.0,3434.0,4973
2021-10-26,3447.5,3455.0,3381.5,3394.0,8572
2021-10-27,3402.5,3416.0,3278.0,3341.0,10367
2021-10-28,3341.0,3402.0,3315.0,3350.0,6784
2021-10-29,3350.0,3408.0,3305.0,3390.0,8587
2021-11-01,3388.5,3411.0,3324.0,3367.5,7741
2021-11-02,3361.5,3377.5,3307.0,3334.0,6965
2021-11-03,3338.5,3365.0,3263.0,3307.0,10481
2021-11-04,3316.0,3373.0,3215.0,3235.5,9393
2021-11-05,3249.5,3255.5,3148.0,3217.0,9723
2021-11-08,3228.5,3294.5,3182.0,3286.5,7861
2021-11-09,3290.0,3315.0,3236.0,3276.0,7713
2021-11-10,3283.0,3314.0,3253.0,3275.5,5113
2021-11-11,3273.0,3314.5,3264.0,3270.0,5523
2021-11-12,3275.0,3286.0,3237.0,3267.0,5502
2021-11-15,3275.5,3275.5,3208.0,3208.5,5963
2021-11-16,3217.5,3239.0,3178.0,3217.0,6939
2021-11-17,3220.0,3234.0,3180.0,3180.0,6369
2021-11-18,3186.0,3194.5,3136.0,3166.5,5536
2021-11-19,3165.0,3248.0,3165.0,3228.0,7329
2021-11-22,3238.0,3359.0,3209.0,3350.0,9564
2021-11-23,3356.0,3375.0,3284.0,3297.0,7171
2021-11-24,3304.0,3349.5,3293.0,3315.0,7393
2021-11-25,3318.0,3342.5,3291.5,3308.5,4362
2021-11-26,3295.0,3309.5,3162.5,3182.0,9778
2021-11-29,3206.0,3227.5,3173.0,3202.0,6062
2021-11-30,3211.0,3276.5,3184.0,3184.0,10545
2021-12-01,3190.0,3241.0,3157.0,3160.5,7091
2021-12-02,3169.5,3219.5,3142.0,3156.0,8447
2021-12-03,3157.5,3211.5,3148.0,3156.5,4894
2021-12-06,3170.0,3174.0,3114.0,3166.0,5942
2021-12-07,3166.0,3243.5,3148.0,3230.0,6967
2021-12-08,3234.5,3330.0,3213.0,3317.5,7735
2021-12-09,3316.0,3354.0,3285.0,3319.5,5870
2021-12-10,3312.0,3335.0,3294.0,3300.0,4035
2021-12-13,3315.0,3360.0,3298.0,3329.5,6270
2021-12-14,3328.5,3346.5,3284.0,3284.5,6759
2021-12-15,3282.0,3296.0,3214.0,3280.5,8510
2021-12-16,3295.0,3482.0,3285.5,3452.0,12772
2021-12-17,3446.5,3456.5,3362.0,3381.0,10269
2021-12-20,3386.0,3386.5,3316.0,3342.0,5947
2021-12-21,3354.5,3445.0,3321.5,3430.0,8442
2021-12-22,3427.0,3550.0,3410.5,3541.0,10661
2021-12-23,3538.0,3557.5,3508.0,3515.0,6729
2021-12-24,3523.0,3545.0,3489.5,3517.0,2490
2021-12-29,3470.0,3525.0,3448.0,3499.0,7761
2021-12-30,3504.0,3548.0,3479.5,3522.0,5038
2021-12-31,3520.0,3550.0,3482.0,3526.5,4292
2022-01-04,3524.5,3611.0,3497.5,3576.5,11538
2022-01-05,3584.0,3608.0,3562.0,3567.0,9190
2022-01-06,3560.0,3584.0,3511.0,3563.0,7234
2022-01-07,3563.0,3600.0,3521.0,3540.5,6579
2022-01-10,3534.0,3560.0,3473.0,3486.0,6497
2022-01-11,3502.0,3559.0,3475.0,3551.5,8871
2022-01-12,3552.0,3590.0,3531.0,3534.0,8774
2022-01-13,3544.5,3569.5,3516.0,3556.0,7484
2022-01-14,3548.0,3598.0,3504.0,3531.0,8606
2022-01-17,3536.0,3543.5,3504.0,3512.0,4081
2022-01-18,3512.0,3578.0,3509.5,3549.5,5976
2022-01-19,3554.0,3608.0,3550.5,3583.5,6926
2022-01-20,3588.0,3681.5,3578.0,3669.0,8414
2022-01-21,3654.0,3679.0,3608.0,3644.0,7567
2022-01-24,3636.0,3642.0,3566.0,3581.5,6730
2022-01-25,3576.0,3618.5,3564.5,3584.0,5151
2022-01-26,3581.0,3627.0,3578.0,3621.5,5855
2022-01-27,3608.0,3659.5,3563.0,3635.5,9524
2022-01-28,3637.0,3667.0,3605.0,3612.5,5955
2022-01-31,3627.0,3657.0,3583.0,3585.0,7484
2022-02-01,3591.5,3619.5,3584.0,3592.5,5194
2022-02-02,3583.0,3636.5,3583.0,3613.0,5026
2022-02-03,3618.0,3624.0,3586.0,3605.0,5295
2022-02-04,3613.0,3630.0,3603.0,3615.0,5228
2022-02-07,3627.0,3648.5,3601.0,3636.5,7321
2022-02-08,3631.0,3657.0,3590.0,3593.0,8236
2022-02-09,3590.5,3677.0,3588.0,3666.5,6385
2022-02-10,3662.5,3744.5,3650.0,3683.5,11754
2022-02-11,3683.0,3690.0,3617.0,3645.0,9729
2022-02-14,3632.0,3661.0,3568.5,3570.5,9816
2022-02-15,3581.0,3611.5,3568.0,3594.5,7405
2022-02-16,3591.5,3627.5,3576.0,3580.5,5826
2022-02-17,3584.0,3623.0,3565.0,3617.0,5702
2022-02-18,3610.5,3649.5,3571.0,3580.0,7349
2022-02-21,3581.0,3595.5,3551.0,3554.0,4617
2022-02-22,3560.0,3633.0,3546.0,3596.5,7394
2022-02-23,3606.0,3620.5,3567.0,3572.5,6013
2022-02-24,3575.0,3663.0,3563.5,3615.0,11224
2022-02-25,3621.0,3639.0,3600.0,3625.0,6802
2022-02-28,3630.0,3717.0,3622.0,3653.5,9900
2022-03-01,3657.5,3807.5,3657.5,3782.0,11147
2022-03-02,3771.0,3910.0,3747.5,3890.0,16141
2022-03-03,3889.0,4028.0,3887.0,3951.5,14183
2022-03-04,3961.0,4100.0,3948.0,4090.0,10036
2022-03-07,4100.0,4248.0,4072.0,4096.0,13975
2022-03-08,4134.0,4896.0,3900.0,4250.5,19417
2022-03-09,4250.0,4250.0,3835.5,3835.5,13437
2022-03-10,3884.0,3972.5,3785.0,3830.0,6843
2022-03-11,3838.0,3899.5,3806.0,3821.0,4813
2022-03-14,3814.0,3872.0,3744.0,3801.0,5604
2022-03-15,3792.0,3824.0,3736.0,3792.0,6674
2022-03-16,3794.0,3842.0,3771.0,3790.5,5674
2022-03-17,3799.0,3939.0,3730.0,3827.0,5492
2022-03-18,3820.0,3905.0,3815.0,3836.0,4139
2022-03-21,3846.0,3966.5,3838.0,3918.5,4480
2022-03-22,3917.0,3935.0,3874.0,3903.5,4156
2022-03-23,3905.0,4195.0,3905.0,4157.0,7225
2022-03-24,4158.0,4179.5,3992.0,4011.0,7258
2022-03-25,4018.0,4083.5,4018.0,4065.5,2804
2022-03-28,4082.0,4114.0,4040.0,4085.5,3078
2022-03-29,4094.5,4134.5,4023.5,4051.0,5034
2022-03-30,4059.0,4191.5,4050.0,4182.0,4207
2022-03-31,4177.0,4250.0,4113.0,4164.0,6366
2022-04-01,4171.5,4350.0,4131.0,4317.5,6196
2022-04-04,4335.0,4435.0,4188.5,4270.0,5644
2022-04-05,4272.0,4360.0,4262.0,4281.0,3743
2022-04-06,4275.0,4320.0,4253.0,4263.0,4582
2022-04-07,4264.0,4264.0,4150.0,4160.0,4116
2022-04-08,4170.0,4300.0,4151.5,4297.5,4211
2022-04-11,4286.0,4338.0,4234.0,4264.0,6242
2022-04-12,4283.5,4418.0,4261.0,4400.5,5614
2022-04-13,4414.5,4521.5,4389.5,4451.0,6279
2022-04-14,4454.0,4474.0,4380.5,4426.5,4729
2022-04-19,4489.5,4540.0,4430.0,4511.0,6631
2022-04-20,4505.5,4515.0,4400.0,4415.5,4503
2022-04-21,4417.0,4461.0,4359.0,4431.5,4624
2022-04-22,4440.0,4482.5,4370.0,4383.5,5890
2022-04-25,4410.0,4410.0,4135.0,4189.5,9639
2022-04-26,4196.0,4250.0,4152.0,4190.0,5868
2022-04-27,4194.0,4273.0,4172.0,4219.5,5858
2022-04-28,4200.0,4257.0,4107.0,4124.0,6191
2022-04-29,4136.5,4195.0,4046.0,4046.0,5667
2022-05-03,4012.5,4035.0,3893.0,3898.5,7585
2022-05-04,3915.5,3980.0,3852.0,3966.0,6078
2022-05-05,3995.0,4065.0,3878.0,3878.5,8747
2022-05-06,3890.5,3896.0,3740.0,3780.5,7703
2022-05-09,3788.0,3801.0,3586.0,3610.5,10277
2022-05-10,3615.0,3690.5,3564.0,3594.0,8080
2022-05-11,3585.5,3707.0,3555.0,3654.0,7304
2022-05-12,3658.0,3676.0,3494.5,3525.5,8237
2022-05-13,3532.0,3561.0,3451.0,3538.0,7438
2022-05-16,3538.5,3608.0,3507.5,3597.0,6363
2022-05-17,3600.0,3744.0,3600.0,3652.0,6893
2022-05-18,3661.5,3664.5,3574.0,3580.5,4442
2022-05-19,3586.0,3732.0,3564.5,3728.5,5729
2022-05-20,3728.0,3764.5,3679.5,3705.0,4343
2022-05-23,3710.5,3798.0,3692.0,3771.0,4332
2022-05-24,3780.0,3796.5,3735.5,3768.0,4890
2022-05-25,3778.5,3788.0,3717.5,3745.5,4020
2022-05-26,3760.0,3765.0,3690.0,3730.5,3484
2022-05-27,3744.0,3879.0,3736.0,3863.0,5591
2022-05-30,3858.0,3995.5,3855.5,3898.0,6404
2022-05-31,3910.5,3963.5,3883.5,3903.5,5403
2022-06-01,3916.0,3926.0,3851.0,3862.5,6541
2022-06-06,3895.0,3949.5,3832.5,3870.5,6386
2022-06-07,3865.0,3865.0,3740.0,3791.0,7372
2022-06-08,3799.0,3845.0,3782.0,3806.0,4777
2022-06-09,3820.0,3820.0,3743.0,3771.0,4675
2022-06-10,3761.0,3772.0,3685.0,3694.0,5232
2022-06-13,3685.0,3720.0,3565.0,3623.5,8763
2022-06-14,3640.0,3673.0,3555.5,3567.5,6451
2022-06-15,3579.0,3669.0,3579.0,3659.0,6332
2022-06-16,3667.0,3748.5,3563.5,3600.5,8760
2022-06-17,3597.0,3616.5,3506.5,3524.0,7675
2022-06-20,3528.5,3564.0,3490.0,3517.5,5695
2022-06-21,3531.0,3629.5,3520.0,3572.0,8427
2022-06-22,3592.0,3617.0,3509.5,3551.5,7710
2022-06-23,3550.0,3559.5,3453.5,3492.5,10257
2022-06-24,3499.5,3537.0,3272.0,3339.0,13188
2022-06-27,3349.0,3414.0,3290.0,3329.0,8148
2022-06-28,3335.5,3405.0,3325.0,3356.0,6597
2022-06-29,3348.0,3394.5,3321.5,3335.5,5710
2022-06-30,3338.0,3347.0,3136.0,3140.5,13682
2022-07-01,3147.0,3177.0,3002.5,3043.5,13946
2022-07-04,3061.5,3127.0,3041.5,3086.0,5221
2022-07-05,3099.0,3152.0,2961.0,2999.5,10098
2022-07-06,3005.5,3057.0,2942.0,3019.5,8819
2022-07-07,3034.5,3136.5,3019.0,3112.5,8833
2022-07-08,3115.0,3134.5,3050.0,3084.5,5431
2022-07-11,3084.0,3105.5,3002.5,3056.0,5894
2022-07-12,3057.5,3097.0,3007.0,3010.0,5836
2022-07-13,3017.0,3049.5,2877.0,2934.0,10087
2022-07-14,2927.5,2948.0,2831.5,2851.5,6590
2022-07-15,2851.5,2949.5,2824.5,2933.0,6448
2022-07-18,2936.0,3013.0,2930.5,2988.0,7117
2022-07-19,2994.0,2995.5,2916.0,2950.5,7479
2022-07-20,2957.0,3037.0,2942.5,2992.0,7920
2022-07-21,3006.0,3014.0,2928.0,2954.0,6155
2022-07-22,2941.0,3006.0,2941.0,2992.0,4206
2022-07-25,2991.0,3008.0,2960.5,2992.5,4606
2022-07-26,2987.5,3073.5,2985.5,3031.0,6187
2022-07-27,3049.5,3061.0,3005.0,3035.0,5048
2022-07-28,3057.0,3184.0,3057.0,3176.5,7240
2022-07-29,3187.5,3320.5,3165.0,3302.0,9438
2022-08-01,3306.0,3367.0,3265.0,3360.5,8116
2022-08-02,3348.0,3363.0,3276.5,3278.0,8577
2022-08-03,3280.0,3332.0,3255.0,3287.5,6773
2022-08-04,3295.0,3554.5,3267.0,3460.0,10400
2022-08-05,3470.0,3529.5,3375.5,3468.0,9838
2022-08-08,3469.5,3473.0,3385.0,3426.0,5531
2022-08-09,3430.0,3561.0,3398.5,3522.5,7538
2022-08-10,3510.0,3623.0,3494.5,3608.5,8480
2022-08-11,3608.0,3697.5,3567.0,3656.5,8851
2022-08-12,3656.5,3677.5,3560.5,3608.5,8477
2022-08-15,3607.0,3609.0,3480.0,3585.0,7603
2022-08-16,3588.0,3819.0,3551.0,3642.5,11643
2022-08-17,3666.0,3680.5,3491.0,3518.0,8168
2022-08-18,3511.5,3518.0,3413.5,3474.5,6347
2022-08-19,3490.5,3528.0,3444.0,3490.5,4999
2022-08-22,3495.0,3538.0,3469.5,3520.5,4113
2022-08-23,3530.5,3534.0,3450.0,3493.0,5884
2022-08-24,3503.5,3528.0,3460.0,3523.5,5336
2022-08-25,3523.5,3578.0,3516.0,3560.5,5019
2022-08-26,3566.0,3623.5,3552.0,3557.5,4891
2022-08-30,3534.0,3557.5,3464.0,3465.5,7201
2022-08-31,3472.0,3532.0,3437.5,3463.0,6334
2022-09-01,3460.0,3460.0,3221.0,3243.5,15038
2022-09-02,3253.0,3267.5,3093.5,3128.5,11776
2022-09-05,3136.0,3225.0,3123.0,3183.0,5533
2022-09-06,3205.0,3239.5,3136.0,3178.0,5875
2022-09-07,3184.0,3186.0,3092.0,3117.0,6321
2022-09-08,3123.0,3171.0,3119.0,3151.0,4698
2022-09-09,3161.5,3266.0,3143.0,3187.5,7385
2022-09-12,3188.0,3235.0,3173.5,3209.0,3765
2022-09-13,3206.5,3322.0,3206.5,3220.0,7724
2022-09-14,3208.0,3257.5,3184.0,3242.0,4970
2022-09-15,3253.5,3293.0,3154.5,3167.5,6117
2022-09-16,3170.0,3192.0,3056.0,3153.0,7983
2022-09-19,3172.0,3192.5,3099.5,3152.0,3355
2022-09-20,3162.5,3200.0,3120.0,3124.5,6185
2022-09-21,3124.0,3159.0,3090.0,3094.0,4812
2022-09-22,3085.0,3148.5,3080.5,3111.0,5981
2022-09-23,3109.0,3119.5,3002.0,3011.0,7294
2022-09-26,3018.5,3020.5,2895.0,2899.5,8632
2022-09-27,2902.0,2968.0,2842.0,2849.5,8578
2022-09-28,2855.5,2916.5,2791.0,2901.0,7652
2022-09-29,2894.0,2984.0,2831.5,2937.0,9304
2022-09-30,2948.5,3033.0,2905.5,2971.0,9197
2022-10-03,2964.0,3011.0,2891.5,2905.0,5499
2022-10-04,2920.0,3066.5,2920.0,3052.0,6667
2022-10-05,3051.5,3169.0,2987.0,3075.0,7598
2022-10-06,3095.5,3193.0,3055.0,3058.5,6846
2022-10-07,3090.0,3091.5,2962.0,2965.5,4822
2022-10-10,2960.5,3011.5,2937.5,2961.5,5911
2022-10-11,2964.0,2984.0,2904.5,2932.5,6226
2022-10-12,2926.0,2967.5,2885.0,2938.0,5039
2022-10-13,2941.5,2950.5,2858.0,2941.5,6214
2022-10-14,2934.0,2999.5,2910.0,2916.0,5939
2022-10-17,2930.0,2933.0,2852.5,2856.0,6606
2022-10-18,2857.5,2889.5,2835.0,2876.0,6444
2022-10-19,2884.0,2914.0,2857.5,2895.5,5531
2022-10-20,2906.0,2980.5,2881.0,2956.0,5273
2022-10-21,2965.5,2993.0,2915.0,2945.0,7581
2022-10-24,2960.0,3000.5,2944.5,2968.0,4208
2022-10-25,2976.0,2985.5,2883.0,2897.5,5679
2022-10-26,2898.5,2975.5,2868.0,2959.0,5345
2022-10-27,2960.0,3019.0,2933.0,2944.0,4984
2022-10-28,2948.5,2953.0,2810.0,2819.0,7908
2022-10-31,2825.0,2829.0,2657.0,2681.0,12385
2022-11-01,2692.0,2765.5,2683.0,2753.5,7297
2022-11-02,2757.5,2787.0,2723.5,2755.0,4327
2022-11-03,2741.0,2768.5,2653.5,2713.5,8623
2022-11-04,2711.5,2910.0,2704.0,2905.0,11428
2022-11-07,2870.0,2959.0,2795.5,2873.0,7878
2022-11-08,2885.5,2948.5,2832.0,2916.0,7565
2022-11-09,2920.5,2940.0,2845.0,2846.0,6397
2022-11-10,2850.0,2899.5,2793.0,2879.5,7521
2022-11-11,2878.0,3069.0,2878.0,3024.5,10546
2022-11-14,3040.0,3150.0,3012.0,3120.0,9233
2022-11-15,3121.0,3190.0,3083.5,3115.5,6912
2022-11-16,3110.0,3145.5,3035.5,3048.0,6454
2022-11-17,3049.5,3064.0,2980.0,3004.0,6435
2022-11-18,3012.5,3054.0,2992.0,3020.0,5154
2022-11-21,3014.5,3014.5,2897.0,2916.0,7000
2022-11-22,2913.0,2955.5,2876.0,2893.5,6127
2022-11-23,2907.0,2926.0,2887.5,2908.0,3628
2022-11-24,2921.0,2948.0,2903.5,2905.5,2338
2022-11-25,2914.0,2951.0,2904.0,2921.0,3058
2022-11-28,2910.5,2953.0,2882.5,2944.0,4330
2022-11-29,2944.5,2990.5,2926.0,2931.5,5990
2022-11-30,2936.5,3046.0,2929.5,3030.5,9494
2022-12-01,3048.0,3087.5,3033.5,3063.0,7359
2022-12-02,3063.0,3112.0,3025.0,3107.0,6592
2022-12-05,3115.5,3164.0,3102.0,3113.5,5960
2022-12-06,3111.5,3188.0,3105.0,3121.5,9080
2022-12-07,3131.0,3222.0,3088.5,3211.0,8632
2022-12-08,3203.5,3263.0,3184.0,3228.5,6985
2022-12-09,3228.0,3250.5,3197.0,3221.5,5170
2022-12-12,3219.5,3275.0,3188.0,3261.0,6352
2022-12-13,3267.0,3339.0,3241.0,3303.5,7952
2022-12-14,3310.0,3331.0,3225.5,3247.0,7690
2022-12-15,3245.0,3259.0,3148.5,3149.0,7492
2022-12-16,3169.0,3170.0,3002.0,3028.0,9542
2022-12-19,3025.0,3068.0,2987.0,3016.0,6814
2022-12-20,3025.0,3092.0,2979.5,3086.5,5581
2022-12-21,3084.5,3097.0,2990.5,2992.0,5730
2022-12-22,3006.5,3018.0,2920.5,2923.5,6330
2022-12-23,2942.0,2991.5,2926.0,2979.5,5210
2022-12-28,3018.0,3095.0,3001.0,3005.0,6486
2022-12-29,3012.0,3046.0,2974.0,2974.0,4157
2022-12-30,2984.5,3015.0,2967.0,2967.0,3796
2023-01-03,2992.0,3020.0,2965.0,2989.0,5993
2023-01-04,2991.0,2995.0,2947.0,2986.0,5368
2023-01-05,2991.5,3037.0,2966.0,3006.5,5793
2023-01-06,3011.5,3052.5,2972.5,3039.0,6762
2023-01-09,3052.0,3244.0,3047.5,3162.5,12016
2023-01-10,3160.5,3204.5,3143.0,3169.0,7806
2023-01-11,3171.5,3212.0,3152.5,3202.0,5935
2023-01-12,3206.0,3266.0,3167.0,3249.5,8690
2023-01-13,3254.5,3351.5,3249.0,3317.0,9350
2023-01-16,3320.0,3361.5,3279.5,3280.5,6295
2023-01-17,3280.0,3309.0,3263.0,3304.0,4766
2023-01-18,3302.5,3425.5,3278.0,3370.5,10298
2023-01-19,3366.0,3465.0,3327.5,3416.0,9769
2023-01-20,3437.0,3466.5,3396.0,3413.5,5360
2023-01-23,3412.0,3448.0,3393.0,3415.5,4090
2023-01-24,3414.5,3440.0,3367.0,3431.0,5297
2023-01-25,3434.0,3478.0,3411.0,3468.0,4309
2023-01-26,3463.5,3512.0,3460.0,3492.0,5485
2023-01-27,3495.0,3510.0,3400.0,3444.0,5486
2023-01-30,3460.0,3473.0,3397.0,3436.0,6197
2023-01-31,3434.0,3445.0,3363.0,3402.0,0
2023-02-01,3405.0,3425.0,3297.0,3320.0,0
2023-02-02,3348.0,3391.0,3306.5,3355.0,0
2023-02-03,3349.5,3365.0,3207.0,3215.0,0
2023-02-06,3220.5,3237.0,3107.5,3121.0,0
2023-02-07,3130.5,3222.0,3082.0,3196.5,0
2023-02-08,3192.0,3221.0,3108.0,3137.5,0
2023-02-09,3137.5,3174.0,3118.0,3147.5,0
2023-02-10,3134.0,3137.5,3021.0,3026.0,0
2023-02-13,3040.0,3125.5,3001.0,3117.5,0
2023-02-14,3111.0,3145.0,3075.0,3090.5,7800
2023-02-15,3090.0,3097.0,3000.0,3003.5,6036
2023-02-16,3011.0,3052.5,2982.5,3032.5,8246
2023-02-17,3025.0,3088.5,2985.0,3081.0,5875
2023-02-20,3074.0,3140.0,3038.0,3135.5,6238
2023-02-21,3128.5,3149.0,3099.5,3106.0,5779
2023-02-22,3113.5,3115.5,3050.0,3072.0,6456
2023-02-23,3067.0,3082.0,3015.5,3028.5,5258
2023-02-24,3037.0,3042.5,2951.0,2962.5,8597
2023-02-27,2973.5,3024.5,2939.0,2994.0,7703
2023-02-28,2993.5,3038.0,2954.0,3031.0,6683
2023-03-01,3030.0,3142.5,3013.0,3132.0,9544
2023-03-02,3121.0,3143.0,3018.5,3040.0,8157
2023-03-03,3048.0,3100.0,3040.5,3042.5,5920
2023-03-06,3052.5,3062.0,2990.0,3048.0,5148
2023-03-07,3040.5,3056.5,2945.0,2947.0,8473
2023-03-08,2951.5,2995.0,2914.0,2975.0,8395
2023-03-09,2975.5,2992.0,2944.0,2975.0,5486
2023-03-10,2974.0,2974.0,2906.0,2907.0,8121
2023-03-13,2927.0,2966.5,2880.0,2955.5,10760
2023-03-14,2953.5,2956.5,2905.0,2912.5,7569
2023-03-15,2914.0,2930.0,2835.0,2875.0,10893
2023-03-16,2880.0,2884.0,2818.0,2862.5,7804
2023-03-17,2864.0,2940.0,2862.5,2933.0,8016
2023-03-20,2935.0,2941.0,2864.5,2896.5,6607
2023-03-21,2896.0,2905.0,2836.5,2868.0,7411
2023-03-22,2864.5,2893.0,2834.0,2876.5,5477
2023-03-23,2877.0,2919.5,2853.0,2895.5,6584
2023-03-24,2903.0,2936.0,2873.0,2890.0,5584
2023-03-27,2895.0,2920.0,2861.0,2910.0,5903
2023-03-28,2911.0,2945.0,2892.0,2916.5,4962
2023-03-29,2921.0,2999.0,2909.0,2960.0,7768
2023-03-30,2962.0,2989.0,2920.0,2923.5,6068
2023-03-31,2932.0,2949.0,2866.0,2907.5,9622
2023-04-03,2910.0,2921.5,2882.0,2885.5,5949
2023-04-04,2886.0,2891.5,2822.0,2832.0,6860
2023-04-05,2840.5,2850.5,2775.0,2804.0,7315
2023-04-06,2808.0,2821.5,2775.5,2799.5,7778
2023-04-11,2787.0,2806.5,2749.0,2769.5,6842
2023-04-12,2771.5,2796.0,2734.5,2786.5,5843
2023-04-13,2790.5,2864.0,2767.0,2847.0,6568
2023-04-14,2858.5,2910.0,2840.5,2846.0,6997
2023-04-17,2850.5,2880.0,2824.5,2835.0,4863
2023-04-18,2832.5,2877.0,2828.0,2848.5,4881
2023-04-19,2859.0,2863.5,2764.5,2788.0,9730
2023-04-20,2783.5,2802.0,2731.0,2768.5,9949
2023-04-21,2766.0,2779.0,2713.0,2718.0,9056
2023-04-24,2722.5,2728.5,2664.0,2669.5,8701
2023-04-25,2675.0,2694.0,2584.5,2600.0,9325
2023-04-26,2603.5,2658.0,2603.5,2643.5,8935
2023-04-27,2649.5,2654.0,2591.0,2646.5,8405
2023-04-28,2642.5,2705.0,2625.5,2646.0,7091
2023-05-02,2659.5,2678.5,2591.0,2592.0,8626
2023-05-03,2602.0,2635.0,2590.0,2615.5,6336
2023-05-04,2617.0,2659.0,2598.0,2626.5,6981
2023-05-05,2630.5,2696.5,2622.0,2677.0,6654
2023-05-09,2686.5,2695.0,2657.0,2668.5,6155
2023-05-10,2677.0,2682.0,2608.0,2617.0,7697
2023-05-11,2623.5,2632.5,2537.0,2543.0,10374
2023-05-12,2549.0,2573.0,2517.5,2554.0,8634
2023-05-15,2557.5,2582.5,2528.0,2529.0,5830
2023-05-16,2530.0,2549.0,2483.0,2494.5,7482
2023-05-17,2500.0,2552.0,2487.0,2523.5,7242
2023-05-18,2522.0,2537.5,2448.0,2448.0,8621
2023-05-19,2458.5,2515.5,2441.0,2476.5,9695
2023-05-22,2481.5,2486.5,2420.0,2423.0,8013
2023-05-23,2425.0,2435.5,2346.0,2351.5,9278
2023-05-24,2349.5,2355.0,2287.5,2290.5,9346
2023-05-25,2295.5,2315.0,2215.0,2257.5,14242
2023-05-26,2253.0,2359.5,2253.0,2337.0,9852
2023-05-30,2331.5,2353.5,2287.0,2289.5,9166
2023-05-31,2285.0,2303.5,2234.5,2249.0,14344
2023-06-01,2252.5,2304.5,2244.5,2277.0,10563
2023-06-02,2281.5,2341.5,2271.0,2301.5,11335
2023-06-05,2306.0,2316.0,2258.5,2293.0,7192
2023-06-06,2296.0,2343.0,2280.0,2338.5,8382
2023-06-07,2332.5,2407.5,2324.0,2380.0,12368
2023-06-08,2383.5,2423.5,2352.5,2407.0,8941
2023-06-09,2404.0,2432.0,2372.5,2372.5,9098
2023-06-12,2375.0,2384.0,2324.0,2333.0,7509
2023-06-13,2338.0,2399.5,2338.0,2379.5,7432
2023-06-14,2385.0,2491.0,2377.5,2466.5,12615
2023-06-15,2467.0,2491.5,2436.0,2484.5,9508
2023-06-16,2489.0,2520.5,2466.0,2471.5,6642
2023-06-19,2471.5,2477.0,2422.0,2426.0,5006
2023-06-20,2436.0,2436.0,2344.0,2368.5,10405
2023-06-21,2369.0,2435.5,2347.0,2415.5,8410
2023-06-22,2427.0,2470.0,2413.0,2422.0,8030
2023-06-23,2428.0,2428.0,2356.0,2357.5,6482
2023-06-26,2374.0,2380.0,2325.0,2334.0,7243
2023-06-27,2339.0,2400.0,2333.5,2370.0,6974
2023-06-28,2375.0,2385.0,2343.5,2369.5,5413
2023-06-29,2365.5,2383.5,2326.0,2338.5,6493
2023-06-30,2345.0,2397.5,2342.0,2390.5,7688
2023-07-03,2391.5,2395.0,2355.0,2363.5,6171
2023-07-04,2367.0,2414.0,2354.5,2393.5,4113
2023-07-05,2397.0,2403.5,2346.0,2354.0,6392
2023-07-06,2352.5,2381.5,2344.5,2369.0,5772
2023-07-07,2369.5,2378.0,2336.0,2355.5,5146
2023-07-10,2360.0,2380.0,2340.0,2351.5,6254
2023-07-11,2359.5,2401.0,2352.5,2363.5,7392
2023-07-12,2365.5,2434.0,2345.0,2424.5,9372
2023-07-13,2425.0,2503.5,2411.0,2471.5,11396
2023-07-14,2470.0,2483.0,2427.0,2431.0,6880
2023-07-17,2437.0,2437.0,2371.0,2408.5,7032
2023-07-18,2404.0,2416.0,2363.0,2387.5,8481
2023-07-19,2391.0,2393.5,2342.0,2362.0,9391
2023-07-20,2369.0,2428.0,2368.0,2376.0,7592
2023-07-21,2380.0,2410.0,2364.0,2378.0,5903
2023-07-24,2379.5,2424.0,2356.0,2417.0,7700
2023-07-25,2420.0,2494.0,2415.0,2490.5,12717
2023-07-26,2490.0,2495.5,2453.0,2468.5,8036
2023-07-27,2480.0,2534.0,2449.0,2450.0,10394
2023-07-28,2449.0,2506.5,2435.5,2493.0,7992
2023-07-31,2506.5,2578.0,2487.0,2574.5,12572
2023-08-01,2577.0,2584.5,2526.0,2552.5,11376
2023-08-02,2550.5,2556.0,2475.0,2490.5,10447
2023-08-03,2488.0,2503.5,2447.0,2503.5,7877
2023-08-04,2504.5,2525.0,2474.0,2505.5,7003
2023-08-07,2507.5,2510.0,2482.0,2491.0,4741
2023-08-08,2500.5,2500.5,2417.5,2467.0,12337
2023-08-09,2474.0,2490.5,2454.0,2475.5,7144
2023-08-10,2471.5,2488.0,2436.5,2448.5,7690
2023-08-11,2451.0,2454.5,2390.0,2394.5,9132
2023-08-14,2398.5,2398.5,2329.5,2351.0,9767
2023-08-15,2355.0,2377.0,2305.0,2308.0,13060
2023-08-16,2313.0,2317.0,2265.5,2298.0,14521
2023-08-17,2292.0,2349.0,2270.0,2296.0,10739
2023-08-18,2294.0,2315.5,2275.0,2307.5,6958
2023-08-21,2308.0,2325.5,2283.5,2320.5,7706
2023-08-22,2319.0,2360.0,2315.0,2332.0,6326
2023-08-23,2336.0,2382.0,2330.5,2373.0,6538
2023-08-24,2381.0,2405.0,2350.0,2383.5,8561
2023-08-25,2384.5,2411.0,2373.5,2395.5,7739
2023-08-29,2400.0,2449.0,2393.5,2444.0,10945
2023-08-30,2445.5,2469.0,2426.0,2435.5,9041
2023-08-31,2435.0,2455.5,2416.5,2431.5,9582
2023-09-01,2436.5,2509.5,2432.5,2486.5,10300
2023-09-04,2488.0,2491.0,2464.0,2466.0,5757
2023-09-05,2470.5,2496.0,2453.0,2462.5,7074
2023-09-06,2468.0,2482.0,2442.5,2473.5,7637
2023-09-07,2466.0,2492.5,2448.5,2485.0,6938
2023-09-08,2489.5,2490.0,2406.5,2434.5,9076
2023-09-11,2438.0,2536.5,2431.0,2506.5,9874
2023-09-12,2510.5,2516.5,2473.5,2482.0,7424
2023-09-13,2483.5,2534.0,2469.5,2526.0,7187
2023-09-14,2526.0,2595.0,2518.5,2558.0,14219
2023-09-15,2572.0,2576.5,2512.0,2513.0,9737
2023-09-18,2514.5,2547.0,2509.0,2538.0,8192
2023-09-19,2537.0,2541.5,2485.5,2489.0,10042
2023-09-20,2492.5,2563.0,2480.0,2540.0,11218
2023-09-21,2538.0,2538.0,2475.0,2524.0,9480
2023-09-22,2529.0,2568.0,2513.5,2551.5,9108
2023-09-25,2556.5,2556.5,2516.5,2531.5,5907
2023-09-26,2530.0,2570.0,2501.5,2510.0,9293
2023-09-27,2518.0,2518.0,2472.5,2487.5,10285
2023-09-28,2492.5,2639.0,2482.5,2618.0,16938
2023-09-29,2605.0,2664.5,2605.0,2655.0,12539
2023-10-02,2654.0,2675.0,2588.0,2590.5,9739
2023-10-03,2595.0,2597.0,2497.0,2515.0,12109
2023-10-04,2515.0,2541.0,2478.0,2485.0,10462
2023-10-05,2484.0,2504.0,2461.0,2463.0,6195
2023-10-06,2465.0,2520.5,2465.0,2498.5,6299
2023-10-09,2499.0,2544.0,2490.0,2512.0,8646
2023-10-10,2514.5,2519.0,2449.0,2475.5,9070
2023-10-11,2484.5,2491.0,2461.0,2464.5,6457
2023-10-12,2473.5,2485.0,2440.0,2440.0,6521
2023-10-13,2446.0,2458.0,2433.0,2443.5,7209
2023-10-16,2457.0,2471.0,2435.0,2444.5,5731
2023-10-17,2443.5,2452.0,2384.0,2421.0,10089
2023-10-18,2421.0,2462.0,2421.0,2432.0,5282
2023-10-19,2433.5,2437.0,2407.5,2428.5,5162
2023-10-20,2422.5,2448.5,2401.0,2436.0,6267
2023-10-23,2435.5,2436.5,2394.5,2430.0,7861
2023-10-24,2433.5,2458.0,2411.0,2453.5,6647
2023-10-25,2456.0,2488.0,2451.0,2476.0,8008
2023-10-26,2475.0,2477.5,2427.5,2428.0,8629
2023-10-27,2436.5,2482.0,2431.0,2466.0,7129
2023-10-30,2457.0,2486.0,2457.0,2462.5,5968
2023-10-31,2463.0,2471.0,2417.0,2417.0,7149
2023-11-01,2425.0,2598.5,2400.5,2493.5,16201
2023-11-02,2504.5,2538.0,2473.0,2478.0,10092
2023-11-03,2471.5,2530.0,2471.5,2514.5,6298
2023-11-06,2522.0,2589.5,2505.0,2562.5,10776
2023-11-07,2568.0,2577.0,2541.5,2572.5,8207
2023-11-08,2570.5,2631.5,2565.0,2605.0,10180
2023-11-09,2610.0,2615.0,2580.0,2601.0,6294
2023-11-10,2601.0,2619.5,2552.0,2558.0,7581
2023-11-13,2575.0,2576.5,2534.5,2550.0,7303
2023-11-14,2535.0,2615.5,2535.0,2604.0,7983
2023-11-15,2606.0,2667.5,2598.5,2637.5,12465
2023-11-16,2640.0,2644.0,2555.0,2573.5,14572
2023-11-17,2574.5,2587.0,2540.0,2559.0,10909
2023-11-20,2557.5,2589.0,2550.0,2571.5,7381
2023-11-21,2579.5,2590.0,2526.0,2547.0,8262
2023-11-22,2546.0,2546.0,2477.0,2498.0,11369
2023-11-23,2499.0,2547.5,2499.0,2542.5,6355
2023-11-24,2546.0,2564.0,2531.0,2558.0,5702
2023-11-27,2555.5,2574.0,2519.0,2523.5,6581
2023-11-28,2531.5,2552.5,2517.0,2535.0,8133
2023-11-29,2542.0,2555.5,2489.0,2497.5,8584
2023-11-30,2500.0,2507.0,2466.5,2470.5,11605
2023-12-01,2478.5,2533.0,2455.0,2519.5,10845
2023-12-04,2512.0,2523.0,2437.0,2438.5,9589
2023-12-05,2448.5,2457.0,2415.0,2418.0,12248
2023-12-06,2432.0,2467.5,2412.5,2421.5,10935
2023-12-07,2423.5,2442.0,2403.5,2406.0,9494
2023-12-08,2407.0,2438.0,2382.5,2389.0,12232
2023-12-11,2392.0,2421.0,2376.0,2414.0,9134
2023-12-12,2412.5,2459.0,2411.5,2427.5,8227
2023-12-13,2428.0,2441.0,2403.0,2434.5,5723
2023-12-14,2454.0,2525.0,2454.0,2482.5,13097
2023-12-15,2486.5,2543.0,2480.5,2529.5,10661
2023-12-18,2529.0,2559.0,2510.5,2532.0,9942
2023-12-19,2538.0,2585.0,2521.0,2574.0,10121
2023-12-20,2576.5,2611.0,2560.5,2566.5,10321
2023-12-21,2564.5,2576.5,2538.5,2549.0,8098
2023-12-22,2553.0,2617.0,2553.0,2600.0,8922
2023-12-27,2602.5,2649.0,2591.0,2639.0,9006
2023-12-28,2642.0,2650.5,2623.5,2627.0,7088
2023-12-29,2634.0,2675.0,2629.0,2662.0,7199
2024-01-02,2660.5,2660.5,2586.0,2612.0,10400
2024-01-03,2621.0,2622.0,2562.0,2587.0,9150
2024-01-04,2580.0,2593.5,2526.5,2537.5,8531
2024-01-05,2531.0,2578.0,2530.5,2542.0,7634
2024-01-08,2553.0,2553.0,2491.0,2504.0,9607
2024-01-09,2510.5,2535.0,2500.0,2510.0,8393
2024-01-10,2510.5,2538.0,2485.0,2503.5,9217
2024-01-11,2508.0,2532.0,2498.5,2502.5,7665
2024-01-12,2506.5,2530.0,2489.5,2508.0,7608
2024-01-15,2510.0,2615.0,2506.5,2555.0,9364
2024-01-16,2555.0,2567.0,2531.0,2548.5,6719
2024-01-17,2548.0,2550.0,2460.0,2466.0,11555
2024-01-18,2474.0,2478.5,2443.0,2466.0,10442
2024-01-19,2469.5,2485.0,2454.0,2470.5,8279
2024-01-22,2470.5,2474.0,2445.5,2452.0,6954
2024-01-23,2456.0,2533.0,2456.0,2524.5,10759
2024-01-24,2540.0,2590.0,2524.0,2584.5,12382
2024-01-25,2581.0,2605.5,2567.0,2585.5,9197
2024-01-26,2583.0,2596.0,2572.5,2584.0,6652
2024-01-29,2580.0,2581.5,2550.0,2559.0,6562
2024-01-30,2570.0,2573.5,2548.0,2568.0,6320
2024-01-31,2562.5,2574.5,2515.0,2526.0,10662
2024-02-01,2529.0,2529.0,2466.0,2470.0,12456
2024-02-02,2465.5,2483.5,2437.0,2451.5,11026
2024-02-05,2465.0,2465.5,2416.0,2422.0,10092
2024-02-06,2419.5,2445.0,2419.5,2431.0,10711
2024-02-07,2435.0,2441.0,2396.5,2405.0,12920
2024-02-08,2404.5,2422.0,2322.0,2328.0,13095
2024-02-09,2330.0,2339.0,2296.0,2296.0,10902
2024-02-12,2299.0,2342.5,2278.0,2331.0,9551
2024-02-13,2331.0,2352.0,2298.0,2304.5,9634
2024-02-14,2307.0,2326.0,2293.0,2313.5,9342
2024-02-15,2312.0,2368.0,2312.0,2362.0,8524
2024-02-16,2358.0,2390.0,2352.5,2385.0,9241
2024-02-19,2395.0,2410.0,2367.0,2406.0,10178
2024-02-20,2401.5,2401.5,2360.0,2380.0,9231
2024-02-21,2378.0,2419.0,2377.5,2395.5,9147
2024-02-22,2399.5,2419.0,2384.5,2389.0,7693
2024-02-23,2390.0,2417.0,2378.0,2412.0,7192
2024-02-26,2408.0,2436.0,2398.0,2422.0,9708
2024-02-27,2421.0,2449.0,2417.0,2418.0,8215
2024-02-28,2421.0,2421.0,2372.0,2412.5,10521
2024-02-29,2411.5,2439.0,2404.0,2421.0,9267
2024-03-01,2422.5,2435.0,2400.5,2428.5,9923
2024-03-04,2423.0,2465.0,2412.0,2444.5,8972
2024-03-05,2441.5,2473.5,2434.0,2452.5,11439
2024-03-06,2447.0,2497.0,2446.5,2490.5,12498
2024-03-07,2496.0,2540.0,2486.5,2529.0,15740
2024-03-08,2528.0,2560.5,2502.0,2522.0,14182
2024-03-11,2520.0,2569.0,2512.5,2564.0,10919
2024-03-12,2562.0,2592.0,2525.5,2550.0,13660
2024-03-13,2557.0,2583.0,2547.0,2571.5,10412
2024-03-14,2574.0,2587.0,2536.0,2555.5,8766
2024-03-15,2550.5,2591.0,2536.5,2562.0,8595
2024-03-18,2557.0,2576.5,2523.0,2526.0,9308
2024-03-19,2530.0,2530.0,2485.0,2500.5,11847
2024-03-20,2500.0,2525.5,2494.0,2521.0,6407
2024-03-21,2518.0,2571.5,2518.0,2530.0,10264
2024-03-22,2532.0,2535.5,2481.5,2482.0,10067
2024-03-25,2485.0,2506.0,2471.0,2490.0,8747
2024-03-26,2494.0,2500.5,2440.0,2440.0,9994
2024-03-27,2444.5,2450.0,2409.0,2446.0,12751
2024-03-28,2445.0,2458.5,2425.5,2435.0,9221
2024-04-02,2459.0,2521.5,2447.0,2478.0,16541
2024-04-03,2481.5,2562.5,2457.0,2552.5,13969
2024-04-04,2552.0,2650.0,2552.0,2636.0,17936
2024-04-05,2624.0,2649.0,2599.5,2622.0,17238
2024-04-08,2620.0,2671.5,2567.0,2666.0,25830
2024-04-09,2674.0,2727.5,2636.5,2708.5,21764
2024-04-10,2711.0,2795.0,2678.0,2747.5,20515
2024-04-11,2750.5,2788.0,2720.0,2767.5,16744
2024-04-12,2773.0,2863.0,2766.5,2799.5,23114
2024-04-15,2850.0,2897.0,2711.0,2775.0,19983
2024-04-16,2777.0,2781.0,2707.0,2758.0,13098
2024-04-17,2751.5,2842.0,2741.5,2821.0,12544
2024-04-18,2810.0,2850.0,2773.5,2812.5,12489
2024-04-19,2812.5,2863.0,2803.5,2850.5,11808
2024-04-22,2852.0,2873.0,2801.5,2823.5,9832
2024-04-23,2825.0,2827.5,2758.0,2787.5,10761
2024-04-24,2795.0,2838.0,2783.0,2790.0,9225
2024-04-25,2790.0,2893.5,2787.5,2849.5,11261
2024-04-26,2848.0,2905.0,2812.0,2850.0,11548
2024-04-29,2850.0,2956.0,2832.0,2946.0,12264
2024-04-30,2945.0,2974.0,2830.0,2899.0,15874
2024-05-01,2899.0,2919.0,2831.0,2856.0,9742
2024-05-02,2880.0,2917.0,2840.0,2905.0,11128
2024-05-03,2905.0,2925.0,2883.0,2905.5,8895
2024-05-07,2922.0,2975.0,2911.5,2942.0,12197
2024-05-08,2922.0,2947.5,2856.0,2908.0,13123
2024-05-09,2908.5,2932.0,2868.5,2909.0,8647
2024-05-10,2917.0,2959.5,2902.5,2941.0,10233
2024-05-13,2930.0,3003.5,2907.0,2997.5,11649
2024-05-14,3004.0,3011.5,2962.0,2986.5,10705
2024-05-15,2986.5,3054.0,2960.5,2977.0,15189
2024-05-16,2988.0,3007.0,2940.5,2961.0,10196
2024-05-17,2956.0,3043.0,2955.5,3041.0,9814
2024-05-20,3044.0,3141.5,3037.5,3134.5,14233
2024-05-21,3128.5,3185.0,3083.0,3118.5,12351
2024-05-22,3123.0,3147.0,3052.5,3060.0,9933
2024-05-23,3056.5,3088.0,3011.0,3052.5,9268
2024-05-24,3046.5,3095.5,3039.0,3058.0,6971
2024-05-28,3058.0,3133.0,3058.0,3117.5,7051
2024-05-29,3117.5,3150.0,3097.0,3110.5,8859
2024-05-30,3110.0,3118.0,3035.0,3061.0,10642
2024-05-31,3062.0,3078.5,2962.5,2983.5,11866
2024-06-03,2984.0,2995.5,2935.0,2936.5,12015
2024-06-04,2936.5,2984.0,2905.5,2924.5,11119
2024-06-05,2935.0,2937.0,2854.0,2880.0,14453
2024-06-06,2882.0,2924.0,2877.5,2918.0,10696
2024-06-07,2910.5,2930.0,2755.5,2771.5,13129
2024-06-10,2781.0,2859.0,2737.5,2850.0,12025
2024-06-11,2850.0,2863.0,2767.0,2850.0,16135
2024-06-12,2850.0,2899.5,2782.0,2877.5,12434
2024-06-13,2870.0,2892.5,2829.5,2870.0,9781
2024-06-14,2873.5,2873.5,2759.0,2789.0,12406
2024-06-17,2786.0,2829.0,2757.5,2817.5,9867
2024-06-18,2824.0,2856.0,2779.0,2852.0,9319
2024-06-19,2855.0,2885.5,2837.5,2861.5,6043
2024-06-20,2861.5,2888.5,2831.0,2868.5,5351
2024-06-21,2870.0,2876.5,2831.5,2856.5,6022
2024-06-24,2854.5,2886.5,2831.0,2842.5,6354
2024-06-25,2842.5,2883.5,2838.5,2862.0,7133
2024-06-26,2863.5,2955.5,2851.5,2944.0,13620
2024-06-27,2935.0,2961.5,2918.0,2943.0,7532
2024-06-28,2943.0,2993.0,2930.0,2936.5,11980
2024-07-01,2932.5,2977.0,2905.0,2916.5,10999
2024-07-02,2924.5,2952.5,2916.0,2918.0,7543
2024-07-03,2924.5,3005.5,2920.0,2982.5,10627
2024-07-04,2987.5,3018.0,2974.0,2989.5,6633
2024-07-05,2990.5,3022.0,2986.5,2998.0,9034
2024-07-08,3001.0,3005.0,2942.5,2943.0,8071
2024-07-09,2959.0,2964.5,2921.0,2939.0,8091
2024-07-10,2939.0,2974.0,2912.0,2953.0,7999
2024-07-11,2956.0,3003.0,2951.0,2951.0,8005
2024-07-12,2951.0,2957.0,2911.0,2947.5,7843
2024-07-15,2928.5,2972.0,2923.0,2948.5,6601
2024-07-16,2952.5,2958.0,2880.5,2892.5,10799
2024-07-17,2890.0,2904.5,2841.0,2842.0,10787
2024-07-18,2849.0,2856.5,2790.5,2805.0,12919
2024-07-19,2809.5,2816.0,2768.5,2773.0,10412
2024-07-22,2784.0,2800.0,2712.0,2734.5,15725
2024-07-23,2729.0,2751.0,2667.0,2701.0,13678
2024-07-24,2696.0,2718.0,2670.5,2674.5,11834
2024-07-25,2674.5,2692.0,2632.5,2687.0,12651
2024-07-26,2684.5,2704.0,2648.0,2658.5,9332
2024-07-29,2679.0,2697.5,2631.0,2639.0,9316
2024-07-30,2639.0,2651.0,2615.0,2648.0,9777
2024-07-31,2645.0,2719.0,2645.0,2694.0,11573
2024-08-01,2698.5,2724.0,2649.5,2680.5,10840
2024-08-02,2680.5,2717.0,2648.0,2662.0,9907
2024-08-05,2646.5,2692.5,2563.0,2639.0,15322
2024-08-06,2639.0,2662.0,2575.0,2609.5,12197
2024-08-07,2602.0,2602.5,2549.0,2563.0,11130
2024-08-08,2562.0,2658.5,2559.0,2642.5,11843
2024-08-09,2654.5,2766.5,2648.0,2740.0,15135
2024-08-12,2736.5,2783.5,2731.5,2746.0,10511
2024-08-13,2746.0,2746.0,2678.5,2687.5,12296
2024-08-14,2695.0,2752.0,2677.0,2702.5,11873
2024-08-15,2703.0,2790.0,2696.0,2783.0,11112
2024-08-16,2783.0,2789.5,2741.0,2768.0,7262
2024-08-19,2768.0,2811.0,2767.5,2791.0,8234
2024-08-20,2797.0,2834.0,2763.0,2791.5,10269
2024-08-21,2796.5,2863.0,2787.0,2852.5,11257
2024-08-22,2852.5,2882.0,2840.0,2857.0,11324
2024-08-23,2857.0,2920.0,2857.0,2916.0,11716
2024-08-27,2916.0,2945.0,2888.5,2936.0,11616
2024-08-28,2936.0,2945.0,2865.0,2872.5,12949
2024-08-29,2872.0,2905.0,2856.0,2882.5,9205
2024-08-30,2880.0,2929.5,2876.0,2895.0,9076
2024-09-02,2880.5,2890.0,2820.5,2833.5,8558
2024-09-03,2830.0,2851.0,2797.0,2848.0,11674
2024-09-04,2848.5,2854.5,2775.0,2802.5,12537
2024-09-05,2808.0,2811.0,2721.0,2808.0,13772
2024-09-06,2737.0,2780.0,2702.0,2703.0,12050
2024-09-09,2701.0,2756.0,2690.0,2731.5,11975
2024-09-10,2736.0,2740.5,2679.0,2707.0,10036
2024-09-11,2706.0,2800.0,2692.0,2795.0,13767
2024-09-12,2786.0,2870.0,2782.0,2862.0,13396
2024-09-13,2865.5,2926.0,2823.5,2899.0,11155
2024-09-16,2900.0,2951.0,2886.0,2943.0,10797
2024-09-17,2943.0,2977.5,2912.0,2921.5,11980
2024-09-18,2925.0,2934.5,2865.0,2884.0,15679
2024-09-19,2884.0,2945.0,2848.0,2938.0,11663
2024-09-20,2933.5,2955.0,2866.5,2866.5,11256
2024-09-23,2873.5,2894.5,2833.5,2881.5,9997
2024-09-24,2886.0,3014.0,2879.0,3008.0,15164
2024-09-25,3009.5,3040.0,2980.0,2988.5,12389
2024-09-26,2988.0,3106.0,2984.0,3094.0,15307
2024-09-27,3090.0,3111.0,3067.0,3074.5,12094
2024-09-30,3094.0,3130.0,3071.0,3076.5,11589
2024-10-01,3083.0,3150.5,3074.5,3137.0,9429
2024-10-02,3137.0,3197.0,3133.5,3192.0,8361
2024-10-03,3192.0,3209.0,3100.0,3114.5,8568
2024-10-04,3128.5,3195.0,3119.0,3170.5,8766
2024-10-07,3170.5,3189.0,3155.0,3178.5,8123
2024-10-08,3173.0,3190.5,3066.5,3173.0,16144
2024-10-09,3173.0,3173.0,2977.5,3025.5,14311
2024-10-10,3023.0,3101.0,3003.0,3097.0,11099
2024-10-11,3096.5,3160.0,3081.0,3152.0,10784
2024-10-14,3120.0,3142.0,3040.0,3092.0,13811
2024-10-15,3087.0,3092.0,2992.0,3049.0,13147
2024-10-16,3051.0,3105.0,3039.5,3061.5,11535
2024-10-17,3045.0,3093.0,2978.0,3043.5,11108
2024-10-18,3059.0,3096.0,3033.0,3085.0,8564
2024-10-21,3090.5,3145.0,3061.0,3061.5,10265
2024-10-22,3063.0,3143.0,3061.0,3063.0,9468
2024-10-23,3142.0,3168.0,3103.0,3146.0,14788
2024-10-24,3147.0,3284.0,3146.0,3174.0,21318
2024-10-25,3174.0,3183.0,3034.0,3098.0,17208
2024-10-28,3098.0,3158.0,3042.5,3151.0,10963
2024-10-29,3140.5,3182.0,3088.0,3125.5,11980
2024-10-30,3123.0,3138.0,3074.0,3087.5,9030
2024-10-31,3087.5,3129.5,3015.5,3034.5,13700
2024-11-01,3038.0,3088.0,3023.0,3065.5,12945
2024-11-04,3065.5,3104.0,3016.0,3033.5,10428
2024-11-05,3035.0,3117.5,3021.0,3108.0,11479
2024-11-06,3085.5,3085.5,2960.0,2966.0,15137
2024-11-07,2970.0,3092.0,2970.0,3060.5,13633
2024-11-08,3063.0,3071.5,2970.0,2983.5,12976
2024-11-11,2990.0,3026.0,2968.5,2976.5,10177
2024-11-12,2979.0,2990.0,2916.0,2946.0,11080
2024-11-13,2948.0,2993.0,2905.0,2965.5,12111
2024-11-14,2965.5,2970.0,2867.5,2932.5,14477
2024-11-15,2939.0,3029.0,2934.5,2943.0,15137
2024-11-18,2953.0,2984.0,2920.5,2960.0,9828
2024-11-19,2960.0,2987.0,2941.5,2959.0,9152
2024-11-20,2969.0,3007.0,2955.0,2976.5,11413
2024-11-21,2982.5,3019.0,2963.0,3001.0,9296
2024-11-22,3001.0,3014.5,2962.5,2972.5,7503
2024-11-25,2982.0,3032.0,2980.5,3017.5,7486
2024-11-26,3007.0,3095.5,2997.5,3065.0,15863
2024-11-27,3065.0,3149.0,3054.0,3139.5,13297
2024-11-28,3140.5,3168.0,3022.0,3042.0,13753
2024-11-29,3049.0,3112.5,3040.5,3108.5,11633
2024-12-02,3099.0,3110.0,3062.0,3079.0,9612
2024-12-03,3079.0,3105.0,3042.0,3099.0,10435
2024-12-04,3095.0,3112.0,3070.0,3084.5,9649
2024-12-05,3084.0,3127.0,3070.5,3107.5,8359
2024-12-06,3110.5,3130.5,3053.0,3069.5,10055
2024-12-09,3071.0,3153.5,3062.0,3125.5,12252
2024-12-10,3115.5,3150.5,3101.5,3146.5,6556
2024-12-11,3147.0,3170.0,3109.0,3115.5,7055
2024-12-12,3119.0,3143.0,3064.0,3076.5,10052
2024-12-13,3081.5,3120.0,3060.5,3086.0,8205
2024-12-16,3086.0,3100.5,3044.5,3046.0,7640
2024-12-17,3046.0,3070.0,3015.0,3031.5,10262
2024-12-18,3033.0,3040.5,2988.0,3000.5,8785
2024-12-19,2980.0,3001.5,2952.5,2970.0,11925
2024-12-20,2960.0,2997.5,2949.5,2972.5,9568
2024-12-23,2976.0,3028.0,2975.0,2997.5,7770
2024-12-24,2995.5,3053.0,2992.0,3034.0,5565
2024-12-27,3054.0,3055.0,3008.0,3032.5,6023
2024-12-30,3036.5,3061.0,3016.0,3017.0,7117
2024-12-31,3020.0,3042.0,2968.5,2984.5,6055
2025-01-02,2992.0,3020.5,2924.0,2924.0,15186
2025-01-03,2932.0,2934.0,2880.0,2891.0,13023
2025-01-06,2895.0,2934.0,2872.0,2893.5,12334
2025-01-07,2900.5,2918.0,2868.0,2876.5,11944
2025-01-08,2874.0,2882.0,2810.0,2822.5,14908
2025-01-09,2826.0,2876.0,2818.5,2854.5,12728
2025-01-10,2854.5,2906.0,2850.0,2862.0,11840
2025-01-13,2862.0,2905.0,2854.5,2861.0,10311
2025-01-14,2869.5,2888.0,2845.5,2863.5,11335
2025-01-15,2863.5,2875.0,2807.5,2866.5,13795
2025-01-16,2878.0,2886.0,2845.0,2874.0,8783
2025-01-17,2879.5,2948.5,2868.5,2941.5,13134
2025-01-20,2941.5,2986.0,2925.0,2957.5,9174
2025-01-21,2958.0,2961.5,2906.0,2910.0,11303
2025-01-22,2916.0,2921.5,2882.5,2893.0,8282
2025-01-23,2892.5,2894.5,2839.0,2843.5,10767
2025-01-24,2850.0,2895.0,2822.5,2823.5,10522
2025-01-27,2823.5,2848.5,2812.0,2837.5,9392
2025-01-28,2840.5,2845.5,2763.5,2763.5,10069
2025-01-29,2768.0,2797.0,2750.0,2787.5,9020
2025-01-30,2780.0,2824.0,2771.0,2782.0,8761
2025-01-31,2780.0,2788.0,2738.0,2746.0,8750
2025-02-03,2746.0,2810.5,2706.5,2797.0,11979
2025-02-04,2817.0,2834.0,2784.5,2809.5,11017
2025-02-05,2808.5,2825.5,2756.0,2787.5,11641
2025-02-06,2792.5,2845.5,2783.5,2821.0,11014
2025-02-07,2827.0,2875.0,2819.0,2842.0,12140
2025-02-10,2843.0,2854.5,2822.0,2851.5,6081
2025-02-11,2850.0,2850.5,2804.5,2824.0,9372
2025-02-12,2826.5,2873.0,2821.0,2863.0,11000
2025-02-13,2866.5,2872.0,2833.0,2834.0,9050
2025-02-14,2842.0,2900.0,2838.0,2838.5,11313
2025-02-17,2838.5,2876.5,2830.0,2869.5,6341
2025-02-18,2868.0,2895.5,2854.0,2889.0,7771
2025-02-19,2884.0,2900.0,2857.5,2874.0,9301
2025-02-20,2876.0,2923.0,2873.0,2918.5,8380
2025-02-21,2918.5,2940.0,2881.5,2913.0,9590
2025-02-24,2915.0,2926.5,2845.0,2845.0,12317
2025-02-25,2846.0,2847.5,2805.0,2805.5,12568
2025-02-26,2817.0,2847.5,2796.0,2808.0,9864
2025-02-27,2808.0,2846.0,2801.0,2806.5,7482
2025-02-28,2806.5,2814.5,2772.0,2795.5,11355
2025-03-03,2810.0,2860.0,2807.5,2838.0,11470
2025-03-04,2838.0,2845.5,2807.0,2816.0,9958
2025-03-05,2820.0,2886.0,2809.0,2883.0,13041
2025-03-06,2887.0,2931.0,2878.5,2923.0,13660
2025-03-07,2923.0,2929.0,2873.5,2882.0,11938
2025-03-10,2882.0,2893.5,2841.5,2844.5,8909
2025-03-11,2855.0,2920.0,2832.5,2917.0,13496
2025-03-12,2913.5,2975.0,2898.0,2929.0,21745
2025-03-13,2934.0,2966.5,2903.5,2958.5,12849
2025-03-14,2956.0,2994.5,2955.0,2982.5,12657
2025-03-17,2980.0,2991.0,2955.0,2960.0,10693
2025-03-18,2964.5,2971.5,2918.0,2958.0,13665
2025-03-19,2958.0,2974.0,2914.5,2924.0,11825
2025-03-20,2929.0,2955.0,2901.5,2917.0,13039
2025-03-21,2917.0,2934.5,2900.0,2926.0,10389
2025-03-24,2932.0,2976.0,2932.0,2937.0,20180
2025-03-25,2939.5,2976.0,2939.5,2967.0,29351
2025-03-26,2966.0,2974.0,2934.0,2952.0,24023
2025-03-27,2952.0,2958.5,2893.0,2898.5,33315
2025-03-28,2895.0,2902.0,2851.0,2851.0,35378
2025-03-31,2851.0,2864.0,2826.0,2852.0,10462
2025-04-01,2851.5,2875.0,2808.0,2816.0,13120
2025-04-02,2821.5,2837.0,2773.5,2789.5,13013
2025-04-03,2766.5,2774.0,2707.0,2707.5,20289
2025-04-04,2710.0,2717.5,2639.0,2669.0,15420
2025-04-07,2638.0,2713.0,2556.0,2645.5,31908
2025-04-08,2645.5,2649.5,2540.5,2553.0,19501
2025-04-09,2550.0,2620.0,2515.5,2620.0,17252
2025-04-10,2624.0,2690.0,2606.0,2626.0,13965
2025-04-11,2632.0,2688.0,2620.0,2660.5,10525
2025-04-14,2670.0,2681.0,2616.0,2637.0,8594
2025-04-15,2631.5,2658.0,2608.0,2610.0,8046
2025-04-16,2621.5,2621.5,2545.0,2577.5,13931
2025-04-17,2598.0,2617.0,2558.0,2593.0,11683
2025-04-22,2605.0,2629.0,2580.0,2600.5,12683
2025-04-23,2606.0,2677.5,2606.0,2635.0,13977
2025-04-24,2635.0,2709.5,2635.0,2702.5,10295
2025-04-25,2705.5,2710.0,2642.0,2643.0,10936
2025-04-28,2643.0,2657.5,2625.5,2651.0,7676
2025-04-29,2652.5,2671.0,2641.0,2650.5,7619
2025-04-30,2657.5,2660.5,2580.0,2580.5,11639
2025-05-01,2584.5,2620.0,2571.0,2587.5,9234
2025-05-02,2592.0,2644.0,2589.0,2610.5,8916
2025-05-06,2626.0,2664.5,2621.0,2626.5,11394
2025-05-07,2638.0,2658.0,2612.5,2612.5,10519
2025-05-08,2612.5,2640.5,2590.0,2635.5,11749
2025-05-09,2638.0,2661.0,2618.0,2652.5,11454
2025-05-12,2668.0,2717.5,2644.5,2669.0,12942
2025-05-13,2691.5,2721.0,2653.0,2716.5,9690
2025-05-14,2720.0,2786.0,2709.0,2758.5,18854
2025-05-15,2758.5,2763.5,2710.0,2725.5,12948
2025-05-16,2726.5,2733.0,2679.0,2684.5,9942
2025-05-19,2689.5,2706.5,2670.5,2670.5,6990
2025-05-20,2673.0,2727.5,2660.5,2723.0,10166
2025-05-21,2724.0,2737.0,2680.0,2683.0,10235
2025-05-22,2683.0,2707.5,2669.0,2702.0,8578
2025-05-23,2705.0,2721.5,2670.5,2710.0,8862
2025-05-27,2710.0,2738.5,2683.0,2705.5,9621
2025-05-28,2712.0,2712.0,2673.0,2689.0,8389
2025-05-29,2689.0,2728.0,2669.5,2670.0,9551
2025-05-30,2670.0,2678.0,2617.0,2629.5,12527
2025-06-02,2638.5,2707.0,2627.0,2693.0,13882
2025-06-03,2693.0,2711.5,2658.0,2708.5,11501
2025-06-04,2706.0,2730.0,2692.0,2703.0,9203
2025-06-05,2701.0,2710.5,2680.0,2687.0,11735
2025-06-06,2689.0,2701.0,2661.0,2661.0,10686
2025-06-09,2661.0,2680.0,2635.5,2653.0,9584
2025-06-10,2649.5,2659.0,2631.0,2656.5,7186
2025-06-11,2661.0,2692.0,2647.0,2647.5,9700
2025-06-12,2654.0,2673.0,2632.0,2644.0,9996
2025-06-13,2647.5,2649.5,2582.0,2626.5,16531
2025-06-16,2620.0,2665.0,2610.5,2657.5,12414
2025-06-17,2654.5,2662.5,2633.5,2634.5,9565
2025-06-18,2636.5,2660.0,2631.0,2641.0,8993
2025-06-19,2636.0,2647.5,2613.0,2644.0,6887
2025-06-20,2646.5,2654.5,2622.5,2647.0,6959
2025-06-23,2647.0,2690.0,2628.0,2685.5,12204
2025-06-24,2687.0,2715.5,2675.0,2681.0,14817
2025-06-25,2687.5,2722.0,2685.5,2710.0,11543
2025-06-26,2710.0,2775.0,2708.5,2769.0,15596
2025-06-27,2768.5,2782.0,2741.0,2778.5,12566
2025-06-30,2780.5,2785.0,2740.5,2741.0,12497
2025-07-01,2742.5,2749.0,2708.0,2713.0,12861
2025-07-02,2715.0,2759.0,2700.0,2752.0,10644
2025-07-03,2753.0,2759.5,2734.0,2738.0,6377
2025-07-04,2739.5,2757.0,2722.5,2730.5,4455
2025-07-07,2730.5,2734.5,2682.0,2683.0,9178
2025-07-08,2688.0,2740.0,2675.5,2708.5,11861
2025-07-09,2715.0,2746.0,2708.0,2742.5,8971
2025-07-10,2738.5,2784.0,2735.0,2775.5,13615
2025-07-11,2771.0,2785.0,2732.0,2736.5,11618
2025-07-14,2736.5,2746.0,2711.0,2730.5,9817
2025-07-15,2730.5,2734.5,2687.0,2701.5,12448
2025-07-16,2702.0,2715.0,2676.0,2697.5,10636
2025-07-17,2704.5,2740.5,2686.5,2736.0,7571
2025-07-18,2736.0,2826.5,2735.5,2824.0,18846
2025-07-21,2824.0,2876.0,2823.5,2843.0,18387
2025-07-22,2844.0,2863.0,2823.0,2852.0,13574
2025-07-23,2852.0,2875.0,2842.0,2857.5,10825
2025-07-24,2860.0,2880.0,2835.5,2840.5,10763
2025-07-25,2842.0,2856.0,2816.5,2829.0,8309
2025-07-28,2833.5,2843.5,2803.0,2805.5,9361
2025-07-29,2805.5,2823.0,2790.0,2812.5,9539
2025-07-30,2812.5,2818.0,2782.0,2792.0,8857
2025-07-31,2792.0,2805.0,2742.0,2762.0,11916
2025-08-01,2769.0,2769.0,2711.5,2727.0,14211
2025-08-04,2728.0,2758.5,2718.5,2751.5,8556
2025-08-05,2749.0,2782.5,2747.5,2750.0,7512
2025-08-06,2750.0,2803.5,2743.5,2795.0,10648
2025-08-07,2795.0,2825.5,2793.0,2813.5,10843
2025-08-08,2819.5,2834.5,2804.5,2828.5,8591
2025-08-11,2826.5,2846.5,2806.5,2807.5,8526
2025-08-12,2809.5,2854.5,2809.0,2845.5,8699
2025-08-13,2845.5,2851.0,2810.0,2810.5,6995
2025-08-14,2818.0,2851.0,2810.5,2842.5,7964
2025-08-15,2842.5,2847.0,2790.0,2795.0,11133
2025-08-18,2799.0,2805.5,2773.0,2781.5,8999
2025-08-19,2781.5,2787.0,2761.0,2769.0,7512
2025-08-20,2769.0,2791.5,2766.0,2784.0,5801
2025-08-21,2782.5,2790.0,2760.5,2767.0,7386
2025-08-22,2774.5,2821.5,2763.5,2803.5,8295
2025-08-26,2804.5,2817.0,2787.5,2807.0,8110
2025-08-27,2807.0,2818.5,2753.0,2762.0,10916
2025-08-28,2764.0,2787.5,2754.0,2784.5,12353
2025-08-29,2789.5,2836.0,2780.5,2813.0,13208
2025-09-01,2813.0,2840.0,2811.5,2831.0,7475
2025-09-02,2831.0,2871.0,2831.0,2863.0,13360
2025-09-03,2870.0,2900.0,2853.5,2866.0,14463
2025-09-04,2868.5,2869.0,2828.5,2836.0,12675
2025-09-05,2841.5,2885.0,2836.5,2855.5,10831
2025-09-08,2862.5,2889.0,2856.0,2873.0,9307
2025-09-09,2876.5,2882.0,2842.0,2865.0,9469
2025-09-10,2865.0,2892.0,2857.5,2887.5,8177
2025-09-11,2887.5,2905.5,2876.5,2903.0,9982
2025-09-12,2905.5,2960.0,2900.5,2950.5,14933
2025-09-15,2950.5,2985.0,2943.5,2981.5,12334
2025-09-16,2982.0,3003.5,2961.0,2982.5,11490
2025-09-17,2983.5,2998.5,2937.0,2939.5,15170
2025-09-18,2948.5,2948.5,2904.5,2912.0,11614
2025-09-19,2912.0,2926.0,2878.0,2890.5,10062
2025-09-22,2890.5,2934.0,2888.5,2899.0,11120
2025-09-23,2902.5,2904.5,2852.0,2889.5,8575
2025-09-24,2893.0,2945.0,2875.0,2922.5,10576
2025-09-25,2927.0,2960.0,2913.5,2920.0,11763
2025-09-26,2924.0,2933.0,2880.5,2886.5,8495
2025-09-29,2886.5,2944.5,2884.0,2936.0,10254
2025-09-30,2942.5,2975.5,2905.5,2953.0,11093
2025-10-01,2960.0,2990.0,2955.0,2988.0,12564
2025-10-02,2988.0,3038.5,2981.0,3011.5,13180
2025-10-03,3024.5,3039.5,2984.0,3030.0,12859
2025-10-06,3028.0,3040.5,3002.5,3004.0,9528
2025-10-07,3003.0,3048.0,2993.5,3041.5,13825
2025-10-08,3043.0,3047.5,2993.5,3043.0,11627
2025-10-09,2991.0,3080.0,2980.5,3013.5,22511
2025-10-10,3022.0,3060.0,2970.0,2984.0,17131
2025-10-13,3002.5,3040.0,2987.0,3011.5,13569
2025-10-14,3023.0,3026.5,2911.5,2950.0,19758
2025-10-15,2955.0,2976.0,2926.5,2937.5,12374
2025-10-16,2944.5,2976.0,2940.0,2967.5,7752
2025-10-17,2963.0,2972.0,2914.0,2963.0,11241
2025-10-20,2938.0,2982.5,2935.0,2973.5,8683
2025-10-21,2975.5,3008.0,2973.0,2991.0,12660
2025-10-22,2991.0,3031.5,2982.0,3019.0,12217
2025-10-23,3026.5,3050.0,2995.0,3022.0,15843
2025-10-24,3023.0,3040.0,2993.0,3019.5,11639
2025-10-27,3044.0,3060.0,3029.0,3056.0,10847
2025-10-28,3051.0,3068.0,3008.5,3054.0,11234
2025-10-29,3051.0,3094.5,3050.0,3066.5,10774
2025-10-30,3066.5,3074.0,3022.0,3043.0,10450
2025-10-31,3046.5,3070.0,3020.5,3049.5,8996
2025-11-03,3054.5,3115.0,3049.5,3108.0,11088
2025-11-04,3107.5,3112.5,3070.0,3075.0,14731
2025-11-05,3073.5,3094.0,3035.5,3052.0,13888
2025-11-06,3052.5,3076.0,3040.5,3051.0,9973
2025-11-07,3050.0,3072.0,3045.5,3066.5,7895
2025-11-10,3061.5,3105.0,3061.5,3083.0,10274
2025-11-11,3084.0,3088.0,3046.5,3067.0,9426
2025-11-12,3060.0,3078.5,3044.0,3071.5,12915
2025-11-13,3072.5,3100.5,3038.5,3040.5,10988
2025-11-14,3043.5,3051.0,2998.0,3013.0,17052
2025-11-17,3011.0,3038.0,2987.0,2987.5,11764
2025-11-18,2987.0,3012.5,2961.0,2990.5,14864
2025-11-19,2989.0,3019.0,2975.5,2990.0,9749
2025-11-20,2990.0,3036.5,2978.5,3003.5,11670
2025-11-21,3003.5,3013.0,2954.5,2990.0,12772
2025-11-24,2987.5,3015.0,2987.5,3002.0,6274
2025-11-25,3002.0,3020.0,2983.5,2998.0,9395
2025-11-26,3000.5,3058.5,2998.0,3053.5,13189
2025-11-27,3056.5,3060.5,3011.5,3019.5,8469
2025-11-28,3025.0,3058.5,3018.0,3049.5,9203
2025-12-01,3058.0,3098.5,3055.0,3090.5,14709
2025-12-02,3090.5,3105.0,3053.5,3055.0,10781
2025-12-03,3064.0,3093.5,3047.0,3061.0,16074
2025-12-04,3060.0,3102.5,3038.5,3082.5,13630
2025-12-05,3086.0,3125.0,3075.5,3098.5,13513
2025-12-08,3095.0,3133.5,3090.5,3128.0,10195
2025-12-09,3128.0,3128.0,3086.0,3086.5,9094
2025-12-10,3089.5,3111.0,3072.5,3075.5,7971
2025-12-11,3087.0,3219.5,3080.0,3197.0,20331
2025-12-12,3192.0,3210.0,3117.5,3138.5,18616
2025-12-15,3135.5,3165.0,3087.5,3094.5,15210
2025-12-16,3094.5,3098.5,3033.0,3034.5,20985
2025-12-17,3041.5,3085.5,3034.5,3071.5,13338
2025-12-18,3065.0,3082.0,3045.0,3055.5,10048
2025-12-19,3055.5,3084.0,3055.5,3075.0,8576
2025-12-22,3083.5,3101.0,3064.0,3076.0,8069
2025-12-23,3079.5,3135.0,3068.0,3094.5,11120
2025-12-24,3105.0,3132.0,3070.0,3086.0,6013
2025-12-29,3102.0,3146.5,3080.0,3083.5,13449
2025-12-30,3087.0,3143.5,3085.0,3127.0,11513
2025-12-31,3127.0,3127.0,3095.0,3123.0,5809
2026-01-02,3116.0,3142.0,3115.0,3127.0,7882
2026-01-05,3139.5,3213.5,3136.0,3211.5,16984
2026-01-06,3204.5,3268.0,3203.0,3245.5,17275
2026-01-07,3204.5,3258.5,3153.0,3160.0,16016
2026-01-08,3246.5,3246.5,3123.0,3128.5,15413
2026-01-09,3162.5,3165.0,3126.5,3146.5,11304
2026-01-12,3157.0,3222.5,3156.0,3211.0,11299
2026-01-13,3211.0,3277.5,3190.5,3200.5,19365
2026-01-14,3212.0,3292.0,3197.5,3290.0,16491
2026-01-15,3284.5,3355.0,3258.5,3312.0,19721
2026-01-16,3307.0,3312.0,3195.5,3207.0,14959
2026-01-19,3224.0,3240.0,3195.0,3230.0,7888
2026-01-20,3226.0,3237.0,3171.0,3174.5,11739
2026-01-21,3179.5,3211.0,3164.0,3174.5,10031
2026-01-22,3185.0,3243.5,3174.5,3233.0,9978
2026-01-23,3241.0,3278.5,3214.0,3268.0,9513
2026-01-26,3279.0,3373.0,3265.0,3348.5,16709
2026-01-27,3336.0,3358.5,3299.5,3356.5,11416
2026-01-28,3370.0,3429.0,3358.5,3375.0,14087
2026-01-29,3396.0,3573.5,3384.0,3448.0,28408
2026-01-30,3420.0,3423.0,3336.5,3366.5,19256
2026-02-02,3370.0,3377.0,3238.0,3314.0,23665
2026-02-03,3314.0,3369.0,3280.0,3319.5,12723
2026-02-04,3332.5,3360.0,3293.0,3305.5,11270
2026-02-05,3324.0,3327.5,3271.5,3297.5,8732
2026-02-06,3280.0,3387.5,3262.5,3380.5,9287
2026-02-09,3371.0,3387.0,3326.5,3380.0,7423
2026-02-10,3367.5,3405.0,3351.0,3396.0,8304
2026-02-11,3396.0,3458.5,3386.5,3415.5,11067
2026-02-12,3415.5,3449.0,3356.5,3381.5,9912
2026-02-13,3373.0,3386.0,3299.0,3340.0,10272
2026-02-16,3337.0,3337.5,3273.5,3292.0,7229
2026-02-17,3289.0,3293.0,3253.0,3290.0,8236
2026-02-18,3290.0,3374.5,3275.0,3361.5,10121
2026-02-19,3362.0,3368.0,3308.0,3345.5,8967
2026-02-20,3345.5,3390.0,3335.5,3378.0,5778
2026-02-23,3378.0,3392.0,3341.5,3345.5,6065
2026-02-24,3360.0,3431.5,3360.0,3385.0,9778
2026-02-25,3387.5,3416.5,3362.5,3387.0,9829
2026-02-26,3388.0,3398.5,3338.0,3363.0,9990
2026-02-27,3372.5,3389.5,3305.0,3306.0,10443
2026-03-02,3330.5,3388.0,3305.0,3307.0,16480
2026-03-03,3324.0,3353.0,3248.0,3272.5,20814
2026-03-04,3275.5,3332.5,3271.0,3317.0,11958
2026-03-05,3330.0,3349.0,3222.0,3228.5,14849
2026-03-06,3240.0,3343.0,3221.0,3321.0,16566
2026-03-09,3315.0,3367.5,3282.0,3325.0,15248
2026-03-10,3336.5,3386.0,3323.5,3342.5,12240
2026-03-11,3348.0,3352.0,3296.5,3313.5,9585
2026-03-12,3316.0,3331.5,3284.0,3314.5,9194
2026-03-13,3315.5,3316.5,3270.5,3293.5,7165
2026-03-16,3293.5,3306.5,3255.0,3276.0,7665
2026-03-17,3277.0,3293.0,3210.0,3230.5,13797
2026-03-18,3230.5,3230.5,3130.0,3132.5,16651
2026-03-19,3132.5,3136.0,3025.0,3073.0,19076
2026-03-20,3089.5,3114.5,3039.0,3056.0,11747
2026-03-23,3040.5,3183.0,3024.5,3102.5,16718
2026-03-24,3095.0,3097.0,3027.0,3037.5,11308
2026-03-25,3053.0,3090.5,3037.5,3078.5,11897
2026-03-26,3078.0,3118.5,3044.5,3074.0,11998
2026-03-27,3074.0,3125.0,3071.0,3106.5,9437
2026-03-30,3107.0,3192.0,3098.0,3181.5,12151
2026-03-31,3185.5,3230.0,3158.0,3213.0,14089
2026-04-01,3233.0,3300.5,3193.5,3284.0,15621
2026-04-02,3288.0,3299.0,3215.5,3253.0,15815
2026-04-07,3270.0,3348.0,3244.5,3301.5,15118
2026-04-08,3301.5,3374.5,3280.0,3285.5,10788
2026-04-09,3290.0,3334.0,3268.5,3324.0,8664
2026-04-10,3318.0,3338.0,3297.0,3332.5,8972
2026-04-13,3309.0,3343.5,3295.0,3323.0,9424
2026-04-14,3325.5,3365.5,3314.5,3339.5,11135
2026-04-15,3339.5,3414.0,3336.5,3397.5,12614
2026-04-16,3397.5,3439.0,3397.5,3420.0,9785
2026-04-17,3420.0,3482.0,3413.0,3427.0,12647
2026-04-20,3415.0,3460.0,3396.0,3411.5,10242
2026-04-21,3414.0,3454.5,3387.5,3437.0,11383
2026-04-22,3446.0,3491.5,3433.5,3446.0,10326
2026-04-23,3468.5,3474.0,3428.5,3446.5,9336
2026-04-24,3451.5,3487.0,3423.0,3462.5,10325
2026-04-27,3464.5,3486.0,3389.0,3395.0,11322
2026-04-28,3400.0,3400.0,3352.5,3359.5,13409
2026-04-29,3362.0,3381.5,3308.5,3325.5,11752
2026-04-30,3330.0,3373.0,3297.5,3362.5,12438
2026-05-01,3368.0,3395.0,3329.5,3334.5,9190
2026-05-05,3326.0,3383.0,3306.0,3358.5,8933
2026-05-06,3358.5,3442.0,3357.0,3407.5,13372
2026-05-07,3397.5,3461.0,3392.5,3446.5,10440
2026-05-08,3439.0,3457.0,3418.0,3432.5,10653
2026-05-11,3437.0,3488.0,3405.0,3481.5,11037
2026-05-12,3482.0,3542.5,3457.0,3530.0,15430
2026-05-13,3540.5,3582.5,3524.5,3552.0,15609
2026-05-14,3552.0,3633.5,3542.5,3586.0,14157
2026-05-15,3589.5,3590.0,3510.0,3535.5,12420
2026-05-18,3531.0,3554.0,3495.5,3515.5,10813
2026-05-19,3520.5,3541.5,3488.0,3511.0,9607
2026-05-20,3513.0,3569.5,3499.5,3564.5,9956
2026-05-21,3564.5,3575.5,3505.0,3541.0,10420
2026-05-22,3541.0,3568.0,3527.0,3542.0,8071
2026-05-26,3542.0,3598.0,3523.5,3524.5,12014
2026-05-27,3535.0,3565.5,3506.5,3508.0,8630
2026-05-28,3509.5,3562.0,3487.0,3558.0,10988
2026-05-29,3556.5,3585.0,3531.5,3541.5,10855
2026-06-01,3545.0,3585.0,3542.5,3581.0,11331
2026-06-02,3585.0,3650.0,3568.0,3630.5,12915
2026-06-03,3636.0,3658.0,3593.0,3601.5,9817
2026-06-04,3598.0,3607.5,3568.0,3594.5,9419
2026-06-05,3592.5,3602.0,3522.5,3539.5,11731
2026-06-08,3525.0,3547.5,3513.0,3534.5,9876
2026-06-09,3535.0,3600.0,3520.5,3544.0,15287
2026-06-10,3549.0,3556.5,3465.5,3468.0,17356
2026-06-11,3464.0,3534.0,3442.0,3523.0,14689
2026-06-12,3523.0,3590.5,3511.5,3580.0,14496
2026-06-15,3590.0,3623.0,3568.0,3581.5,11798
2026-06-16,3581.5,3599.0,3539.0,3561.5,10486
2026-06-17,3560.0,3618.0,3555.5,3606.5,12118
2026-06-18,3588.0,3648.0,3562.0,3627.0,12053
2026-06-19,3627.0,3636.0,3551.0,3555.0,10078
2026-06-22,3560.0,3619.5,3546.5,3599.5,12215
2026-06-23,3599.0,3602.0,3479.0,3500.0,19254
2026-06-24,3492.0,3507.0,3404.0,3406.0,19873
2026-06-25,3424.0,3448.5,3397.0,3435.5,12832
2026-06-26,3434.5,3503.5,3387.0,3498.0,12384
2026-06-29,3493.5,3525.0,3445.0,3487.0,13673
2026-06-30,3487.0,3558.0,3466.5,3552.0,17108
2026-07-01,3542.0,3551.5,3476.0,3490.5,14231
2026-07-02,3487.5,3503.5,3432.5,3472.5,12887
2026-07-03,3484.0,3549.0,3472.0,3545.5,10055
2026-07-06,3545.5,3594.0,3535.0,3577.5,13280
2026-07-07,3581.5,3600.0,3553.5,3568.0,11293
2026-07-08,3566.0,3584.0,3512.0,3528.0,11084
2026-07-09,3526.5,3638.0,3526.5,3616.0,15983
2026-07-10,3616.0,3637.5,3580.0,3610.0,12729
2026-07-13,3602.5,3605.0,3556.0,3565.0,10083
2026-07-14,3565.0,3617.5,3554.0,3579.0,8200
2026-07-15,3579.0,3614.0,3542.5,3551.5,11705
2026-07-16,3556.5,3596.0,3548.5,3579.0,9142
2026-07-17,3574.5,3583.0,3500.5,3528.0,13779
